name,graph_g6,iteration,runtime,allocated_bytes,peak_bytes,timeout,treewidth
,H??????,0,286249,,,false,0
,H??????,1,259153,,,false,0
,H??????,2,260411,,,false,0
,H??????,3,265648,,,false,0
,H??????,4,258455,,,false,0
,H??????,5,259084,,,false,0
,H??????,6,259014,,,false,0
,H??????,7,268790,,,false,0
,H??????,8,259153,,,false,0
,H??????,9,258106,,,false,0
,HqGOOKF,0,448892,,,false,3
,HqGOOKF,1,426545,,,false,3
,HqGOOKF,2,437021,,,false,3
,HqGOOKF,3,422425,,,false,3
,HqGOOKF,4,427383,,,false,3
,HqGOOKF,5,418375,,,false,3
,HqGOOKF,6,420539,,,false,3
,HqGOOKF,7,425707,,,false,3
,HqGOOKF,8,417467,,,false,3
,HqGOOKF,9,429409,,,false,3
,HI?GPGQ,0,384296,,,false,2
,HI?GPGQ,1,391000,,,false,2
,HI?GPGQ,2,379337,,,false,2
,HI?GPGQ,3,382829,,,false,2
,HI?GPGQ,4,392117,,,false,2
,HI?GPGQ,5,381642,,,false,2
,HI?GPGQ,6,389813,,,false,2
,HI?GPGQ,7,389813,,,false,2
,HI?GPGQ,8,386461,,,false,2
,HI?GPGQ,9,395818,,,false,2
,H?CQPJ_,0,415232,,,false,2
,H?CQPJ_,1,425358,,,false,2
,H?CQPJ_,2,405386,,,false,2
,H?CQPJ_,3,406433,,,false,2
,H?CQPJ_,4,422076,,,false,2
,H?CQPJ_,5,406224,,,false,2
,H?CQPJ_,6,425079,,,false,2
,H?CQPJ_,7,409715,,,false,2
,H?CQPJ_,8,406503,,,false,2
,H?CQPJ_,9,408249,,,false,2
,H??[Aci,0,428989,,,false,2
,H??[Aci,1,445959,,,false,2
,H??[Aci,2,431923,,,false,2
,H??[Aci,3,426266,,,false,2
,H??[Aci,4,418375,,,false,2
,H??[Aci,5,429897,,,false,2
,H??[Aci,6,427383,,,false,2
,H??[Aci,7,423682,,,false,2
,H??[Aci,8,442607,,,false,2
,H??[Aci,9,423054,,,false,2
,H???F~~,0,549941,,,false,2
,H???F~~,1,537651,,,false,2
,H???F~~,2,535207,,,false,2
,H???F~~,3,535206,,,false,2
,H???F~~,4,548684,,,false,2
,H???F~~,5,539258,,,false,2
,H???F~~,6,526198,,,false,2
,H???F~~,7,544495,,,false,2
,H???F~~,8,539467,,,false,2
,H???F~~,9,536604,,,false,2
,H????CB,0,301961,,,false,2
,H????CB,1,305314,,,false,2
,H????CB,2,322004,,,false,2
,H????CB,3,308596,,,false,2
,H????CB,4,309015,,,false,2
,H????CB,5,314812,,,false,2
,H????CB,6,307199,,,false,2
,H????CB,7,308387,,,false,2
,H????CB,8,323540,,,false,2
,H????CB,9,306361,,,false,2
,H?~~~~~,0,678156,,,false,5
,H?~~~~~,1,656159,,,false,5
,H?~~~~~,2,654273,,,false,5
,H?~~~~~,3,661816,,,false,5
,H?~~~~~,4,644218,,,false,5
,H?~~~~~,5,649106,,,false,5
,H?~~~~~,6,646942,,,false,5
,H?~~~~~,7,642192,,,false,5
,H?~~~~~,8,654972,,,false,5
,H?~~~~~,9,663911,,,false,5
,HwCW?CB,0,359016,,,false,2
,HwCW?CB,1,362228,,,false,2
,HwCW?CB,2,372494,,,false,2
,HwCW?CB,3,360273,,,false,2
,HwCW?CB,4,366628,,,false,2
,HwCW?CB,5,373891,,,false,2
,HwCW?CB,6,364743,,,false,2
,HwCW?CB,7,370608,,,false,2
,HwCW?CB,8,363974,,,false,2
,HwCW?CB,9,366418,,,false,2
,H`B@_WJ,0,441629,,,false,2
,H`B@_WJ,1,424869,,,false,2
,H`B@_WJ,2,434855,,,false,2
,H`B@_WJ,3,425219,,,false,2
,H`B@_WJ,4,428221,,,false,2
,H`B@_WJ,5,418584,,,false,2
,H`B@_WJ,6,421238,,,false,2
,H`B@_WJ,7,437229,,,false,2
,H`B@_WJ,8,429060,,,false,2
,H`B@_WJ,9,429758,,,false,2
,H???ONs,0,411112,,,false,1
,H???ONs,1,413137,,,false,1
,H???ONs,2,405665,,,false,1
,H???ONs,3,404478,,,false,1
,H???ONs,4,416559,,,false,1
,H???ONs,5,411182,,,false,1
,H???ONs,6,431434,,,false,1
,H???ONs,7,420330,,,false,1
,H???ONs,8,432202,,,false,1
,H???ONs,9,423612,,,false,1
,H?????@,0,288135,,,false,1
,H?????@,1,304824,,,false,1
,H?????@,2,296724,,,false,1
,H?????@,3,297073,,,false,1
,H?????@,4,297562,,,false,1
,H?????@,5,304895,,,false,1
,H?????@,6,296584,,,false,1
,H?????@,7,297074,,,false,1
,H?????@,8,303847,,,false,1
,H?????@,9,291975,,,false,1
,H??F~~~,0,625921,,,false,3
,H??F~~~,1,621940,,,false,3
,H??F~~~,2,714471,,,false,3
,H??F~~~,3,642402,,,false,3
,H??F~~~,4,575152,,,false,3
,H??F~~~,5,598686,,,false,3
,H??F~~~,6,582345,,,false,3
,H??F~~~,7,589398,,,false,3
,H??F~~~,8,599593,,,false,3
,H??F~~~,9,593379,,,false,3
,HGC?G?@,0,318443,,,false,1
,HGC?G?@,1,306431,,,false,1
,HGC?G?@,2,306361,,,false,1
,HGC?G?@,3,319071,,,false,1
,HGC?G?@,4,309294,,,false,1
,HGC?G?@,5,310132,,,false,1
,HGC?G?@,6,314951,,,false,1
,HGC?G?@,7,306291,,,false,1
,HGC?G?@,8,305593,,,false,1
,HGC?G?@,9,303009,,,false,1
,H??__RF,0,425358,,,false,1
,H??__RF,1,413417,,,false,1
,H??__RF,2,423891,,,false,1
,H??__RF,3,409436,,,false,1
,H??__RF,4,417258,,,false,1
,H??__RF,5,408877,,,false,1
,H??__RF,6,410624,,,false,1
,H??__RF,7,421307,,,false,1
,H??__RF,8,412648,,,false,1
,H??__RF,9,421308,,,false,1
,H{_yqgj,0,590026,,,false,5
,H{_yqgj,1,594914,,,false,5
,H{_yqgj,2,594915,,,false,5
,H{_yqgj,3,588909,,,false,5
,H{_yqgj,4,598337,,,false,5
,H{_yqgj,5,584300,,,false,5
,H{_yqgj,6,598267,,,false,5
,H{_yqgj,7,593238,,,false,5
,H{_yqgj,8,586954,,,false,5
,H{_yqgj,9,609092,,,false,5
,H?aFbx{,0,588281,,,false,3
,H?aFbx{,1,581856,,,false,3
,H?aFbx{,2,578643,,,false,3
,H?aFbx{,3,574803,,,false,3
,H?aFbx{,4,585138,,,false,3
,H?aFbx{,5,569705,,,false,3
,H?aFbx{,6,581507,,,false,3
,H?aFbx{,7,573825,,,false,3
,H?aFbx{,8,576199,,,false,3
,H?aFbx{,9,580459,,,false,3
,H???GKF,0,348192,,,false,3
,H???GKF,1,343862,,,false,3
,H???GKF,2,354617,,,false,3
,H???GKF,3,336809,,,false,3
,H???GKF,4,337228,,,false,3
,H???GKF,5,349169,,,false,3
,H???GKF,6,339392,,,false,3
,H???GKF,7,337228,,,false,3
,H???GKF,8,342047,,,false,3
,H???GKF,9,338485,,,false,3
,H@Kxx{~,0,504619,,,false,6
,H@Kxx{~,1,481993,,,false,6
,H@Kxx{~,2,499662,,,false,6
,H@Kxx{~,3,487859,,,false,6
,H@Kxx{~,4,497637,,,false,6
,H@Kxx{~,5,482063,,,false,6
,H@Kxx{~,6,499033,,,false,6
,H@Kxx{~,7,489395,,,false,6
,H@Kxx{~,8,500011,,,false,6
,H@Kxx{~,9,481854,,,false,6
,H@Kxx~~,0,576688,,,false,6
,H@Kxx~~,1,563350,,,false,6
,H@Kxx~~,2,569077,,,false,6
,H@Kxx~~,3,557694,,,false,6
,H@Kxx~~,4,572638,,,false,6
,H@Kxx~~,5,564956,,,false,6
,H@Kxx~~,6,558042,,,false,6
,H@Kxx~~,7,572080,,,false,6
,H@Kxx~~,8,557484,,,false,6
,H@Kxx~~,9,565724,,,false,6
,H????F|,0,433878,,,false,1
,H????F|,1,447146,,,false,1
,H????F|,2,434018,,,false,1
,H????F|,3,441630,,,false,1
,H????F|,4,428430,,,false,1
,H????F|,5,438976,,,false,1
,H????F|,6,432411,,,false,1
,H????F|,7,427872,,,false,1
,H????F|,8,433878,,,false,1
,H????F|,9,426685,,,false,1
,H}q|r|},0,647919,,,false,6
,H}q|r|},1,638771,,,false,6
,H}q|r|},2,624874,,,false,6
,H}q|r|},3,631438,,,false,6
,H}q|r|},4,636047,,,false,6
,H}q|r|},5,634720,,,false,6
,H}q|r|},6,644427,,,false,6
,H}q|r|},7,630879,,,false,6
,H}q|r|},8,637304,,,false,6
,H}q|r|},9,648268,,,false,6
,H???GN~,0,465513,,,false,3
,H???GN~,1,487510,,,false,3
,H???GN~,2,479131,,,false,3
,H???GN~,3,490862,,,false,3
,H???GN~,4,479270,,,false,3
,H???GN~,5,493865,,,false,3
,H???GN~,6,481295,,,false,3
,H???GN~,7,490862,,,false,3
,H???GN~,8,485136,,,false,3
,H???GN~,9,486602,,,false,3
,HF~~vnn,0,671104,,,false,6
,HF~~vnn,1,664120,,,false,6
,HF~~vnn,2,664469,,,false,6
,HF~~vnn,3,653156,,,false,6
,HF~~vnn,4,667123,,,false,6
,HF~~vnn,5,668449,,,false,6
,HF~~vnn,6,647849,,,false,6
,HF~~vnn,7,662514,,,false,6
,HF~~vnn,8,665377,,,false,6
,HF~~vnn,9,652039,,,false,6
,HF~~~~~,0,669847,,,false,6
,HF~~~~~,1,663492,,,false,6
,HF~~~~~,2,645894,,,false,6
,HF~~~~~,3,667472,,,false,6
,HF~~~~~,4,660908,,,false,6
,HF~~~~~,5,648826,,,false,6
,HF~~~~~,6,659301,,,false,6
,HF~~~~~,7,663981,,,false,6
,HF~~~~~,8,646941,,,false,6
,HF~~~~~,9,654064,,,false,6
,H~?GW[N,0,435414,,,false,4
,H~?GW[N,1,428012,,,false,4
,H~?GW[N,2,426475,,,false,4
,H~?GW[N,3,429828,,,false,4
,H~?GW[N,4,421447,,,false,4
,H~?GW[N,5,435204,,,false,4
,H~?GW[N,6,418864,,,false,4
,H~?GW[N,7,437649,,,false,4
,H~?GW[N,8,429618,,,false,4
,H~?GW[N,9,428571,,,false,4
,HwCW~?^,0,475499,,,false,4
,HwCW~?^,1,475290,,,false,4
,HwCW~?^,2,494284,,,false,4
,HwCW~?^,3,482133,,,false,4
,HwCW~?^,4,486603,,,false,4
,HwCW~?^,5,477105,,,false,4
,HwCW~?^,6,487999,,,false,4
,HwCW~?^,7,492329,,,false,4
,HwCW~?^,8,487510,,,false,4
,HwCW~?^,9,477245,,,false,4
,HwC^?~{,0,553504,,,false,4
,HwC^?~{,1,546590,,,false,4
,HwC^?~{,2,533810,,,false,4
,HwC^?~{,3,549383,,,false,4
,HwC^?~{,4,536184,,,false,4
,HwC^?~{,5,546241,,,false,4
,HwC^?~{,6,532204,,,false,4
,HwC^?~{,7,544564,,,false,4
,HwC^?~{,8,532204,,,false,4
,HwC^?~{,9,543796,,,false,4
,HqN~~~~,0,669218,,,false,6
,HqN~~~~,1,658952,,,false,6
,HqN~~~~,2,664609,,,false,6
,HqN~~~~,3,672082,,,false,6
,HqN~~~~,4,657206,,,false,6
,HqN~~~~,5,668520,,,false,6
,HqN~~~~,6,670685,,,false,6
,HqN~~~~,7,666425,,,false,6
,HqN~~~~,8,668799,,,false,6
,HqN~~~~,9,670894,,,false,6
,HJ\zz|~,0,566353,,,false,7
,HJ\zz|~,1,567889,,,false,7
,HJ\zz|~,2,555529,,,false,7
,HJ\zz|~,3,558741,,,false,7
,HJ\zz|~,4,561535,,,false,7
,HJ\zz|~,5,558461,,,false,7
,HJ\zz|~,6,568099,,,false,7
,HJ\zz|~,7,552526,,,false,7
,HJ\zz|~,8,565655,,,false,7
,HJ\zz|~,9,554062,,,false,7
,HJ\zz~~,0,602946,,,false,7
,HJ\zz~~,1,611395,,,false,7
,HJ\zz~~,2,601968,,,false,7
,HJ\zz~~,3,611116,,,false,7
,HJ\zz~~,4,600083,,,false,7
,HJ\zz~~,5,590515,,,false,7
,HJ\zz~~,6,610558,,,false,7
,HJ\zz~~,7,601480,,,false,7
,HJ\zz~~,8,610278,,,false,7
,HJ\zz~~,9,602456,,,false,7
,H~z\z|~,0,661257,,,false,7
,H~z\z|~,1,668241,,,false,7
,H~z\z|~,2,666984,,,false,7
,H~z\z|~,3,664470,,,false,7
,H~z\z|~,4,668868,,,false,7
,H~z\z|~,5,673129,,,false,7
,H~z\z|~,6,687584,,,false,7
,H~z\z|~,7,702180,,,false,7
,H~z\z|~,8,694428,,,false,7
,H~z\z|~,9,677808,,,false,7
,H~z\z~~,0,728367,,,false,7
,H~z\z~~,1,686676,,,false,7
,H~z\z~~,2,653366,,,false,7
,H~z\z~~,3,690098,,,false,7
,H~z\z~~,4,675783,,,false,7
,H~z\z~~,5,660629,,,false,7
,H~z\z~~,6,673059,,,false,7
,H~z\z~~,7,681090,,,false,7
,H~z\z~~,8,675782,,,false,7
,H~z\z~~,9,660349,,,false,7
,H^~~~~~,0,665936,,,false,7
,H^~~~~~,1,665168,,,false,7
,H^~~~~~,2,641704,,,false,7
,H^~~~~~,3,655950,,,false,7
,H^~~~~~,4,649246,,,false,7
,H^~~~~~,5,641564,,,false,7
,H^~~~~~,6,649664,,,false,7
,H^~~~~~,7,651061,,,false,7
,H^~~~~~,8,642263,,,false,7
,H^~~~~~,9,655810,,,false,7
,H~~~~~~,0,638701,,,false,8
,H~~~~~~,1,620544,,,false,8
,H~~~~~~,2,638980,,,false,8
,H~~~~~~,3,645265,,,false,8
,H~~~~~~,4,613770,,,false,8
,H~~~~~~,5,636815,,,false,8
,H~~~~~~,6,645475,,,false,8
,H~~~~~~,7,628226,,,false,8
,H~~~~~~,8,636745,,,false,8
,H~~~~~~,9,639189,,,false,8
,H?B~vrw,0,595683,,,false,4
,H?B~vrw,1,593239,,,false,4
,H?B~vrw,2,595194,,,false,4
,H?B~vrw,3,604832,,,false,4
,H?B~vrw,4,587792,,,false,4
,H?B~vrw,5,604831,,,false,4
,H?B~vrw,6,606018,,,false,4
,H?B~vrw,7,591563,,,false,4
,H?B~vrw,8,603225,,,false,4
,H?B~vrw,9,586744,,,false,4
,H?B~~~~,0,630600,,,false,4
,H?B~~~~,1,626620,,,false,4
,H?B~~~~,2,608323,,,false,4
,H?B~~~~,3,629204,,,false,4
,H?B~~~~,4,626201,,,false,4
,H?B~~~~,5,607695,,,false,4
,H?B~~~~,6,626410,,,false,4
,H?B~~~~,7,619287,,,false,4
,H?B~~~~,8,612862,,,false,4
,H?B~~~~,9,626410,,,false,4
,H`?G?CB,0,336530,,,false,2
,H`?G?CB,1,331991,,,false,2
,H`?G?CB,2,342186,,,false,2
,H`?G?CB,3,326333,,,false,2
,H`?G?CB,4,327241,,,false,2
,H`?G?CB,5,333806,,,false,2
,H`?G?CB,6,323890,,,false,2
,H`?G?CB,7,326333,,,false,2
,H`?G?CB,8,339044,,,false,2
,H`?G?CB,9,330873,,,false,2
,H@GOQIA,0,397913,,,false,1
,H@GOQIA,1,383528,,,false,1
,H@GOQIA,2,380874,,,false,1
,H@GOQIA,3,390022,,,false,1
,H@GOQIA,4,376056,,,false,1
,H@GOQIA,5,382899,,,false,1
,H@GOQIA,6,383109,,,false,1
,H@GOQIA,7,383039,,,false,1
,H@GOQIA,8,396028,,,false,1
,H@GOQIA,9,379617,,,false,1
,H?DCP_d,0,416210,,,false,2
,H?DCP_d,1,400148,,,false,2
,H?DCP_d,2,398332,,,false,2
,H?DCP_d,3,410414,,,false,2
,H?DCP_d,4,401824,,,false,2
,H?DCP_d,5,411741,,,false,2
,H?DCP_d,6,396936,,,false,2
,H?DCP_d,7,396447,,,false,2
,H?DCP_d,8,403012,,,false,2
,H?DCP_d,9,394701,,,false,2
,H???GGB,0,329057,,,false,2
,H???GGB,1,326264,,,false,2
,H???GGB,2,328778,,,false,2
,H???GGB,3,335552,,,false,2
,H???GGB,4,322982,,,false,2
,H???GGB,5,323331,,,false,2
,H???GGB,6,331501,,,false,2
,H???GGB,7,328150,,,false,2
,H???GGB,8,325356,,,false,2
,H???GGB,9,335552,,,false,2
,H@G?GgI,0,377731,,,false,2
,H@G?GgI,1,368444,,,false,2
,H@G?GgI,2,382689,,,false,2
,H@G?GgI,3,367116,,,false,2
,H@G?GgI,4,366488,,,false,2
,H@G?GgI,5,383947,,,false,2
,H@G?GgI,6,372214,,,false,2
,H@G?GgI,7,379617,,,false,2
,H@G?GgI,8,369980,,,false,2
,H@G?GgI,9,368933,,,false,2
,H??IPio,0,434646,,,false,2
,H??IPio,1,422425,,,false,2
,H??IPio,2,435205,,,false,2
,H??IPio,3,420819,,,false,2
,H??IPio,4,430316,,,false,2
,H??IPio,5,422914,,,false,2
,H??IPio,6,422914,,,false,2
,H??IPio,7,434297,,,false,2
,H??IPio,8,419352,,,false,2
,H??IPio,9,433319,,,false,2
,HoCOPHA,0,422704,,,false,2
,HoCOPHA,1,434437,,,false,2
,HoCOPHA,2,387927,,,false,2
,HoCOPHA,3,388835,,,false,2
,HoCOPHA,4,404059,,,false,2
,HoCOPHA,5,399380,,,false,2
,HoCOPHA,6,410414,,,false,2
,HoCOPHA,7,396098,,,false,2
,HoCOPHA,8,392396,,,false,2
,HoCOPHA,9,402802,,,false,2
,H?G?iIW,0,392187,,,false,1
,H?G?iIW,1,400079,,,false,1
,H?G?iIW,2,391210,,,false,1
,H?G?iIW,3,389115,,,false,1
,H?G?iIW,4,392187,,,false,1
,H?G?iIW,5,382061,,,false,1
,H?G?iIW,6,394492,,,false,1
,H?G?iIW,7,386740,,,false,1
,H?G?iIW,8,391279,,,false,1
,H?G?iIW,9,390511,,,false,1
,H?A?ISq,0,406992,,,false,1
,H?A?ISq,1,414534,,,false,1
,H?A?ISq,2,398682,,,false,1
,H?A?ISq,3,411671,,,false,1
,H?A?ISq,4,398821,,,false,1
,H?A?ISq,5,396517,,,false,1
,H?A?ISq,6,409226,,,false,1
,H?A?ISq,7,396936,,,false,1
,H?A?ISq,8,406783,,,false,1
,H?A?ISq,9,396517,,,false,1
,H@GSY^o,0,533181,,,false,4
,H@GSY^o,1,521031,,,false,4
,H@GSY^o,2,525710,,,false,4
,H@GSY^o,3,515024,,,false,4
,H@GSY^o,4,532343,,,false,4
,H@GSY^o,5,515654,,,false,4
,H@GSY^o,6,528573,,,false,4
,H@GSY^o,7,522287,,,false,4
,H@GSY^o,8,534788,,,false,4
,H@GSY^o,9,510904,,,false,4
,H?C[Y[n,0,509089,,,false,4
,H?C[Y[n,1,487580,,,false,4
,H?C[Y[n,2,499312,,,false,4
,H?C[Y[n,3,481854,,,false,4
,H?C[Y[n,4,493656,,,false,4
,H?C[Y[n,5,479829,,,false,4
,H?C[Y[n,6,499801,,,false,4
,H?C[Y[n,7,493376,,,false,4
,H?C[Y[n,8,499592,,,false,4
,H?C[Y[n,9,472147,,,false,4
,H????N},0,461393,,,false,2
,H????N},1,446797,,,false,2
,H????N},2,457761,,,false,2
,H????N},3,444563,,,false,2
,H????N},4,451546,,,false,2
,H????N},5,440233,,,false,2
,H????N},6,447705,,,false,2
,H????N},7,445121,,,false,2
,H????N},8,446587,,,false,2
,H????N},9,454688,,,false,2
,H??GW[N,0,376754,,,false,4
,H??GW[N,1,386880,,,false,4
,H??GW[N,2,371516,,,false,4
,H??GW[N,3,371027,,,false,4
,H??GW[N,4,383109,,,false,4
,H??GW[N,5,377801,,,false,4
,H??GW[N,6,384506,,,false,4
,H??GW[N,7,374379,,,false,4
,H??GW[N,8,371865,,,false,4
,H??GW[N,9,385762,,,false,4
,H??GW^~,0,484647,,,false,4
,H??GW^~,1,493306,,,false,4
,H??GW^~,2,483670,,,false,4
,H??GW^~,3,493446,,,false,4
,H??GW^~,4,476826,,,false,4
,H??GW^~,5,492887,,,false,4
,H??GW^~,6,484647,,,false,4
,H??GW^~,7,494284,,,false,4
,H??GW^~,8,477035,,,false,4
,H??GW^~,9,490443,,,false,4
,H????^p,0,421029,,,false,1
,H????^p,1,425498,,,false,1
,H????^p,2,414883,,,false,1
,H????^p,3,413486,,,false,1
,H????^p,4,425149,,,false,1
,H????^p,5,417886,,,false,1
,H????^p,6,430596,,,false,1
,H????^p,7,415512,,,false,1
,H????^p,8,424939,,,false,1
,H????^p,9,415023,,,false,1
,H?CWw{^,0,425568,,,false,5
,H?CWw{^,1,424869,,,false,5
,H?CWw{^,2,416699,,,false,5
,H?CWw{^,3,429339,,,false,5
,H?CWw{^,4,422984,,,false,5
,H?CWw{^,5,432551,,,false,5
,H?CWw{^,6,416769,,,false,5
,H?CWw{^,7,415721,,,false,5
,H?CWw{^,8,428431,,,false,5
,H?CWw{^,9,421169,,,false,5
,H?CWw~~,0,529620,,,false,5
,H?CWw~~,1,512371,,,false,5
,H?CWw~~,2,520262,,,false,5
,H?CWw~~,3,509996,,,false,5
,H?CWw~~,4,518587,,,false,5
,H?CWw~~,5,510346,,,false,5
,H?CWw~~,6,518028,,,false,5
,H?CWw~~,7,517469,,,false,5
,H?CWw~~,8,517818,,,false,5
,H?CWw~~,9,525989,,,false,5
,H???C\q,0,418654,,,false,1
,H???C\q,1,408947,,,false,1
,H???C\q,2,422076,,,false,1
,H???C\q,3,424520,,,false,1
,H???C\q,4,431015,,,false,1
,H???C\q,5,427104,,,false,1
,H???C\q,6,440862,,,false,1
,H???C\q,7,419353,,,false,1
,H???C\q,8,412020,,,false,1
,H???C\q,9,433180,,,false,1
,H????B~,0,461113,,,false,1
,H????B~,1,459018,,,false,1
,H????B~,2,428920,,,false,1
,H????B~,3,442747,,,false,1
,H????B~,4,435903,,,false,1
,H????B~,5,447496,,,false,1
,H????B~,6,428850,,,false,1
,H????B~,7,436881,,,false,1
,H????B~,8,432342,,,false,1
,H????B~,9,430735,,,false,1
,HEutZhj,0,628226,,,false,5
,HEutZhj,1,619566,,,false,5
,HEutZhj,2,604202,,,false,5
,HEutZhj,3,620544,,,false,5
,HEutZhj,4,621381,,,false,5
,HEutZhj,5,608672,,,false,5
,HEutZhj,6,621172,,,false,5
,HEutZhj,7,607415,,,false,5
,HEutZhj,8,613840,,,false,5
,HEutZhj,9,615935,,,false,5
,HCHCp\V,0,539816,,,false,2
,HCHCp\V,1,541422,,,false,2
,HCHCp\V,2,516072,,,false,2
,HCHCp\V,3,531506,,,false,2
,HCHCp\V,4,520960,,,false,2
,HCHCp\V,5,535835,,,false,2
,HCHCp\V,6,519494,,,false,2
,HCHCp\V,7,529271,,,false,2
,HCHCp\V,8,518027,,,false,2
,HCHCp\V,9,528433,,,false,2
,HqH}dS^,0,632067,,,false,4
,HqH}dS^,1,603225,,,false,4
,HqH}dS^,2,616564,,,false,4
,HqH}dS^,3,615237,,,false,4
,HqH}dS^,4,596381,,,false,4
,HqH}dS^,5,607206,,,false,4
,HqH}dS^,6,597638,,,false,4
,HqH}dS^,7,616423,,,false,4
,HqH}dS^,8,614329,,,false,4
,HqH}dS^,9,600990,,,false,4
,HoCOOL_,0,395749,,,false,2
,HoCOOL_,1,380594,,,false,2
,HoCOOL_,2,376265,,,false,2
,HoCOOL_,3,385413,,,false,2
,HoCOOL_,4,384086,,,false,2
,HoCOOL_,5,393374,,,false,2
,HoCOOL_,6,381573,,,false,2
,HoCOOL_,7,371936,,,false,2
,HoCOOL_,8,383528,,,false,2
,HoCOOL_,9,384994,,,false,2
,HwCO?SE,0,390790,,,false,2
,HwCO?SE,1,375846,,,false,2
,HwCO?SE,2,371097,,,false,2
,HwCO?SE,3,378220,,,false,2
,HwCO?SE,4,373821,,,false,2
,HwCO?SE,5,377243,,,false,2
,HwCO?SE,6,384994,,,false,2
,HwCO?SE,7,379617,,,false,2
,HwCO?SE,8,380385,,,false,2
,HwCO?SE,9,373402,,,false,2
,H{dQXgj,0,572428,,,false,5
,H{dQXgj,1,560138,,,false,5
,H{dQXgj,2,570962,,,false,5
,H{dQXgj,3,558391,,,false,5
,H{dQXgj,4,570264,,,false,5
,H{dQXgj,5,560486,,,false,5
,H{dQXgj,6,568378,,,false,5
,H{dQXgj,7,572498,,,false,5
,H{dQXgj,8,557344,,,false,5
,H{dQXgj,9,570682,,,false,5
,HoDPV~},0,606298,,,false,4
,HoDPV~},1,610627,,,false,4
,HoDPV~},2,613491,,,false,4
,HoDPV~},3,599594,,,false,4
,HoDPV~},4,614817,,,false,4
,HoDPV~},5,609160,,,false,4
,HoDPV~},6,600502,,,false,4
,HoDPV~},7,613281,,,false,4
,HoDPV~},8,600572,,,false,4
,HoDPV~},9,609510,,,false,4
,HIISZ~},0,638561,,,false,4
,HIISZ~},1,622779,,,false,4
,HIISZ~},2,636257,,,false,4
,HIISZ~},3,630251,,,false,4
,HIISZ~},4,621592,,,false,4
,HIISZ~},5,635698,,,false,4
,HIISZ~},6,622709,,,false,4
,HIISZ~},7,625711,,,false,4
,HIISZ~},8,635418,,,false,4
,HIISZ~},9,622080,,,false,4
,H?MzvNV,0,648617,,,false,4
,H?MzvNV,1,637304,,,false,4
,H?MzvNV,2,617960,,,false,4
,H?MzvNV,3,642891,,,false,4
,H?MzvNV,4,663911,,,false,4
,H?MzvNV,5,653506,,,false,4
,H?MzvNV,6,663142,,,false,4
,H?MzvNV,7,669497,,,false,4
,H?MzvNV,8,641913,,,false,4
,H?MzvNV,9,656159,,,false,4
,H?S}tnn,0,675084,,,false,4
,H?S}tnn,1,619007,,,false,4
,H?S}tnn,2,614887,,,false,4
,H?S}tnn,3,637304,,,false,4
,H?S}tnn,4,625362,,,false,4
,H?S}tnn,5,631228,,,false,4
,H?S}tnn,6,626759,,,false,4
,H?S}tnn,7,634091,,,false,4
,H?S}tnn,8,638561,,,false,4
,H?S}tnn,9,620613,,,false,4
,H?`jm}~,0,645684,,,false,3
,H?`jm}~,1,646662,,,false,3
,H?`jm}~,2,619008,,,false,3
,H?`jm}~,3,629552,,,false,3
,H?`jm}~,4,627458,,,false,3
,H?`jm}~,5,625222,,,false,3
,H?`jm}~,6,636187,,,false,3
,H?`jm}~,7,619916,,,false,3
,H?`jm}~,8,614887,,,false,3
,H?`jm}~,9,633114,,,false,3
,H?h[bFr,0,563210,,,false,4
,H?h[bFr,1,568587,,,false,4
,H?h[bFr,2,553364,,,false,4
,H?h[bFr,3,559020,,,false,4
,H?h[bFr,4,559998,,,false,4
,H?h[bFr,5,551409,,,false,4
,H?h[bFr,6,565585,,,false,4
,H?h[bFr,7,553294,,,false,4
,H?h[bFr,8,566003,,,false,4
,H?h[bFr,9,553363,,,false,4
,H@IQ]re,0,584929,,,false,4
,H@IQ]re,1,580320,,,false,4
,H@IQ]re,2,565096,,,false,4
,H@IQ]re,3,576200,,,false,4
,H@IQ]re,4,575780,,,false,4
,H@IQ]re,5,586395,,,false,4
,H@IQ]re,6,564677,,,false,4
,H@IQ]re,7,563280,,,false,4
,H@IQ]re,8,577177,,,false,4
,H@IQ]re,9,570123,,,false,4
,H`?guNw,0,558601,,,false,3
,H`?guNw,1,532763,,,false,3
,H`?guNw,2,541841,,,false,3
,H`?guNw,3,547637,,,false,3
,H`?guNw,4,537162,,,false,3
,H`?guNw,5,543796,,,false,3
,H`?guNw,6,535696,,,false,3
,H`?guNw,7,545193,,,false,3
,H`?guNw,8,531436,,,false,3
,H`?guNw,9,543308,,,false,3
,H`AkrT[,0,565864,,,false,4
,H`AkrT[,1,570822,,,false,4
,H`AkrT[,2,565026,,,false,4
,H`AkrT[,3,553294,,,false,4
,H`AkrT[,4,567470,,,false,4
,H`AkrT[,5,559648,,,false,4
,H`AkrT[,6,572778,,,false,4
,H`AkrT[,7,553293,,,false,4
,H`AkrT[,8,566213,,,false,4
,H`AkrT[,9,567121,,,false,4
,H_GouNy,0,563001,,,false,3
,H_GouNy,1,564886,,,false,3
,H_GouNy,2,549453,,,false,3
,H_GouNy,3,559998,,,false,3
,H_GouNy,4,554132,,,false,3
,H_GouNy,5,566562,,,false,3
,H_GouNy,6,560068,,,false,3
,H_GouNy,7,543377,,,false,3
,H_GouNy,8,557763,,,false,3
,H_GouNy,9,549942,,,false,3
,H@`M@~u,0,604133,,,false,4
,H@`M@~u,1,579063,,,false,4
,H@`M@~u,2,582554,,,false,4
,H@`M@~u,3,577596,,,false,4
,H@`M@~u,4,577177,,,false,4
,H@`M@~u,5,593937,,,false,4
,H@`M@~u,6,578783,,,false,4
,H@`M@~u,7,589119,,,false,4
,H@`M@~u,8,580040,,,false,4
,H@`M@~u,9,576269,,,false,4
,HR?MC|m,0,571939,,,false,4
,HR?MC|m,1,558671,,,false,4
,HR?MC|m,2,568727,,,false,4
,HR?MC|m,3,546101,,,false,4
,HR?MC|m,4,552456,,,false,4
,HR?MC|m,5,556645,,,false,4
,HR?MC|m,6,560556,,,false,4
,HR?MC|m,7,588979,,,false,4
,HR?MC|m,8,576688,,,false,4
,HR?MC|m,9,592331,,,false,4
,HR?M@~M,0,579691,,,false,4
,HR?M@~M,1,573895,,,false,4
,HR?M@~M,2,570124,,,false,4
,HR?M@~M,3,560277,,,false,4
,HR?M@~M,4,573616,,,false,4
,HR?M@~M,5,541422,,,false,4
,HR?M@~M,6,550431,,,false,4
,HR?M@~M,7,542330,,,false,4
,HR?M@~M,8,552665,,,false,4
,HR?M@~M,9,548126,,,false,4
,HR`HGvN,0,580669,,,false,4
,HR`HGvN,1,590375,,,false,4
,HR`HGvN,2,569565,,,false,4
,HR`HGvN,3,574803,,,false,4
,HR`HGvN,4,573825,,,false,4
,HR`HGvN,5,568238,,,false,4
,HR`HGvN,6,587303,,,false,4
,HR`HGvN,7,571451,,,false,4
,HR`HGvN,8,580529,,,false,4
,HR`HGvN,9,565933,,,false,4
,HCSp]Nw,0,593518,,,false,4
,HCSp]Nw,1,589328,,,false,4
,HCSp]Nw,2,577247,,,false,4
,HCSp]Nw,3,589118,,,false,4
,HCSp]Nw,4,566003,,,false,4
,HCSp]Nw,5,580879,,,false,4
,HCSp]Nw,6,584510,,,false,4
,HCSp]Nw,7,573825,,,false,4
,HCSp]Nw,8,585208,,,false,4
,HCSp]Nw,9,570682,,,false,4
,H@iRI~w,0,615935,,,false,4
,H@iRI~w,1,605111,,,false,4
,H@iRI~w,2,598895,,,false,4
,H@iRI~w,3,608183,,,false,4
,H@iRI~w,4,599594,,,false,4
,H@iRI~w,5,610767,,,false,4
,H@iRI~w,6,603434,,,false,4
,H@iRI~w,7,596172,,,false,4
,H@iRI~w,8,613002,,,false,4
,H@iRI~w,9,597638,,,false,4
,HPSRK^[,0,590236,,,false,4
,HPSRK^[,1,591004,,,false,4
,HPSRK^[,2,584440,,,false,4
,HPSRK^[,3,601549,,,false,4
,HPSRK^[,4,574802,,,false,4
,HPSRK^[,5,587023,,,false,4
,HPSRK^[,6,597638,,,false,4
,HPSRK^[,7,581786,,,false,4
,HPSRK^[,8,591284,,,false,4
,HPSRK^[,9,584370,,,false,4
,HANLbNw,0,601409,,,false,5
,HANLbNw,1,597987,,,false,5
,HANLbNw,2,583462,,,false,5
,HANLbNw,3,597638,,,false,5
,HANLbNw,4,579132,,,false,5
,HANLbNw,5,590655,,,false,5
,HANLbNw,6,602597,,,false,5
,HANLbNw,7,586675,,,false,5
,HANLbNw,8,597708,,,false,5
,HANLbNw,9,573197,,,false,5
,H?ManrM,0,598267,,,false,4
,H?ManrM,1,611745,,,false,4
,H?ManrM,2,581577,,,false,4
,H?ManrM,3,583462,,,false,4
,H?ManrM,4,581506,,,false,4
,H?ManrM,5,590935,,,false,4
,H?ManrM,6,589258,,,false,4
,H?ManrM,7,581158,,,false,4
,H?ManrM,8,595334,,,false,4
,H?ManrM,9,580948,,,false,4
,H@hZSno,0,585906,,,false,5
,H@hZSno,1,593378,,,false,5
,H@hZSno,2,575780,,,false,5
,H@hZSno,3,581926,,,false,5
,H@hZSno,4,569775,,,false,5
,H@hZSno,5,579551,,,false,5
,H@hZSno,6,576269,,,false,5
,H@hZSno,7,570683,,,false,5
,H@hZSno,8,590166,,,false,5
,H@hZSno,9,571940,,,false,5
,H{`Ypgj,0,584579,,,false,5
,H{`Ypgj,1,575291,,,false,5
,H{`Ypgj,2,567190,,,false,5
,H{`Ypgj,3,583742,,,false,5
,H{`Ypgj,4,567331,,,false,5
,H{`Ypgj,5,575710,,,false,5
,H{`Ypgj,6,565864,,,false,5
,H{`Ypgj,7,577666,,,false,5
,H{`Ypgj,8,572358,,,false,5
,H{`Ypgj,9,572637,,,false,5
,HQ?g}Rp,0,568588,,,false,3
,HQ?g}Rp,1,548614,,,false,3
,HQ?g}Rp,2,561604,,,false,3
,HQ?g}Rp,3,543796,,,false,3
,HQ?g}Rp,4,547568,,,false,3
,HQ?g}Rp,5,548615,,,false,3
,HQ?g}Rp,6,536534,,,false,3
,HQ?g}Rp,7,513767,,,false,3
,HQ?g}Rp,8,510904,,,false,3
,HQ?g}Rp,9,540026,,,false,3
,HQ?{QVr,0,563560,,,false,3
,HQ?{QVr,1,557903,,,false,3
,HQ?{QVr,2,546660,,,false,3
,HQ?{QVr,3,561255,,,false,3
,HQ?{QVr,4,543307,,,false,3
,HQ?{QVr,5,553224,,,false,3
,HQ?{QVr,6,573755,,,false,3
,HQ?{QVr,7,556157,,,false,3
,HQ?{QVr,8,562232,,,false,3
,HQ?{QVr,9,552316,,,false,3
,H``@_^{,0,544704,,,false,3
,H``@_^{,1,519354,,,false,3
,H``@_^{,2,517120,,,false,3
,H``@_^{,3,519005,,,false,3
,H``@_^{,4,523893,,,false,3
,H``@_^{,5,524174,,,false,3
,H``@_^{,6,518586,,,false,3
,H``@_^{,7,528712,,,false,3
,H``@_^{,8,521728,,,false,3
,H``@_^{,9,530947,,,false,3
,HR?G]Nw,0,523196,,,false,3
,HR?G]Nw,1,525290,,,false,3
,HR?G]Nw,2,517609,,,false,3
,HR?G]Nw,3,536184,,,false,3
,HR?G]Nw,4,516143,,,false,3
,HR?G]Nw,5,521380,,,false,3
,HR?G]Nw,6,512790,,,false,3
,HR?G]Nw,7,522008,,,false,3
,HR?G]Nw,8,514187,,,false,3
,HR?G]Nw,9,518656,,,false,3
,HPp?g~e,0,565933,,,false,4
,HPp?g~e,1,550990,,,false,4
,HPp?g~e,2,569077,,,false,4
,HPp?g~e,3,548056,,,false,4
,HPp?g~e,4,557274,,,false,4
,HPp?g~e,5,548965,,,false,4
,HPp?g~e,6,564956,,,false,4
,HPp?g~e,7,557764,,,false,4
,HPp?g~e,8,548964,,,false,4
,HPp?g~e,9,562722,,,false,4
,H`Y?g~e,0,561395,,,false,4
,H`Y?g~e,1,566073,,,false,4
,H`Y?g~e,2,551828,,,false,4
,H`Y?g~e,3,564956,,,false,4
,H`Y?g~e,4,565095,,,false,4
,H`Y?g~e,5,559300,,,false,4
,H`Y?g~e,6,566702,,,false,4
,H`Y?g~e,7,552875,,,false,4
,H`Y?g~e,8,566492,,,false,4
,H`Y?g~e,9,552247,,,false,4
,H_?|Qrr,0,575082,,,false,3
,H_?|Qrr,1,570473,,,false,3
,H_?|Qrr,2,563001,,,false,3
,H_?|Qrr,3,559440,,,false,3
,H_?|Qrr,4,553224,,,false,3
,H_?|Qrr,5,567749,,,false,3
,H_?|Qrr,6,551408,,,false,3
,H_?|Qrr,7,559998,,,false,3
,H_?|Qrr,8,558881,,,false,3
,H_?|Qrr,9,561046,,,false,3
,H[CGYNp,0,517958,,,false,3
,H[CGYNp,1,501827,,,false,3
,H[CGYNp,2,517469,,,false,3
,H[CGYNp,3,504270,,,false,3
,H[CGYNp,4,519843,,,false,3
,H[CGYNp,5,505598,,,false,3
,H[CGYNp,6,516422,,,false,3
,H[CGYNp,7,504270,,,false,3
,H[CGYNp,8,521310,,,false,3
,H[CGYNp,9,504620,,,false,3
,H`GO]Nw,0,535277,,,false,3
,H`GO]Nw,1,515164,,,false,3
,H`GO]Nw,2,525220,,,false,3
,H`GO]Nw,3,517119,,,false,3
,H`GO]Nw,4,528922,,,false,3
,H`GO]Nw,5,510904,,,false,3
,H`GO]Nw,6,520053,,,false,3
,H`GO]Nw,7,523195,,,false,3
,H`GO]Nw,8,513768,,,false,3
,H`GO]Nw,9,518098,,,false,3
,H`IQO~e,0,559020,,,false,3
,H`IQO~e,1,565235,,,false,3
,H`IQO~e,2,552456,,,false,3
,H`IQO~e,3,564816,,,false,3
,H`IQO~e,4,551757,,,false,3
,H`IQO~e,5,555948,,,false,3
,H`IQO~e,6,563210,,,false,3
,H`IQO~e,7,556716,,,false,3
,H`IQO~e,8,593029,,,false,3
,H`IQO~e,9,573895,,,false,3
,HqGOW~e,0,579901,,,false,4
,HqGOW~e,1,560067,,,false,4
,HqGOW~e,2,569565,,,false,4
,HqGOW~e,3,566702,,,false,4
,HqGOW~e,4,555180,,,false,4
,HqGOW~e,5,564816,,,false,4
,HqGOW~e,6,543587,,,false,4
,HqGOW~e,7,530179,,,false,4
,HqGOW~e,8,536744,,,false,4
,HqGOW~e,9,558950,,,false,4
,HDYAG~e,0,569496,,,false,4
,HDYAG~e,1,544774,,,false,4
,HDYAG~e,2,570613,,,false,4
,HDYAG~e,3,561185,,,false,4
,HDYAG~e,4,566353,,,false,4
,HDYAG~e,5,555808,,,false,4
,HDYAG~e,6,572429,,,false,4
,HDYAG~e,7,563908,,,false,4
,HDYAG~e,8,553084,,,false,4
,HDYAG~e,9,576270,,,false,4
,Ha?{PVr,0,560556,,,false,3
,Ha?{PVr,1,552805,,,false,3
,Ha?{PVr,2,550641,,,false,3
,Ha?{PVr,3,567191,,,false,3
,Ha?{PVr,4,551827,,,false,3
,Ha?{PVr,5,535207,,,false,3
,Ha?{PVr,6,561674,,,false,3
,Ha?{PVr,7,552246,,,false,3
,Ha?{PVr,8,555109,,,false,3
,Ha?{PVr,9,542330,,,false,3
,Ho@PW~w,0,567051,,,false,3
,Ho@PW~w,1,549104,,,false,3
,Ho@PW~w,2,558042,,,false,3
,Ho@PW~w,3,545751,,,false,3
,Ho@PW~w,4,536813,,,false,3
,Ho@PW~w,5,563838,,,false,3
,Ho@PW~w,6,550081,,,false,3
,Ho@PW~w,7,550431,,,false,3
,Ho@PW~w,8,545682,,,false,3
,Ho@PW~w,9,555179,,,false,3
,Hq?HWzr,0,540026,,,false,3
,Hq?HWzr,1,538838,,,false,3
,Hq?HWzr,2,548964,,,false,3
,Hq?HWzr,3,538838,,,false,3
,Hq?HWzr,4,546869,,,false,3
,Hq?HWzr,5,531436,,,false,3
,Hq?HWzr,6,537582,,,false,3
,Hq?HWzr,7,530597,,,false,3
,Hq?HWzr,8,545263,,,false,3
,Hq?HWzr,9,531017,,,false,3
,H`?L?lJ,0,487441,,,false,2
,H`?L?lJ,1,473823,,,false,2
,H`?L?lJ,2,491840,,,false,2
,H`?L?lJ,3,468794,,,false,2
,H`?L?lJ,4,473125,,,false,2
,H`?L?lJ,5,466630,,,false,2
,H`?L?lJ,6,483739,,,false,2
,H`?L?lJ,7,467887,,,false,2
,H`?L?lJ,8,476337,,,false,2
,H`?L?lJ,9,464535,,,false,2
,HCd@Igi,0,472357,,,false,2
,HCd@Igi,1,455596,,,false,2
,HCd@Igi,2,460554,,,false,2
,HCd@Igi,3,448334,,,false,2
,HCd@Igi,4,453222,,,false,2
,HCd@Igi,5,447495,,,false,2
,HCd@Igi,6,450150,,,false,2
,HCd@Igi,7,458669,,,false,2
,HCd@Igi,8,448683,,,false,2
,HCd@Igi,9,454130,,,false,2
,H?z\z~~,0,670544,,,false,4
,H?z\z~~,1,662793,,,false,4
,H?z\z~~,2,664051,,,false,4
,H?z\z~~,3,670824,,,false,4
,H?z\z~~,4,668939,,,false,4
,H?z\z~~,5,671593,,,false,4
,H?z\z~~,6,667821,,,false,4
,H?z\z~~,7,657137,,,false,4
,H?z\z~~,8,675084,,,false,4
,H?z\z~~,9,673338,,,false,4
,H_K~]~~,0,646662,,,false,4
,H_K~]~~,1,661187,,,false,4
,H_K~]~~,2,653784,,,false,4
,H_K~]~~,3,637304,,,false,4
,H_K~]~~,4,657207,,,false,4
,H_K~]~~,5,648128,,,false,4
,H_K~]~~,6,643380,,,false,4
,H_K~]~~,7,651899,,,false,4
,H_K~]~~,8,655181,,,false,4
,H_K~]~~,9,644777,,,false,4
,HCZ\z~~,0,690518,,,false,4
,HCZ\z~~,1,685000,,,false,4
,HCZ\z~~,2,668240,,,false,4
,HCZ\z~~,3,692053,,,false,4
,HCZ\z~~,4,705811,,,false,4
,HCZ\z~~,5,698828,,,false,4
,HCZ\z~~,6,715518,,,false,4
,HCZ\z~~,7,728018,,,false,4
,HCZ\z~~,8,710839,,,false,4
,HCZ\z~~,9,685349,,,false,4
,H@zTz~~,0,675014,,,false,5
,H@zTz~~,1,681928,,,false,5
,H@zTz~~,2,675573,,,false,5
,H@zTz~~,3,684442,,,false,5
,H@zTz~~,4,675433,,,false,5
,H@zTz~~,5,672570,,,false,5
,H@zTz~~,6,682696,,,false,5
,H@zTz~~,7,687864,,,false,5
,H@zTz~~,8,682626,,,false,5
,H@zTz~~,9,671313,,,false,5
,H@l~]~~,0,709931,,,false,5
,H@l~]~~,1,686537,,,false,5
,H@l~]~~,2,663981,,,false,5
,H@l~]~~,3,695336,,,false,5
,H@l~]~~,4,685001,,,false,5
,H@l~]~~,5,677738,,,false,5
,H@l~]~~,6,681649,,,false,5
,H@l~]~~,7,693311,,,false,5
,H@l~]~~,8,681858,,,false,5
,H@l~]~~,9,689470,,,false,5
,HIiZ|~~,0,690937,,,false,5
,HIiZ|~~,1,680531,,,false,5
,HIiZ|~~,2,669846,,,false,5
,HIiZ|~~,3,689819,,,false,5
,HIiZ|~~,4,689470,,,false,5
,HIiZ|~~,5,671383,,,false,5
,HIiZ|~~,6,684232,,,false,5
,HIiZ|~~,7,685699,,,false,5
,HIiZ|~~,8,675433,,,false,5
,HIiZ|~~,9,681439,,,false,5
,HBqj|~~,0,690658,,,false,5
,HBqj|~~,1,688352,,,false,5
,HBqj|~~,2,685210,,,false,5
,HBqj|~~,3,689959,,,false,5
,HBqj|~~,4,683674,,,false,5
,HBqj|~~,5,672151,,,false,5
,HBqj|~~,6,700015,,,false,5
,HBqj|~~,7,693590,,,false,5
,HBqj|~~,8,675782,,,false,5
,HBqj|~~,9,685769,,,false,5
,HHr\z~~,0,702179,,,false,5
,HHr\z~~,1,688492,,,false,5
,HHr\z~~,2,691006,,,false,5
,HHr\z~~,3,689470,,,false,5
,HHr\z~~,4,689260,,,false,5
,HHr\z~~,5,685908,,,false,5
,HHr\z~~,6,704065,,,false,5
,HHr\z~~,7,698478,,,false,5
,HHr\z~~,8,682626,,,false,5
,HHr\z~~,9,698479,,,false,5
,HDYz}~~,0,698688,,,false,5
,HDYz}~~,1,691076,,,false,5
,HDYz}~~,2,683045,,,false,5
,HDYz}~~,3,695546,,,false,5
,HDYz}~~,4,694009,,,false,5
,HDYz}~~,5,690378,,,false,5
,HDYz}~~,6,694778,,,false,5
,HDYz}~~,7,690867,,,false,5
,HDYz}~~,8,682137,,,false,5
,HDYz}~~,9,701691,,,false,5
,Higx}~~,0,686397,,,false,5
,Higx}~~,1,678366,,,false,5
,Higx}~~,2,670195,,,false,5
,Higx}~~,3,678297,,,false,5
,Higx}~~,4,675992,,,false,5
,Higx}~~,5,666844,,,false,5
,Higx}~~,6,687305,,,false,5
,Higx}~~,7,680741,,,false,5
,Higx}~~,8,674037,,,false,5
,Higx}~~,9,679833,,,false,5
,HFXm|~~,0,689749,,,false,5
,HFXm|~~,1,682626,,,false,5
,HFXm|~~,2,701202,,,false,5
,HFXm|~~,3,710489,,,false,5
,HFXm|~~,4,710769,,,false,5
,HFXm|~~,5,707906,,,false,5
,HFXm|~~,6,717263,,,false,5
,HFXm|~~,7,726622,,,false,5
,HFXm|~~,8,704135,,,false,5
,HFXm|~~,9,660558,,,false,5
,HiK|[~~,0,669777,,,false,5
,HiK|[~~,1,657975,,,false,5
,HiK|[~~,2,661187,,,false,5
,HiK|[~~,3,663631,,,false,5
,HiK|[~~,4,652877,,,false,5
,HiK|[~~,5,663073,,,false,5
,HiK|[~~,6,659651,,,false,5
,HiK|[~~,7,647430,,,false,5
,HiK|[~~,8,655740,,,false,5
,HiK|[~~,9,670126,,,false,5
,HsXXz~~,0,681299,,,false,5
,HsXXz~~,1,660559,,,false,5
,HsXXz~~,2,671942,,,false,5
,HsXXz~~,3,674805,,,false,5
,HsXXz~~,4,663142,,,false,5
,HsXXz~~,5,670545,,,false,5
,HsXXz~~,6,673339,,,false,5
,HsXXz~~,7,670894,,,false,5
,HsXXz~~,8,674246,,,false,5
,HsXXz~~,9,673129,,,false,5
,HiiXz~~,0,675433,,,false,5
,HiiXz~~,1,681299,,,false,5
,HiiXz~~,2,681229,,,false,5
,HiiXz~~,3,665098,,,false,5
,HiiXz~~,4,681300,,,false,5
,HiiXz~~,5,679693,,,false,5
,HiiXz~~,6,665377,,,false,5
,HiiXz~~,7,687444,,,false,5
,HiiXz~~,8,686537,,,false,5
,HiiXz~~,9,668938,,,false,5
,HsSz~^~,0,675783,,,false,5
,HsSz~^~,1,696662,,,false,5
,HsSz~^~,2,689749,,,false,5
,HsSz~^~,3,670684,,,false,5
,HsSz~^~,4,693869,,,false,5
,HsSz~^~,5,690866,,,false,5
,HsSz~^~,6,676900,,,false,5
,HsSz~^~,7,684581,,,false,5
,HsSz~^~,8,692193,,,false,5
,HsSz~^~,9,679623,,,false,5
,HDxuz~~,0,689400,,,false,5
,HDxuz~~,1,698129,,,false,5
,HDxuz~~,2,693171,,,false,5
,HDxuz~~,3,678785,,,false,5
,HDxuz~~,4,704834,,,false,5
,HDxuz~~,5,699037,,,false,5
,HDxuz~~,6,687095,,,false,5
,HDxuz~~,7,695336,,,false,5
,HDxuz~~,8,699526,,,false,5
,HDxuz~~,9,692333,,,false,5
,HFZm|~~,0,678017,,,false,5
,HFZm|~~,1,697780,,,false,5
,HFZm|~~,2,703297,,,false,5
,HFZm|~~,3,676202,,,false,5
,HFZm|~~,4,691914,,,false,5
,HFZm|~~,5,693660,,,false,5
,HFZm|~~,6,686048,,,false,5
,HFZm|~~,7,685280,,,false,5
,HFZm|~~,8,694079,,,false,5
,HFZm|~~,9,680042,,,false,5
,HBu~Z~~,0,692822,,,false,5
,HBu~Z~~,1,703856,,,false,5
,HBu~Z~~,2,698269,,,false,5
,HBu~Z~~,3,691007,,,false,5
,HBu~Z~~,4,703157,,,false,5
,HBu~Z~~,5,701552,,,false,5
,HBu~Z~~,6,687514,,,false,5
,HBu~Z~~,7,707975,,,false,5
,HBu~Z~~,8,700993,,,false,5
,HBu~Z~~,9,692962,,,false,5
,HEl~~z~,0,685000,,,false,5
,HEl~~z~,1,714610,,,false,5
,HEl~~z~,2,717752,,,false,5
,HEl~~z~,3,710351,,,false,5
,HEl~~z~,4,723758,,,false,5
,HEl~~z~,5,707976,,,false,5
,HEl~~z~,6,699735,,,false,5
,HEl~~z~,7,688493,,,false,5
,HEl~~z~,8,681090,,,false,5
,HEl~~z~,9,686188,,,false,5
,H~?GW^~,0,527036,,,false,4
,H~?GW^~,1,529690,,,false,4
,H~?GW^~,2,515653,,,false,4
,H~?GW^~,3,529830,,,false,4
,H~?GW^~,4,518098,,,false,4
,H~?GW^~,5,533042,,,false,4
,H~?GW^~,6,518587,,,false,4
,H~?GW^~,7,522497,,,false,4
,H~?GW^~,8,525779,,,false,4
,H~?GW^~,9,522217,,,false,4
,HwC^?~~,0,577806,,,false,4
,HwC^?~~,1,561534,,,false,4
,HwC^?~~,2,567260,,,false,4
,HwC^?~~,3,557624,,,false,4
,HwC^?~~,4,574803,,,false,4
,HwC^?~~,5,559788,,,false,4
,HwC^?~~,6,555319,,,false,4
,HwC^?~~,7,573825,,,false,4
,HwC^?~~,8,563350,,,false,4
,HwC^?~~,9,576270,,,false,4
,HwCW~N~,0,588979,,,false,4
,HwCW~N~,1,584579,,,false,4
,HwCW~N~,2,592470,,,false,4
,HwCW~N~,3,588630,,,false,4
,HwCW~N~,4,604902,,,false,4
,HwCW~N~,5,595404,,,false,4
,HwCW~N~,6,584719,,,false,4
,HwCW~N~,7,585347,,,false,4
,HwCW~N~,8,585907,,,false,4
,HwCW~N~,9,598197,,,false,4
,HwCW~^~,0,594565,,,false,4
,HwCW~^~,1,613491,,,false,4
,HwCW~^~,2,612374,,,false,4
,HwCW~^~,3,594914,,,false,4
,HwCW~^~,4,607415,,,false,4
,HwCW~^~,5,588909,,,false,4
,HwCW~^~,6,594286,,,false,4
,HwCW~^~,7,603435,,,false,4
,HwCW~^~,8,598057,,,false,4
,HwCW~^~,9,606228,,,false,4
,H`rHpn~,0,607555,,,false,4
,H`rHpn~,1,599035,,,false,4
,H`rHpn~,2,606716,,,false,4
,H`rHpn~,3,595893,,,false,4
,H`rHpn~,4,606647,,,false,4
,H`rHpn~,5,602946,,,false,4
,H`rHpn~,6,597010,,,false,4
,H`rHpn~,7,608323,,,false,4
,H`rHpn~,8,594915,,,false,4
,H`rHpn~,9,598197,,,false,4
,HKeZb^~,0,639748,,,false,4
,HKeZb^~,1,626829,,,false,4
,HKeZb^~,2,637862,,,false,4
,HKeZb^~,3,626201,,,false,4
,HKeZb^~,4,615656,,,false,4
,HKeZb^~,5,639748,,,false,4
,HKeZb^~,6,636815,,,false,4
,HKeZb^~,7,616354,,,false,4
,HKeZb^~,8,637234,,,false,4
,HKeZb^~,9,629692,,,false,4
,HwC[zz~,0,625293,,,false,5
,HwC[zz~,1,622569,,,false,5
,HwC[zz~,2,609441,,,false,5
,HwC[zz~,3,631508,,,false,5
,HwC[zz~,4,623338,,,false,5
,HwC[zz~,5,608393,,,false,5
,HwC[zz~,6,626270,,,false,5
,HwC[zz~,7,618310,,,false,5
,HwC[zz~,8,610557,,,false,5
,HwC[zz~,9,621662,,,false,5
,H`ouX~~,0,627667,,,false,4
,H`ouX~~,1,637025,,,false,4
,H`ouX~~,2,630739,,,false,4
,H`ouX~~,3,610697,,,false,4
,H`ouX~~,4,628784,,,false,4
,H`ouX~~,5,635698,,,false,4
,H`ouX~~,6,619217,,,false,4
,H`ouX~~,7,631299,,,false,4
,H`ouX~~,8,613351,,,false,4
,H`ouX~~,9,625641,,,false,4
,H`K~E~~,0,653645,,,false,5
,H`K~E~~,1,637373,,,false,5
,H`K~E~~,2,672849,,,false,5
,H`K~E~~,3,667752,,,false,5
,H`K~E~~,4,633463,,,false,5
,H`K~E~~,5,661466,,,false,5
,H`K~E~~,6,643450,,,false,5
,H`K~E~~,7,597708,,,false,5
,H`K~E~~,8,639888,,,false,5
,H`K~E~~,9,640167,,,false,5
,HeGh}~~,0,625293,,,false,4
,HeGh}~~,1,647290,,,false,4
,HeGh}~~,2,641913,,,false,4
,HeGh}~~,3,623407,,,false,4
,HeGh}~~,4,644776,,,false,4
,HeGh}~~,5,645684,,,false,4
,HeGh}~~,6,625991,,,false,4
,HeGh}~~,7,645265,,,false,4
,HeGh}~~,8,639190,,,false,4
,HeGh}~~,9,639189,,,false,4
,HTPLzz~,0,649594,,,false,4
,HTPLzz~,1,628994,,,false,4
,HTPLzz~,2,642890,,,false,4
,HTPLzz~,3,640167,,,false,4
,HTPLzz~,4,634860,,,false,4
,HTPLzz~,5,647011,,,false,4
,HTPLzz~,6,649525,,,false,4
,HTPLzz~,7,633254,,,false,4
,HTPLzz~,8,654693,,,false,4
,HTPLzz~,9,654343,,,false,4
,H`NDzz~,0,633952,,,false,5
,H`NDzz~,1,651131,,,false,5
,H`NDzz~,2,645474,,,false,5
,H`NDzz~,3,623337,,,false,5
,H`NDzz~,4,649315,,,false,5
,H`NDzz~,5,645335,,,false,5
,H`NDzz~,6,623198,,,false,5
,H`NDzz~,7,643449,,,false,5
,H`NDzz~,8,635628,,,false,5
,H`NDzz~,9,638701,,,false,5
,HwCZ~z~,0,646941,,,false,5
,HwCZ~z~,1,630600,,,false,5
,HwCZ~z~,2,631927,,,false,5
,HwCZ~z~,3,638770,,,false,5
,HwCZ~z~,4,632066,,,false,5
,HwCZ~z~,5,641214,,,false,5
,HwCZ~z~,6,638771,,,false,5
,HwCZ~z~,7,627318,,,false,5
,HwCZ~z~,8,639120,,,false,5
,HwCZ~z~,9,629762,,,false,5
,HTPLz~~,0,641564,,,false,4
,HTPLz~~,1,649525,,,false,4
,HTPLz~~,2,638073,,,false,4
,HTPLz~~,3,638142,,,false,4
,HTPLz~~,4,650921,,,false,4
,HTPLz~~,5,648128,,,false,4
,HTPLz~~,6,633673,,,false,4
,HTPLz~~,7,650782,,,false,4
,HTPLz~~,8,639888,,,false,4
,HTPLz~~,9,644916,,,false,4
,HwC^~z~,0,634441,,,false,5
,HwC^~z~,1,623337,,,false,5
,HwC^~z~,2,625712,,,false,5
,HwC^~z~,3,627597,,,false,5
,HwC^~z~,4,612723,,,false,5
,HwC^~z~,5,629622,,,false,5
,HwC^~z~,6,622429,,,false,5
,HwC^~z~,7,612513,,,false,5
,HwC^~z~,8,629203,,,false,5
,HwC^~z~,9,619776,,,false,5
,HcKz]~~,0,678436,,,false,5
,HcKz]~~,1,672361,,,false,5
,HcKz]~~,2,662584,,,false,5
,HcKz]~~,3,665936,,,false,5
,HcKz]~~,4,677598,,,false,5
,HcKz]~~,5,670963,,,false,5
,HcKz]~~,6,657835,,,false,5
,HcKz]~~,7,676900,,,false,5
,HcKz]~~,8,674596,,,false,5
,HcKz]~~,9,657277,,,false,5
,HHe^Z~~,0,688911,,,false,5
,HHe^Z~~,1,689540,,,false,5
,HHe^Z~~,2,674316,,,false,5
,HHe^Z~~,3,709442,,,false,5
,HHe^Z~~,4,714819,,,false,5
,HHe^Z~~,5,689470,,,false,5
,HHe^Z~~,6,721384,,,false,5
,HHe^Z~~,7,714401,,,false,5
,HHe^Z~~,8,712026,,,false,5
,HHe^Z~~,9,709163,,,false,5
,HTlai^~,0,628924,,,false,4
,HTlai^~,1,621033,,,false,4
,HTlai^~,2,628295,,,false,4
,HTlai^~,3,632276,,,false,4
,HTlai^~,4,617122,,,false,4
,HTlai^~,5,617401,,,false,4
,HTlai^~,6,630600,,,false,4
,HTlai^~,7,620474,,,false,4
,HTlai^~,8,622499,,,false,4
,HTlai^~,9,626620,,,false,4
,HRhTY~~,0,654972,,,false,4
,HRhTY~~,1,654832,,,false,4
,HRhTY~~,2,653226,,,false,4
,HRhTY~~,3,650503,,,false,4
,HRhTY~~,4,664260,,,false,4
,HRhTY~~,5,658673,,,false,4
,HRhTY~~,6,646382,,,false,4
,HRhTY~~,7,655950,,,false,4
,HRhTY~~,8,655042,,,false,4
,HRhTY~~,9,652528,,,false,4
,HwDX~r~,0,660559,,,false,5
,HwDX~r~,1,649804,,,false,5
,HwDX~r~,2,633184,,,false,5
,HwDX~r~,3,650013,,,false,5
,HwDX~r~,4,653645,,,false,5
,HwDX~r~,5,626409,,,false,5
,HwDX~r~,6,648547,,,false,5
,HwDX~r~,7,649805,,,false,5
,HwDX~r~,8,628156,,,false,5
,HwDX~r~,9,645614,,,false,5
,H`NUX~~,0,657416,,,false,4
,H`NUX~~,1,626689,,,false,4
,H`NUX~~,2,646662,,,false,4
,H`NUX~~,3,656090,,,false,4
,H`NUX~~,4,642262,,,false,4
,H`NUX~~,5,653855,,,false,4
,H`NUX~~,6,633882,,,false,4
,H`NUX~~,7,642123,,,false,4
,H`NUX~~,8,656718,,,false,4
,H`NUX~~,9,627318,,,false,4
,HwDX~v~,0,663282,,,false,5
,HwDX~v~,1,663771,,,false,5
,HwDX~v~,2,646662,,,false,5
,HwDX~v~,3,652318,,,false,5
,HwDX~v~,4,660070,,,false,5
,HwDX~v~,5,646173,,,false,5
,HwDX~v~,6,655880,,,false,5
,HwDX~v~,7,660419,,,false,5
,HwDX~v~,8,650013,,,false,5
,HwDX~v~,9,653715,,,false,5
,HTPi|~~,0,671453,,,false,4
,HTPi|~~,1,659721,,,false,4
,HTPi|~~,2,663352,,,false,4
,HTPi|~~,3,667332,,,false,4
,HTPi|~~,4,654414,,,false,4
,HTPi|~~,5,669148,,,false,4
,HTPi|~~,6,667891,,,false,4
,HTPi|~~,7,652179,,,false,4
,HTPi|~~,8,659442,,,false,4
,HTPi|~~,9,675503,,,false,4
,H}CXZ^~,0,646941,,,false,5
,H}CXZ^~,1,642192,,,false,5
,H}CXZ^~,2,650712,,,false,5
,H}CXZ^~,3,630320,,,false,5
,H}CXZ^~,4,645195,,,false,5
,H}CXZ^~,5,651341,,,false,5
,H}CXZ^~,6,629343,,,false,5
,H}CXZ^~,7,645963,,,false,5
,H}CXZ^~,8,649036,,,false,5
,H}CXZ^~,9,627737,,,false,5
,H`^@|n~,0,669916,,,false,5
,H`^@|n~,1,670057,,,false,5
,H`^@|n~,2,653785,,,false,5
,H`^@|n~,3,658604,,,false,5
,H`^@|n~,4,656997,,,false,5
,H`^@|n~,5,657276,,,false,5
,H`^@|n~,6,678855,,,false,5
,H`^@|n~,7,685001,,,false,5
,H`^@|n~,8,678855,,,false,5
,H`^@|n~,9,694009,,,false,5
,HtPHx~~,0,665866,,,false,5
,HtPHx~~,1,663422,,,false,5
,HtPHx~~,2,631019,,,false,5
,HtPHx~~,3,638701,,,false,5
,HtPHx~~,4,626550,,,false,5
,HtPHx~~,5,632137,,,false,5
,HtPHx~~,6,636257,,,false,5
,HtPHx~~,7,621102,,,false,5
,HtPHx~~,8,634930,,,false,5
,HtPHx~~,9,644008,,,false,5
,H`NH~f~,0,646871,,,false,5
,H`NH~f~,1,653505,,,false,5
,H`NH~f~,2,650572,,,false,5
,H`NH~f~,3,635628,,,false,5
,H`NH~f~,4,646731,,,false,5
,H`NH~f~,5,649734,,,false,5
,H`NH~f~,6,636745,,,false,5
,H`NH~f~,7,641424,,,false,5
,H`NH~f~,8,641843,,,false,5
,H`NH~f~,9,643170,,,false,5
,H`o~fz~,0,655321,,,false,5
,H`o~fz~,1,635209,,,false,5
,H`o~fz~,2,635349,,,false,5
,H`o~fz~,3,649106,,,false,5
,H`o~fz~,4,626270,,,false,5
,H`o~fz~,5,642612,,,false,5
,H`o~fz~,6,651131,,,false,5
,H`o~fz~,7,625851,,,false,5
,H`o~fz~,8,641145,,,false,5
,H`o~fz~,9,647360,,,false,5
,H{CZZ~~,0,644008,,,false,5
,H{CZZ~~,1,648338,,,false,5
,H{CZZ~~,2,649385,,,false,5
,H{CZZ~~,3,645335,,,false,5
,H{CZZ~~,4,658953,,,false,5
,H{CZZ~~,5,655042,,,false,5
,H{CZZ~~,6,635209,,,false,5
,H{CZZ~~,7,652807,,,false,5
,H{CZZ~~,8,660140,,,false,5
,H{CZZ~~,9,639399,,,false,5
,HwD\r~~,0,665447,,,false,5
,HwD\r~~,1,659441,,,false,5
,HwD\r~~,2,655111,,,false,5
,HwD\r~~,3,662514,,,false,5
,HwD\r~~,4,664050,,,false,5
,HwD\r~~,5,649106,,,false,5
,HwD\r~~,6,662864,,,false,5
,HwD\r~~,7,655321,,,false,5
,HwD\r~~,8,659930,,,false,5
,HwD\r~~,9,670615,,,false,5
,H`K~Mr~,0,634720,,,false,5
,H`K~Mr~,1,605809,,,false,5
,H`K~Mr~,2,622359,,,false,5
,H`K~Mr~,3,629553,,,false,5
,H`K~Mr~,4,614329,,,false,5
,H`K~Mr~,5,625642,,,false,5
,H`K~Mr~,6,617192,,,false,5
,H`K~Mr~,7,628436,,,false,5
,H`K~Mr~,8,628645,,,false,5
,H`K~Mr~,9,610069,,,false,5
,H`K~Mv~,0,642332,,,false,5
,H`K~Mv~,1,646243,,,false,5
,H`K~Mv~,2,629133,,,false,5
,H`K~Mv~,3,639609,,,false,5
,H`K~Mv~,4,631997,,,false,5
,H`K~Mv~,5,620893,,,false,5
,H`K~Mv~,6,635628,,,false,5
,H`K~Mv~,7,629343,,,false,5
,H`K~Mv~,8,637304,,,false,5
,H`K~Mv~,9,640307,,,false,5
,H`rHx~~,0,615726,,,false,4
,H`rHx~~,1,623616,,,false,4
,H`rHx~~,2,625153,,,false,4
,H`rHx~~,3,607765,,,false,4
,H`rHx~~,4,615516,,,false,4
,H`rHx~~,5,615236,,,false,4
,H`rHx~~,6,603854,,,false,4
,H`rHx~~,7,614329,,,false,4
,H`rHx~~,8,617332,,,false,4
,H`rHx~~,9,631857,,,false,4
,H`K~M~~,0,681020,,,false,5
,H`K~M~~,1,672640,,,false,5
,H`K~M~~,2,688353,,,false,5
,H`K~M~~,3,693311,,,false,5
,H`K~M~~,4,673129,,,false,5
,H`K~M~~,5,678716,,,false,5
,H`K~M~~,6,691356,,,false,5
,H`K~M~~,7,638771,,,false,5
,H`K~M~~,8,650084,,,false,5
,H`K~M~~,9,668520,,,false,5
,HKeZZ~~,0,644008,,,false,4
,HKeZZ~~,1,639679,,,false,4
,HKeZZ~~,2,650293,,,false,4
,HKeZZ~~,3,652109,,,false,4
,HKeZZ~~,4,640586,,,false,4
,HKeZZ~~,5,647361,,,false,4
,HKeZZ~~,6,640237,,,false,4
,HKeZZ~~,7,648199,,,false,4
,HKeZZ~~,8,651131,,,false,4
,HKeZZ~~,9,633463,,,false,4
,H`NNjz~,0,668450,,,false,5
,H`NNjz~,1,671942,,,false,5
,H`NNjz~,2,652388,,,false,5
,H`NNjz~,3,660978,,,false,5
,H`NNjz~,4,659930,,,false,5
,H`NNjz~,5,660140,,,false,5
,H`NNjz~,6,666774,,,false,5
,H`NNjz~,7,666356,,,false,5
,H`NNjz~,8,650991,,,false,5
,H`NNjz~,9,665028,,,false,5
,HtPLzz~,0,664470,,,false,5
,HtPLzz~,1,636955,,,false,5
,HtPLzz~,2,651061,,,false,5
,HtPLzz~,3,662514,,,false,5
,HtPLzz~,4,640167,,,false,5
,HtPLzz~,5,644148,,,false,5
,HtPLzz~,6,648687,,,false,5
,HtPLzz~,7,645405,,,false,5
,HtPLzz~,8,652388,,,false,5
,HtPLzz~,9,653017,,,false,5
,HwC}~z~,0,647988,,,false,5
,HwC}~z~,1,655950,,,false,5
,HwC}~z~,2,667821,,,false,5
,HwC}~z~,3,649874,,,false,5
,HwC}~z~,4,659232,,,false,5
,HwC}~z~,5,664749,,,false,5
,HwC}~z~,6,646732,,,false,5
,HwC}~z~,7,658463,,,false,5
,HwC}~z~,8,672849,,,false,5
,HwC}~z~,9,650642,,,false,5
,H`Nez~~,0,674595,,,false,5
,H`Nez~~,1,670685,,,false,5
,H`Nez~~,2,666914,,,false,5
,H`Nez~~,3,669428,,,false,5
,H`Nez~~,4,664818,,,false,5
,H`Nez~~,5,674665,,,false,5
,H`Nez~~,6,666285,,,false,5
,H`Nez~~,7,670824,,,false,5
,H`Nez~~,8,668729,,,false,5
,H`Nez~~,9,653925,,,false,5
,HtPLz~~,0,651969,,,false,5
,HtPLz~~,1,641145,,,false,5
,HtPLz~~,2,641076,,,false,5
,HtPLz~~,3,657276,,,false,5
,HtPLz~~,4,637305,,,false,5
,HtPLz~~,5,653506,,,false,5
,HtPLz~~,6,652597,,,false,5
,HtPLz~~,7,637025,,,false,5
,HtPLz~~,8,648757,,,false,5
,HtPLz~~,9,655880,,,false,5
,HQh\zz~,0,661816,,,false,4
,HQh\zz~,1,669917,,,false,4
,HQh\zz~,2,672990,,,false,4
,HQh\zz~,3,675503,,,false,4
,HQh\zz~,4,661607,,,false,4
,HQh\zz~,5,674735,,,false,4
,HQh\zz~,6,662793,,,false,4
,HQh\zz~,7,659162,,,false,4
,HQh\zz~,8,676481,,,false,4
,HQh\zz~,9,670406,,,false,4
,H`Mzu^~,0,658394,,,false,5
,H`Mzu^~,1,672012,,,false,5
,H`Mzu^~,2,702320,,,false,5
,H`Mzu^~,3,686956,,,false,5
,H`Mzu^~,4,691705,,,false,5
,H`Mzu^~,5,698479,,,false,5
,H`Mzu^~,6,682068,,,false,5
,H`Mzu^~,7,685350,,,false,5
,H`Mzu^~,8,674525,,,false,5
,H`Mzu^~,9,659930,,,false,5
,HwFXzv~,0,661537,,,false,5
,HwFXzv~,1,659930,,,false,5
,HwFXzv~,2,650293,,,false,5
,HwFXzv~,3,651830,,,false,5
,HwFXzv~,4,674945,,,false,5
,HwFXzv~,5,657696,,,false,5
,HwFXzv~,6,654553,,,false,5
,HwFXzv~,7,673548,,,false,5
,HwFXzv~,8,660349,,,false,5
,HwFXzv~,9,648757,,,false,5
,H`px~v~,0,675503,,,false,5
,H`px~v~,1,670196,,,false,5
,H`px~v~,2,664330,,,false,5
,H`px~v~,3,688213,,,false,5
,H`px~v~,4,677179,,,false,5
,H`px~v~,5,664260,,,false,5
,H`px~v~,6,681788,,,false,5
,H`px~v~,7,689820,,,false,5
,H`px~v~,8,669218,,,false,5
,H`px~v~,9,680321,,,false,5
,HQh\z~~,0,681509,,,false,4
,HQh\z~~,1,674735,,,false,4
,HQh\z~~,2,678785,,,false,4
,HQh\z~~,3,675503,,,false,4
,HQh\z~~,4,665936,,,false,4
,HQh\z~~,5,674875,,,false,4
,HQh\z~~,6,676062,,,false,4
,HQh\z~~,7,679414,,,false,4
,HQh\z~~,8,670056,,,false,4
,HQh\z~~,9,681299,,,false,4
,H`o~~z~,0,659511,,,false,5
,H`o~~z~,1,654693,,,false,5
,H`o~~z~,2,668031,,,false,5
,H`o~~z~,3,656369,,,false,5
,H`o~~z~,4,650642,,,false,5
,H`o~~z~,5,651829,,,false,5
,H`o~~z~,6,663422,,,false,5
,H`o~~z~,7,652877,,,false,5
,H`o~~z~,8,663142,,,false,5
,H`o~~z~,9,652389,,,false,5
,H`K~]z~,0,652738,,,false,5
,H`K~]z~,1,662025,,,false,5
,H`K~]z~,2,651830,,,false,5
,H`K~]z~,3,644008,,,false,5
,H`K~]z~,4,657975,,,false,5
,H`K~]z~,5,645894,,,false,5
,H`K~]z~,6,641704,,,false,5
,H`K~]z~,7,664958,,,false,5
,H`K~]z~,8,651551,,,false,5
,H`K~]z~,9,644357,,,false,5
,H`K~]~~,0,669917,,,false,5
,H`K~]~~,1,657905,,,false,5
,H`K~]~~,2,646382,,,false,5
,H`K~]~~,3,656089,,,false,5
,H`K~]~~,4,662794,,,false,5
,H`K~]~~,5,651061,,,false,5
,H`K~]~~,6,660140,,,false,5
,H`K~]~~,7,662863,,,false,5
,H`K~]~~,8,652807,,,false,5
,H`K~]~~,9,657626,,,false,5
,HpNay~~,0,673618,,,false,5
,HpNay~~,1,653785,,,false,5
,HpNay~~,2,659651,,,false,5
,HpNay~~,3,660279,,,false,5
,HpNay~~,4,649245,,,false,5
,HpNay~~,5,659651,,,false,5
,HpNay~~,6,662654,,,false,5
,HpNay~~,7,651411,,,false,5
,HpNay~~,8,655042,,,false,5
,HpNay~~,9,650432,,,false,5
,H{dax~~,0,648338,,,false,5
,H{dax~~,1,660629,,,false,5
,H{dax~~,2,650154,,,false,5
,H{dax~~,3,647361,,,false,5
,H{dax~~,4,681718,,,false,5
,H{dax~~,5,673199,,,false,5
,H{dax~~,6,670685,,,false,5
,H{dax~~,7,679135,,,false,5
,H{dax~~,8,672710,,,false,5
,H{dax~~,9,648338,,,false,5
,HjbH|~~,0,655042,,,false,5
,HjbH|~~,1,679134,,,false,5
,HjbH|~~,2,662235,,,false,5
,HjbH|~~,3,660419,,,false,5
,HjbH|~~,4,667542,,,false,5
,HjbH|~~,5,655112,,,false,5
,HjbH|~~,6,669428,,,false,5
,HjbH|~~,7,667403,,,false,5
,HjbH|~~,8,656299,,,false,5
,HjbH|~~,9,668380,,,false,5
,H`qzr~~,0,689121,,,false,5
,H`qzr~~,1,667123,,,false,5
,H`qzr~~,2,669847,,,false,5
,H`qzr~~,3,671593,,,false,5
,H`qzr~~,4,661746,,,false,5
,H`qzr~~,5,683604,,,false,5
,H`qzr~~,6,681649,,,false,5
,H`qzr~~,7,663702,,,false,5
,H`qzr~~,8,678995,,,false,5
,H`qzr~~,9,682557,,,false,5
,H`zPz~~,0,679205,,,false,5
,H`zPz~~,1,665377,,,false,5
,H`zPz~~,2,688632,,,false,5
,H`zPz~~,3,675433,,,false,5
,H`zPz~~,4,666355,,,false,5
,H`zPz~~,5,680113,,,false,5
,H`zPz~~,6,673129,,,false,5
,H`zPz~~,7,663492,,,false,5
,H`zPz~~,8,684302,,,false,5
,H`zPz~~,9,683465,,,false,5
,H`qzvn~,0,662933,,,false,5
,H`qzvn~,1,666984,,,false,5
,H`qzvn~,2,671872,,,false,5
,H`qzvn~,3,657206,,,false,5
,H`qzvn~,4,667054,,,false,5
,H`qzvn~,5,669986,,,false,5
,H`qzvn~,6,657905,,,false,5
,H`qzvn~,7,662025,,,false,5
,H`qzvn~,8,674106,,,false,5
,H`qzvn~,9,656788,,,false,5
,HKd~vz~,0,667822,,,false,5
,HKd~vz~,1,678157,,,false,5
,HKd~vz~,2,664610,,,false,5
,HKd~vz~,3,656369,,,false,5
,HKd~vz~,4,670196,,,false,5
,HKd~vz~,5,674526,,,false,5
,HKd~vz~,6,665377,,,false,5
,HKd~vz~,7,666076,,,false,5
,HKd~vz~,8,668660,,,false,5
,HKd~vz~,9,658813,,,false,5
,HKd~r~~,0,673687,,,false,5
,HKd~r~~,1,671593,,,false,5
,HKd~r~~,2,665518,,,false,5
,HKd~r~~,3,689470,,,false,5
,HKd~r~~,4,677738,,,false,5
,HKd~r~~,5,663841,,,false,5
,HKd~r~~,6,676202,,,false,5
,HKd~r~~,7,673129,,,false,5
,HKd~r~~,8,664889,,,false,5
,HKd~r~~,9,679554,,,false,5
,HKfzrv~,0,662026,,,false,5
,HKfzrv~,1,645056,,,false,5
,HKfzrv~,2,658603,,,false,5
,HKfzrv~,3,658185,,,false,5
,HKfzrv~,4,653994,,,false,5
,HKfzrv~,5,667053,,,false,5
,HKfzrv~,6,658533,,,false,5
,HKfzrv~,7,643799,,,false,5
,HKfzrv~,8,664120,,,false,5
,HKfzrv~,9,659721,,,false,5
,Hfphx~~,0,664120,,,false,5
,Hfphx~~,1,674875,,,false,5
,Hfphx~~,2,674526,,,false,5
,Hfphx~~,3,670405,,,false,5
,Hfphx~~,4,685420,,,false,5
,Hfphx~~,5,708186,,,false,5
,Hfphx~~,6,700015,,,false,5
,Hfphx~~,7,686887,,,false,5
,Hfphx~~,8,690657,,,false,5
,Hfphx~~,9,694987,,,false,5
,HbK~]~~,0,684722,,,false,5
,HbK~]~~,1,676411,,,false,5
,HbK~]~~,2,685978,,,false,5
,HbK~]~~,3,666006,,,false,5
,HbK~]~~,4,668520,,,false,5
,HbK~]~~,5,675015,,,false,5
,HbK~]~~,6,665587,,,false,5
,HbK~]~~,7,679694,,,false,5
,HbK~]~~,8,690168,,,false,5
,HbK~]~~,9,675923,,,false,5
,H`}rm^~,0,656509,,,false,5
,H`}rm^~,1,667892,,,false,5
,H`}rm^~,2,662514,,,false,5
,H`}rm^~,3,660698,,,false,5
,H`}rm^~,4,676342,,,false,5
,H`}rm^~,5,663212,,,false,5
,H`}rm^~,6,656019,,,false,5
,H`}rm^~,7,670755,,,false,5
,H`}rm^~,8,661257,,,false,5
,H`}rm^~,9,655601,,,false,5
,HKd~v^~,0,695127,,,false,5
,HKd~v^~,1,683395,,,false,5
,HKd~v^~,2,667961,,,false,5
,HKd~v^~,3,671942,,,false,5
,HKd~v^~,4,684302,,,false,5
,HKd~v^~,5,667891,,,false,5
,HKd~v^~,6,677459,,,false,5
,HKd~v^~,7,686607,,,false,5
,HKd~v^~,8,670545,,,false,5
,HKd~v^~,9,668869,,,false,5
,H`Nmz~~,0,694218,,,false,5
,H`Nmz~~,1,673897,,,false,5
,H`Nmz~~,2,667892,,,false,5
,H`Nmz~~,3,691146,,,false,5
,H`Nmz~~,4,683674,,,false,5
,H`Nmz~~,5,670545,,,false,5
,H`Nmz~~,6,681509,,,false,5
,H`Nmz~~,7,686956,,,false,5
,H`Nmz~~,8,674386,,,false,5
,H`Nmz~~,9,680671,,,false,5
,H`N~u~~,0,687585,,,false,5
,H`N~u~~,1,670684,,,false,5
,H`N~u~~,2,672082,,,false,5
,H`N~u~~,3,685001,,,false,5
,H`N~u~~,4,664400,,,false,5
,H`N~u~~,5,665936,,,false,5
,H`N~u~~,6,673478,,,false,5
,H`N~u~~,7,675992,,,false,5
,H`N~u~~,8,674805,,,false,5
,H`N~u~~,9,675294,,,false,5
,HxFHy~~,0,664190,,,false,5
,HxFHy~~,1,652877,,,false,5
,HxFHy~~,2,677458,,,false,5
,HxFHy~~,3,664050,,,false,5
,HxFHy~~,4,652528,,,false,5
,HxFHy~~,5,677179,,,false,5
,HxFHy~~,6,670754,,,false,5
,HxFHy~~,7,653296,,,false,5
,HxFHy~~,8,657905,,,false,5
,HxFHy~~,9,673059,,,false,5
,HRiiy~~,0,650084,,,false,5
,HRiiy~~,1,646453,,,false,5
,HRiiy~~,2,660140,,,false,5
,HRiiy~~,3,650782,,,false,5
,HRiiy~~,4,655252,,,false,5
,HRiiy~~,5,649316,,,false,5
,HRiiy~~,6,639678,,,false,5
,HRiiy~~,7,663143,,,false,5
,HRiiy~~,8,652598,,,false,5
,HRiiy~~,9,638492,,,false,5
,Hhox}~~,0,687375,,,false,5
,Hhox}~~,1,679274,,,false,5
,Hhox}~~,2,661187,,,false,5
,Hhox}~~,3,680811,,,false,5
,Hhox}~~,4,690308,,,false,5
,Hhox}~~,5,691355,,,false,5
,Hhox}~~,6,713214,,,false,5
,Hhox}~~,7,701412,,,false,5
,Hhox}~~,8,699037,,,false,5
,Hhox}~~,9,694219,,,false,5
,HRhY|~~,0,659372,,,false,5
,HRhY|~~,1,676481,,,false,5
,HRhY|~~,2,676411,,,false,5
,HRhY|~~,3,663981,,,false,5
,HRhY|~~,4,671173,,,false,5
,HRhY|~~,5,662235,,,false,5
,HRhY|~~,6,676900,,,false,5
,HRhY|~~,7,673618,,,false,5
,HRhY|~~,8,664050,,,false,5
,HRhY|~~,9,686537,,,false,5
,H`tp~^~,0,696034,,,false,5
,H`tp~^~,1,674945,,,false,5
,H`tp~^~,2,681439,,,false,5
,H`tp~^~,3,698478,,,false,5
,H`tp~^~,4,687375,,,false,5
,H`tp~^~,5,677459,,,false,5
,H`tp~^~,6,699037,,,false,5
,H`tp~^~,7,684722,,,false,5
,H`tp~^~,8,675573,,,false,5
,H`tp~^~,9,684861,,,false,5
,HdKz]^~,0,681300,,,false,5
,HdKz]^~,1,660000,,,false,5
,HdKz]^~,2,660908,,,false,5
,HdKz]^~,3,669079,,,false,5
,HdKz]^~,4,658533,,,false,5
,HdKz]^~,5,662723,,,false,5
,HdKz]^~,6,674456,,,false,5
,HdKz]^~,7,660209,,,false,5
,HdKz]^~,8,665028,,,false,5
,HdKz]^~,9,667333,,,false,5
,H`Mzu~~,0,665587,,,false,5
,H`Mzu~~,1,681090,,,false,5
,H`Mzu~~,2,675992,,,false,5
,H`Mzu~~,3,668659,,,false,5
,H`Mzu~~,4,658044,,,false,5
,H`Mzu~~,5,671942,,,false,5
,H`Mzu~~,6,670685,,,false,5
,H`Mzu~~,7,665308,,,false,5
,H`Mzu~~,8,675783,,,false,5
,H`Mzu~~,9,671802,,,false,5
,H~`HW~~,0,629064,,,false,5
,H~`HW~~,1,624664,,,false,5
,H~`HW~~,2,614957,,,false,5
,H~`HW~~,3,635907,,,false,5
,H~`HW~~,4,625363,,,false,5
,H~`HW~~,5,610488,,,false,5
,H~`HW~~,6,633533,,,false,5
,H~`HW~~,7,631508,,,false,5
,H~`HW~~,8,616215,,,false,5
,H~`HW~~,9,626899,,,false,5
,HrhTY~~,0,666076,,,false,5
,HrhTY~~,1,652668,,,false,5
,HrhTY~~,2,660629,,,false,5
,HrhTY~~,3,661048,,,false,5
,HrhTY~~,4,656299,,,false,5
,HrhTY~~,5,659023,,,false,5
,HrhTY~~,6,654554,,,false,5
,HrhTY~~,7,644916,,,false,5
,HrhTY~~,8,668869,,,false,5
,HrhTY~~,9,657556,,,false,5
,HtPix~~,0,659302,,,false,5
,HtPix~~,1,673129,,,false,5
,HtPix~~,2,667962,,,false,5
,HtPix~~,3,649665,,,false,5
,HtPix~~,4,670684,,,false,5
,HtPix~~,5,670615,,,false,5
,HtPix~~,6,652179,,,false,5
,HtPix~~,7,671872,,,false,5
,HtPix~~,8,666006,,,false,5
,HtPix~~,9,650991,,,false,5
,HhNUX~~,0,676830,,,false,5
,HhNUX~~,1,665377,,,false,5
,HhNUX~~,2,652667,,,false,5
,HhNUX~~,3,671732,,,false,5
,HhNUX~~,4,684582,,,false,5
,HhNUX~~,5,676970,,,false,5
,HhNUX~~,6,691984,,,false,5
,HhNUX~~,7,701621,,,false,5
,HhNUX~~,8,695406,,,false,5
,HhNUX~~,9,671174,,,false,5
,H{DX~^~,0,720197,,,false,5
,H{DX~^~,1,682207,,,false,5
,H{DX~^~,2,644148,,,false,5
,H{DX~^~,3,683954,,,false,5
,H{DX~^~,4,672571,,,false,5
,H{DX~^~,5,650573,,,false,5
,H{DX~^~,6,676481,,,false,5
,H{DX~^~,7,674176,,,false,5
,H{DX~^~,8,663911,,,false,5
,H{DX~^~,9,682486,,,false,5
,HJqkz~~,0,679833,,,false,5
,HJqkz~~,1,662165,,,false,5
,HJqkz~~,2,678576,,,false,5
,HJqkz~~,3,676830,,,false,5
,HJqkz~~,4,657137,,,false,5
,HJqkz~~,5,656858,,,false,5
,HJqkz~~,6,679065,,,false,5
,HJqkz~~,7,672571,,,false,5
,HJqkz~~,8,663492,,,false,5
,HJqkz~~,9,674106,,,false,5
,H`uvZz~,0,679973,,,false,5
,H`uvZz~,1,665028,,,false,5
,H`uvZz~,2,690239,,,false,5
,H`uvZz~,3,684721,,,false,5
,H`uvZz~,4,669008,,,false,5
,H`uvZz~,5,682557,,,false,5
,H`uvZz~,6,677389,,,false,5
,H`uvZz~,7,669707,,,false,5
,H`uvZz~,8,692473,,,false,5
,H`uvZz~,9,683604,,,false,5
,HKuzrn~,0,668380,,,false,5
,HKuzrn~,1,661746,,,false,5
,HKuzrn~,2,678157,,,false,5
,HKuzrn~,3,676062,,,false,5
,HKuzrn~,4,672570,,,false,5
,HKuzrn~,5,679554,,,false,5
,HKuzrn~,6,679833,,,false,5
,HKuzrn~,7,676690,,,false,5
,HKuzrn~,8,682277,,,false,5
,HKuzrn~,9,676272,,,false,5
,Hwuqx~~,0,669568,,,false,5
,Hwuqx~~,1,679833,,,false,5
,Hwuqx~~,2,678856,,,false,5
,Hwuqx~~,3,662793,,,false,5
,Hwuqx~~,4,673967,,,false,5
,Hwuqx~~,5,682277,,,false,5
,Hwuqx~~,6,669288,,,false,5
,Hwuqx~~,7,669079,,,false,5
,Hwuqx~~,8,677389,,,false,5
,Hwuqx~~,9,669707,,,false,5
,HqltY~~,0,673548,,,false,5
,HqltY~~,1,681789,,,false,5
,HqltY~~,2,676132,,,false,5
,HqltY~~,3,653506,,,false,5
,HqltY~~,4,679693,,,false,5
,HqltY~~,5,672640,,,false,5
,HqltY~~,6,658324,,,false,5
,HqltY~~,7,682347,,,false,5
,HqltY~~,8,679204,,,false,5
,HqltY~~,9,663841,,,false,5
,HKnZvn~,0,694429,,,false,5
,HKnZvn~,1,692542,,,false,5
,HKnZvn~,2,686258,,,false,5
,HKnZvn~,3,689889,,,false,5
,HKnZvn~,4,692962,,,false,5
,HKnZvn~,5,677808,,,false,5
,HKnZvn~,6,684581,,,false,5
,HKnZvn~,7,694428,,,false,5
,HKnZvn~,8,693520,,,false,5
,HKnZvn~,9,670894,,,false,5
,HQlu~^~,0,697501,,,false,5
,HQlu~^~,1,692612,,,false,5
,HQlu~^~,2,670056,,,false,5
,HQlu~^~,3,701481,,,false,5
,HQlu~^~,4,707417,,,false,5
,HQlu~^~,5,704344,,,false,5
,HQlu~^~,6,713842,,,false,5
,HQlu~^~,7,727669,,,false,5
,HQlu~^~,8,717544,,,false,5
,HQlu~^~,9,710979,,,false,5
,HKttz~~,0,729694,,,false,5
,HKttz~~,1,689191,,,false,5
,HKttz~~,2,685559,,,false,5
,HKttz~~,3,695965,,,false,5
,HKttz~~,4,694009,,,false,5
,HKttz~~,5,695615,,,false,5
,HKttz~~,6,683813,,,false,5
,HKttz~~,7,695127,,,false,5
,HKttz~~,8,695476,,,false,5
,HKttz~~,9,680252,,,false,5
,Hqh\z~~,0,671523,,,false,5
,Hqh\z~~,1,681230,,,false,5
,Hqh\z~~,2,681509,,,false,5
,Hqh\z~~,3,679833,,,false,5
,Hqh\z~~,4,687375,,,false,5
,Hqh\z~~,5,681369,,,false,5
,Hqh\z~~,6,667263,,,false,5
,Hqh\z~~,7,688841,,,false,5
,Hqh\z~~,8,690797,,,false,5
,Hqh\z~~,9,676970,,,false,5
,HTlrY~~,0,660839,,,false,5
,HTlrY~~,1,657765,,,false,5
,HTlrY~~,2,648757,,,false,5
,HTlrY~~,3,675504,,,false,5
,HTlrY~~,4,666914,,,false,5
,HTlrY~~,5,641844,,,false,5
,HTlrY~~,6,663562,,,false,5
,HTlrY~~,7,660768,,,false,5
,HTlrY~~,8,647710,,,false,5
,HTlrY~~,9,664609,,,false,5
,HTXZ~z~,0,690238,,,false,5
,HTXZ~z~,1,669148,,,false,5
,HTXZ~z~,2,671244,,,false,5
,HTXZ~z~,3,680602,,,false,5
,HTXZ~z~,4,683464,,,false,5
,HTXZ~z~,5,670824,,,false,5
,HTXZ~z~,6,684023,,,false,5
,HTXZ~z~,7,680741,,,false,5
,HTXZ~z~,8,670685,,,false,5
,HTXZ~z~,9,682138,,,false,5
,HTX\z~~,0,686886,,,false,5
,HTX\z~~,1,667263,,,false,5
,HTX\z~~,2,688982,,,false,5
,HTX\z~~,3,692542,,,false,5
,HTX\z~~,4,669638,,,false,5
,HTX\z~~,5,676481,,,false,5
,HTX\z~~,6,681998,,,false,5
,HTX\z~~,7,678925,,,false,5
,HTX\z~~,8,680461,,,false,5
,HTX\z~~,9,690098,,,false,5
,HTX^~z~,0,679763,,,false,5
,HTX^~z~,1,666146,,,false,5
,HTX^~z~,2,681230,,,false,5
,HTX^~z~,3,683115,,,false,5
,HTX^~z~,4,671174,,,false,5
,HTX^~z~,5,681160,,,false,5
,HTX^~z~,6,681300,,,false,5
,HTX^~z~,7,677878,,,false,5
,HTX^~z~,8,684722,,,false,5
,HTX^~z~,9,679414,,,false,5
,HqK|Y~~,0,654413,,,false,5
,HqK|Y~~,1,668800,,,false,5
,HqK|Y~~,2,662724,,,false,5
,HqK|Y~~,3,651899,,,false,5
,HqK|Y~~,4,657556,,,false,5
,HqK|Y~~,5,669567,,,false,5
,HqK|Y~~,6,658533,,,false,5
,HqK|Y~~,7,660978,,,false,5
,HqK|Y~~,8,658813,,,false,5
,HqK|Y~~,9,653086,,,false,5
,HqKy~^~,0,676900,,,false,5
,HqKy~^~,1,683743,,,false,5
,HqKy~^~,2,679065,,,false,5
,HqKy~^~,3,666565,,,false,5
,HqKy~^~,4,697501,,,false,5
,HqKy~^~,5,708675,,,false,5
,HqKy~^~,6,692263,,,false,5
,HqKy~^~,7,711119,,,false,5
,HqKy~^~,8,703856,,,false,5
,HqKy~^~,9,698269,,,false,5
,H}hPW~~,0,612094,,,false,5
,H}hPW~~,1,632416,,,false,5
,H}hPW~~,2,642751,,,false,5
,H}hPW~~,3,633393,,,false,5
,H}hPW~~,4,635907,,,false,5
,H}hPW~~,5,633184,,,false,5
,H}hPW~~,6,640027,,,false,5
,H}hPW~~,7,636396,,,false,5
,H}hPW~~,8,638700,,,false,5
,H}hPW~~,9,645684,,,false,5
,H}GZ[~~,0,662375,,,false,5
,H}GZ[~~,1,640167,,,false,5
,H}GZ[~~,2,658744,,,false,5
,H}GZ[~~,3,656787,,,false,5
,H}GZ[~~,4,644706,,,false,5
,H}GZ[~~,5,661816,,,false,5
,H}GZ[~~,6,660559,,,false,5
,H}GZ[~~,7,652248,,,false,5
,H}GZ[~~,8,659442,,,false,5
,H}GZ[~~,9,654134,,,false,5
,HrotY~~,0,667543,,,false,5
,HrotY~~,1,671941,,,false,5
,HrotY~~,2,663143,,,false,5
,HrotY~~,3,648128,,,false,5
,HrotY~~,4,666983,,,false,5
,HrotY~~,5,666355,,,false,5
,HrotY~~,6,645265,,,false,5
,HrotY~~,7,668730,,,false,5
,HrotY~~,8,667054,,,false,5
,HrotY~~,9,645405,,,false,5
,HqNax~~,0,679833,,,false,5
,HqNax~~,1,677109,,,false,5
,HqNax~~,2,660210,,,false,5
,HqNax~~,3,671871,,,false,5
,HqNax~~,4,673687,,,false,5
,HqNax~~,5,664260,,,false,5
,HqNax~~,6,676970,,,false,5
,HqNax~~,7,675922,,,false,5
,HqNax~~,8,667472,,,false,5
,HqNax~~,9,671103,,,false,5
,HtOy~^~,0,682277,,,false,5
,HtOy~^~,1,661467,,,false,5
,HtOy~^~,2,679693,,,false,5
,HtOy~^~,3,681159,,,false,5
,HtOy~^~,4,669498,,,false,5
,HtOy~^~,5,677250,,,false,5
,HtOy~^~,6,684093,,,false,5
,HtOy~^~,7,674456,,,false,5
,HtOy~^~,8,667752,,,false,5
,HtOy~^~,9,678226,,,false,5
,Hqgyz~~,0,681858,,,false,5
,Hqgyz~~,1,666355,,,false,5
,Hqgyz~~,2,678855,,,false,5
,Hqgyz~~,3,681020,,,false,5
,Hqgyz~~,4,676551,,,false,5
,Hqgyz~~,5,687096,,,false,5
,Hqgyz~~,6,681998,,,false,5
,Hqgyz~~,7,666425,,,false,5
,Hqgyz~~,8,680043,,,false,5
,Hqgyz~~,9,685908,,,false,5
,HRqi~n~,0,675503,,,false,5
,HRqi~n~,1,669218,,,false,5
,HRqi~n~,2,680811,,,false,5
,HRqi~n~,3,670405,,,false,5
,HRqi~n~,4,676621,,,false,5
,HRqi~n~,5,681229,,,false,5
,HRqi~n~,6,670476,,,false,5
,HRqi~n~,7,667821,,,false,5
,HRqi~n~,8,680461,,,false,5
,HRqi~n~,9,679414,,,false,5
,HhqXz~~,0,668939,,,false,5
,HhqXz~~,1,686327,,,false,5
,HhqXz~~,2,682068,,,false,5
,HhqXz~~,3,667891,,,false,5
,HhqXz~~,4,707417,,,false,5
,HhqXz~~,5,714051,,,false,5
,HhqXz~~,6,707906,,,false,5
,HhqXz~~,7,703856,,,false,5
,HhqXz~~,8,713074,,,false,5
,HhqXz~~,9,711817,,,false,5
,HqzPx~~,0,689679,,,false,5
,HqzPx~~,1,656788,,,false,5
,HqzPx~~,2,661397,,,false,5
,HqzPx~~,3,678297,,,false,5
,HqzPx~~,4,646662,,,false,5
,HqzPx~~,5,671593,,,false,5
,HqzPx~~,6,677389,,,false,5
,HqzPx~~,7,650014,,,false,5
,HqzPx~~,8,667054,,,false,5
,HqzPx~~,9,672570,,,false,5
,HuSxz^~,0,664470,,,false,6
,HuSxz^~,1,676760,,,false,6
,HuSxz^~,2,678157,,,false,6
,HuSxz^~,3,668799,,,false,6
,HuSxz^~,4,672920,,,false,6
,HuSxz^~,5,672361,,,false,6
,HuSxz^~,6,670406,,,false,6
,HuSxz^~,7,682906,,,false,6
,HuSxz^~,8,678296,,,false,6
,HuSxz^~,9,658394,,,false,6
,HkurX~~,0,692263,,,false,5
,HkurX~~,1,689401,,,false,5
,HkurX~~,2,667263,,,false,5
,HkurX~~,3,684163,,,false,5
,HkurX~~,4,690238,,,false,5
,HkurX~~,5,671662,,,false,5
,HkurX~~,6,672710,,,false,5
,HkurX~~,7,687934,,,false,5
,HkurX~~,8,679763,,,false,5
,HkurX~~,9,667682,,,false,5
,HYU\~z~,0,689330,,,false,6
,HYU\~z~,1,693939,,,false,6
,HYU\~z~,2,668101,,,false,6
,HYU\~z~,3,683185,,,false,6
,HYU\~z~,4,682068,,,false,6
,HYU\~z~,5,663981,,,false,6
,HYU\~z~,6,679763,,,false,6
,HYU\~z~,7,685908,,,false,6
,HYU\~z~,8,666844,,,false,6
,HYU\~z~,9,681788,,,false,6
,HqK~]~~,0,689679,,,false,6
,HqK~]~~,1,675922,,,false,6
,HqK~]~~,2,676132,,,false,6
,HqK~]~~,3,688353,,,false,6
,HqK~]~~,4,679764,,,false,6
,HqK~]~~,5,671104,,,false,6
,HqK~]~~,6,684023,,,false,6
,HqK~]~~,7,679764,,,false,6
,HqK~]~~,8,679693,,,false,6
,HqK~]~~,9,685281,,,false,6
,Hktpx~~,0,680043,,,false,5
,Hktpx~~,1,662863,,,false,5
,Hktpx~~,2,684023,,,false,5
,Hktpx~~,3,680741,,,false,5
,Hktpx~~,4,663212,,,false,5
,Hktpx~~,5,677668,,,false,5
,Hktpx~~,6,680811,,,false,5
,Hktpx~~,7,669986,,,false,5
,Hktpx~~,8,671453,,,false,5
,Hktpx~~,9,685141,,,false,5
,Hdthzn~,0,694288,,,false,5
,Hdthzn~,1,674177,,,false,5
,Hdthzn~,2,689959,,,false,5
,Hdthzn~,3,693311,,,false,5
,Hdthzn~,4,675503,,,false,5
,Hdthzn~,5,680810,,,false,5
,Hdthzn~,6,681928,,,false,5
,Hdthzn~,7,679064,,,false,5
,Hdthzn~,8,681020,,,false,5
,Hdthzn~,9,692613,,,false,5
,H`mzrn~,0,672641,,,false,6
,H`mzrn~,1,651899,,,false,6
,H`mzrn~,2,655391,,,false,6
,H`mzrn~,3,656369,,,false,6
,H`mzrn~,4,678157,,,false,6
,H`mzrn~,5,699108,,,false,6
,H`mzrn~,6,698059,,,false,6
,H`mzrn~,7,673059,,,false,6
,H`mzrn~,8,686327,,,false,6
,H`mzrn~,9,695406,,,false,6
,HpLy~v~,0,670755,,,false,6
,HpLy~v~,1,688841,,,false,6
,HpLy~v~,2,694708,,,false,6
,HpLy~v~,3,671244,,,false,6
,HpLy~v~,4,686537,,,false,6
,HpLy~v~,5,689958,,,false,6
,HpLy~v~,6,676341,,,false,6
,HpLy~v~,7,673967,,,false,6
,HpLy~v~,8,689470,,,false,6
,HpLy~v~,9,685280,,,false,6
,H`zTzz~,0,670406,,,false,5
,H`zTzz~,1,681718,,,false,5
,H`zTzz~,2,679065,,,false,5
,H`zTzz~,3,675503,,,false,5
,H`zTzz~,4,687306,,,false,5
,H`zTzz~,5,679274,,,false,5
,H`zTzz~,6,664609,,,false,5
,H`zTzz~,7,682557,,,false,5
,H`zTzz~,8,687305,,,false,5
,H`zTzz~,9,675015,,,false,5
,HKur~z~,0,684233,,,false,5
,HKur~z~,1,689330,,,false,5
,HKur~z~,2,678157,,,false,5
,HKur~z~,3,682696,,,false,5
,HKur~z~,4,694358,,,false,5
,HKur~z~,5,687096,,,false,5
,HKur~z~,6,670196,,,false,5
,HKur~z~,7,687584,,,false,5
,HKur~z~,8,694498,,,false,5
,HKur~z~,9,674595,,,false,5
,HqL\~^~,0,688283,,,false,5
,HqL\~^~,1,691355,,,false,5
,HqL\~^~,2,695197,,,false,5
,HqL\~^~,3,681439,,,false,5
,HqL\~^~,4,690378,,,false,5
,HqL\~^~,5,681509,,,false,5
,HqL\~^~,6,687724,,,false,5
,HqL\~^~,7,699247,,,false,5
,HqL\~^~,8,690448,,,false,5
,HqL\~^~,9,675713,,,false,5
,HdW}z~~,0,703647,,,false,5
,HdW}z~~,1,705252,,,false,5
,HdW}z~~,2,687375,,,false,5
,HdW}z~~,3,687794,,,false,5
,HdW}z~~,4,702389,,,false,5
,HdW}z~~,5,699527,,,false,5
,HdW}z~~,6,685001,,,false,5
,HdW}z~~,7,701551,,,false,5
,HdW}z~~,8,704833,,,false,5
,HdW}z~~,9,677458,,,false,5
,H`lv]~~,0,681439,,,false,5
,H`lv]~~,1,692543,,,false,5
,H`lv]~~,2,680322,,,false,5
,H`lv]~~,3,678226,,,false,5
,H`lv]~~,4,689958,,,false,5
,H`lv]~~,5,684582,,,false,5
,H`lv]~~,6,669707,,,false,5
,H`lv]~~,7,692054,,,false,5
,H`lv]~~,8,696384,,,false,5
,H`lv]~~,9,674037,,,false,5
,H`lv~z~,0,676900,,,false,6
,H`lv~z~,1,673478,,,false,6
,H`lv~z~,2,672710,,,false,6
,H`lv~z~,3,666146,,,false,6
,H`lv~z~,4,680252,,,false,6
,H`lv~z~,5,681439,,,false,6
,H`lv~z~,6,669218,,,false,6
,H`lv~z~,7,677109,,,false,6
,H`lv~z~,8,674735,,,false,6
,H`lv~z~,9,667054,,,false,6
,H\TZ\~~,0,687585,,,false,5
,H\TZ\~~,1,677179,,,false,5
,H\TZ\~~,2,697012,,,false,5
,H\TZ\~~,3,711887,,,false,5
,H\TZ\~~,4,712026,,,false,5
,H\TZ\~~,5,717195,,,false,5
,H\TZ\~~,6,689959,,,false,5
,H\TZ\~~,7,710839,,,false,5
,H\TZ\~~,8,727809,,,false,5
,H\TZ\~~,9,660350,,,false,5
,H}Ky~^~,0,676970,,,false,6
,H}Ky~^~,1,694987,,,false,6
,H}Ky~^~,2,654693,,,false,6
,H}Ky~^~,3,675503,,,false,6
,H}Ky~^~,4,682277,,,false,6
,H}Ky~^~,5,665237,,,false,6
,H}Ky~^~,6,661118,,,false,6
,H}Ky~^~,7,677388,,,false,6
,H}Ky~^~,8,681299,,,false,6
,H}Ky~^~,9,666495,,,false,6
,HR]~Mv~,0,682557,,,false,6
,HR]~Mv~,1,670126,,,false,6
,HR]~Mv~,2,670266,,,false,6
,HR]~Mv~,3,677179,,,false,6
,HR]~Mv~,4,674526,,,false,6
,HR]~Mv~,5,668939,,,false,6
,HR]~Mv~,6,683744,,,false,6
,HR]~Mv~,7,681299,,,false,6
,HR]~Mv~,8,668240,,,false,6
,HR]~Mv~,9,676970,,,false,6
,HJnL~n~,0,702320,,,false,6
,HJnL~n~,1,681160,,,false,6
,HJnL~n~,2,685559,,,false,6
,HJnL~n~,3,698619,,,false,6
,HJnL~n~,4,684232,,,false,6
,HJnL~n~,5,687515,,,false,6
,HJnL~n~,6,704834,,,false,6
,HJnL~n~,7,695266,,,false,6
,HJnL~n~,8,687725,,,false,6
,HJnL~n~,9,698269,,,false,6
,HhN~u~~,0,689260,,,false,6
,HhN~u~~,1,702669,,,false,6
,HhN~u~~,2,680252,,,false,6
,HhN~u~~,3,686118,,,false,6
,HhN~u~~,4,694358,,,false,6
,HhN~u~~,5,676342,,,false,6
,HhN~u~~,6,693450,,,false,6
,HhN~u~~,7,697431,,,false,6
,HhN~u~~,8,681439,,,false,6
,HhN~u~~,9,685560,,,false,6
,HjK~]~~,0,677249,,,false,6
,HjK~]~~,1,671593,,,false,6
,HjK~]~~,2,680741,,,false,6
,HjK~]~~,3,680252,,,false,6
,HjK~]~~,4,674246,,,false,6
,HjK~]~~,5,670196,,,false,6
,HjK~]~~,6,688353,,,false,6
,HjK~]~~,7,671383,,,false,6
,HjK~]~~,8,672570,,,false,6
,HjK~]~~,9,686537,,,false,6
,HRVlz~~,0,701202,,,false,5
,HRVlz~~,1,692473,,,false,5
,HRVlz~~,2,701133,,,false,5
,HRVlz~~,3,704344,,,false,5
,HRVlz~~,4,703298,,,false,5
,HRVlz~~,5,692193,,,false,5
,HRVlz~~,6,700783,,,false,5
,HRVlz~~,7,698130,,,false,5
,HRVlz~~,8,695266,,,false,5
,HRVlz~~,9,708674,,,false,5
,H[Uzu~~,0,693171,,,false,5
,H[Uzu~~,1,685559,,,false,5
,H[Uzu~~,2,676411,,,false,5
,H[Uzu~~,3,687934,,,false,5
,H[Uzu~~,4,692613,,,false,5
,H[Uzu~~,5,679763,,,false,5
,H[Uzu~~,6,687096,,,false,5
,H[Uzu~~,7,699456,,,false,5
,H[Uzu~~,8,681858,,,false,5
,H[Uzu~~,9,684861,,,false,5
,HLrZt~~,0,694009,,,false,5
,HLrZt~~,1,730812,,,false,5
,HLrZt~~,2,715239,,,false,5
,HLrZt~~,3,727949,,,false,5
,HLrZt~~,4,715518,,,false,5
,HLrZt~~,5,714541,,,false,5
,HLrZt~~,6,725225,,,false,5
,HLrZt~~,7,711468,,,false,5
,HLrZt~~,8,683604,,,false,5
,HLrZt~~,9,681718,,,false,5
,H\diz~~,0,694428,,,false,5
,H\diz~~,1,683185,,,false,5
,H\diz~~,2,681648,,,false,5
,H\diz~~,3,694358,,,false,5
,H\diz~~,4,678436,,,false,5
,H\diz~~,5,675294,,,false,5
,H\diz~~,6,688144,,,false,5
,H\diz~~,7,686886,,,false,5
,H\diz~~,8,680741,,,false,5
,H\diz~~,9,671942,,,false,5
,HKl~e~~,0,703647,,,false,5
,HKl~e~~,1,688841,,,false,5
,HKl~e~~,2,678855,,,false,5
,HKl~e~~,3,694499,,,false,5
,HKl~e~~,4,687584,,,false,5
,HKl~e~~,5,682697,,,false,5
,HKl~e~~,6,686188,,,false,5
,HKl~e~~,7,676690,,,false,5
,HKl~e~~,8,678785,,,false,5
,HKl~e~~,9,691146,,,false,5
,HRlu~Z~,0,694149,,,false,5
,HRlu~Z~,1,681928,,,false,5
,HRlu~Z~,2,678855,,,false,5
,HRlu~Z~,3,697431,,,false,5
,HRlu~Z~,4,688771,,,false,5
,HRlu~Z~,5,675014,,,false,5
,HRlu~Z~,6,685699,,,false,5
,HRlu~Z~,7,691146,,,false,5
,HRlu~Z~,8,670336,,,false,5
,HRlu~Z~,9,685978,,,false,5
,HKnr~v~,0,716216,,,false,5
,HKnr~v~,1,702878,,,false,5
,HKnr~v~,2,686397,,,false,5
,HKnr~v~,3,700574,,,false,5
,HKnr~v~,4,712026,,,false,5
,HKnr~v~,5,690867,,,false,5
,HKnr~v~,6,697012,,,false,5
,HKnr~v~,7,698199,,,false,5
,HKnr~v~,8,703158,,,false,5
,HKnr~v~,9,691914,,,false,5
,HRlu~^~,0,696873,,,false,5
,HRlu~^~,1,694637,,,false,5
,HRlu~^~,2,689889,,,false,5
,HRlu~^~,3,707836,,,false,5
,HRlu~^~,4,686607,,,false,5
,HRlu~^~,5,693172,,,false,5
,HRlu~^~,6,698199,,,false,5
,HRlu~^~,7,691077,,,false,5
,HRlu~^~,8,698129,,,false,5
,HRlu~^~,9,688143,,,false,5
,HQl~~z~,0,698968,,,false,5
,HQl~~z~,1,688423,,,false,5
,HQl~~z~,2,685070,,,false,5
,HQl~~z~,3,700853,,,false,5
,HQl~~z~,4,691216,,,false,5
,HQl~~z~,5,682417,,,false,5
,HQl~~z~,6,689820,,,false,5
,HQl~~z~,7,693311,,,false,5
,HQl~~z~,8,685489,,,false,5
,HQl~~z~,9,679274,,,false,5
,H{dXz^~,0,683255,,,false,5
,H{dXz^~,1,661816,,,false,5
,H{dXz^~,2,663353,,,false,5
,H{dXz^~,3,674735,,,false,5
,H{dXz^~,4,668031,,,false,5
,H{dXz^~,5,655950,,,false,5
,H{dXz^~,6,659162,,,false,5
,H{dXz^~,7,670406,,,false,5
,H{dXz^~,8,664120,,,false,5
,H{dXz^~,9,668730,,,false,5
,HrrHx~~,0,691844,,,false,6
,HrrHx~~,1,672640,,,false,6
,HrrHx~~,2,682557,,,false,6
,HrrHx~~,3,673339,,,false,6
,HrrHx~~,4,662514,,,false,6
,HrrHx~~,5,667961,,,false,6
,HrrHx~~,6,650294,,,false,6
,HrrHx~~,7,652598,,,false,6
,HrrHx~~,8,654274,,,false,6
,HrrHx~~,9,646104,,,false,6
,HYU}t~~,0,668799,,,false,6
,HYU}t~~,1,679833,,,false,6
,HYU}t~~,2,689889,,,false,6
,HYU}t~~,3,671592,,,false,6
,HYU}t~~,4,669079,,,false,6
,HYU}t~~,5,691356,,,false,6
,HYU}t~~,6,676272,,,false,6
,HYU}t~~,7,668380,,,false,6
,HYU}t~~,8,680741,,,false,6
,HYU}t~~,9,676690,,,false,6
,HKu~b~~,0,680740,,,false,5
,HKu~b~~,1,694429,,,false,5
,HKu~b~~,2,678366,,,false,5
,HKu~b~~,3,675294,,,false,5
,HKu~b~~,4,685280,,,false,5
,HKu~b~~,5,681230,,,false,5
,HKu~b~~,6,677947,,,false,5
,HKu~b~~,7,684931,,,false,5
,HKu~b~~,8,681928,,,false,5
,HKu~b~~,9,688632,,,false,5
,H`l~vj~,0,669637,,,false,6
,H`l~vj~,1,673059,,,false,6
,H`l~vj~,2,676551,,,false,6
,H`l~vj~,3,661466,,,false,6
,H`l~vj~,4,668730,,,false,6
,H`l~vj~,5,681300,,,false,6
,H`l~vj~,6,659651,,,false,6
,H`l~vj~,7,663422,,,false,6
,H`l~vj~,8,680462,,,false,6
,H`l~vj~,9,662235,,,false,6
,H`l~vn~,0,677808,,,false,6
,H`l~vn~,1,688702,,,false,6
,H`l~vn~,2,677179,,,false,6
,H`l~vn~,3,683115,,,false,6
,H`l~vn~,4,682836,,,false,6
,H`l~vn~,5,672640,,,false,6
,H`l~vn~,6,672570,,,false,6
,H`l~vn~,7,685629,,,false,6
,H`l~vn~,8,675713,,,false,6
,H`l~vn~,9,671872,,,false,6
,HbNl}~~,0,705532,,,false,5
,HbNl}~~,1,694778,,,false,5
,HbNl}~~,2,683255,,,false,5
,HbNl}~~,3,702179,,,false,5
,HbNl}~~,4,697082,,,false,5
,HbNl}~~,5,692124,,,false,5
,HbNl}~~,6,693172,,,false,5
,HbNl}~~,7,690308,,,false,5
,HbNl}~~,8,690937,,,false,5
,HbNl}~~,9,685489,,,false,5
,H`z\z~~,0,688911,,,false,5
,H`z\z~~,1,678227,,,false,5
,H`z\z~~,2,666843,,,false,5
,H`z\z~~,3,679553,,,false,5
,H`z\z~~,4,683604,,,false,5
,H`z\z~~,5,674945,,,false,5
,H`z\z~~,6,687166,,,false,5
,H`z\z~~,7,680740,,,false,5
,H`z\z~~,8,665447,,,false,5
,H`z\z~~,9,664889,,,false,5
,H~rHx~~,0,659581,,,false,6
,H~rHx~~,1,639399,,,false,6
,H~rHx~~,2,626549,,,false,6
,H~rHx~~,3,643590,,,false,6
,H~rHx~~,4,628156,,,false,6
,H~rHx~~,5,636885,,,false,6
,H~rHx~~,6,654484,,,false,6
,H~rHx~~,7,636676,,,false,6
,H~rHx~~,8,637933,,,false,6
,H~rHx~~,9,676201,,,false,6
,H^rLz~~,0,685559,,,false,6
,H^rLz~~,1,690866,,,false,6
,H^rLz~~,2,713423,,,false,6
,H^rLz~~,3,688632,,,false,6
,H^rLz~~,4,677039,,,false,6
,H^rLz~~,5,689470,,,false,6
,H^rLz~~,6,656578,,,false,6
,H^rLz~~,7,648199,,,false,6
,H^rLz~~,8,680532,,,false,6
,H^rLz~~,9,668799,,,false,6
,H`~~vn~,0,657765,,,false,6
,H`~~vn~,1,670894,,,false,6
,H`~~vn~,2,659721,,,false,6
,H`~~vn~,3,652737,,,false,6
,H`~~vn~,4,677738,,,false,6
,H`~~vn~,5,663282,,,false,6
,H`~~vn~,6,650921,,,false,6
,H`~~vn~,7,672850,,,false,6
,H`~~vn~,8,653017,,,false,6
,H`~~vn~,9,655811,,,false,6
,Hrqix~~,0,695127,,,false,6
,Hrqix~~,1,664469,,,false,6
,Hrqix~~,2,655531,,,false,6
,Hrqix~~,3,675573,,,false,6
,Hrqix~~,4,665797,,,false,6
,Hrqix~~,5,651411,,,false,6
,Hrqix~~,6,664190,,,false,6
,Hrqix~~,7,680741,,,false,6
,Hrqix~~,8,658115,,,false,6
,Hrqix~~,9,662723,,,false,6
,HYd}t~~,0,700923,,,false,6
,HYd}t~~,1,683743,,,false,6
,HYd}t~~,2,679274,,,false,6
,HYd}t~~,3,708604,,,false,6
,HYd}t~~,4,691426,,,false,6
,HYd}t~~,5,672640,,,false,6
,HYd}t~~,6,688213,,,false,6
,HYd}t~~,7,684163,,,false,6
,HYd}t~~,8,676970,,,false,6
,HYd}t~~,9,695197,,,false,6
,HtXXz~~,0,677459,,,false,6
,HtXXz~~,1,668659,,,false,6
,HtXXz~~,2,683325,,,false,6
,HtXXz~~,3,668590,,,false,6
,HtXXz~~,4,676271,,,false,6
,HtXXz~~,5,670126,,,false,6
,HtXXz~~,6,672501,,,false,6
,HtXXz~~,7,671313,,,false,6
,HtXXz~~,8,669847,,,false,6
,HtXXz~~,9,673269,,,false,6
,HMutZ~~,0,685141,,,false,6
,HMutZ~~,1,674386,,,false,6
,HMutZ~~,2,688912,,,false,6
,HMutZ~~,3,690308,,,false,6
,HMutZ~~,4,678646,,,false,6
,HMutZ~~,5,682766,,,false,6
,HMutZ~~,6,685699,,,false,6
,HMutZ~~,7,675783,,,false,6
,HMutZ~~,8,684512,,,false,6
,HMutZ~~,9,688214,,,false,6
,HvSzZ^~,0,677947,,,false,6
,HvSzZ^~,1,663702,,,false,6
,HvSzZ^~,2,672990,,,false,6
,HvSzZ^~,3,660559,,,false,6
,HvSzZ^~,4,653086,,,false,6
,HvSzZ^~,5,673548,,,false,6
,HvSzZ^~,6,663003,,,false,6
,HvSzZ^~,7,656509,,,false,6
,HvSzZ^~,8,678925,,,false,6
,HvSzZ^~,9,671663,,,false,6
,HvSz^^~,0,675992,,,false,6
,HvSz^^~,1,682976,,,false,6
,HvSz^^~,2,690657,,,false,6
,HvSz^^~,3,676132,,,false,6
,HvSz^^~,4,685140,,,false,6
,HvSz^^~,5,692123,,,false,6
,HvSz^^~,6,678157,,,false,6
,HvSz^^~,7,680601,,,false,6
,HvSz^^~,8,691915,,,false,6
,HvSz^^~,9,701063,,,false,6
,HqL~r~~,0,706579,,,false,6
,HqL~r~~,1,721803,,,false,6
,HqL~r~~,2,719918,,,false,6
,HqL~r~~,3,703646,,,false,6
,HqL~r~~,4,706999,,,false,6
,HqL~r~~,5,679344,,,false,6
,HqL~r~~,6,686327,,,false,6
,HqL~r~~,7,681718,,,false,6
,HqL~r~~,8,685699,,,false,6
,HqL~r~~,9,687096,,,false,6
,HRl~Mv~,0,682277,,,false,6
,HRl~Mv~,1,684093,,,false,6
,HRl~Mv~,2,690936,,,false,6
,HRl~Mv~,3,677947,,,false,6
,HRl~Mv~,4,678646,,,false,6
,HRl~Mv~,5,689679,,,false,6
,HRl~Mv~,6,684023,,,false,6
,HRl~Mv~,7,673338,,,false,6
,HRl~Mv~,8,693311,,,false,6
,HRl~Mv~,9,683813,,,false,6
,HLnJ~n~,0,692404,,,false,6
,HLnJ~n~,1,697920,,,false,6
,HLnJ~n~,2,707906,,,false,6
,HLnJ~n~,3,694917,,,false,6
,HLnJ~n~,4,692543,,,false,6
,HLnJ~n~,5,706999,,,false,6
,HLnJ~n~,6,702110,,,false,6
,HLnJ~n~,7,689750,,,false,6
,HLnJ~n~,8,699805,,,false,6
,HLnJ~n~,9,705811,,,false,6
,HdYz~r~,0,685699,,,false,6
,HdYz~r~,1,678366,,,false,6
,HdYz~r~,2,681578,,,false,6
,HdYz~r~,3,669986,,,false,6
,HdYz~r~,4,682906,,,false,6
,HdYz~r~,5,685490,,,false,6
,HdYz~r~,6,674805,,,false,6
,HdYz~r~,7,665448,,,false,6
,HdYz~r~,8,692054,,,false,6
,HdYz~r~,9,682207,,,false,6
,Hbiz~v~,0,687375,,,false,6
,Hbiz~v~,1,692473,,,false,6
,Hbiz~v~,2,705323,,,false,6
,Hbiz~v~,3,691216,,,false,6
,Hbiz~v~,4,689889,,,false,6
,Hbiz~v~,5,703227,,,false,6
,Hbiz~v~,6,699317,,,false,6
,Hbiz~v~,7,685420,,,false,6
,Hbiz~v~,8,695266,,,false,6
,Hbiz~v~,9,695406,,,false,6
,HdYz}~~,0,695057,,,false,6
,HdYz}~~,1,697571,,,false,6
,HdYz}~~,2,704484,,,false,6
,HdYz}~~,3,688282,,,false,6
,HdYz}~~,4,694638,,,false,6
,HdYz}~~,5,692054,,,false,6
,HdYz}~~,6,691355,,,false,6
,HdYz}~~,7,689470,,,false,6
,HdYz}~~,8,693590,,,false,6
,HdYz}~~,9,704554,,,false,6
,HqN~r~~,0,690029,,,false,6
,HqN~r~~,1,683884,,,false,6
,HqN~r~~,2,698758,,,false,6
,HqN~r~~,3,685001,,,false,6
,HqN~r~~,4,690238,,,false,6
,HqN~r~~,5,691844,,,false,6
,HqN~r~~,6,693311,,,false,6
,HqN~r~~,7,689959,,,false,6
,HqN~r~~,8,693032,,,false,6
,HqN~r~~,9,696174,,,false,6
,HtlrY~~,0,669637,,,false,6
,HtlrY~~,1,657626,,,false,6
,HtlrY~~,2,673478,,,false,6
,HtlrY~~,3,663492,,,false,6
,HtlrY~~,4,667822,,,false,6
,HtlrY~~,5,677878,,,false,6
,HtlrY~~,6,671523,,,false,6
,HtlrY~~,7,687585,,,false,6
,HtlrY~~,8,709862,,,false,6
,HtlrY~~,9,706789,,,false,6
,H{Sz~z~,0,699247,,,false,6
,H{Sz~z~,1,725155,,,false,6
,H{Sz~z~,2,721803,,,false,6
,H{Sz~z~,3,693101,,,false,6
,H{Sz~z~,4,671732,,,false,6
,H{Sz~z~,5,686398,,,false,6
,H{Sz~z~,6,681021,,,false,6
,H{Sz~z~,7,665028,,,false,6
,H{Sz~z~,8,696314,,,false,6
,H{Sz~z~,9,685000,,,false,6
,HRvdz~~,0,687445,,,false,6
,HRvdz~~,1,699037,,,false,6
,HRvdz~~,2,690867,,,false,6
,HRvdz~~,3,677389,,,false,6
,HRvdz~~,4,697431,,,false,6
,HRvdz~~,5,693241,,,false,6
,HRvdz~~,6,689400,,,false,6
,HRvdz~~,7,680602,,,false,6
,HRvdz~~,8,692194,,,false,6
,HRvdz~~,9,692264,,,false,6
,HtX\z~~,0,686328,,,false,6
,HtX\z~~,1,685909,,,false,6
,HtX\z~~,2,688981,,,false,6
,HtX\z~~,3,673967,,,false,6
,HtX\z~~,4,681788,,,false,6
,HtX\z~~,5,693800,,,false,6
,HtX\z~~,6,680672,,,false,6
,HtX\z~~,7,678855,,,false,6
,HtX\z~~,8,692962,,,false,6
,HtX\z~~,9,686886,,,false,6
,H{S~~z~,0,662723,,,false,6
,H{S~~z~,1,678576,,,false,6
,H{S~~z~,2,677459,,,false,6
,H{S~~z~,3,663981,,,false,6
,H{S~~z~,4,672850,,,false,6
,H{S~~z~,5,683394,,,false,6
,H{S~~z~,6,673338,,,false,6
,H{S~~z~,7,677529,,,false,6
,H{S~~z~,8,681719,,,false,6
,H{S~~z~,9,665517,,,false,6
,H}hXz~~,0,682277,,,false,6
,H}hXz~~,1,679833,,,false,6
,H}hXz~~,2,671662,,,false,6
,H}hXz~~,3,679553,,,false,6
,H}hXz~~,4,685559,,,false,6
,H}hXz~~,5,676900,,,false,6
,H}hXz~~,6,665657,,,false,6
,H}hXz~~,7,687515,,,false,6
,H}hXz~~,8,681998,,,false,6
,H}hXz~~,9,668730,,,false,6
,H}nax~~,0,676481,,,false,6
,H}nax~~,1,670196,,,false,6
,H}nax~~,2,671732,,,false,6
,H}nax~~,3,676830,,,false,6
,H}nax~~,4,675992,,,false,6
,H}nax~~,5,660210,,,false,6
,H}nax~~,6,676341,,,false,6
,H}nax~~,7,674735,,,false,6
,H}nax~~,8,661187,,,false,6
,H}nax~~,9,682277,,,false,6
,Hrvdz~~,0,696384,,,false,6
,Hrvdz~~,1,676202,,,false,6
,Hrvdz~~,2,683604,,,false,6
,Hrvdz~~,3,695825,,,false,6
,Hrvdz~~,4,693102,,,false,6
,Hrvdz~~,5,674037,,,false,6
,Hrvdz~~,6,692892,,,false,6
,Hrvdz~~,7,690238,,,false,6
,Hrvdz~~,8,672919,,,false,6
,Hrvdz~~,9,691356,,,false,6
,Hp^uz~~,0,716146,,,false,6
,Hp^uz~~,1,691146,,,false,6
,Hp^uz~~,2,695406,,,false,6
,Hp^uz~~,3,710700,,,false,6
,Hp^uz~~,4,705601,,,false,6
,Hp^uz~~,5,689330,,,false,6
,Hp^uz~~,6,738494,,,false,6
,Hp^uz~~,7,737516,,,false,6
,Hp^uz~~,8,732907,,,false,6
,Hp^uz~~,9,722921,,,false,6
,HRl}~^~,0,741496,,,false,6
,HRl}~^~,1,728298,,,false,6
,HRl}~^~,2,708675,,,false,6
,HRl}~^~,3,685629,,,false,6
,HRl}~^~,4,701551,,,false,6
,HRl}~^~,5,700783,,,false,6
,HRl}~^~,6,687584,,,false,6
,HRl}~^~,7,712306,,,false,6
,HRl}~^~,8,707417,,,false,6
,HRl}~^~,9,690378,,,false,6
,Hq~tz~~,0,700015,,,false,6
,Hq~tz~~,1,701760,,,false,6
,Hq~tz~~,2,693660,,,false,6
,Hq~tz~~,3,698548,,,false,6
,Hq~tz~~,4,703437,,,false,6
,Hq~tz~~,5,702250,,,false,6
,Hq~tz~~,6,686468,,,false,6
,Hq~tz~~,7,707277,,,false,6
,Hq~tz~~,8,702809,,,false,6
,Hq~tz~~,9,696942,,,false,6
,HjNm|~~,0,685001,,,false,6
,HjNm|~~,1,703856,,,false,6
,HjNm|~~,2,705532,,,false,6
,HjNm|~~,3,686537,,,false,6
,HjNm|~~,4,698130,,,false,6
,HjNm|~~,5,698339,,,false,6
,HjNm|~~,6,684582,,,false,6
,HjNm|~~,7,702808,,,false,6
,HjNm|~~,8,697920,,,false,6
,HjNm|~~,9,692054,,,false,6
,HJz\z~~,0,691146,,,false,6
,HJz\z~~,1,694219,,,false,6
,HJz\z~~,2,690238,,,false,6
,HJz\z~~,3,677319,,,false,6
,HJz\z~~,4,679274,,,false,6
,HJz\z~~,5,691844,,,false,6
,HJz\z~~,6,683814,,,false,6
,HJz\z~~,7,676271,,,false,6
,HJz\z~~,8,698339,,,false,6
,HJz\z~~,9,693800,,,false,6
,HMn~r~~,0,688562,,,false,6
,HMn~r~~,1,708953,,,false,6
,HMn~r~~,2,707487,,,false,6
,HMn~r~~,3,683046,,,false,6
,HMn~r~~,4,698269,,,false,6
,HMn~r~~,5,706998,,,false,6
,HMn~r~~,6,704205,,,false,6
,HMn~r~~,7,680042,,,false,6
,HMn~r~~,8,703367,,,false,6
,HMn~r~~,9,706021,,,false,6
,Hru~Z~~,0,688283,,,false,6
,Hru~Z~~,1,698270,,,false,6
,Hru~Z~~,2,701202,,,false,6
,Hru~Z~~,3,694080,,,false,6
,Hru~Z~~,4,692962,,,false,6
,Hru~Z~~,5,704554,,,false,6
,Hru~Z~~,6,697152,,,false,6
,Hru~Z~~,7,683534,,,false,6
,Hru~Z~~,8,712306,,,false,6
,Hru~Z~~,9,706230,,,false,6
,HR~~vn~,0,674874,,,false,6
,HR~~vn~,1,683185,,,false,6
,HR~~vn~,2,681579,,,false,6
,HR~~vn~,3,678715,,,false,6
,HR~~vn~,4,681229,,,false,6
,HR~~vn~,5,685419,,,false,6
,HR~~vn~,6,677109,,,false,6
,HR~~vn~,7,665796,,,false,6
,HR~~vn~,8,689191,,,false,6
,HR~~vn~,9,685141,,,false,6
,H???XjA,0,400079,,,false,1
,H???XjA,1,396517,,,false,1
,H???XjA,2,408319,,,false,1
,H???XjA,3,397355,,,false,1
,H???XjA,4,404757,,,false,1
,H???XjA,5,396237,,,false,1
,H???XjA,6,409576,,,false,1
,H???XjA,7,414115,,,false,1
,H???XjA,8,413207,,,false,1
,H???XjA,9,426825,,,false,1
,H?qahro,0,557903,,,false,4
,H?qahro,1,565305,,,false,4
,H?qahro,2,563909,,,false,4
,H?qahro,3,556296,,,false,4
,H?qahro,4,558042,,,false,4
,H?qahro,5,518168,,,false,4
,H?qahro,6,531924,,,false,4
,H?qahro,7,527875,,,false,4
,H?qahro,8,541422,,,false,4
,H?qahro,9,527107,,,false,4
,H??@GrD,0,426127,,,false,1
,H??@GrD,1,402662,,,false,1
,H??@GrD,2,409227,,,false,1
,H??@GrD,3,407062,,,false,1
,H??@GrD,4,404059,,,false,1
,H??@GrD,5,409925,,,false,1
,H??@GrD,6,401126,,,false,1
,H??@GrD,7,413975,,,false,1
,H??@GrD,8,399240,,,false,1
,H??@GrD,9,409297,,,false,1
,H???]Os,0,404617,,,false,1
,H???]Os,1,396796,,,false,1
,H???]Os,2,401405,,,false,1
,H???]Os,3,386391,,,false,1
,H???]Os,4,389254,,,false,1
,H???]Os,5,393863,,,false,1
,H???]Os,6,390861,,,false,1
,H???]Os,7,396726,,,false,1
,H???]Os,8,387368,,,false,1
,H???]Os,9,396657,,,false,1
,H``?@cM,0,422006,,,false,2
,H``?@cM,1,414953,,,false,2
,H``?@cM,2,432551,,,false,2
,H``?@cM,3,421796,,,false,2
,H``?@cM,4,428431,,,false,2
,H``?@cM,5,414464,,,false,2
,H``?@cM,6,425638,,,false,2
,H``?@cM,7,421518,,,false,2
,H``?@cM,8,419911,,,false,2
,H``?@cM,9,426127,,,false,2
,H?D_Sfa,0,462160,,,false,2
,H?D_Sfa,1,467818,,,false,2
,H?D_Sfa,2,451895,,,false,2
,H?D_Sfa,3,468376,,,false,2
,H?D_Sfa,4,460834,,,false,2
,H?D_Sfa,5,471937,,,false,2
,H?D_Sfa,6,457831,,,false,2
,H?D_Sfa,7,468376,,,false,2
,H?D_Sfa,8,453222,,,false,2
,H?D_Sfa,9,465513,,,false,2
,HCD@z^~,0,633463,,,false,3
,HCD@z^~,1,635977,,,false,3
,HCD@z^~,2,624665,,,false,3
,HCD@z^~,3,637164,,,false,3
,HCD@z^~,4,636256,,,false,3
,HCD@z^~,5,611884,,,false,3
,HCD@z^~,6,627458,,,false,3
,HCD@z^~,7,631927,,,false,3
,HCD@z^~,8,616704,,,false,3
,HCD@z^~,9,632206,,,false,3
,H`?Ha]{,0,531366,,,false,3
,H`?Ha]{,1,505108,,,false,3
,H`?Ha]{,2,512371,,,false,3
,H`?Ha]{,3,509508,,,false,3
,H`?Ha]{,4,515095,,,false,3
,H`?Ha]{,5,499522,,,false,3
,H`?Ha]{,6,509997,,,false,3
,H`?Ha]{,7,508112,,,false,3
,H`?Ha]{,8,522916,,,false,3
,H`?Ha]{,9,504900,,,false,3
,H`?N~z{,0,608463,,,false,4
,H`?N~z{,1,589468,,,false,4
,H`?N~z{,2,598965,,,false,4
,H`?N~z{,3,600362,,,false,4
,H`?N~z{,4,589259,,,false,4
,H`?N~z{,5,603365,,,false,4
,H`?N~z{,6,591633,,,false,4
,H`?N~z{,7,595683,,,false,4
,H`?N~z{,8,600990,,,false,4
,H`?N~z{,9,596242,,,false,4
,HgGqsy],0,597289,,,false,4
,HgGqsy],1,572708,,,false,4
,HgGqsy],2,582065,,,false,4
,HgGqsy],3,585767,,,false,4
,HgGqsy],4,570962,,,false,4
,HgGqsy],5,577108,,,false,4
,HgGqsy],6,565864,,,false,4
,HgGqsy],7,588560,,,false,4
,HgGqsy],8,587303,,,false,4
,HgGqsy],9,569006,,,false,4
,HqOpS|},0,619706,,,false,4
,HqOpS|},1,604064,,,false,4
,HqOpS|},2,605879,,,false,4
,HqOpS|},3,604343,,,false,4
,HqOpS|},4,593728,,,false,4
,HqOpS|},5,610279,,,false,4
,HqOpS|},6,602946,,,false,4
,HqOpS|},7,609860,,,false,4
,HqOpS|},8,608114,,,false,4
,HqOpS|},9,591144,,,false,4
,HR?M[xk,0,595054,,,false,4
,HR?M[xk,1,588421,,,false,4
,HR?M[xk,2,579552,,,false,4
,HR?M[xk,3,586745,,,false,4
,HR?M[xk,4,581856,,,false,4
,HR?M[xk,5,591353,,,false,4
,HR?M[xk,6,580041,,,false,4
,HR?M[xk,7,594706,,,false,4
,HR?M[xk,8,588979,,,false,4
,HR?M[xk,9,546660,,,false,4
,HWLKm_^,0,593448,,,false,4
,HWLKm_^,1,581158,,,false,4
,HWLKm_^,2,584649,,,false,4
,HWLKm_^,3,581786,,,false,4
,HWLKm_^,4,571940,,,false,4
,HWLKm_^,5,585627,,,false,4
,HWLKm_^,6,579342,,,false,4
,HWLKm_^,7,588072,,,false,4
,HWLKm_^,8,582485,,,false,4
,HWLKm_^,9,569076,,,false,4
,H?LE`YT,0,527455,,,false,3
,H?LE`YT,1,508531,,,false,3
,H?LE`YT,2,519075,,,false,3
,H?LE`YT,3,501268,,,false,3
,H?LE`YT,4,514886,,,false,3
,H?LE`YT,5,510416,,,false,3
,H?LE`YT,6,517540,,,false,3
,H?LE`YT,7,499522,,,false,3
,H?LE`YT,8,508112,,,false,3
,H?LE`YT,9,503852,,,false,3
,H@CI?M`,0,438417,,,false,2
,H@CI?M`,1,418025,,,false,2
,H@CI?M`,2,428919,,,false,2
,H@CI?M`,3,421029,,,false,2
,H@CI?M`,4,422704,,,false,2
,H@CI?M`,5,414535,,,false,2
,H@CI?M`,6,415721,,,false,2
,H@CI?M`,7,431294,,,false,2
,H@CI?M`,8,416001,,,false,2
,H@CI?M`,9,432062,,,false,2
,H`?H_ZB,0,432761,,,false,2
,H`?H_ZB,1,438626,,,false,2
,H`?H_ZB,2,434227,,,false,2
,H`?H_ZB,3,431643,,,false,2
,H`?H_ZB,4,431503,,,false,2
,H`?H_ZB,5,419143,,,false,2
,H`?H_ZB,6,435694,,,false,2
,H`?H_ZB,7,426894,,,false,2
,H`?H_ZB,8,436392,,,false,2
,H`?H_ZB,9,423682,,,false,2
,H??E@KZ,0,432830,,,false,2
,H??E@KZ,1,417048,,,false,2
,H??E@KZ,2,416420,,,false,2
,H??E@KZ,3,431574,,,false,2
,H??E@KZ,4,422705,,,false,2
,H??E@KZ,5,434088,,,false,2
,H??E@KZ,6,413486,,,false,2
,H??E@KZ,7,427174,,,false,2
,H??E@KZ,8,416769,,,false,2
,H??E@KZ,9,419492,,,false,2
,H@`?OKr,0,439325,,,false,2
,H@`?OKr,1,419144,,,false,2
,H@`?OKr,2,429967,,,false,2
,H@`?OKr,3,409855,,,false,2
,H@`?OKr,4,420121,,,false,2
,H@`?OKr,5,418375,,,false,2
,H@`?OKr,6,420400,,,false,2
,H@`?OKr,7,432202,,,false,2
,H@`?OKr,8,415512,,,false,2
,H@`?OKr,9,428012,,,false,2
,H?AA`O[,0,402314,,,false,1
,H?AA`O[,1,403152,,,false,1
,H?AA`O[,2,390512,,,false,1
,H?AA`O[,3,388766,,,false,1
,H?AA`O[,4,402104,,,false,1
,H?AA`O[,5,394212,,,false,1
,H?AA`O[,6,400987,,,false,1
,H?AA`O[,7,388137,,,false,1
,H?AA`O[,8,386740,,,false,1
,H?AA`O[,9,393793,,,false,1
,H{db?{],0,554831,,,false,4
,H{db?{],1,561604,,,false,4
,H{db?{],2,546171,,,false,4
,H{db?{],3,553783,,,false,4
,H{db?{],4,555180,,,false,4
,H{db?{],5,546101,,,false,4
,H{db?{],6,558951,,,false,4
,H{db?{],7,541632,,,false,4
,H{db?{],8,558183,,,false,4
,H{db?{],9,550920,,,false,4
,HoDczp{,0,598198,,,false,4
,HoDczp{,1,588630,,,false,4
,HoDczp{,2,576060,,,false,4
,HoDczp{,3,587583,,,false,4
,HoDczp{,4,577457,,,false,4
,HoDczp{,5,591633,,,false,4
,HoDczp{,6,588700,,,false,4
,HoDczp{,7,577666,,,false,4
,HoDczp{,8,591982,,,false,4
,HoDczp{,9,581297,,,false,4
,Hqopc|m,0,616424,,,false,4
,Hqopc|m,1,600991,,,false,4
,Hqopc|m,2,594845,,,false,4
,Hqopc|m,3,605740,,,false,4
,Hqopc|m,4,590376,,,false,4
,Hqopc|m,5,604203,,,false,4
,Hqopc|m,6,607904,,,false,4
,Hqopc|m,7,597569,,,false,4
,Hqopc|m,8,613282,,,false,4
,Hqopc|m,9,625014,,,false,4
,Hqcxq\f,0,649526,,,false,5
,Hqcxq\f,1,651271,,,false,5
,Hqcxq\f,2,637304,,,false,5
,Hqcxq\f,3,641355,,,false,5
,Hqcxq\f,4,639608,,,false,5
,Hqcxq\f,5,606368,,,false,5
,Hqcxq\f,6,613979,,,false,5
,Hqcxq\f,7,609091,,,false,5
,Hqcxq\f,8,605949,,,false,5
,Hqcxq\f,9,617332,,,false,5
,Hr?GOKF,0,410763,,,false,3
,Hr?GOKF,1,413556,,,false,3
,Hr?GOKF,2,395400,,,false,3
,Hr?GOKF,3,394072,,,false,3
,Hr?GOKF,4,400638,,,false,3
,Hr?GOKF,5,390581,,,false,3
,Hr?GOKF,6,403780,,,false,3
,Hr?GOKF,7,395190,,,false,3
,Hr?GOKF,8,396657,,,false,3
,Hr?GOKF,9,400916,,,false,3
,HQQ?@KY,0,427803,,,false,2
,HQQ?@KY,1,432831,,,false,2
,HQQ?@KY,2,418095,,,false,2
,HQQ?@KY,3,429758,,,false,2
,HQQ?@KY,4,414953,,,false,2
,HQQ?@KY,5,424311,,,false,2
,HQQ?@KY,6,411741,,,false,2
,HQQ?@KY,7,414115,,,false,2
,HQQ?@KY,8,428012,,,false,2
,HQQ?@KY,9,423683,,,false,2
,H?C@IQD,0,414394,,,false,1
,H?C@IQD,1,392327,,,false,1
,H?C@IQD,2,389674,,,false,1
,H?C@IQD,3,397774,,,false,1
,H?C@IQD,4,393654,,,false,1
,H?C@IQD,5,406084,,,false,1
,H?C@IQD,6,391210,,,false,1
,H?C@IQD,7,391210,,,false,1
,H?C@IQD,8,399450,,,false,1
,H?C@IQD,9,391210,,,false,1
,H??HIaW,0,409087,,,false,1
,H??HIaW,1,388207,,,false,1
,H??HIaW,2,385065,,,false,1
,H??HIaW,3,392607,,,false,1
,H??HIaW,4,383598,,,false,1
,H??HIaW,5,390023,,,false,1
,H??HIaW,6,391210,,,false,1
,H??HIaW,7,389254,,,false,1
,H??HIaW,8,396448,,,false,1
,H??HIaW,9,382481,,,false,1
,H????^q,0,429898,,,false,1
,H????^q,1,408179,,,false,1
,H????^q,2,412928,,,false,1
,H????^q,3,411042,,,false,1
,H????^q,4,410623,,,false,1
,H????^q,5,420331,,,false,1
,H????^q,6,404897,,,false,1
,H????^q,7,412299,,,false,1
,H????^q,8,405246,,,false,1
,H????^q,9,403082,,,false,1
,HAA?PKy,0,454061,,,false,2
,HAA?PKy,1,433460,,,false,2
,HAA?PKy,2,445960,,,false,2
,HAA?PKy,3,427034,,,false,2
,HAA?PKy,4,433739,,,false,2
,HAA?PKy,5,434576,,,false,2
,HAA?PKy,6,440862,,,false,2
,HAA?PKy,7,428851,,,false,2
,HAA?PKy,8,428081,,,false,2
,HAA?PKy,9,432760,,,false,2
,H@BQPS^,0,519006,,,false,3
,H@BQPS^,1,520961,,,false,3
,H@BQPS^,2,513768,,,false,3
,H@BQPS^,3,517050,,,false,3
,H@BQPS^,4,514188,,,false,3
,H@BQPS^,5,507623,,,false,3
,H@BQPS^,6,515724,,,false,3
,H@BQPS^,7,505039,,,false,3
,H@BQPS^,8,511114,,,false,3
,H@BQPS^,9,507623,,,false,3
,HPVBG}z,0,635628,,,false,5
,HPVBG}z,1,606368,,,false,5
,HPVBG}z,2,617332,,,false,5
,HPVBG}z,3,624385,,,false,5
,HPVBG}z,4,606926,,,false,5
,HPVBG}z,5,617750,,,false,5
,HPVBG}z,6,601619,,,false,5
,HPVBG}z,7,609789,,,false,5
,HPVBG}z,8,629623,,,false,5
,HPVBG}z,9,605111,,,false,5
,HELZTMN,0,618798,,,false,5
,HELZTMN,1,612513,,,false,5
,HELZTMN,2,602876,,,false,5
,HELZTMN,3,613002,,,false,5
,HELZTMN,4,601480,,,false,5
,HELZTMN,5,598686,,,false,5
,HELZTMN,6,611047,,,false,5
,HELZTMN,7,609161,,,false,5
,HELZTMN,8,616773,,,false,5
,HELZTMN,9,611047,,,false,5
,HDpch\Z,0,598896,,,false,5
,HDpch\Z,1,601759,,,false,5
,HDpch\Z,2,600013,,,false,5
,HDpch\Z,3,597639,,,false,5
,HDpch\Z,4,604902,,,false,5
,HDpch\Z,5,583951,,,false,5
,HDpch\Z,6,602527,,,false,5
,HDpch\Z,7,605600,,,false,5
,HDpch\Z,8,626760,,,false,5
,HDpch\Z,9,628226,,,false,5
,H??@GrB,0,440652,,,false,1
,H??@GrB,1,444493,,,false,1
,H??@GrB,2,422146,,,false,1
,H??@GrB,3,424660,,,false,1
,H??@GrB,4,420330,,,false,1
,H??@GrB,5,426755,,,false,1
,H??@GrB,6,435205,,,false,1
,H??@GrB,7,389533,,,false,1
,H??@GrB,8,398124,,,false,1
,H??@GrB,9,404338,,,false,1
,H?CAHM^,0,489815,,,false,3
,H?CAHM^,1,463698,,,false,3
,H?CAHM^,2,448892,,,false,3
,H?CAHM^,3,462999,,,false,3
,H?CAHM^,4,457482,,,false,3
,H?CAHM^,5,468865,,,false,3
,H?CAHM^,6,458808,,,false,3
,H?CAHM^,7,470331,,,false,3
,H?CAHM^,8,460066,,,false,3
,H?CAHM^,9,473334,,,false,3
,HINT^~~,0,663073,,,false,5
,HINT^~~,1,673618,,,false,5
,HINT^~~,2,679275,,,false,5
,HINT^~~,3,657975,,,false,5
,HINT^~~,4,666774,,,false,5
,HINT^~~,5,671383,,,false,5
,HINT^~~,6,656998,,,false,5
,HINT^~~,7,663771,,,false,5
,HINT^~~,8,673059,,,false,5
,HINT^~~,9,661956,,,false,5
,H@lv]~~,0,681788,,,false,5
,H@lv]~~,1,691915,,,false,5
,H@lv]~~,2,678017,,,false,5
,H@lv]~~,3,675434,,,false,5
,H@lv]~~,4,691844,,,false,5
,H@lv]~~,5,683255,,,false,5
,H@lv]~~,6,669917,,,false,5
,H@lv]~~,7,685769,,,false,5
,H@lv]~~,8,694988,,,false,5
,H@lv]~~,9,677668,,,false,5
,H{~va{~,0,658604,,,false,6
,H{~va{~,1,658814,,,false,6
,H{~va{~,2,652109,,,false,6
,H{~va{~,3,657207,,,false,6
,H{~va{~,4,662305,,,false,6
,H{~va{~,5,651341,,,false,6
,H{~va{~,6,655531,,,false,6
,H{~va{~,7,660768,,,false,6
,H{~va{~,8,652878,,,false,6
,H{~va{~,9,658114,,,false,6
,HINLn~~,0,677320,,,false,5
,HINLn~~,1,657207,,,false,5
,HINLn~~,2,660489,,,false,5
,HINLn~~,3,678157,,,false,5
,HINLn~~,4,658952,,,false,5
,HINLn~~,5,654623,,,false,5
,HINLn~~,6,671453,,,false,5
,HINLn~~,7,669219,,,false,5
,HINLn~~,8,654413,,,false,5
,HINLn~~,9,671174,,,false,5
,HJaJY{~,0,609650,,,false,4
,HJaJY{~,1,591982,,,false,4
,HJaJY{~,2,600502,,,false,4
,HJaJY{~,3,587303,,,false,4
,HJaJY{~,4,610488,,,false,4
,HJaJY{~,5,597569,,,false,4
,HJaJY{~,6,590167,,,false,4
,HJaJY{~,7,600362,,,false,4
,HJaJY{~,8,584649,,,false,4
,HJaJY{~,9,599524,,,false,4
,H@IYvN~,0,665936,,,false,4
,H@IYvN~,1,638980,,,false,4
,H@IYvN~,2,649734,,,false,4
,H@IYvN~,3,635838,,,false,4
,H@IYvN~,4,636047,,,false,4
,H@IYvN~,5,653575,,,false,4
,H@IYvN~,6,640727,,,false,4
,H@IYvN~,7,638701,,,false,4
,H@IYvN~,8,657068,,,false,4
,H@IYvN~,9,627527,,,false,4
,H?B~~rx,0,600920,,,false,4
,H?B~~rx,1,613770,,,false,4
,H?B~~rx,2,602458,,,false,4
,H?B~~rx,3,616144,,,false,4
,H?B~~rx,4,620614,,,false,4
,H?B~~rx,5,596172,,,false,4
,H?B~~rx,6,603575,,,false,4
,H?B~~rx,7,623477,,,false,4
,H?B~~rx,8,632067,,,false,4
,H?B~~rx,9,641634,,,false,4
,H{dahWZ,0,585418,,,false,4
,H{dahWZ,1,587024,,,false,4
,H{dahWZ,2,588072,,,false,4
,H{dahWZ,3,571451,,,false,4
,H{dahWZ,4,569077,,,false,4
,H{dahWZ,5,550919,,,false,4
,H{dahWZ,6,558183,,,false,4
,H{dahWZ,7,549034,,,false,4
,H{dahWZ,8,555110,,,false,4
,H{dahWZ,9,558741,,,false,4
,H@Kp]jJ,0,552735,,,false,4
,H@Kp]jJ,1,565724,,,false,4
,H@Kp]jJ,2,546590,,,false,4
,H@Kp]jJ,3,556157,,,false,4
,H@Kp]jJ,4,542889,,,false,4
,H@Kp]jJ,5,550431,,,false,4
,H@Kp]jJ,6,551129,,,false,4
,H@Kp]jJ,7,556088,,,false,4
,H@Kp]jJ,8,549454,,,false,4
,H@Kp]jJ,9,543796,,,false,4
,H`?HW~r,0,550012,,,false,3
,H`?HW~r,1,519005,,,false,3
,H`?HW~r,2,525710,,,false,3
,H`?HW~r,3,512371,,,false,3
,H`?HW~r,4,522986,,,false,3
,H`?HW~r,5,523266,,,false,3
,H`?HW~r,6,533811,,,false,3
,H`?HW~r,7,515653,,,false,3
,H`?HW~r,8,521380,,,false,3
,H`?HW~r,9,521380,,,false,3
,H@Kp]fL,0,569565,,,false,4
,H@Kp]fL,1,557834,,,false,4
,H@Kp]fL,2,553923,,,false,4
,H@Kp]fL,3,569286,,,false,4
,H@Kp]fL,4,552037,,,false,4
,H@Kp]fL,5,562582,,,false,4
,H@Kp]fL,6,545193,,,false,4
,H@Kp]fL,7,558322,,,false,4
,H@Kp]fL,8,565096,,,false,4
,H@Kp]fL,9,556576,,,false,4
,HoCOZB~,0,536604,,,false,3
,HoCOZB~,1,519006,,,false,3
,HoCOZB~,2,528643,,,false,3
,HoCOZB~,3,521380,,,false,3
,HoCOZB~,4,534927,,,false,3
,HoCOZB~,5,514676,,,false,3
,HoCOZB~,6,523475,,,false,3
,HoCOZB~,7,517539,,,false,3
,HoCOZB~,8,527316,,,false,3
,HoCOZB~,9,513768,,,false,3
,H?BMXwz,0,549383,,,false,3
,H?BMXwz,1,542400,,,false,3
,H?BMXwz,2,534020,,,false,3
,H?BMXwz,3,544774,,,false,3
,H?BMXwz,4,528084,,,false,3
,H?BMXwz,5,540864,,,false,3
,H?BMXwz,6,534230,,,false,3
,H?BMXwz,7,543377,,,false,3
,H?BMXwz,8,527596,,,false,3
,H?BMXwz,9,534020,,,false,3
,H?CWvNf,0,556297,,,false,3
,H?CWvNf,1,537163,,,false,3
,H?CWvNf,2,540026,,,false,3
,H?CWvNf,3,531017,,,false,3
,H?CWvNf,4,541632,,,false,3
,H?CWvNf,5,535208,,,false,3
,H?CWvNf,6,549453,,,false,3
,H?CWvNf,7,533741,,,false,3
,H?CWvNf,8,545752,,,false,3
,H?CWvNf,9,528433,,,false,3
,H@GZQmN,0,564538,,,false,4
,H@GZQmN,1,556995,,,false,4
,H@GZQmN,2,543867,,,false,4
,H@GZQmN,3,550431,,,false,4
,H@GZQmN,4,545193,,,false,4
,H@GZQmN,5,562163,,,false,4
,H@GZQmN,6,541912,,,false,4
,H@GZQmN,7,553014,,,false,4
,H@GZQmN,8,538629,,,false,4
,H@GZQmN,9,551338,,,false,4
,H@GZIuN,0,564328,,,false,4
,H@GZIuN,1,549244,,,false,4
,H@GZIuN,2,558183,,,false,4
,H@GZIuN,3,552875,,,false,4
,H@GZIuN,4,567052,,,false,4
,H@GZIuN,5,540933,,,false,4
,H@GZIuN,6,551618,,,false,4
,H@GZIuN,7,558881,,,false,4
,H@GZIuN,8,551967,,,false,4
,H@GZIuN,9,560138,,,false,4
,H??Kz^{,0,562792,,,false,4
,H??Kz^{,1,566702,,,false,4
,H??Kz^{,2,551059,,,false,4
,H??Kz^{,3,568588,,,false,4
,H??Kz^{,4,554970,,,false,4
,H??Kz^{,5,560627,,,false,4
,H??Kz^{,6,600641,,,false,4
,H??Kz^{,7,574803,,,false,4
,H??Kz^{,8,585418,,,false,4
,H??Kz^{,9,575291,,,false,4
,H??E\lz,0,552805,,,false,2
,H??E\lz,1,555878,,,false,2
,H??E\lz,2,536254,,,false,2
,H??E\lz,3,516980,,,false,2
,H??E\lz,4,515165,,,false,2
,H??E\lz,5,529970,,,false,2
,H??E\lz,6,520053,,,false,2
,H??E\lz,7,529621,,,false,2
,H??E\lz,8,523196,,,false,2
,H??E\lz,9,536324,,,false,2
,H?CWtHb,0,471797,,,false,3
,H?CWtHb,1,477036,,,false,3
,H?CWtHb,2,466421,,,false,3
,H?CWtHb,3,482273,,,false,3
,H?CWtHb,4,461043,,,false,3
,H?CWtHb,5,472426,,,false,3
,H?CWtHb,6,461881,,,false,3
,H?CWtHb,7,473264,,,false,3
,H?CWtHb,8,464815,,,false,3
,H?CWtHb,9,481016,,,false,3
,HoStIv{,0,592540,,,false,4
,HoStIv{,1,597220,,,false,4
,HoStIv{,2,575082,,,false,4
,HoStIv{,3,581577,,,false,4
,HoStIv{,4,597569,,,false,4
,HoStIv{,5,582415,,,false,4
,HoStIv{,6,584790,,,false,4
,HoStIv{,7,585348,,,false,4
,HoStIv{,8,590026,,,false,4
,HoStIv{,9,592820,,,false,4
,HhEJG~w,0,579133,,,false,4
,HhEJG~w,1,579342,,,false,4
,HhEJG~w,2,569566,,,false,4
,HhEJG~w,3,579482,,,false,4
,HhEJG~w,4,587303,,,false,4
,HhEJG~w,5,573686,,,false,4
,HhEJG~w,6,576339,,,false,4
,HhEJG~w,7,570054,,,false,4
,HhEJG~w,8,583113,,,false,4
,HhEJG~w,9,581437,,,false,4
,H?hSzZr,0,604203,,,false,3
,H?hSzZr,1,603854,,,false,3
,H?hSzZr,2,596871,,,false,3
,H?hSzZr,3,615097,,,false,3
,H?hSzZr,4,601061,,,false,3
,H?hSzZr,5,592052,,,false,3
,H?hSzZr,6,605529,,,false,3
,H?hSzZr,7,591982,,,false,3
,H?hSzZr,8,597708,,,false,3
,H?hSzZr,9,601829,,,false,3
,HEhcqkn,0,570962,,,false,4
,HEhcqkn,1,567610,,,false,4
,HEhcqkn,2,559789,,,false,4
,HEhcqkn,3,573336,,,false,4
,HEhcqkn,4,580669,,,false,4
,HEhcqkn,5,566702,,,false,4
,HEhcqkn,6,571521,,,false,4
,HEhcqkn,7,559649,,,false,4
,HEhcqkn,8,571521,,,false,4
,HEhcqkn,9,558741,,,false,4
,H}nna{~,0,674316,,,false,6
,H}nna{~,1,679345,,,false,6
,H}nna{~,2,654973,,,false,6
,H}nna{~,3,660699,,,false,6
,H}nna{~,4,669009,,,false,6
,H}nna{~,5,652738,,,false,6
,H}nna{~,6,663911,,,false,6
,H}nna{~,7,673828,,,false,6
,H}nna{~,8,655670,,,false,6
,H}nna{~,9,661327,,,false,6
,HQYPOnN,0,578853,,,false,4
,HQYPOnN,1,561534,,,false,4
,HQYPOnN,2,572010,,,false,4
,HQYPOnN,3,559998,,,false,4
,HQYPOnN,4,574314,,,false,4
,HQYPOnN,5,568658,,,false,4
,HQYPOnN,6,557694,,,false,4
,HQYPOnN,7,569844,,,false,4
,HQYPOnN,8,555948,,,false,4
,HQYPOnN,9,570962,,,false,4
,H??P?VD,0,413696,,,false,1
,H??P?VD,1,418515,,,false,1
,H??P?VD,2,402313,,,false,1
,H??P?VD,3,406852,,,false,1
,H??P?VD,4,398822,,,false,1
,H??P?VD,5,404338,,,false,1
,H??P?VD,6,413557,,,false,1
,H??P?VD,7,401964,,,false,1
,H??P?VD,8,413068,,,false,1
,H??P?VD,9,398751,,,false,1
,HoDPX`H,0,520892,,,false,4
,HoDPX`H,1,509229,,,false,4
,HoDPX`H,2,525710,,,false,4
,HoDPX`H,3,520891,,,false,4
,HoDPX`H,4,539956,,,false,4
,HoDPX`H,5,524662,,,false,4
,HoDPX`H,6,526757,,,false,4
,HoDPX`H,7,513070,,,false,4
,HoDPX`H,8,524872,,,false,4
,HoDPX`H,9,514746,,,false,4
,H{Sz]}~,0,700643,,,false,6
,H{Sz]}~,1,666984,,,false,6
,H{Sz]}~,2,655740,,,false,6
,H{Sz]}~,3,667263,,,false,6
,H{Sz]}~,4,676970,,,false,6
,H{Sz]}~,5,666425,,,false,6
,H{Sz]}~,6,676063,,,false,6
,H{Sz]}~,7,685769,,,false,6
,H{Sz]}~,8,662095,,,false,6
,H{Sz]}~,9,655670,,,false,6
,HoDPXPP,0,517469,,,false,3
,HoDPXPP,1,497078,,,false,3
,HoDPXPP,2,507692,,,false,3
,HoDPXPP,3,497567,,,false,3
,HoDPXPP,4,509509,,,false,3
,HoDPXPP,5,499801,,,false,3
,HoDPXPP,6,505528,,,false,3
,HoDPXPP,7,495122,,,false,3
,HoDPXPP,8,514257,,,false,3
,HoDPXPP,9,495262,,,false,3
,H~?G[|m,0,555389,,,false,4
,H~?G[|m,1,542610,,,false,4
,H~?G[|m,2,552456,,,false,4
,H~?G[|m,3,547219,,,false,4
,H~?G[|m,4,537931,,,false,4
,H~?G[|m,5,549384,,,false,4
,H~?G[|m,6,544286,,,false,4
,H~?G[|m,7,564398,,,false,4
,H~?G[|m,8,547079,,,false,4
,H~?G[|m,9,549942,,,false,4
,H{dbG{^,0,575781,,,false,4
,H{dbG{^,1,560766,,,false,4
,H{dbG{^,2,560697,,,false,4
,H{dbG{^,3,553853,,,false,4
,H{dbG{^,4,579482,,,false,4
,H{dbG{^,5,567261,,,false,4
,H{dbG{^,6,564677,,,false,4
,H{dbG{^,7,571520,,,false,4
,H{dbG{^,8,564397,,,false,4
,H{dbG{^,9,569146,,,false,4
,Hd^@|ln,0,644776,,,false,5
,Hd^@|ln,1,661607,,,false,5
,Hd^@|ln,2,656928,,,false,5
,Hd^@|ln,3,637654,,,false,5
,Hd^@|ln,4,642263,,,false,5
,Hd^@|ln,5,642612,,,false,5
,Hd^@|ln,6,640586,,,false,5
,Hd^@|ln,7,656998,,,false,5
,Hd^@|ln,8,644288,,,false,5
,Hd^@|ln,9,634580,,,false,5
,H{S}tln,0,649037,,,false,6
,H{S}tln,1,641145,,,false,6
,H{S}tln,2,631438,,,false,6
,H{S}tln,3,636816,,,false,6
,H{S}tln,4,630949,,,false,6
,H{S}tln,5,643659,,,false,6
,H{S}tln,6,640656,,,false,6
,H{S}tln,7,629623,,,false,6
,H{S}tln,8,643520,,,false,6
,H{S}tln,9,642402,,,false,6
,H}lah[^,0,609231,,,false,5
,H}lah[^,1,617611,,,false,5
,H}lah[^,2,611116,,,false,5
,H}lah[^,3,600991,,,false,5
,H}lah[^,4,609790,,,false,5
,H}lah[^,5,597778,,,false,5
,H}lah[^,6,606857,,,false,5
,H}lah[^,7,619566,,,false,5
,H}lah[^,8,606787,,,false,5
,H}lah[^,9,608532,,,false,5
,H`zPpnN,0,618100,,,false,4
,H`zPpnN,1,604692,,,false,4
,H`zPpnN,2,615586,,,false,4
,H`zPpnN,3,599175,,,false,4
,H`zPpnN,4,617402,,,false,4
,H`zPpnN,5,606019,,,false,4
,H`zPpnN,6,598756,,,false,4
,H`zPpnN,7,617611,,,false,4
,H`zPpnN,8,604343,,,false,4
,H`zPpnN,9,611955,,,false,4
,HdYr]o~,0,634930,,,false,5
,HdYr]o~,1,622988,,,false,5
,HdYr]o~,2,642681,,,false,5
,HdYr]o~,3,654973,,,false,5
,HdYr]o~,4,646173,,,false,5
,HdYr]o~,5,664609,,,false,5
,HdYr]o~,6,664470,,,false,5
,HdYr]o~,7,647849,,,false,5
,HdYr]o~,8,644986,,,false,5
,HdYr]o~,9,632765,,,false,5
,HLnBj]^,0,641634,,,false,5
,HLnBj]^,1,635349,,,false,5
,HLnBj]^,2,650642,,,false,5
,HLnBj]^,3,639329,,,false,5
,HLnBj]^,4,642332,,,false,5
,HLnBj]^,5,647780,,,false,5
,HLnBj]^,6,641913,,,false,5
,HLnBj]^,7,647431,,,false,5
,HLnBj]^,8,647640,,,false,5
,HLnBj]^,9,642611,,,false,5
,H[UY|ln,0,656439,,,false,5
,H[UY|ln,1,653157,,,false,5
,H[UY|ln,2,646243,,,false,5
,H[UY|ln,3,654553,,,false,5
,H[UY|ln,4,636327,,,false,5
,H[UY|ln,5,645544,,,false,5
,H[UY|ln,6,656928,,,false,5
,H[UY|ln,7,642192,,,false,5
,H[UY|ln,8,646453,,,false,5
,H[UY|ln,9,650643,,,false,5
,HRiiqnN,0,614399,,,false,4
,HRiiqnN,1,623128,,,false,4
,HRiiqnN,2,620614,,,false,4
,HRiiqnN,3,605810,,,false,4
,HRiiqnN,4,615935,,,false,4
,HRiiqnN,5,617401,,,false,4
,HRiiqnN,6,610138,,,false,4
,HRiiqnN,7,618728,,,false,4
,HRiiqnN,8,604832,,,false,4
,HRiiqnN,9,619288,,,false,4
,Htlai[~,0,628854,,,false,5
,Htlai[~,1,607765,,,false,5
,Htlai[~,2,618729,,,false,5
,Htlai[~,3,622360,,,false,5
,Htlai[~,4,617681,,,false,5
,Htlai[~,5,624874,,,false,5
,Htlai[~,6,609091,,,false,5
,Htlai[~,7,614469,,,false,5
,Htlai[~,8,627737,,,false,5
,Htlai[~,9,617681,,,false,5
,HwDX}yz,0,627458,,,false,5
,HwDX}yz,1,618589,,,false,5
,HwDX}yz,2,611606,,,false,5
,HwDX}yz,3,617751,,,false,5
,HwDX}yz,4,608673,,,false,5
,HwDX}yz,5,625572,,,false,5
,HwDX}yz,6,620475,,,false,5
,HwDX}yz,7,609231,,,false,5
,HwDX}yz,8,615447,,,false,5
,HwDX}yz,9,618170,,,false,5
,H`o}Pnr,0,585348,,,false,4
,H`o}Pnr,1,585418,,,false,4
,H`o}Pnr,2,574524,,,false,4
,H`o}Pnr,3,585837,,,false,4
,H`o}Pnr,4,579273,,,false,4
,H`o}Pnr,5,572428,,,false,4
,H`o}Pnr,6,581158,,,false,4
,H`o}Pnr,7,566632,,,false,4
,H`o}Pnr,8,589118,,,false,4
,H`o}Pnr,9,574035,,,false,4
,H`opc\N,0,553225,,,false,3
,H`opc\N,1,542888,,,false,3
,H`opc\N,2,533531,,,false,3
,H`opc\N,3,546171,,,false,3
,H`opc\N,4,541911,,,false,3
,H`opc\N,5,544007,,,false,3
,H`opc\N,6,532414,,,false,3
,H`opc\N,7,551828,,,false,3
,H`opc\N,8,536604,,,false,3
,H`opc\N,9,544285,,,false,3
,HThQQK~,0,575781,,,false,3
,HThQQK~,1,558392,,,false,3
,HThQQK~,2,578854,,,false,3
,HThQQK~,3,566144,,,false,3
,HThQQK~,4,569426,,,false,3
,HThQQK~,5,556227,,,false,3
,HThQQK~,6,568658,,,false,3
,HThQQK~,7,566493,,,false,3
,HThQQK~,8,556087,,,false,3
,HThQQK~,9,578155,,,false,3
,H_hP_^o,0,535556,,,false,3
,H_hP_^o,1,550989,,,false,3
,H_hP_^o,2,541422,,,false,3
,H_hP_^o,3,561394,,,false,3
,H_hP_^o,4,553713,,,false,3
,H_hP_^o,5,537931,,,false,3
,H_hP_^o,6,561535,,,false,3
,H_hP_^o,7,542400,,,false,3
,H_hP_^o,8,552037,,,false,3
,H_hP_^o,9,539606,,,false,3
,HC`PX`H,0,507553,,,false,3
,HC`PX`H,1,489675,,,false,3
,HC`PX`H,2,500011,,,false,3
,HC`PX`H,3,489326,,,false,3
,HC`PX`H,4,505039,,,false,3
,HC`PX`H,5,489955,,,false,3
,HC`PX`H,6,501547,,,false,3
,HC`PX`H,7,482482,,,false,3
,HC`PX`H,8,501198,,,false,3
,HC`PX`H,9,488488,,,false,3
,HC[QHNb,0,576758,,,false,4
,HC[QHNb,1,556367,,,false,4
,HC[QHNb,2,540933,,,false,4
,HC[QHNb,3,551967,,,false,4
,HC[QHNb,4,539537,,,false,4
,HC[QHNb,5,563211,,,false,4
,HC[QHNb,6,548056,,,false,4
,HC[QHNb,7,544775,,,false,4
,HC[QHNb,8,542331,,,false,4
,HC[QHNb,9,558811,,,false,4
,HiGgomN,0,557623,,,false,4
,HiGgomN,1,538909,,,false,4
,HiGgomN,2,551897,,,false,4
,HiGgomN,3,538140,,,false,4
,HiGgomN,4,546660,,,false,4
,HiGgomN,5,534928,,,false,4
,HiGgomN,6,559998,,,false,4
,HiGgomN,7,542400,,,false,4
,HiGgomN,8,545123,,,false,4
,HiGgomN,9,538629,,,false,4
,HwCx}zY,0,600781,,,false,5
,HwCx}zY,1,617401,,,false,5
,HwCx}zY,2,600641,,,false,5
,HwCx}zY,3,603714,,,false,5
,HwCx}zY,4,602457,,,false,5
,HwCx}zY,5,599035,,,false,5
,HwCx}zY,6,603854,,,false,5
,HwCx}zY,7,597429,,,false,5
,HwCx}zY,8,601130,,,false,5
,HwCx}zY,9,611955,,,false,5
,HxGW}nN,0,609091,,,false,4
,HxGW}nN,1,614259,,,false,4
,HxGW}nN,2,606088,,,false,4
,HxGW}nN,3,595265,,,false,4
,HxGW}nN,4,613561,,,false,4
,HxGW}nN,5,601340,,,false,4
,HxGW}nN,6,614608,,,false,4
,HxGW}nN,7,606508,,,false,4
,HxGW}nN,8,598756,,,false,4
,HxGW}nN,9,610069,,,false,4
,HwDX}yy,0,604762,,,false,5
,HwDX}yy,1,614748,,,false,5
,HwDX}yy,2,609161,,,false,5
,HwDX}yy,3,596033,,,false,5
,HwDX}yy,4,618240,,,false,5
,HwDX}yy,5,610069,,,false,5
,HwDX}yy,6,598128,,,false,5
,HwDX}yy,7,610278,,,false,5
,HwDX}yy,8,595823,,,false,5
,HwDX}yy,9,618588,,,false,5
,H`o~f~~,0,658115,,,false,5
,H`o~f~~,1,635139,,,false,5
,H`o~f~~,2,640447,,,false,5
,H`o~f~~,3,640097,,,false,5
,H`o~f~~,4,637025,,,false,5
,H`o~f~~,5,648338,,,false,5
,H`o~f~~,6,644497,,,false,5
,H`o~f~~,7,632974,,,false,5
,H`o~f~~,8,653646,,,false,5
,H`o~f~~,9,646453,,,false,5
,Hs`yppb,0,581646,,,false,4
,Hs`yppb,1,587304,,,false,4
,Hs`yppb,2,572918,,,false,4
,Hs`yppb,3,592960,,,false,4
,Hs`yppb,4,586535,,,false,4
,Hs`yppb,5,575711,,,false,4
,Hs`yppb,6,588421,,,false,4
,Hs`yppb,7,575781,,,false,4
,Hs`yppb,8,588072,,,false,4
,Hs`yppb,9,575083,,,false,4
,H}l?XKV,0,566074,,,false,4
,H}l?XKV,1,559439,,,false,4
,H}l?XKV,2,546031,,,false,4
,H}l?XKV,3,548057,,,false,4
,H}l?XKV,4,538001,,,false,4
,H}l?XKV,5,582974,,,false,4
,H}l?XKV,6,577666,,,false,4
,H}l?XKV,7,572499,,,false,4
,H}l?XKV,8,574803,,,false,4
,H}l?XKV,9,570962,,,false,4
,H_?{aOb,0,509508,,,false,3
,H_?{aOb,1,495122,,,false,3
,H_?{aOb,2,486603,,,false,3
,H_?{aOb,3,469703,,,false,3
,H_?{aOb,4,473753,,,false,3
,H_?{aOb,5,459577,,,false,3
,H_?{aOb,6,472147,,,false,3
,H_?{aOb,7,471169,,,false,3
,H_?{aOb,8,478223,,,false,3
,H_?{aOb,9,466909,,,false,3
,H`?M@cN,0,446867,,,false,2
,H`?M@cN,1,430317,,,false,2
,H`?M@cN,2,430736,,,false,2
,H`?M@cN,3,448823,,,false,2
,H`?M@cN,4,437300,,,false,2
,H`?M@cN,5,446937,,,false,2
,H`?M@cN,6,430666,,,false,2
,H`?M@cN,7,448543,,,false,2
,H`?M@cN,8,437649,,,false,2
,H`?M@cN,9,445610,,,false,2
,H?So]Mj,0,547079,,,false,4
,H?So]Mj,1,544775,,,false,4
,H?So]Mj,2,537651,,,false,4
,H?So]Mj,3,555109,,,false,4
,H?So]Mj,4,543797,,,false,4
,H?So]Mj,5,549942,,,false,4
,H?So]Mj,6,538769,,,false,4
,H?So]Mj,7,553504,,,false,4
,H?So]Mj,8,552247,,,false,4
,H?So]Mj,9,539048,,,false,4
,H?KLIns,0,580599,,,false,4
,H?KLIns,1,557973,,,false,4
,H?KLIns,2,577248,,,false,4
,H?KLIns,3,568588,,,false,4
,H?KLIns,4,566633,,,false,4
,H?KLIns,5,560557,,,false,4
,H?KLIns,6,561744,,,false,4
,H?KLIns,7,573336,,,false,4
,H?KLIns,8,558043,,,false,4
,H?KLIns,9,572289,,,false,4
,H?qipno,0,558532,,,false,3
,H?qipno,1,559161,,,false,3
,H?qipno,2,562442,,,false,3
,H?qipno,3,552247,,,false,3
,H?qipno,4,559998,,,false,3
,H?qipno,5,542819,,,false,3
,H?qipno,6,564816,,,false,3
,H?qipno,7,547567,,,false,3
,H?qipno,8,550151,,,false,3
,H?qipno,9,552386,,,false,3
,H?qa`_N,0,503852,,,false,3
,H?qa`_N,1,500499,,,false,3
,H?qa`_N,2,483670,,,false,3
,H?qa`_N,3,491003,,,false,3
,H?qa`_N,4,487091,,,false,3
,H?qa`_N,5,495891,,,false,3
,H?qa`_N,6,484926,,,false,3
,H?qa`_N,7,492469,,,false,3
,H?qa`_N,8,486533,,,false,3
,H?qa`_N,9,494284,,,false,3
,HAGOSLe,0,472078,,,false,2
,HAGOSLe,1,480877,,,false,2
,HAGOSLe,2,465513,,,false,2
,HAGOSLe,3,464116,,,false,2
,HAGOSLe,4,469563,,,false,2
,HAGOSLe,5,462789,,,false,2
,HAGOSLe,6,478362,,,false,2
,HAGOSLe,7,470331,,,false,2
,HAGOSLe,8,476756,,,false,2
,HAGOSLe,9,460973,,,false,2
,H?COZIa,0,466142,,,false,2
,H?COZIa,1,444213,,,false,2
,H?COZIa,2,451825,,,false,2
,H?COZIa,3,430805,,,false,2
,H?COZIa,4,440862,,,false,2
,H?COZIa,5,438208,,,false,2
,H?COZIa,6,438278,,,false,2
,H?COZIa,7,447007,,,false,2
,H?COZIa,8,438138,,,false,2
,H?COZIa,9,446449,,,false,2
,H{dX`TF,0,567819,,,false,4
,H{dX`TF,1,577736,,,false,4
,H{dX`TF,2,572917,,,false,4
,H{dX`TF,3,561884,,,false,4
,H{dX`TF,4,575571,,,false,4
,H{dX`TF,5,563351,,,false,4
,H{dX`TF,6,570962,,,false,4
,H{dX`TF,7,559440,,,false,4
,H{dX`TF,8,574803,,,false,4
,H{dX`TF,9,578085,,,false,4
,H?qipn~,0,609231,,,false,3
,H?qipn~,1,612373,,,false,3
,H?qipn~,2,600013,,,false,3
,H?qipn~,3,603644,,,false,3
,H?qipn~,4,614888,,,false,3
,H?qipn~,5,599175,,,false,3
,H?qipn~,6,605041,,,false,3
,H?qipn~,7,607205,,,false,3
,H?qipn~,8,606228,,,false,3
,H?qipn~,9,626899,,,false,3
,H?CGHFO,0,406433,,,false,1
,H?CGHFO,1,416490,,,false,1
,H?CGHFO,2,400497,,,false,1
,H?CGHFO,3,402313,,,false,1
,H?CGHFO,4,411601,,,false,1
,H?CGHFO,5,400009,,,false,1
,H?CGHFO,6,407970,,,false,1
,H?CGHFO,7,397425,,,false,1
,H?CGHFO,8,402174,,,false,1
,H?CGHFO,9,378150,,,false,1
,H?O_cC[,0,393794,,,false,1
,H?O_cC[,1,403360,,,false,1
,H?O_cC[,2,388068,,,false,1
,H?O_cC[,3,397216,,,false,1
,H?O_cC[,4,386670,,,false,1
,H?O_cC[,5,386181,,,false,1
,H?O_cC[,6,397146,,,false,1
,H?O_cC[,7,385064,,,false,1
,H?O_cC[,8,394561,,,false,1
,H?O_cC[,9,385623,,,false,1
,H?o@Gho,0,417816,,,false,2
,H?o@Gho,1,422216,,,false,2
,H?o@Gho,2,409226,,,false,2
,H?o@Gho,3,420400,,,false,2
,H?o@Gho,4,412160,,,false,2
,H?o@Gho,5,412579,,,false,2
,H?o@Gho,6,416001,,,false,2
,H?o@Gho,7,403360,,,false,2
,H?o@Gho,8,418375,,,false,2
,H?o@Gho,9,407690,,,false,2
,H??OPNW,0,440721,,,false,2
,H??OPNW,1,430247,,,false,2
,H??OPNW,2,421727,,,false,2
,H??OPNW,3,422914,,,false,2
,H??OPNW,4,423263,,,false,2
,H??OPNW,5,437230,,,false,2
,H??OPNW,6,423333,,,false,2
,H??OPNW,7,435624,,,false,2
,H??OPNW,8,419213,,,false,2
,H??OPNW,9,426965,,,false,2
,H??M?kw,0,433110,,,false,2
,H??M?kw,1,423333,,,false,2
,H??M?kw,2,423124,,,false,2
,H??M?kw,3,414604,,,false,2
,H??M?kw,4,427873,,,false,2
,H??M?kw,5,419562,,,false,2
,H??M?kw,6,422704,,,false,2
,H??M?kw,7,415442,,,false,2
,H??M?kw,8,416978,,,false,2
,H??M?kw,9,421588,,,false,2
,H`lu^~~,0,669149,,,false,5
,H`lu^~~,1,668031,,,false,5
,H`lu^~~,2,675922,,,false,5
,H`lu^~~,3,662025,,,false,5
,H`lu^~~,4,656369,,,false,5
,H`lu^~~,5,676901,,,false,5
,H`lu^~~,6,674456,,,false,5
,H`lu^~~,7,653924,,,false,5
,H`lu^~~,8,675644,,,false,5
,H`lu^~~,9,671523,,,false,5
,H??WvJa,0,491841,,,false,2
,H??WvJa,1,493516,,,false,2
,H??WvJa,2,486603,,,false,2
,H??WvJa,3,493028,,,false,2
,H??WvJa,4,478921,,,false,2
,H??WvJa,5,491631,,,false,2
,H??WvJa,6,487930,,,false,2
,H??WvJa,7,498754,,,false,2
,H??WvJa,8,479969,,,false,2
,H??WvJa,9,488349,,,false,2
,HwCWqGb,0,482273,,,false,3
,HwCWqGb,1,483670,,,false,3
,HwCWqGb,2,469074,,,false,3
,HwCWqGb,3,477804,,,false,3
,HwCWqGb,4,473823,,,false,3
,HwCWqGb,5,483809,,,false,3
,HwCWqGb,6,466840,,,false,3
,HwCWqGb,7,463278,,,false,3
,HwCWqGb,8,477873,,,false,3
,HwCWqGb,9,471937,,,false,3
,H???F~},0,534718,,,false,2
,H???F~},1,528363,,,false,2
,H???F~},2,513489,,,false,2
,H???F~},3,524174,,,false,2
,H???F~},4,526339,,,false,2
,H???F~},5,535905,,,false,2
,H???F~},6,517888,,,false,2
,H???F~},7,533252,,,false,2
,H???F~},8,519005,,,false,2
,H???F~},9,533601,,,false,2
,HoSsaKj,0,544704,,,false,4
,HoSsaKj,1,538629,,,false,4
,HoSsaKj,2,527735,,,false,4
,HoSsaKj,3,540445,,,false,4
,HoSsaKj,4,542400,,,false,4
,HoSsaKj,5,524383,,,false,4
,HoSsaKj,6,540026,,,false,4
,HoSsaKj,7,534788,,,false,4
,HoSsaKj,8,546660,,,false,4
,HoSsaKj,9,531087,,,false,4
,H?@HeYr,0,486952,,,false,2
,H?@HeYr,1,463278,,,false,2
,H?@HeYr,2,471728,,,false,2
,H?@HeYr,3,467399,,,false,2
,H?@HeYr,4,478432,,,false,2
,H?@HeYr,5,464047,,,false,2
,H?@HeYr,6,476057,,,false,2
,H?@HeYr,7,460834,,,false,2
,H?@HeYr,8,470331,,,false,2
,H?@HeYr,9,466910,,,false,2
,HHqGhdN,0,562861,,,false,3
,HHqGhdN,1,561535,,,false,3
,HHqGhdN,2,575502,,,false,3
,HHqGhdN,3,565305,,,false,3
,HHqGhdN,4,580600,,,false,3
,HHqGhdN,5,579691,,,false,3
,HHqGhdN,6,554760,,,false,3
,HHqGhdN,7,571031,,,false,3
,HHqGhdN,8,570963,,,false,3
,HHqGhdN,9,564887,,,false,3
,HpO]@cN,0,505318,,,false,4
,HpO]@cN,1,528084,,,false,4
,HpO]@cN,2,519844,,,false,4
,HpO]@cN,3,514745,,,false,4
,HpO]@cN,4,500709,,,false,4
,HpO]@cN,5,520333,,,false,4
,HpO]@cN,6,518238,,,false,4
,HpO]@cN,7,506575,,,false,4
,HpO]@cN,8,515933,,,false,4
,HpO]@cN,9,517470,,,false,4
,HoCQPJ~,0,559230,,,false,3
,HoCQPJ~,1,532553,,,false,3
,HoCQPJ~,2,546171,,,false,3
,HoCQPJ~,3,537162,,,false,3
,HoCQPJ~,4,550920,,,false,3
,HoCQPJ~,5,536464,,,false,3
,HoCQPJ~,6,549523,,,false,3
,HoCQPJ~,7,533043,,,false,3
,HoCQPJ~,8,535626,,,false,3
,HoCQPJ~,9,534299,,,false,3
,HCO__SF,0,406084,,,false,2
,HCO__SF,1,402103,,,false,2
,HCO__SF,2,406364,,,false,2
,HCO__SF,3,395749,,,false,2
,HCO__SF,4,410135,,,false,2
,HCO__SF,5,394562,,,false,2
,HCO__SF,6,395400,,,false,2
,HCO__SF,7,402871,,,false,2
,HCO__SF,8,391699,,,false,2
,HCO__SF,9,405665,,,false,2
,Hr?GW^~,0,530947,,,false,4
,Hr?GW^~,1,531786,,,false,4
,Hr?GW^~,2,512371,,,false,4
,Hr?GW^~,3,524663,,,false,4
,Hr?GW^~,4,512302,,,false,4
,Hr?GW^~,5,523825,,,false,4
,Hr?GW^~,6,516073,,,false,4
,Hr?GW^~,7,527385,,,false,4
,Hr?GW^~,8,514257,,,false,4
,Hr?GW^~,9,518098,,,false,4
,HWCW~~~,0,595194,,,false,5
,HWCW~~~,1,589049,,,false,5
,HWCW~~~,2,601689,,,false,5
,HWCW~~~,3,584021,,,false,5
,HWCW~~~,4,591354,,,false,5
,HWCW~~~,5,590097,,,false,5
,HWCW~~~,6,587303,,,false,5
,HWCW~~~,7,598547,,,false,5
,HWCW~~~,8,582764,,,false,5
,HWCW~~~,9,597290,,,false,5
,H@?GjEL,0,475010,,,false,2
,H@?GjEL,1,474521,,,false,2
,H@?GjEL,2,460695,,,false,2
,H@?GjEL,3,473824,,,false,2
,H@?GjEL,4,467677,,,false,2
,H@?GjEL,5,474033,,,false,2
,H@?GjEL,6,463138,,,false,2
,H@?GjEL,7,475569,,,false,2
,H@?GjEL,8,460765,,,false,2
,H@?GjEL,9,472566,,,false,2
,H@?OZEL,0,481994,,,false,3
,H@?OZEL,1,487650,,,false,3
,H@?OZEL,2,470960,,,false,3
,H@?OZEL,3,482761,,,false,3
,H@?OZEL,4,469284,,,false,3
,H@?OZEL,5,483251,,,false,3
,H@?OZEL,6,467329,,,false,3
,H@?OZEL,7,483670,,,false,3
,H@?OZEL,8,472356,,,false,3
,H@?OZEL,9,483670,,,false,3
,H_Bbowx,0,544704,,,false,3
,H_Bbowx,1,547079,,,false,3
,H_Bbowx,2,539468,,,false,3
,H_Bbowx,3,543797,,,false,3
,H_Bbowx,4,525640,,,false,3
,H_Bbowx,5,538420,,,false,3
,H_Bbowx,6,541842,,,false,3
,H_Bbowx,7,540654,,,false,3
,H_Bbowx,8,533671,,,false,3
,H_Bbowx,9,528084,,,false,3
,H{dbGwZ,0,550431,,,false,4
,H{dbGwZ,1,532414,,,false,4
,H{dbGwZ,2,540445,,,false,4
,H{dbGwZ,3,519564,,,false,4
,H{dbGwZ,4,543378,,,false,4
,H{dbGwZ,5,550710,,,false,4
,H{dbGwZ,6,538490,,,false,4
,H{dbGwZ,7,515234,,,false,4
,H{dbGwZ,8,551968,,,false,4
,H{dbGwZ,9,559020,,,false,4
,H{`rOwZ,0,555668,,,false,4
,H{`rOwZ,1,562442,,,false,4
,H{`rOwZ,2,560976,,,false,4
,H{`rOwZ,3,572848,,,false,4
,H{`rOwZ,4,567610,,,false,4
,H{`rOwZ,5,586396,,,false,4
,H{`rOwZ,6,595194,,,false,4
,H{`rOwZ,7,588561,,,false,4
,H{`rOwZ,8,600781,,,false,4
,H{`rOwZ,9,586466,,,false,4
,H}hPOkN,0,581856,,,false,4
,H}hPOkN,1,576689,,,false,4
,H}hPOkN,2,555809,,,false,4
,H}hPOkN,3,564747,,,false,4
,H}hPOkN,4,544285,,,false,4
,H}hPOkN,5,555948,,,false,4
,H}hPOkN,6,539956,,,false,4
,H}hPOkN,7,556856,,,false,4
,H}hPOkN,8,560557,,,false,4
,H}hPOkN,9,548894,,,false,4
,H|pGpKV,0,582066,,,false,4
,H|pGpKV,1,561045,,,false,4
,H|pGpKV,2,578085,,,false,4
,H|pGpKV,3,570543,,,false,4
,H|pGpKV,4,568658,,,false,4
,H|pGpKV,5,576898,,,false,4
,H|pGpKV,6,562862,,,false,4
,H|pGpKV,7,571032,,,false,4
,H|pGpKV,8,558951,,,false,4
,H|pGpKV,9,573267,,,false,4
,H|ogqKV,0,585139,,,false,4
,H|ogqKV,1,569356,,,false,4
,H|ogqKV,2,584021,,,false,4
,H|ogqKV,3,565306,,,false,4
,H|ogqKV,4,581437,,,false,4
,H|ogqKV,5,563909,,,false,4
,H|ogqKV,6,580529,,,false,4
,H|ogqKV,7,585279,,,false,4
,H|ogqKV,8,564816,,,false,4
,H|ogqKV,9,572847,,,false,4
,H}gWqKf,0,579272,,,false,4
,H}gWqKf,1,575990,,,false,4
,H}gWqKf,2,576199,,,false,4
,H}gWqKf,3,562233,,,false,4
,H}gWqKf,4,576549,,,false,4
,H}gWqKf,5,575502,,,false,4
,H}gWqKf,6,580669,,,false,4
,H}gWqKf,7,562862,,,false,4
,H}gWqKf,8,577107,,,false,4
,H}gWqKf,9,580809,,,false,4
,H{`Xqgj,0,573825,,,false,4
,H{`Xqgj,1,581996,,,false,4
,H{`Xqgj,2,566283,,,false,4
,H{`Xqgj,3,577596,,,false,4
,H{`Xqgj,4,584719,,,false,4
,H{`Xqgj,5,570473,,,false,4
,H{`Xqgj,6,582345,,,false,4
,H{`Xqgj,7,560277,,,false,4
,H{`Xqgj,8,589398,,,false,4
,H{`Xqgj,9,597988,,,false,4
,H{`XrOV,0,576269,,,false,4
,H{`XrOV,1,572429,,,false,4
,H{`XrOV,2,587792,,,false,4
,H{`XrOV,3,592680,,,false,4
,H{`XrOV,4,566563,,,false,4
,H{`XrOV,5,583043,,,false,4
,H{`XrOV,6,594915,,,false,4
,H{`XrOV,7,572778,,,false,4
,H{`XrOV,8,588212,,,false,4
,H{`XrOV,9,581507,,,false,4
,H~zUX{~,0,649246,,,false,6
,H~zUX{~,1,638911,,,false,6
,H~zUX{~,2,635978,,,false,6
,H~zUX{~,3,644706,,,false,6
,H~zUX{~,4,647151,,,false,6
,H~zUX{~,5,625433,,,false,6
,H~zUX{~,6,647151,,,false,6
,H~zUX{~,7,650223,,,false,6
,H~zUX{~,8,630809,,,false,6
,H~zUX{~,9,644078,,,false,6
,HqGO?KJ,0,421029,,,false,2
,HqGO?KJ,1,428221,,,false,2
,HqGO?KJ,2,410623,,,false,2
,HqGO?KJ,3,425847,,,false,2
,HqGO?KJ,4,409226,,,false,2
,HqGO?KJ,5,405735,,,false,2
,HqGO?KJ,6,418096,,,false,2
,HqGO?KJ,7,420819,,,false,2
,HqGO?KJ,8,432132,,,false,2
,HqGO?KJ,9,402872,,,false,2
,HWEA?WR,0,439256,,,false,2
,HWEA?WR,1,428152,,,false,2
,HWEA?WR,2,435694,,,false,2
,HWEA?WR,3,424101,,,false,2
,HWEA?WR,4,421587,,,false,2
,HWEA?WR,5,431154,,,false,2
,HWEA?WR,6,431155,,,false,2
,HWEA?WR,7,443026,,,false,2
,HWEA?WR,8,423193,,,false,2
,HWEA?WR,9,429339,,,false,2
,HK`@?WR,0,441210,,,false,2
,HK`@?WR,1,444912,,,false,2
,HK`@?WR,2,435554,,,false,2
,HK`@?WR,3,434926,,,false,2
,HK`@?WR,4,457202,,,false,2
,HK`@?WR,5,462859,,,false,2
,HK`@?WR,6,473614,,,false,2
,HK`@?WR,7,443794,,,false,2
,HK`@?WR,8,455667,,,false,2
,HK`@?WR,9,457621,,,false,2
,HqG??kM,0,463208,,,false,2
,HqG??kM,1,437719,,,false,2
,HqG??kM,2,444912,,,false,2
,HqG??kM,3,426057,,,false,2
,HqG??kM,4,411811,,,false,2
,HqG??kM,5,428501,,,false,2
,HqG??kM,6,431364,,,false,2
,HqG??kM,7,443305,,,false,2
,HqG??kM,8,414394,,,false,2
,HqG??kM,9,421727,,,false,2
,H``??se,0,444493,,,false,2
,H``??se,1,443306,,,false,2
,H``??se,2,437510,,,false,2
,H``??se,3,433878,,,false,2
,H``??se,4,442538,,,false,2
,H``??se,5,432830,,,false,2
,H``??se,6,445540,,,false,2
,H``??se,7,436881,,,false,2
,H``??se,8,447984,,,false,2
,H``??se,9,437509,,,false,2
,HQ`?@KY,0,451965,,,false,2
,HQ`?@KY,1,441071,,,false,2
,HQ`?@KY,2,438277,,,false,2
,HQ`?@KY,3,448893,,,false,2
,HQ`?@KY,4,437789,,,false,2
,HQ`?@KY,5,445610,,,false,2
,HQ`?@KY,6,442258,,,false,2
,HQ`?@KY,7,456295,,,false,2
,HQ`?@KY,8,436182,,,false,2
,HQ`?@KY,9,442747,,,false,2
,Ho?OQoe,0,444283,,,false,2
,Ho?OQoe,1,448683,,,false,2
,Ho?OQoe,2,435205,,,false,2
,Ho?OQoe,3,430107,,,false,2
,Ho?OQoe,4,438277,,,false,2
,Ho?OQoe,5,427384,,,false,2
,Ho?OQoe,6,440652,,,false,2
,Ho?OQoe,7,434157,,,false,2
,Ho?OQoe,8,443865,,,false,2
,Ho?OQoe,9,434647,,,false,2
,H?ChUjQ,0,531994,,,false,3
,H?ChUjQ,1,511323,,,false,3
,H?ChUjQ,2,520542,,,false,3
,H?ChUjQ,3,516631,,,false,3
,H?ChUjQ,4,524802,,,false,3
,H?ChUjQ,5,508112,,,false,3
,H?ChUjQ,6,518517,,,false,3
,H?ChUjQ,7,513768,,,false,3
,H?ChUjQ,8,529900,,,false,3
,H?ChUjQ,9,513279,,,false,3
,H?CKZhn,0,559090,,,false,3
,H?CKZhn,1,531925,,,false,3
,H?CKZhn,2,540794,,,false,3
,H?CKZhn,3,530458,,,false,3
,H?CKZhn,4,529690,,,false,3
,H?CKZhn,5,541423,,,false,3
,H?CKZhn,6,531715,,,false,3
,H?CKZhn,7,541423,,,false,3
,H?CKZhn,8,528363,,,false,3
,H?CKZhn,9,534718,,,false,3
,H?AHQkz,0,523964,,,false,3
,H?AHQkz,1,519425,,,false,3
,H?AHQkz,2,497496,,,false,3
,H?AHQkz,3,513210,,,false,3
,H?AHQkz,4,503921,,,false,3
,H?AHQkz,5,506715,,,false,3
,H?AHQkz,6,493377,,,false,3
,H?AHQkz,7,506436,,,false,3
,H?AHQkz,8,499522,,,false,3
,H?AHQkz,9,506086,,,false,3
,HXUQ|zM,0,649596,,,false,5
,HXUQ|zM,1,620334,,,false,5
,HXUQ|zM,2,634930,,,false,5
,HXUQ|zM,3,639399,,,false,5
,HXUQ|zM,4,626201,,,false,5
,HXUQ|zM,5,634581,,,false,5
,HXUQ|zM,6,617750,,,false,5
,HXUQ|zM,7,632625,,,false,5
,HXUQ|zM,8,642821,,,false,5
,HXUQ|zM,9,620893,,,false,5
,H??F~z{,0,587443,,,false,3
,H??F~z{,1,580460,,,false,3
,H??F~z{,2,576479,,,false,3
,H??F~z{,3,592052,,,false,3
,H??F~z{,4,568518,,,false,3
,H??F~z{,5,584230,,,false,3
,H??F~z{,6,587163,,,false,3
,H??F~z{,7,573406,,,false,3
,H??F~z{,8,580809,,,false,3
,H??F~z{,9,574175,,,false,3
,HqN~~zz,0,673549,,,false,6
,HqN~~zz,1,660838,,,false,6
,HqN~~zz,2,652598,,,false,6
,HqN~~zz,3,665937,,,false,6
,HqN~~zz,4,664399,,,false,6
,HqN~~zz,5,651481,,,false,6
,HqN~~zz,6,666146,,,false,6
,HqN~~zz,7,671663,,,false,6
,HqN~~zz,8,673339,,,false,6
,HqN~~zz,9,694917,,,false,6
,H`deX~{,0,684093,,,false,4
,H`deX~{,1,643659,,,false,4
,H`deX~{,2,653506,,,false,4
,H`deX~{,3,664330,,,false,4
,H`deX~{,4,630042,,,false,4
,H`deX~{,5,635419,,,false,4
,H`deX~{,6,628715,,,false,4
,H`deX~{,7,615796,,,false,4
,H`deX~{,8,631927,,,false,4
,H`deX~{,9,631090,,,false,4
,HoDXvnm,0,628784,,,false,4
,HoDXvnm,1,633953,,,false,4
,HoDXvnm,2,623338,,,false,4
,HoDXvnm,3,621173,,,false,4
,HoDXvnm,4,641075,,,false,4
,HoDXvnm,5,620824,,,false,4
,HoDXvnm,6,627947,,,false,4
,HoDXvnm,7,629274,,,false,4
,HoDXvnm,8,622989,,,false,4
,HoDXvnm,9,639678,,,false,4
,H}hX~~~,0,678856,,,false,6
,H}hX~~~,1,670196,,,false,6
,H}hX~~~,2,681788,,,false,6
,H}hX~~~,3,663912,,,false,6
,H}hX~~~,4,661258,,,false,6
,H}hX~~~,5,677459,,,false,6
,H}hX~~~,6,672221,,,false,6
,H}hX~~~,7,653646,,,false,6
,H}hX~~~,8,659652,,,false,6
,H}hX~~~,9,675433,,,false,6
,H????Nx,0,428291,,,false,1
,H????Nx,1,434088,,,false,1
,H????Nx,2,419841,,,false,1
,H????Nx,3,426127,,,false,1
,H????Nx,4,417816,,,false,1
,H????Nx,5,424590,,,false,1
,H????Nx,6,436532,,,false,1
,H????Nx,7,421518,,,false,1
,H????Nx,8,431643,,,false,1
,H????Nx,9,421238,,,false,1
,H??OONg,0,412299,,,false,1
,H??OONg,1,396866,,,false,1
,H??OONg,2,390162,,,false,1
,H??OONg,3,402592,,,false,1
,H??OONg,4,386810,,,false,1
,H??OONg,5,390721,,,false,1
,H??OONg,6,386181,,,false,1
,H??OONg,7,389743,,,false,1
,H??OONg,8,403920,,,false,1
,H??OONg,9,390511,,,false,1
,H??OPFK,0,410623,,,false,1
,H??OPFK,1,394911,,,false,1
,H??OPFK,2,393863,,,false,1
,H??OPFK,3,403920,,,false,1
,H??OPFK,4,390232,,,false,1
,H??OPFK,5,397774,,,false,1
,H??OPFK,6,392188,,,false,1
,H??OPFK,7,397564,,,false,1
,H??OPFK,8,409855,,,false,1
,H??OPFK,9,393863,,,false,1
,H??@OjK,0,412718,,,false,1
,H??@OjK,1,395819,,,false,1
,H??@OjK,2,398473,,,false,1
,H??@OjK,3,405526,,,false,1
,H??@OjK,4,390720,,,false,1
,H??@OjK,5,404478,,,false,1
,H??@OjK,6,393654,,,false,1
,H??@OjK,7,397565,,,false,1
,H??@OjK,8,405386,,,false,1
,H??@OjK,9,392746,,,false,1
,H??OZAH,0,416839,,,false,1
,H??OZAH,1,391139,,,false,1
,H??OZAH,2,396936,,,false,1
,H??OZAH,3,386880,,,false,1
,H??OZAH,4,393444,,,false,1
,H??OZAH,5,405316,,,false,1
,H??OZAH,6,385483,,,false,1
,H??OZAH,7,392816,,,false,1
,H??OZAH,8,386810,,,false,1
,H??OZAH,9,391768,,,false,1
,H???jQK,0,415232,,,false,1
,H???jQK,1,394212,,,false,1
,H???jQK,2,397006,,,false,1
,H???jQK,3,389115,,,false,1
,H???jQK,4,394562,,,false,1
,H???jQK,5,409995,,,false,1
,H???jQK,6,391768,,,false,1
,H???jQK,7,398263,,,false,1
,H???jQK,8,391628,,,false,1
,H???jQK,9,394911,,,false,1
,H?C?JEK,0,411112,,,false,1
,H?C?JEK,1,389743,,,false,1
,H?C?JEK,2,396797,,,false,1
,H?C?JEK,3,387648,,,false,1
,H?C?JEK,4,388556,,,false,1
,H?C?JEK,5,398193,,,false,1
,H?C?JEK,6,389464,,,false,1
,H?C?JEK,7,396657,,,false,1
,H?C?JEK,8,387299,,,false,1
,H?C?JEK,9,386321,,,false,1
,H??_aYI,0,411601,,,false,1
,H??_aYI,1,394073,,,false,1
,H??_aYI,2,403501,,,false,1
,H??_aYI,3,389254,,,false,1
,H??_aYI,4,385483,,,false,1
,H??_aYI,5,392606,,,false,1
,H??_aYI,6,392118,,,false,1
,H??_aYI,7,405456,,,false,1
,H??_aYI,8,391489,,,false,1
,H??_aYI,9,390721,,,false,1
,H????Ny,0,433180,,,false,1
,H????Ny,1,416071,,,false,1
,H????Ny,2,424590,,,false,1
,H????Ny,3,429549,,,false,1
,H????Ny,4,448054,,,false,1
,H????Ny,5,435484,,,false,1
,H????Ny,6,443026,,,false,1
,H????Ny,7,437160,,,false,1
,H????Ny,8,425847,,,false,1
,H????Ny,9,430945,,,false,1
,H???ONp,0,438766,,,false,1
,H???ONp,1,446029,,,false,1
,H???ONp,2,414604,,,false,1
,H???ONp,3,412509,,,false,1
,H???ONp,4,404967,,,false,1
,H???ONp,5,418864,,,false,1
,H???ONp,6,427313,,,false,1
,H???ONp,7,408039,,,false,1
,H???ONp,8,419701,,,false,1
,H???ONp,9,407481,,,false,1
,H???Gva,0,423123,,,false,1
,H???Gva,1,406084,,,false,1
,H???Gva,2,402383,,,false,1
,H???Gva,3,410624,,,false,1
,H???Gva,4,407481,,,false,1
,H???Gva,5,423054,,,false,1
,H???Gva,6,409646,,,false,1
,H???Gva,7,414814,,,false,1
,H???Gva,8,408459,,,false,1
,H???Gva,9,408249,,,false,1
,H??C?\p,0,432551,,,false,1
,H??C?\p,1,410833,,,false,1
,H??C?\p,2,416490,,,false,1
,H??C?\p,3,403779,,,false,1
,H??C?\p,4,406504,,,false,1
,H??C?\p,5,415302,,,false,1
,H??C?\p,6,412300,,,false,1
,H??C?\p,7,425707,,,false,1
,H??C?\p,8,409017,,,false,1
,H??C?\p,9,415023,,,false,1
,H???_Zb,0,421098,,,false,1
,H???_Zb,1,417467,,,false,1
,H???_Zb,2,421657,,,false,1
,H???_Zb,3,409715,,,false,1
,H???_Zb,4,420331,,,false,1
,H???_Zb,5,411671,,,false,1
,H???_Zb,6,423613,,,false,1
,H???_Zb,7,415093,,,false,1
,H???_Zb,8,411601,,,false,1
,H???_Zb,9,419353,,,false,1
,H???OJr,0,428850,,,false,1
,H???OJr,1,436532,,,false,1
,H???OJr,2,419423,,,false,1
,H???OJr,3,420749,,,false,1
,H???OJr,4,415442,,,false,1
,H???OJr,5,419912,,,false,1
,H???OJr,6,430596,,,false,1
,H???OJr,7,417886,,,false,1
,H???OJr,8,427174,,,false,1
,H???OJr,9,415163,,,false,1
,H?`@?_N,0,416210,,,false,1
,H?`@?_N,1,400497,,,false,1
,H?`@?_N,2,399450,,,false,1
,H?`@?_N,3,406643,,,false,1
,H?`@?_N,4,397774,,,false,1
,H?`@?_N,5,402663,,,false,1
,H?`@?_N,6,395399,,,false,1
,H?`@?_N,7,404409,,,false,1
,H?`@?_N,8,409716,,,false,1
,H?`@?_N,9,397005,,,false,1
,H??ORAF,0,420051,,,false,1
,H??ORAF,1,402593,,,false,1
,H??ORAF,2,417048,,,false,1
,H??ORAF,3,408738,,,false,1
,H??ORAF,4,399799,,,false,1
,H??ORAF,5,410205,,,false,1
,H??ORAF,6,401545,,,false,1
,H??ORAF,7,411671,,,false,1
,H??ORAF,8,404199,,,false,1
,H??ORAF,9,400428,,,false,1
,H??OON`,0,414465,,,false,1
,H??OON`,1,398961,,,false,1
,H??OON`,2,411182,,,false,1
,H??OON`,3,399869,,,false,1
,H??OON`,4,413068,,,false,1
,H??OON`,5,402104,,,false,1
,H??OON`,6,401056,,,false,1
,H??OON`,7,414744,,,false,1
,H??OON`,8,398682,,,false,1
,H??OON`,9,403990,,,false,1
,H???Oje,0,408738,,,false,1
,H???Oje,1,405316,,,false,1
,H???Oje,2,418375,,,false,1
,H???Oje,3,406293,,,false,1
,H???Oje,4,416909,,,false,1
,H???Oje,5,403012,,,false,1
,H???Oje,6,408458,,,false,1
,H???Oje,7,410134,,,false,1
,H???Oje,8,404827,,,false,1
,H???Oje,9,413766,,,false,1
,H???gZ`,0,409715,,,false,1
,H???gZ`,1,408808,,,false,1
,H???gZ`,2,401825,,,false,1
,H???gZ`,3,400357,,,false,1
,H???gZ`,4,407341,,,false,1
,H???gZ`,5,405595,,,false,1
,H???gZ`,6,420261,,,false,1
,H???gZ`,7,406852,,,false,1
,H???gZ`,8,397704,,,false,1
,H???gZ`,9,404688,,,false,1
,H???_^c,0,408807,,,false,1
,H???_^c,1,415511,,,false,1
,H???_^c,2,401895,,,false,1
,H???_^c,3,402872,,,false,1
,H???_^c,4,395609,,,false,1
,H???_^c,5,400777,,,false,1
,H???_^c,6,413696,,,false,1
,H???_^c,7,399590,,,false,1
,H???_^c,8,409646,,,false,1
,H???_^c,9,396796,,,false,1
,H???Gvc,0,399869,,,false,1
,H???Gvc,1,403012,,,false,1
,H???Gvc,2,398403,,,false,1
,H???Gvc,3,413627,,,false,1
,H???Gvc,4,399729,,,false,1
,H???Gvc,5,389324,,,false,1
,H???Gvc,6,400707,,,false,1
,H???Gvc,7,398751,,,false,1
,H???Gvc,8,412579,,,false,1
,H???Gvc,9,397844,,,false,1
,H??G@fE,0,409925,,,false,1
,H??G@fE,1,397215,,,false,1
,H??G@fE,2,418864,,,false,1
,H??G@fE,3,428711,,,false,1
,H??G@fE,4,416000,,,false,1
,H??G@fE,5,422774,,,false,1
,H??G@fE,6,412997,,,false,1
,H??G@fE,7,428362,,,false,1
,H??G@fE,8,420120,,,false,1
,H??G@fE,9,409645,,,false,1
,H?AAGSp,0,428851,,,false,1
,H?AAGSp,1,414464,,,false,1
,H?AAGSp,2,433878,,,false,1
,H?AAGSp,3,416559,,,false,1
,H?AAGSp,4,398612,,,false,1
,H?AAGSp,5,389743,,,false,1
,H?AAGSp,6,396936,,,false,1
,H?AAGSp,7,412788,,,false,1
,H?AAGSp,8,401685,,,false,1
,H?AAGSp,9,402523,,,false,1
,H?C@M?L,0,397913,,,false,1
,H?C@M?L,1,390721,,,false,1
,H?C@M?L,2,400987,,,false,1
,H?C@M?L,3,391768,,,false,1
,H?C@M?L,4,403151,,,false,1
,H?C@M?L,5,394073,,,false,1
,H?C@M?L,6,392606,,,false,1
,H?C@M?L,7,403500,,,false,1
,H?C@M?L,8,388835,,,false,1
,H?C@M?L,9,395540,,,false,1
,H??_aQM,0,402033,,,false,1
,H??_aQM,1,398822,,,false,1
,H??_aQM,2,402313,,,false,1
,H??_aQM,3,398682,,,false,1
,H??_aQM,4,412160,,,false,1
,H??_aQM,5,399520,,,false,1
,H??_aQM,6,397564,,,false,1
,H??_aQM,7,398752,,,false,1
,H??_aQM,8,399730,,,false,1
,H??_aQM,9,416978,,,false,1
,H?GQCCL,0,406573,,,false,1
,H?GQCCL,1,403291,,,false,1
,H?GQCCL,2,391978,,,false,1
,H?GQCCL,3,392816,,,false,1
,H?GQCCL,4,406084,,,false,1
,H?GQCCL,5,393724,,,false,1
,H?GQCCL,6,398123,,,false,1
,H?GQCCL,7,385204,,,false,1
,H?GQCCL,8,387718,,,false,1
,H?GQCCL,9,407550,,,false,1
,H??_eOM,0,402802,,,false,1
,H??_eOM,1,403360,,,false,1
,H??_eOM,2,394632,,,false,1
,H??_eOM,3,390582,,,false,1
,H??_eOM,4,405107,,,false,1
,H??_eOM,5,392676,,,false,1
,H??_eOM,6,405805,,,false,1
,H??_eOM,7,394072,,,false,1
,H??_eOM,8,388835,,,false,1
,H??_eOM,9,398403,,,false,1
,H`?G?F~,0,464466,,,false,2
,H`?G?F~,1,479410,,,false,2
,H`?G?F~,2,459786,,,false,2
,H`?G?F~,3,470541,,,false,2
,H`?G?F~,4,458180,,,false,2
,H`?G?F~,5,475848,,,false,2
,H`?G?F~,6,461742,,,false,2
,H`?G?F~,7,464187,,,false,2
,H`?G?F~,8,457832,,,false,2
,H`?G?F~,9,464814,,,false,2
,H??E\hw,0,500291,,,false,2
,H??E\hw,1,495402,,,false,2
,H??E\hw,2,490374,,,false,2
,H??E\hw,3,502246,,,false,2
,H??E\hw,4,497567,,,false,2
,H??E\hw,5,495192,,,false,2
,H??E\hw,6,486813,,,false,2
,H??E\hw,7,502385,,,false,2
,H??E\hw,8,493168,,,false,2
,H??E\hw,9,493307,,,false,2
,HQG[IVr,0,559091,,,false,4
,HQG[IVr,1,566562,,,false,4
,HQG[IVr,2,552247,,,false,4
,HQG[IVr,3,563839,,,false,4
,HQG[IVr,4,541004,,,false,4
,HQG[IVr,5,556786,,,false,4
,HQG[IVr,6,559789,,,false,4
,HQG[IVr,7,551688,,,false,4
,HQG[IVr,8,557973,,,false,4
,HQG[IVr,9,546730,,,false,4
,HCDlAVr,0,588979,,,false,4
,HCDlAVr,1,561605,,,false,4
,HCDlAVr,2,565934,,,false,4
,HCDlAVr,3,570473,,,false,4
,HCDlAVr,4,563281,,,false,4
,HCDlAVr,5,567052,,,false,4
,HCDlAVr,6,559858,,,false,4
,HCDlAVr,7,575851,,,false,4
,HCDlAVr,8,560767,,,false,4
,HCDlAVr,9,565865,,,false,4
,H`GIkze,0,588072,,,false,4
,H`GIkze,1,564467,,,false,4
,H`GIkze,2,571312,,,false,4
,H`GIkze,3,561325,,,false,4
,H`GIkze,4,577876,,,false,4
,H`GIkze,5,570543,,,false,4
,H`GIkze,6,561256,,,false,4
,H`GIkze,7,558741,,,false,4
,H`GIkze,8,552736,,,false,4
,H`GIkze,9,571730,,,false,4
,HBIEB]],0,577666,,,false,3
,HBIEB]],1,580110,,,false,3
,HBIEB]],2,573826,,,false,3
,HBIEB]],3,563140,,,false,3
,HBIEB]],4,585557,,,false,3
,HBIEB]],5,569147,,,false,3
,HBIEB]],6,575222,,,false,3
,HBIEB]],7,577736,,,false,3
,HBIEB]],8,598616,,,false,3
,HBIEB]],9,602388,,,false,3
,HQD_[Vp,0,573895,,,false,3
,HQD_[Vp,1,573197,,,false,3
,HQD_[Vp,2,561255,,,false,3
,HQD_[Vp,3,570962,,,false,3
,HQD_[Vp,4,553015,,,false,3
,HQD_[Vp,5,536115,,,false,3
,HQD_[Vp,6,545683,,,false,3
,HQD_[Vp,7,530039,,,false,3
,HQD_[Vp,8,542819,,,false,3
,HQD_[Vp,9,533950,,,false,3
,Hs`rY{~,0,644916,,,false,4
,Hs`rY{~,1,627807,,,false,4
,Hs`rY{~,2,617890,,,false,4
,Hs`rY{~,3,637724,,,false,4
,Hs`rY{~,4,623756,,,false,4
,Hs`rY{~,5,619078,,,false,4
,Hs`rY{~,6,624734,,,false,4
,Hs`rY{~,7,616424,,,false,4
,Hs`rY{~,8,635069,,,false,4
,Hs`rY{~,9,624036,,,false,4
,HXNUS|^,0,628924,,,false,5
,HXNUS|^,1,645964,,,false,5
,HXNUS|^,2,630321,,,false,5
,HXNUS|^,3,623338,,,false,5
,HXNUS|^,4,633673,,,false,5
,HXNUS|^,5,635838,,,false,5
,HXNUS|^,6,632905,,,false,5
,HXNUS|^,7,639748,,,false,5
,HXNUS|^,8,624874,,,false,5
,HXNUS|^,9,630600,,,false,5
,HxU_w~N,0,631997,,,false,5
,HxU_w~N,1,610418,,,false,5
,HxU_w~N,2,619357,,,false,5
,HxU_w~N,3,616634,,,false,5
,HxU_w~N,4,607695,,,false,5
,HxU_w~N,5,622081,,,false,5
,HxU_w~N,6,611885,,,false,5
,HxU_w~N,7,602458,,,false,5
,HxU_w~N,8,624734,,,false,5
,HxU_w~N,9,606787,,,false,5
,HoFvQ{~,0,633883,,,false,4
,HoFvQ{~,1,636257,,,false,4
,HoFvQ{~,2,626689,,,false,4
,HoFvQ{~,3,637723,,,false,4
,HoFvQ{~,4,625292,,,false,4
,HoFvQ{~,5,619706,,,false,4
,HoFvQ{~,6,642891,,,false,4
,HoFvQ{~,7,622849,,,false,4
,HoFvQ{~,8,620474,,,false,4
,HoFvQ{~,9,633045,,,false,4
,HqGTY~~,0,628575,,,false,4
,HqGTY~~,1,638770,,,false,4
,HqGTY~~,2,638212,,,false,4
,HqGTY~~,3,623268,,,false,4
,HqGTY~~,4,632626,,,false,4
,HqGTY~~,5,636326,,,false,4
,HqGTY~~,6,630321,,,false,4
,HqGTY~~,7,635279,,,false,4
,HqGTY~~,8,631089,,,false,4
,HqGTY~~,9,627248,,,false,4
,HRAZU^~,0,663212,,,false,5
,HRAZU^~,1,651132,,,false,5
,HRAZU^~,2,639329,,,false,5
,HRAZU^~,3,659581,,,false,5
,HRAZU^~,4,649246,,,false,5
,HRAZU^~,5,640587,,,false,5
,HRAZU^~,6,649874,,,false,5
,HRAZU^~,7,640586,,,false,5
,HRAZU^~,8,656997,,,false,5
,HRAZU^~,9,651551,,,false,5
,HWNVS|^,0,646173,,,false,5
,HWNVS|^,1,651900,,,false,5
,HWNVS|^,2,650154,,,false,5
,HWNVS|^,3,634790,,,false,5
,HWNVS|^,4,639539,,,false,5
,HWNVS|^,5,654763,,,false,5
,HWNVS|^,6,641006,,,false,5
,HWNVS|^,7,641774,,,false,5
,HWNVS|^,8,650084,,,false,5
,HWNVS|^,9,638911,,,false,5
,HoDPV~~,0,621103,,,false,4
,HoDPV~~,1,616424,,,false,4
,HoDPV~~,2,604832,,,false,4
,HoDPV~~,3,629692,,,false,4
,HoDPV~~,4,625153,,,false,4
,HoDPV~~,5,643868,,,false,4
,HoDPV~~,6,639260,,,false,4
,HoDPV~~,7,631229,,,false,4
,HoDPV~~,8,639190,,,false,4
,HoDPV~~,9,637304,,,false,4
,HsOax~~,0,649246,,,false,4
,HsOax~~,1,618169,,,false,4
,HsOax~~,2,651411,,,false,4
,HsOax~~,3,645056,,,false,4
,HsOax~~,4,627108,,,false,4
,HsOax~~,5,637933,,,false,4
,HsOax~~,6,639190,,,false,4
,HsOax~~,7,633534,,,false,4
,HsOax~~,8,634441,,,false,4
,HsOax~~,9,630461,,,false,4
,HqJTY{~,0,642263,,,false,4
,HqJTY{~,1,621941,,,false,4
,HqJTY{~,2,627178,,,false,4
,HqJTY{~,3,638701,,,false,4
,HqJTY{~,4,626271,,,false,4
,HqJTY{~,5,622779,,,false,4
,HqJTY{~,6,636816,,,false,4
,HqJTY{~,7,628226,,,false,4
,HqJTY{~,8,633394,,,false,4
,HqJTY{~,9,627946,,,false,4
,HyGW}mn,0,602458,,,false,5
,HyGW}mn,1,622500,,,false,5
,HyGW}mn,2,606228,,,false,5
,HyGW}mn,3,609581,,,false,5
,HyGW}mn,4,618240,,,false,5
,HyGW}mn,5,610977,,,false,5
,HyGW}mn,6,612374,,,false,5
,HyGW}mn,7,612094,,,false,5
,HyGW}mn,8,608184,,,false,5
,HyGW}mn,9,614818,,,false,5
,H{O_w~~,0,610279,,,false,5
,H{O_w~~,1,610139,,,false,5
,H{O_w~~,2,619217,,,false,5
,H{O_w~~,3,609301,,,false,5
,H{O_w~~,4,613910,,,false,5
,H{O_w~~,5,611396,,,false,5
,H{O_w~~,6,605111,,,false,5
,H{O_w~~,7,614679,,,false,5
,H{O_w~~,8,601828,,,false,5
,H{O_w~~,9,610977,,,false,5
,HqddY{~,0,654553,,,false,5
,HqddY{~,1,638771,,,false,5
,HqddY{~,2,647709,,,false,5
,HqddY{~,3,644009,,,false,5
,HqddY{~,4,632416,,,false,5
,HqddY{~,5,642612,,,false,5
,HqddY{~,6,638142,,,false,5
,HqddY{~,7,636466,,,false,5
,HqddY{~,8,644986,,,false,5
,HqddY{~,9,636536,,,false,5
,Hk`rX}^,0,628575,,,false,4
,Hk`rX}^,1,641146,,,false,4
,Hk`rX}^,2,629832,,,false,4
,Hk`rX}^,3,633882,,,false,4
,Hk`rX}^,4,643589,,,false,4
,Hk`rX}^,5,627318,,,false,4
,Hk`rX}^,6,636815,,,false,4
,Hk`rX}^,7,642403,,,false,4
,Hk`rX}^,8,633394,,,false,4
,Hk`rX}^,9,634650,,,false,4
,H`GO\|},0,581926,,,false,4
,H`GO\|},1,566563,,,false,4
,H`GO\|},2,575990,,,false,4
,H`GO\|},3,560696,,,false,4
,H`GO\|},4,572428,,,false,4
,H`GO\|},5,558462,,,false,4
,H`GO\|},6,568588,,,false,4
,H`GO\|},7,566982,,,false,4
,H`GO\|},8,555389,,,false,4
,H`GO\|},9,575292,,,false,4
,H@?tY~N,0,596173,,,false,3
,H@?tY~N,1,584440,,,false,3
,H@?tY~N,2,583253,,,false,3
,H@?tY~N,3,584790,,,false,3
,H@?tY~N,4,597638,,,false,3
,H@?tY~N,5,577736,,,false,3
,H@?tY~N,6,592960,,,false,3
,H@?tY~N,7,584719,,,false,3
,H@?tY~N,8,576479,,,false,3
,H@?tY~N,9,598546,,,false,3
,H?o_`KV,0,429269,,,false,2
,H?o_`KV,1,431713,,,false,2
,H?o_`KV,2,424101,,,false,2
,H?o_`KV,3,422565,,,false,2
,H?o_`KV,4,445890,,,false,2
,H?o_`KV,5,434576,,,false,2
,H?o_`KV,6,438068,,,false,2
,H?o_`KV,7,426685,,,false,2
,H?o_`KV,8,432133,,,false,2
,H?o_`KV,9,425358,,,false,2
,HWCOOK^,0,439814,,,false,3
,HWCOOK^,1,416838,,,false,3
,HWCOOK^,2,413277,,,false,3
,HWCOOK^,3,421238,,,false,3
,HWCOOK^,4,411601,,,false,3
,HWCOOK^,5,424102,,,false,3
,HWCOOK^,6,411043,,,false,3
,HWCOOK^,7,415163,,,false,3
,HWCOOK^,8,408249,,,false,3
,HWCOOK^,9,406853,,,false,3
,HWC?G{^,0,438906,,,false,3
,HWC?G{^,1,417467,,,false,3
,HWC?G{^,2,427943,,,false,3
,HWC?G{^,3,412300,,,false,3
,HWC?G{^,4,421029,,,false,3
,HWC?G{^,5,408878,,,false,3
,HWC?G{^,6,409646,,,false,3
,HWC?G{^,7,430806,,,false,3
,HWC?G{^,8,416071,,,false,3
,HWC?G{^,9,422984,,,false,3
,HEG?G[n,0,421447,,,false,3
,HEG?G[n,1,425499,,,false,3
,HEG?G[n,2,421588,,,false,3
,HEG?G[n,3,421238,,,false,3
,HEG?G[n,4,429619,,,false,3
,HEG?G[n,5,413976,,,false,3
,HEG?G[n,6,426895,,,false,3
,HEG?G[n,7,415233,,,false,3
,HEG?G[n,8,419982,,,false,3
,HEG?G[n,9,413137,,,false,3
,H??M@_|,0,412579,,,false,2
,H??M@_|,1,422216,,,false,2
,H??M@_|,2,405736,,,false,2
,H??M@_|,3,412998,,,false,2
,H??M@_|,4,395540,,,false,2
,H??M@_|,5,399520,,,false,2
,H??M@_|,6,413417,,,false,2
,H??M@_|,7,403012,,,false,2
,H??M@_|,8,411671,,,false,2
,H??M@_|,9,392397,,,false,2
,HWCOg[N,0,439953,,,false,4
,HWCOg[N,1,423194,,,false,4
,HWCOg[N,2,420610,,,false,4
,HWCOg[N,3,423753,,,false,4
,HWCOg[N,4,414953,,,false,4
,HWCOg[N,5,426336,,,false,4
,HWCOg[N,6,416420,,,false,4
,HWCOg[N,7,422356,,,false,4
,HWCOg[N,8,411043,,,false,4
,HWCOg[N,9,411321,,,false,4
,H@h^~z|,0,680462,,,false,5
,H@h^~z|,1,674596,,,false,5
,H@h^~z|,2,659023,,,false,5
,H@h^~z|,3,687585,,,false,5
,H@h^~z|,4,674945,,,false,5
,H@h^~z|,5,653995,,,false,5
,H@h^~z|,6,666355,,,false,5
,H@h^~z|,7,674806,,,false,5
,H@h^~z|,8,668101,,,false,5
,H@h^~z|,9,662375,,,false,5
,HIG^~z|,0,652947,,,false,5
,HIG^~z|,1,641704,,,false,5
,HIG^~z|,2,638212,,,false,5
,HIG^~z|,3,647151,,,false,5
,HIG^~z|,4,631787,,,false,5
,HIG^~z|,5,637654,,,false,5
,HIG^~z|,6,652179,,,false,5
,HIG^~z|,7,640168,,,false,5
,HIG^~z|,8,635559,,,false,5
,HIG^~z|,9,645685,,,false,5
,H@G^~z|,0,632206,,,false,5
,H@G^~z|,1,639400,,,false,5
,H@G^~z|,2,637305,,,false,5
,H@G^~z|,3,618239,,,false,5
,H@G^~z|,4,645265,,,false,5
,H@G^~z|,5,637514,,,false,5
,H@G^~z|,6,616703,,,false,5
,H@G^~z|,7,639748,,,false,5
,H@G^~z|,8,637793,,,false,5
,H@G^~z|,9,616564,,,false,5
,H@Jy~vz,0,671942,,,false,5
,H@Jy~vz,1,671314,,,false,5
,H@Jy~vz,2,653576,,,false,5
,H@Jy~vz,3,669359,,,false,5
,H@Jy~vz,4,666845,,,false,5
,H@Jy~vz,5,657975,,,false,5
,H@Jy~vz,6,674805,,,false,5
,H@Jy~vz,7,670406,,,false,5
,H@Jy~vz,8,649525,,,false,5
,H@Jy~vz,9,675853,,,false,5
,HZWx}~^,0,671173,,,false,6
,HZWx}~^,1,649315,,,false,6
,HZWx}~^,2,668171,,,false,6
,HZWx}~^,3,662514,,,false,6
,HZWx}~^,4,651062,,,false,6
,HZWx}~^,5,688284,,,false,6
,HZWx}~^,6,703228,,,false,6
,HZWx}~^,7,683535,,,false,6
,HZWx}~^,8,697781,,,false,6
,HZWx}~^,9,690518,,,false,6
,H?df~z|,0,657277,,,false,4
,H?df~z|,1,625851,,,false,4
,H?df~z|,2,639260,,,false,4
,H?df~z|,3,639399,,,false,4
,H?df~z|,4,631368,,,false,4
,H?df~z|,5,641354,,,false,4
,H?df~z|,6,644916,,,false,4
,H?df~z|,7,643589,,,false,4
,H?df~z|,8,631160,,,false,4
,H?df~z|,9,633184,,,false,4
,H??GVnu,0,555598,,,false,3
,H??GVnu,1,534789,,,false,3
,H??GVnu,2,541842,,,false,3
,H??GVnu,3,527176,,,false,3
,H??GVnu,4,547637,,,false,3
,H??GVnu,5,547358,,,false,3
,H??GVnu,6,535557,,,false,3
,H??GVnu,7,540933,,,false,3
,H??GVnu,8,531157,,,false,3
,H??GVnu,9,541912,,,false,3
,H??WvNe,0,532973,,,false,3
,H??WvNe,1,549942,,,false,3
,H??WvNe,2,539886,,,false,3
,H??WvNe,3,532763,,,false,3
,H??WvNe,4,520054,,,false,3
,H??WvNe,5,537162,,,false,3
,H??WvNe,6,539537,,,false,3
,H??WvNe,7,532134,,,false,3
,H??WvNe,8,542819,,,false,3
,H??WvNe,9,529411,,,false,3
,H@GWuNE,0,538978,,,false,3
,H@GWuNE,1,524244,,,false,3
,H@GWuNE,2,533881,,,false,3
,H@GWuNE,3,518936,,,false,3
,H@GWuNE,4,541702,,,false,3
,H@GWuNE,5,526338,,,false,3
,H@GWuNE,6,531366,,,false,3
,H@GWuNE,7,528155,,,false,3
,H@GWuNE,8,527595,,,false,3
,H@GWuNE,9,532973,,,false,3
,H?PD`y{,0,542610,,,false,3
,H?PD`y{,1,550501,,,false,3
,H?PD`y{,2,538280,,,false,3
,H?PD`y{,3,552316,,,false,3
,H?PD`y{,4,535906,,,false,3
,H?PD`y{,5,544285,,,false,3
,H?PD`y{,6,529132,,,false,3
,H?PD`y{,7,547149,,,false,3
,H?PD`y{,8,547708,,,false,3
,H?PD`y{,9,528852,,,false,3
,HC`A@{},0,552316,,,false,3
,HC`A@{},1,536115,,,false,3
,HC`A@{},2,545264,,,false,3
,HC`A@{},3,529969,,,false,3
,HC`A@{},4,540934,,,false,3
,HC`A@{},5,526059,,,false,3
,HC`A@{},6,539886,,,false,3
,HC`A@{},7,532693,,,false,3
,HC`A@{},8,536395,,,false,3
,HC`A@{},9,538070,,,false,3
,HAGWuMe,0,539049,,,false,3
,HAGWuMe,1,546520,,,false,3
,HAGWuMe,2,540725,,,false,3
,HAGWuMe,3,552735,,,false,3
,HAGWuMe,4,538629,,,false,3
,HAGWuMe,5,549943,,,false,3
,HAGWuMe,6,535067,,,false,3
,HAGWuMe,7,536604,,,false,3
,HAGWuMe,8,538070,,,false,3
,HAGWuMe,9,536604,,,false,3
,H??CZz{,0,571032,,,false,3
,H??CZz{,1,539537,,,false,3
,H??CZz{,2,555529,,,false,3
,H??CZz{,3,549593,,,false,3
,H??CZz{,4,557764,,,false,3
,H??CZz{,5,540724,,,false,3
,H??CZz{,6,547079,,,false,3
,H??CZz{,7,546171,,,false,3
,H??CZz{,8,546729,,,false,3
,H??CZz{,9,558392,,,false,3
,H??CzZ{,0,550361,,,false,3
,H??CzZ{,1,555040,,,false,3
,H??CzZ{,2,540235,,,false,3
,H??CzZ{,3,562932,,,false,3
,H??CzZ{,4,564608,,,false,3
,H??CzZ{,5,535347,,,false,3
,H??CzZ{,6,543797,,,false,3
,H??CzZ{,7,551897,,,false,3
,H??CzZ{,8,559859,,,false,3
,H??CzZ{,9,542191,,,false,3
,H?GXMfY,0,579761,,,false,3
,H?GXMfY,1,571451,,,false,3
,H?GXMfY,2,578644,,,false,3
,H?GXMfY,3,575292,,,false,3
,H?GXMfY,4,564747,,,false,3
,H?GXMfY,5,579691,,,false,3
,H?GXMfY,6,564817,,,false,3
,H?GXMfY,7,572010,,,false,3
,H?GXMfY,8,570054,,,false,3
,H?GXMfY,9,533391,,,false,3
,H?d_\dq,0,553155,,,false,3
,H?d_\dq,1,542121,,,false,3
,H?d_\dq,2,552805,,,false,3
,H?d_\dq,3,534230,,,false,3
,H?d_\dq,4,545263,,,false,3
,H?d_\dq,5,529830,,,false,3
,H?d_\dq,6,556646,,,false,3
,H?d_\dq,7,548615,,,false,3
,H?d_\dq,8,536674,,,false,3
,H?d_\dq,9,546241,,,false,3
,H?Ma_^p,0,550989,,,false,3
,H?Ma_^p,1,555110,,,false,3
,H?Ma_^p,2,534439,,,false,3
,H?Ma_^p,3,552456,,,false,3
,H?Ma_^p,4,540724,,,false,3
,H?Ma_^p,5,556576,,,false,3
,H?Ma_^p,6,557345,,,false,3
,H?Ma_^p,7,539956,,,false,3
,H?Ma_^p,8,546241,,,false,3
,H?Ma_^p,9,537931,,,false,3
,H?GcyzS,0,562931,,,false,3
,H?GcyzS,1,541423,,,false,3
,H?GcyzS,2,558881,,,false,3
,H?GcyzS,3,551479,,,false,3
,H?GcyzS,4,549872,,,false,3
,H?GcyzS,5,538001,,,false,3
,H?GcyzS,6,537162,,,false,3
,H?GcyzS,7,548476,,,false,3
,H?GcyzS,8,545193,,,false,3
,H?GcyzS,9,554621,,,false,3
,H@@HKvY,0,554202,,,false,3
,H@@HKvY,1,561535,,,false,3
,H@@HKvY,2,545682,,,false,3
,H@@HKvY,3,550641,,,false,3
,H@@HKvY,4,551339,,,false,3
,H@@HKvY,5,550920,,,false,3
,H@@HKvY,6,562931,,,false,3
,H@@HKvY,7,545263,,,false,3
,H@@HKvY,8,558601,,,false,3
,H@@HKvY,9,547219,,,false,3
,H?`E@{},0,552526,,,false,3
,H?`E@{},1,537652,,,false,3
,H?`E@{},2,546729,,,false,3
,H?`E@{},3,560347,,,false,3
,H?`E@{},4,533531,,,false,3
,H?`E@{},5,549803,,,false,3
,H?`E@{},6,544984,,,false,3
,H?`E@{},7,552527,,,false,3
,H?`E@{},8,537861,,,false,3
,H?`E@{},9,549524,,,false,3
,H?GWuNe,0,551967,,,false,3
,H?GWuNe,1,548127,,,false,3
,H?GWuNe,2,555319,,,false,3
,H?GWuNe,3,537372,,,false,3
,H?GWuNe,4,548126,,,false,3
,H?GWuNe,5,547987,,,false,3
,H?GWuNe,6,553783,,,false,3
,H?GWuNe,7,537023,,,false,3
,H?GWuNe,8,550152,,,false,3
,H?GWuNe,9,536744,,,false,3
,H??E\x{,0,553783,,,false,3
,H??E\x{,1,562303,,,false,3
,H??E\x{,2,536674,,,false,3
,H??E\x{,3,549663,,,false,3
,H??E\x{,4,545264,,,false,3
,H??E\x{,5,556087,,,false,3
,H??E\x{,6,539956,,,false,3
,H??E\x{,7,545054,,,false,3
,H??E\x{,8,533252,,,false,3
,H??E\x{,9,542400,,,false,3
,HBX@CmM,0,560417,,,false,3
,HBX@CmM,1,532763,,,false,3
,HBX@CmM,2,540725,,,false,3
,HBX@CmM,3,539537,,,false,3
,HBX@CmM,4,546451,,,false,3
,HBX@CmM,5,528853,,,false,3
,HBX@CmM,6,548616,,,false,3
,HBX@CmM,7,538629,,,false,3
,HBX@CmM,8,540933,,,false,3
,HBX@CmM,9,539956,,,false,3
,H??sQS~,0,486114,,,false,3
,H??sQS~,1,480807,,,false,3
,H??sQS~,2,478013,,,false,3
,H??sQS~,3,485555,,,false,3
,H??sQS~,4,474312,,,false,3
,H??sQS~,5,481924,,,false,3
,H??sQS~,6,472846,,,false,3
,H??sQS~,7,469494,,,false,3
,H??sQS~,8,480388,,,false,3
,H??sQS~,9,473124,,,false,3
,HBDj]}~,0,690727,,,false,5
,HBDj]}~,1,686747,,,false,5
,HBDj]}~,2,664051,,,false,5
,HBDj]}~,3,677738,,,false,5
,HBDj]}~,4,688633,,,false,5
,HBDj]}~,5,665447,,,false,5
,HBDj]}~,6,640726,,,false,5
,HBDj]}~,7,650503,,,false,5
,HBDj]}~,8,641774,,,false,5
,HBDj]}~,9,636815,,,false,5
,H??sQSv,0,493307,,,false,2
,H??sQSv,1,462860,,,false,2
,H??sQSv,2,475150,,,false,2
,H??sQSv,3,460834,,,false,2
,H??sQSv,4,466561,,,false,2
,H??sQSv,5,464536,,,false,2
,H??sQSv,6,470471,,,false,2
,H??sQSv,7,462091,,,false,2
,H??sQSv,8,461533,,,false,2
,H??sQSv,9,472147,,,false,2
,HBdj]}~,0,675225,,,false,5
,HBdj]}~,1,651481,,,false,5
,HBdj]}~,2,653227,,,false,5
,HBdj]}~,3,655321,,,false,5
,HBdj]}~,4,657976,,,false,5
,HBdj]}~,5,669289,,,false,5
,HBdj]}~,6,663003,,,false,5
,HBdj]}~,7,646453,,,false,5
,HBdj]}~,8,666007,,,false,5
,HBdj]}~,9,669568,,,false,5
,H@?M@z},0,524523,,,false,3
,H@?M@z},1,528643,,,false,3
,H@?M@z},2,517539,,,false,3
,H@?M@z},3,529970,,,false,3
,H@?M@z},4,512791,,,false,3
,H@?M@z},5,528992,,,false,3
,H@?M@z},6,516632,,,false,3
,H@?M@z},7,527595,,,false,3
,H@?M@z},8,511883,,,false,3
,H@?M@z},9,524941,,,false,3
,HhKpY|^,0,599106,,,false,5
,HhKpY|^,1,578085,,,false,5
,HhKpY|^,2,589468,,,false,5
,HhKpY|^,3,575082,,,false,5
,HhKpY|^,4,593309,,,false,5
,HhKpY|^,5,592820,,,false,5
,HhKpY|^,6,576759,,,false,5
,HhKpY|^,7,591424,,,false,5
,HhKpY|^,8,580529,,,false,5
,HhKpY|^,9,588561,,,false,5
,H??ZXzR,0,562583,,,false,3
,H??ZXzR,1,548196,,,false,3
,H??ZXzR,2,562442,,,false,3
,H??ZXzR,3,539606,,,false,3
,H??ZXzR,4,554272,,,false,3
,H??ZXzR,5,541143,,,false,3
,H??ZXzR,6,555599,,,false,3
,H??ZXzR,7,550431,,,false,3
,H??ZXzR,8,554133,,,false,3
,H??ZXzR,9,550571,,,false,3
,H?CmJs},0,572150,,,false,3
,H?CmJs},1,573546,,,false,3
,H?CmJs},2,554691,,,false,3
,H?CmJs},3,565306,,,false,3
,H?CmJs},4,561605,,,false,3
,H?CmJs},5,567819,,,false,3
,H?CmJs},6,563071,,,false,3
,H?CmJs},7,554272,,,false,3
,H?CmJs},8,564817,,,false,3
,H?CmJs},9,559021,,,false,3
,H_GZCcN,0,516492,,,false,3
,H_GZCcN,1,492260,,,false,3
,H_GZCcN,2,509928,,,false,3
,H_GZCcN,3,495192,,,false,3
,H_GZCcN,4,504271,,,false,3
,H_GZCcN,5,487511,,,false,3
,H_GZCcN,6,500570,,,false,3
,H_GZCcN,7,482972,,,false,3
,H_GZCcN,8,500849,,,false,3
,H_GZCcN,9,488768,,,false,3
,HC`PhPH,0,487092,,,false,3
,HC`PhPH,1,465652,,,false,3
,HC`PhPH,2,478503,,,false,3
,HC`PhPH,3,459438,,,false,3
,HC`PhPH,4,469074,,,false,3
,HC`PhPH,5,454828,,,false,3
,HC`PhPH,6,466631,,,false,3
,HC`PhPH,7,465234,,,false,3
,HC`PhPH,8,475639,,,false,3
,HC`PhPH,9,459088,,,false,3
,H`EBH[^,0,558252,,,false,3
,H`EBH[^,1,532484,,,false,3
,H`EBH[^,2,548057,,,false,3
,H`EBH[^,3,537302,,,false,3
,H`EBH[^,4,553224,,,false,3
,H`EBH[^,5,534928,,,false,3
,H`EBH[^,6,548686,,,false,3
,H`EBH[^,7,553922,,,false,3
,H`EBH[^,8,553015,,,false,3
,H`EBH[^,9,576898,,,false,3
,HKCYPMN,0,545752,,,false,3
,HKCYPMN,1,546590,,,false,3
,HKCYPMN,2,541841,,,false,3
,HKCYPMN,3,550291,,,false,3
,HKCYPMN,4,532972,,,false,3
,HKCYPMN,5,527525,,,false,3
,HKCYPMN,6,503642,,,false,3
,HKCYPMN,7,515235,,,false,3
,HKCYPMN,8,533741,,,false,3
,HKCYPMN,9,514746,,,false,3
,H`KpYmN,0,572428,,,false,4
,H`KpYmN,1,563630,,,false,4
,H`KpYmN,2,574105,,,false,4
,H`KpYmN,3,558462,,,false,4
,H`KpYmN,4,563770,,,false,4
,H`KpYmN,5,560627,,,false,4
,H`KpYmN,6,556647,,,false,4
,H`KpYmN,7,573546,,,false,4
,H`KpYmN,8,558811,,,false,4
,H`KpYmN,9,575711,,,false,4
,H??yuij,0,562164,,,false,3
,H??yuij,1,561115,,,false,3
,H??yuij,2,558951,,,false,3
,H??yuij,3,543098,,,false,3
,H??yuij,4,552736,,,false,3
,H??yuij,5,547079,,,false,3
,H??yuij,6,559091,,,false,3
,H??yuij,7,543308,,,false,3
,H??yuij,8,560976,,,false,3
,H??yuij,9,553015,,,false,3
,H?@[|hj,0,570753,,,false,3
,H?@[|hj,1,571660,,,false,3
,H?@[|hj,2,562233,,,false,3
,H?@[|hj,3,574803,,,false,3
,H?@[|hj,4,558043,,,false,3
,H?@[|hj,5,573616,,,false,3
,H?@[|hj,6,571451,,,false,3
,H?@[|hj,7,560906,,,false,3
,H?@[|hj,8,565795,,,false,3
,H?@[|hj,9,562932,,,false,3
,H?Cjc~M,0,591843,,,false,4
,H?Cjc~M,1,563979,,,false,4
,H?Cjc~M,2,578086,,,false,4
,H?Cjc~M,3,579691,,,false,4
,H?Cjc~M,4,561604,,,false,4
,H?Cjc~M,5,570473,,,false,4
,H?Cjc~M,6,568797,,,false,4
,H?Cjc~M,7,581298,,,false,4
,H?Cjc~M,8,576968,,,false,4
,H?Cjc~M,9,569635,,,false,4
,H?JIp}u,0,611745,,,false,4
,H?JIp}u,1,588980,,,false,4
,H?JIp}u,2,596731,,,false,4
,H?JIp}u,3,589469,,,false,4
,H?JIp}u,4,588630,,,false,4
,H?JIp}u,5,605740,,,false,4
,H?JIp}u,6,586884,,,false,4
,H?JIp}u,7,597639,,,false,4
,H?JIp}u,8,593589,,,false,4
,H?JIp}u,9,586605,,,false,4
,HGBTXxZ,0,599873,,,false,4
,HGBTXxZ,1,576410,,,false,4
,HGBTXxZ,2,586326,,,false,4
,HGBTXxZ,3,579063,,,false,4
,HGBTXxZ,4,565795,,,false,4
,HGBTXxZ,5,571801,,,false,4
,HGBTXxZ,6,568868,,,false,4
,HGBTXxZ,7,586396,,,false,4
,HGBTXxZ,8,571381,,,false,4
,HGBTXxZ,9,578783,,,false,4
,H_KqlRF,0,559509,,,false,3
,H_KqlRF,1,543308,,,false,3
,H_KqlRF,2,556716,,,false,3
,H_KqlRF,3,539607,,,false,3
,H_KqlRF,4,550781,,,false,3
,H_KqlRF,5,543866,,,false,3
,H_KqlRF,6,556087,,,false,3
,H_KqlRF,7,539467,,,false,3
,H_KqlRF,8,540165,,,false,3
,H_KqlRF,9,541772,,,false,3
,H@`@pnK,0,497986,,,false,3
,H@`@pnK,1,501338,,,false,3
,H@`@pnK,2,488838,,,false,3
,H@`@pnK,3,495262,,,false,3
,H@`@pnK,4,483530,,,false,3
,H@`@pnK,5,489396,,,false,3
,H@`@pnK,6,484927,,,false,3
,H@`@pnK,7,493167,,,false,3
,H@`@pnK,8,487790,,,false,3
,H@`@pnK,9,491212,,,false,3
,HqG?g^{,0,525221,,,false,3
,HqG?g^{,1,528643,,,false,3
,HqG?g^{,2,517958,,,false,3
,HqG?g^{,3,531576,,,false,3
,HqG?g^{,4,533112,,,false,3
,HqG?g^{,5,547219,,,false,3
,HqG?g^{,6,542610,,,false,3
,HqG?g^{,7,555739,,,false,3
,HqG?g^{,8,546869,,,false,3
,HqG?g^{,9,532414,,,false,3
,HqGOW^p,0,551688,,,false,3
,HqGOW^p,1,529551,,,false,3
,HqGOW^p,2,529131,,,false,3
,HqGOW^p,3,519355,,,false,3
,HqGOW^p,4,527176,,,false,3
,HqGOW^p,5,513280,,,false,3
,HqGOW^p,6,525501,,,false,3
,HqGOW^p,7,514187,,,false,3
,HqGOW^p,8,526757,,,false,3
,HqGOW^p,9,516143,,,false,3
,HoKQG^o,0,521310,,,false,3
,HoKQG^o,1,502735,,,false,3
,HoKQG^o,2,511394,,,false,3
,HoKQG^o,3,508950,,,false,3
,HoKQG^o,4,514816,,,false,3
,HoKQG^o,5,513279,,,false,3
,HoKQG^o,6,502106,,,false,3
,HoKQG^o,7,506715,,,false,3
,HoKQG^o,8,503852,,,false,3
,HoKQG^o,9,513768,,,false,3
,H_hPOno,0,510416,,,false,3
,H_hPOno,1,517470,,,false,3
,H_hPOno,2,505737,,,false,3
,H_hPOno,3,522358,,,false,3
,H_hPOno,4,504899,,,false,3
,H_hPOno,5,514746,,,false,3
,H_hPOno,6,501478,,,false,3
,H_hPOno,7,514187,,,false,3
,H_hPOno,8,499034,,,false,3
,H_hPOno,9,514676,,,false,3
,H?qi`fo,0,524802,,,false,3
,H?qi`fo,1,528434,,,false,3
,H?qi`fo,2,506087,,,false,3
,H?qi`fo,3,517540,,,false,3
,H?qi`fo,4,513769,,,false,3
,H?qi`fo,5,523335,,,false,3
,H?qi`fo,6,512441,,,false,3
,H?qi`fo,7,519914,,,false,3
,H?qi`fo,8,517399,,,false,3
,H?qi`fo,9,508182,,,false,3
