name,graph_g6,iteration,runtime,allocated_bytes,peak_bytes,timeout,treewidth
,I??????~w,0,993454,,,false,1
,I??????~w,1,1014962,,,false,1
,I??????~w,2,949388,,,false,1
,I??????~w,3,1001974,,,false,1
,I??????~w,4,935701,,,false,1
,I??????~w,5,995479,,,false,1
,I??????~w,6,941219,,,false,1
,I??????~w,7,982769,,,false,1
,I??????~w,8,939752,,,false,1
,I??????~w,9,999809,,,false,1
,I????????,0,558530,,,false,0
,I????????,1,584019,,,false,0
,I????????,2,598474,,,false,0
,I????????,3,577595,,,false,0
,I????????,4,552943,,,false,0
,I????????,5,554619,,,false,0
,I????????,6,565862,,,false,0
,I????????,7,552314,,,false,0
,I????????,8,557273,,,false,0
,I????????,9,568097,,,false,0
,I??F~~~~w,0,1422861,,,false,4
,I??F~~~~w,1,1390598,,,false,4
,I??F~~~~w,2,1435292,,,false,4
,I??F~~~~w,3,1397861,,,false,4
,I??F~~~~w,4,1414411,,,false,4
,I??F~~~~w,5,1374746,,,false,4
,I??F~~~~w,6,1413084,,,false,4
,I??F~~~~w,7,1411339,,,false,4
,I??F~~~~w,8,1391087,,,false,4
,I??F~~~~w,9,1399886,,,false,4
,I`?G?C??G,0,657833,,,false,1
,I`?G?C??G,1,668378,,,false,1
,I`?G?C??G,2,673756,,,false,1
,I`?G?C??G,3,662024,,,false,1
,I`?G?C??G,4,647707,,,false,1
,I`?G?C??G,5,658881,,,false,1
,I`?G?C??G,6,647149,,,false,1
,I`?G?C??G,7,653084,,,false,1
,I`?G?C??G,8,660067,,,false,1
,I`?G?C??G,9,677247,,,false,1
,I?@@?_G`w,0,923341,,,false,1
,I?@@?_G`w,1,911121,,,false,1
,I?@@?_G`w,2,913773,,,false,1
,I?@@?_G`w,3,912377,,,false,1
,I?@@?_G`w,4,904067,,,false,1
,I?@@?_G`w,5,932838,,,false,1
,I?@@?_G`w,6,914472,,,false,1
,I?@@?_G`w,7,922713,,,false,1
,I?@@?_G`w,8,898201,,,false,1
,I?@@?_G`w,9,902041,,,false,1
,I??OS?dOo,0,887656,,,false,1
,I??OS?dOo,1,881511,,,false,1
,I??OS?dOo,2,874318,,,false,1
,I??OS?dOo,3,882767,,,false,1
,I??OS?dOo,4,892963,,,false,1
,I??OS?dOo,5,892893,,,false,1
,I??OS?dOo,6,882908,,,false,1
,I??OS?dOo,7,901343,,,false,1
,I??OS?dOo,8,898759,,,false,1
,I??OS?dOo,9,891008,,,false,1
,I??OPHAe?,0,868243,,,false,1
,I??OPHAe?,1,872293,,,false,1
,I??OPHAe?,2,862865,,,false,1
,I??OPHAe?,3,880952,,,false,1
,I??OPHAe?,4,856231,,,false,1
,I??OPHAe?,5,858606,,,false,1
,I??OPHAe?,6,865798,,,false,1
,I??OPHAe?,7,853786,,,false,1
,I??OPHAe?,8,850016,,,false,1
,I??OPHAe?,9,844219,,,false,1
,I????AF]G,0,935003,,,false,1
,I????AF]G,1,937377,,,false,1
,I????AF]G,2,930743,,,false,1
,I????AF]G,3,951972,,,false,1
,I????AF]G,4,923201,,,false,1
,I????AF]G,5,945897,,,false,1
,I????AF]G,6,920896,,,false,1
,I????AF]G,7,930254,,,false,1
,I????AF]G,8,936191,,,false,1
,I????AF]G,9,944780,,,false,1
,I?AAHGICW,0,936819,,,false,2
,I?AAHGICW,1,944431,,,false,2
,I?AAHGICW,2,931651,,,false,2
,I?AAHGICW,3,938355,,,false,2
,I?AAHGICW,4,931651,,,false,2
,I?AAHGICW,5,926832,,,false,2
,I?AAHGICW,6,949808,,,false,2
,I?AAHGICW,7,943942,,,false,2
,I?AAHGICW,8,925855,,,false,2
,I?AAHGICW,9,934514,,,false,2
,I@Kxx{~Nw,0,1232005,,,false,7
,I@Kxx{~Nw,1,1176488,,,false,7
,I@Kxx{~Nw,2,1174253,,,false,7
,I@Kxx{~Nw,3,1168387,,,false,7
,I@Kxx{~Nw,4,1201628,,,false,7
,I@Kxx{~Nw,5,1195832,,,false,7
,I@Kxx{~Nw,6,1193388,,,false,7
,I@Kxx{~Nw,7,1203514,,,false,7
,I@Kxx{~Nw,8,1188290,,,false,7
,I@Kxx{~Nw,9,1216712,,,false,7
,I@Kxx{~~w,0,1297231,,,false,7
,I@Kxx{~~w,1,1305471,,,false,7
,I@Kxx{~~w,2,1281168,,,false,7
,I@Kxx{~~w,3,1319298,,,false,7
,I@Kxx{~~w,4,1288362,,,false,7
,I@Kxx{~~w,5,1285918,,,false,7
,I@Kxx{~~w,6,1293040,,,false,7
,I@Kxx{~~w,7,1280610,,,false,7
,I@Kxx{~~w,8,1278864,,,false,7
,I@Kxx{~~w,9,1558059,,,false,7
,Is\v~~}~W,0,1497025,,,false,7
,Is\v~~}~W,1,1520000,,,false,7
,Is\v~~}~W,2,1495837,,,false,7
,Is\v~~}~W,3,1509804,,,false,7
,Is\v~~}~W,4,1495488,,,false,7
,Is\v~~}~W,5,1511061,,,false,7
,Is\v~~}~W,6,1517625,,,false,7
,Is\v~~}~W,7,1502192,,,false,7
,Is\v~~}~W,8,1508128,,,false,7
,Is\v~~}~W,9,1504497,,,false,7
,IF~~~~~~w,0,1516229,,,false,7
,IF~~~~~~w,1,1471745,,,false,7
,IF~~~~~~w,2,1491089,,,false,7
,IF~~~~~~w,3,1477122,,,false,7
,IF~~~~~~w,4,1488505,,,false,7
,IF~~~~~~w,5,1473421,,,false,7
,IF~~~~~~w,6,1499119,,,false,7
,IF~~~~~~w,7,1487318,,,false,7
,IF~~~~~~w,8,1523212,,,false,7
,IF~~~~~~w,9,1477122,,,false,7
,I~{?GKF@w,0,943523,,,false,4
,I~{?GKF@w,1,950785,,,false,4
,I~{?GKF@w,2,942894,,,false,4
,I~{?GKF@w,3,950576,,,false,4
,I~{?GKF@w,4,947643,,,false,4
,I~{?GKF@w,5,944570,,,false,4
,I~{?GKF@w,6,942825,,,false,4
,I~{?GKF@w,7,943663,,,false,4
,I~{?GKF@w,8,944011,,,false,4
,I~{?GKF@w,9,935283,,,false,4
,I~?GW^oBw,0,1072924,,,false,4
,I~?GW^oBw,1,1072296,,,false,4
,I~?GW^oBw,2,1068455,,,false,4
,I~?GW^oBw,3,1068734,,,false,4
,I~?GW^oBw,4,1060355,,,false,4
,I~?GW^oBw,5,1070550,,,false,4
,I~?GW^oBw,6,1062659,,,false,4
,I~?GW^oBw,7,1077394,,,false,4
,I~?GW^oBw,8,1052813,,,false,4
,I~?GW^oBw,9,1079489,,,false,4
,Iv~vVL^Nw,0,1518185,,,false,7
,Iv~vVL^Nw,1,1508966,,,false,7
,Iv~vVL^Nw,2,1517765,,,false,7
,Iv~vVL^Nw,3,1507849,,,false,7
,Iv~vVL^Nw,4,1512668,,,false,7
,Iv~vVL^Nw,5,1521676,,,false,7
,Iv~vVL^Nw,6,1495628,,,false,7
,Iv~vVL^Nw,7,1505474,,,false,7
,Iv~vVL^Nw,8,1502612,,,false,7
,Iv~vVL^Nw,9,1528310,,,false,7
,IJ\zz|~^w,0,1293319,,,false,8
,IJ\zz|~^w,1,1281867,,,false,8
,IJ\zz|~^w,2,1314200,,,false,8
,IJ\zz|~^w,3,1286546,,,false,8
,IJ\zz|~^w,4,1290038,,,false,8
,IJ\zz|~^w,5,1316575,,,false,8
,IJ\zz|~^w,6,1288571,,,false,8
,IJ\zz|~^w,7,1301839,,,false,8
,IJ\zz|~^w,8,1305890,,,false,8
,IJ\zz|~^w,9,1288641,,,false,8
,IJ\zz|~~w,0,1376212,,,false,8
,IJ\zz|~~w,1,1378796,,,false,8
,IJ\zz|~~w,2,1371394,,,false,8
,IJ\zz|~~w,3,1376631,,,false,8
,IJ\zz|~~w,4,1386199,,,false,8
,IJ\zz|~~w,5,1387247,,,false,8
,IJ\zz|~~w,6,1373140,,,false,8
,IJ\zz|~~w,7,1377050,,,false,8
,IJ\zz|~~w,8,1377609,,,false,8
,IJ\zz|~~w,9,1366575,,,false,8
,I~~v]}~^w,0,1514693,,,false,8
,I~~v]}~^w,1,1500167,,,false,8
,I~~v]}~^w,2,1515950,,,false,8
,I~~v]}~^w,3,1506941,,,false,8
,I~~v]}~^w,4,1497234,,,false,8
,I~~v]}~^w,5,1495837,,,false,8
,I~~v]}~^w,6,1489692,,,false,8
,I~~v]}~^w,7,1507919,,,false,8
,I~~v]}~^w,8,1495837,,,false,8
,I~~v]}~^w,9,1507709,,,false,8
,I^~~~~~~w,0,1470278,,,false,8
,I^~~~~~~w,1,1469859,,,false,8
,I^~~~~~~w,2,1493463,,,false,8
,I^~~~~~~w,3,1541299,,,false,8
,I^~~~~~~w,4,1443462,,,false,8
,I^~~~~~~w,5,1513505,,,false,8
,I^~~~~~~w,6,1452820,,,false,8
,I^~~~~~~w,7,1473351,,,false,8
,I^~~~~~~w,8,1455963,,,false,8
,I^~~~~~~w,9,1466996,,,false,8
,I~~~~~~~w,0,1432429,,,false,9
,I~~~~~~~w,1,1463505,,,false,9
,I~~~~~~~w,2,1401912,,,false,9
,I~~~~~~~w,3,1410501,,,false,9
,I~~~~~~~w,4,1421255,,,false,9
,I~~~~~~~w,5,1557989,,,false,9
,I~~~~~~~w,6,1443811,,,false,9
,I~~~~~~~w,7,1421255,,,false,9
,I~~~~~~~w,8,1429565,,,false,9
,I~~~~~~~w,9,1425864,,,false,9
,I?????@?W,0,636744,,,false,2
,I?????@?W,1,633252,,,false,2
,I?????@?W,2,616562,,,false,2
,I?????@?W,3,634369,,,false,2
,I?????@?W,4,626548,,,false,2
,I?????@?W,5,627735,,,false,2
,I?????@?W,6,635277,,,false,2
,I?????@?W,7,633950,,,false,2
,I?????@?W,8,629970,,,false,2
,I?????@?W,9,633810,,,false,2
,I???GKF@w,0,779414,,,false,4
,I???GKF@w,1,759441,,,false,4
,I???GKF@w,2,780042,,,false,4
,I???GKF@w,3,800923,,,false,4
,I???GKF@w,4,778646,,,false,4
,I???GKF@w,5,764190,,,false,4
,I???GKF@w,6,777249,,,false,4
,I???GKF@w,7,764819,,,false,4
,I???GKF@w,8,773478,,,false,4
,I???GKF@w,9,781020,,,false,4
,I????B~~w,0,1416856,,,false,2
,I????B~~w,1,1944938,,,false,2
,I????B~~w,2,1300723,,,false,2
,I????B~~w,3,1141432,,,false,2
,I????B~~w,4,1129560,,,false,2
,I????B~~w,5,1149602,,,false,2
,I????B~~w,6,1126138,,,false,2
,I????B~~w,7,1139266,,,false,2
,I????B~~w,8,1115035,,,false,2
,I????B~~w,9,1136334,,,false,2
,IsaBzx{^?,0,1295484,,,false,5
,IsaBzx{^?,1,1312035,,,false,5
,IsaBzx{^?,2,1279423,,,false,5
,IsaBzx{^?,3,1310429,,,false,5
,IsaBzx{^?,4,1285638,,,false,5
,IsaBzx{^?,5,1295763,,,false,5
,IsaBzx{^?,6,1284660,,,false,5
,IsaBzx{^?,7,1318390,,,false,5
,IsaBzx{^?,8,1290386,,,false,5
,IsaBzx{^?,9,1300093,,,false,5
,I?B~~~~~w,0,1410012,,,false,5
,I?B~~~~~w,1,1401423,,,false,5
,I?B~~~~~w,2,1418951,,,false,5
,I?B~~~~~w,3,1399188,,,false,5
,I?B~~~~~w,4,1398908,,,false,5
,I?B~~~~~w,5,1403657,,,false,5
,I?B~~~~~w,6,1393670,,,false,5
,I?B~~~~~w,7,1407567,,,false,5
,I?B~~~~~w,8,1397721,,,false,5
,I?B~~~~~w,9,1407917,,,false,5
,I`?GW?@?W,0,714329,,,false,2
,I`?GW?@?W,1,744986,,,false,2
,I`?GW?@?W,2,729413,,,false,2
,I`?GW?@?W,3,718729,,,false,2
,I`?GW?@?W,4,721452,,,false,2
,I`?GW?@?W,5,728854,,,false,2
,I`?GW?@?W,6,725851,,,false,2
,I`?GW?@?W,7,734232,,,false,2
,I`?GW?@?W,8,716633,,,false,2
,I`?GW?@?W,9,737374,,,false,2
,I@`??CBNG,0,930394,,,false,2
,I@`??CBNG,1,910421,,,false,2
,I@`??CBNG,2,920618,,,false,2
,I@`??CBNG,3,908466,,,false,2
,I@`??CBNG,4,928648,,,false,2
,I@`??CBNG,5,903089,,,false,2
,I@`??CBNG,6,913355,,,false,2
,I@`??CBNG,7,900924,,,false,2
,I@`??CBNG,8,920827,,,false,2
,I@`??CBNG,9,922014,,,false,2
,II?GOGQGO,0,838982,,,false,2
,II?GOGQGO,1,842055,,,false,2
,II?GOGQGO,2,821943,,,false,2
,II?GOGQGO,3,829484,,,false,2
,II?GOGQGO,4,825085,,,false,2
,II?GOGQGO,5,822920,,,false,2
,II?GOGQGO,6,833115,,,false,2
,II?GOGQGO,7,842822,,,false,2
,II?GOGQGO,8,831719,,,false,2
,II?GOGQGO,9,843661,,,false,2
,I?COPHAw?,0,863842,,,false,2
,I?COPHAw?,1,869429,,,false,2
,I?COPHAw?,2,868312,,,false,2
,I?COPHAw?,3,881580,,,false,2
,I?COPHAw?,4,869919,,,false,2
,I?COPHAw?,5,869918,,,false,2
,I?COPHAw?,6,881371,,,false,2
,I?COPHAw?,7,868731,,,false,2
,I?COPHAw?,8,887237,,,false,2
,I?COPHAw?,9,857278,,,false,2
,I?CGI_agG,0,864261,,,false,2
,I?CGI_agG,1,852599,,,false,2
,I?CGI_agG,2,862655,,,false,2
,I?CGI_agG,3,858047,,,false,2
,I?CGI_agG,4,850295,,,false,2
,I?CGI_agG,5,865589,,,false,2
,I?CGI_agG,6,850435,,,false,2
,I?CGI_agG,7,835700,,,false,2
,I?CGI_agG,8,857278,,,false,2
,I?CGI_agG,9,861258,,,false,2
,I???G[ws?,0,876273,,,false,2
,I???G[ws?,1,868382,,,false,2
,I???G[ws?,2,854345,,,false,2
,I???G[ws?,3,875435,,,false,2
,I???G[ws?,4,856161,,,false,2
,I???G[ws?,5,870128,,,false,2
,I???G[ws?,6,865309,,,false,2
,I???G[ws?,7,872083,,,false,2
,I???G[ws?,8,870198,,,false,2
,I???G[ws?,9,866007,,,false,2
,I???????G,0,588907,,,false,1
,I???????G,1,578503,,,false,1
,I???????G,2,589606,,,false,1
,I???????G,3,585835,,,false,1
,I???????G,4,594215,,,false,1
,I???????G,5,581994,,,false,1
,I???????G,6,588977,,,false,1
,I???????G,7,604340,,,false,1
,I???????G,8,574313,,,false,1
,I???????G,9,591910,,,false,1
,I?AAHKVBw,0,1010912,,,false,4
,I?AAHKVBw,1,992546,,,false,4
,I?AAHKVBw,2,1023273,,,false,4
,I?AAHKVBw,3,987378,,,false,4
,I?AAHKVBw,4,997714,,,false,4
,I?AAHKVBw,5,990800,,,false,4
,I?AAHKVBw,6,997295,,,false,4
,I?AAHKVBw,7,996876,,,false,4
,I?AAHKVBw,8,1002812,,,false,4
,I?AAHKVBw,9,998482,,,false,4
,I@GOOH@__,0,832138,,,false,1
,I@GOOH@__,1,809651,,,false,1
,I@GOOH@__,2,824177,,,false,1
,I@GOOH@__,3,804135,,,false,1
,I@GOOH@__,4,818521,,,false,1
,I@GOOH@__,5,824805,,,false,1
,I@GOOH@__,6,816775,,,false,1
,I@GOOH@__,7,835280,,,false,1
,I@GOOH@__,8,811048,,,false,1
,I@GOOH@__,9,818241,,,false,1
,I?????@~g,0,933536,,,false,1
,I?????@~g,1,936888,,,false,1
,I?????@~g,2,929765,,,false,1
,I?????@~g,3,917265,,,false,1
,I?????@~g,4,927741,,,false,1
,I?????@~g,5,919430,,,false,1
,I?????@~g,6,932699,,,false,1
,I?????@~g,7,914472,,,false,1
,I?????@~g,8,936469,,,false,1
,I?????@~g,9,918592,,,false,1
,I?????@~w,0,977043,,,false,2
,I?????@~w,1,947293,,,false,2
,I?????@~w,2,968942,,,false,2
,I?????@~w,3,943732,,,false,2
,I?????@~w,4,968733,,,false,2
,I?????@~w,5,944989,,,false,2
,I?????@~w,6,964822,,,false,2
,I?????@~w,7,939543,,,false,2
,I?????@~w,8,947434,,,false,2
,I?????@~w,9,947224,,,false,2
,I?CGGC`s?,0,835211,,,false,1
,I?CGGC`s?,1,834792,,,false,1
,I?CGGC`s?,2,832906,,,false,1
,I?CGGC`s?,3,846454,,,false,1
,I?CGGC`s?,4,821174,,,false,1
,I?CGGC`s?,5,832627,,,false,1
,I?CGGC`s?,6,830253,,,false,1
,I?CGGC`s?,7,831440,,,false,1
,I?CGGC`s?,8,833884,,,false,1
,I?CGGC`s?,9,823060,,,false,1
,I??GHCWsG,0,891776,,,false,2
,I??GHCWsG,1,864820,,,false,2
,I??GHCWsG,2,879765,,,false,2
,I??GHCWsG,3,853787,,,false,2
,I??GHCWsG,4,879695,,,false,2
,I??GHCWsG,5,874876,,,false,2
,I??GHCWsG,6,872921,,,false,2
,I??GHCWsG,7,878787,,,false,2
,I??GHCWsG,8,873969,,,false,2
,I??GHCWsG,9,882907,,,false,2
,I????CA?W,0,653573,,,false,2
,I????CA?W,1,663071,,,false,2
,I????CA?W,2,687583,,,false,2
,I????CA?W,3,647638,,,false,2
,I????CA?W,4,664328,,,false,2
,I????CA?W,5,684370,,,false,2
,I????CA?W,6,653713,,,false,2
,I????CA?W,7,666493,,,false,2
,I????CA?W,8,677876,,,false,2
,I????CA?W,9,647848,,,false,2
,I??GIOqk?,0,883955,,,false,2
,I??GIOqk?,1,884444,,,false,2
,I??GIOqk?,2,871734,,,false,2
,I??GIOqk?,3,883466,,,false,2
,I??GIOqk?,4,873270,,,false,2
,I??GIOqk?,5,885561,,,false,2
,I??GIOqk?,6,861957,,,false,2
,I??GIOqk?,7,881091,,,false,2
,I??GIOqk?,8,858605,,,false,2
,I??GIOqk?,9,866705,,,false,2
,I????CB?w,0,704622,,,false,3
,I????CB?w,1,690376,,,false,3
,I????CB?w,2,699314,,,false,3
,I????CB?w,3,698058,,,false,3
,I????CB?w,4,700362,,,false,3
,I????CB?w,5,710628,,,false,3
,I????CB?w,6,693937,,,false,3
,I????CB?w,7,711815,,,false,3
,I????CB?w,8,694007,,,false,3
,I????CB?w,9,695753,,,false,3
,I????CB~w,0,991219,,,false,3
,I????CB~w,1,988984,,,false,3
,I????CB~w,2,990661,,,false,3
,I????CB~w,3,982350,,,false,3
,I????CB~w,4,990381,,,false,3
,I????CB~w,5,984096,,,false,3
,I????CB~w,6,990101,,,false,3
,I????CB~w,7,993663,,,false,3
,I????CB~w,8,990800,,,false,3
,I????CB~w,9,982769,,,false,3
,I??E@GW?w,0,877181,,,false,1
,I??E@GW?w,1,881091,,,false,1
,I??E@GW?w,2,865798,,,false,1
,I??E@GW?w,3,871455,,,false,1
,I??E@GW?w,4,858326,,,false,1
,I??E@GW?w,5,883955,,,false,1
,I??E@GW?w,6,860979,,,false,1
,I??E@GW?w,7,863423,,,false,1
,I??E@GW?w,8,876133,,,false,1
,I??E@GW?w,9,863842,,,false,1
,I???F~~~w,0,1263500,,,false,3
,I???F~~~w,1,1257565,,,false,3
,I???F~~~w,2,1235568,,,false,3
,I???F~~~w,3,1257914,,,false,3
,I???F~~~w,4,1261964,,,false,3
,I???F~~~w,5,1246740,,,false,3
,I???F~~~w,6,1268249,,,false,3
,I???F~~~w,7,1247230,,,false,3
,I???F~~~w,8,1269786,,,false,3
,I???F~~~w,9,1255540,,,false,3
,I??GW[NBw,0,859234,,,false,5
,I??GW[NBw,1,890519,,,false,5
,I??GW[NBw,2,858535,,,false,5
,I??GW[NBw,3,856999,,,false,5
,I??GW[NBw,4,862167,,,false,5
,I??GW[NBw,5,879765,,,false,5
,I??GW[NBw,6,869709,,,false,5
,I??GW[NBw,7,850365,,,false,5
,I??GW[NBw,8,873270,,,false,5
,I??GW[NBw,9,859025,,,false,5
,I??GW[N~w,0,1116291,,,false,5
,I??GW[N~w,1,1091920,,,false,5
,I??GW[N~w,2,1107422,,,false,5
,I??GW[N~w,3,1083051,,,false,5
,I??GW[N~w,4,1110705,,,false,5
,I??GW[N~w,5,1098973,,,false,5
,I??GW[N~w,6,1097017,,,false,5
,I??GW[N~w,7,1105188,,,false,5
,I??GW[N~w,8,1093037,,,false,5
,I??GW[N~w,9,1113847,,,false,5
,I?CWw{^Fw,0,985074,,,false,6
,I?CWw{^Fw,1,985981,,,false,6
,I?CWw{^Fw,2,972364,,,false,6
,I?CWw{^Fw,3,987029,,,false,6
,I?CWw{^Fw,4,973063,,,false,6
,I?CWw{^Fw,5,987169,,,false,6
,I?CWw{^Fw,6,968034,,,false,6
,I?CWw{^Fw,7,990730,,,false,6
,I?CWw{^Fw,8,975088,,,false,6
,I?CWw{^Fw,9,991150,,,false,6
,I?CWw{^~w,0,1167550,,,false,6
,I?CWw{^~w,1,1179980,,,false,6
,I?CWw{^~w,2,1169924,,,false,6
,I?CWw{^~w,3,1178583,,,false,6
,I?CWw{^~w,4,1179980,,,false,6
,I?CWw{^~w,5,1171181,,,false,6
,I?CWw{^~w,6,1186824,,,false,6
,I?CWw{^~w,7,1163569,,,false,6
,I?CWw{^~w,8,1184519,,,false,6
,I?CWw{^~w,9,1167829,,,false,6
,I????FaFO,0,878158,,,false,1
,I????FaFO,1,856650,,,false,1
,I????FaFO,2,861468,,,false,1
,I????FaFO,3,871105,,,false,1
,I????FaFO,4,855742,,,false,1
,I????FaFO,5,879695,,,false,1
,I????FaFO,6,852041,,,false,1
,I????FaFO,7,869499,,,false,1
,I????FaFO,8,847152,,,false,1
,I????FaFO,9,860840,,,false,1
,I?????B~o,0,963915,,,false,2
,I?????B~o,1,946036,,,false,2
,I?????B~o,2,957210,,,false,2
,I?????B~o,3,956861,,,false,2
,I?????B~o,4,953091,,,false,2
,I?????B~o,5,954277,,,false,2
,I?????B~o,6,947992,,,false,2
,I?????B~o,7,967895,,,false,2
,I?????B~o,8,952113,,,false,2
,I?????B~o,9,954208,,,false,2
,IoCOOGaOO,0,856161,,,false,2
,IoCOOGaOO,1,868941,,,false,2
,IoCOOGaOO,2,847502,,,false,2
,IoCOOGaOO,3,847990,,,false,2
,IoCOOGaOO,4,850923,,,false,2
,IoCOOGaOO,5,849387,,,false,2
,IoCOOGaOO,6,848899,,,false,2
,IoCOOGaOO,7,882558,,,false,2
,IoCOOGaOO,8,858605,,,false,2
,IoCOOGaOO,9,853647,,,false,2
,I?~~vrv|o,0,1419579,,,false,6
,I?~~vrv|o,1,1409802,,,false,6
,I?~~vrv|o,2,1410500,,,false,6
,I?~~vrv|o,3,1408685,,,false,6
,I?~~vrv|o,4,1414411,,,false,6
,I?~~vrv|o,5,1422581,,,false,6
,I?~~vrv|o,6,1416786,,,false,6
,I?~~vrv|o,7,1423979,,,false,6
,I?~~vrv|o,8,1416856,,,false,6
,I?~~vrv|o,9,1398140,,,false,6
,I?~~~~~~w,0,1446465,,,false,6
,I?~~~~~~w,1,1461340,,,false,6
,I?~~~~~~w,2,1428308,,,false,6
,I?~~~~~~w,3,1447652,,,false,6
,I?~~~~~~w,4,1446185,,,false,6
,I?~~~~~~w,5,1453518,,,false,6
,I?~~~~~~w,6,1447303,,,false,6
,I?~~~~~~w,7,1448630,,,false,6
,I?~~~~~~w,8,1460153,,,false,6
,I?~~~~~~w,9,1441577,,,false,6
,IwCW?CB?w,0,794219,,,false,3
,IwCW?CB?w,1,806579,,,false,3
,IwCW?CB?w,2,801900,,,false,3
,IwCW?CB?w,3,818171,,,false,3
,IwCW?CB?w,4,808395,,,false,3
,IwCW?CB?w,5,790866,,,false,3
,IwCW?CB?w,6,809023,,,false,3
,IwCW?CB?w,7,801900,,,false,3
,IwCW?CB?w,8,818451,,,false,3
,IwCW?CB?w,9,809512,,,false,3
,I`?G]?oBw,0,963146,,,false,3
,I`?G]?oBw,1,953649,,,false,3
,I`?G]?oBw,2,967965,,,false,3
,I`?G]?oBw,3,960493,,,false,3
,I`?G]?oBw,4,964124,,,false,3
,I`?G]?oBw,5,965660,,,false,3
,I`?G]?oBw,6,959655,,,false,3
,I`?G]?oBw,7,960283,,,false,3
,I`?G]?oBw,8,947783,,,false,3
,I`?G]?oBw,9,954208,,,false,3
,IsP@OkWHG,0,1124182,,,false,4
,IsP@OkWHG,1,1117060,,,false,4
,IsP@OkWHG,2,1118945,,,false,4
,IsP@OkWHG,3,1117199,,,false,4
,IsP@OkWHG,4,1114755,,,false,4
,IsP@OkWHG,5,1130468,,,false,4
,IsP@OkWHG,6,1112939,,,false,4
,IsP@OkWHG,7,1116221,,,false,4
,IsP@OkWHG,8,1114755,,,false,4
,IsP@OkWHG,9,1122367,,,false,4
,I?hPcterW,0,1272090,,,false,4
,I?hPcterW,1,1267481,,,false,4
,I?hPcterW,2,1292692,,,false,4
,I?hPcterW,3,1260219,,,false,4
,I?hPcterW,4,1275373,,,false,4
,I?hPcterW,5,1261895,,,false,4
,I?hPcterW,6,1279842,,,false,4
,I?hPcterW,7,1264199,,,false,4
,I?hPcterW,8,1274604,,,false,4
,I?hPcterW,9,1272858,,,false,4
,I?C]dPcww,0,1193597,,,false,3
,I?C]dPcww,1,1199324,,,false,3
,I?C]dPcww,2,1188220,,,false,3
,I?C]dPcww,3,1212313,,,false,3
,I?C]dPcww,4,1209379,,,false,3
,I?C]dPcww,5,1191921,,,false,3
,I?C]dPcww,6,1202186,,,false,3
,I?C]dPcww,7,1185706,,,false,3
,I?C]dPcww,8,1202676,,,false,3
,I?C]dPcww,9,1194575,,,false,3
,I_O_hWZLw,0,1138499,,,false,3
,I_O_hWZLw,1,1136124,,,false,3
,I_O_hWZLw,2,1123484,,,false,3
,I_O_hWZLw,3,1143946,,,false,3
,I_O_hWZLw,4,1130467,,,false,3
,I_O_hWZLw,5,1145901,,,false,3
,I_O_hWZLw,6,1128862,,,false,3
,I_O_hWZLw,7,1124741,,,false,3
,I_O_hWZLw,8,1138289,,,false,3
,I_O_hWZLw,9,1121948,,,false,3
,I??EdPKL?,0,1026624,,,false,3
,I??EdPKL?,1,996526,,,false,3
,I??EdPKL?,2,1008189,,,false,3
,I??EdPKL?,3,997574,,,false,3
,I??EdPKL?,4,1013287,,,false,3
,I??EdPKL?,5,999669,,,false,3
,I??EdPKL?,6,1041220,,,false,3
,I??EdPKL?,7,998203,,,false,3
,I??EdPKL?,8,1007141,,,false,3
,I??EdPKL?,9,1005814,,,false,3
,IoCOW@@GO,0,831231,,,false,2
,IoCOW@@GO,1,847362,,,false,2
,IoCOW@@GO,2,820825,,,false,2
,IoCOW@@GO,3,833815,,,false,2
,IoCOW@@GO,4,825574,,,false,2
,IoCOW@@GO,5,813912,,,false,2
,IoCOW@@GO,6,836607,,,false,2
,IoCOW@@GO,7,818660,,,false,2
,IoCOW@@GO,8,850155,,,false,2
,IoCOW@@GO,9,833815,,,false,2
,IwCO?CI@O,0,827599,,,false,2
,IwCO?CI@O,1,815727,,,false,2
,IwCO?CI@O,2,822850,,,false,2
,IwCO?CI@O,3,848270,,,false,2
,IwCO?CI@O,4,822781,,,false,2
,IwCO?CI@O,5,841076,,,false,2
,IwCO?CI@O,6,833884,,,false,2
,IwCO?CI@O,7,819987,,,false,2
,IwCO?CI@O,8,818450,,,false,2
,IwCO?CI@O,9,829065,,,false,2
,IoCOOL?GG,0,841077,,,false,2
,IoCOOL?GG,1,829065,,,false,2
,IoCOOL?GG,2,834792,,,false,2
,IoCOOL?GG,3,839401,,,false,2
,IoCOOL?GG,4,812934,,,false,2
,IoCOOL?GG,5,837794,,,false,2
,IoCOOL?GG,6,821244,,,false,2
,IoCOOL?GG,7,860002,,,false,2
,IoCOOL?GG,8,839611,,,false,2
,IoCOOL?GG,9,830183,,,false,2
,IwCO?CBB?,0,781508,,,false,2
,IwCO?CBB?,1,775014,,,false,2
,IwCO?CBB?,2,810489,,,false,2
,IwCO?CBB?,3,797082,,,false,2
,IwCO?CBB?,4,789680,,,false,2
,IwCO?CBB?,5,784163,,,false,2
,IwCO?CBB?,6,776062,,,false,2
,IwCO?CBB?,7,833326,,,false,2
,IwCO?CBB?,8,788352,,,false,2
,IwCO?CBB?,9,797571,,,false,2
,IA?HcPfnW,0,1246950,,,false,3
,IA?HcPfnW,1,1246810,,,false,3
,IA?HcPfnW,2,1236196,,,false,3
,IA?HcPfnW,3,1250372,,,false,3
,IA?HcPfnW,4,1257775,,,false,3
,IA?HcPfnW,5,1240735,,,false,3
,IA?HcPfnW,6,1246461,,,false,3
,IA?HcPfnW,7,1239408,,,false,3
,IA?HcPfnW,8,1243458,,,false,3
,IA?HcPfnW,9,1242760,,,false,3
,IsOExw{XW,0,1378516,,,false,5
,IsOExw{XW,1,1378586,,,false,5
,IsOExw{XW,2,1357567,,,false,5
,IsOExw{XW,3,1366086,,,false,5
,IsOExw{XW,4,1368251,,,false,5
,IsOExw{XW,5,1366506,,,false,5
,IsOExw{XW,6,1376212,,,false,5
,IsOExw{XW,7,1359033,,,false,5
,IsOExw{XW,8,1375933,,,false,5
,IsOExw{XW,9,1367623,,,false,5
,IoCQPJ~~o,0,1348488,,,false,4
,IoCQPJ~~o,1,1324605,,,false,4
,IoCQPJ~~o,2,1327538,,,false,4
,IoCQPJ~~o,3,1326770,,,false,4
,IoCQPJ~~o,4,1320904,,,false,4
,IoCQPJ~~o,5,1319367,,,false,4
,IoCQPJ~~o,6,1356519,,,false,4
,IoCQPJ~~o,7,1319088,,,false,4
,IoCQPJ~~o,8,1342064,,,false,4
,IoCQPJ~~o,9,1333125,,,false,4
,IIGSSL~~o,0,1372093,,,false,4
,IIGSSL~~o,1,1379075,,,false,4
,IIGSSL~~o,2,1384942,,,false,4
,IIGSSL~~o,3,1358545,,,false,4
,IIGSSL~~o,4,1391297,,,false,4
,IIGSSL~~o,5,1369019,,,false,4
,IIGSSL~~o,6,1374606,,,false,4
,IIGSSL~~o,7,1390668,,,false,4
,IIGSSL~~o,8,1375235,,,false,4
,IIGSSL~~o,9,1361687,,,false,4
,I@GUUM~^o,0,1396813,,,false,4
,I@GUUM~^o,1,1378098,,,false,4
,I@GUUM~^o,2,1390807,,,false,4
,I@GUUM~^o,3,1373070,,,false,4
,I@GUUM~^o,4,1390249,,,false,4
,I@GUUM~^o,5,1382008,,,false,4
,I@GUUM~^o,6,1388503,,,false,4
,I@GUUM~^o,7,1389201,,,false,4
,I@GUUM~^o,8,1369369,,,false,4
,I@GUUM~^o,9,1400026,,,false,4
,I?EQzU|xw,0,1431381,,,false,4
,I?EQzU|xw,1,1424747,,,false,4
,I?EQzU|xw,2,1454985,,,false,4
,I?EQzU|xw,3,1433336,,,false,4
,I?EQzU|xw,4,1443043,,,false,4
,I?EQzU|xw,5,1433825,,,false,4
,I?EQzU|xw,6,1442764,,,false,4
,I?EQzU|xw,7,1422932,,,false,4
,I?EQzU|xw,8,1422442,,,false,4
,I?EQzU|xw,9,1451982,,,false,4
,I?BLYwz|w,0,1392763,,,false,4
,I?BLYwz|w,1,1390877,,,false,4
,I?BLYwz|w,2,1390668,,,false,4
,I?BLYwz|w,3,1402819,,,false,4
,I?BLYwz|w,4,1382008,,,false,4
,I?BLYwz|w,5,1382847,,,false,4
,I?BLYwz|w,6,1403867,,,false,4
,I?BLYwz|w,7,1390109,,,false,4
,I?BLYwz|w,8,1389411,,,false,4
,I?BLYwz|w,9,1397512,,,false,4
,I?BT^?|Uo,0,1307984,,,false,4
,I?BT^?|Uo,1,1329075,,,false,4
,I?BT^?|Uo,2,1310429,,,false,4
,I?BT^?|Uo,3,1309312,,,false,4
,I?BT^?|Uo,4,1335988,,,false,4
,I?BT^?|Uo,5,1307076,,,false,4
,I?BT^?|Uo,6,1304214,,,false,4
,I?BT^?|Uo,7,1334312,,,false,4
,I?BT^?|Uo,8,1317552,,,false,4
,I?BT^?|Uo,9,1311336,,,false,4
,I`?DIu[ZG,0,1245972,,,false,4
,I`?DIu[ZG,1,1272160,,,false,4
,I`?DIu[ZG,2,1248347,,,false,4
,I`?DIu[ZG,3,1246532,,,false,4
,I`?DIu[ZG,4,1258613,,,false,4
,I`?DIu[ZG,5,1246252,,,false,4
,I`?DIu[ZG,6,1252537,,,false,4
,I`?DIu[ZG,7,1248138,,,false,4
,I`?DIu[ZG,8,1276979,,,false,4
,I`?DIu[ZG,9,1248347,,,false,4
,I?`H]es]?,0,1254562,,,false,5
,I?`H]es]?,1,1244506,,,false,5
,I?`H]es]?,2,1262663,,,false,5
,I?`H]es]?,3,1262314,,,false,5
,I?`H]es]?,4,1258961,,,false,5
,I?`H]es]?,5,1244297,,,false,5
,I?`H]es]?,6,1271671,,,false,5
,I?`H]es]?,7,1239827,,,false,5
,I?`H]es]?,8,1240246,,,false,5
,I?`H]es]?,9,1284172,,,false,5
,IR?HWzKoo,0,1226140,,,false,4
,IR?HWzKoo,1,1228863,,,false,4
,IR?HWzKoo,2,1241084,,,false,4
,IR?HWzKoo,3,1238431,,,false,4
,IR?HWzKoo,4,1222020,,,false,4
,IR?HWzKoo,5,1219785,,,false,4
,IR?HWzKoo,6,1219575,,,false,4
,IR?HWzKoo,7,1255330,,,false,4
,IR?HWzKoo,8,1832156,,,false,4
,IR?HWzKoo,9,2086630,,,false,4
,I`?NE_lF_,0,2024129,,,false,3
,I`?NE_lF_,1,2035931,,,false,3
,I`?NE_lF_,2,1316783,,,false,3
,I`?NE_lF_,3,1190734,,,false,3
,I`?NE_lF_,4,1194505,,,false,3
,I`?NE_lF_,5,1238780,,,false,3
,I`?NE_lF_,6,1219296,,,false,3
,I`?NE_lF_,7,1219506,,,false,3
,I`?NE_lF_,8,1219086,,,false,3
,I`?NE_lF_,9,1235916,,,false,3
,IW@[pqTQw,0,1368531,,,false,5
,IW@[pqTQw,1,1370626,,,false,5
,IW@[pqTQw,2,1384871,,,false,5
,IW@[pqTQw,3,1357916,,,false,5
,IW@[pqTQw,4,1378028,,,false,5
,IW@[pqTQw,5,1393461,,,false,5
,IW@[pqTQw,6,1376561,,,false,5
,IW@[pqTQw,7,1386548,,,false,5
,IW@[pqTQw,8,1382846,,,false,5
,IW@[pqTQw,9,1330751,,,false,5
,I`i\QleUW,0,1466647,,,false,5
,I`i\QleUW,1,1443532,,,false,5
,I`i\QleUW,2,1462597,,,false,5
,I`i\QleUW,3,1444719,,,false,5
,I`i\QleUW,4,1459105,,,false,5
,I`i\QleUW,5,1447373,,,false,5
,I`i\QleUW,6,1452261,,,false,5
,I`i\QleUW,7,1437038,,,false,5
,I`i\QleUW,8,1457289,,,false,5
,I`i\QleUW,9,1454007,,,false,5
,ICQjlt{}?,0,1481172,,,false,5
,ICQjlt{}?,1,1492346,,,false,5
,ICQjlt{}?,2,1485433,,,false,5
,ICQjlt{}?,3,1480683,,,false,5
,ICQjlt{}?,4,1489692,,,false,5
,ICQjlt{}?,5,1484105,,,false,5
,ICQjlt{}?,6,1487457,,,false,5
,ICQjlt{}?,7,1484943,,,false,5
,ICQjlt{}?,8,2154788,,,false,5
,ICQjlt{}?,9,1617977,,,false,5
,I}iAxxLLg,0,1549470,,,false,6
,I}iAxxLLg,1,1773706,,,false,6
,I}iAxxLLg,2,1715046,,,false,6
,I}iAxxLLg,3,1450515,,,false,6
,I}iAxxLLg,4,1471256,,,false,6
,I}iAxxLLg,5,1465879,,,false,6
,I}iAxxLLg,6,1480614,,,false,6
,I}iAxxLLg,7,1466438,,,false,6
,I}iAxxLLg,8,1480055,,,false,6
,I}iAxxLLg,9,1459455,,,false,6
,Ihe@WxVwo,0,1453938,,,false,5
,Ihe@WxVwo,1,1429077,,,false,5
,Ihe@WxVwo,2,1457918,,,false,5
,Ihe@WxVwo,3,1422094,,,false,5
,Ihe@WxVwo,4,1448421,,,false,5
,Ihe@WxVwo,5,1426005,,,false,5
,Ihe@WxVwo,6,1437596,,,false,5
,Ihe@WxVwo,7,1431800,,,false,5
,Ihe@WxVwo,8,1437318,,,false,5
,Ihe@WxVwo,9,1439413,,,false,5
,IRCm]YiTW,0,1432429,,,false,5
,IRCm]YiTW,1,1453519,,,false,5
,IRCm]YiTW,2,1442066,,,false,5
,IRCm]YiTW,3,1453100,,,false,5
,IRCm]YiTW,4,1438644,,,false,5
,IRCm]YiTW,5,1446186,,,false,5
,IRCm]YiTW,6,1436130,,,false,5
,IRCm]YiTW,7,1447304,,,false,5
,IRCm]YiTW,8,1454077,,,false,5
,IRCm]YiTW,9,1440320,,,false,5
,I@qixrTwo,0,1471187,,,false,5
,I@qixrTwo,1,1453798,,,false,5
,I@qixrTwo,2,1482778,,,false,5
,I@qixrTwo,3,1452331,,,false,5
,I@qixrTwo,4,1475376,,,false,5
,I@qixrTwo,5,1986839,,,false,5
,I@qixrTwo,6,2365826,,,false,5
,I@qixrTwo,7,2388312,,,false,5
,I@qixrTwo,8,1752896,,,false,5
,I@qixrTwo,9,1473840,,,false,5
,IqHHcpNLo,0,1414132,,,false,5
,IqHHcpNLo,1,1417624,,,false,5
,IqHHcpNLo,2,1400165,,,false,5
,IqHHcpNLo,3,1405753,,,false,5
,IqHHcpNLo,4,1409524,,,false,5
,IqHHcpNLo,5,1407150,,,false,5
,IqHHcpNLo,6,1419440,,,false,5
,IqHHcpNLo,7,1389062,,,false,5
,IqHHcpNLo,8,1414132,,,false,5
,IqHHcpNLo,9,1397163,,,false,5
,IqIAXl\N_,0,1426213,,,false,5
,IqIAXl\N_,1,1439412,,,false,5
,IqIAXl\N_,2,1427192,,,false,5
,IqIAXl\N_,3,1570559,,,false,5
,IqIAXl\N_,4,1605198,,,false,5
,IqIAXl\N_,5,1427820,,,false,5
,IqIAXl\N_,6,1433896,,,false,5
,IqIAXl\N_,7,1420278,,,false,5
,IqIAXl\N_,8,1428588,,,false,5
,IqIAXl\N_,9,1439133,,,false,5
,ICqhqlx\_,0,1462178,,,false,5
,ICqhqlx\_,1,1462597,,,false,5
,ICqhqlx\_,2,1448700,,,false,5
,ICqhqlx\_,3,1467834,,,false,5
,ICqhqlx\_,4,1445837,,,false,5
,ICqhqlx\_,5,1489413,,,false,5
,ICqhqlx\_,6,1448560,,,false,5
,ICqhqlx\_,7,1463435,,,false,5
,ICqhqlx\_,8,1462318,,,false,5
,ICqhqlx\_,9,1462876,,,false,5
,IAJLn@ZNO,0,1436828,,,false,5
,IAJLn@ZNO,1,1451214,,,false,5
,IAJLn@ZNO,2,1587949,,,false,5
,IAJLn@ZNO,3,1651218,,,false,5
,IAJLn@ZNO,4,1751778,,,false,5
,IAJLn@ZNO,5,1528380,,,false,5
,IAJLn@ZNO,6,1437597,,,false,5
,IAJLn@ZNO,7,1450515,,,false,5
,IAJLn@ZNO,8,1439761,,,false,5
,IAJLn@ZNO,9,1449677,,,false,5
,IsLGjERZG,0,1376492,,,false,5
,IsLGjERZG,1,1386897,,,false,5
,IsLGjERZG,2,1369508,,,false,5
,IsLGjERZG,3,1390039,,,false,5
,IsLGjERZG,4,1386757,,,false,5
,IsLGjERZG,5,1376142,,,false,5
,IsLGjERZG,6,1391087,,,false,5
,IsLGjERZG,7,1375514,,,false,5
,IsLGjERZG,8,1384244,,,false,5
,IsLGjERZG,9,1378028,,,false,5
,IRrJC_fEw,0,1391995,,,false,5
,IRrJC_fEw,1,1372930,,,false,5
,IRrJC_fEw,2,1387525,,,false,5
,IRrJC_fEw,3,1376702,,,false,5
,IRrJC_fEw,4,1382707,,,false,5
,IRrJC_fEw,5,1595631,,,false,5
,IRrJC_fEw,6,1446117,,,false,5
,IRrJC_fEw,7,1382498,,,false,5
,IRrJC_fEw,8,1374955,,,false,5
,IRrJC_fEw,9,1369578,,,false,5
,ItP@yglaw,0,1422093,,,false,5
,ItP@yglaw,1,1425026,,,false,5
,ItP@yglaw,2,1428588,,,false,5
,ItP@yglaw,3,1426493,,,false,5
,ItP@yglaw,4,1411688,,,false,5
,ItP@yglaw,5,1437387,,,false,5
,ItP@yglaw,6,1421814,,,false,5
,ItP@yglaw,7,1423909,,,false,5
,ItP@yglaw,8,1411060,,,false,5
,ItP@yglaw,9,1431242,,,false,5
,I``Cz]{^?,0,2140472,,,false,5
,I``Cz]{^?,1,2340337,,,false,5
,I``Cz]{^?,2,2330840,,,false,5
,I``Cz]{^?,3,1796961,,,false,5
,I``Cz]{^?,4,1448351,,,false,5
,I``Cz]{^?,5,1454845,,,false,5
,I``Cz]{^?,6,1459595,,,false,5
,I``Cz]{^?,7,1450376,,,false,5
,I``Cz]{^?,8,1463715,,,false,5
,I``Cz]{^?,9,1453379,,,false,5
,IGEBGz`eg,0,1245973,,,false,3
,IGEBGz`eg,1,1241364,,,false,3
,IGEBGz`eg,2,1255610,,,false,3
,IGEBGz`eg,3,1236895,,,false,3
,IGEBGz`eg,4,1234101,,,false,3
,IGEBGz`eg,5,1241085,,,false,3
,IGEBGz`eg,6,1244785,,,false,3
,IGEBGz`eg,7,1236406,,,false,3
,IGEBGz`eg,8,1244367,,,false,3
,IGEBGz`eg,9,1238011,,,false,3
,I`?NE_nFo,0,1286686,,,false,4
,I`?NE_nFo,1,1280331,,,false,4
,I`?NE_nFo,2,1280052,,,false,4
,I`?NE_nFo,3,1290177,,,false,4
,I`?NE_nFo,4,1286058,,,false,4
,I`?NE_nFo,5,1287245,,,false,4
,I`?NE_nFo,6,1296952,,,false,4
,I`?NE_nFo,7,1296812,,,false,4
,I`?NE_nFo,8,1277887,,,false,4
,I`?NE_nFo,9,1280052,,,false,4
,I?[_k^atG,0,1360221,,,false,5
,I?[_k^atG,1,1338712,,,false,5
,I?[_k^atG,2,1359382,,,false,5
,I?[_k^atG,3,1357078,,,false,5
,I?[_k^atG,4,1352470,,,false,5
,I?[_k^atG,5,1362246,,,false,5
,I?[_k^atG,6,1349187,,,false,5
,I?[_k^atG,7,1336058,,,false,5
,I?[_k^atG,8,1361966,,,false,5
,I?[_k^atG,9,1349396,,,false,5
,I@GZSncuG,0,1465111,,,false,5
,I@GZSncuG,1,1668048,,,false,5
,I@GZSncuG,2,1438016,,,false,5
,I@GZSncuG,3,1552054,,,false,5
,I@GZSncuG,4,1380821,,,false,5
,I@GZSncuG,5,1383196,,,false,5
,I@GZSncuG,6,1345207,,,false,5
,I@GZSncuG,7,1370905,,,false,5
,I@GZSncuG,8,1347092,,,false,5
,I@GZSncuG,9,1354984,,,false,5
,I@GZSncu?,0,1319018,,,false,5
,I@GZSncu?,1,1332008,,,false,5
,I@GZSncu?,2,1335150,,,false,5
,I@GZSncu?,3,1463993,,,false,5
,I@GZSncu?,4,1498701,,,false,5
,I@GZSncu?,5,1315667,,,false,5
,I@GZSncu?,6,1331379,,,false,5
,I@GZSncu?,7,1320555,,,false,5
,I@GZSncu?,8,1322999,,,false,5
,I@GZSncu?,9,1324746,,,false,5
,IWDApy[`w,0,1364341,,,false,4
,IWDApy[`w,1,1366994,,,false,4
,IWDApy[`w,2,1348140,,,false,4
,IWDApy[`w,3,1357847,,,false,4
,IWDApy[`w,4,1501355,,,false,4
,IWDApy[`w,5,1362944,,,false,4
,IWDApy[`w,6,1342203,,,false,4
,IWDApy[`w,7,1345905,,,false,4
,IWDApy[`w,8,1351911,,,false,4
,IWDApy[`w,9,1342414,,,false,4
,IoD@Is{f_,0,1303237,,,false,4
,IoD@Is{f_,1,1325723,,,false,4
,IoD@Is{f_,2,1308265,,,false,4
,IoD@Is{f_,3,1313433,,,false,4
,IoD@Is{f_,4,1315458,,,false,4
,IoD@Is{f_,5,1313223,,,false,4
,IoD@Is{f_,6,1333614,,,false,4
,IoD@Is{f_,7,1335988,,,false,4
,IoD@Is{f_,8,1320974,,,false,4
,IoD@Is{f_,9,1300932,,,false,4
,IRGOW^Kow,0,1764628,,,false,4
,IRGOW^Kow,1,1374537,,,false,4
,IRGOW^Kow,2,1372163,,,false,4
,IRGOW^Kow,3,1364341,,,false,4
,IRGOW^Kow,4,1309242,,,false,4
,IRGOW^Kow,5,1308474,,,false,4
,IRGOW^Kow,6,1306449,,,false,4
,IRGOW^Kow,7,1321324,,,false,4
,IRGOW^Kow,8,1448142,,,false,4
,IRGOW^Kow,9,1299605,,,false,4
,I?EZZjQiW,0,1422792,,,false,5
,I?EZZjQiW,1,1404076,,,false,5
,I?EZZjQiW,2,1412596,,,false,5
,I?EZZjQiW,3,1411479,,,false,5
,I?EZZjQiW,4,1411897,,,false,5
,I?EZZjQiW,5,1402959,,,false,5
,I?EZZjQiW,6,1401214,,,false,5
,I?EZZjQiW,7,1421046,,,false,5
,I?EZZjQiW,8,1415250,,,false,5
,I?EZZjQiW,9,1424119,,,false,5
,I?LtdXZr_,0,1435082,,,false,5
,I?LtdXZr_,1,1459524,,,false,5
,I?LtdXZr_,2,1442765,,,false,5
,I?LtdXZr_,3,1458686,,,false,5
,I?LtdXZr_,4,1577124,,,false,5
,I?LtdXZr_,5,1453658,,,false,5
,I?LtdXZr_,6,1437317,,,false,5
,I?LtdXZr_,7,1429636,,,false,5
,I?LtdXZr_,8,1448351,,,false,5
,I?LtdXZr_,9,1441857,,,false,5
,I?^@lhRig,0,1431451,,,false,5
,I?^@lhRig,1,1415389,,,false,5
,I?^@lhRig,2,1449328,,,false,5
,I?^@lhRig,3,1442416,,,false,5
,I?^@lhRig,4,1437806,,,false,5
,I?^@lhRig,5,1411758,,,false,5
,I?^@lhRig,6,1424607,,,false,5
,I?^@lhRig,7,1429776,,,false,5
,I?^@lhRig,8,2018124,,,false,5
,I?^@lhRig,9,2167638,,,false,5
,IgNSQcnLo,0,1530336,,,false,5
,IgNSQcnLo,1,1522724,,,false,5
,IgNSQcnLo,2,1591371,,,false,5
,IgNSQcnLo,3,1431521,,,false,5
,IgNSQcnLo,4,1428518,,,false,5
,IgNSQcnLo,5,1607991,,,false,5
,IgNSQcnLo,6,1434663,,,false,5
,IgNSQcnLo,7,1431521,,,false,5
,IgNSQcnLo,8,1450237,,,false,5
,IgNSQcnLo,9,1431591,,,false,5
,I`hPWxbcw,0,1410431,,,false,5
,I`hPWxbcw,1,1401213,,,false,5
,I`hPWxbcw,2,1391576,,,false,5
,I`hPWxbcw,3,1406171,,,false,5
,I`hPWxbcw,4,1392554,,,false,5
,I`hPWxbcw,5,1418812,,,false,5
,I`hPWxbcw,6,1397023,,,false,5
,I`hPWxbcw,7,1395696,,,false,5
,I`hPWxbcw,8,1408406,,,false,5
,I`hPWxbcw,9,1406102,,,false,5
,Iw?yspTIw,0,1392973,,,false,5
,Iw?yspTIw,1,1384244,,,false,5
,Iw?yspTIw,2,1582571,,,false,5
,Iw?yspTIw,3,1365668,,,false,5
,Iw?yspTIw,4,1371673,,,false,5
,Iw?yspTIw,5,1371464,,,false,5
,Iw?yspTIw,6,1381101,,,false,5
,Iw?yspTIw,7,1389341,,,false,5
,Iw?yspTIw,8,1371185,,,false,5
,Iw?yspTIw,9,1384663,,,false,5
,Ija?X_J@w,0,1156516,,,false,3
,Ija?X_J@w,1,1166153,,,false,3
,Ija?X_J@w,2,1155748,,,false,3
,Ija?X_J@w,3,1188150,,,false,3
,Ija?X_J@w,4,1146460,,,false,3
,Ija?X_J@w,5,1154212,,,false,3
,Ija?X_J@w,6,1150929,,,false,3
,Ija?X_J@w,7,1662251,,,false,3
,Ija?X_J@w,8,1937047,,,false,3
,Ija?X_J@w,9,1471675,,,false,3
,I{?BWoTBW,0,1204841,,,false,3
,I{?BWoTBW,1,1182564,,,false,3
,I{?BWoTBW,2,1146809,,,false,3
,I{?BWoTBW,3,1165035,,,false,3
,I{?BWoTBW,4,1153583,,,false,3
,I{?BWoTBW,5,1153513,,,false,3
,I{?BWoTBW,6,1152465,,,false,3
,I{?BWoTBW,7,1383196,,,false,3
,I{?BWoTBW,8,1144854,,,false,3
,I{?BWoTBW,9,1165804,,,false,3
,IRaIACbFG,0,1121809,,,false,3
,IRaIACbFG,1,1112032,,,false,3
,IRaIACbFG,2,1121459,,,false,3
,IRaIACbFG,3,1128094,,,false,3
,IRaIACbFG,4,1125998,,,false,3
,IRaIACbFG,5,1122367,,,false,3
,IRaIACbFG,6,1117479,,,false,3
,IRaIACbFG,7,1128303,,,false,3
,IRaIACbFG,8,1119504,,,false,3
,IRaIACbFG,9,1119993,,,false,3
,IqS`K?X@w,0,1119295,,,false,3
,IqS`K?X@w,1,1110007,,,false,3
,IqS`K?X@w,2,1112870,,,false,3
,IqS`K?X@w,3,1111543,,,false,3
,IqS`K?X@w,4,1120482,,,false,3
,IqS`K?X@w,5,1125301,,,false,3
,IqS`K?X@w,6,1111403,,,false,3
,IqS`K?X@w,7,1329563,,,false,3
,IqS`K?X@w,8,1090314,,,false,3
,IqS`K?X@w,9,1124672,,,false,3
,It?GY@FMO,0,1151069,,,false,3
,It?GY@FMO,1,1131585,,,false,3
,It?GY@FMO,2,1127326,,,false,3
,It?GY@FMO,3,1121459,,,false,3
,It?GY@FMO,4,1142270,,,false,3
,It?GY@FMO,5,1138499,,,false,3
,It?GY@FMO,6,1133261,,,false,3
,It?GY@FMO,7,1126557,,,false,3
,It?GY@FMO,8,1130887,,,false,3
,It?GY@FMO,9,1130258,,,false,3
,I`B@_WJ}?,0,1149952,,,false,3
,I`B@_WJ}?,1,1144645,,,false,3
,I`B@_WJ}?,2,1141781,,,false,3
,I`B@_WJ}?,3,1133959,,,false,3
,I`B@_WJ}?,4,1580546,,,false,3
,I`B@_WJ}?,5,1223905,,,false,3
,I`B@_WJ}?,6,1197089,,,false,3
,I`B@_WJ}?,7,1186823,,,false,3
,I`B@_WJ}?,8,1134728,,,false,3
,I`B@_WJ}?,9,1148624,,,false,3
,ItPG?CfEo,0,1380473,,,false,3
,ItPG?CfEo,1,1144644,,,false,3
,ItPG?CfEo,2,1166921,,,false,3
,ItPG?CfEo,3,1145342,,,false,3
,ItPG?CfEo,4,1147298,,,false,3
,ItPG?CfEo,5,1391576,,,false,3
,ItPG?CfEo,6,1137522,,,false,3
,ItPG?CfEo,7,1149323,,,false,3
,ItPG?CfEo,8,1144714,,,false,3
,ItPG?CfEo,9,1159938,,,false,3
,IFAIPWjp_,0,1260778,,,false,4
,IFAIPWjp_,1,1240665,,,false,4
,IFAIPWjp_,2,1237244,,,false,4
,IFAIPWjp_,3,1228934,,,false,4
,IFAIPWjp_,4,1261755,,,false,4
,IFAIPWjp_,5,1235777,,,false,4
,IFAIPWjp_,6,1226768,,,false,4
,IFAIPWjp_,7,1248905,,,false,4
,IFAIPWjp_,8,1252816,,,false,4
,IFAIPWjp_,9,1239129,,,false,4
,Iq??XyiTg,0,1274325,,,false,3
,Iq??XyiTg,1,1507779,,,false,3
,Iq??XyiTg,2,1252189,,,false,3
,Iq??XyiTg,3,1260289,,,false,3
,Iq??XyiTg,4,1286058,,,false,3
,Iq??XyiTg,5,1272789,,,false,3
,Iq??XyiTg,6,1268319,,,false,3
,Iq??XyiTg,7,1272091,,,false,3
,Iq??XyiTg,8,1271253,,,false,3
,Iq??XyiTg,9,1265107,,,false,3
,I@?uQQL{O,0,1235637,,,false,3
,I@?uQQL{O,1,1252188,,,false,3
,I@?uQQL{O,2,1232285,,,false,3
,I@?uQQL{O,3,1225791,,,false,3
,I@?uQQL{O,4,1220274,,,false,3
,I@?uQQL{O,5,1243878,,,false,3
,I@?uQQL{O,6,1234240,,,false,3
,I@?uQQL{O,7,1516369,,,false,3
,I@?uQQL{O,8,1614416,,,false,3
,I@?uQQL{O,9,1304424,,,false,3
,IGAZOqPwW,0,1300862,,,false,3
,IGAZOqPwW,1,1247440,,,false,3
,IGAZOqPwW,2,1207983,,,false,3
,IGAZOqPwW,3,1223766,,,false,3
,IGAZOqPwW,4,1230819,,,false,3
,IGAZOqPwW,5,1219366,,,false,3
,IGAZOqPwW,6,1212033,,,false,3
,IGAZOqPwW,7,1422164,,,false,3
,IGAZOqPwW,8,1233402,,,false,3
,IGAZOqPwW,9,1235708,,,false,3
,IJaD_XDAw,0,1196530,,,false,3
,IJaD_XDAw,1,1204980,,,false,3
,IJaD_XDAw,2,1209380,,,false,3
,IJaD_XDAw,3,1196880,,,false,3
,IJaD_XDAw,4,1196670,,,false,3
,IJaD_XDAw,5,1197717,,,false,3
,IJaD_XDAw,6,1205748,,,false,3
,IJaD_XDAw,7,1207704,,,false,3
,IJaD_XDAw,8,1206517,,,false,3
,IJaD_XDAw,9,1198905,,,false,3
,IF?G]YiX_,0,1281797,,,false,4
,IF?G]YiX_,1,1285569,,,false,4
,IF?G]YiX_,2,1271323,,,false,4
,IF?G]YiX_,3,1259590,,,false,4
,IF?G]YiX_,4,1541998,,,false,4
,IF?G]YiX_,5,1253236,,,false,4
,IF?G]YiX_,6,1275652,,,false,4
,IF?G]YiX_,7,1273277,,,false,4
,IF?G]YiX_,8,1263501,,,false,4
,IF?G]YiX_,9,1259311,,,false,4
,ItPG?CrBo,0,1091500,,,false,3
,ItPG?CrBo,1,1096179,,,false,3
,ItPG?CrBo,2,1076906,,,false,3
,ItPG?CrBo,3,1077464,,,false,3
,ItPG?CrBo,4,1088498,,,false,3
,ItPG?CrBo,5,1081793,,,false,3
,ItPG?CrBo,6,1077953,,,false,3
,ItPG?CrBo,7,1092967,,,false,3
,ItPG?CrBo,8,1081166,,,false,3
,ItPG?CrBo,9,1073344,,,false,3
,Is?JY_pBW,0,1206098,,,false,3
,Is?JY_pBW,1,1423211,,,false,3
,Is?JY_pBW,2,2011909,,,false,3
,Is?JY_pBW,3,1724683,,,false,3
,Is?JY_pBW,4,1273697,,,false,3
,Is?JY_pBW,5,1217620,,,false,3
,Is?JY_pBW,6,1191223,,,false,3
,Is?JY_pBW,7,1196531,,,false,3
,Is?JY_pBW,8,1198486,,,false,3
,Is?JY_pBW,9,1190735,,,false,3
,I?X_sespo,0,1502332,,,false,3
,I?X_sespo,1,1339969,,,false,3
,I?X_sespo,2,1307077,,,false,3
,I?X_sespo,3,1280052,,,false,3
,I?X_sespo,4,1304284,,,false,3
,I?X_sespo,5,1295974,,,false,3
,I?X_sespo,6,1283683,,,false,3
,I?X_sespo,7,1314689,,,false,3
,I?X_sespo,8,1298418,,,false,3
,I?X_sespo,9,1286057,,,false,3
,Ii??Xyidg,0,1297580,,,false,3
,Ii??Xyidg,1,1288921,,,false,3
,Ii??Xyidg,2,1279842,,,false,3
,Ii??Xyidg,3,1285079,,,false,3
,Ii??Xyidg,4,1288571,,,false,3
,Ii??Xyidg,5,1279143,,,false,3
,Ii??Xyidg,6,1293530,,,false,3
,Ii??Xyidg,7,1298557,,,false,3
,Ii??Xyidg,8,1442834,,,false,3
,Ii??Xyidg,9,1383825,,,false,3
,Iq`@OgfEw,0,1277817,,,false,3
,Iq`@OgfEw,1,1233752,,,false,3
,Iq`@OgfEw,2,1249744,,,false,3
,Iq`@OgfEw,3,1257007,,,false,3
,Iq`@OgfEw,4,1236685,,,false,3
,Iq`@OgfEw,5,1248278,,,false,3
,Iq`@OgfEw,6,1241224,,,false,3
,Iq`@OgfEw,7,1248836,,,false,3
,Iq`@OgfEw,8,1248696,,,false,3
,Iq`@OgfEw,9,1248417,,,false,3
,Is?IXXQKW,0,1182564,,,false,3
,Is?IXXQKW,1,1194017,,,false,3
,Is?IXXQKW,2,1181307,,,false,3
,Is?IXXQKW,3,1178653,,,false,3
,Is?IXXQKW,4,1989702,,,false,3
,Is?IXXQKW,5,1681386,,,false,3
,Is?IXXQKW,6,1252118,,,false,3
,Is?IXXQKW,7,1219296,,,false,3
,Is?IXXQKW,8,1186754,,,false,3
,Is?IXXQKW,9,1194435,,,false,3
,IqMA`OF@w,0,1180958,,,false,4
,IqMA`OF@w,1,1183193,,,false,4
,IqMA`OF@w,2,1175371,,,false,4
,IqMA`OF@w,3,1184450,,,false,4
,IqMA`OF@w,4,1223696,,,false,4
,IqMA`OF@w,5,1418742,,,false,4
,IqMA`OF@w,6,1180748,,,false,4
,IqMA`OF@w,7,1193877,,,false,4
,IqMA`OF@w,8,1188710,,,false,4
,IqMA`OF@w,9,1186405,,,false,4
,Ija?pGJ@w,0,1197299,,,false,4
,Ija?pGJ@w,1,1197229,,,false,4
,Ija?pGJ@w,2,1193598,,,false,4
,Ija?pGJ@w,3,1198486,,,false,4
,Ija?pGJ@w,4,1189059,,,false,4
,Ija?pGJ@w,5,1189967,,,false,4
,Ija?pGJ@w,6,1191503,,,false,4
,Ija?pGJ@w,7,1187313,,,false,4
,Ija?pGJ@w,8,1192620,,,false,4
,Ija?pGJ@w,9,1206097,,,false,4
,I?emBXQKg,0,1261127,,,false,4
,I?emBXQKg,1,1251280,,,false,4
,I?emBXQKg,2,1559317,,,false,4
,I?emBXQKg,3,1245694,,,false,4
,I?emBXQKg,4,1258893,,,false,4
,I?emBXQKg,5,1258333,,,false,4
,I?emBXQKg,6,1256937,,,false,4
,I?emBXQKg,7,1256937,,,false,4
,I?emBXQKg,8,1257007,,,false,4
,I?emBXQKg,9,1268599,,,false,4
,I__HGlo}G,0,1214688,,,false,4
,I__HGlo}G,1,1206447,,,false,4
,I__HGlo}G,2,1207215,,,false,4
,I__HGlo}G,3,1213570,,,false,4
,I__HGlo}G,4,1208681,,,false,4
,I__HGlo}G,5,1207704,,,false,4
,I__HGlo}G,6,1198486,,,false,4
,I__HGlo}G,7,1406241,,,false,4
,I__HGlo}G,8,2015959,,,false,4
,I__HGlo}G,9,1932229,,,false,4
,IoCOQKf}?,0,1456103,,,false,4
,IoCOQKf}?,1,1243179,,,false,4
,IoCOQKf}?,2,1197439,,,false,4
,IoCOQKf}?,3,1215247,,,false,4
,IoCOQKf}?,4,1205050,,,false,4
,IoCOQKf}?,5,1208752,,,false,4
,IoCOQKf}?,6,1292343,,,false,4
,IoCOQKf}?,7,1421674,,,false,4
,IoCOQKf}?,8,1204841,,,false,4
,IoCOQKf}?,9,1211684,,,false,4
,IWAQWoXwW,0,1215665,,,false,4
,IWAQWoXwW,1,1207704,,,false,4
,IWAQWoXwW,2,1213570,,,false,4
,IWAQWoXwW,3,1215246,,,false,4
,IWAQWoXwW,4,1204143,,,false,4
,IWAQWoXwW,5,1207494,,,false,4
,IWAQWoXwW,6,1205959,,,false,4
,IWAQWoXwW,7,1198695,,,false,4
,IWAQWoXwW,8,1227187,,,false,4
,IWAQWoXwW,9,1219157,,,false,4
,IsP@OgfEw,0,1269926,,,false,4
,IsP@OgfEw,1,1257984,,,false,4
,IsP@OgfEw,2,1290527,,,false,4
,IsP@OgfEw,3,1266573,,,false,4
,IsP@OgfEw,4,1273278,,,false,4
,IsP@OgfEw,5,1343321,,,false,4
,IsP@OgfEw,6,1522654,,,false,4
,IsP@OgfEw,7,1245344,,,false,4
,IsP@OgfEw,8,1276072,,,false,4
,IsP@OgfEw,9,1260428,,,false,4
,IQ`F`GXBW,0,1223556,,,false,4
,IQ`F`GXBW,1,1217411,,,false,4
,IQ`F`GXBW,2,1224045,,,false,4
,IQ`F`GXBW,3,1226071,,,false,4
,IQ`F`GXBW,4,1206656,,,false,4
,IQ`F`GXBW,5,1223556,,,false,4
,IQ`F`GXBW,6,1220763,,,false,4
,IQ`F`GXBW,7,1210637,,,false,4
,IQ`F`GXBW,8,1217900,,,false,4
,IQ`F`GXBW,9,1209310,,,false,4
,IsOPAWVIw,0,1338782,,,false,3
,IsOPAWVIw,1,2081952,,,false,3
,IsOPAWVIw,2,1797450,,,false,3
,IsOPAWVIw,3,1356031,,,false,3
,IsOPAWVIw,4,1288431,,,false,3
,IsOPAWVIw,5,1247439,,,false,3
,IsOPAWVIw,6,1229632,,,false,3
,IsOPAWVIw,7,1252258,,,false,3
,IsOPAWVIw,8,1247719,,,false,3
,IsOPAWVIw,9,1241783,,,false,3
,IIGOSMF}?,0,1186266,,,false,4
,IIGOSMF}?,1,1353796,,,false,4
,IIGOSMF}?,2,1323767,,,false,4
,IIGOSMF}?,3,1187732,,,false,4
,IIGOSMF}?,4,1178514,,,false,4
,IIGOSMF}?,5,1187592,,,false,4
,IIGOSMF}?,6,1174254,,,false,4
,IIGOSMF}?,7,1175860,,,false,4
,IIGOSMF}?,8,1191852,,,false,4
,IIGOSMF}?,9,1185427,,,false,4
,IqGODTUBw,0,1221741,,,false,3
,IqGODTUBw,1,1214408,,,false,3
,IqGODTUBw,2,1220484,,,false,3
,IqGODTUBw,3,1213221,,,false,3
,IqGODTUBw,4,1224813,,,false,3
,IqGODTUBw,5,1210427,,,false,3
,IqGODTUBw,6,1236405,,,false,3
,IqGODTUBw,7,1221950,,,false,3
,IqGODTUBw,8,1373559,,,false,3
,IqGODTUBw,9,1378029,,,false,3
,I``@xaHPW,0,1179840,,,false,3
,I``@xaHPW,1,1178235,,,false,3
,I``@xaHPW,2,1186684,,,false,3
,I``@xaHPW,3,1175511,,,false,3
,I``@xaHPW,4,1179980,,,false,3
,I``@xaHPW,5,1170692,,,false,3
,I``@xaHPW,6,1167410,,,false,3
,I``@xaHPW,7,1187173,,,false,3
,I``@xaHPW,8,1177396,,,false,3
,I``@xaHPW,9,1177745,,,false,3
,I@`MEWyL_,0,1265596,,,false,3
,I@`MEWyL_,1,1256448,,,false,3
,I@`MEWyL_,2,1247509,,,false,3
,I@`MEWyL_,3,1267552,,,false,3
,I@`MEWyL_,4,1716303,,,false,3
,I@`MEWyL_,5,2056253,,,false,3
,I@`MEWyL_,6,1896753,,,false,3
,I@`MEWyL_,7,1473491,,,false,3
,I@`MEWyL_,8,1257984,,,false,3
,I@`MEWyL_,9,1269367,,,false,3
,IukAHLUJO,0,1273557,,,false,4
,IukAHLUJO,1,1245623,,,false,4
,IukAHLUJO,2,1245973,,,false,4
,IukAHLUJO,3,1515043,,,false,4
,IukAHLUJO,4,1298418,,,false,4
,IukAHLUJO,5,1268459,,,false,4
,IukAHLUJO,6,1253236,,,false,4
,IukAHLUJO,7,1259311,,,false,4
,IukAHLUJO,8,1252258,,,false,4
,IukAHLUJO,9,1258404,,,false,4
,I~~DI[vFw,0,1525098,,,false,6
,I~~DI[vFw,1,1501146,,,false,6
,I~~DI[vFw,2,1527053,,,false,6
,I~~DI[vFw,3,1507151,,,false,6
,I~~DI[vFw,4,1507849,,,false,6
,I~~DI[vFw,5,1497234,,,false,6
,I~~DI[vFw,6,1511411,,,false,6
,I~~DI[vFw,7,1502612,,,false,6
,I~~DI[vFw,8,1513227,,,false,6
,I~~DI[vFw,9,1567348,,,false,6
,I~qkzXZLw,0,1581245,,,false,7
,I~qkzXZLw,1,1509665,,,false,7
,I~qkzXZLw,2,1508618,,,false,7
,I~qkzXZLw,3,1513227,,,false,7
,I~qkzXZLw,4,1502682,,,false,7
,I~qkzXZLw,5,1510992,,,false,7
,I~qkzXZLw,6,1503171,,,false,7
,I~qkzXZLw,7,1511830,,,false,7
,I~qkzXZLw,8,1499609,,,false,7
,I~qkzXZLw,9,1523143,,,false,7
,I???h?HpG,0,948132,,,false,1
,I???h?HpG,1,912936,,,false,1
,I???h?HpG,2,909514,,,false,1
,I???h?HpG,3,1111613,,,false,1
,I???h?HpG,4,1566230,,,false,1
,I???h?HpG,5,1454915,,,false,1
,I???h?HpG,6,990871,,,false,1
,I???h?HpG,7,963636,,,false,1
,I???h?HpG,8,971456,,,false,1
,I???h?HpG,9,914542,,,false,1
,I????SE{G,0,927391,,,false,1
,I????SE{G,1,926624,,,false,1
,I????SE{G,2,923551,,,false,1
,I????SE{G,3,915380,,,false,1
,I????SE{G,4,906372,,,false,1
,I????SE{G,5,918173,,,false,1
,I????SE{G,6,914263,,,false,1
,I????SE{G,7,950576,,,false,1
,I????SE{G,8,923480,,,false,1
,I????SE{G,9,929208,,,false,1
,I???BGY`_,0,894220,,,false,1
,I???BGY`_,1,880603,,,false,1
,I???BGY`_,2,889681,,,false,1
,I???BGY`_,3,889122,,,false,1
,I???BGY`_,4,883326,,,false,1
,I???BGY`_,5,876134,,,false,1
,I???BGY`_,6,878578,,,false,1
,I???BGY`_,7,885980,,,false,1
,I???BGY`_,8,882977,,,false,1
,I???BGY`_,9,878787,,,false,1
,It?IQGiDO,0,1115314,,,false,3
,It?IQGiDO,1,1103233,,,false,3
,It?IQGiDO,2,1101836,,,false,3
,It?IQGiDO,3,1161335,,,false,3
,It?IQGiDO,4,1189687,,,false,3
,It?IQGiDO,5,1130887,,,false,3
,It?IQGiDO,6,1094853,,,false,3
,It?IQGiDO,7,1103442,,,false,3
,It?IQGiDO,8,1100858,,,false,3
,It?IQGiDO,9,1290248,,,false,3
,IG_UXzs}O,0,1424887,,,false,4
,IG_UXzs}O,1,1432917,,,false,4
,IG_UXzs}O,2,1428169,,,false,4
,IG_UXzs}O,3,1432639,,,false,4
,IG_UXzs}O,4,1443602,,,false,4
,IG_UXzs}O,5,1430962,,,false,4
,IG_UXzs}O,6,1450306,,,false,4
,IG_UXzs}O,7,1427052,,,false,4
,IG_UXzs}O,8,1434873,,,false,4
,IG_UXzs}O,9,1435013,,,false,4
,I_A_tt}^_,0,1417135,,,false,4
,I_A_tt}^_,1,1416367,,,false,4
,I_A_tt}^_,2,1682992,,,false,4
,I_A_tt}^_,3,2317780,,,false,4
,I_A_tt}^_,4,2146758,,,false,4
,I_A_tt}^_,5,1553101,,,false,4
,I_A_tt}^_,6,1419160,,,false,4
,I_A_tt}^_,7,1429496,,,false,4
,I_A_tt}^_,8,1409104,,,false,4
,I_A_tt}^_,9,1405193,,,false,4
,I?O__E@BG,0,881092,,,false,1
,I?O__E@BG,1,881232,,,false,1
,I?O__E@BG,2,900436,,,false,1
,I?O__E@BG,3,896386,,,false,1
,I?O__E@BG,4,882837,,,false,1
,I?O__E@BG,5,880394,,,false,1
,I?O__E@BG,6,887307,,,false,1
,I?O__E@BG,7,886818,,,false,1
,I?O__E@BG,8,887866,,,false,1
,I?O__E@BG,9,872572,,,false,1
,IJPHPKYDW,0,1192550,,,false,5
,IJPHPKYDW,1,1191502,,,false,5
,IJPHPKYDW,2,1183541,,,false,5
,IJPHPKYDW,3,1189756,,,false,5
,IJPHPKYDW,4,1194506,,,false,5
,IJPHPKYDW,5,1182494,,,false,5
,IJPHPKYDW,6,1187802,,,false,5
,IJPHPKYDW,7,1194506,,,false,5
,IJPHPKYDW,8,1186894,,,false,5
,IJPHPKYDW,9,1185358,,,false,5
,I?@?RaQJG,0,1072576,,,false,2
,I?@?RaQJG,1,1088987,,,false,2
,I?@?RaQJG,2,1067687,,,false,2
,I?@?RaQJG,3,1072087,,,false,2
,I?@?RaQJG,4,1072296,,,false,2
,I?@?RaQJG,5,1080816,,,false,2
,I?@?RaQJG,6,1075579,,,false,2
,I?@?RaQJG,7,1065662,,,false,2
,I?@?RaQJG,8,1082911,,,false,2
,I?@?RaQJG,9,1077464,,,false,2
,IQQ@HKYEW,0,1141012,,,false,3
,IQQ@HKYEW,1,1139477,,,false,3
,IQQ@HKYEW,2,1141083,,,false,3
,IQQ@HKYEW,3,1133331,,,false,3
,IQQ@HKYEW,4,1133750,,,false,3
,IQQ@HKYEW,5,1144924,,,false,3
,IQQ@HKYEW,6,1133470,,,false,3
,IQQ@HKYEW,7,1141642,,,false,3
,IQQ@HKYEW,8,1145273,,,false,3
,IQQ@HKYEW,9,1131446,,,false,3
,Ir?GWWJ@w,0,1370416,,,false,4
,Ir?GWWJ@w,1,1675590,,,false,4
,Ir?GWWJ@w,2,1364411,,,false,4
,Ir?GWWJ@w,3,1008888,,,false,4
,Ir?GWWJ@w,4,1001066,,,false,4
,Ir?GWWJ@w,5,976904,,,false,4
,Ir?GWWJ@w,6,934375,,,false,4
,Ir?GWWJ@w,7,961680,,,false,4
,Ir?GWWJ@w,8,952322,,,false,4
,Ir?GWWJ@w,9,960633,,,false,4
,I`?M@_K?w,0,959096,,,false,2
,I`?M@_K?w,1,950855,,,false,2
,I`?M@_K?w,2,948691,,,false,2
,I`?M@_K?w,3,947992,,,false,2
,I`?M@_K?w,4,944221,,,false,2
,I`?M@_K?w,5,964473,,,false,2
,I`?M@_K?w,6,951065,,,false,2
,I`?M@_K?w,7,945129,,,false,2
,I`?M@_K?w,8,955395,,,false,2
,I`?M@_K?w,9,950157,,,false,2
,Iv?GOKFY?,0,1027114,,,false,3
,Iv?GOKFY?,1,1021807,,,false,3
,Iv?GOKFY?,2,1030326,,,false,3
,Iv?GOKFY?,3,1028022,,,false,3
,Iv?GOKFY?,4,1028650,,,false,3
,Iv?GOKFY?,5,1028720,,,false,3
,Iv?GOKFY?,6,1031932,,,false,3
,Iv?GOKFY?,7,1020410,,,false,3
,Iv?GOKFY?,8,1026136,,,false,3
,Iv?GOKFY?,9,1258473,,,false,3
,I???pHG`G,0,853019,,,false,1
,I???pHG`G,1,898620,,,false,1
,I???pHG`G,2,867264,,,false,1
,I???pHG`G,3,882977,,,false,1
,I???pHG`G,4,891008,,,false,1
,I???pHG`G,5,1017058,,,false,1
,I???pHG`G,6,951763,,,false,1
,I???pHG`G,7,876623,,,false,1
,I???pHG`G,8,883955,,,false,1
,I???pHG`G,9,881580,,,false,1
,I?C@?N?BG,0,887587,,,false,1
,I?C@?N?BG,1,885282,,,false,1
,I?C@?N?BG,2,878578,,,false,1
,I?C@?N?BG,3,876762,,,false,1
,I?C@?N?BG,4,892125,,,false,1
,I?C@?N?BG,5,880324,,,false,1
,I?C@?N?BG,6,885072,,,false,1
,I?C@?N?BG,7,882977,,,false,1
,I?C@?N?BG,8,883047,,,false,1
,I?C@?N?BG,9,881650,,,false,1
,IugOXhJX_,0,1335499,,,false,5
,IugOXhJX_,1,1325583,,,false,5
,IugOXhJX_,2,1330681,,,false,5
,IugOXhJX_,3,1311338,,,false,5
,IugOXhJX_,4,1548422,,,false,5
,IugOXhJX_,5,2181674,,,false,5
,IugOXhJX_,6,2153043,,,false,5
,IugOXhJX_,7,2136422,,,false,5
,IugOXhJX_,8,1465879,,,false,5
,IugOXhJX_,9,1303726,,,false,5
,I?_aCwuU_,0,1155888,,,false,3
,I?_aCwuU_,1,1162382,,,false,3
,I?_aCwuU_,2,1158961,,,false,3
,I?_aCwuU_,3,1157913,,,false,3
,I?_aCwuU_,4,1147647,,,false,3
,I?_aCwuU_,5,1142130,,,false,3
,I?_aCwuU_,6,1148834,,,false,3
,I?_aCwuU_,7,1148415,,,false,3
,I?_aCwuU_,8,1147508,,,false,3
,I?_aCwuU_,9,1146530,,,false,3
,I?cqcGbQW,0,1208472,,,false,3
,I?cqcGbQW,1,1195065,,,false,3
,I?cqcGbQW,2,1182006,,,false,3
,I?cqcGbQW,3,1183053,,,false,3
,I?cqcGbQW,4,1203864,,,false,3
,I?cqcGbQW,5,1194995,,,false,3
,I?cqcGbQW,6,1189199,,,false,3
,I?cqcGbQW,7,1190316,,,false,3
,I?cqcGbQW,8,1188710,,,false,3
,I?cqcGbQW,9,1191992,,,false,3
,I@Q@QK^kw,0,1335221,,,false,3
,I@Q@QK^kw,1,1321045,,,false,3
,I@Q@QK^kw,2,1319159,,,false,3
,I@Q@QK^kw,3,1324327,,,false,3
,I@Q@QK^kw,4,1319787,,,false,3
,I@Q@QK^kw,5,1341785,,,false,3
,I@Q@QK^kw,6,1330682,,,false,3
,I@Q@QK^kw,7,1321114,,,false,3
,I@Q@QK^kw,8,1335710,,,false,3
,I@Q@QK^kw,9,1312316,,,false,3
,ICHCPLRFw,0,1273139,,,false,3
,ICHCPLRFw,1,1278585,,,false,3
,ICHCPLRFw,2,1261895,,,false,3
,ICHCPLRFw,3,1272789,,,false,3
,ICHCPLRFw,4,1269926,,,false,3
,ICHCPLRFw,5,1285010,,,false,3
,ICHCPLRFw,6,1262803,,,false,3
,ICHCPLRFw,7,1263083,,,false,3
,ICHCPLRFw,8,1956182,,,false,3
,ICHCPLRFw,9,2071757,,,false,3
,IOD?g\bew,0,2057162,,,false,3
,IOD?g\bew,1,1788652,,,false,3
,IOD?g\bew,2,1253027,,,false,3
,IOD?g\bew,3,1263851,,,false,3
,IOD?g\bew,4,1253586,,,false,3
,IOD?g\bew,5,1255889,,,false,3
,IOD?g\bew,6,1258404,,,false,3
,IOD?g\bew,7,1271253,,,false,3
,IOD?g\bew,8,1258752,,,false,3
,IOD?g\bew,9,1258264,,,false,3
,I@`CJcnFw,0,1358476,,,false,4
,I@`CJcnFw,1,1356869,,,false,4
,I@`CJcnFw,2,1350515,,,false,4
,I@`CJcnFw,3,1359453,,,false,4
,I@`CJcnFw,4,1344020,,,false,4
,I@`CJcnFw,5,1343531,,,false,4
,I@`CJcnFw,6,1346464,,,false,4
,I@`CJcnFw,7,1338713,,,false,4
,I@`CJcnFw,8,1353587,,,false,4
,I@`CJcnFw,9,1341855,,,false,4
,I??GjQoRg,0,1152536,,,false,3
,I??GjQoRg,1,1153024,,,false,3
,I??GjQoRg,2,1151977,,,false,3
,I??GjQoRg,3,1148066,,,false,3
,I??GjQoRg,4,1143527,,,false,3
,I??GjQoRg,5,1155329,,,false,3
,I??GjQoRg,6,1155050,,,false,3
,I??GjQoRg,7,1152745,,,false,3
,I??GjQoRg,8,1149603,,,false,3
,I??GjQoRg,9,1149673,,,false,3
,IoCOPHA~w,0,1216363,,,false,3
,IoCOPHA~w,1,1219646,,,false,3
,IoCOPHA~w,2,1224464,,,false,3
,IoCOPHA~w,3,1224115,,,false,3
,IoCOPHA~w,4,1215805,,,false,3
,IoCOPHA~w,5,1211754,,,false,3
,IoCOPHA~w,6,1230330,,,false,3
,IoCOPHA~w,7,1212034,,,false,3
,IoCOPHA~w,8,1224534,,,false,3
,IoCOPHA~w,9,1210149,,,false,3
,I????Wqoo,0,917685,,,false,1
,I????Wqoo,1,912029,,,false,1
,I????Wqoo,2,1492277,,,false,1
,I????Wqoo,3,1288642,,,false,1
,I????Wqoo,4,1005117,,,false,1
,I????Wqoo,5,1169506,,,false,1
,I????Wqoo,6,924878,,,false,1
,I????Wqoo,7,899458,,,false,1
,I????Wqoo,8,920129,,,false,1
,I????Wqoo,9,916428,,,false,1
,I???OGoow,0,925856,,,false,1
,I???OGoow,1,931232,,,false,1
,I???OGoow,2,937657,,,false,1
,I???OGoow,3,932420,,,false,1
,I???OGoow,4,938565,,,false,1
,I???OGoow,5,944850,,,false,1
,I???OGoow,6,932699,,,false,1
,I???OGoow,7,939962,,,false,1
,I???OGoow,8,932210,,,false,1
,I???OGoow,9,926135,,,false,1
,I{~~fd^Nw,0,1564205,,,false,7
,I{~~fd^Nw,1,1564624,,,false,7
,I{~~fd^Nw,2,1573772,,,false,7
,I{~~fd^Nw,3,1550030,,,false,7
,I{~~fd^Nw,4,1578312,,,false,7
,I{~~fd^Nw,5,1568186,,,false,7
,I{~~fd^Nw,6,1557012,,,false,7
,I{~~fd^Nw,7,1581734,,,false,7
,I{~~fd^Nw,8,1553870,,,false,7
,I{~~fd^Nw,9,1564485,,,false,7
,ICS}||~~w,0,1888024,,,false,6
,ICS}||~~w,1,1594653,,,false,6
,ICS}||~~w,2,1601357,,,false,6
,ICS}||~~w,3,1605198,,,false,6
,ICS}||~~w,4,1595631,,,false,6
,ICS}||~~w,5,1602754,,,false,6
,ICS}||~~w,6,1590882,,,false,6
,ICS}||~~w,7,1610994,,,false,6
,ICS}||~~w,8,1595700,,,false,6
,ICS}||~~w,9,1595002,,,false,6
,I?v\||~^w,0,1542906,,,false,6
,I?v\||~^w,1,1556314,,,false,6
,I?v\||~^w,2,1557641,,,false,6
,I?v\||~^w,3,2598722,,,false,6
,I?v\||~^w,4,2565341,,,false,6
,I?v\||~^w,5,2031114,,,false,6
,I?v\||~^w,6,1592558,,,false,6
,I?v\||~^w,7,1566510,,,false,6
,I?v\||~^w,8,1562181,,,false,6
,I?v\||~^w,9,1546956,,,false,6
,I`?N~~~~w,0,1448072,,,false,5
,I`?N~~~~w,1,1444231,,,false,5
,I`?N~~~~w,2,1455125,,,false,5
,I`?N~~~~w,3,1448631,,,false,5
,I`?N~~~~w,4,1471676,,,false,5
,I`?N~~~~w,5,1445698,,,false,5
,I`?N~~~~w,6,1461131,,,false,5
,I`?N~~~~w,7,1449469,,,false,5
,I`?N~~~~w,8,1459455,,,false,5
,I`?N~~~~w,9,1464972,,,false,5
,I~ze}w~Nw,0,1528241,,,false,7
,I~ze}w~Nw,1,1531524,,,false,7
,I~ze}w~Nw,2,1554499,,,false,7
,I~ze}w~Nw,3,1536552,,,false,7
,I~ze}w~Nw,4,1533479,,,false,7
,I~ze}w~Nw,5,1519582,,,false,7
,I~ze}w~Nw,6,1535783,,,false,7
,I~ze}w~Nw,7,1547794,,,false,7
,I~ze}w~Nw,8,1518604,,,false,7
,I~ze}w~Nw,9,1522794,,,false,7
,I~~DJK^Fw,0,1482570,,,false,6
,I~~DJK^Fw,1,1476425,,,false,6
,I~~DJK^Fw,2,1471676,,,false,6
,I~~DJK^Fw,3,1482569,,,false,6
,I~~DJK^Fw,4,1468184,,,false,6
,I~~DJK^Fw,5,1476215,,,false,6
,I~~DJK^Fw,6,1465182,,,false,6
,I~~DJK^Fw,7,1479079,,,false,6
,I~~DJK^Fw,8,1698705,,,false,6
,I~~DJK^Fw,9,2237123,,,false,6
,Itlai[~Nw,0,1617488,,,false,6
,Itlai[~Nw,1,1589346,,,false,6
,Itlai[~Nw,2,1479009,,,false,6
,Itlai[~Nw,3,1495419,,,false,6
,Itlai[~Nw,4,1497374,,,false,6
,Itlai[~Nw,5,1497864,,,false,6
,Itlai[~Nw,6,1478589,,,false,6
,Itlai[~Nw,7,1493953,,,false,6
,Itlai[~Nw,8,1487737,,,false,6
,Itlai[~Nw,9,1491788,,,false,6
,IQGm_|~~w,0,1518465,,,false,5
,IQGm_|~~w,1,1837884,,,false,5
,IQGm_|~~w,2,1523982,,,false,5
,IQGm_|~~w,3,1519652,,,false,5
,IQGm_|~~w,4,1534596,,,false,5
,IQGm_|~~w,5,1513297,,,false,5
,IQGm_|~~w,6,1527962,,,false,5
,IQGm_|~~w,7,1527613,,,false,5
,IQGm_|~~w,8,1532222,,,false,5
,IQGm_|~~w,9,1517347,,,false,5
,IwCO]}~^w,0,1624821,,,false,5
,IwCO]}~^w,1,1604640,,,false,5
,IwCO]}~^w,2,1468114,,,false,5
,IwCO]}~^w,3,1458477,,,false,5
,IwCO]}~^w,4,1457011,,,false,5
,IwCO]}~^w,5,1455824,,,false,5
,IwCO]}~^w,6,1451494,,,false,5
,IwCO]}~^w,7,1466787,,,false,5
,IwCO]}~^w,8,1451913,,,false,5
,IwCO]}~^w,9,1443393,,,false,5
,I~zf?{^Fw,0,1425865,,,false,6
,I~zf?{^Fw,1,1415250,,,false,6
,I~zf?{^Fw,2,1434873,,,false,6
,I~zf?{^Fw,3,1408616,,,false,6
,I~zf?{^Fw,4,2117498,,,false,6
,I~zf?{^Fw,5,2411637,,,false,6
,I~zf?{^Fw,6,2257445,,,false,6
,I~zf?{^Fw,7,1627196,,,false,6
,I~zf?{^Fw,8,1420767,,,false,6
,I~zf?{^Fw,9,1741793,,,false,6
,I?rMX{~Nw,0,1379496,,,false,5
,I?rMX{~Nw,1,1423211,,,false,5
,I?rMX{~Nw,2,1386339,,,false,5
,I?rMX{~Nw,3,1402401,,,false,5
,I?rMX{~Nw,4,1396814,,,false,5
,I?rMX{~Nw,5,1392415,,,false,5
,I?rMX{~Nw,6,1402401,,,false,5
,I?rMX{~Nw,7,1404845,,,false,5
,I?rMX{~Nw,8,1411828,,,false,5
,I?rMX{~Nw,9,1395837,,,false,5
,I~fLQ{}Xw,0,1568395,,,false,6
,I~fLQ{}Xw,1,1535993,,,false,6
,I~fLQ{}Xw,2,1552613,,,false,6
,I~fLQ{}Xw,3,1543814,,,false,6
,I~fLQ{}Xw,4,1554708,,,false,6
,I~fLQ{}Xw,5,1539345,,,false,6
,I~fLQ{}Xw,6,1546258,,,false,6
,I~fLQ{}Xw,7,1547655,,,false,6
,I~fLQ{}Xw,8,1550728,,,false,6
,I~fLQ{}Xw,9,1559596,,,false,6
,I?qkz\^Nw,0,1462039,,,false,5
,I?qkz\^Nw,1,1487109,,,false,5
,I?qkz\^Nw,2,1455823,,,false,5
,I?qkz\^Nw,3,1463156,,,false,5
,I?qkz\^Nw,4,1477472,,,false,5
,I?qkz\^Nw,5,1467695,,,false,5
,I?qkz\^Nw,6,1457848,,,false,5
,I?qkz\^Nw,7,1486131,,,false,5
,I?qkz\^Nw,8,1459316,,,false,5
,I?qkz\^Nw,9,1454077,,,false,5
,IvzfA{}Fw,0,1775103,,,false,6
,IvzfA{}Fw,1,2500816,,,false,6
,IvzfA{}Fw,2,2467086,,,false,6
,IvzfA{}Fw,3,2119453,,,false,6
,IvzfA{}Fw,4,1521049,,,false,6
,IvzfA{}Fw,5,1482081,,,false,6
,IvzfA{}Fw,6,1507221,,,false,6
,IvzfA{}Fw,7,1485712,,,false,6
,IvzfA{}Fw,8,1504079,,,false,6
,IvzfA{}Fw,9,1486900,,,false,6
,I?C^~~{~G,0,1438226,,,false,6
,I?C^~~{~G,1,1439482,,,false,6
,I?C^~~{~G,2,1441089,,,false,6
,I?C^~~{~G,3,1433407,,,false,6
,I?C^~~{~G,4,1448910,,,false,6
,I?C^~~{~G,5,1453240,,,false,6
,I?C^~~{~G,6,1435292,,,false,6
,I?C^~~{~G,7,1431032,,,false,6
,I?C^~~{~G,8,1429077,,,false,6
,I?C^~~{~G,9,1420208,,,false,6
,I?@Yx{~zw,0,1429287,,,false,5
,I?@Yx{~zw,1,1424259,,,false,5
,I?@Yx{~zw,2,1413225,,,false,5
,I?@Yx{~zw,3,1432708,,,false,5
,I?@Yx{~zw,4,1427401,,,false,5
,I?@Yx{~zw,5,1436479,,,false,5
,I?@Yx{~zw,6,1433477,,,false,5
,I?@Yx{~zw,7,1436549,,,false,5
,I?@Yx{~zw,8,1432778,,,false,5
,I?@Yx{~zw,9,1423142,,,false,5
,Is`zro~Nw,0,1489624,,,false,6
,Is`zro~Nw,1,1466508,,,false,6
,Is`zro~Nw,2,1472584,,,false,6
,Is`zro~Nw,3,1488715,,,false,6
,Is`zro~Nw,4,1482012,,,false,6
,Is`zro~Nw,5,1459245,,,false,6
,Is`zro~Nw,6,1491439,,,false,6
,Is`zro~Nw,7,1656456,,,false,6
,Is`zro~Nw,8,2460941,,,false,6
,Is`zro~Nw,9,1885930,,,false,6
,I??D||~^w,0,1465391,,,false,4
,I??D||~^w,1,1405544,,,false,4
,I??D||~^w,2,1403867,,,false,4
,I??D||~^w,3,1394091,,,false,4
,I??D||~^w,4,1380613,,,false,4
,I??D||~^w,5,1397233,,,false,4
,I??D||~^w,6,1396255,,,false,4
,I??D||~^w,7,1378867,,,false,4
,I??D||~^w,8,1386269,,,false,4
,I??D||~^w,9,1385012,,,false,4
,I??F~~}~W,0,1412666,,,false,4
,I??F~~}~W,1,1414761,,,false,4
,I??F~~}~W,2,1394789,,,false,4
,I??F~~}~W,3,1454287,,,false,4
,I??F~~}~W,4,1493325,,,false,4
,I??F~~}~W,5,1418183,,,false,4
,I??F~~}~W,6,1387526,,,false,4
,I??F~~}~W,7,1405613,,,false,4
,I??F~~}~W,8,1389621,,,false,4
,I??F~~}~W,9,1411480,,,false,4
,I~?GW]^Zo,0,1316645,,,false,5
,I~?GW]^Zo,1,1288502,,,false,5
,I~?GW]^Zo,2,1285150,,,false,5
,I~?GW]^Zo,3,1324257,,,false,5
,I~?GW]^Zo,4,1291854,,,false,5
,I~?GW]^Zo,5,1293181,,,false,5
,I~?GW]^Zo,6,1307986,,,false,5
,I~?GW]^Zo,7,1298837,,,false,5
,I~?GW]^Zo,8,1289968,,,false,5
,I~?GW]^Zo,9,1282007,,,false,5
,I~}AHKVBw,0,1355333,,,false,5
,I~}AHKVBw,1,1331938,,,false,5
,I~}AHKVBw,2,1343810,,,false,5
,I~}AHKVBw,3,1333405,,,false,5
,I~}AHKVBw,4,1328098,,,false,5
,I~}AHKVBw,5,1352190,,,false,5
,I~}AHKVBw,6,1386199,,,false,5
,I~}AHKVBw,7,2156674,,,false,5
,I~}AHKVBw,8,1536901,,,false,5
,I~}AHKVBw,9,1487179,,,false,5
,ITlAIK~No,0,1356799,,,false,4
,ITlAIK~No,1,1301840,,,false,4
,ITlAIK~No,2,1309872,,,false,4
,ITlAIK~No,3,1316994,,,false,4
,ITlAIK~No,4,1305122,,,false,4
,ITlAIK~No,5,1303237,,,false,4
,ITlAIK~No,6,1303725,,,false,4
,ITlAIK~No,7,1313921,,,false,4
,ITlAIK~No,8,1306450,,,false,4
,ITlAIK~No,9,1308474,,,false,4
,I?qi`e^Zw,0,1573284,,,false,4
,I?qi`e^Zw,1,1431452,,,false,4
,I?qi`e^Zw,2,1396744,,,false,4
,I?qi`e^Zw,3,1413713,,,false,4
,I?qi`e^Zw,4,1418392,,,false,4
,I?qi`e^Zw,5,1402400,,,false,4
,I?qi`e^Zw,6,1413924,,,false,4
,I?qi`e^Zw,7,1396674,,,false,4
,I?qi`e^Zw,8,1403169,,,false,4
,I?qi`e^Zw,9,1421675,,,false,4
,I`?M\\]NW,0,1368741,,,false,4
,I`?M\\]NW,1,1566091,,,false,4
,I`?M\\]NW,2,1368113,,,false,4
,I`?M\\]NW,3,1361268,,,false,4
,I`?M\\]NW,4,1367205,,,false,4
,I`?M\\]NW,5,1361269,,,false,4
,I`?M\\]NW,6,1374467,,,false,4
,I`?M\\]NW,7,1357707,,,false,4
,I`?M\\]NW,8,1363014,,,false,4
,I`?M\\]NW,9,1359942,,,false,4
,IITX`Sffw,0,1351981,,,false,5
,IITX`Sffw,1,1379356,,,false,5
,IITX`Sffw,2,1362875,,,false,5
,IITX`Sffw,3,1374048,,,false,5
,IITX`Sffw,4,1367484,,,false,5
,IITX`Sffw,5,1582711,,,false,5
,IITX`Sffw,6,2297809,,,false,5
,IITX`Sffw,7,2243339,,,false,5
,IITX`Sffw,8,2183072,,,false,5
,IITX`Sffw,9,1421605,,,false,5
,I@KpW~Tqw,0,1366995,,,false,5
,I@KpW~Tqw,1,1361688,,,false,5
,I@KpW~Tqw,2,1376772,,,false,5
,I@KpW~Tqw,3,1378098,,,false,5
,I@KpW~Tqw,4,1376702,,,false,5
,I@KpW~Tqw,5,1369649,,,false,5
,I@KpW~Tqw,6,1376213,,,false,5
,I@KpW~Tqw,7,1378796,,,false,5
,I@KpW~Tqw,8,1364830,,,false,5
,I@KpW~Tqw,9,1361059,,,false,5
,IoCWzdkfw,0,1399677,,,false,5
,IoCWzdkfw,1,1375445,,,false,5
,IoCWzdkfw,2,1384663,,,false,5
,IoCWzdkfw,3,1379565,,,false,5
,IoCWzdkfw,4,1381171,,,false,5
,IoCWzdkfw,5,1376214,,,false,5
,IoCWzdkfw,6,1379285,,,false,5
,IoCWzdkfw,7,1384174,,,false,5
,IoCWzdkfw,8,1386828,,,false,5
,IoCWzdkfw,9,1376632,,,false,5
,I?eRRI^Zw,0,1421116,,,false,4
,I?eRRI^Zw,1,1418183,,,false,4
,I?eRRI^Zw,2,1413086,,,false,4
,I?eRRI^Zw,3,1430055,,,false,4
,I?eRRI^Zw,4,1416507,,,false,4
,I?eRRI^Zw,5,1405124,,,false,4
,I?eRRI^Zw,6,1428240,,,false,4
,I?eRRI^Zw,7,1426424,,,false,4
,I?eRRI^Zw,8,1415669,,,false,4
,I?eRRI^Zw,9,1418044,,,false,4
,I`?M]W~No,0,1315109,,,false,5
,I`?M]W~No,1,1309452,,,false,5
,I`?M]W~No,2,1324047,,,false,5
,I`?M]W~No,3,1303376,,,false,5
,I`?M]W~No,4,1345905,,,false,5
,I`?M]W~No,5,1990959,,,false,5
,I`?M]W~No,6,1400725,,,false,5
,I`?M]W~No,7,1577473,,,false,5
,I`?M]W~No,8,1339899,,,false,5
,I`?M]W~No,9,1316505,,,false,5
,I@KpW~RrW,0,1398909,,,false,5
,I@KpW~RrW,1,1372581,,,false,5
,I@KpW~RrW,2,1382777,,,false,5
,I@KpW~RrW,3,1395277,,,false,5
,I@KpW~RrW,4,1386827,,,false,5
,I@KpW~RrW,5,1389900,,,false,5
,I@KpW~RrW,6,1383336,,,false,5
,I@KpW~RrW,7,1366855,,,false,5
,I@KpW~RrW,8,1644723,,,false,5
,I@KpW~RrW,9,1374258,,,false,5
,I?qahq^Zw,0,1453729,,,false,5
,I?qahq^Zw,1,1443812,,,false,5
,I?qahq^Zw,2,1441787,,,false,5
,I?qahq^Zw,3,1461480,,,false,5
,I?qahq^Zw,4,1452053,,,false,5
,I?qahq^Zw,5,1426214,,,false,5
,I?qahq^Zw,6,1456732,,,false,5
,I?qahq^Zw,7,1447863,,,false,5
,I?qahq^Zw,8,1450097,,,false,5
,I?qahq^Zw,9,1448770,,,false,5
,I`?L[|mVW,0,1382498,,,false,5
,I`?L[|mVW,1,1403867,,,false,5
,I`?L[|mVW,2,1397582,,,false,5
,I`?L[|mVW,3,1389691,,,false,5
,I`?L[|mVW,4,1400306,,,false,5
,I`?L[|mVW,5,1387317,,,false,5
,I`?L[|mVW,6,1394649,,,false,5
,I`?L[|mVW,7,1398490,,,false,5
,I`?L[|mVW,8,1394231,,,false,5
,I`?L[|mVW,9,1387665,,,false,5
,IS`rQo~No,0,1445279,,,false,5
,IS`rQo~No,1,1436270,,,false,5
,IS`rQo~No,2,1571888,,,false,5
,IS`rQo~No,3,2381888,,,false,5
,IS`rQo~No,4,2338801,,,false,5
,IS`rQo~No,5,2274833,,,false,5
,IS`rQo~No,6,1459594,,,false,5
,IS`rQo~No,7,1439063,,,false,5
,IS`rQo~No,8,1457080,,,false,5
,IS`rQo~No,9,1448072,,,false,5
,I`?L[|lVg,0,1436480,,,false,5
,I`?L[|lVg,1,1398420,,,false,5
,I`?L[|lVg,2,1417694,,,false,5
,I`?L[|lVg,3,1401703,,,false,5
,I`?L[|lVg,4,1417415,,,false,5
,I`?L[|lVg,5,1401981,,,false,5
,I`?L[|lVg,6,1394789,,,false,5
,I`?L[|lVg,7,1413923,,,false,5
,I`?L[|lVg,8,1414692,,,false,5
,I`?L[|lVg,9,1421326,,,false,5
,IoSs[\r[w,0,1432359,,,false,6
,IoSs[\r[w,1,1431522,,,false,6
,IoSs[\r[w,2,1436829,,,false,6
,IoSs[\r[w,3,1425446,,,false,6
,IoSs[\r[w,4,1446815,,,false,6
,IoSs[\r[w,5,1430753,,,false,6
,IoSs[\r[w,6,1437038,,,false,6
,IoSs[\r[w,7,1433616,,,false,6
,IoSs[\r[w,8,1456732,,,false,6
,IoSs[\r[w,9,1426214,,,false,6
,I`?G?F~~w,0,1260009,,,false,3
,I`?G?F~~w,1,1271812,,,false,3
,I`?G?F~~w,2,1253655,,,false,3
,I`?G?F~~w,3,1260428,,,false,3
,I`?G?F~~w,4,1247230,,,false,3
,I`?G?F~~w,5,1261057,,,false,3
,I`?G?F~~w,6,1249884,,,false,3
,I`?G?F~~w,7,1251769,,,false,3
,I`?G?F~~w,8,1256937,,,false,3
,I`?G?F~~w,9,1245205,,,false,3
,I???w}vZw,0,1285219,,,false,4
,I???w}vZw,1,1279912,,,false,4
,I???w}vZw,2,1862745,,,false,4
,I???w}vZw,3,1407429,,,false,4
,I???w}vZw,4,1537459,,,false,4
,I???w}vZw,5,1390320,,,false,4
,I???w}vZw,6,1381450,,,false,4
,I???w}vZw,7,1377819,,,false,4
,I???w}vZw,8,1322650,,,false,4
,I???w}vZw,9,1278726,,,false,4
,I??GW]~^o,0,1232146,,,false,5
,I??GW]~^o,1,1239968,,,false,5
,I??GW]~^o,2,1240876,,,false,5
,I??GW]~^o,3,1225721,,,false,5
,I??GW]~^o,4,1228026,,,false,5
,I??GW]~^o,5,1255680,,,false,5
,I??GW]~^o,6,1238850,,,false,5
,I??GW]~^o,7,1224534,,,false,5
,I??GW]~^o,8,1225721,,,false,5
,I??GW]~^o,9,1246462,,,false,5
,IIP@xw{fw,0,1362875,,,false,5
,IIP@xw{fw,1,1351841,,,false,5
,IIP@xw{fw,2,1357149,,,false,5
,IIP@xw{fw,3,1359872,,,false,5
,IIP@xw{fw,4,1350864,,,false,5
,IIP@xw{fw,5,1361757,,,false,5
,IIP@xw{fw,6,1351003,,,false,5
,IIP@xw{fw,7,1372372,,,false,5
,IIP@xw{fw,8,1359872,,,false,5
,IIP@xw{fw,9,1353656,,,false,5
,I`?HpnKrG,0,1176768,,,false,3
,I`?HpnKrG,1,1170692,,,false,3
,I`?HpnKrG,2,1171530,,,false,3
,I`?HpnKrG,3,1167410,,,false,3
,I`?HpnKrG,4,1160637,,,false,3
,I`?HpnKrG,5,1154421,,,false,3
,I`?HpnKrG,6,1183751,,,false,3
,I`?HpnKrG,7,1167270,,,false,3
,I`?HpnKrG,8,1150580,,,false,3
,I`?HpnKrG,9,1151070,,,false,3
,IwCWONbFo,0,1175930,,,false,3
,IwCWONbFo,1,1158052,,,false,3
,IwCWONbFo,2,1177326,,,false,3
,IwCWONbFo,3,1173206,,,false,3
,IwCWONbFo,4,1623145,,,false,3
,IwCWONbFo,5,1978948,,,false,3
,IwCWONbFo,6,1973012,,,false,3
,IwCWONbFo,7,1926154,,,false,3
,IwCWONbFo,8,1338992,,,false,3
,IwCWONbFo,9,1140105,,,false,3
,I`qa`_NBw,0,1292762,,,false,4
,I`qa`_NBw,1,1300444,,,false,4
,I`qa`_NBw,2,1284591,,,false,4
,I`qa`_NBw,3,1279842,,,false,4
,I`qa`_NBw,4,1302888,,,false,4
,I`qa`_NBw,5,1289899,,,false,4
,I`qa`_NBw,6,1285499,,,false,4
,I`qa`_NBw,7,1281239,,,false,4
,I`qa`_NBw,8,1296184,,,false,4
,I`qa`_NBw,9,1284452,,,false,4
,I_GTddMRW,0,1317483,,,false,4
,I_GTddMRW,1,1300164,,,false,4
,I_GTddMRW,2,1308475,,,false,4
,I_GTddMRW,3,1296184,,,false,4
,I_GTddMRW,4,1308055,,,false,4
,I_GTddMRW,5,1303725,,,false,4
,I_GTddMRW,6,1291435,,,false,4
,I_GTddMRW,7,1300933,,,false,4
,I_GTddMRW,8,1321743,,,false,4
,I_GTddMRW,9,1306449,,,false,4
,I_CfClMMW,0,1332846,,,false,3
,I_CfClMMW,1,1338363,,,false,3
,I_CfClMMW,2,1319369,,,false,3
,I_CfClMMW,3,1325793,,,false,3
,I_CfClMMW,4,1333754,,,false,3
,I_CfClMMW,5,1313293,,,false,3
,I_CfClMMW,6,1325025,,,false,3
,I_CfClMMW,7,1333125,,,false,3
,I_CfClMMW,8,1320485,,,false,3
,I_CfClMMW,9,1316505,,,false,3
,IC`PhPHFw,0,1215944,,,false,4
,IC`PhPHFw,1,1228305,,,false,4
,IC`PhPHFw,2,1226630,,,false,4
,IC`PhPHFw,3,1220065,,,false,4
,IC`PhPHFw,4,1224465,,,false,4
,IC`PhPHFw,5,1223138,,,false,4
,IC`PhPHFw,6,1427122,,,false,4
,IC`PhPHFw,7,1635575,,,false,4
,IC`PhPHFw,8,1535573,,,false,4
,IC`PhPHFw,9,1330542,,,false,4
,ICdAHgiFw,0,1267132,,,false,3
,ICdAHgiFw,1,1229772,,,false,3
,ICdAHgiFw,2,1241783,,,false,3
,ICdAHgiFw,3,1235289,,,false,3
,ICdAHgiFw,4,1231518,,,false,3
,ICdAHgiFw,5,1231728,,,false,3
,ICdAHgiFw,6,1250303,,,false,3
,ICdAHgiFw,7,1246951,,,false,3
,ICdAHgiFw,8,1230889,,,false,3
,ICdAHgiFw,9,1232496,,,false,3
,I_COXofxg,0,1259591,,,false,4
,I_COXofxg,1,1237593,,,false,4
,I_COXofxg,2,1224255,,,false,4
,I_COXofxg,3,1238222,,,false,4
,I_COXofxg,4,1229144,,,false,4
,I_COXofxg,5,1235777,,,false,4
,I_COXofxg,6,1233473,,,false,4
,I_COXofxg,7,1235917,,,false,4
,I_COXofxg,8,1240876,,,false,4
,I_COXofxg,9,1239549,,,false,4
,I_COXgjv_,0,1211127,,,false,4
,I_COXgjv_,1,1203235,,,false,4
,I_COXgjv_,2,1275094,,,false,4
,I_COXgjv_,3,1460782,,,false,4
,I_COXgjv_,4,1193109,,,false,4
,I_COXgjv_,5,1214897,,,false,4
,I_COXgjv_,6,1203444,,,false,4
,I_COXgjv_,7,1204771,,,false,4
,I_COXgjv_,8,1203514,,,false,4
,I_COXgjv_,9,1201559,,,false,4
,I??BIu{nG,0,1270066,,,false,3
,I??BIu{nG,1,1266994,,,false,3
,I??BIu{nG,2,1251769,,,false,3
,I??BIu{nG,3,1268250,,,false,3
,I??BIu{nG,4,1258055,,,false,3
,I??BIu{nG,5,1266993,,,false,3
,I??BIu{nG,6,1251559,,,false,3
,I??BIu{nG,7,1269926,,,false,3
,I??BIu{nG,8,1274186,,,false,3
,I??BIu{nG,9,1784321,,,false,3
,I_?@Gs~~?,0,2088447,,,false,3
,I_?@Gs~~?,1,2071338,,,false,3
,I_?@Gs~~?,2,1968403,,,false,3
,I_?@Gs~~?,3,1298698,,,false,3
,I_?@Gs~~?,4,1243250,,,false,3
,I_?@Gs~~?,5,1251210,,,false,3
,I_?@Gs~~?,6,1258333,,,false,3
,I_?@Gs~~?,7,1248069,,,false,3
,I_?@Gs~~?,8,1259241,,,false,3
,I_?@Gs~~?,9,1248627,,,false,3
,I_COXclv_,0,1206168,,,false,4
,I_COXclv_,1,1222858,,,false,4
,I_COXclv_,2,1212313,,,false,4
,I_COXclv_,3,1204911,,,false,4
,I_COXclv_,4,1212732,,,false,4
,I_COXclv_,5,1200302,,,false,4
,I_COXclv_,6,1213990,,,false,4
,I_COXclv_,7,1207215,,,false,4
,I_COXclv_,8,1219296,,,false,4
,I_COXclv_,9,1209450,,,false,4
,I??GW^x|_,0,1256029,,,false,4
,I??GW^x|_,1,1239967,,,false,4
,I??GW^x|_,2,1231238,,,false,4
,I??GW^x|_,3,1238851,,,false,4
,I??GW^x|_,4,1239199,,,false,4
,I??GW^x|_,5,1238990,,,false,4
,I??GW^x|_,6,1228794,,,false,4
,I??GW^x|_,7,1234730,,,false,4
,I??GW^x|_,8,1229423,,,false,4
,I??GW^x|_,9,1238920,,,false,4
,I??E\X]NO,0,1282497,,,false,4
,I??E\X]NO,1,1269297,,,false,4
,I??E\X]NO,2,1257216,,,false,4
,I??E\X]NO,3,1274466,,,false,4
,I??E\X]NO,4,1267761,,,false,4
,I??E\X]NO,5,1263292,,,false,4
,I??E\X]NO,6,1273279,,,false,4
,I??E\X]NO,7,1274186,,,false,4
,I??E\X]NO,8,1275024,,,false,4
,I??E\X]NO,9,1262454,,,false,4
,I``H?cNBw,0,1133332,,,false,3
,I``H?cNBw,1,1122717,,,false,3
,I``H?cNBw,2,1118667,,,false,3
,I``H?cNBw,3,1514484,,,false,3
,I``H?cNBw,4,1185706,,,false,3
,I``H?cNBw,5,1179143,,,false,3
,I``H?cNBw,6,1179143,,,false,3
,I``H?cNBw,7,1136334,,,false,3
,I``H?cNBw,8,1114965,,,false,3
,I``H?cNBw,9,1113080,,,false,3
,I?CWo]dWw,0,1207983,,,false,3
,I?CWo]dWw,1,1193248,,,false,3
,I?CWo]dWw,2,1182005,,,false,3
,I?CWo]dWw,3,1200791,,,false,3
,I?CWo]dWw,4,1197090,,,false,3
,I?CWo]dWw,5,1206377,,,false,3
,I?CWo]dWw,6,1191084,,,false,3
,I?CWo]dWw,7,1188221,,,false,3
,I?CWo]dWw,8,1200372,,,false,3
,I?CWo]dWw,9,1350445,,,false,3
,I`iRA_NBw,0,1303167,,,false,5
,I`iRA_NBw,1,1318041,,,false,5
,I`iRA_NBw,2,1305542,,,false,5
,I`iRA_NBw,3,1314689,,,false,5
,I`iRA_NBw,4,1319927,,,false,5
,I`iRA_NBw,5,1313782,,,false,5
,I`iRA_NBw,6,1311827,,,false,5
,I`iRA_NBw,7,1314131,,,false,5
,I`iRA_NBw,8,1322791,,,false,5
,I`iRA_NBw,9,1455056,,,false,5
,I`?LSleUW,0,1315737,,,false,4
,I`?LSleUW,1,1321813,,,false,4
,I`?LSleUW,2,1299326,,,false,4
,I`?LSleUW,3,1317623,,,false,4
,I`?LSleUW,4,1322791,,,false,4
,I`?LSleUW,5,1296882,,,false,4
,I`?LSleUW,6,1312735,,,false,4
,I`?LSleUW,7,1310849,,,false,4
,I`?LSleUW,8,1316785,,,false,4
,I`?LSleUW,9,1304354,,,false,4
,IC`PX`HFw,0,1283753,,,false,4
,IC`PX`HFw,1,1266155,,,false,4
,IC`PX`HFw,2,1263571,,,false,4
,IC`PX`HFw,3,1261965,,,false,4
,IC`PX`HFw,4,1285080,,,false,4
,IC`PX`HFw,5,1492765,,,false,4
,IC`PX`HFw,6,2101226,,,false,4
,IC`PX`HFw,7,2073014,,,false,4
,IC`PX`HFw,8,2043614,,,false,4
,IC`PX`HFw,9,1466717,,,false,4
,Is_BjX[N?,0,1302957,,,false,4
,Is_BjX[N?,1,1325724,,,false,4
,Is_BjX[N?,2,1307567,,,false,4
,Is_BjX[N?,3,1306100,,,false,4
,Is_BjX[N?,4,1332776,,,false,4
,Is_BjX[N?,5,1324117,,,false,4
,Is_BjX[N?,6,1310081,,,false,4
,Is_BjX[N?,7,1335151,,,false,4
,Is_BjX[N?,8,1321324,,,false,4
,Is_BjX[N?,9,1309173,,,false,4
,I??E\X\N_,0,1290806,,,false,4
,I??E\X\N_,1,1272999,,,false,4
,I??E\X\N_,2,1286547,,,false,4
,I??E\X\N_,3,1275443,,,false,4
,I??E\X\N_,4,1288642,,,false,4
,I??E\X\N_,5,1280751,,,false,4
,I??E\X\N_,6,1286128,,,false,4
,I??E\X\N_,7,1293530,,,false,4
,I??E\X\N_,8,1265876,,,false,4
,I??E\X\N_,9,1279424,,,false,4
,I_GTd`NRo,0,1316575,,,false,4
,I_GTd`NRo,1,1299466,,,false,4
,I_GTd`NRo,2,1307078,,,false,4
,I_GTd`NRo,3,1308684,,,false,4
,I_GTd`NRo,4,1301002,,,false,4
,I_GTd`NRo,5,1307078,,,false,4
,I_GTd`NRo,6,1308475,,,false,4
,I_GTd`NRo,7,1317064,,,false,4
,I_GTd`NRo,8,1308963,,,false,4
,I_GTd`NRo,9,1305262,,,false,4
,I?XPc]M[W,0,1381800,,,false,5
,I?XPc]M[W,1,1372023,,,false,5
,I?XPc]M[W,2,1363992,,,false,5
,I?XPc]M[W,3,1361408,,,false,5
,I?XPc]M[W,4,1349537,,,false,5
,I?XPc]M[W,5,1385571,,,false,5
,I?XPc]M[W,6,1372094,,,false,5
,I?XPc]M[W,7,2263800,,,false,5
,I?XPc]M[W,8,2233982,,,false,5
,I?XPc]M[W,9,1914981,,,false,5
,I???E}}^_,0,1335500,,,false,3
,I???E}}^_,1,1306799,,,false,3
,I???E}}^_,2,1313014,,,false,3
,I???E}}^_,3,1296114,,,false,3
,I???E}}^_,4,1296952,,,false,3
,I???E}}^_,5,1292344,,,false,3
,I???E}}^_,6,1308405,,,false,3
,I???E}}^_,7,1294228,,,false,3
,I???E}}^_,8,1289410,,,false,3
,I???E}}^_,9,1386479,,,false,3
,I???CtVJw,0,1213082,,,false,3
,I???CtVJw,1,1151698,,,false,3
,I???CtVJw,2,1131516,,,false,3
,I???CtVJw,3,1151070,,,false,3
,I???CtVJw,4,1132075,,,false,3
,I???CtVJw,5,1132284,,,false,3
,I???CtVJw,6,1133122,,,false,3
,I???CtVJw,7,1141921,,,false,3
,I???CtVJw,8,1137312,,,false,3
,I???CtVJw,9,1139687,,,false,3
,I????B~~o,0,1188710,,,false,2
,I????B~~o,1,1208892,,,false,2
,I????B~~o,2,1189967,,,false,2
,I????B~~o,3,1187103,,,false,2
,I????B~~o,4,1192062,,,false,2
,I????B~~o,5,1293111,,,false,2
,I????B~~o,6,1263013,,,false,2
,I????B~~o,7,1195553,,,false,2
,I????B~~o,8,1172019,,,false,2
,I????B~~o,9,1192341,,,false,2
,IsPH@CYDO,0,1136195,,,false,3
,IsPH@CYDO,1,1136265,,,false,3
,IsPH@CYDO,2,1130259,,,false,3
,IsPH@CYDO,3,1149184,,,false,3
,IsPH@CYDO,4,1142550,,,false,3
,IsPH@CYDO,5,1143457,,,false,3
,IsPH@CYDO,6,1138639,,,false,3
,IsPH@CYDO,7,1132983,,,false,3
,IsPH@CYDO,8,1143318,,,false,3
,IsPH@CYDO,9,1143737,,,false,3
,Is?AXW[[?,0,1162522,,,false,3
,Is?AXW[[?,1,1651429,,,false,3
,Is?AXW[[?,2,1923151,,,false,3
,Is?AXW[[?,3,1913305,,,false,3
,Is?AXW[[?,4,1871265,,,false,3
,Is?AXW[[?,5,1306171,,,false,3
,Is?AXW[[?,6,1176559,,,false,3
,Is?AXW[[?,7,1148206,,,false,3
,Is?AXW[[?,8,1172928,,,false,3
,Is?AXW[[?,9,1157844,,,false,3
,I??EdPMLO,0,1137592,,,false,3
,I??EdPMLO,1,1126558,,,false,3
,I??EdPMLO,2,1136125,,,false,3
,I??EdPMLO,3,1120971,,,false,3
,I??EdPMLO,4,1142131,,,false,3
,I??EdPMLO,5,1123345,,,false,3
,I??EdPMLO,6,1125860,,,false,3
,I??EdPMLO,7,1131097,,,false,3
,I??EdPMLO,8,1135986,,,false,3
,I??EdPMLO,9,1125790,,,false,3
,I??@pjKr?,0,1129700,,,false,3
,I??@pjKr?,1,1129560,,,false,3
,I??@pjKr?,2,1126208,,,false,3
,I??@pjKr?,3,1118108,,,false,3
,I??@pjKr?,4,1124393,,,false,3
,I??@pjKr?,5,1133052,,,false,3
,I??@pjKr?,6,1116921,,,false,3
,I??@pjKr?,7,1137871,,,false,3
,I??@pjKr?,8,1126139,,,false,3
,I??@pjKr?,9,1123346,,,false,3
,I??FF?]FO,0,1103583,,,false,2
,I??FF?]FO,1,1101906,,,false,2
,I??FF?]FO,2,1096808,,,false,2
,I??FF?]FO,3,1106934,,,false,2
,I??FF?]FO,4,1105328,,,false,2
,I??FF?]FO,5,1115524,,,false,2
,I??FF?]FO,6,1104420,,,false,2
,I??FF?]FO,7,1105817,,,false,2
,I??FF?]FO,8,1106795,,,false,2
,I??FF?]FO,9,1100580,,,false,2
,IGD@G_H`w,0,1032073,,,false,2
,IGD@G_H`w,1,1021598,,,false,2
,IGD@G_H`w,2,1026486,,,false,2
,IGD@G_H`w,3,1024601,,,false,2
,IGD@G_H`w,4,1017547,,,false,2
,IGD@G_H`w,5,1034796,,,false,2
,IGD@G_H`w,6,1029908,,,false,2
,IGD@G_H`w,7,1034098,,,false,2
,IGD@G_H`w,8,1023483,,,false,2
,IGD@G_H`w,9,1025857,,,false,2
,I??G[``@w,0,1341646,,,false,2
,I??G[``@w,1,1097368,,,false,2
,I??G[``@w,2,1201070,,,false,2
,I??G[``@w,3,1033679,,,false,2
,I??G[``@w,4,1024181,,,false,2
,I??G[``@w,5,985983,,,false,2
,I??G[``@w,6,998273,,,false,2
,I??G[``@w,7,992756,,,false,2
,I??G[``@w,8,980745,,,false,2
,I??G[``@w,9,986541,,,false,2
,I_?__QF]G,0,1084238,,,false,2
,I_?__QF]G,1,1092339,,,false,2
,I_?__QF]G,2,1088359,,,false,2
,I_?__QF]G,3,1084239,,,false,2
,I_?__QF]G,4,1078861,,,false,2
,I_?__QF]G,5,1084309,,,false,2
,I_?__QF]G,6,1089267,,,false,2
,I_?__QF]G,7,1083052,,,false,2
,I_?__QF]G,8,1093876,,,false,2
,I_?__QF]G,9,1090873,,,false,2
,I?`@?_NBo,0,1212523,,,false,2
,I?`@?_NBo,1,1073624,,,false,2
,I?`@?_NBo,2,1045272,,,false,2
,I?`@?_NBo,3,1035495,,,false,2
,I?`@?_NBo,4,1037659,,,false,2
,I?`@?_NBo,5,1026556,,,false,2
,I?`@?_NBo,6,1023692,,,false,2
,I?`@?_NBo,7,1036542,,,false,2
,I?`@?_NBo,8,1028931,,,false,2
,I?`@?_NBo,9,1029349,,,false,2
,I??CPKUQW,0,1053791,,,false,3
,I??CPKUQW,1,1167271,,,false,3
,I??CPKUQW,2,1172927,,,false,3
,I??CPKUQW,3,1056096,,,false,3
,I??CPKUQW,4,1053303,,,false,3
,I??CPKUQW,5,1050928,,,false,3
,I??CPKUQW,6,1051347,,,false,3
,I??CPKUQW,7,1047576,,,false,3
,I??CPKUQW,8,1040313,,,false,3
,I??CPKUQW,9,1049531,,,false,3
,IskAJLUN?,0,1299187,,,false,4
,IskAJLUN?,1,1321463,,,false,4
,IskAJLUN?,2,1309662,,,false,4
,IskAJLUN?,3,1294508,,,false,4
,IskAJLUN?,4,1286617,,,false,4
,IskAJLUN?,5,1304285,,,false,4
,IskAJLUN?,6,1314620,,,false,4
,IskAJLUN?,7,1297092,,,false,4
,IskAJLUN?,8,1699683,,,false,4
,IskAJLUN?,9,1861767,,,false,4
,I{cBIkkFG,0,1363294,,,false,4
,I{cBIkkFG,1,1353867,,,false,4
,I{cBIkkFG,2,1288502,,,false,4
,I{cBIkkFG,3,1301841,,,false,4
,I{cBIkkFG,4,1292902,,,false,4
,I{cBIkkFG,5,1302050,,,false,4
,I{cBIkkFG,6,1286617,,,false,4
,I{cBIkkFG,7,1291715,,,false,4
,I{cBIkkFG,8,1294647,,,false,4
,I{cBIkkFG,9,1290597,,,false,4
,IIISYgj}?,0,1538437,,,false,4
,IIISYgj}?,1,1333824,,,false,4
,IIISYgj}?,2,1335640,,,false,4
,IIISYgj}?,3,1311338,,,false,4
,IIISYgj}?,4,1335920,,,false,4
,IIISYgj}?,5,1321324,,,false,4
,IIISYgj}?,6,1317413,,,false,4
,IIISYgj}?,7,1319229,,,false,4
,IIISYgj}?,8,1313294,,,false,4
,IIISYgj}?,9,1326422,,,false,4
,IHQKjOV}?,0,1334103,,,false,4
,IHQKjOV}?,1,1315598,,,false,4
,IHQKjOV}?,2,1343950,,,false,4
,IHQKjOV}?,3,1333824,,,false,4
,IHQKjOV}?,4,1541510,,,false,4
,IHQKjOV}?,5,1364341,,,false,4
,IHQKjOV}?,6,1333335,,,false,4
,IHQKjOV}?,7,1323210,,,false,4
,IHQKjOV}?,8,1323769,,,false,4
,IHQKjOV}?,9,1320835,,,false,4
,I}mBIkmFW,0,1417137,,,false,6
,I}mBIkmFW,1,1417695,,,false,6
,I}mBIkmFW,2,1407220,,,false,6
,I}mBIkmFW,3,1410432,,,false,6
,I}mBIkmFW,4,1405753,,,false,6
,I}mBIkmFW,5,1422932,,,false,6
,I}mBIkmFW,6,1431033,,,false,6
,I}mBIkmFW,7,1428030,,,false,6
,I}mBIkmFW,8,2235727,,,false,6
,I}mBIkmFW,9,1973641,,,false,6
,I@hisny|W,0,1629151,,,false,6
,I@hisny|W,1,1549052,,,false,6
,I@hisny|W,2,1523563,,,false,6
,I@hisny|W,3,1526985,,,false,6
,I@hisny|W,4,1519303,,,false,6
,I@hisny|W,5,1519163,,,false,6
,I@hisny|W,6,1531034,,,false,6
,I@hisny|W,7,1517837,,,false,6
,I@hisny|W,8,1844798,,,false,6
,I@hisny|W,9,1531523,,,false,6
,I??OQ?``g,0,911121,,,false,1
,I??OQ?``g,1,955535,,,false,1
,I??OQ?``g,2,1167131,,,false,1
,I??OQ?``g,3,895408,,,false,1
,I??OQ?``g,4,925646,,,false,1
,I??OQ?``g,5,900226,,,false,1
,I??OQ?``g,6,892475,,,false,1
,I??OQ?``g,7,1173905,,,false,1
,I??OQ?``g,8,902811,,,false,1
,I??OQ?``g,9,919780,,,false,1
,Is?HGtcU?,0,1154841,,,false,4
,Is?HGtcU?,1,1162802,,,false,4
,Is?HGtcU?,2,1159869,,,false,4
,Is?HGtcU?,3,1152467,,,false,4
,Is?HGtcU?,4,1146460,,,false,4
,Is?HGtcU?,5,1164058,,,false,4
,Is?HGtcU?,6,1444930,,,false,4
,Is?HGtcU?,7,1133750,,,false,4
,Is?HGtcU?,8,1160148,,,false,4
,Is?HGtcU?,9,1160846,,,false,4
,Is?@WxcU?,0,1182635,,,false,4
,Is?@WxcU?,1,1171810,,,false,4
,Is?@WxcU?,2,1166852,,,false,4
,Is?@WxcU?,3,1171321,,,false,4
,Is?@WxcU?,4,1173766,,,false,4
,Is?@WxcU?,5,1167271,,,false,4
,Is?@WxcU?,6,1188152,,,false,4
,Is?@WxcU?,7,1168528,,,false,4
,Is?@WxcU?,8,1168598,,,false,4
,Is?@WxcU?,9,1179352,,,false,4
,I@QLQlSiG,0,1304983,,,false,4
,I@QLQlSiG,1,1702826,,,false,4
,I@QLQlSiG,2,2134329,,,false,4
,I@QLQlSiG,3,2090194,,,false,4
,I@QLQlSiG,4,2044522,,,false,4
,I@QLQlSiG,5,1348420,,,false,4
,I@QLQlSiG,6,1280332,,,false,4
,I@QLQlSiG,7,1301980,,,false,4
,I@QLQlSiG,8,1287106,,,false,4
,I@QLQlSiG,9,1290667,,,false,4
,I~rH`cNBw,0,1345416,,,false,5
,I~rH`cNBw,1,1336548,,,false,5
,I~rH`cNBw,2,1327539,,,false,5
,I~rH`cNBw,3,1348489,,,false,5
,I~rH`cNBw,4,1323838,,,false,5
,I~rH`cNBw,5,1333126,,,false,5
,I~rH`cNBw,6,1337805,,,false,5
,I~rH`cNBw,7,1318391,,,false,5
,I~rH`cNBw,8,1328657,,,false,5
,I~rH`cNBw,9,1340389,,,false,5
,Is`b?{]]?,0,1320975,,,false,5
,Is`b?{]]?,1,1339341,,,false,5
,Is`b?{]]?,2,1337525,,,false,5
,Is`b?{]]?,3,1326003,,,false,5
,Is`b?{]]?,4,1315388,,,false,5
,Is`b?{]]?,5,1338364,,,false,5
,Is`b?{]]?,6,1322162,,,false,5
,Is`b?{]]?,7,1330752,,,false,5
,Is`b?{]]?,8,1352401,,,false,5
,Is`b?{]]?,9,1330961,,,false,5
,Is?WaSiX?,0,1198696,,,false,4
,Is?WaSiX?,1,1202887,,,false,4
,Is?WaSiX?,2,1195484,,,false,4
,Is?WaSiX?,3,1185288,,,false,4
,Is?WaSiX?,4,1182775,,,false,4
,Is?WaSiX?,5,1182564,,,false,4
,Is?WaSiX?,6,1208961,,,false,4
,Is?WaSiX?,7,1197858,,,false,4
,Is?WaSiX?,8,1185358,,,false,4
,Is?WaSiX?,9,1186056,,,false,4
,Is?WpDHX?,0,1187592,,,false,4
,Is?WpDHX?,1,1193039,,,false,4
,Is?WpDHX?,2,1187802,,,false,4
,Is?WpDHX?,3,1315878,,,false,4
,Is?WpDHX?,4,1876013,,,false,4
,Is?WpDHX?,5,1389622,,,false,4
,Is?WpDHX?,6,1249325,,,false,4
,Is?WpDHX?,7,1255401,,,false,4
,Is?WpDHX?,8,1165526,,,false,4
,Is?WpDHX?,9,1201559,,,false,4
,Iv{?GLFHo,0,1187802,,,false,4
,Iv{?GLFHo,1,1170204,,,false,4
,Iv{?GLFHo,2,1164058,,,false,4
,Iv{?GLFHo,3,1162103,,,false,4
,Iv{?GLFHo,4,1179073,,,false,4
,Iv{?GLFHo,5,1164757,,,false,4
,Iv{?GLFHo,6,1174813,,,false,4
,Iv{?GLFHo,7,1167061,,,false,4
,Iv{?GLFHo,8,1167132,,,false,4
,Iv{?GLFHo,9,1160148,,,false,4
,I}z\bcnFw,0,1650032,,,false,6
,I}z\bcnFw,1,1722729,,,false,6
,I}z\bcnFw,2,1533689,,,false,6
,I}z\bcnFw,3,1837256,,,false,6
,I}z\bcnFw,4,1558549,,,false,6
,I}z\bcnFw,5,1763581,,,false,6
,I}z\bcnFw,6,1528870,,,false,6
,I}z\bcnFw,7,1508828,,,false,6
,I}z\bcnFw,8,1673985,,,false,6
,I}z\bcnFw,9,1668886,,,false,6
,I}nnnp^Nw,0,1605408,,,false,7
,I}nnnp^Nw,1,1596679,,,false,7
,I}nnnp^Nw,2,1596889,,,false,7
,I}nnnp^Nw,3,1585575,,,false,7
,I}nnnp^Nw,4,1611484,,,false,7
,I}nnnp^Nw,5,1580617,,,false,7
,I}nnnp^Nw,6,1598983,,,false,7
,I}nnnp^Nw,7,1605129,,,false,7
,I}nnnp^Nw,8,1594653,,,false,7
,I}nnnp^Nw,9,1607503,,,false,7
,I?deLStUg,0,1354077,,,false,4
,I?deLStUg,1,1944241,,,false,4
,I?deLStUg,2,2189357,,,false,4
,I?deLStUg,3,2199483,,,false,4
,I?deLStUg,4,1891796,,,false,4
,I?deLStUg,5,1350794,,,false,4
,I?deLStUg,6,1350305,,,false,4
,I?deLStUg,7,1352820,,,false,4
,I?deLStUg,8,1336059,,,false,4
,I?deLStUg,9,1359453,,,false,4
,ISP@OmeUW,0,1297650,,,false,4
,ISP@OmeUW,1,1291854,,,false,4
,ISP@OmeUW,2,1293252,,,false,4
,ISP@OmeUW,3,1304285,,,false,4
,ISP@OmeUW,4,1286897,,,false,4
,ISP@OmeUW,5,1290039,,,false,4
,ISP@OmeUW,6,1296114,,,false,4
,ISP@OmeUW,7,1286826,,,false,4
,ISP@OmeUW,8,1292763,,,false,4
,ISP@OmeUW,9,1289829,,,false,4
,Is@?xOXX?,0,1147857,,,false,3
,Is@?xOXX?,1,1126698,,,false,3
,Is@?xOXX?,2,1134798,,,false,3
,Is@?xOXX?,3,1151977,,,false,3
,Is@?xOXX?,4,1130189,,,false,3
,Is@?xOXX?,5,1128025,,,false,3
,Is@?xOXX?,6,1135008,,,false,3
,Is@?xOXX?,7,1139547,,,false,3
,Is@?xOXX?,8,1134170,,,false,3
,Is@?xOXX?,9,1127256,,,false,3
,It?IQKWHG,0,1129002,,,false,3
,It?IQKWHG,1,1113708,,,false,3
,It?IQKWHG,2,1114965,,,false,3
,It?IQKWHG,3,1122159,,,false,3
,It?IQKWHG,4,1129840,,,false,3
,It?IQKWHG,5,1122437,,,false,3
,It?IQKWHG,6,1117130,,,false,3
,It?IQKWHG,7,1126209,,,false,3
,It?IQKWHG,8,1120273,,,false,3
,It?IQKWHG,9,1118527,,,false,3
,IkGHWn\{o,0,1456313,,,false,4
,IkGHWn\{o,1,1443463,,,false,4
,IkGHWn\{o,2,1441438,,,false,4
,IkGHWn\{o,3,1435084,,,false,4
,IkGHWn\{o,4,1674194,,,false,4
,IkGHWn\{o,5,2361567,,,false,4
,IkGHWn\{o,6,2338522,,,false,4
,IkGHWn\{o,7,1611972,,,false,4
,IkGHWn\{o,8,1481872,,,false,4
,IkGHWn\{o,9,1426145,,,false,4
,Ir?MHqnVo,0,1430125,,,false,5
,Ir?MHqnVo,1,1425167,,,false,5
,Ir?MHqnVo,2,1421955,,,false,5
,Ir?MHqnVo,3,1440530,,,false,5
,Ir?MHqnVo,4,1419789,,,false,5
,Ir?MHqnVo,5,1445698,,,false,5
,Ir?MHqnVo,6,1419371,,,false,5
,Ir?MHqnVo,7,1589905,,,false,5
,Ir?MHqnVo,8,1420139,,,false,5
,Ir?MHqnVo,9,1438295,,,false,5
,Io?Y`QF]?,0,1369580,,,false,4
,Io?Y`QF]?,1,1212872,,,false,4
,Io?Y`QF]?,2,1283195,,,false,4
,Io?Y`QF]?,3,1301003,,,false,4
,Io?Y`QF]?,4,1231029,,,false,4
,Io?Y`QF]?,5,1222439,,,false,4
,Io?Y`QF]?,6,1229284,,,false,4
,Io?Y`QF]?,7,1222509,,,false,4
,Io?Y`QF]?,8,1220833,,,false,4
,Io?Y`QF]?,9,1215946,,,false,4
,I`?N~bLNW,0,1470210,,,false,4
,I`?N~bLNW,1,1405963,,,false,4
,I`?N~bLNW,2,1381870,,,false,4
,I`?N~bLNW,3,1359593,,,false,4
,I`?N~bLNW,4,1372164,,,false,4
,I`?N~bLNW,5,1374119,,,false,4
,I`?N~bLNW,6,1363574,,,false,4
,I`?N~bLNW,7,1372932,,,false,4
,I`?N~bLNW,8,1362386,,,false,4
,I`?N~bLNW,9,1372372,,,false,4
,IwDX}yy~w,0,1559737,,,false,6
,IwDX}yy~w,1,1535994,,,false,6
,IwDX}yy~w,2,1562320,,,false,6
,IwDX}yy~w,3,2021687,,,false,6
,IwDX}yy~w,4,2560175,,,false,6
,IwDX}yy~w,5,2534686,,,false,6
,IwDX}yy~w,6,1958906,,,false,6
,IwDX}yy~w,7,1545560,,,false,6
,IwDX}yy~w,8,1556664,,,false,6
,IwDX}yy~w,9,1558270,,,false,6
,I{dbG{^~w,0,1478381,,,false,5
,I{dbG{^~w,1,1469092,,,false,5
,I{dbG{^~w,2,1481313,,,false,5
,I{dbG{^~w,3,1472654,,,false,5
,I{dbG{^~w,4,1479149,,,false,5
,I{dbG{^~w,5,1474539,,,false,5
,I{dbG{^~w,6,1487109,,,false,5
,I{dbG{^~w,7,1474190,,,false,5
,I{dbG{^~w,8,1487319,,,false,5
,I{dbG{^~w,9,1478590,,,false,5
,I~?G[|m~w,0,1447793,,,false,5
,I~?G[|m~w,1,1456313,,,false,5
,I~?G[|m~w,2,1433547,,,false,5
,I~?G[|m~w,3,1447793,,,false,5
,I~?G[|m~w,4,1443673,,,false,5
,I~?G[|m~w,5,1452472,,,false,5
,I~?G[|m~w,6,1448841,,,false,5
,I~?G[|m~w,7,1444511,,,false,5
,I~?G[|m~w,8,1456522,,,false,5
,I~?G[|m~w,9,1445140,,,false,5
,I}lah[^~w,0,1555547,,,false,6
,I}lah[^~w,1,1577614,,,false,6
,I}lah[^~w,2,1564136,,,false,6
,I}lah[^~w,3,1562809,,,false,6
,I}lah[^~w,4,1560435,,,false,6
,I}lah[^~w,5,1563228,,,false,6
,I}lah[^~w,6,1565603,,,false,6
,I}lah[^~w,7,1570840,,,false,6
,I}lah[^~w,8,1554639,,,false,6
,I}lah[^~w,9,2100879,,,false,6
,IwC^?~{~w,0,2269177,,,false,5
,IwC^?~{~w,1,1529499,,,false,5
,IwC^?~{~w,2,1473771,,,false,5
,IwC^?~{~w,3,1395558,,,false,5
,IwC^?~{~w,4,1412597,,,false,5
,IwC^?~{~w,5,1401004,,,false,5
,IwC^?~{~w,6,1413015,,,false,5
,IwC^?~{~w,7,1401633,,,false,5
,IwC^?~{~w,8,1412178,,,false,5
,IwC^?~{~w,9,1416438,,,false,5
,I`o~f~~~w,0,1608899,,,false,6
,I`o~f~~~w,1,1643188,,,false,6
,I`o~f~~~w,2,1569444,,,false,6
,I`o~f~~~w,3,1530546,,,false,6
,I`o~f~~~w,4,1715396,,,false,6
,I`o~f~~~w,5,1662602,,,false,6
,I`o~f~~~w,6,1611274,,,false,6
,I`o~f~~~w,7,1554011,,,false,6
,I`o~f~~~w,8,1541370,,,false,6
,I`o~f~~~w,9,1531664,,,false,6
,I?GTbHWb?,0,1150720,,,false,4
,I?GTbHWb?,1,1150231,,,false,4
,I?GTbHWb?,2,1239618,,,false,4
,I?GTbHWb?,3,1270415,,,false,4
,I?GTbHWb?,4,1160218,,,false,4
,I?GTbHWb?,5,1160358,,,false,4
,I?GTbHWb?,6,1151908,,,false,4
,I?GTbHWb?,7,1148136,,,false,4
,I?GTbHWb?,8,1161405,,,false,4
,I?GTbHWb?,9,1157564,,,false,4
,IQiiqk~~w,0,1541370,,,false,4
,IQiiqk~~w,1,1530197,,,false,4
,IQiiqk~~w,2,1543255,,,false,4
,IQiiqk~~w,3,1535504,,,false,4
,IQiiqk~~w,4,1548843,,,false,4
,IQiiqk~~w,5,1526985,,,false,4
,IQiiqk~~w,6,1555477,,,false,4
,IQiiqk~~w,7,2482520,,,false,4
,IQiiqk~~w,8,2508568,,,false,4
,IQiiqk~~w,9,2444809,,,false,4
,It{?ILFL_,0,1290038,,,false,4
,It{?ILFL_,1,1203934,,,false,4
,It{?ILFL_,2,1221811,,,false,4
,It{?ILFL_,3,1218459,,,false,4
,It{?ILFL_,4,1240178,,,false,4
,It{?ILFL_,5,1204981,,,false,4
,It{?ILFL_,6,1216923,,,false,4
,It{?ILFL_,7,1217621,,,false,4
,It{?ILFL_,8,1216434,,,false,4
,It{?ILFL_,9,1221462,,,false,4
,I_?BSgcEG,0,1042758,,,false,3
,I_?BSgcEG,1,1033470,,,false,3
,I_?BSgcEG,2,1033330,,,false,3
,I_?BSgcEG,3,1042339,,,false,3
,I_?BSgcEG,4,1042688,,,false,3
,I_?BSgcEG,5,1035983,,,false,3
,I_?BSgcEG,6,1040453,,,false,3
,I_?BSgcEG,7,1039056,,,false,3
,I_?BSgcEG,8,1046249,,,false,3
,I_?BSgcEG,9,1030815,,,false,3
,I}hX~~~~w,0,1619025,,,false,7
,I}hX~~~~w,1,1609807,,,false,7
,I}hX~~~~w,2,1601078,,,false,7
,I}hX~~~~w,3,1615883,,,false,7
,I}hX~~~~w,4,1596050,,,false,7
,I}hX~~~~w,5,1631176,,,false,7
,I}hX~~~~w,6,1619375,,,false,7
,I}hX~~~~w,7,1602754,,,false,7
,I}hX~~~~w,8,1616023,,,false,7
,I}hX~~~~w,9,1617908,,,false,7
,I?AKagjX_,0,1216922,,,false,4
,I?AKagjX_,1,1215037,,,false,4
,I?AKagjX_,2,1218180,,,false,4
,I?AKagjX_,3,1220764,,,false,4
,I?AKagjX_,4,1218180,,,false,4
,I?AKagjX_,5,1201210,,,false,4
,I?AKagjX_,6,1199464,,,false,4
,I?AKagjX_,7,1194506,,,false,4
,I?AKagjX_,8,1228236,,,false,4
,I?AKagjX_,9,2042358,,,false,4
,IrrH`enVo,0,1645283,,,false,5
,IrrH`enVo,1,1520839,,,false,5
,IrrH`enVo,2,1438226,,,false,5
,IrrH`enVo,3,1450447,,,false,5
,IrrH`enVo,4,1423142,,,false,5
,IrrH`enVo,5,1441997,,,false,5
,IrrH`enVo,6,1421187,,,false,5
,IrrH`enVo,7,1422374,,,false,5
,IrrH`enVo,8,1425376,,,false,5
,IrrH`enVo,9,1407011,,,false,5
,I??G`TEdW,0,1380403,,,false,3
,I??G`TEdW,1,1096181,,,false,3
,I??G`TEdW,2,1126628,,,false,3
,I??G`TEdW,3,1111823,,,false,3
,I??G`TEdW,4,1356730,,,false,3
,I??G`TEdW,5,1097507,,,false,3
,I??G`TEdW,6,1235149,,,false,3
,I??G`TEdW,7,1233194,,,false,3
,I??G`TEdW,8,1122857,,,false,3
,I??G`TEdW,9,1110915,,,false,3
,I??GaGaeG,0,952044,,,false,2
,I??GaGaeG,1,943594,,,false,2
,I??GaGaeG,2,935702,,,false,2
,I??GaGaeG,3,933747,,,false,2
,I??GaGaeG,4,944432,,,false,2
,I??GaGaeG,5,944222,,,false,2
,I??GaGaeG,6,1085705,,,false,2
,I??GaGaeG,7,992826,,,false,2
,I??GaGaeG,8,946107,,,false,2
,I??GaGaeG,9,940940,,,false,2
,I??Gagjxg,0,1228864,,,false,3
,I??Gagjxg,1,1222161,,,false,3
,I??Gagjxg,2,1229423,,,false,3
,I??Gagjxg,3,1221253,,,false,3
,I??Gagjxg,4,1230401,,,false,3
,I??Gagjxg,5,1234172,,,false,3
,I??Gagjxg,6,1231448,,,false,3
,I??Gagjxg,7,1214548,,,false,3
,I??Gagjxg,8,1220694,,,false,3
,I??Gagjxg,9,1233124,,,false,3
,I??GhtFig,0,1249675,,,false,4
,I??GhtFig,1,1219716,,,false,4
,I??GhtFig,2,1222579,,,false,4
,I??GhtFig,3,1810300,,,false,4
,I??GhtFig,4,2007161,,,false,4
,I??GhtFig,5,2005625,,,false,4
,I??GhtFig,6,1934674,,,false,4
,I??GhtFig,7,1232077,,,false,4
,I??GhtFig,8,1232147,,,false,4
,I??GhtFig,9,1227398,,,false,4
,I??GiK|yg,0,1291785,,,false,4
,I??GiK|yg,1,1288921,,,false,4
,I??GiK|yg,2,1300933,,,false,4
,I??GiK|yg,3,1286616,,,false,4
,I??GiK|yg,4,1278865,,,false,4
,I??GiK|yg,5,1297022,,,false,4
,I??GiK|yg,6,1281310,,,false,4
,I??GiK|yg,7,1282427,,,false,4
,I??GiK|yg,8,1289969,,,false,4
,I??GiK|yg,9,1280751,,,false,4
,I??GiyiHw,0,1222999,,,false,4
,I??GiyiHw,1,1212034,,,false,4
,I??GiyiHw,2,1238292,,,false,4
,I??GiyiHw,3,1220694,,,false,4
,I??GiyiHw,4,1222021,,,false,4
,I??GiyiHw,5,1213152,,,false,4
,I??GiyiHw,6,1221742,,,false,4
,I??GiyiHw,7,1223068,,,false,4
,I??GiyiHw,8,1216364,,,false,4
,I??GiyiHw,9,1216853,,,false,4
,I??Gqk|jw,0,1329983,,,false,4
,I??Gqk|jw,1,1307497,,,false,4
,I??Gqk|jw,2,1324048,,,false,4
,I??Gqk|jw,3,1304145,,,false,4
,I??Gqk|jw,4,1337246,,,false,4
,I??Gqk|jw,5,1293880,,,false,4
,I??Gqk|jw,6,1313992,,,false,4
,I??Gqk|jw,7,1313224,,,false,4
,I??Gqk|jw,8,1312246,,,false,4
,I??Gqk|jw,9,1305681,,,false,4
,I??GsTVLo,0,1213501,,,false,4
,I??GsTVLo,1,1199744,,,false,4
,I??GsTVLo,2,1204912,,,false,4
,I??GsTVLo,3,1197160,,,false,4
,I??GsTVLo,4,1197299,,,false,4
,I??GsTVLo,5,1208193,,,false,4
,I??GsTVLo,6,1709740,,,false,4
,I??GsTVLo,7,1527683,,,false,4
,I??GsTVLo,8,1242552,,,false,4
,I??GsTVLo,9,1283475,,,false,4
,I??Gs_fVG,0,1219367,,,false,3
,I??Gs_fVG,1,1113779,,,false,3
,I??Gs_fVG,2,1161056,,,false,3
,I??Gs_fVG,3,1122856,,,false,3
,I??Gs_fVG,4,1136614,,,false,3
,I??Gs_fVG,5,1144366,,,false,3
,I??Gs_fVG,6,1132494,,,false,3
,I??Gs_fVG,7,1143947,,,false,3
,I??Gs_fVG,8,1140315,,,false,3
,I??Gs_fVG,9,1150022,,,false,3
,I??HGlZno,0,1285639,,,false,4
,I??HGlZno,1,1306450,,,false,4
,I??HGlZno,2,1285150,,,false,4
,I??HGlZno,3,1282706,,,false,4
,I??HGlZno,4,1292692,,,false,4
,I??HGlZno,5,1295276,,,false,4
,I??HGlZno,6,1281309,,,false,4
,I??HGlZno,7,1295975,,,false,4
,I??HGlZno,8,1274605,,,false,4
,I??HGlZno,9,1288013,,,false,4
,I??HGlZnw,0,1304285,,,false,4
,I??HGlZnw,1,1314201,,,false,4
,I??HGlZnw,2,1311338,,,false,4
,I??HGlZnw,3,1297930,,,false,4
,I??HGlZnw,4,1318461,,,false,4
,I??HGlZnw,5,1300025,,,false,4
,I??HGlZnw,6,1305612,,,false,4
,I??HGlZnw,7,1331311,,,false,4
,I??HGlZnw,8,1307079,,,false,4
,I??HGlZnw,9,1300025,,,false,4
,I??HGlZzO,0,1305262,,,false,4
,I??HGlZzO,1,1287246,,,false,4
,I??HGlZzO,2,1275722,,,false,4
,I??HGlZzO,3,1302818,,,false,4
,I??HGlZzO,4,1285988,,,false,4
,I??HGlZzO,5,1272231,,,false,4
,I??HGlZzO,6,1272651,,,false,4
,I??HGlZzO,7,1288921,,,false,4
,I??HGlZzO,8,1280262,,,false,4
,I??HGlZzO,9,1292902,,,false,4
,I??HOhB`w,0,1130957,,,false,3
,I??HOhB`w,1,1116083,,,false,3
,I??HOhB`w,2,1148137,,,false,3
,I??HOhB`w,3,1121949,,,false,3
,I??HOhB`w,4,1097996,,,false,3
,I??HOhB`w,5,1060285,,,false,3
,I??HOhB`w,6,1079420,,,false,3
,I??HOhB`w,7,1076557,,,false,3
,I??HOhB`w,8,1087172,,,false,3
,I??HOhB`w,9,1079979,,,false,3
,I??IHKVew,0,1191643,,,false,4
,I??IHKVew,1,1171252,,,false,4
,I??IHKVew,2,1181866,,,false,4
,I??IHKVew,3,1171042,,,false,4
,I??IHKVew,4,1170693,,,false,4
,I??IHKVew,5,1190037,,,false,4
,I??IHKVew,6,1170553,,,false,4
,I??IHKVew,7,1192201,,,false,4
,I??IHKVew,8,1177467,,,false,4
,I??IHKVew,9,1177677,,,false,4
,I??I_ofxW,0,1233893,,,false,3
,I??I_ofxW,1,1219995,,,false,3
,I??I_ofxW,2,1209381,,,false,3
,I??I_ofxW,3,1206378,,,false,3
,I??I_ofxW,4,1215736,,,false,3
,I??I_ofxW,5,1225303,,,false,3
,I??I_ofxW,6,1214129,,,false,3
,I??I_ofxW,7,1212453,,,false,3
,I??I_ofxW,8,1221392,,,false,3
,I??I_ofxW,9,1219088,,,false,3
,I??KHORPW,0,1071808,,,false,3
,I??KHORPW,1,1048205,,,false,3
,I??KHORPW,2,1054001,,,false,3
,I??KHORPW,3,1048065,,,false,3
,I??KHORPW,4,1060355,,,false,3
,I??KHORPW,5,1037799,,,false,3
,I??KHORPW,6,1053721,,,false,3
,I??KHORPW,7,1047087,,,false,3
,I??KHORPW,8,1051347,,,false,3
,I??KHORPW,9,1050789,,,false,3
,I??KJOVMg,0,1209660,,,false,3
,I??KJOVMg,1,1207215,,,false,3
,I??KJOVMg,2,1193528,,,false,3
,I??KJOVMg,3,1188570,,,false,3
,I??KJOVMg,4,1190386,,,false,3
,I??KJOVMg,5,1199604,,,false,3
,I??KJOVMg,6,1188361,,,false,3
,I??KJOVMg,7,1202747,,,false,3
,I??KJOVMg,8,1247720,,,false,3
,I??KJOVMg,9,1260918,,,false,3
,I??KOkiPW,0,1128234,,,false,3
,I??KOkiPW,1,1059238,,,false,3
,I??KOkiPW,2,1080887,,,false,3
,I??KOkiPW,3,1070482,,,false,3
,I??KOkiPW,4,1071320,,,false,3
,I??KOkiPW,5,1067548,,,false,3
,I??KOkiPW,6,1069783,,,false,3
,I??KOkiPW,7,1068595,,,false,3
,I??KOkiPW,8,1068387,,,false,3
,I??KOkiPW,9,1066431,,,false,3
,I??KOtVLw,0,1235429,,,false,4
,I??KOtVLw,1,1211197,,,false,4
,I??KOtVLw,2,1211755,,,false,4
,I??KOtVLw,3,1215666,,,false,4
,I??KOtVLw,4,1229213,,,false,4
,I??KOtVLw,5,1219297,,,false,4
,I??KOtVLw,6,1214897,,,false,4
,I??KOtVLw,7,1210568,,,false,4
,I??KOtVLw,8,1219786,,,false,4
,I??KOtVLw,9,1209171,,,false,4
,I??KQKSIG,0,999810,,,false,2
,I??KQKSIG,1,982701,,,false,2
,I??KQKSIG,2,991779,,,false,2
,I??KQKSIG,3,987868,,,false,2
,I??KQKSIG,4,991220,,,false,2
,I??KQKSIG,5,988427,,,false,2
,I??KQKSIG,6,984446,,,false,2
,I??KQKSIG,7,975927,,,false,2
,I??KQKSIG,8,985145,,,false,2
,I??KQKSIG,9,985214,,,false,2
,I??OPHA}W,0,1107703,,,false,2
,I??OPHA}W,1,1092968,,,false,2
,I??OPHA}W,2,1105538,,,false,2
,I??OPHA}W,3,1105748,,,false,2
,I??OPHA}W,4,1095203,,,false,2
,I??OPHA}W,5,1095761,,,false,2
,I??OPHA}W,6,1100859,,,false,2
,I??OPHA}W,7,1097507,,,false,2
,I??OPHA}W,8,1088499,,,false,2
,I??OPHA}W,9,1104281,,,false,2
,I??OPHB`w,0,1027743,,,false,2
,I??OPHB`w,1,1026556,,,false,2
,I??OPHB`w,2,1029000,,,false,2
,I??OPHB`w,3,1013009,,,false,2
,I??OPHB`w,4,1017059,,,false,2
,I??OPHB`w,5,1020830,,,false,2
,I??OPHB`w,6,1023693,,,false,2
,I??OPHB`w,7,1057073,,,false,2
,I??OPHB`w,8,1058470,,,false,2
,I??OPHB`w,9,1061682,,,false,2
,I??OPPE`o,0,1067479,,,false,2
,I??OPPE`o,1,1036053,,,false,2
,I??OPPE`o,2,1006514,,,false,2
,I??OPPE`o,3,1024670,,,false,2
,I??OPPE`o,4,1011542,,,false,2
,I??OPPE`o,5,1009517,,,false,2
,I??OPPE`o,6,1009657,,,false,2
,I??OPPE`o,7,1021388,,,false,2
,I??OPPE`o,8,1014684,,,false,2
,I??OPPE`o,9,1011821,,,false,2
,I??OQ?``w,0,956931,,,false,2
,I??OQ?``w,1,958258,,,false,2
,I??OQ?``w,2,951066,,,false,2
,I??OQ?``w,3,941499,,,false,2
,I??OQ?``w,4,932560,,,false,2
,I??OQ?``w,5,940172,,,false,2
,I??OQ?``w,6,936470,,,false,2
,I??OQ?``w,7,942127,,,false,2
,I??OQ?``w,8,949878,,,false,2
,I??OQ?``w,9,939403,,,false,2
,I??OQKeeW,0,1138499,,,false,3
,I??OQKeeW,1,1130399,,,false,3
,I??OQKeeW,2,1118108,,,false,3
,I??OQKeeW,3,1133401,,,false,3
,I??OQKeeW,4,1130049,,,false,3
,I??OQKeeW,5,1124742,,,false,3
,I??OQKeeW,6,1126698,,,false,3
,I??OQKeeW,7,1129212,,,false,3
,I??OQKeeW,8,1117619,,,false,3
,I??OQKeeW,9,1125161,,,false,3
,I??OQKfeW,0,1129910,,,false,3
,I??OQKfeW,1,1137033,,,false,3
,I??OQKfeW,2,1127117,,,false,3
,I??OQKfeW,3,1123974,,,false,3
,I??OQKfeW,4,1130538,,,false,3
,I??OQKfeW,5,1136334,,,false,3
,I??OQKfeW,6,1146671,,,false,3
,I??OQKfeW,7,1134310,,,false,3
,I??OQKfeW,8,1122089,,,false,3
,I??OQKfeW,9,1154911,,,false,3
,I??OQKfmw,0,1209032,,,false,3
,I??OQKfmw,1,1224325,,,false,3
,I??OQKfmw,2,1221183,,,false,3
,I??OQKfmw,3,1209660,,,false,3
,I??OQKfmw,4,1215456,,,false,3
,I??OQKfmw,5,1220554,,,false,3
,I??OQKfmw,6,1223417,,,false,3
,I??OQKfmw,7,1259452,,,false,3
,I??OQKfmw,8,1258405,,,false,3
,I??OQKfmw,9,1269159,,,false,3
,I??OQKxxg,0,1255262,,,false,3
,I??OQKxxg,1,1226211,,,false,3
,I??OQKxxg,2,1217412,,,false,3
,I??OQKxxg,3,1218879,,,false,3
,I??OQKxxg,4,1247441,,,false,3
,I??OQKxxg,5,1239410,,,false,3
,I??OQKxxg,6,1222161,,,false,3
,I??OQKxxg,7,1231379,,,false,3
,I??OQKxxg,8,1249326,,,false,3
,I??OQKxxg,9,1229982,,,false,3
,I??OS?dOw,0,957141,,,false,2
,I??OS?dOw,1,930605,,,false,2
,I??OS?dOw,2,943663,,,false,2
,I??OS?dOw,3,943244,,,false,2
,I??OS?dOw,4,946527,,,false,2
,I??OS?dOw,5,942197,,,false,2
,I??OS?dOw,6,928719,,,false,2
,I??OS?dOw,7,940661,,,false,2
,I??OS?dOw,8,940311,,,false,2
,I??OS?dOw,9,926694,,,false,2
,I??OS@XHw,0,1063219,,,false,2
,I??OS@XHw,1,1063149,,,false,2
,I??OS@XHw,2,1068177,,,false,2
,I??OS@XHw,3,1066501,,,false,2
,I??OS@XHw,4,1063288,,,false,2
,I??OS@XHw,5,1057283,,,false,2
,I??OS@XHw,6,1066990,,,false,2
,I??OS@XHw,7,1057493,,,false,2
,I??OS@XHw,8,1060007,,,false,2
,I??OS@XHw,9,1057563,,,false,2
,I??OSLFHw,0,1063707,,,false,3
,I??OSLFHw,1,1064755,,,false,3
,I??OSLFHw,2,1049461,,,false,3
,I??OSLFHw,3,1071669,,,false,3
,I??OSLFHw,4,1047576,,,false,3
,I??OSLFHw,5,1053302,,,false,3
,I??OSLFHw,6,1053721,,,false,3
,I??OSLFHw,7,1062381,,,false,3
,I??OSLFHw,8,1059029,,,false,3
,I??OSLFHw,9,1051347,,,false,3
,I??OS_bRG,0,1032003,,,false,2
,I??OS_bRG,1,1027394,,,false,2
,I??OS_bRG,2,1025649,,,false,2
,I??OS_bRG,3,1019922,,,false,2
,I??OS_bRG,4,1035076,,,false,2
,I??OS_bRG,5,1020830,,,false,2
,I??OS_bRG,6,1025649,,,false,2
,I??OS_bRG,7,1063359,,,false,2
,I??OS_bRG,8,1088290,,,false,2
,I??OS_bRG,9,1073415,,,false,2
,I??OXLZjW,0,1317833,,,false,4
,I??OXLZjW,1,1261408,,,false,4
,I??OXLZjW,2,1268461,,,false,4
,I??OXLZjW,3,1269438,,,false,4
,I??OXLZjW,4,1260290,,,false,4
,I??OXLZjW,5,1255052,,,false,4
,I??OXLZjW,6,1252608,,,false,4
,I??OXLZjW,7,1268041,,,false,4
,I??OXLZjW,8,1259522,,,false,4
,I??OXLZjW,9,1255122,,,false,4
,I??OXLZzO,0,1292692,,,false,4
,I??OXLZzO,1,1278447,,,false,4
,I??OXLZzO,2,1274536,,,false,4
,I??OXLZzO,3,1292134,,,false,4
,I??OXLZzO,4,1287176,,,false,4
,I??OXLZzO,5,1281240,,,false,4
,I??OXLZzO,6,1285081,,,false,4
,I??OXLZzO,7,1288572,,,false,4
,I??OXLZzO,8,1277748,,,false,4
,I??OXLZzO,9,1288573,,,false,4
,I??OY?`ew,0,1044154,,,false,2
,I??OY?`ew,1,1038359,,,false,2
,I??OY?`ew,2,1033330,,,false,2
,I??OY?`ew,3,1028860,,,false,2
,I??OY?`ew,4,1031654,,,false,2
,I??OY?`ew,5,1034308,,,false,2
,I??OY?`ew,6,1033121,,,false,2
,I??OY?`ew,7,1028232,,,false,2
,I??OY?`ew,8,1038009,,,false,2
,I??OY?`ew,9,1034028,,,false,2
,I??OY?`}W,0,1080678,,,false,2
,I??OY?`}W,1,1083540,,,false,2
,I??OY?`}W,2,1087032,,,false,2
,I??OY?`}W,3,1064266,,,false,2
,I??OY?`}W,4,1085496,,,false,2
,I??OY?`}W,5,1070971,,,false,2
,I??OY?`}W,6,1076767,,,false,2
,I??OY?`}W,7,1078233,,,false,2
,I??OY?`}W,8,1085216,,,false,2
,I??OY?`}W,9,1073415,,,false,2
,I??OYKhcg,0,1113220,,,false,3
,I??OYKhcg,1,1105050,,,false,3
,I??OYKhcg,2,1114756,,,false,3
,I??OYKhcg,3,1117619,,,false,3
,I??OYKhcg,4,1162662,,,false,3
,I??OYKhcg,5,1155400,,,false,3
,I??OYKhcg,6,1170693,,,false,3
,I??OYKhcg,7,1136614,,,false,3
,I??OYKhcg,8,1105887,,,false,3
,I??OYKhcg,9,1099952,,,false,3
,I??OYKzjw,0,1282986,,,false,4
,I??OYKzjw,1,1287455,,,false,4
,I??OYKzjw,2,1275095,,,false,4
,I??OYKzjw,3,1279914,,,false,4
,I??OYKzjw,4,1275025,,,false,4
,I??OYKzjw,5,1274047,,,false,4
,I??OYKzjw,6,1267553,,,false,4
,I??OYKzjw,7,1271184,,,false,4
,I??OYKzjw,8,1278936,,,false,4
,I??OYKzjw,9,1271882,,,false,4
,I??OYOflo,0,1196881,,,false,3
,I??OYOflo,1,1197998,,,false,3
,I??OYOflo,2,1203934,,,false,3
,I??OYOflo,3,1185638,,,false,3
,I??OYOflo,4,1184870,,,false,3
,I??OYOflo,5,1190526,,,false,3
,I??OYOflo,6,1183543,,,false,3
,I??OYOflo,7,1204004,,,false,3
,I??OYOflo,8,1183752,,,false,3
,I??OYOflo,9,1184800,,,false,3
,I??O[K|Uo,0,1223558,,,false,4
,I??O[K|Uo,1,1201560,,,false,4
,I??O[K|Uo,2,1200233,,,false,4
,I??O[K|Uo,3,1199744,,,false,4
,I??O[K|Uo,4,1206588,,,false,4
,I??O[K|Uo,5,1194227,,,false,4
,I??O[K|Uo,6,1199744,,,false,4
,I??O[K|Uo,7,1206099,,,false,4
,I??O[K|Uo,8,1193319,,,false,4
,I??O[K|Uo,9,1198557,,,false,4
,I??O[K|Uw,0,1240666,,,false,4
,I??O[K|Uw,1,1238851,,,false,4
,I??O[K|Uw,2,1224815,,,false,4
,I??O[K|Uw,3,1234800,,,false,4
,I??O[K|Uw,4,1216853,,,false,4
,I??O[K|Uw,5,1241086,,,false,4
,I??O[K|Uw,6,1225652,,,false,4
,I??O[K|Uw,7,1226979,,,false,4
,I??O[K|Uw,8,1253167,,,false,4
,I??O[K|Uw,9,1259033,,,false,4
,I??Op\efW,0,1340390,,,false,4
,I??Op\efW,1,1348490,,,false,4
,I??Op\efW,2,1267064,,,false,4
,I??Op\efW,3,1295137,,,false,4
,I??Op\efW,4,1274047,,,false,4
,I??Op\efW,5,1279424,,,false,4
,I??Op\efW,6,1279355,,,false,4
,I??Op\efW,7,1273140,,,false,4
,I??Op\efW,8,1273069,,,false,4
,I??Op\efW,9,1290319,,,false,4
,I??Oq[mfW,0,1232985,,,false,4
,I??Oq[mfW,1,1224046,,,false,4
,I??Oq[mfW,2,1237734,,,false,4
,I??Oq[mfW,3,1245974,,,false,4
,I??Oq[mfW,4,1238781,,,false,4
,I??Oq[mfW,5,1232217,,,false,4
,I??Oq[mfW,6,1225304,,,false,4
,I??Oq[mfW,7,1249396,,,false,4
,I??Oq[mfW,8,1230890,,,false,4
,I??Oq[mfW,9,1229633,,,false,4
,I??Oqwm~g,0,1331869,,,false,4
,I??Oqwm~g,1,1343741,,,false,4
,I??Oqwm~g,2,1336060,,,false,4
,I??Oqwm~g,3,1332708,,,false,4
,I??Oqwm~g,4,1336548,,,false,4
,I??Oqwm~g,5,1326004,,,false,4
,I??Oqwm~g,6,1342833,,,false,4
,I??Oqwm~g,7,1332637,,,false,4
,I??Oqwm~g,8,1330613,,,false,4
,I??Oqwm~g,9,1338574,,,false,4
,I??Os\NJw,0,1216644,,,false,4
,I??Os\NJw,1,1192132,,,false,4
,I??Os\NJw,2,1207286,,,false,4
,I??Os\NJw,3,1204143,,,false,4
,I??Os\NJw,4,1207076,,,false,4
,I??Os\NJw,5,1197649,,,false,4
,I??Os\NJw,6,1196253,,,false,4
,I??Os\NJw,7,1202397,,,false,4
,I??Os\NJw,8,1200512,,,false,4
,I??Os\NJw,9,1210638,,,false,4
,I??P?XAeW,0,1013637,,,false,2
,I??P?XAeW,1,1010704,,,false,2
,I??P?XAeW,2,1046180,,,false,2
,I??P?XAeW,3,1040802,,,false,2
,I??P?XAeW,4,1048414,,,false,2
,I??P?XAeW,5,1024392,,,false,2
,I??P?XAeW,6,1004698,,,false,2
,I??P?XAeW,7,984935,,,false,2
,I??P?XAeW,8,993944,,,false,2
,I??P?XAeW,9,994154,,,false,2
,I??P?XIco,0,1028442,,,false,2
,I??P?XIco,1,1024392,,,false,2
,I??P?XIco,2,1026556,,,false,2
,I??P?XIco,3,1029769,,,false,2
,I??P?XIco,4,1020620,,,false,2
,I??P?XIco,5,1026346,,,false,2
,I??P?XIco,6,1033121,,,false,2
,I??P?XIco,7,1018805,,,false,2
,I??P?XIco,8,1034587,,,false,2
,I??P?XIco,9,1017338,,,false,2
,I??P?\Xf_,0,1162313,,,false,3
,I??P?\Xf_,1,1122019,,,false,3
,I??P?\Xf_,2,1145204,,,false,3
,I??P?\Xf_,3,1137103,,,false,3
,I??P?\Xf_,4,1137801,,,false,3
,I??P?\Xf_,5,1131097,,,false,3
,I??P?\Xf_,6,1141293,,,false,3
,I??P?\Xf_,7,1142550,,,false,3
,I??P?\Xf_,8,1135147,,,false,3
,I??P?\Xf_,9,1137592,,,false,3
,I??POpFxo,0,1241365,,,false,3
,I??POpFxo,1,1232077,,,false,3
,I??POpFxo,2,1246881,,,false,3
,I??POpFxo,3,1229004,,,false,3
,I??POpFxo,4,1220974,,,false,3
,I??POpFxo,5,1230192,,,false,3
,I??POpFxo,6,1242831,,,false,3
,I??POpFxo,7,1231099,,,false,3
,I??POpFxo,8,1231239,,,false,3
,I??POpFxo,9,1237594,,,false,3
,I??PYyz~O,0,1447654,,,false,4
,I??PYyz~O,1,1428100,,,false,4
,I??PYyz~O,2,1428659,,,false,4
,I??PYyz~O,3,1428729,,,false,4
,I??PYyz~O,4,1438855,,,false,4
,I??PYyz~O,5,1429777,,,false,4
,I??PYyz~O,6,1416229,,,false,4
,I??PYyz~O,7,1455755,,,false,4
,I??PYyz~O,8,1467208,,,false,4
,I??PYyz~O,9,1503102,,,false,4
,I??P\t^~g,0,1531315,,,false,4
,I??P\t^~g,1,1451844,,,false,4
,I??P\t^~g,2,1462458,,,false,4
,I??P\t^~g,3,1477333,,,false,4
,I??P\t^~g,4,1459805,,,false,4
,I??P\t^~g,5,1481174,,,false,4
,I??P\t^~g,6,1463925,,,false,4
,I??P\t^~g,7,1475168,,,false,4
,I??P\t^~g,8,1467976,,,false,4
,I??P\t^~g,9,1483269,,,false,4
,I??Psxm~?,0,1378658,,,false,4
,I??Psxm~?,1,1380473,,,false,4
,I??Psxm~?,2,1372163,,,false,4
,I??Psxm~?,3,1376423,,,false,4
,I??Psxm~?,4,1383547,,,false,4
,I??Psxm~?,5,1369998,,,false,4
,I??Psxm~?,6,1391368,,,false,4
,I??Psxm~?,7,1369510,,,false,4
,I??Psxm~?,8,1372164,,,false,4
,I??Psxm~?,9,1390041,,,false,4
,I??Q?slfg,0,1194995,,,false,3
,I??Q?slfg,1,1188221,,,false,3
,I??Q?slfg,2,1184940,,,false,3
,I??Q?slfg,3,1195833,,,false,3
,I??Q?slfg,4,1176280,,,false,3
,I??Q?slfg,5,1190387,,,false,3
,I??Q?slfg,6,1192830,,,false,3
,I??Q?slfg,7,1182495,,,false,3
,I??Q?slfg,8,1190666,,,false,3
,I??Q?slfg,9,1180051,,,false,3
,I??QXYRzG,0,1326283,,,false,4
,I??QXYRzG,1,1315738,,,false,4
,I??QXYRzG,2,1319159,,,false,4
,I??QXYRzG,3,1319788,,,false,4
,I??QXYRzG,4,1307078,,,false,4
,I??QXYRzG,5,1321674,,,false,4
,I??QXYRzG,6,1305263,,,false,4
,I??QXYRzG,7,1308964,,,false,4
,I??QXYRzG,8,1361898,,,false,4
,I??QXYRzG,9,1368602,,,false,4
,I??Rswn~G,0,1510644,,,false,4
,I??Rswn~G,1,1479289,,,false,4
,I??Rswn~G,2,1435293,,,false,4
,I??Rswn~G,3,1425446,,,false,4
,I??Rswn~G,4,1428450,,,false,4
,I??Rswn~G,5,1451914,,,false,4
,I??Rswn~G,6,1430474,,,false,4
,I??Rswn~G,7,1458688,,,false,4
,I??Rswn~G,8,1434316,,,false,4
,I??Rswn~G,9,1441020,,,false,4
,I??T@GNUW,0,1152956,,,false,3
,I??T@GNUW,1,1154631,,,false,3
,I??T@GNUW,2,1156586,,,false,3
,I??T@GNUW,3,1146251,,,false,3
,I??T@GNUW,4,1159799,,,false,3
,I??T@GNUW,5,1144366,,,false,3
,I??T@GNUW,6,1139687,,,false,3
,I??T@GNUW,7,1153305,,,false,3
,I??T@GNUW,8,1148905,,,false,3
,I??T@GNUW,9,1138919,,,false,3
,I??WQ?b`w,0,1057073,,,false,2
,I??WQ?b`w,1,1042269,,,false,2
,I??WQ?b`w,2,1059029,,,false,2
,I??WQ?b`w,3,1039755,,,false,2
,I??WQ?b`w,4,1041571,,,false,2
,I??WQ?b`w,5,1034587,,,false,2
,I??WQ?b`w,6,1043945,,,false,2
,I??WQ?b`w,7,1035355,,,false,2
,I??WQ?b`w,8,1053722,,,false,2
,I??WQ?b`w,9,1039056,,,false,2
,I??XPqdSw,0,1224326,,,false,4
,I??XPqdSw,1,1212244,,,false,4
,I??XPqdSw,2,1232426,,,false,4
,I??XPqdSw,3,1209381,,,false,4
,I??XPqdSw,4,1228585,,,false,4
,I??XPqdSw,5,1214059,,,false,4
,I??XPqdSw,6,1224326,,,false,4
,I??XPqdSw,7,1222161,,,false,4
,I??XPqdSw,8,1227119,,,false,4
,I??XPqdSw,9,1213292,,,false,4
,I??YcOfJo,0,1186406,,,false,3
,I??YcOfJo,1,1211057,,,false,3
,I??YcOfJo,2,1195903,,,false,3
,I??YcOfJo,3,1256729,,,false,3
,I??YcOfJo,4,1245276,,,false,3
,I??YcOfJo,5,1267064,,,false,3
,I??YcOfJo,6,1208473,,,false,3
,I??YcOfJo,7,1193180,,,false,3
,I??YcOfJo,8,1193458,,,false,3
,I??YcOfJo,9,1186545,,,false,3
,I??[QOfLo,0,1213221,,,false,3
,I??[QOfLo,1,1214967,,,false,3
,I??[QOfLo,2,1206797,,,false,3
,I??[QOfLo,3,1206518,,,false,3
,I??[QOfLo,4,1212105,,,false,3
,I??[QOfLo,5,1212594,,,false,3
,I??[QOfLo,6,1197090,,,false,3
,I??[QOfLo,7,1198767,,,false,3
,I??[QOfLo,8,1195763,,,false,3
,I??[QOfLo,9,1224116,,,false,3
,I??_Pe^Vo,0,1261197,,,false,3
,I??_Pe^Vo,1,1249116,,,false,3
,I??_Pe^Vo,2,1258614,,,false,3
,I??_Pe^Vo,3,1255611,,,false,3
,I??_Pe^Vo,4,1251002,,,false,3
,I??_Pe^Vo,5,1252259,,,false,3
,I??_Pe^Vo,6,1262176,,,false,3
,I??_Pe^Vo,7,1266645,,,false,3
,I??_Pe^Vo,8,1242622,,,false,3
,I??_Pe^Vo,9,1248907,,,false,3
,I??_Pe^Vw,0,1280332,,,false,3
,I??_Pe^Vw,1,1264479,,,false,3
,I??_Pe^Vw,2,1266435,,,false,3
,I??_Pe^Vw,3,1274327,,,false,3
,I??_Pe^Vw,4,1251631,,,false,3
,I??_Pe^Vw,5,1274187,,,false,3
,I??_Pe^Vw,6,1260709,,,false,3
,I??_Pe^Vw,7,1266155,,,false,3
,I??_Pe^Vw,8,1257147,,,false,3
,I??_Pe^Vw,9,1255332,,,false,3
,I??_QCRfW,0,1098625,,,false,3
,I??_QCRfW,1,1091502,,,false,3
,I??_QCRfW,2,1084728,,,false,3
,I??_QCRfW,3,1105748,,,false,3
,I??_QCRfW,4,1096599,,,false,3
,I??_QCRfW,5,1078931,,,false,3
,I??_QCRfW,6,1094155,,,false,3
,I??_QCRfW,7,1123695,,,false,3
,I??_QCRfW,8,1151000,,,false,3
,I??_QCRfW,9,1133891,,,false,3
,I??_Xu^Vo,0,1371395,,,false,4
,I??_Xu^Vo,1,1275095,,,false,4
,I??_Xu^Vo,2,1298838,,,false,4
,I??_Xu^Vo,3,1304495,,,false,4
,I??_Xu^Vo,4,1284941,,,false,4
,I??_Xu^Vo,5,1282287,,,false,4
,I??_Xu^Vo,6,1300095,,,false,4
,I??_Xu^Vo,7,1290737,,,false,4
,I??_Xu^Vo,8,1288852,,,false,4
,I??_Xu^Vo,9,1298559,,,false,4
,I??_Xu^Vw,0,1327958,,,false,4
,I??_Xu^Vw,1,1301422,,,false,4
,I??_Xu^Vw,2,1310850,,,false,4
,I??_Xu^Vw,3,1302819,,,false,4
,I??_Xu^Vw,4,1309383,,,false,4
,I??_Xu^Vw,5,1307009,,,false,4
,I??_Xu^Vw,6,1318810,,,false,4
,I??_Xu^Vw,7,1316087,,,false,4
,I??_Xu^Vw,8,1303447,,,false,4
,I??_Xu^Vw,9,1318112,,,false,4
,I??_YOVkw,0,1200652,,,false,3
,I??_YOVkw,1,1189199,,,false,3
,I??_YOVkw,2,1202467,,,false,3
,I??_YOVkw,3,1205680,,,false,3
,I??_YOVkw,4,1186895,,,false,3
,I??_YOVkw,5,1191085,,,false,3
,I??_YOVkw,6,1194786,,,false,3
,I??_YOVkw,7,1201699,,,false,3
,I??_YOVkw,8,1194996,,,false,3
,I??_YOVkw,9,1195065,,,false,3
,I??_Yczno,0,1315598,,,false,3
,I??_Yczno,1,1286896,,,false,3
,I??_Yczno,2,1281240,,,false,3
,I??_Yczno,3,1281310,,,false,3
,I??_Yczno,4,1292972,,,false,3
,I??_Yczno,5,1280332,,,false,3
,I??_Yczno,6,1278935,,,false,3
,I??_Yczno,7,1283614,,,false,3
,I??_Yczno,8,1285151,,,false,3
,I??_Yczno,9,1292693,,,false,3
,I??_[pFMg,0,1252608,,,false,3
,I??_[pFMg,1,1257846,,,false,3
,I??_[pFMg,2,1253935,,,false,3
,I??_[pFMg,3,1240248,,,false,3
,I??_[pFMg,4,1192901,,,false,3
,I??_[pFMg,5,1199814,,,false,3
,I??_[pFMg,6,1198068,,,false,3
,I??_[pFMg,7,1210918,,,false,3
,I??_[pFMg,8,1209312,,,false,3
,I??_[pFMg,9,1196811,,,false,3
,I??__PB`o,0,967198,,,false,2
,I??__PB`o,1,967966,,,false,2
,I??__PB`o,2,965312,,,false,2
,I??__PB`o,3,964125,,,false,2
,I??__PB`o,4,953231,,,false,2
,I??__PB`o,5,969572,,,false,2
,I??__PB`o,6,951834,,,false,2
,I??__PB`o,7,981164,,,false,2
,I??__PB`o,8,952323,,,false,2
,I??__PB`o,9,957141,,,false,2
,I??__QFPo,0,1013288,,,false,2
,I??__QFPo,1,1014685,,,false,2
,I??__QFPo,2,999111,,,false,2
,I??__QFPo,3,1017059,,,false,2
,I??__QFPo,4,1006095,,,false,2
,I??__QFPo,5,1003372,,,false,2
,I??__QFPo,6,1000090,,,false,2
,I??__QFPo,7,1030398,,,false,2
,I??__QFPo,8,1013078,,,false,2
,I??__QFPo,9,1016431,,,false,2
,I??__QFPw,0,1011612,,,false,2
,I??__QFPw,1,1019922,,,false,2
,I??__QFPw,2,1015593,,,false,2
,I??__QFPw,3,1018176,,,false,2
,I??__QFPw,4,1003231,,,false,2
,I??__QFPw,5,1019224,,,false,2
,I??__QFPw,6,1014475,,,false,2
,I??__QFPw,7,1017269,,,false,2
,I??__QFPw,8,1006165,,,false,2
,I??__QFPw,9,1013288,,,false,2
,I??__QwPw,0,1083819,,,false,2
,I??__QwPw,1,1066082,,,false,2
,I??__QwPw,2,1066082,,,false,2
,I??__QwPw,3,1075650,,,false,2
,I??__QwPw,4,1077046,,,false,2
,I??__QwPw,5,1063219,,,false,2
,I??__QwPw,6,1062660,,,false,2
,I??__QwPw,7,1073415,,,false,2
,I??__QwPw,8,1067270,,,false,2
,I??__QwPw,9,1061333,,,false,2
,I??__TE`W,0,995969,,,false,2
,I??__TE`W,1,1007980,,,false,2
,I??__TE`W,2,1022995,,,false,2
,I??__TE`W,3,1028442,,,false,2
,I??__TE`W,4,1036124,,,false,2
,I??__TE`W,5,1021807,,,false,2
,I??__TE`W,6,976136,,,false,2
,I??__TE`W,7,995829,,,false,2
,I??__TE`W,8,989126,,,false,2
,I??__TE`W,9,992407,,,false,2
,I??__TFmW,0,1173207,,,false,3
,I??__TFmW,1,1149603,,,false,3
,I??__TFmW,2,1161824,,,false,3
,I??__TFmW,3,1172439,,,false,3
,I??__TFmW,4,1151698,,,false,3
,I??__TFmW,5,1162174,,,false,3
,I??__TFmW,6,1157355,,,false,3
,I??__TFmW,7,1156028,,,false,3
,I??__TFmW,8,1150581,,,false,3
,I??__TFmW,9,1161126,,,false,3
,I??__\YfO,0,1128583,,,false,3
,I??__\YfO,1,1136894,,,false,3
,I??__\YfO,2,1117619,,,false,3
,I??__\YfO,3,1125161,,,false,3
,I??__\YfO,4,1114197,,,false,3
,I??__\YfO,5,1127327,,,false,3
,I??__\YfO,6,1127745,,,false,3
,I??__\YfO,7,1123346,,,false,3
,I??__\YfO,8,1107214,,,false,3
,I??__\YfO,9,1130399,,,false,3
,I??__\YfW,0,1179283,,,false,3
,I??__\YfW,1,1173416,,,false,3
,I??__\YfW,2,1173975,,,false,3
,I??__\YfW,3,1162522,,,false,3
,I??__\YfW,4,1170972,,,false,3
,I??__\YfW,5,1167341,,,false,3
,I??__\YfW,6,1166852,,,false,3
,I??__\YfW,7,1171880,,,false,3
,I??__\YfW,8,1161685,,,false,3
,I??__\YfW,9,1169436,,,false,3
,I??_`pnfo,0,1276631,,,false,3
,I??_`pnfo,1,1259592,,,false,3
,I??_`pnfo,2,1269508,,,false,3
,I??_`pnfo,3,1264341,,,false,3
,I??_`pnfo,4,1257706,,,false,3
,I??_`pnfo,5,1252748,,,false,3
,I??_`pnfo,6,1268601,,,false,3
,I??_`pnfo,7,1251630,,,false,3
,I??_`pnfo,8,1281310,,,false,3
,I??_`pnfo,9,1325515,,,false,3
,I??_`pnfw,0,1332777,,,false,3
,I??_`pnfw,1,1342135,,,false,3
,I??_`pnfw,2,1275235,,,false,3
,I??_`pnfw,3,1269717,,,false,3
,I??_`pnfw,4,1285080,,,false,3
,I??_`pnfw,5,1272301,,,false,3
,I??_`pnfw,6,1283614,,,false,3
,I??_`pnfw,7,1276911,,,false,3
,I??_`pnfw,8,1281310,,,false,3
,I??_`pnfw,9,1284592,,,false,3
,I??_aOMbo,0,1059517,,,false,2
,I??_aOMbo,1,1038847,,,false,2
,I??_aOMbo,2,1046110,,,false,2
,I??_aOMbo,3,1046529,,,false,2
,I??_aOMbo,4,1049462,,,false,2
,I??_aOMbo,5,1042758,,,false,2
,I??_aOMbo,6,1055189,,,false,2
,I??_aOMbo,7,1044014,,,false,2
,I??_aOMbo,8,1046669,,,false,2
,I??_aOMbo,9,1039825,,,false,2
,I??_g]~^o,0,1299048,,,false,4
,I??_g]~^o,1,1303307,,,false,4
,I??_g]~^o,2,1300444,,,false,4
,I??_g]~^o,3,1301352,,,false,4
,I??_g]~^o,4,1291995,,,false,4
,I??_g]~^o,5,1309942,,,false,4
,I??_g]~^o,6,1291715,,,false,4
,I??_g]~^o,7,1300654,,,false,4
,I??_g]~^o,8,1307218,,,false,4
,I??_g]~^o,9,1295206,,,false,4
,I??_g]~^w,0,1315110,,,false,4
,I??_g]~^w,1,1315389,,,false,4
,I??_g]~^w,2,1307148,,,false,4
,I??_g]~^w,3,1310430,,,false,4
,I??_g]~^w,4,1309941,,,false,4
,I??_g]~^w,5,1316227,,,false,4
,I??_g]~^w,6,1304425,,,false,4
,I??_g]~^w,7,1321673,,,false,4
,I??_g]~^w,8,1320417,,,false,4
,I??_g]~^w,9,1307916,,,false,4
,I??aGWRmw,0,1202467,,,false,3
,I??aGWRmw,1,1204842,,,false,3
,I??aGWRmw,2,1219437,,,false,3
,I??aGWRmw,3,1255402,,,false,3
,I??aGWRmw,4,1244018,,,false,3
,I??aGWRmw,5,1254144,,,false,3
,I??aGWRmw,6,1183473,,,false,3
,I??aGWRmw,7,1195834,,,false,3
,I??aGWRmw,8,1191434,,,false,3
,I??aGWRmw,9,1211895,,,false,3
,I??aWwrmW,0,1282707,,,false,4
,I??aWwrmW,1,1268042,,,false,4
,I??aWwrmW,2,1254983,,,false,4
,I??aWwrmW,3,1273628,,,false,4
,I??aWwrmW,4,1253796,,,false,4
,I??aWwrmW,5,1256588,,,false,4
,I??aWwrmW,6,1252608,,,false,4
,I??aWwrmW,7,1265667,,,false,4
,I??aWwrmW,8,1263782,,,false,4
,I??aWwrmW,9,1266854,,,false,4
,I??aWwrmw,0,1311128,,,false,4
,I??aWwrmw,1,1292902,,,false,4
,I??aWwrmw,2,1305892,,,false,4
,I??aWwrmw,3,1283475,,,false,4
,I??aWwrmw,4,1313154,,,false,4
,I??aWwrmw,5,1292693,,,false,4
,I??aWwrmw,6,1292693,,,false,4
,I??aWwrmw,7,1326423,,,false,4
,I??aWwrmw,8,1290039,,,false,4
,I??aWwrmw,9,1300514,,,false,4
,I??a_[znO,0,1268111,,,false,3
,I??a_[znO,1,1262594,,,false,3
,I??a_[znO,2,1254214,,,false,3
,I??a_[znO,3,1265668,,,false,3
,I??a_[znO,4,1266784,,,false,3
,I??a_[znO,5,1248558,,,false,3
,I??a_[znO,6,1253656,,,false,3
,I??a_[znO,7,1253586,,,false,3
,I??a_[znO,8,1245625,,,false,3
,I??a_[znO,9,1235639,,,false,3
,I??a`O\fo,0,1191155,,,false,3
,I??a`O\fo,1,1190037,,,false,3
,I??a`O\fo,2,1190246,,,false,3
,I??a`O\fo,3,1185637,,,false,3
,I??a`O\fo,4,1184031,,,false,3
,I??a`O\fo,5,1217901,,,false,3
,I??a`O\fo,6,1232705,,,false,3
,I??a`O\fo,7,1252678,,,false,3
,I??a`O\fo,8,1235499,,,false,3
,I??a`O\fo,9,1190735,,,false,3
,I??c?cJPW,0,1004070,,,false,2
,I??c?cJPW,1,966360,,,false,2
,I??c?cJPW,2,975159,,,false,2
,I??c?cJPW,3,986611,,,false,2
,I??c?cJPW,4,983468,,,false,2
,I??c?cJPW,5,977044,,,false,2
,I??c?cJPW,6,988008,,,false,2
,I??c?cJPW,7,982911,,,false,2
,I??c?cJPW,8,971458,,,false,2
,I??c?cJPW,9,992198,,,false,2
,I??gS`BDg,0,1067130,,,false,2
,I??gS`BDg,1,1054490,,,false,2
,I??gS`BDg,2,1042339,,,false,2
,I??gS`BDg,3,1060845,,,false,2
,I??gS`BDg,4,1048414,,,false,2
,I??gS`BDg,5,1059029,,,false,2
,I??gS`BDg,6,1048623,,,false,2
,I??gS`BDg,7,1039615,,,false,2
,I??gS`BDg,8,1043595,,,false,2
,I??gS`BDg,9,1057981,,,false,2
,I??gaCJcW,0,1015452,,,false,3
,I??gaCJcW,1,1006863,,,false,3
,I??gaCJcW,2,1001905,,,false,3
,I??gaCJcW,3,1008819,,,false,3
,I??gaCJcW,4,1005537,,,false,3
,I??gaCJcW,5,1007352,,,false,3
,I??gaCJcW,6,1000369,,,false,3
,I??gaCJcW,7,1002603,,,false,3
,I??gaCJcW,8,996179,,,false,3
,I??gaCJcW,9,1010634,,,false,3
,I??ggxJgw,0,1228306,,,false,4
,I??ggxJgw,1,1222928,,,false,4
,I??ggxJgw,2,1226490,,,false,4
,I??ggxJgw,3,1229493,,,false,4
,I??ggxJgw,4,1221323,,,false,4
,I??ggxJgw,5,1229283,,,false,4
,I??ggxJgw,6,1232845,,,false,4
,I??ggxJgw,7,1220415,,,false,4
,I??ggxJgw,8,1229004,,,false,4
,I??ggxJgw,9,1225373,,,false,4
,I??gkTJLW,0,1216923,,,false,4
,I??gkTJLW,1,1209661,,,false,4
,I??gkTJLW,2,1206518,,,false,4
,I??gkTJLW,3,1207007,,,false,4
,I??gkTJLW,4,1203655,,,false,4
,I??gkTJLW,5,1281799,,,false,4
,I??gkTJLW,6,1261687,,,false,4
,I??gkTJLW,7,1266854,,,false,4
,I??gkTJLW,8,1223558,,,false,4
,I??gkTJLW,9,1221742,,,false,4
,I??g||~~_,0,1470699,,,false,5
,I??g||~~_,1,1480615,,,false,5
,I??g||~~_,2,1466509,,,false,5
,I??g||~~_,3,1480056,,,false,5
,I??g||~~_,4,1469163,,,false,5
,I??g||~~_,5,1489973,,,false,5
,I??g||~~_,6,1459246,,,false,5
,I??g||~~_,7,1487110,,,false,5
,I??g||~~_,8,1479219,,,false,5
,I??g||~~_,9,1484526,,,false,5
,I??wt\yTw,0,1403380,,,false,4
,I??wt\yTw,1,1406941,,,false,4
,I??wt\yTw,2,1409595,,,false,4
,I??wt\yTw,3,1401983,,,false,4
,I??wt\yTw,4,1431173,,,false,4
,I??wt\yTw,5,1402192,,,false,4
,I??wt\yTw,6,1407220,,,false,4
,I??wt\yTw,7,1396186,,,false,4
,I??wt\yTw,8,1401494,,,false,4
,I??wt\yTw,9,1410921,,,false,4
,I??yRQVmg,0,1386061,,,false,4
,I??yRQVmg,1,1397583,,,false,4
,I??yRQVmg,2,1368044,,,false,4
,I??yRQVmg,3,1379077,,,false,4
,I??yRQVmg,4,1382499,,,false,4
,I??yRQVmg,5,1368113,,,false,4
,I??yRQVmg,6,1420977,,,false,4
,I??yRQVmg,7,1349328,,,false,4
,I??yRQVmg,8,1377471,,,false,4
,I??yRQVmg,9,1393323,,,false,4
,I??yTD\mg,0,1369929,,,false,4
,I??yTD\mg,1,1380543,,,false,4
,I??yTD\mg,2,1363854,,,false,4
,I??yTD\mg,3,1390111,,,false,4
,I??yTD\mg,4,1446816,,,false,4
,I??yTD\mg,5,1432011,,,false,4
,I??yTD\mg,6,1462179,,,false,4
,I??yTD\mg,7,1353518,,,false,4
,I??yTD\mg,8,1370976,,,false,4
,I??yTD\mg,9,1376912,,,false,4
,I??|AtMmW,0,1388365,,,false,4
,I??|AtMmW,1,1407709,,,false,4
,I??|AtMmW,2,1389063,,,false,4
,I??|AtMmW,3,1381311,,,false,4
,I??|AtMmW,4,1402820,,,false,4
,I??|AtMmW,5,1385851,,,false,4
,I??|AtMmW,6,1408966,,,false,4
,I??|AtMmW,7,1374747,,,false,4
,I??|AtMmW,8,1384315,,,false,4
,I??|AtMmW,9,1402471,,,false,4
,I?@?PKUeW,0,1134450,,,false,3
,I?@?PKUeW,1,1122857,,,false,3
,I?@?PKUeW,2,1126279,,,false,3
,I?@?PKUeW,3,1123485,,,false,3
,I?@?PKUeW,4,1116432,,,false,3
,I?@?PKUeW,5,1126000,,,false,3
,I?@?PKUeW,6,1120972,,,false,3
,I?@?PKUeW,7,1113988,,,false,3
,I?@?PKUeW,8,1119994,,,false,3
,I?@?PKUeW,9,1126838,,,false,3
,I?@?XGReW,0,1109379,,,false,3
,I?@?XGReW,1,1101557,,,false,3
,I?@?XGReW,2,1091501,,,false,3
,I?@?XGReW,3,1099532,,,false,3
,I?@?XGReW,4,1093387,,,false,3
,I?@?XGReW,5,1095203,,,false,3
,I?@?XGReW,6,1098275,,,false,3
,I?@?XGReW,7,1096669,,,false,3
,I?@?XGReW,8,1107633,,,false,3
,I?@?XGReW,9,1090943,,,false,3
,I?@?_Ob`w,0,1001346,,,false,2
,I?@?_Ob`w,1,995830,,,false,2
,I?@?_Ob`w,2,999112,,,false,2
,I?@?_Ob`w,3,992268,,,false,2
,I?@?_Ob`w,4,992268,,,false,2
,I?@?_Ob`w,5,988566,,,false,2
,I?@?_Ob`w,6,988776,,,false,2
,I?@?_Ob`w,7,985704,,,false,2
,I?@?_Ob`w,8,1004210,,,false,2
,I?@?_Ob`w,9,1008400,,,false,2
,I?@?_ObfG,0,1104212,,,false,2
,I?@?_ObfG,1,1074742,,,false,2
,I?@?_ObfG,2,1094854,,,false,2
,I?@?_ObfG,3,1043526,,,false,2
,I?@?_ObfG,4,1033330,,,false,2
,I?@?_ObfG,5,1027604,,,false,2
,I?@?_ObfG,6,1023623,,,false,2
,I?@?_ObfG,7,1026975,,,false,2
,I?@?_ObfG,8,1038148,,,false,2
,I?@?_ObfG,9,1031305,,,false,2
,I?@?_SffW,0,1157075,,,false,3
,I?@?_SffW,1,1144226,,,false,3
,I?@?_SffW,2,1154282,,,false,3
,I?@?_SffW,3,1151908,,,false,3
,I?@?_SffW,4,1138151,,,false,3
,I?@?_SffW,5,1137522,,,false,3
,I?@?_SffW,6,1137732,,,false,3
,I?@?_SffW,7,1129910,,,false,3
,I?@?_SffW,8,1145065,,,false,3
,I?@?_SffW,9,1145274,,,false,3
,I?@?_Wb}w,0,1201071,,,false,2
,I?@?_Wb}w,1,1205750,,,false,2
,I?@?_Wb}w,2,1181797,,,false,2
,I?@?_Wb}w,3,1185288,,,false,2
,I?@?_Wb}w,4,1210987,,,false,2
,I?@?_Wb}w,5,1195274,,,false,2
,I?@?_Wb}w,6,1186476,,,false,2
,I?@?_Wb}w,7,1198557,,,false,2
,I?@?_Wb}w,8,1192411,,,false,2
,I?@?_Wb}w,9,1188291,,,false,2
,I?@?gWb`w,0,1058471,,,false,3
,I?@?gWb`w,1,1038079,,,false,3
,I?@?gWb`w,2,1044294,,,false,3
,I?@?gWb`w,3,1042758,,,false,3
,I?@?gWb`w,4,1043177,,,false,3
,I?@?gWb`w,5,1040034,,,false,3
,I?@?gWb`w,6,1047296,,,false,3
,I?@?gWb`w,7,1042758,,,false,3
,I?@?gWb`w,8,1042827,,,false,3
,I?@?gWb`w,9,1039825,,,false,3
,I?@?gWb~w,0,1262664,,,false,3
,I?@?gWb~w,1,1248628,,,false,3
,I?@?gWb~w,2,1242272,,,false,3
,I?@?gWb~w,3,1254075,,,false,3
,I?@?gWb~w,4,1253865,,,false,3
,I?@?gWb~w,5,1252329,,,false,3
,I?@?gWb~w,6,1238013,,,false,3
,I?@?gWb~w,7,1280821,,,false,3
,I?@?gWb~w,8,1315109,,,false,3
,I?@?gWb~w,9,1310431,,,false,3
,I?@@?_Hfg,0,1037799,,,false,2
,I?@@?_Hfg,1,1008120,,,false,2
,I?@@?_Hfg,2,1012799,,,false,2
,I?@@?_Hfg,3,1000089,,,false,2
,I?@@?_Hfg,4,1017338,,,false,2
,I?@@?_Hfg,5,1017757,,,false,2
,I?@@?_Hfg,6,1017618,,,false,2
,I?@@?_Hfg,7,1013009,,,false,2
,I?@@?_Hfg,8,1006723,,,false,2
,I?@@?_Hfg,9,1017268,,,false,2
,I?@@?_JbO,0,966988,,,false,2
,I?@@?_JbO,1,959237,,,false,2
,I?@@?_JbO,2,957700,,,false,2
,I?@@?_JbO,3,967896,,,false,2
,I?@@?_JbO,4,959726,,,false,2
,I?@@?_JbO,5,957281,,,false,2
,I?@@?_JbO,6,972644,,,false,2
,I?@@?_JbO,7,972505,,,false,2
,I?@@?_JbO,8,946596,,,false,2
,I?@@?_JbO,9,974739,,,false,2
,I?@@?_JnW,0,1108541,,,false,2
,I?@@?_JnW,1,1103374,,,false,2
,I?@@?_JnW,2,1105539,,,false,2
,I?@@?_JnW,3,1110496,,,false,2
,I?@@?_JnW,4,1110566,,,false,2
,I?@@?_JnW,5,1103932,,,false,2
,I?@@?_JnW,6,1099603,,,false,2
,I?@@?_JnW,7,1113779,,,false,2
,I?@@?_JnW,8,1106935,,,false,2
,I?@@?_JnW,9,1099323,,,false,2
,I?@@?cJ`w,0,1000578,,,false,3
,I?@@?cJ`w,1,991709,,,false,3
,I?@@?cJ`w,2,988916,,,false,3
,I?@@?cJ`w,3,991430,,,false,3
,I?@@?cJ`w,4,990662,,,false,3
,I?@@?cJ`w,5,988777,,,false,3
,I?@@?cJ`w,6,988846,,,false,3
,I?@@?cJ`w,7,993665,,,false,3
,I?@@?cJ`w,8,989196,,,false,3
,I?@@?cJ`w,9,989964,,,false,3
,I?@@?cLeg,0,1077395,,,false,2
,I?@@?cLeg,1,1058541,,,false,2
,I?@@?cLeg,2,1063079,,,false,2
,I?@@?cLeg,3,1057074,,,false,2
,I?@@?cLeg,4,1058121,,,false,2
,I?@@?cLeg,5,1064406,,,false,2
,I?@@?cLeg,6,1057842,,,false,2
,I?@@?cLeg,7,1072298,,,false,2
,I?@@?cLeg,8,1060845,,,false,2
,I?@@?cLeg,9,1108401,,,false,2
,I?@@?gJeg,0,1085287,,,false,2
,I?@@?gJeg,1,1080818,,,false,2
,I?@@?gJeg,2,1084798,,,false,2
,I?@@?gJeg,3,1051417,,,false,2
,I?@@?gJeg,4,1020830,,,false,2
,I?@@?gJeg,5,1035565,,,false,2
,I?@@?gJeg,6,1027465,,,false,2
,I?@@?gJeg,7,1037520,,,false,2
,I?@@?gJeg,8,1024671,,,false,2
,I?@@?gJeg,9,1037241,,,false,2
,I?@@?kNfg,0,1185707,,,false,3
,I?@@?kNfg,1,1171671,,,false,3
,I?@@?kNfg,2,1173696,,,false,3
,I?@@?kNfg,3,1179563,,,false,3
,I?@@?kNfg,4,1185150,,,false,3
,I?@@?kNfg,5,1166783,,,false,3
,I?@@?kNfg,6,1167760,,,false,3
,I?@@?kNfg,7,1181029,,,false,3
,I?@@?kNfg,8,1158962,,,false,3
,I?@@?kNfg,9,1176141,,,false,3
,I?@@?kNnw,0,1248139,,,false,3
,I?@@?kNnw,1,1228516,,,false,3
,I?@@?kNnw,2,1237385,,,false,3
,I?@@?kNnw,3,1241854,,,false,3
,I?@@?kNnw,4,1230750,,,false,3
,I?@@?kNnw,5,1231588,,,false,3
,I?@@?kNnw,6,1238921,,,false,3
,I?@@?kNnw,7,1238921,,,false,3
,I?@@?kNnw,8,1234452,,,false,3
,I?@@?kNnw,9,1226142,,,false,3
,I?@@G_H_w,0,941988,,,false,2
,I?@@G_H_w,1,945828,,,false,2
,I?@@G_H_w,2,930465,,,false,2
,I?@@G_H_w,3,938985,,,false,2
,I?@@G_H_w,4,932421,,,false,2
,I?@@G_H_w,5,928160,,,false,2
,I?@@G_H_w,6,937169,,,false,2
,I?@@G_H_w,7,939543,,,false,2
,I?@@G_H_w,8,927462,,,false,2
,I?@@G_H_w,9,918175,,,false,2
,I?@@G_H`w,0,956373,,,false,2
,I?@@G_H`w,1,967407,,,false,2
,I?@@G_H`w,2,964614,,,false,2
,I?@@G_H`w,3,959237,,,false,2
,I?@@G_H`w,4,958259,,,false,2
,I?@@G_H`w,5,965102,,,false,2
,I?@@G_H`w,6,963915,,,false,2
,I?@@G_H`w,7,964125,,,false,2
,I?@@G_H`w,8,968665,,,false,2
,I?@@G_H`w,9,966709,,,false,2
,I?@@GkNnw,0,1294509,,,false,4
,I?@@GkNnw,1,1277259,,,false,4
,I?@@GkNnw,2,1272092,,,false,4
,I?@@GkNnw,3,1217622,,,false,4
,I?@@GkNnw,4,1236058,,,false,4
,I?@@GkNnw,5,1217133,,,false,4
,I?@@GkNnw,6,1223139,,,false,4
,I?@@GkNnw,7,1222929,,,false,4
,I?@@GkNnw,8,1219716,,,false,4
,I?@@GkNnw,9,1225932,,,false,4
,I?@GPCRbW,0,1068596,,,false,3
,I?@GPCRbW,1,1066641,,,false,3
,I?@GPCRbW,2,1061963,,,false,3
,I?@GPCRbW,3,1064267,,,false,3
,I?@GPCRbW,4,1062172,,,false,3
,I?@GPCRbW,5,1063708,,,false,3
,I?@GPCRbW,6,1064965,,,false,3
,I?@GPCRbW,7,1065454,,,false,3
,I?@GPCRbW,8,1058052,,,false,3
,I?@GPCRbW,9,1071949,,,false,3
,I?@G_Sfko,0,1133612,,,false,3
,I?@G_Sfko,1,1120274,,,false,3
,I?@G_Sfko,2,1127956,,,false,3
,I?@G_Sfko,3,1114687,,,false,3
,I?@G_Sfko,4,1133472,,,false,3
,I?@G_Sfko,5,1121042,,,false,3
,I?@G_Sfko,6,1128165,,,false,3
,I?@G_Sfko,7,1124812,,,false,3
,I?@G_Sfko,8,1119296,,,false,3
,I?@G_Sfko,9,1126977,,,false,3
,I?@G_Sfmw,0,1200513,,,false,3
,I?@G_Sfmw,1,1205470,,,false,3
,I?@G_Sfmw,2,1225443,,,false,3
,I?@G_Sfmw,3,1217902,,,false,3
,I?@G_Sfmw,4,1200233,,,false,3
,I?@G_Sfmw,5,1199255,,,false,3
,I?@G_Sfmw,6,1208962,,,false,3
,I?@G_Sfmw,7,1218320,,,false,3
,I?@G_Sfmw,8,1208473,,,false,3
,I?@G_Sfmw,9,1216295,,,false,3
,I?@G_Sfnw,0,1249326,,,false,3
,I?@G_Sfnw,1,1256030,,,false,3
,I?@G_Sfnw,2,1252958,,,false,3
,I?@G_Sfnw,3,1239480,,,false,3
,I?@G_Sfnw,4,1246463,,,false,3
,I?@G_Sfnw,5,1291017,,,false,3
,I?@G_Sfnw,6,1307498,,,false,3
,I?@G_Sfnw,7,1296953,,,false,3
,I?@G_Sfnw,8,1324817,,,false,3
,I?@G_Sfnw,9,1258545,,,false,3
,I?@G`CJdW,0,1115944,,,false,3
,I?@G`CJdW,1,1109520,,,false,3
,I?@G`CJdW,2,1102187,,,false,3
,I?@G`CJdW,3,1126559,,,false,3
,I?@G`CJdW,4,1089058,,,false,3
,I?@G`CJdW,5,1098276,,,false,3
,I?@G`CJdW,6,1093178,,,false,3
,I?@G`CJdW,7,1106935,,,false,3
,I?@G`CJdW,8,1088988,,,false,3
,I?@G`CJdW,9,1105259,,,false,3
,I?@X?UBMW,0,1124952,,,false,3
,I?@X?UBMW,1,1114547,,,false,3
,I?@X?UBMW,2,1123835,,,false,3
,I?@X?UBMW,3,1116223,,,false,3
,I?@X?UBMW,4,1114826,,,false,3
,I?@X?UBMW,5,1122089,,,false,3
,I?@X?UBMW,6,1117200,,,false,3
,I?@X?UBMW,7,1108471,,,false,3
,I?@X?UBMW,8,1122928,,,false,3
,I?@X?UBMW,9,1121879,,,false,3
,I?@YTs}hw,0,1444512,,,false,4
,I?@YTs}hw,1,1420350,,,false,4
,I?@YTs}hw,2,1429428,,,false,4
,I?@YTs}hw,3,1421746,,,false,4
,I?@YTs}hw,4,1435154,,,false,4
,I?@YTs}hw,5,1420699,,,false,4
,I?@YTs}hw,6,1424050,,,false,4
,I?@YTs}hw,7,1418464,,,false,4
,I?@YTs}hw,8,1427263,,,false,4
,I?@YTs}hw,9,1443743,,,false,4
,I?A?_TFHw,0,1044713,,,false,3
,I?A?_TFHw,1,1046250,,,false,3
,I?A?_TFHw,2,1045342,,,false,3
,I?A?_TFHw,3,1031724,,,false,3
,I?A?_TFHw,4,1039475,,,false,3
,I?A?_TFHw,5,1038638,,,false,3
,I?A?_TFHw,6,1048135,,,false,3
,I?A?_TFHw,7,1036333,,,false,3
,I?A?_TFHw,8,1036054,,,false,3
,I?A?_TFHw,9,1049811,,,false,3
,I?A?_pNJo,0,1152956,,,false,3
,I?A?_pNJo,1,1175652,,,false,3
,I?A?_pNJo,2,1203515,,,false,3
,I?A?_pNJo,3,1196393,,,false,3
,I?A?_pNJo,4,1195275,,,false,3
,I?A?_pNJo,5,1154422,,,false,3
,I?A?_pNJo,6,1145274,,,false,3
,I?A?_pNJo,7,1137243,,,false,3
,I?A?_pNJo,8,1148696,,,false,3
,I?A?_pNJo,9,1147648,,,false,3
,I?A?_pNJw,0,1157844,,,false,3
,I?A?_pNJw,1,1169157,,,false,3
,I?A?_pNJw,2,1152607,,,false,3
,I?A?_pNJw,3,1153933,,,false,3
,I?A?_pNJw,4,1147718,,,false,3
,I?A?_pNJw,5,1148416,,,false,3
,I?A?_pNJw,6,1147718,,,false,3
,I?A?_pNJw,7,1167691,,,false,3
,I?A?_pNJw,8,1151210,,,false,3
,I?A?_pNJw,9,1149534,,,false,3
,I?A?gXBGw,0,1033680,,,false,3
,I?A?gXBGw,1,1030188,,,false,3
,I?A?gXBGw,2,1022995,,,false,3
,I?A?gXBGw,3,1033191,,,false,3
,I?A?gXBGw,4,1022716,,,false,3
,I?A?gXBGw,5,1034867,,,false,3
,I?A?gXBGw,6,1019224,,,false,3
,I?A?gXBGw,7,1041850,,,false,3
,I?A?gXBGw,8,1021389,,,false,3
,I?A?gXBGw,9,1025369,,,false,3
,I?A@G\ZNW,0,1247371,,,false,3
,I?A@G\ZNW,1,1249955,,,false,3
,I?A@G\ZNW,2,1249536,,,false,3
,I?A@G\ZNW,3,1242692,,,false,3
,I?A@G\ZNW,4,1257637,,,false,3
,I?A@G\ZNW,5,1247162,,,false,3
,I?A@G\ZNW,6,1252399,,,false,3
,I?A@G\ZNW,7,1259173,,,false,3
,I?A@G\ZNW,8,1255053,,,false,3
,I?A@G\ZNW,9,1241784,,,false,3
,I?AAown^W,0,1345906,,,false,4
,I?AAown^W,1,1355194,,,false,4
,I?AAown^W,2,1339062,,,false,4
,I?AAown^W,3,1350097,,,false,4
,I?AAown^W,4,1357499,,,false,4
,I?AAown^W,5,1349887,,,false,4
,I?AAown^W,6,1336199,,,false,4
,I?AAown^W,7,1394860,,,false,4
,I?AAown^W,8,1398631,,,false,4
,I?AAown^W,9,1419092,,,false,4
,I?C?HdLjw,0,1236407,,,false,3
,I?C?HdLjw,1,1234661,,,false,3
,I?C?HdLjw,2,1209172,,,false,3
,I?C?HdLjw,3,1232566,,,false,3
,I?C?HdLjw,4,1221952,,,false,3
,I?C?HdLjw,5,1219367,,,false,3
,I?C?HdLjw,6,1218599,,,false,3
,I?C?HdLjw,7,1230331,,,false,3
,I?C?HdLjw,8,1232636,,,false,3
,I?C?HdLjw,9,1213571,,,false,3
,I?C?IWrjg,0,1223139,,,false,3
,I?C?IWrjg,1,1213083,,,false,3
,I?C?IWrjg,2,1201909,,,false,3
,I?C?IWrjg,3,1209591,,,false,3
,I?C?IWrjg,4,1218041,,,false,3
,I?C?IWrjg,5,1212244,,,false,3
,I?C?IWrjg,6,1204354,,,false,3
,I?C?IWrjg,7,1204772,,,false,3
,I?C?IWrjg,8,1214200,,,false,3
,I?C?IWrjg,9,1208753,,,false,3
,I?C?Igjx_,0,1150581,,,false,3
,I?C?Igjx_,1,1155470,,,false,3
,I?C?Igjx_,2,1151070,,,false,3
,I?C?Igjx_,3,1149115,,,false,3
,I?C?Igjx_,4,1139058,,,false,3
,I?C?Igjx_,5,1144226,,,false,3
,I?C?Igjx_,6,1153934,,,false,3
,I?C?Igjx_,7,1143389,,,false,3
,I?C?Igjx_,8,1143179,,,false,3
,I?C?Igjx_,9,1146252,,,false,3
,I?C?XHRxO,0,1142760,,,false,3
,I?C?XHRxO,1,1152188,,,false,3
,I?C?XHRxO,2,1155819,,,false,3
,I?C?XHRxO,3,1155749,,,false,3
,I?C?XHRxO,4,1149604,,,false,3
,I?C?XHRxO,5,1149604,,,false,3
,I?C?XHRxO,6,1150232,,,false,3
,I?C?XHRxO,7,1142481,,,false,3
,I?C?XHRxO,8,1155190,,,false,3
,I?C?XHRxO,9,1141154,,,false,3
,I?C?Y?dcw,0,1080328,,,false,2
,I?C?Y?dcw,1,1061055,,,false,2
,I?C?Y?dcw,2,1088011,,,false,2
,I?C?Y?dcw,3,1113011,,,false,2
,I?C?Y?dcw,4,1122229,,,false,2
,I?C?Y?dcw,5,1119296,,,false,2
,I?C?Y?dcw,6,1098625,,,false,2
,I?C?Y?dcw,7,1051836,,,false,2
,I?C?Y?dcw,8,1066502,,,false,2
,I?C?Y?dcw,9,1054141,,,false,2
,I?C?iGjbw,0,1184451,,,false,3
,I?C?iGjbw,1,1173067,,,false,3
,I?C?iGjbw,2,1167202,,,false,3
,I?C?iGjbw,3,1171112,,,false,3
,I?C?iGjbw,4,1177677,,,false,3
,I?C?iGjbw,5,1173696,,,false,3
,I?C?iGjbw,6,1163221,,,false,3
,I?C?iGjbw,7,1168529,,,false,3
,I?C?iGjbw,8,1184450,,,false,3
,I?C?iGjbw,9,1168249,,,false,3
,I?C?i[mbw,0,1227608,,,false,4
,I?C?i[mbw,1,1204912,,,false,4
,I?C?i[mbw,2,1198138,,,false,4
,I?C?i[mbw,3,1200093,,,false,4
,I?C?i[mbw,4,1199186,,,false,4
,I?C?i[mbw,5,1206099,,,false,4
,I?C?i[mbw,6,1204912,,,false,4
,I?C?i[mbw,7,1195205,,,false,4
,I?C?i[mbw,8,1206029,,,false,4
,I?C?i[mbw,9,1201141,,,false,4
,I?C?i[nlw,0,1316576,,,false,4
,I?C?i[nlw,1,1303168,,,false,4
,I?C?i[nlw,2,1306590,,,false,4
,I?C?i[nlw,3,1316017,,,false,4
,I?C?i[nlw,4,1308755,,,false,4
,I?C?i[nlw,5,1314482,,,false,4
,I?C?i[nlw,6,1307637,,,false,4
,I?C?i[nlw,7,1311548,,,false,4
,I?C?i[nlw,8,1308964,,,false,4
,I?C?i[nlw,9,1316157,,,false,4
,I?C?i[nzg,0,1342066,,,false,4
,I?C?i[nzg,1,1336269,,,false,4
,I?C?i[nzg,2,1347093,,,false,4
,I?C?i[nzg,3,1338574,,,false,4
,I?C?i[nzg,4,1330333,,,false,4
,I?C?i[nzg,5,1355543,,,false,4
,I?C?i[nzg,6,1347582,,,false,4
,I?C?i[nzg,7,1400795,,,false,4
,I?C?i[nzg,8,1392276,,,false,4
,I?C?i[nzg,9,1403379,,,false,4
,I?C?jGmbo,0,1178166,,,false,3
,I?C?jGmbo,1,1208264,,,false,3
,I?C?jGmbo,2,1192202,,,false,3
,I?C?jGmbo,3,1200024,,,false,3
,I?C?jGmbo,4,1196183,,,false,3
,I?C?jGmbo,5,1199674,,,false,3
,I?C?jGmbo,6,1204144,,,false,3
,I?C?jGmbo,7,1190456,,,false,3
,I?C?jGmbo,8,1187104,,,false,3
,I?C?jGmbo,9,1201281,,,false,3
,I?C@?\Tjg,0,1221533,,,false,3
,I?C@?\Tjg,1,1206379,,,false,3
,I?C@?\Tjg,2,1213781,,,false,3
,I?C@?\Tjg,3,1215248,,,false,3
,I?C@?\Tjg,4,1218390,,,false,3
,I?C@?\Tjg,5,1208822,,,false,3
,I?C@?\Tjg,6,1212314,,,false,3
,I?C@?\Tjg,7,1208963,,,false,3
,I?C@?\Tjg,8,1223488,,,false,3
,I?C@?\Tjg,9,1210289,,,false,3
,I?C@AKMkG,0,1083890,,,false,2
,I?C@AKMkG,1,1071949,,,false,2
,I?C@AKMkG,2,1072926,,,false,2
,I?C@AKMkG,3,1072158,,,false,2
,I?C@AKMkG,4,1071530,,,false,2
,I?C@AKMkG,5,1073764,,,false,2
,I?C@AKMkG,6,1070412,,,false,2
,I?C@AKMkG,7,1090873,,,false,2
,I?C@AKMkG,8,1077326,,,false,2
,I?C@AKMkG,9,1076348,,,false,2
,I?C@AKMkW,0,1150581,,,false,3
,I?C@AKMkW,1,1151559,,,false,3
,I?C@AKMkW,2,1137104,,,false,3
,I?C@AKMkW,3,1155680,,,false,3
,I?C@AKMkW,4,1133961,,,false,3
,I?C@AKMkW,5,1153514,,,false,3
,I?C@AKMkW,6,1139269,,,false,3
,I?C@AKMkW,7,1148626,,,false,3
,I?C@AKMkW,8,1139268,,,false,3
,I?C@AKMkW,9,1138919,,,false,3
,I?C@AKMnW,0,1201420,,,false,3
,I?C@AKMnW,1,1214340,,,false,3
,I?C@AKMnW,2,1212455,,,false,3
,I?C@AKMnW,3,1258475,,,false,3
,I?C@AKMnW,4,1253447,,,false,3
,I?C@AKMnW,5,1270347,,,false,3
,I?C@AKMnW,6,1236058,,,false,3
,I?C@AKMnW,7,1190736,,,false,3
,I?C@AKMnW,8,1203724,,,false,3
,I?C@AKMnW,9,1205889,,,false,3
,I?C@GXRzw,0,1288713,,,false,3
,I?C@GXRzw,1,1276841,,,false,3
,I?C@GXRzw,2,1295346,,,false,3
,I?C@GXRzw,3,1283475,,,false,3
,I?C@GXRzw,4,1281799,,,false,3
,I?C@GXRzw,5,1287875,,,false,3
,I?C@GXRzw,6,1290738,,,false,3
,I?C@GXRzw,7,1266785,,,false,3
,I?C@GXRzw,8,1282707,,,false,3
,I?C@GXRzw,9,1287944,,,false,3
,I?C@i^knO,0,1379985,,,false,4
,I?C@i^knO,1,1375446,,,false,4
,I?C@i^knO,2,1389274,,,false,4
,I?C@i^knO,3,1381312,,,false,4
,I?C@i^knO,4,1395209,,,false,4
,I?C@i^knO,5,1376493,,,false,4
,I?C@i^knO,6,1372583,,,false,4
,I?C@i^knO,7,1404357,,,false,4
,I?C@i^knO,8,1379846,,,false,4
,I?C@i^knO,9,1386690,,,false,4
,I?C@{XtzG,0,1395069,,,false,4
,I?C@{XtzG,1,1378799,,,false,4
,I?C@{XtzG,2,1391019,,,false,4
,I?C@{XtzG,3,1387528,,,false,4
,I?C@{XtzG,4,1387807,,,false,4
,I?C@{XtzG,5,1384455,,,false,4
,I?C@{XtzG,6,1383128,,,false,4
,I?C@{XtzG,7,1396746,,,false,4
,I?C@{XtzG,8,1377052,,,false,4
,I?C@{XtzG,9,1385362,,,false,4
,I?CA?KbbG,0,1007911,,,false,2
,I?CA?KbbG,1,985914,,,false,2
,I?CA?KbbG,2,1021528,,,false,2
,I?CA?KbbG,3,981095,,,false,2
,I?CA?KbbG,4,985215,,,false,2
,I?CA?KbbG,5,1037660,,,false,2
,I?CA?KbbG,6,1050789,,,false,2
,I?CA?KbbG,7,1042898,,,false,2
,I?CA?KbbG,8,1039057,,,false,2
,I?CA?KbbG,9,991500,,,false,2
,I?CAHCLnG,0,1160288,,,false,3
,I?CAHCLnG,1,1148766,,,false,3
,I?CAHCLnG,2,1137732,,,false,3
,I?CAHCLnG,3,1139687,,,false,3
,I?CAHCLnG,4,1147299,,,false,3
,I?CAHCLnG,5,1151908,,,false,3
,I?CAHCLnG,6,1143807,,,false,3
,I?CAHCLnG,7,1148556,,,false,3
,I?CAHCLnG,8,1137523,,,false,3
,I?CAHCLnG,9,1141573,,,false,3
,I?CAO[vxO,0,1265039,,,false,3
,I?CAO[vxO,1,1239690,,,false,3
,I?CAO[vxO,2,1236128,,,false,3
,I?CAO[vxO,3,1240038,,,false,3
,I?CAO[vxO,4,1250653,,,false,3
,I?CAO[vxO,5,1242134,,,false,3
,I?CAO[vxO,6,1237804,,,false,3
,I?CAO[vxO,7,1231030,,,false,3
,I?CAO[vxO,8,1247580,,,false,3
,I?CAO[vxO,9,1238014,,,false,3
,I?CAXWVlw,0,1306031,,,false,4
,I?CAXWVlw,1,1292624,,,false,4
,I?CAXWVlw,2,1301283,,,false,4
,I?CAXWVlw,3,1288992,,,false,4
,I?CAXWVlw,4,1282428,,,false,4
,I?CAXWVlw,5,1299956,,,false,4
,I?CAXWVlw,6,1289760,,,false,4
,I?CAXWVlw,7,1297232,,,false,4
,I?CAXWVlw,8,1311828,,,false,4
,I?CAXWVlw,9,1291506,,,false,4
,I?CAXWVzG,0,1297023,,,false,4
,I?CAXWVzG,1,1305194,,,false,4
,I?CAXWVzG,2,1281310,,,false,4
,I?CAXWVzG,3,1289620,,,false,4
,I?CAXWVzG,4,1290179,,,false,4
,I?CAXWVzG,5,1301283,,,false,4
,I?CAXWVzG,6,1287037,,,false,4
,I?CAXWVzG,7,1281799,,,false,4
,I?CAXWVzG,8,1305961,,,false,4
,I?CAXWVzG,9,1336688,,,false,4
,I?CCZk}zW,0,1514974,,,false,4
,I?CCZk}zW,1,1514764,,,false,4
,I?CCZk}zW,2,1462249,,,false,4
,I?CCZk}zW,3,1448911,,,false,4
,I?CCZk}zW,4,1438017,,,false,4
,I?CCZk}zW,5,1433827,,,false,4
,I?CCZk}zW,6,1435782,,,false,4
,I?CCZk}zW,7,1448842,,,false,4
,I?CCZk}zW,8,1430196,,,false,4
,I?CCZk}zW,9,1457082,,,false,4
,I?CGJCueo,0,1197021,,,false,3
,I?CGJCueo,1,1189339,,,false,3
,I?CGJCueo,2,1183194,,,false,3
,I?CGJCueo,3,1186196,,,false,3
,I?CGJCueo,4,1197020,,,false,3
,I?CGJCueo,5,1186127,,,false,3
,I?CGJCueo,6,1180400,,,false,3
,I?CGJCueo,7,1185079,,,false,3
,I?CGJCueo,8,1202258,,,false,3
,I?CGJCueo,9,1179073,,,false,3
,I?CIZYv^g,0,1445279,,,false,5
,I?CIZYv^g,1,1448981,,,false,5
,I?CIZYv^g,2,1427751,,,false,5
,I?CIZYv^g,3,1450168,,,false,5
,I?CIZYv^g,4,1425028,,,false,5
,I?CIZYv^g,5,1438995,,,false,5
,I?CIZYv^g,6,1433897,,,false,5
,I?CIZYv^g,7,1431941,,,false,5
,I?CIZYv^g,8,1442486,,,false,5
,I?CIZYv^g,9,1430614,,,false,5
,I?CKQgf\g,0,1303657,,,false,4
,I?CKQgf\g,1,1297721,,,false,4
,I?CKQgf\g,2,1295067,,,false,4
,I?CKQgf\g,3,1305542,,,false,4
,I?CKQgf\g,4,1290529,,,false,4
,I?CKQgf\g,5,1303168,,,false,4
,I?CKQgf\g,6,1287874,,,false,4
,I?CKQgf\g,7,1311409,,,false,4
,I?CKQgf\g,8,1298559,,,false,4
,I?CKQgf\g,9,1315598,,,false,4
,I?COJCmew,0,1304216,,,false,3
,I?COJCmew,1,1290458,,,false,3
,I?COJCmew,2,1260570,,,false,3
,I?COJCmew,3,1243111,,,false,3
,I?COJCmew,4,1223768,,,false,3
,I?COJCmew,5,1227957,,,false,3
,I?COJCmew,6,1237734,,,false,3
,I?COJCmew,7,1231100,,,false,3
,I?COJCmew,8,1234452,,,false,3
,I?COJCmew,9,1235150,,,false,3
,I?COPlMbw,0,1224605,,,false,4
,I?COPlMbw,1,1233893,,,false,4
,I?COPlMbw,2,1222091,,,false,4
,I?COPlMbw,3,1225304,,,false,4
,I?COPlMbw,4,1213012,,,false,4
,I?COPlMbw,5,1229703,,,false,4
,I?COPlMbw,6,1227888,,,false,4
,I?COPlMbw,7,1214829,,,false,4
,I?COPlMbw,8,1227817,,,false,4
,I?COPlMbw,9,1219297,,,false,4
,I?COPlMz_,0,1302330,,,false,4
,I?COPlMz_,1,1289062,,,false,4
,I?COPlMz_,2,1297721,,,false,4
,I?COPlMz_,3,1308754,,,false,4
,I?COPlMz_,4,1301003,,,false,4
,I?COPlMz_,5,1287107,,,false,4
,I?COPlMz_,6,1292274,,,false,4
,I?COPlMz_,7,1285919,,,false,4
,I?COPlMz_,8,1313224,,,false,4
,I?COPlMz_,9,1301422,,,false,4
,I?COPlN~w,0,1369999,,,false,4
,I?COPlN~w,1,1363505,,,false,4
,I?COPlN~w,2,1379916,,,false,4
,I?COPlN~w,3,1370907,,,false,4
,I?COPlN~w,4,1366787,,,false,4
,I?COPlN~w,5,1366228,,,false,4
,I?COPlN~w,6,1362666,,,false,4
,I?COPlN~w,7,1370977,,,false,4
,I?COPlN~w,8,1366088,,,false,4
,I?COPlN~w,9,1366437,,,false,4
,I?COQ[ubg,0,1200722,,,false,4
,I?COQ[ubg,1,1204703,,,false,4
,I?COQ[ubg,2,1244229,,,false,4
,I?COQ[ubg,3,1243949,,,false,4
,I?COQ[ubg,4,1257636,,,false,4
,I?COQ[ubg,5,1196113,,,false,4
,I?COQ[ubg,6,1199256,,,false,4
,I?COQ[ubg,7,1188780,,,false,4
,I?COQ[ubg,8,1197580,,,false,4
,I?COQ[ubg,9,1204633,,,false,4
,I?COQ[vzg,0,1351074,,,false,4
,I?COQ[vzg,1,1348421,,,false,4
,I?COQ[vzg,2,1368812,,,false,4
,I?COQ[vzg,3,1360362,,,false,4
,I?COQ[vzg,4,1351912,,,false,4
,I?COQ[vzg,5,1367416,,,false,4
,I?COQ[vzg,6,1352052,,,false,4
,I?COQ[vzg,7,1355753,,,false,4
,I?COQ[vzg,8,1351842,,,false,4
,I?COQ[vzg,9,1352820,,,false,4
,I?COQknzg,0,1352681,,,false,4
,I?COQknzg,1,1347513,,,false,4
,I?COQknzg,2,1329216,,,false,4
,I?COQknzg,3,1356731,,,false,4
,I?COQknzg,4,1335571,,,false,4
,I?COQknzg,5,1343323,,,false,4
,I?COQknzg,6,1343323,,,false,4
,I?COQknzg,7,1351424,,,false,4
,I?COQknzg,8,1338574,,,false,4
,I?COQknzg,9,1350236,,,false,4
,I?COS?vRo,0,1146392,,,false,3
,I?COS?vRo,1,1156238,,,false,3
,I?COS?vRo,2,1134939,,,false,3
,I?COS?vRo,3,1150093,,,false,3
,I?COS?vRo,4,1152328,,,false,3
,I?COS?vRo,5,1140595,,,false,3
,I?COS?vRo,6,1134031,,,false,3
,I?COS?vRo,7,1159869,,,false,3
,I?COS?vRo,8,1140176,,,false,3
,I?COS?vRo,9,1136615,,,false,3
,I?COS?vRw,0,1161894,,,false,3
,I?COS?vRw,1,1157564,,,false,3
,I?COS?vRw,2,1157844,,,false,3
,I?COS?vRw,3,1147439,,,false,3
,I?COS?vRw,4,1161615,,,false,3
,I?COS?vRw,5,1209381,,,false,3
,I?COS?vRw,6,1195694,,,false,3
,I?COS?vRw,7,1206588,,,false,3
,I?COS?vRw,8,1193739,,,false,3
,I?COS?vRw,9,1141503,,,false,3
,I?COSlNJw,0,1241714,,,false,4
,I?COSlNJw,1,1228585,,,false,4
,I?COSlNJw,2,1222929,,,false,4
,I?COSlNJw,3,1216923,,,false,4
,I?COSlNJw,4,1231170,,,false,4
,I?COSlNJw,5,1217343,,,false,4
,I?COSlNJw,6,1241784,,,false,4
,I?COSlNJw,7,1223837,,,false,4
,I?COSlNJw,8,1236476,,,false,4
,I?COSlNJw,9,1224326,,,false,4
,I?COVKuRg,0,1258404,,,false,4
,I?COVKuRg,1,1263712,,,false,4
,I?COVKuRg,2,1256030,,,false,4
,I?COVKuRg,3,1253376,,,false,4
,I?COVKuRg,4,1265039,,,false,4
,I?COVKuRg,5,1258893,,,false,4
,I?COVKuRg,6,1264969,,,false,4
,I?COVKuRg,7,1260779,,,false,4
,I?COVKuRg,8,1262734,,,false,4
,I?COVKuRg,9,1248139,,,false,4
,I?CQH\mmo,0,1365041,,,false,4
,I?CQH\mmo,1,1351563,,,false,4
,I?CQH\mmo,2,1349468,,,false,4
,I?CQH\mmo,3,1332638,,,false,4
,I?CQH\mmo,4,1357638,,,false,4
,I?CQH\mmo,5,1360152,,,false,4
,I?CQH\mmo,6,1336339,,,false,4
,I?CQH\mmo,7,1345557,,,false,4
,I?CQH\mmo,8,1351772,,,false,4
,I?CQH\mmo,9,1351354,,,false,4
,I?CS@LNZo,0,1292204,,,false,3
,I?CS@LNZo,1,1282218,,,false,3
,I?CS@LNZo,2,1270346,,,false,3
,I?CS@LNZo,3,1284104,,,false,3
,I?CS@LNZo,4,1274187,,,false,3
,I?CS@LNZo,5,1273070,,,false,3
,I?CS@LNZo,6,1268042,,,false,3
,I?CS@LNZo,7,1288573,,,false,3
,I?CS@LNZo,8,1340878,,,false,3
,I?CS@LNZo,9,1331870,,,false,3
,I?C_AcNj_,0,1203934,,,false,3
,I?C_AcNj_,1,1141014,,,false,3
,I?C_AcNj_,2,1150441,,,false,3
,I?C_AcNj_,3,1148696,,,false,3
,I?C_AcNj_,4,1146950,,,false,3
,I?C_AcNj_,5,1153235,,,false,3
,I?C_AcNj_,6,1142550,,,false,3
,I?C_AcNj_,7,1158752,,,false,3
,I?C_AcNj_,8,1145204,,,false,3
,I?C_AcNj_,9,1156937,,,false,3
,I?C_GTPw_,0,1067409,,,false,2
,I?C_GTPw_,1,1051767,,,false,2
,I?C_GTPw_,2,1049811,,,false,2
,I?C_GTPw_,3,1055398,,,false,2
,I?C_GTPw_,4,1048275,,,false,2
,I?C_GTPw_,5,1047577,,,false,2
,I?C_GTPw_,6,1058541,,,false,2
,I?C_GTPw_,7,1051766,,,false,2
,I?C_GTPw_,8,1078373,,,false,2
,I?C_GTPw_,9,1034168,,,false,2
,I?C_GdHbw,0,1141992,,,false,3
,I?C_GdHbw,1,1124464,,,false,3
,I?C_GdHbw,2,1127746,,,false,3
,I?C_GdHbw,3,1128584,,,false,3
,I?C_GdHbw,4,1107634,,,false,3
,I?C_GdHbw,5,1157495,,,false,3
,I?C_GdHbw,6,1111056,,,false,3
,I?C_GdHbw,7,1138500,,,false,3
,I?C_GdHbw,8,1117550,,,false,3
,I?C_GdHbw,9,1114267,,,false,3
,I?C_GdJbO,0,1120483,,,false,3
,I?C_GdJbO,1,1111754,,,false,3
,I?C_GdJbO,2,1123835,,,false,3
,I?C_GdJbO,3,1109379,,,false,3
,I?C_GdJbO,4,1112802,,,false,3
,I?C_GdJbO,5,1117690,,,false,3
,I?C_GdJbO,6,1110986,,,false,3
,I?C_GdJbO,7,1107704,,,false,3
,I?C_GdJbO,8,1109100,,,false,3
,I?C_GdJbO,9,1117759,,,false,3
,I?C_i\mmo,0,1360292,,,false,4
,I?C_i\mmo,1,1366647,,,false,4
,I?C_i\mmo,2,1359734,,,false,4
,I?C_i\mmo,3,1361689,,,false,4
,I?C_i\mmo,4,1374050,,,false,4
,I?C_i\mmo,5,1426634,,,false,4
,I?C_i\mmo,6,1422514,,,false,4
,I?C_i\mmo,7,1434386,,,false,4
,I?C_i\mmo,8,1337037,,,false,4
,I?C_i\mmo,9,1350237,,,false,4
,I?C_i\m|o,0,1386061,,,false,4
,I?C_i\m|o,1,1383477,,,false,4
,I?C_i\m|o,2,1388225,,,false,4
,I?C_i\m|o,3,1381242,,,false,4
,I?C_i\m|o,4,1371187,,,false,4
,I?C_i\m|o,5,1375446,,,false,4
,I?C_i\m|o,6,1390531,,,false,4
,I?C_i\m|o,7,1371186,,,false,4
,I?C_i\m|o,8,1389482,,,false,4
,I?C_i\m|o,9,1378588,,,false,4
,I?C_kHJYo,0,1244508,,,false,3
,I?C_kHJYo,1,1233474,,,false,3
,I?C_kHJYo,2,1247860,,,false,3
,I?C_kHJYo,3,1230541,,,false,3
,I?C_kHJYo,4,1236826,,,false,3
,I?C_kHJYo,5,1230751,,,false,3
,I?C_kHJYo,6,1245625,,,false,3
,I?C_kHJYo,7,1231170,,,false,3
,I?C_kHJYo,8,1234871,,,false,3
,I?C_kHJYo,9,1237944,,,false,3
,I?CaIgjfw,0,1316366,,,false,4
,I?CaIgjfw,1,1292903,,,false,4
,I?CaIgjfw,2,1291227,,,false,4
,I?CaIgjfw,3,1312805,,,false,4
,I?CaIgjfw,4,1286687,,,false,4
,I?CaIgjfw,5,1297651,,,false,4
,I?CaIgjfw,6,1299816,,,false,4
,I?CaIgjfw,7,1296255,,,false,4
,I?CaIgjfw,8,1302400,,,false,4
,I?CaIgjfw,9,1297163,,,false,4
,I?CcH`JRo,0,1229913,,,false,3
,I?CcH`JRo,1,1218600,,,false,3
,I?CcH`JRo,2,1216015,,,false,3
,I?CcH`JRo,3,1225443,,,false,3
,I?CcH`JRo,4,1219228,,,false,3
,I?CcH`JRo,5,1220275,,,false,3
,I?CcH`JRo,6,1255262,,,false,3
,I?CcH`JRo,7,1293252,,,false,3
,I?CcH`JRo,8,1269438,,,false,3
,I?CcH`JRo,9,1244648,,,false,3
,I?CgaKj{w,0,1319370,,,false,4
,I?CgaKj{w,1,1314201,,,false,4
,I?CgaKj{w,2,1310361,,,false,4
,I?CgaKj{w,3,1336130,,,false,4
,I?CgaKj{w,4,1307986,,,false,4
,I?CgaKj{w,5,1300794,,,false,4
,I?CgaKj{w,6,1312735,,,false,4
,I?CgaKj{w,7,1318881,,,false,4
,I?CgaKj{w,8,1312317,,,false,4
,I?CgaKj{w,9,1319719,,,false,4
,I?D??cjh_,0,1054210,,,false,2
,I?D??cjh_,1,1031794,,,false,2
,I?D??cjh_,2,1080817,,,false,2
,I?D??cjh_,3,1012170,,,false,2
,I?D??cjh_,4,1044573,,,false,2
,I?D??cjh_,5,1017967,,,false,2
,I?D??cjh_,6,1040035,,,false,2
,I?D??cjh_,7,1026766,,,false,2
,I?D??cjh_,8,1029350,,,false,2
,I?D??cjh_,9,1033331,,,false,2
,I?DB@aLbo,0,1227608,,,false,3
,I?DB@aLbo,1,1225024,,,false,3
,I?DB@aLbo,2,1230402,,,false,3
,I?DB@aLbo,3,1232077,,,false,3
,I?DB@aLbo,4,1222580,,,false,3
,I?DB@aLbo,5,1235708,,,false,3
,I?DB@aLbo,6,1226002,,,false,3
,I?DB@aLbo,7,1227678,,,false,3
,I?DB@aLbo,8,1219647,,,false,3
,I?DB@aLbo,9,1225722,,,false,3
,I?DOX]r]w,0,1415181,,,false,4
,I?DOX]r]w,1,1413016,,,false,4
,I?DOX]r]w,2,1407220,,,false,4
,I?DOX]r]w,3,1402891,,,false,4
,I?DOX]r]w,4,1399119,,,false,4
,I?DOX]r]w,5,1420908,,,false,4
,I?DOX]r]w,6,1382918,,,false,4
,I?DOX]r]w,7,1401215,,,false,4
,I?DOX]r]w,8,1393183,,,false,4
,I?DOX]r]w,9,1426075,,,false,4
,I?DPXxZfw,0,1442068,,,false,5
,I?DPXxZfw,1,1430894,,,false,5
,I?DPXxZfw,2,1422375,,,false,5
,I?DPXxZfw,3,1350795,,,false,5
,I?DPXxZfw,4,1379566,,,false,5
,I?DPXxZfw,5,1365180,,,false,5
,I?DPXxZfw,6,1367974,,,false,5
,I?DPXxZfw,7,1391996,,,false,5
,I?DPXxZfw,8,1370907,,,false,5
,I?DPXxZfw,9,1363295,,,false,5
,I?DPXxZ~_,0,1410852,,,false,5
,I?DPXxZ~_,1,1405405,,,false,5
,I?DPXxZ~_,2,1411201,,,false,5
,I?DPXxZ~_,3,1409386,,,false,5
,I?DPXxZ~_,4,1415321,,,false,5
,I?DPXxZ~_,5,1388645,,,false,5
,I?DPXxZ~_,6,1406941,,,false,5
,I?DPXxZ~_,7,1416858,,,false,5
,I?DPXxZ~_,8,1409036,,,false,5
,I?DPXxZ~_,9,1439414,,,false,5
,I?D__Kjao,0,1129631,,,false,3
,I?D__Kjao,1,1127606,,,false,3
,I?D__Kjao,2,1119365,,,false,3
,I?D__Kjao,3,1128863,,,false,3
,I?D__Kjao,4,1126349,,,false,3
,I?D__Kjao,5,1120972,,,false,3
,I?D__Kjao,6,1130609,,,false,3
,I?D__Kjao,7,1129561,,,false,3
,I?D__Kjao,8,1118109,,,false,3
,I?D__Kjao,9,1137522,,,false,3
,I?E@`xm^_,0,1361828,,,false,4
,I?E@`xm^_,1,1356521,,,false,4
,I?E@`xm^_,2,1370767,,,false,4
,I?E@`xm^_,3,1347583,,,false,4
,I?E@`xm^_,4,1352750,,,false,4
,I?E@`xm^_,5,1347583,,,false,4
,I?E@`xm^_,6,1350376,,,false,4
,I?E@`xm^_,7,1355613,,,false,4
,I?E@`xm^_,8,1360571,,,false,4
,I?E@`xm^_,9,1355753,,,false,4
,I?EA?kmJo,0,1213501,,,false,3
,I?EA?kmJo,1,1250234,,,false,3
,I?EA?kmJo,2,1273908,,,false,3
,I?EA?kmJo,3,1234941,,,false,3
,I?EA?kmJo,4,1215807,,,false,3
,I?EA?kmJo,5,1181587,,,false,3
,I?EA?kmJo,6,1199046,,,false,3
,I?EA?kmJo,7,1193110,,,false,3
,I?EA?kmJo,8,1190457,,,false,3
,I?EA?kmJo,9,1198278,,,false,3
,I?EGGlJIw,0,1210010,,,false,4
,I?EGGlJIw,1,1157705,,,false,4
,I?EGGlJIw,2,1192970,,,false,4
,I?EGGlJIw,3,1178654,,,false,4
,I?EGGlJIw,4,1193389,,,false,4
,I?EGGlJIw,5,1179003,,,false,4
,I?EGGlJIw,6,1195485,,,false,4
,I?EGGlJIw,7,1209451,,,false,4
,I?EGGlJIw,8,1217343,,,false,4
,I?EGGlJIw,9,1191155,,,false,4
,I?EqYonkw,0,1431244,,,false,4
,I?EqYonkw,1,1444511,,,false,4
,I?EqYonkw,2,1435294,,,false,4
,I?EqYonkw,3,1434177,,,false,4
,I?EqYonkw,4,1429638,,,false,4
,I?EqYonkw,5,1452822,,,false,4
,I?EqYonkw,6,1422305,,,false,4
,I?EqYonkw,7,1456593,,,false,4
,I?EqYonkw,8,1415391,,,false,4
,I?EqYonkw,9,1445000,,,false,4
,I?G?WdDlw,0,1198836,,,false,3
,I?G?WdDlw,1,1187593,,,false,3
,I?G?WdDlw,2,1178725,,,false,3
,I?G?WdDlw,3,1191155,,,false,3
,I?G?WdDlw,4,1184451,,,false,3
,I?G?WdDlw,5,1197440,,,false,3
,I?G?WdDlw,6,1188570,,,false,3
,I?G?WdDlw,7,1186127,,,false,3
,I?G?WdDlw,8,1189968,,,false,3
,I?G?WdDlw,9,1209661,,,false,3
,I?G?_\Uho,0,1140945,,,false,3
,I?G?_\Uho,1,1130050,,,false,3
,I?G?_\Uho,2,1133751,,,false,3
,I?G?_\Uho,3,1135776,,,false,3
,I?G?_\Uho,4,1173836,,,false,3
,I?G?_\Uho,5,1200582,,,false,3
,I?G?_\Uho,6,1180121,,,false,3
,I?G?_\Uho,7,1183264,,,false,3
,I?G?_\Uho,8,1137104,,,false,3
,I?G?_\Uho,9,1124882,,,false,3
,I?G@Ig]eo,0,1226351,,,false,3
,I?G@Ig]eo,1,1213013,,,false,3
,I?G@Ig]eo,2,1210708,,,false,3
,I?G@Ig]eo,3,1211965,,,false,3
,I?G@Ig]eo,4,1219716,,,false,3
,I?G@Ig]eo,5,1221253,,,false,3
,I?G@Ig]eo,6,1208962,,,false,3
,I?G@Ig]eo,7,1201629,,,false,3
,I?G@Ig]eo,8,1207007,,,false,3
,I?G@Ig]eo,9,1222161,,,false,3
,I?GAGcLlW,0,1165037,,,false,3
,I?GAGcLlW,1,1151489,,,false,3
,I?GAGcLlW,2,1148207,,,false,3
,I?GAGcLlW,3,1148277,,,false,3
,I?GAGcLlW,4,1150791,,,false,3
,I?GAGcLlW,5,1150582,,,false,3
,I?GAGcLlW,6,1138780,,,false,3
,I?GAGcLlW,7,1164270,,,false,3
,I?GAGcLlW,8,1152257,,,false,3
,I?GAGcLlW,9,1158543,,,false,3
,I?GG_LPxw,0,1200233,,,false,3
,I?GG_LPxw,1,1210150,,,false,3
,I?GG_LPxw,2,1193181,,,false,3
,I?GG_LPxw,3,1198209,,,false,3
,I?GG_LPxw,4,1190107,,,false,3
,I?GG_LPxw,5,1194088,,,false,3
,I?GG_LPxw,6,1202050,,,false,3
,I?GG_LPxw,7,1196602,,,false,3
,I?GG_LPxw,8,1189269,,,false,3
,I?GG_LPxw,9,1195624,,,false,3
,I?GG_NPXg,0,1174116,,,false,3
,I?GG_NPXg,1,1183962,,,false,3
,I?GG_NPXg,2,1175303,,,false,3
,I?GG_NPXg,3,1158263,,,false,3
,I?GG_NPXg,4,1160498,,,false,3
,I?GG_NPXg,5,1161825,,,false,3
,I?GG_NPXg,6,1168250,,,false,3
,I?GG_NPXg,7,1172789,,,false,3
,I?GG_NPXg,8,1164758,,,false,3
,I?GG_NPXg,9,1170135,,,false,3
,I?GGa_Fzg,0,1221463,,,false,3
,I?GGa_Fzg,1,1261408,,,false,3
,I?GGa_Fzg,2,1232148,,,false,3
,I?GGa_Fzg,3,1218600,,,false,3
,I?GGa_Fzg,4,1187524,,,false,3
,I?GGa_Fzg,5,1190247,,,false,3
,I?GGa_Fzg,6,1197510,,,false,3
,I?GGa_Fzg,7,1192203,,,false,3
,I?GGa_Fzg,8,1185289,,,false,3
,I?GGa_Fzg,9,1186128,,,false,3
,I?GGznuno,0,1476915,,,false,5
,I?GGznuno,1,1482153,,,false,5
,I?GGznuno,2,1482083,,,false,5
,I?GGznuno,3,1472236,,,false,5
,I?GGznuno,4,1474959,,,false,5
,I?GGznuno,5,1469233,,,false,5
,I?GGznuno,6,1474122,,,false,5
,I?GGznuno,7,1461831,,,false,5
,I?GGznuno,8,1484457,,,false,5
,I?GGznuno,9,1481733,,,false,5
,I?GO?\I`g,0,1051278,,,false,3
,I?GO?\I`g,1,1049323,,,false,3
,I?GO?\I`g,2,1041502,,,false,3
,I?GO?\I`g,3,1047158,,,false,3
,I?GO?\I`g,4,1049532,,,false,3
,I?GO?\I`g,5,1049951,,,false,3
,I?GO?\I`g,6,1032493,,,false,3
,I?GO?\I`g,7,1045552,,,false,3
,I?GO?\I`g,8,1045482,,,false,3
,I?GO?\I`g,9,1044993,,,false,3
,I?GOY?rbW,0,1175373,,,false,3
,I?GOY?rbW,1,1160428,,,false,3
,I?GOY?rbW,2,1166713,,,false,3
,I?GOY?rbW,3,1160498,,,false,3
,I?GOY?rbW,4,1163292,,,false,3
,I?GOY?rbW,5,1169995,,,false,3
,I?GOY?rbW,6,1160429,,,false,3
,I?GOY?rbW,7,1151210,,,false,3
,I?GOY?rbW,8,1161825,,,false,3
,I?GOY?rbW,9,1162174,,,false,3
,I?GPb]]~_,0,1432221,,,false,4
,I?GPb]]~_,1,1418255,,,false,4
,I?GPb]]~_,2,1439135,,,false,4
,I?GPb]]~_,3,1431663,,,false,4
,I?GPb]]~_,4,1501217,,,false,4
,I?GPb]]~_,5,1488228,,,false,4
,I?GPb]]~_,6,1486343,,,false,4
,I?GPb]]~_,7,1405265,,,false,4
,I?GPb]]~_,8,1427752,,,false,4
,I?GPb]]~_,9,1420001,,,false,4
,I?GW^dylg,0,1428450,,,false,5
,I?GW^dylg,1,1420699,,,false,5
,I?GW^dylg,2,1404148,,,false,5
,I?GW^dylg,3,1429358,,,false,5
,I?GW^dylg,4,1408059,,,false,5
,I?GW^dylg,5,1421188,,,false,5
,I?GW^dylg,6,1408617,,,false,5
,I?GW^dylg,7,1420629,,,false,5
,I?GW^dylg,8,1412529,,,false,5
,I?GW^dylg,9,1412388,,,false,5
,I?GWaCeaW,0,1126838,,,false,3
,I?GWaCeaW,1,1115734,,,false,3
,I?GWaCeaW,2,1128584,,,false,3
,I?GWaCeaW,3,1115176,,,false,3
,I?GWaCeaW,4,1117410,,,false,3
,I?GWaCeaW,5,1125720,,,false,3
,I?GWaCeaW,6,1122648,,,false,3
,I?GWaCeaW,7,1115735,,,false,3
,I?GWaCeaW,8,1121531,,,false,3
,I?GWaCeaW,9,1119924,,,false,3
,I?GX?uFPw,0,1221603,,,false,4
,I?GX?uFPw,1,1189619,,,false,4
,I?GX?uFPw,2,1205611,,,false,4
,I?GX?uFPw,3,1202608,,,false,4
,I?GX?uFPw,4,1200513,,,false,4
,I?GX?uFPw,5,1204842,,,false,4
,I?GX?uFPw,6,1183683,,,false,4
,I?GX?uFPw,7,1191155,,,false,4
,I?GX?uFPw,8,1207217,,,false,4
,I?GX?uFPw,9,1185149,,,false,4
,I?G_k`JRo,0,1227399,,,false,3
,I?G_k`JRo,1,1219228,,,false,3
,I?G_k`JRo,2,1222580,,,false,3
,I?G_k`JRo,3,1210778,,,false,3
,I?G_k`JRo,4,1207775,,,false,3
,I?G_k`JRo,5,1226072,,,false,3
,I?G_k`JRo,6,1230193,,,false,3
,I?G_k`JRo,7,1277679,,,false,3
,I?G_k`JRo,8,1266785,,,false,3
,I?G_k`JRo,9,1248140,,,false,3
,I?G_qK\v_,0,1297651,,,false,4
,I?G_qK\v_,1,1291227,,,false,4
,I?G_qK\v_,2,1288783,,,false,4
,I?G_qK\v_,3,1301144,,,false,4
,I?G_qK\v_,4,1292694,,,false,4
,I?G_qK\v_,5,1289481,,,false,4
,I?G_qK\v_,6,1298978,,,false,4
,I?G_qK\v_,7,1301841,,,false,4
,I?G_qK\v_,8,1283196,,,false,4
,I?G_qK\v_,9,1286548,,,false,4
,I?Gpqx]vo,0,1409805,,,false,5
,I?Gpqx]vo,1,1399470,,,false,5
,I?Gpqx]vo,2,1397026,,,false,5
,I?Gpqx]vo,3,1397165,,,false,5
,I?Gpqx]vo,4,1384944,,,false,5
,I?Gpqx]vo,5,1400587,,,false,5
,I?Gpqx]vo,6,1392346,,,false,5
,I?Gpqx]vo,7,1401495,,,false,5
,I?Gpqx]vo,8,1382151,,,false,5
,I?Gpqx]vo,9,1396257,,,false,5
,I?H?OiBDg,0,1032214,,,false,2
,I?H?OiBDg,1,1027325,,,false,2
,I?H?OiBDg,2,1025370,,,false,2
,I?H?OiBDg,3,1035635,,,false,2
,I?H?OiBDg,4,1032353,,,false,2
,I?H?OiBDg,5,1029211,,,false,2
,I?H?OiBDg,6,1027535,,,false,2
,I?H?OiBDg,7,1036334,,,false,2
,I?H?OiBDg,8,1029210,,,false,2
,I?H?OiBDg,9,1032353,,,false,2
,I?HBg~x~O,0,1479639,,,false,4
,I?HBg~x~O,1,1476147,,,false,4
,I?HBg~x~O,2,1460644,,,false,4
,I?HBg~x~O,3,1481035,,,false,4
,I?HBg~x~O,4,1470839,,,false,4
,I?HBg~x~O,5,1474331,,,false,4
,I?HBg~x~O,6,1471189,,,false,4
,I?HBg~x~O,7,1478801,,,false,4
,I?HBg~x~O,8,1519723,,,false,4
,I?HBg~x~O,9,1538858,,,false,4
,I?HOGSrew,0,1264272,,,false,3
,I?HOGSrew,1,1242204,,,false,3
,I?HOGSrew,2,1192063,,,false,3
,I?HOGSrew,3,1187803,,,false,3
,I?HOGSrew,4,1188082,,,false,3
,I?HOGSrew,5,1203725,,,false,3
,I?HOGSrew,6,1192832,,,false,3
,I?HOGSrew,7,1196951,,,false,3
,I?HOGSrew,8,1193530,,,false,3
,I?HOGSrew,9,1200513,,,false,3
,I?HOGSrfw,0,1236897,,,false,3
,I?HOGSrfw,1,1242972,,,false,3
,I?HOGSrfw,2,1249117,,,false,3
,I?HOGSrfw,3,1235011,,,false,3
,I?HOGSrfw,4,1251282,,,false,3
,I?HOGSrfw,5,1255752,,,false,3
,I?HOGSrfw,6,1245486,,,false,3
,I?HOGSrfw,7,1231379,,,false,3
,I?HOGSrfw,8,1251491,,,false,3
,I?HOGSrfw,9,1255332,,,false,3
,I?I@ph\Vo,0,1332429,,,false,4
,I?I@ph\Vo,1,1341786,,,false,4
,I?I@ph\Vo,2,1346465,,,false,4
,I?I@ph\Vo,3,1317694,,,false,4
,I?I@ph\Vo,4,1341368,,,false,4
,I?I@ph\Vo,5,1350516,,,false,4
,I?I@ph\Vo,6,1328448,,,false,4
,I?I@ph\Vo,7,1339831,,,false,4
,I?I@ph\Vo,8,1349957,,,false,4
,I?I@ph\Vo,9,1339971,,,false,4
,I?IZryv}W,0,1563649,,,false,5
,I?IZryv}W,1,1547656,,,false,5
,I?IZryv}W,2,1557015,,,false,5
,I?IZryv}W,3,1539835,,,false,5
,I?IZryv}W,4,1549612,,,false,5
,I?IZryv}W,5,1542489,,,false,5
,I?IZryv}W,6,1544584,,,false,5
,I?IZryv}W,7,1562252,,,false,5
,I?IZryv}W,8,1554221,,,false,5
,I?IZryv}W,9,1626638,,,false,5
,I?KKAKV\g,0,1335920,,,false,3
,I?KKAKV\g,1,1325026,,,false,3
,I?KKAKV\g,2,1265179,,,false,3
,I?KKAKV\g,3,1275585,,,false,3
,I?KKAKV\g,4,1276562,,,false,3
,I?KKAKV\g,5,1277749,,,false,3
,I?KKAKV\g,6,1280612,,,false,3
,I?KKAKV\g,7,1281799,,,false,3
,I?KKAKV\g,8,1279564,,,false,3
,I?KKAKV\g,9,1274118,,,false,3
,I?KQCKM[W,0,1237734,,,false,3
,I?KQCKM[W,1,1228027,,,false,3
,I?KQCKM[W,2,1240946,,,false,3
,I?KQCKM[W,3,1228935,,,false,3
,I?KQCKM[W,4,1225164,,,false,3
,I?KQCKM[W,5,1224117,,,false,3
,I?KQCKM[W,6,1234592,,,false,3
,I?KQCKM[W,7,1222580,,,false,3
,I?KQCKM[W,8,1230542,,,false,3
,I?KQCKM[W,9,1241086,,,false,3
,I?LF?kN[W,0,1312037,,,false,4
,I?LF?kN[W,1,1293880,,,false,4
,I?LF?kN[W,2,1303238,,,false,4
,I?LF?kN[W,3,1301073,,,false,4
,I?LF?kN[W,4,1292833,,,false,4
,I?LF?kN[W,5,1305683,,,false,4
,I?LF?kN[W,6,1309454,,,false,4
,I?LF?kN[W,7,1304915,,,false,4
,I?LF?kN[W,8,1301423,,,false,4
,I?LF?kN[W,9,1304985,,,false,4
,I?OH?_F`o,0,998624,,,false,2
,I?OH?_F`o,1,1003651,,,false,2
,I?OH?_F`o,2,989685,,,false,2
,I?OH?_F`o,3,993875,,,false,2
,I?OH?_F`o,4,997925,,,false,2
,I?OH?_F`o,5,998484,,,false,2
,I?OH?_F`o,6,995900,,,false,2
,I?OH?_F`o,7,1003511,,,false,2
,I?OH?_F`o,8,983050,,,false,2
,I?OH?_F`o,9,1007981,,,false,2
,I?OKbMuNo,0,1353588,,,false,3
,I?OKbMuNo,1,1357080,,,false,3
,I?OKbMuNo,2,1366229,,,false,3
,I?OKbMuNo,3,1400936,,,false,3
,I?OKbMuNo,4,1418534,,,false,3
,I?OKbMuNo,5,1424400,,,false,3
,I?OKbMuNo,6,1339971,,,false,3
,I?OKbMuNo,7,1381941,,,false,3
,I?OKbMuNo,8,1347303,,,false,3
,I?OKbMuNo,9,1348002,,,false,3
,I?OPYK|fw,0,1371955,,,false,4
,I?OPYK|fw,1,1364273,,,false,4
,I?OPYK|fw,2,1374608,,,false,4
,I?OPYK|fw,3,1359733,,,false,4
,I?OPYK|fw,4,1361759,,,false,4
,I?OPYK|fw,5,1367834,,,false,4
,I?OPYK|fw,6,1362387,,,false,4
,I?OPYK|fw,7,1358686,,,false,4
,I?OPYK|fw,8,1374957,,,false,4
,I?OPYK|fw,9,1360083,,,false,4
,I?OS?oeHo,0,1062312,,,false,2
,I?OS?oeHo,1,1053024,,,false,2
,I?OS?oeHo,2,1056375,,,false,2
,I?OS?oeHo,3,1048694,,,false,2
,I?OS?oeHo,4,1041291,,,false,2
,I?OS?oeHo,5,1040733,,,false,2
,I?OS?oeHo,6,1048415,,,false,2
,I?OS?oeHo,7,1042199,,,false,2
,I?OS?oeHo,8,1046110,,,false,2
,I?OS?oeHo,9,1049951,,,false,2
,I?OXpxVng,0,1410363,,,false,5
,I?OXpxVng,1,1434387,,,false,5
,I?OXpxVng,2,1402752,,,false,5
,I?OXpxVng,3,1422515,,,false,5
,I?OXpxVng,4,1423981,,,false,5
,I?OXpxVng,5,1412319,,,false,5
,I?OXpxVng,6,1428800,,,false,5
,I?OXpxVng,7,1406732,,,false,5
,I?OXpxVng,8,1426495,,,false,5
,I?OXpxVng,9,1401773,,,false,5
,I?O_gxbfg,0,1307848,,,false,4
,I?O_gxbfg,1,1308476,,,false,4
,I?O_gxbfg,2,1306800,,,false,4
,I?O_gxbfg,3,1309663,,,false,4
,I?O_gxbfg,4,1344231,,,false,4
,I?O_gxbfg,5,1378729,,,false,4
,I?O_gxbfg,6,1357918,,,false,4
,I?O_gxbfg,7,1361410,,,false,4
,I?O_gxbfg,8,1312317,,,false,4
,I?O_gxbfg,9,1303588,,,false,4
,I?O_yK|kw,0,1373282,,,false,4
,I?O_yK|kw,1,1348211,,,false,4
,I?O_yK|kw,2,1361690,,,false,4
,I?O_yK|kw,3,1352262,,,false,4
,I?O_yK|kw,4,1357360,,,false,4
,I?O_yK|kw,5,1360572,,,false,4
,I?O_yK|kw,6,1349957,,,false,4
,I?O_yK|kw,7,1344510,,,false,4
,I?O_yK|kw,8,1364482,,,false,4
,I?O_yK|kw,9,1353240,,,false,4
,I?Oa_}{n_,0,1376704,,,false,4
,I?Oa_}{n_,1,1373282,,,false,4
,I?Oa_}{n_,2,1371745,,,false,4
,I?Oa_}{n_,3,1374538,,,false,4
,I?Oa_}{n_,4,1365251,,,false,4
,I?Oa_}{n_,5,1363854,,,false,4
,I?Oa_}{n_,6,1372653,,,false,4
,I?Oa_}{n_,7,1353588,,,false,4
,I?Oa_}{n_,8,1385922,,,false,4
,I?Oa_}{n_,9,1365181,,,false,4
,I?Oaju}no,0,1468814,,,false,4
,I?Oaju}no,1,1487320,,,false,4
,I?Oaju}no,2,1457082,,,false,4
,I?Oaju}no,3,1476007,,,false,4
,I?Oaju}no,4,1472586,,,false,4
,I?Oaju}no,5,1473493,,,false,4
,I?Oaju}no,6,1455407,,,false,4
,I?Oaju}no,7,1489345,,,false,4
,I?Oaju}no,8,1462669,,,false,4
,I?Oaju}no,9,1482083,,,false,4
,I?Ogz~}~o,0,1501636,,,false,5
,I?Ogz~}~o,1,1534597,,,false,5
,I?Ogz~}~o,2,1512181,,,false,5
,I?Ogz~}~o,3,1545353,,,false,5
,I?Ogz~}~o,4,1586903,,,false,5
,I?Ogz~}~o,5,1593258,,,false,5
,I?Ogz~}~o,6,1524682,,,false,5
,I?Ogz~}~o,7,1523913,,,false,5
,I?Ogz~}~o,8,1518047,,,false,5
,I?Ogz~}~o,9,1509457,,,false,5
,I?OwpufTw,0,1402542,,,false,4
,I?OwpufTw,1,1402403,,,false,4
,I?OwpufTw,2,1408408,,,false,4
,I?OwpufTw,3,1403101,,,false,4
,I?OwpufTw,4,1394162,,,false,4
,I?OwpufTw,5,1417836,,,false,4
,I?OwpufTw,6,1395558,,,false,4
,I?OwpufTw,7,1403310,,,false,4
,I?OwpufTw,8,1398143,,,false,4
,I?OwpufTw,9,1395000,,,false,4
,I?Pb`}]}W,0,1494932,,,false,5
,I?Pb`}]}W,1,1495840,,,false,5
,I?Pb`}]}W,2,1496049,,,false,5
,I?Pb`}]}W,3,1493885,,,false,5
,I?Pb`}]}W,4,1504499,,,false,5
,I?Pb`}]}W,5,1484946,,,false,5
,I?Pb`}]}W,6,1493046,,,false,5
,I?Pb`}]}W,7,1494304,,,false,5
,I?Pb`}]}W,8,1496328,,,false,5
,I?Pb`}]}W,9,1498424,,,false,5
,I?SDHlsbW,0,1325096,,,false,4
,I?SDHlsbW,1,1323630,,,false,4
,I?SDHlsbW,2,1335781,,,false,4
,I?SDHlsbW,3,1320487,,,false,4
,I?SDHlsbW,4,1323630,,,false,4
,I?SDHlsbW,5,1334524,,,false,4
,I?SDHlsbW,6,1319929,,,false,4
,I?SDHlsbW,7,1333686,,,false,4
,I?SDHlsbW,8,1340460,,,false,4
,I?SDHlsbW,9,1326702,,,false,4
,I?SGh\vnw,0,1430755,,,false,5
,I?SGh\vnw,1,1509248,,,false,5
,I?SGh\vnw,2,1509597,,,false,5
,I?SGh\vnw,3,1523495,,,false,5
,I?SGh\vnw,4,1446537,,,false,5
,I?SGh\vnw,5,1454987,,,false,5
,I?SGh\vnw,6,1416369,,,false,5
,I?SGh\vnw,7,1453311,,,false,5
,I?SGh\vnw,8,1437738,,,false,5
,I?SGh\vnw,9,1452403,,,false,5
,I?SOX]u\o,0,1368533,,,false,5
,I?SOX]u\o,1,1375656,,,false,5
,I?SOX]u\o,2,1366648,,,false,5
,I?SOX]u\o,3,1352611,,,false,5
,I?SOX]u\o,4,1379357,,,false,5
,I?SOX]u\o,5,1366717,,,false,5
,I?SOX]u\o,6,1363435,,,false,5
,I?SOX]u\o,7,1382290,,,false,5
,I?SOX]u\o,8,1357778,,,false,5
,I?SOX]u\o,9,1380474,,,false,5
,I?SjSnt\o,0,1483130,,,false,5
,I?SjSnt\o,1,1491231,,,false,5
,I?SjSnt\o,2,1476147,,,false,5
,I?SjSnt\o,3,1492069,,,false,5
,I?SjSnt\o,4,1478870,,,false,5
,I?SjSnt\o,5,1469373,,,false,5
,I?SjSnt\o,6,1500310,,,false,5
,I?SjSnt\o,7,1482153,,,false,5
,I?SjSnt\o,8,1490811,,,false,5
,I?SjSnt\o,9,1473074,,,false,5
,I?StACLkW,0,1262665,,,false,4
,I?StACLkW,1,1251701,,,false,4
,I?StACLkW,2,1247790,,,false,4
,I?StACLkW,3,1252679,,,false,4
,I?StACLkW,4,1246534,,,false,4
,I?StACLkW,5,1247162,,,false,4
,I?StACLkW,6,1245626,,,false,4
,I?StACLkW,7,1260779,,,false,4
,I?StACLkW,8,1243251,,,false,4
,I?StACLkW,9,1242971,,,false,4
,I?WIG}v\o,0,1446537,,,false,5
,I?WIG}v\o,1,1466929,,,false,5
,I?WIG}v\o,2,1458199,,,false,5
,I?WIG}v\o,3,1383896,,,false,5
,I?WIG}v\o,4,1383966,,,false,5
,I?WIG}v\o,5,1406103,,,false,5
,I?WIG}v\o,6,1385852,,,false,5
,I?WIG}v\o,7,1418185,,,false,5
,I?WIG}v\o,8,1398142,,,false,5
,I?WIG}v\o,9,1390251,,,false,5
,I?_?GctQw,0,1083751,,,false,3
,I?_?GctQw,1,1089059,,,false,3
,I?_?GctQw,2,1090455,,,false,3
,I?_?GctQw,3,1080469,,,false,3
,I?_?GctQw,4,1085217,,,false,3
,I?_?GctQw,5,1086544,,,false,3
,I?_?GctQw,6,1094086,,,false,3
,I?_?GctQw,7,1081167,,,false,3
,I?_?GctQw,8,1085008,,,false,3
,I?_?GctQw,9,1085288,,,false,3
,I?_?iwn^g,0,1368464,,,false,4
,I?_?iwn^g,1,1343044,,,false,4
,I?_?iwn^g,2,1333197,,,false,4
,I?_?iwn^g,3,1361829,,,false,4
,I?_?iwn^g,4,1338923,,,false,4
,I?_?iwn^g,5,1352053,,,false,4
,I?_?iwn^g,6,1350655,,,false,4
,I?_?iwn^g,7,1353449,,,false,4
,I?_?iwn^g,8,1360711,,,false,4
,I?_?iwn^g,9,1344231,,,false,4
,I?_@GhBNG,0,1131866,,,false,3
,I?_@GhBNG,1,1121601,,,false,3
,I?_@GhBNG,2,1122020,,,false,3
,I?_@GhBNG,3,1126908,,,false,3
,I?_@GhBNG,4,1111475,,,false,3
,I?_@GhBNG,5,1133542,,,false,3
,I?_@GhBNG,6,1122089,,,false,3
,I?_@GhBNG,7,1130749,,,false,3
,I?_@GhBNG,8,1124883,,,false,3
,I?_@GhBNG,9,1119087,,,false,3
,I?_@G|]\o,0,1336060,,,false,4
,I?_@G|]\o,1,1274048,,,false,4
,I?_@G|]\o,2,1310431,,,false,4
,I?_@G|]\o,3,1315110,,,false,4
,I?_@G|]\o,4,1378659,,,false,4
,I?_@G|]\o,5,1347513,,,false,4
,I?_@G|]\o,6,1350725,,,false,4
,I?_@G|]\o,7,1277749,,,false,4
,I?_@G|]\o,8,1293881,,,false,4
,I?_@G|]\o,9,1303098,,,false,4
,I?_GHCRPW,0,1022785,,,false,3
,I?_GHCRPW,1,1024741,,,false,3
,I?_GHCRPW,2,1011124,,,false,3
,I?_GHCRPW,3,1024671,,,false,3
,I?_GHCRPW,4,1008051,,,false,3
,I?_GHCRPW,5,1019923,,,false,3
,I?_GHCRPW,6,1008051,,,false,3
,I?_GHCRPW,7,1009657,,,false,3
,I?_GHCRPW,8,1021110,,,false,3
,I?_GHCRPW,9,1016012,,,false,3
,I?_OHtM^_,0,1293322,,,false,4
,I?_OHtM^_,1,1308057,,,false,4
,I?_OHtM^_,2,1288224,,,false,4
,I?_OHtM^_,3,1293112,,,false,4
,I?_OHtM^_,4,1294718,,,false,4
,I?_OHtM^_,5,1283824,,,false,4
,I?_OHtM^_,6,1276911,,,false,4
,I?_OHtM^_,7,1290528,,,false,4
,I?_OHtM^_,8,1301143,,,false,4
,I?_OHtM^_,9,1298350,,,false,4
,I?_QXYRZG,0,1274746,,,false,4
,I?_QXYRZG,1,1298979,,,false,4
,I?_QXYRZG,2,1270906,,,false,4
,I?_QXYRZG,3,1278587,,,false,4
,I?_QXYRZG,4,1272093,,,false,4
,I?_QXYRZG,5,1281311,,,false,4
,I?_QXYRZG,6,1280054,,,false,4
,I?_QXYRZG,7,1268461,,,false,4
,I?_QXYRZG,8,1287456,,,false,4
,I?_QXYRZG,9,1272093,,,false,4
,I?`@?[]Fo,0,1169507,,,false,3
,I?`@?[]Fo,1,1154423,,,false,3
,I?`@?[]Fo,2,1152537,,,false,3
,I?`@?[]Fo,3,1156727,,,false,3
,I?`@?[]Fo,4,1148627,,,false,3
,I?`@?[]Fo,5,1148905,,,false,3
,I?`@?[]Fo,6,1163501,,,false,3
,I?`@?[]Fo,7,1154353,,,false,3
,I?`@?[]Fo,8,1179912,,,false,3
,I?`@?[]Fo,9,1218460,,,false,3
,I?cOoXFHw,0,1244718,,,false,4
,I?cOoXFHw,1,1196393,,,false,4
,I?cOoXFHw,2,1174395,,,false,4
,I?cOoXFHw,3,1181169,,,false,4
,I?cOoXFHw,4,1174814,,,false,4
,I?cOoXFHw,5,1158543,,,false,4
,I?cOoXFHw,6,1175582,,,false,4
,I?cOoXFHw,7,1164619,,,false,4
,I?cOoXFHw,8,1173906,,,false,4
,I?cOoXFHw,9,1179144,,,false,4
,I?cPHXRRg,0,1281311,,,false,4
,I?cPHXRRg,1,1290389,,,false,4
,I?cPHXRRg,2,1289271,,,false,4
,I?cPHXRRg,3,1277958,,,false,4
,I?cPHXRRg,4,1276003,,,false,4
,I?cPHXRRg,5,1280822,,,false,4
,I?cPHXRRg,6,1286967,,,false,4
,I?cPHXRRg,7,1280543,,,false,4
,I?cPHXRRg,8,1272860,,,false,4
,I?cPHXRRg,9,1272093,,,false,4
,I?cPIStRg,0,1291437,,,false,4
,I?cPIStRg,1,1283894,,,false,4
,I?cPIStRg,2,1278028,,,false,4
,I?cPIStRg,3,1292344,,,false,4
,I?cPIStRg,4,1275654,,,false,4
,I?cPIStRg,5,1289132,,,false,4
,I?cPIStRg,6,1285501,,,false,4
,I?cPIStRg,7,1275444,,,false,4
,I?cPIStRg,8,1277749,,,false,4
,I?cPIStRg,9,1278657,,,false,4
,I?cWaKeAw,0,1170764,,,false,3
,I?cWaKeAw,1,1161197,,,false,3
,I?cWaKeAw,2,1146462,,,false,3
,I?cWaKeAw,3,1165665,,,false,3
,I?cWaKeAw,4,1157565,,,false,3
,I?cWaKeAw,5,1160707,,,false,3
,I?cWaKeAw,6,1163082,,,false,3
,I?cWaKeAw,7,1157286,,,false,3
,I?cWaKeAw,8,1153305,,,false,3
,I?cWaKeAw,9,1156448,,,false,3
,I?oPGpBHW,0,1136126,,,false,3
,I?oPGpBHW,1,1125581,,,false,3
,I?oPGpBHW,2,1146810,,,false,3
,I?oPGpBHW,3,1179493,,,false,3
,I?oPGpBHW,4,1192412,,,false,3
,I?oPGpBHW,5,1165177,,,false,3
,I?oPGpBHW,6,1152188,,,false,3
,I?oPGpBHW,7,1123556,,,false,3
,I?oPGpBHW,8,1130120,,,false,3
,I?oPGpBHW,9,1132145,,,false,3
,I@??LXZr_,0,1223069,,,false,3
,I@??LXZr_,1,1221324,,,false,3
,I@??LXZr_,2,1228377,,,false,3
,I@??LXZr_,3,1218879,,,false,3
,I@??LXZr_,4,1218250,,,false,3
,I@??LXZr_,5,1211057,,,false,3
,I@??LXZr_,6,1222720,,,false,3
,I@??LXZr_,7,1218740,,,false,3
,I@??LXZr_,8,1207776,,,false,3
,I@??LXZr_,9,1218669,,,false,3
,I@??OXFf_,0,1079281,,,false,3
,I@??OXFf_,1,1068038,,,false,3
,I@??OXFf_,2,1066991,,,false,3
,I@??OXFf_,3,1058820,,,false,3
,I@??OXFf_,4,1076348,,,false,3
,I@??OXFf_,5,1068667,,,false,3
,I@??OXFf_,6,1067619,,,false,3
,I@??OXFf_,7,1074882,,,false,3
,I@??OXFf_,8,1064965,,,false,3
,I@??OXFf_,9,1068457,,,false,3
,I@??OXFfg,0,1111475,,,false,3
,I@??OXFfg,1,1119995,,,false,3
,I@??OXFfg,2,1099603,,,false,3
,I@??OXFfg,3,1096251,,,false,3
,I@??OXFfg,4,1100162,,,false,3
,I@??OXFfg,5,1108193,,,false,3
,I@??OXFfg,6,1100232,,,false,3
,I@??OXFfg,7,1108472,,,false,3
,I@??OXFfg,8,1115525,,,false,3
,I@??OXFfg,9,1100930,,,false,3
,I@??OlMhw,0,1172928,,,false,3
,I@??OlMhw,1,1172160,,,false,3
,I@??OlMhw,2,1163152,,,false,3
,I@??OlMhw,3,1172859,,,false,3
,I@??OlMhw,4,1207566,,,false,3
,I@??OlMhw,5,1199954,,,false,3
,I@??OlMhw,6,1178166,,,false,3
,I@??OlMhw,7,1168878,,,false,3
,I@??OlMhw,8,1163850,,,false,3
,I@??OlMhw,9,1172510,,,false,3
,I@??i[mfG,0,1281311,,,false,4
,I@??i[mfG,1,1293392,,,false,4
,I@??i[mfG,2,1280403,,,false,4
,I@??i[mfG,3,1243112,,,false,4
,I@??i[mfG,4,1225933,,,false,4
,I@??i[mfG,5,1229704,,,false,4
,I@??i[mfG,6,1218181,,,false,4
,I@??i[mfG,7,1217832,,,false,4
,I@??i[mfG,8,1233265,,,false,4
,I@??i[mfG,9,1223907,,,false,4
,I@??i[mfW,0,1257776,,,false,4
,I@??i[mfW,1,1246743,,,false,4
,I@??i[mfW,2,1255542,,,false,4
,I@??i[mfW,3,1260011,,,false,4
,I@??i[mfW,4,1261268,,,false,4
,I@??i[mfW,5,1266995,,,false,4
,I@??i[mfW,6,1238992,,,false,4
,I@??i[mfW,7,1263224,,,false,4
,I@??i[mfW,8,1286967,,,false,4
,I@??i[mfW,9,1231519,,,false,4
,I@?G?TFdo,0,1097019,,,false,3
,I@?G?TFdo,1,1089058,,,false,3
,I@?G?TFdo,2,1068178,,,false,3
,I@?G?TFdo,3,1071111,,,false,3
,I@?G?TFdo,4,1077675,,,false,3
,I@?G?TFdo,5,1085427,,,false,3
,I@?G?TFdo,6,1070902,,,false,3
,I@?G?TFdo,7,1097718,,,false,3
,I@?G?TFdo,8,1082843,,,false,3
,I@?G?TFdo,9,1087102,,,false,3
,I@?G?TFdw,0,1098695,,,false,3
,I@?G?TFdw,1,1113221,,,false,3
,I@?G?TFdw,2,1103235,,,false,3
,I@?G?TFdw,3,1097578,,,false,3
,I@?G?TFdw,4,1092899,,,false,3
,I@?G?TFdw,5,1092759,,,false,3
,I@?G?TFdw,6,1093178,,,false,3
,I@?G?TFdw,7,1089617,,,false,3
,I@?G?TFdw,8,1093248,,,false,3
,I@?G?TFdw,9,1110427,,,false,3
,I@?GhTFfW,0,1277051,,,false,4
,I@?GhTFfW,1,1269578,,,false,4
,I@?GhTFfW,2,1257078,,,false,4
,I@?GhTFfW,3,1265249,,,false,4
,I@?GhTFfW,4,1265738,,,false,4
,I@?GhTFfW,5,1266366,,,false,4
,I@?GhTFfW,6,1311828,,,false,4
,I@?GhTFfW,7,1327750,,,false,4
,I@?GhTFfW,8,1317275,,,false,4
,I@?GhTFfW,9,1250723,,,false,4
,I@?IIgjfg,0,1306520,,,false,4
,I@?IIgjfg,1,1275026,,,false,4
,I@?IIgjfg,2,1302191,,,false,4
,I@?IIgjfg,3,1296884,,,false,4
,I@?IIgjfg,4,1297931,,,false,4
,I@?IIgjfg,5,1295975,,,false,4
,I@?IIgjfg,6,1294718,,,false,4
,I@?IIgjfg,7,1302400,,,false,4
,I@?IIgjfg,8,1293601,,,false,4
,I@?IIgjfg,9,1288363,,,false,4
,I@?IOmFYW,0,1237316,,,false,4
,I@?IOmFYW,1,1232846,,,false,4
,I@?IOmFYW,2,1237036,,,false,4
,I@?IOmFYW,3,1224256,,,false,4
,I@?IOmFYW,4,1253656,,,false,4
,I@?IOmFYW,5,1230891,,,false,4
,I@?IOmFYW,6,1229284,,,false,4
,I@?IOmFYW,7,1235080,,,false,4
,I@?IOmFYW,8,1235639,,,false,4
,I@?IOmFYW,9,1233964,,,false,4
,I@?IpM\vO,0,1366229,,,false,4
,I@?IpM\vO,1,1350446,,,false,4
,I@?IpM\vO,2,1388715,,,false,4
,I@?IpM\vO,3,1340949,,,false,4
,I@?IpM\vO,4,1380615,,,false,4
,I@?IpM\vO,5,1357779,,,false,4
,I@?IpM\vO,6,1358826,,,false,4
,I@?IpM\vO,7,1376005,,,false,4
,I@?IpM\vO,8,1363226,,,false,4
,I@?IpM\vO,9,1358267,,,false,4
,I@?OH]IQg,0,1080189,,,false,3
,I@?OH]IQg,1,1088918,,,false,3
,I@?OH]IQg,2,1098346,,,false,3
,I@?OH]IQg,3,1088988,,,false,3
,I@?OH]IQg,4,1095344,,,false,3
,I@?OH]IQg,5,1084729,,,false,3
,I@?OH]IQg,6,1101069,,,false,3
,I@?OH]IQg,7,1085706,,,false,3
,I@?OH]IQg,8,1105888,,,false,3
,I@?OH]IQg,9,1133961,,,false,3
,I@?OOXBbg,0,1125651,,,false,3
,I@?OOXBbg,1,1124952,,,false,3
,I@?OOXBbg,2,1115246,,,false,3
,I@?OOXBbg,3,1050300,,,false,3
,I@?OOXBbg,4,1092131,,,false,3
,I@?OOXBbg,5,1058541,,,false,3
,I@?OOXBbg,6,1076628,,,false,3
,I@?OOXBbg,7,1072997,,,false,3
,I@?OOXBbg,8,1066572,,,false,3
,I@?OOXBbg,9,1079840,,,false,3
,I@?SQOFJG,0,1098066,,,false,2
,I@?SQOFJG,1,1091433,,,false,2
,I@?SQOFJG,2,1089897,,,false,2
,I@?SQOFJG,3,1104352,,,false,2
,I@?SQOFJG,4,1076069,,,false,2
,I@?SQOFJG,5,1088988,,,false,2
,I@?SQOFJG,6,1080887,,,false,2
,I@?SQOFJG,7,1081376,,,false,2
,I@?SQOFJG,8,1098277,,,false,2
,I@?SQOFJG,9,1084030,,,false,2
,I@?YtKnVW,0,1403170,,,false,5
,I@?YtKnVW,1,1416858,,,false,5
,I@?YtKnVW,2,1401355,,,false,5
,I@?YtKnVW,3,1421188,,,false,5
,I@?YtKnVW,4,1407640,,,false,5
,I@?YtKnVW,5,1402612,,,false,5
,I@?YtKnVW,6,1408617,,,false,5
,I@?YtKnVW,7,1392765,,,false,5
,I@?YtKnVW,8,1415881,,,false,5
,I@?YtKnVW,9,1406243,,,false,5
,I@@?pMKUW,0,1225723,,,false,3
,I@@?pMKUW,1,1219997,,,false,3
,I@@?pMKUW,2,1219438,,,false,3
,I@@?pMKUW,3,1209870,,,false,3
,I@@?pMKUW,4,1213362,,,false,3
,I@@?pMKUW,5,1215667,,,false,3
,I@@?pMKUW,6,1220555,,,false,3
,I@@?pMKUW,7,1220206,,,false,3
,I@@?pMKUW,8,1216574,,,false,3
,I@@?pMKUW,9,1213571,,,false,3
,I@@GHOZco,0,1164968,,,false,3
,I@@GHOZco,1,1155958,,,false,3
,I@@GHOZco,2,1152467,,,false,3
,I@@GHOZco,3,1156378,,,false,3
,I@@GHOZco,4,1189130,,,false,3
,I@@GHOZco,5,1222371,,,false,3
,I@@GHOZco,6,1204912,,,false,3
,I@@GHOZco,7,1189758,,,false,3
,I@@GHOZco,8,1150302,,,false,3
,I@@GHOZco,9,1151350,,,false,3
,I@@IHUZfo,0,1345697,,,false,4
,I@@IHUZfo,1,1353659,,,false,4
,I@@IHUZfo,2,1333267,,,false,4
,I@@IHUZfo,3,1333128,,,false,4
,I@@IHUZfo,4,1344720,,,false,4
,I@@IHUZfo,5,1334454,,,false,4
,I@@IHUZfo,6,1355613,,,false,4
,I@@IHUZfo,7,1339063,,,false,4
,I@@IHUZfo,8,1343253,,,false,4
,I@@IHUZfo,9,1350446,,,false,4
,I@@XXpZhw,0,1415670,,,false,5
,I@@XXpZhw,1,1398631,,,false,5
,I@@XXpZhw,2,1411061,,,false,5
,I@@XXpZhw,3,1400796,,,false,5
,I@@XXpZhw,4,1423213,,,false,5
,I@@XXpZhw,5,1399469,,,false,5
,I@@XXpZhw,6,1408687,,,false,5
,I@@XXpZhw,7,1396746,,,false,5
,I@@XXpZhw,8,1396815,,,false,5
,I@@XXpZhw,9,1419721,,,false,5
,I@@g{pjdw,0,1417277,,,false,5
,I@@g{pjdw,1,1435014,,,false,5
,I@@g{pjdw,2,1413366,,,false,5
,I@@g{pjdw,3,1430266,,,false,5
,I@@g{pjdw,4,1414902,,,false,5
,I@@g{pjdw,5,1440392,,,false,5
,I@@g{pjdw,6,1418534,,,false,5
,I@@g{pjdw,7,1417905,,,false,5
,I@@g{pjdw,8,1428590,,,false,5
,I@@g{pjdw,9,1423632,,,false,5
,I@C?ICLwg,0,1131308,,,false,3
,I@C?ICLwg,1,1138500,,,false,3
,I@C?ICLwg,2,1130470,,,false,3
,I@C?ICLwg,3,1134799,,,false,3
,I@C?ICLwg,4,1142970,,,false,3
,I@C?ICLwg,5,1170554,,,false,3
,I@C?ICLwg,6,1188432,,,false,3
,I@C?ICLwg,7,1178934,,,false,3
,I@C?ICLwg,8,1184241,,,false,3
,I@C?ICLwg,9,1115664,,,false,3
,I@COYUtZg,0,1348491,,,false,4
,I@COYUtZg,1,1357150,,,false,4
,I@COYUtZg,2,1343742,,,false,4
,I@COYUtZg,3,1337457,,,false,4
,I@COYUtZg,4,1364203,,,false,4
,I@COYUtZg,5,1347583,,,false,4
,I@COYUtZg,6,1355614,,,false,4
,I@COYUtZg,7,1358966,,,false,4
,I@COYUtZg,8,1353379,,,false,4
,I@COYUtZg,9,1340390,,,false,4
,I@CdQm]ZW,0,1406383,,,false,4
,I@CdQm]ZW,1,1420908,,,false,4
,I@CdQm]ZW,2,1411411,,,false,4
,I@CdQm]ZW,3,1413017,,,false,4
,I@CdQm]ZW,4,1412109,,,false,4
,I@CdQm]ZW,5,1405754,,,false,4
,I@CdQm]ZW,6,1400936,,,false,4
,I@CdQm]ZW,7,1424749,,,false,4
,I@CdQm]ZW,8,1407500,,,false,4
,I@CdQm]ZW,9,1413437,,,false,4
,I@DGtLjlg,0,1429219,,,false,5
,I@DGtLjlg,1,1438367,,,false,5
,I@DGtLjlg,2,1411970,,,false,5
,I@DGtLjlg,3,1431942,,,false,5
,I@DGtLjlg,4,1438716,,,false,5
,I@DGtLjlg,5,1426635,,,false,5
,I@DGtLjlg,6,1454289,,,false,5
,I@DGtLjlg,7,1415880,,,false,5
,I@DGtLjlg,8,1441928,,,false,5
,I@DGtLjlg,9,1421537,,,false,5
,I@GTQl]jW,0,1415182,,,false,4
,I@GTQl]jW,1,1389623,,,false,4
,I@GTQl]jW,2,1392347,,,false,4
,I@GTQl]jW,3,1405755,,,false,4
,I@GTQl]jW,4,1428870,,,false,4
,I@GTQl]jW,5,1492279,,,false,4
,I@GTQl]jW,6,1479220,,,false,4
,I@GTQl]jW,7,1448283,,,false,4
,I@GTQl]jW,8,1404428,,,false,4
,I@GTQl]jW,9,1401705,,,false,4
,I@GY}xn~g,0,1557225,,,false,6
,I@GY}xn~g,1,1579501,,,false,6
,I@GY}xn~g,2,1560157,,,false,6
,I@GY}xn~g,3,1571261,,,false,6
,I@GY}xn~g,4,1555548,,,false,6
,I@GY}xn~g,5,1564207,,,false,6
,I@GY}xn~g,6,1557085,,,false,6
,I@GY}xn~g,7,1560856,,,false,6
,I@GY}xn~g,8,1581387,,,false,6
,I@GY}xn~g,9,1566094,,,false,6
,I@HH?]VUw,0,1364832,,,false,4
,I@HH?]VUw,1,1340879,,,false,4
,I@HH?]VUw,2,1334175,,,false,4
,I@HH?]VUw,3,1354637,,,false,4
,I@HH?]VUw,4,1346047,,,false,4
,I@HH?]VUw,5,1338295,,,false,4
,I@HH?]VUw,6,1348421,,,false,4
,I@HH?]VUw,7,1346606,,,false,4
,I@HH?]VUw,8,1354846,,,false,4
,I@HH?]VUw,9,1342345,,,false,4
,I@ODG|[hW,0,1328589,,,false,4
,I@ODG|[hW,1,1325167,,,false,4
,I@ODG|[hW,2,1313784,,,false,4
,I@ODG|[hW,3,1316996,,,false,4
,I@ODG|[hW,4,1322931,,,false,4
,I@ODG|[hW,5,1317555,,,false,4
,I@ODG|[hW,6,1318462,,,false,4
,I@ODG|[hW,7,1319021,,,false,4
,I@ODG|[hW,8,1319371,,,false,4
,I@ODG|[hW,9,1317066,,,false,4
,I@OH?lEeW,0,1229355,,,false,3
,I@OH?lEeW,1,1230262,,,false,3
,I@OH?lEeW,2,1211267,,,false,3
,I@OH?lEeW,3,1239201,,,false,3
,I@OH?lEeW,4,1270067,,,false,3
,I@OH?lEeW,5,1286758,,,false,3
,I@OH?lEeW,6,1250933,,,false,3
,I@OH?lEeW,7,1204703,,,false,3
,I@OH?lEeW,8,1208264,,,false,3
,I@OH?lEeW,9,1236199,,,false,3
,I@O[P\VXw,0,1384805,,,false,4
,I@O[P\VXw,1,1376145,,,false,4
,I@O[P\VXw,2,1379008,,,false,4
,I@O[P\VXw,3,1376564,,,false,4
,I@O[P\VXw,4,1375587,,,false,4
,I@O[P\VXw,5,1365880,,,false,4
,I@O[P\VXw,6,1369860,,,false,4
,I@O[P\VXw,7,1387040,,,false,4
,I@O[P\VXw,8,1371536,,,false,4
,I@O[P\VXw,9,1378380,,,false,4
,I@O_{zMzo,0,1460505,,,false,4
,I@O_{zMzo,1,1450029,,,false,4
,I@O_{zMzo,2,1446677,,,false,4
,I@O_{zMzo,3,1440392,,,false,4
,I@O_{zMzo,4,1447096,,,false,4
,I@O_{zMzo,5,1445840,,,false,4
,I@O_{zMzo,6,1445211,,,false,4
,I@O_{zMzo,7,1435993,,,false,4
,I@O_{zMzo,8,1452473,,,false,4
,I@O_{zMzo,9,1437180,,,false,4
,I@OhozFTw,0,1418674,,,false,5
,I@OhozFTw,1,1399540,,,false,5
,I@OhozFTw,2,1397654,,,false,5
,I@OhozFTw,3,1398282,,,false,5
,I@OhozFTw,4,1401983,,,false,5
,I@OhozFTw,5,1413925,,,false,5
,I@OhozFTw,6,1397584,,,false,5
,I@OhozFTw,7,1398143,,,false,5
,I@OhozFTw,8,1387039,,,false,5
,I@OhozFTw,9,1408967,,,false,5
,I@Ohun[Xw,0,1507433,,,false,5
,I@Ohun[Xw,1,1481595,,,false,5
,I@Ohun[Xw,2,1552266,,,false,5
,I@Ohun[Xw,3,1564906,,,false,5
,I@Ohun[Xw,4,1569865,,,false,5
,I@Ohun[Xw,5,1506664,,,false,5
,I@Ohun[Xw,6,1488647,,,false,5
,I@Ohun[Xw,7,1487181,,,false,5
,I@Ohun[Xw,8,1496050,,,false,5
,I@Ohun[Xw,9,1477125,,,false,5
,I@P@gyNjo,0,1397515,,,false,4
,I@P@gyNjo,1,1370000,,,false,4
,I@P@gyNjo,2,1394860,,,false,4
,I@P@gyNjo,3,1373561,,,false,4
,I@P@gyNjo,4,1366578,,,false,4
,I@P@gyNjo,5,1383827,,,false,4
,I@P@gyNjo,6,1354776,,,false,4
,I@P@gyNjo,7,1375028,,,false,4
,I@P@gyNjo,8,1379916,,,false,4
,I@P@gyNjo,9,1367625,,,false,4
,I@QWqcnXw,0,1409386,,,false,5
,I@QWqcnXw,1,1381801,,,false,5
,I@QWqcnXw,2,1413017,,,false,5
,I@QWqcnXw,3,1400098,,,false,5
,I@QWqcnXw,4,1398073,,,false,5
,I@QWqcnXw,5,1408129,,,false,5
,I@QWqcnXw,6,1387319,,,false,5
,I@QWqcnXw,7,1420141,,,false,5
,I@QWqcnXw,8,1388087,,,false,5
,I@QWqcnXw,9,1404079,,,false,5
,I@Sg\CVTw,0,1355334,,,false,5
,I@Sg\CVTw,1,1357988,,,false,5
,I@Sg\CVTw,2,1370768,,,false,5
,I@Sg\CVTw,3,1349888,,,false,5
,I@Sg\CVTw,4,1346885,,,false,5
,I@Sg\CVTw,5,1369930,,,false,5
,I@Sg\CVTw,6,1367416,,,false,5
,I@Sg\CVTw,7,1351843,,,false,5
,I@Sg\CVTw,8,1360014,,,false,5
,I@Sg\CVTw,9,1353659,,,false,5
,I@_OXLZVo,0,1336200,,,false,4
,I@_OXLZVo,1,1393325,,,false,4
,I@_OXLZVo,2,1399819,,,false,4
,I@_OXLZVo,3,1387179,,,false,4
,I@_OXLZVo,4,1325446,,,false,4
,I@_OXLZVo,5,1333337,,,false,4
,I@_OXLZVo,6,1328588,,,false,4
,I@_OXLZVo,7,1320348,,,false,4
,I@_OXLZVo,8,1333407,,,false,4
,I@_OXLZVo,9,1337248,,,false,4
,I@g?gxfVg,0,1344790,,,false,4
,I@g?gxfVg,1,1357360,,,false,4
,I@g?gxfVg,2,1353659,,,false,4
,I@g?gxfVg,3,1348281,,,false,4
,I@g?gxfVg,4,1364273,,,false,4
,I@g?gxfVg,5,1348630,,,false,4
,I@g?gxfVg,6,1346605,,,false,4
,I@g?gxfVg,7,1349748,,,false,4
,I@g?gxfVg,8,1348911,,,false,4
,I@g?gxfVg,9,1348142,,,false,4
,I@h?GkYWw,0,1232776,,,false,3
,I@h?GkYWw,1,1214899,,,false,3
,I@h?GkYWw,2,1227958,,,false,3
,I@h?GkYWw,3,1232846,,,false,3
,I@h?GkYWw,4,1217134,,,false,3
,I@h?GkYWw,5,1220555,,,false,3
,I@h?GkYWw,6,1236617,,,false,3
,I@h?GkYWw,7,1214899,,,false,3
,I@h?GkYWw,8,1232567,,,false,3
,I@h?GkYWw,9,1225164,,,false,3
,I@o\`\VxW,0,1490603,,,false,5
,I@o\`\VxW,1,1501078,,,false,5
,I@o\`\VxW,2,1504360,,,false,5
,I@o\`\VxW,3,1502894,,,false,5
,I@o\`\VxW,4,1495631,,,false,5
,I@o\`\VxW,5,1494654,,,false,5
,I@o\`\VxW,6,1500519,,,false,5
,I@o\`\VxW,7,1493675,,,false,5
,I@o\`\VxW,8,1509248,,,false,5
,I@o\`\VxW,9,1488508,,,false,5
,IA??GWjko,0,1125581,,,false,3
,IA??GWjko,1,1151978,,,false,3
,IA??GWjko,2,1159939,,,false,3
,IA??GWjko,3,1173138,,,false,3
,IA??GWjko,4,1151700,,,false,3
,IA??GWjko,5,1092340,,,false,3
,IA??GWjko,6,1109939,,,false,3
,IA??GWjko,7,1102537,,,false,3
,IA??GWjko,8,1106796,,,false,3
,IA??GWjko,9,1102257,,,false,3
,IA?G?Kjlw,0,1157845,,,false,3
,IA?G?Kjlw,1,1167203,,,false,3
,IA?G?Kjlw,2,1153515,,,false,3
,IA?G?Kjlw,3,1166225,,,false,3
,IA?G?Kjlw,4,1157356,,,false,3
,IA?G?Kjlw,5,1167272,,,false,3
,IA?G?Kjlw,6,1169227,,,false,3
,IA?G?Kjlw,7,1153934,,,false,3
,IA?G?Kjlw,8,1158683,,,false,3
,IA?G?Kjlw,9,1172440,,,false,3
,IA?HHhJmg,0,1315459,,,false,4
,IA?HHhJmg,1,1291926,,,false,4
,IA?HHhJmg,2,1300864,,,false,4
,IA?HHhJmg,3,1306172,,,false,4
,IA?HHhJmg,4,1291716,,,false,4
,IA?HHhJmg,5,1298560,,,false,4
,IA?HHhJmg,6,1300445,,,false,4
,IA?HHhJmg,7,1309385,,,false,4
,IA?HHhJmg,8,1297023,,,false,4
,IA?HHhJmg,9,1300166,,,false,4
,IA?_xU\vO,0,1362947,,,false,4
,IA?_xU\vO,1,1361062,,,false,4
,IA?_xU\vO,2,1367765,,,false,4
,IA?_xU\vO,3,1352402,,,false,4
,IA?_xU\vO,4,1344720,,,false,4
,IA?_xU\vO,5,1367695,,,false,4
,IA?_xU\vO,6,1369023,,,false,4
,IA?_xU\vO,7,1352053,,,false,4
,IA?_xU\vO,8,1374050,,,false,4
,IA?_xU\vO,9,1360922,,,false,4
,IAAKPln]o,0,1416719,,,false,4
,IAAKPln]o,1,1414624,,,false,4
,IAAKPln]o,2,1402822,,,false,4
,IAAKPln]o,3,1419931,,,false,4
,IAAKPln]o,4,1457432,,,false,4
,IAAKPln]o,5,1489765,,,false,4
,IAAKPln]o,6,1465533,,,false,4
,IAAKPln]o,7,1428521,,,false,4
,IAAKPln]o,8,1411900,,,false,4
,IAAKPln]o,9,1413157,,,false,4
,IAC_[GbQW,0,1134311,,,false,3
,IAC_[GbQW,1,1134311,,,false,3
,IAC_[GbQW,2,1121461,,,false,3
,IAC_[GbQW,3,1156867,,,false,3
,IAC_[GbQW,4,1099534,,,false,3
,IAC_[GbQW,5,1138012,,,false,3
,IAC_[GbQW,6,1123138,,,false,3
,IAC_[GbQW,7,1130958,,,false,3
,IAC_[GbQW,8,1124744,,,false,3
,IAC_[GbQW,9,1114059,,,false,3
,IAC_g\jnw,0,1400937,,,false,4
,IAC_g\jnw,1,1394721,,,false,4
,IAC_g\jnw,2,1386551,,,false,4
,IAC_g\jnw,3,1406243,,,false,4
,IAC_g\jnw,4,1373352,,,false,4
,IAC_g\jnw,5,1399400,,,false,4
,IAC_g\jnw,6,1405196,,,false,4
,IAC_g\jnw,7,1381104,,,false,4
,IAC_g\jnw,8,1413716,,,false,4
,IAC_g\jnw,9,1388366,,,false,4
,IACppXNzw,0,1461203,,,false,5
,IACppXNzw,1,1429638,,,false,5
,IACppXNzw,2,1437110,,,false,5
,IACppXNzw,3,1453591,,,false,5
,IACppXNzw,4,1464205,,,false,5
,IACppXNzw,5,1597099,,,false,5
,IACppXNzw,6,1490533,,,false,5
,IACppXNzw,7,1519026,,,false,5
,IACppXNzw,8,1493885,,,false,5
,IACppXNzw,9,1521540,,,false,5
,IAG@I]]fo,0,1397445,,,false,4
,IAG@I]]fo,1,1410923,,,false,4
,IAG@I]]fo,2,1395629,,,false,4
,IAG@I]]fo,3,1420210,,,false,4
,IAG@I]]fo,4,1438856,,,false,4
,IAG@I]]fo,5,1464834,,,false,4
,IAG@I]]fo,6,1450797,,,false,4
,IAG@I]]fo,7,1410504,,,false,4
,IAG@I]]fo,8,1391090,,,false,4
,IAG@I]]fo,9,1399749,,,false,4
,IAGGaKefw,0,1254076,,,false,3
,IAGGaKefw,1,1256519,,,false,3
,IAGGaKefw,2,1266157,,,false,3
,IAGGaKefw,3,1252399,,,false,3
,IAGGaKefw,4,1261129,,,false,3
,IAGGaKefw,5,1265389,,,false,3
,IAGGaKefw,6,1257079,,,false,3
,IAGGaKefw,7,1263643,,,false,3
,IAGGaKefw,8,1254285,,,false,3
,IAGGaKefw,9,1267554,,,false,3
,IAKPY^vzo,0,1542909,,,false,5
,IAKPY^vzo,1,1528104,,,false,5
,IAKPY^vzo,2,1535994,,,false,5
,IAKPY^vzo,3,1520142,,,false,5
,IAKPY^vzo,4,1522727,,,false,5
,IAKPY^vzo,5,1515394,,,false,5
,IAKPY^vzo,6,1537881,,,false,5
,IAKPY^vzo,7,1518885,,,false,5
,IAKPY^vzo,8,1532503,,,false,5
,IAKPY^vzo,9,1532853,,,false,5
,IAl`g|N{w,0,1531037,,,false,6
,IAl`g|N{w,1,1533411,,,false,6
,IAl`g|N{w,2,1508830,,,false,6
,IAl`g|N{w,3,1534668,,,false,6
,IAl`g|N{w,4,1512810,,,false,6
,IAl`g|N{w,5,1534109,,,false,6
,IAl`g|N{w,6,1517280,,,false,6
,IAl`g|N{w,7,1525799,,,false,6
,IAl`g|N{w,8,1511343,,,false,6
,IAl`g|N{w,9,1540254,,,false,6
,IC?`O|]Vo,0,1330474,,,false,4
,IC?`O|]Vo,1,1349957,,,false,4
,IC?`O|]Vo,2,1387039,,,false,4
,IC?`O|]Vo,3,1402542,,,false,4
,IC?`O|]Vo,4,1396327,,,false,4
,IC?`O|]Vo,5,1332849,,,false,4
,IC?`O|]Vo,6,1332359,,,false,4
,IC?`O|]Vo,7,1336619,,,false,4
,IC?`O|]Vo,8,1334525,,,false,4
,IC?`O|]Vo,9,1313713,,,false,4
,IC?`Px]Vo,0,1342555,,,false,4
,IC?`Px]Vo,1,1335502,,,false,4
,IC?`Px]Vo,2,1354427,,,false,4
,IC?`Px]Vo,3,1339413,,,false,4
,IC?`Px]Vo,4,1335642,,,false,4
,IC?`Px]Vo,5,1341228,,,false,4
,IC?`Px]Vo,6,1327821,,,false,4
,IC?`Px]Vo,7,1347094,,,false,4
,IC?`Px]Vo,8,1347373,,,false,4
,IC?`Px]Vo,9,1335083,,,false,4
,IC@@oK\YW,0,1243321,,,false,3
,IC@@oK\YW,1,1249327,,,false,3
,IC@@oK\YW,2,1244578,,,false,3
,IC@@oK\YW,3,1236477,,,false,3
,IC@@oK\YW,4,1266436,,,false,3
,IC@@oK\YW,5,1237036,,,false,3
,IC@@oK\YW,6,1243670,,,false,3
,IC@@oK\YW,7,1248349,,,false,3
,IC@@oK\YW,8,1241366,,,false,3
,IC@@oK\YW,9,1263504,,,false,3
,IC@xo|zjw,0,1507642,,,false,5
,IC@xo|zjw,1,1518257,,,false,5
,IC@xo|zjw,2,1495700,,,false,5
,IC@xo|zjw,3,1526497,,,false,5
,IC@xo|zjw,4,1498005,,,false,5
,IC@xo|zjw,5,1523006,,,false,5
,IC@xo|zjw,6,1504500,,,false,5
,IC@xo|zjw,7,1511483,,,false,5
,IC@xo|zjw,8,1512950,,,false,5
,IC@xo|zjw,9,1515324,,,false,5
,ICCAHGJzG,0,1232497,,,false,3
,ICCAHGJzG,1,1212873,,,false,3
,ICCAHGJzG,2,1273838,,,false,3
,ICCAHGJzG,3,1273560,,,false,3
,ICCAHGJzG,4,1260710,,,false,3
,ICCAHGJzG,5,1248839,,,false,3
,ICCAHGJzG,6,1198767,,,false,3
,ICCAHGJzG,7,1209801,,,false,3
,ICCAHGJzG,8,1227818,,,false,3
,ICCAHGJzG,9,1216854,,,false,3
,ICCGQCvXo,0,1244857,,,false,3
,ICCGQCvXo,1,1221673,,,false,3
,ICCGQCvXo,2,1226841,,,false,3
,ICCGQCvXo,3,1241087,,,false,3
,ICCGQCvXo,4,1235081,,,false,3
,ICCGQCvXo,5,1227888,,,false,3
,ICCGQCvXo,6,1218740,,,false,3
,ICCGQCvXo,7,1241296,,,false,3
,ICCGQCvXo,8,1240109,,,false,3
,ICCGQCvXo,9,1220485,,,false,3
,ICGOIUcQg,0,1162523,,,false,3
,ICGOIUcQg,1,1152537,,,false,3
,ICGOIUcQg,2,1152887,,,false,3
,ICGOIUcQg,3,1159242,,,false,3
,ICGOIUcQg,4,1155960,,,false,3
,ICGOIUcQg,5,1160987,,,false,3
,ICGOIUcQg,6,1158194,,,false,3
,ICGOIUcQg,7,1152258,,,false,3
,ICGOIUcQg,8,1161337,,,false,3
,ICGOIUcQg,9,1169437,,,false,3
,ICN@G\rqw,0,1438786,,,false,5
,ICN@G\rqw,1,1434107,,,false,5
,ICN@G\rqw,2,1454568,,,false,5
,ICN@G\rqw,3,1436342,,,false,5
,ICN@G\rqw,4,1459807,,,false,5
,ICN@G\rqw,5,1438647,,,false,5
,ICN@G\rqw,6,1455616,,,false,5
,ICN@G\rqw,7,1431035,,,false,5
,ICN@G\rqw,8,1450937,,,false,5
,ICN@G\rqw,9,1432431,,,false,5
,IC\P[^vzo,0,1585157,,,false,5
,IC\P[^vzo,1,1570004,,,false,5
,IC\P[^vzo,2,1587602,,,false,5
,IC\P[^vzo,3,1583552,,,false,5
,IC\P[^vzo,4,1648427,,,false,5
,IC\P[^vzo,5,1663302,,,false,5
,IC\P[^vzo,6,1559529,,,false,5
,IC\P[^vzo,7,1583762,,,false,5
,IC\P[^vzo,8,1583342,,,false,5
,IC\P[^vzo,9,1567560,,,false,5
,ID?GGpFIw,0,1168040,,,false,3
,ID?GGpFIw,1,1178096,,,false,3
,ID?GGpFIw,2,1143040,,,false,3
,ID?GGpFIw,3,1164968,,,false,3
,ID?GGpFIw,4,1155331,,,false,3
,ID?GGpFIw,5,1168320,,,false,3
,ID?GGpFIw,6,1162105,,,false,3
,ID?GGpFIw,7,1167202,,,false,3
,ID?GGpFIw,8,1161197,,,false,3
,ID?GGpFIw,9,1159940,,,false,3
,ID@@xW\Qw,0,1321675,,,false,4
,ID@@xW\Qw,1,1338435,,,false,4
,ID@@xW\Qw,2,1312736,,,false,4
,ID@@xW\Qw,3,1312317,,,false,4
,ID@@xW\Qw,4,1334315,,,false,4
,ID@@xW\Qw,5,1314202,,,false,4
,ID@@xW\Qw,6,1325096,,,false,4
,ID@@xW\Qw,7,1329078,,,false,4
,ID@@xW\Qw,8,1315669,,,false,4
,ID@@xW\Qw,9,1319929,,,false,4
,IDG@I\]Fo,0,1337108,,,false,4
,IDG@I\]Fo,1,1342835,,,false,4
,IDG@I\]Fo,2,1326982,,,false,4
,IDG@I\]Fo,3,1358337,,,false,4
,IDG@I\]Fo,4,1322932,,,false,4
,IDG@I\]Fo,5,1342764,,,false,4
,IDG@I\]Fo,6,1344231,,,false,4
,IDG@I\]Fo,7,1331451,,,false,4
,IDG@I\]Fo,8,1334734,,,false,4
,IDG@I\]Fo,9,1340740,,,false,4
,IG??_SFnw,0,1148068,,,false,3
,IG??_SFnw,1,1148627,,,false,3
,IG??_SFnw,2,1140875,,,false,3
,IG??_SFnw,3,1136755,,,false,3
,IG??_SFnw,4,1138012,,,false,3
,IG??_SFnw,5,1193110,,,false,3
,IG??_SFnw,6,1191993,,,false,3
,IG??_SFnw,7,1180610,,,false,3
,IG??_SFnw,8,1196533,,,false,3
,IG??_SFnw,9,1134310,,,false,3
,IG?G_gJhg,0,1114198,,,false,3
,IG?G_gJhg,1,1098417,,,false,3
,IG?G_gJhg,2,1097718,,,false,3
,IG?G_gJhg,3,1097299,,,false,3
,IG?G_gJhg,4,1096251,,,false,3
,IG?G_gJhg,5,1101838,,,false,3
,IG?G_gJhg,6,1097997,,,false,3
,IG?G_gJhg,7,1101070,,,false,3
,IG?G_gJhg,8,1098905,,,false,3
,IG?G_gJhg,9,1106517,,,false,3
,IG?Gigjf_,0,1205122,,,false,4
,IG?Gigjf_,1,1188712,,,false,4
,IG?Gigjf_,2,1195206,,,false,4
,IG?Gigjf_,3,1196533,,,false,4
,IG?Gigjf_,4,1197720,,,false,4
,IG?Gigjf_,5,1186756,,,false,4
,IG?Gigjf_,6,1201701,,,false,4
,IG?Gigjf_,7,1190737,,,false,4
,IG?Gigjf_,8,1201212,,,false,4
,IG?Gigjf_,9,1192133,,,false,4
,IG?Gigj}W,0,1299049,,,false,4
,IG?Gigj}W,1,1289342,,,false,4
,IG?Gigj}W,2,1303867,,,false,4
,IG?Gigj}W,3,1298420,,,false,4
,IG?Gigj}W,4,1293252,,,false,4
,IG?Gigj}W,5,1308546,,,false,4
,IG?Gigj}W,6,1287736,,,false,4
,IG?Gigj}W,7,1288504,,,false,4
,IG?Gigj}W,8,1296884,,,false,4
,IG?Gigj}W,9,1307917,,,false,4
,IG?QX}}no,0,1453521,,,false,4
,IG?QX}}no,1,1470700,,,false,4
,IG?QX}}no,2,1469513,,,false,4
,IG?QX}}no,3,1478801,,,false,4
,IG?QX}}no,4,1439694,,,false,4
,IG?QX}}no,5,1473563,,,false,4
,IG?QX}}no,6,1459736,,,false,4
,IG?QX}}no,7,1461832,,,false,4
,IG?QX}}no,8,1494164,,,false,4
,IG?QX}}no,9,1535157,,,false,4
,IG?XPYVUw,0,1435784,,,false,4
,IG?XPYVUw,1,1404497,,,false,4
,IG?XPYVUw,2,1336619,,,false,4
,IG?XPYVUw,3,1338016,,,false,4
,IG?XPYVUw,4,1359874,,,false,4
,IG?XPYVUw,5,1342834,,,false,4
,IG?XPYVUw,6,1343742,,,false,4
,IG?XPYVUw,7,1353939,,,false,4
,IG?XPYVUw,8,1330474,,,false,4
,IG?XPYVUw,9,1348422,,,false,4
,IG?oYMZMo,0,1332638,,,false,4
,IG?oYMZMo,1,1299887,,,false,4
,IG?oYMZMo,2,1309943,,,false,4
,IG?oYMZMo,3,1321815,,,false,4
,IG?oYMZMo,4,1302680,,,false,4
,IG?oYMZMo,5,1302191,,,false,4
,IG?oYMZMo,6,1326215,,,false,4
,IG?oYMZMo,7,1298001,,,false,4
,IG?oYMZMo,8,1305125,,,false,4
,IG?oYMZMo,9,1319091,,,false,4
,IG@@gyJfG,0,1274118,,,false,3
,IG@@gyJfG,1,1292833,,,false,3
,IG@@gyJfG,2,1281241,,,false,3
,IG@@gyJfG,3,1270487,,,false,3
,IG@@gyJfG,4,1279006,,,false,3
,IG@@gyJfG,5,1268950,,,false,3
,IG@@gyJfG,6,1301842,,,false,3
,IG@@gyJfG,7,1272582,,,false,3
,IG@@gyJfG,8,1272093,,,false,3
,IG@@gyJfG,9,1288504,,,false,3
,IGC@?gNbo,0,1137314,,,false,3
,IGC@?gNbo,1,1120483,,,false,3
,IGC@?gNbo,2,1135568,,,false,3
,IGC@?gNbo,3,1110986,,,false,3
,IGC@?gNbo,4,1112871,,,false,3
,IGC@?gNbo,5,1121601,,,false,3
,IGC@?gNbo,6,1140316,,,false,3
,IGC@?gNbo,7,1128724,,,false,3
,IGC@?gNbo,8,1120763,,,false,3
,IGC@?gNbo,9,1133193,,,false,3
,IGCOQmmjo,0,1373352,,,false,4
,IGCOQmmjo,1,1414205,,,false,4
,IGCOQmmjo,2,1431663,,,false,4
,IGCOQmmjo,3,1433688,,,false,4
,IGCOQmmjo,4,1338505,,,false,4
,IGCOQmmjo,5,1363506,,,false,4
,IGCOQmmjo,6,1361759,,,false,4
,IGCOQmmjo,7,1385992,,,false,4
,IGCOQmmjo,8,1370419,,,false,4
,IGCOQmmjo,9,1359106,,,false,4
,IGCP?\EeW,0,1187873,,,false,3
,IGCP?\EeW,1,1193181,,,false,3
,IGCP?\EeW,2,1188083,,,false,3
,IGCP?\EeW,3,1183962,,,false,3
,IGCP?\EeW,4,1185359,,,false,3
,IGCP?\EeW,5,1194508,,,false,3
,IGCP?\EeW,6,1186826,,,false,3
,IGCP?\EeW,7,1199955,,,false,3
,IGCP?\EeW,8,1178166,,,false,3
,IGCP?\EeW,9,1192413,,,false,3
,IGCaKORBW,0,1109799,,,false,3
,IGCaKORBW,1,1110498,,,false,3
,IGCaKORBW,2,1102746,,,false,3
,IGCaKORBW,3,1112033,,,false,3
,IGCaKORBW,4,1113430,,,false,3
,IGCaKORBW,5,1107704,,,false,3
,IGCaKORBW,6,1115455,,,false,3
,IGCaKORBW,7,1106586,,,false,3
,IGCaKORBW,8,1108472,,,false,3
,IGCaKORBW,9,1107355,,,false,3
,IGCcYWVKw,0,1318952,,,false,4
,IGCcYWVKw,1,1318881,,,false,4
,IGCcYWVKw,2,1303727,,,false,4
,IGCcYWVKw,3,1308057,,,false,4
,IGCcYWVKw,4,1308266,,,false,4
,IGCcYWVKw,5,1313713,,,false,4
,IGCcYWVKw,6,1309384,,,false,4
,IGCcYWVKw,7,1314692,,,false,4
,IGCcYWVKw,8,1298420,,,false,4
,IGCcYWVKw,9,1303727,,,false,4
,IGCgQmYHw,0,1323351,,,false,4
,IGCgQmYHw,1,1302330,,,false,4
,IGCgQmYHw,2,1289831,,,false,4
,IGCgQmYHw,3,1306800,,,false,4
,IGCgQmYHw,4,1346884,,,false,4
,IGCgQmYHw,5,1360223,,,false,4
,IGCgQmYHw,6,1376215,,,false,4
,IGCgQmYHw,7,1353170,,,false,4
,IGCgQmYHw,8,1280612,,,false,4
,IGCgQmYHw,9,1298351,,,false,4
,IGCiYkvmw,0,1459317,,,false,5
,IGCiYkvmw,1,1462460,,,false,5
,IGCiYkvmw,2,1465533,,,false,5
,IGCiYkvmw,3,1467348,,,false,5
,IGCiYkvmw,4,1448633,,,false,5
,IGCiYkvmw,5,1454988,,,false,5
,IGCiYkvmw,6,1454079,,,false,5
,IGCiYkvmw,7,1444303,,,false,5
,IGCiYkvmw,8,1449262,,,false,5
,IGCiYkvmw,9,1459457,,,false,5
,IGDKQkmKw,0,1347514,,,false,4
,IGDKQkmKw,1,1336061,,,false,4
,IGDKQkmKw,2,1336131,,,false,4
,IGDKQkmKw,3,1348282,,,false,4
,IGDKQkmKw,4,1331801,,,false,4
,IGDKQkmKw,5,1344790,,,false,4
,IGDKQkmKw,6,1342625,,,false,4
,IGDKQkmKw,7,1334106,,,false,4
,IGDKQkmKw,8,1347164,,,false,4
,IGDKQkmKw,9,1334803,,,false,4
,IGDPQ[umW,0,1372723,,,false,5
,IGDPQ[umW,1,1383757,,,false,5
,IGDPQ[umW,2,1373980,,,false,5
,IGDPQ[umW,3,1392486,,,false,5
,IGDPQ[umW,4,1370209,,,false,5
,IGDPQ[umW,5,1384665,,,false,5
,IGDPQ[umW,6,1387319,,,false,5
,IGDPQ[umW,7,1371955,,,false,5
,IGDPQ[umW,8,1378310,,,false,5
,IGDPQ[umW,9,1389973,,,false,5
,IGDQXkn~w,0,1462040,,,false,5
,IGDQXkn~w,1,1472167,,,false,5
,IGDQXkn~w,2,1460225,,,false,5
,IGDQXkn~w,3,1499402,,,false,5
,IGDQXkn~w,4,1534319,,,false,5
,IGDQXkn~w,5,1546609,,,false,5
,IGDQXkn~w,6,1428381,,,false,5
,IGDQXkn~w,7,1463926,,,false,5
,IGDQXkn~w,8,1455546,,,false,5
,IGDQXkn~w,9,1467906,,,false,5
,IGEY`TNLw,0,1379707,,,false,4
,IGEY`TNLw,1,1377402,,,false,4
,IGEY`TNLw,2,1374329,,,false,4
,IGEY`TNLw,3,1373771,,,false,4
,IGEY`TNLw,4,1380056,,,false,4
,IGEY`TNLw,5,1374330,,,false,4
,IGEY`TNLw,6,1362178,,,false,4
,IGEY`TNLw,7,1379218,,,false,4
,IGEY`TNLw,8,1362947,,,false,4
,IGEY`TNLw,9,1378799,,,false,4
,IG_GGsqPW,0,1161616,,,false,3
,IG_GGsqPW,1,1161685,,,false,3
,IG_GGsqPW,2,1146322,,,false,3
,IG_GGsqPW,3,1146531,,,false,3
,IG_GGsqPW,4,1147719,,,false,3
,IG_GGsqPW,5,1155890,,,false,3
,IG_GGsqPW,6,1147160,,,false,3
,IG_GGsqPW,7,1162803,,,false,3
,IG_GGsqPW,8,1145484,,,false,3
,IG_GGsqPW,9,1152956,,,false,3
,IHCHhXVqw,0,1429708,,,false,5
,IHCHhXVqw,1,1404358,,,false,5
,IHCHhXVqw,2,1417976,,,false,5
,IHCHhXVqw,3,1413437,,,false,5
,IHCHhXVqw,4,1404009,,,false,5
,IHCHhXVqw,5,1412529,,,false,5
,IHCHhXVqw,6,1392137,,,false,5
,IHCHhXVqw,7,1432990,,,false,5
,IHCHhXVqw,8,1412808,,,false,5
,IHCHhXVqw,9,1415322,,,false,5
,IHEGiKjqw,0,1378869,,,false,5
,IHEGiKjqw,1,1378101,,,false,5
,IHEGiKjqw,2,1394302,,,false,5
,IHEGiKjqw,3,1415601,,,false,5
,IHEGiKjqw,4,1434317,,,false,5
,IHEGiKjqw,5,1439345,,,false,5
,IHEGiKjqw,6,1404497,,,false,5
,IHEGiKjqw,7,1356592,,,false,5
,IHEGiKjqw,8,1374749,,,false,5
,IHEGiKjqw,9,1386271,,,false,5
,IHIRYw^uw,0,1515184,,,false,5
,IHIRYw^uw,1,1530478,,,false,5
,IHIRYw^uw,2,1511413,,,false,5
,IHIRYw^uw,3,1552825,,,false,5
,IHIRYw^uw,4,1506455,,,false,5
,IHIRYw^uw,5,1522727,,,false,5
,IHIRYw^uw,6,1508341,,,false,5
,IHIRYw^uw,7,1523565,,,false,5
,IHIRYw^uw,8,1516441,,,false,5
,IHIRYw^uw,9,1525171,,,false,5
,IKGOOLH`g,0,1111336,,,false,3
,IKGOOLH`g,1,1106098,,,false,3
,IKGOOLH`g,2,1116713,,,false,3
,IKGOOLH`g,3,1104701,,,false,3
,IKGOOLH`g,4,1097997,,,false,3
,IKGOOLH`g,5,1106796,,,false,3
,IKGOOLH`g,6,1106028,,,false,3
,IKGOOLH`g,7,1113640,,,false,3
,IKGOOLH`g,8,1096879,,,false,3
,IKGOOLH`g,9,1105609,,,false,3
,IKGQWyfUw,0,1428800,,,false,4
,IKGQWyfUw,1,1405755,,,false,4
,IKGQWyfUw,2,1396886,,,false,4
,IKGQWyfUw,3,1412738,,,false,4
,IKGQWyfUw,4,1399121,,,false,4
,IKGQWyfUw,5,1418045,,,false,4
,IKGQWyfUw,6,1411271,,,false,4
,IKGQWyfUw,7,1407361,,,false,4
,IKGQWyfUw,8,1411551,,,false,4
,IKGQWyfUw,9,1403311,,,false,4
,IKGxctNrg,0,1489136,,,false,5
,IKGxctNrg,1,1467279,,,false,5
,IKGxctNrg,2,1484876,,,false,5
,IKGxctNrg,3,1522098,,,false,5
,IKGxctNrg,4,1556456,,,false,5
,IKGxctNrg,5,1539347,,,false,5
,IKGxctNrg,6,1476916,,,false,5
,IKGxctNrg,7,1491790,,,false,5
,IKGxctNrg,8,1470840,,,false,5
,IKGxctNrg,9,1467488,,,false,5
,IOH?IeYFo,0,1216436,,,false,3
,IOH?IeYFo,1,1213013,,,false,3
,IOH?IeYFo,2,1207427,,,false,3
,IOH?IeYFo,3,1211338,,,false,3
,IOH?IeYFo,4,1226212,,,false,3
,IOH?IeYFo,5,1227748,,,false,3
,IOH?IeYFo,6,1206799,,,false,3
,IOH?IeYFo,7,1208754,,,false,3
,IOH?IeYFo,8,1222231,,,false,3
,IOH?IeYFo,9,1213083,,,false,3
,IOOWQKzLo,0,1303727,,,false,4
,IOOWQKzLo,1,1287107,,,false,4
,IOOWQKzLo,2,1303169,,,false,4
,IOOWQKzLo,3,1297931,,,false,4
,IOOWQKzLo,4,1286548,,,false,4
,IOOWQKzLo,5,1302820,,,false,4
,IOOWQKzLo,6,1288923,,,false,4
,IOOWQKzLo,7,1289552,,,false,4
,IOOWQKzLo,8,1304356,,,false,4
,IOOWQKzLo,9,1295487,,,false,4
,IOOoo\F[w,0,1318602,,,false,4
,IOOoo\F[w,1,1320348,,,false,4
,IOOoo\F[w,2,1305264,,,false,4
,IOOoo\F[w,3,1320348,,,false,4
,IOOoo\F[w,4,1323281,,,false,4
,IOOoo\F[w,5,1324398,,,false,4
,IOOoo\F[w,6,1312317,,,false,4
,IOOoo\F[w,7,1310362,,,false,4
,IOOoo\F[w,8,1310432,,,false,4
,IOOoo\F[w,9,1310432,,,false,4
,IOQ@I_ZFo,0,1213502,,,false,3
,IOQ@I_ZFo,1,1229704,,,false,3
,IOQ@I_ZFo,2,1220066,,,false,3
,IOQ@I_ZFo,3,1214270,,,false,3
,IOQ@I_ZFo,4,1223069,,,false,3
,IOQ@I_ZFo,5,1301912,,,false,3
,IOQ@I_ZFo,6,1268042,,,false,3
,IOQ@I_ZFo,7,1263783,,,false,3
,IOQ@I_ZFo,8,1187664,,,false,3
,IOQ@I_ZFo,9,1216854,,,false,3
,IP?Oq[{Rg,0,1275515,,,false,4
,IP?Oq[{Rg,1,1266646,,,false,4
,IP?Oq[{Rg,2,1265249,,,false,4
,IP?Oq[{Rg,3,1274677,,,false,4
,IP?Oq[{Rg,4,1263294,,,false,4
,IP?Oq[{Rg,5,1262107,,,false,4
,IP?Oq[{Rg,6,1275026,,,false,4
,IP?Oq[{Rg,7,1269509,,,false,4
,IP?Oq[{Rg,8,1266716,,,false,4
,IP?Oq[{Rg,9,1268322,,,false,4
,IQCpQ[Vbg,0,1377612,,,false,4
,IQCpQ[Vbg,1,1368464,,,false,4
,IQCpQ[Vbg,2,1372164,,,false,4
,IQCpQ[Vbg,3,1369651,,,false,4
,IQCpQ[Vbg,4,1371396,,,false,4
,IQCpQ[Vbg,5,1384456,,,false,4
,IQCpQ[Vbg,6,1371467,,,false,4
,IQCpQ[Vbg,7,1370140,,,false,4
,IQCpQ[Vbg,8,1369372,,,false,4
,IQCpQ[Vbg,9,1380196,,,false,4
,IQGYKOjDw,0,1254704,,,false,3
,IQGYKOjDw,1,1257149,,,false,3
,IQGYKOjDw,2,1253727,,,false,3
,IQGYKOjDw,3,1255263,,,false,3
,IQGYKOjDw,4,1264621,,,false,3
,IQGYKOjDw,5,1247930,,,false,3
,IQGYKOjDw,6,1259313,,,false,3
,IQGYKOjDw,7,1241366,,,false,3
,IQGYKOjDw,8,1272791,,,false,3
,IQGYKOjDw,9,1251771,,,false,3
,IQXto}\rw,0,1645564,,,false,6
,IQXto}\rw,1,1578035,,,false,6
,IQXto}\rw,2,1586275,,,false,6
,IQXto}\rw,3,1584669,,,false,6
,IQXto}\rw,4,1572659,,,false,6
,IQXto}\rw,5,1633413,,,false,6
,IQXto}\rw,6,1642353,,,false,6
,IQXto}\rw,7,1679224,,,false,6
,IQXto}\rw,8,1586415,,,false,6
,IQXto}\rw,9,1567980,,,false,6
,I_Cj?mJ[W,0,1337598,,,false,4
,I_Cj?mJ[W,1,1311270,,,false,4
,I_Cj?mJ[W,2,1308966,,,false,4
,I_Cj?mJ[W,3,1332220,,,false,4
,I_Cj?mJ[W,4,1316787,,,false,4
,I_Cj?mJ[W,5,1321187,,,false,4
,I_Cj?mJ[W,6,1304566,,,false,4
,I_Cj?mJ[W,7,1321116,,,false,4
,I_Cj?mJ[W,8,1309175,,,false,4
,I_Cj?mJ[W,9,1333547,,,false,4
,I_Cj?mJ\W,0,1351634,,,false,4
,I_Cj?mJ\W,1,1388856,,,false,4
,I_Cj?mJ\W,2,1376913,,,false,4
,I_Cj?mJ\W,3,1367975,,,false,4
,I_Cj?mJ\W,4,1366648,,,false,4
,I_Cj?mJ\W,5,1383199,,,false,4
,I_Cj?mJ\W,6,1364972,,,false,4
,I_Cj?mJ\W,7,1378101,,,false,4
,I_Cj?mJ\W,8,1367975,,,false,4
,I_Cj?mJ\W,9,1381593,,,false,4
,I_GZ?uF\W,0,1377821,,,false,4
,I_GZ?uF\W,1,1359106,,,false,4
,I_GZ?uF\W,2,1370420,,,false,4
,I_GZ?uF\W,3,1368534,,,false,4
,I_GZ?uF\W,4,1360992,,,false,4
,I_GZ?uF\W,5,1383548,,,false,4
,I_GZ?uF\W,6,1360363,,,false,4
,I_GZ?uF\W,7,1374051,,,false,4
,I_GZ?uF\W,8,1376425,,,false,4
,I_GZ?uF\W,9,1369371,,,false,4
,I_Hpc\^]o,0,1507643,,,false,5
,I_Hpc\^]o,1,1481524,,,false,5
,I_Hpc\^]o,2,1486902,,,false,5
,I_Hpc\^]o,3,1485156,,,false,5
,I_Hpc\^]o,4,1558971,,,false,5
,I_Hpc\^]o,5,1573846,,,false,5
,I_Hpc\^]o,6,1533342,,,false,5
,I_Hpc\^]o,7,1482991,,,false,5
,I_Hpc\^]o,8,1488508,,,false,5
,I_Hpc\^]o,9,1482083,,,false,5
,I_L?Xc\`w,0,1290669,,,false,3
,I_L?Xc\`w,1,1280334,,,false,3
,I_L?Xc\`w,2,1282777,,,false,3
,I_L?Xc\`w,3,1283476,,,false,3
,I_L?Xc\`w,4,1285641,,,false,3
,I_L?Xc\`w,5,1272442,,,false,3
,I_L?Xc\`w,6,1289761,,,false,3
,I_L?Xc\`w,7,1278658,,,false,3
,I_L?Xc\`w,8,1279565,,,false,3
,I_L?Xc\`w,9,1270278,,,false,3
,I_O_`_Nbo,0,1225374,,,false,3
,I_O_`_Nbo,1,1206450,,,false,3
,I_O_`_Nbo,2,1209243,,,false,3
,I_O_`_Nbo,3,1214411,,,false,3
,I_O_`_Nbo,4,1209941,,,false,3
,I_O_`_Nbo,5,1235709,,,false,3
,I_O_`_Nbo,6,1206309,,,false,3
,I_O_`_Nbo,7,1203447,,,false,3
,I_O_`_Nbo,8,1208894,,,false,3
,I_O_`_Nbo,9,1206798,,,false,3
,I_P`c[]MW,0,1377682,,,false,4
,I_P`c[]MW,1,1361410,,,false,4
,I_P`c[]MW,2,1372375,,,false,4
,I_P`c[]MW,3,1367067,,,false,4
,I_P`c[]MW,4,1377543,,,false,4
,I_P`c[]MW,5,1355126,,,false,4
,I_P`c[]MW,6,1360503,,,false,4
,I_P`c[]MW,7,1370000,,,false,4
,I_P`c[]MW,8,1363086,,,false,4
,I_P`c[]MW,9,1360992,,,false,4
,I`?OYClew,0,1301773,,,false,3
,I`?OYClew,1,1294720,,,false,3
,I`?OYClew,2,1284314,,,false,3
,I`?OYClew,3,1301424,,,false,3
,I`?OYClew,4,1293602,,,false,3
,I`?OYClew,5,1335572,,,false,3
,I`?OYClew,6,1351564,,,false,3
,I`?OYClew,7,1333826,,,false,3
,I`?OYClew,8,1283895,,,false,3
,I`?OYClew,9,1287177,,,false,3
,I`o|KtVYw,0,1517839,,,false,5
,I`o|KtVYw,1,1504919,,,false,5
,I`o|KtVYw,2,1496818,,,false,5
,I`o|KtVYw,3,1529431,,,false,5
,I`o|KtVYw,4,1488439,,,false,5
,I`o|KtVYw,5,1510716,,,false,5
,I`o|KtVYw,6,1496120,,,false,5
,I`o|KtVYw,7,1533552,,,false,5
,I`o|KtVYw,8,1500310,,,false,5
,I`o|KtVYw,9,1528942,,,false,5
,IqMu[|vZw,0,1604712,,,false,7
,IqMu[|vZw,1,1610578,,,false,7
,IqMu[|vZw,2,1601360,,,false,7
,IqMu[|vZw,3,1589907,,,false,7
,IqMu[|vZw,4,1604223,,,false,7
,IqMu[|vZw,5,1596611,,,false,7
,IqMu[|vZw,6,1601080,,,false,7
,IqMu[|vZw,7,1604642,,,false,7
,IqMu[|vZw,8,1582993,,,false,7
,IqMu[|vZw,9,1614069,,,false,7
,I???CtUJ_,0,1077396,,,false,3
,I???CtUJ_,1,1069924,,,false,3
,I???CtUJ_,2,1068038,,,false,3
,I???CtUJ_,3,1081167,,,false,3
,I???CtUJ_,4,1073206,,,false,3
,I???CtUJ_,5,1068179,,,false,3
,I???CtUJ_,6,1083192,,,false,3
,I???CtUJ_,7,1075232,,,false,3
,I???CtUJ_,8,1068877,,,false,3
,I???CtUJ_,9,1072438,,,false,3
,I?C?GWqoo,0,1024184,,,false,2
,I?C?GWqoo,1,1025580,,,false,2
,I?C?GWqoo,2,1016083,,,false,2
,I?C?GWqoo,3,1028513,,,false,2
,I?C?GWqoo,4,1013359,,,false,2
,I?C?GWqoo,5,1038499,,,false,2
,I?C?GWqoo,6,1060846,,,false,2
,I?C?GWqoo,7,1066013,,,false,2
,I?C?GWqoo,8,1078654,,,false,2
,I?C?GWqoo,9,1047717,,,false,2
,I???gWww?,0,936263,,,false,2
,I???gWww?,1,932212,,,false,2
,I???gWww?,2,933818,,,false,2
,I???gWww?,3,933399,,,false,2
,I???gWww?,4,949740,,,false,2
,I???gWww?,5,933609,,,false,2
,I???gWww?,6,930745,,,false,2
,I???gWww?,7,941011,,,false,2
,I???gWww?,8,930536,,,false,2
,I???gWww?,9,930745,,,false,2
,I}q@xw{Pw,0,1437180,,,false,5
,I}q@xw{Pw,1,1448842,,,false,5
,I}q@xw{Pw,2,1426984,,,false,5
,I}q@xw{Pw,3,1452614,,,false,5
,I}q@xw{Pw,4,1433758,,,false,5
,I}q@xw{Pw,5,1440183,,,false,5
,I}q@xw{Pw,6,1444793,,,false,5
,I}q@xw{Pw,7,1432013,,,false,5
,I}q@xw{Pw,8,1451077,,,false,5
,I}q@xw{Pw,9,1427404,,,false,5
,I?COeYiX_,0,1237106,,,false,3
,I?COeYiX_,1,1225165,,,false,3
,I?COeYiX_,2,1220486,,,false,3
,I?COeYiX_,3,1217553,,,false,3
,I?COeYiX_,4,1232148,,,false,3
,I?COeYiX_,5,1223559,,,false,3
,I?COeYiX_,6,1220765,,,false,3
,I?COeYiX_,7,1217832,,,false,3
,I?COeYiX_,8,1212664,,,false,3
,I?COeYiX_,9,1229983,,,false,3
,I`__a?H@g,0,963847,,,false,2
,I`__a?H@g,1,963148,,,false,2
,I`__a?H@g,2,955048,,,false,2
,I`__a?H@g,3,945900,,,false,2
,I`__a?H@g,4,963777,,,false,2
,I`__a?H@g,5,952533,,,false,2
,I`__a?H@g,6,958329,,,false,2
,I`__a?H@g,7,959308,,,false,2
,I`__a?H@g,8,966919,,,false,2
,I`__a?H@g,9,949322,,,false,2
,I?qkqsuXW,0,1393883,,,false,4
,I?qkqsuXW,1,1372375,,,false,4
,I?qkqsuXW,2,1387598,,,false,4
,I?qkqsuXW,3,1437530,,,false,4
,I?qkqsuXW,4,1430337,,,false,4
,I?qkqsuXW,5,1436622,,,false,4
,I?qkqsuXW,6,1359944,,,false,4
,I?qkqsuXW,7,1384386,,,false,4
,I?qkqsuXW,8,1363646,,,false,4
,I?qkqsuXW,9,1366020,,,false,4
,I??E@KZ~?,0,1209173,,,false,3
,I??E@KZ~?,1,1188991,,,false,3
,I??E@KZ~?,2,1206100,,,false,3
,I??E@KZ~?,3,1187943,,,false,3
,I??E@KZ~?,4,1192971,,,false,3
,I??E@KZ~?,5,1186616,,,false,3
,I??E@KZ~?,6,1208823,,,false,3
,I??E@KZ~?,7,1193879,,,false,3
,I??E@KZ~?,8,1191226,,,false,3
,I??E@KZ~?,9,1199605,,,false,3
,I??E@KZ~w,0,1266576,,,false,3
,I??E@KZ~w,1,1266996,,,false,3
,I??E@KZ~w,2,1256102,,,false,3
,I??E@KZ~w,3,1288434,,,false,3
,I??E@KZ~w,4,1269439,,,false,3
,I??E@KZ~w,5,1262875,,,false,3
,I??E@KZ~w,6,1260989,,,false,3
,I??E@KZ~w,7,1272303,,,false,3
,I??E@KZ~w,8,1261339,,,false,3
,I??E@KZ~w,9,1260780,,,false,3
,I_?__QF]?,0,1060496,,,false,2
,I_?__QF]?,1,1052606,,,false,2
,I_?__QF]?,2,1044924,,,false,2
,I_?__QF]?,3,1052326,,,false,2
,I_?__QF]?,4,1048904,,,false,2
,I_?__QF]?,5,1065175,,,false,2
,I_?__QF]?,6,1058471,,,false,2
,I_?__QF]?,7,1051069,,,false,2
,I_?__QF]?,8,1056865,,,false,2
,I_?__QF]?,9,1051418,,,false,2
,IcG@IGHCg,0,1052815,,,false,3
,IcG@IGHCg,1,1061684,,,false,3
,IcG@IGHCg,2,1059728,,,false,3
,IcG@IGHCg,3,1051977,,,false,3
,IcG@IGHCg,4,1050929,,,false,3
,IcG@IGHCg,5,1051907,,,false,3
,IcG@IGHCg,6,1044295,,,false,3
,IcG@IGHCg,7,1059449,,,false,3
,IcG@IGHCg,8,1074464,,,false,3
,IcG@IGHCg,9,1109659,,,false,3
,IukH@LFT_,0,1380685,,,false,4
,IukH@LFT_,1,1391579,,,false,4
,IukH@LFT_,2,1319581,,,false,4
,IukH@LFT_,3,1324120,,,false,4
,IukH@LFT_,4,1325586,,,false,4
,IukH@LFT_,5,1312737,,,false,4
,IukH@LFT_,6,1320349,,,false,4
,IukH@LFT_,7,1328379,,,false,4
,IukH@LFT_,8,1342346,,,false,4
,IukH@LFT_,9,1324609,,,false,4
,I}iAzg\Jg,0,1474751,,,false,5
,I}iAzg\Jg,1,1468187,,,false,5
,I}iAzg\Jg,2,1470211,,,false,5
,I}iAzg\Jg,3,1484528,,,false,5
,I}iAzg\Jg,4,1473424,,,false,5
,I}iAzg\Jg,5,1467418,,,false,5
,I}iAzg\Jg,6,1469094,,,false,5
,I}iAzg\Jg,7,1478592,,,false,5
,I}iAzg\Jg,8,1467419,,,false,5
,I}iAzg\Jg,9,1470282,,,false,5
,I??E@GW~?,0,1051767,,,false,2
,I??E@GW~?,1,1061056,,,false,2
,I??E@GW~?,2,1052745,,,false,2
,I??E@GW~?,3,1044784,,,false,2
,I??E@GW~?,4,1064966,,,false,2
,I??E@GW~?,5,1049952,,,false,2
,I??E@GW~?,6,1062661,,,false,2
,I??E@GW~?,7,1043318,,,false,2
,I??E@GW~?,8,1067200,,,false,2
,I??E@GW~?,9,1055398,,,false,2
,I?hOGQRWo,0,1169228,,,false,3
,I?hOGQRWo,1,1169717,,,false,3
,I?hOGQRWo,2,1167622,,,false,3
,I?hOGQRWo,3,1163571,,,false,3
,I?hOGQRWo,4,1177538,,,false,3
,I?hOGQRWo,5,1159242,,,false,3
,I?hOGQRWo,6,1168809,,,false,3
,I?hOGQRWo,7,1161128,,,false,3
,I?hOGQRWo,8,1174885,,,false,3
,I?hOGQRWo,9,1173418,,,false,3
,I~?GW]pRg,0,1245836,,,false,4
,I~?GW]pRg,1,1232218,,,false,4
,I~?GW]pRg,2,1290111,,,false,4
,I~?GW]pRg,3,1299747,,,false,4
,I~?GW]pRg,4,1293183,,,false,4
,I~?GW]pRg,5,1217623,,,false,4
,I~?GW]pRg,6,1232707,,,false,4
,I~?GW]pRg,7,1249118,,,false,4
,I~?GW]pRg,8,1233964,,,false,4
,I~?GW]pRg,9,1232218,,,false,4
,I_hPOkrrw,0,1386131,,,false,4
,I_hPOkrrw,1,1364972,,,false,4
,I_hPOkrrw,2,1367696,,,false,4
,I_hPOkrrw,3,1382780,,,false,4
,I_hPOkrrw,4,1374050,,,false,4
,I_hPOkrrw,5,1371607,,,false,4
,I_hPOkrrw,6,1345139,,,false,4
,I_hPOkrrw,7,1364763,,,false,4
,I_hPOkrrw,8,1370000,,,false,4
,I_hPOkrrw,9,1364972,,,false,4
,ICd@IgiFw,0,1229913,,,false,3
,ICd@IgiFw,1,1244579,,,false,3
,ICd@IgiFw,2,1222930,,,false,3
,ICd@IgiFw,3,1222651,,,false,3
,ICd@IgiFw,4,1247861,,,false,3
,ICd@IgiFw,5,1244090,,,false,3
,ICd@IgiFw,6,1220486,,,false,3
,ICd@IgiFw,7,1227540,,,false,3
,ICd@IgiFw,8,1224816,,,false,3
,ICd@IgiFw,9,1226422,,,false,3
,ITiZbTURW,0,1401914,,,false,5
,ITiZbTURW,1,1411621,,,false,5
,ITiZbTURW,2,1412390,,,false,5
,ITiZbTURW,3,1399051,,,false,5
,ITiZbTURW,4,1416230,,,false,5
,ITiZbTURW,5,1400937,,,false,5
,ITiZbTURW,6,1396956,,,false,5
,ITiZbTURW,7,1411062,,,false,5
,ITiZbTURW,8,1403800,,,false,5
,ITiZbTURW,9,1417347,,,false,5
,It?IQOeDO,0,1172371,,,false,3
,It?IQOeDO,1,1156378,,,false,3
,It?IQOeDO,2,1160569,,,false,3
,It?IQOeDO,3,1210360,,,false,3
,It?IQOeDO,4,1221184,,,false,3
,It?IQOeDO,5,1205193,,,false,3
,It?IQOeDO,6,1236408,,,false,3
,It?IQOeDO,7,1143389,,,false,3
,It?IQOeDO,8,1164759,,,false,3
,It?IQOeDO,9,1166085,,,false,3
,It?GYDKKO,0,1084659,,,false,3
,It?GYDKKO,1,1089478,,,false,3
,It?GYDKKO,2,1095135,,,false,3
,It?GYDKKO,3,1086824,,,false,3
,It?GYDKKO,4,1099115,,,false,3
,It?GYDKKO,5,1081866,,,false,3
,It?GYDKKO,6,1080888,,,false,3
,It?GYDKKO,7,1091922,,,false,3
,It?GYDKKO,8,1091363,,,false,3
,It?GYDKKO,9,1072298,,,false,3
,Is@@WoXX?,0,1108613,,,false,3
,Is@@WoXX?,1,1102607,,,false,3
,Is@@WoXX?,2,1099604,,,false,3
,Is@@WoXX?,3,1089827,,,false,3
,Is@@WoXX?,4,1108682,,,false,3
,Is@@WoXX?,5,1098905,,,false,3
,Is@@WoXX?,6,1098486,,,false,3
,Is@@WoXX?,7,1100651,,,false,3
,Is@@WoXX?,8,1098416,,,false,3
,Is@@WoXX?,9,1099254,,,false,3
,It?IQScDG,0,1078304,,,false,3
,It?IQScDG,1,1096322,,,false,3
,It?IQScDG,2,1050790,,,false,3
,It?IQScDG,3,1088570,,,false,3
,It?IQScDG,4,1069365,,,false,3
,It?IQScDG,5,1076069,,,false,3
,It?IQScDG,6,1073974,,,false,3
,It?IQScDG,7,1076209,,,false,3
,It?IQScDG,8,1074323,,,false,3
,It?IQScDG,9,1072438,,,false,3
,Is?GYWq[?,0,1114199,,,false,3
,Is?GYWq[?,1,1112593,,,false,3
,Is?GYWq[?,2,1107704,,,false,3
,Is?GYWq[?,3,1118598,,,false,3
,Is?GYWq[?,4,1111475,,,false,3
,Is?GYWq[?,5,1105120,,,false,3
,Is?GYWq[?,6,1125931,,,false,3
,Is?GYWq[?,7,1121532,,,false,3
,Is?GYWq[?,8,1106168,,,false,3
,Is?GYWq[?,9,1118599,,,false,3
,Is?HOlK[?,0,1147720,,,false,3
,Is?HOlK[?,1,1171393,,,false,3
,Is?HOlK[?,2,1215178,,,false,3
,Is?HOlK[?,3,1224536,,,false,3
,Is?HOlK[?,4,1212525,,,false,3
,Is?HOlK[?,5,1181379,,,false,3
,Is?HOlK[?,6,1136336,,,false,3
,Is?HOlK[?,7,1155470,,,false,3
,Is?HOlK[?,8,1160219,,,false,3
,Is?HOlK[?,9,1151700,,,false,3
,Is?OyOhX?,0,1144367,,,false,4
,Is?OyOhX?,1,1162314,,,false,4
,Is?OyOhX?,2,1146532,,,false,4
,Is?OyOhX?,3,1150512,,,false,4
,Is?OyOhX?,4,1164269,,,false,4
,Is?OyOhX?,5,1162314,,,false,4
,Is?OyOhX?,6,1160010,,,false,4
,Is?OyOhX?,7,1153724,,,false,4
,Is?OyOhX?,8,1166575,,,false,4
,Is?OyOhX?,9,1150094,,,false,4
,It?IIOiDO,0,1178726,,,false,4
,It?IIOiDO,1,1159382,,,false,4
,It?IIOiDO,2,1173558,,,false,4
,It?IIOiDO,3,1163292,,,false,4
,It?IIOiDO,4,1148627,,,false,4
,It?IIOiDO,5,1167273,,,false,4
,It?IIOiDO,6,1159032,,,false,4
,It?IIOiDO,7,1157984,,,false,4
,It?IIOiDO,8,1171672,,,false,4
,It?IIOiDO,9,1161686,,,false,4
,It?GW\_SG,0,980537,,,false,3
,It?GW\_SG,1,961752,,,false,3
,It?GW\_SG,2,979699,,,false,3
,It?GW\_SG,3,963008,,,false,3
,It?GW\_SG,4,975719,,,false,3
,It?GW\_SG,5,967338,,,false,3
,It?GW\_SG,6,987521,,,false,3
,It?GW\_SG,7,954978,,,false,3
,It?GW\_SG,8,993666,,,false,3
,It?GW\_SG,9,955955,,,false,3
,Is?GW\o[?,0,979839,,,false,3
,Is?GW\o[?,1,985286,,,false,3
,Is?GW\o[?,2,984099,,,false,3
,Is?GW\o[?,3,967967,,,false,3
,Is?GW\o[?,4,981654,,,false,3
,Is?GW\o[?,5,978092,,,false,3
,Is?GW\o[?,6,980258,,,false,3
,Is?GW\o[?,7,966919,,,false,3
,Is?GW\o[?,8,984169,,,false,3
,Is?GW\o[?,9,982353,,,false,3
,I?GQSHzlw,0,1355056,,,false,3
,I?GQSHzlw,1,1375377,,,false,3
,I?GQSHzlw,2,1403870,,,false,3
,I?GQSHzlw,3,1419024,,,false,3
,I?GQSHzlw,4,1343743,,,false,3
,I?GQSHzlw,5,1339482,,,false,3
,I?GQSHzlw,6,1351145,,,false,3
,I?GQSHzlw,7,1369023,,,false,3
,I?GQSHzlw,8,1324748,,,false,3
,I?GQSHzlw,9,1355824,,,false,3
,I?D@K`nfw,0,1319370,,,false,3
,I?D@K`nfw,1,1325167,,,false,3
,I?D@K`nfw,2,1323282,,,false,3
,I?D@K`nfw,3,1308547,,,false,3
,I?D@K`nfw,4,1328938,,,false,3
,I?D@K`nfw,5,1322723,,,false,3
,I?D@K`nfw,6,1313714,,,false,3
,I?D@K`nfw,7,1324608,,,false,3
,I?D@K`nfw,8,1318952,,,false,3
,I?D@K`nfw,9,1304706,,,false,3
,ISPDthnVo,0,1475030,,,false,4
,ISPDthnVo,1,1450239,,,false,4
,ISPDthnVo,2,1448493,,,false,4
,ISPDthnVo,3,1458200,,,false,4
,ISPDthnVo,4,1451287,,,false,4
,ISPDthnVo,5,1464695,,,false,4
,ISPDthnVo,6,1461762,,,false,4
,ISPDthnVo,7,1475449,,,false,4
,ISPDthnVo,8,1457991,,,false,4
,ISPDthnVo,9,1468815,,,false,4
,I?_Y@E^Zw,0,1283267,,,false,3
,I?_Y@E^Zw,1,1299258,,,false,3
,I?_Y@E^Zw,2,1298141,,,false,3
,I?_Y@E^Zw,3,1283197,,,false,3
,I?_Y@E^Zw,4,1296116,,,false,3
,I?_Y@E^Zw,5,1373352,,,false,3
,I?_Y@E^Zw,6,1382640,,,false,3
,I?_Y@E^Zw,7,1476497,,,false,3
,I?_Y@E^Zw,8,1276772,,,false,3
,I?_Y@E^Zw,9,1278168,,,false,3
,I??HOj?{?,0,978512,,,false,2
,I??HOj?{?,1,1018457,,,false,2
,I??HOj?{?,2,1018317,,,false,2
,I??HOj?{?,3,1022717,,,false,2
,I??HOj?{?,4,1028304,,,false,2
,I??HOj?{?,5,1018457,,,false,2
,I??HOj?{?,6,938776,,,false,2
,I??HOj?{?,7,990802,,,false,2
,I??HOj?{?,8,963218,,,false,2
,I??HOj?{?,9,980677,,,false,2
,IQQ???fEo,0,1017898,,,false,2
,IQQ???fEo,1,1033192,,,false,2
,IQQ???fEo,2,1028164,,,false,2
,IQQ???fEo,3,1013150,,,false,2
,IQQ???fEo,4,1025650,,,false,2
,IQQ???fEo,5,1014616,,,false,2
,IQQ???fEo,6,1022018,,,false,2
,IQQ???fEo,7,1023694,,,false,2
,IQQ???fEo,8,1012870,,,false,2
,IQQ???fEo,9,1011752,,,false,2
,I@`CA?XH_,0,1002604,,,false,2
,I@`CA?XH_,1,986612,,,false,2
,I@`CA?XH_,2,1000579,,,false,2
,I@`CA?XH_,3,991780,,,false,2
,I@`CA?XH_,4,991291,,,false,2
,I@`CA?XH_,5,991781,,,false,2
,I@`CA?XH_,6,999112,,,false,2
,I@`CA?XH_,7,988568,,,false,2
,I@`CA?XH_,8,983540,,,false,2
,I@`CA?XH_,9,994155,,,false,2
,IqGOO?B@W,0,929628,,,false,2
,IqGOO?B@W,1,922715,,,false,2
,IqGOO?B@W,2,935773,,,false,2
,IqGOO?B@W,3,916429,,,false,2
,IqGOO?B@W,4,932561,,,false,2
,IqGOO?B@W,5,923203,,,false,2
,IqGOO?B@W,6,962380,,,false,2
,IqGOO?B@W,7,928720,,,false,2
,IqGOO?B@W,8,934516,,,false,2
,IqGOO?B@W,9,935913,,,false,2
,IqGO?CDAg,0,947715,,,false,2
,IqGO?CDAg,1,949181,,,false,2
,IqGO?CDAg,2,947087,,,false,2
,IqGO?CDAg,3,943455,,,false,2
,IqGO?CDAg,4,947156,,,false,2
,IqGO?CDAg,5,954628,,,false,2
,IqGO?CDAg,6,948972,,,false,2
,IqGO?CDAg,7,947925,,,false,2
,IqGO?CDAg,8,942408,,,false,2
,IqGO?CDAg,9,941569,,,false,2
,IoCQ@?EAW,0,978512,,,false,2
,IoCQ@?EAW,1,980118,,,false,2
,IoCQ@?EAW,2,986123,,,false,2
,IoCQ@?EAW,3,977814,,,false,2
,IoCQ@?EAW,4,964615,,,false,2
,IoCQ@?EAW,5,969992,,,false,2
,IoCQ@?EAW,6,983819,,,false,2
,IoCQ@?EAW,7,1021739,,,false,2
,IoCQ@?EAW,8,1015454,,,false,2
,IoCQ@?EAW,9,1024183,,,false,2
,IK_PA?H@g,0,1005537,,,false,2
,IK_PA?H@g,1,980746,,,false,2
,IK_PA?H@g,2,970480,,,false,2
,IK_PA?H@g,3,962450,,,false,2
,IK_PA?H@g,4,971737,,,false,2
,IK_PA?H@g,5,980048,,,false,2
,IK_PA?H@g,6,970551,,,false,2
,IK_PA?H@g,7,987031,,,false,2
,IK_PA?H@g,8,972296,,,false,2
,IK_PA?H@g,9,969573,,,false,2
,IqGO??FAo,0,949949,,,false,2
,IqGO??FAo,1,947017,,,false,2
,IqGO??FAo,2,946947,,,false,2
,IqGO??FAo,3,939963,,,false,2
,IqGO??FAo,4,950299,,,false,2
,IqGO??FAo,5,955397,,,false,2
,IqGO??FAo,6,947017,,,false,2
,IqGO??FAo,7,962590,,,false,2
,IqGO??FAo,8,957562,,,false,2
,IqGO??FAo,9,950857,,,false,2
,IWEA??LCo,0,987171,,,false,2
,IWEA??LCo,1,982144,,,false,2
,IWEA??LCo,2,991012,,,false,2
,IWEA??LCo,3,988428,,,false,2
,IWEA??LCo,4,971459,,,false,2
,IWEA??LCo,5,992130,,,false,2
,IWEA??LCo,6,980606,,,false,2
,IWEA??LCo,7,985635,,,false,2
,IWEA??LCo,8,984448,,,false,2
,IWEA??LCo,9,985355,,,false,2
,IK`@??LCo,0,998833,,,false,2
,IK`@??LCo,1,988847,,,false,2
,IK`@??LCo,2,987381,,,false,2
,IK`@??LCo,3,1000719,,,false,2
,IK`@??LCo,4,996319,,,false,2
,IK`@??LCo,5,988568,,,false,2
,IK`@??LCo,6,995202,,,false,2
,IK`@??LCo,7,988219,,,false,2
,IK`@??LCo,8,992688,,,false,2
,IK`@??LCo,9,985495,,,false,2
,I_GSA?MKO,0,991152,,,false,2
,I_GSA?MKO,1,1012520,,,false,2
,I_GSA?MKO,2,988428,,,false,2
,I_GSA?MKO,3,992339,,,false,2
,I_GSA?MKO,4,983191,,,false,2
,I_GSA?MKO,5,998973,,,false,2
,I_GSA?MKO,6,991570,,,false,2
,I_GSA?MKO,7,991850,,,false,2
,I_GSA?MKO,8,979489,,,false,2
,I_GSA?MKO,9,998554,,,false,2
,Iq?HWzz|o,0,1482363,,,false,4
,Iq?HWzz|o,1,1523705,,,false,4
,Iq?HWzz|o,2,1527056,,,false,4
,Iq?HWzz|o,3,1537183,,,false,4
,Iq?HWzz|o,4,1448982,,,false,4
,Iq?HWzz|o,5,1451496,,,false,4
,Iq?HWzz|o,6,1467838,,,false,4
,Iq?HWzz|o,7,1449751,,,false,4
,Iq?HWzz|o,8,1461832,,,false,4
,Iq?HWzz|o,9,1450938,,,false,4
,I`_giVBN?,0,1236827,,,false,3
,I`_giVBN?,1,1241157,,,false,3
,I`_giVBN?,2,1228866,,,false,3
,I`_giVBN?,3,1214689,,,false,3
,I`_giVBN?,4,1226421,,,false,3
,I`_giVBN?,5,1231171,,,false,3
,I`_giVBN?,6,1230262,,,false,3
,I`_giVBN?,7,1225444,,,false,3
,I`_giVBN?,8,1225095,,,false,3
,I`_giVBN?,9,1242064,,,false,3
,I???F~}~_,0,1322234,,,false,3
,I???F~}~_,1,1302470,,,false,3
,I???F~}~_,2,1342555,,,false,3
,I???F~}~_,3,1313784,,,false,3
,I???F~}~_,4,1312806,,,false,3
,I???F~}~_,5,1334665,,,false,3
,I???F~}~_,6,1319999,,,false,3
,I???F~}~_,7,1314622,,,false,3
,I???F~}~_,8,1326704,,,false,3
,I???F~}~_,9,1321675,,,false,3
,I??F~z{~?,0,1380964,,,false,4
,I??F~z{~?,1,1388017,,,false,4
,I??F~z{~?,2,1387110,,,false,4
,I??F~z{~?,3,1396258,,,false,4
,I??F~z{~?,4,1375308,,,false,4
,I??F~z{~?,5,1385992,,,false,4
,I??F~z{~?,6,1400308,,,false,4
,I??F~z{~?,7,1393255,,,false,4
,I??F~z{~?,8,1389414,,,false,4
,I??F~z{~?,9,1389414,,,false,4
,I|v^BKzFw,0,1540255,,,false,6
,I|v^BKzFw,1,1622100,,,false,6
,I|v^BKzFw,2,1627548,,,false,6
,I|v^BKzFw,3,1599824,,,false,6
,I|v^BKzFw,4,1546959,,,false,6
,I|v^BKzFw,5,1554292,,,false,6
,I|v^BKzFw,6,1548007,,,false,6
,I|v^BKzFw,7,1571052,,,false,6
,I|v^BKzFw,8,1540395,,,false,6
,I|v^BKzFw,9,1564208,,,false,6
,I`?KQKSIG,0,1061893,,,false,2
,I`?KQKSIG,1,1039686,,,false,2
,I`?KQKSIG,2,1037661,,,false,2
,I`?KQKSIG,3,1045273,,,false,2
,I`?KQKSIG,4,1052116,,,false,2
,I`?KQKSIG,5,1039058,,,false,2
,I`?KQKSIG,6,1046111,,,false,2
,I`?KQKSIG,7,1045901,,,false,2
,I`?KQKSIG,8,1048066,,,false,2
,I`?KQKSIG,9,1058961,,,false,2
,I_Kpc\M{?,0,1334804,,,false,4
,I_Kpc\M{?,1,1313505,,,false,4
,I_Kpc\M{?,2,1307220,,,false,4
,I_Kpc\M{?,3,1335223,,,false,4
,I_Kpc\M{?,4,1315181,,,false,4
,I_Kpc\M{?,5,1307848,,,false,4
,I_Kpc\M{?,6,1333197,,,false,4
,I_Kpc\M{?,7,1318882,,,false,4
,I_Kpc\M{?,8,1320000,,,false,4
,I_Kpc\M{?,9,1323701,,,false,4
,I@_XIpbBw,0,1276492,,,false,4
,I@_XIpbBw,1,1272931,,,false,4
,I@_XIpbBw,2,1305264,,,false,4
,I@_XIpbBw,3,1275864,,,false,4
,I@_XIpbBw,4,1274608,,,false,4
,I@_XIpbBw,5,1292834,,,false,4
,I@_XIpbBw,6,1272722,,,false,4
,I@_XIpbBw,7,1288993,,,false,4
,I@_XIpbBw,8,1275585,,,false,4
,I@_XIpbBw,9,1311829,,,false,4
,ICOH@`E`o,0,1087592,,,false,2
,ICOH@`E`o,1,1094715,,,false,2
,ICOH@`E`o,2,1090106,,,false,2
,ICOH@`E`o,3,1116224,,,false,2
,ICOH@`E`o,4,1141364,,,false,2
,ICOH@`E`o,5,1152677,,,false,2
,ICOH@`E`o,6,1145275,,,false,2
,ICOH@`E`o,7,1076698,,,false,2
,ICOH@`E`o,8,1091922,,,false,2
,ICOH@`E`o,9,1089268,,,false,2
,I`r@pi^Zo,0,1451845,,,false,4
,I`r@pi^Zo,1,1448005,,,false,4
,I`r@pi^Zo,2,1444164,,,false,4
,I`r@pi^Zo,3,1449890,,,false,4
,I`r@pi^Zo,4,1439415,,,false,4
,I`r@pi^Zo,5,1445141,,,false,4
,I`r@pi^Zo,6,1457083,,,false,4
,I`r@pi^Zo,7,1455197,,,false,4
,I`r@pi^Zo,8,1447865,,,false,4
,I`r@pi^Zo,9,1447306,,,false,4
,I`IQUK~~_,0,1468885,,,false,4
,I`IQUK~~_,1,1479779,,,false,4
,I`IQUK~~_,2,1467768,,,false,4
,I`IQUK~~_,3,1473983,,,false,4
,I`IQUK~~_,4,1486553,,,false,4
,I`IQUK~~_,5,1464695,,,false,4
,I`IQUK~~_,6,1488020,,,false,4
,I`IQUK~~_,7,1460645,,,false,4
,I`IQUK~~_,8,1485296,,,false,4
,I`IQUK~~_,9,1469653,,,false,4
,IQhPW~euW,0,1480198,,,false,4
,IQhPW~euW,1,1461133,,,false,4
,IQhPW~euW,2,1471189,,,false,4
,IQhPW~euW,3,1459317,,,false,4
,IQhPW~euW,4,1475659,,,false,4
,IQhPW~euW,5,1462181,,,false,4
,IQhPW~euW,6,1481245,,,false,4
,IQhPW~euW,7,1462320,,,false,4
,IQhPW~euW,8,1476008,,,false,4
,IQhPW~euW,9,1460784,,,false,4
,IEhcqkn~?,0,1462740,,,false,5
,IEhcqkn~?,1,1463438,,,false,5
,IEhcqkn~?,2,1527545,,,false,5
,IEhcqkn~?,3,1529780,,,false,5
,IEhcqkn~?,4,1529989,,,false,5
,IEhcqkn~?,5,1451357,,,false,5
,IEhcqkn~?,6,1464905,,,false,5
,IEhcqkn~?,7,1454639,,,false,5
,IEhcqkn~?,8,1448633,,,false,5
,IEhcqkn~?,9,1454639,,,false,5
,I_hPpnlv_,0,1484319,,,false,5
,I_hPpnlv_,1,1492769,,,false,5
,I_hPpnlv_,2,1487112,,,false,5
,I_hPpnlv_,3,1472516,,,false,5
,I_hPpnlv_,4,1490882,,,false,5
,I_hPpnlv_,5,1469374,,,false,5
,I_hPpnlv_,6,1485226,,,false,5
,I_hPpnlv_,7,1473075,,,false,5
,I_hPpnlv_,8,1480338,,,false,5
,I_hPpnlv_,9,1482642,,,false,5
,I`BHva^Zo,0,1487182,,,false,4
,I`BHva^Zo,1,1471608,,,false,4
,I`BHva^Zo,2,1484598,,,false,4
,I`BHva^Zo,3,1473424,,,false,4
,I`BHva^Zo,4,1479849,,,false,4
,I`BHva^Zo,5,1474751,,,false,4
,I`BHva^Zo,6,1477823,,,false,4
,I`BHva^Zo,7,1480896,,,false,4
,I`BHva^Zo,8,1483690,,,false,4
,I`BHva^Zo,9,1471679,,,false,4
,IQ??GVILW,0,1156798,,,false,3
,IQ??GVILW,1,1144577,,,false,3
,IQ??GVILW,2,1151001,,,false,3
,IQ??GVILW,3,1158823,,,false,3
,IQ??GVILW,4,1143250,,,false,3
,IQ??GVILW,5,1161476,,,false,3
,IQ??GVILW,6,1143529,,,false,3
,IQ??GVILW,7,1158264,,,false,3
,IQ??GVILW,8,1158124,,,false,3
,IQ??GVILW,9,1150303,,,false,3
,I??GhUiTW,0,1207776,,,false,4
,I??GhUiTW,1,1259453,,,false,4
,I??GhUiTW,2,1253518,,,false,4
,I??GhUiTW,3,1266367,,,false,4
,I??GhUiTW,4,1200933,,,false,4
,I??GhUiTW,5,1206869,,,false,4
,I??GhUiTW,6,1197860,,,false,4
,I??GhUiTW,7,1204913,,,false,4
,I??GhUiTW,8,1203726,,,false,4
,I??GhUiTW,9,1205751,,,false,4
,I~zLa[vFw,0,1556456,,,false,6
,I~zLa[vFw,1,1536415,,,false,6
,I~zLa[vFw,2,1549613,,,false,6
,I~zLa[vFw,3,1542769,,,false,6
,I~zLa[vFw,4,1548984,,,false,6
,I~zLa[vFw,5,1551358,,,false,6
,I~zLa[vFw,6,1545213,,,false,6
,I~zLa[vFw,7,1537462,,,false,6
,I~zLa[vFw,8,1549054,,,false,6
,I~zLa[vFw,9,1546889,,,false,6
,IK?CQKSIG,0,1043597,,,false,3
,IK?CQKSIG,1,1049951,,,false,3
,IK?CQKSIG,2,1039058,,,false,3
,IK?CQKSIG,3,1051209,,,false,3
,IK?CQKSIG,4,1042968,,,false,3
,IK?CQKSIG,5,1045692,,,false,3
,IK?CQKSIG,6,1033820,,,false,3
,IK?CQKSIG,7,1047507,,,false,3
,IK?CQKSIG,8,1045831,,,false,3
,IK?CQKSIG,9,1040244,,,false,3
,IS`AA?~No,0,1274607,,,false,3
,IS`AA?~No,1,1296046,,,false,3
,IS`AA?~No,2,1273490,,,false,3
,IS`AA?~No,3,1271395,,,false,3
,IS`AA?~No,4,1290320,,,false,3
,IS`AA?~No,5,1277051,,,false,3
,IS`AA?~No,6,1273140,,,false,3
,IS`AA?~No,7,1268462,,,false,3
,IS`AA?~No,8,1273560,,,false,3
,IS`AA?~No,9,1276702,,,false,3
,Io?WrAF]G,0,1232986,,,false,3
,Io?WrAF]G,1,1248839,,,false,3
,Io?WrAF]G,2,1230612,,,false,3
,Io?WrAF]G,3,1279356,,,false,3
,Io?WrAF]G,4,1296884,,,false,3
,Io?WrAF]G,5,1305055,,,false,3
,Io?WrAF]G,6,1296884,,,false,3
,Io?WrAF]G,7,1217343,,,false,3
,Io?WrAF]G,8,1253447,,,false,3
,Io?WrAF]G,9,1237036,,,false,3
,Is@ipr~~o,0,1503173,,,false,5
,Is@ipr~~o,1,1515883,,,false,5
,Is@ipr~~o,2,1497028,,,false,5
,Is@ipr~~o,3,1520213,,,false,5
,Is@ipr~~o,4,1497517,,,false,5
,Is@ipr~~o,5,1500101,,,false,5
,Is@ipr~~o,6,1513718,,,false,5
,Is@ipr~~o,7,1498913,,,false,5
,Is@ipr~~o,8,1508131,,,false,5
,Is@ipr~~o,9,1504989,,,false,5
,IoDPV~~~w,0,1487949,,,false,5
,IoDPV~~~w,1,1511204,,,false,5
,IoDPV~~~w,2,1500170,,,false,5
,IoDPV~~~w,3,1485505,,,false,5
,IoDPV~~~w,4,1509109,,,false,5
,IoDPV~~~w,5,1485924,,,false,5
,IoDPV~~~w,6,1503034,,,false,5
,IoDPV~~~w,7,1505548,,,false,5
,IoDPV~~~w,8,1498844,,,false,5
,IoDPV~~~w,9,1487251,,,false,5
,IwCx}zY~w,0,1557714,,,false,6
,IwCx}zY~w,1,1532992,,,false,6
,IwCx}zY~w,2,1545073,,,false,6
,IwCx}zY~w,3,1533202,,,false,6
,IwCx}zY~w,4,1544376,,,false,6
,IwCx}zY~w,5,1539347,,,false,6
,IwCx}zY~w,6,1543538,,,false,6
,IwCx}zY~w,7,1542769,,,false,6
,IwCx}zY~w,8,1524822,,,false,6
,IwCx}zY~w,9,1553873,,,false,6
,IyGW}mn~w,0,1610648,,,false,6
,IyGW}mn~w,1,1640117,,,false,6
,IyGW}mn~w,2,1629224,,,false,6
,IyGW}mn~w,3,1564627,,,false,6
,IyGW}mn~w,4,1573496,,,false,6
,IyGW}mn~w,5,1560298,,,false,6
,IyGW}mn~w,6,1556457,,,false,6
,IyGW}mn~w,7,1554013,,,false,6
,IyGW}mn~w,8,1559739,,,false,6
,IyGW}mn~w,9,1560717,,,false,6
,IXNUS|^~w,0,1589070,,,false,6
,IXNUS|^~w,1,1614908,,,false,6
,IXNUS|^~w,2,1585159,,,false,6
,IXNUS|^~w,3,1605900,,,false,6
,IXNUS|^~w,4,1591025,,,false,6
,IXNUS|^~w,5,1597519,,,false,6
,IXNUS|^~w,6,1597101,,,false,6
,IXNUS|^~w,7,1596402,,,false,6
,IXNUS|^~w,8,1594167,,,false,6
,IXNUS|^~w,9,1612673,,,false,6
,IqddY{~~w,0,1608134,,,false,6
,IqddY{~~w,1,1627199,,,false,6
,IqddY{~~w,2,1619168,,,false,6
,IqddY{~~w,3,1607924,,,false,6
,IqddY{~~w,4,1632087,,,false,6
,IqddY{~~w,5,1608902,,,false,6
,IqddY{~~w,6,1618120,,,false,6
,IqddY{~~w,7,1629504,,,false,6
,IqddY{~~w,8,1609112,,,false,6
,IqddY{~~w,9,1633275,,,false,6
,I{O_w~~~w,0,1517908,,,false,6
,I{O_w~~~w,1,1506247,,,false,6
,I{O_w~~~w,2,1518049,,,false,6
,I{O_w~~~w,3,1504501,,,false,6
,I{O_w~~~w,4,1553385,,,false,6
,I{O_w~~~w,5,1580969,,,false,6
,I{O_w~~~w,6,1590886,,,false,6
,I{O_w~~~w,7,1515604,,,false,6
,I{O_w~~~w,8,1524194,,,false,6
,I{O_w~~~w,9,1519515,,,false,6
,IoFvQ{~~w,0,1603805,,,false,5
,IoFvQ{~~w,1,1606807,,,false,5
,IoFvQ{~~w,2,1593609,,,false,5
,IoFvQ{~~w,3,1595634,,,false,5
,IoFvQ{~~w,4,1597100,,,false,5
,IoFvQ{~~w,5,1593190,,,false,5
,IoFvQ{~~w,6,1595145,,,false,5
,IoFvQ{~~w,7,1589488,,,false,5
,IoFvQ{~~w,8,1595145,,,false,5
,IoFvQ{~~w,9,1624266,,,false,5
,IWNVS|^~w,0,1617701,,,false,6
,IWNVS|^~w,1,1630830,,,false,6
,IWNVS|^~w,2,1631878,,,false,6
,IWNVS|^~w,3,1620355,,,false,6
,IWNVS|^~w,4,1638931,,,false,6
,IWNVS|^~w,5,1606458,,,false,6
,IWNVS|^~w,6,1615397,,,false,6
,IWNVS|^~w,7,1646193,,,false,6
,IWNVS|^~w,8,1612464,,,false,6
,IWNVS|^~w,9,1612324,,,false,6
,IxGW}nN~w,0,1560507,,,false,5
,IxGW}nN~w,1,1534319,,,false,5
,IxGW}nN~w,2,1558622,,,false,5
,IxGW}nN~w,3,1545982,,,false,5
,IxGW}nN~w,4,1541792,,,false,5
,IxGW}nN~w,5,1526708,,,false,5
,IxGW}nN~w,6,1559320,,,false,5
,IxGW}nN~w,7,1550382,,,false,5
,IxGW}nN~w,8,1586137,,,false,5
,IxGW}nN~w,9,1616235,,,false,5
,I{N?w|n~w,0,1647661,,,false,6
,I{N?w|n~w,1,1622171,,,false,6
,I{N?w|n~w,2,1586695,,,false,6
,I{N?w|n~w,3,1557435,,,false,6
,I{N?w|n~w,4,1571681,,,false,6
,I{N?w|n~w,5,1562742,,,false,6
,I{N?w|n~w,6,1566583,,,false,6
,I{N?w|n~w,7,1567980,,,false,6
,I{N?w|n~w,8,1568189,,,false,6
,I{N?w|n~w,9,1566024,,,false,6
,IqJTY{~~w,0,1582155,,,false,5
,IqJTY{~~w,1,1610508,,,false,5
,IqJTY{~~w,2,1594796,,,false,5
,IqJTY{~~w,3,1588929,,,false,5
,IqJTY{~~w,4,1607017,,,false,5
,IqJTY{~~w,5,1596542,,,false,5
,IqJTY{~~w,6,1594167,,,false,5
,IqJTY{~~w,7,1587044,,,false,5
,IqJTY{~~w,8,1604223,,,false,5
,IqJTY{~~w,9,1607646,,,false,5
,IANLfN~~w,0,1591724,,,false,6
,IANLfN~~w,1,1587393,,,false,6
,IANLfN~~w,2,1583063,,,false,6
,IANLfN~~w,3,1588301,,,false,6
,IANLfN~~w,4,1604713,,,false,6
,IANLfN~~w,5,1579921,,,false,6
,IANLfN~~w,6,1603525,,,false,6
,IANLfN~~w,7,1580829,,,false,6
,IANLfN~~w,8,1573776,,,false,6
,IANLfN~~w,9,1598637,,,false,6
,IsOax~~~w,0,1550801,,,false,5
,IsOax~~~w,1,1569376,,,false,5
,IsOax~~~w,2,1557085,,,false,5
,IsOax~~~w,3,1626919,,,false,5
,IsOax~~~w,4,1633344,,,false,5
,IsOax~~~w,5,1589558,,,false,5
,IsOax~~~w,6,1579782,,,false,5
,IsOax~~~w,7,1558273,,,false,5
,IsOax~~~w,8,1611416,,,false,5
,IsOax~~~w,9,1569167,,,false,5
,Ik`rX}^~w,0,1586486,,,false,5
,Ik`rX}^~w,1,1588930,,,false,5
,Ik`rX}^~w,2,1585997,,,false,5
,Ik`rX}^~w,3,1594935,,,false,5
,Ik`rX}^~w,4,1607086,,,false,5
,Ik`rX}^~w,5,1589559,,,false,5
,Ik`rX}^~w,6,1624964,,,false,5
,Ik`rX}^~w,7,1592841,,,false,5
,Ik`rX}^~w,8,1589977,,,false,5
,Ik`rX}^~w,9,1617073,,,false,5
,Is`rY{~~w,0,1572728,,,false,5
,Is`rY{~~w,1,1583413,,,false,5
,Is`rY{~~w,2,1576639,,,false,5
,Is`rY{~~w,3,1575661,,,false,5
,Is`rY{~~w,4,1580899,,,false,5
,Is`rY{~~w,5,1567979,,,false,5
,Is`rY{~~w,6,1584740,,,false,5
,Is`rY{~~w,7,1572170,,,false,5
,Is`rY{~~w,8,1588651,,,false,5
,Is`rY{~~w,9,1591024,,,false,5
,IqGTY~~~w,0,1561904,,,false,5
,IqGTY~~~w,1,1576988,,,false,5
,IqGTY~~~w,2,1555549,,,false,5
,IqGTY~~~w,3,1577408,,,false,5
,IqGTY~~~w,4,1562044,,,false,5
,IqGTY~~~w,5,1564208,,,false,5
,IqGTY~~~w,6,1574963,,,false,5
,IqGTY~~~w,7,1622031,,,false,5
,IqGTY~~~w,8,1640328,,,false,5
,IqGTY~~~w,9,1646124,,,false,5
,I@?GE?qBg,0,897784,,,false,2
,I@?GE?qBg,1,908609,,,false,2
,I@?GE?qBg,2,893384,,,false,2
,I@?GE?qBg,3,918595,,,false,2
,I@?GE?qBg,4,907072,,,false,2
,I@?GE?qBg,5,906653,,,false,2
,I@?GE?qBg,6,912100,,,false,2
,I@?GE?qBg,7,914475,,,false,2
,I@?GE?qBg,8,908259,,,false,2
,I@?GE?qBg,9,911052,,,false,2
,IDhzv~}~g,0,1602826,,,false,7
,IDhzv~}~g,1,1619726,,,false,7
,IDhzv~}~g,2,1621543,,,false,7
,IDhzv~}~g,3,1584460,,,false,7
,IDhzv~}~g,4,1614838,,,false,7
,IDhzv~}~g,5,1602548,,,false,7
,IDhzv~}~g,6,1598427,,,false,7
,IDhzv~}~g,7,1620565,,,false,7
,IDhzv~}~g,8,1598497,,,false,7
,IDhzv~}~g,9,1608692,,,false,7
,I???[``Bw,0,1018737,,,false,2
,I???[``Bw,1,1022019,,,false,2
,I???[``Bw,2,1022298,,,false,2
,I???[``Bw,3,1012661,,,false,2
,I???[``Bw,4,1018597,,,false,2
,I???[``Bw,5,1012381,,,false,2
,I???[``Bw,6,1022577,,,false,2
,I???[``Bw,7,1016501,,,false,2
,I???[``Bw,8,1011055,,,false,2
,I???[``Bw,9,1016432,,,false,2
,IBXm}}~nw,0,1597100,,,false,6
,IBXm}}~nw,1,1589348,,,false,6
,IBXm}}~nw,2,1586206,,,false,6
,IBXm}}~nw,3,1600871,,,false,6
,IBXm}}~nw,4,1584530,,,false,6
,IBXm}}~nw,5,1596890,,,false,6
,IBXm}}~nw,6,1590396,,,false,6
,IBXm}}~nw,7,1592282,,,false,6
,IBXm}}~nw,8,1630691,,,false,6
,IBXm}}~nw,9,1663233,,,false,6
,IugGhXbT_,0,1385853,,,false,4
,IugGhXbT_,1,1340670,,,false,4
,IugGhXbT_,2,1328170,,,false,4
,IugGhXbT_,3,1305963,,,false,4
,IugGhXbT_,4,1308407,,,false,4
,IugGhXbT_,5,1318114,,,false,4
,IugGhXbT_,6,1316508,,,false,4
,IugGhXbT_,7,1305125,,,false,4
,IugGhXbT_,8,1318114,,,false,4
,IugGhXbT_,9,1317415,,,false,4
,IwC]dTNLw,0,1457782,,,false,4
,IwC]dTNLw,1,1452265,,,false,4
,IwC]dTNLw,2,1444723,,,false,4
,IwC]dTNLw,3,1460086,,,false,4
,IwC]dTNLw,4,1442907,,,false,4
,IwC]dTNLw,5,1466720,,,false,4
,IwC]dTNLw,6,1443326,,,false,4
,IwC]dTNLw,7,1460785,,,false,4
,IwC]dTNLw,8,1444374,,,false,4
,IwC]dTNLw,9,1446608,,,false,4
,I?i]PlUYW,0,1409527,,,false,4
,I?i]PlUYW,1,1394652,,,false,4
,I?i]PlUYW,2,1409527,,,false,4
,I?i]PlUYW,3,1390113,,,false,4
,I?i]PlUYW,4,1392557,,,false,4
,I?i]PlUYW,5,1399121,,,false,4
,I?i]PlUYW,6,1380894,,,false,4
,I?i]PlUYW,7,1399471,,,false,4
,I?i]PlUYW,8,1388437,,,false,4
,I?i]PlUYW,9,1410016,,,false,4
,I_GOGPbcw,0,1127328,,,false,2
,I_GOGPbcw,1,1115945,,,false,2
,I_GOGPbcw,2,1115456,,,false,2
,I_GOGPbcw,3,1113989,,,false,2
,I_GOGPbcw,4,1133404,,,false,2
,I_GOGPbcw,5,1118110,,,false,2
,I_GOGPbcw,6,1147161,,,false,2
,I_GOGPbcw,7,1115736,,,false,2
,I_GOGPbcw,8,1120205,,,false,2
,I_GOGPbcw,9,1136127,,,false,2
,I`@?X?X`w,0,1174047,,,false,2
,I`@?X?X`w,1,1165248,,,false,2
,I`@?X?X`w,2,1183475,,,false,2
,I`@?X?X`w,3,1105680,,,false,2
,I`@?X?X`w,4,1112383,,,false,2
,I`@?X?X`w,5,1113641,,,false,2
,I`@?X?X`w,6,1113291,,,false,2
,I`@?X?X`w,7,1106168,,,false,2
,I`@?X?X`w,8,1116714,,,false,2
,I`@?X?X`w,9,1113711,,,false,2
,I_D@?ekBw,0,1193879,,,false,3
,I_D@?ekBw,1,1167831,,,false,3
,I_D@?ekBw,2,1171044,,,false,3
,I_D@?ekBw,3,1178167,,,false,3
,I_D@?ekBw,4,1162594,,,false,3
,I_D@?ekBw,5,1179284,,,false,3
,I_D@?ekBw,6,1169648,,,false,3
,I_D@?ekBw,7,1169857,,,false,3
,I_D@?ekBw,8,1157985,,,false,3
,I_D@?ekBw,9,1164480,,,false,3
,IBAH?SFqW,0,1183754,,,false,3
,IBAH?SFqW,1,1166156,,,false,3
,IBAH?SFqW,2,1154633,,,false,3
,IBAH?SFqW,3,1168809,,,false,3
,IBAH?SFqW,4,1156868,,,false,3
,IBAH?SFqW,5,1161198,,,false,3
,IBAH?SFqW,6,1179355,,,false,3
,IBAH?SFqW,7,1154354,,,false,3
,IBAH?SFqW,8,1164270,,,false,3
,IBAH?SFqW,9,1163851,,,false,3
,I`?KQScDG,0,1001208,,,false,2
,I`?KQScDG,1,987311,,,false,2
,I`?KQScDG,2,984936,,,false,2
,I`?KQScDG,3,985705,,,false,2
,I`?KQScDG,4,984797,,,false,2
,I`?KQScDG,5,983121,,,false,2
,I`?KQScDG,6,986194,,,false,2
,I`?KQScDG,7,987102,,,false,2
,I`?KQScDG,8,1007144,,,false,2
,I`?KQScDG,9,984029,,,false,2
,I`?DYySYG,0,1297652,,,false,4
,I`?DYySYG,1,1313505,,,false,4
,I`?DYySYG,2,1296535,,,false,4
,I`?DYySYG,3,1297164,,,false,4
,I`?DYySYG,4,1320069,,,false,4
,I`?DYySYG,5,1297652,,,false,4
,I`?DYySYG,6,1331662,,,false,4
,I`?DYySYG,7,1369931,,,false,4
,I`?DYySYG,8,1361481,,,false,4
,I`?DYySYG,9,1360642,,,false,4
,IqGO?KJ~_,0,1203865,,,false,3
,IqGO?KJ~_,1,1218810,,,false,3
,IqGO?KJ~_,2,1187664,,,false,3
,IqGO?KJ~_,3,1204704,,,false,3
,IqGO?KJ~_,4,1210291,,,false,3
,IqGO?KJ~_,5,1198698,,,false,3
,IqGO?KJ~_,6,1190946,,,false,3
,IqGO?KJ~_,7,1199117,,,false,3
,IqGO?KJ~_,8,1200095,,,false,3
,IqGO?KJ~_,9,1209313,,,false,3
,IqGOOKF}G,0,1205891,,,false,3
,IqGOOKF}G,1,1199396,,,false,3
,IqGOOKF}G,2,1211617,,,false,3
,IqGOOKF}G,3,1190947,,,false,3
,IqGOOKF}G,4,1210151,,,false,3
,IqGOOKF}G,5,1198628,,,false,3
,IqGOOKF}G,6,1195974,,,false,3
,IqGOOKF}G,7,1203656,,,false,3
,IqGOOKF}G,8,1211757,,,false,3
,IqGOOKF}G,9,1200304,,,false,3
,IoDH?ebVG,0,1205891,,,false,3
,IoDH?ebVG,1,1201561,,,false,3
,IoDH?ebVG,2,1201841,,,false,3
,IoDH?ebVG,3,1206310,,,false,3
,IoDH?ebVG,4,1197511,,,false,3
,IoDH?ebVG,5,1191086,,,false,3
,IoDH?ebVG,6,1206031,,,false,3
,IoDH?ebVG,7,1193740,,,false,3
,IoDH?ebVG,8,1223140,,,false,3
,IoDH?ebVG,9,1211268,,,false,3
,Ik?WPCF}?,0,1172092,,,false,3
,Ik?WPCF}?,1,1179843,,,false,3
,Ik?WPCF}?,2,1169997,,,false,3
,Ik?WPCF}?,3,1179843,,,false,3
,Ik?WPCF}?,4,1164480,,,false,3
,Ik?WPCF}?,5,1192134,,,false,3
,Ik?WPCF}?,6,1166296,,,false,3
,Ik?WPCF}?,7,1169368,,,false,3
,Ik?WPCF}?,8,1183683,,,false,3
,Ik?WPCF}?,9,1180611,,,false,3
,IoDPS@TIo,0,1157845,,,false,3
,IoDPS@TIo,1,1176980,,,false,3
,IoDPS@TIo,2,1218112,,,false,3
,IoDPS@TIo,3,1227470,,,false,3
,IoDPS@TIo,4,1222372,,,false,3
,IoDPS@TIo,5,1169368,,,false,3
,IoDPS@TIo,6,1160709,,,false,3
,IoDPS@TIo,7,1170486,,,false,3
,IoDPS@TIo,8,1174815,,,false,3
,IoDPS@TIo,9,1171463,,,false,3
,I`HSU?JLG,0,1180192,,,false,3
,I`HSU?JLG,1,1169089,,,false,3
,I`HSU?JLG,2,1170206,,,false,3
,I`HSU?JLG,3,1191365,,,false,3
,I`HSU?JLG,4,1183404,,,false,3
,I`HSU?JLG,5,1173209,,,false,3
,I`HSU?JLG,6,1161058,,,false,3
,I`HSU?JLG,7,1182986,,,false,3
,I`HSU?JLG,8,1169438,,,false,3
,I`HSU?JLG,9,1189131,,,false,3
,I`IQU?FMG,0,1198349,,,false,3
,I`IQU?FMG,1,1186687,,,false,3
,I`IQU?FMG,2,1194509,,,false,3
,I`IQU?FMG,3,1187245,,,false,3
,I`IQU?FMG,4,1196813,,,false,3
,I`IQU?FMG,5,1180192,,,false,3
,I`IQU?FMG,6,1203517,,,false,3
,I`IQU?FMG,7,1188153,,,false,3
,I`IQU?FMG,8,1187804,,,false,3
,I`IQU?FMG,9,1200584,,,false,3
,Io@POgJ}?,0,1193810,,,false,3
,Io@POgJ}?,1,1164899,,,false,3
,Io@POgJ}?,2,1167761,,,false,3
,Io@POgJ}?,3,1172022,,,false,3
,Io@POgJ}?,4,1171672,,,false,3
,Io@POgJ}?,5,1166924,,,false,3
,Io@POgJ}?,6,1176072,,,false,3
,Io@POgJ}?,7,1177260,,,false,3
,Io@POgJ}?,8,1160988,,,false,3
,Io@POgJ}?,9,1173139,,,false,3
,I_?pShI}?,0,1190807,,,false,3
,I_?pShI}?,1,1175234,,,false,3
,I_?pShI}?,2,1189690,,,false,3
,I_?pShI}?,3,1186896,,,false,3
,I_?pShI}?,4,1194089,,,false,3
,I_?pShI}?,5,1177678,,,false,3
,I_?pShI}?,6,1180961,,,false,3
,I_?pShI}?,7,1224537,,,false,3
,I_?pShI}?,8,1237945,,,false,3
,I_?pShI}?,9,1245278,,,false,3
