name,graph_g6,iteration,runtime,allocated_bytes,peak_bytes,timeout,treewidth
,G@Kxx{,0,228009,,,false,5
,G@Kxx{,1,230941,,,false,5
,G@Kxx{,2,214321,,,false,5
,G@Kxx{,3,209851,,,false,5
,G@Kxx{,4,212086,,,false,5
,G@Kxx{,5,218791,,,false,5
,G@Kxx{,6,212506,,,false,5
,G@Kxx{,7,210619,,,false,5
,G@Kxx{,8,209991,,,false,5
,G@Kxx{,9,217883,,,false,5
,G@Kx~{,0,250984,,,false,5
,G@Kx~{,1,244629,,,false,5
,G@Kx~{,2,245118,,,false,5
,G@Kx~{,3,245746,,,false,5
,G@Kx~{,4,244769,,,false,5
,G@Kx~{,5,240439,,,false,5
,G@Kx~{,6,238903,,,false,5
,G@Kx~{,7,242464,,,false,5
,G@Kx~{,8,241417,,,false,5
,G@Kx~{,9,240788,,,false,5
,G?_gqK,0,205243,,,false,2
,G?_gqK,1,201052,,,false,2
,G?_gqK,2,197072,,,false,2
,G?_gqK,3,195675,,,false,2
,G?_gqK,4,194838,,,false,2
,G?_gqK,5,188832,,,false,2
,G?_gqK,6,196094,,,false,2
,G?_gqK,7,194628,,,false,2
,G?_gqK,8,191765,,,false,2
,G?_gqK,9,191975,,,false,2
,G?????,0,126888,,,false,0
,G?????,1,129473,,,false,0
,G?????,2,127727,,,false,0
,G?????,3,125981,,,false,0
,G?????,4,127237,,,false,0
,G?????,5,126051,,,false,0
,G?????,6,125422,,,false,0
,G?????,7,125981,,,false,0
,G?????,8,124934,,,false,0
,G?????,9,128564,,,false,0
,Gs\v~w,0,295678,,,false,5
,Gs\v~w,1,288554,,,false,5
,Gs\v~w,2,285342,,,false,5
,Gs\v~w,3,293373,,,false,5
,Gs\v~w,4,281781,,,false,5
,Gs\v~w,5,282828,,,false,5
,Gs\v~w,6,290021,,,false,5
,Gs\v~w,7,279406,,,false,5
,Gs\v~w,8,283108,,,false,5
,Gs\v~w,9,280384,,,false,5
,GF~~~{,0,298052,,,false,5
,GF~~~{,1,292814,,,false,5
,GF~~~{,2,292047,,,false,5
,GF~~~{,3,295189,,,false,5
,GF~~~{,4,293653,,,false,5
,GF~~~{,5,284993,,,false,5
,GF~~~{,6,294909,,,false,5
,GF~~~{,7,290860,,,false,5
,GF~~~{,8,286250,,,false,5
,GF~~~{,9,289533,,,false,5
,G~?GW[,0,196513,,,false,3
,G~?GW[,1,192812,,,false,3
,G~?GW[,2,191206,,,false,3
,G~?GW[,3,184292,,,false,3
,G~?GW[,4,189460,,,false,3
,G~?GW[,5,191137,,,false,3
,G~?GW[,6,190158,,,false,3
,G~?GW[,7,189530,,,false,3
,G~?GW[,8,190438,,,false,3
,G~?GW[,9,201332,,,false,3
,GwC^?{,0,221095,,,false,3
,GwC^?{,1,217324,,,false,3
,GwC^?{,2,212854,,,false,3
,GwC^?{,3,212436,,,false,3
,GwC^?{,4,216625,,,false,3
,GwC^?{,5,212854,,,false,3
,GwC^?{,6,212645,,,false,3
,GwC^?{,7,210271,,,false,3
,GwC^?{,8,219489,,,false,3
,GwC^?{,9,210550,,,false,3
,G???GK,0,150702,,,false,2
,G???GK,1,150562,,,false,2
,G???GK,2,146442,,,false,2
,G???GK,3,150492,,,false,2
,G???GK,4,158244,,,false,2
,G???GK,5,148956,,,false,2
,G???GK,6,149096,,,false,2
,G???GK,7,149864,,,false,2
,G???GK,8,149584,,,false,2
,G???GK,9,148956,,,false,2
,G}hPW{,0,278708,,,false,4
,G}hPW{,1,265090,,,false,4
,G}hPW{,2,260901,,,false,4
,G}hPW{,3,259084,,,false,4
,G}hPW{,4,275076,,,false,4
,G}hPW{,5,266627,,,false,4
,G}hPW{,6,265160,,,false,4
,G}hPW{,7,264881,,,false,4
,G}hPW{,8,263764,,,false,4
,G}hPW{,9,266417,,,false,4
,GqN~~{,0,303778,,,false,5
,GqN~~{,1,312997,,,false,5
,GqN~~{,2,296236,,,false,5
,GqN~~{,3,294980,,,false,5
,GqN~~{,4,309645,,,false,5
,GqN~~{,5,299658,,,false,5
,GqN~~{,6,300636,,,false,5
,GqN~~{,7,304965,,,false,5
,GqN~~{,8,292815,,,false,5
,GqN~~{,9,296167,,,false,5
,GJ\zz{,0,258107,,,false,6
,GJ\zz{,1,258317,,,false,6
,GJ\zz{,2,248539,,,false,6
,GJ\zz{,3,249448,,,false,6
,GJ\zz{,4,245188,,,false,6
,GJ\zz{,5,253218,,,false,6
,GJ\zz{,6,246515,,,false,6
,GJ\zz{,7,245187,,,false,6
,GJ\zz{,8,247352,,,false,6
,GJ\zz{,9,254755,,,false,6
,GJ\z~{,0,266696,,,false,6
,GJ\z~{,1,270398,,,false,6
,GJ\z~{,2,275775,,,false,6
,GJ\z~{,3,269001,,,false,6
,GJ\z~{,4,271725,,,false,6
,GJ\z~{,5,273889,,,false,6
,GJ\z~{,6,277661,,,false,6
,GJ\z~{,7,271655,,,false,6
,GJ\z~{,8,271795,,,false,6
,GJ\z~{,9,279546,,,false,6
,G~z\z{,0,298541,,,false,6
,G~z\z{,1,292885,,,false,6
,G~z\z{,2,291068,,,false,6
,G~z\z{,3,299379,,,false,6
,G~z\z{,4,294001,,,false,6
,G~z\z{,5,291698,,,false,6
,G~z\z{,6,304337,,,false,6
,G~z\z{,7,288066,,,false,6
,G~z\z{,8,291907,,,false,6
,G~z\z{,9,300007,,,false,6
,G^~~~{,0,294770,,,false,6
,G^~~~{,1,291837,,,false,6
,G^~~~{,2,288345,,,false,6
,G^~~~{,3,293862,,,false,6
,G^~~~{,4,289044,,,false,6
,G^~~~{,5,289532,,,false,6
,G^~~~{,6,296655,,,false,6
,G^~~~{,7,284993,,,false,6
,G^~~~{,8,292395,,,false,6
,G^~~~{,9,294700,,,false,6
,G~~~~{,0,280594,,,false,7
,G~~~~{,1,278568,,,false,7
,G~~~~{,2,277521,,,false,7
,G~~~~{,3,285203,,,false,7
,G~~~~{,4,278010,,,false,7
,G~~~~{,5,275566,,,false,7
,G~~~~{,6,287158,,,false,7
,G~~~~{,7,279406,,,false,7
,G~~~~{,8,275426,,,false,7
,G~~~~{,9,279057,,,false,7
,GI?HOg,0,250984,,,false,2
,GI?HOg,1,230383,,,false,2
,GI?HOg,2,227100,,,false,2
,GI?HOg,3,224726,,,false,2
,GI?HOg,4,234643,,,false,2
,GI?HOg,5,219838,,,false,2
,GI?HOg,6,178426,,,false,2
,GI?HOg,7,175563,,,false,2
,GI?HOg,8,178356,,,false,2
,GI?HOg,9,184641,,,false,2
,G?DPV?,0,196793,,,false,2
,G?DPV?,1,192463,,,false,2
,G?DPV?,2,188482,,,false,2
,G?DPV?,3,187086,,,false,2
,G?DPV?,4,197771,,,false,2
,G?DPV?,5,183803,,,false,2
,G?DPV?,6,188971,,,false,2
,G?DPV?,7,182896,,,false,2
,G?DPV?,8,186038,,,false,2
,G?DPV?,9,193720,,,false,2
,G?DPTC,0,193300,,,false,2
,G?DPTC,1,183804,,,false,2
,G?DPTC,2,185968,,,false,2
,G?DPTC,3,184501,,,false,2
,G?DPTC,4,194907,,,false,2
,G?DPTC,5,186247,,,false,2
,G?DPTC,6,182686,,,false,2
,G?DPTC,7,180940,,,false,2
,G?DPTC,8,182127,,,false,2
,G?DPTC,9,191835,,,false,2
,G?`HW{,0,211388,,,false,3
,G?`HW{,1,205312,,,false,3
,G?`HW{,2,201262,,,false,3
,G?`HW{,3,200633,,,false,3
,G?`HW{,4,208316,,,false,3
,G?`HW{,5,198748,,,false,3
,G?`HW{,6,197910,,,false,3
,G?`HW{,7,199377,,,false,3
,G?`HW{,8,199446,,,false,3
,G?`HW{,9,201262,,,false,3
,G@GQSG,0,185200,,,false,1
,G@GQSG,1,180452,,,false,1
,G@GQSG,2,179264,,,false,1
,G@GQSG,3,176471,,,false,1
,G@GQSG,4,183315,,,false,1
,G@GQSG,5,175493,,,false,1
,G@GQSG,6,180172,,,false,1
,G@GQSG,7,175075,,,false,1
,G@GQSG,8,176051,,,false,1
,G@GQSG,9,173957,,,false,1
,G??GW[,0,165297,,,false,3
,G??GW[,1,163133,,,false,3
,G??GW[,2,162504,,,false,3
,G??GW[,3,162923,,,false,3
,G??GW[,4,161736,,,false,3
,G??GW[,5,175284,,,false,3
,G??GW[,6,161038,,,false,3
,G??GW[,7,161247,,,false,3
,G??GW[,8,161037,,,false,3
,G??GW[,9,158035,,,false,3
,G??MPg,0,188971,,,false,1
,G??MPg,1,192253,,,false,1
,G??MPg,2,180312,,,false,1
,G??MPg,3,177449,,,false,1
,G??MPg,4,176051,,,false,1
,G??MPg,5,180312,,,false,1
,G??MPg,6,189460,,,false,1
,G??MPg,7,179963,,,false,1
,G??MPg,8,179753,,,false,1
,G??MPg,9,181708,,,false,1
,G????C,0,139947,,,false,1
,G????C,1,140507,,,false,1
,G????C,2,142252,,,false,1
,G????C,3,139109,,,false,1
,G????C,4,138481,,,false,1
,G????C,5,138620,,,false,1
,G????C,6,137504,,,false,1
,G????C,7,138830,,,false,1
,G????C,8,138202,,,false,1
,G????C,9,148328,,,false,1
,G???Ns,0,205172,,,false,1
,G???Ns,1,203008,,,false,1
,G???Ns,2,200983,,,false,1
,G???Ns,3,201262,,,false,1
,G???Ns,4,260411,,,false,1
,G???Ns,5,255174,,,false,1
,G???Ns,6,251473,,,false,1
,G???Ns,7,249029,,,false,1
,G???Ns,8,256151,,,false,1
,G???Ns,9,230872,,,false,1
,G?CWw{,0,190368,,,false,4
,G?CWw{,1,187854,,,false,4
,G?CWw{,2,191765,,,false,4
,G?CWw{,3,183524,,,false,4
,G?CWw{,4,182337,,,false,4
,G?CWw{,5,182127,,,false,4
,G?CWw{,6,182756,,,false,4
,G?CWw{,7,193650,,,false,4
,G?CWw{,8,184991,,,false,4
,G?CWw{,9,184292,,,false,4
,G?CW~{,0,235830,,,false,4
,G?CW~{,1,230453,,,false,4
,G?CW~{,2,237506,,,false,4
,G?CW~{,3,230383,,,false,4
,G?CW~{,4,220885,,,false,4
,G?CW~{,5,224866,,,false,4
,G?CW~{,6,233805,,,false,4
,G?CW~{,7,225215,,,false,4
,G?CW~{,8,225215,,,false,4
,G?CW~{,9,225145,,,false,4
,G??GOK,0,159850,,,false,2
,G??GOK,1,168161,,,false,2
,G??GOK,2,160339,,,false,2
,G??GOK,3,156568,,,false,2
,G??GOK,4,155521,,,false,2
,G??GOK,5,154892,,,false,2
,G??GOK,6,154892,,,false,2
,G??GOK,7,161387,,,false,2
,G??GOK,8,156917,,,false,2
,G??GOK,9,156429,,,false,2
,GoCQPG,0,195326,,,false,2
,GoCQPG,1,190787,,,false,2
,GoCQPG,2,198399,,,false,2
,GoCQPG,3,186387,,,false,2
,GoCQPG,4,184781,,,false,2
,GoCQPG,5,184641,,,false,2
,GoCQPG,6,185619,,,false,2
,GoCQPG,7,183594,,,false,2
,GoCQPG,8,185619,,,false,2
,GoCQPG,9,184991,,,false,2
,G?CHM_,0,191765,,,false,1
,G?CHM_,1,184990,,,false,1
,G?CHM_,2,179194,,,false,1
,G?CHM_,3,187086,,,false,1
,G?CHM_,4,176541,,,false,1
,G?CHM_,5,179194,,,false,1
,G?CHM_,6,176401,,,false,1
,G?CHM_,7,176820,,,false,1
,G?CHM_,8,190647,,,false,1
,G?CHM_,9,182337,,,false,1
,G??gv_,0,205592,,,false,2
,G??gv_,1,201332,,,false,2
,G??gv_,2,197700,,,false,2
,G??gv_,3,204405,,,false,2
,G??gv_,4,192742,,,false,2
,G??gv_,5,192812,,,false,2
,G??gv_,6,193022,,,false,2
,G??gv_,7,194418,,,false,2
,G??gv_,8,200703,,,false,2
,G??gv_,9,192672,,,false,2
,G?@HcK,0,195117,,,false,1
,G?@HcK,1,189320,,,false,1
,G?@HcK,2,184502,,,false,1
,G?@HcK,3,193231,,,false,1
,G?@HcK,4,186247,,,false,1
,G?@HcK,5,183804,,,false,1
,G?@HcK,6,183594,,,false,1
,G?@HcK,7,182337,,,false,1
,G?@HcK,8,188762,,,false,1
,G?@HcK,9,183804,,,false,1
,G???^w,0,213692,,,false,2
,G???^w,1,207896,,,false,2
,G???^w,2,206150,,,false,2
,G???^w,3,212854,,,false,2
,G???^w,4,203846,,,false,2
,G???^w,5,204824,,,false,2
,G???^w,6,203706,,,false,2
,G???^w,7,212854,,,false,2
,G???^w,8,204335,,,false,2
,G???^w,9,198259,,,false,2
,GsP@xw,0,260272,,,false,3
,GsP@xw,1,250495,,,false,3
,GsP@xw,2,253847,,,false,3
,GsP@xw,3,246305,,,false,3
,GsP@xw,4,244908,,,false,3
,GsP@xw,5,245118,,,false,3
,GsP@xw,6,252730,,,false,3
,GsP@xw,7,243651,,,false,3
,GsP@xw,8,239880,,,false,3
,GsP@xw,9,244350,,,false,3
,G?@Ht_,0,203217,,,false,2
,G?@Ht_,1,195676,,,false,2
,G?@Ht_,2,191764,,,false,2
,G?@Ht_,3,185480,,,false,2
,G?@Ht_,4,188831,,,false,2
,G?@Ht_,5,189460,,,false,2
,G?@Ht_,6,189251,,,false,2
,G?@Ht_,7,186597,,,false,2
,G?@Ht_,8,186108,,,false,2
,G?@Ht_,9,185060,,,false,2
,Gs`zro,0,269281,,,false,4
,Gs`zro,1,256221,,,false,4
,Gs`zro,2,253568,,,false,4
,Gs`zro,3,260971,,,false,4
,Gs`zro,4,245676,,,false,4
,Gs`zro,5,253078,,,false,4
,Gs`zro,6,251613,,,false,4
,Gs`zro,7,259015,,,false,4
,Gs`zro,8,252450,,,false,4
,Gs`zro,9,250565,,,false,4
,G?~~~{,0,284365,,,false,4
,G?~~~{,1,288415,,,false,4
,G?~~~{,2,276054,,,false,4
,G?~~~{,3,275565,,,false,4
,G?~~~{,4,277520,,,false,4
,G?~~~{,5,273401,,,false,4
,G?~~~{,6,269490,,,false,4
,G?~~~{,7,270467,,,false,4
,G?~~~{,8,278150,,,false,4
,G?~~~{,9,268582,,,false,4
,G`K?GK,0,163691,,,false,2
,G`K?GK,1,165368,,,false,2
,G`K?GK,2,163970,,,false,2
,G`K?GK,3,166554,,,false,2
,G`K?GK,4,161736,,,false,2
,G`K?GK,5,160758,,,false,2
,G`K?GK,6,161805,,,false,2
,G`K?GK,7,161177,,,false,2
,G`K?GK,8,160758,,,false,2
,G`K?GK,9,171513,,,false,2
,G`?GZc,0,199167,,,false,2
,G`?GZc,1,192812,,,false,2
,G`?GZc,2,194209,,,false,2
,G`?GZc,3,193720,,,false,2
,G`?GZc,4,199725,,,false,2
,G`?GZc,5,192882,,,false,2
,G`?GZc,6,191834,,,false,2
,G`?GZc,7,192254,,,false,2
,G`?GZc,8,191555,,,false,2
,G`?GZc,9,201891,,,false,2
,G??CZc,0,199517,,,false,1
,G??CZc,1,194627,,,false,1
,G??CZc,2,191765,,,false,1
,G??CZc,3,190787,,,false,1
,G??CZc,4,199376,,,false,1
,G??CZc,5,188901,,,false,1
,G??CZc,6,188971,,,false,1
,G??CZc,7,188831,,,false,1
,G??CZc,8,187505,,,false,1
,G??CZc,9,196094,,,false,1
,G`_gqK,0,220885,,,false,3
,G`_gqK,1,215648,,,false,3
,G`_gqK,2,211807,,,false,3
,G`_gqK,3,220048,,,false,3
,G`_gqK,4,209013,,,false,3
,G`_gqK,5,204614,,,false,3
,G`_gqK,6,207616,,,false,3
,G`_gqK,7,208595,,,false,3
,G`_gqK,8,216625,,,false,3
,G`_gqK,9,203706,,,false,3
,GsOiho,0,241905,,,false,4
,GsOiho,1,235062,,,false,4
,GsOiho,2,241905,,,false,4
,GsOiho,3,231780,,,false,4
,GsOiho,4,231360,,,false,4
,GsOiho,5,228498,,,false,4
,GsOiho,6,234154,,,false,4
,GsOiho,7,229475,,,false,4
,GsOiho,8,228288,,,false,4
,GsOiho,9,228567,,,false,4
,G???F{,0,204754,,,false,1
,G???F{,1,209292,,,false,1
,G???F{,2,202169,,,false,1
,G???F{,3,200145,,,false,1
,G???F{,4,198539,,,false,1
,G???F{,5,206918,,,false,1
,G???F{,6,199377,,,false,1
,G???F{,7,199027,,,false,1
,G???F{,8,199586,,,false,1
,G???F{,9,198538,,,false,1
,G??F~{,0,253707,,,false,2
,G??F~{,1,240788,,,false,2
,G??F~{,2,234294,,,false,2
,G??F~{,3,237017,,,false,2
,G??F~{,4,247632,,,false,2
,G??F~{,5,236667,,,false,2
,G??F~{,6,238414,,,false,2
,G??F~{,7,236668,,,false,2
,G??F~{,8,245607,,,false,2
,G??F~{,9,236039,,,false,2
,G?B~~{,0,267115,,,false,3
,G?B~~{,1,262926,,,false,3
,G?B~~{,2,275635,,,false,3
,G?B~~{,3,259574,,,false,3
,G?B~~{,4,258945,,,false,3
,G?B~~{,5,259015,,,false,3
,G?B~~{,6,267255,,,false,3
,G?B~~{,7,257130,,,false,3
,G?B~~{,8,254755,,,false,3
,G?B~~{,9,265230,,,false,3
,G`?G?C,0,146722,,,false,1
,G`?G?C,1,147071,,,false,1
,G`?G?C,2,146582,,,false,1
,G`?G?C,3,147420,,,false,1
,G`?G?C,4,146652,,,false,1
,G`?G?C,5,144906,,,false,1
,G`?G?C,6,155101,,,false,1
,G`?G?C,7,144417,,,false,1
,G`?G?C,8,144766,,,false,1
,G`?G?C,9,144627,,,false,1
,G?O_c[,0,195117,,,false,1
,G?O_c[,1,188761,,,false,1
,G?O_c[,2,179823,,,false,1
,G?O_c[,3,186667,,,false,1
,G?O_c[,4,183175,,,false,1
,G?O_c[,5,183385,,,false,1
,G?O_c[,6,184223,,,false,1
,G?O_c[,7,186736,,,false,1
,G?O_c[,8,181988,,,false,1
,G?O_c[,9,183035,,,false,1
,G?GQSK,0,191695,,,false,1
,G?GQSK,1,186317,,,false,1
,G?GQSK,2,188342,,,false,1
,G?GQSK,3,182826,,,false,1
,G?GQSK,4,178985,,,false,1
,G?GQSK,5,177309,,,false,1
,G?GQSK,6,177309,,,false,1
,G?GQSK,7,183734,,,false,1
,G?GQSK,8,179893,,,false,1
,G?GQSK,9,181848,,,false,1
,G?zTjo,0,260900,,,false,3
,G?zTjo,1,255663,,,false,3
,G?zTjo,2,260971,,,false,3
,G?zTjo,3,249517,,,false,3
,G?zTjo,4,247213,,,false,3
,G?zTjo,5,246165,,,false,3
,G?zTjo,6,251892,,,false,3
,G?zTjo,7,241905,,,false,3
,G?zTjo,8,241277,,,false,3
,G?zTjo,9,240997,,,false,3
,Gs@ipo,0,239601,,,false,3
,Gs@ipo,1,226123,,,false,3
,Gs@ipo,2,228916,,,false,3
,Gs@ipo,3,227031,,,false,3
,Gs@ipo,4,238204,,,false,3
,Gs@ipo,5,225983,,,false,3
,Gs@ipo,6,226612,,,false,3
,Gs@ipo,7,227100,,,false,3
,Gs@ipo,8,237925,,,false,3
,Gs@ipo,9,226612,,,false,3
,G`dnfw,0,278918,,,false,4
,G`dnfw,1,271445,,,false,4
,G`dnfw,2,277242,,,false,4
,G`dnfw,3,266347,,,false,4
,G`dnfw,4,265789,,,false,4
,G`dnfw,5,272772,,,false,4
,G`dnfw,6,264252,,,false,4
,G`dnfw,7,263205,,,false,4
,G`dnfw,8,265300,,,false,4
,G`dnfw,9,275426,,,false,4
,GQo~nw,0,288136,,,false,4
,GQo~nw,1,280454,,,false,4
,GQo~nw,2,287647,,,false,4
,GQo~nw,3,278568,,,false,4
,GQo~nw,4,272353,,,false,4
,GQo~nw,5,274379,,,false,4
,GQo~nw,6,288136,,,false,4
,GQo~nw,7,275356,,,false,4
,GQo~nw,8,275217,,,false,4
,GQo~nw,9,283736,,,false,4
,G?z\z{,0,280314,,,false,3
,G?z\z{,1,270467,,,false,3
,G?z\z{,2,268513,,,false,3
,G?z\z{,3,279127,,,false,3
,G?z\z{,4,264881,,,false,3
,G?z\z{,5,265649,,,false,3
,G?z\z{,6,264742,,,false,3
,G?z\z{,7,277101,,,false,3
,G?z\z{,8,263414,,,false,3
,G?z\z{,9,263275,,,false,3
,GwCOOK,0,188971,,,false,2
,GwCOOK,1,177938,,,false,2
,GwCOOK,2,174934,,,false,2
,GwCOOK,3,175703,,,false,2
,GwCOOK,4,176191,,,false,2
,GwCOOK,5,172840,,,false,2
,GwCOOK,6,178985,,,false,2
,GwCOOK,7,174725,,,false,2
,GwCOOK,8,172839,,,false,2
,GwCOOK,9,172630,,,false,2
,GoCOZ?,0,178356,,,false,2
,GoCOZ?,1,186388,,,false,2
,GoCOZ?,2,176610,,,false,2
,GoCOZ?,3,175494,,,false,2
,GoCOZ?,4,172769,,,false,2
,GoCOZ?,5,173538,,,false,2
,GoCOZ?,6,174167,,,false,2
,GoCOZ?,7,177867,,,false,2
,GoCOZ?,8,173119,,,false,2
,GoCOZ?,9,172839,,,false,2
,G?xPcK,0,227659,,,false,3
,G?xPcK,1,220397,,,false,3
,G?xPcK,2,218930,,,false,3
,G?xPcK,3,213623,,,false,3
,G?xPcK,4,211807,,,false,3
,G?xPcK,5,211388,,,false,3
,G?xPcK,6,220047,,,false,3
,G?xPcK,7,210200,,,false,3
,G?xPcK,8,210969,,,false,3
,G?xPcK,9,210271,,,false,3
,G@?G?C,0,143718,,,false,1
,G@?G?C,1,150493,,,false,1
,G@?G?C,2,143230,,,false,1
,G@?G?C,3,142950,,,false,1
,G@?G?C,4,141415,,,false,1
,G@?G?C,5,140925,,,false,1
,G@?G?C,6,140576,,,false,1
,G@?G?C,7,141204,,,false,1
,G@?G?C,8,152169,,,false,1
,G@?G?C,9,140925,,,false,1
,G@hRSk,0,235341,,,false,3
,G@hRSk,1,229475,,,false,3
,G@hRSk,2,222841,,,false,3
,G@hRSk,3,233246,,,false,3
,G@hRSk,4,225704,,,false,3
,G@hRSk,5,223748,,,false,3
,G@hRSk,6,223329,,,false,3
,G@hRSk,7,232758,,,false,3
,G@hRSk,8,222283,,,false,3
,G@hRSk,9,223259,,,false,3
,GoSv~w,0,278428,,,false,4
,GoSv~w,1,285692,,,false,4
,GoSv~w,2,269071,,,false,4
,GoSv~w,3,265649,,,false,4
,GoSv~w,4,265649,,,false,4
,GoSv~w,5,277312,,,false,4
,GoSv~w,6,265579,,,false,4
,GoSv~w,7,265788,,,false,4
,GoSv~w,8,274657,,,false,4
,GoSv~w,9,265719,,,false,4
,GIiZ~w,0,285342,,,false,4
,GIiZ~w,1,276893,,,false,4
,GIiZ~w,2,283247,,,false,4
,GIiZ~w,3,271934,,,false,4
,GIiZ~w,4,271027,,,false,4
,GIiZ~w,5,280035,,,false,4
,GIiZ~w,6,272283,,,false,4
,GIiZ~w,7,271236,,,false,4
,GIiZ~w,8,272423,,,false,4
,GIiZ~w,9,282410,,,false,4
,G@lv]{,0,286180,,,false,4
,G@lv]{,1,276543,,,false,4
,G@lv]{,2,283736,,,false,4
,G@lv]{,3,272283,,,false,4
,G@lv]{,4,274378,,,false,4
,G@lv]{,5,273401,,,false,4
,G@lv]{,6,280384,,,false,4
,G@lv]{,7,269909,,,false,4
,G@lv]{,8,270538,,,false,4
,G@lv]{,9,277171,,,false,4
,GsOax{,0,256151,,,false,3
,GsOax{,1,247911,,,false,3
,GsOax{,2,244140,,,false,3
,GsOax{,3,250915,,,false,3
,GsOax{,4,242464,,,false,3
,GsOax{,5,242883,,,false,3
,GsOax{,6,238903,,,false,3
,GsOax{,7,250984,,,false,3
,GsOax{,8,241836,,,false,3
,GsOax{,9,240160,,,false,3
,GANLfK,0,260063,,,false,4
,GANLfK,1,261319,,,false,4
,GANLfK,2,246305,,,false,4
,GANLfK,3,245328,,,false,4
,GANLfK,4,244350,,,false,4
,GANLfK,5,251123,,,false,4
,GANLfK,6,245048,,,false,4
,GANLfK,7,243651,,,false,4
,GANLfK,8,245187,,,false,4
,GANLfK,9,255244,,,false,4
,G{O_w{,0,241067,,,false,4
,G{O_w{,1,232269,,,false,4
,G{O_w{,2,231290,,,false,4
,G{O_w{,3,236668,,,false,4
,G{O_w{,4,226611,,,false,4
,G{O_w{,5,227031,,,false,4
,G{O_w{,6,227100,,,false,4
,G{O_w{,7,235621,,,false,4
,G{O_w{,8,225494,,,false,4
,G{O_w{,9,226193,,,false,4
,GANcvK,0,256221,,,false,4
,GANcvK,1,256641,,,false,4
,GANcvK,2,245118,,,false,4
,GANcvK,3,242743,,,false,4
,GANcvK,4,241835,,,false,4
,GANcvK,5,250914,,,false,4
,GANcvK,6,242045,,,false,4
,GANcvK,7,240788,,,false,4
,GANcvK,8,241417,,,false,4
,GANcvK,9,248121,,,false,4
,GCS~VK,0,263275,,,false,4
,GCS~VK,1,254755,,,false,4
,GCS~VK,2,251822,,,false,4
,GCS~VK,3,260970,,,false,4
,GCS~VK,4,249447,,,false,4
,GCS~VK,5,249937,,,false,4
,GCS~VK,6,249866,,,false,4
,GCS~VK,7,264741,,,false,4
,GCS~VK,8,247074,,,false,4
,GCS~VK,9,250914,,,false,4
,G_h\rk,0,264252,,,false,4
,G_h\rk,1,263345,,,false,4
,G_h\rk,2,251473,,,false,4
,G_h\rk,3,247631,,,false,4
,G_h\rk,4,259993,,,false,4
,G_h\rk,5,248051,,,false,4
,G_h\rk,6,244070,,,false,4
,G_h\rk,7,247911,,,false,4
,G_h\rk,8,255733,,,false,4
,G_h\rk,9,247073,,,false,4
,GoDPV{,0,249657,,,false,3
,GoDPV{,1,242813,,,false,3
,GoDPV{,2,249168,,,false,3
,GoDPV{,3,238554,,,false,3
,GoDPV{,4,238903,,,false,3
,GoDPV{,5,235620,,,false,3
,GoDPV{,6,246165,,,false,3
,GoDPV{,7,236459,,,false,3
,GoDPV{,8,237157,,,false,3
,GoDPV{,9,237506,,,false,3
,GqGTY{,0,260971,,,false,3
,GqGTY{,1,240858,,,false,3
,GqGTY{,2,239600,,,false,3
,GqGTY{,3,236947,,,false,3
,GqGTY{,4,246096,,,false,3
,GqGTY{,5,232408,,,false,3
,GqGTY{,6,234713,,,false,3
,GqGTY{,7,234643,,,false,3
,GqGTY{,8,234363,,,false,3
,GqGTY{,9,235411,,,false,3
,G`deX{,0,261459,,,false,3
,G`deX{,1,251752,,,false,3
,G`deX{,2,258107,,,false,3
,G`deX{,3,246305,,,false,3
,G`deX{,4,247701,,,false,3
,G`deX{,5,241346,,,false,3
,G`deX{,6,249727,,,false,3
,G`deX{,7,242184,,,false,3
,G`deX{,8,240788,,,false,3
,G`deX{,9,240578,,,false,3
,Gj?HWw,0,224447,,,false,3
,Gj?HWw,1,209293,,,false,3
,Gj?HWw,2,205312,,,false,3
,Gj?HWw,3,203637,,,false,3
,Gj?HWw,4,202868,,,false,3
,Gj?HWw,5,209083,,,false,3
,Gj?HWw,6,206919,,,false,3
,Gj?HWw,7,205312,,,false,3
,Gj?HWw,8,206011,,,false,3
,Gj?HWw,9,206151,,,false,3
,G?DP^{,0,264322,,,false,3
,G?DP^{,1,241556,,,false,3
,G?DP^{,2,242884,,,false,3
,G?DP^{,3,239810,,,false,3
,G?DP^{,4,248749,,,false,3
,G?DP^{,5,239112,,,false,3
,G?DP^{,6,233246,,,false,3
,G?DP^{,7,238134,,,false,3
,G?DP^{,8,247143,,,false,3
,G?DP^{,9,237017,,,false,3
,G?`@pk,0,209083,,,false,2
,G?`@pk,1,199446,,,false,2
,G?`@pk,2,208035,,,false,2
,G?`@pk,3,193231,,,false,2
,G?`@pk,4,191904,,,false,2
,G?`@pk,5,191275,,,false,2
,G?`@pk,6,191206,,,false,2
,G?`@pk,7,196094,,,false,2
,G?`@pk,8,187645,,,false,2
,G?`@pk,9,190018,,,false,2
,G?XX~{,0,269909,,,false,3
,G?XX~{,1,267255,,,false,3
,G?XX~{,2,258805,,,false,3
,G?XX~{,3,257130,,,false,3
,G?XX~{,4,254755,,,false,3
,G?XX~{,5,263415,,,false,3
,G?XX~{,6,253010,,,false,3
,G?XX~{,7,254266,,,false,3
,G?XX~{,8,251892,,,false,3
,G?XX~{,9,259853,,,false,3
,G?S~^{,0,281920,,,false,3
,G?S~^{,1,269909,,,false,3
,G?S~^{,2,279965,,,false,3
,G?S~^{,3,268163,,,false,3
,G?S~^{,4,266626,,,false,3
,G?S~^{,5,266207,,,false,3
,G?S~^{,6,279197,,,false,3
,G?S~^{,7,267535,,,false,3
,G?S~^{,8,267255,,,false,3
,G?S~^{,9,266138,,,false,3
,G?qz~{,0,292675,,,false,3
,G?qz~{,1,275565,,,false,3
,G?qz~{,2,272633,,,false,3
,G?qz~{,3,280244,,,false,3
,G?qz~{,4,271305,,,false,3
,G?qz~{,5,269839,,,false,3
,G?qz~{,6,271795,,,false,3
,G?qz~{,7,277032,,,false,3
,G?qz~{,8,267116,,,false,3
,G?qz~{,9,270886,,,false,3
,GJ?G^{,0,241835,,,false,3
,GJ?G^{,1,227031,,,false,3
,GJ?G^{,2,221793,,,false,3
,GJ?G^{,3,215229,,,false,3
,GJ?G^{,4,219279,,,false,3
,GJ?G^{,5,229545,,,false,3
,GJ?G^{,6,220327,,,false,3
,GJ?G^{,7,219838,,,false,3
,GJ?G^{,8,218092,,,false,3
,GJ?G^{,9,228008,,,false,3
,GGD_~{,0,247562,,,false,3
,GGD_~{,1,239322,,,false,3
,GGD_~{,2,237157,,,false,3
,GGD_~{,3,245257,,,false,3
,GGD_~{,4,234364,,,false,3
,GGD_~{,5,234852,,,false,3
,GGD_~{,6,235900,,,false,3
,GGD_~{,7,243442,,,false,3
,GGD_~{,8,233246,,,false,3
,GGD_~{,9,234783,,,false,3
,GGC^F{,0,241277,,,false,3
,GGC^F{,1,238064,,,false,3
,GGC^F{,2,231850,,,false,3
,GGC^F{,3,228497,,,false,3
,GGC^F{,4,229964,,,false,3
,GGC^F{,5,239462,,,false,3
,GGC^F{,6,228497,,,false,3
,GGC^F{,7,228428,,,false,3
,GGC^F{,8,225704,,,false,3
,GGC^F{,9,227590,,,false,3
,GGDc~{,0,268023,,,false,3
,GGDc~{,1,251403,,,false,3
,GGDc~{,2,244419,,,false,3
,GGDc~{,3,248470,,,false,3
,GGDc~{,4,247702,,,false,3
,GGDc~{,5,241836,,,false,3
,GGDc~{,6,247912,,,false,3
,GGDc~{,7,256640,,,false,3
,GGDc~{,8,241766,,,false,3
,GGDc~{,9,241487,,,false,3
,GGCZ^{,0,257688,,,false,3
,GGCZ^{,1,260900,,,false,3
,GGCZ^{,2,247632,,,false,3
,GGCZ^{,3,247702,,,false,3
,GGCZ^{,4,245747,,,false,3
,GGCZ^{,5,252800,,,false,3
,GGCZ^{,6,241906,,,false,3
,GGCZ^{,7,244140,,,false,3
,GGCZ^{,8,243232,,,false,3
,GGCZ^{,9,252380,,,false,3
,GGC^^{,0,262855,,,false,3
,GGC^^{,1,259574,,,false,3
,GGC^^{,2,255244,,,false,3
,GGC^^{,3,264252,,,false,3
,GGC^^{,4,254755,,,false,3
,GGC^^{,5,253288,,,false,3
,GGC^^{,6,247143,,,false,3
,GGC^^{,7,259992,,,false,3
,GGC^^{,8,252800,,,false,3
,GGC^^{,9,252520,,,false,3
,GASp^{,0,271934,,,false,3
,GASp^{,1,254755,,,false,3
,GASp^{,2,250285,,,false,3
,GASp^{,3,244000,,,false,3
,GASp^{,4,255174,,,false,3
,GASp^{,5,246305,,,false,3
,GASp^{,6,244908,,,false,3
,GASp^{,7,244909,,,false,3
,GASp^{,8,255663,,,false,3
,GASp^{,9,244699,,,false,3
,GGDXv{,0,259993,,,false,4
,GGDXv{,1,253079,,,false,4
,GGDXv{,2,263694,,,false,4
,GGDXv{,3,247771,,,false,4
,GGDXv{,4,246305,,,false,4
,GGDXv{,5,245537,,,false,4
,GGDXv{,6,255733,,,false,4
,GGDXv{,7,247562,,,false,4
,GGDXv{,8,245606,,,false,4
,GGDXv{,9,245327,,,false,4
,G@O}v{,0,284714,,,false,3
,G@O}v{,1,269140,,,false,3
,G@O}v{,2,263135,,,false,3
,G@O}v{,3,271306,,,false,3
,G@O}v{,4,261249,,,false,3
,G@O}v{,5,259504,,,false,3
,G@O}v{,6,259923,,,false,3
,G@O}v{,7,269071,,,false,3
,G@O}v{,8,260900,,,false,3
,G@O}v{,9,260970,,,false,3
,GHCZ^{,0,269071,,,false,4
,GHCZ^{,1,270538,,,false,4
,GHCZ^{,2,258037,,,false,4
,GHCZ^{,3,254685,,,false,4
,GHCZ^{,4,253987,,,false,4
,GHCZ^{,5,263344,,,false,4
,GHCZ^{,6,250006,,,false,4
,GHCZ^{,7,247981,,,false,4
,GHCZ^{,8,259504,,,false,4
,GHCZ^{,9,251892,,,false,4
,GGD\v{,0,271306,,,false,4
,GGD\v{,1,263834,,,false,4
,GGD\v{,2,273261,,,false,4
,GGD\v{,3,259992,,,false,4
,GGD\v{,4,258037,,,false,4
,GGD\v{,5,257060,,,false,4
,GGD\v{,6,266836,,,false,4
,GGD\v{,7,257129,,,false,4
,GGD\v{,8,258526,,,false,4
,GGD\v{,9,257548,,,false,4
,GAHX~{,0,271445,,,false,3
,GAHX~{,1,261878,,,false,3
,GAHX~{,2,257618,,,false,3
,GAHX~{,3,264671,,,false,3
,GAHX~{,4,255453,,,false,3
,GAHX~{,5,249098,,,false,3
,GAHX~{,6,255244,,,false,3
,GAHX~{,7,261878,,,false,3
,GAHX~{,8,252799,,,false,3
,GAHX~{,9,254266,,,false,3
,GHC^^{,0,279406,,,false,4
,GHC^^{,1,279965,,,false,4
,GHC^^{,2,265859,,,false,4
,GHC^^{,3,264182,,,false,4
,GHC^^{,4,272912,,,false,4
,GHC^^{,5,262925,,,false,4
,GHC^^{,6,263415,,,false,4
,GHC^^{,7,261808,,,false,4
,GHC^^{,8,277242,,,false,4
,GHC^^{,9,261319,,,false,4
,G@P\~{,0,281572,,,false,3
,G@P\~{,1,282339,,,false,3
,G@P\~{,2,269839,,,false,3
,G@P\~{,3,268652,,,false,3
,G@P\~{,4,268582,,,false,3
,G@P\~{,5,276613,,,false,3
,G@P\~{,6,269141,,,false,3
,G@P\~{,7,268023,,,false,3
,G@P\~{,8,267535,,,false,3
,G@P\~{,9,277171,,,false,3
,G@pHn{,0,260830,,,false,3
,G@pHn{,1,251194,,,false,3
,G@pHn{,2,258526,,,false,3
,G@pHn{,3,248051,,,false,3
,G@pHn{,4,248540,,,false,3
,G@pHn{,5,245746,,,false,3
,G@pHn{,6,253848,,,false,3
,G@pHn{,7,245117,,,false,3
,G@pHn{,8,241486,,,false,3
,G@pHn{,9,240788,,,false,3
,G`BHv{,0,266068,,,false,3
,G`BHv{,1,247981,,,false,3
,G`BHv{,2,246585,,,false,3
,G`BHv{,3,244838,,,false,3
,G`BHv{,4,255733,,,false,3
,G`BHv{,5,243372,,,false,3
,G`BHv{,6,243442,,,false,3
,G`BHv{,7,242673,,,false,3
,G`BHv{,8,253010,,,false,3
,G`BHv{,9,245187,,,false,3
,G_C~V{,0,275845,,,false,3
,G_C~V{,1,267046,,,false,3
,G_C~V{,2,272353,,,false,3
,G_C~V{,3,260900,,,false,3
,G_C~V{,4,256640,,,false,3
,G_C~V{,5,268233,,,false,3
,G_C~V{,6,259015,,,false,3
,G_C~V{,7,261040,,,false,3
,G_C~V{,8,259992,,,false,3
,G_C~V{,9,267884,,,false,3
,GKCZ^{,0,269978,,,false,3
,GKCZ^{,1,262786,,,false,3
,GKCZ^{,2,259085,,,false,3
,GKCZ^{,3,265649,,,false,3
,GKCZ^{,4,256641,,,false,3
,GKCZ^{,5,253358,,,false,3
,GKCZ^{,6,256221,,,false,3
,GKCZ^{,7,264392,,,false,3
,GKCZ^{,8,255174,,,false,3
,GKCZ^{,9,256640,,,false,3
,GGEZ^{,0,276334,,,false,3
,GGEZ^{,1,262506,,,false,3
,GGEZ^{,2,259434,,,false,3
,GGEZ^{,3,258037,,,false,3
,GGEZ^{,4,266976,,,false,3
,GGEZ^{,5,257129,,,false,3
,GGEZ^{,6,258527,,,false,3
,GGEZ^{,7,251822,,,false,3
,GGEZ^{,8,267046,,,false,3
,GGEZ^{,9,258596,,,false,3
,G`BH~{,0,260900,,,false,3
,G`BH~{,1,261040,,,false,3
,G`BH~{,2,251333,,,false,3
,G`BH~{,3,250774,,,false,3
,G`BH~{,4,250007,,,false,3
,G`BH~{,5,259434,,,false,3
,G`BH~{,6,248609,,,false,3
,G`BH~{,7,248540,,,false,3
,G`BH~{,8,248120,,,false,3
,G`BH~{,9,255663,,,false,3
,G`C^^{,0,275636,,,false,4
,G`C^^{,1,268163,,,false,4
,G`C^^{,2,263344,,,false,4
,G`C^^{,3,272492,,,false,4
,G`C^^{,4,258037,,,false,4
,G`C^^{,5,260970,,,false,4
,G`C^^{,6,262856,,,false,4
,G`C^^{,7,267046,,,false,4
,G`C^^{,8,261948,,,false,4
,G`C^^{,9,262716,,,false,4
,G@bJ~{,0,284643,,,false,3
,G@bJ~{,1,268372,,,false,3
,G@bJ~{,2,265300,,,false,3
,G@bJ~{,3,259574,,,false,3
,G@bJ~{,4,272493,,,false,3
,G@bJ~{,5,265091,,,false,3
,G@bJ~{,6,263345,,,false,3
,G@bJ~{,7,262437,,,false,3
,G@bJ~{,8,262996,,,false,3
,G@bJ~{,9,263274,,,false,3
,GAJ\v{,0,285272,,,false,3
,GAJ\v{,1,289533,,,false,3
,GAJ\v{,2,272423,,,false,3
,GAJ\v{,3,271794,,,false,3
,GAJ\v{,4,270189,,,false,3
,GAJ\v{,5,278708,,,false,3
,GAJ\v{,6,269979,,,false,3
,GAJ\v{,7,269560,,,false,3
,GAJ\v{,8,279197,,,false,3
,GAJ\v{,9,269909,,,false,3
,GGEzv{,0,276753,,,false,4
,GGEzv{,1,270049,,,false,4
,GGEzv{,2,278010,,,false,4
,GGEzv{,3,268093,,,false,4
,GGEzv{,4,266208,,,false,4
,GGEzv{,5,273191,,,false,4
,GGEzv{,6,266278,,,false,4
,GGEzv{,7,264252,,,false,4
,GGEzv{,8,263344,,,false,4
,GGEzv{,9,277521,,,false,4
,G_Ezv{,0,273401,,,false,4
,G_Ezv{,1,269490,,,false,4
,G_Ezv{,2,266766,,,false,4
,G_Ezv{,3,265719,,,false,4
,G_Ezv{,4,265091,,,false,4
,G_Ezv{,5,265230,,,false,4
,G_Ezv{,6,269839,,,false,4
,G_Ezv{,7,264811,,,false,4
,G_Ezv{,8,265160,,,false,4
,G_Ezv{,9,263763,,,false,4
,G@`~v{,0,296446,,,false,4
,G@`~v{,1,280873,,,false,4
,G@`~v{,2,278079,,,false,4
,G@`~v{,3,284783,,,false,4
,G@`~v{,4,273541,,,false,4
,G@`~v{,5,272981,,,false,4
,G@`~v{,6,274728,,,false,4
,G@`~v{,7,283317,,,false,4
,G@`~v{,8,272493,,,false,4
,G@`~v{,9,272493,,,false,4
,GAJ\~{,0,297703,,,false,3
,GAJ\~{,1,278708,,,false,3
,GAJ\~{,2,276264,,,false,3
,GAJ\~{,3,274169,,,false,3
,GAJ\~{,4,281362,,,false,3
,GAJ\~{,5,270886,,,false,3
,GAJ\~{,6,270607,,,false,3
,GAJ\~{,7,278499,,,false,3
,GAJ\~{,8,271305,,,false,3
,GAJ\~{,9,270538,,,false,3
,GGDzv{,0,267535,,,false,4
,GGDzv{,1,268233,,,false,4
,GGDzv{,2,255663,,,false,4
,GGDzv{,3,254266,,,false,4
,GGDzv{,4,253778,,,false,4
,GGDzv{,5,262367,,,false,4
,GGDzv{,6,252800,,,false,4
,GGDzv{,7,251822,,,false,4
,GGDzv{,8,263344,,,false,4
,GGDzv{,9,254755,,,false,4
,GGD~v{,0,271585,,,false,4
,GGD~v{,1,268512,,,false,4
,GGD~v{,2,281781,,,false,4
,GGD~v{,3,265719,,,false,4
,GGD~v{,4,266069,,,false,4
,GGD~v{,5,264531,,,false,4
,GGD~v{,6,274030,,,false,4
,GGD~v{,7,266277,,,false,4
,GGD~v{,8,264671,,,false,4
,GGD~v{,9,273890,,,false,4
,GGF~v{,0,278149,,,false,4
,GGF~v{,1,272284,,,false,4
,GGF~v{,2,268442,,,false,4
,GGF~v{,3,273261,,,false,4
,GGF~v{,4,269979,,,false,4
,GGF~v{,5,268722,,,false,4
,GGF~v{,6,276263,,,false,4
,GGF~v{,7,267675,,,false,4
,GGF~v{,8,268163,,,false,4
,GGF~v{,9,267884,,,false,4
,GGSs~{,0,286949,,,false,4
,GGSs~{,1,266068,,,false,4
,GGSs~{,2,262856,,,false,4
,GGSs~{,3,259852,,,false,4
,GGSs~{,4,265440,,,false,4
,GGSs~{,5,259992,,,false,4
,GGSs~{,6,259434,,,false,4
,GGSs~{,7,266626,,,false,4
,GGSs~{,8,259713,,,false,4
,GGSs~{,9,259853,,,false,4
,GIGX~{,0,267465,,,false,4
,GIGX~{,1,267674,,,false,4
,GIGX~{,2,254266,,,false,4
,GIGX~{,3,253708,,,false,4
,GIGX~{,4,252869,,,false,4
,GIGX~{,5,262367,,,false,4
,GIGX~{,6,251822,,,false,4
,GIGX~{,7,252310,,,false,4
,GIGX~{,8,252799,,,false,4
,GIGX~{,9,261948,,,false,4
,GIG\~{,0,273191,,,false,4
,GIG\~{,1,267674,,,false,4
,GIG\~{,2,273331,,,false,4
,GIG\~{,3,265160,,,false,4
,GIG\~{,4,264322,,,false,4
,GIG\~{,5,266626,,,false,4
,GIG\~{,6,279127,,,false,4
,GIG\~{,7,263833,,,false,4
,GIG\~{,8,264881,,,false,4
,GIG\~{,9,263694,,,false,4
,GPLQ^{,0,269630,,,false,3
,GPLQ^{,1,258456,,,false,3
,GPLQ^{,2,256152,,,false,3
,GPLQ^{,3,263345,,,false,3
,GPLQ^{,4,249378,,,false,3
,GPLQ^{,5,253288,,,false,3
,GPLQ^{,6,255733,,,false,3
,GPLQ^{,7,259992,,,false,3
,GPLQ^{,8,252869,,,false,3
,GPLQ^{,9,253359,,,false,3
,GJOg~{,0,262367,,,false,4
,GJOg~{,1,264881,,,false,4
,GJOg~{,2,253289,,,false,4
,GJOg~{,3,248679,,,false,4
,GJOg~{,4,250914,,,false,4
,GJOg~{,5,260412,,,false,4
,GJOg~{,6,251473,,,false,4
,GJOg~{,7,248190,,,false,4
,GJOg~{,8,250006,,,false,4
,GJOg~{,9,258945,,,false,4
,GIHX~{,0,270957,,,false,4
,GIHX~{,1,262297,,,false,4
,GIHX~{,2,269490,,,false,4
,GIHX~{,3,259574,,,false,4
,GIHX~{,4,262297,,,false,4
,GIHX~{,5,261598,,,false,4
,GIHX~{,6,273750,,,false,4
,GIHX~{,7,260062,,,false,4
,GIHX~{,8,262367,,,false,4
,GIHX~{,9,260831,,,false,4
,GGS~f{,0,280803,,,false,4
,GGS~f{,1,273331,,,false,4
,GGS~f{,2,271305,,,false,4
,GGS~f{,3,276752,,,false,4
,GGS~f{,4,267325,,,false,4
,GGS~f{,5,268024,,,false,4
,GGS~f{,6,266277,,,false,4
,GGS~f{,7,275147,,,false,4
,GGS~f{,8,265649,,,false,4
,GGS~f{,9,265090,,,false,4
,G@XX~{,0,286669,,,false,4
,G@XX~{,1,264881,,,false,4
,G@XX~{,2,266138,,,false,4
,G@XX~{,3,262367,,,false,4
,G@XX~{,4,275356,,,false,4
,G@XX~{,5,255663,,,false,4
,G@XX~{,6,262436,,,false,4
,G@XX~{,7,261808,,,false,4
,G@XX~{,8,271585,,,false,4
,G@XX~{,9,261809,,,false,4
,GAXt~{,0,290720,,,false,4
,GAXt~{,1,294770,,,false,4
,GAXt~{,2,280454,,,false,4
,GAXt~{,3,278638,,,false,4
,GAXt~{,4,277172,,,false,4
,GAXt~{,5,286250,,,false,4
,GAXt~{,6,276683,,,false,4
,GAXt~{,7,274448,,,false,4
,GAXt~{,8,282968,,,false,4
,GAXt~{,9,274728,,,false,4
,G@X\~{,0,281292,,,false,4
,G@X\~{,1,278359,,,false,4
,G@X\~{,2,284155,,,false,4
,G@X\~{,3,272912,,,false,4
,G@X\~{,4,275216,,,false,4
,G@X\~{,5,281362,,,false,4
,G@X\~{,6,273540,,,false,4
,G@X\~{,7,273471,,,false,4
,G@X\~{,8,273889,,,false,4
,G@X\~{,9,280873,,,false,4
,G@fbv{,0,290091,,,false,4
,G@fbv{,1,275146,,,false,4
,G@fbv{,2,278010,,,false,4
,G@fbv{,3,270957,,,false,4
,G@fbv{,4,269560,,,false,4
,G@fbv{,5,269909,,,false,4
,G@fbv{,6,279057,,,false,4
,G@fbv{,7,268513,,,false,4
,G@fbv{,8,269071,,,false,4
,G@fbv{,9,279546,,,false,4
,GiGX~{,0,275077,,,false,4
,GiGX~{,1,266697,,,false,4
,GiGX~{,2,259084,,,false,4
,GiGX~{,3,268164,,,false,4
,GiGX~{,4,256222,,,false,4
,GiGX~{,5,257548,,,false,4
,GiGX~{,6,256571,,,false,4
,GiGX~{,7,269699,,,false,4
,GiGX~{,8,261459,,,false,4
,GiGX~{,9,259992,,,false,4
,GIIX~{,0,287158,,,false,4
,GIIX~{,1,273331,,,false,4
,GIIX~{,2,273052,,,false,4
,GIIX~{,3,267395,,,false,4
,GIIX~{,4,277102,,,false,4
,GIIX~{,5,268023,,,false,4
,GIIX~{,6,267046,,,false,4
,GIIX~{,7,276404,,,false,4
,GIIX~{,8,267953,,,false,4
,GIIX~{,9,270119,,,false,4
,GII[~{,0,272284,,,false,4
,GII[~{,1,281851,,,false,4
,GII[~{,2,265789,,,false,4
,GII[~{,3,265719,,,false,4
,GII[~{,4,262926,,,false,4
,GII[~{,5,270328,,,false,4
,GII[~{,6,259014,,,false,4
,GII[~{,7,265230,,,false,4
,GII[~{,8,273680,,,false,4
,GII[~{,9,265649,,,false,4
,GiG\~{,0,283806,,,false,4
,GiG\~{,1,277311,,,false,4
,GiG\~{,2,281711,,,false,4
,GiG\~{,3,271655,,,false,4
,GiG\~{,4,271306,,,false,4
,GiG\~{,5,278918,,,false,4
,GiG\~{,6,269350,,,false,4
,GiG\~{,7,270118,,,false,4
,GiG\~{,8,269560,,,false,4
,GiG\~{,9,282060,,,false,4
,GD`j~{,0,292954,,,false,4
,GD`j~{,1,285342,,,false,4
,GD`j~{,2,290929,,,false,4
,GD`j~{,3,278080,,,false,4
,GD`j~{,4,277242,,,false,4
,GD`j~{,5,276613,,,false,4
,GD`j~{,6,285552,,,false,4
,GD`j~{,7,277102,,,false,4
,GD`j~{,8,277032,,,false,4
,GD`j~{,9,279965,,,false,4
,G@jR~{,0,286879,,,false,4
,G@jR~{,1,278988,,,false,4
,G@jR~{,2,274727,,,false,4
,G@jR~{,3,286739,,,false,4
,G@jR~{,4,275565,,,false,4
,G@jR~{,5,276753,,,false,4
,G@jR~{,6,284155,,,false,4
,G@jR~{,7,274797,,,false,4
,G@jR~{,8,274658,,,false,4
,G@jR~{,9,274797,,,false,4
,GXCY^{,0,276753,,,false,4
,GXCY^{,1,259993,,,false,4
,GXCY^{,2,256640,,,false,4
,GXCY^{,3,262366,,,false,4
,GXCY^{,4,255663,,,false,4
,GXCY^{,5,253777,,,false,4
,GXCY^{,6,250007,,,false,4
,GXCY^{,7,261459,,,false,4
,GXCY^{,8,251962,,,false,4
,GXCY^{,9,252590,,,false,4
,GHFH~{,0,281920,,,false,4
,GHFH~{,1,283317,,,false,4
,GHFH~{,2,269979,,,false,4
,GHFH~{,3,269211,,,false,4
,GHFH~{,4,278568,,,false,4
,GHFH~{,5,267185,,,false,4
,GHFH~{,6,267395,,,false,4
,GHFH~{,7,267186,,,false,4
,GHFH~{,8,276473,,,false,4
,GHFH~{,9,268093,,,false,4
,G@S~^{,0,287996,,,false,4
,G@S~^{,1,287996,,,false,4
,G@S~^{,2,276753,,,false,4
,G@S~^{,3,276543,,,false,4
,G@S~^{,4,275565,,,false,4
,G@S~^{,5,289114,,,false,4
,G@S~^{,6,271305,,,false,4
,G@S~^{,7,272912,,,false,4
,G@S~^{,8,275356,,,false,4
,G@S~^{,9,282898,,,false,4
,GCS~F{,0,270328,,,false,4
,GCS~F{,1,261879,,,false,4
,GCS~F{,2,267394,,,false,4
,GCS~F{,3,258456,,,false,4
,GCS~F{,4,258037,,,false,4
,GCS~F{,5,258107,,,false,4
,GCS~F{,6,265369,,,false,4
,GCS~F{,7,256640,,,false,4
,GCS~F{,8,256151,,,false,4
,GCS~F{,9,254266,,,false,4
,GANc~{,0,291907,,,false,4
,GANc~{,1,273820,,,false,4
,GANc~{,2,271096,,,false,4
,GANc~{,3,277102,,,false,4
,GANc~{,4,267046,,,false,4
,GANc~{,5,268233,,,false,4
,GANc~{,6,266557,,,false,4
,GANc~{,7,276264,,,false,4
,GANc~{,8,266697,,,false,4
,GANc~{,9,267534,,,false,4
,GCS~^{,0,294770,,,false,4
,GCS~^{,1,280453,,,false,4
,GCS~^{,2,277241,,,false,4
,GCS~^{,3,276962,,,false,4
,GCS~^{,4,283666,,,false,4
,GCS~^{,5,274169,,,false,4
,GCS~^{,6,272912,,,false,4
,GCS~^{,7,281502,,,false,4
,GCS~^{,8,272004,,,false,4
,GCS~^{,9,274658,,,false,4
,G@U~V{,0,288136,,,false,4
,G@U~V{,1,290579,,,false,4
,G@U~V{,2,278917,,,false,4
,G@U~V{,3,277102,,,false,4
,G@U~V{,4,285063,,,false,4
,G@U~V{,5,277870,,,false,4
,G@U~V{,6,276404,,,false,4
,G@U~V{,7,273959,,,false,4
,G@U~V{,8,283317,,,false,4
,G@U~V{,9,276124,,,false,4
,GAwzn{,0,288625,,,false,4
,GAwzn{,1,289602,,,false,4
,GAwzn{,2,277102,,,false,4
,GAwzn{,3,276054,,,false,4
,GAwzn{,4,274588,,,false,4
,GAwzn{,5,280454,,,false,4
,GAwzn{,6,271166,,,false,4
,GAwzn{,7,271445,,,false,4
,GAwzn{,8,280733,,,false,4
,GAwzn{,9,271096,,,false,4
,GCL~V{,0,291348,,,false,4
,GCL~V{,1,282828,,,false,4
,GCL~V{,2,285761,,,false,4
,GCL~V{,3,280104,,,false,4
,GCL~V{,4,276334,,,false,4
,GCL~V{,5,284783,,,false,4
,GCL~V{,6,273680,,,false,4
,GCL~V{,7,276404,,,false,4
,GCL~V{,8,280524,,,false,4
,GCL~V{,9,291208,,,false,4
,GIJ\v{,0,290580,,,false,4
,GIJ\v{,1,284225,,,false,4
,GIJ\v{,2,293863,,,false,4
,GIJ\v{,3,279197,,,false,4
,GIJ\v{,4,280594,,,false,4
,GIJ\v{,5,286739,,,false,4
,GIJ\v{,6,278149,,,false,4
,GIJ\v{,7,278498,,,false,4
,GIJ\v{,8,277381,,,false,4
,GIJ\v{,9,293443,,,false,4
,GAlnn{,0,300427,,,false,4
,GAlnn{,1,290929,,,false,4
,GAlnn{,2,299728,,,false,4
,GAlnn{,3,286669,,,false,4
,GAlnn{,4,286180,,,false,4
,GAlnn{,5,285482,,,false,4
,GAlnn{,6,293792,,,false,4
,GAlnn{,7,282758,,,false,4
,GAlnn{,8,284225,,,false,4
,GAlnn{,9,298053,,,false,4
,GIJ\~{,0,287647,,,false,4
,GIJ\~{,1,285272,,,false,4
,GIJ\~{,2,291418,,,false,4
,GIJ\~{,3,280943,,,false,4
,GIJ\~{,4,281222,,,false,4
,GIJ\~{,5,280593,,,false,4
,GIJ\~{,6,291418,,,false,4
,GIJ\~{,7,278079,,,false,4
,GIJ\~{,8,277731,,,false,4
,GIJ\~{,9,289113,,,false,4
,GDSz^{,0,290021,,,false,4
,GDSz^{,1,279476,,,false,4
,GDSz^{,2,277660,,,false,4
,GDSz^{,3,283526,,,false,4
,GDSz^{,4,274518,,,false,4
,GDSz^{,5,275007,,,false,4
,GDSz^{,6,280384,,,false,4
,GDSz^{,7,275426,,,false,4
,GDSz^{,8,272493,,,false,4
,GDSz^{,9,273750,,,false,4
,GCUzv{,0,294840,,,false,4
,GCUzv{,1,278359,,,false,4
,GCUzv{,2,275146,,,false,4
,GCUzv{,3,284365,,,false,4
,GCUzv{,4,272703,,,false,4
,GCUzv{,5,273540,,,false,4
,GCUzv{,6,273121,,,false,4
,GCUzv{,7,281222,,,false,4
,GCUzv{,8,272912,,,false,4
,GCUzv{,9,271515,,,false,4
,G@]^n{,0,304687,,,false,4
,G@]^n{,1,286180,,,false,4
,G@]^n{,2,285761,,,false,4
,G@]^n{,3,292954,,,false,4
,G@]^n{,4,282060,,,false,4
,G@]^n{,5,283596,,,false,4
,G@]^n{,6,282410,,,false,4
,G@]^n{,7,296027,,,false,4
,G@]^n{,8,283876,,,false,4
,G@]^n{,9,284085,,,false,4
,G@Z\~{,0,301543,,,false,4
,G@Z\~{,1,285273,,,false,4
,G@Z\~{,2,285272,,,false,4
,G@Z\~{,3,280664,,,false,4
,G@Z\~{,4,291139,,,false,4
,G@Z\~{,5,281012,,,false,4
,G@Z\~{,6,281641,,,false,4
,G@Z\~{,7,290929,,,false,4
,G@Z\~{,8,281501,,,false,4
,G@Z\~{,9,281432,,,false,4
,GALzv{,0,286739,,,false,4
,GALzv{,1,271445,,,false,4
,GALzv{,2,267045,,,false,4
,GALzv{,3,265719,,,false,4
,GALzv{,4,278708,,,false,4
,GALzv{,5,259015,,,false,4
,GALzv{,6,262786,,,false,4
,GALzv{,7,257339,,,false,4
,GALzv{,8,274727,,,false,4
,GALzv{,9,264811,,,false,4
,GAL~v{,0,286669,,,false,4
,GAL~v{,1,292326,,,false,4
,GAL~v{,2,278079,,,false,4
,GAL~v{,3,278080,,,false,4
,GAL~v{,4,279546,,,false,4
,GAL~v{,5,286250,,,false,4
,GAL~v{,6,278010,,,false,4
,GAL~v{,7,277032,,,false,4
,GAL~v{,8,286460,,,false,4
,GAL~v{,9,275775,,,false,4
,GAN~v{,0,290440,,,false,4
,GAN~v{,1,284784,,,false,4
,GAN~v{,2,292466,,,false,4
,GAN~v{,3,283806,,,false,4
,GAN~v{,4,283876,,,false,4
,GAN~v{,5,296585,,,false,4
,GAN~v{,6,283736,,,false,4
,GAN~v{,7,282758,,,false,4
,GAN~v{,8,291627,,,false,4
,GAN~v{,9,282829,,,false,4
,GDYR^{,0,281920,,,false,3
,GDYR^{,1,272981,,,false,3
,GDYR^{,2,277660,,,false,3
,GDYR^{,3,266836,,,false,3
,GDYR^{,4,265788,,,false,3
,GDYR^{,5,272703,,,false,3
,GDYR^{,6,266347,,,false,3
,GDYR^{,7,263484,,,false,3
,GDYR^{,8,263903,,,false,3
,GDYR^{,9,274658,,,false,3
,GhCZ^{,0,272982,,,false,4
,GhCZ^{,1,265579,,,false,4
,GhCZ^{,2,261459,,,false,4
,GhCZ^{,3,266068,,,false,4
,GhCZ^{,4,259992,,,false,4
,GhCZ^{,5,261250,,,false,4
,GhCZ^{,6,267814,,,false,4
,GhCZ^{,7,259014,,,false,4
,GhCZ^{,8,258735,,,false,4
,GhCZ^{,9,257339,,,false,4
,G@^Dn{,0,286111,,,false,4
,G@^Dn{,1,269420,,,false,4
,G@^Dn{,2,266068,,,false,4
,G@^Dn{,3,265649,,,false,4
,G@^Dn{,4,275845,,,false,4
,G@^Dn{,5,264252,,,false,4
,G@^Dn{,6,264881,,,false,4
,G@^Dn{,7,271306,,,false,4
,G@^Dn{,8,262786,,,false,4
,G@^Dn{,9,264182,,,false,4
,GhC^^{,0,276753,,,false,4
,GhC^^{,1,283875,,,false,4
,GhC^^{,2,267604,,,false,4
,GhC^^{,3,267255,,,false,4
,GhC^^{,4,267186,,,false,4
,GhC^^{,5,274658,,,false,4
,GhC^^{,6,265789,,,false,4
,GhC^^{,7,263763,,,false,4
,GhC^^{,8,275915,,,false,4
,GhC^^{,9,266068,,,false,4
,GBaj~{,0,285272,,,false,3
,GBaj~{,1,278428,,,false,3
,GBaj~{,2,283387,,,false,3
,GBaj~{,3,273331,,,false,3
,GBaj~{,4,271864,,,false,3
,GBaj~{,5,275286,,,false,3
,GBaj~{,6,269630,,,false,3
,GBaj~{,7,270398,,,false,3
,GBaj~{,8,272842,,,false,3
,GBaj~{,9,281991,,,false,3
,GCUrV{,0,267116,,,false,3
,GCUrV{,1,261040,,,false,3
,GCUrV{,2,265580,,,false,3
,GCUrV{,3,256640,,,false,3
,GCUrV{,4,254755,,,false,3
,GCUrV{,5,253777,,,false,3
,GCUrV{,6,262437,,,false,3
,GCUrV{,7,253777,,,false,3
,GCUrV{,8,253847,,,false,3
,GCUrV{,9,253777,,,false,3
,G@UvV{,0,291837,,,false,4
,G@UvV{,1,270747,,,false,4
,G@UvV{,2,269280,,,false,4
,G@UvV{,3,267675,,,false,4
,G@UvV{,4,271235,,,false,4
,G@UvV{,5,265789,,,false,4
,G@UvV{,6,261389,,,false,4
,G@UvV{,7,271027,,,false,4
,G@UvV{,8,267954,,,false,4
,G@UvV{,9,268163,,,false,4
,GAMjn{,0,283387,,,false,4
,GAMjn{,1,285761,,,false,4
,GAMjn{,2,272562,,,false,4
,GAMjn{,3,269979,,,false,4
,GAMjn{,4,276683,,,false,4
,GAMjn{,5,271026,,,false,4
,GAMjn{,6,268931,,,false,4
,GAMjn{,7,268652,,,false,4
,GAMjn{,8,284085,,,false,4
,GAMjn{,9,265998,,,false,4
,GANT^{,0,279966,,,false,3
,GANT^{,1,279966,,,false,3
,GANT^{,2,270886,,,false,3
,GANT^{,3,269630,,,false,3
,GANT^{,4,266557,,,false,3
,GANT^{,5,281920,,,false,3
,GANT^{,6,265789,,,false,3
,GANT^{,7,266627,,,false,3
,GANT^{,8,264392,,,false,3
,GANT^{,9,274727,,,false,3
,GHFK~{,0,282898,,,false,4
,GHFK~{,1,274727,,,false,4
,GHFK~{,2,279267,,,false,4
,GHFK~{,3,269351,,,false,4
,GHFK~{,4,270258,,,false,4
,GHFK~{,5,269770,,,false,4
,GHFK~{,6,278917,,,false,4
,GHFK~{,7,268931,,,false,4
,GHFK~{,8,270537,,,false,4
,GHFK~{,9,277661,,,false,4
,GPOy~{,0,282339,,,false,3
,GPOy~{,1,276055,,,false,3
,GPOy~{,2,273889,,,false,3
,GPOy~{,3,273890,,,false,3
,GPOy~{,4,269979,,,false,3
,GPOy~{,5,268582,,,false,3
,GPOy~{,6,278289,,,false,3
,GPOy~{,7,266557,,,false,3
,GPOy~{,8,266208,,,false,3
,GPOy~{,9,266976,,,false,3
,GDPk~{,0,299030,,,false,3
,GDPk~{,1,275636,,,false,3
,GDPk~{,2,272493,,,false,3
,GDPk~{,3,279057,,,false,3
,GDPk~{,4,270328,,,false,3
,GDPk~{,5,265230,,,false,3
,GDPk~{,6,271795,,,false,3
,GDPk~{,7,282828,,,false,3
,GDPk~{,8,269490,,,false,3
,GDPk~{,9,270608,,,false,3
,GCSz^{,0,290929,,,false,3
,GCSz^{,1,273820,,,false,3
,GCSz^{,2,273540,,,false,3
,GCSz^{,3,269979,,,false,3
,GCSz^{,4,278988,,,false,3
,GCSz^{,5,268023,,,false,3
,GCSz^{,6,268163,,,false,3
,GCSz^{,7,268932,,,false,3
,GCSz^{,8,277870,,,false,3
,GCSz^{,9,267744,,,false,3
,G@oy~{,0,281292,,,false,3
,G@oy~{,1,282759,,,false,3
,G@oy~{,2,268303,,,false,3
,G@oy~{,3,269071,,,false,3
,G@oy~{,4,266068,,,false,3
,G@oy~{,5,269560,,,false,3
,G@oy~{,6,265300,,,false,3
,G@oy~{,7,265719,,,false,3
,G@oy~{,8,274588,,,false,3
,G@oy~{,9,265858,,,false,3
,G@hu~{,0,292396,,,false,4
,G@hu~{,1,282270,,,false,4
,G@hu~{,2,290441,,,false,4
,G@hu~{,3,277660,,,false,4
,G@hu~{,4,278149,,,false,4
,G@hu~{,5,283876,,,false,4
,G@hu~{,6,275636,,,false,4
,G@hu~{,7,275776,,,false,4
,G@hu~{,8,270538,,,false,4
,G@hu~{,9,293862,,,false,4
,GB_~^{,0,289952,,,false,4
,GB_~^{,1,281013,,,false,4
,GB_~^{,2,289532,,,false,4
,GB_~^{,3,279058,,,false,4
,GB_~^{,4,278568,,,false,4
,GB_~^{,5,277032,,,false,4
,GB_~^{,6,284295,,,false,4
,GB_~^{,7,278987,,,false,4
,GB_~^{,8,277102,,,false,4
,GB_~^{,9,287158,,,false,4
,GCLm~{,0,288834,,,false,3
,GCLm~{,1,281990,,,false,3
,GCLm~{,2,278150,,,false,3
,GCLm~{,3,284783,,,false,3
,GCLm~{,4,271585,,,false,3
,GCLm~{,5,274658,,,false,3
,GCLm~{,6,284294,,,false,3
,GCLm~{,7,275565,,,false,3
,GCLm~{,8,274308,,,false,3
,GCLm~{,9,276264,,,false,3
,GGeZf{,0,267115,,,false,3
,GGeZf{,1,258107,,,false,3
,GGeZf{,2,254266,,,false,3
,GGeZf{,3,259434,,,false,3
,GGeZf{,4,252380,,,false,3
,GGeZf{,5,249518,,,false,3
,GGeZf{,6,250495,,,false,3
,GGeZf{,7,260411,,,false,3
,GGeZf{,8,249517,,,false,3
,GGeZf{,9,248470,,,false,3
,G_K~f{,0,271097,,,false,4
,G_K~f{,1,271236,,,false,4
,G_K~f{,2,261389,,,false,4
,G_K~f{,3,259015,,,false,4
,G_K~f{,4,257130,,,false,4
,G_K~f{,5,267953,,,false,4
,G_K~f{,6,257619,,,false,4
,G_K~f{,7,257618,,,false,4
,G_K~f{,8,266556,,,false,4
,G_K~f{,9,257409,,,false,4
,G`FH~{,0,274099,,,false,3
,G`FH~{,1,266138,,,false,3
,G`FH~{,2,277591,,,false,3
,G`FH~{,3,262437,,,false,3
,G`FH~{,4,263275,,,false,3
,G`FH~{,5,261389,,,false,3
,G`FH~{,6,271026,,,false,3
,G`FH~{,7,260412,,,false,3
,G`FH~{,8,263415,,,false,3
,G`FH~{,9,269909,,,false,3
,G_ox~{,0,269211,,,false,3
,G_ox~{,1,261808,,,false,3
,G_ox~{,2,260900,,,false,3
,G_ox~{,3,272982,,,false,3
,G_ox~{,4,257549,,,false,3
,G_ox~{,5,259014,,,false,3
,G_ox~{,6,257130,,,false,3
,G_ox~{,7,267534,,,false,3
,G_ox~{,8,252311,,,false,3
,G_ox~{,9,257619,,,false,3
,G_K~n{,0,289043,,,false,4
,G_K~n{,1,273680,,,false,4
,G_K~n{,2,270119,,,false,4
,G_K~n{,3,268931,,,false,4
,G_K~n{,4,281781,,,false,4
,G_K~n{,5,268093,,,false,4
,G_K~n{,6,267186,,,false,4
,G_K~n{,7,267186,,,false,4
,G_K~n{,8,267186,,,false,4
,G_K~n{,9,269211,,,false,4
,G@Nev{,0,280524,,,false,4
,G@Nev{,1,285692,,,false,4
,G@Nev{,2,267115,,,false,4
,G@Nev{,3,266697,,,false,4
,G@Nev{,4,266627,,,false,4
,G@Nev{,5,270398,,,false,4
,G@Nev{,6,265650,,,false,4
,G@Nev{,7,260482,,,false,4
,G@Nev{,8,273890,,,false,4
,G@Nev{,9,264182,,,false,4
,G@NU^{,0,273890,,,false,3
,G@NU^{,1,265369,,,false,3
,G@NU^{,2,275915,,,false,3
,G@NU^{,3,262646,,,false,3
,G@NU^{,4,261808,,,false,3
,G@NU^{,5,262087,,,false,3
,G@NU^{,6,272144,,,false,3
,G@NU^{,7,263833,,,false,3
,G@NU^{,8,261389,,,false,3
,G@NU^{,9,272143,,,false,3
,G@NJn{,0,274588,,,false,4
,G@NJn{,1,269559,,,false,4
,G@NJn{,2,264672,,,false,4
,G@NJn{,3,272423,,,false,4
,G@NJn{,4,262437,,,false,4
,G@NJn{,5,262855,,,false,4
,G@NJn{,6,269909,,,false,4
,G@NJn{,7,263414,,,false,4
,G@NJn{,8,263763,,,false,4
,G@NJn{,9,263904,,,false,4
,G@Ne~{,0,293234,,,false,4
,G@Ne~{,1,270817,,,false,4
,G@Ne~{,2,268233,,,false,4
,G@Ne~{,3,264182,,,false,4
,G@Ne~{,4,275914,,,false,4
,G@Ne~{,5,268233,,,false,4
,G@Ne~{,6,267884,,,false,4
,G@Ne~{,7,275705,,,false,4
,G@Ne~{,8,265370,,,false,4
,G@Ne~{,9,266696,,,false,4
,GCdj~{,0,280384,,,false,3
,GCdj~{,1,285203,,,false,3
,GCdj~{,2,274169,,,false,3
,GCdj~{,3,273401,,,false,3
,GCdj~{,4,281432,,,false,3
,GCdj~{,5,271725,,,false,3
,GCdj~{,6,269002,,,false,3
,GCdj~{,7,273400,,,false,3
,GCdj~{,8,287088,,,false,3
,GCdj~{,9,271794,,,false,3
,G@rvv{,0,285482,,,false,4
,G@rvv{,1,287367,,,false,4
,G@rvv{,2,277451,,,false,4
,G@rvv{,3,275635,,,false,4
,G@rvv{,4,274798,,,false,4
,G@rvv{,5,280105,,,false,4
,G@rvv{,6,272353,,,false,4
,G@rvv{,7,270887,,,false,4
,G@rvv{,8,275216,,,false,4
,G@rvv{,9,270468,,,false,4
,G_Nrv{,0,283526,,,false,4
,G_Nrv{,1,277521,,,false,4
,G_Nrv{,2,281851,,,false,4
,G_Nrv{,3,269071,,,false,4
,G_Nrv{,4,270118,,,false,4
,G_Nrv{,5,278359,,,false,4
,G_Nrv{,6,268652,,,false,4
,G_Nrv{,7,268512,,,false,4
,G_Nrv{,8,273400,,,false,4
,G_Nrv{,9,286669,,,false,4
,GC]r^{,0,289532,,,false,4
,GC]r^{,1,281502,,,false,4
,GC]r^{,2,288136,,,false,4
,GC]r^{,3,275286,,,false,4
,GC]r^{,4,276683,,,false,4
,GC]r^{,5,275426,,,false,4
,GC]r^{,6,288345,,,false,4
,GC]r^{,7,275146,,,false,4
,GC]r^{,8,275147,,,false,4
,GC]r^{,9,281920,,,false,4
,G_Mzv{,0,285761,,,false,4
,G_Mzv{,1,279127,,,false,4
,G_Mzv{,2,276264,,,false,4
,G_Mzv{,3,291418,,,false,4
,G_Mzv{,4,274867,,,false,4
,G_Mzv{,5,269071,,,false,4
,G_Mzv{,6,281362,,,false,4
,G_Mzv{,7,274308,,,false,4
,G_Mzv{,8,274728,,,false,4
,G_Mzv{,9,272143,,,false,4
,G_[~n{,0,302033,,,false,4
,G_[~n{,1,285203,,,false,4
,G_[~n{,2,284364,,,false,4
,G_[~n{,3,291209,,,false,4
,G_[~n{,4,281921,,,false,4
,G_[~n{,5,282409,,,false,4
,G_[~n{,6,282409,,,false,4
,G_[~n{,7,290580,,,false,4
,G_[~n{,8,282130,,,false,4
,G_[~n{,9,281920,,,false,4
,G_Nr~{,0,304966,,,false,4
,G_Nr~{,1,283387,,,false,4
,G_Nr~{,2,277661,,,false,4
,G_Nr~{,3,278428,,,false,4
,G_Nr~{,4,278220,,,false,4
,G_Nr~{,5,277102,,,false,4
,G_Nr~{,6,279267,,,false,4
,G_Nr~{,7,290022,,,false,4
,G_Nr~{,8,276125,,,false,4
,G_Nr~{,9,277590,,,false,4
,GgEzv{,0,294909,,,false,4
,GgEzv{,1,277312,,,false,4
,GgEzv{,2,272284,,,false,4
,GgEzv{,3,272493,,,false,4
,GgEzv{,4,286111,,,false,4
,GgEzv{,5,271585,,,false,4
,GgEzv{,6,272214,,,false,4
,GgEzv{,7,279476,,,false,4
,GgEzv{,8,271865,,,false,4
,GgEzv{,9,272563,,,false,4
,G@pzv{,0,283318,,,false,4
,G@pzv{,1,290999,,,false,4
,G@pzv{,2,273191,,,false,4
,G@pzv{,3,273401,,,false,4
,G@pzv{,4,280034,,,false,4
,G@pzv{,5,269979,,,false,4
,G@pzv{,6,270886,,,false,4
,G@pzv{,7,270118,,,false,4
,G@pzv{,8,281501,,,false,4
,G@pzv{,9,269001,,,false,4
,G@lu^{,0,284784,,,false,4
,G@lu^{,1,286949,,,false,4
,G@lu^{,2,271096,,,false,4
,G@lu^{,3,273680,,,false,4
,G@lu^{,4,271795,,,false,4
,G@lu^{,5,286180,,,false,4
,G@lu^{,6,271026,,,false,4
,G@lu^{,7,271864,,,false,4
,G@lu^{,8,271864,,,false,4
,G@lu^{,9,280454,,,false,4
,G@p~v{,0,290022,,,false,4
,G@p~v{,1,284294,,,false,4
,G@p~v{,2,295608,,,false,4
,G@p~v{,3,281153,,,false,4
,G@p~v{,4,280454,,,false,4
,G@p~v{,5,290510,,,false,4
,G@p~v{,6,280524,,,false,4
,G@p~v{,7,278638,,,false,4
,G@p~v{,8,278918,,,false,4
,G@p~v{,9,292465,,,false,4
,G@r~v{,0,283806,,,false,4
,G@r~v{,1,280384,,,false,4
,G@r~v{,2,285203,,,false,4
,G@r~v{,3,277381,,,false,4
,G@r~v{,4,277591,,,false,4
,G@r~v{,5,276543,,,false,4
,G@r~v{,6,287158,,,false,4
,G@r~v{,7,277660,,,false,4
,G@r~v{,8,274379,,,false,4
,G@r~v{,9,282968,,,false,4
,Gw?W~{,0,247911,,,false,3
,Gw?W~{,1,239880,,,false,3
,Gw?W~{,2,236598,,,false,3
,Gw?W~{,3,244141,,,false,3
,Gw?W~{,4,234852,,,false,3
,Gw?W~{,5,235062,,,false,3
,Gw?W~{,6,233875,,,false,3
,Gw?W~{,7,242464,,,false,3
,Gw?W~{,8,232757,,,false,3
,Gw?W~{,9,231011,,,false,3
,G@ou^{,0,267604,,,false,3
,G@ou^{,1,267884,,,false,3
,G@ou^{,2,254476,,,false,3
,G@ou^{,3,252450,,,false,3
,G@ou^{,4,251822,,,false,3
,G@ou^{,5,265719,,,false,3
,G@ou^{,6,253079,,,false,3
,G@ou^{,7,252450,,,false,3
,G@ou^{,8,251473,,,false,3
,G@ou^{,9,260691,,,false,3
,GEGi~{,0,269700,,,false,3
,GEGi~{,1,262297,,,false,3
,GEGi~{,2,266767,,,false,3
,GEGi~{,3,257338,,,false,3
,GEGi~{,4,257129,,,false,3
,GEGi~{,5,256641,,,false,3
,GEGi~{,6,265300,,,false,3
,GEGi~{,7,256151,,,false,3
,GEGi~{,8,255663,,,false,3
,GEGi~{,9,255732,,,false,3
,GEGm~{,0,281571,,,false,3
,GEGm~{,1,263694,,,false,3
,GEGm~{,2,261529,,,false,3
,GEGm~{,3,259433,,,false,3
,GEGm~{,4,270537,,,false,3
,GEGm~{,5,259923,,,false,3
,GEGm~{,6,260900,,,false,3
,GEGm~{,7,269629,,,false,3
,GEGm~{,8,259992,,,false,3
,GEGm~{,9,259504,,,false,3
,G@Nmv{,0,287227,,,false,4
,G@Nmv{,1,289602,,,false,4
,G@Nmv{,2,278079,,,false,4
,G@Nmv{,3,274867,,,false,4
,G@Nmv{,4,281990,,,false,4
,G@Nmv{,5,273820,,,false,4
,G@Nmv{,6,268861,,,false,4
,G@Nmv{,7,273052,,,false,4
,G@Nmv{,8,285761,,,false,4
,G@Nmv{,9,274378,,,false,4
,G@Nm~{,0,283945,,,false,4
,G@Nm~{,1,289044,,,false,4
,G@Nm~{,2,277590,,,false,4
,G@Nm~{,3,277032,,,false,4
,G@Nm~{,4,277312,,,false,4
,G@Nm~{,5,283387,,,false,4
,G@Nm~{,6,275216,,,false,4
,G@Nm~{,7,274308,,,false,4
,G@Nm~{,8,279127,,,false,4
,G@Nm~{,9,275914,,,false,4
,GpHY~{,0,286250,,,false,4
,GpHY~{,1,278149,,,false,4
,GpHY~{,2,282480,,,false,4
,GpHY~{,3,273470,,,false,4
,GpHY~{,4,273331,,,false,4
,GpHY~{,5,278429,,,false,4
,GpHY~{,6,272353,,,false,4
,GpHY~{,7,271515,,,false,4
,GpHY~{,8,269909,,,false,4
,GpHY~{,9,283317,,,false,4
,G@vfn{,0,291139,,,false,4
,G@vfn{,1,284783,,,false,4
,G@vfn{,2,290022,,,false,4
,G@vfn{,3,278428,,,false,4
,G@vfn{,4,277451,,,false,4
,G@vfn{,5,279127,,,false,4
,G@vfn{,6,286670,,,false,4
,G@vfn{,7,277521,,,false,4
,G@vfn{,8,277591,,,false,4
,G@vfn{,9,286180,,,false,4
,G_lr~{,0,292884,,,false,4
,G_lr~{,1,284784,,,false,4
,G_lr~{,2,281432,,,false,4
,G_lr~{,3,289253,,,false,4
,G_lr~{,4,283806,,,false,4
,G_lr~{,5,280454,,,false,4
,G_lr~{,6,297772,,,false,4
,G_lr~{,7,280105,,,false,4
,G_lr~{,8,280593,,,false,4
,G_lr~{,9,279756,,,false,4
,GFY^^{,0,298960,,,false,4
,GFY^^{,1,290510,,,false,4
,GFY^^{,2,293024,,,false,4
,GFY^^{,3,302312,,,false,4
,GFY^^{,4,292046,,,false,4
,GFY^^{,5,289043,,,false,4
,GFY^^{,6,295818,,,false,4
,GFY^^{,7,290510,,,false,4
,GFY^^{,8,289114,,,false,4
,GFY^^{,9,291348,,,false,4
,GCx~n{,0,303778,,,false,4
,GCx~n{,1,294211,,,false,4
,GCx~n{,2,292884,,,false,4
,GCx~n{,3,300636,,,false,4
,GCx~n{,4,289323,,,false,4
,GCx~n{,5,287577,,,false,4
,GCx~n{,6,301334,,,false,4
,GCx~n{,7,287647,,,false,4
,GCx~n{,8,287437,,,false,4
,GCx~n{,9,295678,,,false,4
,GC|rn{,0,292116,,,false,4
,GC|rn{,1,284016,,,false,4
,GC|rn{,2,281432,,,false,4
,GC|rn{,3,290999,,,false,4
,GC|rn{,4,280035,,,false,4
,GC|rn{,5,274588,,,false,4
,GC|rn{,6,289602,,,false,4
,GC|rn{,7,280384,,,false,4
,GC|rn{,8,279406,,,false,4
,GC|rn{,9,278987,,,false,4
,GC^r~{,0,308946,,,false,4
,GC^r~{,1,293653,,,false,4
,GC^r~{,2,290021,,,false,4
,GC^r~{,3,301474,,,false,4
,GC^r~{,4,283387,,,false,4
,GC^r~{,5,288555,,,false,4
,GC^r~{,6,295887,,,false,4
,GC^r~{,7,289741,,,false,4
,GC^r~{,8,287647,,,false,4
,GC^r~{,9,288136,,,false,4
,GDxZn{,0,306293,,,false,4
,GDxZn{,1,289043,,,false,4
,GDxZn{,2,286250,,,false,4
,GDxZn{,3,297842,,,false,4
,GDxZn{,4,284574,,,false,4
,GDxZn{,5,285203,,,false,4
,GDxZn{,6,292535,,,false,4
,GDxZn{,7,286180,,,false,4
,GDxZn{,8,281920,,,false,4
,GDxZn{,9,284295,,,false,4
,G@^u~{,0,311461,,,false,4
,G@^u~{,1,294700,,,false,4
,G@^u~{,2,290789,,,false,4
,G@^u~{,3,301474,,,false,4
,G@^u~{,4,291418,,,false,4
,G@^u~{,5,288625,,,false,4
,G@^u~{,6,299937,,,false,4
,G@^u~{,7,289532,,,false,4
,G@^u~{,8,290091,,,false,4
,G@^u~{,9,287857,,,false,4
,G_}rn{,0,304686,,,false,4
,G_}rn{,1,287647,,,false,4
,G_}rn{,2,282758,,,false,4
,G_}rn{,3,295259,,,false,4
,G_}rn{,4,281920,,,false,4
,G_}rn{,5,281082,,,false,4
,G_}rn{,6,290021,,,false,4
,G_}rn{,7,281292,,,false,4
,G_}rn{,8,281083,,,false,4
,G_}rn{,9,280524,,,false,4
,GC~r~{,0,309924,,,false,4
,GC~r~{,1,295049,,,false,4
,GC~r~{,2,294281,,,false,4
,GC~r~{,3,300147,,,false,4
,GC~r~{,4,292745,,,false,4
,GC~r~{,5,291418,,,false,4
,GC~r~{,6,302452,,,false,4
,GC~r~{,7,292884,,,false,4
,GC~r~{,8,294491,,,false,4
,GC~r~{,9,292814,,,false,4
,GiIX~{,0,300426,,,false,4
,GiIX~{,1,283107,,,false,4
,GiIX~{,2,279965,,,false,4
,GiIX~{,3,290021,,,false,4
,GiIX~{,4,277521,,,false,4
,GiIX~{,5,272004,,,false,4
,GiIX~{,6,274867,,,false,4
,GiIX~{,7,283387,,,false,4
,GiIX~{,8,275356,,,false,4
,GiIX~{,9,276055,,,false,4
,GDdj^{,0,303010,,,false,4
,GDdj^{,1,283178,,,false,4
,GDdj^{,2,279057,,,false,4
,GDdj^{,3,286739,,,false,4
,GDdj^{,4,274727,,,false,4
,GDdj^{,5,275146,,,false,4
,GDdj^{,6,277241,,,false,4
,GDdj^{,7,289602,,,false,4
,GDdj^{,8,276194,,,false,4
,GDdj^{,9,275356,,,false,4
,GHpX~{,0,291836,,,false,4
,GHpX~{,1,280593,,,false,4
,GHpX~{,2,279407,,,false,4
,GHpX~{,3,276683,,,false,4
,GHpX~{,4,284784,,,false,4
,GHpX~{,5,276055,,,false,4
,GHpX~{,6,275286,,,false,4
,GHpX~{,7,283876,,,false,4
,GHpX~{,8,273889,,,false,4
,GHpX~{,9,275356,,,false,4
,GDLm^{,0,292884,,,false,4
,GDLm^{,1,291837,,,false,4
,GDLm^{,2,282479,,,false,4
,GDLm^{,3,280873,,,false,4
,GDLm^{,4,288136,,,false,4
,GDLm^{,5,277660,,,false,4
,GDLm^{,6,274728,,,false,4
,GDLm^{,7,278149,,,false,4
,GDLm^{,8,282758,,,false,4
,GDLm^{,9,277032,,,false,4
,GJQk~{,0,287158,,,false,4
,GJQk~{,1,284714,,,false,4
,GJQk~{,2,276403,,,false,4
,GJQk~{,3,273471,,,false,4
,GJQk~{,4,272213,,,false,4
,GJQk~{,5,281851,,,false,4
,GJQk~{,6,272423,,,false,4
,GJQk~{,7,271375,,,false,4
,GJQk~{,8,278499,,,false,4
,GJQk~{,9,271794,,,false,4
,GIdl~{,0,296725,,,false,4
,GIdl~{,1,287158,,,false,4
,GIdl~{,2,293303,,,false,4
,GIdl~{,3,282968,,,false,4
,GIdl~{,4,282549,,,false,4
,GIdl~{,5,296376,,,false,4
,GIdl~{,6,283876,,,false,4
,GIdl~{,7,283247,,,false,4
,GIdl~{,8,290510,,,false,4
,GIdl~{,9,281781,,,false,4
,GBiZ~{,0,292535,,,false,4
,GBiZ~{,1,284784,,,false,4
,GBiZ~{,2,289043,,,false,4
,GBiZ~{,3,280315,,,false,4
,GBiZ~{,4,281152,,,false,4
,GBiZ~{,5,290301,,,false,4
,GBiZ~{,6,281012,,,false,4
,GBiZ~{,7,280594,,,false,4
,GBiZ~{,8,279057,,,false,4
,GBiZ~{,9,289532,,,false,4
,GAlv^{,0,295189,,,false,4
,GAlv^{,1,288834,,,false,4
,GAlv^{,2,297494,,,false,4
,GAlv^{,3,283107,,,false,4
,GAlv^{,4,283806,,,false,4
,GAlv^{,5,290021,,,false,4
,GAlv^{,6,283387,,,false,4
,GAlv^{,7,281431,,,false,4
,GAlv^{,8,283317,,,false,4
,GAlv^{,9,289533,,,false,4
,GA\t~{,0,289532,,,false,4
,GA\t~{,1,282898,,,false,4
,GA\t~{,2,289043,,,false,4
,GA\t~{,3,280524,,,false,4
,GA\t~{,4,279476,,,false,4
,GA\t~{,5,278708,,,false,4
,GA\t~{,6,289532,,,false,4
,GA\t~{,7,277591,,,false,4
,GA\t~{,8,278150,,,false,4
,GA\t~{,9,284853,,,false,4
,G@lu~{,0,292326,,,false,4
,G@lu~{,1,281222,,,false,4
,G@lu~{,2,282689,,,false,4
,G@lu~{,3,289532,,,false,4
,G@lu~{,4,281920,,,false,4
,G@lu~{,5,281920,,,false,4
,G@lu~{,6,290022,,,false,4
,G@lu~{,7,284295,,,false,4
,G@lu~{,8,282758,,,false,4
,G@lu~{,9,290999,,,false,4
,GMhX~{,0,295188,,,false,5
,GMhX~{,1,287647,,,false,5
,GMhX~{,2,283387,,,false,5
,GMhX~{,3,291418,,,false,5
,GMhX~{,4,282828,,,false,5
,GMhX~{,5,284295,,,false,5
,GMhX~{,6,291558,,,false,5
,GMhX~{,7,283387,,,false,5
,GMhX~{,8,280943,,,false,5
,GMhX~{,9,283596,,,false,5
,GRW}~{,0,311670,,,false,5
,GRW}~{,1,293513,,,false,5
,GRW}~{,2,293303,,,false,5
,GRW}~{,3,305315,,,false,5
,GRW}~{,4,290441,,,false,5
,GRW}~{,5,289532,,,false,5
,GRW}~{,6,298331,,,false,5
,GRW}~{,7,291907,,,false,5
,GRW}~{,8,292396,,,false,5
,GRW}~{,9,290021,,,false,5
,GBZ\~{,0,298541,,,false,4
,GBZ\~{,1,293443,,,false,4
,GBZ\~{,2,290231,,,false,4
,GBZ\~{,3,299798,,,false,4
,GBZ\~{,4,289533,,,false,4
,GBZ\~{,5,288136,,,false,4
,GBZ\~{,6,297563,,,false,4
,GBZ\~{,7,290510,,,false,4
,GBZ\~{,8,288136,,,false,4
,GBZ\~{,9,292326,,,false,4
,GRWy~{,0,290929,,,false,4
,GRWy~{,1,280524,,,false,4
,GRWy~{,2,280524,,,false,4
,GRWy~{,3,283946,,,false,4
,GRWy~{,4,277731,,,false,4
,GRWy~{,5,276682,,,false,4
,GRWy~{,6,283875,,,false,4
,GRWy~{,7,272004,,,false,4
,GRWy~{,8,275077,,,false,4
,GRWy~{,9,274657,,,false,4
,GJXX~{,0,280873,,,false,5
,GJXX~{,1,265998,,,false,5
,GJXX~{,2,263345,,,false,5
,GJXX~{,3,271445,,,false,5
,GJXX~{,4,260971,,,false,5
,GJXX~{,5,260970,,,false,5
,GJXX~{,6,260830,,,false,5
,GJXX~{,7,268094,,,false,5
,GJXX~{,8,261878,,,false,5
,GJXX~{,9,260481,,,false,5
,GIL~v{,0,288625,,,false,5
,GIL~v{,1,291488,,,false,5
,GIL~v{,2,280524,,,false,5
,GIL~v{,3,277521,,,false,5
,GIL~v{,4,288065,,,false,5
,GIL~v{,5,277731,,,false,5
,GIL~v{,6,277311,,,false,5
,GIL~v{,7,277801,,,false,5
,GIL~v{,8,286180,,,false,5
,GIL~v{,9,278568,,,false,5
,GIN~v{,0,290022,,,false,5
,GIN~v{,1,300636,,,false,5
,GIN~v{,2,285272,,,false,5
,GIN~v{,3,284854,,,false,5
,GIN~v{,4,286670,,,false,5
,GIN~v{,5,283596,,,false,5
,GIN~v{,6,285063,,,false,5
,GIN~v{,7,284295,,,false,5
,GIN~v{,8,292465,,,false,5
,GIN~v{,9,284714,,,false,5
,GINT^{,0,284714,,,false,4
,GINT^{,1,286180,,,false,4
,GINT^{,2,273680,,,false,4
,GINT^{,3,272493,,,false,4
,GINT^{,4,273541,,,false,4
,GINT^{,5,280873,,,false,4
,GINT^{,6,271445,,,false,4
,GINT^{,7,271445,,,false,4
,GINT^{,8,281851,,,false,4
,GINT^{,9,270118,,,false,4
,G`XX~{,0,285272,,,false,4
,G`XX~{,1,274308,,,false,4
,G`XX~{,2,278638,,,false,4
,G`XX~{,3,269141,,,false,4
,G`XX~{,4,268093,,,false,4
,G`XX~{,5,277800,,,false,4
,G`XX~{,6,269421,,,false,4
,G`XX~{,7,267325,,,false,4
,G`XX~{,8,268582,,,false,4
,G`XX~{,9,279546,,,false,4
,GBpl~{,0,297843,,,false,4
,GBpl~{,1,290580,,,false,4
,GBpl~{,2,296237,,,false,4
,GBpl~{,3,286250,,,false,4
,GBpl~{,4,286390,,,false,4
,GBpl~{,5,286669,,,false,4
,GBpl~{,6,293443,,,false,4
,GBpl~{,7,285342,,,false,4
,GBpl~{,8,284156,,,false,4
,GBpl~{,9,292605,,,false,4
,G`X\~{,0,291418,,,false,4
,G`X\~{,1,285273,,,false,4
,G`X\~{,2,291976,,,false,4
,G`X\~{,3,277521,,,false,4
,G`X\~{,4,279895,,,false,4
,G`X\~{,5,281851,,,false,4
,G`X\~{,6,295887,,,false,4
,G`X\~{,7,281361,,,false,4
,G`X\~{,8,280524,,,false,4
,G`X\~{,9,289113,,,false,4
,GqSp^{,0,277032,,,false,4
,GqSp^{,1,269978,,,false,4
,GqSp^{,2,265161,,,false,4
,GqSp^{,3,274308,,,false,4
,GqSp^{,4,263414,,,false,4
,GqSp^{,5,263205,,,false,4
,GqSp^{,6,259015,,,false,4
,GqSp^{,7,269141,,,false,4
,GqSp^{,8,261948,,,false,4
,GqSp^{,9,263834,,,false,4
,GoS~f{,0,290091,,,false,4
,GoS~f{,1,275146,,,false,4
,GoS~f{,2,273890,,,false,4
,GoS~f{,3,270887,,,false,4
,GoS~f{,4,280943,,,false,4
,GoS~f{,5,271166,,,false,4
,GoS~f{,6,272074,,,false,4
,GoS~f{,7,279965,,,false,4
,GoS~f{,8,266557,,,false,4
,GoS~f{,9,271027,,,false,4
,GqHX~{,0,286180,,,false,4
,GqHX~{,1,285762,,,false,4
,GqHX~{,2,274308,,,false,4
,GqHX~{,3,274658,,,false,4
,GqHX~{,4,282340,,,false,4
,GqHX~{,5,272563,,,false,4
,GqHX~{,6,271096,,,false,4
,GqHX~{,7,273052,,,false,4
,GqHX~{,8,281711,,,false,4
,GqHX~{,9,272144,,,false,4
,GhFH~{,0,284784,,,false,4
,GhFH~{,1,288136,,,false,4
,GhFH~{,2,270398,,,false,4
,GhFH~{,3,268512,,,false,4
,GhFH~{,4,268233,,,false,4
,GhFH~{,5,281362,,,false,4
,GhFH~{,6,271515,,,false,4
,GhFH~{,7,270607,,,false,4
,GhFH~{,8,279197,,,false,4
,GhFH~{,9,270887,,,false,4
,GaMjn{,0,290929,,,false,4
,GaMjn{,1,283527,,,false,4
,GaMjn{,2,287646,,,false,4
,GaMjn{,3,278988,,,false,4
,GaMjn{,4,278010,,,false,4
,GaMjn{,5,286669,,,false,4
,GaMjn{,6,272842,,,false,4
,GaMjn{,7,277660,,,false,4
,GaMjn{,8,272004,,,false,4
,GaMjn{,9,291837,,,false,4
,GIMk~{,0,289253,,,false,4
,GIMk~{,1,280174,,,false,4
,GIMk~{,2,283248,,,false,4
,GIMk~{,3,271794,,,false,4
,GIMk~{,4,274658,,,false,4
,GIMk~{,5,274378,,,false,4
,GIMk~{,6,282829,,,false,4
,GIMk~{,7,269909,,,false,4
,GIMk~{,8,274658,,,false,4
,GIMk~{,9,282828,,,false,4
,G`Vd~{,0,292395,,,false,4
,G`Vd~{,1,284714,,,false,4
,G`Vd~{,2,282409,,,false,4
,G`Vd~{,3,283108,,,false,4
,G`Vd~{,4,280384,,,false,4
,G`Vd~{,5,279546,,,false,4
,G`Vd~{,6,286669,,,false,4
,G`Vd~{,7,272423,,,false,4
,G`Vd~{,8,278219,,,false,4
,G`Vd~{,9,278638,,,false,4
,GQlu^{,0,298471,,,false,4
,GQlu^{,1,279686,,,false,4
,GQlu^{,2,278987,,,false,4
,GQlu^{,3,294212,,,false,4
,GQlu^{,4,280105,,,false,4
,GQlu^{,5,280524,,,false,4
,GQlu^{,6,281920,,,false,4
,GQlu^{,7,280524,,,false,4
,GQlu^{,8,274867,,,false,4
,GQlu^{,9,281501,,,false,4
,GdSz^{,0,307060,,,false,4
,GdSz^{,1,289323,,,false,4
,GdSz^{,2,280663,,,false,4
,GdSz^{,3,290510,,,false,4
,GdSz^{,4,276613,,,false,4
,GdSz^{,5,276963,,,false,4
,GdSz^{,6,279058,,,false,4
,GdSz^{,7,288834,,,false,4
,GdSz^{,8,278498,,,false,4
,GdSz^{,9,281432,,,false,4
,GKszn{,0,305315,,,false,4
,GKszn{,1,289462,,,false,4
,GKszn{,2,285692,,,false,4
,GKszn{,3,292954,,,false,4
,GKszn{,4,285273,,,false,4
,GKszn{,5,279057,,,false,4
,GKszn{,6,284784,,,false,4
,GKszn{,7,295189,,,false,4
,GKszn{,8,278149,,,false,4
,GKszn{,9,279266,,,false,4
,GbM^^{,0,307829,,,false,4
,GbM^^{,1,294491,,,false,4
,GbM^^{,2,291907,,,false,4
,GbM^^{,3,291488,,,false,4
,GbM^^{,4,299658,,,false,4
,GbM^^{,5,290441,,,false,4
,GbM^^{,6,290440,,,false,4
,GbM^^{,7,297494,,,false,4
,GbM^^{,8,287647,,,false,4
,GbM^^{,9,283806,,,false,4
,GQqz~{,0,307620,,,false,4
,GQqz~{,1,290091,,,false,4
,GQqz~{,2,289044,,,false,4
,GQqz~{,3,285761,,,false,4
,GQqz~{,4,294491,,,false,4
,GQqz~{,5,286669,,,false,4
,GQqz~{,6,286669,,,false,4
,GQqz~{,7,299030,,,false,4
,GQqz~{,8,286669,,,false,4
,GQqz~{,9,283667,,,false,4
,GDlr^{,0,297703,,,false,4
,GDlr^{,1,282200,,,false,4
,GDlr^{,2,276473,,,false,4
,GDlr^{,3,275496,,,false,4
,GDlr^{,4,282898,,,false,4
,GDlr^{,5,273820,,,false,4
,GDlr^{,6,273192,,,false,4
,GDlr^{,7,282758,,,false,4
,GDlr^{,8,274308,,,false,4
,GDlr^{,9,268722,,,false,4
,GP\^n{,0,299519,,,false,4
,GP\^n{,1,301544,,,false,4
,GP\^n{,2,290230,,,false,4
,GP\^n{,3,288904,,,false,4
,GP\^n{,4,299030,,,false,4
,GP\^n{,5,286180,,,false,4
,GP\^n{,6,286669,,,false,4
,GP\^n{,7,295468,,,false,4
,GP\^n{,8,288066,,,false,4
,GP\^n{,9,286669,,,false,4
,Golq~{,0,290719,,,false,4
,Golq~{,1,297773,,,false,4
,Golq~{,2,284784,,,false,4
,Golq~{,3,283387,,,false,4
,Golq~{,4,290859,,,false,4
,Golq~{,5,281990,,,false,4
,Golq~{,6,281851,,,false,4
,Golq~{,7,282339,,,false,4
,Golq~{,8,289253,,,false,4
,Golq~{,9,280873,,,false,4
,GElr^{,0,291837,,,false,4
,GElr^{,1,299658,,,false,4
,GElr^{,2,282479,,,false,4
,GElr^{,3,280454,,,false,4
,GElr^{,4,288135,,,false,4
,GElr^{,5,278639,,,false,4
,GElr^{,6,279476,,,false,4
,GElr^{,7,280035,,,false,4
,GElr^{,8,289742,,,false,4
,GElr^{,9,278149,,,false,4
,GEhzv{,0,284295,,,false,4
,GEhzv{,1,292046,,,false,4
,GEhzv{,2,282340,,,false,4
,GEhzv{,3,281361,,,false,4
,GEhzv{,4,279965,,,false,4
,GEhzv{,5,290441,,,false,4
,GEhzv{,6,281920,,,false,4
,GEhzv{,7,280593,,,false,4
,GEhzv{,8,288834,,,false,4
,GEhzv{,9,279476,,,false,4
,GDZ^v{,0,297633,,,false,4
,GDZ^v{,1,295678,,,false,4
,GDZ^v{,2,288624,,,false,4
,GDZ^v{,3,288624,,,false,4
,GDZ^v{,4,287158,,,false,4
,GDZ^v{,5,298052,,,false,4
,GDZ^v{,6,287856,,,false,4
,GDZ^v{,7,288694,,,false,4
,GDZ^v{,8,294770,,,false,4
,GDZ^v{,9,285272,,,false,4
,GDZ~v{,0,292814,,,false,4
,GDZ~v{,1,290021,,,false,4
,GDZ~v{,2,297703,,,false,4
,GDZ~v{,3,287437,,,false,4
,GDZ~v{,4,288554,,,false,4
,GDZ~v{,5,302103,,,false,4
,GDZ~v{,6,288555,,,false,4
,GDZ~v{,7,287647,,,false,4
,GDZ~v{,8,294910,,,false,4
,GDZ~v{,9,287647,,,false,4
,GRX\~{,0,299239,,,false,4
,GRX\~{,1,290022,,,false,4
,GRX\~{,2,296236,,,false,4
,GRX\~{,3,286669,,,false,4
,GRX\~{,4,285482,,,false,4
,GRX\~{,5,298122,,,false,4
,GRX\~{,6,286670,,,false,4
,GRX\~{,7,287158,,,false,4
,GRX\~{,8,293094,,,false,4
,GRX\~{,9,284155,,,false,4
,Gq\t~{,0,297983,,,false,5
,Gq\t~{,1,293582,,,false,5
,Gq\t~{,2,294840,,,false,5
,Gq\t~{,3,289951,,,false,5
,Gq\t~{,4,289113,,,false,5
,Gq\t~{,5,303988,,,false,5
,Gq\t~{,6,289323,,,false,5
,Gq\t~{,7,290510,,,false,5
,Gq\t~{,8,296306,,,false,5
,Gq\t~{,9,288624,,,false,5
,GS\~f{,0,295747,,,false,5
,GS\~f{,1,286251,,,false,5
,GS\~f{,2,295887,,,false,5
,GS\~f{,3,284015,,,false,5
,GS\~f{,4,283596,,,false,5
,GS\~f{,5,297074,,,false,5
,GS\~f{,6,281082,,,false,5
,GS\~f{,7,281012,,,false,5
,GS\~f{,8,288136,,,false,5
,GS\~f{,9,279337,,,false,5
,GIm~n{,0,300566,,,false,5
,GIm~n{,1,293164,,,false,5
,GIm~n{,2,302172,,,false,5
,GIm~n{,3,293932,,,false,5
,GIm~n{,4,291907,,,false,5
,GIm~n{,5,305804,,,false,5
,GIm~n{,6,291348,,,false,5
,GIm~n{,7,290999,,,false,5
,GIm~n{,8,299449,,,false,5
,GIm~n{,9,286110,,,false,5
,GI~t~{,0,298960,,,false,5
,GI~t~{,1,296306,,,false,5
,GI~t~{,2,300845,,,false,5
,GI~t~{,3,293444,,,false,5
,GI~t~{,4,293303,,,false,5
,GI~t~{,5,304546,,,false,5
,GI~t~{,6,291977,,,false,5
,GI~t~{,7,290929,,,false,5
,GI~t~{,8,302522,,,false,5
,GI~t~{,9,292814,,,false,5
,GJZ\~{,0,291907,,,false,5
,GJZ\~{,1,293652,,,false,5
,GJZ\~{,2,285971,,,false,5
,GJZ\~{,3,286180,,,false,5
,GJZ\~{,4,286599,,,false,5
,GJZ\~{,5,299728,,,false,5
,GJZ\~{,6,285342,,,false,5
,GJZ\~{,7,285761,,,false,5
,GJZ\~{,8,294350,,,false,5
,GJZ\~{,9,287018,,,false,5
,GdX\~{,0,300426,,,false,5
,GdX\~{,1,291907,,,false,5
,GdX\~{,2,296655,,,false,5
,GdX\~{,3,288136,,,false,5
,GdX\~{,4,286949,,,false,5
,GdX\~{,5,302382,,,false,5
,GdX\~{,6,287018,,,false,5
,GdX\~{,7,284993,,,false,5
,GdX\~{,8,295328,,,false,5
,GdX\~{,9,285203,,,false,5
,GD^vV{,0,296795,,,false,5
,GD^vV{,1,287647,,,false,5
,GD^vV{,2,293722,,,false,5
,GD^vV{,3,284294,,,false,5
,GD^vV{,4,279336,,,false,5
,GD^vV{,5,293792,,,false,5
,GD^vV{,6,285761,,,false,5
,GD^vV{,7,284225,,,false,5
,GD^vV{,8,293374,,,false,5
,GD^vV{,9,286250,,,false,5
,GD^v^{,0,294211,,,false,5
,GD^v^{,1,290859,,,false,5
,GD^v^{,2,297633,,,false,5
,GD^v^{,3,289392,,,false,5
,GD^v^{,4,289532,,,false,5
,GD^v^{,5,297703,,,false,5
,GD^v^{,6,290021,,,false,5
,GD^v^{,7,289113,,,false,5
,GD^v^{,8,299589,,,false,5
,GD^v^{,9,289113,,,false,5
,G}ox~{,0,286460,,,false,5
,G}ox~{,1,278499,,,false,5
,G}ox~{,2,287158,,,false,5
,G}ox~{,3,274169,,,false,5
,G}ox~{,4,278987,,,false,5
,G}ox~{,5,287158,,,false,5
,G}ox~{,6,271725,,,false,5
,G}ox~{,7,277242,,,false,5
,G}ox~{,8,275845,,,false,5
,G}ox~{,9,283806,,,false,5
,G]qz~{,0,297633,,,false,5
,G]qz~{,1,290859,,,false,5
,G]qz~{,2,303010,,,false,5
,G]qz~{,3,289532,,,false,5
,G]qz~{,4,291418,,,false,5
,G]qz~{,5,294840,,,false,5
,G]qz~{,6,289533,,,false,5
,G]qz~{,7,288136,,,false,5
,G]qz~{,8,287368,,,false,5
,G]qz~{,9,298052,,,false,5
,GF~v^{,0,294910,,,false,5
,GF~v^{,1,289532,,,false,5
,GF~v^{,2,299030,,,false,5
,GF~v^{,3,286669,,,false,5
,GF~v^{,4,285203,,,false,5
,GF~v^{,5,293094,,,false,5
,GF~v^{,6,284783,,,false,5
,GF~v^{,7,285691,,,false,5
,GF~v^{,8,281502,,,false,5
,GF~v^{,9,299658,,,false,5
,GTPH~{,0,272353,,,false,3
,GTPH~{,1,264741,,,false,3
,GTPH~{,2,269979,,,false,3
,GTPH~{,3,256640,,,false,3
,GTPH~{,4,260551,,,false,3
,GTPH~{,5,260411,,,false,3
,GTPH~{,6,266627,,,false,3
,GTPH~{,7,258107,,,false,3
,GTPH~{,8,259923,,,false,3
,GTPH~{,9,258526,,,false,3
,G`S~^{,0,304198,,,false,4
,G`S~^{,1,286459,,,false,4
,G`S~^{,2,282829,,,false,4
,G`S~^{,3,290510,,,false,4
,G`S~^{,4,280454,,,false,4
,G`S~^{,5,280524,,,false,4
,G`S~^{,6,280943,,,false,4
,G`S~^{,7,287158,,,false,4
,G`S~^{,8,279616,,,false,4
,G`S~^{,9,280943,,,false,4
,GwDXv{,0,280454,,,false,4
,GwDXv{,1,267186,,,false,4
,GwDXv{,2,259853,,,false,4
,GwDXv{,3,257339,,,false,4
,GwDXv{,4,268303,,,false,4
,GwDXv{,5,256641,,,false,4
,GwDXv{,6,257618,,,false,4
,GwDXv{,7,257828,,,false,4
,GwDXv{,8,256710,,,false,4
,GwDXv{,9,252451,,,false,4
,G`NJn{,0,284783,,,false,4
,G`NJn{,1,281432,,,false,4
,G`NJn{,2,272772,,,false,4
,G`NJn{,3,270608,,,false,4
,G`NJn{,4,268512,,,false,4
,G`NJn{,5,275147,,,false,4
,G`NJn{,6,263903,,,false,4
,G`NJn{,7,269490,,,false,4
,G`NJn{,8,277172,,,false,4
,G`NJn{,9,266976,,,false,4
,GQMi~{,0,283736,,,false,3
,GQMi~{,1,275077,,,false,3
,GQMi~{,2,279825,,,false,3
,GQMi~{,3,274030,,,false,3
,GQMi~{,4,269350,,,false,3
,GQMi~{,5,279058,,,false,3
,GQMi~{,6,268722,,,false,3
,GQMi~{,7,267534,,,false,3
,GQMi~{,8,270048,,,false,3
,GQMi~{,9,282340,,,false,3
,GKdzv{,0,283876,,,false,4
,GKdzv{,1,276124,,,false,4
,GKdzv{,2,281292,,,false,4
,GKdzv{,3,274168,,,false,4
,GKdzv{,4,268722,,,false,4
,GKdzv{,5,269909,,,false,4
,GKdzv{,6,284155,,,false,4
,GKdzv{,7,271445,,,false,4
,GKdzv{,8,270677,,,false,4
,GKdzv{,9,270747,,,false,4
,Gqox~{,0,288066,,,false,5
,Gqox~{,1,279965,,,false,5
,Gqox~{,2,276753,,,false,5
,Gqox~{,3,290510,,,false,5
,Gqox~{,4,276613,,,false,5
,Gqox~{,5,278569,,,false,5
,Gqox~{,6,285761,,,false,5
,Gqox~{,7,274309,,,false,5
,Gqox~{,8,274658,,,false,5
,Gqox~{,9,275216,,,false,5
,GqLzv{,0,306293,,,false,5
,GqLzv{,1,281920,,,false,5
,GqLzv{,2,280314,,,false,5
,GqLzv{,3,288555,,,false,5
,GqLzv{,4,279546,,,false,5
,GqLzv{,5,279616,,,false,5
,GqLzv{,6,278499,,,false,5
,GqLzv{,7,286250,,,false,5
,GqLzv{,8,276474,,,false,5
,GqLzv{,9,278778,,,false,5
,G??ZCS,0,199376,,,false,1
,G??ZCS,1,185479,,,false,1
,G??ZCS,2,182686,,,false,1
,G??ZCS,3,180522,,,false,1
,G??ZCS,4,179823,,,false,1
,G??ZCS,5,179334,,,false,1
,G??ZCS,6,187435,,,false,1
,G??ZCS,7,178775,,,false,1
,G??ZCS,8,177519,,,false,1
,G??ZCS,9,173119,,,false,1
,G?hTrk,0,245676,,,false,2
,G?hTrk,1,237157,,,false,2
,G?hTrk,2,230453,,,false,2
,G?hTrk,3,228707,,,false,2
,G?hTrk,4,227170,,,false,2
,G?hTrk,5,240998,,,false,2
,G?hTrk,6,227590,,,false,2
,G?hTrk,7,227100,,,false,2
,G?hTrk,8,227520,,,false,2
,G?hTrk,9,236179,,,false,2
,G`?KzW,0,232897,,,false,3
,G`?KzW,1,220885,,,false,3
,G`?KzW,2,220606,,,false,3
,G`?KzW,3,227310,,,false,3
,G`?KzW,4,218092,,,false,3
,G`?KzW,5,218581,,,false,3
,G`?KzW,6,216626,,,false,3
,G`?KzW,7,218022,,,false,3
,G`?KzW,8,226333,,,false,3
,G`?KzW,9,217324,,,false,3
,GKS~\{,0,291418,,,false,4
,GKS~\{,1,284783,,,false,4
,GKS~\{,2,288136,,,false,4
,GKS~\{,3,277661,,,false,4
,GKS~\{,4,275775,,,false,4
,GKS~\{,5,284714,,,false,4
,GKS~\{,6,276264,,,false,4
,GKS~\{,7,276264,,,false,4
,GKS~\{,8,276264,,,false,4
,GKS~\{,9,284015,,,false,4
,GGF~vo,0,275705,,,false,4
,GGF~vo,1,270118,,,false,4
,GGF~vo,2,275566,,,false,4
,GGF~vo,3,264322,,,false,4
,GGF~vo,4,265231,,,false,4
,GGF~vo,5,264811,,,false,4
,GGF~vo,6,271864,,,false,4
,GGF~vo,7,258596,,,false,4
,GGF~vo,8,262856,,,false,4
,GGF~vo,9,270607,,,false,4
,G@hZCc,0,234713,,,false,3
,G@hZCc,1,225634,,,false,3
,G@hZCc,2,222212,,,false,3
,G@hZCc,3,221095,,,false,3
,G@hZCc,4,230103,,,false,3
,G@hZCc,5,219978,,,false,3
,G@hZCc,6,219698,,,false,3
,G@hZCc,7,218511,,,false,3
,G@hZCc,8,227520,,,false,3
,G@hZCc,9,220397,,,false,3
,G?@Hdo,0,204265,,,false,2
,G?@Hdo,1,196792,,,false,2
,G?@Hdo,2,193790,,,false,2
,G?@Hdo,3,201821,,,false,2
,G?@Hdo,4,191764,,,false,2
,G?@Hdo,5,190158,,,false,2
,G?@Hdo,6,188483,,,false,2
,G?@Hdo,7,189041,,,false,2
,G?@Hdo,8,198399,,,false,2
,G?@Hdo,9,189320,,,false,2
,G?XPc[,0,231919,,,false,3
,G?XPc[,1,222491,,,false,3
,G?XPc[,2,222212,,,false,3
,G?XPc[,3,215997,,,false,3
,G?XPc[,4,213693,,,false,3
,G?XPc[,5,209503,,,false,3
,G?XPc[,6,215578,,,false,3
,G?XPc[,7,222771,,,false,3
,G?XPc[,8,213343,,,false,3
,G?XPc[,9,213413,,,false,3
,G???^g,0,199935,,,false,1
,G???^g,1,202449,,,false,1
,G???^g,2,190019,,,false,1
,G???^g,3,188413,,,false,1
,G???^g,4,187016,,,false,1
,G???^g,5,190159,,,false,1
,G???^g,6,196723,,,false,1
,G???^g,7,190368,,,false,1
,G???^g,8,188063,,,false,1
,G???^g,9,182756,,,false,1
,GAI?g[,0,191555,,,false,2
,GAI?g[,1,200354,,,false,2
,GAI?g[,2,184642,,,false,2
,GAI?g[,3,184083,,,false,2
,GAI?g[,4,181848,,,false,2
,GAI?g[,5,184502,,,false,2
,GAI?g[,6,183105,,,false,2
,GAI?g[,7,192742,,,false,2
,GAI?g[,8,182547,,,false,2
,GAI?g[,9,184082,,,false,2
,G?@PSo,0,190856,,,false,1
,G?@PSo,1,183594,,,false,1
,G?@PSo,2,190856,,,false,1
,G?@PSo,3,180032,,,false,1
,G?@PSo,4,177938,,,false,1
,G?@PSo,5,177798,,,false,1
,G?@PSo,6,176610,,,false,1
,G?@PSo,7,184362,,,false,1
,G?@PSo,8,177868,,,false,1
,G?@PSo,9,176820,,,false,1
,G?Oc_w,0,189879,,,false,1
,G?Oc_w,1,184572,,,false,1
,G?Oc_w,2,190368,,,false,1
,G?Oc_w,3,181848,,,false,1
,G?Oc_w,4,180102,,,false,1
,G?Oc_w,5,178985,,,false,1
,G?Oc_w,6,179334,,,false,1
,G?Oc_w,7,178566,,,false,1
,G?Oc_w,8,190718,,,false,1
,G?Oc_w,9,178566,,,false,1
,G_D`Gs,0,202310,,,false,2
,G_D`Gs,1,196094,,,false,2
,G_D`Gs,2,193021,,,false,2
,G_D`Gs,3,199167,,,false,2
,G_D`Gs,4,190298,,,false,2
,G_D`Gs,5,190438,,,false,2
,G_D`Gs,6,190717,,,false,2
,G_D`Gs,7,191346,,,false,2
,G_D`Gs,8,198887,,,false,2
,G_D`Gs,9,189670,,,false,2
,G@`AXk,0,217115,,,false,2
,G@`AXk,1,209851,,,false,2
,G@`AXk,2,206080,,,false,2
,G@`AXk,3,211877,,,false,2
,G@`AXk,4,203218,,,false,2
,G@`AXk,5,203636,,,false,2
,G@`AXk,6,201402,,,false,2
,G@`AXk,7,211668,,,false,2
,G@`AXk,8,200912,,,false,2
,G@`AXk,9,200285,,,false,2
,GHdu\{,0,283388,,,false,4
,GHdu\{,1,288555,,,false,4
,GHdu\{,2,274797,,,false,4
,GHdu\{,3,270468,,,false,4
,GHdu\{,4,267046,,,false,4
,GHdu\{,5,278080,,,false,4
,GHdu\{,6,269699,,,false,4
,GHdu\{,7,269770,,,false,4
,GHdu\{,8,276124,,,false,4
,GHdu\{,9,269002,,,false,4
,GAh`ks,0,245257,,,false,3
,GAh`ks,1,230313,,,false,3
,GAh`ks,2,240718,,,false,3
,GAh`ks,3,228428,,,false,3
,GAh`ks,4,226612,,,false,3
,GAh`ks,5,227030,,,false,3
,GAh`ks,6,226542,,,false,3
,GAh`ks,7,235201,,,false,3
,GAh`ks,8,226682,,,false,3
,GAh`ks,9,229196,,,false,3
,GCSXJC,0,220606,,,false,2
,GCSXJC,1,223958,,,false,2
,GCSXJC,2,208874,,,false,2
,GCSXJC,3,208105,,,false,2
,GCSXJC,4,206499,,,false,2
,GCSXJC,5,210900,,,false,2
,GCSXJC,6,203217,,,false,2
,GCSXJC,7,203567,,,false,2
,GCSXJC,8,202798,,,false,2
,GCSXJC,9,202729,,,false,2
,G?qaho,0,237017,,,false,3
,G?qaho,1,220816,,,false,3
,G?qaho,2,216346,,,false,3
,G?qaho,3,210550,,,false,3
,G?qaho,4,215648,,,false,3
,G?qaho,5,216067,,,false,3
,G?qaho,6,213343,,,false,3
,G?qaho,7,214321,,,false,3
,G?qaho,8,212925,,,false,3
,G?qaho,9,221584,,,false,3
,G@?La[,0,207896,,,false,2
,G@?La[,1,199586,,,false,2
,G@?La[,2,198468,,,false,2
,G@?La[,3,197003,,,false,2
,G@?La[,4,204195,,,false,2
,G@?La[,5,195675,,,false,2
,G@?La[,6,197002,,,false,2
,G@?La[,7,193720,,,false,2
,G@?La[,8,194628,,,false,2
,G@?La[,9,203637,,,false,2
,GqKsY[,0,260551,,,false,4
,GqKsY[,1,252730,,,false,4
,GqKsY[,2,248889,,,false,4
,GqKsY[,3,257898,,,false,4
,GqKsY[,4,248121,,,false,4
,GqKsY[,5,246026,,,false,4
,GqKsY[,6,243791,,,false,4
,GqKsY[,7,248121,,,false,4
,GqKsY[,8,242395,,,false,4
,GqKsY[,9,244699,,,false,4
,G???~G,0,194209,,,false,1
,G???~G,1,195675,,,false,1
,G???~G,2,186876,,,false,1
,G???~G,3,184711,,,false,1
,G???~G,4,184083,,,false,1
,G???~G,5,183524,,,false,1
,G???~G,6,186876,,,false,1
,G???~G,7,182617,,,false,1
,G???~G,8,183944,,,false,1
,G???~G,9,183315,,,false,1
,G?GQKo,0,190438,,,false,1
,G?GQKo,1,192742,,,false,1
,G?GQKo,2,180172,,,false,1
,G?GQKo,3,180661,,,false,1
,G?GQKo,4,177867,,,false,1
,G?GQKo,5,178216,,,false,1
,G?GQKo,6,185410,,,false,1
,G?GQKo,7,175214,,,false,1
,G?GQKo,8,175493,,,false,1
,G?GQKo,9,174655,,,false,1
,G@??OK,0,156498,,,false,1
,G@??OK,1,152099,,,false,1
,G@??OK,2,168440,,,false,1
,G@??OK,3,155172,,,false,1
,G@??OK,4,155800,,,false,1
,G@??OK,5,152937,,,false,1
,G@??OK,6,152099,,,false,1
,G@??OK,7,153077,,,false,1
,G@??OK,8,155939,,,false,1
,G@??OK,9,151331,,,false,1
,G??_uK,0,197491,,,false,1
,G??_uK,1,192742,,,false,1
,G??_uK,2,187924,,,false,1
,G??_uK,3,186736,,,false,1
,G??_uK,4,193441,,,false,1
,G??_uK,5,186108,,,false,1
,G??_uK,6,186178,,,false,1
,G??_uK,7,184571,,,false,1
,G??_uK,8,186039,,,false,1
,G??_uK,9,194139,,,false,1
,GwC^~{,0,266627,,,false,4
,GwC^~{,1,258735,,,false,4
,GwC^~{,2,256152,,,false,4
,GwC^~{,3,263344,,,false,4
,GwC^~{,4,254266,,,false,4
,GwC^~{,5,254197,,,false,4
,GwC^~{,6,261808,,,false,4
,GwC^~{,7,255174,,,false,4
,GwC^~{,8,254196,,,false,4
,GwC^~{,9,252311,,,false,4
,G~rHx{,0,282339,,,false,5
,G~rHx{,1,267675,,,false,5
,G~rHx{,2,265719,,,false,5
,G~rHx{,3,266068,,,false,5
,G~rHx{,4,274378,,,false,5
,G~rHx{,5,260412,,,false,5
,G~rHx{,6,264252,,,false,5
,G~rHx{,7,262925,,,false,5
,G~rHx{,8,265300,,,false,5
,G~rHx{,9,262506,,,false,5
,GoSv~{,0,281152,,,false,4
,GoSv~{,1,287647,,,false,4
,GoSv~{,2,271446,,,false,4
,GoSv~{,3,268582,,,false,4
,GoSv~{,4,270398,,,false,4
,GoSv~{,5,277172,,,false,4
,GoSv~{,6,268164,,,false,4
,GoSv~{,7,268024,,,false,4
,GoSv~{,8,276752,,,false,4
,GoSv~{,9,267116,,,false,4
,G?mzz{,0,275287,,,false,4
,G?mzz{,1,266207,,,false,4
,G?mzz{,2,271236,,,false,4
,G?mzz{,3,259923,,,false,4
,G?mzz{,4,259922,,,false,4
,G?mzz{,5,269910,,,false,4
,G?mzz{,6,259084,,,false,4
,G?mzz{,7,258596,,,false,4
,G?mzz{,8,257129,,,false,4
,G?mzz{,9,267115,,,false,4
,G~`HW{,0,256431,,,false,4
,G~`HW{,1,248191,,,false,4
,G~`HW{,2,244210,,,false,4
,G~`HW{,3,251822,,,false,4
,G~`HW{,4,245048,,,false,4
,G~`HW{,5,243163,,,false,4
,G~`HW{,6,244768,,,false,4
,G~`HW{,7,250076,,,false,4
,G~`HW{,8,243861,,,false,4
,G~`HW{,9,244141,,,false,4
,GKdax{,0,258596,,,false,3
,GKdax{,1,261389,,,false,3
,GKdax{,2,243721,,,false,3
,GKdax{,3,242185,,,false,3
,GKdax{,4,241836,,,false,3
,GKdax{,5,250914,,,false,3
,GKdax{,6,241906,,,false,3
,GKdax{,7,240788,,,false,3
,GKdax{,8,241836,,,false,3
,GKdax{,9,249517,,,false,3
,G`?N~w,0,258037,,,false,3
,G`?N~w,1,250984,,,false,3
,G`?N~w,2,247702,,,false,3
,G`?N~w,3,255663,,,false,3
,G`?N~w,4,240090,,,false,3
,G`?N~w,5,244420,,,false,3
,G`?N~w,6,245606,,,false,3
,G`?N~w,7,254266,,,false,3
,G`?N~w,8,247003,,,false,3
,G`?N~w,9,246724,,,false,3
,G`?Lz{,0,256222,,,false,3
,G`?Lz{,1,234014,,,false,3
,G`?Lz{,2,236459,,,false,3
,G`?Lz{,3,234573,,,false,3
,G`?Lz{,4,234084,,,false,3
,G`?Lz{,5,243372,,,false,3
,G`?Lz{,6,234154,,,false,3
,G`?Lz{,7,236249,,,false,3
,G`?Lz{,8,233735,,,false,3
,G`?Lz{,9,244699,,,false,3
,GICX|[,0,258107,,,false,4
,GICX|[,1,249099,,,false,4
,GICX|[,2,241486,,,false,4
,GICX|[,3,249937,,,false,4
,GICX|[,4,240788,,,false,4
,GICX|[,5,238344,,,false,4
,GICX|[,6,240439,,,false,4
,GICX|[,7,247632,,,false,4
,GICX|[,8,240788,,,false,4
,GICX|[,9,235201,,,false,4
,G?qix{,0,260411,,,false,3
,G?qix{,1,242534,,,false,3
,G?qix{,2,239391,,,false,3
,G?qix{,3,238205,,,false,3
,G?qix{,4,237646,,,false,3
,G?qix{,5,245537,,,false,3
,G?qix{,6,237157,,,false,3
,G?qix{,7,237436,,,false,3
,G?qix{,8,237925,,,false,3
,G?qix{,9,245747,,,false,3
,G??x}{,0,243232,,,false,3
,G??x}{,1,238135,,,false,3
,G??x}{,2,229405,,,false,3
,G??x}{,3,242744,,,false,3
,G??x}{,4,232408,,,false,3
,G??x}{,5,230872,,,false,3
,G??x}{,6,229475,,,false,3
,G??x}{,7,239113,,,false,3
,G??x}{,8,229405,,,false,3
,G??x}{,9,229964,,,false,3
,G`?MXw,0,218860,,,false,2
,G`?MXw,1,220397,,,false,2
,G`?MXw,2,210759,,,false,2
,G`?MXw,3,207268,,,false,2
,G`?MXw,4,207897,,,false,2
,G`?MXw,5,206569,,,false,2
,G`?MXw,6,216625,,,false,2
,G`?MXw,7,207198,,,false,2
,G`?MXw,8,207617,,,false,2
,G`?MXw,9,206220,,,false,2
,G@`@W{,0,228847,,,false,2
,G@`@W{,1,206360,,,false,2
,G@`@W{,2,208455,,,false,2
,G@`@W{,3,207338,,,false,2
,G@`@W{,4,207617,,,false,2
,G@`@W{,5,214601,,,false,2
,G@`@W{,6,205242,,,false,2
,G@`@W{,7,206011,,,false,2
,G@`@W{,8,205801,,,false,2
,G@`@W{,9,203566,,,false,2
,G??Dzw,0,232897,,,false,2
,G??Dzw,1,224307,,,false,2
,G??Dzw,2,217603,,,false,2
,G??Dzw,3,219069,,,false,2
,G??Dzw,4,225215,,,false,2
,G??Dzw,5,220117,,,false,2
,G??Dzw,6,219210,,,false,2
,G??Dzw,7,219070,,,false,2
,G??Dzw,8,224656,,,false,2
,G??Dzw,9,214112,,,false,2
,G??Cz[,0,215648,,,false,2
,G??Cz[,1,209084,,,false,2
,G??Cz[,2,206080,,,false,2
,G??Cz[,3,213483,,,false,2
,G??Cz[,4,203916,,,false,2
,G??Cz[,5,204125,,,false,2
,G??Cz[,6,206150,,,false,2
,G??Cz[,7,214182,,,false,2
,G??Cz[,8,203916,,,false,2
,G??Cz[,9,202519,,,false,2
,GEChX[,0,219978,,,false,3
,GEChX[,1,211248,,,false,3
,GEChX[,2,217534,,,false,3
,GEChX[,3,206290,,,false,3
,GEChX[,4,206151,,,false,3
,GEChX[,5,205173,,,false,3
,GEChX[,6,204195,,,false,3
,GEChX[,7,211178,,,false,3
,GEChX[,8,203846,,,false,3
,GEChX[,9,205801,,,false,3
,GIi^bw,0,272563,,,false,4
,GIi^bw,1,272353,,,false,4
,GIi^bw,2,261459,,,false,4
,GIi^bw,3,260342,,,false,4
,GIi^bw,4,258596,,,false,4
,GIi^bw,5,267744,,,false,4
,GIi^bw,6,258526,,,false,4
,GIi^bw,7,258596,,,false,4
,GIi^bw,8,264322,,,false,4
,GIi^bw,9,258038,,,false,4
,GSXTz{,0,281920,,,false,4
,GSXTz{,1,274239,,,false,4
,GSXTz{,2,277940,,,false,4
,GSXTz{,3,267185,,,false,4
,GSXTz{,4,266138,,,false,4
,GSXTz{,5,273331,,,false,4
,GSXTz{,6,264741,,,false,4
,GSXTz{,7,265160,,,false,4
,GSXTz{,8,267674,,,false,4
,GSXTz{,9,271725,,,false,4
,G@G\a[,0,229475,,,false,3
,G@G\a[,1,223260,,,false,3
,G@G\a[,2,219908,,,false,3
,G@G\a[,3,228567,,,false,3
,G@G\a[,4,216486,,,false,3
,G@G\a[,5,217254,,,false,3
,G@G\a[,6,217254,,,false,3
,G@G\a[,7,216905,,,false,3
,G@G\a[,8,226612,,,false,3
,G@G\a[,9,217114,,,false,3
,GtPHOk,0,234643,,,false,3
,GtPHOk,1,228916,,,false,3
,GtPHOk,2,237716,,,false,3
,GtPHOk,3,223888,,,false,3
,GtPHOk,4,222072,,,false,3
,GtPHOk,5,225285,,,false,3
,GtPHOk,6,231919,,,false,3
,GtPHOk,7,222282,,,false,3
,GtPHOk,8,222282,,,false,3
,GtPHOk,9,223329,,,false,3
,Gv?IXW,0,237087,,,false,3
,Gv?IXW,1,222771,,,false,3
,Gv?IXW,2,219628,,,false,3
,Gv?IXW,3,218581,,,false,3
,Gv?IXW,4,215997,,,false,3
,Gv?IXW,5,227101,,,false,3
,Gv?IXW,6,217952,,,false,3
,Gv?IXW,7,212156,,,false,3
,Gv?IXW,8,214252,,,false,3
,Gv?IXW,9,221584,,,false,3
,Gvzax{,0,285761,,,false,5
,Gvzax{,1,277731,,,false,5
,Gvzax{,2,277241,,,false,5
,Gvzax{,3,284295,,,false,5
,Gvzax{,4,275286,,,false,5
,Gvzax{,5,274239,,,false,5
,Gvzax{,6,283806,,,false,5
,Gvzax{,7,274169,,,false,5
,Gvzax{,8,274308,,,false,5
,Gvzax{,9,273959,,,false,5
,G?r@pg,0,231361,,,false,2
,G?r@pg,1,214740,,,false,2
,G?r@pg,2,213833,,,false,2
,G?r@pg,3,210759,,,false,2
,G?r@pg,4,218511,,,false,2
,G?r@pg,5,209712,,,false,2
,G?r@pg,6,208245,,,false,2
,G?r@pg,7,209852,,,false,2
,G?r@pg,8,209363,,,false,2
,G?r@pg,9,217673,,,false,2
,GSP@xw,0,250076,,,false,3
,GSP@xw,1,240998,,,false,3
,GSP@xw,2,238902,,,false,3
,GSP@xw,3,244419,,,false,3
,GSP@xw,4,236388,,,false,3
,GSP@xw,5,234783,,,false,3
,GSP@xw,6,233945,,,false,3
,GSP@xw,7,245049,,,false,3
,GSP@xw,8,234294,,,false,3
,GSP@xw,9,233735,,,false,3
,G?DPS{,0,218861,,,false,2
,G?DPS{,1,218861,,,false,2
,G?DPS{,2,207478,,,false,2
,G?DPS{,3,206849,,,false,2
,G?DPS{,4,206709,,,false,2
,G?DPS{,5,205522,,,false,2
,G?DPS{,6,217114,,,false,2
,G?DPS{,7,203148,,,false,2
,G?DPS{,8,200145,,,false,2
,G?DPS{,9,204753,,,false,2
,GAG]|{,0,277242,,,false,3
,GAG]|{,1,256152,,,false,3
,GAG]|{,2,253288,,,false,3
,GAG]|{,3,251892,,,false,3
,GAG]|{,4,259784,,,false,3
,GAG]|{,5,250844,,,false,3
,GAG]|{,6,250285,,,false,3
,GAG]|{,7,250845,,,false,3
,GAG]|{,8,252799,,,false,3
,GAG]|{,9,251403,,,false,3
,GBOk~W,0,263344,,,false,4
,GBOk~W,1,258456,,,false,4
,GBOk~W,2,262856,,,false,4
,GBOk~W,3,253289,,,false,4
,GBOk~W,4,253777,,,false,4
,GBOk~W,5,251333,,,false,4
,GBOk~W,6,259504,,,false,4
,GBOk~W,7,251403,,,false,4
,GBOk~W,8,250984,,,false,4
,GBOk~W,9,258037,,,false,4
,G`G\zw,0,257130,,,false,4
,G`G\zw,1,251403,,,false,4
,G`G\zw,2,246305,,,false,4
,G`G\zw,3,251473,,,false,4
,G`G\zw,4,246305,,,false,4
,G`G\zw,5,242743,,,false,4
,G`G\zw,6,244141,,,false,4
,G`G\zw,7,250914,,,false,4
,G`G\zw,8,244489,,,false,4
,G`G\zw,9,243792,,,false,4
,G_ltjs,0,276124,,,false,4
,G_ltjs,1,279476,,,false,4
,G_ltjs,2,263205,,,false,4
,G_ltjs,3,260412,,,false,4
,G_ltjs,4,261878,,,false,4
,G_ltjs,5,267744,,,false,4
,G_ltjs,6,257618,,,false,4
,G_ltjs,7,258596,,,false,4
,G_ltjs,8,268233,,,false,4
,G_ltjs,9,254755,,,false,4
,G@lv]w,0,284365,,,false,4
,G@lv]w,1,274518,,,false,4
,G@lv]w,2,285482,,,false,4
,G@lv]w,3,271446,,,false,4
,G@lv]w,4,270608,,,false,4
,G@lv]w,5,279546,,,false,4
,G@lv]w,6,270328,,,false,4
,G@lv]w,7,269630,,,false,4
,G@lv]w,8,269001,,,false,4
,G@lv]w,9,282270,,,false,4
,G@zTz{,0,289043,,,false,4
,G@zTz{,1,280105,,,false,4
,G@zTz{,2,286669,,,false,4
,G@zTz{,3,276473,,,false,4
,G@zTz{,4,274588,,,false,4
,G@zTz{,5,276403,,,false,4
,G@zTz{,6,288904,,,false,4
,G@zTz{,7,274867,,,false,4
,G@zTz{,8,276194,,,false,4
,G@zTz{,9,285203,,,false,4
,G_]~bk,0,287647,,,false,4
,G_]~bk,1,285692,,,false,4
,G_]~bk,2,275566,,,false,4
,G_]~bk,3,285761,,,false,4
,G_]~bk,4,277381,,,false,4
,G_]~bk,5,276544,,,false,4
,G_]~bk,6,282479,,,false,4
,G_]~bk,7,276334,,,false,4
,G_]~bk,8,275776,,,false,4
,G_]~bk,9,276544,,,false,4
,G@nRnS,0,293513,,,false,4
,G@nRnS,1,275147,,,false,4
,G@nRnS,2,272842,,,false,4
,G@nRnS,3,281082,,,false,4
,G@nRnS,4,270118,,,false,4
,G@nRnS,5,269420,,,false,4
,G@nRnS,6,268652,,,false,4
,G@nRnS,7,278010,,,false,4
,G@nRnS,8,268861,,,false,4
,G@nRnS,9,268093,,,false,4
,GIM}v[,0,306222,,,false,4
,GIM}v[,1,286251,,,false,4
,GIM}v[,2,283387,,,false,4
,GIM}v[,3,283387,,,false,4
,GIM}v[,4,289044,,,false,4
,GIM}v[,5,282270,,,false,4
,GIM}v[,6,280873,,,false,4
,GIM}v[,7,288345,,,false,4
,GIM}v[,8,275217,,,false,4
,GIM}v[,9,279336,,,false,4
,G`iZQk,0,258037,,,false,4
,G`iZQk,1,254266,,,false,4
,G`iZQk,2,244769,,,false,4
,G`iZQk,3,243512,,,false,4
,G`iZQk,4,241138,,,false,4
,G`iZQk,5,249517,,,false,4
,G`iZQk,6,240509,,,false,4
,G`iZQk,7,235760,,,false,4
,G`iZQk,8,242394,,,false,4
,G`iZQk,9,247492,,,false,4
,GSXP~w,0,278079,,,false,4
,GSXP~w,1,271166,,,false,4
,GSXP~w,2,276334,,,false,4
,GSXP~w,3,264322,,,false,4
,GSXP~w,4,265440,,,false,4
,GSXP~w,5,264252,,,false,4
,GSXP~w,6,278918,,,false,4
,GSXP~w,7,263135,,,false,4
,GSXP~w,8,263275,,,false,4
,GSXP~w,9,265370,,,false,4
,GQMZ^k,0,296167,,,false,4
,GQMZ^k,1,279127,,,false,4
,GQMZ^k,2,276264,,,false,4
,GQMZ^k,3,282409,,,false,4
,GQMZ^k,4,274797,,,false,4
,GQMZ^k,5,266557,,,false,4
,GQMZ^k,6,271515,,,false,4
,GQMZ^k,7,275147,,,false,4
,GQMZ^k,8,271306,,,false,4
,GQMZ^k,9,269699,,,false,4
,GsXTzw,0,289812,,,false,4
,GsXTzw,1,271864,,,false,4
,GsXTzw,2,268722,,,false,4
,GsXTzw,3,267046,,,false,4
,GsXTzw,4,277660,,,false,4
,GsXTzw,5,266767,,,false,4
,GsXTzw,6,266836,,,false,4
,GsXTzw,7,275287,,,false,4
,GsXTzw,8,265579,,,false,4
,GsXTzw,9,264672,,,false,4
,GINT^o,0,272073,,,false,4
,GINT^o,1,276125,,,false,4
,GINT^o,2,261459,,,false,4
,GINT^o,3,259084,,,false,4
,GINT^o,4,259434,,,false,4
,GINT^o,5,267185,,,false,4
,GINT^o,6,257129,,,false,4
,GINT^o,7,252311,,,false,4
,GINT^o,8,268023,,,false,4
,GINT^o,9,258107,,,false,4
,GBZT[{,0,276055,,,false,4
,GBZT[{,1,268582,,,false,4
,GBZT[{,2,279058,,,false,4
,GBZT[{,3,262855,,,false,4
,GBZT[{,4,264742,,,false,4
,GBZT[{,5,261948,,,false,4
,GBZT[{,6,271445,,,false,4
,GBZT[{,7,262367,,,false,4
,GBZT[{,8,260482,,,false,4
,GBZT[{,9,272842,,,false,4
,GINe|{,0,287158,,,false,4
,GINe|{,1,279895,,,false,4
,GINe|{,2,278010,,,false,4
,GINe|{,3,281431,,,false,4
,GINe|{,4,275146,,,false,4
,GINe|{,5,274867,,,false,4
,GINe|{,6,282479,,,false,4
,GINe|{,7,276613,,,false,4
,GINe|{,8,274937,,,false,4
,GINe|{,9,275077,,,false,4
,GsXPW{,0,268443,,,false,4
,GsXPW{,1,252311,,,false,4
,GsXPW{,2,246655,,,false,4
,GsXPW{,3,245327,,,false,4
,GsXPW{,4,252380,,,false,4
,GsXPW{,5,242325,,,false,4
,GsXPW{,6,242534,,,false,4
,GsXPW{,7,243582,,,false,4
,GsXPW{,8,252241,,,false,4
,GsXPW{,9,241975,,,false,4
,GqYPW{,0,249099,,,false,4
,GqYPW{,1,245397,,,false,4
,GqYPW{,2,253358,,,false,4
,GqYPW{,3,241766,,,false,4
,GqYPW{,4,240300,,,false,4
,GqYPW{,5,242394,,,false,4
,GqYPW{,6,252381,,,false,4
,GqYPW{,7,241905,,,false,4
,GqYPW{,8,236180,,,false,4
,GqYPW{,9,241766,,,false,4
,Gr_YX[,0,248958,,,false,4
,Gr_YX[,1,243093,,,false,4
,Gr_YX[,2,241417,,,false,4
,Gr_YX[,3,247003,,,false,4
,Gr_YX[,4,239392,,,false,4
,Gr_YX[,5,237436,,,false,4
,Gr_YX[,6,237297,,,false,4
,Gr_YX[,7,237296,,,false,4
,Gr_YX[,8,246236,,,false,4
,Gr_YX[,9,238065,,,false,4
,GKoXzg,0,265929,,,false,4
,GKoXzg,1,263135,,,false,4
,GKoXzg,2,252381,,,false,4
,GKoXzg,3,251472,,,false,4
,GKoXzg,4,250076,,,false,4
,GKoXzg,5,258107,,,false,4
,GKoXzg,6,248539,,,false,4
,GKoXzg,7,248470,,,false,4
,GKoXzg,8,248051,,,false,4
,GKoXzg,9,257618,,,false,4
,GDxRK{,0,276264,,,false,4
,GDxRK{,1,265998,,,false,4
,GDxRK{,2,263066,,,false,4
,GDxRK{,3,270258,,,false,4
,GDxRK{,4,259993,,,false,4
,GDxRK{,5,259015,,,false,4
,GDxRK{,6,267186,,,false,4
,GDxRK{,7,259504,,,false,4
,GDxRK{,8,259434,,,false,4
,GDxRK{,9,257548,,,false,4
,GSXZ`{,0,280942,,,false,4
,GSXZ`{,1,259574,,,false,4
,GSXZ`{,2,257060,,,false,4
,GSXZ`{,3,253847,,,false,4
,GSXZ`{,4,260551,,,false,4
,GSXZ`{,5,255663,,,false,4
,GSXZ`{,6,252311,,,false,4
,GSXZ`{,7,252799,,,false,4
,GSXZ`{,8,262227,,,false,4
,GSXZ`{,9,253777,,,false,4
,G]Og|{,0,272493,,,false,4
,G]Og|{,1,276543,,,false,4
,G]Og|{,2,263415,,,false,4
,G]Og|{,3,261459,,,false,4
,G]Og|{,4,259993,,,false,4
,G]Og|{,5,273750,,,false,4
,G]Og|{,6,259503,,,false,4
,G]Og|{,7,261040,,,false,4
,G]Og|{,8,259015,,,false,4
,G]Og|{,9,266138,,,false,4
,G@luvG,0,270538,,,false,4
,G@luvG,1,260970,,,false,4
,G@luvG,2,268234,,,false,4
,G@luvG,3,255243,,,false,4
,G@luvG,4,255174,,,false,4
,G@luvG,5,249029,,,false,4
,G@luvG,6,262856,,,false,4
,G@luvG,7,254266,,,false,4
,G@luvG,8,255663,,,false,4
,G@luvG,9,255244,,,false,4
,GSXX~c,0,282828,,,false,4
,GSXX~c,1,267954,,,false,4
,GSXX~c,2,264741,,,false,4
,GSXX~c,3,263833,,,false,4
,GSXX~c,4,262297,,,false,4
,GSXX~c,5,262926,,,false,4
,GSXX~c,6,263624,,,false,4
,GSXX~c,7,268163,,,false,4
,GSXX~c,8,261320,,,false,4
,GSXX~c,9,261948,,,false,4
,GSLi~k,0,283597,,,false,4
,GSLi~k,1,284295,,,false,4
,GSLi~k,2,273470,,,false,4
,GSLi~k,3,273261,,,false,4
,GSLi~k,4,281851,,,false,4
,GSLi~k,5,273192,,,false,4
,GSLi~k,6,273400,,,false,4
,GSLi~k,7,271934,,,false,4
,GSLi~k,8,281432,,,false,4
,GSLi~k,9,273680,,,false,4
,GdZDzw,0,283038,,,false,4
,GdZDzw,1,283736,,,false,4
,GdZDzw,2,270956,,,false,4
,GdZDzw,3,272632,,,false,4
,GdZDzw,4,272842,,,false,4
,GdZDzw,5,286739,,,false,4
,GdZDzw,6,271096,,,false,4
,GdZDzw,7,272284,,,false,4
,GdZDzw,8,278848,,,false,4
,GdZDzw,9,269560,,,false,4
,Guhax{,0,281013,,,false,4
,Guhax{,1,268512,,,false,4
,Guhax{,2,281920,,,false,4
,Guhax{,3,269630,,,false,4
,Guhax{,4,268513,,,false,4
,Guhax{,5,267884,,,false,4
,Guhax{,6,267744,,,false,4
,Guhax{,7,267395,,,false,4
,Guhax{,8,268023,,,false,4
,Guhax{,9,277381,,,false,4
,GgN\rk,0,288135,,,false,4
,GgN\rk,1,279965,,,false,4
,GgN\rk,2,275147,,,false,4
,GgN\rk,3,282898,,,false,4
,GgN\rk,4,273330,,,false,4
,GgN\rk,5,272004,,,false,4
,GgN\rk,6,279965,,,false,4
,GgN\rk,7,272283,,,false,4
,GgN\rk,8,271934,,,false,4
,GgN\rk,9,272004,,,false,4
,G}hHg{,0,279546,,,false,4
,G}hHg{,1,257129,,,false,4
,G}hHg{,2,256641,,,false,4
,G}hHg{,3,258526,,,false,4
,G}hHg{,4,256920,,,false,4
,G}hHg{,5,255243,,,false,4
,G}hHg{,6,255732,,,false,4
,G}hHg{,7,263345,,,false,4
,G}hHg{,8,250285,,,false,4
,G}hHg{,9,254755,,,false,4
,GrddY{,0,277311,,,false,4
,GrddY{,1,275636,,,false,4
,GrddY{,2,262855,,,false,4
,GrddY{,3,264812,,,false,4
,GrddY{,4,274867,,,false,4
,GrddY{,5,264671,,,false,4
,GrddY{,6,264322,,,false,4
,GrddY{,7,263275,,,false,4
,GrddY{,8,271585,,,false,4
,GrddY{,9,264252,,,false,4
,GqMZj[,0,284783,,,false,5
,GqMZj[,1,274378,,,false,5
,GqMZj[,2,282339,,,false,5
,GqMZj[,3,270817,,,false,5
,GqMZj[,4,270048,,,false,5
,GqMZj[,5,276264,,,false,5
,GqMZj[,6,266487,,,false,5
,GqMZj[,7,266348,,,false,5
,GqMZj[,8,262716,,,false,5
,GqMZj[,9,274239,,,false,5
,GRqZ^k,0,287228,,,false,5
,GRqZ^k,1,280384,,,false,5
,GRqZ^k,2,285202,,,false,5
,GRqZ^k,3,276055,,,false,5
,GRqZ^k,4,276054,,,false,5
,GRqZ^k,5,274379,,,false,5
,GRqZ^k,6,284295,,,false,5
,GRqZ^k,7,276264,,,false,5
,GRqZ^k,8,275287,,,false,5
,GRqZ^k,9,283806,,,false,5
,Gqlsz[,0,288346,,,false,5
,Gqlsz[,1,279266,,,false,5
,Gqlsz[,2,279058,,,false,5
,Gqlsz[,3,285761,,,false,5
,Gqlsz[,4,275705,,,false,5
,Gqlsz[,5,273680,,,false,5
,Gqlsz[,6,282898,,,false,5
,Gqlsz[,7,275356,,,false,5
,Gqlsz[,8,273680,,,false,5
,Gqlsz[,9,272842,,,false,5
,Gsxqx{,0,291418,,,false,4
,Gsxqx{,1,276613,,,false,4
,Gsxqx{,2,273680,,,false,4
,Gsxqx{,3,280454,,,false,4
,Gsxqx{,4,273750,,,false,4
,Gsxqx{,5,272982,,,false,4
,Gsxqx{,6,271864,,,false,4
,Gsxqx{,7,282340,,,false,4
,Gsxqx{,8,271794,,,false,4
,Gsxqx{,9,266767,,,false,4
,GMnax{,0,293303,,,false,5
,GMnax{,1,273819,,,false,5
,GMnax{,2,277032,,,false,5
,GMnax{,3,275217,,,false,5
,GMnax{,4,283596,,,false,5
,GMnax{,5,272842,,,false,5
,GMnax{,6,274029,,,false,5
,GMnax{,7,281921,,,false,5
,GMnax{,8,274238,,,false,5
,GMnax{,9,275077,,,false,5
,GP^uu{,0,298262,,,false,5
,GP^uu{,1,294630,,,false,5
,GP^uu{,2,283387,,,false,5
,GP^uu{,3,285272,,,false,5
,GP^uu{,4,299100,,,false,5
,GP^uu{,5,285272,,,false,5
,GP^uu{,6,282340,,,false,5
,GP^uu{,7,290510,,,false,5
,GP^uu{,8,283597,,,false,5
,GP^uu{,9,283807,,,false,5
,GD^vU{,0,290929,,,false,4
,GD^vU{,1,297004,,,false,4
,GD^vU{,2,283806,,,false,4
,GD^vU{,3,281641,,,false,4
,GD^vU{,4,292954,,,false,4
,GD^vU{,5,277172,,,false,4
,GD^vU{,6,278010,,,false,4
,GD^vU{,7,278918,,,false,4
,GD^vU{,8,287158,,,false,4
,GD^vU{,9,278009,,,false,4
,GEl~~w,0,302522,,,false,4
,GEl~~w,1,302941,,,false,4
,GEl~~w,2,289113,,,false,4
,GEl~~w,3,288625,,,false,4
,GEl~~w,4,296167,,,false,4
,GEl~~w,5,286250,,,false,4
,GEl~~w,6,288346,,,false,4
,GEl~~w,7,288135,,,false,4
,GEl~~w,8,297982,,,false,4
,GEl~~w,9,286670,,,false,4
,GrotY{,0,277242,,,false,4
,GrotY{,1,277102,,,false,4
,GrotY{,2,261459,,,false,4
,GrotY{,3,262576,,,false,4
,GrotY{,4,261948,,,false,4
,GrotY{,5,269420,,,false,4
,GrotY{,6,261878,,,false,4
,GrotY{,7,260830,,,false,4
,GrotY{,8,261389,,,false,4
,GrotY{,9,269630,,,false,4
,G`zTzw,0,287158,,,false,4
,G`zTzw,1,279267,,,false,4
,G`zTzw,2,288555,,,false,4
,G`zTzw,3,276054,,,false,4
,G`zTzw,4,272633,,,false,4
,G`zTzw,5,274518,,,false,4
,G`zTzw,6,282340,,,false,4
,G`zTzw,7,270467,,,false,4
,G`zTzw,8,273750,,,false,4
,G`zTzw,9,282410,,,false,4
,GQ}rm[,0,288555,,,false,4
,GQ}rm[,1,281082,,,false,4
,GQ}rm[,2,277172,,,false,4
,GQ}rm[,3,285273,,,false,4
,GQ}rm[,4,275775,,,false,4
,GQ}rm[,5,274868,,,false,4
,GQ}rm[,6,289532,,,false,4
,GQ}rm[,7,275565,,,false,4
,GQ}rm[,8,277382,,,false,4
,GQ}rm[,9,273959,,,false,4
,GqluX{,0,288136,,,false,5
,GqluX{,1,278219,,,false,5
,GqluX{,2,277661,,,false,5
,GqluX{,3,288555,,,false,5
,GqluX{,4,276264,,,false,5
,GqluX{,5,274867,,,false,5
,GqluX{,6,282829,,,false,5
,GqluX{,7,276403,,,false,5
,GqluX{,8,275985,,,false,5
,GqluX{,9,273750,,,false,5
,Grqix{,0,287158,,,false,5
,Grqix{,1,272772,,,false,5
,Grqix{,2,268582,,,false,5
,Grqix{,3,267046,,,false,5
,Grqix{,4,265649,,,false,5
,Grqix{,5,265859,,,false,5
,Grqix{,6,266557,,,false,5
,Grqix{,7,274378,,,false,5
,Grqix{,8,264462,,,false,5
,Grqix{,9,267674,,,false,5
,GRl~Ms,0,291837,,,false,5
,GRl~Ms,1,290440,,,false,5
,GRl~Ms,2,275426,,,false,5
,GRl~Ms,3,277521,,,false,5
,GRl~Ms,4,287577,,,false,5
,GRl~Ms,5,278638,,,false,5
,GRl~Ms,6,278499,,,false,5
,GRl~Ms,7,278569,,,false,5
,GRl~Ms,8,287158,,,false,5
,GRl~Ms,9,278708,,,false,5
,G]`@W{,0,252380,,,false,3
,G]`@W{,1,245677,,,false,3
,G]`@W{,2,241486,,,false,3
,G]`@W{,3,239392,,,false,3
,G]`@W{,4,239880,,,false,3
,G]`@W{,5,247632,,,false,3
,G]`@W{,6,235132,,,false,3
,G]`@W{,7,233804,,,false,3
,G]`@W{,8,240579,,,false,3
,G]`@W{,9,244699,,,false,3
,G?urf[,0,272982,,,false,3
,G?urf[,1,266836,,,false,3
,G?urf[,2,259574,,,false,3
,G?urf[,3,275565,,,false,3
,G?urf[,4,261809,,,false,3
,G?urf[,5,261808,,,false,3
,G?urf[,6,261878,,,false,3
,G?urf[,7,262856,,,false,3
,G?urf[,8,260412,,,false,3
,G?urf[,9,261459,,,false,3
,G?\utk,0,282829,,,false,4
,G?\utk,1,264812,,,false,4
,G?\utk,2,260900,,,false,4
,G?\utk,3,261319,,,false,4
,G?\utk,4,265649,,,false,4
,G?\utk,5,258107,,,false,4
,G?\utk,6,257548,,,false,4
,G?\utk,7,258107,,,false,4
,G?\utk,8,264671,,,false,4
,G?\utk,9,255663,,,false,4
,G@dTJS,0,253707,,,false,3
,G@dTJS,1,244559,,,false,3
,G@dTJS,2,240020,,,false,3
,G@dTJS,3,239391,,,false,3
,G@dTJS,4,237994,,,false,3
,G@dTJS,5,236109,,,false,3
,G@dTJS,6,244699,,,false,3
,G@dTJS,7,235760,,,false,3
,G@dTJS,8,237925,,,false,3
,G@dTJS,9,234922,,,false,3
,G@MQ^?,0,246794,,,false,3
,G@MQ^?,1,229615,,,false,3
,G@MQ^?,2,223190,,,false,3
,G@MQ^?,3,224796,,,false,3
,G@MQ^?,4,235271,,,false,3
,G@MQ^?,5,223748,,,false,3
,G@MQ^?,6,224727,,,false,3
,G@MQ^?,7,222352,,,false,3
,G@MQ^?,8,237087,,,false,3
,G@MQ^?,9,218930,,,false,3
,GGFLbo,0,245607,,,false,3
,GGFLbo,1,238693,,,false,3
,GGFLbo,2,242953,,,false,3
,GGFLbo,3,232129,,,false,3
,GGFLbo,4,230453,,,false,3
,GGFLbo,5,228986,,,false,3
,GGFLbo,6,238414,,,false,3
,GGFLbo,7,230522,,,false,3
,GGFLbo,8,228498,,,false,3
,GGFLbo,9,228009,,,false,3
,GoDPZo,0,255663,,,false,3
,GoDPZo,1,237436,,,false,3
,GoDPZo,2,234363,,,false,3
,GoDPZo,3,233106,,,false,3
,GoDPZo,4,230732,,,false,3
,GoDPZo,5,238623,,,false,3
,GoDPZo,6,232268,,,false,3
,GoDPZo,7,231360,,,false,3
,GoDPZo,8,231431,,,false,3
,GoDPZo,9,240439,,,false,3
,GoDP^o,0,245607,,,false,3
,GoDP^o,1,240579,,,false,3
,GoDP^o,2,236458,,,false,3
,GoDP^o,3,240439,,,false,3
,GoDP^o,4,236040,,,false,3
,GoDP^o,5,235341,,,false,3
,GoDP^o,6,234922,,,false,3
,GoDP^o,7,243582,,,false,3
,GoDP^o,8,230522,,,false,3
,GoDP^o,9,234642,,,false,3
,GqGR[w,0,253288,,,false,3
,GqGR[w,1,256222,,,false,3
,GqGR[w,2,242813,,,false,3
,GqGR[w,3,241207,,,false,3
,GqGR[w,4,240439,,,false,3
,GqGR[w,5,247492,,,false,3
,GqGR[w,6,240509,,,false,3
,GqGR[w,7,238484,,,false,3
,GqGR[w,8,239810,,,false,3
,GqGR[w,9,248540,,,false,3
,Gr`?x[,0,248540,,,false,4
,Gr`?x[,1,243721,,,false,4
,Gr`?x[,2,239880,,,false,4
,Gr`?x[,3,248121,,,false,4
,Gr`?x[,4,238484,,,false,4
,Gr`?x[,5,239252,,,false,4
,Gr`?x[,6,236878,,,false,4
,Gr`?x[,7,237576,,,false,4
,Gr`?x[,8,236109,,,false,4
,Gr`?x[,9,236040,,,false,4
,GqMAXk,0,248191,,,false,4
,GqMAXk,1,249587,,,false,4
,GqMAXk,2,242255,,,false,4
,GqMAXk,3,239461,,,false,4
,GqMAXk,4,238204,,,false,4
,GqMAXk,5,242674,,,false,4
,GqMAXk,6,236668,,,false,4
,GqMAXk,7,237017,,,false,4
,GqMAXk,8,237227,,,false,4
,GqMAXk,9,248191,,,false,4
,G@h^vg,0,280035,,,false,4
,G@h^vg,1,275565,,,false,4
,G@h^vg,2,279756,,,false,4
,G@h^vg,3,267744,,,false,4
,G@h^vg,4,268023,,,false,4
,G@h^vg,5,268093,,,false,4
,G@h^vg,6,275356,,,false,4
,G@h^vg,7,266557,,,false,4
,G@h^vg,8,267744,,,false,4
,G@h^vg,9,268024,,,false,4
,G@X^dw,0,273471,,,false,4
,G@X^dw,1,259853,,,false,4
,G@X^dw,2,257129,,,false,4
,G@X^dw,3,265230,,,false,4
,G@X^dw,4,255244,,,false,4
,G@X^dw,5,254266,,,false,4
,G@X^dw,6,254266,,,false,4
,G@X^dw,7,261389,,,false,4
,G@X^dw,8,254685,,,false,4
,G@X^dw,9,254755,,,false,4
,GCS~~w,0,287367,,,false,4
,GCS~~w,1,286041,,,false,4
,GCS~~w,2,274588,,,false,4
,GCS~~w,3,274728,,,false,4
,GCS~~w,4,282340,,,false,4
,GCS~~w,5,272423,,,false,4
,GCS~~w,6,272912,,,false,4
,GCS~~w,7,271305,,,false,4
,GCS~~w,8,288135,,,false,4
,GCS~~w,9,267535,,,false,4
,GANvS{,0,282060,,,false,4
,GANvS{,1,283457,,,false,4
,GANvS{,2,269840,,,false,4
,GANvS{,3,268373,,,false,4
,GANvS{,4,267046,,,false,4
,GANvS{,5,278778,,,false,4
,GANvS{,6,265719,,,false,4
,GANvS{,7,265160,,,false,4
,GANvS{,8,265719,,,false,4
,GANvS{,9,276054,,,false,4
,GqMAh[,0,247632,,,false,3
,GqMAh[,1,238135,,,false,3
,GqMAh[,2,243162,,,false,3
,GqMAh[,3,232617,,,false,3
,GqMAh[,4,230942,,,false,3
,GqMAh[,5,233037,,,false,3
,GqMAh[,6,231710,,,false,3
,GqMAh[,7,244838,,,false,3
,GqMAh[,8,226612,,,false,3
,GqMAh[,9,232338,,,false,3
,G_}ahk,0,258596,,,false,3
,G_}ahk,1,259434,,,false,3
,G_}ahk,2,247632,,,false,3
,G_}ahk,3,245048,,,false,3
,G_}ahk,4,245537,,,false,3
,G_}ahk,5,240299,,,false,3
,G_}ahk,6,242395,,,false,3
,G_}ahk,7,243721,,,false,3
,G_}ahk,8,243233,,,false,3
,G_}ahk,9,252800,,,false,3
,G@h^e[,0,270538,,,false,3
,G@h^e[,1,260412,,,false,3
,G@h^e[,2,267255,,,false,3
,G@h^e[,3,259015,,,false,3
,G@h^e[,4,256152,,,false,3
,G@h^e[,5,256641,,,false,3
,G@h^e[,6,268652,,,false,3
,G@h^e[,7,255174,,,false,3
,G@h^e[,8,255662,,,false,3
,G@h^e[,9,254336,,,false,3
,GBYk}{,0,295817,,,false,4
,GBYk}{,1,276544,,,false,4
,GBYk}{,2,273400,,,false,4
,GBYk}{,3,279616,,,false,4
,GBYk}{,4,270119,,,false,4
,GBYk}{,5,269351,,,false,4
,GBYk}{,6,269629,,,false,4
,GBYk}{,7,275566,,,false,4
,GBYk}{,8,264671,,,false,4
,GBYk}{,9,269909,,,false,4
,GPpX~k,0,297284,,,false,4
,GPpX~k,1,278498,,,false,4
,GPpX~k,2,277032,,,false,4
,GPpX~k,3,274309,,,false,4
,GPpX~k,4,282898,,,false,4
,GPpX~k,5,272982,,,false,4
,GPpX~k,6,272284,,,false,4
,GPpX~k,7,279965,,,false,4
,GPpX~k,8,272702,,,false,4
,GPpX~k,9,267674,,,false,4
,GWS}|{,0,290789,,,false,4
,GWS}|{,1,290091,,,false,4
,GWS}|{,2,278498,,,false,4
,GWS}|{,3,274658,,,false,4
,GWS}|{,4,284225,,,false,4
,GWS}|{,5,278010,,,false,4
,GWS}|{,6,275286,,,false,4
,GWS}|{,7,274379,,,false,4
,GWS}|{,8,283876,,,false,4
,GWS}|{,9,277242,,,false,4
,G@zZrk,0,274588,,,false,4
,G@zZrk,1,278080,,,false,4
,G@zZrk,2,266557,,,false,4
,G@zZrk,3,264112,,,false,4
,G@zZrk,4,265091,,,false,4
,G@zZrk,5,271794,,,false,4
,G@zZrk,6,261390,,,false,4
,G@zZrk,7,260272,,,false,4
,G@zZrk,8,259923,,,false,4
,G@zZrk,9,270328,,,false,4
,G@lu~w,0,289533,,,false,4
,G@lu~w,1,285203,,,false,4
,G@lu~w,2,288625,,,false,4
,G@lu~w,3,283806,,,false,4
,G@lu~w,4,281991,,,false,4
,G@lu~w,5,280523,,,false,4
,G@lu~w,6,281083,,,false,4
,G@lu~w,7,280663,,,false,4
,G@lu~w,8,281082,,,false,4
,G@lu~w,9,290440,,,false,4
,GEhXrK,0,272842,,,false,3
,GEhXrK,1,261389,,,false,3
,GEhXrK,2,258037,,,false,3
,GEhXrK,3,264741,,,false,3
,GEhXrK,4,253778,,,false,3
,GEhXrK,5,253847,,,false,3
,GEhXrK,6,261459,,,false,3
,GEhXrK,7,251891,,,false,3
,GEhXrK,8,250006,,,false,3
,GEhXrK,9,251892,,,false,3
,GEhax{,0,283318,,,false,4
,GEhax{,1,258596,,,false,4
,GEhax{,2,258037,,,false,4
,GEhax{,3,256641,,,false,4
,GEhax{,4,261319,,,false,4
,GEhax{,5,257130,,,false,4
,GEhax{,6,256151,,,false,4
,GEhax{,7,253359,,,false,4
,GEhax{,8,263904,,,false,4
,GEhax{,9,253358,,,false,4
,GqGZ[{,0,269909,,,false,4
,GqGZ[{,1,267256,,,false,4
,GqGZ[{,2,251403,,,false,4
,GqGZ[{,3,256151,,,false,4
,GqGZ[{,4,254266,,,false,4
,GqGZ[{,5,260412,,,false,4
,GqGZ[{,6,249517,,,false,4
,GqGZ[{,7,253778,,,false,4
,GqGZ[{,8,253778,,,false,4
,GqGZ[{,9,266766,,,false,4
,GpDHzw,0,268023,,,false,4
,GpDHzw,1,258037,,,false,4
,GpDHzw,2,253289,,,false,4
,GpDHzw,3,260062,,,false,4
,GpDHzw,4,251892,,,false,4
,GpDHzw,5,248609,,,false,4
,GpDHzw,6,259015,,,false,4
,GpDHzw,7,250495,,,false,4
,GpDHzw,8,250914,,,false,4
,GpDHzw,9,249098,,,false,4
,GgMP}w,0,272703,,,false,4
,GgMP}w,1,257618,,,false,4
,GgMP}w,2,255174,,,false,4
,GgMP}w,3,254685,,,false,4
,GgMP}w,4,262367,,,false,4
,GgMP}w,5,251962,,,false,4
,GgMP}w,6,250425,,,false,4
,GgMP}w,7,247631,,,false,4
,GgMP}w,8,258107,,,false,4
,GgMP}w,9,252032,,,false,4
,G`hP~w,0,272842,,,false,4
,G`hP~w,1,264741,,,false,4
,G`hP~w,2,262786,,,false,4
,G`hP~w,3,262786,,,false,4
,G`hP~w,4,260830,,,false,4
,G`hP~w,5,270049,,,false,4
,G`hP~w,6,260481,,,false,4
,G`hP~w,7,259015,,,false,4
,G`hP~w,8,260411,,,false,4
,G`hP~w,9,272773,,,false,4
,GRQH}w,0,267604,,,false,4
,GRQH}w,1,262227,,,false,4
,GRQH}w,2,255244,,,false,4
,GRQH}w,3,266488,,,false,4
,GRQH}w,4,256431,,,false,4
,GRQH}w,5,251613,,,false,4
,GRQH}w,6,266138,,,false,4
,GRQH}w,7,255244,,,false,4
,GRQH}w,8,255244,,,false,4
,GRQH}w,9,254895,,,false,4
,GDZDzw,0,289323,,,false,4
,GDZDzw,1,269140,,,false,4
,GDZDzw,2,266487,,,false,4
,GDZDzw,3,265858,,,false,4
,GDZDzw,4,273750,,,false,4
,GDZDzw,5,264252,,,false,4
,GDZDzw,6,264392,,,false,4
,GDZDzw,7,272005,,,false,4
,GDZDzw,8,264253,,,false,4
,GDZDzw,9,263344,,,false,4
,G`ddzw,0,274168,,,false,4
,G`ddzw,1,286181,,,false,4
,G`ddzw,2,262925,,,false,4
,G`ddzw,3,261320,,,false,4
,G`ddzw,4,260970,,,false,4
,G`ddzw,5,268932,,,false,4
,G`ddzw,6,260062,,,false,4
,G`ddzw,7,258596,,,false,4
,G`ddzw,8,262298,,,false,4
,G`ddzw,9,260481,,,false,4
,GoSr~w,0,281012,,,false,4
,GoSr~w,1,272772,,,false,4
,GoSr~w,2,278498,,,false,4
,GoSr~w,3,269001,,,false,4
,GoSr~w,4,269979,,,false,4
,GoSr~w,5,276543,,,false,4
,GoSr~w,6,267255,,,false,4
,GoSr~w,7,265161,,,false,4
,GoSr~w,8,268582,,,false,4
,GoSr~w,9,275775,,,false,4
,GDZDz{,0,282828,,,false,4
,GDZDz{,1,273820,,,false,4
,GDZDz{,2,272004,,,false,4
,GDZDz{,3,276613,,,false,4
,GDZDz{,4,269490,,,false,4
,GDZDz{,5,269211,,,false,4
,GDZDz{,6,277171,,,false,4
,GDZDz{,7,269351,,,false,4
,GDZDz{,8,266766,,,false,4
,GDZDz{,9,261739,,,false,4
,G`ddz{,0,285273,,,false,4
,G`ddz{,1,270398,,,false,4
,G`ddz{,2,267185,,,false,4
,G`ddz{,3,277242,,,false,4
,G`ddz{,4,265091,,,false,4
,G`ddz{,5,264393,,,false,4
,G`ddz{,6,264252,,,false,4
,G`ddz{,7,276263,,,false,4
,G`ddz{,8,263764,,,false,4
,G`ddz{,9,265789,,,false,4
,GDZcy{,0,292815,,,false,4
,GDZcy{,1,272982,,,false,4
,GDZcy{,2,270398,,,false,4
,GDZcy{,3,267744,,,false,4
,GDZcy{,4,281571,,,false,4
,GDZcy{,5,266976,,,false,4
,GDZcy{,6,266417,,,false,4
,GDZcy{,7,265998,,,false,4
,GDZcy{,8,274658,,,false,4
,GDZcy{,9,267046,,,false,4
,GqopW{,0,253359,,,false,4
,GqopW{,1,254266,,,false,4
,GqopW{,2,244280,,,false,4
,GqopW{,3,241347,,,false,4
,GqopW{,4,241835,,,false,4
,GqopW{,5,249448,,,false,4
,GqopW{,6,238833,,,false,4
,GqopW{,7,239042,,,false,4
,GqopW{,8,239042,,,false,4
,GqopW{,9,248959,,,false,4
,GoTXpk,0,252800,,,false,4
,GoTXpk,1,242394,,,false,4
,GoTXpk,2,240439,,,false,4
,GoTXpk,3,247423,,,false,4
,GoTXpk,4,237017,,,false,4
,GoTXpk,5,238134,,,false,4
,GoTXpk,6,237506,,,false,4
,GoTXpk,7,240998,,,false,4
,GoTXpk,8,237017,,,false,4
,GoTXpk,9,236179,,,false,4
,GEhrS{,0,274169,,,false,4
,GEhrS{,1,272283,,,false,4
,GEhrS{,2,260412,,,false,4
,GEhrS{,3,253218,,,false,4
,GEhrS{,4,258526,,,false,4
,GEhrS{,5,271375,,,false,4
,GEhrS{,6,257130,,,false,4
,GEhrS{,7,256641,,,false,4
,GEhrS{,8,256641,,,false,4
,GEhrS{,9,264672,,,false,4
,GMhP[{,0,262437,,,false,4
,GMhP[{,1,254686,,,false,4
,GMhP[{,2,257618,,,false,4
,GMhP[{,3,249517,,,false,4
,GMhP[{,4,249517,,,false,4
,GMhP[{,5,249518,,,false,4
,GMhP[{,6,254266,,,false,4
,GMhP[{,7,248959,,,false,4
,GMhP[{,8,248051,,,false,4
,GMhP[{,9,248470,,,false,4
,GqSpZ{,0,275636,,,false,4
,GqSpZ{,1,258526,,,false,4
,GqSpZ{,2,255174,,,false,4
,GqSpZ{,3,253218,,,false,4
,GqSpZ{,4,269840,,,false,4
,GqSpZ{,5,252380,,,false,4
,GqSpZ{,6,250984,,,false,4
,GqSpZ{,7,252870,,,false,4
,GqSpZ{,8,261948,,,false,4
,GqSpZ{,9,252730,,,false,4
,G`h\rg,0,262856,,,false,4
,G`h\rg,1,264252,,,false,4
,G`h\rg,2,250915,,,false,4
,G`h\rg,3,250914,,,false,4
,G`h\rg,4,245677,,,false,4
,G`h\rg,5,256151,,,false,4
,G`h\rg,6,244350,,,false,4
,G`h\rg,7,249657,,,false,4
,G`h\rg,8,250495,,,false,4
,G`h\rg,9,256640,,,false,4
,GK^@|k,0,281013,,,false,4
,GK^@|k,1,274728,,,false,4
,GK^@|k,2,270398,,,false,4
,GK^@|k,3,273889,,,false,4
,GK^@|k,4,264462,,,false,4
,GK^@|k,5,264322,,,false,4
,GK^@|k,6,271865,,,false,4
,GK^@|k,7,262925,,,false,4
,GK^@|k,8,262856,,,false,4
,GK^@|k,9,266347,,,false,4
,G`Urt[,0,292885,,,false,4
,G`Urt[,1,271864,,,false,4
,G`Urt[,2,267884,,,false,4
,G`Urt[,3,268163,,,false,4
,G`Urt[,4,267116,,,false,4
,G`Urt[,5,264881,,,false,4
,G`Urt[,6,265789,,,false,4
,G`Urt[,7,270886,,,false,4
,G`Urt[,8,265230,,,false,4
,G`Urt[,9,263903,,,false,4
,GqHX~o,0,278498,,,false,4
,GqHX~o,1,275636,,,false,4
,GqHX~o,2,263973,,,false,4
,GqHX~o,3,263275,,,false,4
,GqHX~o,4,269629,,,false,4
,GqHX~o,5,263205,,,false,4
,GqHX~o,6,260412,,,false,4
,GqHX~o,7,260481,,,false,4
,GqHX~o,8,265161,,,false,4
,GqHX~o,9,259923,,,false,4
,GD^Dj[,0,274867,,,false,4
,GD^Dj[,1,264742,,,false,4
,GD^Dj[,2,269141,,,false,4
,GD^Dj[,3,261459,,,false,4
,GD^Dj[,4,259504,,,false,4
,GD^Dj[,5,267744,,,false,4
,GD^Dj[,6,253848,,,false,4
,GD^Dj[,7,258177,,,false,4
,GD^Dj[,8,259085,,,false,4
,GD^Dj[,9,266766,,,false,4
,GDZUX{,0,274937,,,false,4
,GDZUX{,1,269769,,,false,4
,GDZUX{,2,267186,,,false,4
,GDZUX{,3,274727,,,false,4
,GDZUX{,4,264601,,,false,4
,GDZUX{,5,264322,,,false,4
,GDZUX{,6,272284,,,false,4
,GDZUX{,7,263414,,,false,4
,GDZUX{,8,259993,,,false,4
,GDZUX{,9,264253,,,false,4
,G`X\tk,0,289044,,,false,4
,G`X\tk,1,266627,,,false,4
,G`X\tk,2,264253,,,false,4
,G`X\tk,3,260481,,,false,4
,G`X\tk,4,270817,,,false,4
,G`X\tk,5,259574,,,false,4
,G`X\tk,6,258596,,,false,4
,G`X\tk,7,266627,,,false,4
,G`X\tk,8,261250,,,false,4
,G`X\tk,9,260900,,,false,4
,GBhmk{,0,284365,,,false,4
,GBhmk{,1,286669,,,false,4
,GBhmk{,2,269490,,,false,4
,GBhmk{,3,267675,,,false,4
,GBhmk{,4,274239,,,false,4
,GBhmk{,5,268792,,,false,4
,GBhmk{,6,265021,,,false,4
,GBhmk{,7,266976,,,false,4
,GBhmk{,8,271515,,,false,4
,GBhmk{,9,265579,,,false,4
,GdZDz{,0,288555,,,false,4
,GdZDz{,1,277242,,,false,4
,GdZDz{,2,284225,,,false,4
,GdZDz{,3,272912,,,false,4
,GdZDz{,4,271864,,,false,4
,GdZDz{,5,279476,,,false,4
,GdZDz{,6,270957,,,false,4
,GdZDz{,7,270468,,,false,4
,GdZDz{,8,270328,,,false,4
,GdZDz{,9,280454,,,false,4
,GpFjq{,0,284853,,,false,4
,GpFjq{,1,274797,,,false,4
,GpFjq{,2,278987,,,false,4
,GpFjq{,3,269071,,,false,4
,GpFjq{,4,267814,,,false,4
,GpFjq{,5,267046,,,false,4
,GpFjq{,6,274797,,,false,4
,GpFjq{,7,261390,,,false,4
,GpFjq{,8,267255,,,false,4
,GpFjq{,9,275636,,,false,4
,GQqzvk,0,292536,,,false,4
,GQqzvk,1,284294,,,false,4
,GQqzvk,2,280943,,,false,4
,GQqzvk,3,289812,,,false,4
,GQqzvk,4,279895,,,false,4
,GQqzvk,5,277032,,,false,4
,GQqzvk,6,286180,,,false,4
,GQqzvk,7,277102,,,false,4
,GQqzvk,8,277940,,,false,4
,GQqzvk,9,277731,,,false,4
,GJqix{,0,285692,,,false,4
,GJqix{,1,268094,,,false,4
,GJqix{,2,266068,,,false,4
,GJqix{,3,272563,,,false,4
,GJqix{,4,265160,,,false,4
,GJqix{,5,261460,,,false,4
,GJqix{,6,258526,,,false,4
,GJqix{,7,272703,,,false,4
,GJqix{,8,265160,,,false,4
,GJqix{,9,260901,,,false,4
,GJM]^[,0,290929,,,false,4
,GJM]^[,1,289532,,,false,4
,GJM]^[,2,278150,,,false,4
,GJM]^[,3,275775,,,false,4
,GJM]^[,4,289043,,,false,4
,GJM]^[,5,275286,,,false,4
,GJM]^[,6,275287,,,false,4
,GJM]^[,7,273890,,,false,4
,GJM]^[,8,282758,,,false,4
,GJM]^[,9,275077,,,false,4
,GqJ\z{,0,293513,,,false,4
,GqJ\z{,1,297983,,,false,4
,GqJ\z{,2,280454,,,false,4
,GqJ\z{,3,281362,,,false,4
,GqJ\z{,4,289532,,,false,4
,GqJ\z{,5,275287,,,false,4
,GqJ\z{,6,278918,,,false,4
,GqJ\z{,7,279407,,,false,4
,GqJ\z{,8,291068,,,false,4
,GqJ\z{,9,278499,,,false,4
,GcL~v[,0,298052,,,false,4
,GcL~v[,1,296586,,,false,4
,GcL~v[,2,286180,,,false,4
,GcL~v[,3,284365,,,false,4
,GcL~v[,4,283806,,,false,4
,GcL~v[,5,291557,,,false,4
,GcL~v[,6,283806,,,false,4
,GcL~v[,7,284364,,,false,4
,GcL~v[,8,296307,,,false,4
,GcL~v[,9,282409,,,false,4
,GDZ^vw,0,295189,,,false,4
,GDZ^vw,1,295398,,,false,4
,GDZ^vw,2,283806,,,false,4
,GDZ^vw,3,282339,,,false,4
,GDZ^vw,4,283387,,,false,4
,GDZ^vw,5,290929,,,false,4
,GDZ^vw,6,281781,,,false,4
,GDZ^vw,7,282479,,,false,4
,GDZ^vw,8,291418,,,false,4
,GDZ^vw,9,282409,,,false,4
,GMMZ\[,0,284713,,,false,4
,GMMZ\[,1,273820,,,false,4
,GMMZ\[,2,278499,,,false,4
,GMMZ\[,3,269490,,,false,4
,GMMZ\[,4,269141,,,false,4
,GMMZ\[,5,277102,,,false,4
,GMMZ\[,6,268931,,,false,4
,GMMZ\[,7,268722,,,false,4
,GMMZ\[,8,268931,,,false,4
,GMMZ\[,9,275286,,,false,4
,GJMk}[,0,276962,,,false,4
,GJMk}[,1,269560,,,false,4
,GJMk}[,2,276753,,,false,4
,GJMk}[,3,265160,,,false,4
,GJMk}[,4,266208,,,false,4
,GJMk}[,5,264183,,,false,4
,GJMk}[,6,273401,,,false,4
,GJMk}[,7,256640,,,false,4
,GJMk}[,8,261948,,,false,4
,GJMk}[,9,263973,,,false,4
,GqNax{,0,287158,,,false,4
,GqNax{,1,269979,,,false,4
,GqNax{,2,267115,,,false,4
,GqNax{,3,271725,,,false,4
,GqNax{,4,259923,,,false,4
,GqNax{,5,264742,,,false,4
,GqNax{,6,263484,,,false,4
,GqNax{,7,276334,,,false,4
,GqNax{,8,263205,,,false,4
,GqNax{,9,259085,,,false,4
,GDYz~o,0,294700,,,false,4
,GDYz~o,1,280524,,,false,4
,GDYz~o,2,272004,,,false,4
,GDYz~o,3,276054,,,false,4
,GDYz~o,4,289323,,,false,4
,GDYz~o,5,272842,,,false,4
,GDYz~o,6,273191,,,false,4
,GDYz~o,7,276124,,,false,4
,GDYz~o,8,277661,,,false,4
,GDYz~o,9,273401,,,false,4
,G?L?nC,0,223260,,,false,2
,G?L?nC,1,223259,,,false,2
,G?L?nC,2,212157,,,false,2
,G?L?nC,3,210411,,,false,2
,G?L?nC,4,209433,,,false,2
,G?L?nC,5,205243,,,false,2
,G?L?nC,6,213622,,,false,2
,G?L?nC,7,209293,,,false,2
,G?L?nC,8,204544,,,false,2
,G?L?nC,9,209223,,,false,2
,Gq?@Ww,0,215019,,,false,2
,Gq?@Ww,1,207268,,,false,2
,Gq?@Ww,2,203707,,,false,2
,Gq?@Ww,3,202379,,,false,2
,Gq?@Ww,4,199377,,,false,2
,Gq?@Ww,5,200424,,,false,2
,Gq?@Ww,6,199237,,,false,2
,Gq?@Ww,7,199376,,,false,2
,Gq?@Ww,8,199027,,,false,2
,Gq?@Ww,9,199656,,,false,2
,G@?]VK,0,256151,,,false,2
,G@?]VK,1,234015,,,false,2
,G@?]VK,2,230592,,,false,2
,G@?]VK,3,228078,,,false,2
,G@?]VK,4,236249,,,false,2
,G@?]VK,5,225145,,,false,2
,G@?]VK,6,225634,,,false,2
,G@?]VK,7,226123,,,false,2
,G@?]VK,8,233875,,,false,2
,G@?]VK,9,227939,,,false,2
,G@GSY[,0,225145,,,false,3
,G@GSY[,1,215509,,,false,3
,G@GSY[,2,213413,,,false,3
,G@GSY[,3,219489,,,false,3
,G@GSY[,4,210271,,,false,3
,G@GSY[,5,209293,,,false,3
,G@GSY[,6,209851,,,false,3
,G@GSY[,7,217184,,,false,3
,G@GSY[,8,210341,,,false,3
,G@GSY[,9,208874,,,false,3
,GOBAx{,0,246724,,,false,2
,GOBAx{,1,244769,,,false,2
,GOBAx{,2,230453,,,false,2
,GOBAx{,3,234782,,,false,2
,GOBAx{,4,232758,,,false,2
,GOBAx{,5,231640,,,false,2
,GOBAx{,6,238065,,,false,2
,GOBAx{,7,230732,,,false,2
,GOBAx{,8,231221,,,false,2
,GOBAx{,9,231431,,,false,2
,G@GR[{,0,247981,,,false,3
,G@GR[{,1,235341,,,false,3
,G@GR[{,2,230314,,,false,3
,G@GR[{,3,229825,,,false,3
,G@GR[{,4,242883,,,false,3
,G@GR[{,5,226542,,,false,3
,G@GR[{,6,225704,,,false,3
,G@GR[{,7,226333,,,false,3
,G@GR[{,8,236738,,,false,3
,G@GR[{,9,226123,,,false,3
,G@?Z]{,0,260411,,,false,3
,G@?Z]{,1,250006,,,false,3
,G@?Z]{,2,253987,,,false,3
,G@?Z]{,3,243162,,,false,3
,G@?Z]{,4,241766,,,false,3
,G@?Z]{,5,240439,,,false,3
,G@?Z]{,6,249099,,,false,3
,G@?Z]{,7,237017,,,false,3
,G@?Z]{,8,240439,,,false,3
,G@?Z]{,9,240578,,,false,3
,G@CNM[,0,259015,,,false,3
,G@CNM[,1,236528,,,false,3
,G@CNM[,2,232408,,,false,3
,G@CNM[,3,229964,,,false,3
,G@CNM[,4,238414,,,false,3
,G@CNM[,5,229755,,,false,3
,G@CNM[,6,229964,,,false,3
,G@CNM[,7,229475,,,false,3
,G@CNM[,8,236039,,,false,3
,G@CNM[,9,229964,,,false,3
,G?EJZw,0,250425,,,false,3
,G?EJZw,1,240928,,,false,3
,G?EJZw,2,244350,,,false,3
,G?EJZw,3,235551,,,false,3
,G?EJZw,4,232897,,,false,3
,G?EJZw,5,233246,,,false,3
,G?EJZw,6,232338,,,false,3
,G?EJZw,7,240439,,,false,3
,G?EJZw,8,231361,,,false,3
,G?EJZw,9,232129,,,false,3
,G?G^]w,0,261390,,,false,3
,G?G^]w,1,247632,,,false,3
,G?G^]w,2,243093,,,false,3
,G?G^]w,3,243162,,,false,3
,G?G^]w,4,251892,,,false,3
,G?G^]w,5,241696,,,false,3
,G?G^]w,6,241417,,,false,3
,G?G^]w,7,242883,,,false,3
,G?G^]w,8,250565,,,false,3
,G?G^]w,9,241766,,,false,3
,G?EVZ{,0,267465,,,false,3
,G?EVZ{,1,256641,,,false,3
,G?EVZ{,2,261948,,,false,3
,G?EVZ{,3,252869,,,false,3
,G?EVZ{,4,250565,,,false,3
,G?EVZ{,5,249448,,,false,3
,G?EVZ{,6,257618,,,false,3
,G?EVZ{,7,248959,,,false,3
,G?EVZ{,8,249867,,,false,3
,G?EVZ{,9,249936,,,false,3
,GoCAhW,0,223748,,,false,2
,GoCAhW,1,209642,,,false,2
,GoCAhW,2,205312,,,false,2
,GoCAhW,3,199167,,,false,2
,GoCAhW,4,201332,,,false,2
,GoCAhW,5,209502,,,false,2
,GoCAhW,6,202310,,,false,2
,GoCAhW,7,201751,,,false,2
,GoCAhW,8,200704,,,false,2
,GoCAhW,9,199586,,,false,2
,GoCAh[,0,216626,,,false,2
,GoCAh[,1,211318,,,false,2
,GoCAh[,2,209852,,,false,2
,GoCAh[,3,209852,,,false,2
,GoCAh[,4,219977,,,false,2
,GoCAh[,5,208944,,,false,2
,GoCAh[,6,208525,,,false,2
,GoCAh[,7,208385,,,false,2
,GoCAh[,8,206151,,,false,2
,GoCAh[,9,216626,,,false,2
,GA?X^O,0,231221,,,false,3
,GA?X^O,1,221863,,,false,3
,GA?X^O,2,219908,,,false,3
,GA?X^O,3,223749,,,false,3
,GA?X^O,4,216206,,,false,3
,GA?X^O,5,210620,,,false,3
,GA?X^O,6,215019,,,false,3
,GA?X^O,7,220397,,,false,3
,GA?X^O,8,214182,,,false,3
,GA?X^O,9,214111,,,false,3
,G@HCyw,0,240439,,,false,3
,G@HCyw,1,230383,,,false,3
,G@HCyw,2,236319,,,false,3
,G@HCyw,3,224866,,,false,3
,G@HCyw,4,224028,,,false,3
,G@HCyw,5,223399,,,false,3
,G@HCyw,6,232409,,,false,3
,G@HCyw,7,224167,,,false,3
,G@HCyw,8,222771,,,false,3
,G@HCyw,9,222771,,,false,3
,G@BDY{,0,254336,,,false,2
,G@BDY{,1,230872,,,false,2
,G@BDY{,2,227101,,,false,2
,G@BDY{,3,224936,,,false,2
,G@BDY{,4,231919,,,false,2
,G@BDY{,5,223819,,,false,2
,G@BDY{,6,223190,,,false,2
,G@BDY{,7,222282,,,false,2
,G@BDY{,8,224657,,,false,2
,G@BDY{,9,237018,,,false,2
,G@?kyw,0,238623,,,false,3
,G@?kyw,1,229475,,,false,3
,G@?kyw,2,224727,,,false,3
,G@?kyw,3,230662,,,false,3
,G@?kyw,4,223050,,,false,3
,G@?kyw,5,222282,,,false,3
,G@?kyw,6,219978,,,false,3
,G@?kyw,7,229056,,,false,3
,G@?kyw,8,220048,,,false,3
,G@?kyw,9,216137,,,false,3
,G?Ss^{,0,266976,,,false,3
,G?Ss^{,1,267675,,,false,3
,G?Ss^{,2,254196,,,false,3
,G?Ss^{,3,251403,,,false,3
,G?Ss^{,4,250984,,,false,3
,G?Ss^{,5,263763,,,false,3
,G?Ss^{,6,249937,,,false,3
,G?Ss^{,7,249098,,,false,3
,G?Ss^{,8,249936,,,false,3
,G?Ss^{,9,258107,,,false,3
,GA?}TS,0,231919,,,false,3
,GA?}TS,1,228288,,,false,3
,GA?}TS,2,223748,,,false,3
,GA?}TS,3,230872,,,false,3
,GA?}TS,4,220815,,,false,3
,GA?}TS,5,222282,,,false,3
,GA?}TS,6,220396,,,false,3
,GA?}TS,7,229894,,,false,3
,GA?}TS,8,220955,,,false,3
,GA?}TS,9,220676,,,false,3
,G@Aiu[,0,241347,,,false,3
,G@Aiu[,1,242744,,,false,3
,G@Aiu[,2,230383,,,false,3
,G@Aiu[,3,228917,,,false,3
,G@Aiu[,4,222561,,,false,3
,G@Aiu[,5,227589,,,false,3
,G@Aiu[,6,236110,,,false,3
,G@Aiu[,7,226542,,,false,3
,G@Aiu[,8,226612,,,false,3
,G@Aiu[,9,226123,,,false,3
,G?Eja{,0,255732,,,false,3
,G?Eja{,1,237576,,,false,3
,G?Eja{,2,228148,,,false,3
,G?Eja{,3,232338,,,false,3
,G?Eja{,4,241347,,,false,3
,G?Eja{,5,231710,,,false,3
,G?Eja{,6,231360,,,false,3
,G?Eja{,7,230243,,,false,3
,G?Eja{,8,238413,,,false,3
,G?Eja{,9,230034,,,false,3
,G@@ku{,0,259085,,,false,3
,G@@ku{,1,250425,,,false,3
,G@@ku{,2,255663,,,false,3
,G@@ku{,3,243651,,,false,3
,G@@ku{,4,244560,,,false,3
,G@@ku{,5,244698,,,false,3
,G@@ku{,6,254964,,,false,3
,G@@ku{,7,242115,,,false,3
,G@@ku{,8,236808,,,false,3
,G@@ku{,9,239391,,,false,3
,G?ErU{,0,267046,,,false,3
,G?ErU{,1,246934,,,false,3
,G?ErU{,2,244140,,,false,3
,G?ErU{,3,242953,,,false,3
,G?ErU{,4,252171,,,false,3
,G?ErU{,5,241068,,,false,3
,G?ErU{,6,242673,,,false,3
,G?ErU{,7,241835,,,false,3
,G?ErU{,8,252450,,,false,3
,G?ErU{,9,242395,,,false,3
,G@Aiv{,0,264741,,,false,3
,G@Aiv{,1,258945,,,false,3
,G@Aiv{,2,264392,,,false,3
,G@Aiv{,3,253289,,,false,3
,G@Aiv{,4,249587,,,false,3
,G@Aiv{,5,264253,,,false,3
,G@Aiv{,6,254756,,,false,3
,G@Aiv{,7,253777,,,false,3
,G@Aiv{,8,252241,,,false,3
,G@Aiv{,9,259504,,,false,3
,G?C}^k,0,268512,,,false,3
,G?C}^k,1,258038,,,false,3
,G?C}^k,2,250006,,,false,3
,G?C}^k,3,259992,,,false,3
,G?C}^k,4,253498,,,false,3
,G?C}^k,5,252800,,,false,3
,G?C}^k,6,251333,,,false,3
,G?C}^k,7,260412,,,false,3
,G?C}^k,8,252311,,,false,3
,G?C}^k,9,251334,,,false,3
,G?Hszs,0,263484,,,false,3
,G?Hszs,1,262786,,,false,3
,G?Hszs,2,248190,,,false,3
,G?Hszs,3,245747,,,false,3
,G?Hszs,4,252381,,,false,3
,G?Hszs,5,245258,,,false,3
,G?Hszs,6,245048,,,false,3
,G?Hszs,7,244349,,,false,3
,G?Hszs,8,251403,,,false,3
,G?Hszs,9,242883,,,false,3
,G?FRX{,0,256152,,,false,3
,G?FRX{,1,246166,,,false,3
,G?FRX{,2,249517,,,false,3
,G?FRX{,3,239392,,,false,3
,G?FRX{,4,238135,,,false,3
,G?FRX{,5,233455,,,false,3
,G?FRX{,6,241976,,,false,3
,G?FRX{,7,237785,,,false,3
,G?FRX{,8,235970,,,false,3
,G?FRX{,9,237716,,,false,3
,G?Er]{,0,269420,,,false,3
,G?Er]{,1,255663,,,false,3
,G?Er]{,2,251822,,,false,3
,G?Er]{,3,250495,,,false,3
,G?Er]{,4,254197,,,false,3
,G?Er]{,5,248888,,,false,3
,G?Er]{,6,249029,,,false,3
,G?Er]{,7,250495,,,false,3
,G?Er]{,8,256640,,,false,3
,G?Er]{,9,248400,,,false,3
,G_?|Qs,0,239531,,,false,3
,G_?|Qs,1,230453,,,false,3
,G_?|Qs,2,236249,,,false,3
,G_?|Qs,3,225634,,,false,3
,G_?|Qs,4,224796,,,false,3
,G_?|Qs,5,223818,,,false,3
,G_?|Qs,6,232827,,,false,3
,G_?|Qs,7,223260,,,false,3
,G_?|Qs,8,221863,,,false,3
,G_?|Qs,9,222283,,,false,3
,G_?ytK,0,243861,,,false,2
,G_?ytK,1,229894,,,false,2
,G_?ytK,2,228986,,,false,2
,G_?ytK,3,226612,,,false,2
,G_?ytK,4,225215,,,false,2
,G_?ytK,5,231640,,,false,2
,G_?ytK,6,225215,,,false,2
,G_?ytK,7,223749,,,false,2
,G_?ytK,8,223748,,,false,2
,G_?ytK,9,231780,,,false,2
,G?O|fo,0,254685,,,false,3
,G?O|fo,1,243373,,,false,3
,G?O|fo,2,239881,,,false,3
,G?O|fo,3,248610,,,false,3
,G?O|fo,4,237227,,,false,3
,G?O|fo,5,235551,,,false,3
,G?O|fo,6,231430,,,false,3
,G?O|fo,7,244629,,,false,3
,G?O|fo,8,237087,,,false,3
,G?O|fo,9,236807,,,false,3
,GGAXu[,0,250914,,,false,3
,GGAXu[,1,252311,,,false,3
,GGAXu[,2,236808,,,false,3
,GGAXu[,3,234782,,,false,3
,GGAXu[,4,233386,,,false,3
,GGAXu[,5,240439,,,false,3
,GGAXu[,6,233176,,,false,3
,GGAXu[,7,233665,,,false,3
,GGAXu[,8,231919,,,false,3
,GGAXu[,9,241347,,,false,3
,G_Aix{,0,246095,,,false,3
,G_Aix{,1,237227,,,false,3
,G_Aix{,2,233665,,,false,3
,G_Aix{,3,241207,,,false,3
,G_Aix{,4,231920,,,false,3
,G_Aix{,5,231639,,,false,3
,G_Aix{,6,232687,,,false,3
,G_Aix{,7,229964,,,false,3
,G_Aix{,8,236179,,,false,3
,G_Aix{,9,229894,,,false,3
,G?HXvk,0,261459,,,false,3
,G?HXvk,1,258526,,,false,3
,G?HXvk,2,245607,,,false,3
,G?HXvk,3,244140,,,false,3
,G?HXvk,4,242395,,,false,3
,G?HXvk,5,251962,,,false,3
,G?HXvk,6,240090,,,false,3
,G?HXvk,7,235620,,,false,3
,G?HXvk,8,241067,,,false,3
,G?HXvk,9,251054,,,false,3
,G?K]Nc,0,250495,,,false,3
,G?K]Nc,1,239810,,,false,3
,G?K]Nc,2,235620,,,false,3
,G?K]Nc,3,241487,,,false,3
,G?K]Nc,4,233176,,,false,3
,G?K]Nc,5,233735,,,false,3
,G?K]Nc,6,232269,,,false,3
,G?K]Nc,7,227101,,,false,3
,G?K]Nc,8,240020,,,false,3
,G?K]Nc,9,232268,,,false,3
,GCCZ^K,0,258526,,,false,3
,GCCZ^K,1,255663,,,false,3
,GCCZ^K,2,243303,,,false,3
,GCCZ^K,3,242883,,,false,3
,GCCZ^K,4,241277,,,false,3
,GCCZ^K,5,249448,,,false,3
,GCCZ^K,6,239391,,,false,3
,GCCZ^K,7,238832,,,false,3
,GCCZ^K,8,240649,,,false,3
,GCCZ^K,9,239042,,,false,3
,GC_Zj[,0,248539,,,false,3
,GC_Zj[,1,241068,,,false,3
,GC_Zj[,2,237017,,,false,3
,GC_Zj[,3,247073,,,false,3
,GC_Zj[,4,237646,,,false,3
,GC_Zj[,5,236110,,,false,3
,GC_Zj[,6,236668,,,false,3
,GC_Zj[,7,235341,,,false,3
,GC_Zj[,8,242953,,,false,3
,GC_Zj[,9,231360,,,false,3
,G@G^Uk,0,243303,,,false,3
,G@G^Uk,1,238623,,,false,3
,G@G^Uk,2,243163,,,false,3
,G@G^Uk,3,235899,,,false,3
,G@G^Uk,4,235271,,,false,3
,G@G^Uk,5,232478,,,false,3
,G@G^Uk,6,244420,,,false,3
,G@G^Uk,7,232688,,,false,3
,G@G^Uk,8,232338,,,false,3
,G@G^Uk,9,235621,,,false,3
,GGKQK[,0,237576,,,false,3
,GGKQK[,1,218861,,,false,3
,GGKQK[,2,216067,,,false,3
,GGKQK[,3,212854,,,false,3
,GGKQK[,4,222143,,,false,3
,GGKQK[,5,211458,,,false,3
,GGKQK[,6,213344,,,false,3
,GGKQK[,7,210829,,,false,3
,GGKQK[,8,211737,,,false,3
,GGKQK[,9,219140,,,false,3
,GGDPS{,0,230662,,,false,3
,GGDPS{,1,222562,,,false,3
,GGDPS{,2,218441,,,false,3
,GGDPS{,3,225634,,,false,3
,GGDPS{,4,216835,,,false,3
,GGDPS{,5,217114,,,false,3
,GGDPS{,6,215159,,,false,3
,GGDPS{,7,215788,,,false,3
,GGDPS{,8,222980,,,false,3
,GGDPS{,9,216067,,,false,3
,GAOpS{,0,230034,,,false,3
,GAOpS{,1,223260,,,false,3
,GAOpS{,2,230453,,,false,3
,GAOpS{,3,220955,,,false,3
,GAOpS{,4,220467,,,false,3
,GAOpS{,5,219768,,,false,3
,GAOpS{,6,229755,,,false,3
,GAOpS{,7,218371,,,false,3
,GAOpS{,8,218860,,,false,3
,GAOpS{,9,218930,,,false,3
,GI?gt{,0,247911,,,false,3
,GI?gt{,1,233386,,,false,3
,GI?gt{,2,229964,,,false,3
,GI?gt{,3,228497,,,false,3
,GI?gt{,4,230174,,,false,3
,GI?gt{,5,237157,,,false,3
,GI?gt{,6,226333,,,false,3
,GI?gt{,7,226821,,,false,3
,GI?gt{,8,225145,,,false,3
,GI?gt{,9,239042,,,false,3
,GI?gv{,0,242744,,,false,3
,GI?gv{,1,237925,,,false,3
,GI?gv{,2,236039,,,false,3
,GI?gv{,3,243861,,,false,3
,GI?gv{,4,233177,,,false,3
,GI?gv{,5,228567,,,false,3
,GI?gv{,6,233386,,,false,3
,GI?gv{,7,244349,,,false,3
,GI?gv{,8,233316,,,false,3
,GI?gv{,9,234642,,,false,3
,GAHco{,0,237785,,,false,3
,GAHco{,1,237436,,,false,3
,GAHco{,2,223190,,,false,3
,GAHco{,3,222771,,,false,3
,GAHco{,4,216626,,,false,3
,GAHco{,5,229964,,,false,3
,GAHco{,6,222422,,,false,3
,GAHco{,7,221165,,,false,3
,GAHco{,8,219908,,,false,3
,GAHco{,9,221933,,,false,3
,G@P_|s,0,257618,,,false,3
,G@P_|s,1,234293,,,false,3
,G@P_|s,2,235691,,,false,3
,G@P_|s,3,233455,,,false,3
,G@P_|s,4,241487,,,false,3
,G@P_|s,5,231361,,,false,3
,G@P_|s,6,231360,,,false,3
,G@P_|s,7,229824,,,false,3
,G@P_|s,8,239462,,,false,3
,G@P_|s,9,231640,,,false,3
,GGHSsw,0,238135,,,false,3
,GGHSsw,1,228567,,,false,3
,GGHSsw,2,235201,,,false,3
,GGHSsw,3,224238,,,false,3
,GGHSsw,4,223749,,,false,3
,GGHSsw,5,224657,,,false,3
,GGHSsw,6,231500,,,false,3
,GGHSsw,7,223888,,,false,3
,GGHSsw,8,223051,,,false,3
,GGHSsw,9,219978,,,false,3
,GGO\dw,0,242045,,,false,3
,GGO\dw,1,234293,,,false,3
,GGO\dw,2,234783,,,false,3
,GGO\dw,3,234642,,,false,3
,GGO\dw,4,234852,,,false,3
,GGO\dw,5,237995,,,false,3
,GGO\dw,6,232897,,,false,3
,GGO\dw,7,232339,,,false,3
,GGO\dw,8,228008,,,false,3
,GGO\dw,9,242743,,,false,3
,G@IQ]{,0,260482,,,false,3
,G@IQ]{,1,250914,,,false,3
,G@IQ]{,2,247702,,,false,3
,G@IQ]{,3,254965,,,false,3
,G@IQ]{,4,244978,,,false,3
,G@IQ]{,5,242953,,,false,3
,G@IQ]{,6,243861,,,false,3
,G@IQ]{,7,249447,,,false,3
,G@IQ]{,8,242254,,,false,3
,G@IQ]{,9,237995,,,false,3
,G@DJ\w,0,255244,,,false,3
,G@DJ\w,1,248051,,,false,3
,G@DJ\w,2,239671,,,false,3
,G@DJ\w,3,240299,,,false,3
,G@DJ\w,4,235690,,,false,3
,G@DJ\w,5,249099,,,false,3
,G@DJ\w,6,234642,,,false,3
,G@DJ\w,7,234293,,,false,3
,G@DJ\w,8,238903,,,false,3
,G@DJ\w,9,248540,,,false,3
,G@Ok}w,0,257130,,,false,3
,G@Ok}w,1,254266,,,false,3
,G@Ok}w,2,254755,,,false,3
,G@Ok}w,3,247562,,,false,3
,G@Ok}w,4,245886,,,false,3
,G@Ok}w,5,246724,,,false,3
,G@Ok}w,6,254755,,,false,3
,G@Ok}w,7,241138,,,false,3
,G@Ok}w,8,244909,,,false,3
,G@Ok}w,9,241207,,,false,3
,G@EJZw,0,264322,,,false,3
,G@EJZw,1,245677,,,false,3
,G@EJZw,2,244699,,,false,3
,G@EJZw,3,244350,,,false,3
,G@EJZw,4,247073,,,false,3
,G@EJZw,5,236738,,,false,3
,G@EJZw,6,239880,,,false,3
,G@EJZw,7,240578,,,false,3
,G@EJZw,8,250006,,,false,3
,G@EJZw,9,239462,,,false,3
,G@DdY{,0,256640,,,false,3
,G@DdY{,1,243722,,,false,3
,G@DdY{,2,250495,,,false,3
,G@DdY{,3,240509,,,false,3
,G@DdY{,4,239950,,,false,3
,G@DdY{,5,237925,,,false,3
,G@DdY{,6,247702,,,false,3
,G@DdY{,7,233176,,,false,3
,G@DdY{,8,238205,,,false,3
,G@DdY{,9,239252,,,false,3
,G?XTtg,0,261110,,,false,3
,G?XTtg,1,240928,,,false,3
,G?XTtg,2,237156,,,false,3
,G?XTtg,3,237297,,,false,3
,G?XTtg,4,242744,,,false,3
,G?XTtg,5,234642,,,false,3
,G?XTtg,6,233735,,,false,3
,G?XTtg,7,233874,,,false,3
,G?XTtg,8,238833,,,false,3
,G?XTtg,9,229056,,,false,3
,G?XTtk,0,244140,,,false,3
,G?XTtk,1,245187,,,false,3
,G?XTtk,2,247702,,,false,3
,G?XTtk,3,233665,,,false,3
,G?XTtk,4,237227,,,false,3
,G?XTtk,5,236878,,,false,3
,G?XTtk,6,245118,,,false,3
,G?XTtk,7,236249,,,false,3
,G?XTtk,8,237157,,,false,3
,G?XTtk,9,236528,,,false,3
,G?Sr^w,0,273471,,,false,3
,G?Sr^w,1,255663,,,false,3
,G?Sr^w,2,250006,,,false,3
,G?Sr^w,3,250007,,,false,3
,G?Sr^w,4,251962,,,false,3
,G?Sr^w,5,247702,,,false,3
,G?Sr^w,6,246515,,,false,3
,G?Sr^w,7,247492,,,false,3
,G?Sr^w,8,256152,,,false,3
,G?Sr^w,9,242394,,,false,3
,G?XP~k,0,262507,,,false,3
,G?XP~k,1,254266,,,false,3
,G?XP~k,2,258526,,,false,3
,G?XP~k,3,248610,,,false,3
,G?XP~k,4,246236,,,false,3
,G?XP~k,5,248539,,,false,3
,G?XP~k,6,257129,,,false,3
,G?XP~k,7,249029,,,false,3
,G?XP~k,8,249099,,,false,3
,G?XP~k,9,247562,,,false,3
,G??guK,0,220327,,,false,2
,G??guK,1,204544,,,false,2
,G??guK,2,201612,,,false,2
,G??guK,3,196584,,,false,2
,G??guK,4,206499,,,false,2
,G??guK,5,197561,,,false,2
,G??guK,6,197841,,,false,2
,G??guK,7,197351,,,false,2
,G??guK,8,195605,,,false,2
,G??guK,9,204684,,,false,2
,G@EIzw,0,255244,,,false,3
,G@EIzw,1,246654,,,false,3
,G@EIzw,2,239392,,,false,3
,G@EIzw,3,243721,,,false,3
,G@EIzw,4,238135,,,false,3
,G@EIzw,5,236109,,,false,3
,G@EIzw,6,238763,,,false,3
,G@EIzw,7,244909,,,false,3
,G@EIzw,8,235061,,,false,3
,G@EIzw,9,236039,,,false,3
,G?UP~K,0,259434,,,false,3
,G?UP~K,1,257619,,,false,3
,G?UP~K,2,243791,,,false,3
,G?UP~K,3,241486,,,false,3
,G?UP~K,4,241766,,,false,3
,G?UP~K,5,248959,,,false,3
,G?UP~K,6,235271,,,false,3
,G?UP~K,7,237017,,,false,3
,G?UP~K,8,237786,,,false,3
,G?UP~K,9,246235,,,false,3
,GCDH~[,0,261390,,,false,3
,GCDH~[,1,253358,,,false,3
,GCDH~[,2,250425,,,false,3
,GCDH~[,3,261320,,,false,3
,GCDH~[,4,248959,,,false,3
,GCDH~[,5,249028,,,false,3
,GCDH~[,6,249099,,,false,3
,GCDH~[,7,264253,,,false,3
,GCDH~[,8,247422,,,false,3
,GCDH~[,9,247073,,,false,3
,G?Ss~[,0,262576,,,false,3
,G?Ss~[,1,262437,,,false,3
,G?Ss~[,2,249517,,,false,3
,G?Ss~[,3,247982,,,false,3
,G?Ss~[,4,246514,,,false,3
,G?Ss~[,5,253778,,,false,3
,G?Ss~[,6,247981,,,false,3
,G?Ss~[,7,244280,,,false,3
,G?Ss~[,8,254266,,,false,3
,G?Ss~[,9,244979,,,false,3
,GAG[~{,0,265650,,,false,3
,GAG[~{,1,259015,,,false,3
,GAG[~{,2,264742,,,false,3
,GAG[~{,3,254266,,,false,3
,GAG[~{,4,254755,,,false,3
,GAG[~{,5,251891,,,false,3
,GAG[~{,6,261529,,,false,3
,GAG[~{,7,251612,,,false,3
,GAG[~{,8,252869,,,false,3
,GAG[~{,9,252381,,,false,3
,GAHe|{,0,280594,,,false,3
,GAHe|{,1,261948,,,false,3
,GAHe|{,2,259993,,,false,3
,GAHe|{,3,266697,,,false,3
,GAHe|{,4,258037,,,false,3
,GAHe|{,5,254685,,,false,3
,GAHe|{,6,253777,,,false,3
,GAHe|{,7,263274,,,false,3
,GAHe|{,8,255663,,,false,3
,GAHe|{,9,255174,,,false,3
,G@Om|w,0,266627,,,false,3
,G@Om|w,1,270398,,,false,3
,G@Om|w,2,253219,,,false,3
,G@Om|w,3,251333,,,false,3
,G@Om|w,4,250914,,,false,3
,G@Om|w,5,259015,,,false,3
,G@Om|w,6,249029,,,false,3
,G@Om|w,7,248959,,,false,3
,G@Om|w,8,249099,,,false,3
,G@Om|w,9,257059,,,false,3
,GAG]|w,0,259015,,,false,3
,GAG]|w,1,251822,,,false,3
,GAG]|w,2,256152,,,false,3
,GAG]|w,3,245747,,,false,3
,GAG]|w,4,246236,,,false,3
,GAG]|w,5,244350,,,false,3
,GAG]|w,6,255244,,,false,3
,GAG]|w,7,247074,,,false,3
,GAG]|w,8,245886,,,false,3
,GAG]|w,9,247004,,,false,3
,G?Sv^w,0,278289,,,false,3
,G?Sv^w,1,267255,,,false,3
,G?Sv^w,2,263694,,,false,3
,G?Sv^w,3,259504,,,false,3
,G?Sv^w,4,268093,,,false,3
,G?Sv^w,5,260901,,,false,3
,G?Sv^w,6,259573,,,false,3
,G?Sv^w,7,259573,,,false,3
,G?Sv^w,8,269420,,,false,3
,G?Sv^w,9,254685,,,false,3
,G@G]UK,0,228567,,,false,2
,G@G]UK,1,215299,,,false,2
,G@G]UK,2,217394,,,false,2
,G@G]UK,3,214182,,,false,2
,G@G]UK,4,214531,,,false,2
,G@G]UK,5,214531,,,false,2
,G@G]UK,6,224237,,,false,2
,G@G]UK,7,215159,,,false,2
,G@G]UK,8,215928,,,false,2
,G@G]UK,9,216765,,,false,2
,G?KuMs,0,250006,,,false,3
,G?KuMs,1,235760,,,false,3
,G?KuMs,2,231780,,,false,3
,G?KuMs,3,230872,,,false,3
,G?KuMs,4,240578,,,false,3
,G?KuMs,5,232198,,,false,3
,G?KuMs,6,231919,,,false,3
,G?KuMs,7,225705,,,false,3
,G?KuMs,8,226123,,,false,3
,G?KuMs,9,235690,,,false,3
,G@G[yw,0,237646,,,false,3
,G@G[yw,1,228148,,,false,3
,G@G[yw,2,223679,,,false,3
,G@G[yw,3,229196,,,false,3
,G@G[yw,4,220466,,,false,3
,G@G[yw,5,219907,,,false,3
,G@G[yw,6,220886,,,false,3
,G@G[yw,7,228008,,,false,3
,G@G[yw,8,218302,,,false,3
,G@G[yw,9,220816,,,false,3
,GAKs][,0,256641,,,false,3
,GAKs][,1,257688,,,false,3
,GAKs][,2,249377,,,false,3
,GAKs][,3,246026,,,false,3
,GAKs][,4,244699,,,false,3
,GAKs][,5,254755,,,false,3
,GAKs][,6,245467,,,false,3
,GAKs][,7,246166,,,false,3
,GAKs][,8,245258,,,false,3
,GAKs][,9,253358,,,false,3
,G@IYu{,0,261808,,,false,3
,G@IYu{,1,254266,,,false,3
,G@IYu{,2,250914,,,false,3
,G@IYu{,3,259923,,,false,3
,G@IYu{,4,247981,,,false,3
,G@IYu{,5,246724,,,false,3
,G@IYu{,6,246655,,,false,3
,G@IYu{,7,259085,,,false,3
,G@IYu{,8,247842,,,false,3
,G@IYu{,9,247702,,,false,3
,GAKuZ[,0,267604,,,false,4
,GAKuZ[,1,266767,,,false,4
,GAKuZ[,2,252381,,,false,4
,GAKuZ[,3,250495,,,false,4
,GAKuZ[,4,258108,,,false,4
,GAKuZ[,5,249587,,,false,4
,GAKuZ[,6,249937,,,false,4
,GAKuZ[,7,247143,,,false,4
,GAKuZ[,8,255244,,,false,4
,GAKuZ[,9,247562,,,false,4
,GAKu\[,0,258526,,,false,3
,GAKu\[,1,254267,,,false,3
,GAKu\[,2,259015,,,false,3
,GAKu\[,3,246305,,,false,3
,GAKu\[,4,249029,,,false,3
,GAKu\[,5,250006,,,false,3
,GAKu\[,6,265719,,,false,3
,GAKu\[,7,248470,,,false,3
,GAKu\[,8,248680,,,false,3
,GAKu\[,9,248539,,,false,3
,GCKr]W,0,269210,,,false,3
,GCKr]W,1,252870,,,false,3
,GCKr]W,2,249518,,,false,3
,GCKr]W,3,248539,,,false,3
,GCKr]W,4,257059,,,false,3
,GCKr]W,5,246724,,,false,3
,GCKr]W,6,247074,,,false,3
,GCKr]W,7,254824,,,false,3
,GCKr]W,8,246864,,,false,3
,GCKr]W,9,247213,,,false,3
,GADl\s,0,266767,,,false,3
,GADl\s,1,264672,,,false,3
,GADl\s,2,253288,,,false,3
,GADl\s,3,252381,,,false,3
,GADl\s,4,249867,,,false,3
,GADl\s,5,261179,,,false,3
,GADl\s,6,247632,,,false,3
,GADl\s,7,244210,,,false,3
,GADl\s,8,244699,,,false,3
,GADl\s,9,258177,,,false,3
,G@G}m[,0,257130,,,false,3
,G@G}m[,1,249517,,,false,3
,G@G}m[,2,246236,,,false,3
,G@G}m[,3,253847,,,false,3
,G@G}m[,4,244559,,,false,3
,G@G}m[,5,242883,,,false,3
,G@G}m[,6,243372,,,false,3
,G@G}m[,7,252729,,,false,3
,G@G}m[,8,242254,,,false,3
,G@G}m[,9,243233,,,false,3
,Go@Xz{,0,265230,,,false,3
,Go@Xz{,1,262856,,,false,3
,Go@Xz{,2,250495,,,false,3
,Go@Xz{,3,249029,,,false,3
,Go@Xz{,4,257130,,,false,3
,Go@Xz{,5,247702,,,false,3
,Go@Xz{,6,247143,,,false,3
,Go@Xz{,7,247911,,,false,3
,Go@Xz{,8,256641,,,false,3
,Go@Xz{,9,247073,,,false,3
,G@K]m[,0,256640,,,false,3
,G@K]m[,1,246933,,,false,3
,G@K]m[,2,253219,,,false,3
,G@K]m[,3,241905,,,false,3
,G@K]m[,4,241905,,,false,3
,G@K]m[,5,240928,,,false,3
,G@K]m[,6,250356,,,false,3
,G@K]m[,7,241347,,,false,3
,G@K]m[,8,239671,,,false,3
,G@K]m[,9,240160,,,false,3
,G?S~Bc,0,254196,,,false,3
,G?S~Bc,1,233875,,,false,3
,G?S~Bc,2,231640,,,false,3
,G?S~Bc,3,227589,,,false,3
,G?S~Bc,4,234154,,,false,3
,G?S~Bc,5,226611,,,false,3
,G?S~Bc,6,227101,,,false,3
,G?S~Bc,7,226193,,,false,3
,G?S~Bc,8,225634,,,false,3
,G?S~Bc,9,236039,,,false,3
,GANDG{,0,241277,,,false,3
,GANDG{,1,227310,,,false,3
,GANDG{,2,229266,,,false,3
,GANDG{,3,235061,,,false,3
,GANDG{,4,227170,,,false,3
,GANDG{,5,226891,,,false,3
,GANDG{,6,226123,,,false,3
,GANDG{,7,234642,,,false,3
,GANDG{,8,225634,,,false,3
,GANDG{,9,225425,,,false,3
,GDHG~K,0,261878,,,false,3
,GDHG~K,1,266138,,,false,3
,GDHG~K,2,249029,,,false,3
,GDHG~K,3,246794,,,false,3
,GDHG~K,4,244908,,,false,3
,GDHG~K,5,254336,,,false,3
,GDHG~K,6,244001,,,false,3
,GDHG~K,7,243721,,,false,3
,GDHG~K,8,245327,,,false,3
,GDHG~K,9,252311,,,false,3
,GCDhvK,0,257130,,,false,3
,GCDhvK,1,248051,,,false,3
,GCDhvK,2,245816,,,false,3
,GCDhvK,3,252870,,,false,3
,GCDhvK,4,243232,,,false,3
,GCDhvK,5,239182,,,false,3
,GCDhvK,6,242255,,,false,3
,GCDhvK,7,252870,,,false,3
,GCDhvK,8,241766,,,false,3
,GCDhvK,9,243372,,,false,3
,G?czb[,0,264043,,,false,3
,G?czb[,1,243791,,,false,3
,G?czb[,2,239951,,,false,3
,G?czb[,3,237506,,,false,3
,G?czb[,4,238134,,,false,3
,G?czb[,5,244141,,,false,3
,G?czb[,6,235691,,,false,3
,G?czb[,7,237506,,,false,3
,G?czb[,8,235341,,,false,3
,G?czb[,9,245118,,,false,3
,G?L\f[,0,265510,,,false,3
,G?L\f[,1,256640,,,false,3
,G?L\f[,2,254755,,,false,3
,G?L\f[,3,251683,,,false,3
,G?L\f[,4,249867,,,false,3
,G?L\f[,5,250844,,,false,3
,G?L\f[,6,257618,,,false,3
,G?L\f[,7,248260,,,false,3
,G?L\f[,8,250914,,,false,3
,G?L\f[,9,248470,,,false,3
,G?Yq|s,0,281222,,,false,3
,G?Yq|s,1,258805,,,false,3
,G?Yq|s,2,256152,,,false,3
,G?Yq|s,3,252800,,,false,3
,G?Yq|s,4,260901,,,false,3
,G?Yq|s,5,252590,,,false,3
,G?Yq|s,6,250495,,,false,3
,G?Yq|s,7,249518,,,false,3
,G?Yq|s,8,258317,,,false,3
,G?Yq|s,9,245816,,,false,3
,G?cznK,0,267185,,,false,3
,G?cznK,1,265440,,,false,3
,G?cznK,2,252799,,,false,3
,G?cznK,3,251194,,,false,3
,G?cznK,4,248609,,,false,3
,G?cznK,5,254266,,,false,3
,G?cznK,6,248610,,,false,3
,G?cznK,7,248191,,,false,3
,G?cznK,8,247562,,,false,3
,G?cznK,9,257129,,,false,3
,G?V`~s,0,278988,,,false,3
,G?V`~s,1,270537,,,false,3
,G?V`~s,2,265230,,,false,3
,G?V`~s,3,271655,,,false,3
,G?V`~s,4,261459,,,false,3
,G?V`~s,5,260342,,,false,3
,G?V`~s,6,269071,,,false,3
,G?V`~s,7,262367,,,false,3
,G?V`~s,8,260621,,,false,3
,G?V`~s,9,259574,,,false,3
,G?@Htk,0,240439,,,false,2
,G?@Htk,1,224238,,,false,2
,G?@Htk,2,218301,,,false,2
,G?@Htk,3,216137,,,false,2
,G?@Htk,4,214810,,,false,2
,G?@Htk,5,225145,,,false,2
,G?@Htk,6,214810,,,false,2
,G?@Htk,7,213762,,,false,2
,G?@Htk,8,214112,,,false,2
,G?@Htk,9,223749,,,false,2
,G?hZlk,0,264532,,,false,3
,G?hZlk,1,257548,,,false,3
,G?hZlk,2,251473,,,false,3
,G?hZlk,3,257619,,,false,3
,G?hZlk,4,248889,,,false,3
,G?hZlk,5,246934,,,false,3
,G?hZlk,6,249028,,,false,3
,G?hZlk,7,258038,,,false,3
,G?hZlk,8,247422,,,false,3
,G?hZlk,9,247981,,,false,3
,G?h\rk,0,266278,,,false,3
,G?h\rk,1,250355,,,false,3
,G?h\rk,2,247423,,,false,3
,G?h\rk,3,239461,,,false,3
,G?h\rk,4,252381,,,false,3
,G?h\rk,5,247143,,,false,3
,G?h\rk,6,245676,,,false,3
,G?h\rk,7,245328,,,false,3
,G?h\rk,8,254965,,,false,3
,G?h\rk,9,241905,,,false,3
,G?ozn{,0,282339,,,false,3
,G?ozn{,1,273820,,,false,3
,G?ozn{,2,283527,,,false,3
,G?ozn{,3,269141,,,false,3
,G?ozn{,4,268931,,,false,3
,G?ozn{,5,269141,,,false,3
,G?ozn{,6,276893,,,false,3
,G?ozn{,7,266557,,,false,3
,G?ozn{,8,266627,,,false,3
,G?ozn{,9,274029,,,false,3
,G?LuZs,0,269071,,,false,3
,G?LuZs,1,259993,,,false,3
,G?LuZs,2,252380,,,false,3
,G?LuZs,3,258526,,,false,3
,G?LuZs,4,250984,,,false,3
,G?LuZs,5,245397,,,false,3
,G?LuZs,6,249168,,,false,3
,G?LuZs,7,257339,,,false,3
,G?LuZs,8,249727,,,false,3
,G?LuZs,9,248190,,,false,3
,G?Mi~k,0,287088,,,false,3
,G?Mi~k,1,269141,,,false,3
,G?Mi~k,2,262996,,,false,3
,G?Mi~k,3,261878,,,false,3
,G?Mi~k,4,268721,,,false,3
,G?Mi~k,5,260970,,,false,3
,G?Mi~k,6,258526,,,false,3
,G?Mi~k,7,258108,,,false,3
,G?Mi~k,8,272772,,,false,3
,G?Mi~k,9,258596,,,false,3
,GAEj|w,0,273889,,,false,3
,GAEj|w,1,270957,,,false,3
,GAEj|w,2,257618,,,false,3
,GAEj|w,3,255663,,,false,3
,GAEj|w,4,256640,,,false,3
,GAEj|w,5,264672,,,false,3
,GAEj|w,6,253777,,,false,3
,GAEj|w,7,255733,,,false,3
,GAEj|w,8,252381,,,false,3
,GAEj|w,9,263694,,,false,3
,G?Mz~k,0,283387,,,false,4
,G?Mz~k,1,275356,,,false,4
,G?Mz~k,2,272283,,,false,4
,G?Mz~k,3,279966,,,false,4
,G?Mz~k,4,269141,,,false,4
,G?Mz~k,5,269001,,,false,4
,G?Mz~k,6,276054,,,false,4
,G?Mz~k,7,267605,,,false,4
,G?Mz~k,8,266906,,,false,4
,G?Mz~k,9,268862,,,false,4
,G?Mzv_,0,269979,,,false,4
,G?Mzv_,1,253358,,,false,4
,G?Mzv_,2,251403,,,false,4
,G?Mzv_,3,249518,,,false,4
,G?Mzv_,4,259923,,,false,4
,G?Mzv_,5,249447,,,false,4
,G?Mzv_,6,247422,,,false,4
,G?Mzv_,7,255523,,,false,4
,G?Mzv_,8,249448,,,false,4
,G?Mzv_,9,249517,,,false,4
,G?AYpo,0,216416,,,false,2
,G?AYpo,1,205732,,,false,2
,G?AYpo,2,213553,,,false,2
,G?AYpo,3,205243,,,false,2
,G?AYpo,4,203148,,,false,2
,G?AYpo,5,202659,,,false,2
,G?AYpo,6,211038,,,false,2
,G?AYpo,7,201262,,,false,2
,G?AYpo,8,200284,,,false,2
,G?AYpo,9,201053,,,false,2
,G_GSZ_,0,212436,,,false,2
,G_GSZ_,1,212924,,,false,2
,G_GSZ_,2,198539,,,false,2
,G_GSZ_,3,203148,,,false,2
,G_GSZ_,4,200913,,,false,2
,G_GSZ_,5,200564,,,false,2
,G_GSZ_,6,211527,,,false,2
,G_GSZ_,7,199866,,,false,2
,G_GSZ_,8,198050,,,false,2
,G_GSZ_,9,200144,,,false,2
,G@`?xw,0,236948,,,false,2
,G@`?xw,1,219350,,,false,2
,G@`?xw,2,215090,,,false,2
,G@`?xw,3,211388,,,false,2
,G@`?xw,4,215647,,,false,2
,G@`?xw,5,222282,,,false,2
,G@`?xw,6,212994,,,false,2
,G@`?xw,7,213553,,,false,2
,G@`?xw,8,212645,,,false,2
,G@`?xw,9,219350,,,false,2
,GCO_~[,0,247073,,,false,2
,GCO_~[,1,238134,,,false,2
,GCO_~[,2,235551,,,false,2
,GCO_~[,3,243372,,,false,2
,GCO_~[,4,233176,,,false,2
,GCO_~[,5,232758,,,false,2
,GCO_~[,6,232687,,,false,2
,GCO_~[,7,231151,,,false,2
,GCO_~[,8,239950,,,false,2
,GCO_~[,9,232059,,,false,2
,GCO_~{,0,249936,,,false,2
,GCO_~{,1,252381,,,false,2
,GCO_~{,2,242604,,,false,2
,GCO_~{,3,240020,,,false,2
,GCO_~{,4,239112,,,false,2
,GCO_~{,5,238903,,,false,2
,GCO_~{,6,250006,,,false,2
,GCO_~{,7,239601,,,false,2
,GCO_~{,8,240369,,,false,2
,GCO_~{,9,240299,,,false,2
,GCOaxw,0,239113,,,false,2
,GCOaxw,1,229195,,,false,2
,GCOaxw,2,224726,,,false,2
,GCOaxw,3,221584,,,false,2
,GCOaxw,4,225424,,,false,2
,GCOaxw,5,223260,,,false,2
,GCOaxw,6,221863,,,false,2
,GCOaxw,7,222352,,,false,2
,GCOaxw,8,229405,,,false,2
,GCOaxw,9,220397,,,false,2
,GQ?g}K,0,233386,,,false,2
,GQ?g}K,1,225285,,,false,2
,GQ?g}K,2,228637,,,false,2
,GQ?g}K,3,219978,,,false,2
,GQ?g}K,4,220885,,,false,2
,GQ?g}K,5,218301,,,false,2
,GQ?g}K,6,218581,,,false,2
,GQ?g}K,7,228986,,,false,2
,GQ?g}K,8,217533,,,false,2
,GQ?g}K,9,218720,,,false,2
,G_l@Gk,0,223190,,,false,3
,G_l@Gk,1,220327,,,false,3
,G_l@Gk,2,209921,,,false,3
,G_l@Gk,3,208595,,,false,3
,G_l@Gk,4,207407,,,false,3
,G_l@Gk,5,208804,,,false,3
,G_l@Gk,6,215718,,,false,3
,G_l@Gk,7,206220,,,false,3
,G_l@Gk,8,207407,,,false,3
,G_l@Gk,9,206221,,,false,3
,G`GSY[,0,237436,,,false,3
,G`GSY[,1,217534,,,false,3
,G`GSY[,2,214460,,,false,3
,G`GSY[,3,217604,,,false,3
,G`GSY[,4,218022,,,false,3
,G`GSY[,5,226053,,,false,3
,G`GSY[,6,214740,,,false,3
,G`GSY[,7,215019,,,false,3
,G`GSY[,8,215648,,,false,3
,G`GSY[,9,223748,,,false,3
,G??q\s,0,234852,,,false,2
,G??q\s,1,226542,,,false,2
,G??q\s,2,222282,,,false,2
,G??q\s,3,227520,,,false,2
,G??q\s,4,217533,,,false,2
,G??q\s,5,216975,,,false,2
,G??q\s,6,213274,,,false,2
,G??q\s,7,215927,,,false,2
,G??q\s,8,225145,,,false,2
,G??q\s,9,214740,,,false,2
,G?CTZW,0,233246,,,false,3
,G?CTZW,1,224657,,,false,3
,G?CTZW,2,234153,,,false,3
,G?CTZW,3,218580,,,false,3
,G?CTZW,4,217743,,,false,3
,G?CTZW,5,216974,,,false,3
,G?CTZW,6,227031,,,false,3
,G?CTZW,7,220886,,,false,3
,G?CTZW,8,219419,,,false,3
,G?CTZW,9,219000,,,false,3
,GGCmc[,0,236180,,,false,3
,GGCmc[,1,235132,,,false,3
,GGCmc[,2,225634,,,false,3
,GGCmc[,3,222632,,,false,3
,GGCmc[,4,223399,,,false,3
,GGCmc[,5,225704,,,false,3
,GGCmc[,6,221095,,,false,3
,GGCmc[,7,220396,,,false,3
,GGCmc[,8,219419,,,false,3
,GGCmc[,9,229475,,,false,3
,GCDH^K,0,244350,,,false,3
,GCDH^K,1,234642,,,false,3
,GCDH^K,2,231639,,,false,3
,GCDH^K,3,238973,,,false,3
,GCDH^K,4,231081,,,false,3
,GCDH^K,5,229825,,,false,3
,GCDH^K,6,228567,,,false,3
,GCDH^K,7,228497,,,false,3
,GCDH^K,8,237017,,,false,3
,GCDH^K,9,229196,,,false,3
,GCDH^[,0,245327,,,false,3
,GCDH^[,1,238623,,,false,3
,GCDH^[,2,246515,,,false,3
,GCDH^[,3,232827,,,false,3
,GCDH^[,4,235691,,,false,3
,GCDH^[,5,234783,,,false,3
,GCDH^[,6,243022,,,false,3
,GCDH^[,7,236458,,,false,3
,GCDH^[,8,233875,,,false,3
,GCDH^[,9,236109,,,false,3
,G`GR[{,0,257618,,,false,3
,G`GR[{,1,242325,,,false,3
,G`GR[{,2,238554,,,false,3
,G`GR[{,3,237017,,,false,3
,G`GR[{,4,243861,,,false,3
,G`GR[{,5,235061,,,false,3
,G`GR[{,6,235272,,,false,3
,G`GR[{,7,235550,,,false,3
,G`GR[{,8,248121,,,false,3
,G`GR[{,9,236808,,,false,3
,GG_q|{,0,267255,,,false,3
,GG_q|{,1,252800,,,false,3
,GG_q|{,2,261459,,,false,3
,GG_q|{,3,251822,,,false,3
,GG_q|{,4,249937,,,false,3
,GG_q|{,5,253009,,,false,3
,GG_q|{,6,260900,,,false,3
,GG_q|{,7,246725,,,false,3
,GG_q|{,8,247772,,,false,3
,GG_q|{,9,256850,,,false,3
,Go?Ax{,0,230033,,,false,2
,Go?Ax{,1,219978,,,false,2
,Go?Ax{,2,218441,,,false,2
,Go?Ax{,3,214740,,,false,2
,Go?Ax{,4,222282,,,false,2
,Go?Ax{,5,213832,,,false,2
,Go?Ax{,6,214461,,,false,2
,Go?Ax{,7,213902,,,false,2
,Go?Ax{,8,222212,,,false,2
,Go?Ax{,9,213622,,,false,2
,G??i|s,0,237156,,,false,3
,G??i|s,1,233247,,,false,3
,G??i|s,2,239532,,,false,3
,G??i|s,3,229405,,,false,3
,G??i|s,4,227590,,,false,3
,G??i|s,5,226821,,,false,3
,G??i|s,6,225913,,,false,3
,G??i|s,7,234713,,,false,3
,G??i|s,8,226123,,,false,3
,G??i|s,9,224657,,,false,3
,G@dTZ[,0,272283,,,false,3
,G@dTZ[,1,269979,,,false,3
,G@dTZ[,2,256640,,,false,3
,G@dTZ[,3,250356,,,false,3
,G@dTZ[,4,262437,,,false,3
,G@dTZ[,5,249796,,,false,3
,G@dTZ[,6,249867,,,false,3
,G@dTZ[,7,252799,,,false,3
,G@dTZ[,8,258526,,,false,3
,G@dTZ[,9,251473,,,false,3
,GGgq{{,0,259923,,,false,3
,GGgq{{,1,256152,,,false,3
,GGgq{{,2,260970,,,false,3
,GGgq{{,3,249937,,,false,3
,GGgq{{,4,249029,,,false,3
,GGgq{{,5,247143,,,false,3
,GGgq{{,6,259923,,,false,3
,GGgq{{,7,248819,,,false,3
,GGgq{{,8,243791,,,false,3
,GGgq{{,9,247144,,,false,3
,GAcr\{,0,281501,,,false,3
,GAcr\{,1,264742,,,false,3
,GAcr\{,2,257618,,,false,3
,GAcr\{,3,269700,,,false,3
,GAcr\{,4,254266,,,false,3
,GAcr\{,5,258526,,,false,3
,GAcr\{,6,254755,,,false,3
,GAcr\{,7,265789,,,false,3
,GAcr\{,8,261459,,,false,3
,GAcr\{,9,258316,,,false,3
,G@UJh{,0,261948,,,false,3
,G@UJh{,1,268372,,,false,3
,G@UJh{,2,248610,,,false,3
,G@UJh{,3,245816,,,false,3
,G@UJh{,4,244769,,,false,3
,G@UJh{,5,251892,,,false,3
,G@UJh{,6,244559,,,false,3
,G@UJh{,7,244768,,,false,3
,G@UJh{,8,243302,,,false,3
,G@UJh{,9,252311,,,false,3
,GCOzs{,0,261390,,,false,3
,GCOzs{,1,253777,,,false,3
,GCOzs{,2,248610,,,false,3
,GCOzs{,3,258037,,,false,3
,GCOzs{,4,248470,,,false,3
,GCOzs{,5,247632,,,false,3
,GCOzs{,6,255663,,,false,3
,GCOzs{,7,247143,,,false,3
,GCOzs{,8,247563,,,false,3
,GCOzs{,9,246444,,,false,3
,G@Qi|s,0,274727,,,false,3
,G@Qi|s,1,258037,,,false,3
,G@Qi|s,2,252870,,,false,3
,G@Qi|s,3,252869,,,false,3
,G@Qi|s,4,261319,,,false,3
,G@Qi|s,5,251403,,,false,3
,G@Qi|s,6,250984,,,false,3
,G@Qi|s,7,250007,,,false,3
,G@Qi|s,8,263834,,,false,3
,G@Qi|s,9,249378,,,false,3
,GAJax{,0,259573,,,false,3
,GAJax{,1,249587,,,false,3
,GAJax{,2,253708,,,false,3
,GAJax{,3,243651,,,false,3
,GAJax{,4,241417,,,false,3
,GAJax{,5,240998,,,false,3
,GAJax{,6,249168,,,false,3
,GAJax{,7,241417,,,false,3
,GAJax{,8,241906,,,false,3
,GAJax{,9,239252,,,false,3
,G@P\^k,0,280454,,,false,3
,G@P\^k,1,261878,,,false,3
,G@P\^k,2,259434,,,false,3
,G@P\^k,3,267046,,,false,3
,G@P\^k,4,256780,,,false,3
,G@P\^k,5,258526,,,false,3
,G@P\^k,6,258527,,,false,3
,G@P\^k,7,266277,,,false,3
,G@P\^k,8,256780,,,false,3
,G@P\^k,9,252032,,,false,3
,GAIZ~w,0,281921,,,false,3
,GAIZ~w,1,280384,,,false,3
,GAIZ~w,2,268931,,,false,3
,GAIZ~w,3,267116,,,false,3
,GAIZ~w,4,276124,,,false,3
,GAIZ~w,5,266208,,,false,3
,GAIZ~w,6,264742,,,false,3
,GAIZ~w,7,264881,,,false,3
,GAIZ~w,8,277242,,,false,3
,GAIZ~w,9,266068,,,false,3
,GAMPY[,0,245398,,,false,3
,GAMPY[,1,236528,,,false,3
,GAMPY[,2,241906,,,false,3
,GAMPY[,3,230383,,,false,3
,GAMPY[,4,227589,,,false,3
,GAMPY[,5,223749,,,false,3
,GAMPY[,6,240788,,,false,3
,GAMPY[,7,227380,,,false,3
,GAMPY[,8,226333,,,false,3
,GAMPY[,9,229056,,,false,3
,GAcpZ[,0,262297,,,false,3
,GAcpZ[,1,242254,,,false,3
,GAcpZ[,2,240579,,,false,3
,GAcpZ[,3,237017,,,false,3
,GAcpZ[,4,242744,,,false,3
,GAcpZ[,5,236528,,,false,3
,GAcpZ[,6,231291,,,false,3
,GAcpZ[,7,236738,,,false,3
,GAcpZ[,8,246165,,,false,3
,GAcpZ[,9,236039,,,false,3
,GAHXvK,0,258526,,,false,3
,GAHXvK,1,249029,,,false,3
,GAHXvK,2,253847,,,false,3
,GAHXvK,3,243442,,,false,3
,GAHXvK,4,243162,,,false,3
,GAHXvK,5,244419,,,false,3
,GAHXvK,6,255244,,,false,3
,GAHXvK,7,240928,,,false,3
,GAHXvK,8,241835,,,false,3
,GAHXvK,9,240160,,,false,3
,GAHkzs,0,274029,,,false,3
,GAHkzs,1,254266,,,false,3
,GAHkzs,2,251403,,,false,3
,GAHkzs,3,248679,,,false,3
,GAHkzs,4,256641,,,false,3
,GAHkzs,5,246515,,,false,3
,GAHkzs,6,245606,,,false,3
,GAHkzs,7,246165,,,false,3
,GAHkzs,8,254266,,,false,3
,GAHkzs,9,245677,,,false,3
,GOPXvk,0,264811,,,false,3
,GOPXvk,1,263415,,,false,3
,GOPXvk,2,251473,,,false,3
,GOPXvk,3,249447,,,false,3
,GOPXvk,4,250006,,,false,3
,GOPXvk,5,258037,,,false,3
,GOPXvk,6,249588,,,false,3
,GOPXvk,7,248121,,,false,3
,GOPXvk,8,248540,,,false,3
,GOPXvk,9,257548,,,false,3
,G?BDz{,0,252870,,,false,2
,G?BDz{,1,245118,,,false,2
,G?BDz{,2,240369,,,false,2
,G?BDz{,3,248540,,,false,2
,G?BDz{,4,238693,,,false,2
,G?BDz{,5,237994,,,false,2
,G?BDz{,6,237715,,,false,2
,G?BDz{,7,244210,,,false,2
,G?BDz{,8,237017,,,false,2
,G?BDz{,9,235481,,,false,2
,G@O|}w,0,275147,,,false,3
,G@O|}w,1,280524,,,false,3
,G@O|}w,2,259504,,,false,3
,G@O|}w,3,257618,,,false,3
,G@O|}w,4,255663,,,false,3
,G@O|}w,5,263205,,,false,3
,G@O|}w,6,255663,,,false,3
,G@O|}w,7,254685,,,false,3
,G@O|}w,8,259992,,,false,3
,G@O|}w,9,250495,,,false,3
,GQAzu[,0,276054,,,false,3
,GQAzu[,1,264323,,,false,3
,GQAzu[,2,271864,,,false,3
,GQAzu[,3,258526,,,false,3
,GQAzu[,4,254825,,,false,3
,GQAzu[,5,253778,,,false,3
,GQAzu[,6,267116,,,false,3
,GQAzu[,7,258595,,,false,3
,GQAzu[,8,258037,,,false,3
,GQAzu[,9,259015,,,false,3
,GAJ\r{,0,282898,,,false,3
,GAJ\r{,1,271516,,,false,3
,GAJ\r{,2,266068,,,false,3
,GAJ\r{,3,272004,,,false,3
,GAJ\r{,4,265300,,,false,3
,GAJ\r{,5,265788,,,false,3
,GAJ\r{,6,263693,,,false,3
,GAJ\r{,7,273890,,,false,3
,GAJ\r{,8,264672,,,false,3
,GAJ\r{,9,263624,,,false,3
,G_hP_[,0,235271,,,false,3
,G_hP_[,1,219978,,,false,3
,G_hP_[,2,215718,,,false,3
,G_hP_[,3,212855,,,false,3
,G_hP_[,4,213133,,,false,3
,G_hP_[,5,223259,,,false,3
,G_hP_[,6,213344,,,false,3
,G_hP_[,7,212924,,,false,3
,G_hP_[,8,212296,,,false,3
,G_hP_[,9,211876,,,false,3
,GCUb?{,0,235620,,,false,3
,GCUb?{,1,225145,,,false,3
,GCUb?{,2,227031,,,false,3
,GCUb?{,3,225774,,,false,3
,GCUb?{,4,233944,,,false,3
,GCUb?{,5,223539,,,false,3
,GCUb?{,6,224657,,,false,3
,GCUb?{,7,224167,,,false,3
,GCUb?{,8,232757,,,false,3
,GCUb?{,9,222352,,,false,3
,Gp@Gzo,0,246026,,,false,3
,Gp@Gzo,1,237296,,,false,3
,Gp@Gzo,2,244350,,,false,3
,Gp@Gzo,3,231361,,,false,3
,Gp@Gzo,4,230872,,,false,3
,Gp@Gzo,5,231291,,,false,3
,Gp@Gzo,6,234503,,,false,3
,Gp@Gzo,7,228078,,,false,3
,Gp@Gzo,8,229475,,,false,3
,Gp@Gzo,9,228916,,,false,3
,GoDPZ{,0,270119,,,false,3
,GoDPZ{,1,250984,,,false,3
,GoDPZ{,2,247632,,,false,3
,GoDPZ{,3,248400,,,false,3
,GoDPZ{,4,255663,,,false,3
,GoDPZ{,5,245607,,,false,3
,GoDPZ{,6,246514,,,false,3
,GoDPZ{,7,246166,,,false,3
,GoDPZ{,8,256152,,,false,3
,GoDPZ{,9,245606,,,false,3
,GaIHg{,0,244768,,,false,3
,GaIHg{,1,236040,,,false,3
,GaIHg{,2,239042,,,false,3
,GaIHg{,3,228497,,,false,3
,GaIHg{,4,227799,,,false,3
,GaIHg{,5,225425,,,false,3
,GaIHg{,6,233665,,,false,3
,GaIHg{,7,225634,,,false,3
,GaIHg{,8,225635,,,false,3
,GaIHg{,9,225145,,,false,3
,GGUTX{,0,275636,,,false,3
,GGUTX{,1,255662,,,false,3
,GGUTX{,2,253219,,,false,3
,GGUTX{,3,249867,,,false,3
,GGUTX{,4,257618,,,false,3
,GGUTX{,5,249029,,,false,3
,GGUTX{,6,243651,,,false,3
,GGUTX{,7,249029,,,false,3
,GGUTX{,8,257688,,,false,3
,GGUTX{,9,247981,,,false,3
,G?Baps,0,223678,,,false,2
,G?Baps,1,215997,,,false,2
,G?Baps,2,221165,,,false,2
,G?Baps,3,211947,,,false,2
,G?Baps,4,208524,,,false,2
,G?Baps,5,208036,,,false,2
,G?Baps,6,207966,,,false,2
,G?Baps,7,212017,,,false,2
,G?Baps,8,208874,,,false,2
,G?Baps,9,207477,,,false,2
,G??X~G,0,227101,,,false,2
,G??X~G,1,230942,,,false,2
,G??X~G,2,211318,,,false,2
,G??X~G,3,217464,,,false,2
,G??X~G,4,216905,,,false,2
,G??X~G,5,214321,,,false,2
,G??X~G,6,219419,,,false,2
,G??X~G,7,211807,,,false,2
,G??X~G,8,213833,,,false,2
,G??X~G,9,212296,,,false,2
,G@hSz[,0,277032,,,false,3
,G@hSz[,1,256641,,,false,3
,G@hSz[,2,252031,,,false,3
,G@hSz[,3,250844,,,false,3
,G@hSz[,4,257618,,,false,3
,G@hSz[,5,247981,,,false,3
,G@hSz[,6,247422,,,false,3
,G@hSz[,7,246095,,,false,3
,G@hSz[,8,255174,,,false,3
,G@hSz[,9,245118,,,false,3
,GqGUXw,0,254336,,,false,3
,GqGUXw,1,243931,,,false,3
,GqGUXw,2,249168,,,false,3
,GqGUXw,3,238135,,,false,3
,GqGUXw,4,239462,,,false,3
,GqGUXw,5,236807,,,false,3
,GqGUXw,6,246026,,,false,3
,GqGUXw,7,236528,,,false,3
,GqGUXw,8,236668,,,false,3
,GqGUXw,9,237506,,,false,3
,GGMP}w,0,270607,,,false,3
,GGMP}w,1,253289,,,false,3
,GGMP}w,2,250355,,,false,3
,GGMP}w,3,247213,,,false,3
,GGMP}w,4,255663,,,false,3
,GGMP}w,5,245607,,,false,3
,GGMP}w,6,245048,,,false,3
,GGMP}w,7,245048,,,false,3
,GGMP}w,8,239042,,,false,3
,GGMP}w,9,245746,,,false,3
,G@hP~w,0,266138,,,false,3
,G@hP~w,1,265789,,,false,3
,G@hP~w,2,255733,,,false,3
,G@hP~w,3,256152,,,false,3
,G@hP~w,4,252311,,,false,3
,G@hP~w,5,261808,,,false,3
,G@hP~w,6,250984,,,false,3
,G@hP~w,7,251892,,,false,3
,G@hP~w,8,246655,,,false,3
,G@hP~w,9,260970,,,false,3
,GaClz{,0,273889,,,false,3
,GaClz{,1,267046,,,false,3
,GaClz{,2,260970,,,false,3
,GaClz{,3,268443,,,false,3
,GaClz{,4,260411,,,false,3
,GaClz{,5,258456,,,false,3
,GaClz{,6,267745,,,false,3
,GaClz{,7,257827,,,false,3
,GaClz{,8,258037,,,false,3
,GaClz{,9,255663,,,false,3
,GBIM~w,0,295818,,,false,3
,GBIM~w,1,275077,,,false,3
,GBIM~w,2,268652,,,false,3
,GBIM~w,3,275495,,,false,3
,GBIM~w,4,266487,,,false,3
,GBIM~w,5,266906,,,false,3
,GBIM~w,6,265580,,,false,3
,GBIM~w,7,270328,,,false,3
,GBIM~w,8,261180,,,false,3
,GBIM~w,9,265649,,,false,3
,G?AZRk,0,238624,,,false,2
,G?AZRk,1,233176,,,false,2
,G?AZRk,2,226402,,,false,2
,G?AZRk,3,222981,,,false,2
,G?AZRk,4,221304,,,false,2
,G?AZRk,5,231779,,,false,2
,G?AZRk,6,219978,,,false,2
,G?AZRk,7,221374,,,false,2
,G?AZRk,8,221863,,,false,2
,G?AZRk,9,221584,,,false,2
,G?AZVk,0,242813,,,false,2
,G?AZVk,1,235900,,,false,2
,G?AZVk,2,231919,,,false,2
,G?AZVk,3,230453,,,false,2
,G?AZVk,4,239043,,,false,2
,G?AZVk,5,230453,,,false,2
,G?AZVk,6,230034,,,false,2
,G?AZVk,7,229475,,,false,2
,G?AZVk,8,236109,,,false,2
,G?AZVk,9,228986,,,false,2
,GALel[,0,252869,,,false,3
,GALel[,1,251403,,,false,3
,GALel[,2,255663,,,false,3
,GALel[,3,247074,,,false,3
,GALel[,4,246095,,,false,3
,GALel[,5,245328,,,false,3
,GALel[,6,251822,,,false,3
,GALel[,7,243303,,,false,3
,GALel[,8,244280,,,false,3
,GALel[,9,243931,,,false,3
,G@TtU[,0,271655,,,false,3
,G@TtU[,1,255663,,,false,3
,G@TtU[,2,252311,,,false,3
,G@TtU[,3,258317,,,false,3
,G@TtU[,4,248680,,,false,3
,G@TtU[,5,247632,,,false,3
,G@TtU[,6,248889,,,false,3
,G@TtU[,7,256640,,,false,3
,G@TtU[,8,246654,,,false,3
,G@TtU[,9,242674,,,false,3
,GIEht{,0,270607,,,false,4
,GIEht{,1,269909,,,false,4
,GIEht{,2,256151,,,false,4
,GIEht{,3,254196,,,false,4
,GIEht{,4,250914,,,false,4
,GIEht{,5,260691,,,false,4
,GIEht{,6,251473,,,false,4
,GIEht{,7,251403,,,false,4
,GIEht{,8,252869,,,false,4
,GIEht{,9,260482,,,false,4
,GAYXzk,0,271166,,,false,4
,GAYXzk,1,262227,,,false,4
,GAYXzk,2,266068,,,false,4
,GAYXzk,3,254475,,,false,4
,GAYXzk,4,252380,,,false,4
,GAYXzk,5,253778,,,false,4
,GAYXzk,6,261738,,,false,4
,GAYXzk,7,252451,,,false,4
,GAYXzk,8,253358,,,false,4
,GAYXzk,9,252800,,,false,4
,G@Xs}{,0,300287,,,false,4
,G@Xs}{,1,271445,,,false,4
,G@Xs}{,2,271516,,,false,4
,G@Xs}{,3,277521,,,false,4
,G@Xs}{,4,267954,,,false,4
,G@Xs}{,5,267674,,,false,4
,G@Xs}{,6,268512,,,false,4
,G@Xs}{,7,276264,,,false,4
,G@Xs}{,8,267186,,,false,4
,G@Xs}{,9,267534,,,false,4
,GG]Pm[,0,267605,,,false,3
,GG]Pm[,1,264881,,,false,3
,GG]Pm[,2,253079,,,false,3
,GG]Pm[,3,251473,,,false,3
,GG]Pm[,4,258595,,,false,3
,GG]Pm[,5,250006,,,false,3
,GG]Pm[,6,249517,,,false,3
,GG]Pm[,7,249517,,,false,3
,GG]Pm[,8,255244,,,false,3
,GG]Pm[,9,249588,,,false,3
,G@h[z[,0,267605,,,false,4
,G@h[z[,1,253777,,,false,4
,G@h[z[,2,265719,,,false,4
,G@h[z[,3,255244,,,false,4
,G@h[z[,4,254546,,,false,4
,G@h[z[,5,253289,,,false,4
,G@h[z[,6,259015,,,false,4
,G@h[z[,7,247492,,,false,4
,G@h[z[,8,248889,,,false,4
,G@h[z[,9,252311,,,false,4
,GILe|{,0,297773,,,false,4
,GILe|{,1,273680,,,false,4
,GILe|{,2,273820,,,false,4
,GILe|{,3,282549,,,false,4
,GILe|{,4,271585,,,false,4
,GILe|{,5,273122,,,false,4
,GILe|{,6,270258,,,false,4
,GILe|{,7,278987,,,false,4
,GILe|{,8,270397,,,false,4
,GILe|{,9,270537,,,false,4
,GGS}|{,0,294281,,,false,4
,GGS}|{,1,275286,,,false,4
,GGS}|{,2,271934,,,false,4
,GGS}|{,3,269490,,,false,4
,GGS}|{,4,278150,,,false,4
,GGS}|{,5,266278,,,false,4
,GGS}|{,6,268931,,,false,4
,GGS}|{,7,273890,,,false,4
,GGS}|{,8,268093,,,false,4
,GGS}|{,9,268024,,,false,4
,GALt]s,0,272353,,,false,3
,GALt]s,1,280035,,,false,3
,GALt]s,2,260970,,,false,3
,GALt]s,3,259015,,,false,3
,GALt]s,4,259015,,,false,3
,GALt]s,5,266418,,,false,3
,GALt]s,6,257129,,,false,3
,GALt]s,7,257130,,,false,3
,GALt]s,8,264672,,,false,3
,GALt]s,9,254964,,,false,3
,GGUp}{,0,284295,,,false,4
,GGUp}{,1,276683,,,false,4
,GGUp}{,2,286949,,,false,4
,GGUp}{,3,265300,,,false,4
,GGUp}{,4,268024,,,false,4
,GGUp}{,5,269629,,,false,4
,GGUp}{,6,268093,,,false,4
,GGUp}{,7,262786,,,false,4
,GGUp}{,8,268093,,,false,4
,GGUp}{,9,275147,,,false,4
,GONR}{,0,287647,,,false,4
,GONR}{,1,280873,,,false,4
,GONR}{,2,275705,,,false,4
,GONR}{,3,284714,,,false,4
,GONR}{,4,274798,,,false,4
,GONR}{,5,274169,,,false,4
,GONR}{,6,281921,,,false,4
,GONR}{,7,272772,,,false,4
,GONR}{,8,272982,,,false,4
,GONR}{,9,273750,,,false,4
,G?Bax{,0,252311,,,false,2
,G?Bax{,1,234084,,,false,2
,G?Bax{,2,229475,,,false,2
,G?Bax{,3,228009,,,false,2
,G?Bax{,4,233875,,,false,2
,G?Bax{,5,225564,,,false,2
,G?Bax{,6,226891,,,false,2
,G?Bax{,7,225704,,,false,2
,G?Bax{,8,232897,,,false,2
,G?Bax{,9,223819,,,false,2
,G?AZ^k,0,249518,,,false,2
,G?AZ^k,1,242884,,,false,2
,G?AZ^k,2,248958,,,false,2
,G?AZ^k,3,238973,,,false,2
,G?AZ^k,4,232897,,,false,2
,G?AZ^k,5,238903,,,false,2
,G?AZ^k,6,244769,,,false,2
,G?AZ^k,7,237995,,,false,2
,G?AZ^k,8,236668,,,false,2
,G?AZ^k,9,235691,,,false,2
,GCSzzw,0,274518,,,false,4
,GCSzzw,1,257129,,,false,4
,GCSzzw,2,253777,,,false,4
,GCSzzw,3,254965,,,false,4
,GCSzzw,4,260901,,,false,4
,GCSzzw,5,250146,,,false,4
,GCSzzw,6,248680,,,false,4
,GCSzzw,7,250774,,,false,4
,GCSzzw,8,260900,,,false,4
,GCSzzw,9,251403,,,false,4
,GAkzn[,0,289533,,,false,4
,GAkzn[,1,289532,,,false,4
,GAkzn[,2,276264,,,false,4
,GAkzn[,3,273890,,,false,4
,GAkzn[,4,273820,,,false,4
,GAkzn[,5,280524,,,false,4
,GAkzn[,6,273331,,,false,4
,GAkzn[,7,272772,,,false,4
,GAkzn[,8,279756,,,false,4
,GAkzn[,9,270607,,,false,4
,GEL\Z[,0,276893,,,false,4
,GEL\Z[,1,263344,,,false,4
,GEL\Z[,2,271166,,,false,4
,GEL\Z[,3,261738,,,false,4
,GEL\Z[,4,260481,,,false,4
,GEL\Z[,5,259085,,,false,4
,GEL\Z[,6,260412,,,false,4
,GEL\Z[,7,257618,,,false,4
,GEL\Z[,8,259504,,,false,4
,GEL\Z[,9,269350,,,false,4
,GBd\Z[,0,271026,,,false,4
,GBd\Z[,1,266068,,,false,4
,GBd\Z[,2,264881,,,false,4
,GBd\Z[,3,270398,,,false,4
,GBd\Z[,4,262436,,,false,4
,GBd\Z[,5,261809,,,false,4
,GBd\Z[,6,261389,,,false,4
,GBd\Z[,7,270258,,,false,4
,GBd\Z[,8,261389,,,false,4
,GBd\Z[,9,262018,,,false,4
,GANe|w,0,290999,,,false,4
,GANe|w,1,265789,,,false,4
,GANe|w,2,265719,,,false,4
,GANe|w,3,265090,,,false,4
,GANe|w,4,273400,,,false,4
,GANe|w,5,263415,,,false,4
,GANe|w,6,263344,,,false,4
,GANe|w,7,272214,,,false,4
,GANe|w,8,263275,,,false,4
,GANe|w,9,263973,,,false,4
,GES|^[,0,286599,,,false,4
,GES|^[,1,292326,,,false,4
,GES|^[,2,273890,,,false,4
,GES|^[,3,271794,,,false,4
,GES|^[,4,281851,,,false,4
,GES|^[,5,271375,,,false,4
,GES|^[,6,271096,,,false,4
,GES|^[,7,269909,,,false,4
,GES|^[,8,281292,,,false,4
,GES|^[,9,270468,,,false,4
,GBM^]{,0,289951,,,false,4
,GBM^]{,1,292117,,,false,4
,GBM^]{,2,279127,,,false,4
,GBM^]{,3,277731,,,false,4
,GBM^]{,4,272423,,,false,4
,GBM^]{,5,290440,,,false,4
,GBM^]{,6,278149,,,false,4
,GBM^]{,7,271375,,,false,4
,GBM^]{,8,281432,,,false,4
,GBM^]{,9,270537,,,false,4
,GDXcy{,0,268023,,,false,4
,GDXcy{,1,260481,,,false,4
,GDXcy{,2,268442,,,false,4
,GDXcy{,3,261948,,,false,4
,GDXcy{,4,257619,,,false,4
,GDXcy{,5,257129,,,false,4
,GDXcy{,6,266557,,,false,4
,GDXcy{,7,259015,,,false,4
,GDXcy{,8,253778,,,false,4
,GDXcy{,9,255663,,,false,4
,GCXtuw,0,266976,,,false,3
,GCXtuw,1,262367,,,false,3
,GCXtuw,2,259015,,,false,3
,GCXtuw,3,264811,,,false,3
,GCXtuw,4,259504,,,false,3
,GCXtuw,5,256641,,,false,3
,GCXtuw,6,252101,,,false,3
,GCXtuw,7,262437,,,false,3
,GCXtuw,8,249797,,,false,3
,GCXtuw,9,250496,,,false,3
,GIG\[w,0,249169,,,false,4
,GIG\[w,1,250285,,,false,4
,GIG\[w,2,236039,,,false,4
,GIG\[w,3,238624,,,false,4
,GIG\[w,4,237576,,,false,4
,GIG\[w,5,248190,,,false,4
,GIG\[w,6,237157,,,false,4
,GIG\[w,7,236040,,,false,4
,GIG\[w,8,237575,,,false,4
,GIG\[w,9,244769,,,false,4
,GQGX}W,0,246584,,,false,3
,GQGX}W,1,239811,,,false,3
,GQGX}W,2,240578,,,false,3
,GQGX}W,3,249518,,,false,3
,GQGX}W,4,238903,,,false,3
,GQGX}W,5,238205,,,false,3
,GQGX}W,6,236807,,,false,3
,GQGX}W,7,241836,,,false,3
,GQGX}W,8,236808,,,false,3
,GQGX}W,9,238065,,,false,3
,G`GZ[w,0,248540,,,false,4
,G`GZ[w,1,247562,,,false,4
,G`GZ[w,2,238204,,,false,4
,G`GZ[w,3,237505,,,false,4
,G`GZ[w,4,231360,,,false,4
,G`GZ[w,5,243163,,,false,4
,G`GZ[w,6,234573,,,false,4
,G`GZ[w,7,234154,,,false,4
,G`GZ[w,8,234293,,,false,4
,G`GZ[w,9,241696,,,false,4
,GHFKvK,0,263205,,,false,3
,GHFKvK,1,253847,,,false,3
,GHFKvK,2,249937,,,false,3
,GHFKvK,3,260970,,,false,3
,GHFKvK,4,246724,,,false,3
,GHFKvK,5,247283,,,false,3
,GHFKvK,6,244768,,,false,3
,GHFKvK,7,254266,,,false,3
,GHFKvK,8,246236,,,false,3
,GHFKvK,9,248260,,,false,3
,G_[sj[,0,266208,,,false,3
,G_[sj[,1,261249,,,false,3
,G_[sj[,2,249099,,,false,3
,G_[sj[,3,248959,,,false,3
,G_[sj[,4,251473,,,false,3
,G_[sj[,5,256152,,,false,3
,G_[sj[,6,246794,,,false,3
,G_[sj[,7,250984,,,false,3
,G_[sj[,8,260901,,,false,3
,G_[sj[,9,251752,,,false,3
,G_[sn[,0,267116,,,false,3
,G_[sn[,1,260621,,,false,3
,G_[sn[,2,273750,,,false,3
,G_[sn[,3,253288,,,false,3
,G_[sn[,4,252939,,,false,3
,G_[sn[,5,257828,,,false,3
,G_[sn[,6,265649,,,false,3
,G_[sn[,7,256641,,,false,3
,G_[sn[,8,257060,,,false,3
,G_[sn[,9,256361,,,false,3
,GcCzR{,0,280942,,,false,4
,GcCzR{,1,262786,,,false,4
,GcCzR{,2,258596,,,false,4
,GcCzR{,3,264880,,,false,4
,GcCzR{,4,257618,,,false,4
,GcCzR{,5,255733,,,false,4
,GcCzR{,6,256850,,,false,4
,GcCzR{,7,267745,,,false,4
,GcCzR{,8,253847,,,false,4
,GcCzR{,9,255174,,,false,4
,GKKmi{,0,274797,,,false,4
,GKKmi{,1,274169,,,false,4
,GKKmi{,2,260481,,,false,4
,GKKmi{,3,259434,,,false,4
,GKKmi{,4,260831,,,false,4
,GKKmi{,5,257548,,,false,4
,GKKmi{,6,256641,,,false,4
,GKKmi{,7,254196,,,false,4
,GKKmi{,8,264951,,,false,4
,GKKmi{,9,250495,,,false,4
,GALt^s,0,283317,,,false,4
,GALt^s,1,274378,,,false,4
,GALt^s,2,280385,,,false,4
,GALt^s,3,263764,,,false,4
,GALt^s,4,264741,,,false,4
,GALt^s,5,275635,,,false,4
,GALt^s,6,264881,,,false,4
,GALt^s,7,264183,,,false,4
,GALt^s,8,265789,,,false,4
,GALt^s,9,272702,,,false,4
,GqAix{,0,264392,,,false,3
,GqAix{,1,252800,,,false,3
,GqAix{,2,248609,,,false,3
,GqAix{,3,256640,,,false,3
,GqAix{,4,242465,,,false,3
,GqAix{,5,245118,,,false,3
,GqAix{,6,244839,,,false,3
,GqAix{,7,252940,,,false,3
,GqAix{,8,245747,,,false,3
,GqAix{,9,245327,,,false,3
,GEHkzs,0,283736,,,false,3
,GEHkzs,1,265649,,,false,3
,GEHkzs,2,259992,,,false,3
,GEHkzs,3,258526,,,false,3
,GEHkzs,4,266069,,,false,3
,GEHkzs,5,257129,,,false,3
,GEHkzs,6,256641,,,false,3
,GEHkzs,7,255663,,,false,3
,GEHkzs,8,266068,,,false,3
,GEHkzs,9,257618,,,false,3
,GAjP~s,0,279057,,,false,3
,GAjP~s,1,281013,,,false,3
,GAjP~s,2,268652,,,false,3
,GAjP~s,3,267535,,,false,3
,GAjP~s,4,261948,,,false,3
,GAjP~s,5,275566,,,false,3
,GAjP~s,6,264392,,,false,3
,GAjP~s,7,265160,,,false,3
,GAjP~s,8,266347,,,false,3
,GAjP~s,9,273680,,,false,3
,G@W}]k,0,270607,,,false,3
,G@W}]k,1,261459,,,false,3
,G@W}]k,2,267744,,,false,3
,G@W}]k,3,255663,,,false,3
,G@W}]k,4,256152,,,false,3
,G@W}]k,5,252870,,,false,3
,G@W}]k,6,262298,,,false,3
,G@W}]k,7,254196,,,false,3
,G@W}]k,8,252730,,,false,3
,G@W}]k,9,253777,,,false,3
,GCLZ\[,0,279476,,,false,3
,GCLZ\[,1,258526,,,false,3
,GCLZ\[,2,253777,,,false,3
,GCLZ\[,3,250775,,,false,3
,GCLZ\[,4,258526,,,false,3
,GCLZ\[,5,250076,,,false,3
,GCLZ\[,6,249587,,,false,3
,GCLZ\[,7,249028,,,false,3
,GCLZ\[,8,258526,,,false,3
,GCLZ\[,9,244280,,,false,3
,GAY\Zk,0,270817,,,false,3
,GAY\Zk,1,270607,,,false,3
,GAY\Zk,2,258038,,,false,3
,GAY\Zk,3,255733,,,false,3
,GAY\Zk,4,255244,,,false,3
,GAY\Zk,5,264671,,,false,3
,GAY\Zk,6,254755,,,false,3
,GAY\Zk,7,251473,,,false,3
,GAY\Zk,8,254685,,,false,3
,GAY\Zk,9,264253,,,false,3
,G@qi~k,0,279058,,,false,3
,G@qi~k,1,269141,,,false,3
,G@qi~k,2,274518,,,false,3
,G@qi~k,3,263973,,,false,3
,G@qi~k,4,264532,,,false,3
,G@qi~k,5,262297,,,false,3
,G@qi~k,6,270817,,,false,3
,G@qi~k,7,261599,,,false,3
,G@qi~k,8,262367,,,false,3
,G@qi~k,9,263135,,,false,3
,G_hX~{,0,288066,,,false,3
,G_hX~{,1,271585,,,false,3
,G_hX~{,2,270816,,,false,3
,G_hX~{,3,275287,,,false,3
,G_hX~{,4,266487,,,false,3
,G_hX~{,5,267535,,,false,3
,G_hX~{,6,265300,,,false,3
,G_hX~{,7,279406,,,false,3
,G_hX~{,8,265369,,,false,3
,G_hX~{,9,265231,,,false,3
,GAMnnw,0,298262,,,false,4
,GAMnnw,1,281152,,,false,4
,GAMnnw,2,274797,,,false,4
,GAMnnw,3,275147,,,false,4
,GAMnnw,4,288624,,,false,4
,GAMnnw,5,271585,,,false,4
,GAMnnw,6,272773,,,false,4
,GAMnnw,7,267534,,,false,4
,GAMnnw,8,280104,,,false,4
,GAMnnw,9,273470,,,false,4
,G_Mz~k,0,286669,,,false,4
,G_Mz~k,1,290511,,,false,4
,G_Mz~k,2,276822,,,false,4
,G_Mz~k,3,275077,,,false,4
,G_Mz~k,4,282549,,,false,4
,G_Mz~k,5,273121,,,false,4
,G_Mz~k,6,271446,,,false,4
,G_Mz~k,7,271306,,,false,4
,G_Mz~k,8,281851,,,false,4
,G_Mz~k,9,272004,,,false,4
,G@Nv]{,0,281850,,,false,4
,G@Nv]{,1,281083,,,false,4
,G@Nv]{,2,271795,,,false,4
,G@Nv]{,3,268652,,,false,4
,G@Nv]{,4,268861,,,false,4
,G@Nv]{,5,277451,,,false,4
,G@Nv]{,6,268094,,,false,4
,G@Nv]{,7,263833,,,false,4
,G@Nv]{,8,263903,,,false,4
,G@Nv]{,9,276613,,,false,4
,G_lzrk,0,277451,,,false,4
,G_lzrk,1,262367,,,false,4
,G_lzrk,2,271445,,,false,4
,G_lzrk,3,262297,,,false,4
,G_lzrk,4,262856,,,false,4
,G_lzrk,5,261739,,,false,4
,G_lzrk,6,276753,,,false,4
,G_lzrk,7,259853,,,false,4
,G_lzrk,8,262018,,,false,4
,G_lzrk,9,261808,,,false,4
,G@zRzw,0,286181,,,false,4
,G@zRzw,1,273401,,,false,4
,G@zRzw,2,268513,,,false,4
,G@zRzw,3,271515,,,false,4
,G@zRzw,4,263763,,,false,4
,G@zRzw,5,265789,,,false,4
,G@zRzw,6,266068,,,false,4
,G@zRzw,7,275845,,,false,4
,G@zRzw,8,267185,,,false,4
,G@zRzw,9,262437,,,false,4
,G_lv~w,0,302382,,,false,4
,G_lv~w,1,283806,,,false,4
,G_lv~w,2,282409,,,false,4
,G_lv~w,3,280104,,,false,4
,G_lv~w,4,289113,,,false,4
,G_lv~w,5,278639,,,false,4
,G_lv~w,6,275775,,,false,4
,G_lv~w,7,287577,,,false,4
,G_lv~w,8,280454,,,false,4
,G_lv~w,9,279616,,,false,4
,GDhzu{,0,289742,,,false,4
,GDhzu{,1,288973,,,false,4
,GDhzu{,2,276753,,,false,4
,GDhzu{,3,276125,,,false,4
,GDhzu{,4,281990,,,false,4
,GDhzu{,5,273471,,,false,4
,GDhzu{,6,272283,,,false,4
,GDhzu{,7,272842,,,false,4
,GDhzu{,8,282340,,,false,4
,GDhzu{,9,275356,,,false,4
,GDhzv{,0,283317,,,false,5
,GDhzv{,1,287437,,,false,5
,GDhzv{,2,274030,,,false,5
,GDhzv{,3,274867,,,false,5
,GDhzv{,4,272493,,,false,5
,GDhzv{,5,281432,,,false,5
,GDhzv{,6,272284,,,false,5
,GDhzv{,7,273889,,,false,5
,GDhzv{,8,281012,,,false,5
,GDhzv{,9,272004,,,false,5
,GEnbzw,0,285761,,,false,4
,GEnbzw,1,282410,,,false,4
,GEnbzw,2,287158,,,false,4
,GEnbzw,3,277311,,,false,4
,GEnbzw,4,270956,,,false,4
,GEnbzw,5,283108,,,false,4
,GEnbzw,6,276334,,,false,4
,GEnbzw,7,277242,,,false,4
,GEnbzw,8,275217,,,false,4
,GEnbzw,9,286670,,,false,4
,GtlrY{,0,280314,,,false,5
,GtlrY{,1,276194,,,false,5
,GtlrY{,2,285273,,,false,5
,GtlrY{,3,271515,,,false,5
,GtlrY{,4,271096,,,false,5
,GtlrY{,5,271725,,,false,5
,GtlrY{,6,279058,,,false,5
,GtlrY{,7,273261,,,false,5
,GtlrY{,8,271166,,,false,5
,GtlrY{,9,280943,,,false,5
,G}nax{,0,288136,,,false,5
,G}nax{,1,282410,,,false,5
,G}nax{,2,280104,,,false,5
,G}nax{,3,289044,,,false,5
,G}nax{,4,278988,,,false,5
,G}nax{,5,278009,,,false,5
,G}nax{,6,283038,,,false,5
,G}nax{,7,276963,,,false,5
,G}nax{,8,277102,,,false,5
,G}nax{,9,276613,,,false,5
,G`iayw,0,268652,,,false,4
,G`iayw,1,250914,,,false,4
,G`iayw,2,249098,,,false,4
,G`iayw,3,257129,,,false,4
,G`iayw,4,245327,,,false,4
,G`iayw,5,242115,,,false,4
,G`iayw,6,249028,,,false,4
,G`iayw,7,254267,,,false,4
,G`iayw,8,246514,,,false,4
,G`iayw,9,245397,,,false,4
,G@hYtK,0,253358,,,false,4
,G@hYtK,1,253847,,,false,4
,G@hYtK,2,242045,,,false,4
,G@hYtK,3,240718,,,false,4
,G@hYtK,4,242814,,,false,4
,G@hYtK,5,250076,,,false,4
,G@hYtK,6,240230,,,false,4
,G@hYtK,7,240370,,,false,4
,G@hYtK,8,240020,,,false,4
,G@hYtK,9,249099,,,false,4
,GtP@Ww,0,244140,,,false,3
,GtP@Ww,1,235202,,,false,3
,GtP@Ww,2,230802,,,false,3
,GtP@Ww,3,237715,,,false,3
,GtP@Ww,4,223749,,,false,3
,GtP@Ww,5,227799,,,false,3
,GtP@Ww,6,228707,,,false,3
,GtP@Ww,7,236039,,,false,3
,GtP@Ww,8,228079,,,false,3
,GtP@Ww,9,229056,,,false,3
,GsXX~{,0,292885,,,false,4
,GsXX~{,1,295189,,,false,4
,GsXX~{,2,282689,,,false,4
,GsXX~{,3,281082,,,false,4
,GsXX~{,4,274867,,,false,4
,GsXX~{,5,287996,,,false,4
,GsXX~{,6,277940,,,false,4
,GsXX~{,7,277660,,,false,4
,GsXX~{,8,287158,,,false,4
,GsXX~{,9,277730,,,false,4
,GqhX~{,0,283527,,,false,4
,GqhX~{,1,280314,,,false,4
,GqhX~{,2,276892,,,false,4
,GqhX~{,3,276474,,,false,4
,GqhX~{,4,275356,,,false,4
,GqhX~{,5,284784,,,false,4
,GqhX~{,6,275775,,,false,4
,GqhX~{,7,275287,,,false,4
,GqhX~{,8,274169,,,false,4
,GqhX~{,9,283248,,,false,4
,Gdlr^{,0,293862,,,false,5
,Gdlr^{,1,287647,,,false,5
,Gdlr^{,2,298890,,,false,5
,Gdlr^{,3,285971,,,false,5
,Gdlr^{,4,284364,,,false,5
,Gdlr^{,5,290999,,,false,5
,Gdlr^{,6,282759,,,false,5
,Gdlr^{,7,282898,,,false,5
,Gdlr^{,8,282828,,,false,5
,Gdlr^{,9,291418,,,false,5
,G`o~f{,0,276543,,,false,4
,G`o~f{,1,269001,,,false,4
,G`o~f{,2,276334,,,false,4
,G`o~f{,3,263624,,,false,4
,G`o~f{,4,263764,,,false,4
,G`o~f{,5,262786,,,false,4
,G`o~f{,6,271515,,,false,4
,G`o~f{,7,261878,,,false,4
,G`o~f{,8,261389,,,false,4
,G`o~f{,9,260971,,,false,4
,GA_jlw,0,254755,,,false,3
,GA_jlw,1,246584,,,false,3
,GA_jlw,2,240858,,,false,3
,GA_jlw,3,249587,,,false,3
,GA_jlw,4,241347,,,false,3
,GA_jlw,5,238623,,,false,3
,GA_jlw,6,234643,,,false,3
,GA_jlw,7,236179,,,false,3
,GA_jlw,8,246026,,,false,3
,GA_jlw,9,237506,,,false,3
,G`Mi~_,0,265719,,,false,4
,G`Mi~_,1,268163,,,false,4
,G`Mi~_,2,254755,,,false,4
,G`Mi~_,3,251473,,,false,4
,G`Mi~_,4,251892,,,false,4
,G`Mi~_,5,259992,,,false,4
,G`Mi~_,6,250914,,,false,4
,G`Mi~_,7,250006,,,false,4
,G`Mi~_,8,250426,,,false,4
,G`Mi~_,9,260971,,,false,4
,G@oZN_,0,251613,,,false,3
,G@oZN_,1,241835,,,false,3
,G@oZN_,2,239043,,,false,3
,G@oZN_,3,245048,,,false,3
,G@oZN_,4,233665,,,false,3
,G@oZN_,5,229894,,,false,3
,G@oZN_,6,229475,,,false,3
,G@oZN_,7,238973,,,false,3
,G@oZN_,8,233455,,,false,3
,G@oZN_,9,232408,,,false,3
,GSP@x{,0,249168,,,false,3
,GSP@x{,1,245747,,,false,3
,GSP@x{,2,238414,,,false,3
,GSP@x{,3,235341,,,false,3
,GSP@x{,4,235132,,,false,3
,GSP@x{,5,241906,,,false,3
,GSP@x{,6,234154,,,false,3
,GSP@x{,7,233385,,,false,3
,GSP@x{,8,233246,,,false,3
,GSP@x{,9,241557,,,false,3
,G}hX~{,0,293234,,,false,5
,G}hX~{,1,286460,,,false,5
,G}hX~{,2,285761,,,false,5
,G}hX~{,3,291069,,,false,5
,G}hX~{,4,283387,,,false,5
,G}hX~{,5,282409,,,false,5
,G}hX~{,6,291138,,,false,5
,G}hX~{,7,281571,,,false,5
,G}hX~{,8,282409,,,false,5
,G}hX~{,9,282828,,,false,5
,GqN~v{,0,298541,,,false,5
,GqN~v{,1,292466,,,false,5
,GqN~v{,2,289742,,,false,5
,GqN~v{,3,306083,,,false,5
,GqN~v{,4,287019,,,false,5
,GqN~v{,5,287647,,,false,5
,GqN~v{,6,296585,,,false,5
,GqN~v{,7,287158,,,false,5
,GqN~v{,8,288554,,,false,5
,GqN~v{,9,288136,,,false,5
,G`~~~{,0,287647,,,false,5
,G`~~~{,1,280384,,,false,5
,G`~~~{,2,279127,,,false,5
,G`~~~{,3,294700,,,false,5
,G`~~~{,4,275845,,,false,5
,G`~~~{,5,280524,,,false,5
,G`~~~{,6,287088,,,false,5
,G`~~~{,7,278638,,,false,5
,G`~~~{,8,278149,,,false,5
,G`~~~{,9,278638,,,false,5
,G{S~~w,0,298052,,,false,5
,G{S~~w,1,282759,,,false,5
,G{S~~w,2,276125,,,false,5
,G{S~~w,3,289113,,,false,5
,G{S~~w,4,274868,,,false,5
,G{S~~w,5,279476,,,false,5
,G{S~~w,6,275147,,,false,5
,G{S~~w,7,286669,,,false,5
,G{S~~w,8,278010,,,false,5
,G{S~~w,9,281920,,,false,5
,G_?ztw,0,265789,,,false,3
,G_?ztw,1,248400,,,false,3
,G_?ztw,2,241347,,,false,3
,G_?ztw,3,240579,,,false,3
,G_?ztw,4,249587,,,false,3
,G_?ztw,5,238903,,,false,3
,G_?ztw,6,239042,,,false,3
,G_?ztw,7,240020,,,false,3
,G_?ztw,8,249518,,,false,3
,G_?ztw,9,239391,,,false,3
,G?qipk,0,235690,,,false,2
,G?qipk,1,228008,,,false,2
,G?qipk,2,229335,,,false,2
,G?qipk,3,226403,,,false,2
,G?qipk,4,224377,,,false,2
,G?qipk,5,223749,,,false,2
,G?qipk,6,224167,,,false,2
,G?qipk,7,231780,,,false,2
,G?qipk,8,224656,,,false,2
,G?qipk,9,222213,,,false,2
,G?uvZw,0,279895,,,false,3
,G?uvZw,1,278150,,,false,3
,G?uvZw,2,267464,,,false,3
,G?uvZw,3,266627,,,false,3
,G?uvZw,4,272912,,,false,3
,G?uvZw,5,263763,,,false,3
,G?uvZw,6,265370,,,false,3
,G?uvZw,7,263764,,,false,3
,G?uvZw,8,275706,,,false,3
,G?uvZw,9,262437,,,false,3
,GR~v~{,0,307759,,,false,5
,GR~v~{,1,308807,,,false,5
,GR~v~{,2,299030,,,false,5
,GR~v~{,3,296516,,,false,5
,GR~v~{,4,296167,,,false,5
,GR~v~{,5,305874,,,false,5
,GR~v~{,6,296097,,,false,5
,GR~v~{,7,295817,,,false,5
,GR~v~{,8,304966,,,false,5
,GR~v~{,9,296795,,,false,5
,G?CqS[,0,218301,,,false,2
,G?CqS[,1,209363,,,false,2
,G?CqS[,2,213972,,,false,2
,G?CqS[,3,203497,,,false,2
,G?CqS[,4,203636,,,false,2
,G?CqS[,5,203706,,,false,2
,G?CqS[,6,209572,,,false,2
,G?CqS[,7,201052,,,false,2
,G?CqS[,8,200983,,,false,2
,G?CqS[,9,200703,,,false,2
,G?DH\k,0,240090,,,false,3
,G?DH\k,1,238414,,,false,3
,G?DH\k,2,226123,,,false,3
,G?DH\k,3,224726,,,false,3
,G?DH\k,4,222771,,,false,3
,G?DH\k,5,229196,,,false,3
,G?DH\k,6,222352,,,false,3
,G?DH\k,7,222282,,,false,3
,G?DH\k,8,222771,,,false,3
,G?DH\k,9,226612,,,false,3
,G?GSY[,0,212714,,,false,2
,G?GSY[,1,205732,,,false,2
,G?GSY[,2,201472,,,false,2
,G?GSY[,3,200494,,,false,2
,G?GSY[,4,206290,,,false,2
,G?GSY[,5,199027,,,false,2
,G?GSY[,6,198120,,,false,2
,G?GSY[,7,196793,,,false,2
,G?GSY[,8,197491,,,false,2
,G?GSY[,9,202519,,,false,2
,G?GTa[,0,218512,,,false,2
,G?GTa[,1,210340,,,false,2
,G?GTa[,2,206849,,,false,2
,G?GTa[,3,217114,,,false,2
,G?GTa[,4,206919,,,false,2
,G?GTa[,5,205522,,,false,2
,G?GTa[,6,204335,,,false,2
,G?GTa[,7,203916,,,false,2
,G?GTa[,8,213344,,,false,2
,G?GTa[,9,204264,,,false,2
,G?Gsy{,0,241696,,,false,3
,G?Gsy{,1,232408,,,false,3
,G?Gsy{,2,237017,,,false,3
,G?Gsy{,3,223748,,,false,3
,G?Gsy{,4,226612,,,false,3
,G?Gsy{,5,224866,,,false,3
,G?Gsy{,6,224866,,,false,3
,G?Gsy{,7,234223,,,false,3
,G?Gsy{,8,224238,,,false,3
,G?Gsy{,9,224657,,,false,3
,G?Mq~s,0,277940,,,false,4
,G?Mq~s,1,276124,,,false,4
,G?Mq~s,2,263833,,,false,4
,G?Mq~s,3,263275,,,false,4
,G?Mq~s,4,270677,,,false,4
,G?Mq~s,5,262716,,,false,4
,G?Mq~s,6,260412,,,false,4
,G?Mq~s,7,262437,,,false,4
,G?Mq~s,8,273121,,,false,4
,G?Mq~s,9,260970,,,false,4
,G?O_k[,0,203637,,,false,2
,G?O_k[,1,195256,,,false,2
,G?O_k[,2,202310,,,false,2
,G?O_k[,3,191695,,,false,2
,G?O_k[,4,192184,,,false,2
,G?O_k[,5,189460,,,false,2
,G?O_k[,6,188971,,,false,2
,G?O_k[,7,198469,,,false,2
,G?O_k[,8,189321,,,false,2
,G?O_k[,9,185899,,,false,2
,G?O_ls,0,219838,,,false,2
,G?O_ls,1,210480,,,false,2
,G?O_ls,2,215718,,,false,2
,G?O_ls,3,204264,,,false,2
,G?O_ls,4,204824,,,false,2
,G?O_ls,5,205173,,,false,2
,G?O_ls,6,202658,,,false,2
,G?O_ls,7,212435,,,false,2
,G?O_ls,8,203916,,,false,2
,G?O_ls,9,204405,,,false,2
,G?O_~k,0,242046,,,false,2
,G?O_~k,1,239391,,,false,2
,G?O_~k,2,229475,,,false,2
,G?O_~k,3,225704,,,false,2
,G?O_~k,4,225146,,,false,2
,G?O_~k,5,234643,,,false,2
,G?O_~k,6,224656,,,false,2
,G?O_~k,7,225355,,,false,2
,G?O_~k,8,226752,,,false,2
,G?O_~k,9,224307,,,false,2
,G?Og~{,0,257129,,,false,3
,G?Og~{,1,238135,,,false,3
,G?Og~{,2,238414,,,false,3
,G?Og~{,3,239532,,,false,3
,G?Og~{,4,247213,,,false,3
,G?Og~{,5,237087,,,false,3
,G?Og~{,6,232757,,,false,3
,G?Og~{,7,235062,,,false,3
,G?Og~{,8,246165,,,false,3
,G?Og~{,9,235342,,,false,3
,G?QXrK,0,245118,,,false,3
,G?QXrK,1,234852,,,false,3
,G?QXrK,2,239182,,,false,3
,G?QXrK,3,227799,,,false,3
,G?QXrK,4,227938,,,false,3
,G?QXrK,5,225634,,,false,3
,G?QXrK,6,235271,,,false,3
,G?QXrK,7,226542,,,false,3
,G?QXrK,8,227031,,,false,3
,G?QXrK,9,226193,,,false,3
,G?hZtg,0,272213,,,false,3
,G?hZtg,1,250006,,,false,3
,G?hZtg,2,245188,,,false,3
,G?hZtg,3,245188,,,false,3
,G?hZtg,4,252590,,,false,3
,G?hZtg,5,242743,,,false,3
,G?hZtg,6,243791,,,false,3
,G?hZtg,7,243931,,,false,3
,G?hZtg,8,254266,,,false,3
,G?hZtg,9,241836,,,false,3
,G@?]RW,0,229545,,,false,2
,G@?]RW,1,214810,,,false,2
,G@?]RW,2,224168,,,false,2
,G@?]RW,3,212855,,,false,2
,G@?]RW,4,213133,,,false,2
,G@?]RW,5,210270,,,false,2
,G@?]RW,6,211249,,,false,2
,G@?]RW,7,219977,,,false,2
,G@?]RW,8,209573,,,false,2
,G@?]RW,9,210690,,,false,2
,G@@GtC,0,203846,,,false,2
,G@@GtC,1,203148,,,false,2
,G@@GtC,2,193720,,,false,2
,G@@GtC,3,191764,,,false,2
,G@@GtC,4,189391,,,false,2
,G@@GtC,5,189600,,,false,2
,G@@GtC,6,197700,,,false,2
,G@@GtC,7,188483,,,false,2
,G@@GtC,8,188482,,,false,2
,G@@GtC,9,188272,,,false,2
,G@@GtK,0,216975,,,false,2
,G@@GtK,1,218651,,,false,2
,G@@GtK,2,209433,,,false,2
,G@@GtK,3,206080,,,false,2
,G@@GtK,4,205592,,,false,2
,G@@GtK,5,205313,,,false,2
,G@@GtK,6,214810,,,false,2
,G@@GtK,7,206150,,,false,2
,G@@GtK,8,205033,,,false,2
,G@@GtK,9,204195,,,false,2
,G@AAWw,0,214041,,,false,2
,G@AAWw,1,199866,,,false,2
,G@AAWw,2,194628,,,false,2
,G@AAWw,3,192812,,,false,2
,G@AAWw,4,194139,,,false,2
,G@AAWw,5,200774,,,false,2
,G@AAWw,6,191834,,,false,2
,G@AAWw,7,192254,,,false,2
,G@AAWw,8,191276,,,false,2
,G@AAWw,9,191206,,,false,2
,G@GR[w,0,243930,,,false,3
,G@GR[w,1,227170,,,false,3
,G@GR[w,2,222771,,,false,3
,G@GR[w,3,220327,,,false,3
,G@GR[w,4,227589,,,false,3
,G@GR[w,5,219488,,,false,3
,G@GR[w,6,219908,,,false,3
,G@GR[w,7,219629,,,false,3
,G@GR[w,8,217324,,,false,3
,G@GR[w,9,229336,,,false,3
,G@HSYs,0,243931,,,false,3
,G@HSYs,1,231709,,,false,3
,G@HSYs,2,228497,,,false,3
,G@HSYs,3,242394,,,false,3
,G@HSYs,4,219978,,,false,3
,G@HSYs,5,224726,,,false,3
,G@HSYs,6,225913,,,false,3
,G@HSYs,7,234223,,,false,3
,G@HSYs,8,226961,,,false,3
,G@HSYs,9,225215,,,false,3
,G@hZtk,0,269630,,,false,4
,G@hZtk,1,269001,,,false,4
,G@hZtk,2,258596,,,false,4
,G@hZtk,3,256222,,,false,4
,G@hZtk,4,254755,,,false,4
,G@hZtk,5,267675,,,false,4
,G@hZtk,6,254685,,,false,4
,G@hZtk,7,255174,,,false,4
,G@hZtk,8,253289,,,false,4
,G@hZtk,9,261319,,,false,4
,GAXttw,0,272284,,,false,4
,GAXttw,1,263693,,,false,4
,GAXttw,2,270328,,,false,4
,GAXttw,3,260272,,,false,4
,GAXttw,4,260342,,,false,4
,GAXttw,5,259015,,,false,4
,GAXttw,6,275636,,,false,4
,GAXttw,7,259923,,,false,4
,GAXttw,8,259015,,,false,4
,GAXttw,9,259504,,,false,4
,GB_g~K,0,271026,,,false,3
,GB_g~K,1,254266,,,false,3
,GB_g~K,2,247074,,,false,3
,GB_g~K,3,245327,,,false,3
,GB_g~K,4,249517,,,false,3
,GB_g~K,5,242604,,,false,3
,GB_g~K,6,242814,,,false,3
,GB_g~K,7,241905,,,false,3
,GB_g~K,8,251403,,,false,3
,GB_g~K,9,241556,,,false,3
,G_ClQk,0,237087,,,false,3
,G_ClQk,1,229056,,,false,3
,G_ClQk,2,233177,,,false,3
,G_ClQk,3,225844,,,false,3
,G_ClQk,4,225216,,,false,3
,G_ClQk,5,227590,,,false,3
,G_ClQk,6,235202,,,false,3
,G_ClQk,7,223679,,,false,3
,G_ClQk,8,224587,,,false,3
,G_ClQk,9,224727,,,false,3
,G`_YPK,0,236738,,,false,2
,G`_YPK,1,215438,,,false,2
,G`_YPK,2,212296,,,false,2
,G`_YPK,3,209991,,,false,2
,G`_YPK,4,210271,,,false,2
,G`_YPK,5,218651,,,false,2
,G`_YPK,6,209572,,,false,2
,G`_YPK,7,210340,,,false,2
,G`_YPK,8,210480,,,false,2
,G`_YPK,9,215508,,,false,2
,G`iZY{,0,278429,,,false,4
,G`iZY{,1,265230,,,false,4
,G`iZY{,2,265160,,,false,4
,G`iZY{,3,270049,,,false,4
,G`iZY{,4,260831,,,false,4
,G`iZY{,5,259085,,,false,4
,G`iZY{,6,259015,,,false,4
,G`iZY{,7,259504,,,false,4
,G`iZY{,8,259084,,,false,4
,G`iZY{,9,259504,,,false,4
,G_urPk,0,273192,,,false,3
,G_urPk,1,253777,,,false,3
,G_urPk,2,245746,,,false,3
,G_urPk,3,248750,,,false,3
,G_urPk,4,260900,,,false,3
,G_urPk,5,247493,,,false,3
,G_urPk,6,246235,,,false,3
,G_urPk,7,246654,,,false,3
,G_urPk,8,251403,,,false,3
,G_urPk,9,245676,,,false,3
,G???Zc,0,191834,,,false,1
,G???Zc,1,185829,,,false,1
,G???Zc,2,182477,,,false,1
,G???Zc,3,189390,,,false,1
,G???Zc,4,175982,,,false,1
,G???Zc,5,180731,,,false,1
,G???Zc,6,181359,,,false,1
,G???Zc,7,181848,,,false,1
,G???Zc,8,184083,,,false,1
,G???Zc,9,179754,,,false,1
,GG?O\o,0,208595,,,false,2
,GG?O\o,1,198538,,,false,2
,GG?O\o,2,196094,,,false,2
,GG?O\o,3,201821,,,false,2
,GG?O\o,4,193161,,,false,2
,GG?O\o,5,192742,,,false,2
,GG?O\o,6,193720,,,false,2
,GG?O\o,7,190787,,,false,2
,GG?O\o,8,195606,,,false,2
,GG?O\o,9,192253,,,false,2
,G?H?|_,0,206500,,,false,2
,G?H?|_,1,199656,,,false,2
,G?H?|_,2,196653,,,false,2
,G?H?|_,3,200424,,,false,2
,G?H?|_,4,191346,,,false,2
,G?H?|_,5,190996,,,false,2
,G?H?|_,6,192044,,,false,2
,G?H?|_,7,189949,,,false,2
,G?H?|_,8,198958,,,false,2
,G?H?|_,9,190158,,,false,2
,GR~~vk,0,297284,,,false,5
,GR~~vk,1,289463,,,false,5
,GR~~vk,2,295189,,,false,5
,GR~~vk,3,287647,,,false,5
,GR~~vk,4,284714,,,false,5
,GR~~vk,5,297982,,,false,5
,GR~~vk,6,285063,,,false,5
,GR~~vk,7,287368,,,false,5
,GR~~vk,8,296306,,,false,5
,GR~~vk,9,284574,,,false,5
,G?GXeC,0,204125,,,false,2
,G?GXeC,1,196373,,,false,2
,G?GXeC,2,193370,,,false,2
,G?GXeC,3,199447,,,false,2
,G?GXeC,4,191764,,,false,2
,G?GXeC,5,191625,,,false,2
,G?GXeC,6,186667,,,false,2
,G?GXeC,7,189879,,,false,2
,G?GXeC,8,197980,,,false,2
,G?GXeC,9,188622,,,false,2
,G?GTaW,0,201401,,,false,2
,G?GTaW,1,194069,,,false,2
,G?GTaW,2,194209,,,false,2
,G?GTaW,3,200354,,,false,2
,G?GTaW,4,190298,,,false,2
,G?GTaW,5,190089,,,false,2
,G?GTaW,6,189460,,,false,2
,G?GTaW,7,190089,,,false,2
,G?GTaW,8,197212,,,false,2
,G?GTaW,9,188064,,,false,2
,GN~~~{,0,297354,,,false,6
,GN~~~{,1,288136,,,false,6
,GN~~~{,2,298262,,,false,6
,GN~~~{,3,290511,,,false,6
,GN~~~{,4,287647,,,false,6
,GN~~~{,5,302941,,,false,6
,GN~~~{,6,287647,,,false,6
,GN~~~{,7,290580,,,false,6
,GN~~~{,8,296167,,,false,6
,GN~~~{,9,287577,,,false,6
,G?G^eW,0,241905,,,false,3
,G?G^eW,1,231989,,,false,3
,G?G^eW,2,243861,,,false,3
,G?G^eW,3,226612,,,false,3
,G?G^eW,4,226612,,,false,3
,G?G^eW,5,224657,,,false,3
,G?G^eW,6,233386,,,false,3
,G?G^eW,7,224727,,,false,3
,G?G^eW,8,226472,,,false,3
,G?G^eW,9,226333,,,false,3
,G?G^e[,0,247352,,,false,3
,G?G^e[,1,235411,,,false,3
,G?G^e[,2,233107,,,false,3
,G?G^e[,3,232827,,,false,3
,G?G^e[,4,230942,,,false,3
,G?G^e[,5,235621,,,false,3
,G?G^e[,6,230033,,,false,3
,G?G^e[,7,230383,,,false,3
,G?G^e[,8,231291,,,false,3
,G?G^e[,9,239042,,,false,3
,G?G]^w,0,255174,,,false,3
,G?G]^w,1,246236,,,false,3
,G?G]^w,2,243163,,,false,3
,G?G]^w,3,252520,,,false,3
,G?G]^w,4,241417,,,false,3
,G?G]^w,5,241975,,,false,3
,G?G]^w,6,240649,,,false,3
,G?G]^w,7,250007,,,false,3
,G?G]^w,8,240369,,,false,3
,G?G]^w,9,240370,,,false,3
,G?G]^{,0,257548,,,false,3
,G?G]^{,1,261460,,,false,3
,G?G]^{,2,248959,,,false,3
,G?G]^{,3,247143,,,false,3
,G?G]^{,4,255663,,,false,3
,G?G]^{,5,247841,,,false,3
,G?G]^{,6,246655,,,false,3
,G?G]^{,7,246165,,,false,3
,G?G]^{,8,256151,,,false,3
,G?G]^{,9,247632,,,false,3
,GQ`@Gs,0,207058,,,false,2
,GQ`@Gs,1,205173,,,false,2
,GQ`@Gs,2,203846,,,false,2
,GQ`@Gs,3,213413,,,false,2
,GQ`@Gs,4,202379,,,false,2
,GQ`@Gs,5,203706,,,false,2
,GQ`@Gs,6,200983,,,false,2
,GQ`@Gs,7,202519,,,false,2
,GQ`@Gs,8,211528,,,false,2
,GQ`@Gs,9,200843,,,false,2
,G`?CzW,0,231500,,,false,2
,G`?CzW,1,221864,,,false,2
,G`?CzW,2,225145,,,false,2
,G`?CzW,3,217185,,,false,2
,G`?CzW,4,215997,,,false,2
,G`?CzW,5,216765,,,false,2
,G`?CzW,6,225145,,,false,2
,G`?CzW,7,216067,,,false,2
,G`?CzW,8,216416,,,false,2
,G`?CzW,9,216137,,,false,2
,G??CzW,0,207407,,,false,2
,G??CzW,1,210760,,,false,2
,G??CzW,2,198469,,,false,2
,G??CzW,3,198748,,,false,2
,G??CzW,4,197491,,,false,2
,G??CzW,5,195885,,,false,2
,G??CzW,6,207757,,,false,2
,G??CzW,7,197072,,,false,2
,G??CzW,8,197073,,,false,2
,G??CzW,9,191555,,,false,2
,Grqz~{,0,317675,,,false,5
,Grqz~{,1,296097,,,false,5
,Grqz~{,2,294211,,,false,5
,Grqz~{,3,300147,,,false,5
,Grqz~{,4,292396,,,false,5
,Grqz~{,5,292605,,,false,5
,Grqz~{,6,290510,,,false,5
,Grqz~{,7,300356,,,false,5
,Grqz~{,8,291977,,,false,5
,Grqz~{,9,290440,,,false,5
,GqG?g[,0,211388,,,false,2
,GqG?g[,1,197491,,,false,2
,GqG?g[,2,194628,,,false,2
,GqG?g[,3,194069,,,false,2
,GqG?g[,4,192254,,,false,2
,GqG?g[,5,202728,,,false,2
,GqG?g[,6,193720,,,false,2
,GqG?g[,7,193091,,,false,2
,GqG?g[,8,190368,,,false,2
,GqG?g[,9,189809,,,false,2
,G``?pK,0,215578,,,false,2
,G``?pK,1,203985,,,false,2
,G``?pK,2,199655,,,false,2
,G``?pK,3,197561,,,false,2
,G``?pK,4,196653,,,false,2
,G``?pK,5,204056,,,false,2
,G``?pK,6,191764,,,false,2
,G``?pK,7,195606,,,false,2
,G``?pK,8,195116,,,false,2
,G``?pK,9,197421,,,false,2
,GHDk}{,0,288136,,,false,4
,GHDk}{,1,269560,,,false,4
,GHDk}{,2,267116,,,false,4
,GHDk}{,3,272633,,,false,4
,GHDk}{,4,264322,,,false,4
,GHDk}{,5,262786,,,false,4
,GHDk}{,6,261390,,,false,4
,GHDk}{,7,276264,,,false,4
,GHDk}{,8,262368,,,false,4
,GHDk}{,9,264252,,,false,4
,GDHG}{,0,272004,,,false,3
,GDHG}{,1,253288,,,false,3
,GDHG}{,2,248610,,,false,3
,GDHG}{,3,242744,,,false,3
,GDHG}{,4,253778,,,false,3
,GDHG}{,5,245537,,,false,3
,GDHG}{,6,245187,,,false,3
,GDHG}{,7,245677,,,false,3
,GDHG}{,8,254266,,,false,3
,GDHG}{,9,240509,,,false,3
,GQh\z{,0,289532,,,false,3
,GQh\z{,1,278709,,,false,3
,GQh\z{,2,288624,,,false,3
,GQh\z{,3,273400,,,false,3
,GQh\z{,4,273540,,,false,3
,GQh\z{,5,281222,,,false,3
,GQh\z{,6,272982,,,false,3
,GQh\z{,7,271515,,,false,3
,GQh\z{,8,272702,,,false,3
,GQh\z{,9,287158,,,false,3
,GTlrY{,0,278638,,,false,4
,GTlrY{,1,271585,,,false,4
,GTlrY{,2,279057,,,false,4
,GTlrY{,3,265649,,,false,4
,GTlrY{,4,267255,,,false,4
,GTlrY{,5,260412,,,false,4
,GTlrY{,6,273401,,,false,4
,GTlrY{,7,265090,,,false,4
,GTlrY{,8,265231,,,false,4
,GTlrY{,9,264183,,,false,4
,G@hV~{,0,295818,,,false,3
,G@hV~{,1,279197,,,false,3
,G@hV~{,2,276264,,,false,3
,G@hV~{,3,282409,,,false,3
,G@hV~{,4,270817,,,false,3
,G@hV~{,5,271446,,,false,3
,G@hV~{,6,270049,,,false,3
,G@hV~{,7,279896,,,false,3
,G@hV~{,8,270817,,,false,3
,G@hV~{,9,271026,,,false,3
,G@qz}{,0,300845,,,false,3
,G@qz}{,1,280454,,,false,3
,G@qz}{,2,276613,,,false,3
,G@qz}{,3,271446,,,false,3
,G@qz}{,4,284504,,,false,3
,G@qz}{,5,275147,,,false,3
,G@qz}{,6,274867,,,false,3
,G@qz}{,7,281921,,,false,3
,G@qz}{,8,273471,,,false,3
,G@qz}{,9,272772,,,false,3
,GDlr]{,0,287368,,,false,4
,GDlr]{,1,286669,,,false,4
,GDlr]{,2,275565,,,false,4
,GDlr]{,3,273889,,,false,4
,GDlr]{,4,281711,,,false,4
,GDlr]{,5,270887,,,false,4
,GDlr]{,6,271236,,,false,4
,GDlr]{,7,271026,,,false,4
,GDlr]{,8,275705,,,false,4
,GDlr]{,9,270328,,,false,4
,GKXu|{,0,290021,,,false,4
,GKXu|{,1,288625,,,false,4
,GKXu|{,2,276613,,,false,4
,GKXu|{,3,274379,,,false,4
,GKXu|{,4,277172,,,false,4
,GKXu|{,5,283387,,,false,4
,GKXu|{,6,274309,,,false,4
,GKXu|{,7,272144,,,false,4
,GKXu|{,8,281222,,,false,4
,GKXu|{,9,275426,,,false,4
,G@KuUK,0,235131,,,false,3
,G@KuUK,1,227800,,,false,3
,G@KuUK,2,231990,,,false,3
,G@KuUK,3,220746,,,false,3
,G@KuUK,4,221374,,,false,3
,G@KuUK,5,217045,,,false,3
,G@KuUK,6,219419,,,false,3
,G@KuUK,7,228428,,,false,3
,G@KuUK,8,220187,,,false,3
,G@KuUK,9,218651,,,false,3
,G???^c,0,202100,,,false,1
,G???^c,1,206499,,,false,1
,G???^c,2,194628,,,false,1
,G???^c,3,193930,,,false,1
,G???^c,4,192463,,,false,1
,G???^c,5,191835,,,false,1
,G???^c,6,202729,,,false,1
,G???^c,7,191764,,,false,1
,G???^c,8,191835,,,false,1
,G???^c,9,191276,,,false,1
,G??OVK,0,193720,,,false,1
,G??OVK,1,202659,,,false,1
,G??OVK,2,187784,,,false,1
,G??OVK,3,189530,,,false,1
,G??OVK,4,190298,,,false,1
,G??OVK,5,190298,,,false,1
,G??OVK,6,193161,,,false,1
,G??OVK,7,189460,,,false,1
,G??OVK,8,190368,,,false,1
,G??OVK,9,188063,,,false,1
,G??O^C,0,197770,,,false,1
,G??O^C,1,192812,,,false,1
,G??O^C,2,187994,,,false,1
,G??O^C,3,188064,,,false,1
,G??O^C,4,187854,,,false,1
,G??O^C,5,186108,,,false,1
,G??O^C,6,192254,,,false,1
,G??O^C,7,187993,,,false,1
,G??O^C,8,187435,,,false,1
,G??O^C,9,187016,,,false,1
,G?GU?[,0,192672,,,false,1
,G?GU?[,1,195606,,,false,1
,G?GU?[,2,184990,,,false,1
,G?GU?[,3,178916,,,false,1
,G?GU?[,4,184711,,,false,1
,G?GU?[,5,182686,,,false,1
,G?GU?[,6,190438,,,false,1
,G?GU?[,7,181848,,,false,1
,G?GU?[,8,185131,,,false,1
,G?GU?[,9,182127,,,false,1
,G?CBKW,0,191974,,,false,1
,G?CBKW,1,184502,,,false,1
,G?CBKW,2,190298,,,false,1
,G?CBKW,3,182686,,,false,1
,G?CBKW,4,179893,,,false,1
,G?CBKW,5,180940,,,false,1
,G?CBKW,6,180800,,,false,1
,G?CBKW,7,185061,,,false,1
,G?CBKW,8,179264,,,false,1
,G?CBKW,9,180521,,,false,1
,G?G\z{,0,252450,,,false,3
,G?G\z{,1,251962,,,false,3
,G?G\z{,2,240090,,,false,3
,G?G\z{,3,232478,,,false,3
,G?G\z{,4,236318,,,false,3
,G?G\z{,5,233107,,,false,3
,G?G\z{,6,237645,,,false,3
,G?G\z{,7,232688,,,false,3
,G?G\z{,8,233735,,,false,3
,G?G\z{,9,233735,,,false,3
,G?rHx{,0,256641,,,false,3
,G?rHx{,1,239950,,,false,3
,G?rHx{,2,237925,,,false,3
,G?rHx{,3,235202,,,false,3
,G?rHx{,4,244141,,,false,3
,G?rHx{,5,235271,,,false,3
,G?rHx{,6,235341,,,false,3
,G?rHx{,7,234433,,,false,3
,G?rHx{,8,242255,,,false,3
,G?rHx{,9,234642,,,false,3
,G@dcz[,0,263833,,,false,3
,G@dcz[,1,253219,,,false,3
,G@dcz[,2,258107,,,false,3
,G@dcz[,3,250355,,,false,3
,G@dcz[,4,249029,,,false,3
,G@dcz[,5,247492,,,false,3
,G@dcz[,6,256640,,,false,3
,G@dcz[,7,248889,,,false,3
,G@dcz[,8,245607,,,false,3
,G@dcz[,9,246584,,,false,3
,G_G\zw,0,253778,,,false,3
,G_G\zw,1,248051,,,false,3
,G_G\zw,2,246654,,,false,3
,G_G\zw,3,250915,,,false,3
,G_G\zw,4,243372,,,false,3
,G_G\zw,5,243861,,,false,3
,G_G\zw,6,242185,,,false,3
,G_G\zw,7,250426,,,false,3
,G_G\zw,8,242744,,,false,3
,G_G\zw,9,242883,,,false,3
,G`iiqk,0,256151,,,false,4
,G`iiqk,1,257200,,,false,4
,G`iiqk,2,245746,,,false,4
,G`iiqk,3,242325,,,false,4
,G`iiqk,4,242185,,,false,4
,G`iiqk,5,249518,,,false,4
,G`iiqk,6,242255,,,false,4
,G`iiqk,7,240858,,,false,4
,G`iiqk,8,240370,,,false,4
,G`iiqk,9,250845,,,false,4
,G`qihs,0,252800,,,false,3
,G`qihs,1,246375,,,false,3
,G`qihs,2,246724,,,false,3
,G`qihs,3,253289,,,false,3
,G`qihs,4,244280,,,false,3
,G`qihs,5,244071,,,false,3
,G`qihs,6,242743,,,false,3
,G`qihs,7,254266,,,false,3
,G`qihs,8,242744,,,false,3
,G`qihs,9,242674,,,false,3
,G`r@xw,0,242743,,,false,3
,G`r@xw,1,245607,,,false,3
,G`r@xw,2,236249,,,false,3
,G`r@xw,3,237018,,,false,3
,G`r@xw,4,233316,,,false,3
,G`r@xw,5,249029,,,false,3
,G`r@xw,6,233246,,,false,3
,G`r@xw,7,229685,,,false,3
,G`r@xw,8,233036,,,false,3
,G`r@xw,9,239881,,,false,3
,G@IQV{,0,250565,,,false,2
,G@IQV{,1,241766,,,false,2
,G@IQV{,2,237716,,,false,2
,G@IQV{,3,244420,,,false,2
,G@IQV{,4,236598,,,false,2
,G@IQV{,5,235272,,,false,2
,G@IQV{,6,234154,,,false,2
,G@IQV{,7,244839,,,false,2
,G@IQV{,8,230383,,,false,2
,G@IQV{,9,233805,,,false,2
,GQG\Yw,0,241766,,,false,2
,GQG\Yw,1,240928,,,false,2
,GQG\Yw,2,229615,,,false,2
,GQG\Yw,3,227380,,,false,2
,GQG\Yw,4,229824,,,false,2
,GQG\Yw,5,236668,,,false,2
,GQG\Yw,6,227520,,,false,2
,GQG\Yw,7,227589,,,false,2
,GQG\Yw,8,228427,,,false,2
,GQG\Yw,9,227590,,,false,2
,GGEJd{,0,260412,,,false,2
,GGEJd{,1,240788,,,false,2
,GGEJd{,2,238693,,,false,2
,GGEJd{,3,237017,,,false,2
,GGEJd{,4,243861,,,false,2
,GGEJd{,5,236249,,,false,2
,GGEJd{,6,230034,,,false,2
,GGEJd{,7,234852,,,false,2
,GGEJd{,8,241766,,,false,2
,GGEJd{,9,235062,,,false,2
,GPOY\k,0,248191,,,false,2
,GPOY\k,1,241277,,,false,2
,GPOY\k,2,245398,,,false,2
,GPOY\k,3,233385,,,false,2
,GPOY\k,4,234223,,,false,2
,GPOY\k,5,228986,,,false,2
,GPOY\k,6,239950,,,false,2
,GPOY\k,7,232548,,,false,2
,GPOY\k,8,232129,,,false,2
,GPOY\k,9,232338,,,false,2
,GCQrP{,0,258526,,,false,2
,GCQrP{,1,240998,,,false,2
,GCQrP{,2,235760,,,false,2
,GCQrP{,3,234154,,,false,2
,GCQrP{,4,247143,,,false,2
,GCQrP{,5,232478,,,false,2
,GCQrP{,6,232269,,,false,2
,GCQrP{,7,232338,,,false,2
,GCQrP{,8,240439,,,false,2
,GCQrP{,9,231919,,,false,2
,G?hSz[,0,254266,,,false,2
,G?hSz[,1,244629,,,false,2
,G?hSz[,2,254755,,,false,2
,G?hSz[,3,239182,,,false,2
,G?hSz[,4,237855,,,false,2
,G?hSz[,5,234293,,,false,2
,G?hSz[,6,242534,,,false,2
,G?hSz[,7,234224,,,false,2
,G?hSz[,8,235271,,,false,2
,G?hSz[,9,234782,,,false,2
,G@QP}[,0,262437,,,false,2
,G@QP}[,1,241277,,,false,2
,G@QP}[,2,238623,,,false,2
,G@QP}[,3,236599,,,false,2
,G@QP}[,4,244629,,,false,2
,G@QP}[,5,236319,,,false,2
,G@QP}[,6,235551,,,false,2
,G@QP}[,7,231919,,,false,2
,G@QP}[,8,243722,,,false,2
,G@QP}[,9,233875,,,false,2
,GCO\j[,0,249448,,,false,2
,GCO\j[,1,239601,,,false,2
,GCO\j[,2,247143,,,false,2
,GCO\j[,3,235411,,,false,2
,GCO\j[,4,233595,,,false,2
,GCO\j[,5,232408,,,false,2
,GCO\j[,6,240299,,,false,2
,GCO\j[,7,228917,,,false,2
,GCO\j[,8,233316,,,false,2
,GCO\j[,9,233176,,,false,2
,GCOp]{,0,261529,,,false,2
,GCOp]{,1,242185,,,false,2
,GCOp]{,2,238624,,,false,2
,GCOp]{,3,238693,,,false,2
,GCOp]{,4,245118,,,false,2
,GCOp]{,5,235830,,,false,2
,GCOp]{,6,232897,,,false,2
,GCOp]{,7,235411,,,false,2
,GCOp]{,8,230802,,,false,2
,GCOp]{,9,234573,,,false,2
,G?U`m{,0,250146,,,false,2
,G?U`m{,1,238973,,,false,2
,G?U`m{,2,244699,,,false,2
,G?U`m{,3,235760,,,false,2
,G?U`m{,4,234643,,,false,2
,G?U`m{,5,234434,,,false,2
,G?U`m{,6,237925,,,false,2
,G?U`m{,7,248121,,,false,2
,G?U`m{,8,232338,,,false,2
,G?U`m{,9,236529,,,false,2
,GAhP[{,0,245746,,,false,2
,GAhP[{,1,248680,,,false,2
,GAhP[{,2,235271,,,false,2
,GAhP[{,3,229615,,,false,2
,GAhP[{,4,234154,,,false,2
,GAhP[{,5,242673,,,false,2
,GAhP[{,6,227520,,,false,2
,GAhP[{,7,227031,,,false,2
,GAhP[{,8,227101,,,false,2
,GAhP[{,9,236738,,,false,2
,G}_xq[,0,267535,,,false,4
,G}_xq[,1,264252,,,false,4
,G}_xq[,2,261389,,,false,4
,G}_xq[,3,270817,,,false,4
,G}_xq[,4,258596,,,false,4
,G}_xq[,5,259015,,,false,4
,G}_xq[,6,262507,,,false,4
,G}_xq[,7,253288,,,false,4
,G}_xq[,8,258945,,,false,4
,G}_xq[,9,259504,,,false,4
,G}h_w{,0,270049,,,false,4
,G}h_w{,1,255174,,,false,4
,G}h_w{,2,252869,,,false,4
,G}h_w{,3,251892,,,false,4
,G}h_w{,4,257688,,,false,4
,G}h_w{,5,251194,,,false,4
,G}h_w{,6,246654,,,false,4
,G}h_w{,7,247143,,,false,4
,G}h_w{,8,259504,,,false,4
,G}h_w{,9,250076,,,false,4
,G?Fn~{,0,283876,,,false,3
,G?Fn~{,1,284783,,,false,3
,G?Fn~{,2,272005,,,false,3
,G?Fn~{,3,271795,,,false,3
,G?Fn~{,4,271865,,,false,3
,G?Fn~{,5,285762,,,false,3
,G?Fn~{,6,268931,,,false,3
,G?Fn~{,7,270538,,,false,3
,G?Fn~{,8,277940,,,false,3
,G?Fn~{,9,269490,,,false,3
,G?NV~{,0,283247,,,false,3
,G?NV~{,1,277591,,,false,3
,G?NV~{,2,288135,,,false,3
,G?NV~{,3,274309,,,false,3
,G?NV~{,4,269630,,,false,3
,G?NV~{,5,281991,,,false,3
,G?NV~{,6,267046,,,false,3
,G?NV~{,7,272912,,,false,3
,G?NV~{,8,272982,,,false,3
,G?NV~{,9,283317,,,false,3
,G?dn~{,0,279756,,,false,3
,G?dn~{,1,274378,,,false,3
,G?dn~{,2,272842,,,false,3
,G?dn~{,3,271306,,,false,3
,G?dn~{,4,272283,,,false,3
,G?dn~{,5,271027,,,false,3
,G?dn~{,6,280035,,,false,3
,G?dn~{,7,267535,,,false,3
,G?dn~{,8,270886,,,false,3
,G?dn~{,9,270817,,,false,3
,GAI^~{,0,293373,,,false,3
,GAI^~{,1,277661,,,false,3
,GAI^~{,2,275007,,,false,3
,GAI^~{,3,283387,,,false,3
,GAI^~{,4,274100,,,false,3
,GAI^~{,5,272423,,,false,3
,GAI^~{,6,273191,,,false,3
,GAI^~{,7,281432,,,false,3
,GAI^~{,8,271934,,,false,3
,GAI^~{,9,270607,,,false,3
,G??F~w,0,258317,,,false,2
,G??F~w,1,242674,,,false,2
,G??F~w,2,240997,,,false,2
,G??F~w,3,240020,,,false,2
,G??F~w,4,246655,,,false,2
,G??F~w,5,231849,,,false,2
,G??F~w,6,231081,,,false,2
,G??F~w,7,236878,,,false,2
,G??F~w,8,247283,,,false,2
,G??F~w,9,238134,,,false,2
,G?CV^W,0,254197,,,false,3
,G?CV^W,1,243651,,,false,3
,G?CV^W,2,249937,,,false,3
,G?CV^W,3,240299,,,false,3
,G?CV^W,4,238064,,,false,3
,G?CV^W,5,238973,,,false,3
,G?CV^W,6,245258,,,false,3
,G?CV^W,7,238902,,,false,3
,G?CV^W,8,236737,,,false,3
,G?CV^W,9,240020,,,false,3
,G?AZvo,0,263345,,,false,3
,G?AZvo,1,247632,,,false,3
,G?AZvo,2,240370,,,false,3
,G?AZvo,3,242464,,,false,3
,G?AZvo,4,247911,,,false,3
,G?AZvo,5,243023,,,false,3
,G?AZvo,6,243093,,,false,3
,G?AZvo,7,242395,,,false,3
,G?AZvo,8,250914,,,false,3
,G?AZvo,9,241836,,,false,3
,G?r@xw,0,243721,,,false,3
,G?r@xw,1,236179,,,false,3
,G?r@xw,2,242185,,,false,3
,G?r@xw,3,233316,,,false,3
,G?r@xw,4,231710,,,false,3
,G?r@xw,5,230383,,,false,3
,G?r@xw,6,233316,,,false,3
,G?r@xw,7,228497,,,false,3
,G?r@xw,8,229964,,,false,3
,G?r@xw,9,230173,,,false,3
,GAHc{w,0,261878,,,false,3
,GAHc{w,1,245257,,,false,3
,GAHc{w,2,240300,,,false,3
,GAHc{w,3,240718,,,false,3
,GAHc{w,4,250495,,,false,3
,GAHc{w,5,240160,,,false,3
,GAHc{w,6,239461,,,false,3
,GAHc{w,7,239881,,,false,3
,GAHc{w,8,247562,,,false,3
,GAHc{w,9,237646,,,false,3
,G?B\ro,0,253289,,,false,3
,G?B\ro,1,244560,,,false,3
,G?B\ro,2,244280,,,false,3
,G?B\ro,3,239531,,,false,3
,G?B\ro,4,237994,,,false,3
,G?B\ro,5,237157,,,false,3
,G?B\ro,6,240369,,,false,3
,G?B\ro,7,236109,,,false,3
,G?B\ro,8,237506,,,false,3
,G?B\ro,9,237017,,,false,3
,G@hQtK,0,254267,,,false,3
,G@hQtK,1,233525,,,false,3
,G@hQtK,2,235272,,,false,3
,G@hQtK,3,234293,,,false,3
,G@hQtK,4,233735,,,false,3
,G@hQtK,5,234294,,,false,3
,G@hQtK,6,234224,,,false,3
,G@hQtK,7,233805,,,false,3
,G@hQtK,8,231780,,,false,3
,G@hQtK,9,238623,,,false,3
,G?D@\g,0,224726,,,false,2
,G?D@\g,1,213553,,,false,2
,G?D@\g,2,210620,,,false,2
,G?D@\g,3,216835,,,false,2
,G?D@\g,4,207617,,,false,2
,G?D@\g,5,206081,,,false,2
,G?D@\g,6,209921,,,false,2
,G?D@\g,7,204475,,,false,2
,G?D@\g,8,217184,,,false,2
,G?D@\g,9,206500,,,false,2
,GdW}z{,0,301125,,,false,4
,GdW}z{,1,294910,,,false,4
,GdW}z{,2,289044,,,false,4
,GdW}z{,3,288066,,,false,4
,GdW}z{,4,286181,,,false,4
,GdW}z{,5,294351,,,false,4
,GdW}z{,6,284783,,,false,4
,GdW}z{,7,283317,,,false,4
,GdW}z{,8,291977,,,false,4
,GdW}z{,9,281432,,,false,4
,G?CrUW,0,235830,,,false,3
,G?CrUW,1,227101,,,false,3
,G?CrUW,2,230802,,,false,3
,G?CrUW,3,220187,,,false,3
,G?CrUW,4,219978,,,false,3
,G?CrUW,5,220397,,,false,3
,G?CrUW,6,228009,,,false,3
,G?CrUW,7,219210,,,false,3
,G?CrUW,8,218651,,,false,3
,G?CrUW,9,219838,,,false,3
,GhqXz{,0,300566,,,false,4
,GhqXz{,1,281362,,,false,4
,GhqXz{,2,279616,,,false,4
,GhqXz{,3,277311,,,false,4
,GhqXz{,4,285692,,,false,4
,GhqXz{,5,277032,,,false,4
,GhqXz{,6,274797,,,false,4
,GhqXz{,7,282339,,,false,4
,GhqXz{,8,268652,,,false,4
,GhqXz{,9,274238,,,false,4
,G??O^O,0,192742,,,false,1
,G??O^O,1,186388,,,false,1
,G??O^O,2,194628,,,false,1
,G??O^O,3,183595,,,false,1
,G??O^O,4,182895,,,false,1
,G??O^O,5,182616,,,false,1
,G??O^O,6,179124,,,false,1
,G??O^O,7,188483,,,false,1
,G??O^O,8,182756,,,false,1
,G??O^O,9,184083,,,false,1
,G??PUW,0,194838,,,false,1
,G??PUW,1,189390,,,false,1
,G??PUW,2,190927,,,false,1
,G??PUW,3,185968,,,false,1
,G??PUW,4,187085,,,false,1
,G??PUW,5,185130,,,false,1
,G??PUW,6,184851,,,false,1
,G??PUW,7,191066,,,false,1
,G??PUW,8,186527,,,false,1
,G??PUW,9,186038,,,false,1
,G?ClQk,0,233246,,,false,3
,G?ClQk,1,222771,,,false,3
,G?ClQk,2,225844,,,false,3
,G?ClQk,3,217114,,,false,3
,G?ClQk,4,216207,,,false,3
,G?ClQk,5,215159,,,false,3
,G?ClQk,6,222841,,,false,3
,G?ClQk,7,214252,,,false,3
,G?ClQk,8,213902,,,false,3
,G?ClQk,9,213553,,,false,3
,G?G\Qk,0,217115,,,false,2
,G?G\Qk,1,221793,,,false,2
,G?G\Qk,2,203706,,,false,2
,G?G\Qk,3,209922,,,false,2
,G?G\Qk,4,209433,,,false,2
,G?G\Qk,5,213553,,,false,2
,G?G\Qk,6,207687,,,false,2
,G?G\Qk,7,207966,,,false,2
,G?G\Qk,8,208106,,,false,2
,G?G\Qk,9,208944,,,false,2
,G_Jqps,0,258037,,,false,3
,G_Jqps,1,242325,,,false,3
,G_Jqps,2,238972,,,false,3
,G_Jqps,3,237087,,,false,3
,G_Jqps,4,243163,,,false,3
,G_Jqps,5,237366,,,false,3
,G_Jqps,6,235271,,,false,3
,G_Jqps,7,234084,,,false,3
,G_Jqps,8,243163,,,false,3
,G_Jqps,9,234224,,,false,3
,G}lz~{,0,299728,,,false,6
,G}lz~{,1,288136,,,false,6
,G}lz~{,2,290719,,,false,6
,G}lz~{,3,289812,,,false,6
,G}lz~{,4,292815,,,false,6
,G}lz~{,5,307690,,,false,6
,G}lz~{,6,291418,,,false,6
,G}lz~{,7,288066,,,false,6
,G}lz~{,8,296795,,,false,6
,G}lz~{,9,287647,,,false,6
,G`N~~{,0,287019,,,false,5
,G`N~~{,1,278988,,,false,5
,G`N~~{,2,277940,,,false,5
,G`N~~{,3,273261,,,false,5
,G`N~~{,4,275147,,,false,5
,G`N~~{,5,288136,,,false,5
,G`N~~{,6,274518,,,false,5
,G`N~~{,7,274378,,,false,5
,G`N~~{,8,274867,,,false,5
,G`N~~{,9,279198,,,false,5
,GwCW~{,0,245258,,,false,4
,GwCW~{,1,237995,,,false,4
,GwCW~{,2,243931,,,false,4
,GwCW~{,3,235062,,,false,4
,GwCW~{,4,228009,,,false,4
,GwCW~{,5,232687,,,false,4
,GwCW~{,6,234154,,,false,4
,GwCW~{,7,242884,,,false,4
,GwCW~{,8,233246,,,false,4
,GwCW~{,9,232268,,,false,4
,G@?MFw,0,214391,,,false,2
,G@?MFw,1,221584,,,false,2
,G@?MFw,2,209852,,,false,2
,G@?MFw,3,210340,,,false,2
,G@?MFw,4,205731,,,false,2
,G@?MFw,5,213693,,,false,2
,G@?MFw,6,211039,,,false,2
,G@?MFw,7,212366,,,false,2
,G@?MFw,8,209572,,,false,2
,G@?MFw,9,209782,,,false,2
,G?SsZ[,0,258107,,,false,3
,G?SsZ[,1,238414,,,false,3
,G?SsZ[,2,234852,,,false,3
,G?SsZ[,3,232269,,,false,3
,G?SsZ[,4,240439,,,false,3
,G?SsZ[,5,225215,,,false,3
,G?SsZ[,6,225005,,,false,3
,G?SsZ[,7,229545,,,false,3
,G?SsZ[,8,245188,,,false,3
,G?SsZ[,9,224726,,,false,3
,G@CJK{,0,233386,,,false,3
,G@CJK{,1,224238,,,false,3
,G@CJK{,2,229405,,,false,3
,G@CJK{,3,218092,,,false,3
,G@CJK{,4,219000,,,false,3
,G@CJK{,5,218302,,,false,3
,G@CJK{,6,219000,,,false,3
,G@CJK{,7,226123,,,false,3
,G@CJK{,8,217044,,,false,3
,G@CJK{,9,216555,,,false,3
,G?_OzK,0,211458,,,false,2
,G?_OzK,1,212506,,,false,2
,G?_OzK,2,198119,,,false,2
,G?_OzK,3,197142,,,false,2
,G?_OzK,4,196094,,,false,2
,G?_OzK,5,195117,,,false,2
,G?_OzK,6,207268,,,false,2
,G?_OzK,7,195605,,,false,2
,G?_OzK,8,196025,,,false,2
,G?_OzK,9,193720,,,false,2
,G?D@K{,0,213623,,,false,2
,G?D@K{,1,213552,,,false,2
,G?D@K{,2,202939,,,false,2
,G?D@K{,3,197003,,,false,2
,G?D@K{,4,201751,,,false,2
,G?D@K{,5,209363,,,false,2
,G?D@K{,6,199795,,,false,2
,G?D@K{,7,198469,,,false,2
,G?D@K{,8,197421,,,false,2
,G?D@K{,9,197491,,,false,2
,G??Jc[,0,211039,,,false,2
,G??Jc[,1,200215,,,false,2
,G??Jc[,2,198538,,,false,2
,G??Jc[,3,192254,,,false,2
,G??Jc[,4,197072,,,false,2
,G??Jc[,5,199726,,,false,2
,G??Jc[,6,196303,,,false,2
,G??Jc[,7,197072,,,false,2
,G??Jc[,8,191276,,,false,2
,G??Jc[,9,191136,,,false,2
,G@B?Ws,0,204195,,,false,2
,G@B?Ws,1,189461,,,false,2
,G@B?Ws,2,190368,,,false,2
,G@B?Ws,3,186737,,,false,2
,G@B?Ws,4,183524,,,false,2
,G@B?Ws,5,195606,,,false,2
,G@B?Ws,6,187575,,,false,2
,G@B?Ws,7,184990,,,false,2
,G@B?Ws,8,187574,,,false,2
,G@B?Ws,9,182826,,,false,2
,G\YY}{,0,308039,,,false,4
,G\YY}{,1,283527,,,false,4
,G\YY}{,2,285203,,,false,4
,G\YY}{,3,290790,,,false,4
,G\YY}{,4,281222,,,false,4
,G\YY}{,5,283736,,,false,4
,G\YY}{,6,280384,,,false,4
,G\YY}{,7,289951,,,false,4
,G\YY}{,8,277661,,,false,4
,G\YY}{,9,277521,,,false,4
,G`rHx{,0,262995,,,false,3
,G`rHx{,1,247003,,,false,3
,G`rHx{,2,244350,,,false,3
,G`rHx{,3,242883,,,false,3
,G`rHx{,4,250984,,,false,3
,G`rHx{,5,242883,,,false,3
,G`rHx{,6,240369,,,false,3
,G`rHx{,7,242395,,,false,3
,G`rHx{,8,248121,,,false,3
,G`rHx{,9,240998,,,false,3
,G?B~vo,0,271795,,,false,3
,G?B~vo,1,263414,,,false,3
,G?B~vo,2,271795,,,false,3
,G?B~vo,3,256152,,,false,3
,G?B~vo,4,262088,,,false,3
,G?B~vo,5,260481,,,false,3
,G?B~vo,6,267674,,,false,3
,G?B~vo,7,259993,,,false,3
,G?B~vo,8,258456,,,false,3
,G?B~vo,9,269211,,,false,3
,G?Mi~{,0,281851,,,false,3
,G?Mi~{,1,273680,,,false,3
,G?Mi~{,2,269630,,,false,3
,G?Mi~{,3,283317,,,false,3
,G?Mi~{,4,265719,,,false,3
,G?Mi~{,5,265370,,,false,3
,G?Mi~{,6,264113,,,false,3
,G?Mi~{,7,274518,,,false,3
,G?Mi~{,8,258037,,,false,3
,G?Mi~{,9,259993,,,false,3
,GS`zro,0,272632,,,false,4
,GS`zro,1,261250,,,false,4
,GS`zro,2,253289,,,false,4
,GS`zro,3,255244,,,false,4
,GS`zro,4,262717,,,false,4
,GS`zro,5,254266,,,false,4
,GS`zro,6,250006,,,false,4
,GS`zro,7,254267,,,false,4
,GS`zro,8,263066,,,false,4
,GS`zro,9,252869,,,false,4
,GqOxs{,0,266697,,,false,4
,GqOxs{,1,266138,,,false,4
,GqOxs{,2,257548,,,false,4
,GqOxs{,3,258038,,,false,4
,GqOxs{,4,256151,,,false,4
,GqOxs{,5,267535,,,false,4
,GqOxs{,6,255174,,,false,4
,GqOxs{,7,255174,,,false,4
,GqOxs{,8,255174,,,false,4
,GqOxs{,9,264742,,,false,4
,GGlVK{,0,276194,,,false,3
,GGlVK{,1,265160,,,false,3
,GGlVK{,2,257619,,,false,3
,GGlVK{,3,267255,,,false,3
,GGlVK{,4,258107,,,false,3
,GGlVK{,5,256641,,,false,3
,GGlVK{,6,266277,,,false,3
,GGlVK{,7,256850,,,false,3
,GGlVK{,8,254755,,,false,3
,GGlVK{,9,255244,,,false,3
,G``HW{,0,242394,,,false,3
,G``HW{,1,219488,,,false,3
,G``HW{,2,217255,,,false,3
,G``HW{,3,220118,,,false,3
,G``HW{,4,220327,,,false,3
,G``HW{,5,219489,,,false,3
,G``HW{,6,218581,,,false,3
,G``HW{,7,212366,,,false,3
,G``HW{,8,219419,,,false,3
,G``HW{,9,226961,,,false,3
,G?G\Qg,0,203078,,,false,2
,G?G\Qg,1,196793,,,false,2
,G?G\Qg,2,190298,,,false,2
,G?G\Qg,3,193720,,,false,2
,G?G\Qg,4,202450,,,false,2
,G?G\Qg,5,191555,,,false,2
,G?G\Qg,6,194418,,,false,2
,G?G\Qg,7,193231,,,false,2
,G?G\Qg,8,192533,,,false,2
,G?G\Qg,9,202938,,,false,2
,G?ClQg,0,207408,,,false,2
,G?ClQg,1,208315,,,false,2
,G?ClQg,2,205103,,,false,2
,G?ClQg,3,212366,,,false,2
,G?ClQg,4,202798,,,false,2
,G?ClQg,5,202240,,,false,2
,G?ClQg,6,201471,,,false,2
,G?ClQg,7,201821,,,false,2
,G?ClQg,8,209223,,,false,2
,G?ClQg,9,200005,,,false,2
,G?dcrK,0,222910,,,false,2
,G?dcrK,1,214182,,,false,2
,G?dcrK,2,213762,,,false,2
,G?dcrK,3,220956,,,false,2
,G?dcrK,4,209782,,,false,2
,G?dcrK,5,208175,,,false,2
,G?dcrK,6,209573,,,false,2
,G?dcrK,7,217673,,,false,2
,G?dcrK,8,208455,,,false,2
,G?dcrK,9,207547,,,false,2
,GReZZ[,0,281571,,,false,5
,GReZZ[,1,282339,,,false,5
,GReZZ[,2,272004,,,false,5
,GReZZ[,3,269909,,,false,5
,GReZZ[,4,267185,,,false,5
,GReZZ[,5,276264,,,false,5
,GReZZ[,6,266069,,,false,5
,GReZZ[,7,267185,,,false,5
,GReZZ[,8,275566,,,false,5
,GReZZ[,9,266697,,,false,5
,G?F@~o,0,255244,,,false,3
,G?F@~o,1,246235,,,false,3
,G?F@~o,2,251333,,,false,3
,G?F@~o,3,239392,,,false,3
,G?F@~o,4,238065,,,false,3
,G?F@~o,5,239042,,,false,3
,G?F@~o,6,247004,,,false,3
,G?F@~o,7,237646,,,false,3
,G?F@~o,8,235621,,,false,3
,G?F@~o,9,235621,,,false,3
,GpHYx{,0,282968,,,false,4
,GpHYx{,1,261809,,,false,4
,GpHYx{,2,258596,,,false,4
,GpHYx{,3,255663,,,false,4
,GpHYx{,4,262786,,,false,4
,GpHYx{,5,252800,,,false,4
,GpHYx{,6,252799,,,false,4
,GpHYx{,7,253289,,,false,4
,GpHYx{,8,262367,,,false,4
,GpHYx{,9,253219,,,false,4
,G@G^Mo,0,253707,,,false,3
,G@G^Mo,1,253289,,,false,3
,G@G^Mo,2,243302,,,false,3
,G@G^Mo,3,238624,,,false,3
,G@G^Mo,4,239392,,,false,3
,G@G^Mo,5,246515,,,false,3
,G@G^Mo,6,238903,,,false,3
,G@G^Mo,7,236249,,,false,3
,G@G^Mo,8,235830,,,false,3
,G@G^Mo,9,237785,,,false,3
,GtPHx{,0,264601,,,false,4
,GtPHx{,1,254964,,,false,4
,GtPHx{,2,246236,,,false,4
,GtPHx{,3,258526,,,false,4
,GtPHx{,4,248121,,,false,4
,GtPHx{,5,249099,,,false,4
,GtPHx{,6,248959,,,false,4
,GtPHx{,7,259084,,,false,4
,GtPHx{,8,249377,,,false,4
,GtPHx{,9,248959,,,false,4
,GWCOW{,0,195186,,,false,3
,GWCOW{,1,198050,,,false,3
,GWCOW{,2,187365,,,false,3
,GWCOW{,3,184013,,,false,3
,GWCOW{,4,184990,,,false,3
,GWCOW{,5,185131,,,false,3
,GWCOW{,6,184432,,,false,3
,GWCOW{,7,193859,,,false,3
,GWCOW{,8,183594,,,false,3
,GWCOW{,9,180382,,,false,3
,GGF~vs,0,281432,,,false,4
,GGF~vs,1,283317,,,false,4
,GGF~vs,2,271376,,,false,4
,GGF~vs,3,271934,,,false,4
,GGF~vs,4,271376,,,false,4
,GGF~vs,5,280105,,,false,4
,GGF~vs,6,268652,,,false,4
,GGF~vs,7,270328,,,false,4
,GGF~vs,8,279058,,,false,4
,GGF~vs,9,269141,,,false,4
,G?@zto,0,252311,,,false,3
,G?@zto,1,243861,,,false,3
,G?@zto,2,248470,,,false,3
,G?@zto,3,237645,,,false,3
,G?@zto,4,236179,,,false,3
,G?@zto,5,236808,,,false,3
,G?@zto,6,247143,,,false,3
,G?@zto,7,235621,,,false,3
,G?@zto,8,234852,,,false,3
,G?@zto,9,235830,,,false,3
,GBeZZ[,0,283876,,,false,4
,GBeZZ[,1,265859,,,false,4
,GBeZZ[,2,263763,,,false,4
,GBeZZ[,3,255244,,,false,4
,GBeZZ[,4,268652,,,false,4
,GBeZZ[,5,258037,,,false,4
,GBeZZ[,6,259014,,,false,4
,GBeZZ[,7,266766,,,false,4
,GBeZZ[,8,257129,,,false,4
,GBeZZ[,9,258038,,,false,4
,G?opm[,0,237226,,,false,2
,G?opm[,1,238204,,,false,2
,G?opm[,2,225634,,,false,2
,G?opm[,3,223260,,,false,2
,G?opm[,4,222282,,,false,2
,G?opm[,5,221514,,,false,2
,G?opm[,6,221654,,,false,2
,G?opm[,7,219978,,,false,2
,G?opm[,8,221863,,,false,2
,G?opm[,9,221375,,,false,2
,GdCZZ[,0,273890,,,false,4
,GdCZZ[,1,257548,,,false,4
,GdCZZ[,2,253708,,,false,4
,GdCZZ[,3,253358,,,false,4
,GdCZZ[,4,250356,,,false,4
,GdCZZ[,5,251753,,,false,4
,GdCZZ[,6,249866,,,false,4
,GdCZZ[,7,257618,,,false,4
,GdCZZ[,8,244140,,,false,4
,GdCZZ[,9,249448,,,false,4
,G?op~g,0,258037,,,false,3
,G?op~g,1,256152,,,false,3
,G?op~g,2,244070,,,false,3
,G?op~g,3,243163,,,false,3
,G?op~g,4,239950,,,false,3
,G?op~g,5,248610,,,false,3
,G?op~g,6,239881,,,false,3
,G?op~g,7,239880,,,false,3
,G?op~g,8,241068,,,false,3
,G?op~g,9,248680,,,false,3
,G?PXtK,0,242674,,,false,2
,G?PXtK,1,234712,,,false,2
,G?PXtK,2,229964,,,false,2
,G?PXtK,3,235760,,,false,2
,G?PXtK,4,225634,,,false,2
,G?PXtK,5,224726,,,false,2
,G?PXtK,6,225215,,,false,2
,G?PXtK,7,224726,,,false,2
,G?PXtK,8,232897,,,false,2
,G?PXtK,9,225146,,,false,2
,GACkZc,0,239182,,,false,3
,GACkZc,1,230034,,,false,3
,GACkZc,2,233316,,,false,3
,GACkZc,3,224726,,,false,3
,GACkZc,4,220746,,,false,3
,GACkZc,5,223260,,,false,3
,GACkZc,6,232339,,,false,3
,GACkZc,7,223260,,,false,3
,GACkZc,8,221165,,,false,3
,GACkZc,9,222771,,,false,3
,GGDhsk,0,256151,,,false,3
,GGDhsk,1,240928,,,false,3
,GGDhsk,2,234922,,,false,3
,GGDhsk,3,233107,,,false,3
,GGDhsk,4,241487,,,false,3
,GGDhsk,5,231850,,,false,3
,GGDhsk,6,230872,,,false,3
,GGDhsk,7,229476,,,false,3
,GGDhsk,8,241277,,,false,3
,GGDhsk,9,231919,,,false,3
,G?FDzw,0,255663,,,false,3
,G?FDzw,1,243303,,,false,3
,G?FDzw,2,250425,,,false,3
,G?FDzw,3,241766,,,false,3
,G?FDzw,4,239950,,,false,3
,G?FDzw,5,237297,,,false,3
,G?FDzw,6,249727,,,false,3
,G?FDzw,7,237855,,,false,3
,G?FDzw,8,237227,,,false,3
,G?FDzw,9,237576,,,false,3
,G@De[w,0,258108,,,false,3
,G@De[w,1,242255,,,false,3
,G@De[w,2,237157,,,false,3
,G@De[w,3,236040,,,false,3
,G@De[w,4,247632,,,false,3
,G@De[w,5,238135,,,false,3
,G@De[w,6,238902,,,false,3
,G@De[w,7,237715,,,false,3
,G@De[w,8,232758,,,false,3
,G@De[w,9,237506,,,false,3
,G?qaxw,0,253359,,,false,3
,G?qaxw,1,243861,,,false,3
,G?qaxw,2,243162,,,false,3
,G?qaxw,3,239182,,,false,3
,G?qaxw,4,239182,,,false,3
,G?qaxw,5,238693,,,false,3
,G?qaxw,6,245537,,,false,3
,G?qaxw,7,237156,,,false,3
,G?qaxw,8,236598,,,false,3
,G?qaxw,9,235062,,,false,3
,G?K|Qk,0,250076,,,false,3
,G?K|Qk,1,236110,,,false,3
,G?K|Qk,2,231011,,,false,3
,G?K|Qk,3,227520,,,false,3
,G?K|Qk,4,228009,,,false,3
,G?K|Qk,5,236249,,,false,3
,G?K|Qk,6,219838,,,false,3
,G?K|Qk,7,226962,,,false,3
,G?K|Qk,8,226123,,,false,3
,G?K|Qk,9,232897,,,false,3
,GGD\Hs,0,245048,,,false,3
,GGD\Hs,1,235760,,,false,3
,GGD\Hs,2,231849,,,false,3
,GGD\Hs,3,239601,,,false,3
,GGD\Hs,4,228079,,,false,3
,GGD\Hs,5,225635,,,false,3
,GGD\Hs,6,227799,,,false,3
,GGD\Hs,7,238065,,,false,3
,GGD\Hs,8,228707,,,false,3
,GGD\Hs,9,227450,,,false,3
,G@DitK,0,250495,,,false,3
,G@DitK,1,248540,,,false,3
,G@DitK,2,237925,,,false,3
,G@DitK,3,238903,,,false,3
,G@DitK,4,236109,,,false,3
,G@DitK,5,244769,,,false,3
,G@DitK,6,235760,,,false,3
,G@DitK,7,235132,,,false,3
,G@DitK,8,235690,,,false,3
,G@DitK,9,242743,,,false,3
,G@`izo,0,255244,,,false,3
,G@`izo,1,245676,,,false,3
,G@`izo,2,239252,,,false,3
,G@`izo,3,247632,,,false,3
,G@`izo,4,240439,,,false,3
,G@`izo,5,240020,,,false,3
,G@`izo,6,239950,,,false,3
,G@`izo,7,247074,,,false,3
,G@`izo,8,238903,,,false,3
,G@`izo,9,236669,,,false,3
,G@LT]W,0,259643,,,false,3
,G@LT]W,1,259015,,,false,3
,G@LT]W,2,248121,,,false,3
,G@LT]W,3,245258,,,false,3
,G@LT]W,4,245328,,,false,3
,G@LT]W,5,252870,,,false,3
,G@LT]W,6,243162,,,false,3
,G@LT]W,7,244699,,,false,3
,G@LT]W,8,244279,,,false,3
,G@LT]W,9,252450,,,false,3
,G@?Kyw,0,224727,,,false,3
,G@?Kyw,1,217603,,,false,3
,G@?Kyw,2,214182,,,false,3
,G@?Kyw,3,217883,,,false,3
,G@?Kyw,4,209852,,,false,3
,G@?Kyw,5,208385,,,false,3
,G@?Kyw,6,207687,,,false,3
,G@?Kyw,7,206011,,,false,3
,G@?Kyw,8,214531,,,false,3
,G@?Kyw,9,205243,,,false,3
,G`EbYw,0,258526,,,false,3
,G`EbYw,1,251962,,,false,3
,G`EbYw,2,256641,,,false,3
,G`EbYw,3,247143,,,false,3
,G`EbYw,4,244280,,,false,3
,G`EbYw,5,243372,,,false,3
,G`EbYw,6,251333,,,false,3
,G`EbYw,7,243163,,,false,3
,G`EbYw,8,243652,,,false,3
,G`EbYw,9,243372,,,false,3
,GAMNJg,0,270887,,,false,3
,GAMNJg,1,251403,,,false,3
,GAMNJg,2,242813,,,false,3
,GAMNJg,3,245188,,,false,3
,GAMNJg,4,253079,,,false,3
,GAMNJg,5,241975,,,false,3
,GAMNJg,6,243652,,,false,3
,GAMNJg,7,241835,,,false,3
,GAMNJg,8,249517,,,false,3
,GAMNJg,9,242115,,,false,3
,G@h[rK,0,248959,,,false,3
,G@h[rK,1,241277,,,false,3
,G@h[rK,2,249517,,,false,3
,G@h[rK,3,239532,,,false,3
,G@h[rK,4,237297,,,false,3
,G@h[rK,5,236947,,,false,3
,G@h[rK,6,244839,,,false,3
,G@h[rK,7,235830,,,false,3
,G@h[rK,8,237227,,,false,3
,G@h[rK,9,238065,,,false,3
,G@[sYk,0,263275,,,false,3
,G@[sYk,1,245257,,,false,3
,G@[sYk,2,240508,,,false,3
,G@[sYk,3,238484,,,false,3
,G@[sYk,4,247144,,,false,3
,G@[sYk,5,237226,,,false,3
,G@[sYk,6,237017,,,false,3
,G@[sYk,7,236249,,,false,3
,G@[sYk,8,244140,,,false,3
,G@[sYk,9,232618,,,false,3
,G`G\aW,0,227660,,,false,3
,G`G\aW,1,219488,,,false,3
,G`G\aW,2,225216,,,false,3
,G`G\aW,3,214251,,,false,3
,G`G\aW,4,213763,,,false,3
,G`G\aW,5,213762,,,false,3
,G`G\aW,6,212925,,,false,3
,G`G\aW,7,222561,,,false,3
,G`G\aW,8,213553,,,false,3
,G`G\aW,9,215508,,,false,3
,G@hZSk,0,251892,,,false,4
,G@hZSk,1,253289,,,false,4
,G@hZSk,2,240439,,,false,4
,G@hZSk,3,238972,,,false,4
,G@hZSk,4,238902,,,false,4
,G@hZSk,5,243372,,,false,4
,G@hZSk,6,237506,,,false,4
,G@hZSk,7,237995,,,false,4
,G@hZSk,8,237297,,,false,4
,G@hZSk,9,245747,,,false,4
,G`iRYw,0,259504,,,false,4
,G`iRYw,1,252241,,,false,4
,G`iRYw,2,248679,,,false,4
,G`iRYw,3,252311,,,false,4
,G`iRYw,4,247632,,,false,4
,G`iRYw,5,247073,,,false,4
,G`iRYw,6,246794,,,false,4
,G`iRYw,7,255663,,,false,4
,G`iRYw,8,247423,,,false,4
,G`iRYw,9,245607,,,false,4
,G`U_~K,0,267604,,,false,4
,G`U_~K,1,251822,,,false,4
,G`U_~K,2,249378,,,false,4
,G`U_~K,3,247981,,,false,4
,G`U_~K,4,256641,,,false,4
,G`U_~K,5,246026,,,false,4
,G`U_~K,6,245677,,,false,4
,G`U_~K,7,247073,,,false,4
,G`U_~K,8,255663,,,false,4
,G`U_~K,9,246166,,,false,4
,G`rHpk,0,240020,,,false,3
,G`rHpk,1,233176,,,false,3
,G`rHpk,2,239951,,,false,3
,G`rHpk,3,229406,,,false,3
,G`rHpk,4,226193,,,false,3
,G`rHpk,5,229476,,,false,3
,G`rHpk,6,234852,,,false,3
,G`rHpk,7,227310,,,false,3
,G`rHpk,8,226612,,,false,3
,G`rHpk,9,227101,,,false,3
,G?@P[{,0,224657,,,false,2
,G?@P[{,1,222562,,,false,2
,G?@P[{,2,212784,,,false,2
,G?@P[{,3,210271,,,false,2
,G?@P[{,4,209363,,,false,2
,G?@P[{,5,219069,,,false,2
,G?@P[{,6,208805,,,false,2
,G?@P[{,7,207407,,,false,2
,G?@P[{,8,207128,,,false,2
,G?@P[{,9,209014,,,false,2
,Gq?g~o,0,259573,,,false,3
,Gq?g~o,1,237226,,,false,3
,Gq?g~o,2,235970,,,false,3
,Gq?g~o,3,234224,,,false,3
,Gq?g~o,4,241487,,,false,3
,Gq?g~o,5,232338,,,false,3
,Gq?g~o,6,231849,,,false,3
,Gq?g~o,7,230383,,,false,3
,Gq?g~o,8,240998,,,false,3
,Gq?g~o,9,231989,,,false,3
,GoStIs,0,244350,,,false,3
,GoStIs,1,235551,,,false,3
,GoStIs,2,245257,,,false,3
,GoStIs,3,233037,,,false,3
,GoStIs,4,232687,,,false,3
,GoStIs,5,230592,,,false,3
,GoStIs,6,243163,,,false,3
,GoStIs,7,229964,,,false,3
,GoStIs,8,230173,,,false,3
,GoStIs,9,227100,,,false,3
,GwC^~w,0,274378,,,false,4
,GwC^~w,1,258526,,,false,4
,GwC^~w,2,255943,,,false,4
,GwC^~w,3,257059,,,false,4
,GwC^~w,4,262995,,,false,4
,GwC^~w,5,254266,,,false,4
,GwC^~w,6,253079,,,false,4
,GwC^~w,7,253358,,,false,4
,GwC^~w,8,265160,,,false,4
,GwC^~w,9,256641,,,false,4
