name,graph_g6,iteration,runtime,allocated_bytes,peak_bytes,timeout,treewidth
,H??????,0,2152623,,,false,0
,H??????,1,2062259,,,false,0
,H??????,2,2042217,,,false,0
,H??????,3,2055973,,,false,0
,H??????,4,2052691,,,false,0
,H??????,5,2042635,,,false,0
,H??????,6,2053669,,,false,0
,H??????,7,2069940,,,false,0
,H??????,8,2044241,,,false,0
,H??????,9,2251019,,,false,0
,HqGOOKF,0,4629554,,,false,3
,HqGOOKF,1,4556578,,,false,3
,HqGOOKF,2,4550921,,,false,3
,HqGOOKF,3,4526201,,,false,3
,HqGOOKF,4,4584022,,,false,3
,HqGOOKF,5,4573268,,,false,3
,HqGOOKF,6,4703437,,,false,3
,HqGOOKF,7,4612235,,,false,3
,HqGOOKF,8,4570825,,,false,3
,HqGOOKF,9,4588423,,,false,3
,HI?GPGQ,0,3969766,,,false,2
,HI?GPGQ,1,3968300,,,false,2
,HI?GPGQ,2,3947839,,,false,2
,HI?GPGQ,3,3913201,,,false,2
,HI?GPGQ,4,3913131,,,false,2
,HI?GPGQ,5,3914598,,,false,2
,HI?GPGQ,6,3906357,,,false,2
,HI?GPGQ,7,3913969,,,false,2
,HI?GPGQ,8,3909919,,,false,2
,HI?GPGQ,9,3940017,,,false,2
,H?CQPJ_,0,4387372,,,false,2
,H?CQPJ_,1,4327664,,,false,2
,H?CQPJ_,2,4298683,,,false,2
,H?CQPJ_,3,4319563,,,false,2
,H?CQPJ_,4,4280387,,,false,2
,H?CQPJ_,5,4298753,,,false,2
,H?CQPJ_,6,4289535,,,false,2
,H?CQPJ_,7,4291281,,,false,2
,H?CQPJ_,8,4308739,,,false,2
,H?CQPJ_,9,4282133,,,false,2
,H??[Aci,0,4442052,,,false,2
,H??[Aci,1,4432066,,,false,2
,H??[Aci,2,4453435,,,false,2
,H??[Aci,3,4565448,,,false,2
,H??[Aci,4,4423546,,,false,2
,H??[Aci,5,4435348,,,false,2
,H??[Aci,6,4452597,,,false,2
,H??[Aci,7,4445264,,,false,2
,H??[Aci,8,4444426,,,false,2
,H??[Aci,9,4465935,,,false,2
,H???F~~,0,5551430,,,false,2
,H???F~~,1,5554433,,,false,2
,H???F~~,2,5560788,,,false,2
,H???F~~,3,5545913,,,false,2
,H???F~~,4,5666515,,,false,2
,H???F~~,5,5594447,,,false,2
,H???F~~,6,5583484,,,false,2
,H???F~~,7,5536555,,,false,2
,H???F~~,8,5549964,,,false,2
,H???F~~,9,5562324,,,false,2
,H????CB,0,2493342,,,false,2
,H????CB,1,2495158,,,false,2
,H????CB,2,2532938,,,false,2
,H????CB,3,2527281,,,false,2
,H????CB,4,2526024,,,false,2
,H????CB,5,2535732,,,false,2
,H????CB,6,2522952,,,false,2
,H????CB,7,2533567,,,false,2
,H????CB,8,2517644,,,false,2
,H????CB,9,2580285,,,false,2
,H?~~~~~,0,6972126,,,false,5
,H?~~~~~,1,6577077,,,false,5
,H?~~~~~,2,6824079,,,false,5
,H?~~~~~,3,6616604,,,false,5
,H?~~~~~,4,6820238,,,false,5
,H?~~~~~,5,6569326,,,false,5
,H?~~~~~,6,6913117,,,false,5
,H?~~~~~,7,6680850,,,false,5
,H?~~~~~,8,7016401,,,false,5
,H?~~~~~,9,6609550,,,false,5
,HwCW?CB,0,3407186,,,false,2
,HwCW?CB,1,3399155,,,false,2
,HwCW?CB,2,3412005,,,false,2
,HwCW?CB,3,3408443,,,false,2
,HwCW?CB,4,3435609,,,false,2
,HwCW?CB,5,3388820,,,false,2
,HwCW?CB,6,3394267,,,false,2
,HwCW?CB,7,3414519,,,false,2
,HwCW?CB,8,3404463,,,false,2
,HwCW?CB,9,3417871,,,false,2
,H`B@_WJ,0,4403713,,,false,2
,H`B@_WJ,1,4482346,,,false,2
,H`B@_WJ,2,4493100,,,false,2
,H`B@_WJ,3,4389327,,,false,2
,H`B@_WJ,4,4407065,,,false,2
,H`B@_WJ,5,4403503,,,false,2
,H`B@_WJ,6,4424104,,,false,2
,H`B@_WJ,7,4391771,,,false,2
,H`B@_WJ,8,4432065,,,false,2
,H`B@_WJ,9,4379341,,,false,2
,H???ONs,0,4151963,,,false,1
,H???ONs,1,4192117,,,false,1
,H???ONs,2,4228290,,,false,1
,H???ONs,3,4156292,,,false,1
,H???ONs,4,4247496,,,false,1
,H???ONs,5,4211251,,,false,1
,H???ONs,6,4152172,,,false,1
,H???ONs,7,4134294,,,false,1
,H???ONs,8,4162926,,,false,1
,H???ONs,9,4151543,,,false,1
,H?????@,0,2119592,,,false,1
,H?????@,1,2123433,,,false,1
,H?????@,2,2109396,,,false,1
,H?????@,3,2147107,,,false,1
,H?????@,4,2119942,,,false,1
,H?????@,5,2096827,,,false,1
,H?????@,6,2110095,,,false,1
,H?????@,7,2112260,,,false,1
,H?????@,8,2110095,,,false,1
,H?????@,9,2121408,,,false,1
,H??F~~~,0,6136707,,,false,3
,H??F~~~,1,6239501,,,false,3
,H??F~~~,2,6175813,,,false,3
,H??F~~~,3,6098508,,,false,3
,H??F~~~,4,5809535,,,false,3
,H??F~~~,5,6131957,,,false,3
,H??F~~~,6,6174416,,,false,3
,H??F~~~,7,5791029,,,false,3
,H??F~~~,8,6138033,,,false,3
,H??F~~~,9,6136287,,,false,3
,HGC?G?@,0,2339149,,,false,1
,HGC?G?@,1,2360240,,,false,1
,HGC?G?@,2,2438942,,,false,1
,HGC?G?@,3,2350881,,,false,1
,HGC?G?@,4,2332585,,,false,1
,HGC?G?@,5,2327627,,,false,1
,HGC?G?@,6,2316314,,,false,1
,HGC?G?@,7,2318828,,,false,1
,HGC?G?@,8,2312682,,,false,1
,HGC?G?@,9,2335938,,,false,1
,H??__RF,0,4227662,,,false,1
,H??__RF,1,4236601,,,false,1
,H??__RF,2,4218514,,,false,1
,H??__RF,3,4213835,,,false,1
,H??__RF,4,4183248,,,false,1
,H??__RF,5,4201126,,,false,1
,H??__RF,6,4208179,,,false,1
,H??__RF,7,4194701,,,false,1
,H??__RF,8,4245820,,,false,1
,H??__RF,9,4248403,,,false,1
,H{_yqgj,0,5629713,,,false,5
,H{_yqgj,1,5656250,,,false,5
,H{_yqgj,2,5662954,,,false,5
,H{_yqgj,3,5662256,,,false,5
,H{_yqgj,4,5687256,,,false,5
,H{_yqgj,5,5629504,,,false,5
,H{_yqgj,6,5648499,,,false,5
,H{_yqgj,7,5656599,,,false,5
,H{_yqgj,8,5747453,,,false,5
,H{_yqgj,9,5730973,,,false,5
,H?aFbx{,0,5479221,,,false,3
,H?aFbx{,1,5468398,,,false,3
,H?aFbx{,2,5463440,,,false,3
,H?aFbx{,3,5465884,,,false,3
,H?aFbx{,4,5484739,,,false,3
,H?aFbx{,5,5475730,,,false,3
,H?aFbx{,6,5499683,,,false,3
,H?aFbx{,7,5504572,,,false,3
,H?aFbx{,8,5527966,,,false,3
,H?aFbx{,9,5568051,,,false,3
,H???GKF,0,2909760,,,false,3
,H???GKF,1,2860179,,,false,3
,H???GKF,2,2896492,,,false,3
,H???GKF,3,2889998,,,false,3
,H???GKF,4,2892092,,,false,3
,H???GKF,5,2877358,,,false,3
,H???GKF,6,2903126,,,false,3
,H???GKF,7,2892581,,,false,3
,H???GKF,8,2903825,,,false,3
,H???GKF,9,2911506,,,false,3
,H@Kxx{~,0,5005330,,,false,6
,H@Kxx{~,1,5020345,,,false,6
,H@Kxx{~,2,4996322,,,false,6
,H@Kxx{~,3,5019716,,,false,6
,H@Kxx{~,4,5116296,,,false,6
,H@Kxx{~,5,5017691,,,false,6
,H@Kxx{~,6,4975023,,,false,6
,H@Kxx{~,7,5005959,,,false,6
,H@Kxx{~,8,4990525,,,false,6
,H@Kxx{~,9,5003375,,,false,6
,H@Kxx~~,0,6030978,,,false,6
,H@Kxx~~,1,6046062,,,false,6
,H@Kxx~~,2,6042431,,,false,6
,H@Kxx~~,3,6058213,,,false,6
,H@Kxx~~,4,6154583,,,false,6
,H@Kxx~~,5,6046621,,,false,6
,H@Kxx~~,6,6000879,,,false,6
,H@Kxx~~,7,6062892,,,false,6
,H@Kxx~~,8,6057724,,,false,6
,H@Kxx~~,9,6046202,,,false,6
,H????F|,0,4522011,,,false,1
,H????F|,1,4519707,,,false,1
,H????F|,2,4558953,,,false,1
,H????F|,3,4577040,,,false,1
,H????F|,4,4637865,,,false,1
,H????F|,5,4665100,,,false,1
,H????F|,6,4551690,,,false,1
,H????F|,7,4545266,,,false,1
,H????F|,8,4541076,,,false,1
,H????F|,9,4545824,,,false,1
,H}q|r|},0,6592860,,,false,6
,H}q|r|},1,6566811,,,false,6
,H}q|r|},2,6629593,,,false,6
,H}q|r|},3,6589159,,,false,6
,H}q|r|},4,6714929,,,false,6
,H}q|r|},5,6680850,,,false,6
,H}q|r|},6,6646213,,,false,6
,H}q|r|},7,6636715,,,false,6
,H}q|r|},8,6625821,,,false,6
,H}q|r|},9,6586575,,,false,6
,H???GN~,0,4891292,,,false,3
,H???GN~,1,4888219,,,false,3
,H???GN~,2,4885356,,,false,3
,H???GN~,3,4911195,,,false,3
,H???GN~,4,5022789,,,false,3
,H???GN~,5,4887940,,,false,3
,H???GN~,6,4887241,,,false,3
,H???GN~,7,4867269,,,false,3
,H???GN~,8,4875021,,,false,3
,H???GN~,9,4879979,,,false,3
,HF~~vnn,0,6910045,,,false,6
,HF~~vnn,1,6913746,,,false,6
,HF~~vnn,2,6924361,,,false,6
,HF~~vnn,3,6978621,,,false,6
,HF~~vnn,4,7046360,,,false,6
,HF~~vnn,5,6944963,,,false,6
,HF~~vnn,6,6917239,,,false,6
,HF~~vnn,7,6962562,,,false,6
,HF~~vnn,8,6922896,,,false,6
,HF~~vnn,9,6985187,,,false,6
,HF~~~~~,0,7100134,,,false,6
,HF~~~~~,1,7096922,,,false,6
,HF~~~~~,2,7161658,,,false,6
,HF~~~~~,3,7140847,,,false,6
,HF~~~~~,4,7110050,,,false,6
,HF~~~~~,5,7120874,,,false,6
,HF~~~~~,6,7060538,,,false,6
,HF~~~~~,7,7130093,,,false,6
,HF~~~~~,8,7086516,,,false,6
,HF~~~~~,9,7070385,,,false,6
,H~?GW[N,0,4218725,,,false,4
,H~?GW[N,1,4087786,,,false,4
,H~?GW[N,2,4103988,,,false,4
,H~?GW[N,3,4108388,,,false,4
,H~?GW[N,4,4126684,,,false,4
,H~?GW[N,5,4125427,,,false,4
,H~?GW[N,6,4109924,,,false,4
,H~?GW[N,7,4108247,,,false,4
,H~?GW[N,8,4091906,,,false,4
,H~?GW[N,9,4071166,,,false,4
,HwCW~?^,0,5294234,,,false,4
,HwCW~?^,1,5264624,,,false,4
,HwCW~?^,2,5333550,,,false,4
,HwCW~?^,3,5364557,,,false,4
,HwCW~?^,4,5287879,,,false,4
,HwCW~?^,5,5308829,,,false,4
,HwCW~?^,6,5290323,,,false,4
,HwCW~?^,7,5282991,,,false,4
,HwCW~?^,8,5342349,,,false,4
,HwCW~?^,9,5307293,,,false,4
,HwC^?~{,0,5773293,,,false,4
,HwC^?~{,1,5807372,,,false,4
,HwC^?~{,2,5791520,,,false,4
,HwC^?~{,3,5919315,,,false,4
,HwC^?~{,4,5772804,,,false,4
,HwC^?~{,5,5753809,,,false,4
,HwC^?~{,6,5736211,,,false,4
,HwC^?~{,7,5766729,,,false,4
,HwC^?~{,8,5808000,,,false,4
,HwC^?~{,9,5782022,,,false,4
,HqN~~~~,0,7077788,,,false,6
,HqN~~~~,1,7112425,,,false,6
,HqN~~~~,2,7221994,,,false,6
,HqN~~~~,3,7062982,,,false,6
,HqN~~~~,4,7134841,,,false,6
,HqN~~~~,5,7092173,,,false,6
,HqN~~~~,6,7065147,,,false,6
,HqN~~~~,7,7073318,,,false,6
,HqN~~~~,8,7090287,,,false,6
,HqN~~~~,9,7055650,,,false,6
,HJ\zz|~,0,6056120,,,false,7
,HJ\zz|~,1,5971691,,,false,7
,HJ\zz|~,2,6019039,,,false,7
,HJ\zz|~,3,6039709,,,false,7
,HJ\zz|~,4,5919106,,,false,7
,HJ\zz|~,5,5998507,,,false,7
,HJ\zz|~,6,6026161,,,false,7
,HJ\zz|~,7,5972948,,,false,7
,HJ\zz|~,8,6002347,,,false,7
,HJ\zz|~,9,6047251,,,false,7
,HJ\zz~~,0,6738605,,,false,7
,HJ\zz~~,1,6586368,,,false,7
,HJ\zz~~,2,6611437,,,false,7
,HJ\zz~~,3,6646703,,,false,7
,HJ\zz~~,4,6576521,,,false,7
,HJ\zz~~,5,6641466,,,false,7
,HJ\zz~~,6,6612555,,,false,7
,HJ\zz~~,7,6586996,,,false,7
,HJ\zz~~,8,6757809,,,false,7
,HJ\zz~~,9,6586158,,,false,7
,H~z\z|~,0,7090497,,,false,7
,H~z\z|~,1,7054812,,,false,7
,H~z\z|~,2,7039449,,,false,7
,H~z\z|~,3,7038750,,,false,7
,H~z\z|~,4,7044965,,,false,7
,H~z\z|~,5,7105442,,,false,7
,H~z\z|~,6,7197552,,,false,7
,H~z\z|~,7,7066893,,,false,7
,H~z\z|~,8,7105232,,,false,7
,H~z\z|~,9,7071363,,,false,7
,H~z\z~~,0,7174926,,,false,7
,H~z\z~~,1,7152090,,,false,7
,H~z\z~~,2,7170317,,,false,7
,H~z\z~~,3,7210541,,,false,7
,H~z\z~~,4,7366340,,,false,7
,H~z\z~~,5,7160191,,,false,7
,H~z\z~~,6,7168571,,,false,7
,H~z\z~~,7,7186379,,,false,7
,H~z\z~~,8,7166476,,,false,7
,H~z\z~~,9,7176951,,,false,7
,H^~~~~~,0,7238614,,,false,7
,H^~~~~~,1,7319063,,,false,7
,H^~~~~~,2,7376256,,,false,7
,H^~~~~~,3,7259704,,,false,7
,H^~~~~~,4,7237008,,,false,7
,H^~~~~~,5,7231212,,,false,7
,H^~~~~~,6,7317037,,,false,7
,H^~~~~~,7,7317317,,,false,7
,H^~~~~~,8,7279467,,,false,7
,H^~~~~~,9,7414455,,,false,7
,H~~~~~~,0,7133584,,,false,8
,H~~~~~~,1,7223950,,,false,8
,H~~~~~~,2,7147760,,,false,8
,H~~~~~~,3,7263964,,,false,8
,H~~~~~~,4,7242246,,,false,8
,H~~~~~~,5,7157118,,,false,8
,H~~~~~~,6,7237497,,,false,8
,H~~~~~~,7,7302792,,,false,8
,H~~~~~~,8,7152090,,,false,8
,H~~~~~~,9,7184074,,,false,8
,H?B~vrw,0,6098998,,,false,4
,H?B~vrw,1,6068271,,,false,4
,H?B~vrw,2,6098579,,,false,4
,H?B~vrw,3,6070157,,,false,4
,H?B~vrw,4,6052908,,,false,4
,H?B~vrw,5,6112057,,,false,4
,H?B~vrw,6,6206961,,,false,4
,H?B~vrw,7,6074417,,,false,4
,H?B~vrw,8,6052418,,,false,4
,H?B~vrw,9,6069039,,,false,4
,H?B~~~~,0,6585600,,,false,4
,H?B~~~~,1,6540347,,,false,4
,H?B~~~~,2,6565138,,,false,4
,H?B~~~~,3,6569048,,,false,4
,H?B~~~~,4,6671494,,,false,4
,H?B~~~~,5,6633226,,,false,4
,H?B~~~~,6,6556130,,,false,4
,H?B~~~~,7,6545585,,,false,4
,H?B~~~~,8,6579733,,,false,4
,H?B~~~~,9,6566675,,,false,4
,H`?G?CB,0,2718696,,,false,2
,H`?G?CB,1,2724353,,,false,2
,H`?G?CB,2,2719465,,,false,2
,H`?G?CB,3,2714437,,,false,2
,H`?G?CB,4,2738599,,,false,2
,H`?G?CB,5,2711155,,,false,2
,H`?G?CB,6,2702914,,,false,2
,H`?G?CB,7,2797190,,,false,2
,H`?G?CB,8,2808852,,,false,2
,H`?G?CB,9,2685386,,,false,2
,H@GOQIA,0,3716481,,,false,1
,H@GOQIA,1,3735825,,,false,1
,H@GOQIA,2,3728981,,,false,1
,H@GOQIA,3,3715503,,,false,1
,H@GOQIA,4,3722347,,,false,1
,H@GOQIA,5,3730727,,,false,1
,H@GOQIA,6,3729121,,,false,1
,H@GOQIA,7,3730657,,,false,1
,H@GOQIA,8,3760267,,,false,1
,H@GOQIA,9,3758242,,,false,1
,H?DCP_d,0,4056710,,,false,2
,H?DCP_d,1,4038275,,,false,2
,H?DCP_d,2,4081362,,,false,2
,H?DCP_d,3,4096865,,,false,2
,H?DCP_d,4,4051193,,,false,2
,H?DCP_d,5,4043093,,,false,2
,H?DCP_d,6,4051264,,,false,2
,H?DCP_d,7,4036110,,,false,2
,H?DCP_d,8,4045467,,,false,2
,H?DCP_d,9,4076823,,,false,2
,H???GGB,0,2729171,,,false,2
,H???GGB,1,2725680,,,false,2
,H???GGB,2,2740066,,,false,2
,H???GGB,3,2722467,,,false,2
,H???GGB,4,2750262,,,false,2
,H???GGB,5,2742370,,,false,2
,H???GGB,6,2743417,,,false,2
,H???GGB,7,2717579,,,false,2
,H???GGB,8,2740485,,,false,2
,H???GGB,9,2757874,,,false,2
,H@G?GgI,0,3652654,,,false,2
,H@G?GgI,1,3601256,,,false,2
,H@G?GgI,2,3555445,,,false,2
,H@G?GgI,3,3560054,,,false,2
,H@G?GgI,4,3539384,,,false,2
,H@G?GgI,5,3527442,,,false,2
,H@G?GgI,6,3546297,,,false,2
,H@G?GgI,7,3553280,,,false,2
,H@G?GgI,8,3573951,,,false,2
,H@G?GgI,9,3576047,,,false,2
,H??IPio,0,4091699,,,false,2
,H??IPio,1,4090442,,,false,2
,H??IPio,2,4105944,,,false,2
,H??IPio,3,4097704,,,false,2
,H??IPio,4,4122775,,,false,2
,H??IPio,5,4194983,,,false,2
,H??IPio,6,4156784,,,false,2
,H??IPio,7,4078011,,,false,2
,H??IPio,8,4099031,,,false,2
,H??IPio,9,4101964,,,false,2
,HoCOPHA,0,4086601,,,false,2
,HoCOPHA,1,4086321,,,false,2
,HoCOPHA,2,4102104,,,false,2
,HoCOPHA,3,4078011,,,false,2
,HoCOPHA,4,4120540,,,false,2
,HoCOPHA,5,4102453,,,false,2
,HoCOPHA,6,4092118,,,false,2
,HoCOPHA,7,4116070,,,false,2
,HoCOPHA,8,4142397,,,false,2
,HoCOPHA,9,4234857,,,false,2
,H?G?iIW,0,3933036,,,false,1
,H?G?iIW,1,3925774,,,false,1
,H?G?iIW,2,3903985,,,false,1
,H?G?iIW,3,3930941,,,false,1
,H?G?iIW,4,3902798,,,false,1
,H?G?iIW,5,3923678,,,false,1
,H?G?iIW,6,3930243,,,false,1
,H?G?iIW,7,3931011,,,false,1
,H?G?iIW,8,3919488,,,false,1
,H?G?iIW,9,3923120,,,false,1
,H?A?ISq,0,4134087,,,false,1
,H?A?ISq,1,4128152,,,false,1
,H?A?ISq,2,4201756,,,false,1
,H?A?ISq,3,4219634,,,false,1
,H?A?ISq,4,4135344,,,false,1
,H?A?ISq,5,4095050,,,false,1
,H?A?ISq,6,4083318,,,false,1
,H?A?ISq,7,4123752,,,false,1
,H?A?ISq,8,4097635,,,false,1
,H?A?ISq,9,4122355,,,false,1
,H@GSY^o,0,5165043,,,false,4
,H@GSY^o,1,5141160,,,false,4
,H@GSY^o,2,5144163,,,false,4
,H@GSY^o,3,5155406,,,false,4
,H@GSY^o,4,5209667,,,false,4
,H@GSY^o,5,5275660,,,false,4
,H@GSY^o,6,5156733,,,false,4
,H@GSY^o,7,5126635,,,false,4
,H@GSY^o,8,5126844,,,false,4
,H@GSY^o,9,5116019,,,false,4
,H?C[Y[n,0,5089064,,,false,4
,H?C[Y[n,1,5026144,,,false,4
,H?C[Y[n,2,5063924,,,false,4
,H?C[Y[n,3,5090042,,,false,4
,H?C[Y[n,4,5101494,,,false,4
,H?C[Y[n,5,5120070,,,false,4
,H?C[Y[n,6,5155965,,,false,4
,H?C[Y[n,7,5116508,,,false,4
,H?C[Y[n,8,5096397,,,false,4
,H?C[Y[n,9,5072653,,,false,4
,H????N},0,4736822,,,false,2
,H????N},1,4707702,,,false,2
,H????N},2,4728442,,,false,2
,H????N},3,4758191,,,false,2
,H????N},4,4723624,,,false,2
,H????N},5,4751417,,,false,2
,H????N},6,4714965,,,false,2
,H????N},7,4841643,,,false,2
,H????N},8,4764477,,,false,2
,H????N},9,4700440,,,false,2
,H??GW[N,0,3350623,,,false,4
,H??GW[N,1,3349785,,,false,4
,H??GW[N,2,3363053,,,false,4
,H??GW[N,3,3327718,,,false,4
,H??GW[N,4,3343919,,,false,4
,H??GW[N,5,3376531,,,false,4
,H??GW[N,6,3326739,,,false,4
,H??GW[N,7,3335609,,,false,4
,H??GW[N,8,3361866,,,false,4
,H??GW[N,9,3330092,,,false,4
,H??GW^~,0,5171119,,,false,4
,H??GW^~,1,5207781,,,false,4
,H??GW^~,2,5250589,,,false,4
,H??GW^~,3,5165532,,,false,4
,H??GW^~,4,5153101,,,false,4
,H??GW^~,5,5170770,,,false,4
,H??GW^~,6,5153031,,,false,4
,H??GW^~,7,5180337,,,false,4
,H??GW^~,8,5165951,,,false,4
,H??GW^~,9,5190463,,,false,4
,H????^p,0,4531512,,,false,1
,H????^p,1,4517405,,,false,1
,H????^p,2,4546176,,,false,1
,H????^p,3,4594431,,,false,1
,H????^p,4,4555185,,,false,1
,H????^p,5,4482697,,,false,1
,H????^p,6,4508815,,,false,1
,H????^p,7,4478996,,,false,1
,H????^p,8,4507419,,,false,1
,H????^p,9,4484443,,,false,1
,H?CWw{^,0,4200220,,,false,5
,H?CWw{^,1,4167328,,,false,5
,H?CWw{^,2,4177803,,,false,5
,H?CWw{^,3,4186951,,,false,5
,H?CWw{^,4,4211743,,,false,5
,H?CWw{^,5,4193796,,,false,5
,H?CWw{^,6,4261325,,,false,5
,H?CWw{^,7,4235207,,,false,5
,H?CWw{^,8,4180806,,,false,5
,H?CWw{^,9,4202524,,,false,5
,H?CWw~~,0,5635303,,,false,5
,H?CWw~~,1,5661002,,,false,5
,H?CWw~~,2,5631393,,,false,5
,H?CWw~~,3,5643055,,,false,5
,H?CWw~~,4,5628041,,,false,5
,H?CWw~~,5,5618613,,,false,5
,H?CWw~~,6,5618194,,,false,5
,H?CWw~~,7,5774482,,,false,5
,H?CWw~~,8,5569520,,,false,5
,H?CWw~~,9,5592077,,,false,5
,H???C\q,0,4306717,,,false,1
,H???C\q,1,4316772,,,false,1
,H???C\q,2,4285627,,,false,1
,H???C\q,3,4322149,,,false,1
,H???C\q,4,4323268,,,false,1
,H???C\q,5,4305739,,,false,1
,H???C\q,6,4300710,,,false,1
,H???C\q,7,4332485,,,false,1
,H???C\q,8,4351550,,,false,1
,H???C\q,9,4419708,,,false,1
,H????B~,0,4673623,,,false,1
,H????B~,1,4649460,,,false,1
,H????B~,2,4613008,,,false,1
,H????B~,3,4621946,,,false,1
,H????B~,4,4661611,,,false,1
,H????B~,5,4634586,,,false,1
,H????B~,6,4615521,,,false,1
,H????B~,7,4657003,,,false,1
,H????B~,8,4633259,,,false,1
,H????B~,9,4634796,,,false,1
,HEutZhj,0,6210803,,,false,5
,HEutZhj,1,6372747,,,false,5
,HEutZhj,2,6179517,,,false,5
,HEutZhj,3,6139782,,,false,5
,HEutZhj,4,6152771,,,false,5
,HEutZhj,5,6158498,,,false,5
,HEutZhj,6,6197884,,,false,5
,HEutZhj,7,6182800,,,false,5
,HEutZhj,8,6208010,,,false,5
,HEutZhj,9,6213946,,,false,5
,HCHCp\V,0,5559604,,,false,2
,HCHCp\V,1,5452199,,,false,2
,HCHCp\V,2,5487465,,,false,2
,HCHCp\V,3,5462046,,,false,2
,HCHCp\V,4,5469518,,,false,2
,HCHCp\V,5,5461697,,,false,2
,HCHCp\V,6,5469518,,,false,2
,HCHCp\V,7,5453386,,,false,2
,HCHCp\V,8,5446194,,,false,2
,HCHCp\V,9,5475664,,,false,2
,HqH}dS^,0,6302216,,,false,4
,HqH}dS^,1,6248304,,,false,4
,HqH}dS^,2,6187269,,,false,4
,HqH}dS^,3,6161501,,,false,4
,HqH}dS^,4,6187828,,,false,4
,HqH}dS^,5,6161710,,,false,4
,HqH}dS^,6,6151864,,,false,4
,HqH}dS^,7,6195929,,,false,4
,HqH}dS^,8,6157729,,,false,4
,HqH}dS^,9,6337691,,,false,4
,HoCOOL_,0,3637710,,,false,2
,HoCOOL_,1,3646439,,,false,2
,HoCOOL_,2,3650140,,,false,2
,HoCOOL_,3,3642249,,,false,2
,HoCOOL_,4,3668157,,,false,2
,HoCOOL_,5,3634147,,,false,2
,HoCOOL_,6,3647975,,,false,2
,HoCOOL_,7,3642598,,,false,2
,HoCOOL_,8,3653491,,,false,2
,HoCOOL_,9,3660895,,,false,2
,HwCO?SE,0,3694834,,,false,2
,HwCO?SE,1,3680727,,,false,2
,HwCO?SE,2,3664385,,,false,2
,HwCO?SE,3,3718926,,,false,2
,HwCO?SE,4,3814598,,,false,2
,HwCO?SE,5,3684079,,,false,2
,HwCO?SE,6,3683800,,,false,2
,HwCO?SE,7,3679050,,,false,2
,HwCO?SE,8,3672067,,,false,2
,HwCO?SE,9,3693157,,,false,2
,H{dQXgj,0,5705556,,,false,5
,H{dQXgj,1,5676226,,,false,5
,H{dQXgj,2,5662469,,,false,5
,H{dQXgj,3,5647594,,,false,5
,H{dQXgj,4,5654578,,,false,5
,H{dQXgj,5,5787751,,,false,5
,H{dQXgj,6,5730487,,,false,5
,H{dQXgj,7,5672106,,,false,5
,H{dQXgj,8,5673014,,,false,5
,H{dQXgj,9,5633627,,,false,5
,HoDPV~},0,6257452,,,false,4
,HoDPV~},1,6234337,,,false,4
,HoDPV~},2,6294395,,,false,4
,HoDPV~},3,6257804,,,false,4
,HoDPV~},4,6361995,,,false,4
,HoDPV~},5,6324425,,,false,4
,HoDPV~},6,6260876,,,false,4
,HoDPV~},7,6285318,,,false,4
,HoDPV~},8,6281058,,,false,4
,HoDPV~},9,6313251,,,false,4
,HIISZ~},0,6369397,,,false,4
,HIISZ~},1,6391255,,,false,4
,HIISZ~},2,6393979,,,false,4
,HIISZ~},3,6590771,,,false,4
,HIISZ~},4,6368210,,,false,4
,HIISZ~},5,6358224,,,false,4
,HIISZ~},6,6378825,,,false,4
,HIISZ~},7,6347819,,,false,4
,HIISZ~},8,6363532,,,false,4
,HIISZ~},9,6370236,,,false,4
,H?MzvNV,0,6336715,,,false,4
,H?MzvNV,1,6389161,,,false,4
,H?MzvNV,2,6381479,,,false,4
,H?MzvNV,3,6297539,,,false,4
,H?MzvNV,4,6285388,,,false,4
,H?MzvNV,5,6316813,,,false,4
,H?MzvNV,6,6302637,,,false,4
,H?MzvNV,7,6323447,,,false,4
,H?MzvNV,8,6293418,,,false,4
,H?MzvNV,9,6302008,,,false,4
,H?S}tnn,0,6536021,,,false,4
,H?S}tnn,1,6359691,,,false,4
,H?S}tnn,2,6332665,,,false,4
,H?S}tnn,3,6349844,,,false,4
,H?S}tnn,4,6342372,,,false,4
,H?S}tnn,5,6324843,,,false,4
,H?S}tnn,6,6362833,,,false,4
,H?S}tnn,7,6348656,,,false,4
,H?S}tnn,8,6362274,,,false,4
,H?S}tnn,9,6513954,,,false,4
,H?`jm}~,0,6355291,,,false,3
,H?`jm}~,1,6367512,,,false,3
,H?`jm}~,2,6294256,,,false,3
,H?`jm}~,3,6365836,,,false,3
,H?`jm}~,4,6300821,,,false,3
,H?`jm}~,5,6335598,,,false,3
,H?`jm}~,6,6315625,,,false,3
,H?`jm}~,7,6450196,,,false,3
,H?`jm}~,8,6384481,,,false,3
,H?`jm}~,9,6324005,,,false,3
,H?h[bFr,0,5632023,,,false,4
,H?h[bFr,1,5571338,,,false,4
,H?h[bFr,2,5592148,,,false,4
,H?h[bFr,3,5640054,,,false,4
,H?h[bFr,4,5594732,,,false,4
,H?h[bFr,5,5624481,,,false,4
,H?h[bFr,6,5644732,,,false,4
,H?h[bFr,7,5774694,,,false,4
,H?h[bFr,8,5604229,,,false,4
,H?h[bFr,9,5606882,,,false,4
,H@IQ]re,0,5666800,,,false,4
,H@IQ]re,1,5632163,,,false,4
,H@IQ]re,2,5654789,,,false,4
,H@IQ]re,3,5647107,,,false,4
,H@IQ]re,4,5649691,,,false,4
,H@IQ]re,5,5652834,,,false,4
,H@IQ]re,6,5745294,,,false,4
,H@IQ]re,7,5726927,,,false,4
,H@IQ]re,8,5649831,,,false,4
,H@IQ]re,9,5647246,,,false,4
,H`?guNw,0,5499129,,,false,3
,H`?guNw,1,5482649,,,false,3
,H`?guNw,2,5503180,,,false,3
,H`?guNw,3,5515051,,,false,3
,H`?guNw,4,5468333,,,false,3
,H`?guNw,5,5492844,,,false,3
,H`?guNw,6,5667080,,,false,3
,H`?guNw,7,5470986,,,false,3
,H`?guNw,8,5451782,,,false,3
,H`?guNw,9,5480833,,,false,3
,H`AkrT[,0,5576575,,,false,4
,H`AkrT[,1,5581393,,,false,4
,H`AkrT[,2,5564913,,,false,4
,H`AkrT[,3,5594243,,,false,4
,H`AkrT[,4,5567776,,,false,4
,H`AkrT[,5,5535373,,,false,4
,H`AkrT[,6,5758562,,,false,4
,H`AkrT[,7,5554786,,,false,4
,H`AkrT[,8,5587748,,,false,4
,H`AkrT[,9,5563446,,,false,4
,H_GouNy,0,5679231,,,false,3
,H_GouNy,1,5689077,,,false,3
,H_GouNy,2,5682303,,,false,3
,H_GouNy,3,5679928,,,false,3
,H_GouNy,4,5662191,,,false,3
,H_GouNy,5,5711564,,,false,3
,H_GouNy,6,5830072,,,false,3
,H_GouNy,7,5688030,,,false,3
,H_GouNy,8,5674692,,,false,3
,H_GouNy,9,5664845,,,false,3
,H@`M@~u,0,5854513,,,false,4
,H@`M@~u,1,5881189,,,false,4
,H@`M@~u,2,5873229,,,false,4
,H@`M@~u,3,5856120,,,false,4
,H@`M@~u,4,5861147,,,false,4
,H@`M@~u,5,6059824,,,false,4
,H@`M@~u,6,5871483,,,false,4
,H@`M@~u,7,5880911,,,false,4
,H@`M@~u,8,5847949,,,false,4
,H@`M@~u,9,5865687,,,false,4
,HR?MC|m,0,5654509,,,false,4
,HR?MC|m,1,5639915,,,false,4
,HR?MC|m,2,5636423,,,false,4
,HR?MC|m,3,5638727,,,false,4
,HR?MC|m,4,5692709,,,false,4
,HR?MC|m,5,5747808,,,false,4
,HR?MC|m,6,5646828,,,false,4
,HR?MC|m,7,5649342,,,false,4
,HR?MC|m,8,5627624,,,false,4
,HR?MC|m,9,5639984,,,false,4
,HR?M@~M,0,5621129,,,false,4
,HR?M@~M,1,5629789,,,false,4
,HR?M@~M,2,5580346,,,false,4
,HR?M@~M,3,5579997,,,false,4
,HR?M@~M,4,5745363,,,false,4
,HR?M@~M,5,5650529,,,false,4
,HR?M@~M,6,5649551,,,false,4
,HR?M@~M,7,5609048,,,false,4
,HR?M@~M,8,5610584,,,false,4
,HR?M@~M,9,5585094,,,false,4
,HR`HGvN,0,5766802,,,false,4
,HR`HGvN,1,5783492,,,false,4
,HR`HGvN,2,5794387,,,false,4
,HR`HGvN,3,5771202,,,false,4
,HR`HGvN,4,5966107,,,false,4
,HR`HGvN,5,5787473,,,false,4
,HR`HGvN,6,5797250,,,false,4
,HR`HGvN,7,5796063,,,false,4
,HR`HGvN,8,5795015,,,false,4
,HR`HGvN,9,5784680,,,false,4
,HCSp]Nw,0,5782236,,,false,4
,HCSp]Nw,1,5783981,,,false,4
,HCSp]Nw,2,5789847,,,false,4
,HCSp]Nw,3,5958775,,,false,4
,HCSp]Nw,4,5781397,,,false,4
,HCSp]Nw,5,5791244,,,false,4
,HCSp]Nw,6,5749413,,,false,4
,HCSp]Nw,7,5783772,,,false,4
,HCSp]Nw,8,5753045,,,false,4
,HCSp]Nw,9,5760796,,,false,4
,H@iRI~w,0,5949418,,,false,4
,H@iRI~w,1,5921694,,,false,4
,H@iRI~w,2,6018623,,,false,4
,H@iRI~w,3,6028050,,,false,4
,H@iRI~w,4,5956192,,,false,4
,H@iRI~w,5,5926861,,,false,4
,H@iRI~w,6,5933495,,,false,4
,H@iRI~w,7,5968971,,,false,4
,H@iRI~w,8,5924208,,,false,4
,H@iRI~w,9,5948510,,,false,4
,HPSRK^[,0,5785797,,,false,4
,HPSRK^[,1,5807166,,,false,4
,HPSRK^[,2,5929305,,,false,4
,HPSRK^[,3,5772249,,,false,4
,HPSRK^[,4,5807934,,,false,4
,HPSRK^[,5,5819387,,,false,4
,HPSRK^[,6,5782375,,,false,4
,HPSRK^[,7,5805001,,,false,4
,HPSRK^[,8,5782864,,,false,4
,HPSRK^[,9,5808143,,,false,4
,HANLbNw,0,5905492,,,false,5
,HANLbNw,1,6089924,,,false,5
,HANLbNw,2,5842992,,,false,5
,HANLbNw,3,5890409,,,false,5
,HANLbNw,4,5863873,,,false,5
,HANLbNw,5,5908427,,,false,5
,HANLbNw,6,5874278,,,false,5
,HANLbNw,7,5886429,,,false,5
,HANLbNw,8,5870995,,,false,5
,HANLbNw,9,5845157,,,false,5
,H?ManrM,0,5927351,,,false,4
,H?ManrM,1,5858636,,,false,4
,H?ManrM,2,5778396,,,false,4
,H?ManrM,3,5788452,,,false,4
,H?ManrM,4,5786427,,,false,4
,H?ManrM,5,5797042,,,false,4
,H?ManrM,6,5763382,,,false,4
,H?ManrM,7,5783774,,,false,4
,H?ManrM,8,5800185,,,false,4
,H?ManrM,9,5865688,,,false,4
,H@hZSno,0,5855213,,,false,5
,H@hZSno,1,5708633,,,false,5
,H@hZSno,2,5664148,,,false,5
,H@hZSno,3,5652835,,,false,5
,H@hZSno,4,5698017,,,false,5
,H@hZSno,5,5662332,,,false,5
,H@hZSno,6,5679093,,,false,5
,H@hZSno,7,5680000,,,false,5
,H@hZSno,8,5690336,,,false,5
,H@hZSno,9,5827629,,,false,5
,H{`Ypgj,0,5806260,,,false,5
,H{`Ypgj,1,5782795,,,false,5
,H{`Ypgj,2,5751301,,,false,5
,H{`Ypgj,3,5764779,,,false,5
,H{`Ypgj,4,5781329,,,false,5
,H{`Ypgj,5,5759751,,,false,5
,H{`Ypgj,6,5759611,,,false,5
,H{`Ypgj,7,5739219,,,false,5
,H{`Ypgj,8,5759122,,,false,5
,H{`Ypgj,9,5919112,,,false,5
,HQ?g}Rp,0,5387257,,,false,3
,HQ?g}Rp,1,5383207,,,false,3
,HQ?g}Rp,2,5393751,,,false,3
,HQ?g}Rp,3,5383695,,,false,3
,HQ?g}Rp,4,5396475,,,false,3
,HQ?g}Rp,5,5391098,,,false,3
,HQ?g}Rp,6,5400526,,,false,3
,HQ?g}Rp,7,5422314,,,false,3
,HQ?g}Rp,8,5451434,,,false,3
,HQ?g}Rp,9,5563936,,,false,3
,HQ?{QVr,0,5633560,,,false,3
,HQ?{QVr,1,5642221,,,false,3
,HQ?{QVr,2,5649064,,,false,3
,HQ?{QVr,3,5619245,,,false,3
,HQ?{QVr,4,5657793,,,false,3
,HQ?{QVr,5,5686984,,,false,3
,HQ?{QVr,6,5659749,,,false,3
,HQ?{QVr,7,5641383,,,false,3
,HQ?{QVr,8,5771343,,,false,3
,HQ?{QVr,9,5709400,,,false,3
,H``@_^{,0,5501366,,,false,3
,H``@_^{,1,5426434,,,false,3
,H``@_^{,2,5460233,,,false,3
,H``@_^{,3,5443124,,,false,3
,H``@_^{,4,5469033,,,false,3
,H``@_^{,5,5436979,,,false,3
,H``@_^{,6,5436421,,,false,3
,H``@_^{,7,5406741,,,false,3
,H``@_^{,8,5602904,,,false,3
,H``@_^{,9,5530975,,,false,3
,HR?G]Nw,0,5409743,,,false,3
,HR?G]Nw,1,5367145,,,false,3
,HR?G]Nw,2,5366377,,,false,3
,HR?G]Nw,3,5367005,,,false,3
,HR?G]Nw,4,5361489,,,false,3
,HR?G]Nw,5,5408347,,,false,3
,HR?G]Nw,6,5368821,,,false,3
,HR?G]Nw,7,5385791,,,false,3
,HR?G]Nw,8,5499131,,,false,3
,HR?G]Nw,9,5452831,,,false,3
,HPp?g~e,0,5676648,,,false,4
,HPp?g~e,1,5678045,,,false,4
,HPp?g~e,2,5655978,,,false,4
,HPp?g~e,3,5678604,,,false,4
,HPp?g~e,4,5660727,,,false,4
,HPp?g~e,5,5693059,,,false,4
,HPp?g~e,6,5674833,,,false,4
,HPp?g~e,7,5671899,,,false,4
,HPp?g~e,8,5932240,,,false,4
,HPp?g~e,9,5659190,,,false,4
,H`Y?g~e,0,5684819,,,false,4
,H`Y?g~e,1,5700322,,,false,4
,H`Y?g~e,2,5682445,,,false,4
,H`Y?g~e,3,5686286,,,false,4
,H`Y?g~e,4,5678813,,,false,4
,H`Y?g~e,5,5689916,,,false,4
,H`Y?g~e,6,5723367,,,false,4
,H`Y?g~e,7,5722180,,,false,4
,H`Y?g~e,8,5847462,,,false,4
,H`Y?g~e,9,5722808,,,false,4
,H_?|Qrr,0,5703534,,,false,3
,H_?|Qrr,1,5698436,,,false,3
,H_?|Qrr,2,5710588,,,false,3
,H_?|Qrr,3,5698296,,,false,3
,H_?|Qrr,4,5704162,,,false,3
,H_?|Qrr,5,5689079,,,false,3
,H_?|Qrr,6,5685238,,,false,3
,H_?|Qrr,7,5867364,,,false,3
,H_?|Qrr,8,5709470,,,false,3
,H_?|Qrr,9,5698576,,,false,3
,H[CGYNp,0,5345706,,,false,3
,H[CGYNp,1,5364282,,,false,3
,H[CGYNp,2,5350246,,,false,3
,H[CGYNp,3,5357299,,,false,3
,H[CGYNp,4,5388375,,,false,3
,H[CGYNp,5,5365818,,,false,3
,H[CGYNp,6,5380414,,,false,3
,H[CGYNp,7,5496338,,,false,3
,H[CGYNp,8,5381810,,,false,3
,H[CGYNp,9,5337395,,,false,3
,H`GO]Nw,0,5362187,,,false,3
,H`GO]Nw,1,5368542,,,false,3
,H`GO]Nw,2,5351782,,,false,3
,H`GO]Nw,3,5347243,,,false,3
,H`GO]Nw,4,5380832,,,false,3
,H`GO]Nw,5,5352270,,,false,3
,H`GO]Nw,6,5386628,,,false,3
,H`GO]Nw,7,5502693,,,false,3
,H`GO]Nw,8,5409744,,,false,3
,H`GO]Nw,9,5375176,,,false,3
,H`IQO~e,0,5680768,,,false,3
,H`IQO~e,1,5680489,,,false,3
,H`IQO~e,2,5664847,,,false,3
,H`IQO~e,3,5699484,,,false,3
,H`IQO~e,4,5680909,,,false,3
,H`IQO~e,5,5660447,,,false,3
,H`IQO~e,6,5693617,,,false,3
,H`IQO~e,7,5899069,,,false,3
,H`IQO~e,8,5625390,,,false,3
,H`IQO~e,9,5684539,,,false,3
,HqGOW~e,0,5672039,,,false,4
,HqGOW~e,1,5612890,,,false,4
,HqGOW~e,2,5592289,,,false,4
,HqGOW~e,3,5633841,,,false,4
,HqGOW~e,4,5614496,,,false,4
,HqGOW~e,5,5669735,,,false,4
,HqGOW~e,6,5689498,,,false,4
,HqGOW~e,7,5742082,,,false,4
,HqGOW~e,8,5598295,,,false,4
,HqGOW~e,9,5640614,,,false,4
,HDYAG~e,0,5737194,,,false,4
,HDYAG~e,1,5704442,,,false,4
,HDYAG~e,2,5727627,,,false,4
,HDYAG~e,3,5718828,,,false,4
,HDYAG~e,4,5701788,,,false,4
,HDYAG~e,5,5696900,,,false,4
,HDYAG~e,6,5888315,,,false,4
,HDYAG~e,7,5716384,,,false,4
,HDYAG~e,8,5725672,,,false,4
,HDYAG~e,9,5707585,,,false,4
,Ha?{PVr,0,5683562,,,false,3
,Ha?{PVr,1,5693688,,,false,3
,Ha?{PVr,2,5661703,,,false,3
,Ha?{PVr,3,5696342,,,false,3
,Ha?{PVr,4,5684120,,,false,3
,Ha?{PVr,5,5710936,,,false,3
,Ha?{PVr,6,5841176,,,false,3
,Ha?{PVr,7,5712403,,,false,3
,Ha?{PVr,8,5707864,,,false,3
,Ha?{PVr,9,5777698,,,false,3
,Ho@PW~w,0,5663031,,,false,3
,Ho@PW~w,1,5654580,,,false,3
,Ho@PW~w,2,5612192,,,false,3
,Ho@PW~w,3,5630558,,,false,3
,Ho@PW~w,4,5661844,,,false,3
,Ho@PW~w,5,5774695,,,false,3
,Ho@PW~w,6,5709679,,,false,3
,Ho@PW~w,7,5629999,,,false,3
,Ho@PW~w,8,5630768,,,false,3
,Ho@PW~w,9,5614009,,,false,3
,Hq?HWzr,0,5660658,,,false,3
,Hq?HWzr,1,5625252,,,false,3
,Hq?HWzr,2,5652138,,,false,3
,Hq?HWzr,3,5654303,,,false,3
,Hq?HWzr,4,5629582,,,false,3
,Hq?HWzr,5,5784823,,,false,3
,Hq?HWzr,6,5666524,,,false,3
,Hq?HWzr,7,5628605,,,false,3
,Hq?HWzr,8,5607933,,,false,3
,Hq?HWzr,9,5618897,,,false,3
,H`?L?lJ,0,4982223,,,false,2
,H`?L?lJ,1,4936341,,,false,2
,H`?L?lJ,2,4981873,,,false,2
,H`?L?lJ,3,4966720,,,false,2
,H`?L?lJ,4,4976636,,,false,2
,H`?L?lJ,5,5102825,,,false,2
,H`?L?lJ,6,5025868,,,false,2
,H`?L?lJ,7,4993745,,,false,2
,H`?L?lJ,8,4974471,,,false,2
,H`?L?lJ,9,4972935,,,false,2
,HCd@Igi,0,4711058,,,false,2
,HCd@Igi,1,4701002,,,false,2
,HCd@Igi,2,4707007,,,false,2
,HCd@Igi,3,4734452,,,false,2
,HCd@Igi,4,4675861,,,false,2
,HCd@Igi,5,4698069,,,false,2
,HCd@Igi,6,4728795,,,false,2
,HCd@Igi,7,4828728,,,false,2
,HCd@Igi,8,4673138,,,false,2
,HCd@Igi,9,4695904,,,false,2
,H?z\z~~,0,6855863,,,false,4
,H?z\z~~,1,6862497,,,false,4
,H?z\z~~,2,6839871,,,false,4
,H?z\z~~,3,6837218,,,false,4
,H?z\z~~,4,6823601,,,false,4
,H?z\z~~,5,6960125,,,false,4
,H?z\z~~,6,6966341,,,false,4
,H?z\z~~,7,6845738,,,false,4
,H?z\z~~,8,6848810,,,false,4
,H?z\z~~,9,6845039,,,false,4
,H_K~]~~,0,6673109,,,false,4
,H_K~]~~,1,6710749,,,false,4
,H_K~]~~,2,6688053,,,false,4
,H_K~]~~,3,6787566,,,false,4
,H_K~]~~,4,6825207,,,false,4
,H_K~]~~,5,6758026,,,false,4
,H_K~]~~,6,6739939,,,false,4
,H_K~]~~,7,6736308,,,false,4
,H_K~]~~,8,6738193,,,false,4
,H_K~]~~,9,6707118,,,false,4
,HCZ\z~~,0,6955306,,,false,4
,HCZ\z~~,1,7069904,,,false,4
,HCZ\z~~,2,7073745,,,false,4
,HCZ\z~~,3,6935264,,,false,4
,HCZ\z~~,4,6948254,,,false,4
,HCZ\z~~,5,6951536,,,false,4
,HCZ\z~~,6,6975698,,,false,4
,HCZ\z~~,7,6981076,,,false,4
,HCZ\z~~,8,6936661,,,false,4
,HCZ\z~~,9,7132964,,,false,4
,H@zTz~~,0,7027375,,,false,5
,H@zTz~~,1,6947067,,,false,5
,H@zTz~~,2,6935684,,,false,5
,H@zTz~~,3,6949581,,,false,5
,H@zTz~~,4,6939944,,,false,5
,H@zTz~~,5,6945670,,,false,5
,H@zTz~~,6,6956285,,,false,5
,H@zTz~~,7,7104053,,,false,5
,H@zTz~~,8,6898671,,,false,5
,H@zTz~~,9,6963686,,,false,5
,H@l~]~~,0,7039666,,,false,5
,H@l~]~~,1,7045951,,,false,5
,H@l~]~~,2,7027794,,,false,5
,H@l~]~~,3,7006705,,,false,5
,H@l~]~~,4,7008940,,,false,5
,H@l~]~~,5,7255452,,,false,5
,H@l~]~~,6,7048256,,,false,5
,H@l~]~~,7,7053633,,,false,5
,H@l~]~~,8,7040923,,,false,5
,H@l~]~~,9,7015364,,,false,5
,HIiZ|~~,0,6924929,,,false,5
,HIiZ|~~,1,6916130,,,false,5
,HIiZ|~~,2,6938058,,,false,5
,HIiZ|~~,3,7079961,,,false,5
,HIiZ|~~,4,6914524,,,false,5
,HIiZ|~~,5,6962360,,,false,5
,HIiZ|~~,6,6942108,,,false,5
,HIiZ|~~,7,6973324,,,false,5
,HIiZ|~~,8,6943016,,,false,5
,HIiZ|~~,9,6948952,,,false,5
,HBqj|~~,0,7087782,,,false,5
,HBqj|~~,1,7075002,,,false,5
,HBqj|~~,2,7019554,,,false,5
,HBqj|~~,3,6981075,,,false,5
,HBqj|~~,4,6949860,,,false,5
,HBqj|~~,5,6994274,,,false,5
,HBqj|~~,6,6981005,,,false,5
,HBqj|~~,7,6969762,,,false,5
,HBqj|~~,8,7144486,,,false,5
,HBqj|~~,9,7002515,,,false,5
,HHr\z~~,0,7081427,,,false,5
,HHr\z~~,1,7029889,,,false,5
,HHr\z~~,2,7041552,,,false,5
,HHr\z~~,3,7086315,,,false,5
,HHr\z~~,4,7085337,,,false,5
,HHr\z~~,5,7087223,,,false,5
,HHr\z~~,6,7210619,,,false,5
,HHr\z~~,7,7033241,,,false,5
,HHr\z~~,8,7003981,,,false,5
,HHr\z~~,9,7007193,,,false,5
,HDYz}~~,0,7041132,,,false,5
,HDYz}~~,1,6992389,,,false,5
,HDYz}~~,2,7046440,,,false,5
,HDYz}~~,3,7117531,,,false,5
,HDYz}~~,4,7247352,,,false,5
,HDYz}~~,5,7030518,,,false,5
,HDYz}~~,6,7037990,,,false,5
,HDYz}~~,7,7060127,,,false,5
,HDYz}~~,8,7043297,,,false,5
,HDYz}~~,9,7050072,,,false,5
,Higx}~~,0,6921927,,,false,5
,Higx}~~,1,6960474,,,false,5
,Higx}~~,2,7000908,,,false,5
,Higx}~~,3,6922554,,,false,5
,Higx}~~,4,6933519,,,false,5
,Higx}~~,5,6879398,,,false,5
,Higx}~~,6,6914105,,,false,5
,Higx}~~,7,6936103,,,false,5
,Higx}~~,8,6897205,,,false,5
,Higx}~~,9,7038060,,,false,5
,HFXm|~~,0,7097908,,,false,5
,HFXm|~~,1,7039946,,,false,5
,HFXm|~~,2,7005727,,,false,5
,HFXm|~~,3,7007682,,,false,5
,HFXm|~~,4,7010266,,,false,5
,HFXm|~~,5,7002445,,,false,5
,HFXm|~~,6,7014875,,,false,5
,HFXm|~~,7,7219349,,,false,5
,HFXm|~~,8,6985405,,,false,5
,HFXm|~~,9,7030029,,,false,5
,HiK|[~~,0,6811659,,,false,5
,HiK|[~~,1,6803069,,,false,5
,HiK|[~~,2,6825765,,,false,5
,HiK|[~~,3,6793921,,,false,5
,HiK|[~~,4,6788753,,,false,5
,HiK|[~~,5,7020741,,,false,5
,HiK|[~~,6,6766127,,,false,5
,HiK|[~~,7,6826673,,,false,5
,HiK|[~~,8,6801812,,,false,5
,HiK|[~~,9,6805024,,,false,5
,HsXXz~~,0,6891411,,,false,5
,HsXXz~~,1,6889246,,,false,5
,HsXXz~~,2,6910615,,,false,5
,HsXXz~~,3,7127030,,,false,5
,HsXXz~~,4,6905517,,,false,5
,HsXXz~~,5,6901746,,,false,5
,HsXXz~~,6,6912222,,,false,5
,HsXXz~~,7,6891062,,,false,5
,HsXXz~~,8,6896997,,,false,5
,HsXXz~~,9,6886802,,,false,5
,HiiXz~~,0,6906844,,,false,5
,HiiXz~~,1,7069696,,,false,5
,HiiXz~~,2,6897207,,,false,5
,HiiXz~~,3,6896369,,,false,5
,HiiXz~~,4,6921160,,,false,5
,HiiXz~~,5,6896509,,,false,5
,HiiXz~~,6,6916761,,,false,5
,HiiXz~~,7,6913199,,,false,5
,HiiXz~~,8,6927305,,,false,5
,HiiXz~~,9,7135340,,,false,5
,HsSz~^~,0,7028076,,,false,5
,HsSz~^~,1,7047210,,,false,5
,HsSz~^~,2,7054263,,,false,5
,HsSz~^~,3,7014877,,,false,5
,HsSz~^~,4,7038480,,,false,5
,HsSz~^~,5,7030031,,,false,5
,HsSz~^~,6,7105661,,,false,5
,HsSz~^~,7,7109921,,,false,5
,HsSz~^~,8,7050702,,,false,5
,HsSz~^~,9,7061456,,,false,5
,HDxuz~~,0,7136248,,,false,5
,HDxuz~~,1,7112086,,,false,5
,HDxuz~~,2,7091555,,,false,5
,HDxuz~~,3,7069906,,,false,5
,HDxuz~~,4,7282411,,,false,5
,HDxuz~~,5,7069138,,,false,5
,HDxuz~~,6,7096723,,,false,5
,HDxuz~~,7,7125145,,,false,5
,HDxuz~~,8,7043509,,,false,5
,HDxuz~~,9,7073258,,,false,5
,HFZm|~~,0,7135759,,,false,5
,HFZm|~~,1,7109501,,,false,5
,HFZm|~~,2,7289952,,,false,5
,HFZm|~~,3,7100283,,,false,5
,HFZm|~~,4,7110130,,,false,5
,HFZm|~~,5,7073328,,,false,5
,HFZm|~~,6,7112435,,,false,5
,HFZm|~~,7,7131220,,,false,5
,HFZm|~~,8,7372705,,,false,5
,HFZm|~~,9,7459369,,,false,5
,HBu~Z~~,0,7492680,,,false,5
,HBu~Z~~,1,7188134,,,false,5
,HBu~Z~~,2,7193302,,,false,5
,HBu~Z~~,3,7153707,,,false,5
,HBu~Z~~,4,7156500,,,false,5
,HBu~Z~~,5,7159364,,,false,5
,HBu~Z~~,6,7147561,,,false,5
,HBu~Z~~,7,7377105,,,false,5
,HBu~Z~~,8,7164112,,,false,5
,HBu~Z~~,9,7176472,,,false,5
,HEl~~z~,0,7165089,,,false,5
,HEl~~z~,1,7166346,,,false,5
,HEl~~z~,2,7171235,,,false,5
,HEl~~z~,3,7184783,,,false,5
,HEl~~z~,4,7232828,,,false,5
,HEl~~z~,5,7285971,,,false,5
,HEl~~z~,6,7216208,,,false,5
,HEl~~z~,7,7165439,,,false,5
,HEl~~z~,8,7179335,,,false,5
,HEl~~z~,9,7230734,,,false,5
,H~?GW^~,0,5843554,,,false,4
,H~?GW^~,1,5827911,,,false,4
,H~?GW^~,2,5856404,,,false,4
,H~?GW^~,3,5977565,,,false,4
,H~?GW^~,4,5856823,,,false,4
,H~?GW^~,5,5845230,,,false,4
,H~?GW^~,6,5821837,,,false,4
,H~?GW^~,7,5873233,,,false,4
,H~?GW^~,8,5843415,,,false,4
,H~?GW^~,9,5862828,,,false,4
,HwC^?~~,0,6183017,,,false,4
,HwC^?~~,1,6147192,,,false,4
,HwC^?~~,2,6371778,,,false,4
,HwC^?~~,3,6115418,,,false,4
,HwC^?~~,4,6167653,,,false,4
,HwC^?~~,5,6168282,,,false,4
,HwC^?~~,6,6150613,,,false,4
,HwC^?~~,7,6146982,,,false,4
,HwC^?~~,8,6151173,,,false,4
,HwC^?~~,9,6152220,,,false,4
,HwCW~N~,0,6321287,,,false,4
,HwCW~N~,1,6558653,,,false,4
,HwCW~N~,2,6323383,,,false,4
,HwCW~N~,3,6294332,,,false,4
,HwCW~N~,4,6326875,,,false,4
,HwCW~N~,5,6317307,,,false,4
,HwCW~N~,6,6305784,,,false,4
,HwCW~N~,7,6299570,,,false,4
,HwCW~N~,8,6293983,,,false,4
,HwCW~N~,9,6433720,,,false,4
,HwCW~^~,0,6451737,,,false,4
,HwCW~^~,1,6422616,,,false,4
,HwCW~^~,2,6423733,,,false,4
,HwCW~^~,3,6430927,,,false,4
,HwCW~^~,4,6392657,,,false,4
,HwCW~^~,5,6399711,,,false,4
,HwCW~^~,6,6396150,,,false,4
,HwCW~^~,7,6393915,,,false,4
,HwCW~^~,8,6593151,,,false,4
,HwCW~^~,9,6415773,,,false,4
,H`rHpn~,0,6421080,,,false,4
,H`rHpn~,1,6382252,,,false,4
,H`rHpn~,2,6373663,,,false,4
,H`rHpn~,3,6378621,,,false,4
,H`rHpn~,4,6371288,,,false,4
,H`rHpn~,5,6403552,,,false,4
,H`rHpn~,6,6465075,,,false,4
,H`rHpn~,7,6423525,,,false,4
,H`rHpn~,8,6380716,,,false,4
,H`rHpn~,9,6363537,,,false,4
,HKeZb^~,0,6538890,,,false,4
,HKeZb^~,1,6527018,,,false,4
,HKeZb^~,2,6565916,,,false,4
,HKeZb^~,3,6548247,,,false,4
,HKeZb^~,4,6513400,,,false,4
,HKeZb^~,5,6725696,,,false,4
,HKeZb^~,6,6541264,,,false,4
,HKeZb^~,7,6543709,,,false,4
,HKeZb^~,8,6517450,,,false,4
,HKeZb^~,9,6522688,,,false,4
,HwC[zz~,0,6500411,,,false,5
,HwC[zz~,1,6464865,,,false,5
,HwC[zz~,2,6483092,,,false,5
,HwC[zz~,3,6651881,,,false,5
,HwC[zz~,4,6499992,,,false,5
,HwC[zz~,5,6496571,,,false,5
,HwC[zz~,6,6507116,,,false,5
,HwC[zz~,7,6483581,,,false,5
,HwC[zz~,8,6536166,,,false,5
,HwC[zz~,9,6501807,,,false,5
,H`ouX~~,0,6500412,,,false,4
,H`ouX~~,1,6590567,,,false,4
,H`ouX~~,2,6607048,,,false,4
,H`ouX~~,3,6526389,,,false,4
,H`ouX~~,4,6498805,,,false,4
,H`ouX~~,5,6547549,,,false,4
,H`ouX~~,6,6509490,,,false,4
,H`ouX~~,7,6514587,,,false,4
,H`ouX~~,8,6527646,,,false,4
,H`ouX~~,9,6552019,,,false,4
,H`K~E~~,0,6867599,,,false,5
,H`K~E~~,1,6606700,,,false,5
,H`K~E~~,2,6609493,,,false,5
,H`K~E~~,3,6630304,,,false,5
,H`K~E~~,4,6613404,,,false,5
,H`K~E~~,5,6639522,,,false,5
,H`K~E~~,6,6605303,,,false,5
,H`K~E~~,7,6629117,,,false,5
,H`K~E~~,8,6789805,,,false,5
,H`K~E~~,9,6584912,,,false,5
,HeGh}~~,0,6527578,,,false,4
,HeGh}~~,1,6513542,,,false,4
,HeGh}~~,2,6657259,,,false,4
,HeGh}~~,3,6645598,,,false,4
,HeGh}~~,4,6628837,,,false,4
,HeGh}~~,5,6654397,,,false,4
,HeGh}~~,6,6803143,,,false,4
,HeGh}~~,7,6688825,,,false,4
,HeGh}~~,8,6637846,,,false,4
,HeGh}~~,9,6686171,,,false,4
,HTPLzz~,0,6723672,,,false,4
,HTPLzz~,1,6700627,,,false,4
,HTPLzz~,2,6720459,,,false,4
,HTPLzz~,3,6718434,,,false,4
,HTPLzz~,4,6810406,,,false,4
,HTPLzz~,5,6815224,,,false,4
,HTPLzz~,6,6689872,,,false,4
,HTPLzz~,7,6706213,,,false,4
,HTPLzz~,8,6730306,,,false,4
,HTPLzz~,9,6727792,,,false,4
,H`NDzz~,0,6666408,,,false,5
,H`NDzz~,1,6687568,,,false,5
,H`NDzz~,2,6739524,,,false,5
,H`NDzz~,3,6806774,,,false,5
,H`NDzz~,4,6677023,,,false,5
,H`NDzz~,5,6681562,,,false,5
,H`NDzz~,6,6719622,,,false,5
,H`NDzz~,7,6650416,,,false,5
,H`NDzz~,8,6694062,,,false,5
,H`NDzz~,9,6699090,,,false,5
,HwCZ~z~,0,6757262,,,false,5
,HwCZ~z~,1,6852446,,,false,5
,HwCZ~z~,2,6698951,,,false,5
,HwCZ~z~,3,6711451,,,false,5
,HwCZ~z~,4,6713616,,,false,5
,HwCZ~z~,5,6700418,,,false,5
,HwCZ~z~,6,6715641,,,false,5
,HwCZ~z~,7,6725627,,,false,5
,HwCZ~z~,8,6707749,,,false,5
,HwCZ~z~,9,6876468,,,false,5
,HTPLz~~,0,6814037,,,false,4
,HTPLz~~,1,6784498,,,false,4
,HTPLz~~,2,6794204,,,false,4
,HTPLz~~,3,6800420,,,false,4
,HTPLz~~,4,6783310,,,false,4
,HTPLz~~,5,6797068,,,false,4
,HTPLz~~,6,6792877,,,false,4
,HTPLz~~,7,6989390,,,false,4
,HTPLz~~,8,6762639,,,false,4
,HTPLz~~,9,6773324,,,false,4
,HwC^~z~,0,6703141,,,false,5
,HwC^~z~,1,6703140,,,false,5
,HwC^~z~,2,6760335,,,false,5
,HwC^~z~,3,6697693,,,false,5
,HwC^~z~,4,6762150,,,false,5
,HwC^~z~,5,6921371,,,false,5
,HwC^~z~,6,6733100,,,false,5
,HwC^~z~,7,6744971,,,false,5
,HwC^~z~,8,6724370,,,false,5
,HwC^~z~,9,6742946,,,false,5
,HcKz]~~,0,6850001,,,false,5
,HcKz]~~,1,6829470,,,false,5
,HcKz]~~,2,6843995,,,false,5
,HcKz]~~,3,7013412,,,false,5
,HcKz]~~,4,6832263,,,false,5
,HcKz]~~,5,6867180,,,false,5
,HcKz]~~,6,6797976,,,false,5
,HcKz]~~,7,6815433,,,false,5
,HcKz]~~,8,6872558,,,false,5
,HcKz]~~,9,6889527,,,false,5
,HHe^Z~~,0,6916762,,,false,5
,HHe^Z~~,1,7146166,,,false,5
,HHe^Z~~,2,6947000,,,false,5
,HHe^Z~~,3,6979753,,,false,5
,HHe^Z~~,4,6959989,,,false,5
,HHe^Z~~,5,6955450,,,false,5
,HHe^Z~~,6,6984571,,,false,5
,HHe^Z~~,7,6952028,,,false,5
,HHe^Z~~,8,6981289,,,false,5
,HHe^Z~~,9,7066417,,,false,5
,HTlai^~,0,6597133,,,false,4
,HTlai^~,1,6576602,,,false,4
,HTlai^~,2,6608655,,,false,4
,HTlai^~,3,6583166,,,false,4
,HTlai^~,4,6607119,,,false,4
,HTlai^~,5,6622204,,,false,4
,HTlai^~,6,6601532,,,false,4
,HTlai^~,7,6824023,,,false,4
,HTlai^~,8,6600974,,,false,4
,HTlai^~,9,6543711,,,false,4
,HRhTY~~,0,6725767,,,false,4
,HRhTY~~,1,6720739,,,false,4
,HRhTY~~,2,6762639,,,false,4
,HRhTY~~,3,6716548,,,false,4
,HRhTY~~,4,6726326,,,false,4
,HRhTY~~,5,6920743,,,false,4
,HRhTY~~,6,6700138,,,false,4
,HRhTY~~,7,6745320,,,false,4
,HRhTY~~,8,6721367,,,false,4
,HRhTY~~,9,6715292,,,false,4
,HwDX~r~,0,6502159,,,false,5
,HwDX~r~,1,6687359,,,false,5
,HwDX~r~,2,6698811,,,false,5
,HwDX~r~,3,6870603,,,false,5
,HwDX~r~,4,6656771,,,false,5
,HwDX~r~,5,6686172,,,false,5
,HwDX~r~,6,6669411,,,false,5
,HwDX~r~,7,6676115,,,false,5
,HwDX~r~,8,6682400,,,false,5
,HwDX~r~,9,6689872,,,false,5
,H`NUX~~,0,6646855,,,false,4
,H`NUX~~,1,6807123,,,false,4
,H`NUX~~,2,6733519,,,false,4
,H`NUX~~,3,6696437,,,false,4
,H`NUX~~,4,6628838,,,false,4
,H`NUX~~,5,6653978,,,false,4
,H`NUX~~,6,6655374,,,false,4
,H`NUX~~,7,6674370,,,false,4
,H`NUX~~,8,6670738,,,false,4
,H`NUX~~,9,6761731,,,false,4
,HwDX~v~,0,6884150,,,false,5
,HwDX~v~,1,6826677,,,false,5
,HwDX~v~,2,6773254,,,false,5
,HwDX~v~,3,6785894,,,false,5
,HwDX~v~,4,6785195,,,false,5
,HwDX~v~,5,6759636,,,false,5
,HwDX~v~,6,6773114,,,false,5
,HwDX~v~,7,6869973,,,false,5
,HwDX~v~,8,6862083,,,false,5
,HwDX~v~,9,6769972,,,false,5
,HTPi|~~,0,6810336,,,false,4
,HTPi|~~,1,6791132,,,false,4
,HTPi|~~,2,6806355,,,false,4
,HTPi|~~,3,6785196,,,false,4
,HTPi|~~,4,6803213,,,false,4
,HTPi|~~,5,6879262,,,false,4
,HTPi|~~,6,6924025,,,false,4
,HTPi|~~,7,6775769,,,false,4
,HTPi|~~,8,6816902,,,false,4
,HTPi|~~,9,6832266,,,false,4
,H}CXZ^~,0,6693017,,,false,5
,H}CXZ^~,1,6674790,,,false,5
,H}CXZ^~,2,6696508,,,false,5
,H}CXZ^~,3,6726467,,,false,5
,H}CXZ^~,4,6847978,,,false,5
,H}CXZ^~,5,6702653,,,false,5
,H}CXZ^~,6,6680168,,,false,5
,H}CXZ^~,7,6722766,,,false,5
,H}CXZ^~,8,6691481,,,false,5
,H}CXZ^~,9,6687011,,,false,5
,H`^@|n~,0,6739037,,,false,5
,H`^@|n~,1,6788549,,,false,5
,H`^@|n~,2,6926891,,,false,5
,H`^@|n~,3,6717389,,,false,5
,H`^@|n~,4,6734637,,,false,5
,H`^@|n~,5,6743507,,,false,5
,H`^@|n~,6,6731565,,,false,5
,H`^@|n~,7,6726048,,,false,5
,H`^@|n~,8,6751817,,,false,5
,H`^@|n~,9,6705657,,,false,5
,HtPHx~~,0,6848118,,,false,5
,HtPHx~~,1,6635753,,,false,5
,HtPHx~~,2,6664454,,,false,5
,HtPHx~~,3,6661033,,,false,5
,HtPHx~~,4,6661173,,,false,5
,HtPHx~~,5,6659147,,,false,5
,HtPHx~~,6,6641759,,,false,5
,HtPHx~~,7,6693855,,,false,5
,HtPHx~~,8,6882476,,,false,5
,HtPHx~~,9,6676745,,,false,5
,H`NH~f~,0,6682262,,,false,5
,H`NH~f~,1,6704818,,,false,5
,H`NH~f~,2,6702235,,,false,5
,H`NH~f~,3,6727095,,,false,5
,H`NH~f~,4,6660335,,,false,5
,H`NH~f~,5,6662918,,,false,5
,H`NH~f~,6,6878356,,,false,5
,H`NH~f~,7,6706285,,,false,5
,H`NH~f~,8,6711243,,,false,5
,H`NH~f~,9,6696089,,,false,5
,H`o~fz~,0,6793507,,,false,5
,H`o~fz~,1,6765504,,,false,5
,H`o~fz~,2,6786035,,,false,5
,H`o~fz~,3,6777656,,,false,5
,H`o~fz~,4,6941136,,,false,5
,H`o~fz~,5,6766133,,,false,5
,H`o~fz~,6,6783522,,,false,5
,H`o~fz~,7,6767669,,,false,5
,H`o~fz~,8,6766272,,,false,5
,H`o~fz~,9,6788759,,,false,5
,H{CZZ~~,0,6842532,,,false,5
,H{CZZ~~,1,6776189,,,false,5
,H{CZZ~~,2,7057200,,,false,5
,H{CZZ~~,3,6796301,,,false,5
,H{CZZ~~,4,6790644,,,false,5
,H{CZZ~~,5,6830171,,,false,5
,H{CZZ~~,6,6792460,,,false,5
,H{CZZ~~,7,6779331,,,false,5
,H{CZZ~~,8,6779680,,,false,5
,H{CZZ~~,9,6756286,,,false,5
,HwD\r~~,0,6855869,,,false,5
,HwD\r~~,1,6859361,,,false,5
,HwD\r~~,2,6867531,,,false,5
,HwD\r~~,3,6837363,,,false,5
,HwD\r~~,4,6824584,,,false,5
,HwD\r~~,5,6832266,,,false,5
,HwD\r~~,6,6798466,,,false,5
,HwD\r~~,7,6837783,,,false,5
,HwD\r~~,8,7122495,,,false,5
,HwD\r~~,9,6491825,,,false,5
,H`K~Mr~,0,6202364,,,false,5
,H`K~Mr~,1,6233301,,,false,5
,H`K~Mr~,2,6200479,,,false,5
,H`K~Mr~,3,6195799,,,false,5
,H`K~Mr~,4,6191679,,,false,5
,H`K~Mr~,5,6153481,,,false,5
,H`K~Mr~,6,6208091,,,false,5
,H`K~Mr~,7,6176526,,,false,5
,H`K~Mr~,8,6218077,,,false,5
,H`K~Mr~,9,6193914,,,false,5
,H`K~Mv~,0,6136371,,,false,5
,H`K~Mv~,1,6288050,,,false,5
,H`K~Mv~,2,6328275,,,false,5
,H`K~Mv~,3,6272128,,,false,5
,H`K~Mv~,4,6277785,,,false,5
,H`K~Mv~,5,6256975,,,false,5
,H`K~Mv~,6,6294195,,,false,5
,H`K~Mv~,7,6284069,,,false,5
,H`K~Mv~,8,6304600,,,false,5
,H`K~Mv~,9,6281974,,,false,5
,H`rHx~~,0,6052430,,,false,4
,H`rHx~~,1,6217099,,,false,4
,H`rHx~~,2,6249782,,,false,4
,H`rHx~~,3,6230507,,,false,4
,H`rHx~~,4,6228482,,,false,4
,H`rHx~~,5,6248315,,,false,4
,H`rHx~~,6,6210605,,,false,4
,H`rHx~~,7,6226108,,,false,4
,H`rHx~~,8,6254600,,,false,4
,H`rHx~~,9,6237211,,,false,4
,H`K~M~~,0,6250690,,,false,5
,H`K~M~~,1,6424924,,,false,5
,H`K~M~~,2,6409143,,,false,5
,H`K~M~~,3,6427089,,,false,5
,H`K~M~~,4,6431489,,,false,5
,H`K~M~~,5,6430162,,,false,5
,H`K~M~~,6,6437705,,,false,5
,H`K~M~~,7,6449925,,,false,5
,H`K~M~~,8,6446713,,,false,5
,H`K~M~~,9,6457188,,,false,5
,HKeZZ~~,0,6419966,,,false,4
,HKeZZ~~,1,6422270,,,false,4
,HKeZZ~~,2,6451740,,,false,4
,HKeZZ~~,3,6438193,,,false,4
,HKeZZ~~,4,6446015,,,false,4
,HKeZZ~~,5,6471993,,,false,4
,HKeZZ~~,6,6429045,,,false,4
,HKeZZ~~,7,6379114,,,false,4
,HKeZZ~~,8,6446853,,,false,4
,HKeZZ~~,9,6448877,,,false,4
,H`NNjz~,0,6342032,,,false,5
,H`NNjz~,1,6539243,,,false,5
,H`NNjz~,2,6482468,,,false,5
,H`NNjz~,3,6545319,,,false,5
,H`NNjz~,4,6484214,,,false,5
,H`NNjz~,5,6474577,,,false,5
,H`NNjz~,6,6509773,,,false,5
,H`NNjz~,7,6466825,,,false,5
,H`NNjz~,8,6487077,,,false,5
,H`NNjz~,9,6509843,,,false,5
,HtPLzz~,0,6502650,,,false,5
,HtPLzz~,1,6481281,,,false,5
,HtPLzz~,2,6439869,,,false,5
,HtPLzz~,3,6490987,,,false,5
,HtPLzz~,4,6491825,,,false,5
,HtPLzz~,5,6481839,,,false,5
,HtPLzz~,6,6454604,,,false,5
,HtPLzz~,7,6456001,,,false,5
,HtPLzz~,8,6442941,,,false,5
,HtPLzz~,9,6460470,,,false,5
,HwC}~z~,0,6529465,,,false,5
,HwC}~z~,1,6457537,,,false,5
,HwC}~z~,2,6532120,,,false,5
,HwC}~z~,3,6605515,,,false,5
,HwC}~z~,4,6534355,,,false,5
,HwC}~z~,5,6571506,,,false,5
,HwC}~z~,6,6520457,,,false,5
,HwC}~z~,7,6533866,,,false,5
,HwC}~z~,8,6567875,,,false,5
,HwC}~z~,9,6560334,,,false,5
,H`Nez~~,0,6414940,,,false,5
,H`Nez~~,1,6548742,,,false,5
,H`Nez~~,2,6562918,,,false,5
,H`Nez~~,3,6534007,,,false,5
,H`Nez~~,4,6579329,,,false,5
,H`Nez~~,5,6560265,,,false,5
,H`Nez~~,6,6545739,,,false,5
,H`Nez~~,7,6592249,,,false,5
,H`Nez~~,8,6555446,,,false,5
,H`Nez~~,9,6561452,,,false,5
,HtPLz~~,0,6381699,,,false,5
,HtPLz~~,1,6560265,,,false,5
,HtPLz~~,2,6531144,,,false,5
,HtPLz~~,3,6553281,,,false,5
,HtPLz~~,4,6520110,,,false,5
,HtPLz~~,5,6556634,,,false,5
,HtPLz~~,6,6591271,,,false,5
,HtPLz~~,7,6534077,,,false,5
,HtPLz~~,8,6565642,,,false,5
,HtPLz~~,9,6567108,,,false,5
,HQh\zz~,0,6539803,,,false,4
,HQh\zz~,1,6310888,,,false,4
,HQh\zz~,2,6563057,,,false,4
,HQh\zz~,3,6599650,,,false,4
,HQh\zz~,4,6664875,,,false,4
,HQh\zz~,5,6777448,,,false,4
,HQh\zz~,6,6771721,,,false,4
,HQh\zz~,7,6813691,,,false,4
,HQh\zz~,8,6847910,,,false,4
,HQh\zz~,9,6889880,,,false,4
,H`Mzu^~,0,6950706,,,false,5
,H`Mzu^~,1,6788971,,,false,5
,H`Mzu^~,2,6796233,,,false,5
,H`Mzu^~,3,6822980,,,false,5
,H`Mzu^~,4,6773677,,,false,5
,H`Mzu^~,5,6796163,,,false,5
,H`Mzu^~,6,6818161,,,false,5
,H`Mzu^~,7,6770674,,,false,5
,H`Mzu^~,8,6971656,,,false,5
,H`Mzu^~,9,6810199,,,false,5
,HwFXzv~,0,6599092,,,false,5
,HwFXzv~,1,6783314,,,false,5
,HwFXzv~,2,6807826,,,false,5
,HwFXzv~,3,6791694,,,false,5
,HwFXzv~,4,6808594,,,false,5
,HwFXzv~,5,6818371,,,false,5
,HwFXzv~,6,7033948,,,false,5
,HwFXzv~,7,6814739,,,false,5
,HwFXzv~,8,6824446,,,false,5
,HwFXzv~,9,6799026,,,false,5
,H`px~v~,0,6916278,,,false,5
,H`px~v~,1,6720393,,,false,5
,H`px~v~,2,6887436,,,false,5
,H`px~v~,3,6945538,,,false,5
,H`px~v~,4,7071379,,,false,5
,H`px~v~,5,6901822,,,false,5
,H`px~v~,6,6886179,,,false,5
,H`px~v~,7,6924588,,,false,5
,H`px~v~,8,6879824,,,false,5
,H`px~v~,9,6897772,,,false,5
,HQh\z~~,0,6723256,,,false,4
,HQh\z~~,1,6915020,,,false,4
,HQh\z~~,2,7029897,,,false,4
,HQh\z~~,3,6895747,,,false,4
,HQh\z~~,4,6886877,,,false,4
,HQh\z~~,5,6883595,,,false,4
,HQh\z~~,6,6885271,,,false,4
,HQh\z~~,7,6900775,,,false,4
,HQh\z~~,8,6883735,,,false,4
,HQh\z~~,9,6986042,,,false,4
,H`o~~z~,0,6863902,,,false,5
,H`o~~z~,1,6923610,,,false,5
,H`o~~z~,2,6879126,,,false,5
,H`o~~z~,3,6883385,,,false,5
,H`o~~z~,4,6908945,,,false,5
,H`o~~z~,5,6888274,,,false,5
,H`o~~z~,6,6875634,,,false,5
,H`o~~z~,7,7044702,,,false,5
,H`o~~z~,8,6944979,,,false,5
,H`o~~z~,9,6921864,,,false,5
,H`K~]z~,0,6723745,,,false,5
,H`K~]z~,1,6690924,,,false,5
,H`K~]z~,2,6703564,,,false,5
,H`K~]z~,3,6670951,,,false,5
,H`K~]z~,4,6683731,,,false,5
,H`K~]z~,5,6770534,,,false,5
,H`K~]z~,6,6751399,,,false,5
,H`K~]z~,7,6674582,,,false,5
,H`K~]z~,8,6702377,,,false,5
,H`K~]z~,9,6676119,,,false,5
,H`K~]~~,0,6739947,,,false,5
,H`K~]~~,1,6581424,,,false,5
,H`K~]~~,2,6743579,,,false,5
,H`K~]~~,3,6813063,,,false,5
,H`K~]~~,4,6896375,,,false,5
,H`K~]~~,5,6761456,,,false,5
,H`K~]~~,6,6760199,,,false,5
,H`K~]~~,7,6763132,,,false,5
,H`K~]~~,8,6775772,,,false,5
,H`K~]~~,9,6761595,,,false,5
,HpNay~~,0,6783244,,,false,5
,HpNay~~,1,6591969,,,false,5
,HpNay~~,2,6899448,,,false,5
,HpNay~~,3,6731776,,,false,5
,HpNay~~,4,6746162,,,false,5
,HpNay~~,5,6578700,,,false,5
,HpNay~~,6,6782057,,,false,5
,HpNay~~,7,6773328,,,false,5
,HpNay~~,8,6763062,,,false,5
,HpNay~~,9,6778914,,,false,5
,H{dax~~,0,6784920,,,false,5
,H{dax~~,1,6727307,,,false,5
,H{dax~~,2,6763132,,,false,5
,H{dax~~,3,6765576,,,false,5
,H{dax~~,4,6756707,,,false,5
,H{dax~~,5,6753495,,,false,5
,H{dax~~,6,6734780,,,false,5
,H{dax~~,7,6758174,,,false,5
,H{dax~~,8,6944700,,,false,5
,H{dax~~,9,6775702,,,false,5
,HjbH|~~,0,6698815,,,false,5
,HjbH|~~,1,6879335,,,false,5
,HjbH|~~,2,6860131,,,false,5
,HjbH|~~,3,6877310,,,false,5
,HjbH|~~,4,6864740,,,false,5
,HjbH|~~,5,6866207,,,false,5
,HjbH|~~,6,7051965,,,false,5
,HjbH|~~,7,6890299,,,false,5
,HjbH|~~,8,6878149,,,false,5
,HjbH|~~,9,6892674,,,false,5
,H`qzr~~,0,6705659,,,false,5
,H`qzr~~,1,6878637,,,false,5
,H`qzr~~,2,6870536,,,false,5
,H`qzr~~,3,6914811,,,false,5
,H`qzr~~,4,7060345,,,false,5
,H`qzr~~,5,6874307,,,false,5
,H`qzr~~,6,6914183,,,false,5
,H`qzr~~,7,6908945,,,false,5
,H`qzr~~,8,6862505,,,false,5
,H`qzr~~,9,6876262,,,false,5
,H`zPz~~,0,6715017,,,false,5
,H`zPz~~,1,6899308,,,false,5
,H`zPz~~,2,7024869,,,false,5
,H`zPz~~,3,6921724,,,false,5
,H`zPz~~,4,6901403,,,false,5
,H`zPz~~,5,6929546,,,false,5
,H`zPz~~,6,6925218,,,false,5
,H`zPz~~,7,6885273,,,false,5
,H`zPz~~,8,6876264,,,false,5
,H`zPz~~,9,7011603,,,false,5
,H`qzvn~,0,6840789,,,false,5
,H`qzvn~,1,6865021,,,false,5
,H`qzvn~,2,6865719,,,false,5
,H`qzvn~,3,6866348,,,false,5
,H`qzvn~,4,6893653,,,false,5
,H`qzvn~,5,6733385,,,false,5
,H`qzvn~,6,6885692,,,false,5
,H`qzvn~,7,6967467,,,false,5
,H`qzvn~,8,6983180,,,false,5
,H`qzvn~,9,6898123,,,false,5
,HKd~vz~,0,6754195,,,false,5
,HKd~vz~,1,6940373,,,false,5
,HKd~vz~,2,6902941,,,false,5
,HKd~vz~,3,6964744,,,false,5
,HKd~vz~,4,6913905,,,false,5
,HKd~vz~,5,7002664,,,false,5
,HKd~vz~,6,6965233,,,false,5
,HKd~vz~,7,6919422,,,false,5
,HKd~vz~,8,6886390,,,false,5
,HKd~vz~,9,6864882,,,false,5
,HKd~r~~,0,6943375,,,false,5
,HKd~r~~,1,6778776,,,false,5
,HKd~r~~,2,6925498,,,false,5
,HKd~r~~,3,7119426,,,false,5
,HKd~r~~,4,6980038,,,false,5
,HKd~r~~,5,6926755,,,false,5
,HKd~r~~,6,6962020,,,false,5
,HKd~r~~,7,6942327,,,false,5
,HKd~r~~,8,6974660,,,false,5
,HKd~r~~,9,6943724,,,false,5
,HKfzrv~,0,6832409,,,false,5
,HKfzrv~,1,6835342,,,false,5
,HKfzrv~,2,6823959,,,false,5
,HKfzrv~,3,6857480,,,false,5
,HKfzrv~,4,6849518,,,false,5
,HKfzrv~,5,6671791,,,false,5
,HKfzrv~,6,6844211,,,false,5
,HKfzrv~,7,6835551,,,false,5
,HKfzrv~,8,6826962,,,false,5
,HKfzrv~,9,7072358,,,false,5
,Hfphx~~,0,6720605,,,false,5
,Hfphx~~,1,6907480,,,false,5
,Hfphx~~,2,6924799,,,false,5
,Hfphx~~,3,6924450,,,false,5
,Hfphx~~,4,6909156,,,false,5
,Hfphx~~,5,6930246,,,false,5
,Hfphx~~,6,6906433,,,false,5
,Hfphx~~,7,7103295,,,false,5
,Hfphx~~,8,6883108,,,false,5
,Hfphx~~,9,6887996,,,false,5
,HbK~]~~,0,6821445,,,false,5
,HbK~]~~,1,6977245,,,false,5
,HbK~]~~,2,7004340,,,false,5
,HbK~]~~,3,6949311,,,false,5
,HbK~]~~,4,6965722,,,false,5
,HbK~]~~,5,6998962,,,false,5
,HbK~]~~,6,6954478,,,false,5
,HbK~]~~,7,6951266,,,false,5
,HbK~]~~,8,6968585,,,false,5
,HbK~]~~,9,6980317,,,false,5
,H`}rm^~,0,6741695,,,false,5
,H`}rm^~,1,6896865,,,false,5
,H`}rm^~,2,6912299,,,false,5
,H`}rm^~,3,7111466,,,false,5
,H`}rm^~,4,6903220,,,false,5
,H`}rm^~,5,6916280,,,false,5
,H`}rm^~,6,6887159,,,false,5
,H`}rm^~,7,6905176,,,false,5
,H`}rm^~,8,6875636,,,false,5
,H`}rm^~,9,6899729,,,false,5
,HKd~v^~,0,7007692,,,false,5
,HKd~v^~,1,6959716,,,false,5
,HKd~v^~,2,6996449,,,false,5
,HKd~v^~,3,6999592,,,false,5
,HKd~v^~,4,6983599,,,false,5
,HKd~v^~,5,6972635,,,false,5
,HKd~v^~,6,6995402,,,false,5
,HKd~v^~,7,6987440,,,false,5
,HKd~v^~,8,7137863,,,false,5
,HKd~v^~,9,7058670,,,false,5
,H`Nmz~~,0,7000988,,,false,5
,H`Nmz~~,1,6816696,,,false,5
,H`Nmz~~,2,7011533,,,false,5
,H`Nmz~~,3,6948194,,,false,5
,H`Nmz~~,4,7026897,,,false,5
,H`Nmz~~,5,6840999,,,false,5
,H`Nmz~~,6,7187096,,,false,5
,H`Nmz~~,7,6995540,,,false,5
,H`Nmz~~,8,7007622,,,false,5
,H`Nmz~~,9,7017469,,,false,5
,H`N~u~~,0,6860134,,,false,5
,H`N~u~~,1,7039885,,,false,5
,H`N~u~~,2,7023963,,,false,5
,H`N~u~~,3,7004759,,,false,5
,H`N~u~~,4,7157555,,,false,5
,H`N~u~~,5,7013000,,,false,5
,H`N~u~~,6,6995820,,,false,5
,H`N~u~~,7,7008041,,,false,5
,H`N~u~~,8,6977384,,,false,5
,H`N~u~~,9,6994005,,,false,5
,HxFHy~~,0,6590085,,,false,5
,HxFHy~~,1,6760830,,,false,5
,HxFHy~~,2,6978083,,,false,5
,HxFHy~~,3,6826682,,,false,5
,HxFHy~~,4,6788623,,,false,5
,HxFHy~~,5,6602795,,,false,5
,HxFHy~~,6,6795886,,,false,5
,HxFHy~~,7,6813763,,,false,5
,HxFHy~~,8,6800356,,,false,5
,HxFHy~~,9,6796025,,,false,5
,HRiiy~~,0,6735619,,,false,5
,HRiiy~~,1,6542878,,,false,5
,HRiiy~~,2,6740787,,,false,5
,HRiiy~~,3,6752728,,,false,5
,HRiiy~~,4,6748608,,,false,5
,HRiiy~~,5,6738762,,,false,5
,HRiiy~~,6,6751053,,,false,5
,HRiiy~~,7,6756569,,,false,5
,HRiiy~~,8,6983250,,,false,5
,HRiiy~~,9,6760340,,,false,5
,Hhox}~~,0,6896028,,,false,5
,Hhox}~~,1,6894352,,,false,5
,Hhox}~~,2,6895189,,,false,5
,Hhox}~~,3,6949869,,,false,5
,Hhox}~~,4,6895259,,,false,5
,Hhox}~~,5,6896027,,,false,5
,Hhox}~~,6,7104342,,,false,5
,Hhox}~~,7,6904757,,,false,5
,Hhox}~~,8,6909645,,,false,5
,Hhox}~~,9,6922914,,,false,5
,HRhY|~~,0,6783944,,,false,5
,HRhY|~~,1,6879826,,,false,5
,HRhY|~~,2,6895608,,,false,5
,HRhY|~~,3,6929408,,,false,5
,HRhY|~~,4,7039187,,,false,5
,HRhY|~~,5,6891628,,,false,5
,HRhY|~~,6,6892257,,,false,5
,HRhY|~~,7,6949730,,,false,5
,HRhY|~~,8,6905455,,,false,5
,HRhY|~~,9,6897145,,,false,5
,H`tp~^~,0,6790230,,,false,5
,H`tp~^~,1,6992540,,,false,5
,H`tp~^~,2,7179066,,,false,5
,H`tp~^~,3,6953223,,,false,5
,H`tp~^~,4,6981437,,,false,5
,H`tp~^~,5,6948265,,,false,5
,H`tp~^~,6,6965445,,,false,5
,H`tp~^~,7,6990654,,,false,5
,H`tp~^~,8,6938978,,,false,5
,H`tp~^~,9,7013421,,,false,5
,HdKz]^~,0,6772633,,,false,5
,HdKz]^~,1,6796236,,,false,5
,HdKz]^~,2,6790650,,,false,5
,HdKz]^~,3,6825986,,,false,5
,HdKz]^~,4,6796796,,,false,5
,HdKz]^~,5,6809785,,,false,5
,HdKz]^~,6,6821726,,,false,5
,HdKz]^~,7,6899591,,,false,5
,HdKz]^~,8,6921240,,,false,5
,HdKz]^~,9,6786390,,,false,5
,H`Mzu~~,0,6748680,,,false,5
,H`Mzu~~,1,6919424,,,false,5
,H`Mzu~~,2,6903152,,,false,5
,H`Mzu~~,3,6932273,,,false,5
,H`Mzu~~,4,6893446,,,false,5
,H`Mzu~~,5,7000641,,,false,5
,H`Mzu~~,6,6993728,,,false,5
,H`Mzu~~,7,6904619,,,false,5
,H`Mzu~~,8,6910834,,,false,5
,H`Mzu~~,9,6916631,,,false,5
,H~`HW~~,0,6513829,,,false,5
,H~`HW~~,1,6669488,,,false,5
,H~`HW~~,2,6643510,,,false,5
,H~`HW~~,3,6722352,,,false,5
,H~`HW~~,4,6721934,,,false,5
,H~`HW~~,5,6607406,,,false,5
,H~`HW~~,6,6613272,,,false,5
,H~`HW~~,7,6644768,,,false,5
,H~`HW~~,8,6630940,,,false,5
,H~`HW~~,9,6600004,,,false,5
,HrhTY~~,0,6606707,,,false,5
,HrhTY~~,1,6792815,,,false,5
,HrhTY~~,2,6954410,,,false,5
,HrhTY~~,3,6752870,,,false,5
,HrhTY~~,4,6775147,,,false,5
,HrhTY~~,5,6758456,,,false,5
,HrhTY~~,6,6775776,,,false,5
,HrhTY~~,7,6784715,,,false,5
,HrhTY~~,8,6826125,,,false,5
,HrhTY~~,9,6814533,,,false,5
,HtPix~~,0,6840582,,,false,5
,HtPix~~,1,6829338,,,false,5
,HtPix~~,2,6822355,,,false,5
,HtPix~~,3,6835343,,,false,5
,HtPix~~,4,6817815,,,false,5
,HtPix~~,5,6823333,,,false,5
,HtPix~~,6,6815999,,,false,5
,HtPix~~,7,6855806,,,false,5
,HtPix~~,8,7025362,,,false,5
,HtPix~~,9,6849310,,,false,5
,HhNUX~~,0,6645116,,,false,5
,HhNUX~~,1,6809436,,,false,5
,HhNUX~~,2,6836601,,,false,5
,HhNUX~~,3,6871657,,,false,5
,HhNUX~~,4,6851685,,,false,5
,HhNUX~~,5,6845540,,,false,5
,HhNUX~~,6,7002177,,,false,5
,HhNUX~~,7,6814044,,,false,5
,HhNUX~~,8,6832621,,,false,5
,HhNUX~~,9,6871658,,,false,5
,H{DX~^~,0,6774170,,,false,5
,H{DX~^~,1,6944774,,,false,5
,H{DX~^~,2,6903921,,,false,5
,H{DX~^~,3,6943516,,,false,5
,H{DX~^~,4,7040166,,,false,5
,H{DX~^~,5,6937301,,,false,5
,H{DX~^~,6,6935066,,,false,5
,H{DX~^~,7,6929200,,,false,5
,H{DX~^~,8,6935206,,,false,5
,H{DX~^~,9,6925778,,,false,5
,HJqkz~~,0,6766836,,,false,5
,HJqkz~~,1,6997638,,,false,5
,HJqkz~~,2,7038281,,,false,5
,HJqkz~~,3,6926407,,,false,5
,HJqkz~~,4,6897775,,,false,5
,HJqkz~~,5,6925848,,,false,5
,HJqkz~~,6,6892538,,,false,5
,HJqkz~~,7,6930598,,,false,5
,HJqkz~~,8,6875009,,,false,5
,HJqkz~~,9,7034161,,,false,5
,H`uvZz~,0,6879549,,,false,5
,H`uvZz~,1,6994775,,,false,5
,H`uvZz~,2,6964397,,,false,5
,H`uvZz~,3,6998895,,,false,5
,H`uvZz~,4,6973545,,,false,5
,H`uvZz~,5,6981995,,,false,5
,H`uvZz~,6,6963699,,,false,5
,H`uvZz~,7,7178718,,,false,5
,H`uvZz~,8,6953503,,,false,5
,H`uvZz~,9,6987512,,,false,5
,HKuzrn~,0,6937092,,,false,5
,HKuzrn~,1,6920960,,,false,5
,HKuzrn~,2,6958042,,,false,5
,HKuzrn~,3,6979620,,,false,5
,HKuzrn~,4,6943097,,,false,5
,HKuzrn~,5,7163144,,,false,5
,HKuzrn~,6,6938768,,,false,5
,HKuzrn~,7,6956506,,,false,5
,HKuzrn~,8,6975291,,,false,5
,HKuzrn~,9,6967260,,,false,5
,Hwuqx~~,0,6975920,,,false,5
,Hwuqx~~,1,6955598,,,false,5
,Hwuqx~~,2,6936184,,,false,5
,Hwuqx~~,3,7142054,,,false,5
,Hwuqx~~,4,6928153,,,false,5
,Hwuqx~~,5,6943656,,,false,5
,Hwuqx~~,6,6971171,,,false,5
,Hwuqx~~,7,6931366,,,false,5
,Hwuqx~~,8,6954690,,,false,5
,Hwuqx~~,9,6990026,,,false,5
,HqltY~~,0,6791907,,,false,5
,HqltY~~,1,7104065,,,false,5
,HqltY~~,2,6886951,,,false,5
,HqltY~~,3,6954760,,,false,5
,HqltY~~,4,6927874,,,false,5
,HqltY~~,5,6943727,,,false,5
,HqltY~~,6,6879130,,,false,5
,HqltY~~,7,6897077,,,false,5
,HqltY~~,8,7008602,,,false,5
,HqltY~~,9,7091495,,,false,5
,HKnZvn~,0,6913208,,,false,5
,HKnZvn~,1,7016981,,,false,5
,HKnZvn~,2,7047988,,,false,5
,HKnZvn~,3,7040097,,,false,5
,HKnZvn~,4,7037373,,,false,5
,HKnZvn~,5,7048127,,,false,5
,HKnZvn~,6,7162795,,,false,5
,HKnZvn~,7,7105532,,,false,5
,HKnZvn~,8,7049175,,,false,5
,HKnZvn~,9,7066913,,,false,5
,HQlu~^~,0,6904619,,,false,5
,HQlu~^~,1,7058743,,,false,5
,HQlu~^~,2,7088212,,,false,5
,HQlu~^~,3,7024664,,,false,5
,HQlu~^~,4,7243244,,,false,5
,HQlu~^~,5,7060071,,,false,5
,HQlu~^~,6,7060769,,,false,5
,HQlu~^~,7,7076203,,,false,5
,HQlu~^~,8,7086538,,,false,5
,HQlu~^~,9,7041356,,,false,5
,HKttz~~,0,6914817,,,false,5
,HKttz~~,1,7090659,,,false,5
,HKttz~~,2,7239824,,,false,5
,HKttz~~,3,7084304,,,false,5
,HKttz~~,4,7075365,,,false,5
,HKttz~~,5,7106442,,,false,5
,HKttz~~,6,7076901,,,false,5
,HKttz~~,7,7088564,,,false,5
,HKttz~~,8,7075016,,,false,5
,HKttz~~,9,7185982,,,false,5
,Hqh\z~~,0,7012793,,,false,5
,Hqh\z~~,1,7046384,,,false,5
,Hqh\z~~,2,7049247,,,false,5
,Hqh\z~~,3,7028367,,,false,5
,Hqh\z~~,4,7047990,,,false,5
,Hqh\z~~,5,7035071,,,false,5
,Hqh\z~~,6,7050923,,,false,5
,Hqh\z~~,7,7207910,,,false,5
,Hqh\z~~,8,7013353,,,false,5
,Hqh\z~~,9,7045127,,,false,5
,HTlrY~~,0,6763975,,,false,5
,HTlrY~~,1,6920404,,,false,5
,HTlrY~~,2,6893587,,,false,5
,HTlrY~~,3,6956857,,,false,5
,HTlrY~~,4,6968450,,,false,5
,HTlrY~~,5,7094570,,,false,5
,HTlrY~~,6,6922638,,,false,5
,HTlrY~~,7,6930250,,,false,5
,HTlrY~~,8,6926479,,,false,5
,HTlrY~~,9,6890584,,,false,5
,HTXZ~z~,0,6860556,,,false,5
,HTXZ~z~,1,6824591,,,false,5
,HTXZ~z~,2,6866631,,,false,5
,HTXZ~z~,3,7065588,,,false,5
,HTXZ~z~,4,6821029,,,false,5
,HTXZ~z~,5,6903713,,,false,5
,HTXZ~z~,6,6776336,,,false,5
,HTXZ~z~,7,6563762,,,false,5
,HTXZ~z~,8,6539180,,,false,5
,HTXZ~z~,9,6593161,,,false,5
,HTX\z~~,0,6703289,,,false,5
,HTX\z~~,1,6713276,,,false,5
,HTX\z~~,2,6685692,,,false,5
,HTX\z~~,3,6747914,,,false,5
,HTX\z~~,4,6801755,,,false,5
,HTX\z~~,5,6847427,,,false,5
,HTX\z~~,6,6790722,,,false,5
,HTX\z~~,7,6783041,,,false,5
,HTX\z~~,8,6809926,,,false,5
,HTX\z~~,9,6790164,,,false,5
,HTX^~z~,0,6669350,,,false,5
,HTX^~z~,1,6853014,,,false,5
,HTX^~z~,2,6878713,,,false,5
,HTX^~z~,3,6819563,,,false,5
,HTX^~z~,4,6882833,,,false,5
,HTX^~z~,5,6816351,,,false,5
,HTX^~z~,6,6871799,,,false,5
,HTX^~z~,7,6883391,,,false,5
,HTX^~z~,8,6843866,,,false,5
,HTX^~z~,9,6846729,,,false,5
,HqK|Y~~,0,6415294,,,false,5
,HqK|Y~~,1,6555870,,,false,5
,HqK|Y~~,2,6635062,,,false,5
,HqK|Y~~,3,6656361,,,false,5
,HqK|Y~~,4,6591485,,,false,5
,HqK|Y~~,5,6597701,,,false,5
,HqK|Y~~,6,6575214,,,false,5
,HqK|Y~~,7,6584362,,,false,5
,HqK|Y~~,8,6625146,,,false,5
,HqK|Y~~,9,6564809,,,false,5
,HqKy~^~,0,6528565,,,false,5
,HqKy~^~,1,6717047,,,false,5
,HqKy~^~,2,6660970,,,false,5
,HqKy~^~,3,6725427,,,false,5
,HqKy~^~,4,6695468,,,false,5
,HqKy~^~,5,6668582,,,false,5
,HqKy~^~,6,6753291,,,false,5
,HqKy~^~,7,6706642,,,false,5
,HqKy~^~,8,6683666,,,false,5
,HqKy~^~,9,6712997,,,false,5
,H}hPW~~,0,6344972,,,false,5
,H}hPW~~,1,6492601,,,false,5
,H}hPW~~,2,6453075,,,false,5
,H}hPW~~,3,6472978,,,false,5
,H}hPW~~,4,6474374,,,false,5
,H}hPW~~,5,6462921,,,false,5
,H}hPW~~,6,6474374,,,false,5
,H}hPW~~,7,6449932,,,false,5
,H}hPW~~,8,6490785,,,false,5
,H}hPW~~,9,6471162,,,false,5
,H}GZ[~~,0,6432683,,,false,5
,H}GZ[~~,1,6429680,,,false,5
,H}GZ[~~,2,6427655,,,false,5
,H}GZ[~~,3,6437572,,,false,5
,H}GZ[~~,4,6438130,,,false,5
,H}GZ[~~,5,6460547,,,false,5
,H}GZ[~~,6,6391411,,,false,5
,H}GZ[~~,7,6433801,,,false,5
,H}GZ[~~,8,6389805,,,false,5
,H}GZ[~~,9,6445881,,,false,5
,HrotY~~,0,6619908,,,false,5
,HrotY~~,1,6633875,,,false,5
,HrotY~~,2,6620816,,,false,5
,HrotY~~,3,6610550,,,false,5
,HrotY~~,4,6644838,,,false,5
,HrotY~~,5,6656641,,,false,5
,HrotY~~,6,6599447,,,false,5
,HrotY~~,7,6616905,,,false,5
,HrotY~~,8,6651124,,,false,5
,HrotY~~,9,6644769,,,false,5
,HqNax~~,0,6425630,,,false,5
,HqNax~~,1,6600285,,,false,5
,HqNax~~,2,6666767,,,false,5
,HqNax~~,3,6606361,,,false,5
,HqNax~~,4,6623679,,,false,5
,HqNax~~,5,6644629,,,false,5
,HqNax~~,6,6634224,,,false,5
,HqNax~~,7,6617813,,,false,5
,HqNax~~,8,6639462,,,false,5
,HqNax~~,9,6622981,,,false,5
,HtOy~^~,0,6537992,,,false,5
,HtOy~^~,1,6550772,,,false,5
,HtOy~^~,2,6556429,,,false,5
,HtOy~^~,3,6543929,,,false,5
,HtOy~^~,4,6561247,,,false,5
,HtOy~^~,5,6512573,,,false,5
,HtOy~^~,6,6559572,,,false,5
,HtOy~^~,7,6519906,,,false,5
,HtOy~^~,8,6521302,,,false,5
,HtOy~^~,9,6586109,,,false,5
,Hqgyz~~,0,6668652,,,false,5
,Hqgyz~~,1,6699868,,,false,5
,Hqgyz~~,2,6705525,,,false,5
,Hqgyz~~,3,6643163,,,false,5
,Hqgyz~~,4,6679686,,,false,5
,Hqgyz~~,5,6717466,,,false,5
,Hqgyz~~,6,6692326,,,false,5
,Hqgyz~~,7,6699030,,,false,5
,Hqgyz~~,8,6713905,,,false,5
,Hqgyz~~,9,6684086,,,false,5
,HRqi~n~,0,6534082,,,false,5
,HRqi~n~,1,6747704,,,false,5
,HRqi~n~,2,6743234,,,false,5
,HRqi~n~,3,6712579,,,false,5
,HRqi~n~,4,6715373,,,false,5
,HRqi~n~,5,6733320,,,false,5
,HRqi~n~,6,6726896,,,false,5
,HRqi~n~,7,6694143,,,false,5
,HRqi~n~,8,6753712,,,false,5
,HRqi~n~,9,6724940,,,false,5
,HhqXz~~,0,6537575,,,false,5
,HhqXz~~,1,6518651,,,false,5
,HhqXz~~,2,6535062,,,false,5
,HhqXz~~,3,6546515,,,false,5
,HhqXz~~,4,6543232,,,false,5
,HhqXz~~,5,6556431,,,false,5
,HhqXz~~,6,6574029,,,false,5
,HhqXz~~,7,6546864,,,false,5
,HhqXz~~,8,6588694,,,false,5
,HhqXz~~,9,6549447,,,false,5
,HqzPx~~,0,6692328,,,false,5
,HqzPx~~,1,6690443,,,false,5
,HqzPx~~,2,6671308,,,false,5
,HqzPx~~,3,6654967,,,false,5
,HqzPx~~,4,6695609,,,false,5
,HqzPx~~,5,6724940,,,false,5
,HqzPx~~,6,6770332,,,false,5
,HqzPx~~,7,6748614,,,false,5
,HqzPx~~,8,6747078,,,false,5
,HqzPx~~,9,6746519,,,false,5
,HuSxz^~,0,6557478,,,false,6
,HuSxz^~,1,6708809,,,false,6
,HuSxz^~,2,6742189,,,false,6
,HuSxz^~,3,7027252,,,false,6
,HuSxz^~,4,6820054,,,false,6
,HuSxz^~,5,6850921,,,false,6
,HuSxz^~,6,6685624,,,false,6
,HuSxz^~,7,6725220,,,false,6
,HuSxz^~,8,6665302,,,false,6
,HuSxz^~,9,6755947,,,false,6
,HkurX~~,0,6655385,,,false,5
,HkurX~~,1,6704758,,,false,5
,HkurX~~,2,6708390,,,false,5
,HkurX~~,3,6666070,,,false,5
,HkurX~~,4,6675218,,,false,5
,HkurX~~,5,6670749,,,false,5
,HkurX~~,6,6637717,,,false,5
,HkurX~~,7,6663905,,,false,5
,HkurX~~,8,6663695,,,false,5
,HkurX~~,9,6620119,,,false,5
,HYU\~z~,0,6850711,,,false,6
,HYU\~z~,1,6819705,,,false,6
,HYU\~z~,2,6859580,,,false,6
,HYU\~z~,3,6827736,,,false,6
,HYU\~z~,4,6817680,,,false,6
,HYU\~z~,5,6820194,,,false,6
,HYU\~z~,6,6767818,,,false,6
,HYU\~z~,7,6825222,,,false,6
,HYU\~z~,8,6851270,,,false,6
,HYU\~z~,9,6808392,,,false,6
,HqK~]~~,0,6635343,,,false,6
,HqK~]~~,1,6830669,,,false,6
,HqK~]~~,2,6793727,,,false,6
,HqK~]~~,3,6795612,,,false,6
,HqK~]~~,4,6846661,,,false,6
,HqK~]~~,5,6838700,,,false,6
,HqK~]~~,6,6833113,,,false,6
,HqK~]~~,7,6826898,,,false,6
,HqK~]~~,8,6810556,,,false,6
,HqK~]~~,9,6777106,,,false,6
,Hktpx~~,0,6612996,,,false,5
,Hktpx~~,1,6737650,,,false,5
,Hktpx~~,2,6752944,,,false,5
,Hktpx~~,3,6784160,,,false,5
,Hktpx~~,4,6794635,,,false,5
,Hktpx~~,5,6752316,,,false,5
,Hktpx~~,6,6830040,,,false,5
,Hktpx~~,7,6801199,,,false,5
,Hktpx~~,8,6753433,,,false,5
,Hktpx~~,9,6855809,,,false,5
,Hdthzn~,0,6598122,,,false,5
,Hdthzn~,1,6777595,,,false,5
,Hdthzn~,2,6795263,,,false,5
,Hdthzn~,3,6772637,,,false,5
,Hdthzn~,4,6739256,,,false,5
,Hdthzn~,5,6766421,,,false,5
,Hdthzn~,6,6765374,,,false,5
,Hdthzn~,7,6767679,,,false,5
,Hdthzn~,8,6768657,,,false,5
,Hdthzn~,9,6756994,,,false,5
,H`mzrn~,0,6559783,,,false,6
,H`mzrn~,1,6739186,,,false,6
,H`mzrn~,2,6702244,,,false,6
,H`mzrn~,3,6699869,,,false,6
,H`mzrn~,4,6704479,,,false,6
,H`mzrn~,5,6699101,,,false,6
,H`mzrn~,6,6684297,,,false,6
,H`mzrn~,7,6719284,,,false,6
,H`mzrn~,8,6696727,,,false,6
,H`mzrn~,9,6662369,,,false,6
,HpLy~v~,0,6719004,,,false,6
,HpLy~v~,1,6856647,,,false,6
,HpLy~v~,2,6792539,,,false,6
,HpLy~v~,3,6812093,,,false,6
,HpLy~v~,4,6794216,,,false,6
,HpLy~v~,5,6849803,,,false,6
,HpLy~v~,6,6843937,,,false,6
,HpLy~v~,7,6823825,,,false,6
,HpLy~v~,8,6813350,,,false,6
,HpLy~v~,9,6850780,,,false,6
,H`zTzz~,0,6610203,,,false,5
,H`zTzz~,1,6762232,,,false,5
,H`zTzz~,2,6774662,,,false,5
,H`zTzz~,3,6789467,,,false,5
,H`zTzz~,4,6748754,,,false,5
,H`zTzz~,5,6711183,,,false,5
,H`zTzz~,6,6741421,,,false,5
,H`zTzz~,7,6771799,,,false,5
,H`zTzz~,8,6786255,,,false,5
,H`zTzz~,9,6806715,,,false,5
,HKur~z~,0,6661741,,,false,5
,HKur~z~,1,6793308,,,false,5
,HKur~z~,2,6802666,,,false,5
,HKur~z~,3,6788070,,,false,5
,HKur~z~,4,6860907,,,false,5
,HKur~z~,5,6811115,,,false,5
,HKur~z~,6,6786953,,,false,5
,HKur~z~,7,6842121,,,false,5
,HKur~z~,8,6846940,,,false,5
,HKur~z~,9,6810207,,,false,5
,HqL\~^~,0,6837931,,,false,5
,HqL\~^~,1,6845054,,,false,5
,HqL\~^~,2,6802036,,,false,5
,HqL\~^~,3,6840096,,,false,5
,HqL\~^~,4,6855321,,,false,5
,HqL\~^~,5,6834650,,,false,5
,HqL\~^~,6,6851200,,,false,5
,HqL\~^~,7,6825501,,,false,5
,HqL\~^~,8,6861815,,,false,5
,HqL\~^~,9,6842820,,,false,5
,HdW}z~~,0,6832065,,,false,5
,HdW}z~~,1,6890307,,,false,5
,HdW}z~~,2,6880809,,,false,5
,HdW}z~~,3,6926691,,,false,5
,HdW}z~~,4,6857904,,,false,5
,HdW}z~~,5,6826339,,,false,5
,HdW}z~~,6,6900643,,,false,5
,HdW}z~~,7,6870893,,,false,5
,HdW}z~~,8,6882206,,,false,5
,HdW}z~~,9,6866494,,,false,5
,H`lv]~~,0,6892123,,,false,5
,H`lv]~~,1,6822011,,,false,5
,H`lv]~~,2,6813352,,,false,5
,H`lv]~~,3,6810977,,,false,5
,H`lv]~~,4,6866914,,,false,5
,H`lv]~~,5,6825992,,,false,5
,H`lv]~~,6,6833045,,,false,5
,H`lv]~~,7,6837723,,,false,5
,H`lv]~~,8,6825782,,,false,5
,H`lv]~~,9,6850504,,,false,5
,H`lv~z~,0,6882697,,,false,6
,H`lv~z~,1,6955953,,,false,6
,H`lv~z~,2,6946386,,,false,6
,H`lv~z~,3,6979347,,,false,6
,H`lv~z~,4,7076416,,,false,6
,H`lv~z~,5,7153862,,,false,6
,H`lv~z~,6,7196322,,,false,6
,H`lv~z~,7,7237873,,,false,6
,H`lv~z~,8,7370557,,,false,6
,H`lv~z~,9,7181866,,,false,6
,H\TZ\~~,0,7086612,,,false,5
,H\TZ\~~,1,7096947,,,false,5
,H\TZ\~~,2,7166292,,,false,5
,H\TZ\~~,3,7095412,,,false,5
,H\TZ\~~,4,7113568,,,false,5
,H\TZ\~~,5,7222579,,,false,5
,H\TZ\~~,6,7212104,,,false,5
,H\TZ\~~,7,7133889,,,false,5
,H\TZ\~~,8,7104769,,,false,5
,H\TZ\~~,9,7096040,,,false,5
,H}Ky~^~,0,7143317,,,false,6
,H}Ky~^~,1,7208612,,,false,6
,H}Ky~^~,2,7138918,,,false,6
,H}Ky~^~,3,7368462,,,false,6
,H}Ky~^~,4,7128931,,,false,6
,H}Ky~^~,5,7191363,,,false,6
,H}Ky~^~,6,7118038,,,false,6
,H}Ky~^~,7,7139616,,,false,6
,H}Ky~^~,8,7105747,,,false,6
,H}Ky~^~,9,7138639,,,false,6
,HR]~Mv~,0,7131446,,,false,6
,HR]~Mv~,1,7259521,,,false,6
,HR]~Mv~,2,7087241,,,false,6
,HR]~Mv~,3,7058399,,,false,6
,HR]~Mv~,4,7096948,,,false,6
,HR]~Mv~,5,7087031,,,false,6
,HR]~Mv~,6,7074182,,,false,6
,HR]~Mv~,7,7058190,,,false,6
,HR]~Mv~,8,7162801,,,false,6
,HR]~Mv~,9,7132423,,,false,6
,HJnL~n~,0,7227188,,,false,6
,HJnL~n~,1,7198905,,,false,6
,HJnL~n~,2,7203933,,,false,6
,HJnL~n~,3,7136683,,,false,6
,HJnL~n~,4,7180330,,,false,6
,HJnL~n~,5,7174044,,,false,6
,HJnL~n~,6,7368183,,,false,6
,HJnL~n~,7,7153095,,,false,6
,HJnL~n~,8,7168667,,,false,6
,HJnL~n~,9,7220903,,,false,6
,HhN~u~~,0,7288014,,,false,6
,HhN~u~~,1,7272999,,,false,6
,HhN~u~~,2,7243180,,,false,6
,HhN~u~~,3,7346255,,,false,6
,HhN~u~~,4,7329216,,,false,6
,HhN~u~~,5,7216434,,,false,6
,HhN~u~~,6,7195134,,,false,6
,HhN~u~~,7,7224115,,,false,6
,HhN~u~~,8,7268251,,,false,6
,HhN~u~~,9,7235987,,,false,6
,HjK~]~~,0,7126627,,,false,6
,HjK~]~~,1,7325165,,,false,6
,HjK~]~~,2,7134099,,,false,6
,HjK~]~~,3,7163499,,,false,6
,HjK~]~~,4,7143457,,,false,6
,HjK~]~~,5,7120691,,,false,6
,HjK~]~~,6,7136055,,,false,6
,HjK~]~~,7,7114616,,,false,6
,HjK~]~~,8,7114057,,,false,6
,HjK~]~~,9,7253516,,,false,6
,HRVlz~~,0,7210008,,,false,5
,HRVlz~~,1,7186405,,,false,5
,HRVlz~~,2,7185078,,,false,5
,HRVlz~~,3,7214269,,,false,5
,HRVlz~~,4,7188989,,,false,5
,HRVlz~~,5,7240108,,,false,5
,HRVlz~~,6,7366926,,,false,5
,HRVlz~~,7,7225163,,,false,5
,HRVlz~~,8,7254493,,,false,5
,HRVlz~~,9,7255051,,,false,5
,H[Uzu~~,0,7111752,,,false,5
,H[Uzu~~,1,7139825,,,false,5
,H[Uzu~~,2,7113778,,,false,5
,H[Uzu~~,3,7133890,,,false,5
,H[Uzu~~,4,7330473,,,false,5
,H[Uzu~~,5,7144505,,,false,5
,H[Uzu~~,6,7142060,,,false,5
,H[Uzu~~,7,7113149,,,false,5
,H[Uzu~~,8,7117968,,,false,5
,H[Uzu~~,9,7124951,,,false,5
,HLrZt~~,0,7078581,,,false,5
,HLrZt~~,1,7216084,,,false,5
,HLrZt~~,2,7236267,,,false,5
,HLrZt~~,3,7139406,,,false,5
,HLrZt~~,4,7104769,,,false,5
,HLrZt~~,5,7110775,,,false,5
,HLrZt~~,6,7107004,,,false,5
,HLrZt~~,7,7102115,,,false,5
,HLrZt~~,8,7129560,,,false,5
,HLrZt~~,9,7357149,,,false,5
,H\diz~~,0,7052812,,,false,5
,H\diz~~,1,7053162,,,false,5
,H\diz~~,2,7078022,,,false,5
,H\diz~~,3,7065243,,,false,5
,H\diz~~,4,7067059,,,false,5
,H\diz~~,5,7071877,,,false,5
,H\diz~~,6,7125859,,,false,5
,H\diz~~,7,7304634,,,false,5
,H\diz~~,8,7065662,,,false,5
,H\diz~~,9,7084168,,,false,5
,HKl~e~~,0,7075229,,,false,5
,HKl~e~~,1,7082422,,,false,5
,HKl~e~~,2,7112381,,,false,5
,HKl~e~~,3,7114336,,,false,5
,HKl~e~~,4,7198067,,,false,5
,HKl~e~~,5,7182774,,,false,5
,HKl~e~~,6,7113219,,,false,5
,HKl~e~~,7,7103093,,,false,5
,HKl~e~~,8,7099182,,,false,5
,HKl~e~~,9,7086752,,,false,5
,HRlu~Z~,0,6933047,,,false,5
,HRlu~Z~,1,7125859,,,false,5
,HRlu~Z~,2,7277957,,,false,5
,HRlu~Z~,3,7065802,,,false,5
,HRlu~Z~,4,7126348,,,false,5
,HRlu~Z~,5,6923550,,,false,5
,HRlu~Z~,6,7119713,,,false,5
,HRlu~Z~,7,7129909,,,false,5
,HRlu~Z~,8,7112102,,,false,5
,HRlu~Z~,9,7087101,,,false,5
,HKnr~v~,0,7218948,,,false,5
,HKnr~v~,1,7213013,,,false,5
,HKnr~v~,2,7169367,,,false,5
,HKnr~v~,3,7234034,,,false,5
,HKnr~v~,4,7207916,,,false,5
,HKnr~v~,5,7175862,,,false,5
,HKnr~v~,6,7187315,,,false,5
,HKnr~v~,7,7363855,,,false,5
,HKnr~v~,8,7273909,,,false,5
,HKnr~v~,9,7175443,,,false,5
,HRlu~^~,0,7234662,,,false,5
,HRlu~^~,1,7174674,,,false,5
,HRlu~^~,2,7157146,,,false,5
,HRlu~^~,3,7176980,,,false,5
,HRlu~^~,4,7154004,,,false,5
,HRlu~^~,5,7358268,,,false,5
,HRlu~^~,6,7153515,,,false,5
,HRlu~^~,7,7185848,,,false,5
,HRlu~^~,8,7154842,,,false,5
,HRlu~^~,9,7186337,,,false,5
,HQl~~z~,0,7072578,,,false,5
,HQl~~z~,1,7276842,,,false,5
,HQl~~z~,2,7289273,,,false,5
,HQl~~z~,3,7465394,,,false,5
,HQl~~z~,4,7280473,,,false,5
,HQl~~z~,5,7240040,,,false,5
,HQl~~z~,6,7254774,,,false,5
,HQl~~z~,7,7282569,,,false,5
,HQl~~z~,8,7221394,,,false,5
,HQl~~z~,9,7245975,,,false,5
,H{dXz^~,0,7066083,,,false,5
,H{dXz^~,1,7020831,,,false,5
,H{dXz^~,2,6963218,,,false,5
,H{dXz^~,3,6957841,,,false,5
,H{dXz^~,4,7016920,,,false,5
,H{dXz^~,5,6962589,,,false,5
,H{dXz^~,6,6971038,,,false,5
,H{dXz^~,7,6989056,,,false,5
,H{dXz^~,8,7154423,,,false,5
,H{dXz^~,9,6977184,,,false,5
,HrrHx~~,0,6745057,,,false,6
,HrrHx~~,1,6907420,,,false,6
,HrrHx~~,2,6927462,,,false,6
,HrrHx~~,3,6921945,,,false,6
,HrrHx~~,4,6904348,,,false,6
,HrrHx~~,5,6953930,,,false,6
,HrrHx~~,6,7086335,,,false,6
,HrrHx~~,7,6944711,,,false,6
,HrrHx~~,8,6919083,,,false,6
,HrrHx~~,9,6919571,,,false,6
,HYU}t~~,0,6930465,,,false,6
,HYU}t~~,1,7102117,,,false,6
,HYU}t~~,2,7096530,,,false,6
,HYU}t~~,3,7185709,,,false,6
,HYU}t~~,4,7242274,,,false,6
,HYU}t~~,5,7096251,,,false,6
,HYU}t~~,6,7103374,,,false,6
,HYU}t~~,7,7059169,,,false,6
,HYU}t~~,8,7078793,,,false,6
,HYU}t~~,9,7075440,,,false,6
,HKu~b~~,0,6920130,,,false,5
,HKu~b~~,1,7255682,,,false,5
,HKu~b~~,2,7093039,,,false,5
,HKu~b~~,3,7068039,,,false,5
,HKu~b~~,4,7123068,,,false,5
,HKu~b~~,5,7094226,,,false,5
,HKu~b~~,6,7062032,,,false,5
,HKu~b~~,7,7103933,,,false,5
,HKu~b~~,8,7075022,,,false,5
,HKu~b~~,9,7262177,,,false,5
,H`l~vj~,0,6857768,,,false,6
,H`l~vj~,1,7019993,,,false,6
,H`l~vj~,2,7010774,,,false,6
,H`l~vj~,3,7024880,,,false,6
,H`l~vj~,4,7030258,,,false,6
,H`l~vj~,5,7053304,,,false,6
,H`l~vj~,6,7091084,,,false,6
,H`l~vj~,7,7258057,,,false,6
,H`l~vj~,8,7074393,,,false,6
,H`l~vj~,9,7069854,,,false,6
,H`l~vn~,0,7163431,,,false,6
,H`l~vn~,1,7148906,,,false,6
,H`l~vn~,2,7129353,,,false,6
,H`l~vn~,3,7156239,,,false,6
,H`l~vn~,4,7262386,,,false,6
,H`l~vn~,5,7222930,,,false,6
,H`l~vn~,6,7125372,,,false,6
,H`l~vn~,7,7133473,,,false,6
,H`l~vn~,8,7145554,,,false,6
,H`l~vn~,9,7136057,,,false,6
,HbNl}~~,0,7076209,,,false,5
,HbNl}~~,1,7213224,,,false,5
,HbNl}~~,2,7370490,,,false,5
,HbNl}~~,3,7215877,,,false,5
,HbNl}~~,4,7203586,,,false,5
,HbNl}~~,5,7156379,,,false,5
,HbNl}~~,6,7223838,,,false,5
,HbNl}~~,7,7179982,,,false,5
,HbNl}~~,8,7188991,,,false,5
,HbNl}~~,9,7262875,,,false,5
,H`z\z~~,0,7162453,,,false,5
,H`z\z~~,1,7216505,,,false,5
,H`z\z~~,2,7206100,,,false,5
,H`z\z~~,3,7184032,,,false,5
,H`z\z~~,4,7216016,,,false,5
,H`z\z~~,5,7211407,,,false,5
,H`z\z~~,6,7208474,,,false,5
,H`z\z~~,7,7397516,,,false,5
,H`z\z~~,8,7247023,,,false,5
,H`z\z~~,9,7210081,,,false,5
,H~rHx~~,0,6830393,,,false,6
,H~rHx~~,1,7000299,,,false,6
,H~rHx~~,2,6971108,,,false,6
,H~rHx~~,3,6976416,,,false,6
,H~rHx~~,4,6991361,,,false,6
,H~rHx~~,5,7222651,,,false,6
,H~rHx~~,6,7031934,,,false,6
,H~rHx~~,7,6992059,,,false,6
,H~rHx~~,8,6976137,,,false,6
,H~rHx~~,9,7001906,,,false,6
,H^rLz~~,0,7002884,,,false,6
,H^rLz~~,1,7147439,,,false,6
,H^rLz~~,2,7216435,,,false,6
,H^rLz~~,3,7244928,,,false,6
,H^rLz~~,4,7136266,,,false,6
,H^rLz~~,5,7124674,,,false,6
,H^rLz~~,6,7116503,,,false,6
,H^rLz~~,7,7151211,,,false,6
,H^rLz~~,8,7111964,,,false,6
,H^rLz~~,9,7177259,,,false,6
,H`~~vn~,0,7232847,,,false,6
,H`~~vn~,1,7188432,,,false,6
,H`~~vn~,2,7183334,,,false,6
,H`~~vn~,3,7192552,,,false,6
,H`~~vn~,4,7200583,,,false,6
,H`~~vn~,5,7190597,,,false,6
,H`~~vn~,6,7180262,,,false,6
,H`~~vn~,7,7225514,,,false,6
,H`~~vn~,8,7367137,,,false,6
,H`~~vn~,9,7187245,,,false,6
,Hrqix~~,0,6837097,,,false,6
,Hrqix~~,1,6872854,,,false,6
,Hrqix~~,2,6826135,,,false,6
,Hrqix~~,3,6865591,,,false,6
,Hrqix~~,4,6830883,,,false,6
,Hrqix~~,5,6863217,,,false,6
,Hrqix~~,6,6969784,,,false,6
,Hrqix~~,7,6813146,,,false,6
,Hrqix~~,8,6820409,,,false,6
,Hrqix~~,9,6832071,,,false,6
,HYd}t~~,0,7121883,,,false,6
,HYd}t~~,1,7107845,,,false,6
,HYd}t~~,2,7120625,,,false,6
,HYd}t~~,3,7247443,,,false,6
,HYd}t~~,4,7191787,,,false,6
,HYd}t~~,5,7131030,,,false,6
,HYd}t~~,6,7083473,,,false,6
,HYd}t~~,7,7146464,,,false,6
,HYd}t~~,8,7148978,,,false,6
,HYd}t~~,9,7097301,,,false,6
,HtXXz~~,0,6908889,,,false,6
,HtXXz~~,1,7253798,,,false,6
,HtXXz~~,2,7063501,,,false,6
,HtXXz~~,3,7048627,,,false,6
,HtXXz~~,4,7118041,,,false,6
,HtXXz~~,5,7064130,,,false,6
,HtXXz~~,6,7110918,,,false,6
,HtXXz~~,7,7082636,,,false,6
,HtXXz~~,8,7090108,,,false,6
,HtXXz~~,9,7263925,,,false,6
,HMutZ~~,0,6860842,,,false,6
,HMutZ~~,1,6853859,,,false,6
,HMutZ~~,2,6882770,,,false,6
,HMutZ~~,3,6916779,,,false,6
,HMutZ~~,4,6853440,,,false,6
,HMutZ~~,5,6891710,,,false,6
,HMutZ~~,6,6911542,,,false,6
,HMutZ~~,7,7059520,,,false,6
,HMutZ~~,8,6907981,,,false,6
,HMutZ~~,9,6881024,,,false,6
,HvSzZ^~,0,7058613,,,false,6
,HvSzZ^~,1,7035358,,,false,6
,HvSzZ^~,2,7018179,,,false,6
,HvSzZ^~,3,7025791,,,false,6
,HvSzZ^~,4,7097301,,,false,6
,HvSzZ^~,5,7129425,,,false,6
,HvSzZ^~,6,7053864,,,false,6
,HvSzZ^~,7,7017061,,,false,6
,HvSzZ^~,8,7025721,,,false,6
,HvSzZ^~,9,7002746,,,false,6
,HvSz^^~,0,6959029,,,false,6
,HvSz^^~,1,6940174,,,false,6
,HvSz^^~,2,7180264,,,false,6
,HvSz^^~,3,6996809,,,false,6
,HvSz^^~,4,6960566,,,false,6
,HvSz^^~,5,6987801,,,false,6
,HvSz^^~,6,6990035,,,false,6
,HvSz^^~,7,7001628,,,false,6
,HvSz^^~,8,7010567,,,false,6
,HvSz^^~,9,6966432,,,false,6
,HqL~r~~,0,7354918,,,false,6
,HqL~r~~,1,7174607,,,false,6
,HqL~r~~,2,7229427,,,false,6
,HqL~r~~,3,7213504,,,false,6
,HqL~r~~,4,7133824,,,false,6
,HqL~r~~,5,7177400,,,false,6
,HqL~r~~,6,7153517,,,false,6
,HqL~r~~,7,7192904,,,false,6
,HqL~r~~,8,7338856,,,false,6
,HqL~r~~,9,7175026,,,false,6
,HRl~Mv~,0,6956097,,,false,6
,HRl~Mv~,1,7109103,,,false,6
,HRl~Mv~,2,7093459,,,false,6
,HRl~Mv~,3,7077817,,,false,6
,HRl~Mv~,4,7115178,,,false,6
,HRl~Mv~,5,7295560,,,false,6
,HRl~Mv~,6,7174747,,,false,6
,HRl~Mv~,7,7096463,,,false,6
,HRl~Mv~,8,7127888,,,false,6
,HRl~Mv~,9,7088082,,,false,6
,HLnJ~n~,0,7037034,,,false,6
,HLnJ~n~,1,7210991,,,false,6
,HLnJ~n~,2,7276844,,,false,6
,HLnJ~n~,3,7413369,,,false,6
,HLnJ~n~,4,7225795,,,false,6
,HLnJ~n~,5,7217275,,,false,6
,HLnJ~n~,6,7264414,,,false,6
,HLnJ~n~,7,7191298,,,false,6
,HLnJ~n~,8,7235083,,,false,6
,HLnJ~n~,9,7274609,,,false,6
,HdYz~r~,0,7042620,,,false,6
,HdYz~r~,1,7154425,,,false,6
,HdYz~r~,2,7089410,,,false,6
,HdYz~r~,3,7110010,,,false,6
,HdYz~r~,4,7064548,,,false,6
,HdYz~r~,5,7100583,,,false,6
,HdYz~r~,6,7088572,,,false,6
,HdYz~r~,7,7072021,,,false,6
,HdYz~r~,8,7326357,,,false,6
,HdYz~r~,9,7063082,,,false,6
,Hbiz~v~,0,7056727,,,false,6
,Hbiz~v~,1,7228798,,,false,6
,Hbiz~v~,2,7196675,,,false,6
,Hbiz~v~,3,7220278,,,false,6
,Hbiz~v~,4,7209803,,,false,6
,Hbiz~v~,5,7224259,,,false,6
,Hbiz~v~,6,7363787,,,false,6
,Hbiz~v~,7,7211200,,,false,6
,Hbiz~v~,8,7199468,,,false,6
,Hbiz~v~,9,7184383,,,false,6
,HdYz}~~,0,7052537,,,false,6
,HdYz}~~,1,7209734,,,false,6
,HdYz}~~,2,7201074,,,false,6
,HdYz}~~,3,7390813,,,false,6
,HdYz}~~,4,7299121,,,false,6
,HdYz}~~,5,7255475,,,false,6
,HdYz}~~,6,7228379,,,false,6
,HdYz}~~,7,7216787,,,false,6
,HdYz}~~,8,7231941,,,false,6
,HdYz}~~,9,7200376,,,false,6
,HqN~r~~,0,7113991,,,false,6
,HqN~r~~,1,7433901,,,false,6
,HqN~r~~,2,7255684,,,false,6
,HqN~r~~,3,7289972,,,false,6
,HqN~r~~,4,7248840,,,false,6
,HqN~r~~,5,7251703,,,false,6
,HqN~r~~,6,7265880,,,false,6
,HqN~r~~,7,7272235,,,false,6
,HqN~r~~,8,7420981,,,false,6
,HqN~r~~,9,7298981,,,false,6
,HtlrY~~,0,7052397,,,false,6
,HtlrY~~,1,7089060,,,false,6
,HtlrY~~,2,7069716,,,false,6
,HtlrY~~,3,7058124,,,false,6
,HtlrY~~,4,7050582,,,false,6
,HtlrY~~,5,7045344,,,false,6
,HtlrY~~,6,7246606,,,false,6
,HtlrY~~,7,7047649,,,false,6
,HtlrY~~,8,7072021,,,false,6
,HtlrY~~,9,7060149,,,false,6
,H{Sz~z~,0,7145207,,,false,6
,H{Sz~z~,1,7135221,,,false,6
,H{Sz~z~,2,7139063,,,false,6
,H{Sz~z~,3,7217906,,,false,6
,H{Sz~z~,4,7284528,,,false,6
,H{Sz~z~,5,7149399,,,false,6
,H{Sz~z~,6,7153519,,,false,6
,H{Sz~z~,7,7146815,,,false,6
,H{Sz~z~,8,7208828,,,false,6
,H{Sz~z~,9,7128169,,,false,6
,HRvdz~~,0,7223213,,,false,6
,HRvdz~~,1,7370912,,,false,6
,HRvdz~~,2,7192207,,,false,6
,HRvdz~~,3,7215951,,,false,6
,HRvdz~~,4,7215741,,,false,6
,HRvdz~~,5,7239694,,,false,6
,HRvdz~~,6,7195419,,,false,6
,HRvdz~~,7,7193045,,,false,6
,HRvdz~~,8,7232432,,,false,6
,HRvdz~~,9,7439629,,,false,6
,HtX\z~~,0,7154008,,,false,6
,HtX\z~~,1,7166997,,,false,6
,HtX\z~~,2,7155125,,,false,6
,HtX\z~~,3,7175238,,,false,6
,HtX\z~~,4,7165112,,,false,6
,HtX\z~~,5,7158198,,,false,6
,HtX\z~~,6,7275589,,,false,6
,HtX\z~~,7,7271120,,,false,6
,HtX\z~~,8,7171676,,,false,6
,HtX\z~~,9,7157430,,,false,6
,H{S~~z~,0,7211132,,,false,6
,H{S~~z~,1,7176005,,,false,6
,H{S~~z~,2,7167765,,,false,6
,H{S~~z~,3,7168743,,,false,6
,H{S~~z~,4,7340325,,,false,6
,H{S~~z~,5,7163226,,,false,6
,H{S~~z~,6,7191090,,,false,6
,H{S~~z~,7,7220420,,,false,6
,H{S~~z~,8,7187878,,,false,6
,H{S~~z~,9,7182640,,,false,6
,H}hXz~~,0,7169162,,,false,6
,H}hXz~~,1,7228171,,,false,6
,H}hXz~~,2,7260016,,,false,6
,H}hXz~~,3,7160643,,,false,6
,H}hXz~~,4,7177193,,,false,6
,H}hXz~~,5,7115250,,,false,6
,H}hXz~~,6,7167486,,,false,6
,H}hXz~~,7,7112806,,,false,6
,H}hXz~~,8,7158687,,,false,6
,H}hXz~~,9,7298215,,,false,6
,H}nax~~,0,7113504,,,false,6
,H}nax~~,1,7131172,,,false,6
,H}nax~~,2,7129566,,,false,6
,H}nax~~,3,7169581,,,false,6
,H}nax~~,4,7128658,,,false,6
,H}nax~~,5,7100027,,,false,6
,H}nax~~,6,7105263,,,false,6
,H}nax~~,7,7318397,,,false,6
,H}nax~~,8,7142485,,,false,6
,H}nax~~,9,7122653,,,false,6
,Hrvdz~~,0,7331666,,,false,6
,Hrvdz~~,1,7281944,,,false,6
,Hrvdz~~,2,7253661,,,false,6
,Hrvdz~~,3,7266091,,,false,6
,Hrvdz~~,4,7358342,,,false,6
,Hrvdz~~,5,7325939,,,false,6
,Hrvdz~~,6,7224471,,,false,6
,Hrvdz~~,7,7273703,,,false,6
,Hrvdz~~,8,7212180,,,false,6
,Hrvdz~~,9,7245421,,,false,6
,Hp^uz~~,0,7345842,,,false,6
,Hp^uz~~,1,7314137,,,false,6
,Hp^uz~~,2,7487325,,,false,6
,Hp^uz~~,3,7345074,,,false,6
,Hp^uz~~,4,7306665,,,false,6
,Hp^uz~~,5,7324333,,,false,6
,Hp^uz~~,6,7300869,,,false,6
,Hp^uz~~,7,7296330,,,false,6
,Hp^uz~~,8,7352267,,,false,6
,Hp^uz~~,9,7498848,,,false,6
,HRl}~^~,0,7354572,,,false,6
,HRl}~^~,1,7303103,,,false,6
,HRl}~^~,2,7297866,,,false,6
,HRl}~^~,3,7375662,,,false,6
,HRl}~^~,4,7298285,,,false,6
,HRl}~^~,5,7339208,,,false,6
,HRl}~^~,6,7341512,,,false,6
,HRl}~^~,7,7471683,,,false,6
,HRl}~^~,8,7307433,,,false,6
,HRl}~^~,9,7363021,,,false,6
,Hq~tz~~,0,7410997,,,false,6
,Hq~tz~~,1,7365745,,,false,6
,Hq~tz~~,2,7354781,,,false,6
,Hq~tz~~,3,7362602,,,false,6
,Hq~tz~~,4,8029797,,,false,6
,Hq~tz~~,5,7319305,,,false,6
,Hq~tz~~,6,7349613,,,false,6
,Hq~tz~~,7,7346331,,,false,6
,Hq~tz~~,8,7386974,,,false,6
,Hq~tz~~,9,7335646,,,false,6
,HjNm|~~,0,7295142,,,false,6
,HjNm|~~,1,7390047,,,false,6
,HjNm|~~,2,7378455,,,false,6
,HjNm|~~,3,7308341,,,false,6
,HjNm|~~,4,7283830,,,false,6
,HjNm|~~,5,7299053,,,false,6
,HjNm|~~,6,7333551,,,false,6
,HjNm|~~,7,7296958,,,false,6
,HjNm|~~,8,7287391,,,false,6
,HjNm|~~,9,7477968,,,false,6
,HJz\z~~,0,7296120,,,false,6
,HJz\z~~,1,7313089,,,false,6
,HJz\z~~,2,7276566,,,false,6
,HJz\z~~,3,7261134,,,false,6
,HJz\z~~,4,7277614,,,false,6
,HJz\z~~,5,7317979,,,false,6
,HJz\z~~,6,7394237,,,false,6
,HJz\z~~,7,7360717,,,false,6
,HJz\z~~,8,7310925,,,false,6
,HJz\z~~,9,7319166,,,false,6
,HMn~r~~,0,7298704,,,false,6
,HMn~r~~,1,7273564,,,false,6
,HMn~r~~,2,7305827,,,false,6
,HMn~r~~,3,7264834,,,false,6
,HMn~r~~,4,7499617,,,false,6
,HMn~r~~,5,7326359,,,false,6
,HMn~r~~,6,7298704,,,false,6
,HMn~r~~,7,7368818,,,false,6
,HMn~r~~,8,7273075,,,false,6
,HMn~r~~,9,7334808,,,false,6
,Hru~Z~~,0,7302126,,,false,6
,Hru~Z~~,1,7467214,,,false,6
,Hru~Z~~,2,7425104,,,false,6
,Hru~Z~~,3,7402338,,,false,6
,Hru~Z~~,4,7345981,,,false,6
,Hru~Z~~,5,7378245,,,false,6
,Hru~Z~~,6,7381109,,,false,6
,Hru~Z~~,7,7371541,,,false,6
,Hru~Z~~,8,7410439,,,false,6
,Hru~Z~~,9,7567428,,,false,6
,HR~~vn~,0,7302687,,,false,6
,HR~~vn~,1,7320913,,,false,6
,HR~~vn~,2,7310788,,,false,6
,HR~~vn~,3,7359252,,,false,6
,HR~~vn~,4,7300173,,,false,6
,HR~~vn~,5,7323148,,,false,6
,HR~~vn~,6,7504367,,,false,6
,HR~~vn~,7,7348916,,,false,6
,HR~~vn~,8,7316723,,,false,6
,HR~~vn~,9,7351012,,,false,6
,H???XjA,0,4225937,,,false,1
,H???XjA,1,4234039,,,false,1
,H???XjA,2,4238508,,,false,1
,H???XjA,3,4248424,,,false,1
,H???XjA,4,4248005,,,false,1
,H???XjA,5,4232083,,,false,1
,H???XjA,6,4320423,,,false,1
,H???XjA,7,4326988,,,false,1
,H???XjA,8,4246120,,,false,1
,H???XjA,9,4249122,,,false,1
,H?qahro,0,5456205,,,false,4
,H?qahro,1,5422545,,,false,4
,H?qahro,2,5442447,,,false,4
,H?qahro,3,5485256,,,false,4
,H?qahro,4,5439235,,,false,4
,H?qahro,5,5462769,,,false,4
,H?qahro,6,5456623,,,false,4
,H?qahro,7,5662913,,,false,4
,H?qahro,8,5446428,,,false,4
,H?qahro,9,5458299,,,false,4
,H??@GrD,0,4297169,,,false,1
,H??@GrD,1,4307155,,,false,1
,H??@GrD,2,4295353,,,false,1
,H??@GrD,3,4305618,,,false,1
,H??@GrD,4,4305200,,,false,1
,H??@GrD,5,4312253,,,false,1
,H??@GrD,6,4290045,,,false,1
,H??@GrD,7,4314069,,,false,1
,H??@GrD,8,4288160,,,false,1
,H??@GrD,9,4463165,,,false,1
,H???]Os,0,4144302,,,false,1
,H???]Os,1,4119510,,,false,1
,H???]Os,2,4115530,,,false,1
,H???]Os,3,4127193,,,false,1
,H???]Os,4,4105544,,,false,1
,H???]Os,5,4124539,,,false,1
,H???]Os,6,4108896,,,false,1
,H???]Os,7,4124259,,,false,1
,H???]Os,8,4115460,,,false,1
,H???]Os,9,4123143,,,false,1
,H``?@cM,0,4270631,,,false,2
,H``?@cM,1,4405201,,,false,2
,H``?@cM,2,4516657,,,false,2
,H``?@cM,3,4409252,,,false,2
,H``?@cM,4,4382017,,,false,2
,H``?@cM,5,4371612,,,false,2
,H``?@cM,6,4403107,,,false,2
,H``?@cM,7,4391724,,,false,2
,H``?@cM,8,4391515,,,false,2
,H``?@cM,9,4399964,,,false,2
,H?D_Sfa,0,4858983,,,false,2
,H?D_Sfa,1,4837055,,,false,2
,H?D_Sfa,2,4875674,,,false,2
,H?D_Sfa,3,4877908,,,false,2
,H?D_Sfa,4,5047605,,,false,2
,H?D_Sfa,5,4887825,,,false,2
,H?D_Sfa,6,4863243,,,false,2
,H?D_Sfa,7,4852420,,,false,2
,H?D_Sfa,8,4864849,,,false,2
,H?D_Sfa,9,4866176,,,false,2
,HCD@z^~,0,6389397,,,false,3
,HCD@z^~,1,6356225,,,false,3
,HCD@z^~,2,6367119,,,false,3
,HCD@z^~,3,6400151,,,false,3
,HCD@z^~,4,6574806,,,false,3
,HCD@z^~,5,6420822,,,false,3
,HCD@z^~,6,6415585,,,false,3
,HCD@z^~,7,6393517,,,false,3
,HCD@z^~,8,6356714,,,false,3
,HCD@z^~,9,6394564,,,false,3
,H`?Ha]{,0,5412139,,,false,3
,H`?Ha]{,1,5380783,,,false,3
,H`?Ha]{,2,5396985,,,false,3
,H`?Ha]{,3,5565914,,,false,3
,H`?Ha]{,4,5376105,,,false,3
,H`?Ha]{,5,5394751,,,false,3
,H`?Ha]{,6,5400058,,,false,3
,H`?Ha]{,7,5396566,,,false,3
,H`?Ha]{,8,5412418,,,false,3
,H`?Ha]{,9,5389583,,,false,3
,H`?N~z{,0,6345052,,,false,4
,H`?N~z{,1,6352245,,,false,4
,H`?N~z{,2,6371449,,,false,4
,H`?N~z{,3,6520266,,,false,4
,H`?N~z{,4,6325639,,,false,4
,H`?N~z{,5,6344284,,,false,4
,H`?N~z{,6,6337650,,,false,4
,H`?N~z{,7,6324730,,,false,4
,H`?N~z{,8,6333670,,,false,4
,H`?N~z{,9,6346588,,,false,4
,HgGqsy],0,5964387,,,false,4
,HgGqsy],1,6074026,,,false,4
,HgGqsy],2,5962152,,,false,4
,HgGqsy],3,5916621,,,false,4
,HgGqsy],4,5912151,,,false,4
,HgGqsy],5,5919693,,,false,4
,HgGqsy],6,5938129,,,false,4
,HgGqsy],7,5908240,,,false,4
,HgGqsy],8,5948674,,,false,4
,HgGqsy],9,5942179,,,false,4
,HqOpS|},0,6331574,,,false,4
,HqOpS|},1,6245189,,,false,4
,HqOpS|},2,6200705,,,false,4
,HqOpS|},3,6216767,,,false,4
,HqOpS|},4,6206013,,,false,4
,HqOpS|},5,6202730,,,false,4
,HqOpS|},6,6209644,,,false,4
,HqOpS|},7,6202241,,,false,4
,HqOpS|},8,6236111,,,false,4
,HqOpS|},9,6399034,,,false,4
,HR?M[xk,0,5799159,,,false,4
,HR?M[xk,1,5761519,,,false,4
,HR?M[xk,2,5820669,,,false,4
,HR?M[xk,3,5805095,,,false,4
,HR?M[xk,4,5790151,,,false,4
,HR?M[xk,5,5802860,,,false,4
,HR?M[xk,6,5780443,,,false,4
,HR?M[xk,7,5780653,,,false,4
,HR?M[xk,8,5884287,,,false,4
,HR?M[xk,9,5896020,,,false,4
,HWLKm_^,0,5907891,,,false,4
,HWLKm_^,1,5896508,,,false,4
,HWLKm_^,2,5893505,,,false,4
,HWLKm_^,3,5910195,,,false,4
,HWLKm_^,4,5908590,,,false,4
,HWLKm_^,5,5910126,,,false,4
,HWLKm_^,6,5858518,,,false,4
,HWLKm_^,7,5900908,,,false,4
,HWLKm_^,8,6095675,,,false,4
,HWLKm_^,9,5928841,,,false,4
,H?LE`YT,0,5247541,,,false,3
,H?LE`YT,1,5244188,,,false,3
,H?LE`YT,2,5242232,,,false,3
,H?LE`YT,3,5255571,,,false,3
,H?LE`YT,4,5242582,,,false,3
,H?LE`YT,5,5260250,,,false,3
,H?LE`YT,6,5241185,,,false,3
,H?LE`YT,7,5269538,,,false,3
,H?LE`YT,8,5455017,,,false,3
,H?LE`YT,9,5271983,,,false,3
,H@CI?M`,0,4401710,,,false,2
,H@CI?M`,1,4390047,,,false,2
,H@CI?M`,2,4391095,,,false,2
,H@CI?M`,3,4391235,,,false,2
,H@CI?M`,4,4388232,,,false,2
,H@CI?M`,5,4396263,,,false,2
,H@CI?M`,6,4391375,,,false,2
,H@CI?M`,7,4372799,,,false,2
,H@CI?M`,8,4391235,,,false,2
,H@CI?M`,9,4375173,,,false,2
,H`?H_ZB,0,4832027,,,false,2
,H`?H_ZB,1,4674412,,,false,2
,H`?H_ZB,2,4681814,,,false,2
,H`?H_ZB,3,4638936,,,false,2
,H`?H_ZB,4,4665962,,,false,2
,H`?H_ZB,5,4674272,,,false,2
,H`?H_ZB,6,4650599,,,false,2
,H`?H_ZB,7,4684329,,,false,2
,H`?H_ZB,8,4656535,,,false,2
,H`?H_ZB,9,4672107,,,false,2
,H??E@KZ,0,4443681,,,false,2
,H??E@KZ,1,4479505,,,false,2
,H??E@KZ,2,4555765,,,false,2
,H??E@KZ,3,4425803,,,false,2
,H??E@KZ,4,4451152,,,false,2
,H??E@KZ,5,4447800,,,false,2
,H??E@KZ,6,4429783,,,false,2
,H??E@KZ,7,4402199,,,false,2
,H??E@KZ,8,4432437,,,false,2
,H??E@KZ,9,4426222,,,false,2
,H@`?OKr,0,4359111,,,false,2
,H@`?OKr,1,4349684,,,false,2
,H@`?OKr,2,4329432,,,false,2
,H@`?OKr,3,4315815,,,false,2
,H@`?OKr,4,4519659,,,false,2
,H@`?OKr,5,4336554,,,false,2
,H@`?OKr,6,4348147,,,false,2
,H@`?OKr,7,4336975,,,false,2
,H@`?OKr,8,4343609,,,false,2
,H@`?OKr,9,4338232,,,false,2
,H?AA`O[,0,4062667,,,false,1
,H?AA`O[,1,4059105,,,false,1
,H?AA`O[,2,4037736,,,false,1
,H?AA`O[,3,4042835,,,false,1
,H?AA`O[,4,4061760,,,false,1
,H?AA`O[,5,4051494,,,false,1
,H?AA`O[,6,4039971,,,false,1
,H?AA`O[,7,4176776,,,false,1
,H?AA`O[,8,4062736,,,false,1
,H?AA`O[,9,4049329,,,false,1
,H{db?{],0,5908800,,,false,4
,H{db?{],1,5915784,,,false,4
,H{db?{],2,5900979,,,false,4
,H{db?{],3,5881844,,,false,4
,H{db?{],4,5875490,,,false,4
,H{db?{],5,5884987,,,false,4
,H{db?{],6,5919346,,,false,4
,H{db?{],7,6105942,,,false,4
,H{db?{],8,5898186,,,false,4
,H{db?{],9,5908382,,,false,4
,HoDczp{,0,5976050,,,false,4
,HoDczp{,1,6006498,,,false,4
,HoDczp{,2,6003356,,,false,4
,HoDczp{,3,5992042,,,false,4
,HoDczp{,4,5978006,,,false,4
,HoDczp{,5,5971721,,,false,4
,HoDczp{,6,6142535,,,false,4
,HoDczp{,7,6001749,,,false,4
,HoDczp{,8,5978634,,,false,4
,HoDczp{,9,6001819,,,false,4
,Hqopc|m,0,6124937,,,false,4
,Hqopc|m,1,6109992,,,false,4
,Hqopc|m,2,6139253,,,false,4
,Hqopc|m,3,6145049,,,false,4
,Hqopc|m,4,6135133,,,false,4
,Hqopc|m,5,6284717,,,false,4
,Hqopc|m,6,6119490,,,false,4
,Hqopc|m,7,6136460,,,false,4
,Hqopc|m,8,6122004,,,false,4
,Hqopc|m,9,6098400,,,false,4
,Hqcxq\f,0,6276616,,,false,5
,Hqcxq\f,1,6307204,,,false,5
,Hqcxq\f,2,6311743,,,false,5
,Hqcxq\f,3,6284508,,,false,5
,Hqcxq\f,4,6492823,,,false,5
,Hqcxq\f,5,6333392,,,false,5
,Hqcxq\f,6,6335836,,,false,5
,Hqcxq\f,7,6271938,,,false,5
,Hqcxq\f,8,6298684,,,false,5
,Hqcxq\f,9,6280947,,,false,5
,Hr?GOKF,0,3927468,,,false,3
,Hr?GOKF,1,3918110,,,false,3
,Hr?GOKF,2,3912594,,,false,3
,Hr?GOKF,3,3913920,,,false,3
,Hr?GOKF,4,3990039,,,false,3
,Hr?GOKF,5,3997930,,,false,3
,Hr?GOKF,6,3908892,,,false,3
,Hr?GOKF,7,3922371,,,false,3
,Hr?GOKF,8,3894716,,,false,3
,Hr?GOKF,9,3891225,,,false,3
,HQQ?@KY,0,4411908,,,false,2
,HQQ?@KY,1,4383345,,,false,2
,HQQ?@KY,2,4405832,,,false,2
,HQQ?@KY,3,4389141,,,false,2
,HQQ?@KY,4,4392982,,,false,2
,HQQ?@KY,5,4406390,,,false,2
,HQQ?@KY,6,4389561,,,false,2
,HQQ?@KY,7,4503599,,,false,2
,HQQ?@KY,8,4474967,,,false,2
,HQQ?@KY,9,4388582,,,false,2
,H?C@IQD,0,4148283,,,false,1
,H?C@IQD,1,4125797,,,false,1
,H?C@IQD,2,4115601,,,false,1
,H?C@IQD,3,4126425,,,false,1
,H?C@IQD,4,4128660,,,false,1
,H?C@IQD,5,4120769,,,false,1
,H?C@IQD,6,4135155,,,false,1
,H?C@IQD,7,4150728,,,false,1
,H?C@IQD,8,4147655,,,false,1
,H?C@IQD,9,4116578,,,false,1
,H??HIaW,0,4166091,,,false,1
,H??HIaW,1,4117626,,,false,1
,H??HIaW,2,4042834,,,false,1
,H??HIaW,3,4076075,,,false,1
,H??HIaW,4,4041088,,,false,1
,H??HIaW,5,4055963,,,false,1
,H??HIaW,6,4049678,,,false,1
,H??HIaW,7,4057569,,,false,1
,H??HIaW,8,4053938,,,false,1
,H??HIaW,9,4056801,,,false,1
,H????^q,0,4473640,,,false,1
,H????^q,1,4454437,,,false,1
,H????^q,2,4433555,,,false,1
,H????^q,3,4537189,,,false,1
,H????^q,4,4513167,,,false,1
,H????^q,5,4449617,,,false,1
,H????^q,6,4424756,,,false,1
,H????^q,7,4425944,,,false,1
,H????^q,8,4378806,,,false,1
,H????^q,9,4441447,,,false,1
,HAA?PKy,0,4468193,,,false,2
,HAA?PKy,1,4459394,,,false,2
,HAA?PKy,2,4442425,,,false,2
,HAA?PKy,3,4451782,,,false,2
,HAA?PKy,4,4455204,,,false,2
,HAA?PKy,5,4509326,,,false,2
,HAA?PKy,6,4600040,,,false,2
,HAA?PKy,7,4453039,,,false,2
,HAA?PKy,8,4470847,,,false,2
,HAA?PKy,9,4467564,,,false,2
,H@BQPS^,0,5372195,,,false,3
,H@BQPS^,1,5387350,,,false,3
,H@BQPS^,2,5384835,,,false,3
,H@BQPS^,3,5386651,,,false,3
,H@BQPS^,4,5374919,,,false,3
,H@BQPS^,5,5380994,,,false,3
,H@BQPS^,6,5462282,,,false,3
,H@BQPS^,7,5502297,,,false,3
,H@BQPS^,8,5386651,,,false,3
,H@BQPS^,9,5415213,,,false,3
,HPVBG}z,0,6253641,,,false,5
,HPVBG}z,1,6249451,,,false,5
,HPVBG}z,2,6206852,,,false,5
,HPVBG}z,3,6220330,,,false,5
,HPVBG}z,4,6228920,,,false,5
,HPVBG}z,5,6285416,,,false,5
,HPVBG}z,6,6371730,,,false,5
,HPVBG}z,7,6253013,,,false,5
,HPVBG}z,8,6244284,,,false,5
,HPVBG}z,9,6232272,,,false,5
,HELZTMN,0,6218305,,,false,5
,HELZTMN,1,6421452,,,false,5
,HELZTMN,2,6227314,,,false,5
,HELZTMN,3,6211112,,,false,5
,HELZTMN,4,6335626,,,false,5
,HELZTMN,5,6274661,,,false,5
,HELZTMN,6,6225288,,,false,5
,HELZTMN,7,6271449,,,false,5
,HELZTMN,8,6183249,,,false,5
,HELZTMN,9,6191908,,,false,5
,HDpch\Z,0,6085830,,,false,5
,HDpch\Z,1,6077031,,,false,5
,HDpch\Z,2,6038622,,,false,5
,HDpch\Z,3,6255107,,,false,5
,HDpch\Z,4,6078008,,,false,5
,HDpch\Z,5,6096444,,,false,5
,HDpch\Z,6,6095397,,,false,5
,HDpch\Z,7,6061458,,,false,5
,HDpch\Z,8,6073888,,,false,5
,HDpch\Z,9,6091207,,,false,5
,H??@GrB,0,4422941,,,false,1
,H??@GrB,1,4414421,,,false,1
,H??@GrB,2,4418960,,,false,1
,H??@GrB,3,4610096,,,false,1
,H??@GrB,4,4442355,,,false,1
,H??@GrB,5,4422731,,,false,1
,H??@GrB,6,4415817,,,false,1
,H??@GrB,7,4441097,,,false,1
,H??@GrB,8,4414910,,,false,1
,H??@GrB,9,4427620,,,false,1
,H?CAHM^,0,5056895,,,false,3
,H?CAHM^,1,5022327,,,false,3
,H?CAHM^,2,5020232,,,false,3
,H?CAHM^,3,5030847,,,false,3
,H?CAHM^,4,5123028,,,false,3
,H?CAHM^,5,5200054,,,false,3
,H?CAHM^,6,5038737,,,false,3
,H?CAHM^,7,5031614,,,false,3
,H?CAHM^,8,5039087,,,false,3
,H?CAHM^,9,5037341,,,false,3
,HINT^~~,0,7036760,,,false,5
,HINT^~~,1,7000657,,,false,5
,HINT^~~,2,6988435,,,false,5
,HINT^~~,3,7010433,,,false,5
,HINT^~~,4,7258553,,,false,5
,HINT^~~,5,7009176,,,false,5
,HINT^~~,6,7033199,,,false,5
,HINT^~~,7,6983896,,,false,5
,HINT^~~,8,6991926,,,false,5
,HINT^~~,9,7024260,,,false,5
,H@lv]~~,0,7026355,,,false,5
,H@lv]~~,1,7089625,,,false,5
,H@lv]~~,2,7115393,,,false,5
,H@lv]~~,3,6996745,,,false,5
,H@lv]~~,4,7026565,,,false,5
,H@lv]~~,5,7061413,,,false,5
,H@lv]~~,6,7016511,,,false,5
,H@lv]~~,7,7032921,,,false,5
,H@lv]~~,8,7006105,,,false,5
,H@lv]~~,9,7172659,,,false,5
,H{~va{~,0,7092141,,,false,6
,H{~va{~,1,6983269,,,false,6
,H{~va{~,2,6980266,,,false,6
,H{~va{~,3,7005127,,,false,6
,H{~va{~,4,7019095,,,false,6
,H{~va{~,5,6949469,,,false,6
,H{~va{~,6,6963786,,,false,6
,H{~va{~,7,7149265,,,false,6
,H{~va{~,8,6982920,,,false,6
,H{~va{~,9,6930475,,,false,6
,HINLn~~,0,6923421,,,false,5
,HINLn~~,1,6948842,,,false,5
,HINLn~~,2,6940671,,,false,5
,HINLn~~,3,6917277,,,false,5
,HINLn~~,4,6940950,,,false,5
,HINLn~~,5,7061483,,,false,5
,HINLn~~,6,6896745,,,false,5
,HINLn~~,7,6890250,,,false,5
,HINLn~~,8,6962180,,,false,5
,HINLn~~,9,7022656,,,false,5
,HJaJY{~,0,6336256,,,false,4
,HJaJY{~,1,6322569,,,false,4
,HJaJY{~,2,6306507,,,false,4
,HJaJY{~,3,6535004,,,false,4
,HJaJY{~,4,6319706,,,false,4
,HJaJY{~,5,6316912,,,false,4
,HJaJY{~,6,6275082,,,false,4
,HJaJY{~,7,6314328,,,false,4
,HJaJY{~,8,6295613,,,false,4
,HJaJY{~,9,6295892,,,false,4
,H@IYvN~,0,6486260,,,false,4
,H@IYvN~,1,6509864,,,false,4
,H@IYvN~,2,6669993,,,false,4
,H@IYvN~,3,6478928,,,false,4
,H@IYvN~,4,6495827,,,false,4
,H@IYvN~,5,6503090,,,false,4
,H@IYvN~,6,6489682,,,false,4
,H@IYvN~,7,6494919,,,false,4
,H@IYvN~,8,6493313,,,false,4
,H@IYvN~,9,6496316,,,false,4
,H?B~~rx,0,6524250,,,false,4
,H?B~~rx,1,6312234,,,false,4
,H?B~~rx,2,6321661,,,false,4
,H?B~~rx,3,6295264,,,false,4
,H?B~~rx,4,6282414,,,false,4
,H?B~~rx,5,6296311,,,false,4
,H?B~~rx,6,6394707,,,false,4
,H?B~~rx,7,6337234,,,false,4
,H?B~~rx,8,6338491,,,false,4
,H?B~~rx,9,6465101,,,false,4
,H{dahWZ,0,5869695,,,false,4
,H{dahWZ,1,5857892,,,false,4
,H{dahWZ,2,5859150,,,false,4
,H{dahWZ,3,5856636,,,false,4
,H{dahWZ,4,5837222,,,false,4
,H{dahWZ,5,5844625,,,false,4
,H{dahWZ,6,5836663,,,false,4
,H{dahWZ,7,5818786,,,false,4
,H{dahWZ,8,5978217,,,false,4
,H{dahWZ,9,5897698,,,false,4
,H@Kp]jJ,0,5827515,,,false,4
,H@Kp]jJ,1,5806425,,,false,4
,H@Kp]jJ,2,5813478,,,false,4
,H@Kp]jJ,3,5810196,,,false,4
,H@Kp]jJ,4,5802654,,,false,4
,H@Kp]jJ,5,5815015,,,false,4
,H@Kp]jJ,6,5783729,,,false,4
,H@Kp]jJ,7,5962994,,,false,4
,H@Kp]jJ,8,5839247,,,false,4
,H@Kp]jJ,9,5782262,,,false,4
,H`?HW~r,0,5618502,,,false,3
,H`?HW~r,1,5597342,,,false,3
,H`?HW~r,2,5624298,,,false,3
,H`?HW~r,3,5623879,,,false,3
,H`?HW~r,4,5622552,,,false,3
,H`?HW~r,5,5576880,,,false,3
,H`?HW~r,6,5626882,,,false,3
,H`?HW~r,7,5863340,,,false,3
,H`?HW~r,8,5608167,,,false,3
,H`?HW~r,9,5643503,,,false,3
,H@Kp]fL,0,5882265,,,false,4
,H@Kp]fL,1,5838898,,,false,4
,H@Kp]fL,2,5835895,,,false,4
,H@Kp]fL,3,5856567,,,false,4
,H@Kp]fL,4,5862572,,,false,4
,H@Kp]fL,5,5876678,,,false,4
,H@Kp]fL,6,5973398,,,false,4
,H@Kp]fL,7,5939110,,,false,4
,H@Kp]fL,8,5846789,,,false,4
,H@Kp]fL,9,5850141,,,false,4
,HoCOZB~,0,5634773,,,false,3
,HoCOZB~,1,5591476,,,false,3
,HoCOZB~,2,5594060,,,false,3
,HoCOZB~,3,5642525,,,false,3
,HoCOZB~,4,5603069,,,false,3
,HoCOZB~,5,5569967,,,false,3
,HoCOZB~,6,5760126,,,false,3
,HoCOZB~,7,5618432,,,false,3
,HoCOZB~,8,5591686,,,false,3
,HoCOZB~,9,5568850,,,false,3
,H?BMXwz,0,5752094,,,false,3
,H?BMXwz,1,5715850,,,false,3
,H?BMXwz,2,5734985,,,false,3
,H?BMXwz,3,5726046,,,false,3
,H?BMXwz,4,5719971,,,false,3
,H?BMXwz,5,5827166,,,false,3
,H?BMXwz,6,5845532,,,false,3
,H?BMXwz,7,5724719,,,false,3
,H?BMXwz,8,5704817,,,false,3
,H?BMXwz,9,5724579,,,false,3
,H?CWvNf,0,5735683,,,false,3
,H?CWvNf,1,5726465,,,false,3
,H?CWvNf,2,5723881,,,false,3
,H?CWvNf,3,5707820,,,false,3
,H?CWvNf,4,5678350,,,false,3
,H?CWvNf,5,5918439,,,false,3
,H?CWvNf,6,5722415,,,false,3
,H?CWvNf,7,5743924,,,false,3
,H?CWvNf,8,5754609,,,false,3
,H?CWvNf,9,5741619,,,false,3
,H@GZQmN,0,5779120,,,false,4
,H@GZQmN,1,5774720,,,false,4
,H@GZQmN,2,5750209,,,false,4
,H@GZQmN,3,5748952,,,false,4
,H@GZQmN,4,5881707,,,false,4
,H@GZQmN,5,5870393,,,false,4
,H@GZQmN,6,5764594,,,false,4
,H@GZQmN,7,5755795,,,false,4
,H@GZQmN,8,5777514,,,false,4
,H@GZQmN,9,5750907,,,false,4
,H@GZIuN,0,5791341,,,false,4
,H@GZIuN,1,5720809,,,false,4
,H@GZIuN,2,5732820,,,false,4
,H@GZIuN,3,5736521,,,false,4
,H@GZIuN,4,5930311,,,false,4
,H@GZIuN,5,5741130,,,false,4
,H@GZIuN,6,5769623,,,false,4
,H@GZIuN,7,5733100,,,false,4
,H@GZIuN,8,5780307,,,false,4
,H@GZIuN,9,5757123,,,false,4
,H??Kz^{,0,5857404,,,false,4
,H??Kz^{,1,5866762,,,false,4
,H??Kz^{,2,5874374,,,false,4
,H??Kz^{,3,6001402,,,false,4
,H??Kz^{,4,5870742,,,false,4
,H??Kz^{,5,5862991,,,false,4
,H??Kz^{,6,5848535,,,false,4
,H??Kz^{,7,5876748,,,false,4
,H??Kz^{,8,5883801,,,false,4
,H??Kz^{,9,5862153,,,false,4
,H??E\lz,0,5669480,,,false,2
,H??E\lz,1,5651114,,,false,2
,H??E\lz,2,5685333,,,false,2
,H??E\lz,3,5845881,,,false,2
,H??E\lz,4,5682889,,,false,2
,H??E\lz,5,5654326,,,false,2
,H??E\lz,6,5654256,,,false,2
,H??E\lz,7,5636868,,,false,2
,H??E\lz,8,5665011,,,false,2
,H??E\lz,9,5677791,,,false,2
,H?CWtHb,0,5053754,,,false,3
,H?CWtHb,1,5081270,,,false,3
,H?CWtHb,2,5130643,,,false,3
,H?CWtHb,3,5173520,,,false,3
,H?CWtHb,4,5074425,,,false,3
,H?CWtHb,5,5084063,,,false,3
,H?CWtHb,6,5089859,,,false,3
,H?CWtHb,7,5047540,,,false,3
,H?CWtHb,8,5055221,,,false,3
,H?CWtHb,9,5072610,,,false,3
,HoStIv{,0,6195892,,,false,4
,HoStIv{,1,6189188,,,false,4
,HoStIv{,2,6168167,,,false,4
,HoStIv{,3,6277458,,,false,4
,HoStIv{,4,6118376,,,false,4
,HoStIv{,5,6148753,,,false,4
,HoStIv{,6,6130736,,,false,4
,HoStIv{,7,6139955,,,false,4
,HoStIv{,8,6137930,,,false,4
,HoStIv{,9,6129899,,,false,4
,HhEJG~w,0,5802936,,,false,4
,HhEJG~w,1,5830589,,,false,4
,HhEJG~w,2,5963763,,,false,4
,HhEJG~w,3,5854473,,,false,4
,HhEJG~w,4,5811525,,,false,4
,HhEJG~w,5,5813759,,,false,4
,HhEJG~w,6,5817739,,,false,4
,HhEJG~w,7,5794205,,,false,4
,HhEJG~w,8,5798814,,,false,4
,HhEJG~w,9,5815365,,,false,4
,H?hSzZr,0,6146100,,,false,3
,H?hSzZr,1,6316006,,,false,3
,H?hSzZr,2,6092607,,,false,3
,H?hSzZr,3,6131924,,,false,3
,H?hSzZr,4,6132552,,,false,3
,H?hSzZr,5,6123823,,,false,3
,H?hSzZr,6,6131923,,,false,3
,H?hSzZr,7,6166003,,,false,3
,H?hSzZr,8,6125359,,,false,3
,H?hSzZr,9,6151966,,,false,3
,HEhcqkn,0,6142887,,,false,4
,HEhcqkn,1,5980174,,,false,4
,HEhcqkn,2,5984014,,,false,4
,HEhcqkn,3,5983316,,,false,4
,HEhcqkn,4,5971514,,,false,4
,HEhcqkn,5,5974378,,,false,4
,HEhcqkn,6,5965300,,,false,4
,HEhcqkn,7,5975635,,,false,4
,HEhcqkn,8,5988694,,,false,4
,HEhcqkn,9,6182833,,,false,4
,H}nna{~,0,7080551,,,false,6
,H}nna{~,1,7074963,,,false,6
,H}nna{~,2,7079503,,,false,6
,H}nna{~,3,7114630,,,false,6
,H}nna{~,4,7047588,,,false,6
,H}nna{~,5,7071611,,,false,6
,H}nna{~,6,7121403,,,false,6
,H}nna{~,7,7272454,,,false,6
,H}nna{~,8,7089419,,,false,6
,H}nna{~,9,7110718,,,false,6
,HQYPOnN,0,5950913,,,false,4
,HQYPOnN,1,5974936,,,false,4
,HQYPOnN,2,5982549,,,false,4
,HQYPOnN,3,6016697,,,false,4
,HQYPOnN,4,6012508,,,false,4
,HQYPOnN,5,6064813,,,false,4
,HQYPOnN,6,6119842,,,false,4
,HQYPOnN,7,6067327,,,false,4
,HQYPOnN,8,6046307,,,false,4
,HQYPOnN,9,6060903,,,false,4
,H??P?VD,0,4463866,,,false,1
,H??P?VD,1,4458279,,,false,1
,H??P?VD,2,4430276,,,false,1
,H??P?VD,3,4437259,,,false,1
,H??P?VD,4,4458977,,,false,1
,H??P?VD,5,4458908,,,false,1
,H??P?VD,6,4490752,,,false,1
,H??P?VD,7,4491450,,,false,1
,H??P?VD,8,4501227,,,false,1
,H??P?VD,9,4471827,,,false,1
,HoDPX`H,0,5249011,,,false,4
,HoDPX`H,1,5220798,,,false,4
,HoDPX`H,2,5211300,,,false,4
,HoDPX`H,3,5211091,,,false,4
,HoDPX`H,4,5227921,,,false,4
,HoDPX`H,5,5230226,,,false,4
,HoDPX`H,6,5226664,,,false,4
,HoDPX`H,7,5242446,,,false,4
,HoDPX`H,8,5274500,,,false,4
,HoDPX`H,9,5263536,,,false,4
,H{Sz]}~,0,7252342,,,false,6
,H{Sz]}~,1,7188863,,,false,6
,H{Sz]}~,2,7188933,,,false,6
,H{Sz]}~,3,7170147,,,false,6
,H{Sz]}~,4,7202760,,,false,6
,H{Sz]}~,5,7210930,,,false,6
,H{Sz]}~,6,7261420,,,false,6
,H{Sz]}~,7,7273642,,,false,6
,H{Sz]}~,8,7226224,,,false,6
,H{Sz]}~,9,7205064,,,false,6
,HoDPXPP,0,5270869,,,false,3
,HoDPXPP,1,5259416,,,false,3
,HoDPXPP,2,5253620,,,false,3
,HoDPXPP,3,5245938,,,false,3
,HoDPXPP,4,5297825,,,false,3
,HoDPXPP,5,5322686,,,false,3
,HoDPXPP,6,5286092,,,false,3
,HoDPXPP,7,5326387,,,false,3
,HoDPXPP,8,5254249,,,false,3
,HoDPXPP,9,5246078,,,false,3
,H~?G[|m,0,6188769,,,false,4
,H~?G[|m,1,6202944,,,false,4
,H~?G[|m,2,6162022,,,false,4
,H~?G[|m,3,6174243,,,false,4
,H~?G[|m,4,6235488,,,false,4
,H~?G[|m,5,6236326,,,false,4
,H~?G[|m,6,6229272,,,false,4
,H~?G[|m,7,6178294,,,false,4
,H~?G[|m,8,6207764,,,false,4
,H~?G[|m,9,6205040,,,false,4
,H{dbG{^,0,6186673,,,false,4
,H{dbG{^,1,6368243,,,false,4
,H{dbG{^,2,6313632,,,false,4
,H{dbG{^,3,6363913,,,false,4
,H{dbG{^,4,6359233,,,false,4
,H{dbG{^,5,6322711,,,false,4
,H{dbG{^,6,6326970,,,false,4
,H{dbG{^,7,6328436,,,false,4
,H{dbG{^,8,6322012,,,false,4
,H{dbG{^,9,6394569,,,false,4
,Hd^@|ln,0,6868744,,,false,5
,Hd^@|ln,1,6891439,,,false,5
,Hd^@|ln,2,6919303,,,false,5
,Hd^@|ln,3,6927892,,,false,5
,Hd^@|ln,4,6895559,,,false,5
,Hd^@|ln,5,6897375,,,false,5
,Hd^@|ln,6,6889135,,,false,5
,Hd^@|ln,7,6914275,,,false,5
,Hd^@|ln,8,6922865,,,false,5
,Hd^@|ln,9,6942558,,,false,5
,H{S}tln,0,7037393,,,false,6
,H{S}tln,1,7033413,,,false,6
,H{S}tln,2,7008202,,,false,6
,H{S}tln,3,7038719,,,false,6
,H{S}tln,4,6999752,,,false,6
,H{S}tln,5,6987461,,,false,6
,H{S}tln,6,6987252,,,false,6
,H{S}tln,7,7047798,,,false,6
,H{S}tln,8,7042840,,,false,6
,H{S}tln,9,7052267,,,false,6
,H}lah[^,0,6798979,,,false,5
,H}lah[^,1,6772023,,,false,5
,H}lah[^,2,6738572,,,false,5
,H}lah[^,3,6729703,,,false,5
,H}lah[^,4,6761059,,,false,5
,H}lah[^,5,6830404,,,false,5
,H}lah[^,6,6807848,,,false,5
,H}lah[^,7,6847444,,,false,5
,H}lah[^,8,6819301,,,false,5
,H}lah[^,9,6781800,,,false,5
,H`zPpnN,0,6689828,,,false,4
,H`zPpnN,1,6653235,,,false,4
,H`zPpnN,2,6650162,,,false,4
,H`zPpnN,3,6754706,,,false,4
,H`zPpnN,4,6734035,,,false,4
,H`zPpnN,5,6708057,,,false,4
,H`zPpnN,6,6713574,,,false,4
,H`zPpnN,7,6706241,,,false,4
,H`zPpnN,8,6702261,,,false,4
,H`zPpnN,9,6684942,,,false,4
,HdYr]o~,0,6822375,,,false,5
,HdYr]o~,1,6890953,,,false,5
,HdYr]o~,2,6900589,,,false,5
,HdYr]o~,3,6887601,,,false,5
,HdYr]o~,4,6877544,,,false,5
,HdYr]o~,5,6835992,,,false,5
,HdYr]o~,6,6833898,,,false,5
,HdYr]o~,7,6827263,,,false,5
,HdYr]o~,8,6836272,,,false,5
,HdYr]o~,9,6951569,,,false,5
,HLnBj]^,0,7013441,,,false,5
,HLnBj]^,1,6968608,,,false,5
,HLnBj]^,2,6974683,,,false,5
,HLnBj]^,3,7018958,,,false,5
,HLnBj]^,4,6952895,,,false,5
,HLnBj]^,5,6988232,,,false,5
,HLnBj]^,6,6967281,,,false,5
,HLnBj]^,7,7028736,,,false,5
,HLnBj]^,8,7014698,,,false,5
,HLnBj]^,9,6982993,,,false,5
,H[UY|ln,0,6977337,,,false,5
,H[UY|ln,1,6971890,,,false,5
,H[UY|ln,2,6978035,,,false,5
,H[UY|ln,3,6982225,,,false,5
,H[UY|ln,4,6981597,,,false,5
,H[UY|ln,5,7034740,,,false,5
,H[UY|ln,6,6977966,,,false,5
,H[UY|ln,7,6997240,,,false,5
,H[UY|ln,8,7002617,,,false,5
,H[UY|ln,9,7008623,,,false,5
,HRiiqnN,0,6687107,,,false,4
,HRiiqnN,1,6727750,,,false,4
,HRiiqnN,2,6684732,,,false,4
,HRiiqnN,3,6728169,,,false,4
,HRiiqnN,4,6701283,,,false,4
,HRiiqnN,5,6672092,,,false,4
,HRiiqnN,6,6688852,,,false,4
,HRiiqnN,7,6675305,,,false,4
,HRiiqnN,8,6695766,,,false,4
,HRiiqnN,9,6694090,,,false,4
,Htlai[~,0,6816439,,,false,5
,Htlai[~,1,6893117,,,false,5
,Htlai[~,2,6885017,,,false,5
,Htlai[~,3,6815532,,,false,5
,Htlai[~,4,6826426,,,false,5
,Htlai[~,5,6810992,,,false,5
,Htlai[~,6,6809595,,,false,5
,Htlai[~,7,6822166,,,false,5
,Htlai[~,8,6889765,,,false,5
,Htlai[~,9,6908969,,,false,5
,HwDX}yz,0,6803590,,,false,5
,HwDX}yz,1,6777891,,,false,5
,HwDX}yz,2,6789973,,,false,5
,HwDX}yz,3,6745069,,,false,5
,HwDX}yz,4,6776704,,,false,5
,HwDX}yz,5,6744301,,,false,5
,HwDX}yz,6,6759106,,,false,5
,HwDX}yz,7,6786341,,,false,5
,HwDX}yz,8,6814763,,,false,5
,HwDX}yz,9,6776704,,,false,5
,H`o}Pnr,0,6497507,,,false,4
,H`o}Pnr,1,6460355,,,false,4
,H`o}Pnr,2,6484657,,,false,4
,H`o}Pnr,3,6454559,,,false,4
,H`o}Pnr,4,6451277,,,false,4
,H`o}Pnr,5,6519714,,,false,4
,H`o}Pnr,6,6526418,,,false,4
,H`o}Pnr,7,6497228,,,false,4
,H`o}Pnr,8,6477046,,,false,4
,H`o}Pnr,9,6488847,,,false,4
,H`opc\N,0,6035554,,,false,3
,H`opc\N,1,6032831,,,false,3
,H`opc\N,2,6027244,,,false,3
,H`opc\N,3,6026266,,,false,3
,H`opc\N,4,5935621,,,false,3
,H`opc\N,5,5884503,,,false,3
,H`opc\N,6,5813621,,,false,3
,H`opc\N,7,5769417,,,false,3
,H`opc\N,8,5752098,,,false,3
,H`opc\N,9,5739527,,,false,3
,HThQQK~,0,5937996,,,false,3
,HThQQK~,1,5932479,,,false,3
,HThQQK~,2,5945119,,,false,3
,HThQQK~,3,5958248,,,false,3
,HThQQK~,4,5956642,,,false,3
,HThQQK~,5,5958388,,,false,3
,HThQQK~,6,5964184,,,false,3
,HThQQK~,7,5965650,,,false,3
,HThQQK~,8,5961181,,,false,3
,HThQQK~,9,5965581,,,false,3
,H_hP_^o,0,5324853,,,false,3
,H_hP_^o,1,5341473,,,false,3
,H_hP_^o,2,5306696,,,false,3
,H_hP_^o,3,5349364,,,false,3
,H_hP_^o,4,5341053,,,false,3
,H_hP_^o,5,5329671,,,false,3
,H_hP_^o,6,5313050,,,false,3
,H_hP_^o,7,5332254,,,false,3
,H_hP_^o,8,5303553,,,false,3
,H_hP_^o,9,5317310,,,false,3
,HC`PX`H,0,5069888,,,false,3
,HC`PX`H,1,5088115,,,false,3
,HC`PX`H,2,5043700,,,false,3
,HC`PX`H,3,5048728,,,false,3
,HC`PX`H,4,5038812,,,false,3
,HC`PX`H,5,5038812,,,false,3
,HC`PX`H,6,5007735,,,false,3
,HC`PX`H,7,4998447,,,false,3
,HC`PX`H,8,4986436,,,false,3
,HC`PX`H,9,5003406,,,false,3
,HC[QHNb,0,5498390,,,false,4
,HC[QHNb,1,5493293,,,false,4
,HC[QHNb,2,5502510,,,false,4
,HC[QHNb,3,5513405,,,false,4
,HC[QHNb,4,5524578,,,false,4
,HC[QHNb,5,5489451,,,false,4
,HC[QHNb,6,5475275,,,false,4
,HC[QHNb,7,5490219,,,false,4
,HC[QHNb,8,5523670,,,false,4
,HC[QHNb,9,5505723,,,false,4
,HiGgomN,0,5568713,,,false,4
,HiGgomN,1,5561590,,,false,4
,HiGgomN,2,5575906,,,false,4
,HiGgomN,3,5589314,,,false,4
,HiGgomN,4,5603560,,,false,4
,HiGgomN,5,5580096,,,false,4
,HiGgomN,6,5595669,,,false,4
,HiGgomN,7,5611172,,,false,4
,HiGgomN,8,5586800,,,false,4
,HiGgomN,9,5617666,,,false,4
,HwCx}zY,0,6342685,,,false,5
,HwCx}zY,1,6337238,,,false,5
,HwCx}zY,2,6352531,,,false,5
,HwCx}zY,3,6374668,,,false,5
,HwCx}zY,4,6347433,,,false,5
,HwCx}zY,5,6333257,,,false,5
,HwCx}zY,6,6353858,,,false,5
,HwCx}zY,7,6374459,,,false,5
,HwCx}zY,8,6335562,,,false,5
,HwCx}zY,9,6338704,,,false,5
,HxGW}nN,0,6297781,,,false,4
,HxGW}nN,1,6301902,,,false,4
,HxGW}nN,2,6273130,,,false,4
,HxGW}nN,3,6311679,,,false,4
,HxGW}nN,4,6283047,,,false,4
,HxGW}nN,5,6262375,,,false,4
,HxGW}nN,6,6310561,,,false,4
,HxGW}nN,7,6278857,,,false,4
,HxGW}nN,8,6294918,,,false,4
,HxGW}nN,9,6332977,,,false,4
,HwDX}yy,0,6348272,,,false,5
,HwDX}yy,1,6398272,,,false,5
,HwDX}yy,2,6378091,,,false,5
,HwDX}yy,3,6399252,,,false,5
,HwDX}yy,4,6391501,,,false,5
,HwDX}yy,5,6356234,,,false,5
,HwDX}yy,6,6376695,,,false,5
,HwDX}yy,7,6369502,,,false,5
,HwDX}yy,8,6363008,,,false,5
,HwDX}yy,9,6381724,,,false,5
,H`o~f~~,0,6922031,,,false,5
,H`o~f~~,1,6902896,,,false,5
,H`o~f~~,2,6906038,,,false,5
,H`o~f~~,3,6919447,,,false,5
,H`o~f~~,4,6940257,,,false,5
,H`o~f~~,5,6879152,,,false,5
,H`o~f~~,6,6880340,,,false,5
,H`o~f~~,7,6904502,,,false,5
,H`o~f~~,8,6929712,,,false,5
,H`o~f~~,9,6894725,,,false,5
,Hs`yppb,0,5999382,,,false,4
,Hs`yppb,1,6021519,,,false,4
,Hs`yppb,2,5980666,,,false,4
,Hs`yppb,3,6031855,,,false,4
,Hs`yppb,4,6011463,,,false,4
,Hs`yppb,5,6006295,,,false,4
,Hs`yppb,6,6002873,,,false,4
,Hs`yppb,7,6017817,,,false,4
,Hs`yppb,8,6014675,,,false,4
,Hs`yppb,9,6001896,,,false,4
,H}l?XKV,0,5880384,,,false,4
,H}l?XKV,1,5858317,,,false,4
,H}l?XKV,2,5869002,,,false,4
,H}l?XKV,3,5839880,,,false,4
,H}l?XKV,4,5833456,,,false,4
,H}l?XKV,5,5854755,,,false,4
,H}l?XKV,6,5879756,,,false,4
,H}l?XKV,7,5889392,,,false,4
,H}l?XKV,8,5893443,,,false,4
,H}l?XKV,9,5851124,,,false,4
,H_?{aOb,0,4893349,,,false,3
,H_?{aOb,1,4894815,,,false,3
,H_?{aOb,2,4886086,,,false,3
,H_?{aOb,3,4899005,,,false,3
,H_?{aOb,4,4906407,,,false,3
,H_?{aOb,5,4910807,,,false,3
,H_?{aOb,6,4925822,,,false,3
,H_?{aOb,7,4898865,,,false,3
,H_?{aOb,8,4933434,,,false,3
,H_?{aOb,9,4957177,,,false,3
,H`?M@cN,0,4771488,,,false,2
,H`?M@cN,1,4796698,,,false,2
,H`?M@cN,2,4816670,,,false,2
,H`?M@cN,3,4836224,,,false,2
,H`?M@cN,4,4846070,,,false,2
,H`?M@cN,5,4877426,,,false,2
,H`?M@cN,6,4879661,,,false,2
,H`?M@cN,7,4919886,,,false,2
,H`?M@cN,8,4881476,,,false,2
,H`?M@cN,9,4904242,,,false,2
,H?So]Mj,0,6016980,,,false,4
,H?So]Mj,1,6015024,,,false,4
,H?So]Mj,2,6012092,,,false,4
,H?So]Mj,3,6004479,,,false,4
,H?So]Mj,4,5975778,,,false,4
,H?So]Mj,5,5973612,,,false,4
,H?So]Mj,6,5958668,,,false,4
,H?So]Mj,7,5946099,,,false,4
,H?So]Mj,8,5958878,,,false,4
,H?So]Mj,9,5941140,,,false,4
,H?KLIns,0,6186537,,,false,4
,H?KLIns,1,6152738,,,false,4
,H?KLIns,2,6138282,,,false,4
,H?KLIns,3,6147291,,,false,4
,H?KLIns,4,6138561,,,false,4
,H?KLIns,5,6140446,,,false,4
,H?KLIns,6,6144916,,,false,4
,H?KLIns,7,6093588,,,false,4
,H?KLIns,8,6108952,,,false,4
,H?KLIns,9,6157765,,,false,4
,H?qipno,0,5995122,,,false,3
,H?qipno,1,6002244,,,false,3
,H?qipno,2,6007133,,,false,3
,H?qipno,3,5977943,,,false,3
,H?qipno,4,5939115,,,false,3
,H?qipno,5,5954827,,,false,3
,H?qipno,6,5974032,,,false,3
,H?qipno,7,5946866,,,false,3
,H?qipno,8,6043238,,,false,3
,H?qipno,9,6003083,,,false,3
,H?qa`_N,0,5414311,,,false,3
,H?qa`_N,1,5380092,,,false,3
,H?qa`_N,2,5397760,,,false,3
,H?qa`_N,3,5400135,,,false,3
,H?qa`_N,4,5383305,,,false,3
,H?qa`_N,5,5355161,,,false,3
,H?qa`_N,6,5334980,,,false,3
,H?qa`_N,7,5348667,,,false,3
,H?qa`_N,8,5432538,,,false,3
,H?qa`_N,9,5418920,,,false,3
,HAGOSLe,0,5197197,,,false,2
,HAGOSLe,1,5190423,,,false,2
,HAGOSLe,2,5180366,,,false,2
,HAGOSLe,3,5180297,,,false,2
,HAGOSLe,4,5168285,,,false,2
,HAGOSLe,5,5161372,,,false,2
,HAGOSLe,6,5179040,,,false,2
,HAGOSLe,7,5153340,,,false,2
,HAGOSLe,8,5202225,,,false,2
,HAGOSLe,9,5244474,,,false,2
,H?COZIa,0,4930640,,,false,2
,H?COZIa,1,4882035,,,false,2
,H?COZIa,2,4900052,,,false,2
,H?COZIa,3,4894955,,,false,2
,H?COZIa,4,4891323,,,false,2
,H?COZIa,5,4900053,,,false,2
,H?COZIa,6,4859898,,,false,2
,H?COZIa,7,4857383,,,false,2
,H?COZIa,8,4873585,,,false,2
,H?COZIa,9,4922260,,,false,2
,H{dX`TF,0,6350996,,,false,4
,H{dX`TF,1,6288984,,,false,4
,H{dX`TF,2,6255882,,,false,4
,H{dX`TF,3,6258955,,,false,4
,H{dX`TF,4,6271245,,,false,4
,H{dX`TF,5,6272852,,,false,4
,H{dX`TF,6,6266567,,,false,4
,H{dX`TF,7,6234164,,,false,4
,H{dX`TF,8,6271735,,,false,4
,H{dX`TF,9,6308189,,,false,4
,H?qipn~,0,6752054,,,false,3
,H?qipn~,1,6792209,,,false,3
,H?qipn~,2,6758270,,,false,3
,H?qipn~,3,6725587,,,false,3
,H?qipn~,4,6756593,,,false,3
,H?qipn~,5,6710922,,,false,3
,H?qipn~,6,6718883,,,false,3
,H?qipn~,7,6747585,,,false,3
,H?qipn~,8,6745560,,,false,3
,H?qipn~,9,6738367,,,false,3
,H?CGHFO,0,4303948,,,false,1
,H?CGHFO,1,4292425,,,false,1
,H?CGHFO,2,4294800,,,false,1
,H?CGHFO,3,4281182,,,false,1
,H?CGHFO,4,4260023,,,false,1
,H?CGHFO,5,4286769,,,false,1
,H?CGHFO,6,4259255,,,false,1
,H?CGHFO,7,4291378,,,false,1
,H?CGHFO,8,4311700,,,false,1
,H?CGHFO,9,4310722,,,false,1
,H?O_cC[,0,4317496,,,false,1
,H?O_cC[,1,4288166,,,false,1
,H?O_cC[,2,4295987,,,false,1
,H?O_cC[,3,4295429,,,false,1
,H?O_cC[,4,4320569,,,false,1
,H?O_cC[,5,4315541,,,false,1
,H?O_cC[,6,4301504,,,false,1
,H?O_cC[,7,4295429,,,false,1
,H?O_cC[,8,4289981,,,false,1
,H?O_cC[,9,4286070,,,false,1
,H?o@Gho,0,4595366,,,false,2
,H?o@Gho,1,4589430,,,false,2
,H?o@Gho,2,4556259,,,false,2
,H?o@Gho,3,4569178,,,false,2
,H?o@Gho,4,4577349,,,false,2
,H?o@Gho,5,4585590,,,false,2
,H?o@Gho,6,4567363,,,false,2
,H?o@Gho,7,4556538,,,false,2
,H?o@Gho,8,4559471,,,false,2
,H?o@Gho,9,4536356,,,false,2
,H??OPNW,0,4752284,,,false,2
,H??OPNW,1,4741948,,,false,2
,H??OPNW,2,4798653,,,false,2
,H??OPNW,3,4791041,,,false,2
,H??OPNW,4,4789366,,,false,2
,H??OPNW,5,4783639,,,false,2
,H??OPNW,6,4751585,,,false,2
,H??OPNW,7,4765691,,,false,2
,H??OPNW,8,4754588,,,false,2
,H??OPNW,9,4739853,,,false,2
,H??M?kw,0,4642504,,,false,2
,H??M?kw,1,4639083,,,false,2
,H??M?kw,2,4646904,,,false,2
,H??M?kw,3,4645857,,,false,2
,H??M?kw,4,4668205,,,false,2
,H??M?kw,5,4664922,,,false,2
,H??M?kw,6,4666877,,,false,2
,H??M?kw,7,4695509,,,false,2
,H??M?kw,8,4664084,,,false,2
,H??M?kw,9,4636640,,,false,2
,H`lu^~~,0,7504659,,,false,5
,H`lu^~~,1,7507312,,,false,5
,H`lu^~~,2,7457520,,,false,5
,H`lu^~~,3,7540973,,,false,5
,H`lu^~~,4,7552215,,,false,5
,H`lu^~~,5,7503961,,,false,5
,H`lu^~~,6,7519812,,,false,5
,H`lu^~~,7,7521977,,,false,5
,H`lu^~~,8,7567230,,,false,5
,H`lu^~~,9,7535456,,,false,5
,H??WvJa,0,5378767,,,false,2
,H??WvJa,1,5544693,,,false,2
,H??WvJa,2,5513547,,,false,2
,H??WvJa,3,5526676,,,false,2
,H??WvJa,4,5503002,,,false,2
,H??WvJa,5,5492248,,,false,2
,H??WvJa,6,5467457,,,false,2
,H??WvJa,7,5474510,,,false,2
,H??WvJa,8,5491479,,,false,2
,H??WvJa,9,5482121,,,false,2
,HwCWqGb,0,5375834,,,false,3
,HwCWqGb,1,5416478,,,false,3
,HwCWqGb,2,5382747,,,false,3
,HwCWqGb,3,5376462,,,false,3
,HwCWqGb,4,5352160,,,false,3
,HwCWqGb,5,5315497,,,false,3
,HwCWqGb,6,5315427,,,false,3
,HwCWqGb,7,5367943,,,false,3
,HwCWqGb,8,5321572,,,false,3
,HwCWqGb,9,5315847,,,false,3
,H???F~},0,6032694,,,false,2
,H???F~},1,6111886,,,false,2
,H???F~},2,6016981,,,false,2
,H???F~},3,6040446,,,false,2
,H???F~},4,5989117,,,false,2
,H???F~},5,6020822,,,false,2
,H???F~},6,6009090,,,false,2
,H???F~},7,6001478,,,false,2
,H???F~},8,5980877,,,false,2
,H???F~},9,6014118,,,false,2
,HoSsaKj,0,5998196,,,false,4
,HoSsaKj,1,5937021,,,false,4
,HoSsaKj,2,5926127,,,false,4
,HoSsaKj,3,5864603,,,false,4
,HoSsaKj,4,5870818,,,false,4
,HoSsaKj,5,5872215,,,false,4
,HoSsaKj,6,5876056,,,false,4
,HoSsaKj,7,5893445,,,false,4
,HoSsaKj,8,5898962,,,false,4
,HoSsaKj,9,5970263,,,false,4
,H?@HeYr,0,5466688,,,false,2
,H?@HeYr,1,5459007,,,false,2
,H?@HeYr,2,5417735,,,false,2
,H?@HeYr,3,5422623,,,false,2
,H?@HeYr,4,5409843,,,false,2
,H?@HeYr,5,5472694,,,false,2
,H?@HeYr,6,5412637,,,false,2
,H?@HeYr,7,5420598,,,false,2
,H?@HeYr,8,5418293,,,false,2
,H?@HeYr,9,5450138,,,false,2
,HHqGhdN,0,6131579,,,false,3
,HHqGhdN,1,6099735,,,false,3
,HHqGhdN,2,6059091,,,false,3
,HHqGhdN,3,6060278,,,false,3
,HHqGhdN,4,6026967,,,false,3
,HHqGhdN,5,6048337,,,false,3
,HHqGhdN,6,6070404,,,false,3
,HHqGhdN,7,6055529,,,false,3
,HHqGhdN,8,6082975,,,false,3
,HHqGhdN,9,6120476,,,false,3
,HpO]@cN,0,5844072,,,false,4
,HpO]@cN,1,5828779,,,false,4
,HpO]@cN,2,5824448,,,false,4
,HpO]@cN,3,5810901,,,false,4
,HpO]@cN,4,5814392,,,false,4
,HpO]@cN,5,5788414,,,false,4
,HpO]@cN,6,5819281,,,false,4
,HpO]@cN,7,5817605,,,false,4
,HpO]@cN,8,5817954,,,false,4
,HpO]@cN,9,5839324,,,false,4
,HoCQPJ~,0,6130113,,,false,3
,HoCQPJ~,1,6155882,,,false,3
,HoCQPJ~,2,6084372,,,false,3
,HoCQPJ~,3,6092053,,,false,3
,HoCQPJ~,4,6050851,,,false,3
,HoCQPJ~,5,6075851,,,false,3
,HoCQPJ~,6,6103087,,,false,3
,HoCQPJ~,7,6143451,,,false,3
,HoCQPJ~,8,6117403,,,false,3
,HoCQPJ~,9,6148060,,,false,3
,HCO__SF,0,4283139,,,false,2
,HCO__SF,1,4310304,,,false,2
,HCO__SF,2,4269730,,,false,2
,HCO__SF,3,4271476,,,false,2
,HCO__SF,4,4291869,,,false,2
,HCO__SF,5,4289983,,,false,2
,HCO__SF,6,4292218,,,false,2
,HCO__SF,7,4298293,,,false,2
,HCO__SF,8,4339285,,,false,2
,HCO__SF,9,4339495,,,false,2
,Hr?GW^~,0,6147223,,,false,4
,Hr?GW^~,1,6131021,,,false,4
,Hr?GW^~,2,6065935,,,false,4
,Hr?GW^~,3,6080181,,,false,4
,Hr?GW^~,4,6069916,,,false,4
,Hr?GW^~,5,6064748,,,false,4
,Hr?GW^~,6,6068170,,,false,4
,Hr?GW^~,7,6100294,,,false,4
,Hr?GW^~,8,6152530,,,false,4
,Hr?GW^~,9,6132347,,,false,4
,HWCW~~~,0,6907367,,,false,5
,HWCW~~~,1,6864838,,,false,5
,HWCW~~~,2,6874265,,,false,5
,HWCW~~~,3,6854433,,,false,5
,HWCW~~~,4,6874894,,,false,5
,HWCW~~~,5,6875872,,,false,5
,HWCW~~~,6,6963095,,,false,5
,HWCW~~~,7,6974687,,,false,5
,HWCW~~~,8,6876082,,,false,5
,HWCW~~~,9,6861905,,,false,5
,H@?GjEL,0,5399228,,,false,2
,H@?GjEL,1,5370736,,,false,2
,H@?GjEL,2,5365080,,,false,2
,H@?GjEL,3,5366407,,,false,2
,H@?GjEL,4,5369339,,,false,2
,H@?GjEL,5,5428280,,,false,2
,H@?GjEL,6,5428978,,,false,2
,H@?GjEL,7,5402720,,,false,2
,H@?GjEL,8,5358236,,,false,2
,H@?GjEL,9,5376602,,,false,2
,H@?OZEL,0,5410193,,,false,3
,H@?OZEL,1,5420388,,,false,3
,H@?OZEL,2,5414871,,,false,3
,H@?OZEL,3,5396575,,,false,3
,H@?OZEL,4,5390429,,,false,3
,H@?OZEL,5,5454817,,,false,3
,H@?OZEL,6,5437777,,,false,3
,H@?OZEL,7,5441758,,,false,3
,H@?OZEL,8,5400625,,,false,3
,H@?OZEL,9,5433727,,,false,3
,H_Bbowx,0,5856852,,,false,3
,H_Bbowx,1,5839882,,,false,3
,H_Bbowx,2,5870539,,,false,3
,H_Bbowx,3,5867396,,,false,3
,H_Bbowx,4,5852801,,,false,3
,H_Bbowx,5,5876056,,,false,3
,H_Bbowx,6,5854687,,,false,3
,H_Bbowx,7,5863346,,,false,3
,H_Bbowx,8,5835552,,,false,3
,H_Bbowx,9,5834574,,,false,3
,H{dbGwZ,0,6195058,,,false,4
,H{dbGwZ,1,6135420,,,false,4
,H{dbGwZ,2,6149247,,,false,4
,H{dbGwZ,3,6153018,,,false,4
,H{dbGwZ,4,6189402,,,false,4
,H{dbGwZ,5,6200994,,,false,4
,H{dbGwZ,6,6185352,,,false,4
,H{dbGwZ,7,6180254,,,false,4
,H{dbGwZ,8,6170058,,,false,4
,H{dbGwZ,9,6171594,,,false,4
,H{`rOwZ,0,6285774,,,false,4
,H{`rOwZ,1,6235143,,,false,4
,H{`rOwZ,2,6289474,,,false,4
,H{`rOwZ,3,6345412,,,false,4
,H{`rOwZ,4,6275578,,,false,4
,H{`rOwZ,5,6291431,,,false,4
,H{`rOwZ,6,6281934,,,false,4
,H{`rOwZ,7,6282004,,,false,4
,H{`rOwZ,8,6241639,,,false,4
,H{`rOwZ,9,6238986,,,false,4
,H}hPOkN,0,6178928,,,false,4
,H}hPOkN,1,6191987,,,false,4
,H}hPOkN,2,6220689,,,false,4
,H}hPOkN,3,6180465,,,false,4
,H}hPOkN,4,6168593,,,false,4
,H}hPOkN,5,6203649,,,false,4
,H}hPOkN,6,6156861,,,false,4
,H}hPOkN,7,6127111,,,false,4
,H}hPOkN,8,6135422,,,false,4
,H}hPOkN,9,6166359,,,false,4
,H|pGpKV,0,6269224,,,false,4
,H|pGpKV,1,6289476,,,false,4
,H|pGpKV,2,6284658,,,false,4
,H|pGpKV,3,6281585,,,false,4
,H|pGpKV,4,6264755,,,false,4
,H|pGpKV,5,6275230,,,false,4
,H|pGpKV,6,6268735,,,false,4
,H|pGpKV,7,6257422,,,false,4
,H|pGpKV,8,6289196,,,false,4
,H|pGpKV,9,6330888,,,false,4
,H|ogqKV,0,6367899,,,false,4
,H|ogqKV,1,6351907,,,false,4
,H|ogqKV,2,6338430,,,false,4
,H|ogqKV,3,6302674,,,false,4
,H|ogqKV,4,6325092,,,false,4
,H|ogqKV,5,6350791,,,false,4
,H|ogqKV,6,6383193,,,false,4
,H|ogqKV,7,6380400,,,false,4
,H|ogqKV,8,6424256,,,false,4
,H|ogqKV,9,6432706,,,false,4
,H}gWqKf,0,6392830,,,false,4
,H}gWqKf,1,6375233,,,false,4
,H}gWqKf,2,6329910,,,false,4
,H}gWqKf,3,6362523,,,false,4
,H}gWqKf,4,6378096,,,false,4
,H}gWqKf,5,6321599,,,false,4
,H}gWqKf,6,6351768,,,false,4
,H}gWqKf,7,6385358,,,false,4
,H}gWqKf,8,6369436,,,false,4
,H}gWqKf,9,6360497,,,false,4
,H{`Xqgj,0,6307214,,,false,4
,H{`Xqgj,1,6318667,,,false,4
,H{`Xqgj,2,6305747,,,false,4
,H{`Xqgj,3,6314965,,,false,4
,H{`Xqgj,4,6298834,,,false,4
,H{`Xqgj,5,6360009,,,false,4
,H{`Xqgj,6,6266082,,,false,4
,H{`Xqgj,7,6205396,,,false,4
,H{`Xqgj,8,6148900,,,false,4
,H{`Xqgj,9,6122712,,,false,4
,H{`XrOV,0,6172015,,,false,4
,H{`XrOV,1,6110421,,,false,4
,H{`XrOV,2,6063283,,,false,4
,H{`XrOV,3,6111049,,,false,4
,H{`XrOV,4,6066985,,,false,4
,H{`XrOV,5,6091286,,,false,4
,H{`XrOV,6,6076202,,,false,4
,H{`XrOV,7,6103926,,,false,4
,H{`XrOV,8,6107278,,,false,4
,H{`XrOV,9,6146177,,,false,4
,H~zUX{~,0,7104091,,,false,6
,H~zUX{~,1,7099482,,,false,6
,H~zUX{~,2,7100950,,,false,6
,H~zUX{~,3,7054859,,,false,6
,H~zUX{~,4,7057932,,,false,6
,H~zUX{~,5,7046339,,,false,6
,H~zUX{~,6,7035794,,,false,6
,H~zUX{~,7,7072317,,,false,6
,H~zUX{~,8,7044384,,,false,6
,H~zUX{~,9,7034607,,,false,6
,HqGO?KJ,0,4487755,,,false,2
,HqGO?KJ,1,4453605,,,false,2
,HqGO?KJ,2,4449625,,,false,2
,HqGO?KJ,3,4442642,,,false,2
,HqGO?KJ,4,4466524,,,false,2
,HqGO?KJ,5,4448019,,,false,2
,HqGO?KJ,6,4443619,,,false,2
,HqGO?KJ,7,4448716,,,false,2
,HqGO?KJ,8,4451370,,,false,2
,HqGO?KJ,9,4461008,,,false,2
,HWEA?WR,0,4562058,,,false,2
,HWEA?WR,1,4536289,,,false,2
,HWEA?WR,2,4547322,,,false,2
,HWEA?WR,3,4544739,,,false,2
,HWEA?WR,4,4557938,,,false,2
,HWEA?WR,5,4531959,,,false,2
,HWEA?WR,6,4528397,,,false,2
,HWEA?WR,7,4542225,,,false,2
,HWEA?WR,8,4534194,,,false,2
,HWEA?WR,9,4565061,,,false,2
,HK`@?WR,0,4550535,,,false,2
,HK`@?WR,1,4555912,,,false,2
,HK`@?WR,2,4583567,,,false,2
,HK`@?WR,3,4548998,,,false,2
,HK`@?WR,4,4551862,,,false,2
,HK`@?WR,5,4542644,,,false,2
,HK`@?WR,6,4568622,,,false,2
,HK`@?WR,7,4526791,,,false,2
,HK`@?WR,8,4550325,,,false,2
,HK`@?WR,9,4529165,,,false,2
,HqG??kM,0,4558217,,,false,2
,HqG??kM,1,4566667,,,false,2
,HqG??kM,2,4545786,,,false,2
,HqG??kM,3,4549697,,,false,2
,HqG??kM,4,4541736,,,false,2
,HqG??kM,5,4563524,,,false,2
,HqG??kM,6,4552630,,,false,2
,HqG??kM,7,4567225,,,false,2
,HqG??kM,8,4533775,,,false,2
,HqG??kM,9,4559264,,,false,2
,H``??se,0,4625746,,,false,2
,H``??se,1,4605774,,,false,2
,H``??se,2,4617575,,,false,2
,H``??se,3,4624489,,,false,2
,H``??se,4,4605424,,,false,2
,H``??se,5,4611081,,,false,2
,H``??se,6,4610383,,,false,2
,H``??se,7,4625257,,,false,2
,H``??se,8,4620020,,,false,2
,H``??se,9,4597464,,,false,2
,HQ`?@KY,0,4636641,,,false,2
,HQ`?@KY,1,4639573,,,false,2
,HQ`?@KY,2,4621906,,,false,2
,HQ`?@KY,3,4640761,,,false,2
,HQ`?@KY,4,4642576,,,false,2
,HQ`?@KY,5,4616180,,,false,2
,HQ`?@KY,6,4617157,,,false,2
,HQ`?@KY,7,4624141,,,false,2
,HQ`?@KY,8,4638596,,,false,2
,HQ`?@KY,9,4627422,,,false,2
,Ho?OQoe,0,4589503,,,false,2
,Ho?OQoe,1,4591597,,,false,2
,Ho?OQoe,2,4610243,,,false,2
,Ho?OQoe,3,4598302,,,false,2
,Ho?OQoe,4,4607869,,,false,2
,Ho?OQoe,5,4604656,,,false,2
,Ho?OQoe,6,4610173,,,false,2
,Ho?OQoe,7,4583985,,,false,2
,Ho?OQoe,8,4582030,,,false,2
,Ho?OQoe,9,4619252,,,false,2
,H?ChUjQ,0,5414663,,,false,3
,H?ChUjQ,1,5426744,,,false,3
,H?ChUjQ,2,5411311,,,false,3
,H?ChUjQ,3,5449580,,,false,3
,H?ChUjQ,4,5418784,,,false,3
,H?ChUjQ,5,5414733,,,false,3
,H?ChUjQ,6,5436731,,,false,3
,H?ChUjQ,7,5393713,,,false,3
,H?ChUjQ,8,5454679,,,false,3
,H?ChUjQ,9,5427932,,,false,3
,H?CKZhn,0,5679265,,,false,3
,H?CKZhn,1,5672351,,,false,3
,H?CKZhn,2,5654823,,,false,3
,H?CKZhn,3,5678217,,,false,3
,H?CKZhn,4,5645605,,,false,3
,H?CKZhn,5,5640158,,,false,3
,H?CKZhn,6,5653566,,,false,3
,H?CKZhn,7,5658035,,,false,3
,H?CKZhn,8,5663413,,,false,3
,H?CKZhn,9,5676402,,,false,3
,H?AHQkz,0,5345457,,,false,3
,H?AHQkz,1,5340010,,,false,3
,H?AHQkz,2,5341198,,,false,3
,H?AHQkz,3,5338474,,,false,3
,H?AHQkz,4,5345248,,,false,3
,H?AHQkz,5,5327790,,,false,3
,H?AHQkz,6,5324926,,,false,3
,H?AHQkz,7,5342804,,,false,3
,H?AHQkz,8,5328627,,,false,3
,H?AHQkz,9,5350206,,,false,3
,HXUQ|zM,0,6543743,,,false,5
,HXUQ|zM,1,6540390,,,false,5
,HXUQ|zM,2,6554148,,,false,5
,HXUQ|zM,3,6595419,,,false,5
,HXUQ|zM,4,6561899,,,false,5
,HXUQ|zM,5,6537738,,,false,5
,HXUQ|zM,6,6535364,,,false,5
,HXUQ|zM,7,6516579,,,false,5
,HXUQ|zM,8,6587321,,,false,5
,HXUQ|zM,9,6518604,,,false,5
,H??F~z{,0,6048130,,,false,3
,H??F~z{,1,6028717,,,false,3
,H??F~z{,2,6162519,,,false,3
,H??F~z{,3,6233191,,,false,3
,H??F~z{,4,6258960,,,false,3
,H??F~z{,5,6303585,,,false,3
,H??F~z{,6,6258052,,,false,3
,H??F~z{,7,6228163,,,false,3
,H??F~z{,8,6229769,,,false,3
,H??F~z{,9,6263220,,,false,3
,HqN~~zz,0,7420792,,,false,6
,HqN~~zz,1,7471352,,,false,6
,HqN~~zz,2,7475821,,,false,6
,HqN~~zz,3,7474634,,,false,6
,HqN~~zz,4,7480500,,,false,6
,HqN~~zz,5,7385316,,,false,6
,HqN~~zz,6,7316110,,,false,6
,HqN~~zz,7,7317297,,,false,6
,HqN~~zz,8,7270369,,,false,6
,HqN~~zz,9,7197392,,,false,6
,H`deX~{,0,6405262,,,false,4
,H`deX~{,1,6568046,,,false,4
,H`deX~{,2,6574750,,,false,4
,H`deX~{,3,6557152,,,false,4
,H`deX~{,4,6559108,,,false,4
,H`deX~{,5,6533129,,,false,4
,H`deX~{,6,6529987,,,false,4
,H`deX~{,7,6550308,,,false,4
,H`deX~{,8,6553032,,,false,4
,H`deX~{,9,6527124,,,false,4
,HoDXvnm,0,6536202,,,false,4
,HoDXvnm,1,6569792,,,false,4
,HoDXvnm,2,6548842,,,false,4
,HoDXvnm,3,6532710,,,false,4
,HoDXvnm,4,6568185,,,false,4
,HoDXvnm,5,6551007,,,false,4
,HoDXvnm,6,6558619,,,false,4
,HoDXvnm,7,6546537,,,false,4
,HoDXvnm,8,6554847,,,false,4
,HoDXvnm,9,6531593,,,false,4
,H}hX~~~,0,7293624,,,false,6
,H}hX~~~,1,7239642,,,false,6
,H}hX~~~,2,7294182,,,false,6
,H}hX~~~,3,7270090,,,false,6
,H}hX~~~,4,7255983,,,false,6
,H}hX~~~,5,7262687,,,false,6
,H}hX~~~,6,7275607,,,false,6
,H}hX~~~,7,7253329,,,false,6
,H}hX~~~,8,7281193,,,false,6
,H}hX~~~,9,7293973,,,false,6
,H????Nx,0,4728823,,,false,1
,H????Nx,1,4697886,,,false,1
,H????Nx,2,4686852,,,false,1
,H????Nx,3,4735667,,,false,1
,H????Nx,4,4714227,,,false,1
,H????Nx,5,4683779,,,false,1
,H????Nx,6,4696210,,,false,1
,H????Nx,7,4709688,,,false,1
,H????Nx,8,4691182,,,false,1
,H????Nx,9,4726658,,,false,1
,H??OONg,0,4173431,,,false,1
,H??OONg,1,4164911,,,false,1
,H??OONg,2,4162467,,,false,1
,H??OONg,3,4168543,,,false,1
,H??OONg,4,4166937,,,false,1
,H??OONg,5,4177412,,,false,1
,H??OONg,6,4178390,,,false,1
,H??OONg,7,4174409,,,false,1
,H??OONg,8,4165470,,,false,1
,H??OONg,9,4168683,,,false,1
,H??OPFK,0,4188096,,,false,1
,H??OPFK,1,4180275,,,false,1
,H??OPFK,2,4188585,,,false,1
,H??OPFK,3,4188445,,,false,1
,H??OPFK,4,4175038,,,false,1
,H??OPFK,5,4205136,,,false,1
,H??OPFK,6,4171197,,,false,1
,H??OPFK,7,4183418,,,false,1
,H??OPFK,8,4182649,,,false,1
,H??OPFK,9,4181044,,,false,1
,H??@OjK,0,4203111,,,false,1
,H??@OjK,1,4178180,,,false,1
,H??@OjK,2,4184117,,,false,1
,H??@OjK,3,4168334,,,false,1
,H??@OjK,4,4200318,,,false,1
,H??@OjK,5,4199689,,,false,1
,H??@OjK,6,4173501,,,false,1
,H??@OjK,7,4185234,,,false,1
,H??@OjK,8,4178111,,,false,1
,H??@OjK,9,4177692,,,false,1
,H??OZAH,0,4161350,,,false,1
,H??OZAH,1,4143123,,,false,1
,H??OZAH,2,4146685,,,false,1
,H??OZAH,3,4150735,,,false,1
,H??OZAH,4,4162607,,,false,1
,H??OZAH,5,4153599,,,false,1
,H??OZAH,6,4146545,,,false,1
,H??OZAH,7,4154786,,,false,1
,H??OZAH,8,4145428,,,false,1
,H??OZAH,9,4159674,,,false,1
,H???jQK,0,4090190,,,false,1
,H???jQK,1,4178320,,,false,1
,H???jQK,2,4188725,,,false,1
,H???jQK,3,4181253,,,false,1
,H???jQK,4,4170778,,,false,1
,H???jQK,5,4170917,,,false,1
,H???jQK,6,4182999,,,false,1
,H???jQK,7,4190192,,,false,1
,H???jQK,8,4185234,,,false,1
,H???jQK,9,4206394,,,false,1
,H?C?JEK,0,4058205,,,false,1
,H?C?JEK,1,4050454,,,false,1
,H?C?JEK,2,4041375,,,false,1
,H?C?JEK,3,4055133,,,false,1
,H?C?JEK,4,4061836,,,false,1
,H?C?JEK,5,4041236,,,false,1
,H?C?JEK,6,4069658,,,false,1
,H?C?JEK,7,4054504,,,false,1
,H?C?JEK,8,4071683,,,false,1
,H?C?JEK,9,4058904,,,false,1
,H??_aYI,0,4153529,,,false,1
,H??_aYI,1,4154436,,,false,1
,H??_aYI,2,4156602,,,false,1
,H??_aYI,3,4158626,,,false,1
,H??_aYI,4,4156252,,,false,1
,H??_aYI,5,4171406,,,false,1
,H??_aYI,6,4174828,,,false,1
,H??_aYI,7,4152132,,,false,1
,H??_aYI,8,4167496,,,false,1
,H??_aYI,9,4154227,,,false,1
,H????Ny,0,4571277,,,false,1
,H????Ny,1,4581333,,,false,1
,H????Ny,2,4588875,,,false,1
,H????Ny,3,4583638,,,false,1
,H????Ny,4,4580984,,,false,1
,H????Ny,5,4592017,,,false,1
,H????Ny,6,4568344,,,false,1
,H????Ny,7,4592786,,,false,1
,H????Ny,8,4601375,,,false,1
,H????Ny,9,4567506,,,false,1
,H???ONp,0,4579797,,,false,1
,H???ONp,1,4557799,,,false,1
,H???ONp,2,4576236,,,false,1
,H???ONp,3,4586431,,,false,1
,H???ONp,4,4569670,,,false,1
,H???ONp,5,4616320,,,false,1
,H???ONp,6,4587130,,,false,1
,H???ONp,7,4609267,,,false,1
,H???ONp,8,4611502,,,false,1
,H???ONp,9,4596487,,,false,1
,H???Gva,0,4523021,,,false,1
,H???Gva,1,4523510,,,false,1
,H???Gva,2,4541039,,,false,1
,H???Gva,3,4525885,,,false,1
,H???Gva,4,4521345,,,false,1
,H???Gva,5,4544391,,,false,1
,H???Gva,6,4531960,,,false,1
,H???Gva,7,4530773,,,false,1
,H???Gva,8,4525116,,,false,1
,H???Gva,9,4539013,,,false,1
,H??C?\p,0,4611013,,,false,1
,H??C?\p,1,4602772,,,false,1
,H??C?\p,2,4607730,,,false,1
,H??C?\p,3,4594461,,,false,1
,H??C?\p,4,4616529,,,false,1
,H??C?\p,5,4612409,,,false,1
,H??C?\p,6,4599141,,,false,1
,H??C?\p,7,4620510,,,false,1
,H??C?\p,8,4614155,,,false,1
,H??C?\p,9,4625608,,,false,1
,H???_Zb,0,4604029,,,false,1
,H???_Zb,1,4608429,,,false,1
,H???_Zb,2,4596487,,,false,1
,H???_Zb,3,4597116,,,false,1
,H???_Zb,4,4615762,,,false,1
,H???_Zb,5,4620301,,,false,1
,H???_Zb,6,4590481,,,false,1
,H???_Zb,7,4625049,,,false,1
,H???_Zb,8,4611013,,,false,1
,H???_Zb,9,4599350,,,false,1
,H???OJr,0,4669533,,,false,1
,H???OJr,1,4668696,,,false,1
,H???OJr,2,4633708,,,false,1
,H???OJr,3,4635455,,,false,1
,H???OJr,4,4638318,,,false,1
,H???OJr,5,4669045,,,false,1
,H???OJr,6,4659268,,,false,1
,H???OJr,7,4654589,,,false,1
,H???OJr,8,4664087,,,false,1
,H???OJr,9,4642787,,,false,1
,H?`@?_N,0,4217147,,,false,1
,H?`@?_N,1,4201575,,,false,1
,H?`@?_N,2,4213098,,,false,1
,H?`@?_N,3,4215263,,,false,1
,H?`@?_N,4,4207022,,,false,1
,H?`@?_N,5,4193266,,,false,1
,H?`@?_N,6,4220222,,,false,1
,H?`@?_N,7,4230347,,,false,1
,H?`@?_N,8,4213727,,,false,1
,H?`@?_N,9,4192078,,,false,1
,H??ORAF,0,4404444,,,false,1
,H??ORAF,1,4404933,,,false,1
,H??ORAF,2,4387544,,,false,1
,H??ORAF,3,4434892,,,false,1
,H??ORAF,4,4414360,,,false,1
,H??ORAF,5,4393899,,,false,1
,H??ORAF,6,4381469,,,false,1
,H??ORAF,7,4379164,,,false,1
,H??ORAF,8,4398160,,,false,1
,H??ORAF,9,4369806,,,false,1
,H??OON`,0,4381888,,,false,1
,H??OON`,1,4369248,,,false,1
,H??OON`,2,4357795,,,false,1
,H??OON`,3,4389989,,,false,1
,H??OON`,4,4369457,,,false,1
,H??OON`,5,4370435,,,false,1
,H??OON`,6,4370714,,,false,1
,H??OON`,7,4367572,,,false,1
,H??OON`,8,4366873,,,false,1
,H??OON`,9,4354164,,,false,1
,H???Oje,0,4407238,,,false,1
,H???Oje,1,4417783,,,false,1
,H???Oje,2,4399276,,,false,1
,H???Oje,3,4429235,,,false,1
,H???Oje,4,4422881,,,false,1
,H???Oje,5,4422950,,,false,1
,H???Oje,6,4422042,,,false,1
,H???Oje,7,4396833,,,false,1
,H???Oje,8,4403118,,,false,1
,H???Oje,9,4385659,,,false,1
,H???gZ`,0,4348437,,,false,1
,H???gZ`,1,4364080,,,false,1
,H???gZ`,2,4343549,,,false,1
,H???gZ`,3,4348507,,,false,1
,H???gZ`,4,4391316,,,false,1
,H???gZ`,5,4481751,,,false,1
,H???gZ`,6,4527492,,,false,1
,H???gZ`,7,4569113,,,false,1
,H???gZ`,8,4580147,,,false,1
,H???gZ`,9,4571976,,,false,1
,H???_^c,0,4535523,,,false,1
,H???_^c,1,4535523,,,false,1
,H???_^c,2,4549629,,,false,1
,H???_^c,3,4572047,,,false,1
,H???_^c,4,4589575,,,false,1
,H???_^c,5,4563806,,,false,1
,H???_^c,6,4596698,,,false,1
,H???_^c,7,4615693,,,false,1
,H???_^c,8,4666463,,,false,1
,H???_^c,9,4646280,,,false,1
,H???Gvc,0,4623514,,,false,1
,H???Gvc,1,4599491,,,false,1
,H???Gvc,2,4607313,,,false,1
,H???Gvc,3,4540062,,,false,1
,H???Gvc,4,4557312,,,false,1
,H???Gvc,5,4557382,,,false,1
,H???Gvc,6,4531962,,,false,1
,H???Gvc,7,4532311,,,false,1
,H???Gvc,8,4529029,,,false,1
,H???Gvc,9,4565481,,,false,1
,H??G@fE,0,4637131,,,false,1
,H??G@fE,1,4624910,,,false,1
,H??G@fE,2,4602983,,,false,1
,H??G@fE,3,4611712,,,false,1
,H??G@fE,4,4606265,,,false,1
,H??G@fE,5,4588737,,,false,1
,H??G@fE,6,4594742,,,false,1
,H??G@fE,7,4598234,,,false,1
,H??G@fE,8,4590483,,,false,1
,H??G@fE,9,4617090,,,false,1
,H?AAGSp,0,4590203,,,false,1
,H?AAGSp,1,4607871,,,false,1
,H?AAGSp,2,4636363,,,false,1
,H?AAGSp,3,4645372,,,false,1
,H?AAGSp,4,4634269,,,false,1
,H?AAGSp,5,4640414,,,false,1
,H?AAGSp,6,4614435,,,false,1
,H?AAGSp,7,4619534,,,false,1
,H?AAGSp,8,4630009,,,false,1
,H?AAGSp,9,4595790,,,false,1
,H?C@M?L,0,4452281,,,false,1
,H?C@M?L,1,4458426,,,false,1
,H?C@M?L,2,4443482,,,false,1
,H?C@M?L,3,4462547,,,false,1
,H?C@M?L,4,4513595,,,false,1
,H?C@M?L,5,4497813,,,false,1
,H?C@M?L,6,4494809,,,false,1
,H?C@M?L,7,4483218,,,false,1
,H?C@M?L,8,4502981,,,false,1
,H?C@M?L,9,4457867,,,false,1
,H??_aQM,0,4518065,,,false,1
,H??_aQM,1,4513385,,,false,1
,H??_aQM,2,4545021,,,false,1
,H??_aQM,3,4481472,,,false,1
,H??_aQM,4,4493972,,,false,1
,H??_aQM,5,4505215,,,false,1
,H??_aQM,6,4555845,,,false,1
,H??_aQM,7,4523302,,,false,1
,H??_aQM,8,4545510,,,false,1
,H??_aQM,9,4557381,,,false,1
,H?GQCCL,0,4494460,,,false,1
,H?GQCCL,1,4496555,,,false,1
,H?GQCCL,2,4482589,,,false,1
,H?GQCCL,3,4507869,,,false,1
,H?GQCCL,4,4483288,,,false,1
,H?GQCCL,5,4485661,,,false,1
,H?GQCCL,6,4468202,,,false,1
,H?GQCCL,7,4471555,,,false,1
,H?GQCCL,8,4529098,,,false,1
,H?GQCCL,9,4515621,,,false,1
,H??_eOM,0,4494810,,,false,1
,H??_eOM,1,4482100,,,false,1
,H??_eOM,2,4478538,,,false,1
,H??_eOM,3,4483078,,,false,1
,H??_eOM,4,4475117,,,false,1
,H??_eOM,5,4472882,,,false,1
,H??_eOM,6,4476863,,,false,1
,H??_eOM,7,4459683,,,false,1
,H??_eOM,8,4452420,,,false,1
,H??_eOM,9,4433146,,,false,1
,H`?G?F~,0,5608945,,,false,2
,H`?G?F~,1,5561457,,,false,2
,H`?G?F~,2,5559502,,,false,2
,H`?G?F~,3,5553357,,,false,2
,H`?G?F~,4,5556709,,,false,2
,H`?G?F~,5,5528705,,,false,2
,H`?G?F~,6,5508733,,,false,2
,H`?G?F~,7,5538971,,,false,2
,H`?G?F~,8,5511735,,,false,2
,H`?G?F~,9,5518858,,,false,2
,H??E\hw,0,5606850,,,false,2
,H??E\hw,1,5564461,,,false,2
,H??E\hw,2,5576961,,,false,2
,H??E\hw,3,5594070,,,false,2
,H??E\hw,4,5542114,,,false,2
,H??E\hw,5,5549795,,,false,2
,H??E\hw,6,5556570,,,false,2
,H??E\hw,7,5568580,,,false,2
,H??E\hw,8,5512644,,,false,2
,H??E\hw,9,5530381,,,false,2
,HQG[IVr,0,6274814,,,false,4
,HQG[IVr,1,6253026,,,false,4
,HQG[IVr,2,6272230,,,false,4
,HQG[IVr,3,6285220,,,false,4
,HQG[IVr,4,6209659,,,false,4
,HQG[IVr,5,6209868,,,false,4
,HQG[IVr,6,6216154,,,false,4
,HQG[IVr,7,6197228,,,false,4
,HQG[IVr,8,6243529,,,false,4
,HQG[IVr,9,6254283,,,false,4
,HCDlAVr,0,6297161,,,false,4
,HCDlAVr,1,6302468,,,false,4
,HCDlAVr,2,6245973,,,false,4
,HCDlAVr,3,6273557,,,false,4
,HCDlAVr,4,6233681,,,false,4
,HCDlAVr,5,6222788,,,false,4
,HCDlAVr,6,6216223,,,false,4
,HCDlAVr,7,6286826,,,false,4
,HCDlAVr,8,6296952,,,false,4
,HCDlAVr,9,6290527,,,false,4
,H`GIkze,0,6242830,,,false,4
,H`GIkze,1,6220204,,,false,4
,H`GIkze,2,6152534,,,false,4
,H`GIkze,3,6175929,,,false,4
,H`GIkze,4,6193178,,,false,4
,H`GIkze,5,6186474,,,false,4
,H`GIkze,6,6263431,,,false,4
,H`GIkze,7,6257286,,,false,4
,H`GIkze,8,6233682,,,false,4
,H`GIkze,9,6243318,,,false,4
,HBIEB]],0,6305541,,,false,3
,HBIEB]],1,6254772,,,false,3
,HBIEB]],2,6284940,,,false,3
,HBIEB]],3,6280610,,,false,3
,HBIEB]],4,6304354,,,false,3
,HBIEB]],5,6365389,,,false,3
,HBIEB]],6,6350095,,,false,3
,HBIEB]],7,6338433,,,false,3
,HBIEB]],8,6350514,,,false,3
,HBIEB]],9,6356171,,,false,3
,HQD_[Vp,0,6010352,,,false,3
,HQD_[Vp,1,6006721,,,false,3
,HQD_[Vp,2,5959024,,,false,3
,HQD_[Vp,3,5998480,,,false,3
,HQD_[Vp,4,6049110,,,false,3
,HQD_[Vp,5,6027252,,,false,3
,HQD_[Vp,6,6092687,,,false,3
,HQD_[Vp,7,6018382,,,false,3
,HQD_[Vp,8,6014682,,,false,3
,HQD_[Vp,9,6002391,,,false,3
,Hs`rY{~,0,6981467,,,false,4
,Hs`rY{~,1,6948157,,,false,4
,Hs`rY{~,2,6977487,,,false,4
,Hs`rY{~,3,7084962,,,false,4
,Hs`rY{~,4,7046484,,,false,4
,Hs`rY{~,5,7002488,,,false,4
,Hs`rY{~,6,6977278,,,false,4
,Hs`rY{~,7,7012754,,,false,4
,Hs`rY{~,8,6980421,,,false,4
,Hs`rY{~,9,6944945,,,false,4
,HXNUS|^,0,7107449,,,false,5
,HXNUS|^,1,7092226,,,false,5
,HXNUS|^,2,7108776,,,false,5
,HXNUS|^,3,7073370,,,false,5
,HXNUS|^,4,7106751,,,false,5
,HXNUS|^,5,7094949,,,false,5
,HXNUS|^,6,7044040,,,false,5
,HXNUS|^,7,7023508,,,false,5
,HXNUS|^,8,7104097,,,false,5
,HXNUS|^,9,7088176,,,false,5
,HxU_w~N,0,6953116,,,false,5
,HxU_w~N,1,6930001,,,false,5
,HxU_w~N,2,6913729,,,false,5
,HxU_w~N,3,6927696,,,false,5
,HxU_w~N,4,6909050,,,false,5
,HxU_w~N,5,6934191,,,false,5
,HxU_w~N,6,6961636,,,false,5
,HxU_w~N,7,6958283,,,false,5
,HxU_w~N,8,6958912,,,false,5
,HxU_w~N,9,6945295,,,false,5
,HoFvQ{~,0,7032936,,,false,4
,HoFvQ{~,1,6993689,,,false,4
,HoFvQ{~,2,7005561,,,false,4
,HoFvQ{~,3,7003326,,,false,4
,HoFvQ{~,4,7042364,,,false,4
,HoFvQ{~,5,7054725,,,false,4
,HoFvQ{~,6,7077560,,,false,4
,HoFvQ{~,7,7005840,,,false,4
,HoFvQ{~,8,6997320,,,false,4
,HoFvQ{~,9,7018132,,,false,4
,HqGTY~~,0,7062825,,,false,4
,HqGTY~~,1,7075256,,,false,4
,HqGTY~~,2,7143414,,,false,4
,HqGTY~~,3,7106193,,,false,4
,HqGTY~~,4,7095298,,,false,4
,HqGTY~~,5,7060312,,,false,4
,HqGTY~~,6,7089781,,,false,4
,HqGTY~~,7,7046414,,,false,4
,HqGTY~~,8,7054166,,,false,4
,HqGTY~~,9,7070926,,,false,4
,HRAZU^~,0,7218626,,,false,5
,HRAZU^~,1,7140760,,,false,5
,HRAZU^~,2,7123232,,,false,5
,HRAZU^~,3,7092994,,,false,5
,HRAZU^~,4,7088524,,,false,5
,HRAZU^~,5,7092225,,,false,5
,HRAZU^~,6,7094111,,,false,5
,HRAZU^~,7,7159336,,,false,5
,HRAZU^~,8,7126723,,,false,5
,HRAZU^~,9,7023858,,,false,5
,HWNVS|^,0,6864286,,,false,5
,HWNVS|^,1,6845781,,,false,5
,HWNVS|^,2,6754019,,,false,5
,HWNVS|^,3,6731881,,,false,5
,HWNVS|^,4,6705205,,,false,5
,HWNVS|^,5,6752342,,,false,5
,HWNVS|^,6,6674756,,,false,5
,HWNVS|^,7,6683067,,,false,5
,HWNVS|^,8,6636696,,,false,5
,HWNVS|^,9,6631738,,,false,5
,HoDPV~~,0,6567771,,,false,4
,HoDPV~~,1,6523006,,,false,4
,HoDPV~~,2,6569098,,,false,4
,HoDPV~~,3,6556736,,,false,4
,HoDPV~~,4,6558901,,,false,4
,HoDPV~~,5,6543259,,,false,4
,HoDPV~~,6,6536694,,,false,4
,HoDPV~~,7,6563510,,,false,4
,HoDPV~~,8,6567351,,,false,4
,HoDPV~~,9,6564489,,,false,4
,HsOax~~,0,6687397,,,false,4
,HsOax~~,1,6647591,,,false,4
,HsOax~~,2,6668960,,,false,4
,HsOax~~,3,6646125,,,false,4
,HsOax~~,4,6704087,,,false,4
,HsOax~~,5,6629294,,,false,4
,HsOax~~,6,6650733,,,false,4
,HsOax~~,7,6688095,,,false,4
,HsOax~~,8,6651642,,,false,4
,HsOax~~,9,6652060,,,false,4
,HqJTY{~,0,6631040,,,false,4
,HqJTY{~,1,6624476,,,false,4
,HqJTY{~,2,6590816,,,false,4
,HqJTY{~,3,6622521,,,false,4
,HqJTY{~,4,6606249,,,false,4
,HqJTY{~,5,6600103,,,false,4
,HqJTY{~,6,6627618,,,false,4
,HqJTY{~,7,6606738,,,false,4
,HqJTY{~,8,6622311,,,false,4
,HqJTY{~,9,6625313,,,false,4
,HyGW}mn,0,6492489,,,false,5
,HyGW}mn,1,6487112,,,false,5
,HyGW}mn,2,6470840,,,false,5
,HyGW}mn,3,6498705,,,false,5
,HyGW}mn,4,6434317,,,false,5
,HyGW}mn,5,6459108,,,false,5
,HyGW}mn,6,6462600,,,false,5
,HyGW}mn,7,6460785,,,false,5
,HyGW}mn,8,6436831,,,false,5
,HyGW}mn,9,6477754,,,false,5
,H{O_w~~,0,6452474,,,false,5
,H{O_w~~,1,6456943,,,false,5
,H{O_w~~,2,6477964,,,false,5
,H{O_w~~,3,6464416,,,false,5
,H{O_w~~,4,6460435,,,false,5
,H{O_w~~,5,6404288,,,false,5
,H{O_w~~,6,6416650,,,false,5
,H{O_w~~,7,6420420,,,false,5
,H{O_w~~,8,6416300,,,false,5
,H{O_w~~,9,6398841,,,false,5
,HqddY{~,0,6626361,,,false,5
,HqddY{~,1,6600313,,,false,5
,HqddY{~,2,6638792,,,false,5
,HqddY{~,3,6621822,,,false,5
,HqddY{~,4,6607925,,,false,5
,HqddY{~,5,6607855,,,false,5
,HqddY{~,6,6598358,,,false,5
,HqddY{~,7,6617772,,,false,5
,HqddY{~,8,6615747,,,false,5
,HqddY{~,9,6634742,,,false,5
,Hk`rX}^,0,6672801,,,false,4
,Hk`rX}^,1,6655413,,,false,4
,Hk`rX}^,2,6607576,,,false,4
,Hk`rX}^,3,6656809,,,false,4
,Hk`rX}^,4,6617492,,,false,4
,Hk`rX}^,5,6656390,,,false,4
,Hk`rX}^,6,6655342,,,false,4
,Hk`rX}^,7,6639281,,,false,4
,Hk`rX}^,8,6575802,,,false,4
,Hk`rX}^,9,6679017,,,false,4
,H`GO\|},0,6081095,,,false,4
,H`GO\|},1,6100579,,,false,4
,H`GO\|},2,6092408,,,false,4
,H`GO\|},3,6064894,,,false,4
,H`GO\|},4,6094364,,,false,4
,H`GO\|},5,6086054,,,false,4
,H`GO\|},6,6109029,,,false,4
,H`GO\|},7,6068177,,,false,4
,H`GO\|},8,6096738,,,false,4
,H`GO\|},9,6084868,,,false,4
,H@?tY~N,0,6199537,,,false,3
,H@?tY~N,1,6186407,,,false,3
,H@?tY~N,2,6182427,,,false,3
,H@?tY~N,3,6178027,,,false,3
,H@?tY~N,4,6199396,,,false,3
,H@?tY~N,5,6184591,,,false,3
,H@?tY~N,6,6197930,,,false,3
,H@?tY~N,7,6194089,,,false,3
,H@?tY~N,8,6221743,,,false,3
,H@?tY~N,9,6196742,,,false,3
,H?o_`KV,0,4040959,,,false,2
,H?o_`KV,1,4017145,,,false,2
,H?o_`KV,2,4034045,,,false,2
,H?o_`KV,3,4021196,,,false,2
,H?o_`KV,4,4026922,,,false,2
,H?o_`KV,5,4031253,,,false,2
,H?o_`KV,6,4027970,,,false,2
,H?o_`KV,7,4040889,,,false,2
,H?o_`KV,8,4099131,,,false,2
,H?o_`KV,9,4154998,,,false,2
,HWCOOK^,0,4245224,,,false,3
,HWCOOK^,1,4244945,,,false,3
,HWCOOK^,2,4262124,,,false,3
,HWCOOK^,3,4274625,,,false,3
,HWCOOK^,4,4267781,,,false,3
,HWCOOK^,5,4294388,,,false,3
,HWCOOK^,6,4292363,,,false,3
,HWCOOK^,7,4321344,,,false,3
,HWCOOK^,8,4324068,,,false,3
,HWCOOK^,9,4324765,,,false,3
,HWC?G{^,0,4436221,,,false,3
,HWC?G{^,1,4496767,,,false,3
,HWC?G{^,2,4466809,,,false,3
,HWC?G{^,3,4475119,,,false,3
,HWC?G{^,4,4453471,,,false,3
,HWC?G{^,5,4444950,,,false,3
,HWC?G{^,6,4432939,,,false,3
,HWC?G{^,7,4424000,,,false,3
,HWC?G{^,8,4445440,,,false,3
,HWC?G{^,9,4441459,,,false,3
,HEG?G[n,0,4357588,,,false,3
,HEG?G[n,1,4344668,,,false,3
,HEG?G[n,2,4349767,,,false,3
,HEG?G[n,3,4376024,,,false,3
,HEG?G[n,4,4408776,,,false,3
,HEG?G[n,5,4397394,,,false,3
,HEG?G[n,6,4373650,,,false,3
,HEG?G[n,7,4381401,,,false,3
,HEG?G[n,8,4383147,,,false,3
,HEG?G[n,9,4347741,,,false,3
,H??M@_|,0,4158770,,,false,2
,H??M@_|,1,4170781,,,false,2
,H??M@_|,2,4138936,,,false,2
,H??M@_|,3,4124900,,,false,2
,H??M@_|,4,4113586,,,false,2
,H??M@_|,5,4121618,,,false,2
,H??M@_|,6,4150739,,,false,2
,H??M@_|,7,4168267,,,false,2
,H??M@_|,8,4173923,,,false,2
,H??M@_|,9,4167219,,,false,2
,HWCOg[N,0,4415480,,,false,4
,HWCOg[N,1,4375605,,,false,4
,HWCOg[N,2,4361708,,,false,4
,HWCOg[N,3,4362476,,,false,4
,HWCOg[N,4,4367714,,,false,4
,HWCOg[N,5,4361917,,,false,4
,HWCOg[N,6,4359893,,,false,4
,HWCOg[N,7,4330283,,,false,4
,HWCOg[N,8,4342085,,,false,4
,HWCOg[N,9,4396137,,,false,4
,H@h^~z|,0,7472336,,,false,5
,H@h^~z|,1,7447264,,,false,5
,H@h^~z|,2,7389303,,,false,5
,H@h^~z|,3,7418493,,,false,5
,H@h^~z|,4,7371983,,,false,5
,H@h^~z|,5,7374917,,,false,5
,H@h^~z|,6,7361299,,,false,5
,H@h^~z|,7,7464584,,,false,5
,H@h^~z|,8,7407041,,,false,5
,H@h^~z|,9,7405434,,,false,5
,HIG^~z|,0,7295375,,,false,5
,HIG^~z|,1,7253964,,,false,5
,HIG^~z|,2,7248656,,,false,5
,HIG^~z|,3,7231896,,,false,5
,HIG^~z|,4,7271632,,,false,5
,HIG^~z|,5,7325265,,,false,5
,HIG^~z|,6,7277917,,,false,5
,HIG^~z|,7,7222398,,,false,5
,HIG^~z|,8,7260109,,,false,5
,HIG^~z|,9,7130078,,,false,5
,H@G^~z|,0,6703250,,,false,5
,H@G^~z|,1,6662538,,,false,5
,H@G^~z|,2,6642425,,,false,5
,H@G^~z|,3,6620077,,,false,5
,H@G^~z|,4,6588094,,,false,5
,H@G^~z|,5,6555761,,,false,5
,H@G^~z|,6,6583275,,,false,5
,H@G^~z|,7,6568121,,,false,5
,H@G^~z|,8,6579783,,,false,5
,H@G^~z|,9,6510788,,,false,5
,H@Jy~vz,0,6918899,,,false,5
,H@Jy~vz,1,6911566,,,false,5
,H@Jy~vz,2,6884960,,,false,5
,H@Jy~vz,3,6921134,,,false,5
,H@Jy~vz,4,6920085,,,false,5
,H@Jy~vz,5,6892082,,,false,5
,H@Jy~vz,6,6880071,,,false,5
,H@Jy~vz,7,6882236,,,false,5
,H@Jy~vz,8,6884820,,,false,5
,H@Jy~vz,9,6931539,,,false,5
,HZWx}~^,0,6853185,,,false,6
,HZWx}~^,1,6877348,,,false,6
,HZWx}~^,2,6881048,,,false,6
,HZWx}~^,3,6862612,,,false,6
,HZWx}~^,4,6851508,,,false,6
,HZWx}~^,5,6875811,,,false,6
,HZWx}~^,6,6848436,,,false,6
,HZWx}~^,7,6845783,,,false,6
,HZWx}~^,8,6864498,,,false,6
,HZWx}~^,9,6847249,,,false,6
,H?df~z|,0,6576641,,,false,4
,H?df~z|,1,6746967,,,false,4
,H?df~z|,2,6769943,,,false,4
,H?df~z|,3,6769803,,,false,4
,H?df~z|,4,6741799,,,false,4
,H?df~z|,5,6743405,,,false,4
,H?df~z|,6,6750878,,,false,4
,H?df~z|,7,6717427,,,false,4
,H?df~z|,8,6696826,,,false,4
,H?df~z|,9,6744034,,,false,4
,H??GVnu,0,5789400,,,false,3
,H??GVnu,1,5753924,,,false,3
,H??GVnu,2,5718517,,,false,3
,H??GVnu,3,5759650,,,false,3
,H??GVnu,4,5744846,,,false,3
,H??GVnu,5,5737094,,,false,3
,H??GVnu,6,5740865,,,false,3
,H??GVnu,7,5770405,,,false,3
,H??GVnu,8,5741982,,,false,3
,H??GVnu,9,5778715,,,false,3
,H??WvNe,0,5740166,,,false,3
,H??WvNe,1,5761955,,,false,3
,H??WvNe,2,5726339,,,false,3
,H??WvNe,3,5744845,,,false,3
,H??WvNe,4,5738001,,,false,3
,H??WvNe,5,5731437,,,false,3
,H??WvNe,6,5716842,,,false,3
,H??WvNe,7,5742121,,,false,3
,H??WvNe,8,5745892,,,false,3
,H??WvNe,9,5741284,,,false,3
,H@GWuNE,0,5680458,,,false,3
,H@GWuNE,1,5677525,,,false,3
,H@GWuNE,2,5630317,,,false,3
,H@GWuNE,3,5641980,,,false,3
,H@GWuNE,4,5647497,,,false,3
,H@GWuNE,5,5648195,,,false,3
,H@GWuNE,6,5657483,,,false,3
,H@GWuNE,7,5624102,,,false,3
,H@GWuNE,8,5618865,,,false,3
,H@GWuNE,9,5655527,,,false,3
,H?PD`y{,0,5699523,,,false,3
,H?PD`y{,1,5659717,,,false,3
,H?PD`y{,2,5680039,,,false,3
,H?PD`y{,3,5660625,,,false,3
,H?PD`y{,4,5661533,,,false,3
,H?PD`y{,5,5712581,,,false,3
,H?PD`y{,6,5682762,,,false,3
,H?PD`y{,7,5671868,,,false,3
,H?PD`y{,8,5671659,,,false,3
,H?PD`y{,9,5676058,,,false,3
,HC`A@{},0,5703014,,,false,3
,HC`A@{},1,5684369,,,false,3
,HC`A@{},2,5675500,,,false,3
,HC`A@{},3,5692539,,,false,3
,HC`A@{},4,5694774,,,false,3
,HC`A@{},5,5681157,,,false,3
,HC`A@{},6,5695544,,,false,3
,HC`A@{},7,5677387,,,false,3
,HC`A@{},8,5685348,,,false,3
,HC`A@{},9,5682625,,,false,3
,HAGWuMe,0,5701689,,,false,3
,HAGWuMe,1,5675432,,,false,3
,HAGWuMe,2,6334877,,,false,3
,HAGWuMe,3,5609508,,,false,3
,HAGWuMe,4,5621170,,,false,3
,HAGWuMe,5,6155752,,,false,3
,HAGWuMe,6,5773130,,,false,3
,HAGWuMe,7,5590932,,,false,3
,HAGWuMe,8,5755182,,,false,3
,HAGWuMe,9,5586533,,,false,3
,H??CZz{,0,5638978,,,false,3
,H??CZz{,1,5676129,,,false,3
,H??CZz{,2,5667889,,,false,3
,H??CZz{,3,5729832,,,false,3
,H??CZz{,4,5714608,,,false,3
,H??CZz{,5,5714190,,,false,3
,H??CZz{,6,5734930,,,false,3
,H??CZz{,7,5692191,,,false,3
,H??CZz{,8,5680320,,,false,3
,H??CZz{,9,5701899,,,false,3
,H??CzZ{,0,5714888,,,false,3
,H??CzZ{,1,5706158,,,false,3
,H??CzZ{,2,5703155,,,false,3
,H??CzZ{,3,5706228,,,false,3
,H??CzZ{,4,5699524,,,false,3
,H??CzZ{,5,5714608,,,false,3
,H??CzZ{,6,5715097,,,false,3
,H??CzZ{,7,5703086,,,false,3
,H??CzZ{,8,5686465,,,false,3
,H??CzZ{,9,5732696,,,false,3
,H?GXMfY,0,5739749,,,false,3
,H?GXMfY,1,5713561,,,false,3
,H?GXMfY,2,5715587,,,false,3
,H?GXMfY,3,5745615,,,false,3
,H?GXMfY,4,5712583,,,false,3
,H?GXMfY,5,5734442,,,false,3
,H?GXMfY,6,5728506,,,false,3
,H?GXMfY,7,5758395,,,false,3
,H?GXMfY,8,5711605,,,false,3
,H?GXMfY,9,5748060,,,false,3
,H?d_\dq,0,5640095,,,false,3
,H?d_\dq,1,5638629,,,false,3
,H?d_\dq,2,5608949,,,false,3
,H?d_\dq,3,5624033,,,false,3
,H?d_\dq,4,5653433,,,false,3
,H?d_\dq,5,5617189,,,false,3
,H?d_\dq,6,5654551,,,false,3
,H?d_\dq,7,5645961,,,false,3
,H?d_\dq,8,5629690,,,false,3
,H?d_\dq,9,5629899,,,false,3
,H?Ma_^p,0,5709510,,,false,3
,H?Ma_^p,1,5726690,,,false,3
,H?Ma_^p,2,5692820,,,false,3
,H?Ma_^p,3,5726062,,,false,3
,H?Ma_^p,4,5730740,,,false,3
,H?Ma_^p,5,5849528,,,false,3
,H?Ma_^p,6,5875506,,,false,3
,H?Ma_^p,7,5892756,,,false,3
,H?Ma_^p,8,5912659,,,false,3
,H?Ma_^p,9,5927463,,,false,3
,H?GcyzS,0,5913426,,,false,3
,H?GcyzS,1,5899949,,,false,3
,H?GcyzS,2,5866079,,,false,3
,H?GcyzS,3,5862238,,,false,3
,H?GcyzS,4,5833886,,,false,3
,H?GcyzS,5,5800993,,,false,3
,H?GcyzS,6,5794918,,,false,3
,H?GcyzS,7,5776552,,,false,3
,H?GcyzS,8,5762236,,,false,3
,H?GcyzS,9,5747570,,,false,3
,H@@HKvY,0,5806859,,,false,3
,H@@HKvY,1,5771593,,,false,3
,H@@HKvY,2,5791566,,,false,3
,H@@HKvY,3,5763702,,,false,3
,H@@HKvY,4,5753157,,,false,3
,H@@HKvY,5,5741145,,,false,3
,H@@HKvY,6,5770964,,,false,3
,H@@HKvY,7,5758185,,,false,3
,H@@HKvY,8,5736187,,,false,3
,H@@HKvY,9,5723267,,,false,3
,H?`E@{},0,5731438,,,false,3
,H?`E@{},1,5745196,,,false,3
,H?`E@{},2,5734301,,,false,3
,H?`E@{},3,5730810,,,false,3
,H?`E@{},4,5740727,,,false,3
,H?`E@{},5,5727877,,,false,3
,H?`E@{},6,5723478,,,false,3
,H?`E@{},7,5728645,,,false,3
,H?`E@{},8,5747360,,,false,3
,H?`E@{},9,5762864,,,false,3
,H?GWuNe,0,5725363,,,false,3
,H?GWuNe,1,5701969,,,false,3
,H?GWuNe,2,5724944,,,false,3
,H?GWuNe,3,5750713,,,false,3
,H?GWuNe,4,5725293,,,false,3
,H?GWuNe,5,5716563,,,false,3
,H?GWuNe,6,5721382,,,false,3
,H?GWuNe,7,5718659,,,false,3
,H?GWuNe,8,5747151,,,false,3
,H?GWuNe,9,5714399,,,false,3
,H??E\x{,0,5691144,,,false,3
,H??E\x{,1,5684161,,,false,3
,H??E\x{,2,5667819,,,false,3
,H??E\x{,3,5703784,,,false,3
,H??E\x{,4,5662163,,,false,3
,H??E\x{,5,5660557,,,false,3
,H??E\x{,6,5653503,,,false,3
,H??E\x{,7,5693868,,,false,3
,H??E\x{,8,5638908,,,false,3
,H??E\x{,9,5663489,,,false,3
,HBX@CmM,0,5519701,,,false,3
,HBX@CmM,1,5486599,,,false,3
,HBX@CmM,2,5533668,,,false,3
,HBX@CmM,3,5489533,,,false,3
,HBX@CmM,4,5544423,,,false,3
,HBX@CmM,5,5500916,,,false,3
,HBX@CmM,6,5524799,,,false,3
,HBX@CmM,7,5484784,,,false,3
,HBX@CmM,8,5518094,,,false,3
,HBX@CmM,9,5499030,,,false,3
,H??sQS~,0,5221508,,,false,3
,H??sQS~,1,5191479,,,false,3
,H??sQS~,2,5191550,,,false,3
,H??sQS~,3,5218925,,,false,3
,H??sQS~,4,5201676,,,false,3
,H??sQS~,5,5251607,,,false,3
,H??sQS~,6,5214874,,,false,3
,H??sQS~,7,5193017,,,false,3
,H??sQS~,8,5193645,,,false,3
,H??sQS~,9,5221998,,,false,3
,HBDj]}~,0,6699900,,,false,5
,HBDj]}~,1,6747947,,,false,5
,HBDj]}~,2,6694593,,,false,5
,HBDj]}~,3,6708839,,,false,5
,HBDj]}~,4,6730767,,,false,5
,HBDj]}~,5,6708141,,,false,5
,HBDj]}~,6,6707512,,,false,5
,HBDj]}~,7,6721758,,,false,5
,HBDj]}~,8,6715333,,,false,5
,HBDj]}~,9,6720012,,,false,5
,H??sQSv,0,5095877,,,false,2
,H??sQSv,1,5102511,,,false,2
,H??sQSv,2,5096086,,,false,2
,H??sQSv,3,5091338,,,false,2
,H??sQSv,4,5094550,,,false,2
,H??sQSv,5,5116199,,,false,2
,H??sQSv,6,5087916,,,false,2
,H??sQSv,7,5104536,,,false,2
,H??sQSv,8,5096366,,,false,2
,H??sQSv,9,5101603,,,false,2
,HBdj]}~,0,6851021,,,false,5
,HBdj]}~,1,6884821,,,false,5
,HBdj]}~,2,6843410,,,false,5
,HBdj]}~,3,6859472,,,false,5
,HBdj]}~,4,6825672,,,false,5
,HBdj]}~,5,7329945,,,false,5
,HBdj]}~,6,6816942,,,false,5
,HBdj]}~,7,6816942,,,false,5
,HBdj]}~,8,6841804,,,false,5
,HBdj]}~,9,6845295,,,false,5
,H@?M@z},0,5635836,,,false,3
,H@?M@z},1,5643378,,,false,3
,H@?M@z},2,5635137,,,false,3
,H@?M@z},3,5626618,,,false,3
,H@?M@z},4,5593516,,,false,3
,H@?M@z},5,5619005,,,false,3
,H@?M@z},6,5627316,,,false,3
,H@?M@z},7,5594843,,,false,3
,H@?M@z},8,5629622,,,false,3
,H@?M@z},9,5586534,,,false,3
,HhKpY|^,0,6300799,,,false,5
,HhKpY|^,1,6250309,,,false,5
,HhKpY|^,2,6266092,,,false,5
,HhKpY|^,3,6261622,,,false,5
,HhKpY|^,4,6246398,,,false,5
,HhKpY|^,5,6277893,,,false,5
,HhKpY|^,6,6258829,,,false,5
,HhKpY|^,7,6263997,,,false,5
,HhKpY|^,8,6259248,,,false,5
,HhKpY|^,9,6252963,,,false,5
,H??ZXzR,0,5688701,,,false,3
,H??ZXzR,1,5643659,,,false,3
,H??ZXzR,2,5646661,,,false,3
,H??ZXzR,3,5666704,,,false,3
,H??ZXzR,4,5658044,,,false,3
,H??ZXzR,5,5660767,,,false,3
,H??ZXzR,6,5693520,,,false,3
,H??ZXzR,7,5677668,,,false,3
,H??ZXzR,8,5680182,,,false,3
,H??ZXzR,9,5667123,,,false,3
,H?CmJs},0,5888847,,,false,3
,H?CmJs},1,5887380,,,false,3
,H?CmJs},2,5888358,,,false,3
,H?CmJs},3,5882562,,,false,3
,H?CmJs},4,5886402,,,false,3
,H?CmJs},5,5915035,,,false,3
,H?CmJs},6,5883609,,,false,3
,H?CmJs},7,5883958,,,false,3
,H?CmJs},8,5881723,,,false,3
,H?CmJs},9,5902394,,,false,3
,H_GZCcN,0,5262433,,,false,3
,H_GZCcN,1,5290925,,,false,3
,H_GZCcN,2,5251818,,,false,3
,H_GZCcN,3,5243298,,,false,3
,H_GZCcN,4,5279961,,,false,3
,H_GZCcN,5,5279263,,,false,3
,H_GZCcN,6,5261456,,,false,3
,H_GZCcN,7,5254751,,,false,3
,H_GZCcN,8,5279961,,,false,3
,H_GZCcN,9,5264668,,,false,3
,HC`PhPH,0,4876669,,,false,3
,HC`PhPH,1,4870802,,,false,3
,HC`PhPH,2,4844056,,,false,3
,HC`PhPH,3,4860607,,,false,3
,HC`PhPH,4,4985121,,,false,3
,HC`PhPH,5,5008516,,,false,3
,HC`PhPH,6,5028767,,,false,3
,HC`PhPH,7,5061729,,,false,3
,HC`PhPH,8,5070668,,,false,3
,HC`PhPH,9,5075696,,,false,3
,H`EBH[^,0,6066645,,,false,3
,H`EBH[^,1,6066924,,,false,3
,H`EBH[^,2,6045764,,,false,3
,H`EBH[^,3,6091785,,,false,3
,H`EBH[^,4,6156312,,,false,3
,H`EBH[^,5,6162527,,,false,3
,H`EBH[^,6,6136479,,,false,3
,H`EBH[^,7,6130683,,,false,3
,H`EBH[^,8,6123490,,,false,3
,H`EBH[^,9,6269444,,,false,3
,HKCYPMN,0,6039688,,,false,3
,HKCYPMN,1,5696942,,,false,3
,HKCYPMN,2,5690587,,,false,3
,HKCYPMN,3,5743870,,,false,3
,HKCYPMN,4,5774458,,,false,3
,HKCYPMN,5,5728646,,,false,3
,HKCYPMN,6,5768173,,,false,3
,HKCYPMN,7,5709512,,,false,3
,HKCYPMN,8,5594774,,,false,3
,HKCYPMN,9,5537300,,,false,3
,H`KpYmN,0,6154706,,,false,4
,H`KpYmN,1,6346051,,,false,4
,H`KpYmN,2,6055471,,,false,4
,H`KpYmN,3,6018738,,,false,4
,H`KpYmN,4,6019437,,,false,4
,H`KpYmN,5,6002467,,,false,4
,H`KpYmN,6,5959310,,,false,4
,H`KpYmN,7,5962312,,,false,4
,H`KpYmN,8,5973276,,,false,4
,H`KpYmN,9,5976069,,,false,4
,H??yuij,0,5793034,,,false,3
,H??yuij,1,5778019,,,false,3
,H??yuij,2,5773551,,,false,3
,H??yuij,3,5782559,,,false,3
,H??yuij,4,5768941,,,false,3
,H??yuij,5,5761749,,,false,3
,H??yuij,6,5764891,,,false,3
,H??yuij,7,5774528,,,false,3
,H??yuij,8,5759862,,,false,3
,H??yuij,9,5757208,,,false,3
,H?@[|hj,0,5925998,,,false,3
,H?@[|hj,1,5902465,,,false,3
,H?@[|hj,2,5922577,,,false,3
,H?@[|hj,3,5893036,,,false,3
,H?@[|hj,4,5884307,,,false,3
,H?@[|hj,5,5884307,,,false,3
,H?@[|hj,6,5921250,,,false,3
,H?@[|hj,7,5928233,,,false,3
,H?@[|hj,8,5952884,,,false,3
,H?@[|hj,9,5971879,,,false,3
,H?Cjc~M,0,5949114,,,false,4
,H?Cjc~M,1,5986685,,,false,4
,H?Cjc~M,2,5949323,,,false,4
,H?Cjc~M,3,5954771,,,false,4
,H?Cjc~M,4,5954352,,,false,4
,H?Cjc~M,5,5935636,,,false,4
,H?Cjc~M,6,5952466,,,false,4
,H?Cjc~M,7,5928792,,,false,4
,H?Cjc~M,8,5944853,,,false,4
,H?Cjc~M,9,5937521,,,false,4
,H?JIp}u,0,6070765,,,false,4
,H?JIp}u,1,6057705,,,false,4
,H?JIp}u,2,6040387,,,false,4
,H?JIp}u,3,6073838,,,false,4
,H?JIp}u,4,6079703,,,false,4
,H?JIp}u,5,6066225,,,false,4
,H?JIp}u,6,6058195,,,false,4
,H?JIp}u,7,6091645,,,false,4
,H?JIp}u,8,6068670,,,false,4
,H?JIp}u,9,6074746,,,false,4
,HGBTXxZ,0,5993528,,,false,4
,HGBTXxZ,1,5971739,,,false,4
,HGBTXxZ,2,5978723,,,false,4
,HGBTXxZ,3,5977047,,,false,4
,HGBTXxZ,4,5989757,,,false,4
,HGBTXxZ,5,6042901,,,false,4
,HGBTXxZ,6,5988570,,,false,4
,HGBTXxZ,7,6006797,,,false,4
,HGBTXxZ,8,6001698,,,false,4
,HGBTXxZ,9,5999115,,,false,4
,H_KqlRF,0,5720545,,,false,3
,H_KqlRF,1,5717543,,,false,3
,H_KqlRF,2,5723270,,,false,3
,H_KqlRF,3,5721314,,,false,3
,H_KqlRF,4,5744709,,,false,3
,H_KqlRF,5,5691425,,,false,3
,H_KqlRF,6,5709023,,,false,3
,H_KqlRF,7,5721244,,,false,3
,H_KqlRF,8,5734932,,,false,3
,H_KqlRF,9,5709721,,,false,3
,H@`@pnK,0,5330172,,,false,3
,H@`@pnK,1,5311178,,,false,3
,H@`@pnK,2,5297001,,,false,3
,H@`@pnK,3,5324096,,,false,3
,H@`@pnK,4,5287853,,,false,3
,H@`@pnK,5,5267671,,,false,3
,H@`@pnK,6,5271302,,,false,3
,H@`@pnK,7,5308594,,,false,3
,H@`@pnK,8,5241622,,,false,3
,H@`@pnK,9,5284919,,,false,3
,HqG?g^{,0,5687025,,,false,3
,HqG?g^{,1,5774667,,,false,3
,HqG?g^{,2,5799179,,,false,3
,HqG?g^{,3,5789402,,,false,3
,HqG?g^{,4,5849599,,,false,3
,HqG?g^{,5,5859167,,,false,3
,HqG?g^{,6,5892338,,,false,3
,HqG?g^{,7,5909936,,,false,3
,HqG?g^{,8,5913079,,,false,3
,HqG?g^{,9,5920412,,,false,3
,HqGOW^p,0,6000371,,,false,3
,HqGOW^p,1,6025023,,,false,3
,HqGOW^p,2,5991433,,,false,3
,HqGOW^p,3,5927534,,,false,3
,HqGOW^p,4,5854418,,,false,3
,HqGOW^p,5,5810423,,,false,3
,HqGOW^p,6,5754066,,,false,3
,HqGOW^p,7,5723548,,,false,3
,HqGOW^p,8,5691006,,,false,3
,HqGOW^p,9,5746594,,,false,3
,HoKQG^o,0,5392815,,,false,3
,HoKQG^o,1,5373331,,,false,3
,HoKQG^o,2,5369630,,,false,3
,HoKQG^o,3,5352311,,,false,3
,HoKQG^o,4,5361180,,,false,3
,HoKQG^o,5,5350844,,,false,3
,HoKQG^o,6,5339112,,,false,3
,HoKQG^o,7,5329894,,,false,3
,HoKQG^o,8,5344699,,,false,3
,HoKQG^o,9,5345327,,,false,3
,H_hPOno,0,5152794,,,false,3
,H_hPOno,1,5155029,,,false,3
,H_hPOno,2,5142109,,,false,3
,H_hPOno,3,5163549,,,false,3
,H_hPOno,4,5161942,,,false,3
,H_hPOno,5,5145881,,,false,3
,H_hPOno,6,5151677,,,false,3
,H_hPOno,7,5175002,,,false,3
,H_hPOno,8,5174373,,,false,3
,H_hPOno,9,5142249,,,false,3
,H?qi`fo,0,5330383,,,false,3
,H?qi`fo,1,5327101,,,false,3
,H?qi`fo,2,5314042,,,false,3
,H?qi`fo,3,5337855,,,false,3
,H?qi`fo,4,5341277,,,false,3
,H?qi`fo,5,5312086,,,false,3
,H?qi`fo,6,5314112,,,false,3
,H?qi`fo,7,5333386,,,false,3
,H?qi`fo,8,5314531,,,false,3
,H?qi`fo,9,5314810,,,false,3
