name,graph_g6,iteration,runtime,allocated_bytes,peak_bytes,timeout,treewidth
,I??????~w,0,14185176,,,false,1
,I??????~w,1,13223775,,,false,1
,I??????~w,2,13311975,,,false,1
,I??????~w,3,17278947,,,false,1
,I??????~w,4,13249893,,,false,1
,I??????~w,5,13142489,,,false,1
,I??????~w,6,13215325,,,false,1
,I??????~w,7,12820137,,,false,1
,I??????~w,8,12785988,,,false,1
,I??????~w,9,12976285,,,false,1
,I????????,0,6428889,,,false,0
,I????????,1,6404097,,,false,0
,I????????,2,6447534,,,false,0
,I????????,3,6417157,,,false,0
,I????????,4,6436081,,,false,0
,I????????,5,6446277,,,false,0
,I????????,6,6426165,,,false,0
,I????????,7,6431262,,,false,0
,I????????,8,6403190,,,false,0
,I????????,9,6670443,,,false,0
,I??F~~~~w,0,19719983,,,false,4
,I??F~~~~w,1,19736884,,,false,4
,I??F~~~~w,2,19676826,,,false,4
,I??F~~~~w,3,20298556,,,false,4
,I??F~~~~w,4,20098482,,,false,4
,I??F~~~~w,5,19915657,,,false,4
,I??F~~~~w,6,19619074,,,false,4
,I??F~~~~w,7,19502731,,,false,4
,I??F~~~~w,8,19427031,,,false,4
,I??F~~~~w,9,20086470,,,false,4
,I`?G?C??G,0,7521366,,,false,1
,I`?G?C??G,1,7506282,,,false,1
,I`?G?C??G,2,7557261,,,false,1
,I`?G?C??G,3,7529607,,,false,1
,I`?G?C??G,4,7563406,,,false,1
,I`?G?C??G,5,7527582,,,false,1
,I`?G?C??G,6,7556981,,,false,1
,I`?G?C??G,7,7539314,,,false,1
,I`?G?C??G,8,7549370,,,false,1
,I`?G?C??G,9,7551604,,,false,1
,I?@@?_G`w,0,12372782,,,false,1
,I?@@?_G`w,1,12319568,,,false,1
,I?@@?_G`w,2,12488217,,,false,1
,I?@@?_G`w,3,12363005,,,false,1
,I?@@?_G`w,4,12363494,,,false,1
,I?@@?_G`w,5,12286468,,,false,1
,I?@@?_G`w,6,12296524,,,false,1
,I?@@?_G`w,7,12277249,,,false,1
,I?@@?_G`w,8,12304066,,,false,1
,I?@@?_G`w,9,12296035,,,false,1
,I??OS?dOo,0,12256859,,,false,1
,I??OS?dOo,1,12191424,,,false,1
,I??OS?dOo,2,12112791,,,false,1
,I??OS?dOo,3,12158323,,,false,1
,I??OS?dOo,4,12105040,,,false,1
,I??OS?dOo,5,12161884,,,false,1
,I??OS?dOo,6,12140515,,,false,1
,I??OS?dOo,7,12130180,,,false,1
,I??OS?dOo,8,12102456,,,false,1
,I??OS?dOo,9,12133113,,,false,1
,I??OPHAe?,0,11478771,,,false,1
,I??OPHAe?,1,11606637,,,false,1
,I??OPHAe?,2,11628215,,,false,1
,I??OPHAe?,3,11612364,,,false,1
,I??OPHAe?,4,11611386,,,false,1
,I??OPHAe?,5,11612503,,,false,1
,I??OPHAe?,6,11598676,,,false,1
,I??OPHAe?,7,11645744,,,false,1
,I??OPHAe?,8,12120752,,,false,1
,I??OPHAe?,9,12256090,,,false,1
,I????AF]G,0,14163178,,,false,1
,I????AF]G,1,13996345,,,false,1
,I????AF]G,2,14048372,,,false,1
,I????AF]G,3,14160944,,,false,1
,I????AF]G,4,13957661,,,false,1
,I????AF]G,5,13946977,,,false,1
,I????AF]G,6,14001377,,,false,1
,I????AF]G,7,14028333,,,false,1
,I????AF]G,8,13895440,,,false,1
,I????AF]G,9,13870160,,,false,1
,I?AAHGICW,0,13446828,,,false,2
,I?AAHGICW,1,13530768,,,false,2
,I?AAHGICW,2,13584609,,,false,2
,I?AAHGICW,3,13526508,,,false,2
,I?AAHGICW,4,13498505,,,false,2
,I?AAHGICW,5,13699556,,,false,2
,I?AAHGICW,6,13471549,,,false,2
,I?AAHGICW,7,13505838,,,false,2
,I?AAHGICW,8,13509399,,,false,2
,I?AAHGICW,9,13615337,,,false,2
,I@Kxx{~Nw,0,17172595,,,false,7
,I@Kxx{~Nw,1,17007509,,,false,7
,I@Kxx{~Nw,2,17290056,,,false,7
,I@Kxx{~Nw,3,16952130,,,false,7
,I@Kxx{~Nw,4,17012048,,,false,7
,I@Kxx{~Nw,5,17076854,,,false,7
,I@Kxx{~Nw,6,16973849,,,false,7
,I@Kxx{~Nw,7,16970148,,,false,7
,I@Kxx{~Nw,8,17008626,,,false,7
,I@Kxx{~Nw,9,17073431,,,false,7
,I@Kxx{~~w,0,20266578,,,false,7
,I@Kxx{~~w,1,19706511,,,false,7
,I@Kxx{~~w,2,20348003,,,false,7
,I@Kxx{~~w,3,19653018,,,false,7
,I@Kxx{~~w,4,19942409,,,false,7
,I@Kxx{~~w,5,20175794,,,false,7
,I@Kxx{~~w,6,19675435,,,false,7
,I@Kxx{~~w,7,20742075,,,false,7
,I@Kxx{~~w,8,19766918,,,false,7
,I@Kxx{~~w,9,19837869,,,false,7
,Is\v~~}~W,0,22505167,,,false,7
,Is\v~~}~W,1,22217941,,,false,7
,Is\v~~}~W,2,22377650,,,false,7
,Is\v~~}~W,3,22177647,,,false,7
,Is\v~~}~W,4,22297063,,,false,7
,Is\v~~}~W,5,22329674,,,false,7
,Is\v~~}~W,6,22155300,,,false,7
,Is\v~~}~W,7,22318222,,,false,7
,Is\v~~}~W,8,22225622,,,false,7
,Is\v~~}~W,9,22170035,,,false,7
,IF~~~~~~w,0,23647786,,,false,7
,IF~~~~~~w,1,23360560,,,false,7
,IF~~~~~~w,2,23745623,,,false,7
,IF~~~~~~w,3,23331788,,,false,7
,IF~~~~~~w,4,23681236,,,false,7
,IF~~~~~~w,5,23688429,,,false,7
,IF~~~~~~w,6,23395965,,,false,7
,IF~~~~~~w,7,23577186,,,false,7
,IF~~~~~~w,8,23409869,,,false,7
,IF~~~~~~w,9,23414758,,,false,7
,I~{?GKF@w,0,13446273,,,false,4
,I~{?GKF@w,1,13430840,,,false,4
,I~{?GKF@w,2,13487824,,,false,4
,I~{?GKF@w,3,13501791,,,false,4
,I~{?GKF@w,4,13535032,,,false,4
,I~{?GKF@w,5,13496903,,,false,4
,I~{?GKF@w,6,13444807,,,false,4
,I~{?GKF@w,7,13733778,,,false,4
,I~{?GKF@w,8,13751935,,,false,4
,I~{?GKF@w,9,13642995,,,false,4
,I~?GW^oBw,0,16678387,,,false,4
,I~?GW^oBw,1,16814423,,,false,4
,I~?GW^oBw,2,16700036,,,false,4
,I~?GW^oBw,3,16697801,,,false,4
,I~?GW^oBw,4,16570006,,,false,4
,I~?GW^oBw,5,16613023,,,false,4
,I~?GW^oBw,6,16510996,,,false,4
,I~?GW^oBw,7,16456735,,,false,4
,I~?GW^oBw,8,16609810,,,false,4
,I~?GW^oBw,9,16509460,,,false,4
,Iv~vVL^Nw,0,22309429,,,false,7
,Iv~vVL^Nw,1,22564532,,,false,7
,Iv~vVL^Nw,2,22360268,,,false,7
,Iv~vVL^Nw,3,22521025,,,false,7
,Iv~vVL^Nw,4,22591417,,,false,7
,Iv~vVL^Nw,5,22441555,,,false,7
,Iv~vVL^Nw,6,22643025,,,false,7
,Iv~vVL^Nw,7,22448957,,,false,7
,Iv~vVL^Nw,8,22627522,,,false,7
,Iv~vVL^Nw,9,22636041,,,false,7
,IJ\zz|~^w,0,19807147,,,false,8
,IJ\zz|~^w,1,19904007,,,false,8
,IJ\zz|~^w,2,19756937,,,false,8
,IJ\zz|~^w,3,19773697,,,false,8
,IJ\zz|~^w,4,19958477,,,false,8
,IJ\zz|~^w,5,19746881,,,false,8
,IJ\zz|~^w,6,19794577,,,false,8
,IJ\zz|~^w,7,19865878,,,false,8
,IJ\zz|~^w,8,19828168,,,false,8
,IJ\zz|~^w,9,19857498,,,false,8
,IJ\zz|~~w,0,21818499,,,false,8
,IJ\zz|~~w,1,21580645,,,false,8
,IJ\zz|~~w,2,21739656,,,false,8
,IJ\zz|~~w,3,21594262,,,false,8
,IJ\zz|~~w,4,21564792,,,false,8
,IJ\zz|~~w,5,21600268,,,false,8
,IJ\zz|~~w,6,21361855,,,false,8
,IJ\zz|~~w,7,21589932,,,false,8
,IJ\zz|~~w,8,21577432,,,false,8
,IJ\zz|~~w,9,21493842,,,false,8
,I~~v]}~^w,0,23144577,,,false,8
,I~~v]}~^w,1,23000231,,,false,8
,I~~v]}~^w,2,23041433,,,false,8
,I~~v]}~^w,3,23275237,,,false,8
,I~~v]}~^w,4,23094228,,,false,8
,I~~v]}~^w,5,23188503,,,false,8
,I~~v]}~^w,6,22970551,,,false,8
,I~~v]}~^w,7,23241227,,,false,8
,I~~v]}~^w,8,22984100,,,false,8
,I~~v]}~^w,9,22960845,,,false,8
,I^~~~~~~w,0,23612603,,,false,8
,I^~~~~~~w,1,23428312,,,false,8
,I^~~~~~~w,2,23658344,,,false,8
,I^~~~~~~w,3,23449960,,,false,8
,I^~~~~~~w,4,23742564,,,false,8
,I^~~~~~~w,5,23474193,,,false,8
,I^~~~~~~w,6,23634880,,,false,8
,I^~~~~~~w,7,23642561,,,false,8
,I^~~~~~~w,8,23584949,,,false,8
,I^~~~~~~w,9,23589558,,,false,8
,I~~~~~~~w,0,23391090,,,false,9
,I~~~~~~~w,1,23258825,,,false,9
,I~~~~~~~w,2,23570074,,,false,9
,I~~~~~~~w,3,23340111,,,false,9
,I~~~~~~~w,4,23480338,,,false,9
,I~~~~~~~w,5,23202050,,,false,9
,I~~~~~~~w,6,23463229,,,false,9
,I~~~~~~~w,7,23620494,,,false,9
,I~~~~~~~w,8,23492070,,,false,9
,I~~~~~~~w,9,23689280,,,false,9
,I?????@?W,0,8037584,,,false,2
,I?????@?W,1,8040517,,,false,2
,I?????@?W,2,8019916,,,false,2
,I?????@?W,3,8075084,,,false,2
,I?????@?W,4,8136888,,,false,2
,I?????@?W,5,8139751,,,false,2
,I?????@?W,6,8111049,,,false,2
,I?????@?W,7,8089261,,,false,2
,I?????@?W,8,8087794,,,false,2
,I?????@?W,9,8049176,,,false,2
,I???GKF@w,0,10312139,,,false,4
,I???GKF@w,1,10496919,,,false,4
,I???GKF@w,2,10310533,,,false,4
,I???GKF@w,3,10300477,,,false,4
,I???GKF@w,4,10291329,,,false,4
,I???GKF@w,5,10337139,,,false,4
,I???GKF@w,6,10404319,,,false,4
,I???GKF@w,7,10363187,,,false,4
,I???GKF@w,8,10385324,,,false,4
,I???GKF@w,9,10337209,,,false,4
,I????B~~w,0,17086012,,,false,2
,I????B~~w,1,17264297,,,false,2
,I????B~~w,2,17116948,,,false,2
,I????B~~w,3,17049140,,,false,2
,I????B~~w,4,17224213,,,false,2
,I????B~~w,5,17078958,,,false,2
,I????B~~w,6,17180847,,,false,2
,I????B~~w,7,17328549,,,false,2
,I????B~~w,8,17028962,,,false,2
,I????B~~w,9,17074285,,,false,2
,IsaBzx{^?,0,19768122,,,false,5
,IsaBzx{^?,1,19516161,,,false,5
,IsaBzx{^?,2,19591652,,,false,5
,IsaBzx{^?,3,19723568,,,false,5
,IsaBzx{^?,4,19527055,,,false,5
,IsaBzx{^?,5,19557154,,,false,5
,IsaBzx{^?,6,19939284,,,false,5
,IsaBzx{^?,7,19552196,,,false,5
,IsaBzx{^?,8,19583132,,,false,5
,IsaBzx{^?,9,19817075,,,false,5
,I?B~~~~~w,0,21935692,,,false,5
,I?B~~~~~w,1,22228225,,,false,5
,I?B~~~~~w,2,22148126,,,false,5
,I?B~~~~~w,3,22123544,,,false,5
,I?B~~~~~w,4,22231996,,,false,5
,I?B~~~~~w,5,21927032,,,false,5
,I?B~~~~~w,6,22086743,,,false,5
,I?B~~~~~w,7,21973611,,,false,5
,I?B~~~~~w,8,21988417,,,false,5
,I?B~~~~~w,9,22105318,,,false,5
,I`?GW?@?W,0,9586080,,,false,2
,I`?GW?@?W,1,9575954,,,false,2
,I`?GW?@?W,2,9587198,,,false,2
,I`?GW?@?W,3,9766112,,,false,2
,I`?GW?@?W,4,9567155,,,false,2
,I`?GW?@?W,5,9579796,,,false,2
,I`?GW?@?W,6,9591457,,,false,2
,I`?GW?@?W,7,9586639,,,false,2
,I`?GW?@?W,8,9574907,,,false,2
,I`?GW?@?W,9,9748584,,,false,2
,I@`??CBNG,0,13766259,,,false,2
,I@`??CBNG,1,13775477,,,false,2
,I@`??CBNG,2,13782111,,,false,2
,I@`??CBNG,3,14129185,,,false,2
,I@`??CBNG,4,13820241,,,false,2
,I@`??CBNG,5,13746916,,,false,2
,I@`??CBNG,6,13769193,,,false,2
,I@`??CBNG,7,13937980,,,false,2
,I@`??CBNG,8,13778131,,,false,2
,I@`??CBNG,9,13770310,,,false,2
,II?GOGQGO,0,11849532,,,false,2
,II?GOGQGO,1,12056659,,,false,2
,II?GOGQGO,2,11893597,,,false,2
,II?GOGQGO,3,11888430,,,false,2
,II?GOGQGO,4,11830746,,,false,2
,II?GOGQGO,5,11856166,,,false,2
,II?GOGQGO,6,12033125,,,false,2
,II?GOGQGO,7,11881935,,,false,2
,II?GOGQGO,8,11857424,,,false,2
,II?GOGQGO,9,11884379,,,false,2
,I?COPHAw?,0,12972110,,,false,2
,I?COPHAw?,1,12761910,,,false,2
,I?COPHAw?,2,12711420,,,false,2
,I?COPHAw?,3,12745429,,,false,2
,I?COPHAw?,4,12873295,,,false,2
,I?COPHAw?,5,12863937,,,false,2
,I?COPHAw?,6,12739284,,,false,2
,I?COPHAw?,7,13012683,,,false,2
,I?COPHAw?,8,12769452,,,false,2
,I?COPHAw?,9,12966663,,,false,2
,I?CGI_agG,0,12343745,,,false,2
,I?CGI_agG,1,12293116,,,false,2
,I?CGI_agG,2,12291510,,,false,2
,I?CGI_agG,3,12569729,,,false,2
,I?CGI_agG,4,12345286,,,false,2
,I?CGI_agG,5,12322520,,,false,2
,I?CGI_agG,6,12345495,,,false,2
,I?CGI_agG,7,12347869,,,false,2
,I?CGI_agG,8,12373707,,,false,2
,I?CGI_agG,9,12260577,,,false,2
,I???G[ws?,0,12560234,,,false,2
,I???G[ws?,1,12536979,,,false,2
,I???G[ws?,2,12833074,,,false,2
,I???G[ws?,3,12571686,,,false,2
,I???G[ws?,4,12595360,,,false,2
,I???G[ws?,5,12599201,,,false,2
,I???G[ws?,6,12849485,,,false,2
,I???G[ws?,7,12626157,,,false,2
,I???G[ws?,8,12678811,,,false,2
,I???G[ws?,9,12619592,,,false,2
,I???????G,0,7142459,,,false,1
,I???????G,1,7318231,,,false,1
,I???????G,2,7173326,,,false,1
,I???????G,3,7306988,,,false,1
,I???????G,4,7188549,,,false,1
,I???????G,5,7176678,,,false,1
,I???????G,6,7140853,,,false,1
,I???????G,7,7173815,,,false,1
,I???????G,8,7173675,,,false,1
,I???????G,9,7340926,,,false,1
,I?AAHKVBw,0,14891774,,,false,4
,I?AAHKVBw,1,14851900,,,false,4
,I?AAHKVBw,2,14875852,,,false,4
,I?AAHKVBw,3,15044919,,,false,4
,I?AAHKVBw,4,14867402,,,false,4
,I?AAHKVBw,5,14938005,,,false,4
,I?AAHKVBw,6,14916565,,,false,4
,I?AAHKVBw,7,15002740,,,false,4
,I?AAHKVBw,8,14795474,,,false,4
,I?AAHKVBw,9,14860488,,,false,4
,I@GOOH@__,0,11807775,,,false,1
,I@GOOH@__,1,11675300,,,false,1
,I@GOOH@__,2,11622646,,,false,1
,I@GOOH@__,3,11661124,,,false,1
,I@GOOH@__,4,11677326,,,false,1
,I@GOOH@__,5,11875164,,,false,1
,I@GOOH@__,6,11638149,,,false,1
,I@GOOH@__,7,11660775,,,false,1
,I@GOOH@__,8,11660286,,,false,1
,I@GOOH@__,9,11850932,,,false,1
,I?????@~g,0,14146299,,,false,1
,I?????@~g,1,13805370,,,false,1
,I?????@~g,2,13858025,,,false,1
,I?????@~g,3,13785747,,,false,1
,I?????@~g,4,13929046,,,false,1
,I?????@~g,5,13775412,,,false,1
,I?????@~g,6,13817172,,,false,1
,I?????@~g,7,13846851,,,false,1
,I?????@~g,8,13873528,,,false,1
,I?????@~g,9,13794685,,,false,1
,I?????@~w,0,14225769,,,false,2
,I?????@~w,1,14348118,,,false,2
,I?????@~w,2,14340366,,,false,2
,I?????@~w,3,14319836,,,false,2
,I?????@~w,4,14293998,,,false,2
,I?????@~w,5,14490509,,,false,2
,I?????@~w,6,14291553,,,false,2
,I?????@~w,7,14312084,,,false,2
,I?????@~w,8,14285966,,,false,2
,I?????@~w,9,14472842,,,false,2
,I?CGGC`s?,0,12000726,,,false,1
,I?CGGC`s?,1,12184109,,,false,1
,I?CGGC`s?,2,12016438,,,false,1
,I?CGGC`s?,3,12073213,,,false,1
,I?CGGC`s?,4,12069372,,,false,1
,I?CGGC`s?,5,12011271,,,false,1
,I?CGGC`s?,6,12027542,,,false,1
,I?CGGC`s?,7,12051355,,,false,1
,I?CGGC`s?,8,12282296,,,false,1
,I?CGGC`s?,9,12115323,,,false,1
,I??GHCWsG,0,12632163,,,false,2
,I??GHCWsG,1,12543334,,,false,2
,I??GHCWsG,2,12722598,,,false,2
,I??GHCWsG,3,12584886,,,false,2
,I??GHCWsG,4,12681538,,,false,2
,I??GHCWsG,5,12528603,,,false,2
,I??GHCWsG,6,12515474,,,false,2
,I??GHCWsG,7,12669178,,,false,2
,I??GHCWsG,8,12485725,,,false,2
,I??GHCWsG,9,12492569,,,false,2
,I????CA?W,0,8631109,,,false,2
,I????CA?W,1,8617281,,,false,2
,I????CA?W,2,8806880,,,false,2
,I????CA?W,3,8642003,,,false,2
,I????CA?W,4,8621402,,,false,2
,I????CA?W,5,8650942,,,false,2
,I????CA?W,6,8648707,,,false,2
,I????CA?W,7,8628595,,,false,2
,I????CA?W,8,8868892,,,false,2
,I????CA?W,9,8710440,,,false,2
,I??GIOqk?,0,12479021,,,false,2
,I??GIOqk?,1,12477903,,,false,2
,I??GIOqk?,2,12436213,,,false,2
,I??GIOqk?,3,12681050,,,false,2
,I??GIOqk?,4,12470012,,,false,2
,I??GIOqk?,5,12622460,,,false,2
,I??GIOqk?,6,12472386,,,false,2
,I??GIOqk?,7,12675743,,,false,2
,I??GIOqk?,8,12564637,,,false,2
,I??GIOqk?,9,12533840,,,false,2
,I????CB?w,0,9104302,,,false,3
,I????CB?w,1,9076649,,,false,3
,I????CB?w,2,9201930,,,false,3
,I????CB?w,3,9135797,,,false,3
,I????CB?w,4,9059260,,,false,3
,I????CB?w,5,9071550,,,false,3
,I????CB?w,6,9072249,,,false,3
,I????CB?w,7,9075181,,,false,3
,I????CB?w,8,9250674,,,false,3
,I????CB?w,9,9140057,,,false,3
,I????CB~w,0,14847434,,,false,3
,I????CB~w,1,14883608,,,false,3
,I????CB~w,2,14973065,,,false,3
,I????CB~w,3,14969434,,,false,3
,I????CB~w,4,14861749,,,false,3
,I????CB~w,5,15042200,,,false,3
,I????CB~w,6,15146323,,,false,3
,I????CB~w,7,14876136,,,false,3
,I????CB~w,8,14853580,,,false,3
,I????CB~w,9,14840311,,,false,3
,I??E@GW?w,0,12820229,,,false,1
,I??E@GW?w,1,12679095,,,false,1
,I??E@GW?w,2,12718900,,,false,1
,I??E@GW?w,3,12722251,,,false,1
,I??E@GW?w,4,12951447,,,false,1
,I??E@GW?w,5,12722950,,,false,1
,I??E@GW?w,6,12682098,,,false,1
,I??E@GW?w,7,12697391,,,false,1
,I??E@GW?w,8,12831682,,,false,1
,I??E@GW?w,9,12712894,,,false,1
,I???F~~~w,0,19274198,,,false,3
,I???F~~~w,1,19208764,,,false,3
,I???F~~~w,2,19242634,,,false,3
,I???F~~~w,3,19103805,,,false,3
,I???F~~~w,4,19345499,,,false,3
,I???F~~~w,5,19340192,,,false,3
,I???F~~~w,6,19355555,,,false,3
,I???F~~~w,7,19380765,,,false,3
,I???F~~~w,8,19197591,,,false,3
,I???F~~~w,9,19168820,,,false,3
,I??GW[NBw,0,12495152,,,false,5
,I??GW[NBw,1,12512960,,,false,5
,I??GW[NBw,2,12361560,,,false,5
,I??GW[NBw,3,12377343,,,false,5
,I??GW[NBw,4,12397665,,,false,5
,I??GW[NBw,5,12550042,,,false,5
,I??GW[NBw,6,12369591,,,false,5
,I??GW[NBw,7,12411911,,,false,5
,I??GW[NBw,8,12395360,,,false,5
,I??GW[NBw,9,12605281,,,false,5
,I??GW[N~w,0,16899151,,,false,5
,I??GW[N~w,1,16913679,,,false,5
,I??GW[N~w,2,16922689,,,false,5
,I??GW[N~w,3,17053558,,,false,5
,I??GW[N~w,4,16930931,,,false,5
,I??GW[N~w,5,17078210,,,false,5
,I??GW[N~w,6,17503428,,,false,5
,I??GW[N~w,7,16853764,,,false,5
,I??GW[N~w,8,16847548,,,false,5
,I??GW[N~w,9,17059005,,,false,5
,I?CWw{^Fw,0,14586330,,,false,6
,I?CWw{^Fw,1,14577530,,,false,6
,I?CWw{^Fw,2,14592126,,,false,6
,I?CWw{^Fw,3,14758330,,,false,6
,I?CWw{^Fw,4,14638775,,,false,6
,I?CWw{^Fw,5,14607769,,,false,6
,I?CWw{^Fw,6,14852885,,,false,6
,I?CWw{^Fw,7,14579765,,,false,6
,I?CWw{^Fw,8,14604487,,,false,6
,I?CWw{^Fw,9,14525504,,,false,6
,I?CWw{^~w,0,18427399,,,false,6
,I?CWw{^~w,1,18154349,,,false,6
,I?CWw{^~w,2,18511828,,,false,6
,I?CWw{^~w,3,18913233,,,false,6
,I?CWw{^~w,4,18414410,,,false,6
,I?CWw{^~w,5,18514132,,,false,6
,I?CWw{^~w,6,18643116,,,false,6
,I?CWw{^~w,7,18253582,,,false,6
,I?CWw{^~w,8,18272717,,,false,6
,I?CWw{^~w,9,18399955,,,false,6
,I????FaFO,0,12870792,,,false,1
,I????FaFO,1,12870932,,,false,1
,I????FaFO,2,12877566,,,false,1
,I????FaFO,3,13045865,,,false,1
,I????FaFO,4,12905778,,,false,1
,I????FaFO,5,12950752,,,false,1
,I????FaFO,6,12936855,,,false,1
,I????FaFO,7,13119819,,,false,1
,I????FaFO,8,12945933,,,false,1
,I????FaFO,9,12902147,,,false,1
,I?????B~o,0,14378923,,,false,2
,I?????B~o,1,14628648,,,false,2
,I?????B~o,2,14338908,,,false,2
,I?????B~o,3,14379831,,,false,2
,I?????B~o,4,14321031,,,false,2
,I?????B~o,5,14710913,,,false,2
,I?????B~o,6,14434720,,,false,2
,I?????B~o,7,14381158,,,false,2
,I?????B~o,8,14282971,,,false,2
,I?????B~o,9,14537796,,,false,2
,IoCOOGaOO,0,12508983,,,false,2
,IoCOOGaOO,1,12492921,,,false,2
,IoCOOGaOO,2,12536358,,,false,2
,IoCOOGaOO,3,12670649,,,false,2
,IoCOOGaOO,4,12508355,,,false,2
,IoCOOGaOO,5,12514081,,,false,2
,IoCOOGaOO,6,12483983,,,false,2
,IoCOOGaOO,7,12672325,,,false,2
,IoCOOGaOO,8,12480001,,,false,2
,IoCOOGaOO,9,12434889,,,false,2
,I?~~vrv|o,0,21207414,,,false,6
,I?~~vrv|o,1,21435142,,,false,6
,I?~~vrv|o,2,21168586,,,false,6
,I?~~vrv|o,3,21485702,,,false,6
,I?~~vrv|o,4,21324665,,,false,6
,I?~~vrv|o,5,21658401,,,false,6
,I?~~vrv|o,6,21813019,,,false,6
,I?~~vrv|o,7,21453863,,,false,6
,I?~~vrv|o,8,21449185,,,false,6
,I?~~vrv|o,9,21367897,,,false,6
,I?~~~~~~w,0,22897259,,,false,6
,I?~~~~~~w,1,23103688,,,false,6
,I?~~~~~~w,2,23029175,,,false,6
,I?~~~~~~w,3,23064651,,,false,6
,I?~~~~~~w,4,23034413,,,false,6
,I?~~~~~~w,5,23363469,,,false,6
,I?~~~~~~w,6,23205855,,,false,6
,I?~~~~~~w,7,22906547,,,false,6
,I?~~~~~~w,8,23342170,,,false,6
,I?~~~~~~w,9,23034971,,,false,6
,IwCW?CB?w,0,11225091,,,false,3
,IwCW?CB?w,1,11422791,,,false,3
,IwCW?CB?w,2,11253165,,,false,3
,IwCW?CB?w,3,11199741,,,false,3
,IwCW?CB?w,4,11191152,,,false,3
,IwCW?CB?w,5,11196530,,,false,3
,IwCW?CB?w,6,11386408,,,false,3
,IwCW?CB?w,7,11257075,,,false,3
,IwCW?CB?w,8,11189058,,,false,3
,IwCW?CB?w,9,11209728,,,false,3
,I`?G]?oBw,0,14788154,,,false,3
,I`?G]?oBw,1,14782427,,,false,3
,I`?G]?oBw,2,14711406,,,false,3
,I`?G]?oBw,3,14748069,,,false,3
,I`?G]?oBw,4,14930126,,,false,3
,I`?G]?oBw,5,14795835,,,false,3
,I`?G]?oBw,6,14644296,,,false,3
,I`?G]?oBw,7,14591292,,,false,3
,I`?G]?oBw,8,14818043,,,false,3
,I`?G]?oBw,9,14600859,,,false,3
,IsP@OkWHG,0,15810870,,,false,4
,IsP@OkWHG,1,15946627,,,false,4
,IsP@OkWHG,2,15906613,,,false,4
,IsP@OkWHG,3,15840200,,,false,4
,IsP@OkWHG,4,15836011,,,false,4
,IsP@OkWHG,5,16005357,,,false,4
,IsP@OkWHG,6,15762196,,,false,4
,IsP@OkWHG,7,15897115,,,false,4
,IsP@OkWHG,8,16038948,,,false,4
,IsP@OkWHG,9,15851793,,,false,4
,I?hPcterW,0,18180332,,,false,4
,I?hPcterW,1,18293533,,,false,4
,I?hPcterW,2,18190458,,,false,4
,I?hPcterW,3,18207987,,,false,4
,I?hPcterW,4,18267275,,,false,4
,I?hPcterW,5,18289622,,,false,4
,I?hPcterW,6,18165598,,,false,4
,I?hPcterW,7,18326215,,,false,4
,I?hPcterW,8,18247372,,,false,4
,I?hPcterW,9,18164131,,,false,4
,I?C]dPcww,0,17357340,,,false,3
,I?C]dPcww,1,17299518,,,false,3
,I?C]dPcww,2,17140227,,,false,3
,I?C]dPcww,3,17166764,,,false,3
,I?C]dPcww,4,17335973,,,false,3
,I?C]dPcww,5,17226896,,,false,3
,I?C]dPcww,6,17274034,,,false,3
,I?C]dPcww,7,17389888,,,false,3
,I?C]dPcww,8,17270822,,,false,3
,I?C]dPcww,9,17235276,,,false,3
,I_O_hWZLw,0,16790713,,,false,3
,I_O_hWZLw,1,16530233,,,false,3
,I_O_hWZLw,2,16589452,,,false,3
,I_O_hWZLw,3,16724162,,,false,3
,I_O_hWZLw,4,16514521,,,false,3
,I_O_hWZLw,5,16535401,,,false,3
,I_O_hWZLw,6,16555513,,,false,3
,I_O_hWZLw,7,16801189,,,false,3
,I_O_hWZLw,8,16714665,,,false,3
,I_O_hWZLw,9,16514032,,,false,3
,I??EdPKL?,0,14243803,,,false,3
,I??EdPKL?,1,14075014,,,false,3
,I??EdPKL?,2,14055252,,,false,3
,I??EdPKL?,3,14080531,,,false,3
,I??EdPKL?,4,14228160,,,false,3
,I??EdPKL?,5,14104694,,,false,3
,I??EdPKL?,6,14074316,,,false,3
,I??EdPKL?,7,14084372,,,false,3
,I??EdPKL?,8,14286331,,,false,3
,I??EdPKL?,9,14087445,,,false,3
,IoCOW@@GO,0,11428800,,,false,2
,IoCOW@@GO,1,11411551,,,false,2
,IoCOW@@GO,2,11579083,,,false,2
,IoCOW@@GO,3,11424470,,,false,2
,IoCOW@@GO,4,11448283,,,false,2
,IoCOW@@GO,5,11393603,,,false,2
,IoCOW@@GO,6,11399889,,,false,2
,IoCOW@@GO,7,11394302,,,false,2
,IoCOW@@GO,8,10947505,,,false,2
,IoCOW@@GO,9,10889682,,,false,2
,IwCO?CI@O,0,11038079,,,false,2
,IwCO?CI@O,1,11183892,,,false,2
,IwCO?CI@O,2,11101768,,,false,2
,IwCO?CI@O,3,11077955,,,false,2
,IwCO?CI@O,4,11081726,,,false,2
,IwCO?CI@O,5,11043736,,,false,2
,IwCO?CI@O,6,11066432,,,false,2
,IwCO?CI@O,7,11078374,,,false,2
,IwCO?CI@O,8,11088988,,,false,2
,IwCO?CI@O,9,11043526,,,false,2
,IoCOOL?GG,0,10921736,,,false,2
,IoCOOL?GG,1,10904278,,,false,2
,IoCOOL?GG,2,10908817,,,false,2
,IoCOOL?GG,3,10878928,,,false,2
,IoCOOL?GG,4,10910912,,,false,2
,IoCOOL?GG,5,10911890,,,false,2
,IoCOOL?GG,6,10893453,,,false,2
,IoCOOL?GG,7,10920549,,,false,2
,IoCOOL?GG,8,10897085,,,false,2
,IoCOOL?GG,9,10948343,,,false,2
,IwCO?CBB?,0,10373121,,,false,2
,IwCO?CBB?,1,10343931,,,false,2
,IwCO?CBB?,2,10342744,,,false,2
,IwCO?CBB?,3,10373191,,,false,2
,IwCO?CBB?,4,10393792,,,false,2
,IwCO?CBB?,5,10298399,,,false,2
,IwCO?CBB?,6,10414882,,,false,2
,IwCO?CBB?,7,10365929,,,false,2
,IwCO?CBB?,8,10384225,,,false,2
,IwCO?CBB?,9,10414323,,,false,2
,IA?HcPfnW,0,16913341,,,false,3
,IA?HcPfnW,1,16814038,,,false,3
,IA?HcPfnW,2,16981360,,,false,3
,IA?HcPfnW,3,16857754,,,false,3
,IA?HcPfnW,4,16893509,,,false,3
,IA?HcPfnW,5,16846231,,,false,3
,IA?HcPfnW,6,16820253,,,false,3
,IA?HcPfnW,7,16846930,,,false,3
,IA?HcPfnW,8,16827376,,,false,3
,IA?HcPfnW,9,16845115,,,false,3
,IsOExw{XW,0,18196823,,,false,5
,IsOExw{XW,1,18212466,,,false,5
,IsOExw{XW,2,18218751,,,false,5
,IsOExw{XW,3,18198639,,,false,5
,IsOExw{XW,4,18212815,,,false,5
,IsOExw{XW,5,18228179,,,false,5
,IsOExw{XW,6,18256601,,,false,5
,IsOExw{XW,7,18367986,,,false,5
,IsOExw{XW,8,18662057,,,false,5
,IsOExw{XW,9,19070794,,,false,5
,IoCQPJ~~o,0,19669829,,,false,4
,IoCQPJ~~o,1,19368775,,,false,4
,IoCQPJ~~o,2,19395312,,,false,4
,IoCQPJ~~o,3,19515636,,,false,4
,IoCQPJ~~o,4,19342868,,,false,4
,IoCQPJ~~o,5,19258997,,,false,4
,IoCQPJ~~o,6,19525832,,,false,4
,IoCQPJ~~o,7,19284695,,,false,4
,IoCQPJ~~o,8,19399013,,,false,4
,IoCQPJ~~o,9,19449643,,,false,4
,IIGSSL~~o,0,19675207,,,false,4
,IIGSSL~~o,1,19693712,,,false,4
,IIGSSL~~o,2,19670528,,,false,4
,IIGSSL~~o,3,19829050,,,false,4
,IIGSSL~~o,4,19818646,,,false,4
,IIGSSL~~o,5,19614660,,,false,4
,IIGSSL~~o,6,19623878,,,false,4
,IIGSSL~~o,7,19789665,,,false,4
,IIGSSL~~o,8,19758519,,,false,4
,IIGSSL~~o,9,19559562,,,false,4
,I@GUUM~^o,0,19694131,,,false,4
,I@GUUM~^o,1,19612844,,,false,4
,I@GUUM~^o,2,19629047,,,false,4
,I@GUUM~^o,3,19812779,,,false,4
,I@GUUM~^o,4,19660192,,,false,4
,I@GUUM~^o,5,19787569,,,false,4
,I@GUUM~^o,6,19628837,,,false,4
,I@GUUM~^o,7,19638404,,,false,4
,I@GUUM~^o,8,19915574,,,false,4
,I@GUUM~^o,9,19633865,,,false,4
,I?EQzU|xw,0,19840294,,,false,4
,I?EQzU|xw,1,19977378,,,false,4
,I?EQzU|xw,2,19826955,,,false,4
,I?EQzU|xw,3,19831215,,,false,4
,I?EQzU|xw,4,20002798,,,false,4
,I?EQzU|xw,5,19812710,,,false,4
,I?EQzU|xw,6,20059083,,,false,4
,I?EQzU|xw,7,19836244,,,false,4
,I?EQzU|xw,8,19822276,,,false,4
,I?EQzU|xw,9,20031708,,,false,4
,I?BLYwz|w,0,19680235,,,false,4
,I?BLYwz|w,1,19710129,,,false,4
,I?BLYwz|w,2,19895957,,,false,4
,I?BLYwz|w,3,19643437,,,false,4
,I?BLYwz|w,4,19916977,,,false,4
,I?BLYwz|w,5,19942955,,,false,4
,I?BLYwz|w,6,19723467,,,false,4
,I?BLYwz|w,7,19811667,,,false,4
,I?BLYwz|w,8,19648047,,,false,4
,I?BLYwz|w,9,19596649,,,false,4
,I?BT^?|Uo,0,18628333,,,false,4
,I?BT^?|Uo,1,18399975,,,false,4
,I?BT^?|Uo,2,18436499,,,false,4
,I?BT^?|Uo,3,18667998,,,false,4
,I?BT^?|Uo,4,18528679,,,false,4
,I?BT^?|Uo,5,18488455,,,false,4
,I?BT^?|Uo,6,18710597,,,false,4
,I?BT^?|Uo,7,18483147,,,false,4
,I?BT^?|Uo,8,18509475,,,false,4
,I?BT^?|Uo,9,18733082,,,false,4
,I`?DIu[ZG,0,17720631,,,false,4
,I`?DIu[ZG,1,17505961,,,false,4
,I`?DIu[ZG,2,17690043,,,false,4
,I`?DIu[ZG,3,17562178,,,false,4
,I`?DIu[ZG,4,17551843,,,false,4
,I`?DIu[ZG,5,17738579,,,false,4
,I`?DIu[ZG,6,17562457,,,false,4
,I`?DIu[ZG,7,17566857,,,false,4
,I`?DIu[ZG,8,17664135,,,false,4
,I`?DIu[ZG,9,17590880,,,false,4
,I?`H]es]?,0,17715464,,,false,5
,I?`H]es]?,1,17858344,,,false,5
,I?`H]es]?,2,17662739,,,false,5
,I?`H]es]?,3,17646957,,,false,5
,I?`H]es]?,4,17789138,,,false,5
,I?`H]es]?,5,17726567,,,false,5
,I?`H]es]?,6,17691091,,,false,5
,I?`H]es]?,7,17762601,,,false,5
,I?`H]es]?,8,18327836,,,false,5
,I?`H]es]?,9,17575726,,,false,5
,IR?HWzKoo,0,17403516,,,false,4
,IR?HWzKoo,1,17627473,,,false,4
,IR?HWzKoo,2,17384800,,,false,4
,IR?HWzKoo,3,17468810,,,false,4
,IR?HWzKoo,4,17652333,,,false,4
,IR?HWzKoo,5,17474746,,,false,4
,IR?HWzKoo,6,17449326,,,false,4
,IR?HWzKoo,7,17723215,,,false,4
,IR?HWzKoo,8,17460500,,,false,4
,IR?HWzKoo,9,17456030,,,false,4
,I`?NE_lF_,0,16941075,,,false,3
,I`?NE_lF_,1,16731922,,,false,3
,I`?NE_lF_,2,16692606,,,false,3
,I`?NE_lF_,3,16879762,,,false,3
,I`?NE_lF_,4,16690022,,,false,3
,I`?NE_lF_,5,16825709,,,false,3
,I`?NE_lF_,6,16858954,,,false,3
,I`?NE_lF_,7,16877670,,,false,3
,I`?NE_lF_,8,16790378,,,false,3
,I`?NE_lF_,9,16730391,,,false,3
,IW@[pqTQw,0,18464507,,,false,5
,IW@[pqTQw,1,18260592,,,false,5
,IW@[pqTQw,2,18279866,,,false,5
,IW@[pqTQw,3,18444954,,,false,5
,IW@[pqTQw,4,18267994,,,false,5
,IW@[pqTQw,5,18296836,,,false,5
,IW@[pqTQw,6,18708297,,,false,5
,IW@[pqTQw,7,18286221,,,false,5
,IW@[pqTQw,8,18269880,,,false,5
,IW@[pqTQw,9,18396070,,,false,5
,I`i\QleUW,0,19397000,,,false,5
,I`i\QleUW,1,19483174,,,false,5
,I`i\QleUW,2,19861743,,,false,5
,I`i\QleUW,3,19401050,,,false,5
,I`i\QleUW,4,19575006,,,false,5
,I`i\QleUW,5,19456079,,,false,5
,I`i\QleUW,6,19427237,,,false,5
,I`i\QleUW,7,19705735,,,false,5
,I`i\QleUW,8,19495395,,,false,5
,I`i\QleUW,9,19478495,,,false,5
,ICQjlt{}?,0,20019569,,,false,5
,ICQjlt{}?,1,19856506,,,false,5
,ICQjlt{}?,2,19767747,,,false,5
,ICQjlt{}?,3,19941215,,,false,5
,ICQjlt{}?,4,19811393,,,false,5
,ICQjlt{}?,5,19970545,,,false,5
,ICQjlt{}?,6,19888071,,,false,5
,ICQjlt{}?,7,19748753,,,false,5
,ICQjlt{}?,8,20607919,,,false,5
,ICQjlt{}?,9,19786183,,,false,5
,I}iAxxLLg,0,19978157,,,false,6
,I}iAxxLLg,1,20113146,,,false,6
,I}iAxxLLg,2,19995476,,,false,6
,I}iAxxLLg,3,19947779,,,false,6
,I}iAxxLLg,4,20137030,,,false,6
,I}iAxxLLg,5,20010979,,,false,6
,I}iAxxLLg,6,20138565,,,false,6
,I}iAxxLLg,7,19930390,,,false,6
,I}iAxxLLg,8,19940097,,,false,6
,I}iAxxLLg,9,20094081,,,false,6
,Ihe@WxVwo,0,19190360,,,false,5
,Ihe@WxVwo,1,19148181,,,false,5
,Ihe@WxVwo,2,19438830,,,false,5
,Ihe@WxVwo,3,19392599,,,false,5
,Ihe@WxVwo,4,19233937,,,false,5
,Ihe@WxVwo,5,19375211,,,false,5
,Ihe@WxVwo,6,19227443,,,false,5
,Ihe@WxVwo,7,19254887,,,false,5
,Ihe@WxVwo,8,19362924,,,false,5
,Ihe@WxVwo,9,19246862,,,false,5
,IRCm]YiTW,0,19580249,,,false,5
,IRCm]YiTW,1,19372632,,,false,5
,IRCm]YiTW,2,19431224,,,false,5
,IRCm]YiTW,3,19621242,,,false,5
,IRCm]YiTW,4,19416627,,,false,5
,IRCm]YiTW,5,19367535,,,false,5
,IRCm]YiTW,6,19559718,,,false,5
,IRCm]YiTW,7,19414952,,,false,5
,IRCm]YiTW,8,19424240,,,false,5
,IRCm]YiTW,9,19610766,,,false,5
,I@qixrTwo,0,19397563,,,false,5
,I@qixrTwo,1,19584369,,,false,5
,I@qixrTwo,2,19493026,,,false,5
,I@qixrTwo,3,18731207,,,false,5
,I@qixrTwo,4,18505155,,,false,5
,I@qixrTwo,5,18553830,,,false,5
,I@qixrTwo,6,18741822,,,false,5
,I@qixrTwo,7,18739168,,,false,5
,I@qixrTwo,8,18687352,,,false,5
,I@qixrTwo,9,18745943,,,false,5
,IqHHcpNLo,0,17999837,,,false,5
,IqHHcpNLo,1,18042995,,,false,5
,IqHHcpNLo,2,17995647,,,false,5
,IqHHcpNLo,3,18031262,,,false,5
,IqHHcpNLo,4,18053260,,,false,5
,IqHHcpNLo,5,18103331,,,false,5
,IqHHcpNLo,6,18049489,,,false,5
,IqHHcpNLo,7,18036151,,,false,5
,IqHHcpNLo,8,18055215,,,false,5
,IqHHcpNLo,9,18066459,,,false,5
,IqIAXl\N_,0,18403337,,,false,5
,IqIAXl\N_,1,18382526,,,false,5
,IqIAXl\N_,2,18380851,,,false,5
,IqIAXl\N_,3,18423938,,,false,5
,IqIAXl\N_,4,18396913,,,false,5
,IqIAXl\N_,5,18375404,,,false,5
,IqIAXl\N_,6,18362904,,,false,5
,IqIAXl\N_,7,18333853,,,false,5
,IqIAXl\N_,8,18380921,,,false,5
,IqIAXl\N_,9,18371843,,,false,5
,ICqhqlx\_,0,18638748,,,false,5
,ICqhqlx\_,1,18652784,,,false,5
,ICqhqlx\_,2,18850065,,,false,5
,ICqhqlx\_,3,18735189,,,false,5
,ICqhqlx\_,4,18787633,,,false,5
,ICqhqlx\_,5,18749365,,,false,5
,ICqhqlx\_,6,18641611,,,false,5
,ICqhqlx\_,7,18633370,,,false,5
,ICqhqlx\_,8,18650550,,,false,5
,ICqhqlx\_,9,18687282,,,false,5
,IAJLn@ZNO,0,18493913,,,false,5
,IAJLn@ZNO,1,18499291,,,false,5
,IAJLn@ZNO,2,18550622,,,false,5
,IAJLn@ZNO,3,18503206,,,false,5
,IAJLn@ZNO,4,18450550,,,false,5
,IAJLn@ZNO,5,18553485,,,false,5
,IAJLn@ZNO,6,18483931,,,false,5
,IAJLn@ZNO,7,18514867,,,false,5
,IAJLn@ZNO,8,18501948,,,false,5
,IAJLn@ZNO,9,18818994,,,false,5
,IsLGjERZG,0,18167304,,,false,5
,IsLGjERZG,1,17968137,,,false,5
,IsLGjERZG,2,18304807,,,false,5
,IsLGjERZG,3,17982523,,,false,5
,IsLGjERZG,4,18002425,,,false,5
,IsLGjERZG,5,18162485,,,false,5
,IsLGjERZG,6,18120654,,,false,5
,IsLGjERZG,7,18044535,,,false,5
,IsLGjERZG,8,18018488,,,false,5
,IsLGjERZG,9,18063391,,,false,5
,IRrJC_fEw,0,17920301,,,false,5
,IRrJC_fEw,1,17940762,,,false,5
,IRrJC_fEw,2,17930218,,,false,5
,IRrJC_fEw,3,17899141,,,false,5
,IRrJC_fEw,4,17928472,,,false,5
,IRrJC_fEw,5,18011713,,,false,5
,IRrJC_fEw,6,17937481,,,false,5
,IRrJC_fEw,7,17988319,,,false,5
,IRrJC_fEw,8,18069117,,,false,5
,IRrJC_fEw,9,18051799,,,false,5
,ItP@yglaw,0,18486795,,,false,5
,ItP@yglaw,1,18441681,,,false,5
,ItP@yglaw,2,18476040,,,false,5
,ItP@yglaw,3,18472269,,,false,5
,ItP@yglaw,4,18442240,,,false,5
,ItP@yglaw,5,18400968,,,false,5
,ItP@yglaw,6,18359976,,,false,5
,ItP@yglaw,7,18455857,,,false,5
,ItP@yglaw,8,18419405,,,false,5
,ItP@yglaw,9,18443427,,,false,5
,I``Cz]{^?,0,18883800,,,false,5
,I``Cz]{^?,1,18779119,,,false,5
,I``Cz]{^?,2,18934220,,,false,5
,I``Cz]{^?,3,18855098,,,false,5
,I``Cz]{^?,4,18900491,,,false,5
,I``Cz]{^?,5,18800209,,,false,5
,I``Cz]{^?,6,18806564,,,false,5
,I``Cz]{^?,7,18911594,,,false,5
,I``Cz]{^?,8,18852724,,,false,5
,I``Cz]{^?,9,18744412,,,false,5
,IGEBGz`eg,0,16605886,,,false,3
,IGEBGz`eg,1,16575858,,,false,3
,IGEBGz`eg,2,16572506,,,false,3
,IGEBGz`eg,3,16596808,,,false,3
,IGEBGz`eg,4,16573902,,,false,3
,IGEBGz`eg,5,16589056,,,false,3
,IGEBGz`eg,6,16624044,,,false,3
,IGEBGz`eg,7,16550862,,,false,3
,IGEBGz`eg,8,16559940,,,false,3
,IGEBGz`eg,9,16662177,,,false,3
,I`?NE_nFo,0,17457447,,,false,4
,I`?NE_nFo,1,17467363,,,false,4
,I`?NE_nFo,2,17869536,,,false,4
,I`?NE_nFo,3,18186653,,,false,4
,I`?NE_nFo,4,17955432,,,false,4
,I`?NE_nFo,5,17906829,,,false,4
,I`?NE_nFo,6,18101804,,,false,4
,I`?NE_nFo,7,17917723,,,false,4
,I`?NE_nFo,8,17882665,,,false,4
,I`?NE_nFo,9,18113536,,,false,4
,I?[_k^atG,0,18180997,,,false,5
,I?[_k^atG,1,18061441,,,false,5
,I?[_k^atG,2,18306348,,,false,5
,I?[_k^atG,3,18084277,,,false,5
,I?[_k^atG,4,18028898,,,false,5
,I?[_k^atG,5,18219754,,,false,5
,I?[_k^atG,6,18073801,,,false,5
,I?[_k^atG,7,18211235,,,false,5
,I?[_k^atG,8,18251110,,,false,5
,I?[_k^atG,9,18010881,,,false,5
,I@GZSncuG,0,18205858,,,false,5
,I@GZSncuG,1,18362006,,,false,5
,I@GZSncuG,2,18216612,,,false,5
,I@GZSncuG,3,18193915,,,false,5
,I@GZSncuG,4,18405303,,,false,5
,I@GZSncuG,5,18318500,,,false,5
,I@GZSncuG,6,18187491,,,false,5
,I@GZSncuG,7,18307326,,,false,5
,I@GZSncuG,8,18162630,,,false,5
,I@GZSncuG,9,18087139,,,false,5
,I@GZSncu?,0,17962904,,,false,5
,I@GZSncu?,1,17884551,,,false,5
,I@GZSncu?,2,17861576,,,false,5
,I@GZSncu?,3,18093773,,,false,5
,I@GZSncu?,4,18010462,,,false,5
,I@GZSncu?,5,17839159,,,false,5
,I@GZSncu?,6,17955503,,,false,5
,I@GZSncu?,7,17827986,,,false,5
,I@GZSncu?,8,17811854,,,false,5
,I@GZSncu?,9,18009554,,,false,5
,IWDApy[`w,0,18383236,,,false,4
,IWDApy[`w,1,18321991,,,false,4
,IWDApy[`w,2,18545041,,,false,4
,IWDApy[`w,3,18324994,,,false,4
,IWDApy[`w,4,18306418,,,false,4
,IWDApy[`w,5,18522066,,,false,4
,IWDApy[`w,6,18375065,,,false,4
,IWDApy[`w,7,18308932,,,false,4
,IWDApy[`w,8,18534845,,,false,4
,IWDApy[`w,9,18373458,,,false,4
,IoD@Is{f_,0,17929384,,,false,4
,IoD@Is{f_,1,18128970,,,false,4
,IoD@Is{f_,2,17871496,,,false,4
,IoD@Is{f_,3,17808087,,,false,4
,IoD@Is{f_,4,18027366,,,false,4
,IoD@Is{f_,5,17832530,,,false,4
,IoD@Is{f_,6,17788954,,,false,4
,IoD@Is{f_,7,17931973,,,false,4
,IoD@Is{f_,8,17860673,,,false,4
,IoD@Is{f_,9,17717025,,,false,4
,IRGOW^Kow,0,17979670,,,false,4
,IRGOW^Kow,1,18014098,,,false,4
,IRGOW^Kow,2,17820169,,,false,4
,IRGOW^Kow,3,17953692,,,false,4
,IRGOW^Kow,4,18186937,,,false,4
,IRGOW^Kow,5,17768282,,,false,4
,IRGOW^Kow,6,17823661,,,false,4
,IRGOW^Kow,7,17986304,,,false,4
,IRGOW^Kow,8,17830994,,,false,4
,IRGOW^Kow,9,17751173,,,false,4
,I?EZZjQiW,0,18955111,,,false,5
,I?EZZjQiW,1,18799521,,,false,5
,I?EZZjQiW,2,18896241,,,false,5
,I?EZZjQiW,3,19072781,,,false,5
,I?EZZjQiW,4,18799591,,,false,5
,I?EZZjQiW,5,18900990,,,false,5
,I?EZZjQiW,6,18818027,,,false,5
,I?EZZjQiW,7,18778222,,,false,5
,I?EZZjQiW,8,18992612,,,false,5
,I?EZZjQiW,9,18895473,,,false,5
,I?LtdXZr_,0,19223763,,,false,5
,I?LtdXZr_,1,19397439,,,false,5
,I?LtdXZr_,2,19251277,,,false,5
,I?LtdXZr_,3,19186262,,,false,5
,I?LtdXZr_,4,19541228,,,false,5
,I?LtdXZr_,5,19190102,,,false,5
,I?LtdXZr_,6,19253302,,,false,5
,I?LtdXZr_,7,19319784,,,false,5
,I?LtdXZr_,8,19125156,,,false,5
,I?LtdXZr_,9,19090170,,,false,5
,I?^@lhRig,0,19060561,,,false,5
,I?^@lhRig,1,18876897,,,false,5
,I?^@lhRig,2,18875221,,,false,5
,I?^@lhRig,3,19119640,,,false,5
,I?^@lhRig,4,18961675,,,false,5
,I?^@lhRig,5,18998338,,,false,5
,I?^@lhRig,6,19096874,,,false,5
,I?^@lhRig,7,18986955,,,false,5
,I?^@lhRig,8,19086050,,,false,5
,I?^@lhRig,9,18859508,,,false,5
,IgNSQcnLo,0,19376140,,,false,5
,IgNSQcnLo,1,19460150,,,false,5
,IgNSQcnLo,2,19249880,,,false,5
,IgNSQcnLo,3,19262869,,,false,5
,IgNSQcnLo,4,19470765,,,false,5
,IgNSQcnLo,5,19279282,,,false,5
,IgNSQcnLo,6,19273070,,,false,5
,IgNSQcnLo,7,19405057,,,false,5
,IgNSQcnLo,8,19284943,,,false,5
,IgNSQcnLo,9,19249537,,,false,5
,I`hPWxbcw,0,18926764,,,false,5
,I`hPWxbcw,1,18819569,,,false,5
,I`hPWxbcw,2,18913216,,,false,5
,I`hPWxbcw,3,18958468,,,false,5
,I`hPWxbcw,4,18856930,,,false,5
,I`hPWxbcw,5,18905883,,,false,5
,I`hPWxbcw,6,18992827,,,false,5
,I`hPWxbcw,7,18696731,,,false,5
,I`hPWxbcw,8,19091433,,,false,5
,I`hPWxbcw,9,18710767,,,false,5
,Iw?yspTIw,0,18537439,,,false,5
,Iw?yspTIw,1,18812096,,,false,5
,Iw?yspTIw,2,18593306,,,false,5
,Iw?yspTIw,3,18608880,,,false,5
,Iw?yspTIw,4,18793939,,,false,5
,Iw?yspTIw,5,18575848,,,false,5
,Iw?yspTIw,6,18625849,,,false,5
,Iw?yspTIw,7,18839331,,,false,5
,Iw?yspTIw,8,18606644,,,false,5
,Iw?yspTIw,9,18556853,,,false,5
,Ija?X_J@w,0,16248630,,,false,3
,Ija?X_J@w,1,16082075,,,false,3
,Ija?X_J@w,2,16046041,,,false,3
,Ija?X_J@w,3,16255264,,,false,3
,Ija?X_J@w,4,16291856,,,false,3
,Ija?X_J@w,5,15999741,,,false,3
,Ija?X_J@w,6,16095204,,,false,3
,Ija?X_J@w,7,16269091,,,false,3
,Ija?X_J@w,8,16045482,,,false,3
,Ija?X_J@w,9,16088430,,,false,3
,I{?BWoTBW,0,16404009,,,false,3
,I{?BWoTBW,1,16258336,,,false,3
,I{?BWoTBW,2,16210849,,,false,3
,I{?BWoTBW,3,16238503,,,false,3
,I{?BWoTBW,4,16411692,,,false,3
,I{?BWoTBW,5,16295558,,,false,3
,I{?BWoTBW,6,16206938,,,false,3
,I{?BWoTBW,7,16286758,,,false,3
,I{?BWoTBW,8,16178167,,,false,3
,I{?BWoTBW,9,16194089,,,false,3
,IRaIACbFG,0,16143250,,,false,3
,IRaIACbFG,1,15994713,,,false,3
,IRaIACbFG,2,16298700,,,false,3
,IRaIACbFG,3,15993526,,,false,3
,IRaIACbFG,4,16050091,,,false,3
,IRaIACbFG,5,15972924,,,false,3
,IRaIACbFG,6,15994643,,,false,3
,IRaIACbFG,7,16127886,,,false,3
,IRaIACbFG,8,15942616,,,false,3
,IRaIACbFG,9,16030817,,,false,3
,IqS`K?X@w,0,15656995,,,false,3
,IqS`K?X@w,1,15858118,,,false,3
,IqS`K?X@w,2,15745056,,,false,3
,IqS`K?X@w,3,15656508,,,false,3
,IqS`K?X@w,4,15942062,,,false,3
,IqS`K?X@w,5,15752952,,,false,3
,IqS`K?X@w,6,15766918,,,false,3
,IqS`K?X@w,7,15634793,,,false,3
,IqS`K?X@w,8,15788218,,,false,3
,IqS`K?X@w,9,15585699,,,false,3
,It?GY@FMO,0,15978096,,,false,3
,It?GY@FMO,1,16333482,,,false,3
,It?GY@FMO,2,15955051,,,false,3
,It?GY@FMO,3,15925023,,,false,3
,It?GY@FMO,4,16050933,,,false,3
,It?GY@FMO,5,16066367,,,false,3
,It?GY@FMO,6,15975582,,,false,3
,It?GY@FMO,7,15896740,,,false,3
,It?GY@FMO,8,16119371,,,false,3
,It?GY@FMO,9,15938151,,,false,3
,I`B@_WJ}?,0,16031380,,,false,3
,I`B@_WJ}?,1,16260994,,,false,3
,I`B@_WJ}?,2,15995834,,,false,3
,I`B@_WJ}?,3,15987664,,,false,3
,I`B@_WJ}?,4,15989689,,,false,3
,I`B@_WJ}?,5,16129078,,,false,3
,I`B@_WJ}?,6,15960080,,,false,3
,I`B@_WJ}?,7,15978516,,,false,3
,I`B@_WJ}?,8,16186901,,,false,3
,I`B@_WJ}?,9,16070836,,,false,3
,ItPG?CfEo,0,16159805,,,false,3
,ItPG?CfEo,1,16163576,,,false,3
,ItPG?CfEo,2,16127890,,,false,3
,ItPG?CfEo,3,16018740,,,false,3
,ItPG?CfEo,4,16074468,,,false,3
,ItPG?CfEo,5,16241301,,,false,3
,ItPG?CfEo,6,16040738,,,false,3
,ItPG?CfEo,7,16180475,,,false,3
,ItPG?CfEo,8,16376151,,,false,3
,ItPG?CfEo,9,16051771,,,false,3
,IFAIPWjp_,0,17108151,,,false,4
,IFAIPWjp_,1,17025049,,,false,4
,IFAIPWjp_,2,17222749,,,false,4
,IFAIPWjp_,3,17094603,,,false,4
,IFAIPWjp_,4,17069533,,,false,4
,IFAIPWjp_,5,17139297,,,false,4
,IFAIPWjp_,6,17082731,,,false,4
,IFAIPWjp_,7,17020369,,,false,4
,IFAIPWjp_,8,17253336,,,false,4
,IFAIPWjp_,9,17134408,,,false,4
,Iq??XyiTg,0,17426943,,,false,3
,Iq??XyiTg,1,17533440,,,false,3
,Iq??XyiTg,2,17459696,,,false,3
,Iq??XyiTg,3,17407250,,,false,3
,Iq??XyiTg,4,17655021,,,false,3
,Iq??XyiTg,5,17466190,,,false,3
,Iq??XyiTg,6,17360322,,,false,3
,Iq??XyiTg,7,17589237,,,false,3
,Iq??XyiTg,8,17361299,,,false,3
,Iq??XyiTg,9,17418423,,,false,3
,I@?uQQL{O,0,16999070,,,false,3
,I@?uQQL{O,1,16962756,,,false,3
,I@?uQQL{O,2,16915269,,,false,3
,I@?uQQL{O,3,16905982,,,false,3
,I@?uQQL{O,4,17181900,,,false,3
,I@?uQQL{O,5,16990136,,,false,3
,I@?uQQL{O,6,16986784,,,false,3
,I@?uQQL{O,7,17360117,,,false,3
,I@?uQQL{O,8,16997399,,,false,3
,I@?uQQL{O,9,17040835,,,false,3
,IGAZOqPwW,0,17032386,,,false,3
,IGAZOqPwW,1,16766527,,,false,3
,IGAZOqPwW,2,16802004,,,false,3
,IGAZOqPwW,3,16974982,,,false,3
,IGAZOqPwW,4,16789782,,,false,3
,IGAZOqPwW,5,16839783,,,false,3
,IGAZOqPwW,6,16854239,,,false,3
,IGAZOqPwW,7,16975959,,,false,3
,IGAZOqPwW,8,16837688,,,false,3
,IGAZOqPwW,9,16866809,,,false,3
,IJaD_XDAw,0,16952425,,,false,3
,IJaD_XDAw,1,16761988,,,false,3
,IJaD_XDAw,2,16707378,,,false,3
,IJaD_XDAw,3,17018768,,,false,3
,IJaD_XDAw,4,16728468,,,false,3
,IJaD_XDAw,5,16837199,,,false,3
,IJaD_XDAw,6,16874281,,,false,3
,IJaD_XDAw,7,16802492,,,false,3
,IJaD_XDAw,8,16710661,,,false,3
,IJaD_XDAw,9,16751932,,,false,3
,IF?G]YiX_,0,17508724,,,false,4
,IF?G]YiX_,1,17393917,,,false,4
,IF?G]YiX_,2,17294612,,,false,4
,IF?G]YiX_,3,17592035,,,false,4
,IF?G]YiX_,4,17325689,,,false,4
,IF?G]YiX_,5,17389098,,,false,4
,IF?G]YiX_,6,17579745,,,false,4
,IF?G]YiX_,7,17420942,,,false,4
,IF?G]YiX_,8,17401389,,,false,4
,IF?G]YiX_,9,17608168,,,false,4
,ItPG?CrBo,0,15709170,,,false,3
,ItPG?CrBo,1,15584097,,,false,3
,ItPG?CrBo,2,15672856,,,false,3
,ItPG?CrBo,3,15882358,,,false,3
,ItPG?CrBo,4,15649322,,,false,3
,ItPG?CrBo,5,15625230,,,false,3
,ItPG?CrBo,6,15722858,,,false,3
,ItPG?CrBo,7,15585075,,,false,3
,ItPG?CrBo,8,15599042,,,false,3
,ItPG?CrBo,9,15765805,,,false,3
,Is?JY_pBW,0,16685240,,,false,3
,Is?JY_pBW,1,16593409,,,false,3
,Is?JY_pBW,2,16660240,,,false,3
,Is?JY_pBW,3,16785871,,,false,3
,Is?JY_pBW,4,16660170,,,false,3
,Is?JY_pBW,5,16624625,,,false,3
,Is?JY_pBW,6,16715339,,,false,3
,Is?JY_pBW,7,16683006,,,false,3
,Is?JY_pBW,8,16663173,,,false,3
,Is?JY_pBW,9,16765201,,,false,3
,I?X_sespo,0,17598809,,,false,3
,I?X_sespo,1,17558375,,,false,3
,I?X_sespo,2,17720600,,,false,3
,I?X_sespo,3,17508516,,,false,3
,I?X_sespo,4,17487220,,,false,3
,I?X_sespo,5,17519552,,,false,3
,I?X_sespo,6,17637293,,,false,3
,I?X_sespo,7,17464105,,,false,3
,I?X_sespo,8,17563548,,,false,3
,I?X_sespo,9,17757407,,,false,3
,Ii??Xyidg,0,17593158,,,false,3
,Ii??Xyidg,1,17571859,,,false,3
,Ii??Xyidg,2,17735480,,,false,3
,Ii??Xyidg,3,17660059,,,false,3
,Ii??Xyidg,4,17600491,,,false,3
,Ii??Xyidg,5,17781151,,,false,3
,Ii??Xyidg,6,17497485,,,false,3
,Ii??Xyidg,7,17484007,,,false,3
,Ii??Xyidg,8,17785900,,,false,3
,Ii??Xyidg,9,17565015,,,false,3
,Iq`@OgfEw,0,17391337,,,false,3
,Iq`@OgfEw,1,17513408,,,false,3
,Iq`@OgfEw,2,17323039,,,false,3
,Iq`@OgfEw,3,17381770,,,false,3
,Iq`@OgfEw,4,17514315,,,false,3
,Iq`@OgfEw,5,17431352,,,false,3
,Iq`@OgfEw,6,17290706,,,false,3
,Iq`@OgfEw,7,17524650,,,false,3
,Iq`@OgfEw,8,17349576,,,false,3
,Iq`@OgfEw,9,17339939,,,false,3
,Is?IXXQKW,0,16655845,,,false,3
,Is?IXXQKW,1,17641203,,,false,3
,Is?IXXQKW,2,16675538,,,false,3
,Is?IXXQKW,3,16413451,,,false,3
,Is?IXXQKW,4,16650188,,,false,3
,Is?IXXQKW,5,16362053,,,false,3
,Is?IXXQKW,6,16476720,,,false,3
,Is?IXXQKW,7,16643275,,,false,3
,Is?IXXQKW,8,16413870,,,false,3
,Is?IXXQKW,9,16470087,,,false,3
,IqMA`OF@w,0,16595578,,,false,4
,IqMA`OF@w,1,16361424,,,false,4
,IqMA`OF@w,2,16442990,,,false,4
,IqMA`OF@w,3,16418968,,,false,4
,IqMA`OF@w,4,16641390,,,false,4
,IqMA`OF@w,5,16491944,,,false,4
,IqMA`OF@w,6,16383143,,,false,4
,IqMA`OF@w,7,16587547,,,false,4
,IqMA`OF@w,8,16431887,,,false,4
,IqMA`OF@w,9,16424484,,,false,4
,Ija?pGJ@w,0,16627422,,,false,4
,Ija?pGJ@w,1,16541177,,,false,4
,Ija?pGJ@w,2,16425672,,,false,4
,Ija?pGJ@w,3,16485101,,,false,4
,Ija?pGJ@w,4,16664923,,,false,4
,Ija?pGJ@w,5,16439080,,,false,4
,Ija?pGJ@w,6,16398366,,,false,4
,Ija?pGJ@w,7,16617157,,,false,4
,Ija?pGJ@w,8,16425462,,,false,4
,Ija?pGJ@w,9,16461427,,,false,4
,I?emBXQKg,0,17376533,,,false,4
,I?emBXQKg,1,17057601,,,false,4
,I?emBXQKg,2,17153277,,,false,4
,I?emBXQKg,3,17290712,,,false,4
,I?emBXQKg,4,17187636,,,false,4
,I?emBXQKg,5,17170248,,,false,4
,I?emBXQKg,6,17139381,,,false,4
,I?emBXQKg,7,17240360,,,false,4
,I?emBXQKg,8,17091334,,,false,4
,I?emBXQKg,9,17077787,,,false,4
,I__HGlo}G,0,16695795,,,false,4
,I__HGlo}G,1,16610946,,,false,4
,I__HGlo}G,2,16620024,,,false,4
,I__HGlo}G,3,16919822,,,false,4
,I__HGlo}G,4,16649424,,,false,4
,I__HGlo}G,5,16613041,,,false,4
,I__HGlo}G,6,16784902,,,false,4
,I__HGlo}G,7,16634759,,,false,4
,I__HGlo}G,8,16603962,,,false,4
,I__HGlo}G,9,16642022,,,false,4
,IoCOQKf}?,0,16769330,,,false,4
,IoCOQKf}?,1,16610527,,,false,4
,IoCOQKf}?,2,16677848,,,false,4
,IoCOQKf}?,3,16768422,,,false,4
,IoCOQKf}?,4,16638112,,,false,4
,IoCOQKf}?,5,16591532,,,false,4
,IoCOQKf}?,6,16780084,,,false,4
,IoCOQKf}?,7,16587691,,,false,4
,IoCOQKf}?,8,16652218,,,false,4
,IoCOQKf}?,9,16722820,,,false,4
,IWAQWoXwW,0,16752570,,,false,4
,IWAQWoXwW,1,16751871,,,false,4
,IWAQWoXwW,2,16651869,,,false,4
,IWAQWoXwW,3,16917029,,,false,4
,IWAQWoXwW,4,16709971,,,false,4
,IWAQWoXwW,5,16744329,,,false,4
,IWAQWoXwW,6,16930716,,,false,4
,IWAQWoXwW,7,16732737,,,false,4
,IWAQWoXwW,8,16748310,,,false,4
,IWAQWoXwW,9,16809833,,,false,4
,IsP@OgfEw,0,17315991,,,false,4
,IsP@OgfEw,1,17285264,,,false,4
,IsP@OgfEw,2,17441832,,,false,4
,IsP@OgfEw,3,17352305,,,false,4
,IsP@OgfEw,4,17334357,,,false,4
,IsP@OgfEw,5,17289105,,,false,4
,IsP@OgfEw,6,17607409,,,false,4
,IsP@OgfEw,7,17325908,,,false,4
,IsP@OgfEw,8,17358729,,,false,4
,IsP@OgfEw,9,17582897,,,false,4
,IQ`F`GXBW,0,16565554,,,false,4
,IQ`F`GXBW,1,16612203,,,false,4
,IQ`F`GXBW,2,16749497,,,false,4
,IQ`F`GXBW,3,16629453,,,false,4
,IQ`F`GXBW,4,16616254,,,false,4
,IQ`F`GXBW,5,16811370,,,false,4
,IQ`F`GXBW,6,16574423,,,false,4
,IQ`F`GXBW,7,16669817,,,false,4
,IQ`F`GXBW,8,16680152,,,false,4
,IQ`F`GXBW,9,16762626,,,false,4
,IsOPAWVIw,0,17262009,,,false,3
,IsOPAWVIw,1,17322349,,,false,3
,IsOPAWVIw,2,17532761,,,false,3
,IsOPAWVIw,3,17305102,,,false,3
,IsOPAWVIw,4,17346304,,,false,3
,IsOPAWVIw,5,17413484,,,false,3
,IsOPAWVIw,6,17334013,,,false,3
,IsOPAWVIw,7,17239108,,,false,3
,IsOPAWVIw,8,17523333,,,false,3
,IsOPAWVIw,9,17254821,,,false,3
,IIGOSMF}?,0,16447539,,,false,4
,IIGOSMF}?,1,16530082,,,false,4
,IIGOSMF}?,2,16352704,,,false,4
,IIGOSMF}?,3,16364575,,,false,4
,IIGOSMF}?,4,16340343,,,false,4
,IIGOSMF}?,5,16476660,,,false,4
,IIGOSMF}?,6,16343975,,,false,4
,IIGOSMF}?,7,16380079,,,false,4
,IIGOSMF}?,8,16572751,,,false,4
,IIGOSMF}?,9,16390833,,,false,4
,IqGODTUBw,0,17087499,,,false,3
,IqGODTUBw,1,17329823,,,false,3
,IqGODTUBw,2,17148254,,,false,3
,IqGODTUBw,3,17465301,,,false,3
,IqGODTUBw,4,17670404,,,false,3
,IqGODTUBw,5,17649524,,,false,3
,IqGODTUBw,6,17641003,,,false,3
,IqGODTUBw,7,17667191,,,false,3
,IqGODTUBw,8,17808885,,,false,3
,IqGODTUBw,9,17669775,,,false,3
,I``@xaHPW,0,16987985,,,false,3
,I``@xaHPW,1,17043713,,,false,3
,I``@xaHPW,2,16905371,,,false,3
,I``@xaHPW,3,16918710,,,false,3
,I``@xaHPW,4,16934492,,,false,3
,I``@xaHPW,5,16979884,,,false,3
,I``@xaHPW,6,16980373,,,false,3
,I``@xaHPW,7,16992454,,,false,3
,I``@xaHPW,8,17000625,,,false,3
,I``@xaHPW,9,16984912,,,false,3
,I@`MEWyL_,0,17831441,,,false,3
,I@`MEWyL_,1,17932631,,,false,3
,I@`MEWyL_,2,17763982,,,false,3
,I@`MEWyL_,3,17923762,,,false,3
,I@`MEWyL_,4,17857978,,,false,3
,I@`MEWyL_,5,17798061,,,false,3
,I@`MEWyL_,6,17844850,,,false,3
,I@`MEWyL_,7,17974880,,,false,3
,I@`MEWyL_,8,17792334,,,false,3
,I@`MEWyL_,9,17881233,,,false,3
,IukAHLUJO,0,18405548,,,false,4
,IukAHLUJO,1,18197861,,,false,4
,IukAHLUJO,2,18239272,,,false,4
,IukAHLUJO,3,18418815,,,false,4
,IukAHLUJO,4,18192973,,,false,4
,IukAHLUJO,5,18239482,,,false,4
,IukAHLUJO,6,18421470,,,false,4
,IukAHLUJO,7,18269651,,,false,4
,IukAHLUJO,8,18220558,,,false,4
,IukAHLUJO,9,18446265,,,false,4
,I~~DI[vFw,0,22325202,,,false,6
,I~~DI[vFw,1,22349644,,,false,6
,I~~DI[vFw,2,22322689,,,false,6
,I~~DI[vFw,3,22254111,,,false,6
,I~~DI[vFw,4,22333652,,,false,6
,I~~DI[vFw,5,22411726,,,false,6
,I~~DI[vFw,6,22365287,,,false,6
,I~~DI[vFw,7,22376042,,,false,6
,I~~DI[vFw,8,22381628,,,false,6
,I~~DI[vFw,9,22422760,,,false,6
,I~qkzXZLw,0,22335677,,,false,7
,I~qkzXZLw,1,22441825,,,false,7
,I~qkzXZLw,2,22170660,,,false,7
,I~qkzXZLw,3,22337353,,,false,7
,I~qkzXZLw,4,22346432,,,false,7
,I~qkzXZLw,5,22285047,,,false,7
,I~qkzXZLw,6,22417803,,,false,7
,I~qkzXZLw,7,22451183,,,false,7
,I~qkzXZLw,8,22349644,,,false,7
,I~qkzXZLw,9,22407397,,,false,7
,I???h?HpG,0,13542792,,,false,1
,I???h?HpG,1,13507876,,,false,1
,I???h?HpG,2,13551242,,,false,1
,I???h?HpG,3,13525335,,,false,1
,I???h?HpG,4,13511996,,,false,1
,I???h?HpG,5,13565908,,,false,1
,I???h?HpG,6,13155004,,,false,1
,I???h?HpG,7,12938169,,,false,1
,I???h?HpG,8,12801014,,,false,1
,I???h?HpG,9,12850597,,,false,1
,I????SE{G,0,13257311,,,false,1
,I????SE{G,1,13297535,,,false,1
,I????SE{G,2,13245299,,,false,1
,I????SE{G,3,13277982,,,false,1
,I????SE{G,4,13322116,,,false,1
,I????SE{G,5,13252841,,,false,1
,I????SE{G,6,13206123,,,false,1
,I????SE{G,7,13264434,,,false,1
,I????SE{G,8,13202701,,,false,1
,I????SE{G,9,13156610,,,false,1
,I???BGY`_,0,12375236,,,false,1
,I???BGY`_,1,12356591,,,false,1
,I???BGY`_,2,12335011,,,false,1
,I???BGY`_,3,12383546,,,false,1
,I???BGY`_,4,12380263,,,false,1
,I???BGY`_,5,12376912,,,false,1
,I???BGY`_,6,12352331,,,false,1
,I???BGY`_,7,12434874,,,false,1
,I???BGY`_,8,12419091,,,false,1
,I???BGY`_,9,12479708,,,false,1
,It?IQGiDO,0,15247653,,,false,3
,It?IQGiDO,1,15301146,,,false,3
,It?IQGiDO,2,15190040,,,false,3
,It?IQGiDO,3,15208336,,,false,3
,It?IQGiDO,4,15147022,,,false,3
,It?IQGiDO,5,15102329,,,false,3
,It?IQGiDO,6,15107147,,,false,3
,It?IQGiDO,7,15286411,,,false,3
,It?IQGiDO,8,15227611,,,false,3
,It?IQGiDO,9,15327337,,,false,3
,IG_UXzs}O,0,19283862,,,false,4
,IG_UXzs}O,1,19197127,,,false,4
,IG_UXzs}O,2,19090212,,,false,4
,IG_UXzs}O,3,19133229,,,false,4
,IG_UXzs}O,4,19064023,,,false,4
,IG_UXzs}O,5,19164376,,,false,4
,IG_UXzs}O,6,19205647,,,false,4
,IG_UXzs}O,7,19192588,,,false,4
,IG_UXzs}O,8,19206904,,,false,4
,IG_UXzs}O,9,19162420,,,false,4
,I_A_tt}^_,0,19411728,,,false,4
,I_A_tt}^_,1,19213050,,,false,4
,I_A_tt}^_,2,19123592,,,false,4
,I_A_tt}^_,3,19357676,,,false,4
,I_A_tt}^_,4,19854197,,,false,4
,I_A_tt}^_,5,20316149,,,false,4
,I_A_tt}^_,6,20306932,,,false,4
,I_A_tt}^_,7,20561198,,,false,4
,I_A_tt}^_,8,20468109,,,false,4
,I_A_tt}^_,9,20507705,,,false,4
,I?O__E@BG,0,13170929,,,false,1
,I?O__E@BG,1,13071626,,,false,1
,I?O__E@BG,2,13082589,,,false,1
,I?O__E@BG,3,13092087,,,false,1
,I?O__E@BG,4,13170301,,,false,1
,I?O__E@BG,5,13242928,,,false,1
,I?O__E@BG,6,13078957,,,false,1
,I?O__E@BG,7,13140482,,,false,1
,I?O__E@BG,8,13213807,,,false,1
,I?O__E@BG,9,13145440,,,false,1
,IJPHPKYDW,0,16877796,,,false,5
,IJPHPKYDW,1,16934082,,,false,5
,IJPHPKYDW,2,17073541,,,false,5
,IJPHPKYDW,3,16912504,,,false,5
,IJPHPKYDW,4,16892182,,,false,5
,IJPHPKYDW,5,16970047,,,false,5
,IJPHPKYDW,6,16881077,,,false,5
,IJPHPKYDW,7,16827305,,,false,5
,IJPHPKYDW,8,17047772,,,false,5
,IJPHPKYDW,9,16905659,,,false,5
,I?@?RaQJG,0,15890411,,,false,2
,I?@?RaQJG,1,15993067,,,false,2
,I?@?RaQJG,2,16058431,,,false,2
,I?@?RaQJG,3,15977633,,,false,2
,I?@?RaQJG,4,15959407,,,false,2
,I?@?RaQJG,5,16026447,,,false,2
,I?@?RaQJG,6,16060038,,,false,2
,I?@?RaQJG,7,15899419,,,false,2
,I?@?RaQJG,8,16067790,,,false,2
,I?@?RaQJG,9,16022537,,,false,2
,IQQ@HKYEW,0,17125358,,,false,3
,IQQ@HKYEW,1,17455324,,,false,3
,IQQ@HKYEW,2,17196100,,,false,3
,IQQ@HKYEW,3,17112229,,,false,3
,IQQ@HKYEW,4,17118793,,,false,3
,IQQ@HKYEW,5,17095888,,,false,3
,IQQ@HKYEW,6,17067675,,,false,3
,IQQ@HKYEW,7,17052521,,,false,3
,IQQ@HKYEW,8,17128435,,,false,3
,IQQ@HKYEW,9,17041282,,,false,3
,Ir?GWWJ@w,0,13666895,,,false,4
,Ir?GWWJ@w,1,13766199,,,false,4
,Ir?GWWJ@w,2,13684773,,,false,4
,Ir?GWWJ@w,3,13753141,,,false,4
,Ir?GWWJ@w,4,13762708,,,false,4
,Ir?GWWJ@w,5,13846788,,,false,4
,Ir?GWWJ@w,6,13783937,,,false,4
,Ir?GWWJ@w,7,13720178,,,false,4
,Ir?GWWJ@w,8,13726882,,,false,4
,Ir?GWWJ@w,9,13839037,,,false,4
,I`?M@_K?w,0,14326479,,,false,2
,I`?M@_K?w,1,14462934,,,false,2
,I`?M@_K?w,2,14212370,,,false,2
,I`?M@_K?w,3,14390796,,,false,2
,I`?M@_K?w,4,14226825,,,false,2
,I`?M@_K?w,5,14228571,,,false,2
,I`?M@_K?w,6,14242259,,,false,2
,I`?M@_K?w,7,14404693,,,false,2
,I`?M@_K?w,8,14218306,,,false,2
,I`?M@_K?w,9,14280249,,,false,2
,Iv?GOKFY?,0,15661429,,,false,3
,Iv?GOKFY?,1,15723232,,,false,3
,Iv?GOKFY?,2,15587754,,,false,3
,Iv?GOKFY?,3,15622881,,,false,3
,Iv?GOKFY?,4,15736082,,,false,3
,Iv?GOKFY?,5,15670926,,,false,3
,Iv?GOKFY?,6,15573019,,,false,3
,Iv?GOKFY?,7,15652979,,,false,3
,Iv?GOKFY?,8,15776655,,,false,3
,Iv?GOKFY?,9,15595575,,,false,3
,I???pHG`G,0,13102565,,,false,1
,I???pHG`G,1,13175332,,,false,1
,I???pHG`G,2,13415003,,,false,1
,I???pHG`G,3,13086015,,,false,1
,I???pHG`G,4,13016809,,,false,1
,I???pHG`G,5,13061503,,,false,1
,I???pHG`G,6,13181897,,,false,1
,I???pHG`G,7,13139787,,,false,1
,I???pHG`G,8,13099353,,,false,1
,I???pHG`G,9,13116811,,,false,1
,I?C@?N?BG,0,13317864,,,false,1
,I?C@?N?BG,1,13197120,,,false,1
,I?C@?N?BG,2,13191115,,,false,1
,I?C@?N?BG,3,13168559,,,false,1
,I?C@?N?BG,4,13289302,,,false,1
,I?C@?N?BG,5,13180430,,,false,1
,I?C@?N?BG,6,13193279,,,false,1
,I?C@?N?BG,7,13172190,,,false,1
,I?C@?N?BG,8,13293352,,,false,1
,I?C@?N?BG,9,13173098,,,false,1
,IugOXhJX_,0,19190987,,,false,5
,IugOXhJX_,1,19259076,,,false,5
,IugOXhJX_,2,19227999,,,false,5
,IugOXhJX_,3,19342248,,,false,5
,IugOXhJX_,4,19372067,,,false,5
,IugOXhJX_,5,19204326,,,false,5
,IugOXhJX_,6,19194548,,,false,5
,IugOXhJX_,7,19288406,,,false,5
,IugOXhJX_,8,19168081,,,false,5
,IugOXhJX_,9,19200554,,,false,5
,I?_aCwuU_,0,17194010,,,false,3
,I?_aCwuU_,1,17051268,,,false,3
,I?_aCwuU_,2,17151829,,,false,3
,I?_aCwuU_,3,17167682,,,false,3
,I?_aCwuU_,4,17047920,,,false,3
,I?_aCwuU_,5,17037585,,,false,3
,I?_aCwuU_,6,17128789,,,false,3
,I?_aCwuU_,7,17039960,,,false,3
,I?_aCwuU_,8,16980461,,,false,3
,I?_aCwuU_,9,16992403,,,false,3
,I?cqcGbQW,0,17538017,,,false,3
,I?cqcGbQW,1,17427120,,,false,3
,I?cqcGbQW,2,17449886,,,false,3
,I?cqcGbQW,3,17497932,,,false,3
,I?cqcGbQW,4,17402049,,,false,3
,I?cqcGbQW,5,17573842,,,false,3
,I?cqcGbQW,6,17687532,,,false,3
,I?cqcGbQW,7,17556803,,,false,3
,I?cqcGbQW,8,17415877,,,false,3
,I?cqcGbQW,9,17440179,,,false,3
,I@Q@QK^kw,0,19339599,,,false,3
,I@Q@QK^kw,1,19240225,,,false,3
,I@Q@QK^kw,2,19135962,,,false,3
,I@Q@QK^kw,3,18659834,,,false,3
,I@Q@QK^kw,4,18352772,,,false,3
,I@Q@QK^kw,5,18326934,,,false,3
,I@Q@QK^kw,6,18389645,,,false,3
,I@Q@QK^kw,7,18521422,,,false,3
,I@Q@QK^kw,8,18487273,,,false,3
,I@Q@QK^kw,9,18382452,,,false,3
,ICHCPLRFw,0,17848081,,,false,3
,ICHCPLRFw,1,17895987,,,false,3
,ICHCPLRFw,2,17810161,,,false,3
,ICHCPLRFw,3,17794588,,,false,3
,ICHCPLRFw,4,17800663,,,false,3
,ICHCPLRFw,5,17760020,,,false,3
,ICHCPLRFw,6,17789699,,,false,3
,ICHCPLRFw,7,17739768,,,false,3
,ICHCPLRFw,8,17745494,,,false,3
,ICHCPLRFw,9,17761696,,,false,3
,IOD?g\bew,0,17666931,,,false,3
,IOD?g\bew,1,17707853,,,false,3
,IOD?g\bew,2,17713720,,,false,3
,IOD?g\bew,3,17724544,,,false,3
,IOD?g\bew,4,17782087,,,false,3
,IOD?g\bew,5,17741304,,,false,3
,IOD?g\bew,6,17732854,,,false,3
,IOD?g\bew,7,17763093,,,false,3
,IOD?g\bew,8,17799755,,,false,3
,IOD?g\bew,9,17805132,,,false,3
,I@`CJcnFw,0,18650266,,,false,4
,I@`CJcnFw,1,18624497,,,false,4
,I@`CJcnFw,2,18623520,,,false,4
,I@`CJcnFw,3,18623520,,,false,4
,I@`CJcnFw,4,18661439,,,false,4
,I@`CJcnFw,5,18568910,,,false,4
,I@`CJcnFw,6,18614860,,,false,4
,I@`CJcnFw,7,18683996,,,false,4
,I@`CJcnFw,8,18650545,,,false,4
,I@`CJcnFw,9,18596285,,,false,4
,I??GjQoRg,0,16217806,,,false,3
,I??GjQoRg,1,16196507,,,false,3
,I??GjQoRg,2,16600008,,,false,3
,I??GjQoRg,3,16774455,,,false,3
,I??GjQoRg,4,16738699,,,false,3
,I??GjQoRg,5,16734160,,,false,3
,I??GjQoRg,6,16907349,,,false,3
,I??GjQoRg,7,16811047,,,false,3
,I??GjQoRg,8,16513693,,,false,3
,I??GjQoRg,9,16330868,,,false,3
,IoCOPHA~w,0,17665818,,,false,3
,IoCOPHA~w,1,17700875,,,false,3
,IoCOPHA~w,2,17693542,,,false,3
,IoCOPHA~w,3,17633206,,,false,3
,IoCOPHA~w,4,17704087,,,false,3
,IoCOPHA~w,5,17678179,,,false,3
,IoCOPHA~w,6,17729647,,,false,3
,IoCOPHA~w,7,17593121,,,false,3
,IoCOPHA~w,8,17697593,,,false,3
,IoCOPHA~w,9,17762608,,,false,3
,I????Wqoo,0,13338193,,,false,1
,I????Wqoo,1,13316754,,,false,1
,I????Wqoo,2,13339311,,,false,1
,I????Wqoo,3,13287633,,,false,1
,I????Wqoo,4,13280649,,,false,1
,I????Wqoo,5,13269127,,,false,1
,I????Wqoo,6,13286237,,,false,1
,I????Wqoo,7,13263051,,,false,1
,I????Wqoo,8,13290216,,,false,1
,I????Wqoo,9,13295874,,,false,1
,I???OGoow,0,13667322,,,false,1
,I???OGoow,1,13692671,,,false,1
,I???OGoow,2,13672908,,,false,1
,I???OGoow,3,13747910,,,false,1
,I???OGoow,4,13693440,,,false,1
,I???OGoow,5,13644555,,,false,1
,I???OGoow,6,13649095,,,false,1
,I???OGoow,7,13719348,,,false,1
,I???OGoow,8,13664877,,,false,1
,I???OGoow,9,13715297,,,false,1
,I{~~fd^Nw,0,23028317,,,false,7
,I{~~fd^Nw,1,22976080,,,false,7
,I{~~fd^Nw,2,23051642,,,false,7
,I{~~fd^Nw,3,22937952,,,false,7
,I{~~fd^Nw,4,22924264,,,false,7
,I{~~fd^Nw,5,23038583,,,false,7
,I{~~fd^Nw,6,22929082,,,false,7
,I{~~fd^Nw,7,23067214,,,false,7
,I{~~fd^Nw,8,23043611,,,false,7
,I{~~fd^Nw,9,23007855,,,false,7
,ICS}||~~w,0,23060650,,,false,6
,ICS}||~~w,1,22987324,,,false,6
,ICS}||~~w,2,23007296,,,false,6
,ICS}||~~w,3,23011626,,,false,6
,ICS}||~~w,4,23092983,,,false,6
,ICS}||~~w,5,22975941,,,false,6
,ICS}||~~w,6,23036630,,,false,6
,ICS}||~~w,7,23058631,,,false,6
,ICS}||~~w,8,22963377,,,false,6
,ICS}||~~w,9,22981045,,,false,6
,I?v\||~^w,0,22627614,,,false,6
,I?v\||~^w,1,22404633,,,false,6
,I?v\||~^w,2,22551564,,,false,6
,I?v\||~^w,3,22467763,,,false,6
,I?v\||~^w,4,23000389,,,false,6
,I?v\||~^w,5,24128630,,,false,6
,I?v\||~^w,6,23785256,,,false,6
,I?v\||~^w,7,24007957,,,false,6
,I?v\||~^w,8,23654806,,,false,6
,I?v\||~^w,9,23889029,,,false,6
,I`?N~~~~w,0,23686859,,,false,5
,I`?N~~~~w,1,23568979,,,false,5
,I`?N~~~~w,2,23509481,,,false,5
,I`?N~~~~w,3,23504941,,,false,5
,I`?N~~~~w,4,23659555,,,false,5
,I`?N~~~~w,5,23755716,,,false,5
,I`?N~~~~w,6,23927159,,,false,5
,I`?N~~~~w,7,23977789,,,false,5
,I`?N~~~~w,8,23851319,,,false,5
,I`?N~~~~w,9,23867799,,,false,5
,I~ze}w~Nw,0,24134776,,,false,7
,I~ze}w~Nw,1,24060332,,,false,7
,I~ze}w~Nw,2,23900134,,,false,7
,I~ze}w~Nw,3,24150210,,,false,7
,I~ze}w~Nw,4,24106214,,,false,7
,I~ze}w~Nw,5,24053140,,,false,7
,I~ze}w~Nw,6,24065430,,,false,7
,I~ze}w~Nw,7,24154678,,,false,7
,I~ze}w~Nw,8,24174582,,,false,7
,I~ze}w~Nw,9,23904602,,,false,7
,I~~DJK^Fw,0,23071620,,,false,6
,I~~DJK^Fw,1,22695773,,,false,6
,I~~DJK^Fw,2,22891866,,,false,6
,I~~DJK^Fw,3,22795146,,,false,6
,I~~DJK^Fw,4,22878808,,,false,6
,I~~DJK^Fw,5,22994383,,,false,6
,I~~DJK^Fw,6,22828457,,,false,6
,I~~DJK^Fw,7,23024272,,,false,6
,I~~DJK^Fw,8,22810021,,,false,6
,I~~DJK^Fw,9,22807861,,,false,6
,Itlai[~Nw,0,22895295,,,false,6
,Itlai[~Nw,1,22818337,,,false,6
,Itlai[~Nw,2,22709535,,,false,6
,Itlai[~Nw,3,22680135,,,false,6
,Itlai[~Nw,4,22775738,,,false,6
,Itlai[~Nw,5,22736072,,,false,6
,Itlai[~Nw,6,22564489,,,false,6
,Itlai[~Nw,7,22864428,,,false,6
,Itlai[~Nw,8,22607298,,,false,6
,Itlai[~Nw,9,22794384,,,false,6
,IQGm_|~~w,0,22965129,,,false,5
,IQGm_|~~w,1,22954863,,,false,5
,IQGm_|~~w,2,23053888,,,false,5
,IQGm_|~~w,3,22872668,,,false,5
,IQGm_|~~w,4,22994319,,,false,5
,IQGm_|~~w,5,22846132,,,false,5
,IQGm_|~~w,6,22870503,,,false,5
,IQGm_|~~w,7,22517072,,,false,5
,IQGm_|~~w,8,21767471,,,false,5
,IQGm_|~~w,9,21657063,,,false,5
,IwCO]}~^w,0,20914725,,,false,5
,IwCO]}~^w,1,21081839,,,false,5
,IwCO]}~^w,2,20973596,,,false,5
,IwCO]}~^w,3,20997758,,,false,5
,IwCO]}~^w,4,20912141,,,false,5
,IwCO]}~^w,5,20876177,,,false,5
,IwCO]}~^w,6,20975203,,,false,5
,IwCO]}~^w,7,20864864,,,false,5
,IwCO]}~^w,8,20878621,,,false,5
,IwCO]}~^w,9,20962213,,,false,5
,I~zf?{^Fw,0,21061099,,,false,6
,I~zf?{^Fw,1,21158167,,,false,6
,I~zf?{^Fw,2,21165291,,,false,6
,I~zf?{^Fw,3,21046642,,,false,6
,I~zf?{^Fw,4,21055651,,,false,6
,I~zf?{^Fw,5,20971990,,,false,6
,I~zf?{^Fw,6,20974853,,,false,6
,I~zf?{^Fw,7,20944056,,,false,6
,I~zf?{^Fw,8,21003205,,,false,6
,I~zf?{^Fw,9,20986376,,,false,6
,I?rMX{~Nw,0,20257167,,,false,5
,I?rMX{~Nw,1,20403399,,,false,5
,I?rMX{~Nw,2,20334892,,,false,5
,I?rMX{~Nw,3,20233004,,,false,5
,I?rMX{~Nw,4,20316735,,,false,5
,I?rMX{~Nw,5,20389366,,,false,5
,I?rMX{~Nw,6,20344674,,,false,5
,I?rMX{~Nw,7,20367300,,,false,5
,I?rMX{~Nw,8,20416813,,,false,5
,I?rMX{~Nw,9,20494608,,,false,5
,I~fLQ{}Xw,0,22853889,,,false,6
,I~fLQ{}Xw,1,23243983,,,false,6
,I~fLQ{}Xw,2,23412493,,,false,6
,I~fLQ{}Xw,3,23434282,,,false,6
,I~fLQ{}Xw,4,23410607,,,false,6
,I~fLQ{}Xw,5,23525205,,,false,6
,I~fLQ{}Xw,6,23276037,,,false,6
,I~fLQ{}Xw,7,23394685,,,false,6
,I~fLQ{}Xw,8,23282462,,,false,6
,I~fLQ{}Xw,9,23194890,,,false,6
,I?qkz\^Nw,0,22116719,,,false,5
,I?qkz\^Nw,1,21924115,,,false,5
,I?qkz\^Nw,2,22000933,,,false,5
,I?qkz\^Nw,3,22018252,,,false,5
,I?qkz\^Nw,4,22142068,,,false,5
,I?qkz\^Nw,5,21953794,,,false,5
,I?qkz\^Nw,6,21330594,,,false,5
,I?qkz\^Nw,7,21051816,,,false,5
,I?qkz\^Nw,8,20771431,,,false,5
,I?qkz\^Nw,9,20748736,,,false,5
,IvzfA{}Fw,0,21624456,,,false,6
,IvzfA{}Fw,1,21679695,,,false,6
,IvzfA{}Fw,2,21609722,,,false,6
,IvzfA{}Fw,3,21576760,,,false,6
,IvzfA{}Fw,4,21708537,,,false,6
,IvzfA{}Fw,5,21598059,,,false,6
,IvzfA{}Fw,6,21597291,,,false,6
,IvzfA{}Fw,7,21703300,,,false,6
,IvzfA{}Fw,8,21704068,,,false,6
,IvzfA{}Fw,9,21726973,,,false,6
,I?C^~~{~G,0,21070950,,,false,6
,I?C^~~{~G,1,20978070,,,false,6
,I?C^~~{~G,2,20977861,,,false,6
,I?C^~~{~G,3,20970249,,,false,6
,I?C^~~{~G,4,20948810,,,false,6
,I?C^~~{~G,5,20922762,,,false,6
,I?C^~~{~G,6,20986032,,,false,6
,I?C^~~{~G,7,21003491,,,false,6
,I?C^~~{~G,8,20944410,,,false,6
,I?C^~~{~G,9,20952791,,,false,6
,I?@Yx{~zw,0,20299980,,,false,5
,I?@Yx{~zw,1,20368282,,,false,5
,I?@Yx{~zw,2,20357599,,,false,5
,I?@Yx{~zw,3,20539517,,,false,5
,I?@Yx{~zw,4,20251451,,,false,5
,I?@Yx{~zw,5,20210877,,,false,5
,I?@Yx{~zw,6,20420519,,,false,5
,I?@Yx{~zw,7,20528553,,,false,5
,I?@Yx{~zw,8,20386091,,,false,5
,I?@Yx{~zw,9,20429248,,,false,5
,Is`zro~Nw,0,21232622,,,false,6
,Is`zro~Nw,1,21138346,,,false,6
,Is`zro~Nw,2,21194493,,,false,6
,Is`zro~Nw,3,21257273,,,false,6
,Is`zro~Nw,4,21184715,,,false,6
,Is`zro~Nw,5,21163416,,,false,6
,Is`zro~Nw,6,21180596,,,false,6
,Is`zro~Nw,7,21498062,,,false,6
,Is`zro~Nw,8,22063999,,,false,6
,Is`zro~Nw,9,22090048,,,false,6
,I??D||~^w,0,20766129,,,false,4
,I??D||~^w,1,20446497,,,false,4
,I??D||~^w,2,20178474,,,false,4
,I??D||~^w,3,20171700,,,false,4
,I??D||~^w,4,20051934,,,false,4
,I??D||~^w,5,20153543,,,false,4
,I??D||~^w,6,20087480,,,false,4
,I??D||~^w,7,20166323,,,false,4
,I??D||~^w,8,20068415,,,false,4
,I??D||~^w,9,20152845,,,false,4
,I??F~~}~W,0,20527715,,,false,4
,I??F~~}~W,1,20455855,,,false,4
,I??F~~}~W,2,20647131,,,false,4
,I??F~~}~W,3,20606767,,,false,4
,I??F~~}~W,4,20647690,,,false,4
,I??F~~}~W,5,20640078,,,false,4
,I??F~~}~W,6,20581907,,,false,4
,I??F~~}~W,7,20632955,,,false,4
,I??F~~}~W,8,20515843,,,false,4
,I??F~~}~W,9,20655721,,,false,4
,I~?GW]^Zo,0,19413858,,,false,5
,I~?GW]^Zo,1,19306872,,,false,5
,I~?GW]^Zo,2,19445772,,,false,5
,I~?GW]^Zo,3,19429082,,,false,5
,I~?GW]^Zo,4,19389207,,,false,5
,I~?GW]^Zo,5,19373843,,,false,5
,I~?GW]^Zo,6,19325727,,,false,5
,I~?GW]^Zo,7,19415045,,,false,5
,I~?GW]^Zo,8,19545426,,,false,5
,I~?GW]^Zo,9,19325518,,,false,5
,I~}AHKVBw,0,19957033,,,false,5
,I~}AHKVBw,1,19819740,,,false,5
,I~}AHKVBw,2,19849839,,,false,5
,I~}AHKVBw,3,19873024,,,false,5
,I~}AHKVBw,4,19890691,,,false,5
,I~}AHKVBw,5,19945092,,,false,5
,I~}AHKVBw,6,19923095,,,false,5
,I~}AHKVBw,7,19962342,,,false,5
,I~}AHKVBw,8,19928402,,,false,5
,I~}AHKVBw,9,19901237,,,false,5
,ITlAIK~No,0,19618058,,,false,4
,ITlAIK~No,1,19582094,,,false,4
,ITlAIK~No,2,19596061,,,false,4
,ITlAIK~No,3,19982943,,,false,4
,ITlAIK~No,4,20446503,,,false,4
,ITlAIK~No,5,20667319,,,false,4
,ITlAIK~No,6,20918024,,,false,4
,ITlAIK~No,7,20875216,,,false,4
,ITlAIK~No,8,20812156,,,false,4
,ITlAIK~No,9,20958389,,,false,4
,I?qi`e^Zw,0,20728773,,,false,4
,I?qi`e^Zw,1,20101451,,,false,4
,I?qi`e^Zw,2,19861082,,,false,4
,I?qi`e^Zw,3,19914645,,,false,4
,I?qi`e^Zw,4,19750604,,,false,4
,I?qi`e^Zw,5,19828958,,,false,4
,I?qi`e^Zw,6,19749208,,,false,4
,I?qi`e^Zw,7,19732936,,,false,4
,I?qi`e^Zw,8,19780982,,,false,4
,I?qi`e^Zw,9,19953403,,,false,4
,I`?M\\]NW,0,19613799,,,false,4
,I`?M\\]NW,1,19470080,,,false,4
,I`?M\\]NW,2,19446057,,,false,4
,I`?M\\]NW,3,19321193,,,false,4
,I`?M\\]NW,4,19462328,,,false,4
,I`?M\\]NW,5,19445009,,,false,4
,I`?M\\]NW,6,19356111,,,false,4
,I`?M\\]NW,7,19430903,,,false,4
,I`?M\\]NW,8,19477482,,,false,4
,I`?M\\]NW,9,19459325,,,false,4
,IITX`Sffw,0,19624205,,,false,5
,IITX`Sffw,1,19563448,,,false,5
,IITX`Sffw,2,19602625,,,false,5
,IITX`Sffw,3,19545082,,,false,5
,IITX`Sffw,4,19855006,,,false,5
,IITX`Sffw,5,20362422,,,false,5
,IITX`Sffw,6,20547902,,,false,5
,IITX`Sffw,7,20808593,,,false,5
,IITX`Sffw,8,20676746,,,false,5
,IITX`Sffw,9,20025542,,,false,5
,I@KpW~Tqw,0,19672881,,,false,5
,I@KpW~Tqw,1,19530631,,,false,5
,I@KpW~Tqw,2,19420852,,,false,5
,I@KpW~Tqw,3,19497110,,,false,5
,I@KpW~Tqw,4,19517712,,,false,5
,I@KpW~Tqw,5,19511846,,,false,5
,I@KpW~Tqw,6,19501859,,,false,5
,I@KpW~Tqw,7,19520854,,,false,5
,I@KpW~Tqw,8,19356465,,,false,5
,I@KpW~Tqw,9,18742132,,,false,5
,IoCWzdkfw,0,18357973,,,false,5
,IoCWzdkfw,1,18044068,,,false,5
,IoCWzdkfw,2,18028914,,,false,5
,IoCWzdkfw,3,18166697,,,false,5
,IoCWzdkfw,4,18006288,,,false,5
,IoCWzdkfw,5,18066345,,,false,5
,IoCWzdkfw,6,17988340,,,false,5
,IoCWzdkfw,7,18068580,,,false,5
,IoCWzdkfw,8,17944066,,,false,5
,IoCWzdkfw,9,17954052,,,false,5
,I?eRRI^Zw,0,18163765,,,false,4
,I?eRRI^Zw,1,18165860,,,false,4
,I?eRRI^Zw,2,18110341,,,false,4
,I?eRRI^Zw,3,18224939,,,false,4
,I?eRRI^Zw,4,18074447,,,false,4
,I?eRRI^Zw,5,18108875,,,false,4
,I?eRRI^Zw,6,18128708,,,false,4
,I?eRRI^Zw,7,18350222,,,false,4
,I?eRRI^Zw,8,18619992,,,false,4
,I?eRRI^Zw,9,18599949,,,false,4
,I`?M]W~No,0,17913408,,,false,5
,I`?M]W~No,1,17875837,,,false,5
,I`?M]W~No,2,17875698,,,false,5
,I`?M]W~No,3,17899651,,,false,5
,I`?M]W~No,4,17715638,,,false,5
,I`?M]W~No,5,17559209,,,false,5
,I`?M]W~No,6,17629671,,,false,5
,I`?M]W~No,7,17621431,,,false,5
,I`?M]W~No,8,17531624,,,false,5
,I`?M]W~No,9,17535046,,,false,5
,I@KpW~RrW,0,17928074,,,false,5
,I@KpW~RrW,1,17838266,,,false,5
,I@KpW~RrW,2,17931216,,,false,5
,I@KpW~RrW,3,17842457,,,false,5
,I@KpW~RrW,4,17866130,,,false,5
,I@KpW~RrW,5,17905029,,,false,5
,I@KpW~RrW,6,17878770,,,false,5
,I@KpW~RrW,7,17897207,,,false,5
,I@KpW~RrW,8,17847694,,,false,5
,I@KpW~RrW,9,17870740,,,false,5
,I?qahq^Zw,0,18283880,,,false,5
,I?qahq^Zw,1,18321660,,,false,5
,I?qahq^Zw,2,18273614,,,false,5
,I?qahq^Zw,3,18326129,,,false,5
,I?qahq^Zw,4,18264047,,,false,5
,I?qahq^Zw,5,18322501,,,false,5
,I?qahq^Zw,6,18336539,,,false,5
,I?qahq^Zw,7,18307139,,,false,5
,I?qahq^Zw,8,18322921,,,false,5
,I?qahq^Zw,9,18333467,,,false,5
,I`?L[|mVW,0,18024798,,,false,5
,I`?L[|mVW,1,18139607,,,false,5
,I`?L[|mVW,2,17985552,,,false,5
,I`?L[|mVW,3,17952171,,,false,5
,I`?L[|mVW,4,17909083,,,false,5
,I`?L[|mVW,5,17948051,,,false,5
,I`?L[|mVW,6,17992116,,,false,5
,I`?L[|mVW,7,17830310,,,false,5
,I`?L[|mVW,8,17900074,,,false,5
,I`?L[|mVW,9,17871721,,,false,5
,IS`rQo~No,0,18538430,,,false,5
,IS`rQo~No,1,18472995,,,false,5
,IS`rQo~No,2,18457492,,,false,5
,IS`rQo~No,3,18490245,,,false,5
,IS`rQo~No,4,18457562,,,false,5
,IS`rQo~No,5,18437240,,,false,5
,IS`rQo~No,6,18372503,,,false,5
,IS`rQo~No,7,19242011,,,false,5
,IS`rQo~No,8,17971376,,,false,5
,IS`rQo~No,9,18166004,,,false,5
,I`?L[|lVg,0,17515636,,,false,5
,I`?L[|lVg,1,17664943,,,false,5
,I`?L[|lVg,2,17511167,,,false,5
,I`?L[|lVg,3,17560959,,,false,5
,I`?L[|lVg,4,17571504,,,false,5
,I`?L[|lVg,5,17545386,,,false,5
,I`?L[|lVg,6,17620248,,,false,5
,I`?L[|lVg,7,17564032,,,false,5
,I`?L[|lVg,8,17538193,,,false,5
,I`?L[|lVg,9,17554744,,,false,5
,IoSs[\r[w,0,18040023,,,false,6
,IoSs[\r[w,1,18088417,,,false,6
,IoSs[\r[w,2,17987228,,,false,6
,IoSs[\r[w,3,17976962,,,false,6
,IoSs[\r[w,4,18006293,,,false,6
,IoSs[\r[w,5,18772725,,,false,6
,IoSs[\r[w,6,18233533,,,false,6
,IoSs[\r[w,7,18282906,,,false,6
,IoSs[\r[w,8,18323690,,,false,6
,IoSs[\r[w,9,18346595,,,false,6
,I`?G?F~~w,0,16992997,,,false,3
,I`?G?F~~w,1,17012271,,,false,3
,I`?G?F~~w,2,16769037,,,false,3
,I`?G?F~~w,3,16858356,,,false,3
,I`?G?F~~w,4,16842644,,,false,3
,I`?G?F~~w,5,16795575,,,false,3
,I`?G?F~~w,6,16821064,,,false,3
,I`?G?F~~w,7,16794109,,,false,3
,I`?G?F~~w,8,16759750,,,false,3
,I`?G?F~~w,9,16798647,,,false,3
,I???w}vZw,0,16469728,,,false,4
,I???w}vZw,1,16457371,,,false,4
,I???w}vZw,2,16516800,,,false,4
,I???w}vZw,3,16535795,,,false,4
,I???w}vZw,4,16449270,,,false,4
,I???w}vZw,5,16562123,,,false,4
,I???w}vZw,6,16491102,,,false,4
,I???w}vZw,7,16555838,,,false,4
,I???w}vZw,8,16469034,,,false,4
,I???w}vZw,9,16527276,,,false,4
,I??GW]~^o,0,16243119,,,false,5
,I??GW]~^o,1,16191302,,,false,5
,I??GW]~^o,2,16286766,,,false,5
,I??GW]~^o,3,16261556,,,false,5
,I??GW]~^o,4,16268819,,,false,5
,I??GW]~^o,5,16275243,,,false,5
,I??GW]~^o,6,16259671,,,false,5
,I??GW]~^o,7,16272450,,,false,5
,I??GW]~^o,8,16921211,,,false,5
,I??GW]~^o,9,16079079,,,false,5
,IIP@xw{fw,0,17252156,,,false,5
,IIP@xw{fw,1,17432887,,,false,5
,IIP@xw{fw,2,17288819,,,false,5
,IIP@xw{fw,3,17324225,,,false,5
,IIP@xw{fw,4,17285817,,,false,5
,IIP@xw{fw,5,17309350,,,false,5
,IIP@xw{fw,6,17312074,,,false,5
,IIP@xw{fw,7,17309001,,,false,5
,IIP@xw{fw,8,17315845,,,false,5
,IIP@xw{fw,9,17278274,,,false,5
,I`?HpnKrG,0,15495962,,,false,3
,I`?HpnKrG,1,15423473,,,false,3
,I`?HpnKrG,2,15451338,,,false,3
,I`?HpnKrG,3,15406504,,,false,3
,I`?HpnKrG,4,15444354,,,false,3
,I`?HpnKrG,5,15349799,,,false,3
,I`?HpnKrG,6,15469355,,,false,3
,I`?HpnKrG,7,15437720,,,false,3
,I`?HpnKrG,8,15418655,,,false,3
,I`?HpnKrG,9,15432553,,,false,3
,IwCWONbFo,0,15476478,,,false,3
,IwCWONbFo,1,15418166,,,false,3
,IwCWONbFo,2,15408389,,,false,3
,IwCWONbFo,3,15357271,,,false,3
,IwCWONbFo,4,15441910,,,false,3
,IwCWONbFo,5,15382970,,,false,3
,IwCWONbFo,6,15352802,,,false,3
,IwCWONbFo,7,15375917,,,false,3
,IwCWONbFo,8,15375637,,,false,3
,IwCWONbFo,9,15428292,,,false,3
,I`qa`_NBw,0,16119932,,,false,4
,I`qa`_NBw,1,16151915,,,false,4
,I`qa`_NBw,2,16103102,,,false,4
,I`qa`_NBw,3,16157782,,,false,4
,I`qa`_NBw,4,16208622,,,false,4
,I`qa`_NBw,5,16157992,,,false,4
,I`qa`_NBw,6,16228664,,,false,4
,I`qa`_NBw,7,16179221,,,false,4
,I`qa`_NBw,8,16096467,,,false,4
,I`qa`_NBw,9,16219795,,,false,4
,I_GTddMRW,0,16431881,,,false,4
,I_GTddMRW,1,16426365,,,false,4
,I_GTddMRW,2,16403529,,,false,4
,I_GTddMRW,3,16325249,,,false,4
,I_GTddMRW,4,16384119,,,false,4
,I_GTddMRW,5,16398785,,,false,4
,I_GTddMRW,6,16335724,,,false,4
,I_GTddMRW,7,16357303,,,false,4
,I_GTddMRW,8,16376577,,,false,4
,I_GTddMRW,9,16365683,,,false,4
,I_CfClMMW,0,16574977,,,false,3
,I_CfClMMW,1,16611919,,,false,3
,I_CfClMMW,2,16546973,,,false,3
,I_CfClMMW,3,16701097,,,false,3
,I_CfClMMW,4,16566666,,,false,3
,I_CfClMMW,5,16584963,,,false,3
,I_CfClMMW,6,16649140,,,false,3
,I_CfClMMW,7,16556052,,,false,3
,I_CfClMMW,8,16575187,,,false,3
,I_CfClMMW,9,16549767,,,false,3
,IC`PhPHFw,0,15707145,,,false,4
,IC`PhPHFw,1,15690035,,,false,4
,IC`PhPHFw,2,15745973,,,false,4
,IC`PhPHFw,3,15678583,,,false,4
,IC`PhPHFw,4,15714198,,,false,4
,IC`PhPHFw,5,15693667,,,false,4
,IC`PhPHFw,6,16315961,,,false,4
,IC`PhPHFw,7,15923073,,,false,4
,IC`PhPHFw,8,15917556,,,false,4
,IC`PhPHFw,9,15915182,,,false,4
,ICdAHgiFw,0,16053873,,,false,3
,ICdAHgiFw,1,16194519,,,false,3
,ICdAHgiFw,2,16236349,,,false,3
,ICdAHgiFw,3,16117352,,,false,3
,ICdAHgiFw,4,15828307,,,false,3
,ICdAHgiFw,5,15835500,,,false,3
,ICdAHgiFw,6,15783544,,,false,3
,ICdAHgiFw,7,15867555,,,false,3
,ICdAHgiFw,8,15946956,,,false,3
,ICdAHgiFw,9,15878798,,,false,3
,I_COXofxg,0,15857009,,,false,4
,I_COXofxg,1,15976077,,,false,4
,I_COXofxg,2,15823559,,,false,4
,I_COXofxg,3,15700232,,,false,4
,I_COXofxg,4,15747439,,,false,4
,I_COXofxg,5,15718738,,,false,4
,I_COXofxg,6,15685008,,,false,4
,I_COXofxg,7,15628302,,,false,4
,I_COXofxg,8,15807427,,,false,4
,I_COXofxg,9,15784941,,,false,4
,I_COXgjv_,0,15544989,,,false,4
,I_COXgjv_,1,15561680,,,false,4
,I_COXgjv_,2,15519779,,,false,4
,I_COXgjv_,3,15484793,,,false,4
,I_COXgjv_,4,15542895,,,false,4
,I_COXgjv_,5,15493172,,,false,4
,I_COXgjv_,6,15521036,,,false,4
,I_COXgjv_,7,15692969,,,false,4
,I_COXgjv_,8,15707005,,,false,4
,I_COXgjv_,9,15669364,,,false,4
,I??BIu{nG,0,16097938,,,false,3
,I??BIu{nG,1,16135788,,,false,3
,I??BIu{nG,2,16048216,,,false,3
,I??BIu{nG,3,16011762,,,false,3
,I??BIu{nG,4,16021260,,,false,3
,I??BIu{nG,5,15909109,,,false,3
,I??BIu{nG,6,16000105,,,false,3
,I??BIu{nG,7,16015258,,,false,3
,I??BIu{nG,8,15974684,,,false,3
,I??BIu{nG,9,15961485,,,false,3
,I_?@Gs~~?,0,15958832,,,false,3
,I_?@Gs~~?,1,15840392,,,false,3
,I_?@Gs~~?,2,15783967,,,false,3
,I_?@Gs~~?,3,15863858,,,false,3
,I_?@Gs~~?,4,15878941,,,false,3
,I_?@Gs~~?,5,15879989,,,false,3
,I_?@Gs~~?,6,15943678,,,false,3
,I_?@Gs~~?,7,15986486,,,false,3
,I_?@Gs~~?,8,15901358,,,false,3
,I_?@Gs~~?,9,15935577,,,false,3
,I_COXclv_,0,15557563,,,false,4
,I_COXclv_,1,15583402,,,false,4
,I_COXclv_,2,15556027,,,false,4
,I_COXclv_,3,15523625,,,false,4
,I_COXclv_,4,15465452,,,false,4
,I_COXclv_,5,15616503,,,false,4
,I_COXclv_,6,15579003,,,false,4
,I_COXclv_,7,15568738,,,false,4
,I_COXclv_,8,15702400,,,false,4
,I_COXclv_,9,15613990,,,false,4
,I??GW^x|_,0,16063933,,,false,4
,I??GW^x|_,1,16032019,,,false,4
,I??GW^x|_,2,15942910,,,false,4
,I??GW^x|_,3,15972031,,,false,4
,I??GW^x|_,4,15950033,,,false,4
,I??GW^x|_,5,16046823,,,false,4
,I??GW^x|_,6,17068780,,,false,4
,I??GW^x|_,7,17312712,,,false,4
,I??GW^x|_,8,16990705,,,false,4
,I??GW^x|_,9,16942519,,,false,4
,I??E\X]NO,0,16806203,,,false,4
,I??E\X]NO,1,16589297,,,false,4
,I??E\X]NO,2,16526726,,,false,4
,I??E\X]NO,3,16126993,,,false,4
,I??E\X]NO,4,16003386,,,false,4
,I??E\X]NO,5,16004225,,,false,4
,I??E\X]NO,6,15927825,,,false,4
,I??E\X]NO,7,15957295,,,false,4
,I??E\X]NO,8,15998358,,,false,4
,I??E\X]NO,9,15907155,,,false,4
,I``H?cNBw,0,14787221,,,false,3
,I``H?cNBw,1,14729887,,,false,3
,I``H?cNBw,2,14757331,,,false,3
,I``H?cNBw,3,14840644,,,false,3
,I``H?cNBw,4,14905311,,,false,3
,I``H?cNBw,5,14979754,,,false,3
,I``H?cNBw,6,14967812,,,false,3
,I``H?cNBw,7,14963831,,,false,3
,I``H?cNBw,8,14919487,,,false,3
,I``H?cNBw,9,14895324,,,false,3
,I?CWo]dWw,0,15463636,,,false,3
,I?CWo]dWw,1,15532075,,,false,3
,I?CWo]dWw,2,15377461,,,false,3
,I?CWo]dWw,3,15423412,,,false,3
,I?CWo]dWw,4,15416149,,,false,3
,I?CWo]dWw,5,15355184,,,false,3
,I?CWo]dWw,6,15402671,,,false,3
,I?CWo]dWw,7,15409864,,,false,3
,I?CWo]dWw,8,15507843,,,false,3
,I?CWo]dWw,9,15417968,,,false,3
,I`iRA_NBw,0,16452845,,,false,5
,I`iRA_NBw,1,16377214,,,false,5
,I`iRA_NBw,2,16452217,,,false,5
,I`iRA_NBw,3,16412271,,,false,5
,I`iRA_NBw,4,16472189,,,false,5
,I`iRA_NBw,5,16465904,,,false,5
,I`iRA_NBw,6,16542163,,,false,5
,I`iRA_NBw,7,16626104,,,false,5
,I`iRA_NBw,8,16544746,,,false,5
,I`iRA_NBw,9,16580502,,,false,5
,I`?LSleUW,0,16474493,,,false,4
,I`?LSleUW,1,16476030,,,false,4
,I`?LSleUW,2,16655923,,,false,4
,I`?LSleUW,3,16605502,,,false,4
,I`?LSleUW,4,16483641,,,false,4
,I`?LSleUW,5,16442858,,,false,4
,I`?LSleUW,6,16462482,,,false,4
,I`?LSleUW,7,16516813,,,false,4
,I`?LSleUW,8,16490555,,,false,4
,I`?LSleUW,9,16497678,,,false,4
,IC`PX`HFw,0,15971336,,,false,4
,IC`PX`HFw,1,15956671,,,false,4
,IC`PX`HFw,2,15951504,,,false,4
,IC`PX`HFw,3,16126369,,,false,4
,IC`PX`HFw,4,16055557,,,false,4
,IC`PX`HFw,5,16031394,,,false,4
,IC`PX`HFw,6,15901642,,,false,4
,IC`PX`HFw,7,15912745,,,false,4
,IC`PX`HFw,8,15939143,,,false,4
,IC`PX`HFw,9,15905133,,,false,4
,Is_BjX[N?,0,16715073,,,false,4
,Is_BjX[N?,1,16694890,,,false,4
,Is_BjX[N?,2,16661719,,,false,4
,Is_BjX[N?,3,16639442,,,false,4
,Is_BjX[N?,4,16606620,,,false,4
,Is_BjX[N?,5,16729250,,,false,4
,Is_BjX[N?,6,16699220,,,false,4
,Is_BjX[N?,7,16642445,,,false,4
,Is_BjX[N?,8,16728481,,,false,4
,Is_BjX[N?,9,16697823,,,false,4
,I??E\X\N_,0,16132235,,,false,4
,I??E\X\N_,1,16091242,,,false,4
,I??E\X\N_,2,16980932,,,false,4
,I??E\X\N_,3,17456295,,,false,4
,I??E\X\N_,4,17250494,,,false,4
,I??E\X\N_,5,17099930,,,false,4
,I??E\X\N_,6,16953907,,,false,4
,I??E\X\N_,7,16777784,,,false,4
,I??E\X\N_,8,16690701,,,false,4
,I??E\X\N_,9,16315969,,,false,4
,I_GTd`NRo,0,16686441,,,false,4
,I_GTd`NRo,1,16659135,,,false,4
,I_GTd`NRo,2,16557946,,,false,4
,I_GTd`NRo,3,16583994,,,false,4
,I_GTd`NRo,4,16525822,,,false,4
,I_GTd`NRo,5,16551032,,,false,4
,I_GTd`NRo,6,16586089,,,false,4
,I_GTd`NRo,7,16549915,,,false,4
,I_GTd`NRo,8,16561787,,,false,4
,I_GTd`NRo,9,16567795,,,false,4
,I?XPc]M[W,0,16998186,,,false,5
,I?XPc]M[W,1,16959637,,,false,5
,I?XPc]M[W,2,16952863,,,false,5
,I?XPc]M[W,3,16903001,,,false,5
,I?XPc]M[W,4,16941969,,,false,5
,I?XPc]M[W,5,16910893,,,false,5
,I?XPc]M[W,6,16971090,,,false,5
,I?XPc]M[W,7,16920809,,,false,5
,I?XPc]M[W,8,16937080,,,false,5
,I?XPc]M[W,9,16955866,,,false,5
,I???E}}^_,0,16457947,,,false,3
,I???E}}^_,1,16356059,,,false,3
,I???E}}^_,2,16442793,,,false,3
,I???E}}^_,3,16427080,,,false,3
,I???E}}^_,4,16399495,,,false,3
,I???E}}^_,5,16417583,,,false,3
,I???E}}^_,6,16365067,,,false,3
,I???E}}^_,7,16381967,,,false,3
,I???E}}^_,8,16474498,,,false,3
,I???E}}^_,9,16478897,,,false,3
,I???CtVJw,0,14952107,,,false,3
,I???CtVJw,1,14952456,,,false,3
,I???CtVJw,2,14932205,,,false,3
,I???CtVJw,3,14900080,,,false,3
,I???CtVJw,4,14846168,,,false,3
,I???CtVJw,5,14929900,,,false,3
,I???CtVJw,6,14974803,,,false,3
,I???CtVJw,7,14851336,,,false,3
,I???CtVJw,8,14878013,,,false,3
,I???CtVJw,9,14883180,,,false,3
,I????B~~o,0,15569862,,,false,2
,I????B~~o,1,15606595,,,false,2
,I????B~~o,2,15560295,,,false,2
,I????B~~o,3,15584388,,,false,2
,I????B~~o,4,15508339,,,false,2
,I????B~~o,5,15628383,,,false,2
,I????B~~o,6,15604291,,,false,2
,I????B~~o,7,15581106,,,false,2
,I????B~~o,8,15627057,,,false,2
,I????B~~o,9,15737115,,,false,2
,IsPH@CYDO,0,14437498,,,false,3
,IsPH@CYDO,1,14476814,,,false,3
,IsPH@CYDO,2,14396994,,,false,3
,IsPH@CYDO,3,14905458,,,false,3
,IsPH@CYDO,4,14272898,,,false,3
,IsPH@CYDO,5,14563688,,,false,3
,IsPH@CYDO,6,14532472,,,false,3
,IsPH@CYDO,7,14560755,,,false,3
,IsPH@CYDO,8,14555797,,,false,3
,IsPH@CYDO,9,14529679,,,false,3
,Is?AXW[[?,0,14845889,,,false,3
,Is?AXW[[?,1,14765929,,,false,3
,Is?AXW[[?,2,14836462,,,false,3
,Is?AXW[[?,3,14737017,,,false,3
,Is?AXW[[?,4,14897567,,,false,3
,Is?AXW[[?,5,14830386,,,false,3
,Is?AXW[[?,6,14805944,,,false,3
,Is?AXW[[?,7,14813556,,,false,3
,Is?AXW[[?,8,14802522,,,false,3
,Is?AXW[[?,9,14884717,,,false,3
,I??EdPMLO,0,14756151,,,false,3
,I??EdPMLO,1,14792745,,,false,3
,I??EdPMLO,2,15207841,,,false,3
,I??EdPMLO,3,15034932,,,false,3
,I??EdPMLO,4,15004905,,,false,3
,I??EdPMLO,5,14988285,,,false,3
,I??EdPMLO,6,15033747,,,false,3
,I??EdPMLO,7,15057771,,,false,3
,I??EdPMLO,8,15017127,,,false,3
,I??EdPMLO,9,14968731,,,false,3
,I??@pjKr?,0,14693863,,,false,3
,I??@pjKr?,1,14768656,,,false,3
,I??@pjKr?,2,14778223,,,false,3
,I??@pjKr?,3,14669840,,,false,3
,I??@pjKr?,4,14744772,,,false,3
,I??@pjKr?,5,14682550,,,false,3
,I??@pjKr?,6,14820683,,,false,3
,I??@pjKr?,7,14887305,,,false,3
,I??@pjKr?,8,14753641,,,false,3
,I??@pjKr?,9,14678989,,,false,3
,I??FF?]FO,0,14794983,,,false,2
,I??FF?]FO,1,14844565,,,false,2
,I??FF?]FO,2,14889400,,,false,2
,I??FF?]FO,3,14774243,,,false,2
,I??FF?]FO,4,14674658,,,false,2
,I??FF?]FO,5,14762022,,,false,2
,I??FF?]FO,6,14745261,,,false,2
,I??FF?]FO,7,14766421,,,false,2
,I??FF?]FO,8,14724660,,,false,2
,I??FF?]FO,9,14812162,,,false,2
,IGD@G_H`w,0,13779521,,,false,2
,IGD@G_H`w,1,13754799,,,false,2
,IGD@G_H`w,2,13790555,,,false,2
,IGD@G_H`w,3,13760526,,,false,2
,IGD@G_H`w,4,13761993,,,false,2
,IGD@G_H`w,5,13761923,,,false,2
,IGD@G_H`w,6,13806058,,,false,2
,IGD@G_H`w,7,13741670,,,false,2
,IGD@G_H`w,8,13716251,,,false,2
,IGD@G_H`w,9,13762412,,,false,2
,I??G[``@w,0,13167282,,,false,2
,I??G[``@w,1,13151430,,,false,2
,I??G[``@w,2,13101288,,,false,2
,I??G[``@w,3,13137044,,,false,2
,I??G[``@w,4,13151151,,,false,2
,I??G[``@w,5,13114627,,,false,2
,I??G[``@w,6,13126010,,,false,2
,I??G[``@w,7,13140536,,,false,2
,I??G[``@w,8,13144097,,,false,2
,I??G[``@w,9,13131527,,,false,2
,I_?__QF]G,0,14576122,,,false,2
,I_?__QF]G,1,14540647,,,false,2
,I_?__QF]G,2,14540157,,,false,2
,I_?__QF]G,3,14584013,,,false,2
,I_?__QF]G,4,14537573,,,false,2
,I_?__QF]G,5,14490645,,,false,2
,I_?__QF]G,6,14448185,,,false,2
,I_?__QF]G,7,14578218,,,false,2
,I_?__QF]G,8,14573888,,,false,2
,I_?__QF]G,9,14524026,,,false,2
,I?`@?_NBo,0,13468618,,,false,2
,I?`@?_NBo,1,13454232,,,false,2
,I?`@?_NBo,2,13370012,,,false,2
,I?`@?_NBo,3,13503186,,,false,2
,I?`@?_NBo,4,13661151,,,false,2
,I?`@?_NBo,5,13676236,,,false,2
,I?`@?_NBo,6,13506328,,,false,2
,I?`@?_NBo,7,13521901,,,false,2
,I?`@?_NBo,8,13571624,,,false,2
,I?`@?_NBo,9,13479233,,,false,2
,I??CPKUQW,0,13970309,,,false,3
,I??CPKUQW,1,13941048,,,false,3
,I??CPKUQW,2,14114098,,,false,3
,I??CPKUQW,3,13925335,,,false,3
,I??CPKUQW,4,13932251,,,false,3
,I??CPKUQW,5,13939585,,,false,3
,I??CPKUQW,6,14010956,,,false,3
,I??CPKUQW,7,14016193,,,false,3
,I??CPKUQW,8,13941051,,,false,3
,I??CPKUQW,9,13970521,,,false,3
,IskAJLUN?,0,16905664,,,false,4
,IskAJLUN?,1,16828008,,,false,4
,IskAJLUN?,2,16787853,,,false,4
,IskAJLUN?,3,16894140,,,false,4
,IskAJLUN?,4,16826402,,,false,4
,IskAJLUN?,5,16855732,,,false,4
,IskAJLUN?,6,16883876,,,false,4
,IskAJLUN?,7,16831639,,,false,4
,IskAJLUN?,8,16823468,,,false,4
,IskAJLUN?,9,16839460,,,false,4
,I{cBIkkFG,0,16815717,,,false,4
,I{cBIkkFG,1,16806708,,,false,4
,I{cBIkkFG,2,16703214,,,false,4
,I{cBIkkFG,3,16892745,,,false,4
,I{cBIkkFG,4,16777727,,,false,4
,I{cBIkkFG,5,16819977,,,false,4
,I{cBIkkFG,6,16882059,,,false,4
,I{cBIkkFG,7,16721580,,,false,4
,I{cBIkkFG,8,16719624,,,false,4
,I{cBIkkFG,9,16894769,,,false,4
,IIISYgj}?,0,16987509,,,false,4
,IIISYgj}?,1,16948751,,,false,4
,IIISYgj}?,2,16917745,,,false,4
,IIISYgj}?,3,17158185,,,false,4
,IIISYgj}?,4,16857128,,,false,4
,IIISYgj}?,5,17005318,,,false,4
,IIISYgj}?,6,16987998,,,false,4
,IIISYgj}?,7,16954967,,,false,4
,IIISYgj}?,8,16875495,,,false,4
,IIISYgj}?,9,17000080,,,false,4
,IHQKjOV}?,0,17092401,,,false,4
,IHQKjOV}?,1,17031505,,,false,4
,IHQKjOV}?,2,17209234,,,false,4
,IHQKjOV}?,3,17140726,,,false,4
,IHQKjOV}?,4,17166425,,,false,4
,IHQKjOV}?,5,17231162,,,false,4
,IHQKjOV}?,6,17044634,,,false,4
,IHQKjOV}?,7,17035347,,,false,4
,IHQKjOV}?,8,17326067,,,false,4
,IHQKjOV}?,9,17034438,,,false,4
,I}mBIkmFW,0,18610951,,,false,6
,I}mBIkmFW,1,18886308,,,false,6
,I}mBIkmFW,2,18561020,,,false,6
,I}mBIkmFW,3,18509552,,,false,6
,I}mBIkmFW,4,18677713,,,false,6
,I}mBIkmFW,5,18546983,,,false,6
,I}mBIkmFW,6,18581551,,,false,6
,I}mBIkmFW,7,18680925,,,false,6
,I}mBIkmFW,8,18545098,,,false,6
,I}mBIkmFW,9,18597124,,,false,6
,I@hisny|W,0,19239531,,,false,6
,I@hisny|W,1,19183454,,,false,6
,I@hisny|W,2,19208874,,,false,6
,I@hisny|W,3,19181992,,,false,6
,I@hisny|W,4,19198892,,,false,6
,I@hisny|W,5,19220052,,,false,6
,I@hisny|W,6,19317052,,,false,6
,I@hisny|W,7,19267330,,,false,6
,I@hisny|W,8,19317471,,,false,6
,I@hisny|W,9,19223544,,,false,6
,I??OQ?``g,0,12157762,,,false,1
,I??OQ?``g,1,12144074,,,false,1
,I??OQ?``g,2,12313703,,,false,1
,I??OQ?``g,3,12137789,,,false,1
,I??OQ?``g,4,12258463,,,false,1
,I??OQ?``g,5,12078360,,,false,1
,I??OQ?``g,6,12366777,,,false,1
,I??OQ?``g,7,12220403,,,false,1
,I??OQ?``g,8,12105386,,,false,1
,I??OQ?``g,9,12123194,,,false,1
,Is?HGtcU?,0,14950722,,,false,4
,Is?HGtcU?,1,14912661,,,false,4
,Is?HGtcU?,2,14737238,,,false,4
,Is?HGtcU?,3,14775926,,,false,4
,Is?HGtcU?,4,14909939,,,false,4
,Is?HGtcU?,5,14779697,,,false,4
,Is?HGtcU?,6,14819643,,,false,4
,Is?HGtcU?,7,14834307,,,false,4
,Is?HGtcU?,8,14822016,,,false,4
,Is?HGtcU?,9,14935707,,,false,4
,Is?@WxcU?,0,14826556,,,false,4
,Is?@WxcU?,1,14899952,,,false,4
,Is?@WxcU?,2,14846039,,,false,4
,Is?@WxcU?,3,14736679,,,false,4
,Is?@WxcU?,4,14814963,,,false,4
,Is?@WxcU?,5,14896180,,,false,4
,Is?@WxcU?,6,14803580,,,false,4
,Is?@WxcU?,7,14855188,,,false,4
,Is?@WxcU?,8,14909519,,,false,4
,Is?@WxcU?,9,14873415,,,false,4
,I@QLQlSiG,0,16480586,,,false,4
,I@QLQlSiG,1,16403209,,,false,4
,I@QLQlSiG,2,16548115,,,false,4
,I@QLQlSiG,3,16448811,,,false,4
,I@QLQlSiG,4,16452233,,,false,4
,I@QLQlSiG,5,16542528,,,false,4
,I@QLQlSiG,6,16436171,,,false,4
,I@QLQlSiG,7,16440500,,,false,4
,I@QLQlSiG,8,16545950,,,false,4
,I@QLQlSiG,9,16559778,,,false,4
,I~rH`cNBw,0,18318209,,,false,5
,I~rH`cNBw,1,18288320,,,false,5
,I~rH`cNBw,2,18458437,,,false,5
,I~rH`cNBw,3,18280220,,,false,5
,I~rH`cNBw,4,18411159,,,false,5
,I~rH`cNBw,5,18221349,,,false,5
,I~rH`cNBw,6,18342442,,,false,5
,I~rH`cNBw,7,18357596,,,false,5
,I~rH`cNBw,8,18301379,,,false,5
,I~rH`cNBw,9,18222117,,,false,5
,Is`b?{]]?,0,17159027,,,false,5
,Is`b?{]]?,1,17157002,,,false,5
,Is`b?{]]?,2,17093732,,,false,5
,Is`b?{]]?,3,17135004,,,false,5
,Is`b?{]]?,4,17216570,,,false,5
,Is`b?{]]?,5,17046945,,,false,5
,Is`b?{]]?,6,17393396,,,false,5
,Is`b?{]]?,7,17137174,,,false,5
,Is`b?{]]?,8,17060984,,,false,5
,Is`b?{]]?,9,17079560,,,false,5
,Is?WaSiX?,0,15092628,,,false,4
,Is?WaSiX?,1,14881659,,,false,4
,Is?WaSiX?,2,14880891,,,false,4
,Is?WaSiX?,3,15043187,,,false,4
,Is?WaSiX?,4,14948281,,,false,4
,Is?WaSiX?,5,14926703,,,false,4
,Is?WaSiX?,6,14896604,,,false,4
,Is?WaSiX?,7,15131387,,,false,4
,Is?WaSiX?,8,15026217,,,false,4
,Is?WaSiX?,9,14914271,,,false,4
,Is?WpDHX?,0,15151290,,,false,4
,Is?WpDHX?,1,15121191,,,false,4
,Is?WpDHX?,2,15008409,,,false,4
,Is?WpDHX?,3,15073495,,,false,4
,Is?WpDHX?,4,15095352,,,false,4
,Is?WpDHX?,5,15092071,,,false,4
,Is?WpDHX?,6,15092489,,,false,4
,Is?WpDHX?,7,15145494,,,false,4
,Is?WpDHX?,8,15064346,,,false,4
,Is?WpDHX?,9,15048983,,,false,4
,Iv{?GLFHo,0,15904385,,,false,4
,Iv{?GLFHo,1,16169128,,,false,4
,Iv{?GLFHo,2,15877988,,,false,4
,Iv{?GLFHo,3,15992656,,,false,4
,Iv{?GLFHo,4,16005715,,,false,4
,Iv{?GLFHo,5,15951034,,,false,4
,Iv{?GLFHo,6,15962487,,,false,4
,Iv{?GLFHo,7,15968563,,,false,4
,Iv{?GLFHo,8,16024081,,,false,4
,Iv{?GLFHo,9,15971357,,,false,4
,I}z\bcnFw,0,20078113,,,false,6
,I}z\bcnFw,1,20120572,,,false,6
,I}z\bcnFw,2,20111494,,,false,6
,I}z\bcnFw,3,20028740,,,false,6
,I}z\bcnFw,4,20318692,,,false,6
,I}z\bcnFw,5,20061353,,,false,6
,I}z\bcnFw,6,20170993,,,false,6
,I}z\bcnFw,7,20022455,,,false,6
,I}z\bcnFw,8,20115474,,,false,6
,I}z\bcnFw,9,20166593,,,false,6
,I}nnnp^Nw,0,21277101,,,false,7
,I}nnnp^Nw,1,21410834,,,false,7
,I}nnnp^Nw,2,21438070,,,false,7
,I}nnnp^Nw,3,21316767,,,false,7
,I}nnnp^Nw,4,21514888,,,false,7
,I}nnnp^Nw,5,21341977,,,false,7
,I}nnnp^Nw,6,21353780,,,false,7
,I}nnnp^Nw,7,21311111,,,false,7
,I}nnnp^Nw,8,21364674,,,false,7
,I}nnnp^Nw,9,21670968,,,false,7
,I?deLStUg,0,17392000,,,false,4
,I?deLStUg,1,17338436,,,false,4
,I?deLStUg,2,17413160,,,false,4
,I?deLStUg,3,17360089,,,false,4
,I?deLStUg,4,17297797,,,false,4
,I?deLStUg,5,17415538,,,false,4
,I?deLStUg,6,17326080,,,false,4
,I?deLStUg,7,17259806,,,false,4
,I?deLStUg,8,17381668,,,false,4
,I?deLStUg,9,17302196,,,false,4
,ISP@OmeUW,0,16701131,,,false,4
,ISP@OmeUW,1,16638908,,,false,4
,ISP@OmeUW,2,16633670,,,false,4
,ISP@OmeUW,3,16833537,,,false,4
,ISP@OmeUW,4,16607413,,,false,4
,ISP@OmeUW,5,16766287,,,false,4
,ISP@OmeUW,6,16684091,,,false,4
,ISP@OmeUW,7,16537439,,,false,4
,ISP@OmeUW,8,16741216,,,false,4
,ISP@OmeUW,9,16627037,,,false,4
,Is@?xOXX?,0,14658611,,,false,3
,Is@?xOXX?,1,14669087,,,false,3
,Is@?xOXX?,2,14714270,,,false,3
,Is@?xOXX?,3,14729563,,,false,3
,Is@?xOXX?,4,14619015,,,false,3
,Is@?xOXX?,5,14867766,,,false,3
,Is@?xOXX?,6,14613009,,,false,3
,Is@?xOXX?,7,14640454,,,false,3
,Is@?xOXX?,8,14649673,,,false,3
,Is@?xOXX?,9,14807080,,,false,3
,It?IQKWHG,0,14554069,,,false,3
,It?IQKWHG,1,14421802,,,false,3
,It?IQKWHG,2,14544082,,,false,3
,It?IQKWHG,3,14466776,,,false,3
,It?IQKWHG,4,14431789,,,false,3
,It?IQKWHG,5,14483466,,,false,3
,It?IQKWHG,6,14591779,,,false,3
,It?IQKWHG,7,14618945,,,false,3
,It?IQKWHG,8,14453507,,,false,3
,It?IQKWHG,9,14417333,,,false,3
,IkGHWn\{o,0,18517177,,,false,4
,IkGHWn\{o,1,18323875,,,false,4
,IkGHWn\{o,2,18266122,,,false,4
,IkGHWn\{o,3,18460891,,,false,4
,IkGHWn\{o,4,18247127,,,false,4
,IkGHWn\{o,5,18367801,,,false,4
,IkGHWn\{o,6,18354113,,,false,4
,IkGHWn\{o,7,18344616,,,false,4
,IkGHWn\{o,8,18251037,,,false,4
,IkGHWn\{o,9,18379184,,,false,4
,Ir?MHqnVo,0,18337982,,,false,5
,Ir?MHqnVo,1,18405931,,,false,5
,Ir?MHqnVo,2,18317241,,,false,5
,Ir?MHqnVo,3,18283511,,,false,5
,Ir?MHqnVo,4,18588688,,,false,5
,Ir?MHqnVo,5,18354462,,,false,5
,Ir?MHqnVo,6,18245800,,,false,5
,Ir?MHqnVo,7,18464801,,,false,5
,Ir?MHqnVo,8,18271569,,,false,5
,Ir?MHqnVo,9,18267099,,,false,5
,Io?Y`QF]?,0,15752150,,,false,4
,Io?Y`QF]?,1,15772611,,,false,4
,Io?Y`QF]?,2,15687134,,,false,4
,Io?Y`QF]?,3,15682808,,,false,4
,Io?Y`QF]?,4,15785395,,,false,4
,Io?Y`QF]?,5,15714932,,,false,4
,Io?Y`QF]?,6,15638603,,,false,4
,Io?Y`QF]?,7,15869685,,,false,4
,Io?Y`QF]?,8,15663813,,,false,4
,Io?Y`QF]?,9,15700895,,,false,4
,I`?N~bLNW,0,18304186,,,false,4
,I`?N~bLNW,1,18335193,,,false,4
,I`?N~bLNW,2,18282189,,,false,4
,I`?N~bLNW,3,18469834,,,false,4
,I`?N~bLNW,4,18249436,,,false,4
,I`?N~bLNW,5,18183023,,,false,4
,I`?N~bLNW,6,18251880,,,false,4
,I`?N~bLNW,7,18105717,,,false,4
,I`?N~bLNW,8,18248319,,,false,4
,I`?N~bLNW,9,18265010,,,false,4
,IwDX}yy~w,0,20446918,,,false,6
,IwDX}yy~w,1,20382601,,,false,6
,IwDX}yy~w,2,20393077,,,false,6
,IwDX}yy~w,3,20356972,,,false,6
,IwDX}yy~w,4,20355994,,,false,6
,IwDX}yy~w,5,20485537,,,false,6
,IwDX}yy~w,6,20281062,,,false,6
,IwDX}yy~w,7,20513401,,,false,6
,IwDX}yy~w,8,20377294,,,false,6
,IwDX}yy~w,9,20392518,,,false,6
,I{dbG{^~w,0,19895436,,,false,5
,I{dbG{^~w,1,19803533,,,false,5
,I{dbG{^~w,2,19769663,,,false,5
,I{dbG{^~w,3,19875114,,,false,5
,I{dbG{^~w,4,19809748,,,false,5
,I{dbG{^~w,5,19952979,,,false,5
,I{dbG{^~w,6,19822249,,,false,5
,I{dbG{^~w,7,19793338,,,false,5
,I{dbG{^~w,8,19848367,,,false,5
,I{dbG{^~w,9,19858912,,,false,5
,I~?G[|m~w,0,19493957,,,false,5
,I~?G[|m~w,1,19582088,,,false,5
,I~?G[|m~w,2,19457993,,,false,5
,I~?G[|m~w,3,19540956,,,false,5
,I~?G[|m~w,4,19675527,,,false,5
,I~?G[|m~w,5,19440674,,,false,5
,I~?G[|m~w,6,19593192,,,false,5
,I~?G[|m~w,7,19524405,,,false,5
,I~?G[|m~w,8,19437321,,,false,5
,I~?G[|m~w,9,19606740,,,false,5
,I}lah[^~w,0,20636659,,,false,6
,I}lah[^~w,1,20677582,,,false,6
,I}lah[^~w,2,20597761,,,false,6
,I}lah[^~w,3,20592105,,,false,6
,I}lah[^~w,4,20591896,,,false,6
,I}lah[^~w,5,20624721,,,false,6
,I}lah[^~w,6,20523044,,,false,6
,I}lah[^~w,7,20725773,,,false,6
,I}lah[^~w,8,20514524,,,false,6
,I}lah[^~w,9,20848403,,,false,6
,IwC^?~{~w,0,19484743,,,false,5
,IwC^?~{~w,1,19364978,,,false,5
,IwC^?~{~w,2,19388023,,,false,5
,IwC^?~{~w,3,19604789,,,false,5
,IwC^?~{~w,4,19350871,,,false,5
,IwC^?~{~w,5,19585724,,,false,5
,IwC^?~{~w,6,19339487,,,false,5
,IwC^?~{~w,7,19329292,,,false,5
,IwC^?~{~w,8,19489422,,,false,5
,IwC^?~{~w,9,19406179,,,false,5
,I`o~f~~~w,0,21346043,,,false,6
,I`o~f~~~w,1,21411269,,,false,6
,I`o~f~~~w,2,21416856,,,false,6
,I`o~f~~~w,3,21398909,,,false,6
,I`o~f~~~w,4,21507222,,,false,6
,I`o~f~~~w,5,21324465,,,false,6
,I`o~f~~~w,6,21428169,,,false,6
,I`o~f~~~w,7,21269924,,,false,6
,I`o~f~~~w,8,21480335,,,false,6
,I`o~f~~~w,9,21391297,,,false,6
,I?GTbHWb?,0,14830621,,,false,4
,I?GTbHWb?,1,14914842,,,false,4
,I?GTbHWb?,2,14791025,,,false,4
,I?GTbHWb?,3,14812883,,,false,4
,I?GTbHWb?,4,14826850,,,false,4
,I?GTbHWb?,5,14935373,,,false,4
,I?GTbHWb?,6,14776848,,,false,4
,I?GTbHWb?,7,14784530,,,false,4
,I?GTbHWb?,8,14869099,,,false,4
,I?GTbHWb?,9,14800801,,,false,4
,IQiiqk~~w,0,20092514,,,false,4
,IQiiqk~~w,1,20149708,,,false,4
,IQiiqk~~w,2,20109972,,,false,4
,IQiiqk~~w,3,20125545,,,false,4
,IQiiqk~~w,4,20126732,,,false,4
,IQiiqk~~w,5,20170379,,,false,4
,IQiiqk~~w,6,20083295,,,false,4
,IQiiqk~~w,7,20144819,,,false,4
,IQiiqk~~w,8,19978544,,,false,4
,IQiiqk~~w,9,20105643,,,false,4
,It{?ILFL_,0,16314185,,,false,4
,It{?ILFL_,1,16335834,,,false,4
,It{?ILFL_,2,16286671,,,false,4
,It{?ILFL_,3,16324382,,,false,4
,It{?ILFL_,4,16322985,,,false,4
,It{?ILFL_,5,16314605,,,false,4
,It{?ILFL_,6,16376199,,,false,4
,It{?ILFL_,7,16335905,,,false,4
,It{?ILFL_,8,16366632,,,false,4
,It{?ILFL_,9,16522576,,,false,4
,I_?BSgcEG,0,13278272,,,false,3
,I_?BSgcEG,1,13216049,,,false,3
,I_?BSgcEG,2,13257182,,,false,3
,I_?BSgcEG,3,13326947,,,false,3
,I_?BSgcEG,4,13248522,,,false,3
,I_?BSgcEG,5,13213186,,,false,3
,I_?BSgcEG,6,13223033,,,false,3
,I_?BSgcEG,7,13313399,,,false,3
,I_?BSgcEG,8,13261512,,,false,3
,I_?BSgcEG,9,13261163,,,false,3
,I}hX~~~~w,0,22085108,,,false,7
,I}hX~~~~w,1,22049911,,,false,7
,I}hX~~~~w,2,21926164,,,false,7
,I}hX~~~~w,3,22110318,,,false,7
,I}hX~~~~w,4,22069814,,,false,7
,I}hX~~~~w,5,22065414,,,false,7
,I}hX~~~~w,6,22099633,,,false,7
,I}hX~~~~w,7,22216118,,,false,7
,I}hX~~~~w,8,22137484,,,false,7
,I}hX~~~~w,9,21946556,,,false,7
,I?AKagjX_,0,15656278,,,false,4
,I?AKagjX_,1,15698179,,,false,4
,I?AKagjX_,2,15596710,,,false,4
,I?AKagjX_,3,15570452,,,false,4
,I?AKagjX_,4,15775555,,,false,4
,I?AKagjX_,5,15650552,,,false,4
,I?AKagjX_,6,15569474,,,false,4
,I?AKagjX_,7,15665357,,,false,4
,I?AKagjX_,8,15644686,,,false,4
,I?AKagjX_,9,15556136,,,false,4
,IrrH`enVo,0,18986269,,,false,5
,IrrH`enVo,1,19154151,,,false,5
,IrrH`enVo,2,18950025,,,false,5
,IrrH`enVo,3,19042766,,,false,5
,IrrH`enVo,4,19186834,,,false,5
,IrrH`enVo,5,19082152,,,false,5
,IrrH`enVo,6,19061411,,,false,5
,IrrH`enVo,7,19102962,,,false,5
,IrrH`enVo,8,18975235,,,false,5
,IrrH`enVo,9,19074051,,,false,5
,I??G`TEdW,0,14751153,,,false,3
,I??G`TEdW,1,14689279,,,false,3
,I??G`TEdW,2,14762117,,,false,3
,I??G`TEdW,3,14841239,,,false,3
,I??G`TEdW,4,14810512,,,false,3
,I??G`TEdW,5,14741446,,,false,3
,I??G`TEdW,6,14861142,,,false,3
,I??G`TEdW,7,14789073,,,false,3
,I??G`TEdW,8,14716585,,,false,3
,I??G`TEdW,9,14726012,,,false,3
,I??GaGaeG,0,12498639,,,false,2
,I??GaGaeG,1,12457786,,,false,2
,I??GaGaeG,2,12388720,,,false,2
,I??GaGaeG,3,12375521,,,false,2
,I??GaGaeG,4,12693059,,,false,2
,I??GaGaeG,5,12456598,,,false,2
,I??GaGaeG,6,12392141,,,false,2
,I??GaGaeG,7,12359249,,,false,2
,I??GaGaeG,8,12401988,,,false,2
,I??GaGaeG,9,12476362,,,false,2
,I??Gagjxg,0,15755656,,,false,3
,I??Gagjxg,1,15812153,,,false,3
,I??Gagjxg,2,15792879,,,false,3
,I??Gagjxg,3,15704747,,,false,3
,I??Gagjxg,4,15751676,,,false,3
,I??Gagjxg,5,15755029,,,false,3
,I??Gagjxg,6,15913413,,,false,3
,I??Gagjxg,7,15734636,,,false,3
,I??Gagjxg,8,15756565,,,false,3
,I??Gagjxg,9,15980804,,,false,3
,I??GhtFig,0,16090164,,,false,4
,I??GhtFig,1,15962996,,,false,4
,I??GhtFig,2,15978499,,,false,4
,I??GhtFig,3,15993583,,,false,4
,I??GhtFig,4,15966697,,,false,4
,I??GhtFig,5,15859641,,,false,4
,I??GhtFig,6,15996586,,,false,4
,I??GhtFig,7,15951752,,,false,4
,I??GhtFig,8,15896932,,,false,4
,I??GhtFig,9,15992605,,,false,4
,I??GiK|yg,0,16563992,,,false,4
,I??GiK|yg,1,16578587,,,false,4
,I??GiK|yg,2,16624538,,,false,4
,I??GiK|yg,3,16580264,,,false,4
,I??GiK|yg,4,16447228,,,false,4
,I??GiK|yg,5,16457634,,,false,4
,I??GiK|yg,6,16644022,,,false,4
,I??GiK|yg,7,16520205,,,false,4
,I??GiK|yg,8,16438220,,,false,4
,I??GiK|yg,9,16594300,,,false,4
,I??GiyiHw,0,15824235,,,false,4
,I??GiyiHw,1,15747416,,,false,4
,I??GiyiHw,2,15780867,,,false,4
,I??GiyiHw,3,15868510,,,false,4
,I??GiyiHw,4,15761802,,,false,4
,I??GiyiHw,5,15807963,,,false,4
,I??GiyiHw,6,15855730,,,false,4
,I??GiyiHw,7,15793856,,,false,4
,I??GiyiHw,8,15718295,,,false,4
,I??GiyiHw,9,15871373,,,false,4
,I??Gqk|jw,0,16854504,,,false,4
,I??Gqk|jw,1,16763370,,,false,4
,I??Gqk|jw,2,17013517,,,false,4
,I??Gqk|jw,3,16816514,,,false,4
,I??Gqk|jw,4,16840118,,,false,4
,I??Gqk|jw,5,16858135,,,false,4
,I??Gqk|jw,6,16895287,,,false,4
,I??Gqk|jw,7,16851920,,,false,4
,I??Gqk|jw,8,16828735,,,false,4
,I??Gqk|jw,9,16952342,,,false,4
,I??GsTVLo,0,15726954,,,false,4
,I??GsTVLo,1,15660542,,,false,4
,I??GsTVLo,2,15898608,,,false,4
,I??GsTVLo,3,15744553,,,false,4
,I??GsTVLo,4,15693573,,,false,4
,I??GsTVLo,5,15680654,,,false,4
,I??GsTVLo,6,15785197,,,false,4
,I??GsTVLo,7,15757682,,,false,4
,I??GsTVLo,8,15635960,,,false,4
,I??GsTVLo,9,15767319,,,false,4
,I??Gs_fVG,0,14993552,,,false,3
,I??Gs_fVG,1,14917712,,,false,3
,I??Gs_fVG,2,14978260,,,false,3
,I??Gs_fVG,3,15088182,,,false,3
,I??Gs_fVG,4,14936431,,,false,3
,I??Gs_fVG,5,14995721,,,false,3
,I??Gs_fVG,6,15084411,,,false,3
,I??Gs_fVG,7,15003402,,,false,3
,I??Gs_fVG,8,14964016,,,false,3
,I??Gs_fVG,9,14952354,,,false,3
,I??HGlZno,0,16627685,,,false,4
,I??HGlZno,1,16564485,,,false,4
,I??HGlZno,2,16607713,,,false,4
,I??HGlZno,3,16666373,,,false,4
,I??HGlZno,4,16555267,,,false,4
,I??HGlZno,5,16555685,,,false,4
,I??HGlZno,6,16762606,,,false,4
,I??HGlZno,7,16605268,,,false,4
,I??HGlZno,8,16548842,,,false,4
,I??HGlZno,9,16682715,,,false,4
,I??HGlZnw,0,16892707,,,false,4
,I??HGlZnw,1,16878601,,,false,4
,I??HGlZnw,2,16949343,,,false,4
,I??HGlZnw,3,16947248,,,false,4
,I??HGlZnw,4,16823012,,,false,4
,I??HGlZnw,5,16864913,,,false,4
,I??HGlZnw,6,17140201,,,false,4
,I??HGlZnw,7,17206614,,,false,4
,I??HGlZnw,8,17273096,,,false,4
,I??HGlZnw,9,17149349,,,false,4
,I??HGlZzO,0,16548563,,,false,4
,I??HGlZzO,1,16479217,,,false,4
,I??HGlZzO,2,16642490,,,false,4
,I??HGlZzO,3,16432009,,,false,4
,I??HGlZzO,4,16459872,,,false,4
,I??HGlZzO,5,16493812,,,false,4
,I??HGlZzO,6,16462317,,,false,4
,I??HGlZzO,7,16461339,,,false,4
,I??HGlZzO,8,16390806,,,false,4
,I??HGlZzO,9,16530825,,,false,4
,I??HOhB`w,0,14201701,,,false,3
,I??HOhB`w,1,14152817,,,false,3
,I??HOhB`w,2,14303939,,,false,3
,I??HOhB`w,3,14167762,,,false,3
,I??HOhB`w,4,14200375,,,false,3
,I??HOhB`w,5,14185989,,,false,3
,I??HOhB`w,6,14250446,,,false,3
,I??HOhB`w,7,14212525,,,false,3
,I??HOhB`w,8,14152677,,,false,3
,I??HOhB`w,9,14109589,,,false,3
,I??IHKVew,0,15668926,,,false,4
,I??IHKVew,1,15522692,,,false,4
,I??IHKVew,2,15432187,,,false,4
,I??IHKVew,3,15481350,,,false,4
,I??IHKVew,4,15514522,,,false,4
,I??IHKVew,5,15496016,,,false,4
,I??IHKVew,6,15416963,,,false,4
,I??IHKVew,7,15575627,,,false,4
,I??IHKVew,8,15459212,,,false,4
,I??IHKVew,9,15412214,,,false,4
,I??I_ofxW,0,15626886,,,false,3
,I??I_ofxW,1,15587988,,,false,3
,I??I_ofxW,2,15568923,,,false,3
,I??I_ofxW,3,15500834,,,false,3
,I??I_ofxW,4,15621229,,,false,3
,I??I_ofxW,5,15537080,,,false,3
,I??I_ofxW,6,15543717,,,false,3
,I??I_ofxW,7,15646722,,,false,3
,I??I_ofxW,8,15571510,,,false,3
,I??I_ofxW,9,15570812,,,false,3
,I??KHORPW,0,13844151,,,false,3
,I??KHORPW,1,13849948,,,false,3
,I??KHORPW,2,13716843,,,false,3
,I??KHORPW,3,13682065,,,false,3
,I??KHORPW,4,13719008,,,false,3
,I??KHORPW,5,13808745,,,false,3
,I??KHORPW,6,13702387,,,false,3
,I??KHORPW,7,13679202,,,false,3
,I??KHORPW,8,13654550,,,false,3
,I??KHORPW,9,14064131,,,false,3
,I??KJOVMg,0,15470460,,,false,3
,I??KJOVMg,1,15408936,,,false,3
,I??KJOVMg,2,15471577,,,false,3
,I??KJOVMg,3,15545951,,,false,3
,I??KJOVMg,4,15423252,,,false,3
,I??KJOVMg,5,15393991,,,false,3
,I??KJOVMg,6,15478351,,,false,3
,I??KJOVMg,7,15486941,,,false,3
,I??KJOVMg,8,15398809,,,false,3
,I??KJOVMg,9,15469622,,,false,3
,I??KOkiPW,0,14156103,,,false,3
,I??KOkiPW,1,14350592,,,false,3
,I??KOkiPW,2,14166787,,,false,3
,I??KOkiPW,3,14352547,,,false,3
,I??KOkiPW,4,14203101,,,false,3
,I??KOkiPW,5,14157570,,,false,3
,I??KOkiPW,6,14156802,,,false,3
,I??KOkiPW,7,14351500,,,false,3
,I??KOkiPW,8,14201425,,,false,3
,I??KOkiPW,9,14139691,,,false,3
,I??KOtVLw,0,15923966,,,false,4
,I??KOtVLw,1,15955741,,,false,4
,I??KOtVLw,2,15790163,,,false,4
,I??KOtVLw,3,15853223,,,false,4
,I??KOtVLw,4,15978088,,,false,4
,I??KOtVLw,5,15822427,,,false,4
,I??KOtVLw,6,15823754,,,false,4
,I??KOtVLw,7,15922010,,,false,4
,I??KOtVLw,8,15864746,,,false,4
,I??KOtVLw,9,15800707,,,false,4
,I??KQKSIG,0,12880644,,,false,2
,I??KQKSIG,1,13101042,,,false,2
,I??KQKSIG,2,12951526,,,false,2
,I??KQKSIG,3,12909136,,,false,2
,I??KQKSIG,4,12905434,,,false,2
,I??KQKSIG,5,13009698,,,false,2
,I??KQKSIG,6,12896636,,,false,2
,I??KQKSIG,7,12869260,,,false,2
,I??KQKSIG,8,12894052,,,false,2
,I??KQKSIG,9,12921148,,,false,2
,I??OPHA}W,0,14642640,,,false,2
,I??OPHA}W,1,14553043,,,false,2
,I??OPHA}W,2,14677348,,,false,2
,I??OPHA}W,3,14682027,,,false,2
,I??OPHA}W,4,14660938,,,false,2
,I??OPHA}W,5,14607444,,,false,2
,I??OPHA}W,6,14633841,,,false,2
,I??OPHA}W,7,14743901,,,false,2
,I??OPHA}W,8,14689360,,,false,2
,I??OPHA}W,9,14577415,,,false,2
,I??OPHB`w,0,13497633,,,false,2
,I??OPHB`w,1,13474307,,,false,2
,I??OPHB`w,2,13428985,,,false,2
,I??OPHB`w,3,13389040,,,false,2
,I??OPHB`w,4,13684860,,,false,2
,I??OPHB`w,5,13460204,,,false,2
,I??OPHB`w,6,13472634,,,false,2
,I??OPHB`w,7,13388973,,,false,2
,I??OPHB`w,8,13489674,,,false,2
,I??OPHB`w,9,13484506,,,false,2
,I??OPPE`o,0,13474380,,,false,2
,I??OPPE`o,1,13428220,,,false,2
,I??OPPE`o,2,13469282,,,false,2
,I??OPPE`o,3,13425637,,,false,2
,I??OPPE`o,4,13443863,,,false,2
,I??OPPE`o,5,13394489,,,false,2
,I??OPPE`o,6,13490163,,,false,2
,I??OPPE`o,7,13510136,,,false,2
,I??OPPE`o,8,13412926,,,false,2
,I??OPPE`o,9,13414951,,,false,2
,I??OQ?``w,0,12627985,,,false,2
,I??OQ?``w,1,12640276,,,false,2
,I??OQ?``w,2,12585386,,,false,2
,I??OQ?``w,3,12601099,,,false,2
,I??OQ?``w,4,12629661,,,false,2
,I??OQ?``w,5,12644256,,,false,2
,I??OQ?``w,6,12546348,,,false,2
,I??OQ?``w,7,12751871,,,false,2
,I??OQ?``w,8,12618488,,,false,2
,I??OQ?``w,9,12740838,,,false,2
,I??OQKeeW,0,14914092,,,false,3
,I??OQKeeW,1,14817370,,,false,3
,I??OQKeeW,2,14913323,,,false,3
,I??OQKeeW,3,14940349,,,false,3
,I??OQKeeW,4,14830359,,,false,3
,I??OQKeeW,5,14879872,,,false,3
,I??OQKeeW,6,14922891,,,false,3
,I??OQKeeW,7,14907527,,,false,3
,I??OQKeeW,8,14837902,,,false,3
,I??OQKeeW,9,14830359,,,false,3
,I??OQKfeW,0,15069473,,,false,3
,I??OQKfeW,1,15009415,,,false,3
,I??OQKfeW,2,14999499,,,false,3
,I??OQKfeW,3,15027363,,,false,3
,I??OQKfeW,4,15085884,,,false,3
,I??OQKfeW,5,14957668,,,false,3
,I??OQKfeW,6,15010602,,,false,3
,I??OQKfeW,7,15073664,,,false,3
,I??OQKfeW,8,15065284,,,false,3
,I??OQKfeW,9,15112701,,,false,3
,I??OQKfmw,0,15959585,,,false,3
,I??OQKfmw,1,15959864,,,false,3
,I??OQKfmw,2,15912237,,,false,3
,I??OQKfmw,3,15925296,,,false,3
,I??OQKfmw,4,16062032,,,false,3
,I??OQKfmw,5,15959934,,,false,3
,I??OQKfmw,6,15927112,,,false,3
,I??OQKfmw,7,16010145,,,false,3
,I??OQKfmw,8,15895617,,,false,3
,I??OQKfmw,9,15957700,,,false,3
,I??OQKxxg,0,15903787,,,false,3
,I??OQKxxg,1,15947364,,,false,3
,I??OQKxxg,2,15881510,,,false,3
,I??OQKxxg,3,15844009,,,false,3
,I??OQKxxg,4,15998204,,,false,3
,I??OQKxxg,5,15976835,,,false,3
,I??OQKxxg,6,15835140,,,false,3
,I??OQKxxg,7,16038009,,,false,3
,I??OQKxxg,8,16225167,,,false,3
,I??OQKxxg,9,15820405,,,false,3
,I??OS?dOw,0,12509545,,,false,2
,I??OS?dOw,1,12678685,,,false,2
,I??OS?dOw,2,12477840,,,false,2
,I??OS?dOw,3,12443412,,,false,2
,I??OS?dOw,4,12433010,,,false,2
,I??OS?dOw,5,12529521,,,false,2
,I??OS?dOw,6,12498165,,,false,2
,I??OS?dOw,7,12469044,,,false,2
,I??OS?dOw,8,12464784,,,false,2
,I??OS?dOw,9,12456963,,,false,2
,I??OS@XHw,0,14174896,,,false,2
,I??OS@XHw,1,14045003,,,false,2
,I??OS@XHw,2,14090815,,,false,2
,I??OS@XHw,3,14173079,,,false,2
,I??OS@XHw,4,14133064,,,false,2
,I??OS@XHw,5,14124614,,,false,2
,I??OS@XHw,6,14231112,,,false,2
,I??OS@XHw,7,14491875,,,false,2
,I??OS@XHw,8,14121262,,,false,2
,I??OS@XHw,9,14043117,,,false,2
,I??OSLFHw,0,13994513,,,false,3
,I??OSLFHw,1,14109460,,,false,3
,I??OSLFHw,2,13917764,,,false,3
,I??OSLFHw,3,13895906,,,false,3
,I??OSLFHw,4,13938854,,,false,3
,I??OSLFHw,5,14038997,,,false,3
,I??OSLFHw,6,13901353,,,false,3
,I??OSLFHw,7,13978800,,,false,3
,I??OSLFHw,8,13965531,,,false,3
,I??OSLFHw,9,14084319,,,false,3
,I??OS_bRG,0,13856170,,,false,2
,I??OS_bRG,1,13799953,,,false,2
,I??OS_bRG,2,13840736,,,false,2
,I??OS_bRG,3,13873209,,,false,2
,I??OS_bRG,4,13772857,,,false,2
,I??OS_bRG,5,13834590,,,false,2
,I??OS_bRG,6,13809591,,,false,2
,I??OS_bRG,7,13823557,,,false,2
,I??OS_bRG,8,13789268,,,false,2
,I??OS_bRG,9,13761265,,,false,2
,I??OXLZjW,0,16317701,,,false,4
,I??OXLZjW,1,16407578,,,false,4
,I??OXLZjW,2,16492428,,,false,4
,I??OXLZjW,3,16372940,,,false,4
,I??OXLZjW,4,16449828,,,false,4
,I??OXLZjW,5,16313092,,,false,4
,I??OXLZjW,6,16286905,,,false,4
,I??OXLZjW,7,16488726,,,false,4
,I??OXLZjW,8,16257783,,,false,4
,I??OXLZjW,9,16245842,,,false,4
,I??OXLZzO,0,16484745,,,false,4
,I??OXLZzO,1,16453739,,,false,4
,I??OXLZzO,2,16383485,,,false,4
,I??OXLZzO,3,16413794,,,false,4
,I??OXLZzO,4,16498014,,,false,4
,I??OXLZzO,5,16480206,,,false,4
,I??OXLZzO,6,16372800,,,false,4
,I??OXLZzO,7,16606887,,,false,4
,I??OXLZzO,8,16401922,,,false,4
,I??OXLZzO,9,16377969,,,false,4
,I??OY?`ew,0,14039206,,,false,2
,I??OY?`ew,1,13994233,,,false,2
,I??OY?`ew,2,13871114,,,false,2
,I??OY?`ew,3,13874117,,,false,2
,I??OY?`ew,4,13972514,,,false,2
,I??OY?`ew,5,13867902,,,false,2
,I??OY?`ew,6,13924887,,,false,2
,I??OY?`ew,7,13865807,,,false,2
,I??OY?`ew,8,13960712,,,false,2
,I??OY?`ew,9,13927331,,,false,2
,I??OY?`}W,0,14398646,,,false,2
,I??OY?`}W,1,14373924,,,false,2
,I??OY?`}W,2,14523721,,,false,2
,I??OY?`}W,3,14353675,,,false,2
,I??OY?`}W,4,14421484,,,false,2
,I??OY?`}W,5,14455005,,,false,2
,I??OY?`}W,6,14434683,,,false,2
,I??OY?`}W,7,14366665,,,false,2
,I??OY?`}W,8,14348228,,,false,2
,I??OY?`}W,9,14443133,,,false,2
,I??OYKhcg,0,14721983,,,false,3
,I??OYKhcg,1,14586295,,,false,3
,I??OYKhcg,2,14823104,,,false,3
,I??OYKhcg,3,14846499,,,false,3
,I??OYKhcg,4,14730852,,,false,3
,I??OYKhcg,5,14593417,,,false,3
,I??OYKhcg,6,14796986,,,false,3
,I??OYKhcg,7,14726173,,,false,3
,I??OYKhcg,8,14662903,,,false,3
,I??OYKhcg,9,14641883,,,false,3
,I??OYKzjw,0,16591596,,,false,4
,I??OYKzjw,1,16495784,,,false,4
,I??OYKzjw,2,16427276,,,false,4
,I??OYKzjw,3,16531608,,,false,4
,I??OYKzjw,4,16512823,,,false,4
,I??OYKzjw,5,16468758,,,false,4
,I??OYKzjw,6,16442639,,,false,4
,I??OYKzjw,7,16718695,,,false,4
,I??OYKzjw,8,16441243,,,false,4
,I??OYKzjw,9,16497669,,,false,4
,I??OYOflo,0,15817759,,,false,3
,I??OYOflo,1,15633256,,,false,3
,I??OYOflo,2,15656370,,,false,3
,I??OYOflo,3,15769573,,,false,3
,I??OYOflo,4,15643311,,,false,3
,I??OYOflo,5,15620895,,,false,3
,I??OYOflo,6,15648270,,,false,3
,I??OYOflo,7,15746947,,,false,3
,I??OYOflo,8,15648619,,,false,3
,I??OYOflo,9,15613632,,,false,3
,I??O[K|Uo,0,15788009,,,false,4
,I??O[K|Uo,1,15754069,,,false,4
,I??O[K|Uo,2,15706093,,,false,4
,I??O[K|Uo,3,15702322,,,false,4
,I??O[K|Uo,4,15805817,,,false,4
,I??O[K|Uo,5,15715451,,,false,4
,I??O[K|Uo,6,15622920,,,false,4
,I??O[K|Uo,7,15780257,,,false,4
,I??O[K|Uo,8,15715730,,,false,4
,I??O[K|Uo,9,15662586,,,false,4
,I??O[K|Uw,0,16061062,,,false,4
,I??O[K|Uw,1,16193818,,,false,4
,I??O[K|Uw,2,16021257,,,false,4
,I??O[K|Uw,3,15991367,,,false,4
,I??O[K|Uw,4,16096818,,,false,4
,I??O[K|Uw,5,16008617,,,false,4
,I??O[K|Uw,6,16044093,,,false,4
,I??O[K|Uw,7,16061272,,,false,4
,I??O[K|Uw,8,15980194,,,false,4
,I??O[K|Uw,9,15978658,,,false,4
,I??Op\efW,0,16451089,,,false,4
,I??Op\efW,1,16396130,,,false,4
,I??Op\efW,2,16400738,,,false,4
,I??Op\efW,3,16371408,,,false,4
,I??Op\efW,4,16561288,,,false,4
,I??Op\efW,5,16291028,,,false,4
,I??Op\efW,6,16417083,,,false,4
,I??Op\efW,7,16477840,,,false,4
,I??Op\efW,8,16459962,,,false,4
,I??Op\efW,9,16338170,,,false,4
,I??Oq[mfW,0,16080970,,,false,4
,I??Oq[mfW,1,15990674,,,false,4
,I??Oq[mfW,2,15908548,,,false,4
,I??Oq[mfW,3,15944093,,,false,4
,I??Oq[mfW,4,16080131,,,false,4
,I??Oq[mfW,5,15970281,,,false,4
,I??Oq[mfW,6,16204926,,,false,4
,I??Oq[mfW,7,16120775,,,false,4
,I??Oq[mfW,8,15917836,,,false,4
,I??Oq[mfW,9,16008551,,,false,4
,I??Oqwm~g,0,17157611,,,false,4
,I??Oqwm~g,1,17068292,,,false,4
,I??Oqwm~g,2,16998736,,,false,4
,I??Oqwm~g,3,17049366,,,false,4
,I??Oqwm~g,4,17082468,,,false,4
,I??Oqwm~g,5,17003276,,,false,4
,I??Oqwm~g,6,17083725,,,false,4
,I??Oqwm~g,7,17087427,,,false,4
,I??Oqwm~g,8,17048250,,,false,4
,I??Oqwm~g,9,17143714,,,false,4
,I??Os\NJw,0,15940183,,,false,4
,I??Os\NJw,1,15855124,,,false,4
,I??Os\NJw,2,15853169,,,false,4
,I??Os\NJw,3,15937808,,,false,4
,I??Os\NJw,4,15768459,,,false,4
,I??Os\NJw,5,15908128,,,false,4
,I??Os\NJw,6,15875935,,,false,4
,I??Os\NJw,7,15845347,,,false,4
,I??Os\NJw,8,15855055,,,false,4
,I??Os\NJw,9,15850375,,,false,4
,I??P?XAeW,0,13630680,,,false,2
,I??P?XAeW,1,13571670,,,false,2
,I??P?XAeW,2,13577816,,,false,2
,I??P?XAeW,3,13520481,,,false,2
,I??P?XAeW,4,13604073,,,false,2
,I??P?XAeW,5,13555608,,,false,2
,I??P?XAeW,6,13499112,,,false,2
,I??P?XAeW,7,13463776,,,false,2
,I??P?XAeW,8,13662734,,,false,2
,I??P?XAeW,9,13675654,,,false,2
,I??P?XIco,0,13542199,,,false,2
,I??P?XIco,1,13579213,,,false,2
,I??P?XIco,2,13640737,,,false,2
,I??P?XIco,3,13574603,,,false,2
,I??P?XIco,4,13582075,,,false,2
,I??P?XIco,5,13514266,,,false,2
,I??P?XIco,6,13676492,,,false,2
,I??P?XIco,7,13538778,,,false,2
,I??P?XIco,8,13586405,,,false,2
,I??P?XIco,9,13584938,,,false,2
,I??P?\Xf_,0,14962288,,,false,3
,I??P?\Xf_,1,14838401,,,false,3
,I??P?\Xf_,2,14788748,,,false,3
,I??P?\Xf_,3,14893431,,,false,3
,I??P?\Xf_,4,14878137,,,false,3
,I??P?\Xf_,5,14848247,,,false,3
,I??P?\Xf_,6,14780229,,,false,3
,I??P?\Xf_,7,14896574,,,false,3
,I??P?\Xf_,8,14816473,,,false,3
,I??P?\Xf_,9,14792450,,,false,3
,I??POpFxo,0,15941649,,,false,3
,I??POpFxo,1,16048218,,,false,3
,I??POpFxo,2,15866930,,,false,3
,I??POpFxo,3,15863299,,,false,3
,I??POpFxo,4,16058626,,,false,3
,I??POpFxo,5,15890115,,,false,3
,I??POpFxo,6,15913928,,,false,3
,I??POpFxo,7,15951919,,,false,3
,I??POpFxo,8,15911136,,,false,3
,I??POpFxo,9,15897168,,,false,3
,I??PYyz~O,0,17939274,,,false,4
,I??PYyz~O,1,17995491,,,false,4
,I??PYyz~O,2,17956104,,,false,4
,I??PYyz~O,3,17863923,,,false,4
,I??PYyz~O,4,17995212,,,false,4
,I??PYyz~O,5,17904985,,,false,4
,I??PYyz~O,6,17917905,,,false,4
,I??PYyz~O,7,18074753,,,false,4
,I??PYyz~O,8,17933408,,,false,4
,I??PYyz~O,9,18100663,,,false,4
,I??P\t^~g,0,18658152,,,false,4
,I??P\t^~g,1,18558568,,,false,4
,I??P\t^~g,2,18658152,,,false,4
,I??P\t^~g,3,18608779,,,false,4
,I??P\t^~g,4,18573303,,,false,4
,I??P\t^~g,5,18567926,,,false,4
,I??P\t^~g,6,18613598,,,false,4
,I??P\t^~g,7,18497463,,,false,4
,I??P\t^~g,8,18643836,,,false,4
,I??P\t^~g,9,18562200,,,false,4
,I??Psxm~?,0,17219557,,,false,4
,I??Psxm~?,1,17329687,,,false,4
,I??Psxm~?,2,17276962,,,false,4
,I??Psxm~?,3,17236458,,,false,4
,I??Psxm~?,4,17336741,,,false,4
,I??Psxm~?,5,17323472,,,false,4
,I??Psxm~?,6,17349800,,,false,4
,I??Psxm~?,7,17408182,,,false,4
,I??Psxm~?,8,17285552,,,false,4
,I??Psxm~?,9,17272702,,,false,4
,I??Q?slfg,0,15451134,,,false,3
,I??Q?slfg,1,15507212,,,false,3
,I??Q?slfg,2,15402390,,,false,3
,I??Q?slfg,3,15450506,,,false,3
,I??Q?slfg,4,15489124,,,false,3
,I??Q?slfg,5,15524600,,,false,3
,I??Q?slfg,6,15439961,,,false,3
,I??Q?slfg,7,15398269,,,false,3
,I??Q?slfg,8,15510214,,,false,3
,I??Q?slfg,9,15430882,,,false,3
,I??QXYRzG,0,16642933,,,false,4
,I??QXYRzG,1,16741610,,,false,4
,I??QXYRzG,2,16632527,,,false,4
,I??QXYRzG,3,16679178,,,false,4
,I??QXYRzG,4,16766261,,,false,4
,I??QXYRzG,5,16837143,,,false,4
,I??QXYRzG,6,16748174,,,false,4
,I??QXYRzG,7,16678130,,,false,4
,I??QXYRzG,8,16725338,,,false,4
,I??QXYRzG,9,16644330,,,false,4
,I??Rswn~G,0,17979152,,,false,4
,I??Rswn~G,1,18210516,,,false,4
,I??Rswn~G,2,17958762,,,false,4
,I??Rswn~G,3,17980342,,,false,4
,I??Rswn~G,4,18123293,,,false,4
,I??Rswn~G,5,18021613,,,false,4
,I??Rswn~G,6,17936065,,,false,4
,I??Rswn~G,7,18071406,,,false,4
,I??Rswn~G,8,17978176,,,false,4
,I??Rswn~G,9,18014560,,,false,4
,I??T@GNUW,0,15205110,,,false,3
,I??T@GNUW,1,15024587,,,false,3
,I??T@GNUW,2,15179970,,,false,3
,I??T@GNUW,3,15113418,,,false,3
,I??T@GNUW,4,15110553,,,false,3
,I??T@GNUW,5,15067396,,,false,3
,I??T@GNUW,6,15001612,,,false,3
,I??T@GNUW,7,15193308,,,false,3
,I??T@GNUW,8,15114535,,,false,3
,I??T@GNUW,9,15178852,,,false,3
,I??WQ?b`w,0,13903601,,,false,2
,I??WQ?b`w,1,13796334,,,false,2
,I??WQ?b`w,2,13693538,,,false,2
,I??WQ?b`w,3,13723915,,,false,2
,I??WQ?b`w,4,13773778,,,false,2
,I??WQ?b`w,5,13743540,,,false,2
,I??WQ?b`w,6,13690186,,,false,2
,I??WQ?b`w,7,13832020,,,false,2
,I??WQ?b`w,8,13879018,,,false,2
,I??WQ?b`w,9,13733204,,,false,2
,I??XPqdSw,0,15785646,,,false,4
,I??XPqdSw,1,15855061,,,false,4
,I??XPqdSw,2,15911139,,,false,4
,I??XPqdSw,3,15850801,,,false,4
,I??XPqdSw,4,15834181,,,false,4
,I??XPqdSw,5,15985653,,,false,4
,I??XPqdSw,6,15810158,,,false,4
,I??XPqdSw,7,15808971,,,false,4
,I??XPqdSw,8,15729708,,,false,4
,I??XPqdSw,9,15879084,,,false,4
,I??YcOfJo,0,15584732,,,false,3
,I??YcOfJo,1,15493877,,,false,3
,I??YcOfJo,2,15588363,,,false,3
,I??YcOfJo,3,15529492,,,false,3
,I??YcOfJo,4,15507844,,,false,3
,I??YcOfJo,5,15515875,,,false,3
,I??YcOfJo,6,15709736,,,false,3
,I??YcOfJo,7,15615948,,,false,3
,I??YcOfJo,8,15518668,,,false,3
,I??YcOfJo,9,15597651,,,false,3
,I??[QOfLo,0,15639133,,,false,3
,I??[QOfLo,1,15504422,,,false,3
,I??[QOfLo,2,15565737,,,false,3
,I??[QOfLo,3,15797797,,,false,3
,I??[QOfLo,4,15479770,,,false,3
,I??[QOfLo,5,15503514,,,false,3
,I??[QOfLo,6,15632149,,,false,3
,I??[QOfLo,7,15491921,,,false,3
,I??[QOfLo,8,15529492,,,false,3
,I??[QOfLo,9,15594648,,,false,3
,I??_Pe^Vo,0,16306543,,,false,3
,I??_Pe^Vo,1,16183075,,,false,3
,I??_Pe^Vo,2,16228607,,,false,3
,I??_Pe^Vo,3,16348164,,,false,3
,I??_Pe^Vo,4,16204169,,,false,3
,I??_Pe^Vo,5,16204727,,,false,3
,I??_Pe^Vo,6,16342721,,,false,3
,I??_Pe^Vo,7,16235455,,,false,3
,I??_Pe^Vo,8,16261713,,,false,3
,I??_Pe^Vo,9,16299144,,,false,3
,I??_Pe^Vw,0,16471497,,,false,3
,I??_Pe^Vw,1,16441817,,,false,3
,I??_Pe^Vw,2,16550480,,,false,3
,I??_Pe^Vw,3,16511722,,,false,3
,I??_Pe^Vw,4,16441188,,,false,3
,I??_Pe^Vw,5,16372681,,,false,3
,I??_Pe^Vw,6,16474080,,,false,3
,I??_Pe^Vw,7,16371354,,,false,3
,I??_Pe^Vw,8,16397961,,,false,3
,I??_Pe^Vw,9,16506694,,,false,3
,I??_QCRfW,0,14512423,,,false,3
,I??_QCRfW,1,14536027,,,false,3
,I??_QCRfW,2,14454390,,,false,3
,I??_QCRfW,3,14648811,,,false,3
,I??_QCRfW,4,14583794,,,false,3
,I??_QCRfW,5,14588263,,,false,3
,I??_QCRfW,6,14530021,,,false,3
,I??_QCRfW,7,14618222,,,false,3
,I??_QCRfW,8,14518499,,,false,3
,I??_QCRfW,9,14535748,,,false,3
,I??_Xu^Vo,0,16843506,,,false,4
,I??_Xu^Vo,1,16761031,,,false,4
,I??_Xu^Vo,2,16887153,,,false,4
,I??_Xu^Vo,3,16988343,,,false,4
,I??_Xu^Vo,4,16775277,,,false,4
,I??_Xu^Vo,5,16786101,,,false,4
,I??_Xu^Vo,6,16838128,,,false,4
,I??_Xu^Vo,7,16849442,,,false,4
,I??_Xu^Vo,8,16835266,,,false,4
,I??_Xu^Vo,9,16747833,,,false,4
,I??_Xu^Vw,0,17077662,,,false,4
,I??_Xu^Vw,1,16919277,,,false,4
,I??_Xu^Vw,2,16963063,,,false,4
,I??_Xu^Vw,3,17064672,,,false,4
,I??_Xu^Vw,4,17007478,,,false,4
,I??_Xu^Vw,5,16891552,,,false,4
,I??_Xu^Vw,6,17107761,,,false,4
,I??_Xu^Vw,7,16964809,,,false,4
,I??_Xu^Vw,8,16959711,,,false,4
,I??_Xu^Vw,9,17055175,,,false,4
,I??_YOVkw,0,15762045,,,false,3
,I??_YOVkw,1,15534873,,,false,3
,I??_YOVkw,2,15570908,,,false,3
,I??_YOVkw,3,15588018,,,false,3
,I??_YOVkw,4,15582151,,,false,3
,I??_YOVkw,5,15516087,,,false,3
,I??_YOVkw,6,15633829,,,false,3
,I??_YOVkw,7,15525166,,,false,3
,I??_YOVkw,8,15558826,,,false,3
,I??_YOVkw,9,15538644,,,false,3
,I??_Yczno,0,16606976,,,false,3
,I??_Yczno,1,16539864,,,false,3
,I??_Yczno,2,16515981,,,false,3
,I??_Yczno,3,16717385,,,false,3
,I??_Yczno,4,16618569,,,false,3
,I??_Yczno,5,16584210,,,false,3
,I??_Yczno,6,16611310,,,false,3
,I??_Yczno,7,16566615,,,false,3
,I??_Yczno,8,16522340,,,false,3
,I??_Yczno,9,16746650,,,false,3
,I??_[pFMg,0,15644378,,,false,3
,I??_[pFMg,1,15513997,,,false,3
,I??_[pFMg,2,15583063,,,false,3
,I??_[pFMg,3,15685859,,,false,3
,I??_[pFMg,4,15536902,,,false,3
,I??_[pFMg,5,15567490,,,false,3
,I??_[pFMg,6,15710512,,,false,3
,I??_[pFMg,7,15675104,,,false,3
,I??_[pFMg,8,15843686,,,false,3
,I??_[pFMg,9,15704366,,,false,3
,I??__PB`o,0,12948547,,,false,2
,I??__PB`o,1,12790371,,,false,2
,I??__PB`o,2,12806782,,,false,2
,I??__PB`o,3,12786111,,,false,2
,I??__PB`o,4,12863768,,,false,2
,I??__PB`o,5,12809646,,,false,2
,I??__PB`o,6,12759994,,,false,2
,I??__PB`o,7,12810624,,,false,2
,I??__PB`o,8,12824801,,,false,2
,I??__PB`o,9,12762438,,,false,2
,I??__QFPo,0,13229562,,,false,2
,I??__QFPo,1,13345279,,,false,2
,I??__QFPo,2,13338155,,,false,2
,I??__QFPo,3,13226769,,,false,2
,I??__QFPo,4,13247370,,,false,2
,I??__QFPo,5,13230889,,,false,2
,I??__QFPo,6,13309034,,,false,2
,I??__QFPo,7,13253516,,,false,2
,I??__QFPo,8,13193179,,,false,2
,I??__QFPo,9,13259731,,,false,2
,I??__QFPw,0,13487811,,,false,2
,I??__QFPw,1,13466232,,,false,2
,I??__QFPw,2,13414904,,,false,2
,I??__QFPw,3,13417069,,,false,2
,I??__QFPw,4,13558274,,,false,2
,I??__QFPw,5,13442349,,,false,2
,I??__QFPw,6,13416859,,,false,2
,I??__QFPw,7,13434388,,,false,2
,I??__QFPw,8,13450659,,,false,2
,I??__QFPw,9,13422306,,,false,2
,I??__QwPw,0,14404183,,,false,2
,I??__QwPw,1,14338049,,,false,2
,I??__QwPw,2,14507259,,,false,2
,I??__QwPw,3,14413121,,,false,2
,I??__QwPw,4,14363539,,,false,2
,I??__QwPw,5,14378343,,,false,2
,I??__QwPw,6,14435050,,,false,2
,I??__QwPw,7,14399992,,,false,2
,I??__QwPw,8,14286162,,,false,2
,I??__QwPw,9,14343636,,,false,2
,I??__TE`W,0,13230540,,,false,2
,I??__TE`W,1,13088706,,,false,2
,I??__TE`W,2,13069082,,,false,2
,I??__TE`W,3,13091709,,,false,2
,I??__TE`W,4,13216084,,,false,2
,I??__TE`W,5,13091429,,,false,2
,I??__TE`W,6,13119713,,,false,2
,I??__TE`W,7,13103091,,,false,2
,I??__TE`W,8,13196810,,,false,2
,I??__TE`W,9,13098343,,,false,2
,I??__TFmW,0,15276488,,,false,3
,I??__TFmW,1,15326420,,,false,3
,I??__TFmW,2,15335918,,,false,3
,I??__TFmW,3,15289897,,,false,3
,I??__TFmW,4,15303515,,,false,3
,I??__TFmW,5,15441229,,,false,3
,I??__TFmW,6,15383406,,,false,3
,I??__TFmW,7,15291995,,,false,3
,I??__TFmW,8,15396188,,,false,3
,I??__TFmW,9,15301422,,,false,3
,I??__\YfO,0,14572767,,,false,3
,I??__\YfO,1,14527235,,,false,3
,I??__\YfO,2,14583173,,,false,3
,I??__\YfO,3,14564596,,,false,3
,I??__\YfO,4,14524511,,,false,3
,I??__\YfO,5,14566971,,,false,3
,I??__\YfO,6,14642043,,,false,3
,I??__\YfO,7,14570672,,,false,3
,I??__\YfO,8,14522696,,,false,3
,I??__\YfO,9,14604193,,,false,3
,I??__\YfW,0,15364763,,,false,3
,I??__\YfW,1,15280193,,,false,3
,I??__\YfW,2,15276981,,,false,3
,I??__\YfW,3,15400448,,,false,3
,I??__\YfW,4,15260918,,,false,3
,I??__\YfW,5,15236267,,,false,3
,I??__\YfW,6,15461834,,,false,3
,I??__\YfW,7,15431176,,,false,3
,I??__\YfW,8,15303238,,,false,3
,I??__\YfW,9,15215596,,,false,3
,I??_`pnfo,0,16366682,,,false,3
,I??_`pnfo,1,16279737,,,false,3
,I??_`pnfo,2,16293496,,,false,3
,I??_`pnfo,3,16418080,,,false,3
,I??_`pnfo,4,16350551,,,false,3
,I??_`pnfo,5,16328971,,,false,3
,I??_`pnfo,6,16306275,,,false,3
,I??_`pnfo,7,16403205,,,false,3
,I??_`pnfo,8,16289584,,,false,3
,I??_`pnfo,9,16262139,,,false,3
,I??_`pnfw,0,16644974,,,false,3
,I??_`pnfw,1,16557191,,,false,3
,I??_`pnfw,2,16513405,,,false,3
,I??_`pnfw,3,16683453,,,false,3
,I??_`pnfw,4,16552442,,,false,3
,I??_`pnfw,5,16708453,,,false,3
,I??_`pnfw,6,16661385,,,false,3
,I??_`pnfw,7,16685897,,,false,3
,I??_`pnfw,8,16482188,,,false,3
,I??_`pnfw,9,16495667,,,false,3
,I??_aOMbo,0,14081899,,,false,2
,I??_aOMbo,1,13899211,,,false,2
,I??_aOMbo,2,13920929,,,false,2
,I??_aOMbo,3,13894742,,,false,2
,I??_aOMbo,4,13987343,,,false,2
,I??_aOMbo,5,13919463,,,false,2
,I??_aOMbo,6,13874489,,,false,2
,I??_aOMbo,7,13989088,,,false,2
,I??_aOMbo,8,13998446,,,false,2
,I??_aOMbo,9,13857729,,,false,2
,I??_g]~^o,0,17126484,,,false,4
,I??_g]~^o,1,17174391,,,false,4
,I??_g]~^o,2,17044429,,,false,4
,I??_g]~^o,3,17094989,,,false,4
,I??_g]~^o,4,17150856,,,false,4
,I??_g]~^o,5,17261615,,,false,4
,I??_g]~^o,6,17042124,,,false,4
,I??_g]~^o,7,17110492,,,false,4
,I??_g]~^o,8,17029274,,,false,4
,I??_g]~^o,9,17006298,,,false,4
,I??_g]~^w,0,17422166,,,false,4
,I??_g]~^w,1,17325937,,,false,4
,I??_g]~^w,2,17349680,,,false,4
,I??_g]~^w,3,17388578,,,false,4
,I??_g]~^w,4,17284105,,,false,4
,I??_g]~^w,5,17324610,,,false,4
,I??_g]~^w,6,17355127,,,false,4
,I??_g]~^w,7,17352823,,,false,4
,I??_g]~^w,8,17289064,,,false,4
,I??_g]~^w,9,17241645,,,false,4
,I??aGWRmw,0,15662193,,,false,3
,I??aGWRmw,1,15933431,,,false,3
,I??aGWRmw,2,15589215,,,false,3
,I??aGWRmw,3,15780004,,,false,3
,I??aGWRmw,4,15636703,,,false,3
,I??aGWRmw,5,15632653,,,false,3
,I??aGWRmw,6,15516517,,,false,3
,I??aGWRmw,7,15723368,,,false,3
,I??aGWRmw,8,15602973,,,false,3
,I??aGWRmw,9,15644315,,,false,3
,I??aWwrmW,0,16374438,,,false,4
,I??aWwrmW,1,16151106,,,false,4
,I??aWwrmW,2,16233581,,,false,4
,I??aWwrmW,3,16289378,,,false,4
,I??aWwrmW,4,16201666,,,false,4
,I??aWwrmW,5,16226877,,,false,4
,I??aWwrmW,6,16327579,,,false,4
,I??aWwrmW,7,16357956,,,false,4
,I??aWwrmW,8,16190284,,,false,4
,I??aWwrmW,9,16211094,,,false,4
,I??aWwrmw,0,16728919,,,false,4
,I??aWwrmw,1,16599445,,,false,4
,I??aWwrmw,2,16705385,,,false,4
,I??aWwrmw,3,16779688,,,false,4
,I??aWwrmw,4,16639670,,,false,4
,I??aWwrmw,5,16615019,,,false,4
,I??aWwrmw,6,16677521,,,false,4
,I??aWwrmw,7,16676193,,,false,4
,I??aWwrmw,8,16619488,,,false,4
,I??aWwrmw,9,16584710,,,false,4
,I??a_[znO,0,16193705,,,false,3
,I??a_[znO,1,16208231,,,false,3
,I??a_[znO,2,16087766,,,false,3
,I??a_[znO,3,16198733,,,false,3
,I??a_[znO,4,16127083,,,false,3
,I??a_[znO,5,16061997,,,false,3
,I??a_[znO,6,16135672,,,false,3
,I??a_[znO,7,16110043,,,false,3
,I??a_[znO,8,16102501,,,false,3
,I??a_[znO,9,16136859,,,false,3
,I??a`O\fo,0,15567776,,,false,3
,I??a`O\fo,1,15560653,,,false,3
,I??a`O\fo,2,15427827,,,false,3
,I??a`O\fo,3,15575458,,,false,3
,I??a`O\fo,4,15491796,,,false,3
,I??a`O\fo,5,15480762,,,false,3
,I??a`O\fo,6,15490888,,,false,3
,I??a`O\fo,7,15603671,,,false,3
,I??a`O\fo,8,15461278,,,false,3
,I??a`O\fo,9,15405340,,,false,3
,I??c?cJPW,0,13144021,,,false,2
,I??c?cJPW,1,13047649,,,false,2
,I??c?cJPW,2,12985636,,,false,2
,I??c?cJPW,3,12986616,,,false,2
,I??c?cJPW,4,13104846,,,false,2
,I??c?cJPW,5,13051912,,,false,2
,I??c?cJPW,6,13003587,,,false,2
,I??c?cJPW,7,13012665,,,false,2
,I??c?cJPW,8,13160086,,,false,2
,I??c?cJPW,9,13090321,,,false,2
,I??gS`BDg,0,13812133,,,false,2
,I??gS`BDg,1,13817370,,,false,2
,I??gS`BDg,2,13979318,,,false,2
,I??gS`BDg,3,13884203,,,false,2
,I??gS`BDg,4,13797678,,,false,2
,I??gS`BDg,5,13892513,,,false,2
,I??gS`BDg,6,13839230,,,false,2
,I??gS`BDg,7,13845514,,,false,2
,I??gS`BDg,8,13789158,,,false,2
,I??gS`BDg,9,13763109,,,false,2
,I??gaCJcW,0,13420500,,,false,3
,I??gaCJcW,1,13322871,,,false,3
,I??gaCJcW,2,13331251,,,false,3
,I??gaCJcW,3,13355344,,,false,3
,I??gaCJcW,4,13357858,,,false,3
,I??gaCJcW,5,13287883,,,false,3
,I??gaCJcW,6,13336768,,,false,3
,I??gaCJcW,7,13244866,,,false,3
,I??gaCJcW,8,13406393,,,false,3
,I??gaCJcW,9,13317703,,,false,3
,I??ggxJgw,0,15865695,,,false,4
,I??ggxJgw,1,15825820,,,false,4
,I??ggxJgw,2,15987487,,,false,4
,I??ggxJgw,3,15830568,,,false,4
,I??ggxJgw,4,15911646,,,false,4
,I??ggxJgw,5,15982598,,,false,4
,I??ggxJgw,6,15944259,,,false,4
,I??ggxJgw,7,15881407,,,false,4
,I??ggxJgw,8,15913252,,,false,4
,I??ggxJgw,9,16021286,,,false,4
,I??gkTJLW,0,15896282,,,false,4
,I??gkTJLW,1,15736081,,,false,4
,I??gkTJLW,2,15886785,,,false,4
,I??gkTJLW,3,15770789,,,false,4
,I??gkTJLW,4,15809897,,,false,4
,I??gkTJLW,5,15878754,,,false,4
,I??gkTJLW,6,15857245,,,false,4
,I??gkTJLW,7,15829171,,,false,4
,I??gkTJLW,8,15861784,,,false,4
,I??gkTJLW,9,15915417,,,false,4
,I??g||~~_,0,18970968,,,false,5
,I??g||~~_,1,18892125,,,false,5
,I??g||~~_,2,18974041,,,false,5
,I??g||~~_,3,19057493,,,false,5
,I??g||~~_,4,18929347,,,false,5
,I??g||~~_,5,19104143,,,false,5
,I??g||~~_,6,18885770,,,false,5
,I??g||~~_,7,18985913,,,false,5
,I??g||~~_,8,18930324,,,false,5
,I??g||~~_,9,18921456,,,false,5
,I??wt\yTw,0,17857453,,,false,4
,I??wt\yTw,1,17799211,,,false,4
,I??wt\yTw,2,17772184,,,false,4
,I??wt\yTw,3,17882453,,,false,4
,I??wt\yTw,4,17836782,,,false,4
,I??wt\yTw,5,17802562,,,false,4
,I??wt\yTw,6,17885038,,,false,4
,I??wt\yTw,7,17805500,,,false,4
,I??wt\yTw,8,17767789,,,false,4
,I??wt\yTw,9,17862974,,,false,4
,I??yRQVmg,0,17385933,,,false,4
,I??yRQVmg,1,17322662,,,false,4
,I??yRQVmg,2,17319100,,,false,4
,I??yRQVmg,3,17276082,,,false,4
,I??yRQVmg,4,17293332,,,false,4
,I??yRQVmg,5,17275034,,,false,4
,I??yRQVmg,6,17809410,,,false,4
,I??yRQVmg,7,17283904,,,false,4
,I??yRQVmg,8,17267982,,,false,4
,I??yRQVmg,9,17427484,,,false,4
,I??yTD\mg,0,17309603,,,false,4
,I??yTD\mg,1,17264839,,,false,4
,I??yTD\mg,2,17423084,,,false,4
,I??yTD\mg,3,17292353,,,false,4
,I??yTD\mg,4,17224614,,,false,4
,I??yTD\mg,5,17488868,,,false,4
,I??yTD\mg,6,17269099,,,false,4
,I??yTD\mg,7,17375737,,,false,4
,I??yTD\mg,8,17447387,,,false,4
,I??yTD\mg,9,17264280,,,false,4
,I??|AtMmW,0,17357439,,,false,4
,I??|AtMmW,1,17500741,,,false,4
,I??|AtMmW,2,17397944,,,false,4
,I??|AtMmW,3,17385234,,,false,4
,I??|AtMmW,4,17477904,,,false,4
,I??|AtMmW,5,17459678,,,false,4
,I??|AtMmW,6,17348571,,,false,4
,I??|AtMmW,7,17518968,,,false,4
,I??|AtMmW,8,17429789,,,false,4
,I??|AtMmW,9,17376225,,,false,4
,I?@?PKUeW,0,14769293,,,false,3
,I?@?PKUeW,1,14793734,,,false,3
,I?@?PKUeW,2,14677180,,,false,3
,I?@?PKUeW,3,14669848,,,false,3
,I?@?PKUeW,4,14790243,,,false,3
,I?@?PKUeW,5,14728718,,,false,3
,I?@?PKUeW,6,14743383,,,false,3
,I?@?PKUeW,7,14698200,,,false,3
,I?@?PKUeW,8,14803581,,,false,3
,I?@?PKUeW,9,14690659,,,false,3
,I?@?XGReW,0,14454338,,,false,3
,I?@?XGReW,1,14586744,,,false,3
,I?@?XGReW,2,14620125,,,false,3
,I?@?XGReW,3,14541630,,,false,3
,I?@?XGReW,4,14463975,,,false,3
,I?@?XGReW,5,14591074,,,false,3
,I?@?XGReW,6,14543726,,,false,3
,I?@?XGReW,7,14461251,,,false,3
,I?@?XGReW,8,14481503,,,false,3
,I?@?XGReW,9,14649037,,,false,3
,I?@?_Ob`w,0,13157016,,,false,2
,I?@?_Ob`w,1,13104640,,,false,2
,I?@?_Ob`w,2,13116302,,,false,2
,I?@?_Ob`w,3,13253877,,,false,2
,I?@?_Ob`w,4,13212046,,,false,2
,I?@?_Ob`w,5,13143817,,,false,2
,I?@?_Ob`w,6,13123147,,,false,2
,I?@?_Ob`w,7,13191515,,,false,2
,I?@?_Ob`w,8,13351785,,,false,2
,I?@?_Ob`w,9,13061132,,,false,2
,I?@?_ObfG,0,13926739,,,false,2
,I?@?_ObfG,1,14052161,,,false,2
,I?@?_ObfG,2,13913679,,,false,2
,I?@?_ObfG,3,13901458,,,false,2
,I?@?_ObfG,4,13885117,,,false,2
,I?@?_ObfG,5,13971502,,,false,2
,I?@?_ObfG,6,13915984,,,false,2
,I?@?_ObfG,7,13915774,,,false,2
,I?@?_ObfG,8,13921780,,,false,2
,I?@?_ObfG,9,14029047,,,false,2
,I?@?_SffW,0,15085368,,,false,3
,I?@?_SffW,1,15097380,,,false,3
,I?@?_SffW,2,15143121,,,false,3
,I?@?_SffW,3,15128665,,,false,3
,I?@?_SffW,4,15142773,,,false,3
,I?@?_SffW,5,15114140,,,false,3
,I?@?_SffW,6,15216378,,,false,3
,I?@?_SffW,7,15060088,,,false,3
,I?@?_SffW,8,15114628,,,false,3
,I?@?_SffW,9,15254578,,,false,3
,I?@?_Wb}w,0,15669326,,,false,2
,I?@?_Wb}w,1,15640555,,,false,2
,I?@?_Wb}w,2,15666743,,,false,2
,I?@?_Wb}w,3,15702568,,,false,2
,I?@?_Wb}w,4,15686925,,,false,2
,I?@?_Wb}w,5,15613947,,,false,2
,I?@?_Wb}w,6,15741745,,,false,2
,I?@?_Wb}w,7,15658991,,,false,2
,I?@?_Wb}w,8,15668699,,,false,2
,I?@?_Wb}w,9,15543135,,,false,2
,I?@?gWb`w,0,13839305,,,false,3
,I?@?gWb`w,1,13740489,,,false,3
,I?@?gWb`w,2,13721424,,,false,3
,I?@?gWb`w,3,13716116,,,false,3
,I?@?gWb`w,4,13814444,,,false,3
,I?@?gWb`w,5,13731969,,,false,3
,I?@?gWb`w,6,13756272,,,false,3
,I?@?gWb`w,7,13726732,,,false,3
,I?@?gWb`w,8,13804388,,,false,3
,I?@?gWb`w,9,13815911,,,false,3
,I?@?gWb~w,0,16719643,,,false,3
,I?@?gWb~w,1,15784833,,,false,3
,I?@?gWb~w,2,15830994,,,false,3
,I?@?gWb~w,3,15809206,,,false,3
,I?@?gWb~w,4,15966404,,,false,3
,I?@?gWb~w,5,15906346,,,false,3
,I?@?gWb~w,6,15825198,,,false,3
,I?@?gWb~w,7,15882812,,,false,3
,I?@?gWb~w,8,15945314,,,false,3
,I?@?gWb~w,9,15902226,,,false,3
,I?@@?_Hfg,0,13283839,,,false,2
,I?@@?_Hfg,1,13309259,,,false,2
,I?@@?_Hfg,2,13430771,,,false,2
,I?@@?_Hfg,3,13251436,,,false,2
,I?@@?_Hfg,4,13281744,,,false,2
,I?@@?_Hfg,5,13285306,,,false,2
,I?@@?_Hfg,6,13399346,,,false,2
,I?@@?_Hfg,7,13258768,,,false,2
,I?@@?_Hfg,8,13245639,,,false,2
,I?@@?_Hfg,9,13248503,,,false,2
,I?@@?_JbO,0,12489399,,,false,2
,I?@@?_JbO,1,12372495,,,false,2
,I?@@?_JbO,2,12374939,,,false,2
,I?@@?_JbO,3,12381014,,,false,2
,I?@@?_JbO,4,12404199,,,false,2
,I?@@?_JbO,5,12388207,,,false,2
,I?@@?_JbO,6,12344631,,,false,2
,I?@@?_JbO,7,12322004,,,false,2
,I?@@?_JbO,8,12422008,,,false,2
,I?@@?_JbO,9,12470614,,,false,2
,I?@@?_JnW,0,14315024,,,false,2
,I?@@?_JnW,1,14361324,,,false,2
,I?@@?_JnW,2,14377944,,,false,2
,I?@@?_JnW,3,14370822,,,false,2
,I?@@?_JnW,4,14252871,,,false,2
,I?@@?_JnW,5,14271726,,,false,2
,I?@@?_JnW,6,14406577,,,false,2
,I?@@?_JnW,7,14362930,,,false,2
,I?@@?_JnW,8,14256502,,,false,2
,I?@@?_JnW,9,14322566,,,false,2
,I?@@?cJ`w,0,12984740,,,false,3
,I?@@?cJ`w,1,12908201,,,false,3
,I?@@?cJ`w,2,12936554,,,false,3
,I?@@?cJ`w,3,12870490,,,false,3
,I?@@?cJ`w,4,13059393,,,false,3
,I?@@?cJ`w,5,13038093,,,false,3
,I?@@?cJ`w,6,12947657,,,false,3
,I?@@?cJ`w,7,12894583,,,false,3
,I?@@?cJ`w,8,12965046,,,false,3
,I?@@?cJ`w,9,12926497,,,false,3
,I?@@?cLeg,0,13707949,,,false,2
,I?@@?cLeg,1,13665699,,,false,2
,I?@@?cLeg,2,13772616,,,false,2
,I?@@?cLeg,3,13675267,,,false,2
,I?@@?cLeg,4,13667026,,,false,2
,I?@@?cLeg,5,13629873,,,false,2
,I?@@?cLeg,6,13756833,,,false,2
,I?@@?cLeg,7,13655154,,,false,2
,I?@@?cLeg,8,13691608,,,false,2
,I?@@?cLeg,9,13679177,,,false,2
,I?@@?gJeg,0,13394182,,,false,2
,I?@@?gJeg,1,13290407,,,false,2
,I?@@?gJeg,2,13291314,,,false,2
,I?@@?gJeg,3,13252487,,,false,2
,I?@@?gJeg,4,13313243,,,false,2
,I?@@?gJeg,5,13301161,,,false,2
,I?@@?gJeg,6,13282306,,,false,2
,I?@@?gJeg,7,13342224,,,false,2
,I?@@?gJeg,8,13447954,,,false,2
,I?@@?gJeg,9,13421486,,,false,2
,I?@@?kNfg,0,14957644,,,false,3
,I?@@?kNfg,1,14946540,,,false,3
,I?@@?kNfg,2,15062745,,,false,3
,I?@@?kNfg,3,14965954,,,false,3
,I?@@?kNfg,4,15027478,,,false,3
,I?@@?kNfg,5,15018190,,,false,3
,I?@@?kNfg,6,15002408,,,false,3
,I?@@?kNfg,7,15010858,,,false,3
,I?@@?kNfg,8,15018120,,,false,3
,I?@@?kNfg,9,15065539,,,false,3
,I?@@?kNnw,0,15781416,,,false,3
,I?@@?kNnw,1,15829252,,,false,3
,I?@@?kNnw,2,15815844,,,false,3
,I?@@?kNnw,3,15807045,,,false,3
,I?@@?kNnw,4,15833512,,,false,3
,I?@@?kNnw,5,15785116,,,false,3
,I?@@?kNnw,6,15869267,,,false,3
,I?@@?kNnw,7,15809419,,,false,3
,I?@@?kNnw,8,15912286,,,false,3
,I?@@?kNnw,9,15917523,,,false,3
,I?@@G_H_w,0,12317747,,,false,2
,I?@@G_H_w,1,12190927,,,false,2
,I?@@G_H_w,2,12217464,,,false,2
,I?@@G_H_w,3,12237437,,,false,2
,I?@@G_H_w,4,12270678,,,false,2
,I?@@G_H_w,5,12196793,,,false,2
,I?@@G_H_w,6,12214252,,,false,2
,I?@@G_H_w,7,12152937,,,false,2
,I?@@G_H_w,8,12282481,,,false,2
,I?@@G_H_w,9,12190927,,,false,2
,I?@@G_H`w,0,12618944,,,false,2
,I?@@G_H`w,1,12521177,,,false,2
,I?@@G_H`w,2,12653027,,,false,2
,I?@@G_H`w,3,12666016,,,false,2
,I?@@G_H`w,4,12579910,,,false,2
,I?@@G_H`w,5,12583122,,,false,2
,I?@@G_H`w,6,12612453,,,false,2
,I?@@G_H`w,7,12677120,,,false,2
,I?@@G_H`w,8,12600651,,,false,2
,I?@@G_H`w,9,12583192,,,false,2
,I?@@GkNnw,0,15987292,,,false,4
,I?@@GkNnw,1,16071722,,,false,4
,I?@@GkNnw,2,15975700,,,false,4
,I?@@GkNnw,3,15943575,,,false,4
,I?@@GkNnw,4,16020044,,,false,4
,I?@@GkNnw,5,15928630,,,false,4
,I?@@GkNnw,6,15902931,,,false,4
,I?@@GkNnw,7,16017809,,,false,4
,I?@@GkNnw,8,16046721,,,false,4
,I?@@GkNnw,9,15902512,,,false,4
,I?@GPCRbW,0,13962151,,,false,3
,I?@GPCRbW,1,13970182,,,false,3
,I?@GPCRbW,2,13953701,,,false,3
,I?@GPCRbW,3,13879257,,,false,3
,I?@GPCRbW,4,13925697,,,false,3
,I?@GPCRbW,5,13975419,,,false,3
,I?@GPCRbW,6,13943924,,,false,3
,I?@GPCRbW,7,13872692,,,false,3
,I?@GPCRbW,8,13918713,,,false,3
,I?@GPCRbW,9,13991901,,,false,3
,I?@G_Sfko,0,14469711,,,false,3
,I?@G_Sfko,1,14537101,,,false,3
,I?@G_Sfko,2,14650164,,,false,3
,I?@G_Sfko,3,14622230,,,false,3
,I?@G_Sfko,4,14528861,,,false,3
,I?@G_Sfko,5,14533051,,,false,3
,I?@G_Sfko,6,14555818,,,false,3
,I?@G_Sfko,7,14497644,,,false,3
,I?@G_Sfko,8,14496178,,,false,3
,I?@G_Sfko,9,14495479,,,false,3
,I?@G_Sfmw,0,15519189,,,false,3
,I?@G_Sfmw,1,15491325,,,false,3
,I?@G_Sfmw,2,15479802,,,false,3
,I?@G_Sfmw,3,15547402,,,false,3
,I?@G_Sfmw,4,15505292,,,false,3
,I?@G_Sfmw,5,15444675,,,false,3
,I?@G_Sfmw,6,15530432,,,false,3
,I?@G_Sfmw,7,15590141,,,false,3
,I?@G_Sfmw,8,15487763,,,false,3
,I?@G_Sfmw,9,15473377,,,false,3
,I?@G_Sfnw,0,15973604,,,false,3
,I?@G_Sfnw,1,15915222,,,false,3
,I?@G_Sfnw,2,15945600,,,false,3
,I?@G_Sfnw,3,16009150,,,false,3
,I?@G_Sfnw,4,15993856,,,false,3
,I?@G_Sfnw,5,15895040,,,false,3
,I?@G_Sfnw,6,15871994,,,false,3
,I?@G_Sfnw,7,15966690,,,false,3
,I?@G_Sfnw,8,15950977,,,false,3
,I?@G_Sfnw,9,15851114,,,false,3
,I?@G`CJdW,0,14352178,,,false,3
,I?@G`CJdW,1,14316143,,,false,3
,I?@G`CJdW,2,14228850,,,false,3
,I?@G`CJdW,3,14208249,,,false,3
,I?@G`CJdW,4,14361676,,,false,3
,I?@G`CJdW,5,14256645,,,false,3
,I?@G`CJdW,6,14221727,,,false,3
,I?@G`CJdW,7,14235415,,,false,3
,I?@G`CJdW,8,14304063,,,false,3
,I?@G`CJdW,9,14238559,,,false,3
,I?@X?UBMW,0,14376764,,,false,3
,I?@X?UBMW,1,14480468,,,false,3
,I?@X?UBMW,2,14451697,,,false,3
,I?@X?UBMW,3,14475930,,,false,3
,I?@X?UBMW,4,14470203,,,false,3
,I?@X?UBMW,5,14498835,,,false,3
,I?@X?UBMW,6,14470413,,,false,3
,I?@X?UBMW,7,14474323,,,false,3
,I?@X?UBMW,8,14425788,,,false,3
,I?@X?UBMW,9,14506866,,,false,3
,I?@YTs}hw,0,17536303,,,false,4
,I?@YTs}hw,1,17571779,,,false,4
,I?@YTs}hw,2,17700624,,,false,4
,I?@YTs}hw,3,17618359,,,false,4
,I?@YTs}hw,4,17603134,,,false,4
,I?@YTs}hw,5,17628484,,,false,4
,I?@YTs}hw,6,17618638,,,false,4
,I?@YTs}hw,7,17549431,,,false,4
,I?@YTs}hw,8,17621362,,,false,4
,I?@YTs}hw,9,17627507,,,false,4
,I?A?_TFHw,0,13493841,,,false,3
,I?A?_TFHw,1,13457109,,,false,3
,I?A?_TFHw,2,13519331,,,false,3
,I?A?_TFHw,3,13467932,,,false,3
,I?A?_TFHw,4,13437973,,,false,3
,I?A?_TFHw,5,13449776,,,false,3
,I?A?_TFHw,6,13536929,,,false,3
,I?A?_TFHw,7,13451242,,,false,3
,I?A?_TFHw,8,13420096,,,false,3
,I?A?_TFHw,9,13727439,,,false,3
,I?A?_pNJo,0,14934814,,,false,3
,I?A?_pNJo,1,14953111,,,false,3
,I?A?_pNJo,2,14925596,,,false,3
,I?A?_pNJo,3,14894310,,,false,3
,I?A?_pNJo,4,15016521,,,false,3
,I?A?_pNJo,5,14912537,,,false,3
,I?A?_pNJo,6,14860021,,,false,3
,I?A?_pNJo,7,15041732,,,false,3
,I?A?_pNJo,8,14926434,,,false,3
,I?A?_pNJo,9,14883765,,,false,3
,I?A?_pNJw,0,15139570,,,false,3
,I?A?_pNJw,1,15197603,,,false,3
,I?A?_pNJw,2,15108563,,,false,3
,I?A?_pNJw,3,15140059,,,false,3
,I?A?_pNJw,4,15233707,,,false,3
,I?A?_pNJw,5,15165898,,,false,3
,I?A?_pNJw,6,15122181,,,false,3
,I?A?_pNJw,7,15124416,,,false,3
,I?A?_pNJw,8,15176932,,,false,3
,I?A?_pNJw,9,15076858,,,false,3
,I?A?gXBGw,0,13363530,,,false,3
,I?A?gXBGw,1,13337202,,,false,3
,I?A?gXBGw,2,13435809,,,false,3
,I?A?gXBGw,3,13328403,,,false,3
,I?A?gXBGw,4,13352426,,,false,3
,I?A?gXBGw,5,13330079,,,false,3
,I?A?gXBGw,6,13445446,,,false,3
,I?A?gXBGw,7,13349773,,,false,3
,I?A?gXBGw,8,13332663,,,false,3
,I?A?gXBGw,9,13304240,,,false,3
,I?A@G\ZNW,0,16339822,,,false,3
,I?A@G\ZNW,1,16139396,,,false,3
,I?A@G\ZNW,2,16109577,,,false,3
,I?A@G\ZNW,3,16328299,,,false,3
,I?A@G\ZNW,4,16288633,,,false,3
,I?A@G\ZNW,5,16119981,,,false,3
,I?A@G\ZNW,6,16203298,,,false,3
,I?A@G\ZNW,7,16217196,,,false,3
,I?A@G\ZNW,8,16086116,,,false,3
,I?A@G\ZNW,9,16201553,,,false,3
,I?AAown^W,0,17071695,,,false,4
,I?AAown^W,1,16964918,,,false,4
,I?AAown^W,2,16934888,,,false,4
,I?AAown^W,3,17124420,,,false,4
,I?AAown^W,4,16983912,,,false,4
,I?AAown^W,5,16956677,,,false,4
,I?AAown^W,6,17082729,,,false,4
,I?AAown^W,7,16946412,,,false,4
,I?AAown^W,8,16892150,,,false,4
,I?AAown^W,9,17026722,,,false,4
,I?C?HdLjw,0,15916627,,,false,3
,I?C?HdLjw,1,16210002,,,false,3
,I?C?HdLjw,2,16324671,,,false,3
,I?C?HdLjw,3,16239193,,,false,3
,I?C?HdLjw,4,15930035,,,false,3
,I?C?HdLjw,5,15926752,,,false,3
,I?C?HdLjw,6,16056645,,,false,3
,I?C?HdLjw,7,15882058,,,false,3
,I?C?HdLjw,8,15884572,,,false,3
,I?C?HdLjw,9,16030178,,,false,3
,I?C?IWrjg,0,15563541,,,false,3
,I?C?IWrjg,1,15580860,,,false,3
,I?C?IWrjg,2,15665360,,,false,3
,I?C?IWrjg,3,15706074,,,false,3
,I?C?IWrjg,4,15585260,,,false,3
,I?C?IWrjg,5,15536724,,,false,3
,I?C?IWrjg,6,15798047,,,false,3
,I?C?IWrjg,7,15547619,,,false,3
,I?C?IWrjg,8,15726257,,,false,3
,I?C?IWrjg,9,15599366,,,false,3
,I?C?Igjx_,0,15027419,,,false,3
,I?C?Igjx_,1,14954023,,,false,3
,I?C?Igjx_,2,15002976,,,false,3
,I?C?Igjx_,3,15111081,,,false,3
,I?C?Igjx_,4,14891659,,,false,3
,I?C?Igjx_,5,14898573,,,false,3
,I?C?Igjx_,6,14875248,,,false,3
,I?C?Igjx_,7,15091597,,,false,3
,I?C?Igjx_,8,14940963,,,false,3
,I?C?Igjx_,9,14929999,,,false,3
,I?C?XHRxO,0,14981048,,,false,3
,I?C?XHRxO,1,14928532,,,false,3
,I?C?XHRxO,2,14936284,,,false,3
,I?C?XHRxO,3,14908839,,,false,3
,I?C?XHRxO,4,15058495,,,false,3
,I?C?XHRxO,5,14882930,,,false,3
,I?C?XHRxO,6,14830205,,,false,3
,I?C?XHRxO,7,14913728,,,false,3
,I?C?XHRxO,8,15018829,,,false,3
,I?C?XHRxO,9,14886492,,,false,3
,I?C?Y?dcw,0,14184860,,,false,2
,I?C?Y?dcw,1,14268173,,,false,2
,I?C?Y?dcw,2,14197710,,,false,2
,I?C?Y?dcw,3,14264892,,,false,2
,I?C?Y?dcw,4,14134579,,,false,2
,I?C?Y?dcw,5,14341500,,,false,2
,I?C?Y?dcw,6,14257768,,,false,2
,I?C?Y?dcw,7,14192054,,,false,2
,I?C?Y?dcw,8,14073684,,,false,2
,I?C?Y?dcw,9,14327673,,,false,2
,I?C?iGjbw,0,15180917,,,false,3
,I?C?iGjbw,1,15257039,,,false,3
,I?C?iGjbw,2,15243002,,,false,3
,I?C?iGjbw,3,15246145,,,false,3
,I?C?iGjbw,4,15193140,,,false,3
,I?C?iGjbw,5,15167511,,,false,3
,I?C?iGjbw,6,15264441,,,false,3
,I?C?iGjbw,7,15221214,,,false,3
,I?C?iGjbw,8,15155569,,,false,3
,I?C?iGjbw,9,15237974,,,false,3
,I?C?i[mbw,0,15820118,,,false,4
,I?C?i[mbw,1,15648813,,,false,4
,I?C?i[mbw,2,15959648,,,false,4
,I?C?i[mbw,3,15933879,,,false,4
,I?C?i[mbw,4,15744626,,,false,4
,I?C?i[mbw,5,15790996,,,false,4
,I?C?i[mbw,6,15744836,,,false,4
,I?C?i[mbw,7,15769697,,,false,4
,I?C?i[mbw,8,15762853,,,false,4
,I?C?i[mbw,9,15703214,,,false,4
,I?C?i[nlw,0,17096490,,,false,4
,I?C?i[nlw,1,16852487,,,false,4
,I?C?i[nlw,2,16776996,,,false,4
,I?C?i[nlw,3,16989852,,,false,4
,I?C?i[nlw,4,16879304,,,false,4
,I?C?i[nlw,5,16771688,,,false,4
,I?C?i[nlw,6,17100890,,,false,4
,I?C?i[nlw,7,16845573,,,false,4
,I?C?i[nlw,8,16796759,,,false,4
,I?C?i[nlw,9,16907726,,,false,4
,I?C?i[nzg,0,17078683,,,false,4
,I?C?i[nzg,1,17051237,,,false,4
,I?C?i[nzg,2,17247264,,,false,4
,I?C?i[nzg,3,17092370,,,false,4
,I?C?i[nzg,4,16982659,,,false,4
,I?C?i[nzg,5,17042857,,,false,4
,I?C?i[nzg,6,17153685,,,false,4
,I?C?i[nzg,7,17067090,,,false,4
,I?C?i[nzg,8,17050958,,,false,4
,I?C?i[nzg,9,17186577,,,false,4
,I?C?jGmbo,0,15491126,,,false,3
,I?C?jGmbo,1,15385745,,,false,3
,I?C?jGmbo,2,15595738,,,false,3
,I?C?jGmbo,3,15493361,,,false,3
,I?C?jGmbo,4,15461237,,,false,3
,I?C?jGmbo,5,15552720,,,false,3
,I?C?jGmbo,6,15560052,,,false,3
,I?C?jGmbo,7,15477158,,,false,3
,I?C?jGmbo,8,15506699,,,false,3
,I?C?jGmbo,9,15599929,,,false,3
,I?C@?\Tjg,0,15741903,,,false,3
,I?C@?\Tjg,1,15839532,,,false,3
,I?C@?\Tjg,2,15871656,,,false,3
,I?C@?\Tjg,3,15802101,,,false,3
,I?C@?\Tjg,4,15640223,,,false,3
,I?C@?\Tjg,5,15715575,,,false,3
,I?C@?\Tjg,6,15789461,,,false,3
,I?C@?\Tjg,7,15699094,,,false,3
,I?C@?\Tjg,8,15706357,,,false,3
,I?C@?\Tjg,9,15778496,,,false,3
,I?C@AKMkG,0,14126272,,,false,2
,I?C@AKMkG,1,14230186,,,false,2
,I?C@AKMkG,2,14122083,,,false,2
,I?C@AKMkG,3,14313781,,,false,2
,I?C@AKMkG,4,14222229,,,false,2
,I?C@AKMkG,5,14153022,,,false,2
,I?C@AKMkG,6,14165244,,,false,2
,I?C@AKMkG,7,14283404,,,false,2
,I?C@AKMkG,8,14167967,,,false,2
,I?C@AKMkG,9,14211544,,,false,2
,I?C@AKMkW,0,14959267,,,false,3
,I?C@AKMkW,1,15139580,,,false,3
,I?C@AKMkW,2,14976725,,,false,3
,I?C@AKMkW,3,14901583,,,false,3
,I?C@AKMkW,4,15023864,,,false,3
,I?C@AKMkW,5,15026727,,,false,3
,I?C@AKMkW,6,14934336,,,false,3
,I?C@AKMkW,7,14920928,,,false,3
,I?C@AKMkW,8,15036155,,,false,3
,I?C@AKMkW,9,14958848,,,false,3
,I?C@AKMnW,0,15546648,,,false,3
,I?C@AKMnW,1,15634640,,,false,3
,I?C@AKMnW,2,15690787,,,false,3
,I?C@AKMnW,3,15550908,,,false,3
,I?C@AKMnW,4,15631567,,,false,3
,I?C@AKMnW,5,15703986,,,false,3
,I?C@AKMnW,6,15621092,,,false,3
,I?C@AKMnW,7,15555866,,,false,3
,I?C@AKMnW,8,15783807,,,false,3
,I?C@AKMnW,9,15761180,,,false,3
,I?C@GXRzw,0,16562257,,,false,3
,I?C@GXRzw,1,16897604,,,false,3
,I?C@GXRzw,2,16533275,,,false,3
,I?C@GXRzw,3,16521194,,,false,3
,I?C@GXRzw,4,16482436,,,false,3
,I?C@GXRzw,5,16589702,,,false,3
,I?C@GXRzw,6,16479224,,,false,3
,I?C@GXRzw,7,16528038,,,false,3
,I?C@GXRzw,8,16607999,,,false,3
,I?C@GXRzw,9,16515747,,,false,3
,I?C@i^knO,0,17431702,,,false,4
,I?C@i^knO,1,17555519,,,false,4
,I?C@i^knO,2,17481913,,,false,4
,I?C@i^knO,3,17463756,,,false,4
,I?C@i^knO,4,17457750,,,false,4
,I?C@i^knO,5,17399787,,,false,4
,I?C@i^knO,6,17417874,,,false,4
,I?C@i^knO,7,17445180,,,false,4
,I?C@i^knO,8,17374856,,,false,4
,I?C@i^knO,9,17496509,,,false,4
,I?C@{XtzG,0,17468365,,,false,4
,I?C@{XtzG,1,17387007,,,false,4
,I?C@{XtzG,2,17335888,,,false,4
,I?C@{XtzG,3,17383167,,,false,4
,I?C@{XtzG,4,17476326,,,false,4
,I?C@{XtzG,5,17321363,,,false,4
,I?C@{XtzG,6,17365149,,,false,4
,I?C@{XtzG,7,17454747,,,false,4
,I?C@{XtzG,8,17315217,,,false,4
,I?C@{XtzG,9,17264726,,,false,4
,I?CA?KbbG,0,13629470,,,false,2
,I?CA?KbbG,1,13512986,,,false,2
,I?CA?KbbG,2,13490709,,,false,2
,I?CA?KbbG,3,13464031,,,false,2
,I?CA?KbbG,4,13591410,,,false,2
,I?CA?KbbG,5,13481210,,,false,2
,I?CA?KbbG,6,13458726,,,false,2
,I?CA?KbbG,7,13499650,,,false,2
,I?CA?KbbG,8,13554680,,,false,2
,I?CA?KbbG,9,13687576,,,false,2
,I?CAHCLnG,0,15017652,,,false,3
,I?CAHCLnG,1,15089512,,,false,3
,I?CAHCLnG,2,15069819,,,false,3
,I?CAHCLnG,3,15018281,,,false,3
,I?CAHCLnG,4,15003126,,,false,3
,I?CAHCLnG,5,15123940,,,false,3
,I?CAHCLnG,6,15032317,,,false,3
,I?CAHCLnG,7,15274993,,,false,3
,I?CAHCLnG,8,15075056,,,false,3
,I?CAHCLnG,9,15187350,,,false,3
,I?CAO[vxO,0,16043667,,,false,3
,I?CAO[vxO,1,16075162,,,false,3
,I?CAO[vxO,2,16204637,,,false,3
,I?CAO[vxO,3,16048555,,,false,3
,I?CAO[vxO,4,16090875,,,false,3
,I?CAO[vxO,5,16081447,,,false,3
,I?CAO[vxO,6,16005048,,,false,3
,I?CAO[vxO,7,16039686,,,false,3
,I?CAO[vxO,8,16040734,,,false,3
,I?CAO[vxO,9,16216787,,,false,3
,I?CAXWVlw,0,16621132,,,false,4
,I?CAXWVlw,1,16553322,,,false,4
,I?CAXWVlw,2,16656468,,,false,4
,I?CAXWVlw,3,16595503,,,false,4
,I?CAXWVlw,4,16636844,,,false,4
,I?CAXWVlw,5,16688313,,,false,4
,I?CAXWVlw,6,16645993,,,false,4
,I?CAXWVlw,7,16528740,,,false,4
,I?CAXWVlw,8,16605419,,,false,4
,I?CAXWVlw,9,16630699,,,false,4
,I?CAXWVzG,0,16472383,,,false,4
,I?CAXWVzG,1,16498222,,,false,4
,I?CAXWVzG,2,16617221,,,false,4
,I?CAXWVzG,3,16504368,,,false,4
,I?CAXWVzG,4,16468543,,,false,4
,I?CAXWVzG,5,16608492,,,false,4
,I?CAXWVzG,6,16515052,,,false,4
,I?CAXWVzG,7,16619805,,,false,4
,I?CAXWVzG,8,16780983,,,false,4
,I?CAXWVzG,9,16423289,,,false,4
,I?CCZk}zW,0,17973765,,,false,4
,I?CCZk}zW,1,18115250,,,false,4
,I?CCZk}zW,2,17990246,,,false,4
,I?CCZk}zW,3,18005749,,,false,4
,I?CCZk}zW,4,18082707,,,false,4
,I?CCZk}zW,5,18104355,,,false,4
,I?CCZk}zW,6,17995832,,,false,4
,I?CCZk}zW,7,18099048,,,false,4
,I?CCZk}zW,8,18045764,,,false,4
,I?CCZk}zW,9,18012802,,,false,4
,I?CGJCueo,0,15458939,,,false,3
,I?CGJCueo,1,15326532,,,false,3
,I?CGJCueo,2,15341756,,,false,3
,I?CGJCueo,3,15351672,,,false,3
,I?CGJCueo,4,15393014,,,false,3
,I?CGJCueo,5,15408448,,,false,3
,I?CGJCueo,6,15382749,,,false,3
,I?CGJCueo,7,15408378,,,false,3
,I?CGJCueo,8,15351047,,,false,3
,I?CGJCueo,9,15321438,,,false,3
,I?CIZYv^g,0,18096399,,,false,5
,I?CIZYv^g,1,18285372,,,false,5
,I?CIZYv^g,2,18102544,,,false,5
,I?CIZYv^g,3,18137043,,,false,5
,I?CIZYv^g,4,18124402,,,false,5
,I?CIZYv^g,5,18066719,,,false,5
,I?CIZYv^g,6,18072515,,,false,5
,I?CIZYv^g,7,18092488,,,false,5
,I?CIZYv^g,8,18175242,,,false,5
,I?CIZYv^g,9,18067766,,,false,5
,I?CKQgf\g,0,16515196,,,false,4
,I?CKQgf\g,1,16457023,,,false,4
,I?CKQgf\g,2,16394800,,,false,4
,I?CKQgf\g,3,16791183,,,false,4
,I?CKQgf\g,4,16497527,,,false,4
,I?CKQgf\g,5,16437609,,,false,4
,I?CKQgf\g,6,16526229,,,false,4
,I?CKQgf\g,7,16483839,,,false,4
,I?CKQgf\g,8,16430974,,,false,4
,I?CKQgf\g,9,16471548,,,false,4
,I?COJCmew,0,15932074,,,false,3
,I?COJCmew,1,15850647,,,false,3
,I?COJCmew,2,15833886,,,false,3
,I?COJCmew,3,15957354,,,false,3
,I?COJCmew,4,15947018,,,false,3
,I?COJCmew,5,15815449,,,false,3
,I?COJCmew,6,15992342,,,false,3
,I?COJCmew,7,15878720,,,false,3
,I?COJCmew,8,15846596,,,false,3
,I?COJCmew,9,15892338,,,false,3
,I?COPlMbw,0,16046254,,,false,4
,I?COPlMbw,1,15879977,,,false,4
,I?COPlMbw,2,16041436,,,false,4
,I?COPlMbw,3,16107849,,,false,4
,I?COPlMbw,4,15888636,,,false,4
,I?COPlMbw,5,16028585,,,false,4
,I?COPlMbw,6,15961125,,,false,4
,I?COPlMbw,7,15980121,,,false,4
,I?COPlMbw,8,15906724,,,false,4
,I?COPlMbw,9,15942409,,,false,4
,I?COPlMz_,0,16607937,,,false,4
,I?COPlMz_,1,16430556,,,false,4
,I?COPlMz_,2,16414564,,,false,4
,I?COPlMz_,3,16474482,,,false,4
,I?COPlMz_,4,16419382,,,false,4
,I?COPlMz_,5,16419801,,,false,4
,I?COPlMz_,6,16476368,,,false,4
,I?COPlMz_,7,16459467,,,false,4
,I?COPlMz_,8,16411421,,,false,4
,I?COPlMz_,9,16469244,,,false,4
,I?COPlN~w,0,17833958,,,false,4
,I?COPlN~w,1,17867060,,,false,4
,I?COPlN~w,2,17840942,,,false,4
,I?COPlN~w,3,17897020,,,false,4
,I?COPlN~w,4,17742544,,,false,4
,I?COPlN~w,5,17752252,,,false,4
,I?COPlN~w,6,17819153,,,false,4
,I?COPlN~w,7,17624384,,,false,4
,I?COPlN~w,8,17784101,,,false,4
,I?COPlN~w,9,17873490,,,false,4
,I?COQ[ubg,0,15455175,,,false,4
,I?COQ[ubg,1,15368649,,,false,4
,I?COQ[ubg,2,15598476,,,false,4
,I?COQ[ubg,3,15436250,,,false,4
,I?COQ[ubg,4,15424378,,,false,4
,I?COQ[ubg,5,15506712,,,false,4
,I?COQ[ubg,6,15535974,,,false,4
,I?COQ[ubg,7,15451473,,,false,4
,I?COQ[ubg,8,15443093,,,false,4
,I?COQ[ubg,9,15564048,,,false,4
,I?COQ[vzg,0,17211104,,,false,4
,I?COQ[vzg,1,17122554,,,false,4
,I?COQ[vzg,2,17405805,,,false,4
,I?COQ[vzg,3,17248536,,,false,4
,I?COQ[vzg,4,17144342,,,false,4
,I?COQ[vzg,5,17457203,,,false,4
,I?COQ[vzg,6,17192948,,,false,4
,I?COQ[vzg,7,17163547,,,false,4
,I?COQ[vzg,8,17327380,,,false,4
,I?COQ[vzg,9,17221580,,,false,4
,I?COQknzg,0,17062636,,,false,4
,I?COQknzg,1,17175349,,,false,4
,I?COQknzg,2,17141898,,,false,4
,I?COQknzg,3,17078488,,,false,4
,I?COQknzg,4,17135473,,,false,4
,I?COQknzg,5,17252377,,,false,4
,I?COQknzg,6,17033444,,,false,4
,I?COQknzg,7,17193227,,,false,4
,I?COQknzg,8,17360621,,,false,4
,I?COQknzg,9,17086030,,,false,4
,I?COS?vRo,0,14997825,,,false,3
,I?COS?vRo,1,15092941,,,false,3
,I?COS?vRo,2,15056347,,,false,3
,I?COS?vRo,3,14960813,,,false,3
,I?COS?vRo,4,15174648,,,false,3
,I?COS?vRo,5,15112075,,,false,3
,I?COS?vRo,6,15031486,,,false,3
,I?COS?vRo,7,14996498,,,false,3
,I?COS?vRo,8,15057534,,,false,3
,I?COS?vRo,9,15054532,,,false,3
,I?COS?vRw,0,15284358,,,false,3
,I?COS?vRw,1,15283170,,,false,3
,I?COS?vRw,2,15511670,,,false,3
,I?COS?vRw,3,15274232,,,false,3
,I?COS?vRw,4,15203000,,,false,3
,I?COS?vRw,5,15363272,,,false,3
,I?COS?vRw,6,15288130,,,false,3
,I?COS?vRw,7,15313689,,,false,3
,I?COS?vRw,8,15257890,,,false,3
,I?COS?vRw,9,15372001,,,false,3
,I?COSlNJw,0,16015740,,,false,4
,I?COSlNJw,1,16071468,,,false,4
,I?COSlNJw,2,16160158,,,false,4
,I?COSlNJw,3,16073004,,,false,4
,I?COSlNJw,4,16009664,,,false,4
,I?COSlNJw,5,16213931,,,false,4
,I?COSlNJw,6,16127127,,,false,4
,I?COSlNJw,7,16046397,,,false,4
,I?COSlNJw,8,16121051,,,false,4
,I?COSlNJw,9,16302412,,,false,4
,I?COVKuRg,0,16215681,,,false,4
,I?COVKuRg,1,16195498,,,false,4
,I?COVKuRg,2,16381539,,,false,4
,I?COVKuRg,3,16232092,,,false,4
,I?COVKuRg,4,16252693,,,false,4
,I?COVKuRg,5,16331048,,,false,4
,I?COVKuRg,6,16324623,,,false,4
,I?COVKuRg,7,16300041,,,false,4
,I?COVKuRg,8,16221687,,,false,4
,I?COVKuRg,9,16397181,,,false,4
,I?CQH\mmo,0,17127515,,,false,4
,I?CQH\mmo,1,17098813,,,false,4
,I?CQH\mmo,2,17172559,,,false,4
,I?CQH\mmo,3,17060754,,,false,4
,I?CQH\mmo,4,17069762,,,false,4
,I?CQH\mmo,5,17179333,,,false,4
,I?CQH\mmo,6,17067038,,,false,4
,I?CQH\mmo,7,17094833,,,false,4
,I?CQH\mmo,8,17209922,,,false,4
,I?CQH\mmo,9,17141274,,,false,4
,I?CS@LNZo,0,16374974,,,false,3
,I?CS@LNZo,1,16409054,,,false,3
,I?CS@LNZo,2,16503750,,,false,3
,I?CS@LNZo,3,16347669,,,false,3
,I?CS@LNZo,4,16398788,,,false,3
,I?CS@LNZo,5,16723591,,,false,3
,I?CS@LNZo,6,16348926,,,false,3
,I?CS@LNZo,7,16323575,,,false,3
,I?CS@LNZo,8,16453749,,,false,3
,I?CS@LNZo,9,16326439,,,false,3
,I?C_AcNj_,0,14993708,,,false,3
,I?C_AcNj_,1,15041685,,,false,3
,I?C_AcNj_,2,15089243,,,false,3
,I?C_AcNj_,3,15042453,,,false,3
,I?C_AcNj_,4,15005580,,,false,3
,I?C_AcNj_,5,15165223,,,false,3
,I?C_AcNj_,6,14990287,,,false,3
,I?C_AcNj_,7,14986795,,,false,3
,I?C_AcNj_,8,15036936,,,false,3
,I?C_AcNj_,9,15036448,,,false,3
,I?C_GTPw_,0,13779139,,,false,2
,I?C_GTPw_,1,13806514,,,false,2
,I?C_GTPw_,2,13876838,,,false,2
,I?C_GTPw_,3,13859239,,,false,2
,I?C_GTPw_,4,13760493,,,false,2
,I?C_GTPw_,5,13888710,,,false,2
,I?C_GTPw_,6,13867130,,,false,2
,I?C_GTPw_,7,13849741,,,false,2
,I?C_GTPw_,8,13867689,,,false,2
,I?C_GTPw_,9,13829629,,,false,2
,I?C_GdHbw,0,14804455,,,false,3
,I?C_GdHbw,1,14806411,,,false,3
,I?C_GdHbw,2,14749286,,,false,3
,I?C_GdHbw,3,14763253,,,false,3
,I?C_GdHbw,4,14862908,,,false,3
,I?C_GdHbw,5,14767024,,,false,3
,I?C_GdHbw,6,14762136,,,false,3
,I?C_GdHbw,7,14841399,,,false,3
,I?C_GdHbw,8,14822683,,,false,3
,I?C_GdHbw,9,14833717,,,false,3
,I?C_GdJbO,0,14526931,,,false,3
,I?C_GdJbO,1,14570508,,,false,3
,I?C_GdJbO,2,14695373,,,false,3
,I?C_GdJbO,3,14533775,,,false,3
,I?C_GdJbO,4,14487687,,,false,3
,I?C_GdJbO,5,14578752,,,false,3
,I?C_GdJbO,6,14671423,,,false,3
,I?C_GdJbO,7,14538946,,,false,3
,I?C_GdJbO,8,14552564,,,false,3
,I?C_GdJbO,9,14605988,,,false,3
,I?C_i\mmo,0,17088901,,,false,4
,I?C_i\mmo,1,17107757,,,false,4
,I?C_i\mmo,2,17221378,,,false,4
,I?C_i\mmo,3,17113971,,,false,4
,I?C_i\mmo,4,17072489,,,false,4
,I?C_i\mmo,5,17285417,,,false,4
,I?C_i\mmo,6,17407000,,,false,4
,I?C_i\mmo,7,17143581,,,false,4
,I?C_i\mmo,8,17323406,,,false,4
,I?C_i\mmo,9,17115788,,,false,4
,I?C_i\m|o,0,17458677,,,false,4
,I?C_i\m|o,1,17577886,,,false,4
,I?C_i\m|o,2,17495690,,,false,4
,I?C_i\m|o,3,17450716,,,false,4
,I?C_i\m|o,4,17742277,,,false,4
,I?C_i\m|o,5,17527186,,,false,4
,I?C_i\m|o,6,17508260,,,false,4
,I?C_i\m|o,7,17584170,,,false,4
,I?C_i\m|o,8,17597369,,,false,4
,I?C_i\m|o,9,17480955,,,false,4
,I?C_kHJYo,0,15859037,,,false,3
,I?C_kHJYo,1,15831382,,,false,3
,I?C_kHJYo,2,15873842,,,false,3
,I?C_kHJYo,3,15754424,,,false,3
,I?C_kHJYo,4,15917489,,,false,3
,I?C_kHJYo,5,15941093,,,false,3
,I?C_kHJYo,6,15741015,,,false,3
,I?C_kHJYo,7,15886762,,,false,3
,I?C_kHJYo,8,15822234,,,false,3
,I?C_kHJYo,9,15746114,,,false,3
,I?CaIgjfw,0,16678131,,,false,4
,I?CaIgjfw,1,16769336,,,false,4
,I?CaIgjfw,2,16587416,,,false,4
,I?CaIgjfw,3,16818150,,,false,4
,I?CaIgjfw,4,16781418,,,false,4
,I?CaIgjfw,5,16659695,,,false,4
,I?CaIgjfw,6,16611229,,,false,4
,I?CaIgjfw,7,16730228,,,false,4
,I?CaIgjfw,8,16671008,,,false,4
,I?CaIgjfw,9,16596704,,,false,4
,I?CcH`JRo,0,15759662,,,false,3
,I?CcH`JRo,1,15731100,,,false,3
,I?CcH`JRo,2,15654002,,,false,3
,I?CcH`JRo,3,15661404,,,false,3
,I?CcH`JRo,4,15854219,,,false,3
,I?CcH`JRo,5,15696950,,,false,3
,I?CcH`JRo,6,15672019,,,false,3
,I?CcH`JRo,7,15826704,,,false,3
,I?CcH`JRo,8,15727119,,,false,3
,I?CcH`JRo,9,15662522,,,false,3
,I?CgaKj{w,0,16790846,,,false,4
,I?CgaKj{w,1,16725200,,,false,4
,I?CgaKj{w,2,16805370,,,false,4
,I?CgaKj{w,3,16736025,,,false,4
,I?CgaKj{w,4,16847971,,,false,4
,I?CgaKj{w,5,16765709,,,false,4
,I?CgaKj{w,6,16776882,,,false,4
,I?CgaKj{w,7,16858589,,,false,4
,I?CgaKj{w,8,16758166,,,false,4
,I?CgaKj{w,9,16740288,,,false,4
,I?D??cjh_,0,13489609,,,false,2
,I?D??cjh_,1,13438419,,,false,2
,I?D??cjh_,2,13434997,,,false,2
,I?D??cjh_,3,13415654,,,false,2
,I?D??cjh_,4,13589263,,,false,2
,I?D??cjh_,5,13473198,,,false,2
,I?D??cjh_,6,13450221,,,false,2
,I?D??cjh_,7,13391001,,,false,2
,I?D??cjh_,8,13509092,,,false,2
,I?D??cjh_,9,13416631,,,false,2
,I?DB@aLbo,0,15794303,,,false,3
,I?DB@aLbo,1,15724817,,,false,3
,I?DB@aLbo,2,15992146,,,false,3
,I?DB@aLbo,3,15832643,,,false,3
,I?DB@aLbo,4,15686059,,,false,3
,I?DB@aLbo,5,15868119,,,false,3
,I?DB@aLbo,6,15827125,,,false,3
,I?DB@aLbo,7,15757291,,,false,3
,I?DB@aLbo,8,15742136,,,false,3
,I?DB@aLbo,9,15851009,,,false,3
,I?DOX]r]w,0,17654289,,,false,4
,I?DOX]r]w,1,17686623,,,false,4
,I?DOX]r]w,2,17817773,,,false,4
,I?DOX]r]w,3,17721191,,,false,4
,I?DOX]r]w,4,17712601,,,false,4
,I?DOX]r]w,5,17730060,,,false,4
,I?DOX]r]w,6,17604357,,,false,4
,I?DOX]r]w,7,17674960,,,false,4
,I?DOX]r]w,8,17761555,,,false,4
,I?DOX]r]w,9,17689415,,,false,4
,I?DPXxZfw,0,17725730,,,false,5
,I?DPXxZfw,1,17997039,,,false,5
,I?DPXxZfw,2,17801571,,,false,5
,I?DPXxZfw,3,17671608,,,false,5
,I?DPXxZfw,4,17883627,,,false,5
,I?DPXxZfw,5,17732504,,,false,5
,I?DPXxZfw,6,17710575,,,false,5
,I?DPXxZfw,7,17738440,,,false,5
,I?DPXxZfw,8,17698983,,,false,5
,I?DPXxZfw,9,17698285,,,false,5
,I?DPXxZ~_,0,18022249,,,false,5
,I?DPXxZ~_,1,17923922,,,false,5
,I?DPXxZ~_,2,17928461,,,false,5
,I?DPXxZ~_,3,18044806,,,false,5
,I?DPXxZ~_,4,17910653,,,false,5
,I?DPXxZ~_,5,17935584,,,false,5
,I?DPXxZ~_,6,18197186,,,false,5
,I?DPXxZ~_,7,17901435,,,false,5
,I?DPXxZ~_,8,18130424,,,false,5
,I?DPXxZ~_,9,18128189,,,false,5
,I?D__Kjao,0,14574635,,,false,3
,I?D__Kjao,1,14561506,,,false,3
,I?D__Kjao,2,14598030,,,false,3
,I?D__Kjao,3,14692936,,,false,3
,I?D__Kjao,4,14617793,,,false,3
,I?D__Kjao,5,14570864,,,false,3
,I?D__Kjao,6,14655787,,,false,3
,I?D__Kjao,7,14658789,,,false,3
,I?D__Kjao,8,14566118,,,false,3
,I?D__Kjao,9,14586092,,,false,3
,I?E@`xm^_,0,17240730,,,false,4
,I?E@`xm^_,1,17112234,,,false,4
,I?E@`xm^_,2,17071799,,,false,4
,I?E@`xm^_,3,17133184,,,false,4
,I?E@`xm^_,4,17072358,,,false,4
,I?E@`xm^_,5,17058600,,,false,4
,I?E@`xm^_,6,17236330,,,false,4
,I?E@`xm^_,7,17330817,,,false,4
,I?E@`xm^_,8,17122569,,,false,4
,I?E@`xm^_,9,17177180,,,false,4
,I?EA?kmJo,0,15274385,,,false,3
,I?EA?kmJo,1,15317473,,,false,3
,I?EA?kmJo,2,15332976,,,false,3
,I?EA?kmJo,3,15533194,,,false,3
,I?EA?kmJo,4,15258672,,,false,3
,I?EA?kmJo,5,15263770,,,false,3
,I?EA?kmJo,6,15370408,,,false,3
,I?EA?kmJo,7,15269427,,,false,3
,I?EA?kmJo,8,15288701,,,false,3
,I?EA?kmJo,9,15289050,,,false,3
,I?EGGlJIw,0,15433330,,,false,4
,I?EGGlJIw,1,15222288,,,false,4
,I?EGGlJIw,2,15274665,,,false,4
,I?EGGlJIw,3,15322991,,,false,4
,I?EGGlJIw,4,15263072,,,false,4
,I?EGGlJIw,5,15215724,,,false,4
,I?EGGlJIw,6,15336468,,,false,4
,I?EGGlJIw,7,15480398,,,false,4
,I?EGGlJIw,8,15272430,,,false,4
,I?EGGlJIw,9,15257555,,,false,4
,I?EqYonkw,0,18022742,,,false,4
,I?EqYonkw,1,17893059,,,false,4
,I?EqYonkw,2,17923647,,,false,4
,I?EqYonkw,3,18014781,,,false,4
,I?EqYonkw,4,18004655,,,false,4
,I?EqYonkw,5,18028399,,,false,4
,I?EqYonkw,6,18024558,,,false,4
,I?EqYonkw,7,18028468,,,false,4
,I?EqYonkw,8,17980911,,,false,4
,I?EqYonkw,9,18057241,,,false,4
,I?G?WdDlw,0,15551910,,,false,3
,I?G?WdDlw,1,15448833,,,false,3
,I?G?WdDlw,2,15526908,,,false,3
,I?G?WdDlw,3,15583824,,,false,3
,I?G?WdDlw,4,15446179,,,false,3
,I?G?WdDlw,5,15873779,,,false,3
,I?G?WdDlw,6,15637946,,,false,3
,I?G?WdDlw,7,15509519,,,false,3
,I?G?WdDlw,8,15482842,,,false,3
,I?G?WdDlw,9,15483401,,,false,3
,I?G?_\Uho,0,14807468,,,false,3
,I?G?_\Uho,1,14677296,,,false,3
,I?G?_\Uho,2,14657463,,,false,3
,I?G?_\Uho,3,14804256,,,false,3
,I?G?_\Uho,4,14687003,,,false,3
,I?G?_\Uho,5,14629180,,,false,3
,I?G?_\Uho,6,14620939,,,false,3
,I?G?_\Uho,7,14760259,,,false,3
,I?G?_\Uho,8,14644753,,,false,3
,I?G?_\Uho,9,14661516,,,false,3
,I?G@Ig]eo,0,15582430,,,false,3
,I?G@Ig]eo,1,15567486,,,false,3
,I?G@Ig]eo,2,15534384,,,false,3
,I?G@Ig]eo,3,15481240,,,false,3
,I?G@Ig]eo,4,15731669,,,false,3
,I?G@Ig]eo,5,15566578,,,false,3
,I?G@Ig]eo,6,15558827,,,false,3
,I?G@Ig]eo,7,15568324,,,false,3
,I?G@Ig]eo,8,15556941,,,false,3
,I?G@Ig]eo,9,15495207,,,false,3
,I?GAGcLlW,0,14925981,,,false,3
,I?GAGcLlW,1,15012368,,,false,3
,I?GAGcLlW,2,14893369,,,false,3
,I?GAGcLlW,3,14933034,,,false,3
,I?GAGcLlW,4,14955731,,,false,3
,I?GAGcLlW,5,14957058,,,false,3
,I?GAGcLlW,6,14892461,,,false,3
,I?GAGcLlW,7,14889318,,,false,3
,I?GAGcLlW,8,14990998,,,false,3
,I?GAGcLlW,9,14929962,,,false,3
,I?GG_LPxw,0,15514271,,,false,3
,I?GG_LPxw,1,15545138,,,false,3
,I?GG_LPxw,2,15587808,,,false,3
,I?GG_LPxw,3,15507567,,,false,3
,I?GG_LPxw,4,15540111,,,false,3
,I?GG_LPxw,5,15761837,,,false,3
,I?GG_LPxw,6,15511827,,,false,3
,I?GG_LPxw,7,15484522,,,false,3
,I?GG_LPxw,8,15530473,,,false,3
,I?GG_LPxw,9,15556103,,,false,3
,I?GG_NPXg,0,15118936,,,false,3
,I?GG_NPXg,1,15104201,,,false,3
,I?GG_NPXg,2,15290940,,,false,3
,I?GG_NPXg,3,15192611,,,false,3
,I?GG_NPXg,4,15138350,,,false,3
,I?GG_NPXg,5,15122497,,,false,3
,I?GG_NPXg,6,15291009,,,false,3
,I?GG_NPXg,7,15133182,,,false,3
,I?GG_NPXg,8,15095122,,,false,3
,I?GG_NPXg,9,15262307,,,false,3
,I?GGa_Fzg,0,15514970,,,false,3
,I?GGa_Fzg,1,15449745,,,false,3
,I?GGa_Fzg,2,15539552,,,false,3
,I?GGa_Fzg,3,15607642,,,false,3
,I?GGa_Fzg,4,15514621,,,false,3
,I?GGa_Fzg,5,15583338,,,false,3
,I?GGa_Fzg,6,15718190,,,false,3
,I?GGa_Fzg,7,15511618,,,false,3
,I?GGa_Fzg,8,15513154,,,false,3
,I?GGa_Fzg,9,15592627,,,false,3
,I?GGznuno,0,18539176,,,false,5
,I?GGznuno,1,18454746,,,false,5
,I?GGznuno,2,18524720,,,false,5
,I?GGznuno,3,18545950,,,false,5
,I?GGznuno,4,18494412,,,false,5
,I?GGznuno,5,18506564,,,false,5
,I?GGznuno,6,18525419,,,false,5
,I?GGznuno,7,18621372,,,false,5
,I?GGznuno,8,18550140,,,false,5
,I?GGznuno,9,18534148,,,false,5
,I?GO?\I`g,0,13760854,,,false,3
,I?GO?\I`g,1,13733898,,,false,3
,I?GO?\I`g,2,13851293,,,false,3
,I?GO?\I`g,3,13809741,,,false,3
,I?GO?\I`g,4,13759460,,,false,3
,I?GO?\I`g,5,13786416,,,false,3
,I?GO?\I`g,6,13873430,,,false,3
,I?GO?\I`g,7,13762882,,,false,3
,I?GO?\I`g,8,13688717,,,false,3
,I?GO?\I`g,9,13813372,,,false,3
,I?GOY?rbW,0,15163144,,,false,3
,I?GOY?rbW,1,15169360,,,false,3
,I?GOY?rbW,2,15107346,,,false,3
,I?GOY?rbW,3,15202951,,,false,3
,I?GOY?rbW,4,15174807,,,false,3
,I?GOY?rbW,5,15045752,,,false,3
,I?GOY?rbW,6,15144848,,,false,3
,I?GOY?rbW,7,15553593,,,false,3
,I?GOY?rbW,8,15164751,,,false,3
,I?GOY?rbW,9,15069984,,,false,3
,I?GPb]]~_,0,18027498,,,false,4
,I?GPb]]~_,1,17951169,,,false,4
,I?GPb]]~_,2,17927565,,,false,4
,I?GPb]]~_,3,18152713,,,false,4
,I?GPb]]~_,4,17961435,,,false,4
,I?GPb]]~_,5,17906195,,,false,4
,I?GPb]]~_,6,18025753,,,false,4
,I?GPb]]~_,7,17879798,,,false,4
,I?GPb]]~_,8,17881334,,,false,4
,I?GPb]]~_,9,18022052,,,false,4
,I?GW^dylg,0,17726300,,,false,5
,I?GW^dylg,1,17782238,,,false,5
,I?GW^dylg,2,17776721,,,false,5
,I?GW^dylg,3,17743061,,,false,5
,I?GW^dylg,4,17804306,,,false,5
,I?GW^dylg,5,17953613,,,false,5
,I?GW^dylg,6,17829027,,,false,5
,I?GW^dylg,7,17854727,,,false,5
,I?GW^dylg,8,17921559,,,false,5
,I?GW^dylg,9,17706956,,,false,5
,I?GWaCeaW,0,14590148,,,false,3
,I?GWaCeaW,1,14681981,,,false,3
,I?GWaCeaW,2,14659913,,,false,3
,I?GWaCeaW,3,14572759,,,false,3
,I?GWaCeaW,4,14561376,,,false,3
,I?GWaCeaW,5,14662776,,,false,3
,I?GWaCeaW,6,14569616,,,false,3
,I?GWaCeaW,7,14594967,,,false,3
,I?GWaCeaW,8,14538400,,,false,3
,I?GWaCeaW,9,14739385,,,false,3
,I?GX?uFPw,0,15416576,,,false,4
,I?GX?uFPw,1,15432569,,,false,4
,I?GX?uFPw,2,15486062,,,false,4
,I?GX?uFPw,3,15429216,,,false,4
,I?GX?uFPw,4,15432987,,,false,4
,I?GX?uFPw,5,15393880,,,false,4
,I?GX?uFPw,6,15550240,,,false,4
,I?GX?uFPw,7,15451913,,,false,4
,I?GX?uFPw,8,15443602,,,false,4
,I?GX?uFPw,9,15451843,,,false,4
,I?G_k`JRo,0,15668890,,,false,3
,I?G_k`JRo,1,15755974,,,false,3
,I?G_k`JRo,2,15743194,,,false,3
,I?G_k`JRo,3,15771478,,,false,3
,I?G_k`JRo,4,15638443,,,false,3
,I?G_k`JRo,5,15575943,,,false,3
,I?G_k`JRo,6,15774204,,,false,3
,I?G_k`JRo,7,15639632,,,false,3
,I?G_k`JRo,8,15640330,,,false,3
,I?G_k`JRo,9,15596683,,,false,3
,I?G_qK\v_,0,16477304,,,false,4
,I?G_qK\v_,1,16338960,,,false,4
,I?G_qK\v_,2,16330091,,,false,4
,I?G_qK\v_,3,16440780,,,false,4
,I?G_qK\v_,4,16289448,,,false,4
,I?G_qK\v_,5,16332466,,,false,4
,I?G_qK\v_,6,16417176,,,false,4
,I?G_qK\v_,7,16367872,,,false,4
,I?G_qK\v_,8,16330301,,,false,4
,I?G_qK\v_,9,16409355,,,false,4
,I?Gpqx]vo,0,18143499,,,false,5
,I?Gpqx]vo,1,17920655,,,false,5
,I?Gpqx]vo,2,18043984,,,false,5
,I?Gpqx]vo,3,17992376,,,false,5
,I?Gpqx]vo,4,17965140,,,false,5
,I?Gpqx]vo,5,17958156,,,false,5
,I?Gpqx]vo,6,17992795,,,false,5
,I?Gpqx]vo,7,17956620,,,false,5
,I?Gpqx]vo,8,17933226,,,false,5
,I?Gpqx]vo,9,17967654,,,false,5
,I?H?OiBDg,0,13581523,,,false,2
,I?H?OiBDg,1,13531102,,,false,2
,I?H?OiBDg,2,13651498,,,false,2
,I?H?OiBDg,3,13572585,,,false,2
,I?H?OiBDg,4,13536131,,,false,2
,I?H?OiBDg,5,13518882,,,false,2
,I?H?OiBDg,6,13648635,,,false,2
,I?H?OiBDg,7,13583758,,,false,2
,I?H?OiBDg,8,13540880,,,false,2
,I?H?OiBDg,9,13530194,,,false,2
,I?HBg~x~O,0,18784724,,,false,4
,I?HBg~x~O,1,18496865,,,false,4
,I?HBg~x~O,2,18497492,,,false,4
,I?HBg~x~O,3,18734164,,,false,4
,I?HBg~x~O,4,18548332,,,false,4
,I?HBg~x~O,5,18543304,,,false,4
,I?HBg~x~O,6,18667122,,,false,4
,I?HBg~x~O,7,18538975,,,false,4
,I?HBg~x~O,8,18510831,,,false,4
,I?HBg~x~O,9,18673826,,,false,4
,I?HOGSrew,0,15529013,,,false,3
,I?HOGSrew,1,15524474,,,false,3
,I?HOGSrew,2,15676016,,,false,3
,I?HOGSrew,3,15593262,,,false,3
,I?HOGSrew,4,15506876,,,false,3
,I?HOGSrew,5,15678461,,,false,3
,I?HOGSrew,6,15539559,,,false,3
,I?HOGSrew,7,15524684,,,false,3
,I?HOGSrew,8,15608137,,,false,3
,I?HOGSrew,9,15688168,,,false,3
,I?HOGSrfw,0,16094747,,,false,3
,I?HOGSrfw,1,16066603,,,false,3
,I?HOGSrfw,2,16161370,,,false,3
,I?HOGSrfw,3,16108994,,,false,3
,I?HOGSrfw,4,16074775,,,false,3
,I?HOGSrfw,5,16157180,,,false,3
,I?HOGSrfw,6,16171291,,,false,3
,I?HOGSrfw,7,16137560,,,false,3
,I?HOGSrfw,8,16081203,,,false,3
,I?HOGSrfw,9,16240147,,,false,3
,I?I@ph\Vo,0,16951837,,,false,4
,I?I@ph\Vo,1,16946879,,,false,4
,I?I@ph\Vo,2,17043949,,,false,4
,I?I@ph\Vo,3,16991713,,,false,4
,I?I@ph\Vo,4,16940872,,,false,4
,I?I@ph\Vo,5,17098630,,,false,4
,I?I@ph\Vo,6,17040458,,,false,4
,I?I@ph\Vo,7,17006308,,,false,4
,I?I@ph\Vo,8,17198704,,,false,4
,I?I@ph\Vo,9,17024815,,,false,4
,I?IZryv}W,0,19455215,,,false,5
,I?IZryv}W,1,19622889,,,false,5
,I?IZryv}W,2,19586085,,,false,5
,I?IZryv}W,3,19408146,,,false,5
,I?IZryv}W,4,19614788,,,false,5
,I?IZryv}W,5,19471277,,,false,5
,I?IZryv}W,6,19418900,,,false,5
,I?IZryv}W,7,19606827,,,false,5
,I?IZryv}W,8,19481752,,,false,5
,I?IZryv}W,9,19522746,,,false,5
,I?KKAKV\g,0,16355166,,,false,3
,I?KKAKV\g,1,16245943,,,false,3
,I?KKAKV\g,2,16245525,,,false,3
,I?KKAKV\g,3,16536039,,,false,3
,I?KKAKV\g,4,16203554,,,false,3
,I?KKAKV\g,5,16243709,,,false,3
,I?KKAKV\g,6,16329885,,,false,3
,I?KKAKV\g,7,16200830,,,false,3
,I?KKAKV\g,8,16201319,,,false,3
,I?KKAKV\g,9,16444345,,,false,3
,I?KQCKM[W,0,15700881,,,false,3
,I?KQCKM[W,1,15659957,,,false,3
,I?KQCKM[W,2,15708144,,,false,3
,I?KQCKM[W,3,15815620,,,false,3
,I?KQCKM[W,4,15697040,,,false,3
,I?KQCKM[W,5,15730980,,,false,3
,I?KQCKM[W,6,15890553,,,false,3
,I?KQCKM[W,7,15706119,,,false,3
,I?KQCKM[W,8,15710937,,,false,3
,I?KQCKM[W,9,15645921,,,false,3
,I?LF?kN[W,0,16703224,,,false,4
,I?LF?kN[W,1,16561319,,,false,4
,I?LF?kN[W,2,16563623,,,false,4
,I?LF?kN[W,3,16809862,,,false,4
,I?LF?kN[W,4,16675709,,,false,4
,I?LF?kN[W,5,16624869,,,false,4
,I?LF?kN[W,6,16701548,,,false,4
,I?LF?kN[W,7,16661742,,,false,4
,I?LF?kN[W,8,16600776,,,false,4
,I?LF?kN[W,9,16665723,,,false,4
,I?OH?_F`o,0,13204556,,,false,2
,I?OH?_F`o,1,13107765,,,false,2
,I?OH?_F`o,2,13076758,,,false,2
,I?OH?_F`o,3,13137445,,,false,2
,I?OH?_F`o,4,13171943,,,false,2
,I?OH?_F`o,5,13118380,,,false,2
,I?OH?_F`o,6,13115169,,,false,2
,I?OH?_F`o,7,13116497,,,false,2
,I?OH?_F`o,8,13191430,,,false,2
,I?OH?_F`o,9,13144152,,,false,2
,I?OKbMuNo,0,17036201,,,false,3
,I?OKbMuNo,1,17134249,,,false,3
,I?OKbMuNo,2,17098983,,,false,3
,I?OKbMuNo,3,17016577,,,false,3
,I?OKbMuNo,4,17184252,,,false,3
,I?OKbMuNo,5,17091790,,,false,3
,I?OKbMuNo,6,17028938,,,false,3
,I?OKbMuNo,7,17116651,,,false,3
,I?OKbMuNo,8,17108829,,,false,3
,I?OKbMuNo,9,17017974,,,false,3
,I?OPYK|fw,0,17286001,,,false,4
,I?OPYK|fw,1,17447390,,,false,4
,I?OPYK|fw,2,17332302,,,false,4
,I?OPYK|fw,3,17316380,,,false,4
,I?OPYK|fw,4,17487057,,,false,4
,I?OPYK|fw,5,17284605,,,false,4
,I?OPYK|fw,6,17232158,,,false,4
,I?OPYK|fw,7,17419387,,,false,4
,I?OPYK|fw,8,17346758,,,false,4
,I?OPYK|fw,9,17273151,,,false,4
,I?OS?oeHo,0,14001098,,,false,2
,I?OS?oeHo,1,14009199,,,false,2
,I?OS?oeHo,2,13875814,,,false,2
,I?OS?oeHo,3,13837195,,,false,2
,I?OS?oeHo,4,14006406,,,false,2
,I?OS?oeHo,5,13964016,,,false,2
,I?OS?oeHo,6,13875675,,,false,2
,I?OS?oeHo,7,13840268,,,false,2
,I?OS?oeHo,8,13934475,,,false,2
,I?OS?oeHo,9,13825114,,,false,2
,I?OXpxVng,0,18011239,,,false,5
,I?OXpxVng,1,18087708,,,false,5
,I?OXpxVng,2,18068224,,,false,5
,I?OXpxVng,3,17966475,,,false,5
,I?OXpxVng,4,18126956,,,false,5
,I?OXpxVng,5,18080096,,,false,5
,I?OXpxVng,6,17965357,,,false,5
,I?OXpxVng,7,18141271,,,false,5
,I?OXpxVng,8,18089664,,,false,5
,I?OXpxVng,9,18001043,,,false,5
,I?O_gxbfg,0,16854770,,,false,4
,I?O_gxbfg,1,16563348,,,false,4
,I?O_gxbfg,2,16463064,,,false,4
,I?O_gxbfg,3,16544842,,,false,4
,I?O_gxbfg,4,16575220,,,false,4
,I?O_gxbfg,5,16524379,,,false,4
,I?O_gxbfg,6,16533947,,,false,4
,I?O_gxbfg,7,16632624,,,false,4
,I?O_gxbfg,8,16519422,,,false,4
,I?O_gxbfg,9,16571588,,,false,4
,I?O_yK|kw,0,17274898,,,false,4
,I?O_yK|kw,1,17179014,,,false,4
,I?O_yK|kw,2,17129780,,,false,4
,I?O_yK|kw,3,17254995,,,false,4
,I?O_yK|kw,4,17129291,,,false,4
,I?O_yK|kw,5,17164349,,,false,4
,I?O_yK|kw,6,17239841,,,false,4
,I?O_yK|kw,7,17121544,,,false,4
,I?O_yK|kw,8,17298855,,,false,4
,I?O_yK|kw,9,17206672,,,false,4
,I?Oa_}{n_,0,17233839,,,false,4
,I?Oa_}{n_,1,17117074,,,false,4
,I?Oa_}{n_,2,17277485,,,false,4
,I?Oa_}{n_,3,17200596,,,false,4
,I?Oa_}{n_,4,17256046,,,false,4
,I?Oa_}{n_,5,17244872,,,false,4
,I?Oa_}{n_,6,17248154,,,false,4
,I?Oa_}{n_,7,17212678,,,false,4
,I?Oa_}{n_,8,17640558,,,false,4
,I?Oa_}{n_,9,17351511,,,false,4
,I?Oaju}no,0,18584240,,,false,4
,I?Oaju}no,1,18523274,,,false,4
,I?Oaju}no,2,18608123,,,false,4
,I?Oaju}no,3,18583890,,,false,4
,I?Oaju}no,4,18601000,,,false,4
,I?Oaju}no,5,18705473,,,false,4
,I?Oaju}no,6,18520201,,,false,4
,I?Oaju}no,7,18627538,,,false,4
,I?Oaju}no,8,18568317,,,false,4
,I?Oaju}no,9,18529698,,,false,4
,I?Ogz~}~o,0,19637912,,,false,5
,I?Ogz~}~o,1,19535673,,,false,5
,I?Ogz~}~o,2,19569823,,,false,5
,I?Ogz~}~o,3,19645244,,,false,5
,I?Ogz~}~o,4,19609210,,,false,5
,I?Ogz~}~o,5,19533090,,,false,5
,I?Ogz~}~o,6,19669827,,,false,5
,I?Ogz~}~o,7,19512488,,,false,5
,I?Ogz~}~o,8,19637214,,,false,5
,I?Ogz~}~o,9,19582672,,,false,5
,I?OwpufTw,0,17692585,,,false,4
,I?OwpufTw,1,17780577,,,false,4
,I?OwpufTw,2,17747894,,,false,4
,I?OwpufTw,3,17690210,,,false,4
,I?OwpufTw,4,17734347,,,false,4
,I?OwpufTw,5,17847550,,,false,4
,I?OwpufTw,6,17716399,,,false,4
,I?OwpufTw,7,17726943,,,false,4
,I?OwpufTw,8,17721846,,,false,4
,I?OwpufTw,9,17742867,,,false,4
,I?Pb`}]}W,0,18670835,,,false,5
,I?Pb`}]}W,1,18719719,,,false,5
,I?Pb`}]}W,2,18740461,,,false,5
,I?Pb`}]}W,3,18726704,,,false,5
,I?Pb`}]}W,4,18680403,,,false,5
,I?Pb`}]}W,5,18612802,,,false,5
,I?Pb`}]}W,6,18765950,,,false,5
,I?Pb`}]}W,7,18737039,,,false,5
,I?Pb`}]}W,8,18760015,,,false,5
,I?Pb`}]}W,9,18862393,,,false,5
,I?SDHlsbW,0,16903868,,,false,4
,I?SDHlsbW,1,16813222,,,false,4
,I?SDHlsbW,2,16980760,,,false,4
,I?SDHlsbW,3,16868115,,,false,4
,I?SDHlsbW,4,16896398,,,false,4
,I?SDHlsbW,5,16946121,,,false,4
,I?SDHlsbW,6,16924053,,,false,4
,I?SDHlsbW,7,16863017,,,false,4
,I?SDHlsbW,8,16934040,,,false,4
,I?SDHlsbW,9,17050385,,,false,4
,I?SGh\vnw,0,18242610,,,false,5
,I?SGh\vnw,1,18216282,,,false,5
,I?SGh\vnw,2,18304135,,,false,5
,I?SGh\vnw,3,18278436,,,false,5
,I?SGh\vnw,4,18244217,,,false,5
,I?SGh\vnw,5,18377253,,,false,5
,I?SGh\vnw,6,18264538,,,false,5
,I?SGh\vnw,7,18262164,,,false,5
,I?SGh\vnw,8,18343312,,,false,5
,I?SGh\vnw,9,18269496,,,false,5
,I?SOX]u\o,0,17410665,,,false,5
,I?SOX]u\o,1,17324069,,,false,5
,I?SOX]u\o,2,17338874,,,false,5
,I?SOX]u\o,3,17281259,,,false,5
,I?SOX]u\o,4,17399839,,,false,5
,I?SOX]u\o,5,17307657,,,false,5
,I?SOX]u\o,6,17289989,,,false,5
,I?SOX]u\o,7,17417787,,,false,5
,I?SOX]u\o,8,17325465,,,false,5
,I?SOX]u\o,9,17223088,,,false,5
,I?SjSnt\o,0,18609873,,,false,5
,I?SjSnt\o,1,18496880,,,false,5
,I?SjSnt\o,2,18627193,,,false,5
,I?SjSnt\o,3,18814002,,,false,5
,I?SjSnt\o,4,18574048,,,false,5
,I?SjSnt\o,5,18452115,,,false,5
,I?SjSnt\o,6,18612876,,,false,5
,I?SjSnt\o,7,18510707,,,false,5
,I?SjSnt\o,8,18525932,,,false,5
,I?SjSnt\o,9,18557427,,,false,5
,I?StACLkW,0,15978695,,,false,4
,I?StACLkW,1,15968150,,,false,4
,I?StACLkW,2,16108030,,,false,4
,I?StACLkW,3,16022273,,,false,4
,I?StACLkW,4,16010610,,,false,4
,I?StACLkW,5,16112081,,,false,4
,I?StACLkW,6,15993989,,,false,4
,I?StACLkW,7,15925481,,,false,4
,I?StACLkW,8,16073391,,,false,4
,I?StACLkW,9,16142808,,,false,4
,I?WIG}v\o,0,17767242,,,false,5
,I?WIG}v\o,1,17943506,,,false,5
,I?WIG}v\o,2,17812984,,,false,5
,I?WIG}v\o,3,17768430,,,false,5
,I?WIG}v\o,4,17791825,,,false,5
,I?WIG}v\o,5,17802160,,,false,5
,I?WIG}v\o,6,17807118,,,false,5
,I?WIG}v\o,7,17797761,,,false,5
,I?WIG}v\o,8,17840919,,,false,5
,I?WIG}v\o,9,17690218,,,false,5
,I?_?GctQw,0,14568936,,,false,3
,I?_?GctQw,1,14650225,,,false,3
,I?_?GctQw,2,14609930,,,false,3
,I?_?GctQw,3,14522426,,,false,3
,I?_?GctQw,4,14615237,,,false,3
,I?_?GctQw,5,14615308,,,false,3
,I?_?GctQw,6,14481293,,,false,3
,I?_?GctQw,7,14565585,,,false,3
,I?_?GctQw,8,14572079,,,false,3
,I?_?GctQw,9,14560417,,,false,3
,I?_?iwn^g,0,17217713,,,false,4
,I?_?iwn^g,1,17118967,,,false,4
,I?_?iwn^g,2,17155979,,,false,4
,I?_?iwn^g,3,17114078,,,false,4
,I?_?iwn^g,4,17019452,,,false,4
,I?_?iwn^g,5,17206400,,,false,4
,I?_?iwn^g,6,17089008,,,false,4
,I?_?iwn^g,7,17047106,,,false,4
,I?_?iwn^g,8,17118687,,,false,4
,I?_?iwn^g,9,17169597,,,false,4
,I?_@GhBNG,0,14680743,,,false,3
,I?_@GhBNG,1,14768595,,,false,3
,I?_@GhBNG,2,14691428,,,false,3
,I?_@GhBNG,3,14707909,,,false,3
,I?_@GhBNG,4,14663214,,,false,3
,I?_@GhBNG,5,14830469,,,false,3
,I?_@GhBNG,6,14677740,,,false,3
,I?_@GhBNG,7,14678577,,,false,3
,I?_@GhBNG,8,14754768,,,false,3
,I?_@GhBNG,9,15032014,,,false,3
,I?_@G|]\o,0,16652887,,,false,4
,I?_@G|]\o,1,16581445,,,false,4
,I?_@G|]\o,2,16787739,,,false,4
,I?_@G|]\o,3,16586963,,,false,4
,I?_@G|]\o,4,16620903,,,false,4
,I?_@G|]\o,5,16813787,,,false,4
,I?_@G|]\o,6,16657985,,,false,4
,I?_@G|]\o,7,16618737,,,false,4
,I?_@G|]\o,8,16630749,,,false,4
,I?_@G|]\o,9,16627606,,,false,4
,I?_GHCRPW,0,13353526,,,false,3
,I?_GHCRPW,1,13329084,,,false,3
,I?_GHCRPW,2,13522038,,,false,3
,I?_GHCRPW,3,13344028,,,false,3
,I?_GHCRPW,4,13371683,,,false,3
,I?_GHCRPW,5,13331109,,,false,3
,I?_GHCRPW,6,13434325,,,false,3
,I?_GHCRPW,7,13436210,,,false,3
,I?_GHCRPW,8,13343818,,,false,3
,I?_GHCRPW,9,13393961,,,false,3
,I?_OHtM^_,0,16703867,,,false,4
,I?_OHtM^_,1,16402319,,,false,4
,I?_OHtM^_,2,16389050,,,false,4
,I?_OHtM^_,3,16506583,,,false,4
,I?_OHtM^_,4,16453368,,,false,4
,I?_OHtM^_,5,16465170,,,false,4
,I?_OHtM^_,6,16428506,,,false,4
,I?_OHtM^_,7,16461260,,,false,4
,I?_OHtM^_,8,16438563,,,false,4
,I?_OHtM^_,9,16396592,,,false,4
,I?_QXYRZG,0,16556025,,,false,4
,I?_QXYRZG,1,16395614,,,false,4
,I?_QXYRZG,2,16523623,,,false,4
,I?_QXYRZG,3,16629845,,,false,4
,I?_QXYRZG,4,16556448,,,false,4
,I?_QXYRZG,5,16441709,,,false,4
,I?_QXYRZG,6,16540455,,,false,4
,I?_QXYRZG,7,16523486,,,false,4
,I?_QXYRZG,8,16514897,,,false,4
,I?_QXYRZG,9,16524882,,,false,4
,I?`@?[]Fo,0,15218477,,,false,3
,I?`@?[]Fo,1,14998705,,,false,3
,I?`@?[]Fo,2,15056599,,,false,3
,I?`@?[]Fo,3,15088722,,,false,3
,I?`@?[]Fo,4,15092494,,,false,3
,I?`@?[]Fo,5,15044238,,,false,3
,I?`@?[]Fo,6,15093751,,,false,3
,I?`@?[]Fo,7,15218057,,,false,3
,I?`@?[]Fo,8,15072870,,,false,3
,I?`@?[]Fo,9,14976567,,,false,3
,I?cOoXFHw,0,15178181,,,false,4
,I?cOoXFHw,1,15179648,,,false,4
,I?cOoXFHw,2,15087885,,,false,4
,I?cOoXFHw,3,15111000,,,false,4
,I?cOoXFHw,4,15202484,,,false,4
,I?cOoXFHw,5,15122173,,,false,4
,I?cOoXFHw,6,15103318,,,false,4
,I?cOoXFHw,7,15167776,,,false,4
,I?cOoXFHw,8,15291245,,,false,4
,I?cOoXFHw,9,15170360,,,false,4
,I?cPHXRRg,0,16265026,,,false,4
,I?cPHXRRg,1,16429278,,,false,4
,I?cPHXRRg,2,16297570,,,false,4
,I?cPHXRRg,3,16247358,,,false,4
,I?cPHXRRg,4,16325224,,,false,4
,I?cPHXRRg,5,16301200,,,false,4
,I?cPHXRRg,6,16234927,,,false,4
,I?cPHXRRg,7,16327808,,,false,4
,I?cPHXRRg,8,16280460,,,false,4
,I?cPHXRRg,9,16298197,,,false,4
,I?cPIStRg,0,16307695,,,false,4
,I?cPIStRg,1,16507494,,,false,4
,I?cPIStRg,2,16425996,,,false,4
,I?cPIStRg,3,16363843,,,false,4
,I?cPIStRg,4,16452533,,,false,4
,I?cPIStRg,5,16348060,,,false,4
,I?cPIStRg,6,16362935,,,false,4
,I?cPIStRg,7,16635013,,,false,4
,I?cPIStRg,8,16460564,,,false,4
,I?cPIStRg,9,16372642,,,false,4
,I?cWaKeAw,0,14900866,,,false,3
,I?cWaKeAw,1,15020074,,,false,3
,I?cWaKeAw,2,14880963,,,false,3
,I?cWaKeAw,3,14881242,,,false,3
,I?cWaKeAw,4,14930057,,,false,3
,I?cWaKeAw,5,15087675,,,false,3
,I?cWaKeAw,6,14911272,,,false,3
,I?cWaKeAw,7,14861060,,,false,3
,I?cWaKeAw,8,15015605,,,false,3
,I?cWaKeAw,9,14927543,,,false,3
,I?oPGpBHW,0,14663496,,,false,3
,I?oPGpBHW,1,14790317,,,false,3
,I?oPGpBHW,2,14780540,,,false,3
,I?oPGpBHW,3,14784102,,,false,3
,I?oPGpBHW,4,14717549,,,false,3
,I?oPGpBHW,5,14825165,,,false,3
,I?oPGpBHW,6,14735497,,,false,3
,I?oPGpBHW,7,14759523,,,false,3
,I?oPGpBHW,8,14783616,,,false,3
,I?oPGpBHW,9,14922100,,,false,3
,I@??LXZr_,0,15871508,,,false,3
,I@??LXZr_,1,15842945,,,false,3
,I@??LXZr_,2,15945254,,,false,3
,I@??LXZr_,3,15970604,,,false,3
,I@??LXZr_,4,15778418,,,false,3
,I@??LXZr_,5,15888827,,,false,3
,I@??LXZr_,6,15955381,,,false,3
,I@??LXZr_,7,16188490,,,false,3
,I@??LXZr_,8,15889386,,,false,3
,I@??LXZr_,9,16055594,,,false,3
,I@??OXFf_,0,14217741,,,false,3
,I@??OXFf_,1,14232686,,,false,3
,I@??OXFf_,2,14230940,,,false,3
,I@??OXFf_,3,14357621,,,false,3
,I@??OXFf_,4,14203635,,,false,3
,I@??OXFf_,5,14208663,,,false,3
,I@??OXFf_,6,14193788,,,false,3
,I@??OXFf_,7,14281432,,,false,3
,I@??OXFf_,8,14366490,,,false,3
,I@??OXFf_,9,14110195,,,false,3
,I@??OXFfg,0,14895701,,,false,3
,I@??OXFfg,1,14815461,,,false,3
,I@??OXFfg,2,14748489,,,false,3
,I@??OXFfg,3,14732985,,,false,3
,I@??OXFfg,4,14882013,,,false,3
,I@??OXFfg,5,14840462,,,false,3
,I@??OXFfg,6,14787317,,,false,3
,I@??OXFfg,7,14782010,,,false,3
,I@??OXFfg,8,14899263,,,false,3
,I@??OXFfg,9,14774887,,,false,3
,I@??OlMhw,0,15368067,,,false,3
,I@??OlMhw,1,15470305,,,false,3
,I@??OlMhw,2,15511996,,,false,3
,I@??OlMhw,3,15381824,,,false,3
,I@??OlMhw,4,15428474,,,false,3
,I@??OlMhw,5,15597684,,,false,3
,I@??OlMhw,6,15374003,,,false,3
,I@??OlMhw,7,15547194,,,false,3
,I@??OlMhw,8,15632602,,,false,3
,I@??OlMhw,9,15407314,,,false,3
,I@??i[mfG,0,15748180,,,false,4
,I@??i[mfG,1,15716614,,,false,4
,I@??i[mfG,2,15778418,,,false,4
,I@??i[mfG,3,15738612,,,false,4
,I@??i[mfG,4,15655997,,,false,4
,I@??i[mfG,5,15768152,,,false,4
,I@??i[mfG,6,15714589,,,false,4
,I@??i[mfG,7,15670243,,,false,4
,I@??i[mfG,8,15744198,,,false,4
,I@??i[mfG,9,15694546,,,false,4
,I@??i[mfW,0,16271524,,,false,4
,I@??i[mfW,1,16202387,,,false,4
,I@??i[mfW,2,16290659,,,false,4
,I@??i[mfW,3,16198756,,,false,4
,I@??i[mfW,4,16255881,,,false,4
,I@??i[mfW,5,16308746,,,false,4
,I@??i[mfW,6,16220544,,,false,4
,I@??i[mfW,7,16310981,,,false,4
,I@??i[mfW,8,16466853,,,false,4
,I@??i[mfW,9,16227737,,,false,4
,I@?G?TFdo,0,14398685,,,false,3
,I@?G?TFdo,1,14267744,,,false,3
,I@?G?TFdo,2,14381928,,,false,3
,I@?G?TFdo,3,14359161,,,false,3
,I@?G?TFdo,4,14320751,,,false,3
,I@?G?TFdo,5,14348476,,,false,3
,I@?G?TFdo,6,14444499,,,false,3
,I@?G?TFdo,7,14480534,,,false,3
,I@?G?TFdo,8,14326478,,,false,3
,I@?G?TFdo,9,14458536,,,false,3
,I@?G?TFdw,0,14779848,,,false,3
,I@?G?TFdw,1,14702121,,,false,3
,I@?G?TFdw,2,14679844,,,false,3
,I@?G?TFdw,3,14774680,,,false,3
,I@?G?TFdw,4,14748492,,,false,3
,I@?G?TFdw,5,14688713,,,false,3
,I@?G?TFdw,6,14663503,,,false,3
,I@?G?TFdw,7,14798354,,,false,3
,I@?G?TFdw,8,14762739,,,false,3
,I@?G?TFdw,9,14767557,,,false,3
,I@?GhTFfW,0,16387314,,,false,4
,I@?GhTFfW,1,16296599,,,false,4
,I@?GhTFfW,2,16266569,,,false,4
,I@?GhTFfW,3,16291221,,,false,4
,I@?GhTFfW,4,16296738,,,false,4
,I@?GhTFfW,5,16284098,,,false,4
,I@?GhTFfW,6,16195337,,,false,4
,I@?GhTFfW,7,16346321,,,false,4
,I@?GhTFfW,8,16261751,,,false,4
,I@?GhTFfW,9,16251974,,,false,4
,I@?IIgjfg,0,16531384,,,false,4
,I@?IIgjfg,1,16472722,,,false,4
,I@?IIgjfg,2,16358891,,,false,4
,I@?IIgjfg,3,16448280,,,false,4
,I@?IIgjfg,4,16592071,,,false,4
,I@?IIgjfg,5,16403795,,,false,4
,I@?IIgjfg,6,16413572,,,false,4
,I@?IIgjfg,7,16592769,,,false,4
,I@?IIgjfg,8,16512459,,,false,4
,I@?IIgjfg,9,16390736,,,false,4
,I@?IOmFYW,0,16037999,,,false,4
,I@?IOmFYW,1,15990092,,,false,4
,I@?IOmFYW,2,16034716,,,false,4
,I@?IOmFYW,3,15991907,,,false,4
,I@?IOmFYW,4,15999589,,,false,4
,I@?IOmFYW,5,15970119,,,false,4
,I@?IOmFYW,6,15908315,,,false,4
,I@?IOmFYW,7,16095473,,,false,4
,I@?IOmFYW,8,15969770,,,false,4
,I@?IOmFYW,9,15922421,,,false,4
,I@?IpM\vO,0,17423109,,,false,4
,I@?IpM\vO,1,17222193,,,false,4
,I@?IpM\vO,2,17262628,,,false,4
,I@?IpM\vO,3,17344056,,,false,4
,I@?IpM\vO,4,17340355,,,false,4
,I@?IpM\vO,5,17261721,,,false,4
,I@?IpM\vO,6,17647700,,,false,4
,I@?IpM\vO,7,17322757,,,false,4
,I@?IpM\vO,8,17229526,,,false,4
,I@?IpM\vO,9,17369825,,,false,4
,I@?OH]IQg,0,14209085,,,false,3
,I@?OH]IQg,1,14145675,,,false,3
,I@?OH]IQg,2,14085547,,,false,3
,I@?OH]IQg,3,14219909,,,false,3
,I@?OH]IQg,4,14160969,,,false,3
,I@?OH]IQg,5,14138833,,,false,3
,I@?OH]IQg,6,14085759,,,false,3
,I@?OH]IQg,7,14261115,,,false,3
,I@?OH]IQg,8,14106220,,,false,3
,I@?OH]IQg,9,14060130,,,false,3
,I@?OOXBbg,0,14204130,,,false,3
,I@?OOXBbg,1,14291284,,,false,3
,I@?OOXBbg,2,14157619,,,false,3
,I@?OOXBbg,3,14273686,,,false,3
,I@?OOXBbg,4,14265864,,,false,3
,I@?OOXBbg,5,14286116,,,false,3
,I@?OOXBbg,6,14245403,,,false,3
,I@?OOXBbg,7,14318031,,,false,3
,I@?OOXBbg,8,14388425,,,false,3
,I@?OOXBbg,9,14307626,,,false,3
,I@?SQOFJG,0,14147354,,,false,2
,I@?SQOFJG,1,14157759,,,false,2
,I@?SQOFJG,2,14358326,,,false,2
,I@?SQOFJG,3,14243377,,,false,2
,I@?SQOFJG,4,14166838,,,false,2
,I@?SQOFJG,5,14122632,,,false,2
,I@?SQOFJG,6,14195819,,,false,2
,I@?SQOFJG,7,14136041,,,false,2
,I@?SQOFJG,8,14140789,,,false,2
,I@?SQOFJG,9,14107408,,,false,2
,I@?YtKnVW,0,17837934,,,false,5
,I@?YtKnVW,1,17659365,,,false,5
,I@?YtKnVW,2,17749522,,,false,5
,I@?YtKnVW,3,17864122,,,false,5
,I@?YtKnVW,4,17776200,,,false,5
,I@?YtKnVW,5,17698613,,,false,5
,I@?YtKnVW,6,17895129,,,false,5
,I@?YtKnVW,7,17768309,,,false,5
,I@?YtKnVW,8,17713348,,,false,5
,I@?YtKnVW,9,17844639,,,false,5
,I@@?pMKUW,0,15652162,,,false,3
,I@@?pMKUW,1,15593780,,,false,3
,I@@?pMKUW,2,15756985,,,false,3
,I@@?pMKUW,3,15727654,,,false,3
,I@@?pMKUW,4,15645877,,,false,3
,I@@?pMKUW,5,15677792,,,false,3
,I@@?pMKUW,6,15759778,,,false,3
,I@@?pMKUW,7,15654048,,,false,3
,I@@?pMKUW,8,15686731,,,false,3
,I@@?pMKUW,9,15927383,,,false,3
,I@@GHOZco,0,14910513,,,false,3
,I@@GHOZco,1,14827689,,,false,3
,I@@GHOZco,2,14868612,,,false,3
,I@@GHOZco,3,14995572,,,false,3
,I@@GHOZco,4,14900526,,,false,3
,I@@GHOZco,5,14844379,,,false,3
,I@@GHOZco,6,15198024,,,false,3
,I@@GHOZco,7,14873919,,,false,3
,I@@GHOZco,8,14863863,,,false,3
,I@@GHOZco,9,14834741,,,false,3
,I@@IHUZfo,0,17247129,,,false,4
,I@@IHUZfo,1,17088184,,,false,4
,I@@IHUZfo,2,17154248,,,false,4
,I@@IHUZfo,3,17294477,,,false,4
,I@@IHUZfo,4,17137837,,,false,4
,I@@IHUZfo,5,17139164,,,false,4
,I@@IHUZfo,6,17251807,,,false,4
,I@@IHUZfo,7,17132948,,,false,4
,I@@IHUZfo,8,17156971,,,false,4
,I@@IHUZfo,9,17258234,,,false,4
,I@@XXpZhw,0,17742334,,,false,5
,I@@XXpZhw,1,17727179,,,false,5
,I@@XXpZhw,2,17909799,,,false,5
,I@@XXpZhw,3,17673127,,,false,5
,I@@XXpZhw,4,17832421,,,false,5
,I@@XXpZhw,5,17819711,,,false,5
,I@@XXpZhw,6,17757697,,,false,5
,I@@XXpZhw,7,17720824,,,false,5
,I@@XXpZhw,8,17849321,,,false,5
,I@@XXpZhw,9,17779207,,,false,5
,I@@g{pjdw,0,17890873,,,false,5
,I@@g{pjdw,1,18026283,,,false,5
,I@@g{pjdw,2,17996882,,,false,5
,I@@g{pjdw,3,17977679,,,false,5
,I@@g{pjdw,4,18015320,,,false,5
,I@@g{pjdw,5,17960359,,,false,5
,I@@g{pjdw,6,17908821,,,false,5
,I@@g{pjdw,7,18080126,,,false,5
,I@@g{pjdw,8,17912522,,,false,5
,I@@g{pjdw,9,18038644,,,false,5
,I@C?ICLwg,0,15169325,,,false,3
,I@C?ICLwg,1,15269818,,,false,3
,I@C?ICLwg,2,15264092,,,false,3
,I@C?ICLwg,3,14939288,,,false,3
,I@C?ICLwg,4,14966523,,,false,3
,I@C?ICLwg,5,14904790,,,false,3
,I@C?ICLwg,6,14824270,,,false,3
,I@C?ICLwg,7,14943758,,,false,3
,I@C?ICLwg,8,14913309,,,false,3
,I@C?ICLwg,9,14835373,,,false,3
,I@COYUtZg,0,17100129,,,false,4
,I@COYUtZg,1,17110185,,,false,4
,I@COYUtZg,2,17070729,,,false,4
,I@COYUtZg,3,17149223,,,false,4
,I@COYUtZg,4,17212773,,,false,4
,I@COYUtZg,5,17161794,,,false,4
,I@COYUtZg,6,17060393,,,false,4
,I@COYUtZg,7,17136024,,,false,4
,I@COYUtZg,8,17045239,,,false,4
,I@COYUtZg,9,17064793,,,false,4
,I@CdQm]ZW,0,17963641,,,false,4
,I@CdQm]ZW,1,17975933,,,false,4
,I@CdQm]ZW,2,17884588,,,false,4
,I@CdQm]ZW,3,17884378,,,false,4
,I@CdQm]ZW,4,17879770,,,false,4
,I@CdQm]ZW,5,17790170,,,false,4
,I@CdQm]ZW,6,17897438,,,false,4
,I@CdQm]ZW,7,17819711,,,false,4
,I@CdQm]ZW,8,17780813,,,false,4
,I@CdQm]ZW,9,17780603,,,false,4
,I@DGtLjlg,0,17950233,,,false,5
,I@DGtLjlg,1,17852115,,,false,5
,I@DGtLjlg,2,17958543,,,false,5
,I@DGtLjlg,3,17972231,,,false,5
,I@DGtLjlg,4,17870761,,,false,5
,I@DGtLjlg,5,17935777,,,false,5
,I@DGtLjlg,6,17932285,,,false,5
,I@DGtLjlg,7,17967275,,,false,5
,I@DGtLjlg,8,18075591,,,false,5
,I@DGtLjlg,9,17949748,,,false,5
,I@GTQl]jW,0,17880262,,,false,4
,I@GTQl]jW,1,17895626,,,false,4
,I@GTQl]jW,2,17868041,,,false,4
,I@GTQl]jW,3,17827047,,,false,4
,I@GTQl]jW,4,18001915,,,false,4
,I@GTQl]jW,5,17871742,,,false,4
,I@GTQl]jW,6,17823486,,,false,4
,I@GTQl]jW,7,17985224,,,false,4
,I@GTQl]jW,8,18268127,,,false,4
,I@GTQl]jW,9,17926003,,,false,4
,I@GY}xn~g,0,19859043,,,false,6
,I@GY}xn~g,1,19688296,,,false,6
,I@GY}xn~g,2,19737599,,,false,6
,I@GY}xn~g,3,19776707,,,false,6
,I@GY}xn~g,4,19821751,,,false,6
,I@GY}xn~g,5,19787742,,,false,6
,I@GY}xn~g,6,19829922,,,false,6
,I@GY}xn~g,7,19814279,,,false,6
,I@GY}xn~g,8,19807575,,,false,6
,I@GY}xn~g,9,19793538,,,false,6
,I@HH?]VUw,0,16967166,,,false,4
,I@HH?]VUw,1,17031904,,,false,4
,I@HH?]VUw,2,17039865,,,false,4
,I@HH?]VUw,3,16956063,,,false,4
,I@HH?]VUw,4,16978061,,,false,4
,I@HH?]VUw,5,17080230,,,false,4
,I@HH?]VUw,6,16972404,,,false,4
,I@HH?]VUw,7,16954457,,,false,4
,I@HH?]VUw,8,17092661,,,false,4
,I@HH?]VUw,9,16937835,,,false,4
,I@ODG|[hW,0,16783290,,,false,4
,I@ODG|[hW,1,17035396,,,false,4
,I@ODG|[hW,2,16997195,,,false,4
,I@ODG|[hW,3,16718693,,,false,4
,I@ODG|[hW,4,16901172,,,false,4
,I@ODG|[hW,5,16827844,,,false,4
,I@ODG|[hW,6,16778192,,,false,4
,I@ODG|[hW,7,16811154,,,false,4
,I@ODG|[hW,8,16878824,,,false,4
,I@ODG|[hW,9,16698510,,,false,4
,I@OH?lEeW,0,15601329,,,false,3
,I@OH?lEeW,1,15715439,,,false,3
,I@OH?lEeW,2,15598326,,,false,3
,I@OH?lEeW,3,15604820,,,false,3
,I@OH?lEeW,4,15746796,,,false,3
,I@OH?lEeW,5,15601189,,,false,3
,I@OH?lEeW,6,15595812,,,false,3
,I@OH?lEeW,7,15659571,,,false,3
,I@OH?lEeW,8,15691975,,,false,3
,I@OH?lEeW,9,15568227,,,false,3
,I@O[P\VXw,0,17755326,,,false,4
,I@O[P\VXw,1,17755047,,,false,4
,I@O[P\VXw,2,17573615,,,false,4
,I@O[P\VXw,3,17592401,,,false,4
,I@O[P\VXw,4,17686331,,,false,4
,I@O[P\VXw,5,17584793,,,false,4
,I@O[P\VXw,6,17549106,,,false,4
,I@O[P\VXw,7,17704351,,,false,4
,I@O[P\VXw,8,17522290,,,false,4
,I@O[P\VXw,9,17541006,,,false,4
,I@O_{zMzo,0,18265477,,,false,4
,I@O_{zMzo,1,18238171,,,false,4
,I@O_{zMzo,2,18255351,,,false,4
,I@O_{zMzo,3,18301372,,,false,4
,I@O_{zMzo,4,18239498,,,false,4
,I@O_{zMzo,5,18239009,,,false,4
,I@O_{zMzo,6,18403401,,,false,4
,I@O_{zMzo,7,18352701,,,false,4
,I@O_{zMzo,8,18277069,,,false,4
,I@O_{zMzo,9,18430358,,,false,4
,I@OhozFTw,0,17671318,,,false,5
,I@OhozFTw,1,17614193,,,false,5
,I@OhozFTw,2,17754143,,,false,5
,I@OhozFTw,3,17638426,,,false,5
,I@OhozFTw,4,17712032,,,false,5
,I@OhozFTw,5,17744785,,,false,5
,I@OhozFTw,6,17671668,,,false,5
,I@OhozFTw,7,17729561,,,false,5
,I@OhozFTw,8,17794298,,,false,5
,I@OhozFTw,9,17701138,,,false,5
,I@Ohun[Xw,0,18515697,,,false,5
,I@Ohun[Xw,1,18754673,,,false,5
,I@Ohun[Xw,2,18602222,,,false,5
,I@Ohun[Xw,3,18551941,,,false,5
,I@Ohun[Xw,4,18815778,,,false,5
,I@Ohun[Xw,5,18600546,,,false,5
,I@Ohun[Xw,6,18567584,,,false,5
,I@Ohun[Xw,7,18612767,,,false,5
,I@Ohun[Xw,8,18576732,,,false,5
,I@Ohun[Xw,9,18627503,,,false,5
,I@P@gyNjo,0,17614194,,,false,4
,I@P@gyNjo,1,17471240,,,false,4
,I@P@gyNjo,2,17515795,,,false,4
,I@P@gyNjo,3,17579555,,,false,4
,I@P@gyNjo,4,17428432,,,false,4
,I@P@gyNjo,5,17532136,,,false,4
,I@P@gyNjo,6,17492191,,,false,4
,I@P@gyNjo,7,17482415,,,false,4
,I@P@gyNjo,8,17416490,,,false,4
,I@P@gyNjo,9,17545964,,,false,4
,I@QWqcnXw,0,17682353,,,false,5
,I@QWqcnXw,1,17662589,,,false,5
,I@QWqcnXw,2,18036556,,,false,5
,I@QWqcnXw,3,17691291,,,false,5
,I@QWqcnXw,4,17625157,,,false,5
,I@QWqcnXw,5,17737382,,,false,5
,I@QWqcnXw,6,17632421,,,false,5
,I@QWqcnXw,7,17628230,,,false,5
,I@QWqcnXw,8,17769925,,,false,5
,I@QWqcnXw,9,17674252,,,false,5
,I@Sg\CVTw,0,17221861,,,false,5
,I@Sg\CVTw,1,17320749,,,false,5
,I@Sg\CVTw,2,17252450,,,false,5
,I@Sg\CVTw,3,17214669,,,false,5
,I@Sg\CVTw,4,17347077,,,false,5
,I@Sg\CVTw,5,17271235,,,false,5
,I@Sg\CVTw,6,17225703,,,false,5
,I@Sg\CVTw,7,17339395,,,false,5
,I@Sg\CVTw,8,17275984,,,false,5
,I@Sg\CVTw,9,17392260,,,false,5
,I@_OXLZVo,0,17208524,,,false,4
,I@_OXLZVo,1,17065431,,,false,4
,I@_OXLZVo,2,17003697,,,false,4
,I@_OXLZVo,3,17090572,,,false,4
,I@_OXLZVo,4,17302941,,,false,4
,I@_OXLZVo,5,17097905,,,false,4
,I@_OXLZVo,6,17078351,,,false,4
,I@_OXLZVo,7,17071158,,,false,4
,I@_OXLZVo,8,17015709,,,false,4
,I@_OXLZVo,9,17056143,,,false,4
,I@g?gxfVg,0,17084287,,,false,4
,I@g?gxfVg,1,16993082,,,false,4
,I@g?gxfVg,2,16952717,,,false,4
,I@g?gxfVg,3,17101397,,,false,4
,I@g?gxfVg,4,17000345,,,false,4
,I@g?gxfVg,5,16979743,,,false,4
,I@g?gxfVg,6,17043363,,,false,4
,I@g?gxfVg,7,17166693,,,false,4
,I@g?gxfVg,8,16935188,,,false,4
,I@g?gxfVg,9,17076256,,,false,4
,I@h?GkYWw,0,15677735,,,false,3
,I@h?GkYWw,1,15682972,,,false,3
,I@h?GkYWw,2,15595399,,,false,3
,I@h?GkYWw,3,15876207,,,false,3
,I@h?GkYWw,4,15597215,,,false,3
,I@h?GkYWw,5,15619353,,,false,3
,I@h?GkYWw,6,15783395,,,false,3
,I@h?GkYWw,7,15625778,,,false,3
,I@h?GkYWw,8,15689398,,,false,3
,I@h?GkYWw,9,15670612,,,false,3
,I@o\`\VxW,0,18791689,,,false,5
,I@o\`\VxW,1,18715359,,,false,5
,I@o\`\VxW,2,18703697,,,false,5
,I@o\`\VxW,3,18617729,,,false,5
,I@o\`\VxW,4,18601458,,,false,5
,I@o\`\VxW,5,18803980,,,false,5
,I@o\`\VxW,6,18646851,,,false,5
,I@o\`\VxW,7,18655790,,,false,5
,I@o\`\VxW,8,18717105,,,false,5
,I@o\`\VxW,9,18539933,,,false,5
,IA??GWjko,0,14572034,,,false,3
,IA??GWjko,1,14679650,,,false,3
,IA??GWjko,2,14679370,,,false,3
,IA??GWjko,3,14603389,,,false,3
,IA??GWjko,4,14627831,,,false,3
,IA??GWjko,5,14759611,,,false,3
,IA??GWjko,6,14717221,,,false,3
,IA??GWjko,7,14619311,,,false,3
,IA??GWjko,8,14639425,,,false,3
,IA??GWjko,9,14648922,,,false,3
,IA?G?Kjlw,0,15337640,,,false,3
,IA?G?Kjlw,1,15332194,,,false,3
,IA?G?Kjlw,2,15381917,,,false,3
,IA?G?Kjlw,3,15358242,,,false,3
,IA?G?Kjlw,4,15329470,,,false,3
,IA?G?Kjlw,5,15387573,,,false,3
,IA?G?Kjlw,6,15512019,,,false,3
,IA?G?Kjlw,7,15323115,,,false,3
,IA?G?Kjlw,8,15338339,,,false,3
,IA?G?Kjlw,9,15321160,,,false,3
,IA?HHhJmg,0,16453468,,,false,4
,IA?HHhJmg,1,16431471,,,false,4
,IA?HHhJmg,2,16401372,,,false,4
,IA?HHhJmg,3,16558989,,,false,4
,IA?HHhJmg,4,16439920,,,false,4
,IA?HHhJmg,5,16388592,,,false,4
,IA?HHhJmg,6,16569884,,,false,4
,IA?HHhJmg,7,16442574,,,false,4
,IA?HHhJmg,8,16383424,,,false,4
,IA?HHhJmg,9,16475676,,,false,4
,IA?_xU\vO,0,17343379,,,false,4
,IA?_xU\vO,1,17253711,,,false,4
,IA?_xU\vO,2,17291492,,,false,4
,IA?_xU\vO,3,17321242,,,false,4
,IA?_xU\vO,4,17392124,,,false,4
,IA?_xU\vO,5,17400644,,,false,4
,IA?_xU\vO,6,17262301,,,false,4
,IA?_xU\vO,7,17214184,,,false,4
,IA?_xU\vO,8,17246588,,,false,4
,IA?_xU\vO,9,17294495,,,false,4
,IAAKPln]o,0,17819725,,,false,4
,IAAKPln]o,1,17849754,,,false,4
,IAAKPln]o,2,17898919,,,false,4
,IAAKPln]o,3,17796959,,,false,4
,IAAKPln]o,4,17764486,,,false,4
,IAAKPln]o,5,17972874,,,false,4
,IAAKPln]o,6,17796750,,,false,4
,IAAKPln]o,7,17709456,,,false,4
,IAAKPln]o,8,17874476,,,false,4
,IAAKPln]o,9,17776078,,,false,4
,IAC_[GbQW,0,14756681,,,false,3
,IAC_[GbQW,1,15031902,,,false,3
,IAC_[GbQW,2,14805775,,,false,3
,IAC_[GbQW,3,14741108,,,false,3
,IAC_[GbQW,4,14819463,,,false,3
,IAC_[GbQW,5,14824979,,,false,3
,IAC_[GbQW,6,14807311,,,false,3
,IAC_[GbQW,7,14804727,,,false,3
,IAC_[GbQW,8,14905500,,,false,3
,IAC_[GbQW,9,14758007,,,false,3
,IAC_g\jnw,0,17607426,,,false,4
,IAC_g\jnw,1,17762531,,,false,4
,IAC_g\jnw,2,17744863,,,false,4
,IAC_g\jnw,3,17706103,,,false,4
,IAC_g\jnw,4,17752614,,,false,4
,IAC_g\jnw,5,17743954,,,false,4
,IAC_g\jnw,6,17757712,,,false,4
,IAC_g\jnw,7,17703659,,,false,4
,IAC_g\jnw,8,17734457,,,false,4
,IAC_g\jnw,9,17680684,,,false,4
,IACppXNzw,0,18536797,,,false,5
,IACppXNzw,1,18383859,,,false,5
,IACppXNzw,2,18256130,,,false,5
,IACppXNzw,3,18331552,,,false,5
,IACppXNzw,4,18370380,,,false,5
,IACppXNzw,5,18294051,,,false,5
,IACppXNzw,6,18408790,,,false,5
,IACppXNzw,7,18419265,,,false,5
,IACppXNzw,8,18311300,,,false,5
,IACppXNzw,9,18439308,,,false,5
,IAG@I]]fo,0,17144911,,,false,4
,IAG@I]]fo,1,17164954,,,false,4
,IAG@I]]fo,2,17365591,,,false,4
,IAG@I]]fo,3,17309163,,,false,4
,IAG@I]]fo,4,17123192,,,false,4
,IAG@I]]fo,5,17242331,,,false,4
,IAG@I]]fo,6,17216981,,,false,4
,IAG@I]]fo,7,17194005,,,false,4
,IAG@I]]fo,8,17115370,,,false,4
,IAG@I]]fo,9,17289330,,,false,4
,IAGGaKefw,0,16147872,,,false,3
,IAGGaKefw,1,16176365,,,false,3
,IAGGaKefw,2,16272948,,,false,3
,IAGGaKefw,3,16240125,,,false,3
,IAGGaKefw,4,16180625,,,false,3
,IAGGaKefw,5,16260238,,,false,3
,IAGGaKefw,6,16182092,,,false,3
,IAGGaKefw,7,16116935,,,false,3
,IAGGaKefw,8,16188656,,,false,3
,IAGGaKefw,9,16260378,,,false,3
,IAKPY^vzo,0,19271815,,,false,5
,IAKPY^vzo,1,19148135,,,false,5
,IAKPY^vzo,2,19397029,,,false,5
,IAKPY^vzo,3,19172858,,,false,5
,IAKPY^vzo,4,19213083,,,false,5
,IAKPY^vzo,5,19371539,,,false,5
,IAKPY^vzo,6,19176978,,,false,5
,IAKPY^vzo,7,19253797,,,false,5
,IAKPY^vzo,8,19153373,,,false,5
,IAKPY^vzo,9,19157703,,,false,5
,IAl`g|N{w,0,19324260,,,false,6
,IAl`g|N{w,1,19188501,,,false,6
,IAl`g|N{w,2,19127744,,,false,6
,IAl`g|N{w,3,19292276,,,false,6
,IAl`g|N{w,4,19113568,,,false,6
,IAl`g|N{w,5,19233964,,,false,6
,IAl`g|N{w,6,19274537,,,false,6
,IAl`g|N{w,7,19157563,,,false,6
,IAl`g|N{w,8,19115523,,,false,6
,IAl`g|N{w,9,19228028,,,false,6
,IC?`O|]Vo,0,16914245,,,false,4
,IC?`O|]Vo,1,17241423,,,false,4
,IC?`O|]Vo,2,16954609,,,false,4
,IC?`O|]Vo,3,16962711,,,false,4
,IC?`O|]Vo,4,17105105,,,false,4
,IC?`O|]Vo,5,17138836,,,false,4
,IC?`O|]Vo,6,17023890,,,false,4
,IC?`O|]Vo,7,17055176,,,false,4
,IC?`O|]Vo,8,17065022,,,false,4
,IC?`O|]Vo,9,16958873,,,false,4
,IC?`Px]Vo,0,16948258,,,false,4
,IC?`Px]Vo,1,16998609,,,false,4
,IC?`Px]Vo,2,16944766,,,false,4
,IC?`Px]Vo,3,16994978,,,false,4
,IC?`Px]Vo,4,17107483,,,false,4
,IC?`Px]Vo,5,16980592,,,false,4
,IC?`Px]Vo,6,16994139,,,false,4
,IC?`Px]Vo,7,17037019,,,false,4
,IC?`Px]Vo,8,16983735,,,false,4
,IC?`Px]Vo,9,17052871,,,false,4
,IC@@oK\YW,0,15964349,,,false,3
,IC@@oK\YW,1,15862110,,,false,3
,IC@@oK\YW,2,15825167,,,false,3
,IC@@oK\YW,3,15816786,,,false,3
,IC@@oK\YW,4,15973009,,,false,3
,IC@@oK\YW,5,15812806,,,false,3
,IC@@oK\YW,6,15828169,,,false,3
,IC@@oK\YW,7,15942141,,,false,3
,IC@@oK\YW,8,15870560,,,false,3
,IC@@oK\YW,9,15842975,,,false,3
,IC@xo|zjw,0,19033679,,,false,5
,IC@xo|zjw,1,19008050,,,false,5
,IC@xo|zjw,2,19023414,,,false,5
,IC@xo|zjw,3,19040035,,,false,5
,IC@xo|zjw,4,18954487,,,false,5
,IC@xo|zjw,5,19005955,,,false,5
,IC@xo|zjw,6,19234457,,,false,5
,IC@xo|zjw,7,19121253,,,false,5
,IC@xo|zjw,8,19022017,,,false,5
,IC@xo|zjw,9,19125024,,,false,5
,ICCAHGJzG,0,15613636,,,false,3
,ICCAHGJzG,1,15634098,,,false,3
,ICCAHGJzG,2,15764410,,,false,3
,ICCAHGJzG,3,15664546,,,false,3
,ICCAHGJzG,4,15562097,,,false,3
,ICCAHGJzG,5,15605395,,,false,3
,ICCAHGJzG,6,15653442,,,false,3
,ICCAHGJzG,7,15599040,,,false,3
,ICCAHGJzG,8,15649182,,,false,3
,ICCAHGJzG,9,15626695,,,false,3
,ICCGQCvXo,0,15809873,,,false,3
,ICCGQCvXo,1,15905617,,,false,3
,ICCGQCvXo,2,15864414,,,false,3
,ICCGQCvXo,3,15792693,,,false,3
,ICCGQCvXo,4,15802470,,,false,3
,ICCGQCvXo,5,15835084,,,false,3
,ICCGQCvXo,6,16013792,,,false,3
,ICCGQCvXo,7,15777609,,,false,3
,ICCGQCvXo,8,15827820,,,false,3
,ICCGQCvXo,9,15822234,,,false,3
,ICGOIUcQg,0,14993358,,,false,3
,ICGOIUcQg,1,15046084,,,false,3
,ICGOIUcQg,2,14936932,,,false,3
,ICGOIUcQg,3,15031977,,,false,3
,ICGOIUcQg,4,14980928,,,false,3
,ICGOIUcQg,5,14955438,,,false,3
,ICGOIUcQg,6,15030653,,,false,3
,ICGOIUcQg,7,14994898,,,false,3
,ICGOIUcQg,8,15018712,,,false,3
,ICGOIUcQg,9,14946852,,,false,3
,ICN@G\rqw,0,18056059,,,false,5
,ICN@G\rqw,1,17947605,,,false,5
,ICN@G\rqw,2,17874976,,,false,5
,ICN@G\rqw,3,18056617,,,false,5
,ICN@G\rqw,4,17927632,,,false,5
,ICN@G\rqw,5,18225828,,,false,5
,ICN@G\rqw,6,18055989,,,false,5
,ICN@G\rqw,7,17981475,,,false,5
,ICN@G\rqw,8,17911989,,,false,5
,ICN@G\rqw,9,18050892,,,false,5
,IC\P[^vzo,0,19730570,,,false,5
,IC\P[^vzo,1,19838256,,,false,5
,IC\P[^vzo,2,19939796,,,false,5
,IC\P[^vzo,3,19676797,,,false,5
,IC\P[^vzo,4,19781410,,,false,5
,IC\P[^vzo,5,19811998,,,false,5
,IC\P[^vzo,6,19784832,,,false,5
,IC\P[^vzo,7,19893984,,,false,5
,IC\P[^vzo,8,19758155,,,false,5
,IC\P[^vzo,9,19724634,,,false,5
,ID?GGpFIw,0,15192392,,,false,3
,ID?GGpFIw,1,15080726,,,false,3
,ID?GGpFIw,2,15239531,,,false,3
,ID?GGpFIw,3,15108241,,,false,3
,ID?GGpFIw,4,15134848,,,false,3
,ID?GGpFIw,5,15094343,,,false,3
,ID?GGpFIw,6,15006490,,,false,3
,ID?GGpFIw,7,15156636,,,false,3
,ID?GGpFIw,8,15129331,,,false,3
,ID?GGpFIw,9,15003208,,,false,3
,ID@@xW\Qw,0,16782473,,,false,4
,ID@@xW\Qw,1,16821091,,,false,4
,ID@@xW\Qw,2,16733867,,,false,4
,ID@@xW\Qw,3,16784149,,,false,4
,ID@@xW\Qw,4,16861666,,,false,4
,ID@@xW\Qw,5,16786313,,,false,4
,ID@@xW\Qw,6,16708656,,,false,4
,ID@@xW\Qw,7,16896444,,,false,4
,ID@@xW\Qw,8,16764245,,,false,4
,ID@@xW\Qw,9,16707889,,,false,4
,IDG@I\]Fo,0,17100991,,,false,4
,IDG@I\]Fo,1,17052316,,,false,4
,IDG@I\]Fo,2,16863551,,,false,4
,IDG@I\]Fo,3,16980386,,,false,4
,IDG@I\]Fo,4,16869348,,,false,4
,IDG@I\]Fo,5,16880033,,,false,4
,IDG@I\]Fo,6,16978849,,,false,4
,IDG@I\]Fo,7,16995330,,,false,4
,IDG@I\]Fo,8,16887505,,,false,4
,IDG@I\]Fo,9,16890997,,,false,4
,IG??_SFnw,0,15253219,,,false,3
,IG??_SFnw,1,15182825,,,false,3
,IG??_SFnw,2,15071298,,,false,3
,IG??_SFnw,3,15302662,,,false,3
,IG??_SFnw,4,15172210,,,false,3
,IG??_SFnw,5,15208736,,,false,3
,IG??_SFnw,6,15153706,,,false,3
,IG??_SFnw,7,15285486,,,false,3
,IG??_SFnw,8,15136597,,,false,3
,IG??_SFnw,9,15248054,,,false,3
,IG?G_gJhg,0,14516878,,,false,3
,IG?G_gJhg,1,14512409,,,false,3
,IG?G_gJhg,2,14361285,,,false,3
,IG?G_gJhg,3,14465480,,,false,3
,IG?G_gJhg,4,14580778,,,false,3
,IG?G_gJhg,5,14431191,,,false,3
,IG?G_gJhg,6,14443412,,,false,3
,IG?G_gJhg,7,14464292,,,false,3
,IG?G_gJhg,8,14524420,,,false,3
,IG?G_gJhg,9,14379791,,,false,3
,IG?Gigjf_,0,15398200,,,false,4
,IG?Gigjf_,1,15397711,,,false,4
,IG?Gigjf_,2,15454557,,,false,4
,IG?Gigjf_,3,15444082,,,false,4
,IG?Gigjf_,4,15390518,,,false,4
,IG?Gigjf_,5,15471667,,,false,4
,IG?Gigjf_,6,15404346,,,false,4
,IG?Gigjf_,7,15455396,,,false,4
,IG?Gigjf_,8,15493037,,,false,4
,IG?Gigjf_,9,15439333,,,false,4
,IG?Gigj}W,0,16916979,,,false,4
,IG?Gigj}W,1,16477645,,,false,4
,IG?Gigj}W,2,16791345,,,false,4
,IG?Gigj}W,3,16606491,,,false,4
,IG?Gigj}W,4,16554044,,,false,4
,IG?Gigj}W,5,16613614,,,false,4
,IG?Gigj}W,6,16612496,,,false,4
,IG?Gigj}W,7,16525063,,,false,4
,IG?Gigj}W,8,16670809,,,false,4
,IG?Gigj}W,9,16541753,,,false,4
,IG?QX}}no,0,18427586,,,false,4
,IG?QX}}no,1,18463551,,,false,4
,IG?QX}}no,2,18430310,,,false,4
,IG?QX}}no,3,18396090,,,false,4
,IG?QX}}no,4,18525147,,,false,4
,IG?QX}}no,5,18404192,,,false,4
,IG?QX}}no,6,18409430,,,false,4
,IG?QX}}no,7,18565581,,,false,4
,IG?QX}}no,8,18565790,,,false,4
,IG?QX}}no,9,18584227,,,false,4
,IG?XPYVUw,0,17098690,,,false,4
,IG?XPYVUw,1,17061747,,,false,4
,IG?XPYVUw,2,16939954,,,false,4
,IG?XPYVUw,3,17114613,,,false,4
,IG?XPYVUw,4,17063842,,,false,4
,IG?XPYVUw,5,16941910,,,false,4
,IG?XPYVUw,6,17113076,,,false,4
,IG?XPYVUw,7,16989258,,,false,4
,IG?XPYVUw,8,16960207,,,false,4
,IG?XPYVUw,9,17057278,,,false,4
,IG?oYMZMo,0,16714945,,,false,4
,IG?oYMZMo,1,16777587,,,false,4
,IG?oYMZMo,2,16702305,,,false,4
,IG?oYMZMo,3,16778635,,,false,4
,IG?oYMZMo,4,16696508,,,false,4
,IG?oYMZMo,5,16703702,,,false,4
,IG?oYMZMo,6,17081094,,,false,4
,IG?oYMZMo,7,16721373,,,false,4
,IG?oYMZMo,8,16670603,,,false,4
,IG?oYMZMo,9,16806013,,,false,4
,IG@@gyJfG,0,16371918,,,false,3
,IG@@gyJfG,1,16243351,,,false,3
,IG@@gyJfG,2,16415146,,,false,3
,IG@@gyJfG,3,16404810,,,false,3
,IG@@gyJfG,4,16353690,,,false,3
,IG@@gyJfG,5,16299498,,,false,3
,IG@@gyJfG,6,16470455,,,false,3
,IG@@gyJfG,7,16472131,,,false,3
,IG@@gyJfG,8,16461726,,,false,3
,IG@@gyJfG,9,16425970,,,false,3
,IGC@?gNbo,0,14697824,,,false,3
,IGC@?gNbo,1,14685394,,,false,3
,IGC@?gNbo,2,14710185,,,false,3
,IGC@?gNbo,3,14843711,,,false,3
,IGC@?gNbo,4,14654457,,,false,3
,IGC@?gNbo,5,14923741,,,false,3
,IGC@?gNbo,6,14875345,,,false,3
,IGC@?gNbo,7,14723104,,,false,3
,IGC@?gNbo,8,14682740,,,false,3
,IGC@?gNbo,9,14643772,,,false,3
,IGCOQmmjo,0,17231730,,,false,4
,IGCOQmmjo,1,17141084,,,false,4
,IGCOQmmjo,2,17077813,,,false,4
,IGCOQmmjo,3,17288855,,,false,4
,IGCOQmmjo,4,17163780,,,false,4
,IGCOQmmjo,5,17196113,,,false,4
,IGCOQmmjo,6,17266299,,,false,4
,IGCOQmmjo,7,17145274,,,false,4
,IGCOQmmjo,8,17231729,,,false,4
,IGCOQmmjo,9,17253728,,,false,4
,IGCP?\EeW,0,15417338,,,false,3
,IGCP?\EeW,1,15430188,,,false,3
,IGCP?\EeW,2,15441710,,,false,3
,IGCP?\EeW,3,15499325,,,false,3
,IGCP?\EeW,4,15490107,,,false,3
,IGCP?\EeW,5,15422227,,,false,3
,IGCP?\EeW,6,15483891,,,false,3
,IGCP?\EeW,7,15377183,,,false,3
,IGCP?\EeW,8,15432981,,,false,3
,IGCP?\EeW,9,15357280,,,false,3
,IGCaKORBW,0,14494813,,,false,3
,IGCaKORBW,1,14460803,,,false,3
,IGCaKORBW,2,14374487,,,false,3
,IGCaKORBW,3,14454658,,,false,3
,IGCaKORBW,4,14442228,,,false,3
,IGCaKORBW,5,14393691,,,false,3
,IGCaKORBW,6,14371903,,,false,3
,IGCaKORBW,7,14541114,,,false,3
,IGCaKORBW,8,14463666,,,false,3
,IGCaKORBW,9,14384124,,,false,3
,IGCcYWVKw,0,16491615,,,false,4
,IGCcYWVKw,1,16643437,,,false,4
,IGCcYWVKw,2,16580236,,,false,4
,IGCcYWVKw,3,16557330,,,false,4
,IGCcYWVKw,4,16907624,,,false,4
,IGCcYWVKw,5,16616899,,,false,4
,IGCcYWVKw,6,16545807,,,false,4
,IGCcYWVKw,7,16641482,,,false,4
,IGCcYWVKw,8,16582889,,,false,4
,IGCcYWVKw,9,16537918,,,false,4
,IGCgQmYHw,0,16593229,,,false,4
,IGCgQmYHw,1,16540643,,,false,4
,IGCgQmYHw,2,16498881,,,false,4
,IGCgQmYHw,3,16534078,,,false,4
,IGCgQmYHw,4,16630590,,,false,4
,IGCgQmYHw,5,16505935,,,false,4
,IGCgQmYHw,6,16453838,,,false,4
,IGCgQmYHw,7,16675006,,,false,4
,IGCgQmYHw,8,16572138,,,false,4
,IGCgQmYHw,9,16488056,,,false,4
,IGCiYkvmw,0,18318022,,,false,5
,IGCiYkvmw,1,18338624,,,false,5
,IGCiYkvmw,2,18569429,,,false,5
,IGCiYkvmw,3,18529623,,,false,5
,IGCiYkvmw,4,18348541,,,false,5
,IGCiYkvmw,5,18273188,,,false,5
,IGCiYkvmw,6,18373401,,,false,5
,IGCiYkvmw,7,18228493,,,false,5
,IGCiYkvmw,8,18197207,,,false,5
,IGCiYkvmw,9,18396587,,,false,5
,IGDKQkmKw,0,16805737,,,false,4
,IGDKQkmKw,1,16752314,,,false,4
,IGDKQkmKw,2,16880252,,,false,4
,IGDKQkmKw,3,16806786,,,false,4
,IGDKQkmKw,4,16766979,,,false,4
,IGDKQkmKw,5,16863142,,,false,4
,IGDKQkmKw,6,16842541,,,false,4
,IGDKQkmKw,7,16748194,,,false,4
,IGDKQkmKw,8,16857066,,,false,4
,IGDKQkmKw,9,16869428,,,false,4
,IGDPQ[umW,0,17397103,,,false,5
,IGDPQ[umW,1,17390190,,,false,5
,IGDPQ[umW,2,17352059,,,false,5
,IGDPQ[umW,3,17295982,,,false,5
,IGDPQ[umW,4,17268048,,,false,5
,IGDPQ[umW,5,17511913,,,false,5
,IGDPQ[umW,6,17306736,,,false,5
,IGDPQ[umW,7,17286414,,,false,5
,IGDPQ[umW,8,17443404,,,false,5
,IGDPQ[umW,9,17319167,,,false,5
,IGDQXkn~w,0,18828658,,,false,5
,IGDQXkn~w,1,18894024,,,false,5
,IGDQXkn~w,2,18858268,,,false,5
,IGDQXkn~w,3,18882711,,,false,5
,IGDQXkn~w,4,18914277,,,false,5
,IGDQXkn~w,5,18850028,,,false,5
,IGDQXkn~w,6,18879289,,,false,5
,IGDQXkn~w,7,19227977,,,false,5
,IGDQXkn~w,8,18790109,,,false,5
,IGDQXkn~w,9,18801632,,,false,5
,IGEY`TNLw,0,17433068,,,false,4
,IGEY`TNLw,1,17423501,,,false,4
,IGEY`TNLw,2,17588942,,,false,4
,IGEY`TNLw,3,17479090,,,false,4
,IGEY`TNLw,4,17566803,,,false,4
,IGEY`TNLw,5,17529930,,,false,4
,IGEY`TNLw,6,17602562,,,false,4
,IGEY`TNLw,7,17527140,,,false,4
,IGEY`TNLw,8,17519319,,,false,4
,IGEY`TNLw,9,17542016,,,false,4
,IG_GGsqPW,0,15039604,,,false,3
,IG_GGsqPW,1,14937924,,,false,3
,IG_GGsqPW,2,15089607,,,false,3
,IG_GGsqPW,3,14993234,,,false,3
,IG_GGsqPW,4,15004337,,,false,3
,IG_GGsqPW,5,15117331,,,false,3
,IG_GGsqPW,6,15025149,,,false,3
,IG_GGsqPW,7,15248063,,,false,3
,IG_GGsqPW,8,15016349,,,false,3
,IG_GGsqPW,9,15078433,,,false,3
,IHCHhXVqw,0,17712064,,,false,5
,IHCHhXVqw,1,17819960,,,false,5
,IHCHhXVqw,2,17921151,,,false,5
,IHCHhXVqw,3,17739789,,,false,5
,IHCHhXVqw,4,17683502,,,false,5
,IHCHhXVqw,5,17710877,,,false,5
,IHCHhXVqw,6,17702008,,,false,5
,IHCHhXVqw,7,17667090,,,false,5
,IHCHhXVqw,8,17702846,,,false,5
,IHCHhXVqw,9,17752988,,,false,5
,IHEGiKjqw,0,17502698,,,false,5
,IHEGiKjqw,1,17602772,,,false,5
,IHEGiKjqw,2,17478884,,,false,5
,IHEGiKjqw,3,17617856,,,false,5
,IHEGiKjqw,4,17661224,,,false,5
,IHEGiKjqw,5,17536777,,,false,5
,IHEGiKjqw,6,17482795,,,false,5
,IHEGiKjqw,7,17551303,,,false,5
,IHEGiKjqw,8,17532587,,,false,5
,IHEGiKjqw,9,17572953,,,false,5
,IHIRYw^uw,0,19140267,,,false,5
,IHIRYw^uw,1,19129722,,,false,5
,IHIRYw^uw,2,19005415,,,false,5
,IHIRYw^uw,3,19111705,,,false,5
,IHIRYw^uw,4,19189641,,,false,5
,IHIRYw^uw,5,19081676,,,false,5
,IHIRYw^uw,6,19189571,,,false,5
,IHIRYw^uw,7,19092011,,,false,5
,IHIRYw^uw,8,19115127,,,false,5
,IHIRYw^uw,9,19311992,,,false,5
,IKGOOLH`g,0,14783519,,,false,3
,IKGOOLH`g,1,14656488,,,false,3
,IKGOOLH`g,2,14742735,,,false,3
,IKGOOLH`g,3,14811382,,,false,3
,IKGOOLH`g,4,14682607,,,false,3
,IKGOOLH`g,5,14674714,,,false,3
,IKGOOLH`g,6,14776605,,,false,3
,IKGOOLH`g,7,14725136,,,false,3
,IKGOOLH`g,8,14686377,,,false,3
,IKGOOLH`g,9,14631766,,,false,3
,IKGQWyfUw,0,17925342,,,false,4
,IKGQWyfUw,1,17808298,,,false,4
,IKGQWyfUw,2,17815211,,,false,4
,IKGQWyfUw,3,18013893,,,false,4
,IKGQWyfUw,4,17805644,,,false,4
,IKGQWyfUw,5,17858513,,,false,4
,IKGQWyfUw,6,17995390,,,false,4
,IKGQWyfUw,7,17812142,,,false,4
,IKGQWyfUw,8,18033241,,,false,4
,IKGQWyfUw,9,17994343,,,false,4
,IKGxctNrg,0,18526837,,,false,5
,IKGxctNrg,1,18489266,,,false,5
,IKGxctNrg,2,18669162,,,false,5
,IKGxctNrg,3,18476556,,,false,5
,IKGxctNrg,4,18655544,,,false,5
,IKGxctNrg,5,18552118,,,false,5
,IKGxctNrg,6,18541502,,,false,5
,IKGxctNrg,7,18622302,,,false,5
,IKGxctNrg,8,18564269,,,false,5
,IKGxctNrg,9,18467128,,,false,5
,IOH?IeYFo,0,15593821,,,false,3
,IOH?IeYFo,1,15606601,,,false,3
,IOH?IeYFo,2,15553876,,,false,3
,IOH?IeYFo,3,15642357,,,false,3
,IOH?IeYFo,4,15709398,,,false,3
,IOH?IeYFo,5,15589631,,,false,3
,IOH?IeYFo,6,15805562,,,false,3
,IOH?IeYFo,7,15772879,,,false,3
,IOH?IeYFo,8,15648642,,,false,3
,IOH?IeYFo,9,15645919,,,false,3
,IOOWQKzLo,0,16452028,,,false,4
,IOOWQKzLo,1,16518232,,,false,4
,IOOWQKzLo,2,16494208,,,false,4
,IOOWQKzLo,3,16423954,,,false,4
,IOOWQKzLo,4,16582131,,,false,4
,IOOWQKzLo,5,16498329,,,false,4
,IOOWQKzLo,6,16468858,,,false,4
,IOOWQKzLo,7,16496303,,,false,4
,IOOWQKzLo,8,16504055,,,false,4
,IOOWQKzLo,9,16449095,,,false,4
,IOOoo\F[w,0,16840522,,,false,4
,IOOoo\F[w,1,16837590,,,false,4
,IOOoo\F[w,2,16857912,,,false,4
,IOOoo\F[w,3,16760491,,,false,4
,IOOoo\F[w,4,16963293,,,false,4
,IOOoo\F[w,5,17018812,,,false,4
,IOOoo\F[w,6,16796038,,,false,4
,IOOoo\F[w,7,16872856,,,false,4
,IOOoo\F[w,8,16783956,,,false,4
,IOOoo\F[w,9,16683881,,,false,4
,IOQ@I_ZFo,0,15720433,,,false,3
,IOQ@I_ZFo,1,15621336,,,false,3
,IOQ@I_ZFo,2,15598291,,,false,3
,IOQ@I_ZFo,3,15721131,,,false,3
,IOQ@I_ZFo,4,15810940,,,false,3
,IOQ@I_ZFo,5,15628040,,,false,3
,IOQ@I_ZFo,6,15596265,,,false,3
,IOQ@I_ZFo,7,15733142,,,false,3
,IOQ@I_ZFo,8,15638027,,,false,3
,IOQ@I_ZFo,9,15614004,,,false,3
,IP?Oq[{Rg,0,16285401,,,false,4
,IP?Oq[{Rg,1,16214518,,,false,4
,IP?Oq[{Rg,2,16181626,,,false,4
,IP?Oq[{Rg,3,16196779,,,false,4
,IP?Oq[{Rg,4,16537158,,,false,4
,IP?Oq[{Rg,5,16161796,,,false,4
,IP?Oq[{Rg,6,16197970,,,false,4
,IP?Oq[{Rg,7,16319763,,,false,4
,IP?Oq[{Rg,8,16193919,,,false,4
,IP?Oq[{Rg,9,16128693,,,false,4
,IQCpQ[Vbg,0,17380493,,,false,4
,IQCpQ[Vbg,1,17326859,,,false,4
,IQCpQ[Vbg,2,17251297,,,false,4
,IQCpQ[Vbg,3,17395577,,,false,4
,IQCpQ[Vbg,4,17311845,,,false,4
,IQCpQ[Vbg,5,17268268,,,false,4
,IQCpQ[Vbg,6,17296132,,,false,4
,IQCpQ[Vbg,7,17291034,,,false,4
,IQCpQ[Vbg,8,17675966,,,false,4
,IQCpQ[Vbg,9,17377839,,,false,4
,IQGYKOjDw,0,16435829,,,false,3
,IQGYKOjDw,1,16278910,,,false,3
,IQGYKOjDw,2,16283378,,,false,3
,IQGYKOjDw,3,16323674,,,false,3
,IQGYKOjDw,4,16296159,,,false,3
,IQGYKOjDw,5,16209144,,,false,3
,IQGYKOjDw,6,16480315,,,false,3
,IQGYKOjDw,7,16225066,,,false,3
,IQGYKOjDw,8,16322347,,,false,3
,IQGYKOjDw,9,16202300,,,false,3
,IQXto}\rw,0,19729895,,,false,6
,IQXto}\rw,1,19671513,,,false,6
,IQXto}\rw,2,19722283,,,false,6
,IQXto}\rw,3,19707688,,,false,6
,IQXto}\rw,4,19736809,,,false,6
,IQXto}\rw,5,19900154,,,false,6
,IQXto}\rw,6,19588618,,,false,6
,IQXto}\rw,7,19628214,,,false,6
,IQXto}\rw,8,19777523,,,false,6
,IQXto}\rw,9,19639808,,,false,6
,I_Cj?mJ[W,0,16787172,,,false,4
,I_Cj?mJ[W,1,16800371,,,false,4
,I_Cj?mJ[W,2,16712098,,,false,4
,I_Cj?mJ[W,3,16739404,,,false,4
,I_Cj?mJ[W,4,16851700,,,false,4
,I_Cj?mJ[W,5,16665239,,,false,4
,I_Cj?mJ[W,6,16757492,,,false,4
,I_Cj?mJ[W,7,16878027,,,false,4
,I_Cj?mJ[W,8,16726903,,,false,4
,I_Cj?mJ[W,9,16684165,,,false,4
,I_Cj?mJ\W,0,17160372,,,false,4
,I_Cj?mJ\W,1,17104713,,,false,4
,I_Cj?mJ\W,2,17112744,,,false,4
,I_Cj?mJ\W,3,17212678,,,false,4
,I_Cj?mJ\W,4,17130343,,,false,4
,I_Cj?mJ\W,5,17104224,,,false,4
,I_Cj?mJ\W,6,17131670,,,false,4
,I_Cj?mJ\W,7,17432101,,,false,4
,I_Cj?mJ\W,8,17108624,,,false,4
,I_Cj?mJ\W,9,17073357,,,false,4
,I_GZ?uF\W,0,17177691,,,false,4
,I_GZ?uF\W,1,17055828,,,false,4
,I_GZ?uF\W,2,17150527,,,false,4
,I_GZ?uF\W,3,17229023,,,false,4
,I_GZ?uF\W,4,17111071,,,false,4
,I_GZ?uF\W,5,17059254,,,false,4
,I_GZ?uF\W,6,17205628,,,false,4
,I_GZ?uF\W,7,17128670,,,false,4
,I_GZ?uF\W,8,17126435,,,false,4
,I_GZ?uF\W,9,17246133,,,false,4
,I_Hpc\^]o,0,18473630,,,false,5
,I_Hpc\^]o,1,18482569,,,false,5
,I_Hpc\^]o,2,18572167,,,false,5
,I_Hpc\^]o,3,18558200,,,false,5
,I_Hpc\^]o,4,18632924,,,false,5
,I_Hpc\^]o,5,18652129,,,false,5
,I_Hpc\^]o,6,18513925,,,false,5
,I_Hpc\^]o,7,18539415,,,false,5
,I_Hpc\^]o,8,18635299,,,false,5
,I_Hpc\^]o,9,18515251,,,false,5
,I_L?Xc\`w,0,16279820,,,false,3
,I_L?Xc\`w,1,16466909,,,false,3
,I_L?Xc\`w,2,16300212,,,false,3
,I_L?Xc\`w,3,16311945,,,false,3
,I_L?Xc\`w,4,16471868,,,false,3
,I_L?Xc\`w,5,16394770,,,false,3
,I_L?Xc\`w,6,16355732,,,false,3
,I_L?Xc\`w,7,16415162,,,false,3
,I_L?Xc\`w,8,16412298,,,false,3
,I_L?Xc\`w,9,16299584,,,false,3
,I_O_`_Nbo,0,15589567,,,false,3
,I_O_`_Nbo,1,15723791,,,false,3
,I_O_`_Nbo,2,15776866,,,false,3
,I_O_`_Nbo,3,15650604,,,false,3
,I_O_`_Nbo,4,15824634,,,false,3
,I_O_`_Nbo,5,15592431,,,false,3
,I_O_`_Nbo,6,15586634,,,false,3
,I_O_`_Nbo,7,15584609,,,false,3
,I_O_`_Nbo,8,15740272,,,false,3
,I_O_`_Nbo,9,15563867,,,false,3
,I_P`c[]MW,0,17056599,,,false,4
,I_P`c[]MW,1,17198225,,,false,4
,I_P`c[]MW,2,17135513,,,false,4
,I_P`c[]MW,3,17105135,,,false,4
,I_P`c[]MW,4,17257516,,,false,4
,I_P`c[]MW,5,17088794,,,false,4
,I_P`c[]MW,6,17048987,,,false,4
,I_P`c[]MW,7,17197179,,,false,4
,I_P`c[]MW,8,17113865,,,false,4
,I_P`c[]MW,9,17069799,,,false,4
,I`?OYClew,0,16277377,,,false,3
,I`?OYClew,1,16580043,,,false,3
,I`?OYClew,2,16230447,,,false,3
,I`?OYClew,3,16297419,,,false,3
,I`?OYClew,4,16447356,,,false,3
,I`?OYClew,5,16216829,,,false,3
,I`?OYClew,6,16268227,,,false,3
,I`?OYClew,7,16502247,,,false,3
,I`?OYClew,8,16313830,,,false,3
,I`?OYClew,9,16217318,,,false,3
,I`o|KtVYw,0,19117233,,,false,5
,I`o|KtVYw,1,19001378,,,false,5
,I`o|KtVYw,2,18983502,,,false,5
,I`o|KtVYw,3,19117935,,,false,5
,I`o|KtVYw,4,19010947,,,false,5
,I`o|KtVYw,5,18924979,,,false,5
,I`o|KtVYw,6,19061019,,,false,5
,I`o|KtVYw,7,18993419,,,false,5
,I`o|KtVYw,8,19205578,,,false,5
,I`o|KtVYw,9,19224504,,,false,5
,IqMu[|vZw,0,20442154,,,false,7
,IqMu[|vZw,1,20559478,,,false,7
,IqMu[|vZw,2,20588110,,,false,7
,IqMu[|vZw,3,20486220,,,false,7
,IqMu[|vZw,4,20626101,,,false,7
,IqMu[|vZw,5,20445856,,,false,7
,IqMu[|vZw,6,20451372,,,false,7
,IqMu[|vZw,7,20541251,,,false,7
,IqMu[|vZw,8,20525119,,,false,7
,IqMu[|vZw,9,20545091,,,false,7
,I???CtUJ_,0,14102914,,,false,3
,I???CtUJ_,1,14056962,,,false,3
,I???CtUJ_,2,14038177,,,false,3
,I???CtUJ_,3,14191745,,,false,3
,I???CtUJ_,4,14082312,,,false,3
,I???CtUJ_,5,14263884,,,false,3
,I???CtUJ_,6,14144815,,,false,3
,I???CtUJ_,7,14209413,,,false,3
,I???CtUJ_,8,14057521,,,false,3
,I???CtUJ_,9,13997881,,,false,3
,I?C?GWqoo,0,13426000,,,false,2
,I?C?GWqoo,1,13528727,,,false,2
,I?C?GWqoo,2,13553029,,,false,2
,I?C?GWqoo,3,13510570,,,false,2
,I?C?GWqoo,4,13526632,,,false,2
,I?C?GWqoo,5,13521884,,,false,2
,I?C?GWqoo,6,13502189,,,false,2
,I?C?GWqoo,7,13399881,,,false,2
,I?C?GWqoo,8,13490248,,,false,2
,I?C?GWqoo,9,13487803,,,false,2
,I???gWww?,0,12164212,,,false,2
,I???gWww?,1,12029570,,,false,2
,I???gWww?,2,12116096,,,false,2
,I???gWww?,3,12184255,,,false,2
,I???gWww?,4,12086766,,,false,2
,I???gWww?,5,12142563,,,false,2
,I???gWww?,6,12046052,,,false,2
,I???gWww?,7,12137186,,,false,2
,I???gWww?,8,12179017,,,false,2
,I???gWww?,9,12342642,,,false,2
,I}q@xw{Pw,0,18805561,,,false,5
,I}q@xw{Pw,1,18949841,,,false,5
,I}q@xw{Pw,2,18789918,,,false,5
,I}q@xw{Pw,3,18785728,,,false,5
,I}q@xw{Pw,4,18891040,,,false,5
,I}q@xw{Pw,5,18786077,,,false,5
,I}q@xw{Pw,6,18761705,,,false,5
,I}q@xw{Pw,7,18875397,,,false,5
,I}q@xw{Pw,8,18778954,,,false,5
,I}q@xw{Pw,9,18777138,,,false,5
,I?COeYiX_,0,15614711,,,false,3
,I?COeYiX_,1,15480558,,,false,3
,I?COeYiX_,2,15472317,,,false,3
,I?COeYiX_,3,15609407,,,false,3
,I?COeYiX_,4,15566039,,,false,3
,I?COeYiX_,5,15466663,,,false,3
,I?COeYiX_,6,15661573,,,false,3
,I?COeYiX_,7,15674074,,,false,3
,I?COeYiX_,8,15511218,,,false,3
,I?COeYiX_,9,15454651,,,false,3
,I`__a?H@g,0,12502218,,,false,2
,I`__a?H@g,1,12447188,,,false,2
,I`__a?H@g,2,12420860,,,false,2
,I`__a?H@g,3,12440623,,,false,2
,I`__a?H@g,4,12568213,,,false,2
,I`__a?H@g,5,12580155,,,false,2
,I`__a?H@g,6,12477148,,,false,2
,I`__a?H@g,7,12416950,,,false,2
,I`__a?H@g,8,12475053,,,false,2
,I`__a?H@g,9,12554875,,,false,2
,I?qkqsuXW,0,17591127,,,false,4
,I?qkqsuXW,1,17618642,,,false,4
,I?qkqsuXW,2,17750072,,,false,4
,I?qkqsuXW,3,17607049,,,false,4
,I?qkqsuXW,4,17553066,,,false,4
,I?qkqsuXW,5,17722207,,,false,4
,I?qkqsuXW,6,17609843,,,false,4
,I?qkqsuXW,7,17892327,,,false,4
,I?qkqsuXW,8,17890232,,,false,4
,I?qkqsuXW,9,17658658,,,false,4
,I??E@KZ~?,0,15575955,,,false,3
,I??E@KZ~?,1,15588945,,,false,3
,I??E@KZ~?,2,15597395,,,false,3
,I??E@KZ~?,3,15583986,,,false,3
,I??E@KZ~?,4,15522322,,,false,3
,I??E@KZ~?,5,15640134,,,false,3
,I??E@KZ~?,6,15606124,,,false,3
,I??E@KZ~?,7,15517573,,,false,3
,I??E@KZ~?,8,15618694,,,false,3
,I??E@KZ~?,9,15569670,,,false,3
,I??E@KZ~w,0,16639409,,,false,3
,I??E@KZ~w,1,16632286,,,false,3
,I??E@KZ~w,2,16785155,,,false,3
,I??E@KZ~w,3,16659941,,,false,3
,I??E@KZ~w,4,16585007,,,false,3
,I??E@KZ~w,5,16752263,,,false,3
,I??E@KZ~w,6,17143691,,,false,3
,I??E@KZ~w,7,16761901,,,false,3
,I??E@KZ~w,8,16953948,,,false,3
,I??E@KZ~w,9,16659452,,,false,3
,I_?__QF]?,0,13618468,,,false,2
,I_?__QF]?,1,13708416,,,false,2
,I_?__QF]?,2,13779927,,,false,2
,I_?__QF]?,3,13756393,,,false,2
,I_?__QF]?,4,13732300,,,false,2
,I_?__QF]?,5,13761701,,,false,2
,I_?__QF]?,6,13752622,,,false,2
,I_?__QF]?,7,13762888,,,false,2
,I_?__QF]?,8,13623287,,,false,2
,I_?__QF]?,9,13709673,,,false,2
,IcG@IGHCg,0,13733557,,,false,3
,IcG@IGHCg,1,13637115,,,false,3
,IcG@IGHCg,2,13658623,,,false,3
,IcG@IGHCg,3,13728459,,,false,3
,IcG@IGHCg,4,13742985,,,false,3
,IcG@IGHCg,5,13686977,,,false,3
,IcG@IGHCg,6,13604361,,,false,3
,IcG@IGHCg,7,13931959,,,false,3
,IcG@IGHCg,8,13922951,,,false,3
,IcG@IGHCg,9,13729509,,,false,3
,IukH@LFT_,0,16884744,,,false,4
,IukH@LFT_,1,17119532,,,false,4
,IukH@LFT_,2,16947597,,,false,4
,IukH@LFT_,3,16940334,,,false,4
,IukH@LFT_,4,17012334,,,false,4
,IukH@LFT_,5,16904229,,,false,4
,IukH@LFT_,6,16971969,,,false,4
,IukH@LFT_,7,17005700,,,false,4
,IukH@LFT_,8,16940823,,,false,4
,IukH@LFT_,9,16899829,,,false,4
,I}iAzg\Jg,0,19190082,,,false,5
,I}iAzg\Jg,1,18947614,,,false,5
,I}iAzg\Jg,2,18889930,,,false,5
,I}iAzg\Jg,3,19106280,,,false,5
,I}iAzg\Jg,4,18924638,,,false,5
,I}iAzg\Jg,5,18972335,,,false,5
,I}iAzg\Jg,6,19032254,,,false,5
,I}iAzg\Jg,7,18907110,,,false,5
,I}iAzg\Jg,8,18878896,,,false,5
,I}iAzg\Jg,9,18965981,,,false,5
,I??E@GW~?,0,13982523,,,false,2
,I??E@GW~?,1,14032665,,,false,2
,I??E@GW~?,2,14092723,,,false,2
,I??E@GW~?,3,14121635,,,false,2
,I??E@GW~?,4,13972467,,,false,2
,I??E@GW~?,5,13912408,,,false,2
,I??E@GW~?,6,14001658,,,false,2
,I??E@GW~?,7,14038321,,,false,2
,I??E@GW~?,8,14081689,,,false,2
,I??E@GW~?,9,14011295,,,false,2
,I?hOGQRWo,0,15128034,,,false,3
,I?hOGQRWo,1,14969437,,,false,3
,I?hOGQRWo,2,14876696,,,false,3
,I?hOGQRWo,3,14933263,,,false,3
,I?hOGQRWo,4,15022792,,,false,3
,I?hOGQRWo,5,15085643,,,false,3
,I?hOGQRWo,6,14894086,,,false,3
,I?hOGQRWo,7,15091929,,,false,3
,I?hOGQRWo,8,14968949,,,false,3
,I?hOGQRWo,9,14915175,,,false,3
,I~?GW]pRg,0,16852271,,,false,4
,I~?GW]pRg,1,16988101,,,false,4
,I~?GW]pRg,2,16831669,,,false,4
,I~?GW]pRg,3,16958072,,,false,4
,I~?GW]pRg,4,16963030,,,false,4
,I~?GW]pRg,5,16918475,,,false,4
,I~?GW]pRg,6,16842425,,,false,4
,I~?GW]pRg,7,16950459,,,false,4
,I~?GW]pRg,8,16814211,,,false,4
,I~?GW]pRg,9,16866657,,,false,4
,I_hPOkrrw,0,17673117,,,false,4
,I_hPOkrrw,1,17538963,,,false,4
,I_hPOkrrw,2,17568154,,,false,4
,I_hPOkrrw,3,17640713,,,false,4
,I_hPOkrrw,4,17891492,,,false,4
,I_hPOkrrw,5,17534284,,,false,4
,I_hPOkrrw,6,17632542,,,false,4
,I_hPOkrrw,7,17561381,,,false,4
,I_hPOkrrw,8,17545807,,,false,4
,I_hPOkrrw,9,17527232,,,false,4
,ICd@IgiFw,0,16047491,,,false,3
,ICd@IgiFw,1,16029054,,,false,3
,ICd@IgiFw,2,16022419,,,false,3
,ICd@IgiFw,3,16155596,,,false,3
,ICd@IgiFw,4,16070047,,,false,3
,ICd@IgiFw,5,15998536,,,false,3
,ICd@IgiFw,6,16072491,,,false,3
,ICd@IgiFw,7,16046652,,,false,3
,ICd@IgiFw,8,16033313,,,false,3
,ICd@IgiFw,9,16034780,,,false,3
,ITiZbTURW,0,18322660,,,false,5
,ITiZbTURW,1,18213996,,,false,5
,ITiZbTURW,2,18632869,,,false,5
,ITiZbTURW,3,18289208,,,false,5
,ITiZbTURW,4,18353317,,,false,5
,ITiZbTURW,5,18355552,,,false,5
,ITiZbTURW,6,18334672,,,false,5
,ITiZbTURW,7,18278594,,,false,5
,ITiZbTURW,8,18394730,,,false,5
,ITiZbTURW,9,18275661,,,false,5
,It?IQOeDO,0,14724179,,,false,3
,It?IQOeDO,1,14761540,,,false,3
,It?IQOeDO,2,14844435,,,false,3
,It?IQOeDO,3,14726693,,,false,3
,It?IQOeDO,4,14769432,,,false,3
,It?IQOeDO,5,14854631,,,false,3
,It?IQOeDO,6,14750855,,,false,3
,It?IQOeDO,7,14731720,,,false,3
,It?IQOeDO,8,14804140,,,false,3
,It?IQOeDO,9,14885219,,,false,3
,It?GYDKKO,0,14250903,,,false,3
,It?GYDKKO,1,14601338,,,false,3
,It?GYDKKO,2,14236308,,,false,3
,It?GYDKKO,3,14356773,,,false,3
,It?GYDKKO,4,14222760,,,false,3
,It?GYDKKO,5,14233724,,,false,3
,It?GYDKKO,6,14267804,,,false,3
,It?GYDKKO,7,14290430,,,false,3
,It?GYDKKO,8,14245037,,,false,3
,It?GYDKKO,9,14181557,,,false,3
,Is@@WoXX?,0,14110394,,,false,3
,Is@@WoXX?,1,14071706,,,false,3
,Is@@WoXX?,2,14004733,,,false,3
,Is@@WoXX?,3,14006898,,,false,3
,Is@@WoXX?,4,14123872,,,false,3
,Is@@WoXX?,5,14064233,,,false,3
,Is@@WoXX?,6,13997680,,,false,3
,Is@@WoXX?,7,14011647,,,false,3
,Is@@WoXX?,8,14101526,,,false,3
,Is@@WoXX?,9,14058786,,,false,3
,It?IQScDG,0,13868135,,,false,3
,It?IQScDG,1,13851236,,,false,3
,It?IQScDG,2,14012136,,,false,3
,It?IQScDG,3,14043283,,,false,3
,It?IQScDG,4,13962762,,,false,3
,It?IQScDG,5,13890274,,,false,3
,It?IQScDG,6,14079108,,,false,3
,It?IQScDG,7,13854308,,,false,3
,It?IQScDG,8,13877214,,,false,3
,It?IQScDG,9,13885524,,,false,3
,Is?GYWq[?,0,14531153,,,false,3
,Is?GYWq[?,1,14432824,,,false,3
,Is?GYWq[?,2,14451191,,,false,3
,Is?GYWq[?,3,14541279,,,false,3
,Is?GYWq[?,4,14419695,,,false,3
,Is?GYWq[?,5,14476334,,,false,3
,Is?GYWq[?,6,14470329,,,false,3
,Is?GYWq[?,7,14547149,,,false,3
,Is?GYWq[?,8,14419280,,,false,3
,Is?GYWq[?,9,14450845,,,false,3
,Is?HOlK[?,0,14763079,,,false,3
,Is?HOlK[?,1,14823906,,,false,3
,Is?HOlK[?,2,14757981,,,false,3
,Is?HOlK[?,3,14761264,,,false,3
,Is?HOlK[?,4,15083066,,,false,3
,Is?HOlK[?,5,14739475,,,false,3
,Is?HOlK[?,6,14727464,,,false,3
,Is?HOlK[?,7,14838641,,,false,3
,Is?HOlK[?,8,14870486,,,false,3
,Is?HOlK[?,9,14716010,,,false,3
,Is?OyOhX?,0,14651133,,,false,4
,Is?OyOhX?,1,14782773,,,false,4
,Is?OyOhX?,2,14771250,,,false,4
,Is?OyOhX?,3,14734447,,,false,4
,Is?OyOhX?,4,14705255,,,false,4
,Is?OyOhX?,5,14921885,,,false,4
,Is?OyOhX?,6,14712169,,,false,4
,Is?OyOhX?,7,14747995,,,false,4
,Is?OyOhX?,8,14701904,,,false,4
,Is?OyOhX?,9,14823627,,,false,4
,It?IIOiDO,0,14629763,,,false,4
,It?IIOiDO,1,14719851,,,false,4
,It?IIOiDO,2,14702393,,,false,4
,It?IIOiDO,3,14648409,,,false,4
,It?IIOiDO,4,14612235,,,false,4
,It?IIOiDO,5,14564677,,,false,4
,It?IIOiDO,6,14619568,,,false,4
,It?IIOiDO,7,14595335,,,false,4
,It?IIOiDO,8,14559789,,,false,4
,It?IIOiDO,9,14560696,,,false,4
,It?GW\_SG,0,12223862,,,false,3
,It?GW\_SG,1,12168971,,,false,3
,It?GW\_SG,2,12190061,,,false,3
,It?GW\_SG,3,12253332,,,false,3
,It?GW\_SG,4,12387346,,,false,3
,It?GW\_SG,5,12176723,,,false,3
,It?GW\_SG,6,12154725,,,false,3
,It?GW\_SG,7,12111077,,,false,3
,It?GW\_SG,8,12121832,,,false,3
,It?GW\_SG,9,12287342,,,false,3
,Is?GW\o[?,0,12224281,,,false,3
,Is?GW\o[?,1,12264646,,,false,3
,Is?GW\o[?,2,12182938,,,false,3
,Is?GW\o[?,3,12349706,,,false,3
,Is?GW\o[?,4,12262201,,,false,3
,Is?GW\o[?,5,12174628,,,false,3
,Is?GW\o[?,6,12248724,,,false,3
,Is?GW\o[?,7,12217786,,,false,3
,Is?GW\o[?,8,12257103,,,false,3
,Is?GW\o[?,9,12308292,,,false,3
,I?GQSHzlw,0,17072120,,,false,3
,I?GQSHzlw,1,17006684,,,false,3
,I?GQSHzlw,2,16938524,,,false,3
,I?GQSHzlw,3,16899346,,,false,3
,I?GQSHzlw,4,17022955,,,false,3
,I?GQSHzlw,5,17000259,,,false,3
,I?GQSHzlw,6,16897391,,,false,3
,I?GQSHzlw,7,16982311,,,false,3
,I?GQSHzlw,8,17001376,,,false,3
,I?GQSHzlw,9,16867432,,,false,3
,I?D@K`nfw,0,16923998,,,false,3
,I?D@K`nfw,1,16974420,,,false,3
,I?D@K`nfw,2,16942365,,,false,3
,I?D@K`nfw,3,16930842,,,false,3
,I?D@K`nfw,4,17068420,,,false,3
,I?D@K`nfw,5,16908499,,,false,3
,I?D@K`nfw,6,16894112,,,false,3
,I?D@K`nfw,7,17137140,,,false,3
,I?D@K`nfw,8,17002986,,,false,3
,I?D@K`nfw,9,16876234,,,false,3
,ISPDthnVo,0,18681691,,,false,4
,ISPDthnVo,1,18567161,,,false,4
,ISPDthnVo,2,18580011,,,false,4
,ISPDthnVo,3,18654176,,,false,4
,ISPDthnVo,4,18603126,,,false,4
,ISPDthnVo,5,18548725,,,false,4
,ISPDthnVo,6,18599146,,,false,4
,ISPDthnVo,7,18597469,,,false,4
,ISPDthnVo,8,18537131,,,false,4
,ISPDthnVo,9,18604243,,,false,4
,I?_Y@E^Zw,0,16710794,,,false,3
,I?_Y@E^Zw,1,16647523,,,false,3
,I?_Y@E^Zw,2,16783702,,,false,3
,I?_Y@E^Zw,3,16798228,,,false,3
,I?_Y@E^Zw,4,16871276,,,false,3
,I?_Y@E^Zw,5,17000262,,,false,3
,I?_Y@E^Zw,6,16696827,,,false,3
,I?_Y@E^Zw,7,16722107,,,false,3
,I?_Y@E^Zw,8,16743337,,,false,3
,I?_Y@E^Zw,9,16741521,,,false,3
,I??HOj?{?,0,12489169,,,false,2
,I??HOj?{?,1,12491683,,,false,2
,I??HOj?{?,2,12597204,,,false,2
,I??HOj?{?,3,12561867,,,false,2
,I??HOj?{?,4,12519338,,,false,2
,I??HOj?{?,5,12468149,,,false,2
,I??HOj?{?,6,12556979,,,false,2
,I??HOj?{?,7,12663967,,,false,2
,I??HOj?{?,8,12481697,,,false,2
,I??HOj?{?,9,12505929,,,false,2
,IQQ???fEo,0,13341232,,,false,2
,IQQ???fEo,1,13458695,,,false,2
,IQQ???fEo,2,13361833,,,false,2
,IQQ???fEo,3,13404433,,,false,2
,IQQ???fEo,4,13380829,,,false,2
,IQQ???fEo,5,13466796,,,false,2
,IQQ???fEo,6,13429574,,,false,2
,IQQ???fEo,7,13505904,,,false,2
,IQQ???fEo,8,13394586,,,false,2
,IQQ???fEo,9,13559817,,,false,2
,I@`CA?XH_,0,12680588,,,false,2
,I@`CA?XH_,1,12731498,,,false,2
,I@`CA?XH_,2,12647626,,,false,2
,I@`CA?XH_,3,12861112,,,false,2
,I@`CA?XH_,4,12742812,,,false,2
,I@`CA?XH_,5,12750493,,,false,2
,I@`CA?XH_,6,12692530,,,false,2
,I@`CA?XH_,7,12839673,,,false,2
,I@`CA?XH_,8,12760759,,,false,2
,I@`CA?XH_,9,12735548,,,false,2
,IqGOO?B@W,0,12346495,,,false,2
,IqGOO?B@W,1,12400408,,,false,2
,IqGOO?B@W,2,12423523,,,false,2
,IqGOO?B@W,3,12408649,,,false,2
,IqGOO?B@W,4,12358506,,,false,2
,IqGOO?B@W,5,12336159,,,false,2
,IqGOO?B@W,6,12497339,,,false,2
,IqGOO?B@W,7,12419962,,,false,2
,IqGOO?B@W,8,12353269,,,false,2
,IqGOO?B@W,9,12374639,,,false,2
,IqGO?CDAg,0,12514520,,,false,2
,IqGO?CDAg,1,12831712,,,false,2
,IqGO?CDAg,2,12427365,,,false,2
,IqGO?CDAg,3,12457326,,,false,2
,IqGO?CDAg,4,12540989,,,false,2
,IqGO?CDAg,5,12556632,,,false,2
,IqGO?CDAg,6,12455511,,,false,2
,IqGO?CDAg,7,12441963,,,false,2
,IqGO?CDAg,8,12480791,,,false,2
,IqGO?CDAg,9,12515429,,,false,2
,IoCQ@?EAW,0,12655170,,,false,2
,IoCQ@?EAW,1,12626468,,,false,2
,IoCQ@?EAW,2,12643508,,,false,2
,IoCQ@?EAW,3,12753080,,,false,2
,IoCQ@?EAW,4,12681149,,,false,2
,IoCQ@?EAW,5,12626118,,,false,2
,IoCQ@?EAW,6,12612431,,,false,2
,IoCQ@?EAW,7,12740160,,,false,2
,IoCQ@?EAW,8,12675842,,,false,2
,IoCQ@?EAW,9,12669277,,,false,2
,IK_PA?H@g,0,12636245,,,false,2
,IK_PA?H@g,1,12912654,,,false,2
,IK_PA?H@g,2,12740300,,,false,2
,IK_PA?H@g,3,12634848,,,false,2
,IK_PA?H@g,4,12635756,,,false,2
,IK_PA?H@g,5,12621439,,,false,2
,IK_PA?H@g,6,12750356,,,false,2
,IK_PA?H@g,7,12618576,,,false,2
,IK_PA?H@g,8,12642250,,,false,2
,IK_PA?H@g,9,12571368,,,false,2
,IqGO??FAo,0,12677798,,,false,2
,IqGO??FAo,1,12554398,,,false,2
,IqGO??FAo,2,12578631,,,false,2
,IqGO??FAo,3,12761320,,,false,2
,IqGO??FAo,4,12755943,,,false,2
,IqGO??FAo,5,12664249,,,false,2
,IqGO??FAo,6,12614386,,,false,2
,IqGO??FAo,7,12543644,,,false,2
,IqGO??FAo,8,12561381,,,false,2
,IqGO??FAo,9,12669067,,,false,2
,IWEA??LCo,0,12717464,,,false,2
,IWEA??LCo,1,12831505,,,false,2
,IWEA??LCo,2,12696303,,,false,2
,IWEA??LCo,3,12916285,,,false,2
,IWEA??LCo,4,12769561,,,false,2
,IWEA??LCo,5,12751403,,,false,2
,IWEA??LCo,6,12721374,,,false,2
,IWEA??LCo,7,12846030,,,false,2
,IWEA??LCo,8,12733665,,,false,2
,IWEA??LCo,9,12852385,,,false,2
,IK`@??LCo,0,12863280,,,false,2
,IK`@??LCo,1,12933674,,,false,2
,IK`@??LCo,2,12870404,,,false,2
,IK`@??LCo,3,12811392,,,false,2
,IK`@??LCo,4,12804619,,,false,2
,IK`@??LCo,5,12846939,,,false,2
,IK`@??LCo,6,12861605,,,false,2
,IK`@??LCo,7,12785204,,,false,2
,IK`@??LCo,8,12796308,,,false,2
,IK`@??LCo,9,12794213,,,false,2
,I_GSA?MKO,0,12782830,,,false,2
,I_GSA?MKO,1,12637782,,,false,2
,I_GSA?MKO,2,12679822,,,false,2
,I_GSA?MKO,3,12679613,,,false,2
,I_GSA?MKO,4,12802314,,,false,2
,I_GSA?MKO,5,12692533,,,false,2
,I_GSA?MKO,6,12646092,,,false,2
,I_GSA?MKO,7,12684641,,,false,2
,I_GSA?MKO,8,12723051,,,false,2
,I_GSA?MKO,9,12674235,,,false,2
,Iq?HWzz|o,0,18525822,,,false,4
,Iq?HWzz|o,1,18580992,,,false,4
,Iq?HWzz|o,2,18904051,,,false,4
,Iq?HWzz|o,3,18539510,,,false,4
,Iq?HWzz|o,4,18557946,,,false,4
,Iq?HWzz|o,5,18503195,,,false,4
,Iq?HWzz|o,6,18454310,,,false,4
,Iq?HWzz|o,7,18631064,,,false,4
,Iq?HWzz|o,8,18497891,,,false,4
,Iq?HWzz|o,9,18483924,,,false,4
,I`_giVBN?,0,15929690,,,false,3
,I`_giVBN?,1,15948825,,,false,3
,I`_giVBN?,2,15878641,,,false,3
,I`_giVBN?,3,15850706,,,false,3
,I`_giVBN?,4,15987305,,,false,3
,I`_giVBN?,5,15876405,,,false,3
,I`_giVBN?,6,15876336,,,false,3
,I`_giVBN?,7,15966564,,,false,3
,I`_giVBN?,8,15949244,,,false,3
,I`_giVBN?,9,15889604,,,false,3
,I???F~}~_,0,17763082,,,false,3
,I???F~}~_,1,17531647,,,false,3
,I???F~}~_,2,17470611,,,false,3
,I???F~}~_,3,17532136,,,false,3
,I???F~}~_,4,17462440,,,false,3
,I???F~}~_,5,17512303,,,false,3
,I???F~}~_,6,17498405,,,false,3
,I???F~}~_,7,17530739,,,false,3
,I???F~}~_,8,17504900,,,false,3
,I???F~}~_,9,17440093,,,false,3
,I??F~z{~?,0,18311012,,,false,4
,I??F~z{~?,1,18145432,,,false,4
,I??F~z{~?,2,18306123,,,false,4
,I??F~z{~?,3,18306891,,,false,4
,I??F~z{~?,4,18226511,,,false,4
,I??F~z{~?,5,18192012,,,false,4
,I??F~z{~?,6,18270507,,,false,4
,I??F~z{~?,7,18470097,,,false,4
,I??F~z{~?,8,18443699,,,false,4
,I??F~z{~?,9,18219247,,,false,4
,I|v^BKzFw,0,20207535,,,false,6
,I|v^BKzFw,1,20275834,,,false,6
,I|v^BKzFw,2,20205789,,,false,6
,I|v^BKzFw,3,20335263,,,false,6
,I|v^BKzFw,4,20384428,,,false,6
,I|v^BKzFw,5,20229742,,,false,6
,I|v^BKzFw,6,20325975,,,false,6
,I|v^BKzFw,7,20330235,,,false,6
,I|v^BKzFw,8,20220454,,,false,6
,I|v^BKzFw,9,20344342,,,false,6
,I`?KQKSIG,0,13538173,,,false,2
,I`?KQKSIG,1,13585592,,,false,2
,I`?KQKSIG,2,13531050,,,false,2
,I`?KQKSIG,3,13687830,,,false,2
,I`?KQKSIG,4,13871498,,,false,2
,I`?KQKSIG,5,13712343,,,false,2
,I`?KQKSIG,6,13533703,,,false,2
,I`?KQKSIG,7,13658220,,,false,2
,I`?KQKSIG,8,13582309,,,false,2
,I`?KQKSIG,9,13533634,,,false,2
,I_Kpc\M{?,0,16843069,,,false,4
,I_Kpc\M{?,1,16849424,,,false,4
,I_Kpc\M{?,2,16781683,,,false,4
,I_Kpc\M{?,3,16801098,,,false,4
,I_Kpc\M{?,4,16863111,,,false,4
,I_Kpc\M{?,5,16826029,,,false,4
,I_Kpc\M{?,6,16773096,,,false,4
,I_Kpc\M{?,7,16889513,,,false,4
,I_Kpc\M{?,8,16819887,,,false,4
,I_Kpc\M{?,9,16743766,,,false,4
,I@_XIpbBw,0,16481882,,,false,4
,I@_XIpbBw,1,16414910,,,false,4
,I@_XIpbBw,2,16358064,,,false,4
,I@_XIpbBw,3,16562473,,,false,4
,I@_XIpbBw,4,16585169,,,false,4
,I@_XIpbBw,5,16412605,,,false,4
,I@_XIpbBw,6,16452622,,,false,4
,I@_XIpbBw,7,16536983,,,false,4
,I@_XIpbBw,8,16362464,,,false,4
,I@_XIpbBw,9,16651932,,,false,4
,ICOH@`E`o,0,14287231,,,false,2
,ICOH@`E`o,1,14215650,,,false,2
,ICOH@`E`o,2,14135478,,,false,2
,ICOH@`E`o,3,14164041,,,false,2
,ICOH@`E`o,4,14248054,,,false,2
,ICOH@`E`o,5,14218164,,,false,2
,ICOH@`E`o,6,14110687,,,false,2
,ICOH@`E`o,7,14190579,,,false,2
,ICOH@`E`o,8,14232271,,,false,2
,ICOH@`E`o,9,14144976,,,false,2
,I`r@pi^Zo,0,18500199,,,false,4
,I`r@pi^Zo,1,18595804,,,false,4
,I`r@pi^Zo,2,18505157,,,false,4
,I`r@pi^Zo,3,18919213,,,false,4
,I`r@pi^Zo,4,18878149,,,false,4
,I`r@pi^Zo,5,18562352,,,false,4
,I`r@pi^Zo,6,18553554,,,false,4
,I`r@pi^Zo,7,18655444,,,false,4
,I`r@pi^Zo,8,18690781,,,false,4
,I`r@pi^Zo,9,18654117,,,false,4
,I`IQUK~~_,0,18818998,,,false,4
,I`IQUK~~_,1,18766342,,,false,4
,I`IQUK~~_,2,18692107,,,false,4
,I`IQUK~~_,3,18738688,,,false,4
,I`IQUK~~_,4,18830382,,,false,4
,I`IQUK~~_,5,18823398,,,false,4
,I`IQUK~~_,6,18783243,,,false,4
,I`IQUK~~_,7,18712220,,,false,4
,I`IQUK~~_,8,18710544,,,false,4
,I`IQUK~~_,9,18835480,,,false,4
,IQhPW~euW,0,18517449,,,false,4
,IQhPW~euW,1,18785547,,,false,4
,IQhPW~euW,2,18694272,,,false,4
,IQhPW~euW,3,18633166,,,false,4
,IQhPW~euW,4,18685403,,,false,4
,IQhPW~euW,5,18558931,,,false,4
,IQhPW~euW,6,18513119,,,false,4
,IQhPW~euW,7,18766971,,,false,4
,IQhPW~euW,8,18535467,,,false,4
,IQhPW~euW,9,18527715,,,false,4
,IEhcqkn~?,0,18768857,,,false,5
,IEhcqkn~?,1,18507043,,,false,5
,IEhcqkn~?,2,18562563,,,false,5
,IEhcqkn~?,3,18722835,,,false,5
,IEhcqkn~?,4,18530093,,,false,5
,IEhcqkn~?,5,18562147,,,false,5
,IEhcqkn~?,6,18846168,,,false,5
,IEhcqkn~?,7,18582609,,,false,5
,IEhcqkn~?,8,18580164,,,false,5
,IEhcqkn~?,9,18568013,,,false,5
,I_hPpnlv_,0,18612778,,,false,5
,I_hPpnlv_,1,18693367,,,false,5
,I_hPpnlv_,2,18664526,,,false,5
,I_hPpnlv_,3,18616479,,,false,5
,I_hPpnlv_,4,18755800,,,false,5
,I_hPpnlv_,5,18615152,,,false,5
,I_hPpnlv_,6,18622135,,,false,5
,I_hPpnlv_,7,18754614,,,false,5
,I_hPpnlv_,8,18706777,,,false,5
,I_hPpnlv_,9,18624370,,,false,5
,I`BHva^Zo,0,18686664,,,false,4
,I`BHva^Zo,1,18586799,,,false,4
,I`BHva^Zo,2,18871309,,,false,4
,I`BHva^Zo,3,18824798,,,false,4
,I`BHva^Zo,4,18667110,,,false,4
,I`BHva^Zo,5,18551742,,,false,4
,I`BHva^Zo,6,18688759,,,false,4
,I`BHva^Zo,7,18626605,,,false,4
,I`BHva^Zo,8,18554884,,,false,4
,I`BHva^Zo,9,18743021,,,false,4
,IQ??GVILW,0,14985520,,,false,3
,IQ??GVILW,1,15038943,,,false,3
,IQ??GVILW,2,15075677,,,false,3
,IQ??GVILW,3,15105706,,,false,3
,IQ??GVILW,4,15028120,,,false,3
,IQ??GVILW,5,15098583,,,false,3
,IQ??GVILW,6,15160318,,,false,3
,IQ??GVILW,7,15088877,,,false,3
,IQ??GVILW,8,14979584,,,false,3
,IQ??GVILW,9,15186297,,,false,3
,I??GhUiTW,0,15537989,,,false,4
,I??GhUiTW,1,15821940,,,false,4
,I??GhUiTW,2,15765094,,,false,4
,I??GhUiTW,3,15749172,,,false,4
,I??GhUiTW,4,15538966,,,false,4
,I??GhUiTW,5,15647142,,,false,4
,I??GhUiTW,6,15690928,,,false,4
,I??GhUiTW,7,15620883,,,false,4
,I??GhUiTW,8,15599444,,,false,4
,I??GhUiTW,9,15522695,,,false,4
,I~zLa[vFw,0,20118712,,,false,6
,I~zLa[vFw,1,19986512,,,false,6
,I~zLa[vFw,2,20108375,,,false,6
,I~zLa[vFw,3,20075972,,,false,6
,I~zLa[vFw,4,20016961,,,false,6
,I~zLa[vFw,5,20202653,,,false,6
,I~zLa[vFw,6,20102510,,,false,6
,I~zLa[vFw,7,20053345,,,false,6
,I~zLa[vFw,8,20378289,,,false,6
,I~zLa[vFw,9,20187988,,,false,6
,IK?CQKSIG,0,13458149,,,false,3
,IK?CQKSIG,1,13533781,,,false,3
,IK?CQKSIG,2,13409264,,,false,3
,IK?CQKSIG,3,13438525,,,false,3
,IK?CQKSIG,4,13419251,,,false,3
,IK?CQKSIG,5,13576939,,,false,3
,IK?CQKSIG,6,13438036,,,false,3
,IK?CQKSIG,7,13407239,,,false,3
,IK?CQKSIG,8,13542511,,,false,3
,IK?CQKSIG,9,13533641,,,false,3
,IS`AA?~No,0,16515899,,,false,3
,IS`AA?~No,1,16544042,,,false,3
,IS`AA?~No,2,16550258,,,false,3
,IS`AA?~No,3,16941197,,,false,3
,IS`AA?~No,4,16502910,,,false,3
,IS`AA?~No,5,16810605,,,false,3
,IS`AA?~No,6,16452837,,,false,3
,IS`AA?~No,7,16577145,,,false,3
,IS`AA?~No,8,16519740,,,false,3
,IS`AA?~No,9,16591252,,,false,3
,Io?WrAF]G,0,16064831,,,false,3
,Io?WrAF]G,1,16276921,,,false,3
,Io?WrAF]G,2,16217840,,,false,3
,Io?WrAF]G,3,16127753,,,false,3
,Io?WrAF]G,4,16262187,,,false,3
,Io?WrAF]G,5,16335234,,,false,3
,Io?WrAF]G,6,16177476,,,false,3
,Io?WrAF]G,7,16070976,,,false,3
,Io?WrAF]G,8,16186833,,,false,3
,Io?WrAF]G,9,16235020,,,false,3
,Is@ipr~~o,0,19557237,,,false,5
,Is@ipr~~o,1,19788881,,,false,5
,Is@ipr~~o,2,19569668,,,false,5
,Is@ipr~~o,3,19566455,,,false,5
,Is@ipr~~o,4,19572042,,,false,5
,Is@ipr~~o,5,19528884,,,false,5
,Is@ipr~~o,6,19710596,,,false,5
,Is@ipr~~o,7,19818492,,,false,5
,Is@ipr~~o,8,19617575,,,false,5
,Is@ipr~~o,9,19510307,,,false,5
,IoDPV~~~w,0,20492824,,,false,5
,IoDPV~~~w,1,20168578,,,false,5
,IoDPV~~~w,2,20329688,,,false,5
,IoDPV~~~w,3,20331992,,,false,5
,IoDPV~~~w,4,20183871,,,false,5
,IoDPV~~~w,5,20348125,,,false,5
,IoDPV~~~w,6,20321866,,,false,5
,IoDPV~~~w,7,20329409,,,false,5
,IoDPV~~~w,8,20387302,,,false,5
,IoDPV~~~w,9,20176748,,,false,5
,IwCx}zY~w,0,20369495,,,false,6
,IwCx}zY~w,1,20683405,,,false,6
,IwCx}zY~w,2,20179332,,,false,6
,IwCx}zY~w,3,20297075,,,false,6
,IwCx}zY~w,4,20182964,,,false,6
,IwCx}zY~w,5,20302453,,,false,6
,IwCx}zY~w,6,20216345,,,false,6
,IwCx}zY~w,7,20247496,,,false,6
,IwCx}zY~w,8,20218932,,,false,6
,IwCx}zY~w,9,20192605,,,false,6
,IyGW}mn~w,0,20249451,,,false,6
,IyGW}mn~w,1,20423342,,,false,6
,IyGW}mn~w,2,20360070,,,false,6
,IyGW}mn~w,3,20319007,,,false,6
,IyGW}mn~w,4,20393591,,,false,6
,IyGW}mn~w,5,20334301,,,false,6
,IyGW}mn~w,6,20806040,,,false,6
,IyGW}mn~w,7,20308183,,,false,6
,IyGW}mn~w,8,20219491,,,false,6
,IyGW}mn~w,9,20193513,,,false,6
,IXNUS|^~w,0,20591017,,,false,6
,IXNUS|^~w,1,20561267,,,false,6
,IXNUS|^~w,2,20531097,,,false,6
,IXNUS|^~w,3,20508890,,,false,6
,IXNUS|^~w,4,20610151,,,false,6
,IXNUS|^~w,5,20606869,,,false,6
,IXNUS|^~w,6,20590178,,,false,6
,IXNUS|^~w,7,20663157,,,false,6
,IXNUS|^~w,8,20568320,,,false,6
,IXNUS|^~w,9,20651145,,,false,6
,IqddY{~~w,0,20798219,,,false,6
,IqddY{~~w,1,21016106,,,false,6
,IqddY{~~w,2,20985309,,,false,6
,IqddY{~~w,3,20807786,,,false,6
,IqddY{~~w,4,20868055,,,false,6
,IqddY{~~w,5,20794797,,,false,6
,IqddY{~~w,6,20731316,,,false,6
,IqddY{~~w,7,20802549,,,false,6
,IqddY{~~w,8,20698494,,,false,6
,IqddY{~~w,9,20727056,,,false,6
,I{O_w~~~w,0,20175565,,,false,6
,I{O_w~~~w,1,19967874,,,false,6
,I{O_w~~~w,2,20050419,,,false,6
,I{O_w~~~w,3,19968363,,,false,6
,I{O_w~~~w,4,20092391,,,false,6
,I{O_w~~~w,5,20212019,,,false,6
,I{O_w~~~w,6,20310068,,,false,6
,I{O_w~~~w,7,20134152,,,false,6
,I{O_w~~~w,8,20212089,,,false,6
,I{O_w~~~w,9,20074792,,,false,6
,IoFvQ{~~w,0,20716092,,,false,5
,IoFvQ{~~w,1,20641299,,,false,5
,IoFvQ{~~w,2,20624398,,,false,5
,IoFvQ{~~w,3,20763301,,,false,5
,IoFvQ{~~w,4,20626424,,,false,5
,IoFvQ{~~w,5,20721960,,,false,5
,IoFvQ{~~w,6,20693539,,,false,5
,IoFvQ{~~w,7,20608829,,,false,5
,IoFvQ{~~w,8,20636623,,,false,5
,IoFvQ{~~w,9,20567696,,,false,5
,IWNVS|^~w,0,20721264,,,false,6
,IWNVS|^~w,1,21005984,,,false,6
,IWNVS|^~w,2,20806115,,,false,6
,IWNVS|^~w,3,20805974,,,false,6
,IWNVS|^~w,4,21087272,,,false,6
,IWNVS|^~w,5,20857233,,,false,6
,IWNVS|^~w,6,21111854,,,false,6
,IWNVS|^~w,7,20846688,,,false,6
,IWNVS|^~w,8,20917152,,,false,6
,IWNVS|^~w,9,20726781,,,false,6
,IxGW}nN~w,0,20198405,,,false,5
,IxGW}nN~w,1,20179200,,,false,5
,IxGW}nN~w,2,20101822,,,false,5
,IxGW}nN~w,3,20111390,,,false,5
,IxGW}nN~w,4,20308535,,,false,5
,IxGW}nN~w,5,20238630,,,false,5
,IxGW}nN~w,6,20632852,,,false,5
,IxGW}nN~w,7,20307907,,,false,5
,IxGW}nN~w,8,20213000,,,false,5
,IxGW}nN~w,9,20296873,,,false,5
,I{N?w|n~w,0,20354696,,,false,6
,I{N?w|n~w,1,20427326,,,false,6
,I{N?w|n~w,2,20422158,,,false,6
,I{N?w|n~w,3,20265657,,,false,6
,I{N?w|n~w,4,20441433,,,false,6
,I{N?w|n~w,5,20461126,,,false,6
,I{N?w|n~w,6,20496184,,,false,6
,I{N?w|n~w,7,20675661,,,false,6
,I{N?w|n~w,8,20375927,,,false,6
,I{N?w|n~w,9,20420691,,,false,6
,IqJTY{~~w,0,20832512,,,false,5
,IqJTY{~~w,1,20895015,,,false,5
,IqJTY{~~w,2,20863449,,,false,5
,IqJTY{~~w,3,20725105,,,false,5
,IqJTY{~~w,4,20711906,,,false,5
,IqJTY{~~w,5,20841171,,,false,5
,IqJTY{~~w,6,20668888,,,false,5
,IqJTY{~~w,7,20835026,,,false,5
,IqJTY{~~w,8,20694866,,,false,5
,IqJTY{~~w,9,20561061,,,false,5
,IANLfN~~w,0,20729225,,,false,6
,IANLfN~~w,1,20541018,,,false,6
,IANLfN~~w,2,20546605,,,false,6
,IANLfN~~w,3,20687673,,,false,6
,IANLfN~~w,4,20554500,,,false,6
,IANLfN~~w,5,20820365,,,false,6
,IANLfN~~w,6,20914782,,,false,6
,IANLfN~~w,7,20635300,,,false,6
,IANLfN~~w,8,20745291,,,false,6
,IANLfN~~w,9,20662117,,,false,6
,IsOax~~~w,0,20660720,,,false,5
,IsOax~~~w,1,20616096,,,false,5
,IsOax~~~w,2,20581387,,,false,5
,IsOax~~~w,3,20687956,,,false,5
,IsOax~~~w,4,20529569,,,false,5
,IsOax~~~w,5,20664771,,,false,5
,IsOax~~~w,6,20697244,,,false,5
,IsOax~~~w,7,20475586,,,false,5
,IsOax~~~w,8,20530267,,,false,5
,IsOax~~~w,9,20461689,,,false,5
,Ik`rX}^~w,0,20793966,,,false,5
,Ik`rX}^~w,1,20963457,,,false,5
,Ik`rX}^~w,2,20692915,,,false,5
,Ik`rX}^~w,3,20696476,,,false,5
,Ik`rX}^~w,4,20719591,,,false,5
,Ik`rX}^~w,5,20731184,,,false,5
,Ik`rX}^~w,6,20887686,,,false,5
,Ik`rX}^~w,7,20744243,,,false,5
,Ik`rX}^~w,8,20745082,,,false,5
,Ik`rX}^~w,9,20821831,,,false,5
,Is`rY{~~w,0,20606598,,,false,5
,Is`rY{~~w,1,20692216,,,false,5
,Is`rY{~~w,2,20649616,,,false,5
,Is`rY{~~w,3,20604293,,,false,5
,Is`rY{~~w,4,20737190,,,false,5
,Is`rY{~~w,5,20728810,,,false,5
,Is`rY{~~w,6,20822949,,,false,5
,Is`rY{~~w,7,20645077,,,false,5
,Is`rY{~~w,8,20545142,,,false,5
,Is`rY{~~w,9,20620425,,,false,5
,IqGTY~~~w,0,20582225,,,false,5
,IqGTY~~~w,1,20445627,,,false,5
,IqGTY~~~w,2,20599475,,,false,5
,IqGTY~~~w,3,20500657,,,false,5
,IqGTY~~~w,4,20705974,,,false,5
,IqGTY~~~w,5,20559947,,,false,5
,IqGTY~~~w,6,20661000,,,false,5
,IqGTY~~~w,7,20823577,,,false,5
,IqGTY~~~w,8,20612743,,,false,5
,IqGTY~~~w,9,20566722,,,false,5
,I@?GE?qBg,0,11310782,,,false,2
,I@?GE?qBg,1,11482787,,,false,2
,I@?GE?qBg,2,11336900,,,false,2
,I@?GE?qBg,3,11303309,,,false,2
,I@?GE?qBg,4,11417561,,,false,2
,I@?GE?qBg,5,11302054,,,false,2
,I@?GE?qBg,6,11330966,,,false,2
,I@?GE?qBg,7,11317419,,,false,2
,I@?GE?qBg,8,11304988,,,false,2
,I@?GE?qBg,9,11407227,,,false,2
,IDhzv~}~g,0,21188681,,,false,7
,IDhzv~}~g,1,21021355,,,false,7
,IDhzv~}~g,2,21185120,,,false,7
,IDhzv~}~g,3,21150202,,,false,7
,IDhzv~}~g,4,21063536,,,false,7
,IDhzv~}~g,5,21101666,,,false,7
,IDhzv~}~g,6,21099221,,,false,7
,IDhzv~}~g,7,21229046,,,false,7
,IDhzv~}~g,8,21237217,,,false,7
,IDhzv~}~g,9,21275417,,,false,7
,I???[``Bw,0,13747209,,,false,2
,I???[``Bw,1,13646087,,,false,2
,I???[``Bw,2,13625136,,,false,2
,I???[``Bw,3,13758382,,,false,2
,I???[``Bw,4,13668294,,,false,2
,I???[``Bw,5,13596713,,,false,2
,I???[``Bw,6,13605233,,,false,2
,I???[``Bw,7,13965654,,,false,2
,I???[``Bw,8,13603627,,,false,2
,I???[``Bw,9,13617454,,,false,2
,IBXm}}~nw,0,20900540,,,false,6
,IBXm}}~nw,1,20940346,,,false,6
,IBXm}}~nw,2,20913948,,,false,6
,IBXm}}~nw,3,21083858,,,false,6
,IBXm}}~nw,4,20927985,,,false,6
,IBXm}}~nw,5,20998589,,,false,6
,IBXm}}~nw,6,21055994,,,false,6
,IBXm}}~nw,7,20981269,,,false,6
,IBXm}}~nw,8,21257190,,,false,6
,IBXm}}~nw,9,20907034,,,false,6
,IugGhXbT_,0,16688824,,,false,4
,IugGhXbT_,1,16734776,,,false,4
,IugGhXbT_,2,16638682,,,false,4
,IugGhXbT_,3,16718574,,,false,4
,IugGhXbT_,4,16835758,,,false,4
,IugGhXbT_,5,16668082,,,false,4
,IugGhXbT_,6,16706912,,,false,4
,IugGhXbT_,7,16720389,,,false,4
,IugGhXbT_,8,16674158,,,false,4
,IugGhXbT_,9,16694899,,,false,4
,IwC]dTNLw,0,18491909,,,false,4
,IwC]dTNLw,1,18653230,,,false,4
,IwC]dTNLw,2,18506924,,,false,4
,IwC]dTNLw,3,18530878,,,false,4
,IwC]dTNLw,4,18550153,,,false,4
,IwC]dTNLw,5,18751907,,,false,4
,IwC]dTNLw,6,18686681,,,false,4
,IwC]dTNLw,7,18529830,,,false,4
,IwC]dTNLw,8,18530249,,,false,4
,IwC]dTNLw,9,18578646,,,false,4
,I?i]PlUYW,0,17704513,,,false,4
,I?i]PlUYW,1,17754867,,,false,4
,I?i]PlUYW,2,17866256,,,false,4
,I?i]PlUYW,3,17788599,,,false,4
,I?i]PlUYW,4,17768835,,,false,4
,I?i]PlUYW,5,17865487,,,false,4
,I?i]PlUYW,6,17803194,,,false,4
,I?i]PlUYW,7,17741949,,,false,4
,I?i]PlUYW,8,17886369,,,false,4
,I?i]PlUYW,9,17789576,,,false,4
,I_GOGPbcw,0,14668064,,,false,2
,I_GOGPbcw,1,14740274,,,false,2
,I_GOGPbcw,2,14857807,,,false,2
,I_GOGPbcw,3,14741670,,,false,2
,I_GOGPbcw,4,14702143,,,false,2
,I_GOGPbcw,5,14769115,,,false,2
,I_GOGPbcw,6,14773864,,,false,2
,I_GOGPbcw,7,14662197,,,false,2
,I_GOGPbcw,8,14761504,,,false,2
,I_GOGPbcw,9,14774284,,,false,2
,I`@?X?X`w,0,14672672,,,false,2
,I`@?X?X`w,1,14706962,,,false,2
,I`@?X?X`w,2,14654585,,,false,2
,I`@?X?X`w,3,14817232,,,false,2
,I`@?X?X`w,4,14645926,,,false,2
,I`@?X?X`w,5,14695090,,,false,2
,I`@?X?X`w,6,14741740,,,false,2
,I`@?X?X`w,7,14723234,,,false,2
,I`@?X?X`w,8,14660521,,,false,2
,I`@?X?X`w,9,14694601,,,false,2
,I_D@?ekBw,0,15249655,,,false,3
,I_D@?ekBw,1,15194484,,,false,3
,I_D@?ekBw,2,15141689,,,false,3
,I_D@?ekBw,3,15419495,,,false,3
,I_D@?ekBw,4,15304056,,,false,3
,I_D@?ekBw,5,15241344,,,false,3
,I_D@?ekBw,6,15166201,,,false,3
,I_D@?ekBw,7,15274237,,,false,3
,I_D@?ekBw,8,15174860,,,false,3
,I_D@?ekBw,9,15168087,,,false,3
,IBAH?SFqW,0,15117735,,,false,3
,IBAH?SFqW,1,15251261,,,false,3
,IBAH?SFqW,2,15122135,,,false,3
,IBAH?SFqW,3,15075555,,,false,3
,IBAH?SFqW,4,15216832,,,false,3
,IBAH?SFqW,5,15221860,,,false,3
,IBAH?SFqW,6,15111381,,,false,3
,IBAH?SFqW,7,15130026,,,false,3
,IBAH?SFqW,8,15266276,,,false,3
,IBAH?SFqW,9,15103838,,,false,3
,I`?KQScDG,0,12817281,,,false,2
,I`?KQScDG,1,12922662,,,false,2
,I`?KQScDG,2,12940610,,,false,2
,I`?KQScDG,3,12871961,,,false,2
,I`?KQScDG,4,13068689,,,false,2
,I`?KQScDG,5,12855130,,,false,2
,I`?KQScDG,6,13033211,,,false,2
,I`?KQScDG,7,12838510,,,false,2
,I`?KQScDG,8,12809249,,,false,2
,I`?KQScDG,9,12802685,,,false,2
,I`?DYySYG,0,16406342,,,false,4
,I`?DYySYG,1,16253472,,,false,4
,I`?DYySYG,2,16323796,,,false,4
,I`?DYySYG,3,16455367,,,false,4
,I`?DYySYG,4,16301937,,,false,4
,I`?DYySYG,5,16387487,,,false,4
,I`?DYySYG,6,16411579,,,false,4
,I`?DYySYG,7,16366468,,,false,4
,I`?DYySYG,8,16271283,,,false,4
,I`?DYySYG,9,16305851,,,false,4
,IqGO?KJ~_,0,15942148,,,false,3
,IqGO?KJ~_,1,15843469,,,false,3
,IqGO?KJ~_,2,15879854,,,false,3
,IqGO?KJ~_,3,15947455,,,false,3
,IqGO?KJ~_,4,16040755,,,false,3
,IqGO?KJ~_,5,15891516,,,false,3
,IqGO?KJ~_,6,15874128,,,false,3
,IqGO?KJ~_,7,15988519,,,false,3
,IqGO?KJ~_,8,15844588,,,false,3
,IqGO?KJ~_,9,15809599,,,false,3
,IqGOOKF}G,0,16184826,,,false,3
,IqGOOKF}G,1,15899059,,,false,3
,IqGOOKF}G,2,15814698,,,false,3
,IqGOOKF}G,3,15897941,,,false,3
,IqGOOKF}G,4,15897382,,,false,3
,IqGOOKF}G,5,15796820,,,false,3
,IqGOOKF}G,6,15790465,,,false,3
,IqGOOKF}G,7,15910232,,,false,3
,IqGOOKF}G,8,15798077,,,false,3
,IqGOOKF}G,9,15798985,,,false,3
,IoDH?ebVG,0,15931323,,,false,3
,IoDH?ebVG,1,15801149,,,false,3
,IoDH?ebVG,2,15752754,,,false,3
,IoDH?ebVG,3,15945779,,,false,3
,IoDH?ebVG,4,15881111,,,false,3
,IoDH?ebVG,5,15735992,,,false,3
,IoDH?ebVG,6,15762740,,,false,3
,IoDH?ebVG,7,15892145,,,false,3
,IoDH?ebVG,8,15770002,,,false,3
,IoDH?ebVG,9,15653726,,,false,3
,Ik?WPCF}?,0,15500228,,,false,3
,Ik?WPCF}?,1,15297285,,,false,3
,Ik?WPCF}?,2,15267047,,,false,3
,Ik?WPCF}?,3,15315861,,,false,3
,Ik?WPCF}?,4,15421034,,,false,3
,Ik?WPCF}?,5,15273402,,,false,3
,Ik?WPCF}?,6,15338698,,,false,3
,Ik?WPCF}?,7,15364118,,,false,3
,Ik?WPCF}?,8,15310973,,,false,3
,Ik?WPCF}?,9,15253149,,,false,3
,IoDPS@TIo,0,15238623,,,false,3
,IoDPS@TIo,1,15276474,,,false,3
,IoDPS@TIo,2,15309855,,,false,3
,IoDPS@TIo,3,15381926,,,false,3
,IoDPS@TIo,4,15438005,,,false,3
,IoDPS@TIo,5,15294142,,,false,3
,IoDPS@TIo,6,15304409,,,false,3
,IoDPS@TIo,7,15239392,,,false,3
,IoDPS@TIo,8,15359020,,,false,3
,IoDPS@TIo,9,15307551,,,false,3
,I`HSU?JLG,0,15361953,,,false,3
,I`HSU?JLG,1,15331156,,,false,3
,I`HSU?JLG,2,15403156,,,false,3
,I`HSU?JLG,3,15396871,,,false,3
,I`HSU?JLG,4,15347986,,,false,3
,I`HSU?JLG,5,15475157,,,false,3
,I`HSU?JLG,6,15401550,,,false,3
,I`HSU?JLG,7,15375640,,,false,3
,I`HSU?JLG,8,15469081,,,false,3
,I`HSU?JLG,9,15425573,,,false,3
,I`IQU?FMG,0,15441146,,,false,3
,I`IQU?FMG,1,15422992,,,false,3
,I`IQU?FMG,2,15582567,,,false,3
,I`IQU?FMG,3,15558823,,,false,3
,I`IQU?FMG,4,15464544,,,false,3
,I`IQU?FMG,5,15594438,,,false,3
,I`IQU?FMG,6,15502605,,,false,3
,I`IQU?FMG,7,15498136,,,false,3
,I`IQU?FMG,8,15419152,,,false,3
,I`IQU?FMG,9,15479419,,,false,3
,Io@POgJ}?,0,15203569,,,false,3
,Io@POgJ}?,1,15196026,,,false,3
,Io@POgJ}?,2,15292679,,,false,3
,Io@POgJ}?,3,15379275,,,false,3
,Io@POgJ}?,4,15232900,,,false,3
,Io@POgJ}?,5,15308042,,,false,3
,Io@POgJ}?,6,15335907,,,false,3
,Io@POgJ}?,7,15222983,,,false,3
,Io@POgJ}?,8,15204616,,,false,3
,Io@POgJ}?,9,15272008,,,false,3
,I_?pShI}?,0,15359721,,,false,3
,I_?pShI}?,1,15281505,,,false,3
,I_?pShI}?,2,15321102,,,false,3
,I_?pShI}?,3,15560847,,,false,3
,I_?pShI}?,4,15362445,,,false,3
,I_?pShI}?,5,15314957,,,false,3
,I_?pShI}?,6,15414612,,,false,3
,I_?pShI}?,7,15392893,,,false,3
,I_?pShI}?,8,15358324,,,false,3
,I_?pShI}?,9,15333742,,,false,3
