name,graph_g6,iteration,runtime,allocated_bytes,peak_bytes,timeout,treewidth
,G@Kxx{,0,875508,,,false,5
,G@Kxx{,1,881305,,,false,5
,G@Kxx{,2,881654,,,false,5
,G@Kxx{,3,887240,,,false,5
,G@Kxx{,4,882911,,,false,5
,G@Kxx{,5,878302,,,false,5
,G@Kxx{,6,880118,,,false,5
,G@Kxx{,7,982564,,,false,5
,G@Kxx{,8,927046,,,false,5
,G@Kxx{,9,885774,,,false,5
,G@Kx~{,0,1084801,,,false,5
,G@Kx~{,1,1120975,,,false,5
,G@Kx~{,2,1110780,,,false,5
,G@Kx~{,3,1123489,,,false,5
,G@Kx~{,4,1129216,,,false,5
,G@Kx~{,5,1141716,,,false,5
,G@Kx~{,6,1132358,,,false,5
,G@Kx~{,7,1140878,,,false,5
,G@Kx~{,8,1125794,,,false,5
,G@Kx~{,9,1166437,,,false,5
,G?_gqK,0,863636,,,false,2
,G?_gqK,1,866221,,,false,2
,G?_gqK,2,857213,,,false,2
,G?_gqK,3,852254,,,false,2
,G?_gqK,4,845131,,,false,2
,G?_gqK,5,847925,,,false,2
,G?_gqK,6,849041,,,false,2
,G?_gqK,7,866012,,,false,2
,G?_gqK,8,843804,,,false,2
,G?_gqK,9,878022,,,false,2
,G?????,0,467468,,,false,0
,G?????,1,463348,,,false,0
,G?????,2,459787,,,false,0
,G?????,3,495402,,,false,0
,G?????,4,472008,,,false,0
,G?????,5,460555,,,false,0
,G?????,6,454060,,,false,0
,G?????,7,482064,,,false,0
,G?????,8,471519,,,false,0
,G?????,9,477805,,,false,0
,Gs\v~w,0,1247445,,,false,5
,Gs\v~w,1,1217206,,,false,5
,Gs\v~w,2,1226145,,,false,5
,Gs\v~w,3,1236899,,,false,5
,Gs\v~w,4,1220488,,,false,5
,Gs\v~w,5,1234036,,,false,5
,Gs\v~w,6,1207708,,,false,5
,Gs\v~w,7,1241578,,,false,5
,Gs\v~w,8,1218114,,,false,5
,Gs\v~w,9,1242975,,,false,5
,GF~~~{,0,1293185,,,false,5
,GF~~~{,1,1290742,,,false,5
,GF~~~{,2,1284177,,,false,5
,GF~~~{,3,1283688,,,false,5
,GF~~~{,4,1230614,,,false,5
,GF~~~{,5,1235573,,,false,5
,GF~~~{,6,1256592,,,false,5
,GF~~~{,7,1212457,,,false,5
,GF~~~{,8,1250517,,,false,5
,GF~~~{,9,1230754,,,false,5
,G~?GW[,0,834725,,,false,3
,G~?GW[,1,810214,,,false,3
,G~?GW[,2,820270,,,false,3
,G~?GW[,3,818663,,,false,3
,G~?GW[,4,835144,,,false,3
,G~?GW[,5,819781,,,false,3
,G~?GW[,6,822854,,,false,3
,G~?GW[,7,813357,,,false,3
,G~?GW[,8,815591,,,false,3
,G~?GW[,9,829977,,,false,3
,GwC^?{,0,941711,,,false,3
,GwC^?{,1,941851,,,false,3
,GwC^?{,2,934100,,,false,3
,GwC^?{,3,935077,,,false,3
,GwC^?{,4,931166,,,false,3
,GwC^?{,5,938779,,,false,3
,GwC^?{,6,935496,,,false,3
,GwC^?{,7,938359,,,false,3
,GwC^?{,8,935636,,,false,3
,GwC^?{,9,947856,,,false,3
,G???GK,0,577597,,,false,2
,G???GK,1,570753,,,false,2
,G???GK,2,566284,,,false,2
,G???GK,3,583044,,,false,2
,G???GK,4,576200,,,false,2
,G???GK,5,563979,,,false,2
,G???GK,6,581577,,,false,2
,G???GK,7,567121,,,false,2
,G???GK,8,578645,,,false,2
,G???GK,9,567052,,,false,2
,G}hPW{,0,1098768,,,false,4
,G}hPW{,1,1081449,,,false,4
,G}hPW{,2,1077678,,,false,4
,G}hPW{,3,1071463,,,false,4
,G}hPW{,4,1068459,,,false,4
,G}hPW{,5,1082845,,,false,4
,G}hPW{,6,1075862,,,false,4
,G}hPW{,7,1087804,,,false,4
,G}hPW{,8,1083125,,,false,4
,G}hPW{,9,1083824,,,false,4
,GqN~~{,0,1267557,,,false,5
,GqN~~{,1,1235712,,,false,5
,GqN~~{,2,1229148,,,false,5
,GqN~~{,3,1231173,,,false,5
,GqN~~{,4,1246187,,,false,5
,GqN~~{,5,1239903,,,false,5
,GqN~~{,6,1259875,,,false,5
,GqN~~{,7,1308270,,,false,5
,GqN~~{,8,1285993,,,false,5
,GqN~~{,9,1290392,,,false,5
,GJ\zz{,0,1040875,,,false,6
,GJ\zz{,1,1069856,,,false,6
,GJ\zz{,2,1035848,,,false,6
,GJ\zz{,3,1073418,,,false,6
,GJ\zz{,4,1032845,,,false,6
,GJ\zz{,5,1066504,,,false,6
,GJ\zz{,6,1037663,,,false,6
,GJ\zz{,7,1056797,,,false,6
,GJ\zz{,8,1043320,,,false,6
,GJ\zz{,9,1042341,,,false,6
,GJ\z~{,0,1146604,,,false,6
,GJ\z~{,1,1146674,,,false,6
,GJ\z~{,2,1144160,,,false,6
,GJ\z~{,3,1147861,,,false,6
,GJ\z~{,4,1145836,,,false,6
,GJ\z~{,5,1148979,,,false,6
,GJ\z~{,6,1137386,,,false,6
,GJ\z~{,7,1151981,,,false,6
,GJ\z~{,8,1141436,,,false,6
,GJ\z~{,9,1149607,,,false,6
,G~z\z{,0,1254148,,,false,6
,G~z\z{,1,1233897,,,false,6
,G~z\z{,2,1228310,,,false,6
,G~z\z{,3,1225935,,,false,6
,G~z\z{,4,1228449,,,false,6
,G~z\z{,5,1221535,,,false,6
,G~z\z{,6,1229217,,,false,6
,G~z\z{,7,1225586,,,false,6
,G~z\z{,8,1233548,,,false,6
,G~z\z{,9,1227751,,,false,6
,G^~~~{,0,1260853,,,false,6
,G^~~~{,1,1245070,,,false,6
,G^~~~{,2,1268185,,,false,6
,G^~~~{,3,1255405,,,false,6
,G^~~~{,4,1257780,,,false,6
,G^~~~{,5,1241299,,,false,6
,G^~~~{,6,1272514,,,false,6
,G^~~~{,7,1259805,,,false,6
,G^~~~{,8,1260294,,,false,6
,G^~~~{,9,1252333,,,false,6
,G~~~~{,0,1253101,,,false,7
,G~~~~{,1,1241090,,,false,7
,G~~~~{,2,1284177,,,false,7
,G~~~~{,3,1310364,,,false,7
,G~~~~{,4,1282989,,,false,7
,G~~~~{,5,1286551,,,false,7
,G~~~~{,6,1237249,,,false,7
,G~~~~{,7,1267347,,,false,7
,G~~~~{,8,1241858,,,false,7
,G~~~~{,9,1240531,,,false,7
,GI?HOg,0,786051,,,false,2
,GI?HOg,1,773831,,,false,2
,GI?HOg,2,770129,,,false,2
,GI?HOg,3,761400,,,false,2
,GI?HOg,4,777811,,,false,2
,GI?HOg,5,770129,,,false,2
,GI?HOg,6,778299,,,false,2
,GI?HOg,7,777671,,,false,2
,GI?HOg,8,748551,,,false,2
,GI?HOg,9,772783,,,false,2
,G?DPV?,0,836750,,,false,2
,G?DPV?,1,824739,,,false,2
,G?DPV?,2,843246,,,false,2
,G?DPV?,3,810842,,,false,2
,G?DPV?,4,826206,,,false,2
,G?DPV?,5,825088,,,false,2
,G?DPV?,6,825508,,,false,2
,G?DPV?,7,823762,,,false,2
,G?DPV?,8,820340,,,false,2
,G?DPV?,9,810493,,,false,2
,G?DPTC,0,804697,,,false,2
,G?DPTC,1,803510,,,false,2
,G?DPTC,2,807142,,,false,2
,G?DPTC,3,805674,,,false,2
,G?DPTC,4,802811,,,false,2
,G?DPTC,5,784864,,,false,2
,G?DPTC,6,805674,,,false,2
,G?DPTC,7,810424,,,false,2
,G?DPTC,8,807979,,,false,2
,G?DPTC,9,798970,,,false,2
,G?`HW{,0,870760,,,false,3
,G?`HW{,1,862938,,,false,3
,G?`HW{,2,864335,,,false,3
,G?`HW{,3,876696,,,false,3
,G?`HW{,4,875299,,,false,3
,G?`HW{,5,876417,,,false,3
,G?`HW{,6,875718,,,false,3
,G?`HW{,7,862939,,,false,3
,G?`HW{,8,872576,,,false,3
,G?`HW{,9,869433,,,false,3
,G@GQSG,0,752530,,,false,1
,G@GQSG,1,752181,,,false,1
,G@GQSG,2,754626,,,false,1
,G@GQSG,3,747643,,,false,1
,G@GQSG,4,738355,,,false,1
,G@GQSG,5,755254,,,false,1
,G@GQSG,6,748271,,,false,1
,G@GQSG,7,748061,,,false,1
,G@GQSG,8,742544,,,false,1
,G@GQSG,9,749598,,,false,1
,G??GW[,0,665099,,,false,3
,G??GW[,1,648757,,,false,3
,G??GW[,2,652947,,,false,3
,G??GW[,3,657348,,,false,3
,G??GW[,4,646663,,,false,3
,G??GW[,5,654274,,,false,3
,G??GW[,6,662655,,,false,3
,G??GW[,7,671105,,,false,3
,G??GW[,8,682907,,,false,3
,G??GW[,9,690798,,,false,3
,G??MPg,0,837868,,,false,1
,G??MPg,1,800647,,,false,1
,G??MPg,2,769012,,,false,1
,G??MPg,3,801415,,,false,1
,G??MPg,4,794851,,,false,1
,G??MPg,5,775157,,,false,1
,G??MPg,6,776274,,,false,1
,G??MPg,7,778928,,,false,1
,G??MPg,8,787448,,,false,1
,G??MPg,9,898274,,,false,1
,G????C,0,606997,,,false,1
,G????C,1,472846,,,false,1
,G????C,2,488768,,,false,1
,G????C,3,497218,,,false,1
,G????C,4,500919,,,false,1
,G????C,5,473823,,,false,1
,G????C,6,482344,,,false,1
,G????C,7,490304,,,false,1
,G????C,8,499592,,,false,1
,G????C,9,471798,,,false,1
,G???Ns,0,853930,,,false,1
,G???Ns,1,853302,,,false,1
,G???Ns,2,830954,,,false,1
,G???Ns,3,838426,,,false,1
,G???Ns,4,835843,,,false,1
,G???Ns,5,842338,,,false,1
,G???Ns,6,843455,,,false,1
,G???Ns,7,834865,,,false,1
,G???Ns,8,837868,,,false,1
,G???Ns,9,839753,,,false,1
,G?CWw{,0,737028,,,false,4
,G?CWw{,1,752461,,,false,4
,G?CWw{,2,743662,,,false,4
,G?CWw{,3,729276,,,false,4
,G?CWw{,4,767546,,,false,4
,G?CWw{,5,745548,,,false,4
,G?CWw{,6,733886,,,false,4
,G?CWw{,7,757628,,,false,4
,G?CWw{,8,718871,,,false,4
,G?CWw{,9,753439,,,false,4
,G?CW~{,0,996321,,,false,4
,G?CW~{,1,975301,,,false,4
,G?CW~{,2,975441,,,false,4
,G?CW~{,3,982145,,,false,4
,G?CW~{,4,981167,,,false,4
,G?CW~{,5,971390,,,false,4
,G?CW~{,6,972508,,,false,4
,G?CW~{,7,984939,,,false,4
,G?CW~{,8,978304,,,false,4
,G?CW~{,9,976489,,,false,4
,G??GOK,0,617332,,,false,2
,G??GOK,1,591145,,,false,2
,G??GOK,2,603435,,,false,2
,G??GOK,3,598338,,,false,2
,G??GOK,4,603086,,,false,2
,G??GOK,5,608673,,,false,2
,G??GOK,6,601900,,,false,2
,G??GOK,7,611396,,,false,2
,G??GOK,8,595126,,,false,2
,G??GOK,9,598547,,,false,2
,GoCQPG,0,810004,,,false,2
,GoCQPG,1,796178,,,false,2
,GoCQPG,2,798831,,,false,2
,GoCQPG,3,782979,,,false,2
,GoCQPG,4,803510,,,false,2
,GoCQPG,5,802882,,,false,2
,GoCQPG,6,799529,,,false,2
,GoCQPG,7,796597,,,false,2
,GoCQPG,8,816080,,,false,2
,GoCQPG,9,830535,,,false,2
,G?CHM_,0,819711,,,false,1
,G?CHM_,1,805605,,,false,1
,G?CHM_,2,799041,,,false,1
,G?CHM_,3,812937,,,false,1
,G?CHM_,4,741986,,,false,1
,G?CHM_,5,773691,,,false,1
,G?CHM_,6,776204,,,false,1
,G?CHM_,7,758327,,,false,1
,G?CHM_,8,769920,,,false,1
,G?CHM_,9,757420,,,false,1
,G??gv_,0,847156,,,false,2
,G??gv_,1,844572,,,false,2
,G??gv_,2,822225,,,false,2
,G??gv_,3,838986,,,false,2
,G??gv_,4,817756,,,false,2
,G??gv_,5,829348,,,false,2
,G??gv_,6,835633,,,false,2
,G??gv_,7,829977,,,false,2
,G??gv_,8,838287,,,false,2
,G??gv_,9,843874,,,false,2
,G?@HcK,0,811262,,,false,1
,G?@HcK,1,795549,,,false,1
,G?@HcK,2,804418,,,false,1
,G?@HcK,3,806093,,,false,1
,G?@HcK,4,805186,,,false,1
,G?@HcK,5,798970,,,false,1
,G?@HcK,6,790800,,,false,1
,G?@HcK,7,815172,,,false,1
,G?@HcK,8,808678,,,false,1
,G?@HcK,9,801345,,,false,1
,G???^w,0,894922,,,false,2
,G???^w,1,879210,,,false,2
,G???^w,2,870481,,,false,2
,G???^w,3,859097,,,false,2
,G???^w,4,874741,,,false,2
,G???^w,5,878930,,,false,2
,G???^w,6,877534,,,false,2
,G???^w,7,877953,,,false,2
,G???^w,8,871109,,,false,2
,G???^w,9,859377,,,false,2
,GsP@xw,0,1044646,,,false,3
,GsP@xw,1,1016503,,,false,3
,GsP@xw,2,1023208,,,false,3
,GsP@xw,3,1021322,,,false,3
,GsP@xw,4,1018110,,,false,3
,GsP@xw,5,1026769,,,false,3
,GsP@xw,6,1029702,,,false,3
,GsP@xw,7,1016224,,,false,3
,GsP@xw,8,1021113,,,false,3
,GsP@xw,9,1021811,,,false,3
,G?@Ht_,0,834306,,,false,2
,G?@Ht_,1,809795,,,false,2
,G?@Ht_,2,817337,,,false,2
,G?@Ht_,3,806443,,,false,2
,G?@Ht_,4,810563,,,false,2
,G?@Ht_,5,809306,,,false,2
,G?@Ht_,6,816708,,,false,2
,G?@Ht_,7,817755,,,false,2
,G?@Ht_,8,813286,,,false,2
,G?@Ht_,9,808607,,,false,2
,Gs`zro,0,1055122,,,false,4
,Gs`zro,1,1058055,,,false,4
,Gs`zro,2,1094159,,,false,4
,Gs`zro,3,1072930,,,false,4
,Gs`zro,4,1094508,,,false,4
,Gs`zro,5,1037244,,,false,4
,Gs`zro,6,1029004,,,false,4
,Gs`zro,7,1024674,,,false,4
,Gs`zro,8,1041365,,,false,4
,Gs`zro,9,1033194,,,false,4
,G?~~~{,0,1180124,,,false,4
,G?~~~{,1,1153936,,,false,4
,G?~~~{,2,1154286,,,false,4
,G?~~~{,3,1151352,,,false,4
,G?~~~{,4,1163224,,,false,4
,G?~~~{,5,1154216,,,false,4
,G?~~~{,6,1154216,,,false,4
,G?~~~{,7,1154565,,,false,4
,G?~~~{,8,1152540,,,false,4
,G?~~~{,9,1166717,,,false,4
,G`K?GK,0,657767,,,false,2
,G`K?GK,1,662515,,,false,2
,G`K?GK,2,664121,,,false,2
,G`K?GK,3,648339,,,false,2
,G`K?GK,4,663353,,,false,2
,G`K?GK,5,659163,,,false,2
,G`K?GK,6,655042,,,false,2
,G`K?GK,7,666286,,,false,2
,G`K?GK,8,659931,,,false,2
,G`K?GK,9,651132,,,false,2
,G`?GZc,0,838845,,,false,2
,G`?GZc,1,826136,,,false,2
,G`?GZc,2,837170,,,false,2
,G`?GZc,3,834796,,,false,2
,G`?GZc,4,822086,,,false,2
,G`?GZc,5,825717,,,false,2
,G`?GZc,6,820549,,,false,2
,G`?GZc,7,831164,,,false,2
,G`?GZc,8,836611,,,false,2
,G`?GZc,9,825647,,,false,2
,G??CZc,0,830955,,,false,1
,G??CZc,1,805255,,,false,1
,G??CZc,2,813566,,,false,1
,G??CZc,3,821038,,,false,1
,G??CZc,4,817756,,,false,1
,G??CZc,5,820968,,,false,1
,G??CZc,6,806861,,,false,1
,G??CZc,7,807001,,,false,1
,G??CZc,8,819572,,,false,1
,G??CZc,9,815940,,,false,1
,G`_gqK,0,894364,,,false,3
,G`_gqK,1,885565,,,false,3
,G`_gqK,2,874601,,,false,3
,G`_gqK,3,883399,,,false,3
,G`_gqK,4,880885,,,false,3
,G`_gqK,5,867618,,,false,3
,G`_gqK,6,874391,,,false,3
,G`_gqK,7,877115,,,false,3
,G`_gqK,8,876137,,,false,3
,G`_gqK,9,879699,,,false,3
,GsOiho,0,975929,,,false,4
,GsOiho,1,997509,,,false,4
,GsOiho,2,1014758,,,false,4
,GsOiho,3,990456,,,false,4
,GsOiho,4,1010358,,,false,4
,GsOiho,5,980958,,,false,4
,GsOiho,6,947018,,,false,4
,GsOiho,7,974044,,,false,4
,GsOiho,8,951069,,,false,4
,GsOiho,9,958053,,,false,4
,G???F{,0,835703,,,false,1
,G???F{,1,830954,,,false,1
,G???F{,2,821038,,,false,1
,G???F{,3,838776,,,false,1
,G???F{,4,837659,,,false,1
,G???F{,5,816220,,,false,1
,G???F{,6,836192,,,false,1
,G???F{,7,829069,,,false,1
,G???F{,8,815591,,,false,1
,G???F{,9,829628,,,false,1
,G??F~{,0,995553,,,false,2
,G??F~{,1,977746,,,false,2
,G??F~{,2,979142,,,false,2
,G??F~{,3,981377,,,false,2
,G??F~{,4,972787,,,false,2
,G??F~{,5,978514,,,false,2
,G??F~{,6,979701,,,false,2
,G??F~{,7,979841,,,false,2
,G??F~{,8,986684,,,false,2
,G??F~{,9,989826,,,false,2
,G?B~~{,0,1095345,,,false,3
,G?B~~{,1,1082846,,,false,3
,G?B~~{,2,1101142,,,false,3
,G?B~~{,3,1071043,,,false,3
,G?B~~{,4,1097091,,,false,3
,G?B~~{,5,1061825,,,false,3
,G?B~~{,6,1112735,,,false,3
,G?B~~{,7,1071184,,,false,3
,G?B~~{,8,1097441,,,false,3
,G?B~~{,9,1084242,,,false,3
,G`?G?C,0,554830,,,false,1
,G`?G?C,1,551898,,,false,1
,G`?G?C,2,564678,,,false,1
,G`?G?C,3,545473,,,false,1
,G`?G?C,4,558183,,,false,1
,G`?G?C,5,561535,,,false,1
,G`?G?C,6,547638,,,false,1
,G`?G?C,7,554761,,,false,1
,G`?G?C,8,549942,,,false,1
,G`?G?C,9,559719,,,false,1
,G?O_c[,0,795199,,,false,1
,G?O_c[,1,777182,,,false,1
,G?O_c[,2,779696,,,false,1
,G?O_c[,3,782210,,,false,1
,G?O_c[,4,788985,,,false,1
,G?O_c[,5,776414,,,false,1
,G?O_c[,6,778509,,,false,1
,G?O_c[,7,787378,,,false,1
,G?O_c[,8,784864,,,false,1
,G?O_c[,9,787308,,,false,1
,G?GQSK,0,782559,,,false,1
,G?GQSK,1,770339,,,false,1
,G?GQSK,2,775297,,,false,1
,G?GQSK,3,775297,,,false,1
,G?GQSK,4,810004,,,false,1
,G?GQSK,5,809935,,,false,1
,G?GQSK,6,807211,,,false,1
,G?GQSK,7,810074,,,false,1
,G?GQSK,8,805186,,,false,1
,G?GQSK,9,800018,,,false,1
,G?zTjo,0,1042831,,,false,3
,G?zTjo,1,1020623,,,false,3
,G?zTjo,2,1033263,,,false,3
,G?zTjo,3,1027886,,,false,3
,G?zTjo,4,1018459,,,false,3
,G?zTjo,5,1028026,,,false,3
,G?zTjo,6,1023696,,,false,3
,G?zTjo,7,1017411,,,false,3
,G?zTjo,8,1032566,,,false,3
,G?zTjo,9,1034661,,,false,3
,Gs@ipo,0,944295,,,false,3
,Gs@ipo,1,939197,,,false,3
,Gs@ipo,2,943457,,,false,3
,Gs@ipo,3,936334,,,false,3
,Gs@ipo,4,937940,,,false,3
,Gs@ipo,5,930957,,,false,3
,Gs@ipo,6,945482,,,false,3
,Gs@ipo,7,941153,,,false,3
,Gs@ipo,8,938778,,,false,3
,Gs@ipo,9,939337,,,false,3
,G`dnfw,0,1114271,,,false,4
,G`dnfw,1,1099466,,,false,4
,G`dnfw,2,1111827,,,false,4
,G`dnfw,3,1097930,,,false,4
,G`dnfw,4,1095555,,,false,4
,G`dnfw,5,1097161,,,false,4
,G`dnfw,6,1093460,,,false,4
,G`dnfw,7,1093321,,,false,4
,G`dnfw,8,1096324,,,false,4
,G`dnfw,9,1084801,,,false,4
,GQo~nw,0,1164900,,,false,4
,GQo~nw,1,1138084,,,false,4
,GQo~nw,2,1141087,,,false,4
,GQo~nw,3,1140389,,,false,4
,GQo~nw,4,1148349,,,false,4
,GQo~nw,5,1151283,,,false,4
,GQo~nw,6,1140040,,,false,4
,GQo~nw,7,1150305,,,false,4
,GQo~nw,8,1142903,,,false,4
,GQo~nw,9,1142972,,,false,4
,G?z\z{,0,1126632,,,false,3
,G?z\z{,1,1125304,,,false,3
,G?z\z{,2,1126142,,,false,3
,G?z\z{,3,1126492,,,false,3
,G?z\z{,4,1122371,,,false,3
,G?z\z{,5,1128587,,,false,3
,G?z\z{,6,1135361,,,false,3
,G?z\z{,7,1172583,,,false,3
,G?z\z{,8,1184734,,,false,3
,G?z\z{,9,1170487,,,false,3
,GwCOOK,0,725365,,,false,2
,GwCOOK,1,719988,,,false,2
,GwCOOK,2,734932,,,false,2
,GwCOOK,3,720477,,,false,2
,GwCOOK,4,729416,,,false,2
,GwCOOK,5,712307,,,false,2
,GwCOOK,6,722852,,,false,2
,GwCOOK,7,719988,,,false,2
,GwCOOK,8,724807,,,false,2
,GwCOOK,9,715868,,,false,2
,GoCOZ?,0,729905,,,false,2
,GoCOZ?,1,726203,,,false,2
,GoCOZ?,2,725295,,,false,2
,GoCOZ?,3,717614,,,false,2
,GoCOZ?,4,729486,,,false,2
,GoCOZ?,5,729276,,,false,2
,GoCOZ?,6,715309,,,false,2
,GoCOZ?,7,721246,,,false,2
,GoCOZ?,8,725156,,,false,2
,GoCOZ?,9,733606,,,false,2
,G?xPcK,0,924322,,,false,3
,G?xPcK,1,911753,,,false,3
,G?xPcK,2,906724,,,false,3
,G?xPcK,3,908819,,,false,3
,G?xPcK,4,918317,,,false,3
,G?xPcK,5,910984,,,false,3
,G?xPcK,6,915314,,,false,3
,G?xPcK,7,910565,,,false,3
,G?xPcK,8,925161,,,false,3
,G?xPcK,9,909867,,,false,3
,G@?G?C,0,537652,,,false,1
,G@?G?C,1,537582,,,false,1
,G@?G?C,2,539537,,,false,1
,G@?G?C,3,534300,,,false,1
,G@?G?C,4,547080,,,false,1
,G@?G?C,5,533322,,,false,1
,G@?G?C,6,545683,,,false,1
,G@?G?C,7,532764,,,false,1
,G@?G?C,8,545962,,,false,1
,G@?G?C,9,531576,,,false,1
,G@hRSk,0,992899,,,false,3
,G@hRSk,1,976558,,,false,3
,G@hRSk,2,977746,,,false,3
,G@hRSk,3,975091,,,false,3
,G@hRSk,4,970552,,,false,3
,G@hRSk,5,981656,,,false,3
,G@hRSk,6,975580,,,false,3
,G@hRSk,7,977257,,,false,3
,G@hRSk,8,973555,,,false,3
,G@hRSk,9,981656,,,false,3
,GoSv~w,0,1154914,,,false,4
,GoSv~w,1,1144718,,,false,4
,GoSv~w,2,1139132,,,false,4
,GoSv~w,3,1138154,,,false,4
,GoSv~w,4,1143113,,,false,4
,GoSv~w,5,1137735,,,false,4
,GoSv~w,6,1147442,,,false,4
,GoSv~w,7,1142624,,,false,4
,GoSv~w,8,1136409,,,false,4
,GoSv~w,9,1167973,,,false,4
,GIiZ~w,0,1241369,,,false,4
,GIiZ~w,1,1210222,,,false,4
,GIiZ~w,2,1227402,,,false,4
,GIiZ~w,3,1175096,,,false,4
,GIiZ~w,4,1175306,,,false,4
,GIiZ~w,5,1149817,,,false,4
,GIiZ~w,6,1182010,,,false,4
,GIiZ~w,7,1164761,,,false,4
,GIiZ~w,8,1183686,,,false,4
,GIiZ~w,9,1175236,,,false,4
,G@lv]{,0,1170138,,,false,4
,G@lv]{,1,1149886,,,false,4
,G@lv]{,2,1136828,,,false,4
,G@lv]{,3,1170138,,,false,4
,G@lv]{,4,1137036,,,false,4
,G@lv]{,5,1141995,,,false,4
,G@lv]{,6,1133894,,,false,4
,G@lv]{,7,1138573,,,false,4
,G@lv]{,8,1136198,,,false,4
,G@lv]{,9,1136757,,,false,4
,GsOax{,0,1069857,,,false,3
,GsOax{,1,1051840,,,false,3
,GsOax{,2,1043390,,,false,3
,GsOax{,3,1048278,,,false,3
,GsOax{,4,1044507,,,false,3
,GsOax{,5,1049744,,,false,3
,GsOax{,6,1041365,,,false,3
,GsOax{,7,1048557,,,false,3
,GsOax{,8,1039967,,,false,3
,GsOax{,9,1048487,,,false,3
,GANLfK,0,1066225,,,false,4
,GANLfK,1,1060848,,,false,4
,GANLfK,2,1052957,,,false,4
,GANLfK,3,1056588,,,false,4
,GANLfK,4,1045694,,,false,4
,GANLfK,5,1058264,,,false,4
,GANLfK,6,1056378,,,false,4
,GANLfK,7,1043110,,,false,4
,GANLfK,8,1060848,,,false,4
,GANLfK,9,1050442,,,false,4
,G{O_w{,0,998347,,,false,4
,G{O_w{,1,989268,,,false,4
,G{O_w{,2,993528,,,false,4
,G{O_w{,3,992341,,,false,4
,G{O_w{,4,989548,,,false,4
,G{O_w{,5,990455,,,false,4
,G{O_w{,6,988570,,,false,4
,G{O_w{,7,991572,,,false,4
,G{O_w{,8,986056,,,false,4
,G{O_w{,9,1007565,,,false,4
,GANcvK,0,1121673,,,false,4
,GANcvK,1,1094857,,,false,4
,GANcvK,2,1096952,,,false,4
,GANcvK,3,1060988,,,false,4
,GANcvK,4,1046672,,,false,4
,GANcvK,5,1040945,,,false,4
,GANcvK,6,1034171,,,false,4
,GANcvK,7,1050303,,,false,4
,GANcvK,8,1051420,,,false,4
,GANcvK,9,1040037,,,false,4
,GCS~VK,0,1101631,,,false,4
,GCS~VK,1,1081798,,,false,4
,GCS~VK,2,1079912,,,false,4
,GCS~VK,3,1079214,,,false,4
,GCS~VK,4,1087664,,,false,4
,GCS~VK,5,1087385,,,false,4
,GCS~VK,6,1084033,,,false,4
,GCS~VK,7,1083475,,,false,4
,GCS~VK,8,1084661,,,false,4
,GCS~VK,9,1086617,,,false,4
,G_h\rk,0,1097441,,,false,4
,G_h\rk,1,1083055,,,false,4
,G_h\rk,2,1080541,,,false,4
,G_h\rk,3,1084242,,,false,4
,G_h\rk,4,1082007,,,false,4
,G_h\rk,5,1079354,,,false,4
,G_h\rk,6,1092762,,,false,4
,G_h\rk,7,1080751,,,false,4
,G_h\rk,8,1072300,,,false,4
,G_h\rk,9,1090458,,,false,4
,GoDPV{,0,1053306,,,false,3
,GoDPV{,1,1041993,,,false,3
,GoDPV{,2,1034171,,,false,3
,GoDPV{,3,1041923,,,false,3
,GoDPV{,4,1032496,,,false,3
,GoDPV{,5,1036476,,,false,3
,GoDPV{,6,1044297,,,false,3
,GoDPV{,7,1039060,,,false,3
,GoDPV{,8,1039549,,,false,3
,GoDPV{,9,1029632,,,false,3
,GqGTY{,0,1053516,,,false,3
,GqGTY{,1,1043390,,,false,3
,GqGTY{,2,1032845,,,false,3
,GqGTY{,3,1042482,,,false,3
,GqGTY{,4,1023207,,,false,3
,GqGTY{,5,1044227,,,false,3
,GqGTY{,6,1036895,,,false,3
,GqGTY{,7,1036126,,,false,3
,GqGTY{,8,1034032,,,false,3
,GqGTY{,9,1039478,,,false,3
,G`deX{,0,1103866,,,false,3
,G`deX{,1,1124327,,,false,3
,G`deX{,2,1117064,,,false,3
,G`deX{,3,1107916,,,false,3
,G`deX{,4,1050233,,,false,3
,G`deX{,5,1108894,,,false,3
,G`deX{,6,1041644,,,false,3
,G`deX{,7,1091645,,,false,3
,G`deX{,8,1049884,,,false,3
,G`deX{,9,1078935,,,false,3
,Gj?HWw,0,905956,,,false,3
,Gj?HWw,1,903372,,,false,3
,Gj?HWw,2,911753,,,false,3
,Gj?HWw,3,906934,,,false,3
,Gj?HWw,4,901696,,,false,3
,Gj?HWw,5,909657,,,false,3
,Gj?HWw,6,904978,,,false,3
,Gj?HWw,7,908121,,,false,3
,Gj?HWw,8,909657,,,false,3
,Gj?HWw,9,900718,,,false,3
,G?DP^{,0,1054423,,,false,3
,G?DP^{,1,1044018,,,false,3
,G?DP^{,2,1026070,,,false,3
,G?DP^{,3,1035777,,,false,3
,G?DP^{,4,1042622,,,false,3
,G?DP^{,5,1039479,,,false,3
,G?DP^{,6,1030401,,,false,3
,G?DP^{,7,1034241,,,false,3
,G?DP^{,8,1039130,,,false,3
,G?DP^{,9,1031727,,,false,3
,G?`@pk,0,861263,,,false,2
,G?`@pk,1,842267,,,false,2
,G?`@pk,2,842128,,,false,2
,G?`@pk,3,845620,,,false,2
,G?`@pk,4,827533,,,false,2
,G?`@pk,5,846108,,,false,2
,G?`@pk,6,833189,,,false,2
,G?`@pk,7,843804,,,false,2
,G?`@pk,8,843943,,,false,2
,G?`@pk,9,837030,,,false,2
,G?XX~{,0,1117064,,,false,3
,G?XX~{,1,1104075,,,false,3
,G?XX~{,2,1097511,,,false,3
,G?XX~{,3,1107147,,,false,3
,G?XX~{,4,1101770,,,false,3
,G?XX~{,5,1109104,,,false,3
,G?XX~{,6,1102958,,,false,3
,G?XX~{,7,1094787,,,false,3
,G?XX~{,8,1105192,,,false,3
,G?XX~{,9,1109872,,,false,3
,G?S~^{,0,1158057,,,false,3
,G?S~^{,1,1148141,,,false,3
,G?S~^{,2,1147651,,,false,3
,G?S~^{,3,1155334,,,false,3
,G?S~^{,4,1198072,,,false,3
,G?S~^{,5,1194999,,,false,3
,G?S~^{,6,1192206,,,false,3
,G?S~^{,7,1192415,,,false,3
,G?S~^{,8,1132986,,,false,3
,G?S~^{,9,1142973,,,false,3
,G?qz~{,0,1178448,,,false,3
,G?qz~{,1,1169230,,,false,3
,G?qz~{,2,1152610,,,false,3
,G?qz~{,3,1172024,,,false,3
,G?qz~{,4,1167136,,,false,3
,G?qz~{,5,1164831,,,false,3
,G?qz~{,6,1162317,,,false,3
,G?qz~{,7,1158825,,,false,3
,G?qz~{,8,1162386,,,false,3
,G?qz~{,9,1168742,,,false,3
,GJ?G^{,0,991294,,,false,3
,GJ?G^{,1,994087,,,false,3
,GJ?G^{,2,958681,,,false,3
,GJ?G^{,3,976628,,,false,3
,GJ?G^{,4,974812,,,false,3
,GJ?G^{,5,975371,,,false,3
,GJ?G^{,6,975022,,,false,3
,GJ?G^{,7,986055,,,false,3
,GJ?G^{,8,970552,,,false,3
,GJ?G^{,9,992969,,,false,3
,GGD_~{,0,1038291,,,false,3
,GGD_~{,1,1043180,,,false,3
,GGD_~{,2,1028375,,,false,3
,GGD_~{,3,1025093,,,false,3
,GGD_~{,4,1026071,,,false,3
,GGD_~{,5,1031378,,,false,3
,GGD_~{,6,1033962,,,false,3
,GGD_~{,7,1029143,,,false,3
,GGD_~{,8,1038502,,,false,3
,GGD_~{,9,1029423,,,false,3
,GGC^F{,0,1023697,,,false,3
,GGC^F{,1,1004562,,,false,3
,GGC^F{,2,1016504,,,false,3
,GGC^F{,3,1012523,,,false,3
,GGC^F{,4,1014269,,,false,3
,GGC^F{,5,1015037,,,false,3
,GGC^F{,6,1011476,,,false,3
,GGC^F{,7,1011475,,,false,3
,GGC^F{,8,1014059,,,false,3
,GGC^F{,9,1019786,,,false,3
,GGDc~{,0,1084731,,,false,3
,GGDc~{,1,1077609,,,false,3
,GGDc~{,2,1092483,,,false,3
,GGDc~{,3,1060220,,,false,3
,GGDc~{,4,1077049,,,false,3
,GGDc~{,5,1114690,,,false,3
,GGDc~{,6,1127539,,,false,3
,GGDc~{,7,1113294,,,false,3
,GGDc~{,8,1099187,,,false,3
,GGDc~{,9,1075792,,,false,3
,GGCZ^{,0,1078516,,,false,3
,GGCZ^{,1,1061336,,,false,3
,GGCZ^{,2,1071952,,,false,3
,GGCZ^{,3,1068670,,,false,3
,GGCZ^{,4,1063781,,,false,3
,GGCZ^{,5,1071881,,,false,3
,GGCZ^{,6,1065736,,,false,3
,GGCZ^{,7,1064549,,,false,3
,GGCZ^{,8,1064340,,,false,3
,GGCZ^{,9,1081240,,,false,3
,GGC^^{,0,1107986,,,false,3
,GGC^^{,1,1106310,,,false,3
,GGC^^{,2,1098489,,,false,3
,GGC^^{,3,1106101,,,false,3
,GGC^^{,4,1107148,,,false,3
,GGC^^{,5,1091365,,,false,3
,GGC^^{,6,1107706,,,false,3
,GGC^^{,7,1098209,,,false,3
,GGC^^{,8,1096253,,,false,3
,GGC^^{,9,1107706,,,false,3
,GASp^{,0,1096114,,,false,3
,GASp^{,1,1082706,,,false,3
,GASp^{,2,1077748,,,false,3
,GASp^{,3,1088502,,,false,3
,GASp^{,4,1066085,,,false,3
,GASp^{,5,1073976,,,false,3
,GASp^{,6,1070694,,,false,3
,GASp^{,7,1077887,,,false,3
,GASp^{,8,1074815,,,false,3
,GASp^{,9,1087105,,,false,3
,GGDXv{,0,1074815,,,false,4
,GGDXv{,1,1081519,,,false,4
,GGDXv{,2,1075373,,,false,4
,GGDXv{,3,1072859,,,false,4
,GGDXv{,4,1068599,,,false,4
,GGDXv{,5,1090946,,,false,4
,GGDXv{,6,1066714,,,false,4
,GGDXv{,7,1075303,,,false,4
,GGDXv{,8,1075653,,,false,4
,GGDXv{,9,1088572,,,false,4
,G@O}v{,0,1136478,,,false,3
,G@O}v{,1,1123838,,,false,3
,G@O}v{,2,1119928,,,false,3
,G@O}v{,3,1132079,,,false,3
,G@O}v{,4,1139621,,,false,3
,G@O}v{,5,1184384,,,false,3
,G@O}v{,6,1169230,,,false,3
,G@O}v{,7,1173700,,,false,3
,G@O}v{,8,1121464,,,false,3
,G@O}v{,9,1142414,,,false,3
,GHCZ^{,0,1105611,,,false,4
,GHCZ^{,1,1116715,,,false,4
,GHCZ^{,2,1099047,,,false,4
,GHCZ^{,3,1104564,,,false,4
,GHCZ^{,4,1104634,,,false,4
,GHCZ^{,5,1096463,,,false,4
,GHCZ^{,6,1101282,,,false,4
,GHCZ^{,7,1094718,,,false,4
,GHCZ^{,8,1108056,,,false,4
,GHCZ^{,9,1108754,,,false,4
,GGD\v{,0,1140738,,,false,4
,GGD\v{,1,1114969,,,false,4
,GGD\v{,2,1125584,,,false,4
,GGD\v{,3,1118880,,,false,4
,GGD\v{,4,1119020,,,false,4
,GGD\v{,5,1122442,,,false,4
,GGD\v{,6,1116925,,,false,4
,GGD\v{,7,1127679,,,false,4
,GGD\v{,8,1115807,,,false,4
,GGD\v{,9,1134383,,,false,4
,GAHX~{,0,1119578,,,false,3
,GAHX~{,1,1108614,,,false,3
,GAHX~{,2,1108614,,,false,3
,GAHX~{,3,1117623,,,false,3
,GAHX~{,4,1103866,,,false,3
,GAHX~{,5,1115318,,,false,3
,GAHX~{,6,1103936,,,false,3
,GAHX~{,7,1104424,,,false,3
,GAHX~{,8,1108894,,,false,3
,GAHX~{,9,1116226,,,false,3
,GHC^^{,0,1131869,,,false,4
,GHC^^{,1,1116156,,,false,4
,GHC^^{,2,1129076,,,false,4
,GHC^^{,3,1101980,,,false,4
,GHC^^{,4,1117204,,,false,4
,GHC^^{,5,1108964,,,false,4
,GHC^^{,6,1114690,,,false,4
,GHC^^{,7,1106031,,,false,4
,GHC^^{,8,1127260,,,false,4
,GHC^^{,9,1112456,,,false,4
,G@P\~{,0,1199468,,,false,3
,G@P\~{,1,1138643,,,false,3
,G@P\~{,2,1182010,,,false,3
,G@P\~{,3,1213435,,,false,3
,G@P\~{,4,1207219,,,false,3
,G@P\~{,5,1218393,,,false,3
,G@P\~{,6,1165808,,,false,3
,G@P\~{,7,1140459,,,false,3
,G@P\~{,8,1153518,,,false,3
,G@P\~{,9,1156591,,,false,3
,G@pHn{,0,1067483,,,false,3
,G@pHn{,1,1052817,,,false,3
,G@pHn{,2,1049535,,,false,3
,G@pHn{,3,1069996,,,false,3
,G@pHn{,4,1051351,,,false,3
,G@pHn{,5,1056099,,,false,3
,G@pHn{,6,1061337,,,false,3
,G@pHn{,7,1049325,,,false,3
,G@pHn{,8,1048976,,,false,3
,G@pHn{,9,1053515,,,false,3
,G`BHv{,0,1069996,,,false,3
,G`BHv{,1,1058334,,,false,3
,G`BHv{,2,1047021,,,false,3
,G`BHv{,3,1055681,,,false,3
,G`BHv{,4,1054703,,,false,3
,G`BHv{,5,1062873,,,false,3
,G`BHv{,6,1053516,,,false,3
,G`BHv{,7,1054493,,,false,3
,G`BHv{,8,1053236,,,false,3
,G`BHv{,9,1071742,,,false,3
,G_C~V{,0,1101841,,,false,3
,G_C~V{,1,1090178,,,false,3
,G_C~V{,2,1098139,,,false,3
,G_C~V{,3,1086128,,,false,3
,G_C~V{,4,1113223,,,false,3
,G_C~V{,5,1110570,,,false,3
,G_C~V{,6,1108545,,,false,3
,G_C~V{,7,1101701,,,false,3
,G_C~V{,8,1105612,,,false,3
,G_C~V{,9,1108404,,,false,3
,GKCZ^{,0,1124677,,,false,3
,GKCZ^{,1,1106240,,,false,3
,GKCZ^{,2,1099606,,,false,3
,GKCZ^{,3,1104983,,,false,3
,GKCZ^{,4,1095137,,,false,3
,GKCZ^{,5,1108893,,,false,3
,GKCZ^{,6,1096673,,,false,3
,GKCZ^{,7,1103726,,,false,3
,GKCZ^{,8,1099327,,,false,3
,GKCZ^{,9,1114551,,,false,3
,GGEZ^{,0,1118600,,,false,3
,GGEZ^{,1,1109313,,,false,3
,GGEZ^{,2,1131869,,,false,3
,GGEZ^{,3,1146255,,,false,3
,GGEZ^{,4,1164831,,,false,3
,GGEZ^{,5,1134313,,,false,3
,GGEZ^{,6,1104354,,,false,3
,GGEZ^{,7,1096533,,,false,3
,GGEZ^{,8,1111547,,,false,3
,GGEZ^{,9,1097510,,,false,3
,G`BH~{,0,1092413,,,false,3
,G`BH~{,1,1095206,,,false,3
,G`BH~{,2,1082077,,,false,3
,G`BH~{,3,1089550,,,false,3
,G`BH~{,4,1089899,,,false,3
,G`BH~{,5,1091156,,,false,3
,G`BH~{,6,1083754,,,false,3
,G`BH~{,7,1087316,,,false,3
,G`BH~{,8,1074326,,,false,3
,G`BH~{,9,1088502,,,false,3
,G`C^^{,0,1114900,,,false,4
,G`C^^{,1,1107218,,,false,4
,G`C^^{,2,1093880,,,false,4
,G`C^^{,3,1104495,,,false,4
,G`C^^{,4,1099396,,,false,4
,G`C^^{,5,1104634,,,false,4
,G`C^^{,6,1102609,,,false,4
,G`C^^{,7,1099117,,,false,4
,G`C^^{,8,1106659,,,false,4
,G`C^^{,9,1102190,,,false,4
,G@bJ~{,0,1163085,,,false,3
,G@bJ~{,1,1133825,,,false,3
,G@bJ~{,2,1139970,,,false,3
,G@bJ~{,3,1137665,,,false,3
,G@bJ~{,4,1131590,,,false,3
,G@bJ~{,5,1142694,,,false,3
,G@bJ~{,6,1137316,,,false,3
,G@bJ~{,7,1132917,,,false,3
,G@bJ~{,8,1140529,,,false,3
,G@bJ~{,9,1136269,,,false,3
,GAJ\v{,0,1141506,,,false,3
,GAJ\v{,1,1123000,,,false,3
,GAJ\v{,2,1158616,,,false,3
,GAJ\v{,3,1143182,,,false,3
,GAJ\v{,4,1154775,,,false,3
,GAJ\v{,5,1149887,,,false,3
,GAJ\v{,6,1150864,,,false,3
,GAJ\v{,7,1150026,,,false,3
,GAJ\v{,8,1160711,,,false,3
,GAJ\v{,9,1156172,,,false,3
,GGEzv{,0,1196466,,,false,4
,GGEzv{,1,1195698,,,false,4
,GGEzv{,2,1193672,,,false,4
,GGEzv{,3,1201145,,,false,4
,GGEzv{,4,1138853,,,false,4
,GGEzv{,5,1138015,,,false,4
,GGEzv{,6,1135571,,,false,4
,GGEzv{,7,1144160,,,false,4
,GGEzv{,8,1136269,,,false,4
,GGEzv{,9,1161619,,,false,4
,G_Ezv{,0,1155264,,,false,4
,G_Ezv{,1,1124886,,,false,4
,G_Ezv{,2,1159384,,,false,4
,G_Ezv{,3,1137247,,,false,4
,G_Ezv{,4,1145697,,,false,4
,G_Ezv{,5,1125654,,,false,4
,G_Ezv{,6,1147163,,,false,4
,G_Ezv{,7,1142414,,,false,4
,G_Ezv{,8,1161758,,,false,4
,G_Ezv{,9,1138782,,,false,4
,G@`~v{,0,1190111,,,false,4
,G@`~v{,1,1171954,,,false,4
,G@`~v{,2,1169091,,,false,4
,G@`~v{,3,1169789,,,false,4
,G@`~v{,4,1164063,,,false,4
,G@`~v{,5,1175446,,,false,4
,G@`~v{,6,1173211,,,false,4
,G@`~v{,7,1164412,,,false,4
,G@`~v{,8,1173840,,,false,4
,G@`~v{,9,1177191,,,false,4
,GAJ\~{,0,1188993,,,false,3
,GAJ\~{,1,1169999,,,false,3
,GAJ\~{,2,1176633,,,false,3
,GAJ\~{,3,1179217,,,false,3
,GAJ\~{,4,1157848,,,false,3
,GAJ\~{,5,1169999,,,false,3
,GAJ\~{,6,1173142,,,false,3
,GAJ\~{,7,1164971,,,false,3
,GAJ\~{,8,1176005,,,false,3
,GAJ\~{,9,1175167,,,false,3
,GGDzv{,0,1087804,,,false,4
,GGDzv{,1,1091156,,,false,4
,GGDzv{,2,1078446,,,false,4
,GGDzv{,3,1087595,,,false,4
,GGDzv{,4,1073278,,,false,4
,GGDzv{,5,1076002,,,false,4
,GGDzv{,6,1078656,,,false,4
,GGDzv{,7,1111617,,,false,4
,GGDzv{,8,1122163,,,false,4
,GGDzv{,9,1138713,,,false,4
,GGD~v{,0,1182639,,,false,4
,GGD~v{,1,1126632,,,false,4
,GGD~v{,2,1119090,,,false,4
,GGD~v{,3,1134383,,,false,4
,GGD~v{,4,1142834,,,false,4
,GGD~v{,5,1140808,,,false,4
,GGD~v{,6,1144999,,,false,4
,GGD~v{,7,1145207,,,false,4
,GGD~v{,8,1135292,,,false,4
,GGD~v{,9,1154635,,,false,4
,GGF~v{,0,1167066,,,false,4
,GGF~v{,1,1155613,,,false,4
,GGF~v{,2,1154705,,,false,4
,GGF~v{,3,1156381,,,false,4
,GGF~v{,4,1152819,,,false,4
,GGF~v{,5,1153308,,,false,4
,GGF~v{,6,1152540,,,false,4
,GGF~v{,7,1160780,,,false,4
,GGF~v{,8,1149816,,,false,4
,GGF~v{,9,1158546,,,false,4
,GGSs~{,0,1127819,,,false,4
,GGSs~{,1,1125584,,,false,4
,GGSs~{,2,1118810,,,false,4
,GGSs~{,3,1111408,,,false,4
,GGSs~{,4,1125025,,,false,4
,GGSs~{,5,1109453,,,false,4
,GGSs~{,6,1119089,,,false,4
,GGSs~{,7,1107567,,,false,4
,GGSs~{,8,1109383,,,false,4
,GGSs~{,9,1115738,,,false,4
,GIGX~{,0,1125654,,,false,4
,GIGX~{,1,1114969,,,false,4
,GIGX~{,2,1106589,,,false,4
,GIGX~{,3,1101073,,,false,4
,GIGX~{,4,1099537,,,false,4
,GIGX~{,5,1097511,,,false,4
,GIGX~{,6,1098349,,,false,4
,GIGX~{,7,1102469,,,false,4
,GIGX~{,8,1123210,,,false,4
,GIGX~{,9,1137037,,,false,4
,GIG\~{,0,1168602,,,false,4
,GIG\~{,1,1150864,,,false,4
,GIG\~{,2,1131310,,,false,4
,GIG\~{,3,1169231,,,false,4
,GIG\~{,4,1150655,,,false,4
,GIG\~{,5,1176353,,,false,4
,GIG\~{,6,1200795,,,false,4
,GIG\~{,7,1180683,,,false,4
,GIG\~{,8,1192206,,,false,4
,GIG\~{,9,1159943,,,false,4
,GPLQ^{,0,1159035,,,false,3
,GPLQ^{,1,1127609,,,false,3
,GPLQ^{,2,1151982,,,false,3
,GPLQ^{,3,1100514,,,false,3
,GPLQ^{,4,1132079,,,false,3
,GPLQ^{,5,1101422,,,false,3
,GPLQ^{,6,1117973,,,false,3
,GPLQ^{,7,1120975,,,false,3
,GPLQ^{,8,1123280,,,false,3
,GPLQ^{,9,1116645,,,false,3
,GJOg~{,0,1093531,,,false,4
,GJOg~{,1,1095276,,,false,4
,GJOg~{,2,1072930,,,false,4
,GJOg~{,3,1095137,,,false,4
,GJOg~{,4,1085709,,,false,4
,GJOg~{,5,1085221,,,false,4
,GJOg~{,6,1091785,,,false,4
,GJOg~{,7,1089550,,,false,4
,GJOg~{,8,1089550,,,false,4
,GJOg~{,9,1080402,,,false,4
,GIHX~{,0,1146325,,,false,4
,GIHX~{,1,1121673,,,false,4
,GIHX~{,2,1132777,,,false,4
,GIHX~{,3,1122442,,,false,4
,GIHX~{,4,1136269,,,false,4
,GIHX~{,5,1129705,,,false,4
,GIHX~{,6,1125794,,,false,4
,GIHX~{,7,1126771,,,false,4
,GIHX~{,8,1127470,,,false,4
,GIHX~{,9,1121534,,,false,4
,GGS~f{,0,1143741,,,false,4
,GGS~f{,1,1151493,,,false,4
,GGS~f{,2,1140668,,,false,4
,GGS~f{,3,1132917,,,false,4
,GGS~f{,4,1139691,,,false,4
,GGS~f{,5,1138085,,,false,4
,GGS~f{,6,1137457,,,false,4
,GGS~f{,7,1144859,,,false,4
,GGS~f{,8,1148350,,,false,4
,GGS~f{,9,1141087,,,false,4
,G@XX~{,0,1148560,,,false,4
,G@XX~{,1,1155404,,,false,4
,G@XX~{,2,1124956,,,false,4
,G@XX~{,3,1185432,,,false,4
,G@XX~{,4,1190321,,,false,4
,G@XX~{,5,1176005,,,false,4
,G@XX~{,6,1188645,,,false,4
,G@XX~{,7,1119090,,,false,4
,G@XX~{,8,1159384,,,false,4
,G@XX~{,9,1119789,,,false,4
,GAXt~{,0,1203728,,,false,4
,GAXt~{,1,1177331,,,false,4
,GAXt~{,2,1173630,,,false,4
,GAXt~{,3,1168532,,,false,4
,GAXt~{,4,1176842,,,false,4
,GAXt~{,5,1182080,,,false,4
,GAXt~{,6,1179357,,,false,4
,GAXt~{,7,1174818,,,false,4
,GAXt~{,8,1196606,,,false,4
,GAXt~{,9,1160013,,,false,4
,G@X\~{,0,1204916,,,false,4
,G@X\~{,1,1169510,,,false,4
,G@X\~{,2,1175307,,,false,4
,G@X\~{,3,1186899,,,false,4
,G@X\~{,4,1164342,,,false,4
,G@X\~{,5,1187109,,,false,4
,G@X\~{,6,1175027,,,false,4
,G@X\~{,7,1168462,,,false,4
,G@X\~{,8,1176982,,,false,4
,G@X\~{,9,1173560,,,false,4
,G@fbv{,0,1168742,,,false,4
,G@fbv{,1,1158546,,,false,4
,G@fbv{,2,1152749,,,false,4
,G@fbv{,3,1155264,,,false,4
,G@fbv{,4,1158267,,,false,4
,G@fbv{,5,1147652,,,false,4
,G@fbv{,6,1150934,,,false,4
,G@fbv{,7,1160921,,,false,4
,G@fbv{,8,1154775,,,false,4
,G@fbv{,9,1152261,,,false,4
,GiGX~{,0,1139062,,,false,4
,GiGX~{,1,1134593,,,false,4
,GiGX~{,2,1124956,,,false,4
,GiGX~{,3,1138992,,,false,4
,GiGX~{,4,1126283,,,false,4
,GiGX~{,5,1127260,,,false,4
,GiGX~{,6,1134803,,,false,4
,GiGX~{,7,1127260,,,false,4
,GiGX~{,8,1130542,,,false,4
,GiGX~{,9,1125864,,,false,4
,GIIX~{,0,1223981,,,false,4
,GIIX~{,1,1204497,,,false,4
,GIIX~{,2,1198072,,,false,4
,GIIX~{,3,1185013,,,false,4
,GIIX~{,4,1134454,,,false,4
,GIIX~{,5,1164342,,,false,4
,GIIX~{,6,1150584,,,false,4
,GIIX~{,7,1151004,,,false,4
,GIIX~{,8,1148281,,,false,4
,GIIX~{,9,1155543,,,false,4
,GII[~{,0,1116646,,,false,4
,GII[~{,1,1150166,,,false,4
,GII[~{,2,1135920,,,false,4
,GII[~{,3,1136967,,,false,4
,GII[~{,4,1137177,,,false,4
,GII[~{,5,1144370,,,false,4
,GII[~{,6,1124467,,,false,4
,GII[~{,7,1140110,,,false,4
,GII[~{,8,1135221,,,false,4
,GII[~{,9,1135292,,,false,4
,GiG\~{,0,1167345,,,false,4
,GiG\~{,1,1163713,,,false,4
,GiG\~{,2,1149607,,,false,4
,GiG\~{,3,1169580,,,false,4
,GiG\~{,4,1161549,,,false,4
,GiG\~{,5,1160222,,,false,4
,GiG\~{,6,1161619,,,false,4
,GiG\~{,7,1160222,,,false,4
,GiG\~{,8,1165390,,,false,4
,GiG\~{,9,1153728,,,false,4
,GD`j~{,0,1190669,,,false,4
,GD`j~{,1,1179845,,,false,4
,GD`j~{,2,1177541,,,false,4
,GD`j~{,3,1187108,,,false,4
,GD`j~{,4,1173909,,,false,4
,GD`j~{,5,1191857,,,false,4
,GD`j~{,6,1179007,,,false,4
,GD`j~{,7,1185921,,,false,4
,GD`j~{,8,1176493,,,false,4
,GD`j~{,9,1186829,,,false,4
,G@jR~{,0,1201564,,,false,4
,G@jR~{,1,1183476,,,false,4
,G@jR~{,2,1172374,,,false,4
,G@jR~{,3,1188993,,,false,4
,G@jR~{,4,1181242,,,false,4
,G@jR~{,5,1202123,,,false,4
,G@jR~{,6,1212109,,,false,4
,G@jR~{,7,1232081,,,false,4
,G@jR~{,8,1239902,,,false,4
,G@jR~{,9,1226215,,,false,4
,GXCY^{,0,1102888,,,false,4
,GXCY^{,1,1105192,,,false,4
,GXCY^{,2,1097650,,,false,4
,GXCY^{,3,1110989,,,false,4
,GXCY^{,4,1106311,,,false,4
,GXCY^{,5,1104635,,,false,4
,GXCY^{,6,1096184,,,false,4
,GXCY^{,7,1106729,,,false,4
,GXCY^{,8,1102050,,,false,4
,GXCY^{,9,1111617,,,false,4
,GHFH~{,0,1155194,,,false,4
,GHFH~{,1,1153239,,,false,4
,GHFH~{,2,1154217,,,false,4
,GHFH~{,3,1146744,,,false,4
,GHFH~{,4,1160641,,,false,4
,GHFH~{,5,1147582,,,false,4
,GHFH~{,6,1147024,,,false,4
,GHFH~{,7,1148071,,,false,4
,GHFH~{,8,1145347,,,false,4
,GHFH~{,9,1151143,,,false,4
,G@S~^{,0,1218812,,,false,4
,G@S~^{,1,1177471,,,false,4
,G@S~^{,2,1178169,,,false,4
,G@S~^{,3,1178868,,,false,4
,G@S~^{,4,1177541,,,false,4
,G@S~^{,5,1195837,,,false,4
,G@S~^{,6,1168602,,,false,4
,G@S~^{,7,1174538,,,false,4
,G@S~^{,8,1174328,,,false,4
,G@S~^{,9,1175097,,,false,4
,GCS~F{,0,1120556,,,false,4
,GCS~F{,1,1124258,,,false,4
,GCS~F{,2,1110011,,,false,4
,GCS~F{,3,1115737,,,false,4
,GCS~F{,4,1109033,,,false,4
,GCS~F{,5,1119159,,,false,4
,GCS~F{,6,1113992,,,false,4
,GCS~F{,7,1121464,,,false,4
,GCS~F{,8,1101701,,,false,4
,GCS~F{,9,1114062,,,false,4
,GANc~{,0,1142903,,,false,4
,GANc~{,1,1157987,,,false,4
,GANc~{,2,1142694,,,false,4
,GANc~{,3,1191857,,,false,4
,GANc~{,4,1207080,,,false,4
,GANc~{,5,1208408,,,false,4
,GANc~{,6,1202472,,,false,4
,GANc~{,7,1151633,,,false,4
,GANc~{,8,1140738,,,false,4
,GANc~{,9,1149118,,,false,4
,GCS~^{,0,1195139,,,false,4
,GCS~^{,1,1187387,,,false,4
,GCS~^{,2,1171465,,,false,4
,GCS~^{,3,1178030,,,false,4
,GCS~^{,4,1176494,,,false,4
,GCS~^{,5,1202960,,,false,4
,GCS~^{,6,1154216,,,false,4
,GCS~^{,7,1171396,,,false,4
,GCS~^{,8,1178030,,,false,4
,GCS~^{,9,1170348,,,false,4
,G@U~V{,0,1186409,,,false,4
,G@U~V{,1,1172862,,,false,4
,G@U~V{,2,1185223,,,false,4
,G@U~V{,3,1176982,,,false,4
,G@U~V{,4,1174887,,,false,4
,G@U~V{,5,1190460,,,false,4
,G@U~V{,6,1176354,,,false,4
,G@U~V{,7,1181731,,,false,4
,G@U~V{,8,1179356,,,false,4
,G@U~V{,9,1180474,,,false,4
,GAwzn{,0,1194301,,,false,4
,GAwzn{,1,1176074,,,false,4
,GAwzn{,2,1171186,,,false,4
,GAwzn{,3,1173630,,,false,4
,GAwzn{,4,1182150,,,false,4
,GAwzn{,5,1175725,,,false,4
,GAwzn{,6,1188295,,,false,4
,GAwzn{,7,1173840,,,false,4
,GAwzn{,8,1172862,,,false,4
,GAwzn{,9,1176284,,,false,4
,GCL~V{,0,1189692,,,false,4
,GCL~V{,1,1186340,,,false,4
,GCL~V{,2,1184175,,,false,4
,GCL~V{,3,1193393,,,false,4
,GCL~V{,4,1187807,,,false,4
,GCL~V{,5,1188854,,,false,4
,GCL~V{,6,1194581,,,false,4
,GCL~V{,7,1184804,,,false,4
,GCL~V{,8,1184455,,,false,4
,GCL~V{,9,1212038,,,false,4
,GIJ\v{,0,1236342,,,false,4
,GIJ\v{,1,1237319,,,false,4
,GIJ\v{,2,1213994,,,false,4
,GIJ\v{,3,1166088,,,false,4
,GIJ\v{,4,1177890,,,false,4
,GIJ\v{,5,1183267,,,false,4
,GIJ\v{,6,1170487,,,false,4
,GIJ\v{,7,1176144,,,false,4
,GIJ\v{,8,1167764,,,false,4
,GIJ\v{,9,1170278,,,false,4
,GAlnn{,0,1218603,,,false,4
,GAlnn{,1,1213505,,,false,4
,GAlnn{,2,1203658,,,false,4
,GAlnn{,3,1206173,,,false,4
,GAlnn{,4,1199888,,,false,4
,GAlnn{,5,1210083,,,false,4
,GAlnn{,6,1210154,,,false,4
,GAlnn{,7,1204986,,,false,4
,GAlnn{,8,1201634,,,false,4
,GAlnn{,9,1201075,,,false,4
,GIJ\~{,0,1214553,,,false,4
,GIJ\~{,1,1202402,,,false,4
,GIJ\~{,2,1186620,,,false,4
,GIJ\~{,3,1195418,,,false,4
,GIJ\~{,4,1193044,,,false,4
,GIJ\~{,5,1208896,,,false,4
,GIJ\~{,6,1195349,,,false,4
,GIJ\~{,7,1190111,,,false,4
,GIJ\~{,8,1189204,,,false,4
,GIJ\~{,9,1200516,,,false,4
,GDSz^{,0,1193184,,,false,4
,GDSz^{,1,1175306,,,false,4
,GDSz^{,2,1179775,,,false,4
,GDSz^{,3,1171046,,,false,4
,GDSz^{,4,1189762,,,false,4
,GDSz^{,5,1176703,,,false,4
,GDSz^{,6,1172583,,,false,4
,GDSz^{,7,1176703,,,false,4
,GDSz^{,8,1179497,,,false,4
,GDSz^{,9,1171046,,,false,4
,GCUzv{,0,1182848,,,false,4
,GCUzv{,1,1155752,,,false,4
,GCUzv{,2,1150864,,,false,4
,GCUzv{,3,1159594,,,false,4
,GCUzv{,4,1155333,,,false,4
,GCUzv{,5,1200656,,,false,4
,GCUzv{,6,1210013,,,false,4
,GCUzv{,7,1202122,,,false,4
,GCUzv{,8,1176912,,,false,4
,GCUzv{,9,1137246,,,false,4
,G@]^n{,0,1220419,,,false,4
,G@]^n{,1,1206312,,,false,4
,G@]^n{,2,1199259,,,false,4
,G@]^n{,3,1199329,,,false,4
,G@]^n{,4,1192416,,,false,4
,G@]^n{,5,1209595,,,false,4
,G@]^n{,6,1198630,,,false,4
,G@]^n{,7,1202611,,,false,4
,G@]^n{,8,1199748,,,false,4
,G@]^n{,9,1193882,,,false,4
,G@Z\~{,0,1205474,,,false,4
,G@Z\~{,1,1180125,,,false,4
,G@Z\~{,2,1184455,,,false,4
,G@Z\~{,3,1181940,,,false,4
,G@Z\~{,4,1171255,,,false,4
,G@Z\~{,5,1189064,,,false,4
,G@Z\~{,6,1172513,,,false,4
,G@Z\~{,7,1184943,,,false,4
,G@Z\~{,8,1175935,,,false,4
,G@Z\~{,9,1171465,,,false,4
,GALzv{,0,1166996,,,false,4
,GALzv{,1,1143462,,,false,4
,GALzv{,2,1151353,,,false,4
,GALzv{,3,1139271,,,false,4
,GALzv{,4,1153797,,,false,4
,GALzv{,5,1148769,,,false,4
,GALzv{,6,1160292,,,false,4
,GALzv{,7,1147582,,,false,4
,GALzv{,8,1135780,,,false,4
,GALzv{,9,1147303,,,false,4
,GAL~v{,0,1172583,,,false,4
,GAL~v{,1,1186759,,,false,4
,GAL~v{,2,1199888,,,false,4
,GAL~v{,3,1179147,,,false,4
,GAL~v{,4,1193183,,,false,4
,GAL~v{,5,1182569,,,false,4
,GAL~v{,6,1190460,,,false,4
,GAL~v{,7,1198979,,,false,4
,GAL~v{,8,1187178,,,false,4
,GAL~v{,9,1177681,,,false,4
,GAN~v{,0,1213016,,,false,4
,GAN~v{,1,1226355,,,false,4
,GAN~v{,2,1276985,,,false,4
,GAN~v{,3,1267417,,,false,4
,GAN~v{,4,1226914,,,false,4
,GAN~v{,5,1217066,,,false,4
,GAN~v{,6,1203589,,,false,4
,GAN~v{,7,1210153,,,false,4
,GAN~v{,8,1213226,,,false,4
,GAN~v{,9,1209944,,,false,4
,GDYR^{,0,1173840,,,false,3
,GDYR^{,1,1139551,,,false,3
,GDYR^{,2,1158755,,,false,3
,GDYR^{,3,1131660,,,false,3
,GDYR^{,4,1141716,,,false,3
,GDYR^{,5,1144719,,,false,3
,GDYR^{,6,1143881,,,false,3
,GDYR^{,7,1149258,,,false,3
,GDYR^{,8,1153308,,,false,3
,GDYR^{,9,1141506,,,false,3
,GhCZ^{,0,1116716,,,false,4
,GhCZ^{,1,1129495,,,false,4
,GhCZ^{,2,1128238,,,false,4
,GhCZ^{,3,1137037,,,false,4
,GhCZ^{,4,1133056,,,false,4
,GhCZ^{,5,1126562,,,false,4
,GhCZ^{,6,1122652,,,false,4
,GhCZ^{,7,1121255,,,false,4
,GhCZ^{,8,1132009,,,false,4
,GhCZ^{,9,1121394,,,false,4
,G@^Dn{,0,1164971,,,false,4
,G@^Dn{,1,1139970,,,false,4
,G@^Dn{,2,1154426,,,false,4
,G@^Dn{,3,1132777,,,false,4
,G@^Dn{,4,1141437,,,false,4
,G@^Dn{,5,1150934,,,false,4
,G@^Dn{,6,1135920,,,false,4
,G@^Dn{,7,1156870,,,false,4
,G@^Dn{,8,1135291,,,false,4
,G@^Dn{,9,1145487,,,false,4
,GhC^^{,0,1131730,,,false,4
,GhC^^{,1,1152680,,,false,4
,GhC^^{,2,1148908,,,false,4
,GhC^^{,3,1151004,,,false,4
,GhC^^{,4,1156591,,,false,4
,GhC^^{,5,1147093,,,false,4
,GhC^^{,6,1142484,,,false,4
,GhC^^{,7,1170767,,,false,4
,GhC^^{,8,1201145,,,false,4
,GhC^^{,9,1198491,,,false,4
,GBaj~{,0,1242905,,,false,3
,GBaj~{,1,1179077,,,false,3
,GBaj~{,2,1163434,,,false,3
,GBaj~{,3,1166367,,,false,3
,GBaj~{,4,1176004,,,false,3
,GBaj~{,5,1176563,,,false,3
,GBaj~{,6,1163574,,,false,3
,GBaj~{,7,1178867,,,false,3
,GBaj~{,8,1175167,,,false,3
,GBaj~{,9,1180055,,,false,3
,GCUrV{,0,1097232,,,false,3
,GCUrV{,1,1119579,,,false,3
,GCUrV{,2,1104634,,,false,3
,GCUrV{,3,1112804,,,false,3
,GCUrV{,4,1105123,,,false,3
,GCUrV{,5,1109453,,,false,3
,GCUrV{,6,1110430,,,false,3
,GCUrV{,7,1115318,,,false,3
,GCUrV{,8,1104425,,,false,3
,GCUrV{,9,1113154,,,false,3
,G@UvV{,0,1135291,,,false,4
,G@UvV{,1,1128796,,,false,4
,G@UvV{,2,1118112,,,false,4
,G@UvV{,3,1122442,,,false,4
,G@UvV{,4,1127121,,,false,4
,G@UvV{,5,1119788,,,false,4
,G@UvV{,6,1128378,,,false,4
,G@UvV{,7,1118601,,,false,4
,G@UvV{,8,1125444,,,false,4
,G@UvV{,9,1117903,,,false,4
,GAMjn{,0,1151492,,,false,4
,GAMjn{,1,1164063,,,false,4
,GAMjn{,2,1156940,,,false,4
,GAMjn{,3,1152750,,,false,4
,GAMjn{,4,1160641,,,false,4
,GAMjn{,5,1150515,,,false,4
,GAMjn{,6,1158266,,,false,4
,GAMjn{,7,1160082,,,false,4
,GAMjn{,8,1152191,,,false,4
,GAMjn{,9,1159035,,,false,4
,GANT^{,0,1150445,,,false,3
,GANT^{,1,1135780,,,false,3
,GANT^{,2,1141996,,,false,3
,GANT^{,3,1134034,,,false,3
,GANT^{,4,1164133,,,false,3
,GANT^{,5,1184874,,,false,3
,GANT^{,6,1197933,,,false,3
,GANT^{,7,1188854,,,false,3
,GANT^{,8,1163783,,,false,3
,GANT^{,9,1128866,,,false,3
,GHFK~{,0,1137944,,,false,4
,GHFK~{,1,1155054,,,false,4
,GHFK~{,2,1133545,,,false,4
,GHFK~{,3,1145068,,,false,4
,GHFK~{,4,1142904,,,false,4
,GHFK~{,5,1153937,,,false,4
,GHFK~{,6,1138992,,,false,4
,GHFK~{,7,1144231,,,false,4
,GHFK~{,8,1155403,,,false,4
,GHFK~{,9,1135711,,,false,4
,GPOy~{,0,1164412,,,false,3
,GPOy~{,1,1140529,,,false,3
,GPOy~{,2,1155613,,,false,3
,GPOy~{,3,1152889,,,false,3
,GPOy~{,4,1139132,,,false,3
,GPOy~{,5,1157289,,,false,3
,GPOy~{,6,1136618,,,false,3
,GPOy~{,7,1139062,,,false,3
,GPOy~{,8,1154426,,,false,3
,GPOy~{,9,1138993,,,false,3
,GDPk~{,0,1148699,,,false,3
,GDPk~{,1,1152680,,,false,3
,GDPk~{,2,1156939,,,false,3
,GDPk~{,3,1152261,,,false,3
,GDPk~{,4,1157568,,,false,3
,GDPk~{,5,1150655,,,false,3
,GDPk~{,6,1150515,,,false,3
,GDPk~{,7,1164621,,,false,3
,GDPk~{,8,1142693,,,false,3
,GDPk~{,9,1156870,,,false,3
,GCSz^{,0,1155404,,,false,3
,GCSz^{,1,1157848,,,false,3
,GCSz^{,2,1139202,,,false,3
,GCSz^{,3,1141995,,,false,3
,GCSz^{,4,1152470,,,false,3
,GCSz^{,5,1149607,,,false,3
,GCSz^{,6,1149118,,,false,3
,GCSz^{,7,1148071,,,false,3
,GCSz^{,8,1140738,,,false,3
,GCSz^{,9,1146744,,,false,3
,G@oy~{,0,1131101,,,false,3
,G@oy~{,1,1168532,,,false,3
,G@oy~{,2,1207290,,,false,3
,G@oy~{,3,1196186,,,false,3
,G@oy~{,4,1207011,,,false,3
,G@oy~{,5,1166367,,,false,3
,G@oy~{,6,1141297,,,false,3
,G@oy~{,7,1140598,,,false,3
,G@oy~{,8,1149607,,,false,3
,G@oy~{,9,1137037,,,false,3
,G@hu~{,0,1177261,,,false,4
,G@hu~{,1,1183616,,,false,4
,G@hu~{,2,1183477,,,false,4
,G@hu~{,3,1186899,,,false,4
,G@hu~{,4,1184594,,,false,4
,G@hu~{,5,1191857,,,false,4
,G@hu~{,6,1178658,,,false,4
,G@hu~{,7,1184384,,,false,4
,G@hu~{,8,1191368,,,false,4
,G@hu~{,9,1182499,,,false,4
,GB_~^{,0,1192066,,,false,4
,GB_~^{,1,1161410,,,false,4
,GB_~^{,2,1186829,,,false,4
,GB_~^{,3,1163574,,,false,4
,GB_~^{,4,1178169,,,false,4
,GB_~^{,5,1167834,,,false,4
,GB_~^{,6,1184943,,,false,4
,GB_~^{,7,1169021,,,false,4
,GB_~^{,8,1176284,,,false,4
,GB_~^{,9,1177680,,,false,4
,GCLm~{,0,1161689,,,false,3
,GCLm~{,1,1191577,,,false,3
,GCLm~{,2,1171047,,,false,3
,GCLm~{,3,1182499,,,false,3
,GCLm~{,4,1178798,,,false,3
,GCLm~{,5,1176284,,,false,3
,GCLm~{,6,1179915,,,false,3
,GCLm~{,7,1169300,,,false,3
,GCLm~{,8,1176074,,,false,3
,GCLm~{,9,1173910,,,false,3
,GGeZf{,0,1096045,,,false,3
,GGeZf{,1,1079704,,,false,3
,GGeZf{,2,1083265,,,false,3
,GGeZf{,3,1085220,,,false,3
,GGeZf{,4,1083056,,,false,3
,GGeZf{,5,1092343,,,false,3
,GGeZf{,6,1077399,,,false,3
,GGeZf{,7,1085220,,,false,3
,GGeZf{,8,1094369,,,false,3
,GGeZf{,9,1141297,,,false,3
,G_K~f{,0,1148140,,,false,4
,G_K~f{,1,1163295,,,false,4
,G_K~f{,2,1109173,,,false,4
,G_K~f{,3,1147093,,,false,4
,G_K~f{,4,1105822,,,false,4
,G_K~f{,5,1137596,,,false,4
,G_K~f{,6,1111478,,,false,4
,G_K~f{,7,1114620,,,false,4
,G_K~f{,8,1120208,,,false,4
,G_K~f{,9,1105751,,,false,4
,G`FH~{,0,1126074,,,false,3
,G`FH~{,1,1130333,,,false,3
,G`FH~{,2,1137735,,,false,3
,G`FH~{,3,1138084,,,false,3
,G`FH~{,4,1132847,,,false,3
,G`FH~{,5,1127121,,,false,3
,G`FH~{,6,1135221,,,false,3
,G`FH~{,7,1126213,,,false,3
,G`FH~{,8,1135222,,,false,3
,G`FH~{,9,1123001,,,false,3
,G_ox~{,0,1142484,,,false,3
,G_ox~{,1,1116716,,,false,3
,G_ox~{,2,1120486,,,false,3
,G_ox~{,3,1116436,,,false,3
,G_ox~{,4,1120905,,,false,3
,G_ox~{,5,1109732,,,false,3
,G_ox~{,6,1118112,,,false,3
,G_ox~{,7,1110500,,,false,3
,G_ox~{,8,1125166,,,false,3
,G_ox~{,9,1116855,,,false,3
,G_K~n{,0,1133685,,,false,4
,G_K~n{,1,1150724,,,false,4
,G_K~n{,2,1137525,,,false,4
,G_K~n{,3,1155474,,,false,4
,G_K~n{,4,1147163,,,false,4
,G_K~n{,5,1158267,,,false,4
,G_K~n{,6,1146954,,,false,4
,G_K~n{,7,1139901,,,false,4
,G_K~n{,8,1145487,,,false,4
,G_K~n{,9,1142484,,,false,4
,G@Nev{,0,1154495,,,false,4
,G@Nev{,1,1137735,,,false,4
,G@Nev{,2,1137526,,,false,4
,G@Nev{,3,1130752,,,false,4
,G@Nev{,4,1139900,,,false,4
,G@Nev{,5,1122861,,,false,4
,G@Nev{,6,1180544,,,false,4
,G@Nev{,7,1194999,,,false,4
,G@Nev{,8,1191647,,,false,4
,G@Nev{,9,1187597,,,false,4
,G@NU^{,0,1125724,,,false,3
,G@NU^{,1,1135850,,,false,3
,G@NU^{,2,1134803,,,false,3
,G@NU^{,3,1149049,,,false,3
,G@NU^{,4,1137806,,,false,3
,G@NU^{,5,1136898,,,false,3
,G@NU^{,6,1147652,,,false,3
,G@NU^{,7,1136339,,,false,3
,G@NU^{,8,1147372,,,false,3
,G@NU^{,9,1139202,,,false,3
,G@NJn{,0,1145487,,,false,4
,G@NJn{,1,1142694,,,false,4
,G@NJn{,2,1145348,,,false,4
,G@NJn{,3,1146954,,,false,4
,G@NJn{,4,1136757,,,false,4
,G@NJn{,5,1144369,,,false,4
,G@NJn{,6,1147443,,,false,4
,G@NJn{,7,1139900,,,false,4
,G@NJn{,8,1150166,,,false,4
,G@NJn{,9,1142903,,,false,4
,G@Ne~{,0,1170139,,,false,4
,G@Ne~{,1,1161967,,,false,4
,G@Ne~{,2,1166157,,,false,4
,G@Ne~{,3,1162945,,,false,4
,G@Ne~{,4,1163993,,,false,4
,G@Ne~{,5,1154426,,,false,4
,G@Ne~{,6,1163575,,,false,4
,G@Ne~{,7,1156451,,,false,4
,G@Ne~{,8,1178239,,,false,4
,G@Ne~{,9,1155194,,,false,4
,GCdj~{,0,1164342,,,false,3
,GCdj~{,1,1181032,,,false,3
,GCdj~{,2,1171535,,,false,3
,GCdj~{,3,1179078,,,false,3
,GCdj~{,4,1178379,,,false,3
,GCdj~{,5,1175097,,,false,3
,GCdj~{,6,1172652,,,false,3
,GCdj~{,7,1171535,,,false,3
,GCdj~{,8,1180334,,,false,3
,GCdj~{,9,1185362,,,false,3
,G@rvv{,0,1180474,,,false,4
,G@rvv{,1,1165669,,,false,4
,G@rvv{,2,1171745,,,false,4
,G@rvv{,3,1208966,,,false,4
,G@rvv{,4,1228171,,,false,4
,G@rvv{,5,1210782,,,false,4
,G@rvv{,6,1197304,,,false,4
,G@rvv{,7,1145278,,,false,4
,G@rvv{,8,1184874,,,false,4
,G@rvv{,9,1153588,,,false,4
,G_Nrv{,0,1157289,,,false,4
,G_Nrv{,1,1171605,,,false,4
,G_Nrv{,2,1162876,,,false,4
,G_Nrv{,3,1165949,,,false,4
,G_Nrv{,4,1161619,,,false,4
,G_Nrv{,5,1161549,,,false,4
,G_Nrv{,6,1159733,,,false,4
,G_Nrv{,7,1164062,,,false,4
,G_Nrv{,8,1160361,,,false,4
,G_Nrv{,9,1163015,,,false,4
,GC]r^{,0,1200097,,,false,4
,GC]r^{,1,1176144,,,false,4
,GC]r^{,2,1175307,,,false,4
,GC]r^{,3,1186410,,,false,4
,GC]r^{,4,1177680,,,false,4
,GC]r^{,5,1171954,,,false,4
,GC]r^{,6,1176703,,,false,4
,GC]r^{,7,1179496,,,false,4
,GC]r^{,8,1164831,,,false,4
,GC]r^{,9,1185083,,,false,4
,G_Mzv{,0,1179566,,,false,4
,G_Mzv{,1,1165390,,,false,4
,G_Mzv{,2,1158057,,,false,4
,G_Mzv{,3,1162177,,,false,4
,G_Mzv{,4,1166297,,,false,4
,G_Mzv{,5,1160502,,,false,4
,G_Mzv{,6,1173560,,,false,4
,G_Mzv{,7,1154845,,,false,4
,G_Mzv{,8,1166367,,,false,4
,G_Mzv{,9,1144439,,,false,4
,G_[~n{,0,1200377,,,false,4
,G_[~n{,1,1205405,,,false,4
,G_[~n{,2,1183127,,,false,4
,G_[~n{,3,1195558,,,false,4
,G_[~n{,4,1178589,,,false,4
,G_[~n{,5,1199678,,,false,4
,G_[~n{,6,1192834,,,false,4
,G_[~n{,7,1189761,,,false,4
,G_[~n{,8,1203519,,,false,4
,G_[~n{,9,1248003,,,false,4
,G_Nr~{,0,1232779,,,false,4
,G_Nr~{,1,1262179,,,false,4
,G_Nr~{,2,1194511,,,false,4
,G_Nr~{,3,1175935,,,false,4
,G_Nr~{,4,1176563,,,false,4
,G_Nr~{,5,1194929,,,false,4
,G_Nr~{,6,1182988,,,false,4
,G_Nr~{,7,1182569,,,false,4
,G_Nr~{,8,1178658,,,false,4
,G_Nr~{,9,1199608,,,false,4
,GgEzv{,0,1170487,,,false,4
,GgEzv{,1,1172024,,,false,4
,GgEzv{,2,1151493,,,false,4
,GgEzv{,3,1156312,,,false,4
,GgEzv{,4,1165250,,,false,4
,GgEzv{,5,1158825,,,false,4
,GgEzv{,6,1166856,,,false,4
,GgEzv{,7,1162317,,,false,4
,GgEzv{,8,1168044,,,false,4
,GgEzv{,9,1158057,,,false,4
,G@pzv{,0,1170977,,,false,4
,G@pzv{,1,1155683,,,false,4
,G@pzv{,2,1184315,,,false,4
,G@pzv{,3,1164761,,,false,4
,G@pzv{,4,1156381,,,false,4
,G@pzv{,5,1161898,,,false,4
,G@pzv{,6,1156870,,,false,4
,G@pzv{,7,1169650,,,false,4
,G@pzv{,8,1166647,,,false,4
,G@pzv{,9,1165878,,,false,4
,G@lu^{,0,1186550,,,false,4
,G@lu^{,1,1172093,,,false,4
,G@lu^{,2,1182150,,,false,4
,G@lu^{,3,1175376,,,false,4
,G@lu^{,4,1176912,,,false,4
,G@lu^{,5,1168672,,,false,4
,G@lu^{,6,1170906,,,false,4
,G@lu^{,7,1167764,,,false,4
,G@lu^{,8,1180613,,,false,4
,G@lu^{,9,1163364,,,false,4
,G@p~v{,0,1212179,,,false,4
,G@p~v{,1,1200307,,,false,4
,G@p~v{,2,1208198,,,false,4
,G@p~v{,3,1191647,,,false,4
,G@p~v{,4,1219511,,,false,4
,G@p~v{,5,1234386,,,false,4
,G@p~v{,6,1233757,,,false,4
,G@p~v{,7,1237598,,,false,4
,G@p~v{,8,1216927,,,false,4
,G@p~v{,9,1174957,,,false,4
,G@r~v{,0,1192835,,,false,4
,G@r~v{,1,1187597,,,false,4
,G@r~v{,2,1191856,,,false,4
,G@r~v{,3,1196466,,,false,4
,G@r~v{,4,1187248,,,false,4
,G@r~v{,5,1180823,,,false,4
,G@r~v{,6,1182499,,,false,4
,G@r~v{,7,1196466,,,false,4
,G@r~v{,8,1187736,,,false,4
,G@r~v{,9,1181033,,,false,4
,Gw?W~{,0,1045694,,,false,3
,Gw?W~{,1,1025093,,,false,3
,Gw?W~{,2,1027817,,,false,3
,Gw?W~{,3,1025164,,,false,3
,Gw?W~{,4,1030401,,,false,3
,Gw?W~{,5,1035848,,,false,3
,Gw?W~{,6,1034731,,,false,3
,Gw?W~{,7,1023557,,,false,3
,Gw?W~{,8,1023347,,,false,3
,Gw?W~{,9,1036267,,,false,3
,G@ou^{,0,1110990,,,false,3
,G@ou^{,1,1107218,,,false,3
,G@ou^{,2,1087595,,,false,3
,G@ou^{,3,1095695,,,false,3
,G@ou^{,4,1088573,,,false,3
,G@ou^{,5,1093531,,,false,3
,G@ou^{,6,1083265,,,false,3
,G@ou^{,7,1092064,,,false,3
,G@ou^{,8,1091576,,,false,3
,G@ou^{,9,1098210,,,false,3
,GEGi~{,0,1123559,,,false,3
,GEGi~{,1,1117903,,,false,3
,GEGi~{,2,1119789,,,false,3
,GEGi~{,3,1111338,,,false,3
,GEGi~{,4,1105403,,,false,3
,GEGi~{,5,1112247,,,false,3
,GEGi~{,6,1103936,,,false,3
,GEGi~{,7,1116646,,,false,3
,GEGi~{,8,1106380,,,false,3
,GEGi~{,9,1110011,,,false,3
,GEGm~{,0,1143113,,,false,3
,GEGm~{,1,1124467,,,false,3
,GEGm~{,2,1126562,,,false,3
,GEGm~{,3,1151423,,,false,3
,GEGm~{,4,1186689,,,false,3
,GEGm~{,5,1170488,,,false,3
,GEGm~{,6,1161270,,,false,3
,GEGm~{,7,1123419,,,false,3
,GEGm~{,8,1128936,,,false,3
,GEGm~{,9,1118811,,,false,3
,G@Nmv{,0,1157568,,,false,4
,G@Nmv{,1,1172862,,,false,4
,G@Nmv{,2,1159593,,,false,4
,G@Nmv{,3,1171954,,,false,4
,G@Nmv{,4,1167345,,,false,4
,G@Nmv{,5,1160222,,,false,4
,G@Nmv{,6,1182360,,,false,4
,G@Nmv{,7,1163854,,,false,4
,G@Nmv{,8,1173351,,,false,4
,G@Nmv{,9,1165181,,,false,4
,G@Nm~{,0,1190739,,,false,4
,G@Nm~{,1,1198770,,,false,4
,G@Nm~{,2,1165180,,,false,4
,G@Nm~{,3,1200307,,,false,4
,G@Nm~{,4,1180614,,,false,4
,G@Nm~{,5,1188086,,,false,4
,G@Nm~{,6,1208547,,,false,4
,G@Nm~{,7,1174958,,,false,4
,G@Nm~{,8,1191927,,,false,4
,G@Nm~{,9,1181801,,,false,4
,GpHY~{,0,1154217,,,false,4
,GpHY~{,1,1163225,,,false,4
,GpHY~{,2,1169999,,,false,4
,GpHY~{,3,1171675,,,false,4
,GpHY~{,4,1151493,,,false,4
,GpHY~{,5,1167346,,,false,4
,GpHY~{,6,1151772,,,false,4
,GpHY~{,7,1149328,,,false,4
,GpHY~{,8,1161619,,,false,4
,GpHY~{,9,1157010,,,false,4
,G@vfn{,0,1193114,,,false,4
,G@vfn{,1,1179986,,,false,4
,G@vfn{,2,1180125,,,false,4
,G@vfn{,3,1192695,,,false,4
,G@vfn{,4,1182848,,,false,4
,G@vfn{,5,1184525,,,false,4
,G@vfn{,6,1179357,,,false,4
,G@vfn{,7,1180125,,,false,4
,G@vfn{,8,1190950,,,false,4
,G@vfn{,9,1210712,,,false,4
,G_lr~{,0,1261901,,,false,4
,G_lr~{,1,1246468,,,false,4
,G_lr~{,2,1269513,,,false,4
,G_lr~{,3,1169930,,,false,4
,G_lr~{,4,1205684,,,false,4
,G_lr~{,5,1184594,,,false,4
,G_lr~{,6,1198352,,,false,4
,G_lr~{,7,1212318,,,false,4
,G_lr~{,8,1191927,,,false,4
,G_lr~{,9,1193393,,,false,4
,GFY^^{,0,1230196,,,false,4
,GFY^^{,1,1223352,,,false,4
,GFY^^{,2,1205265,,,false,4
,GFY^^{,3,1215461,,,false,4
,GFY^^{,4,1214204,,,false,4
,GFY^^{,5,1215880,,,false,4
,GFY^^{,6,1219302,,,false,4
,GFY^^{,7,1221257,,,false,4
,GFY^^{,8,1211621,,,false,4
,GFY^^{,9,1222863,,,false,4
,GCx~n{,0,1232640,,,false,4
,GCx~n{,1,1232361,,,false,4
,GCx~n{,2,1211550,,,false,4
,GCx~n{,3,1219302,,,false,4
,GCx~n{,4,1225587,,,false,4
,GCx~n{,5,1218254,,,false,4
,GCx~n{,6,1211690,,,false,4
,GCx~n{,7,1215462,,,false,4
,GCx~n{,8,1222933,,,false,4
,GCx~n{,9,1222445,,,false,4
,GC|rn{,0,1203380,,,false,4
,GC|rn{,1,1190670,,,false,4
,GC|rn{,2,1184315,,,false,4
,GC|rn{,3,1197165,,,false,4
,GC|rn{,4,1189692,,,false,4
,GC|rn{,5,1174538,,,false,4
,GC|rn{,6,1186131,,,false,4
,GC|rn{,7,1189482,,,false,4
,GC|rn{,8,1192625,,,false,4
,GC|rn{,9,1189134,,,false,4
,GC^r~{,0,1230824,,,false,4
,GC^r~{,1,1225727,,,false,4
,GC^r~{,2,1228450,,,false,4
,GC^r~{,3,1216439,,,false,4
,GC^r~{,4,1271817,,,false,4
,GC^r~{,5,1277543,,,false,4
,GC^r~{,6,1282223,,,false,4
,GC^r~{,7,1256524,,,false,4
,GC^r~{,8,1213157,,,false,4
,GC^r~{,9,1223632,,,false,4
,GDxZn{,0,1222026,,,false,4
,GDxZn{,1,1203520,,,false,4
,GDxZn{,2,1201983,,,false,4
,GDxZn{,3,1212039,,,false,4
,GDxZn{,4,1207500,,,false,4
,GDxZn{,5,1215671,,,false,4
,GDxZn{,6,1198561,,,false,4
,GDxZn{,7,1210992,,,false,4
,GDxZn{,8,1196955,,,false,4
,GDxZn{,9,1229707,,,false,4
,G@^u~{,0,1227403,,,false,4
,G@^u~{,1,1252683,,,false,4
,G@^u~{,2,1214972,,,false,4
,G@^u~{,3,1235503,,,false,4
,G@^u~{,4,1213575,,,false,4
,G@^u~{,5,1227194,,,false,4
,G@^u~{,6,1220698,,,false,4
,G@^u~{,7,1224679,,,false,4
,G@^u~{,8,1229079,,,false,4
,G@^u~{,9,1221606,,,false,4
,G_}rn{,0,1201215,,,false,4
,G_}rn{,1,1188575,,,false,4
,G_}rn{,2,1197444,,,false,4
,G_}rn{,3,1186410,,,false,4
,G_}rn{,4,1195559,,,false,4
,G_}rn{,5,1183058,,,false,4
,G_}rn{,6,1194231,,,false,4
,G_}rn{,7,1190670,,,false,4
,G_}rn{,8,1190251,,,false,4
,G_}rn{,9,1179217,,,false,4
,GC~r~{,0,1224399,,,false,4
,GC~r~{,1,1241648,,,false,4
,GC~r~{,2,1238715,,,false,4
,GC~r~{,3,1239064,,,false,4
,GC~r~{,4,1222654,,,false,4
,GC~r~{,5,1234455,,,false,4
,GC~r~{,6,1232151,,,false,4
,GC~r~{,7,1226216,,,false,4
,GC~r~{,8,1243395,,,false,4
,GC~r~{,9,1307013,,,false,4
,GiIX~{,0,1237599,,,false,4
,GiIX~{,1,1227891,,,false,4
,GiIX~{,2,1155404,,,false,4
,GiIX~{,3,1187248,,,false,4
,GiIX~{,4,1165390,,,false,4
,GiIX~{,5,1176215,,,false,4
,GiIX~{,6,1155753,,,false,4
,GiIX~{,7,1175586,,,false,4
,GiIX~{,8,1157080,,,false,4
,GiIX~{,9,1173491,,,false,4
,GDdj^{,0,1178729,,,false,4
,GDdj^{,1,1154985,,,false,4
,GDdj^{,2,1163784,,,false,4
,GDdj^{,3,1164762,,,false,4
,GDdj^{,4,1171465,,,false,4
,GDdj^{,5,1171605,,,false,4
,GDdj^{,6,1163085,,,false,4
,GDdj^{,7,1174678,,,false,4
,GDdj^{,8,1156381,,,false,4
,GDdj^{,9,1165041,,,false,4
,GHpX~{,0,1182639,,,false,4
,GHpX~{,1,1172443,,,false,4
,GHpX~{,2,1162737,,,false,4
,GHpX~{,3,1176773,,,false,4
,GHpX~{,4,1165390,,,false,4
,GHpX~{,5,1165809,,,false,4
,GHpX~{,6,1178588,,,false,4
,GHpX~{,7,1170000,,,false,4
,GHpX~{,8,1158686,,,false,4
,GHpX~{,9,1172303,,,false,4
,GDLm^{,0,1178798,,,false,4
,GDLm^{,1,1176075,,,false,4
,GDLm^{,2,1180474,,,false,4
,GDLm^{,3,1183058,,,false,4
,GDLm^{,4,1179636,,,false,4
,GDLm^{,5,1173840,,,false,4
,GDLm^{,6,1173352,,,false,4
,GDLm^{,7,1190670,,,false,4
,GDLm^{,8,1162247,,,false,4
,GDLm^{,9,1188994,,,false,4
,GJQk~{,0,1136618,,,false,4
,GJQk~{,1,1167555,,,false,4
,GJQk~{,2,1162806,,,false,4
,GJQk~{,3,1169860,,,false,4
,GJQk~{,4,1193254,,,false,4
,GJQk~{,5,1200098,,,false,4
,GJQk~{,6,1214414,,,false,4
,GJQk~{,7,1233059,,,false,4
,GJQk~{,8,1175795,,,false,4
,GJQk~{,9,1166647,,,false,4
,GIdl~{,0,1178380,,,false,4
,GIdl~{,1,1201564,,,false,4
,GIdl~{,2,1209804,,,false,4
,GIdl~{,3,1198771,,,false,4
,GIdl~{,4,1214902,,,false,4
,GIdl~{,5,1190809,,,false,4
,GIdl~{,6,1205475,,,false,4
,GIdl~{,7,1206522,,,false,4
,GIdl~{,8,1198980,,,false,4
,GIdl~{,9,1202682,,,false,4
,GBiZ~{,0,1185432,,,false,4
,GBiZ~{,1,1209246,,,false,4
,GBiZ~{,2,1209874,,,false,4
,GBiZ~{,3,1193603,,,false,4
,GBiZ~{,4,1219721,,,false,4
,GBiZ~{,5,1183058,,,false,4
,GBiZ~{,6,1216927,,,false,4
,GBiZ~{,7,1200377,,,false,4
,GBiZ~{,8,1198491,,,false,4
,GBiZ~{,9,1206452,,,false,4
,GAlv^{,0,1214274,,,false,4
,GAlv^{,1,1220070,,,false,4
,GAlv^{,2,1198072,,,false,4
,GAlv^{,3,1210363,,,false,4
,GAlv^{,4,1195698,,,false,4
,GAlv^{,5,1210713,,,false,4
,GAlv^{,6,1198212,,,false,4
,GAlv^{,7,1213017,,,false,4
,GAlv^{,8,1198142,,,false,4
,GAlv^{,9,1217556,,,false,4
,GA\t~{,0,1189413,,,false,4
,GA\t~{,1,1194022,,,false,4
,GA\t~{,2,1199958,,,false,4
,GA\t~{,3,1191648,,,false,4
,GA\t~{,4,1200936,,,false,4
,GA\t~{,5,1203030,,,false,4
,GA\t~{,6,1188854,,,false,4
,GA\t~{,7,1191648,,,false,4
,GA\t~{,8,1199189,,,false,4
,GA\t~{,9,1170837,,,false,4
,G@lu~{,0,1257850,,,false,4
,G@lu~{,1,1270560,,,false,4
,G@lu~{,2,1238576,,,false,4
,G@lu~{,3,1219931,,,false,4
,G@lu~{,4,1213575,,,false,4
,G@lu~{,5,1209176,,,false,4
,G@lu~{,6,1197304,,,false,4
,G@lu~{,7,1213854,,,false,4
,G@lu~{,8,1210083,,,false,4
,G@lu~{,9,1201773,,,false,4
,GMhX~{,0,1200237,,,false,5
,GMhX~{,1,1190879,,,false,5
,GMhX~{,2,1204566,,,false,5
,GMhX~{,3,1212039,,,false,5
,GMhX~{,4,1199888,,,false,5
,GMhX~{,5,1201355,,,false,5
,GMhX~{,6,1196606,,,false,5
,GMhX~{,7,1218394,,,false,5
,GMhX~{,8,1198631,,,false,5
,GMhX~{,9,1197094,,,false,5
,GRW}~{,0,1237948,,,false,5
,GRW}~{,1,1217766,,,false,5
,GRW}~{,2,1230196,,,false,5
,GRW}~{,3,1222165,,,false,5
,GRW}~{,4,1218254,,,false,5
,GRW}~{,5,1227193,,,false,5
,GRW}~{,6,1219093,,,false,5
,GRW}~{,7,1222514,,,false,5
,GRW}~{,8,1213506,,,false,5
,GRW}~{,9,1225447,,,false,5
,GBZ\~{,0,1235922,,,false,4
,GBZ\~{,1,1218394,,,false,4
,GBZ\~{,2,1222235,,,false,4
,GBZ\~{,3,1219512,,,false,4
,GBZ\~{,4,1212249,,,false,4
,GBZ\~{,5,1228799,,,false,4
,GBZ\~{,6,1203030,,,false,4
,GBZ\~{,7,1221188,,,false,4
,GBZ\~{,8,1215950,,,false,4
,GBZ\~{,9,1221327,,,false,4
,GRWy~{,0,1176494,,,false,4
,GRWy~{,1,1186899,,,false,4
,GRWy~{,2,1178799,,,false,4
,GRWy~{,3,1197793,,,false,4
,GRWy~{,4,1229357,,,false,4
,GRWy~{,5,1239833,,,false,4
,GRWy~{,6,1236062,,,false,4
,GRWy~{,7,1221676,,,false,4
,GRWy~{,8,1183547,,,false,4
,GRWy~{,9,1192485,,,false,4
,GJXX~{,0,1120836,,,false,5
,GJXX~{,1,1144580,,,false,5
,GJXX~{,2,1132289,,,false,5
,GJXX~{,3,1145697,,,false,5
,GJXX~{,4,1138155,,,false,5
,GJXX~{,5,1137247,,,false,5
,GJXX~{,6,1140948,,,false,5
,GJXX~{,7,1140668,,,false,5
,GJXX~{,8,1132079,,,false,5
,GJXX~{,9,1140110,,,false,5
,GIL~v{,0,1210154,,,false,5
,GIL~v{,1,1199259,,,false,5
,GIL~v{,2,1193534,,,false,5
,GIL~v{,3,1194511,,,false,5
,GIL~v{,4,1207988,,,false,5
,GIL~v{,5,1190390,,,false,5
,GIL~v{,6,1192066,,,false,5
,GIL~v{,7,1205125,,,false,5
,GIL~v{,8,1194441,,,false,5
,GIL~v{,9,1212109,,,false,5
,GIN~v{,0,1217626,,,false,5
,GIN~v{,1,1223702,,,false,5
,GIN~v{,2,1224679,,,false,5
,GIN~v{,3,1217836,,,false,5
,GIN~v{,4,1233478,,,false,5
,GIN~v{,5,1216439,,,false,5
,GIN~v{,6,1218813,,,false,5
,GIN~v{,7,1221955,,,false,5
,GIN~v{,8,1226844,,,false,5
,GIN~v{,9,1224609,,,false,5
,GINT^{,0,1164692,,,false,4
,GINT^{,1,1166996,,,false,4
,GINT^{,2,1163155,,,false,4
,GINT^{,3,1164413,,,false,4
,GINT^{,4,1177053,,,false,4
,GINT^{,5,1161409,,,false,4
,GINT^{,6,1159804,,,false,4
,GINT^{,7,1161898,,,false,4
,GINT^{,8,1147303,,,false,4
,GINT^{,9,1185852,,,false,4
,G`XX~{,0,1229009,,,false,4
,G`XX~{,1,1209315,,,false,4
,G`XX~{,2,1210642,,,false,4
,G`XX~{,3,1183477,,,false,4
,G`XX~{,4,1157149,,,false,4
,G`XX~{,5,1168812,,,false,4
,G`XX~{,6,1156033,,,false,4
,G`XX~{,7,1159943,,,false,4
,G`XX~{,8,1159874,,,false,4
,G`XX~{,9,1153378,,,false,4
,GBpl~{,0,1247235,,,false,4
,GBpl~{,1,1214064,,,false,4
,GBpl~{,2,1207151,,,false,4
,GBpl~{,3,1215670,,,false,4
,GBpl~{,4,1225238,,,false,4
,GBpl~{,5,1214344,,,false,4
,GBpl~{,6,1213995,,,false,4
,GBpl~{,7,1215321,,,false,4
,GBpl~{,8,1214902,,,false,4
,GBpl~{,9,1205544,,,false,4
,G`X\~{,0,1206104,,,false,4
,G`X\~{,1,1212947,,,false,4
,G`X\~{,2,1191298,,,false,4
,G`X\~{,3,1204497,,,false,4
,G`X\~{,4,1196327,,,false,4
,G`X\~{,5,1197514,,,false,4
,G`X\~{,6,1198352,,,false,4
,G`X\~{,7,1190669,,,false,4
,G`X\~{,8,1212039,,,false,4
,G`X\~{,9,1192974,,,false,4
,GqSp^{,0,1139692,,,false,4
,GqSp^{,1,1122582,,,false,4
,GqSp^{,2,1125096,,,false,4
,GqSp^{,3,1131939,,,false,4
,GqSp^{,4,1125166,,,false,4
,GqSp^{,5,1130334,,,false,4
,GqSp^{,6,1127261,,,false,4
,GqSp^{,7,1128867,,,false,4
,GqSp^{,8,1118322,,,false,4
,GqSp^{,9,1129285,,,false,4
,GoS~f{,0,1154915,,,false,4
,GoS~f{,1,1166717,,,false,4
,GoS~f{,2,1157359,,,false,4
,GoS~f{,3,1166298,,,false,4
,GoS~f{,4,1146675,,,false,4
,GoS~f{,5,1154217,,,false,4
,GoS~f{,6,1214204,,,false,4
,GoS~f{,7,1215251,,,false,4
,GoS~f{,8,1197374,,,false,4
,GoS~f{,9,1166717,,,false,4
,GqHX~{,0,1169440,,,false,4
,GqHX~{,1,1156451,,,false,4
,GqHX~{,2,1174608,,,false,4
,GqHX~{,3,1170278,,,false,4
,GqHX~{,4,1164692,,,false,4
,GqHX~{,5,1176144,,,false,4
,GqHX~{,6,1170279,,,false,4
,GqHX~{,7,1159803,,,false,4
,GqHX~{,8,1170209,,,false,4
,GqHX~{,9,1163016,,,false,4
,GhFH~{,0,1161479,,,false,4
,GhFH~{,1,1171047,,,false,4
,GhFH~{,2,1165321,,,false,4
,GhFH~{,3,1178379,,,false,4
,GhFH~{,4,1170139,,,false,4
,GhFH~{,5,1169371,,,false,4
,GhFH~{,6,1163434,,,false,4
,GhFH~{,7,1170348,,,false,4
,GhFH~{,8,1168463,,,false,4
,GhFH~{,9,1162596,,,false,4
,GaMjn{,0,1164692,,,false,4
,GaMjn{,1,1175167,,,false,4
,GaMjn{,2,1175935,,,false,4
,GaMjn{,3,1157220,,,false,4
,GaMjn{,4,1169441,,,false,4
,GaMjn{,5,1163784,,,false,4
,GaMjn{,6,1164832,,,false,4
,GaMjn{,7,1158546,,,false,4
,GaMjn{,8,1164412,,,false,4
,GaMjn{,9,1186410,,,false,4
,GIMk~{,0,1172443,,,false,4
,GIMk~{,1,1188226,,,false,4
,GIMk~{,2,1175097,,,false,4
,GIMk~{,3,1185852,,,false,4
,GIMk~{,4,1164482,,,false,4
,GIMk~{,5,1179567,,,false,4
,GIMk~{,6,1166508,,,false,4
,GIMk~{,7,1171815,,,false,4
,GIMk~{,8,1175237,,,false,4
,GIMk~{,9,1166368,,,false,4
,G`Vd~{,0,1211970,,,false,4
,G`Vd~{,1,1215251,,,false,4
,G`Vd~{,2,1247585,,,false,4
,G`Vd~{,3,1263367,,,false,4
,G`Vd~{,4,1254219,,,false,4
,G`Vd~{,5,1225657,,,false,4
,G`Vd~{,6,1179566,,,false,4
,G`Vd~{,7,1183268,,,false,4
,G`Vd~{,8,1214344,,,false,4
,G`Vd~{,9,1175585,,,false,4
,GQlu^{,0,1193393,,,false,4
,GQlu^{,1,1198212,,,false,4
,GQlu^{,2,1204357,,,false,4
,GQlu^{,3,1195977,,,false,4
,GQlu^{,4,1202890,,,false,4
,GQlu^{,5,1191927,,,false,4
,GQlu^{,6,1186410,,,false,4
,GQlu^{,7,1190950,,,false,4
,GQlu^{,8,1189762,,,false,4
,GQlu^{,9,1195908,,,false,4
,GdSz^{,0,1190600,,,false,4
,GdSz^{,1,1209664,,,false,4
,GdSz^{,2,1218673,,,false,4
,GdSz^{,3,1212598,,,false,4
,GdSz^{,4,1218394,,,false,4
,GdSz^{,5,1210642,,,false,4
,GdSz^{,6,1210573,,,false,4
,GdSz^{,7,1235294,,,false,4
,GdSz^{,8,1193812,,,false,4
,GdSz^{,9,1211829,,,false,4
,GKszn{,0,1220210,,,false,4
,GKszn{,1,1218394,,,false,4
,GKszn{,2,1211900,,,false,4
,GKszn{,3,1212109,,,false,4
,GKszn{,4,1201983,,,false,4
,GKszn{,5,1198841,,,false,4
,GKszn{,6,1198840,,,false,4
,GKszn{,7,1218394,,,false,4
,GKszn{,8,1186410,,,false,4
,GKszn{,9,1212528,,,false,4
,GbM^^{,0,1214064,,,false,4
,GbM^^{,1,1242067,,,false,4
,GbM^^{,2,1215182,,,false,4
,GbM^^{,3,1240741,,,false,4
,GbM^^{,4,1233059,,,false,4
,GbM^^{,5,1238227,,,false,4
,GbM^^{,6,1242556,,,false,4
,GbM^^{,7,1292628,,,false,4
,GbM^^{,8,1298005,,,false,4
,GbM^^{,9,1266650,,,false,4
,GQqz~{,0,1219512,,,false,4
,GQqz~{,1,1226635,,,false,4
,GQqz~{,2,1231802,,,false,4
,GQqz~{,3,1227752,,,false,4
,GQqz~{,4,1209665,,,false,4
,GQqz~{,5,1212877,,,false,4
,GQqz~{,6,1216020,,,false,4
,GQqz~{,7,1217277,,,false,4
,GQqz~{,8,1211341,,,false,4
,GQqz~{,9,1208966,,,false,4
,GDlr^{,0,1207709,,,false,4
,GDlr^{,1,1210712,,,false,4
,GDlr^{,2,1200796,,,false,4
,GDlr^{,3,1203449,,,false,4
,GDlr^{,4,1190111,,,false,4
,GDlr^{,5,1189133,,,false,4
,GDlr^{,6,1193463,,,false,4
,GDlr^{,7,1184384,,,false,4
,GDlr^{,8,1186689,,,false,4
,GDlr^{,9,1182500,,,false,4
,GP\^n{,0,1208477,,,false,4
,GP\^n{,1,1229916,,,false,4
,GP\^n{,2,1240461,,,false,4
,GP\^n{,3,1235154,,,false,4
,GP\^n{,4,1213017,,,false,4
,GP\^n{,5,1239693,,,false,4
,GP\^n{,6,1220349,,,false,4
,GP\^n{,7,1231802,,,false,4
,GP\^n{,8,1223492,,,false,4
,GP\^n{,9,1231803,,,false,4
,Golq~{,0,1220210,,,false,4
,Golq~{,1,1206661,,,false,4
,Golq~{,2,1214693,,,false,4
,Golq~{,3,1228939,,,false,4
,Golq~{,4,1189622,,,false,4
,Golq~{,5,1209176,,,false,4
,Golq~{,6,1197793,,,false,4
,Golq~{,7,1196955,,,false,4
,Golq~{,8,1219791,,,false,4
,Golq~{,9,1183756,,,false,4
,GElr^{,0,1201494,,,false,4
,GElr^{,1,1234177,,,false,4
,GElr^{,2,1270002,,,false,4
,GElr^{,3,1271608,,,false,4
,GElr^{,4,1240252,,,false,4
,GElr^{,5,1180684,,,false,4
,GElr^{,6,1189204,,,false,4
,GElr^{,7,1222165,,,false,4
,GElr^{,8,1179077,,,false,4
,GElr^{,9,1203380,,,false,4
,GEhzv{,0,1187667,,,false,4
,GEhzv{,1,1220420,,,false,4
,GEhzv{,2,1204567,,,false,4
,GEhzv{,3,1213435,,,false,4
,GEhzv{,4,1198491,,,false,4
,GEhzv{,5,1193812,,,false,4
,GEhzv{,6,1204357,,,false,4
,GEhzv{,7,1195838,,,false,4
,GEhzv{,8,1198352,,,false,4
,GEhzv{,9,1201773,,,false,4
,GDZ^v{,0,1206592,,,false,4
,GDZ^v{,1,1238507,,,false,4
,GDZ^v{,2,1220629,,,false,4
,GDZ^v{,3,1239484,,,false,4
,GDZ^v{,4,1215950,,,false,4
,GDZ^v{,5,1231383,,,false,4
,GDZ^v{,6,1210364,,,false,4
,GDZ^v{,7,1222724,,,false,4
,GDZ^v{,8,1216718,,,false,4
,GDZ^v{,9,1225517,,,false,4
,GDZ~v{,0,1207710,,,false,4
,GDZ~v{,1,1240462,,,false,4
,GDZ~v{,2,1239134,,,false,4
,GDZ~v{,3,1250797,,,false,4
,GDZ~v{,4,1226425,,,false,4
,GDZ~v{,5,1235713,,,false,4
,GDZ~v{,6,1233688,,,false,4
,GDZ~v{,7,1233408,,,false,4
,GDZ~v{,8,1228101,,,false,4
,GDZ~v{,9,1229009,,,false,4
,GRX\~{,0,1242766,,,false,4
,GRX\~{,1,1235015,,,false,4
,GRX\~{,2,1235224,,,false,4
,GRX\~{,3,1223562,,,false,4
,GRX\~{,4,1216369,,,false,4
,GRX\~{,5,1247236,,,false,4
,GRX\~{,6,1272795,,,false,4
,GRX\~{,7,1265672,,,false,4
,GRX\~{,8,1265742,,,false,4
,GRX\~{,9,1235504,,,false,4
,Gq\t~{,0,1220280,,,false,5
,Gq\t~{,1,1245978,,,false,5
,Gq\t~{,2,1243604,,,false,5
,Gq\t~{,3,1263367,,,false,5
,Gq\t~{,4,1223142,,,false,5
,Gq\t~{,5,1233548,,,false,5
,Gq\t~{,6,1230196,,,false,5
,Gq\t~{,7,1236342,,,false,5
,Gq\t~{,8,1239345,,,false,5
,Gq\t~{,9,1234176,,,false,5
,GS\~f{,0,1198142,,,false,5
,GS\~f{,1,1220140,,,false,5
,GS\~f{,2,1218394,,,false,5
,GS\~f{,3,1213994,,,false,5
,GS\~f{,4,1194441,,,false,5
,GS\~f{,5,1198282,,,false,5
,GS\~f{,6,1214972,,,false,5
,GS\~f{,7,1186620,,,false,5
,GS\~f{,8,1203520,,,false,5
,GS\~f{,9,1187877,,,false,5
,GIm~n{,0,1234456,,,false,5
,GIm~n{,1,1237459,,,false,5
,GIm~n{,2,1244233,,,false,5
,GIm~n{,3,1248073,,,false,5
,GIm~n{,4,1241998,,,false,5
,GIm~n{,5,1242348,,,false,5
,GIm~n{,6,1236691,,,false,5
,GIm~n{,7,1229358,,,false,5
,GIm~n{,8,1242556,,,false,5
,GIm~n{,9,1236621,,,false,5
,GI~t~{,0,1235434,,,false,5
,GI~t~{,1,1273493,,,false,5
,GI~t~{,2,1278940,,,false,5
,GI~t~{,3,1265741,,,false,5
,GI~t~{,4,1240392,,,false,5
,GI~t~{,5,1249261,,,false,5
,GI~t~{,6,1259387,,,false,5
,GI~t~{,7,1252194,,,false,5
,GI~t~{,8,1246118,,,false,5
,GI~t~{,9,1274541,,,false,5
,GJZ\~{,0,1283130,,,false,5
,GJZ\~{,1,1274471,,,false,5
,GJZ\~{,2,1268256,,,false,5
,GJZ\~{,3,1230895,,,false,5
,GJZ\~{,4,1232152,,,false,5
,GJZ\~{,5,1219441,,,false,5
,GJZ\~{,6,1218324,,,false,5
,GJZ\~{,7,1221956,,,false,5
,GJZ\~{,8,1221047,,,false,5
,GJZ\~{,9,1218882,,,false,5
,GdX\~{,0,1230196,,,false,5
,GdX\~{,1,1219371,,,false,5
,GdX\~{,2,1223632,,,false,5
,GdX\~{,3,1210572,,,false,5
,GdX\~{,4,1217766,,,false,5
,GdX\~{,5,1214204,,,false,5
,GdX\~{,6,1223911,,,false,5
,GdX\~{,7,1209176,,,false,5
,GdX\~{,8,1223841,,,false,5
,GdX\~{,9,1209526,,,false,5
,GD^vV{,0,1209665,,,false,5
,GD^vV{,1,1212668,,,false,5
,GD^vV{,2,1205056,,,false,5
,GD^vV{,3,1207011,,,false,5
,GD^vV{,4,1217905,,,false,5
,GD^vV{,5,1211551,,,false,5
,GD^vV{,6,1211759,,,false,5
,GD^vV{,7,1205893,,,false,5
,GD^vV{,8,1211620,,,false,5
,GD^vV{,9,1206941,,,false,5
,GD^v^{,0,1216648,,,false,5
,GD^v^{,1,1241160,,,false,5
,GD^v^{,2,1224050,,,false,5
,GD^v^{,3,1234037,,,false,5
,GD^v^{,4,1230545,,,false,5
,GD^v^{,5,1224121,,,false,5
,GD^v^{,6,1236970,,,false,5
,GD^v^{,7,1231593,,,false,5
,GD^v^{,8,1246188,,,false,5
,GD^v^{,9,1231803,,,false,5
,G}ox~{,0,1180893,,,false,5
,G}ox~{,1,1193672,,,false,5
,G}ox~{,2,1190949,,,false,5
,G}ox~{,3,1192346,,,false,5
,G}ox~{,4,1271817,,,false,5
,G}ox~{,5,1227542,,,false,5
,G}ox~{,6,1260434,,,false,5
,G}ox~{,7,1191718,,,false,5
,G}ox~{,8,1194022,,,false,5
,G}ox~{,9,1182500,,,false,5
,G]qz~{,0,1221048,,,false,5
,G]qz~{,1,1241300,,,false,5
,G]qz~{,2,1232291,,,false,5
,G]qz~{,3,1232012,,,false,5
,G]qz~{,4,1239902,,,false,5
,G]qz~{,5,1225727,,,false,5
,G]qz~{,6,1224190,,,false,5
,G]qz~{,7,1234386,,,false,5
,G]qz~{,8,1225238,,,false,5
,G]qz~{,9,1239903,,,false,5
,GF~v^{,0,1226844,,,false,5
,GF~v^{,1,1226285,,,false,5
,GF~v^{,2,1230475,,,false,5
,GF~v^{,3,1245350,,,false,5
,GF~v^{,4,1219581,,,false,5
,GF~v^{,5,1254917,,,false,5
,GF~v^{,6,1223422,,,false,5
,GF~v^{,7,1247864,,,false,5
,GF~v^{,8,1235364,,,false,5
,GF~v^{,9,1222514,,,false,5
,GTPH~{,0,1101352,,,false,3
,GTPH~{,1,1116716,,,false,3
,GTPH~{,2,1095206,,,false,3
,GTPH~{,3,1128448,,,false,3
,GTPH~{,4,1097512,,,false,3
,GTPH~{,5,1133127,,,false,3
,GTPH~{,6,1110501,,,false,3
,GTPH~{,7,1109313,,,false,3
,GTPH~{,8,1110710,,,false,3
,GTPH~{,9,1115808,,,false,3
,G`S~^{,0,1211969,,,false,4
,G`S~^{,1,1183197,,,false,4
,G`S~^{,2,1186131,,,false,4
,G`S~^{,3,1180264,,,false,4
,G`S~^{,4,1195488,,,false,4
,G`S~^{,5,1195209,,,false,4
,G`S~^{,6,1187109,,,false,4
,G`S~^{,7,1189553,,,false,4
,G`S~^{,8,1189692,,,false,4
,G`S~^{,9,1248423,,,false,4
,GwDXv{,0,1191438,,,false,4
,GwDXv{,1,1156172,,,false,4
,GwDXv{,2,1142694,,,false,4
,GwDXv{,3,1111618,,,false,4
,GwDXv{,4,1112805,,,false,4
,GwDXv{,5,1113783,,,false,4
,GwDXv{,6,1118741,,,false,4
,GwDXv{,7,1119649,,,false,4
,GwDXv{,8,1108964,,,false,4
,GwDXv{,9,1121464,,,false,4
,G`NJn{,0,1151982,,,false,4
,G`NJn{,1,1150586,,,false,4
,G`NJn{,2,1168672,,,false,4
,G`NJn{,3,1170837,,,false,4
,G`NJn{,4,1160222,,,false,4
,G`NJn{,5,1158756,,,false,4
,G`NJn{,6,1155404,,,false,4
,G`NJn{,7,1162526,,,false,4
,G`NJn{,8,1145766,,,false,4
,G`NJn{,9,1167974,,,false,4
,GQMi~{,0,1155125,,,false,3
,GQMi~{,1,1161829,,,false,3
,GQMi~{,2,1170419,,,false,3
,GQMi~{,3,1160851,,,false,3
,GQMi~{,4,1162667,,,false,3
,GQMi~{,5,1168952,,,false,3
,GQMi~{,6,1164971,,,false,3
,GQMi~{,7,1168812,,,false,3
,GQMi~{,8,1153658,,,false,3
,GQMi~{,9,1167206,,,false,3
,GKdzv{,0,1183757,,,false,4
,GKdzv{,1,1178100,,,false,4
,GKdzv{,2,1177471,,,false,4
,GKdzv{,3,1185153,,,false,4
,GKdzv{,4,1179706,,,false,4
,GKdzv{,5,1186340,,,false,4
,GKdzv{,6,1178449,,,false,4
,GKdzv{,7,1169021,,,false,4
,GKdzv{,8,1176005,,,false,4
,GKdzv{,9,1175795,,,false,4
,Gqox~{,0,1176005,,,false,5
,Gqox~{,1,1193882,,,false,5
,Gqox~{,2,1179846,,,false,5
,Gqox~{,3,1180614,,,false,5
,Gqox~{,4,1174747,,,false,5
,Gqox~{,5,1190670,,,false,5
,Gqox~{,6,1255196,,,false,5
,Gqox~{,7,1238436,,,false,5
,Gqox~{,8,1230196,,,false,5
,Gqox~{,9,1170208,,,false,5
,GqLzv{,0,1214763,,,false,5
,GqLzv{,1,1199539,,,false,5
,GqLzv{,2,1198911,,,false,5
,GqLzv{,3,1200936,,,false,5
,GqLzv{,4,1200935,,,false,5
,GqLzv{,5,1201006,,,false,5
,GqLzv{,6,1204008,,,false,5
,GqLzv{,7,1204497,,,false,5
,GqLzv{,8,1199958,,,false,5
,GqLzv{,9,1201354,,,false,5
,G??ZCS,0,791219,,,false,1
,G??ZCS,1,794432,,,false,1
,G??ZCS,2,793315,,,false,1
,G??ZCS,3,797156,,,false,1
,G??ZCS,4,790591,,,false,1
,G??ZCS,5,788217,,,false,1
,G??ZCS,6,795480,,,false,1
,G??ZCS,7,800438,,,false,1
,G??ZCS,8,787029,,,false,1
,G??ZCS,9,787797,,,false,1
,G?hTrk,0,1006658,,,false,2
,G?hTrk,1,1004981,,,false,2
,G?hTrk,2,1012872,,,false,2
,G?hTrk,3,1015177,,,false,2
,G?hTrk,4,1024395,,,false,2
,G?hTrk,5,1016923,,,false,2
,G?hTrk,6,1019856,,,false,2
,G?hTrk,7,1012733,,,false,2
,G?hTrk,8,1018180,,,false,2
,G?hTrk,9,1007774,,,false,2
,G`?KzW,0,941083,,,false,3
,G`?KzW,1,940874,,,false,3
,G`?KzW,2,935776,,,false,3
,G`?KzW,3,949742,,,false,3
,G`?KzW,4,945622,,,false,3
,G`?KzW,5,948765,,,false,3
,G`?KzW,6,929770,,,false,3
,G`?KzW,7,945343,,,false,3
,G`?KzW,8,941782,,,false,3
,G`?KzW,9,942131,,,false,3
,GKS~\{,0,1209665,,,false,4
,GKS~\{,1,1179496,,,false,4
,GKS~\{,2,1180195,,,false,4
,GKS~\{,3,1204706,,,false,4
,GKS~\{,4,1193603,,,false,4
,GKS~\{,5,1196955,,,false,4
,GKS~\{,6,1194371,,,false,4
,GKS~\{,7,1221886,,,false,4
,GKS~\{,8,1225168,,,false,4
,GKS~\{,9,1242067,,,false,4
,GGF~vo,0,1170418,,,false,4
,GGF~vo,1,1138085,,,false,4
,GGF~vo,2,1101282,,,false,4
,GGF~vo,3,1125724,,,false,4
,GGF~vo,4,1135990,,,false,4
,GGF~vo,5,1129565,,,false,4
,GGF~vo,6,1138573,,,false,4
,GGF~vo,7,1140739,,,false,4
,GGF~vo,8,1129845,,,false,4
,GGF~vo,9,1123350,,,false,4
,G@hZCc,0,932703,,,false,3
,G@hZCc,1,949742,,,false,3
,G@hZCc,2,947927,,,false,3
,G@hZCc,3,946112,,,false,3
,G@hZCc,4,950510,,,false,3
,G@hZCc,5,948904,,,false,3
,G@hZCc,6,939058,,,false,3
,G@hZCc,7,947089,,,false,3
,G@hZCc,8,942899,,,false,3
,G@hZCc,9,945413,,,false,3
,G?@Hdo,0,814963,,,false,2
,G?@Hdo,1,837170,,,false,2
,G?@Hdo,2,840941,,,false,2
,G?@Hdo,3,834796,,,false,2
,G?@Hdo,4,833818,,,false,2
,G?@Hdo,5,827463,,,false,2
,G?@Hdo,6,802812,,,false,2
,G?@Hdo,7,846249,,,false,2
,G?@Hdo,8,820480,,,false,2
,G?@Hdo,9,832630,,,false,2
,G?XPc[,0,966014,,,false,3
,G?XPc[,1,947368,,,false,3
,G?XPc[,2,939896,,,false,3
,G?XPc[,3,935287,,,false,3
,G?XPc[,4,941363,,,false,3
,G?XPc[,5,940874,,,false,3
,G?XPc[,6,941852,,,false,3
,G?XPc[,7,936055,,,false,3
,G?XPc[,8,935706,,,false,3
,G?XPc[,9,920064,,,false,3
,G???^g,0,816429,,,false,1
,G???^g,1,810773,,,false,1
,G???^g,2,823832,,,false,1
,G???^g,3,819084,,,false,1
,G???^g,4,817477,,,false,1
,G???^g,5,814195,,,false,1
,G???^g,6,814055,,,false,1
,G???^g,7,817128,,,false,1
,G???^g,8,821248,,,false,1
,G???^g,9,827673,,,false,1
,GAI?g[,0,824042,,,false,2
,GAI?g[,1,789054,,,false,2
,GAI?g[,2,828511,,,false,2
,GAI?g[,3,808190,,,false,2
,GAI?g[,4,820899,,,false,2
,GAI?g[,5,835565,,,false,2
,GAI?g[,6,839475,,,false,2
,GAI?g[,7,850369,,,false,2
,GAI?g[,8,829489,,,false,2
,GAI?g[,9,858400,,,false,2
,G?@PSo,0,821947,,,false,1
,G?@PSo,1,793874,,,false,1
,G?@PSo,2,787588,,,false,1
,G?@PSo,3,766359,,,false,1
,G?@PSo,4,784027,,,false,1
,G?@PSo,5,781024,,,false,1
,G?@PSo,6,788635,,,false,1
,G?@PSo,7,789544,,,false,1
,G?@PSo,8,765242,,,false,1
,G?@PSo,9,782770,,,false,1
,G?Oc_w,0,797575,,,false,1
,G?Oc_w,1,786401,,,false,1
,G?Oc_w,2,787518,,,false,1
,G?Oc_w,3,774250,,,false,1
,G?Oc_w,4,796667,,,false,1
,G?Oc_w,5,791848,,,false,1
,G?Oc_w,6,791360,,,false,1
,G?Oc_w,7,789893,,,false,1
,G?Oc_w,8,768733,,,false,1
,G?Oc_w,9,793524,,,false,1
,G_D`Gs,0,856724,,,false,2
,G_D`Gs,1,843805,,,false,2
,G_D`Gs,2,839684,,,false,2
,G_D`Gs,3,825788,,,false,2
,G_D`Gs,4,834238,,,false,2
,G_D`Gs,5,831514,,,false,2
,G_D`Gs,6,845970,,,false,2
,G_D`Gs,7,840522,,,false,2
,G_D`Gs,8,839405,,,false,2
,G_D`Gs,9,839894,,,false,2
,G@`AXk,0,892689,,,false,2
,G@`AXk,1,880957,,,false,2
,G@`AXk,2,895622,,,false,2
,G@`AXk,3,893457,,,false,2
,G@`AXk,4,888080,,,false,2
,G@`AXk,5,882423,,,false,2
,G@`AXk,6,887241,,,false,2
,G@`AXk,7,884448,,,false,2
,G@`AXk,8,877534,,,false,2
,G@`AXk,9,897507,,,false,2
,GHdu\{,0,1157779,,,false,4
,GHdu\{,1,1144441,,,false,4
,GHdu\{,2,1142206,,,false,4
,GHdu\{,3,1149957,,,false,4
,GHdu\{,4,1142485,,,false,4
,GHdu\{,5,1148421,,,false,4
,GHdu\{,6,1146744,,,false,4
,GHdu\{,7,1150585,,,false,4
,GHdu\{,8,1143742,,,false,4
,GHdu\{,9,1149119,,,false,4
,GAh`ks,0,996671,,,false,3
,GAh`ks,1,986546,,,false,3
,GAh`ks,2,978236,,,false,3
,GAh`ks,3,992761,,,false,3
,GAh`ks,4,976768,,,false,3
,GAh`ks,5,992202,,,false,3
,GAh`ks,6,1000373,,,false,3
,GAh`ks,7,1044508,,,false,3
,GAh`ks,8,1012174,,,false,3
,GAh`ks,9,1029075,,,false,3
,GCSXJC,0,867130,,,false,2
,GCSXJC,1,914128,,,false,2
,GCSXJC,2,897647,,,false,2
,GCSXJC,3,900231,,,false,2
,GCSXJC,4,904351,,,false,2
,GCSXJC,5,895203,,,false,2
,GCSXJC,6,902046,,,false,2
,GCSXJC,7,895481,,,false,2
,GCSXJC,8,900929,,,false,2
,GCSXJC,9,881934,,,false,2
,G?qaho,0,900579,,,false,3
,G?qaho,1,919714,,,false,3
,G?qaho,2,917550,,,false,3
,G?qaho,3,918178,,,false,3
,G?qaho,4,916571,,,false,3
,G?qaho,5,916851,,,false,3
,G?qaho,6,917759,,,false,3
,G?qaho,7,914337,,,false,3
,G?qaho,8,909169,,,false,3
,G?qaho,9,925860,,,false,3
,G@?La[,0,872367,,,false,2
,G@?La[,1,856235,,,false,2
,G@?La[,2,870482,,,false,2
,G@?La[,3,875509,,,false,2
,G@?La[,4,879769,,,false,2
,G@?La[,5,878931,,,false,2
,G@?La[,6,875090,,,false,2
,G@?La[,7,877814,,,false,2
,G@?La[,8,884238,,,false,2
,G@?La[,9,866082,,,false,2
,GqKsY[,0,1055192,,,false,4
,GqKsY[,1,1015178,,,false,4
,GqKsY[,2,1034661,,,false,4
,GqKsY[,3,1036965,,,false,4
,GqKsY[,4,1030680,,,false,4
,GqKsY[,5,1036686,,,false,4
,GqKsY[,6,1065178,,,false,4
,GqKsY[,7,1067274,,,false,4
,GqKsY[,8,1055122,,,false,4
,GqKsY[,9,1057567,,,false,4
,G???~G,0,804349,,,false,1
,G???~G,1,798063,,,false,1
,G???~G,2,804208,,,false,1
,G???~G,3,807700,,,false,1
,G???~G,4,799041,,,false,1
,G???~G,5,815662,,,false,1
,G???~G,6,818804,,,false,1
,G???~G,7,798483,,,false,1
,G???~G,8,818176,,,false,1
,G???~G,9,797505,,,false,1
,G?GQKo,0,788147,,,false,1
,G?GQKo,1,775646,,,false,1
,G?GQKo,2,771387,,,false,1
,G?GQKo,3,775367,,,false,1
,G?GQKo,4,755185,,,false,1
,G?GQKo,5,791918,,,false,1
,G?GQKo,6,810355,,,false,1
,G?GQKo,7,790521,,,false,1
,G?GQKo,8,809935,,,false,1
,G?GQKo,9,779068,,,false,1
,G@??OK,0,641146,,,false,1
,G@??OK,1,642263,,,false,1
,G@??OK,2,583324,,,false,1
,G@??OK,3,597849,,,false,1
,G@??OK,4,606230,,,false,1
,G@??OK,5,592402,,,false,1
,G@??OK,6,583393,,,false,1
,G@??OK,7,601271,,,false,1
,G@??OK,8,605810,,,false,1
,G@??OK,9,586396,,,false,1
,G??_uK,0,815382,,,false,1
,G??_uK,1,808609,,,false,1
,G??_uK,2,803371,,,false,1
,G??_uK,3,806863,,,false,1
,G??_uK,4,801416,,,false,1
,G??_uK,5,815661,,,false,1
,G??_uK,6,820968,,,false,1
,G??_uK,7,822435,,,false,1
,G??_uK,8,822435,,,false,1
,G??_uK,9,811262,,,false,1
,GwC^~{,0,1126982,,,false,4
,GwC^~{,1,1109104,,,false,4
,GwC^~{,2,1105822,,,false,4
,GwC^~{,3,1103727,,,false,4
,GwC^~{,4,1100655,,,false,4
,GwC^~{,5,1104285,,,false,4
,GwC^~{,6,1087106,,,false,4
,GwC^~{,7,1104635,,,false,4
,GwC^~{,8,1104076,,,false,4
,GwC^~{,9,1102470,,,false,4
,G~rHx{,0,1162877,,,false,5
,G~rHx{,1,1179636,,,false,5
,G~rHx{,2,1181173,,,false,5
,G~rHx{,3,1181242,,,false,5
,G~rHx{,4,1181033,,,false,5
,G~rHx{,5,1177332,,,false,5
,G~rHx{,6,1180125,,,false,5
,G~rHx{,7,1179637,,,false,5
,G~rHx{,8,1191718,,,false,5
,G~rHx{,9,1182709,,,false,5
,GoSv~{,0,1141438,,,false,4
,GoSv~{,1,1147233,,,false,4
,GoSv~{,2,1141576,,,false,4
,GoSv~{,3,1137527,,,false,4
,GoSv~{,4,1146954,,,false,4
,GoSv~{,5,1145837,,,false,4
,GoSv~{,6,1137317,,,false,4
,GoSv~{,7,1150027,,,false,4
,GoSv~{,8,1130473,,,false,4
,GoSv~{,9,1134105,,,false,4
,G?mzz{,0,1178379,,,false,4
,G?mzz{,1,1129984,,,false,4
,G?mzz{,2,1186131,,,false,4
,G?mzz{,3,1180754,,,false,4
,G?mzz{,4,1176774,,,false,4
,G?mzz{,5,1167275,,,false,4
,G?mzz{,6,1151005,,,false,4
,G?mzz{,7,1131800,,,false,4
,G?mzz{,8,1132150,,,false,4
,G?mzz{,9,1115249,,,false,4
,G~`HW{,0,1056101,,,false,4
,G~`HW{,1,1045206,,,false,4
,G~`HW{,2,1045904,,,false,4
,G~`HW{,3,1052120,,,false,4
,G~`HW{,4,1041644,,,false,4
,G~`HW{,5,1048070,,,false,4
,G~`HW{,6,1049536,,,false,4
,G~`HW{,7,1041923,,,false,4
,G~`HW{,8,1054284,,,false,4
,G~`HW{,9,1047580,,,false,4
,GKdax{,0,1041435,,,false,3
,GKdax{,1,1077190,,,false,3
,GKdax{,2,1058545,,,false,3
,GKdax{,3,1077749,,,false,3
,GKdax{,4,1064550,,,false,3
,GKdax{,5,1064619,,,false,3
,GKdax{,6,1068950,,,false,3
,GKdax{,7,1061268,,,false,3
,GKdax{,8,1061408,,,false,3
,GKdax{,9,1062595,,,false,3
,G`?N~w,0,1078098,,,false,3
,G`?N~w,1,1079984,,,false,3
,G`?N~w,2,1066855,,,false,3
,G`?N~w,3,1078097,,,false,3
,G`?N~w,4,1063293,,,false,3
,G`?N~w,5,1079145,,,false,3
,G`?N~w,6,1061338,,,false,3
,G`?N~w,7,1069857,,,false,3
,G`?N~w,8,1067692,,,false,3
,G`?N~w,9,1075654,,,false,3
,G`?Lz{,0,1017901,,,false,3
,G`?Lz{,1,1043111,,,false,3
,G`?Lz{,2,1025583,,,false,3
,G`?Lz{,3,1025233,,,false,3
,G`?Lz{,4,1038851,,,false,3
,G`?Lz{,5,1030820,,,false,3
,G`?Lz{,6,1037105,,,false,3
,G`?Lz{,7,1026840,,,false,3
,G`?Lz{,8,1026700,,,false,3
,G`?Lz{,9,1022859,,,false,3
,GICX|[,0,1046184,,,false,4
,GICX|[,1,1020555,,,false,4
,GICX|[,2,1037874,,,false,4
,GICX|[,3,1078308,,,false,4
,GICX|[,4,1055402,,,false,4
,GICX|[,5,1063014,,,false,4
,GICX|[,6,1038641,,,false,4
,GICX|[,7,1004772,,,false,4
,GICX|[,8,1020275,,,false,4
,GICX|[,9,1022719,,,false,4
,G?qix{,0,1072441,,,false,3
,G?qix{,1,1037664,,,false,3
,G?qix{,2,1032357,,,false,3
,G?qix{,3,1041715,,,false,3
,G?qix{,4,1037105,,,false,3
,G?qix{,5,1034103,,,false,3
,G?qix{,6,1032985,,,false,3
,G?qix{,7,1032217,,,false,3
,G?qix{,8,1030960,,,false,3
,G?qix{,9,1049327,,,false,3
,G??x}{,0,1007636,,,false,3
,G??x}{,1,1013082,,,false,3
,G??x}{,2,1009312,,,false,3
,G??x}{,3,1018669,,,false,3
,G??x}{,4,1003166,,,false,3
,G??x}{,5,1018530,,,false,3
,G??x}{,6,1008962,,,false,3
,G??x}{,7,1019926,,,false,3
,G??x}{,8,1015108,,,false,3
,G??x}{,9,1027049,,,false,3
,G`?MXw,0,885216,,,false,2
,G`?MXw,1,898974,,,false,2
,G`?MXw,2,886334,,,false,2
,G`?MXw,3,897856,,,false,2
,G`?MXw,4,885845,,,false,2
,G`?MXw,5,895901,,,false,2
,G`?MXw,6,898904,,,false,2
,G`?MXw,7,902745,,,false,2
,G`?MXw,8,908960,,,false,2
,G`?MXw,9,891082,,,false,2
,G@`@W{,0,903303,,,false,2
,G@`@W{,1,878094,,,false,2
,G@`@W{,2,877255,,,false,2
,G@`@W{,3,881515,,,false,2
,G@`@W{,4,867688,,,false,2
,G@`@W{,5,879211,,,false,2
,G@`@W{,6,882284,,,false,2
,G@`@W{,7,869992,,,false,2
,G@`@W{,8,890524,,,false,2
,G@`@W{,9,869015,,,false,2
,G??Dzw,0,936404,,,false,2
,G??Dzw,1,929701,,,false,2
,G??Dzw,2,940943,,,false,2
,G??Dzw,3,924393,,,false,2
,G??Dzw,4,936824,,,false,2
,G??Dzw,5,929980,,,false,2
,G??Dzw,6,931935,,,false,2
,G??Dzw,7,918317,,,false,2
,G??Dzw,8,951139,,,false,2
,G??Dzw,9,968947,,,false,2
,G??Cz[,0,921670,,,false,2
,G??Cz[,1,914756,,,false,2
,G??Cz[,2,931167,,,false,2
,G??Cz[,3,916222,,,false,2
,G??Cz[,4,889406,,,false,2
,G??Cz[,5,905328,,,false,2
,G??Cz[,6,889826,,,false,2
,G??Cz[,7,904141,,,false,2
,G??Cz[,8,896320,,,false,2
,G??Cz[,9,898973,,,false,2
,GEChX[,0,915664,,,false,3
,GEChX[,1,884099,,,false,3
,GEChX[,2,911195,,,false,3
,GEChX[,3,924253,,,false,3
,GEChX[,4,921251,,,false,3
,GEChX[,5,930189,,,false,3
,GEChX[,6,911334,,,false,3
,GEChX[,7,916013,,,false,3
,GEChX[,8,927046,,,false,3
,GEChX[,9,915734,,,false,3
,GIi^bw,0,1104426,,,false,4
,GIi^bw,1,1116227,,,false,4
,GIi^bw,2,1111828,,,false,4
,GIi^bw,3,1116856,,,false,4
,GIi^bw,4,1103098,,,false,4
,GIi^bw,5,1107637,,,false,4
,GIi^bw,6,1111408,,,false,4
,GIi^bw,7,1111408,,,false,4
,GIi^bw,8,1109593,,,false,4
,GIi^bw,9,1116018,,,false,4
,GSXTz{,0,1131102,,,false,4
,GSXTz{,1,1121744,,,false,4
,GSXTz{,2,1119090,,,false,4
,GSXTz{,3,1113154,,,false,4
,GSXTz{,4,1107498,,,false,4
,GSXTz{,5,1109104,,,false,4
,GSXTz{,6,1110431,,,false,4
,GSXTz{,7,1118671,,,false,4
,GSXTz{,8,1102051,,,false,4
,GSXTz{,9,1113783,,,false,4
,G@G\a[,0,984730,,,false,3
,G@G\a[,1,953654,,,false,3
,G@G\a[,2,960568,,,false,3
,G@G\a[,3,954422,,,false,3
,G@G\a[,4,957075,,,false,3
,G@G\a[,5,951419,,,false,3
,G@G\a[,6,957425,,,false,3
,G@G\a[,7,961196,,,false,3
,G@G\a[,8,950372,,,false,3
,G@G\a[,9,960497,,,false,3
,GtPHOk,0,937662,,,false,3
,GtPHOk,1,960358,,,false,3
,GtPHOk,2,947648,,,false,3
,GtPHOk,3,1003096,,,false,3
,GtPHOk,4,997509,,,false,3
,GtPHOk,5,992481,,,false,3
,GtPHOk,6,988431,,,false,3
,GtPHOk,7,938569,,,false,3
,GtPHOk,8,971881,,,false,3
,GtPHOk,9,941223,,,false,3
,Gv?IXW,0,941293,,,false,3
,Gv?IXW,1,919853,,,false,3
,Gv?IXW,2,917898,,,false,3
,Gv?IXW,3,919644,,,false,3
,Gv?IXW,4,912731,,,false,3
,Gv?IXW,5,901697,,,false,3
,Gv?IXW,6,919086,,,false,3
,Gv?IXW,7,915804,,,false,3
,Gv?IXW,8,918667,,,false,3
,Gv?IXW,9,924463,,,false,3
,Gvzax{,0,1204637,,,false,5
,Gvzax{,1,1194651,,,false,5
,Gvzax{,2,1185712,,,false,5
,Gvzax{,3,1192695,,,false,5
,Gvzax{,4,1164762,,,false,5
,Gvzax{,5,1177960,,,false,5
,Gvzax{,6,1193115,,,false,5
,Gvzax{,7,1174399,,,false,5
,Gvzax{,8,1179636,,,false,5
,Gvzax{,9,1177402,,,false,5
,G?r@pg,0,895342,,,false,2
,G?r@pg,1,903094,,,false,2
,G?r@pg,2,907702,,,false,2
,G?r@pg,3,912731,,,false,2
,G?r@pg,4,900999,,,false,2
,G?r@pg,5,908820,,,false,2
,G?r@pg,6,900859,,,false,2
,G?r@pg,7,889337,,,false,2
,G?r@pg,8,907982,,,false,2
,G?r@pg,9,906935,,,false,2
,GSP@xw,0,980610,,,false,3
,GSP@xw,1,970902,,,false,3
,GSP@xw,2,1000861,,,false,3
,GSP@xw,3,989827,,,false,3
,GSP@xw,4,998207,,,false,3
,GSP@xw,5,999604,,,false,3
,GSP@xw,6,1006099,,,false,3
,GSP@xw,7,993180,,,false,3
,GSP@xw,8,994576,,,false,3
,GSP@xw,9,995833,,,false,3
,G?DPS{,0,907702,,,false,2
,G?DPS{,1,895691,,,false,2
,G?DPS{,2,873205,,,false,2
,G?DPS{,3,886753,,,false,2
,G?DPS{,4,876417,,,false,2
,G?DPS{,5,885286,,,false,2
,G?DPS{,6,901488,,,false,2
,G?DPS{,7,920901,,,false,2
,G?DPS{,8,936055,,,false,2
,G?DPS{,9,922438,,,false,2
,GAG]|{,0,1152541,,,false,3
,GAG]|{,1,1140250,,,false,3
,GAG]|{,2,1083056,,,false,3
,GAG]|{,3,1075584,,,false,3
,GAG]|{,4,1071324,,,false,3
,GAG]|{,5,1088922,,,false,3
,GAG]|{,6,1063712,,,false,3
,GAG]|{,7,1078586,,,false,3
,GAG]|{,8,1079983,,,false,3
,GAG]|{,9,1083405,,,false,3
,GBOk~W,0,1054285,,,false,4
,GBOk~W,1,1077889,,,false,4
,GBOk~W,2,1084523,,,false,4
,GBOk~W,3,1082358,,,false,4
,GBOk~W,4,1076841,,,false,4
,GBOk~W,5,1088364,,,false,4
,GBOk~W,6,1077888,,,false,4
,GBOk~W,7,1070555,,,false,4
,GBOk~W,8,1084802,,,false,4
,GBOk~W,9,1080472,,,false,4
,G`G\zw,0,1085221,,,false,4
,G`G\zw,1,1044089,,,false,4
,G`G\zw,2,1048139,,,false,4
,G`G\zw,3,1059453,,,false,4
,G`G\zw,4,1052748,,,false,4
,G`G\zw,5,1051352,,,false,4
,G`G\zw,6,1057916,,,false,4
,G`G\zw,7,1055192,,,false,4
,G`G\zw,8,1044019,,,false,4
,G`G\zw,9,1053237,,,false,4
,G_ltjs,0,1100026,,,false,4
,G_ltjs,1,1123071,,,false,4
,G_ltjs,2,1112945,,,false,4
,G_ltjs,3,1116925,,,false,4
,G_ltjs,4,1116227,,,false,4
,G_ltjs,5,1107986,,,false,4
,G_ltjs,6,1109593,,,false,4
,G_ltjs,7,1118881,,,false,4
,G_ltjs,8,1122373,,,false,4
,G_ltjs,9,1107778,,,false,4
,G@lv]w,0,1187667,,,false,4
,G@lv]w,1,1148631,,,false,4
,G@lv]w,2,1144091,,,false,4
,G@lv]w,3,1147234,,,false,4
,G@lv]w,4,1148281,,,false,4
,G@lv]w,5,1139622,,,false,4
,G@lv]w,6,1155963,,,false,4
,G@lv]w,7,1168394,,,false,4
,G@lv]w,8,1192067,,,false,4
,G@lv]w,9,1194931,,,false,4
,G@zTz{,0,1187109,,,false,4
,G@zTz{,1,1198911,,,false,4
,G@zTz{,2,1160432,,,false,4
,G@zTz{,3,1170628,,,false,4
,G@zTz{,4,1186410,,,false,4
,G@zTz{,5,1176564,,,false,4
,G@zTz{,6,1161200,,,false,4
,G@zTz{,7,1182709,,,false,4
,G@zTz{,8,1175866,,,false,4
,G@zTz{,9,1169371,,,false,4
,G_]~bk,0,1183827,,,false,4
,G_]~bk,1,1145488,,,false,4
,G_]~bk,2,1152680,,,false,4
,G_]~bk,3,1144510,,,false,4
,G_]~bk,4,1141018,,,false,4
,G_]~bk,5,1147722,,,false,4
,G_]~bk,6,1145488,,,false,4
,G_]~bk,7,1143393,,,false,4
,G_]~bk,8,1153728,,,false,4
,G_]~bk,9,1150795,,,false,4
,G@nRnS,0,1119998,,,false,4
,G@nRnS,1,1136339,,,false,4
,G@nRnS,2,1132290,,,false,4
,G@nRnS,3,1142485,,,false,4
,G@nRnS,4,1134524,,,false,4
,G@nRnS,5,1146745,,,false,4
,G@nRnS,6,1142904,,,false,4
,G@nRnS,7,1133406,,,false,4
,G@nRnS,8,1141996,,,false,4
,G@nRnS,9,1143532,,,false,4
,GIM}v[,0,1170628,,,false,4
,GIM}v[,1,1189832,,,false,4
,GIM}v[,2,1195978,,,false,4
,GIM}v[,3,1187179,,,false,4
,GIM}v[,4,1183686,,,false,4
,GIM}v[,5,1198701,,,false,4
,GIM}v[,6,1192905,,,false,4
,GIM}v[,7,1188156,,,false,4
,GIM}v[,8,1181103,,,false,4
,GIM}v[,9,1195908,,,false,4
,G`iZQk,0,1028445,,,false,4
,G`iZQk,1,1045136,,,false,4
,G`iZQk,2,1037943,,,false,4
,G`iZQk,3,1037663,,,false,4
,G`iZQk,4,1050862,,,false,4
,G`iZQk,5,1072930,,,false,4
,G`iZQk,6,1104845,,,false,4
,G`iZQk,7,1074257,,,false,4
,G`iZQk,8,1059452,,,false,4
,G`iZQk,9,1022859,,,false,4
,GSXP~w,0,1098839,,,false,4
,GSXP~w,1,1133197,,,false,4
,GSXP~w,2,1119090,,,false,4
,GSXP~w,3,1141298,,,false,4
,GSXP~w,4,1107218,,,false,4
,GSXP~w,5,1138644,,,false,4
,GSXP~w,6,1126841,,,false,4
,GSXP~w,7,1130403,,,false,4
,GSXP~w,8,1125725,,,false,4
,GSXP~w,9,1132219,,,false,4
,GQMZ^k,0,1149328,,,false,4
,GQMZ^k,1,1169231,,,false,4
,GQMZ^k,2,1158756,,,false,4
,GQMZ^k,3,1156801,,,false,4
,GQMZ^k,4,1155474,,,false,4
,GQMZ^k,5,1162597,,,false,4
,GQMZ^k,6,1164622,,,false,4
,GQMZ^k,7,1166438,,,false,4
,GQMZ^k,8,1166717,,,false,4
,GQMZ^k,9,1150307,,,false,4
,GsXTzw,0,1121045,,,false,4
,GsXTzw,1,1146744,,,false,4
,GsXTzw,2,1148420,,,false,4
,GsXTzw,3,1168742,,,false,4
,GsXTzw,4,1141786,,,false,4
,GsXTzw,5,1150585,,,false,4
,GsXTzw,6,1144719,,,false,4
,GsXTzw,7,1149049,,,false,4
,GsXTzw,8,1144789,,,false,4
,GsXTzw,9,1149887,,,false,4
,GINT^o,0,1084243,,,false,4
,GINT^o,1,1079076,,,false,4
,GINT^o,2,1067483,,,false,4
,GINT^o,3,1075165,,,false,4
,GINT^o,4,1073279,,,false,4
,GINT^o,5,1077050,,,false,4
,GINT^o,6,1075305,,,false,4
,GINT^o,7,1079983,,,false,4
,GINT^o,8,1072441,,,false,4
,GINT^o,9,1087595,,,false,4
,GBZT[{,0,1138225,,,false,4
,GBZT[{,1,1137038,,,false,4
,GBZT[{,2,1149119,,,false,4
,GBZT[{,3,1176494,,,false,4
,GBZT[{,4,1181941,,,false,4
,GBZT[{,5,1186830,,,false,4
,GBZT[{,6,1179846,,,false,4
,GBZT[{,7,1117764,,,false,4
,GBZT[{,8,1124398,,,false,4
,GBZT[{,9,1129286,,,false,4
,GINe|{,0,1163295,,,false,4
,GINe|{,1,1143463,,,false,4
,GINe|{,2,1160921,,,false,4
,GINe|{,3,1151772,,,false,4
,GINe|{,4,1152471,,,false,4
,GINe|{,5,1150725,,,false,4
,GINe|{,6,1149119,,,false,4
,GINe|{,7,1143602,,,false,4
,GINe|{,8,1155404,,,false,4
,GINe|{,9,1147164,,,false,4
,GsXPW{,0,1067622,,,false,4
,GsXPW{,1,1049396,,,false,4
,GsXPW{,2,1046533,,,false,4
,GsXPW{,3,1041854,,,false,4
,GsXPW{,4,1044647,,,false,4
,GsXPW{,5,1044717,,,false,4
,GsXPW{,6,1047650,,,false,4
,GsXPW{,7,1056379,,,false,4
,GsXPW{,8,1041853,,,false,4
,GsXPW{,9,1045625,,,false,4
,GqYPW{,0,1028795,,,false,4
,GqYPW{,1,1023558,,,false,4
,GqYPW{,2,1011546,,,false,4
,GqYPW{,3,1025652,,,false,4
,GqYPW{,4,1015108,,,false,4
,GqYPW{,5,1017273,,,false,4
,GqYPW{,6,1008264,,,false,4
,GqYPW{,7,1026840,,,false,4
,GqYPW{,8,1011267,,,false,4
,GqYPW{,9,1018111,,,false,4
,Gr_YX[,0,1055611,,,false,4
,Gr_YX[,1,1049955,,,false,4
,Gr_YX[,2,1039270,,,false,4
,Gr_YX[,3,1046673,,,false,4
,Gr_YX[,4,1027049,,,false,4
,Gr_YX[,5,1031099,,,false,4
,Gr_YX[,6,1032915,,,false,4
,Gr_YX[,7,1026840,,,false,4
,Gr_YX[,8,1030401,,,false,4
,Gr_YX[,9,1027538,,,false,4
,GKoXzg,0,1068321,,,false,4
,GKoXzg,1,1062385,,,false,4
,GKoXzg,2,1066715,,,false,4
,GKoXzg,3,1098140,,,false,4
,GKoXzg,4,1127471,,,false,4
,GKoXzg,5,1101702,,,false,4
,GKoXzg,6,1103378,,,false,4
,GKoXzg,7,1066715,,,false,4
,GKoXzg,8,1063712,,,false,4
,GKoXzg,9,1067972,,,false,4
,GDxRK{,0,1092344,,,false,4
,GDxRK{,1,1116157,,,false,4
,GDxRK{,2,1111269,,,false,4
,GDxRK{,3,1118742,,,false,4
,GDxRK{,4,1110571,,,false,4
,GDxRK{,5,1104844,,,false,4
,GDxRK{,6,1109384,,,false,4
,GDxRK{,7,1115669,,,false,4
,GDxRK{,8,1121116,,,false,4
,GDxRK{,9,1119300,,,false,4
,GSXZ`{,0,1092414,,,false,4
,GSXZ`{,1,1042692,,,false,4
,GSXZ`{,2,1067064,,,false,4
,GSXZ`{,3,1051421,,,false,4
,GSXZ`{,4,1049396,,,false,4
,GSXZ`{,5,1069717,,,false,4
,GSXZ`{,6,1052120,,,false,4
,GSXZ`{,7,1062385,,,false,4
,GSXZ`{,8,1059383,,,false,4
,GSXZ`{,9,1059522,,,false,4
,G]Og|{,0,1130404,,,false,4
,G]Og|{,1,1123490,,,false,4
,G]Og|{,2,1120976,,,false,4
,G]Og|{,3,1130543,,,false,4
,G]Og|{,4,1120068,,,false,4
,G]Og|{,5,1115249,,,false,4
,G]Og|{,6,1116157,,,false,4
,G]Og|{,7,1120556,,,false,4
,G]Og|{,8,1118601,,,false,4
,G]Og|{,9,1122373,,,false,4
,G@luvG,0,1075305,,,false,4
,G@luvG,1,1099956,,,false,4
,G@luvG,2,1084453,,,false,4
,G@luvG,3,1095068,,,false,4
,G@luvG,4,1086897,,,false,4
,G@luvG,5,1092483,,,false,4
,G@luvG,6,1091366,,,false,4
,G@luvG,7,1089969,,,false,4
,G@luvG,8,1090668,,,false,4
,G@luvG,9,1088573,,,false,4
,GSXX~c,0,1120557,,,false,4
,GSXX~c,1,1128518,,,false,4
,GSXX~c,2,1153519,,,false,4
,GSXX~c,3,1197584,,,false,4
,GSXX~c,4,1174539,,,false,4
,GSXX~c,5,1182989,,,false,4
,GSXX~c,6,1133825,,,false,4
,GSXX~c,7,1135850,,,false,4
,GSXX~c,8,1123839,,,false,4
,GSXX~c,9,1134663,,,false,4
,GSLi~k,0,1141577,,,false,4
,GSLi~k,1,1163714,,,false,4
,GSLi~k,2,1162946,,,false,4
,GSLi~k,3,1163574,,,false,4
,GSLi~k,4,1163994,,,false,4
,GSLi~k,5,1165949,,,false,4
,GSLi~k,6,1165879,,,false,4
,GSLi~k,7,1167834,,,false,4
,GSLi~k,8,1170698,,,false,4
,GSLi~k,9,1174818,,,false,4
,GdZDzw,0,1130543,,,false,4
,GdZDzw,1,1116436,,,false,4
,GdZDzw,2,1120277,,,false,4
,GdZDzw,3,1112456,,,false,4
,GdZDzw,4,1123979,,,false,4
,GdZDzw,5,1111967,,,false,4
,GdZDzw,6,1120557,,,false,4
,GdZDzw,7,1114970,,,false,4
,GdZDzw,8,1114621,,,false,4
,GdZDzw,9,1124817,,,false,4
,Guhax{,0,1147164,,,false,4
,Guhax{,1,1130124,,,false,4
,Guhax{,2,1129495,,,false,4
,Guhax{,3,1119510,,,false,4
,Guhax{,4,1129706,,,false,4
,Guhax{,5,1130403,,,false,4
,Guhax{,6,1133476,,,false,4
,Guhax{,7,1123978,,,false,4
,Guhax{,8,1121465,,,false,4
,Guhax{,9,1121465,,,false,4
,GgN\rk,0,1154007,,,false,4
,GgN\rk,1,1161689,,,false,4
,GgN\rk,2,1172164,,,false,4
,GgN\rk,3,1163505,,,false,4
,GgN\rk,4,1157848,,,false,4
,GgN\rk,5,1173002,,,false,4
,GgN\rk,6,1160851,,,false,4
,GgN\rk,7,1159385,,,false,4
,GgN\rk,8,1165251,,,false,4
,GgN\rk,9,1180823,,,false,4
,G}hHg{,0,1125725,,,false,4
,G}hHg{,1,1162317,,,false,4
,G}hHg{,2,1143393,,,false,4
,G}hHg{,3,1112596,,,false,4
,G}hHg{,4,1079425,,,false,4
,G}hHg{,5,1087875,,,false,4
,G}hHg{,6,1086618,,,false,4
,G}hHg{,7,1084243,,,false,4
,G}hHg{,8,1073349,,,false,4
,G}hHg{,9,1087107,,,false,4
,GrddY{,0,1143672,,,false,4
,GrddY{,1,1125166,,,false,4
,GrddY{,2,1117623,,,false,4
,GrddY{,3,1134803,,,false,4
,GrddY{,4,1108197,,,false,4
,GrddY{,5,1124887,,,false,4
,GrddY{,6,1116507,,,false,4
,GrddY{,7,1111129,,,false,4
,GrddY{,8,1129915,,,false,4
,GrddY{,9,1125306,,,false,4
,GqMZj[,0,1139202,,,false,5
,GqMZj[,1,1130893,,,false,5
,GqMZj[,2,1119300,,,false,5
,GqMZj[,3,1117205,,,false,5
,GqMZj[,4,1117763,,,false,5
,GqMZj[,5,1117903,,,false,5
,GqMZj[,6,1118113,,,false,5
,GqMZj[,7,1122931,,,false,5
,GqMZj[,8,1121465,,,false,5
,GqMZj[,9,1119580,,,false,5
,GRqZ^k,0,1192625,,,false,5
,GRqZ^k,1,1181662,,,false,5
,GRqZ^k,2,1177332,,,false,5
,GRqZ^k,3,1166857,,,false,5
,GRqZ^k,4,1171047,,,false,5
,GRqZ^k,5,1172234,,,false,5
,GRqZ^k,6,1180404,,,false,5
,GRqZ^k,7,1172933,,,false,5
,GRqZ^k,8,1169441,,,false,5
,GRqZ^k,9,1175377,,,false,5
,Gqlsz[,0,1147932,,,false,5
,Gqlsz[,1,1143044,,,false,5
,Gqlsz[,2,1141019,,,false,5
,Gqlsz[,3,1153100,,,false,5
,Gqlsz[,4,1151074,,,false,5
,Gqlsz[,5,1141088,,,false,5
,Gqlsz[,6,1137596,,,false,5
,Gqlsz[,7,1161340,,,false,5
,Gqlsz[,8,1189344,,,false,5
,Gqlsz[,9,1222724,,,false,5
,Gsxqx{,0,1220839,,,false,4
,Gsxqx{,1,1162737,,,false,4
,Gsxqx{,2,1173701,,,false,4
,Gsxqx{,3,1173352,,,false,4
,Gsxqx{,4,1169650,,,false,4
,Gsxqx{,5,1165320,,,false,4
,Gsxqx{,6,1173002,,,false,4
,Gsxqx{,7,1163923,,,false,4
,Gsxqx{,8,1173141,,,false,4
,Gsxqx{,9,1191927,,,false,4
,GMnax{,0,1163295,,,false,5
,GMnax{,1,1144790,,,false,5
,GMnax{,2,1151563,,,false,5
,GMnax{,3,1151493,,,false,5
,GMnax{,4,1151703,,,false,5
,GMnax{,5,1149817,,,false,5
,GMnax{,6,1146046,,,false,5
,GMnax{,7,1137526,,,false,5
,GMnax{,8,1150027,,,false,5
,GMnax{,9,1149398,,,false,5
,GP^uu{,0,1232641,,,false,5
,GP^uu{,1,1209176,,,false,5
,GP^uu{,2,1218115,,,false,5
,GP^uu{,3,1206313,,,false,5
,GP^uu{,4,1207430,,,false,5
,GP^uu{,5,1218115,,,false,5
,GP^uu{,6,1213017,,,false,5
,GP^uu{,7,1205126,,,false,5
,GP^uu{,8,1218325,,,false,5
,GP^uu{,9,1209176,,,false,5
,GD^vU{,0,1182570,,,false,4
,GD^vU{,1,1173072,,,false,4
,GD^vU{,2,1163575,,,false,4
,GD^vU{,3,1176215,,,false,4
,GD^vU{,4,1169580,,,false,4
,GD^vU{,5,1179358,,,false,4
,GD^vU{,6,1176284,,,false,4
,GD^vU{,7,1164482,,,false,4
,GD^vU{,8,1180824,,,false,4
,GD^vU{,9,1171606,,,false,4
,GEl~~w,0,1261761,,,false,4
,GEl~~w,1,1246538,,,false,4
,GEl~~w,2,1246048,,,false,4
,GEl~~w,3,1285296,,,false,4
,GEl~~w,4,1310855,,,false,4
,GEl~~w,5,1287251,,,false,4
,GEl~~w,6,1291301,,,false,4
,GEl~~w,7,1245979,,,false,4
,GEl~~w,8,1218394,,,false,4
,GEl~~w,9,1263158,,,false,4
,GrotY{,0,1101073,,,false,4
,GrotY{,1,1100026,,,false,4
,GrotY{,2,1096115,,,false,4
,GrotY{,3,1105962,,,false,4
,GrotY{,4,1104146,,,false,4
,GrotY{,5,1100165,,,false,4
,GrotY{,6,1101352,,,false,4
,GrotY{,7,1090249,,,false,4
,GrotY{,8,1108755,,,false,4
,GrotY{,9,1095626,,,false,4
,G`zTzw,0,1192137,,,false,4
,G`zTzw,1,1165391,,,false,4
,G`zTzw,2,1172373,,,false,4
,G`zTzw,3,1163574,,,false,4
,G`zTzw,4,1166229,,,false,4
,G`zTzw,5,1155963,,,false,4
,G`zTzw,6,1164692,,,false,4
,G`zTzw,7,1154217,,,false,4
,G`zTzw,8,1155125,,,false,4
,G`zTzw,9,1166857,,,false,4
,GQ}rm[,0,1146745,,,false,4
,GQ}rm[,1,1181103,,,false,4
,GQ}rm[,2,1189064,,,false,4
,GQ}rm[,3,1175517,,,false,4
,GQ}rm[,4,1180544,,,false,4
,GQ}rm[,5,1177751,,,false,4
,GQ}rm[,6,1174887,,,false,4
,GQ}rm[,7,1188365,,,false,4
,GQ}rm[,8,1165530,,,false,4
,GQ}rm[,9,1192905,,,false,4
,GqluX{,0,1152681,,,false,5
,GqluX{,1,1174329,,,false,5
,GqluX{,2,1171466,,,false,5
,GqluX{,3,1187738,,,false,5
,GqluX{,4,1168882,,,false,5
,GqluX{,5,1168882,,,false,5
,GqluX{,6,1174608,,,false,5
,GqluX{,7,1174538,,,false,5
,GqluX{,8,1177751,,,false,5
,GqluX{,9,1216300,,,false,5
,Grqix{,0,1171605,,,false,5
,Grqix{,1,1166088,,,false,5
,Grqix{,2,1170767,,,false,5
,Grqix{,3,1139062,,,false,5
,Grqix{,4,1122303,,,false,5
,Grqix{,5,1114901,,,false,5
,Grqix{,6,1141507,,,false,5
,Grqix{,7,1097163,,,false,5
,Grqix{,8,1134873,,,false,5
,Grqix{,9,1118602,,,false,5
,GRl~Ms,0,1218324,,,false,5
,GRl~Ms,1,1191928,,,false,5
,GRl~Ms,2,1174050,,,false,5
,GRl~Ms,3,1188226,,,false,5
,GRl~Ms,4,1184036,,,false,5
,GRl~Ms,5,1198911,,,false,5
,GRl~Ms,6,1184455,,,false,5
,GRl~Ms,7,1172514,,,false,5
,GRl~Ms,8,1188366,,,false,5
,GRl~Ms,9,1174818,,,false,5
,G]`@W{,0,1005121,,,false,3
,G]`@W{,1,1023208,,,false,3
,G]`@W{,2,1027538,,,false,3
,G]`@W{,3,1015247,,,false,3
,G]`@W{,4,1021323,,,false,3
,G]`@W{,5,998906,,,false,3
,G]`@W{,6,1015456,,,false,3
,G]`@W{,7,1009591,,,false,3
,G]`@W{,8,1011197,,,false,3
,G]`@W{,9,1009731,,,false,3
,G?urf[,0,1124118,,,false,3
,G?urf[,1,1076981,,,false,3
,G?urf[,2,1068461,,,false,3
,G?urf[,3,1099607,,,false,3
,G?urf[,4,1080192,,,false,3
,G?urf[,5,1109872,,,false,3
,G?urf[,6,1083824,,,false,3
,G?urf[,7,1099188,,,false,3
,G?urf[,8,1087805,,,false,3
,G?urf[,9,1082916,,,false,3
,G?\utk,0,1089480,,,false,4
,G?\utk,1,1092693,,,false,4
,G?\utk,2,1082288,,,false,4
,G?\utk,3,1078586,,,false,4
,G?\utk,4,1078168,,,false,4
,G?\utk,5,1088084,,,false,4
,G?\utk,6,1092414,,,false,4
,G?\utk,7,1082497,,,false,4
,G?\utk,8,1107917,,,false,4
,G?\utk,9,1126842,,,false,4
,G@dTJS,0,1047091,,,false,3
,G@dTJS,1,1030890,,,false,3
,G@dTJS,2,998417,,,false,3
,G@dTJS,3,1018460,,,false,3
,G@dTJS,4,1006378,,,false,3
,G@dTJS,5,1019228,,,false,3
,G@dTJS,6,997300,,,false,3
,G@dTJS,7,1025373,,,false,3
,G@dTJS,8,1002538,,,false,3
,G@dTJS,9,1005261,,,false,3
,G@MQ^?,0,931726,,,false,3
,G@MQ^?,1,952327,,,false,3
,G@MQ^?,2,933612,,,false,3
,G@MQ^?,3,940316,,,false,3
,G@MQ^?,4,939966,,,false,3
,G@MQ^?,5,940664,,,false,3
,G@MQ^?,6,934938,,,false,3
,G@MQ^?,7,932145,,,false,3
,G@MQ^?,8,928234,,,false,3
,G@MQ^?,9,936963,,,false,3
,GGFLbo,0,958892,,,false,3
,GGFLbo,1,975372,,,false,3
,GGFLbo,2,976559,,,false,3
,GGFLbo,3,966712,,,false,3
,GGFLbo,4,974743,,,false,3
,GGFLbo,5,978724,,,false,3
,GGFLbo,6,983473,,,false,3
,GGFLbo,7,970623,,,false,3
,GGFLbo,8,990875,,,false,3
,GGFLbo,9,971670,,,false,3
,GoDPZo,0,990317,,,false,3
,GoDPZo,1,992691,,,false,3
,GoDPZo,2,993179,,,false,3
,GoDPZo,3,984241,,,false,3
,GoDPZo,4,991503,,,false,3
,GoDPZo,5,986615,,,false,3
,GoDPZo,6,990805,,,false,3
,GoDPZo,7,979981,,,false,3
,GoDPZo,8,986126,,,false,3
,GoDPZo,9,984101,,,false,3
,GoDP^o,0,1008543,,,false,3
,GoDP^o,1,988012,,,false,3
,GoDP^o,2,987523,,,false,3
,GoDP^o,3,996322,,,false,3
,GoDP^o,4,981517,,,false,3
,GoDP^o,5,995065,,,false,3
,GoDP^o,6,984381,,,false,3
,GoDP^o,7,987732,,,false,3
,GoDP^o,8,981377,,,false,3
,GoDP^o,9,991992,,,false,3
,GqGR[w,0,1047511,,,false,3
,GqGR[w,1,1041365,,,false,3
,GqGR[w,2,1053516,,,false,3
,GqGR[w,3,1075096,,,false,3
,GqGR[w,4,1083685,,,false,3
,GqGR[w,5,1086339,,,false,3
,GqGR[w,6,1087456,,,false,3
,GqGR[w,7,1040527,,,false,3
,GqGR[w,8,1052259,,,false,3
,GqGR[w,9,1032775,,,false,3
,Gr`?x[,0,1011616,,,false,4
,Gr`?x[,1,1021323,,,false,4
,Gr`?x[,2,1024814,,,false,4
,Gr`?x[,3,1013921,,,false,4
,Gr`?x[,4,1029214,,,false,4
,Gr`?x[,5,1014549,,,false,4
,Gr`?x[,6,1038013,,,false,4
,Gr`?x[,7,1004981,,,false,4
,Gr`?x[,8,1026700,,,false,4
,Gr`?x[,9,1018460,,,false,4
,GqMAXk,0,1022441,,,false,4
,GqMAXk,1,1033614,,,false,4
,GqMAXk,2,1043391,,,false,4
,GqMAXk,3,1030681,,,false,4
,GqMAXk,4,1040737,,,false,4
,GqMAXk,5,1035639,,,false,4
,GqMAXk,6,1038362,,,false,4
,GqMAXk,7,1034592,,,false,4
,GqMAXk,8,1031519,,,false,4
,GqMAXk,9,1033684,,,false,4
,G@h^vg,0,1122932,,,false,4
,G@h^vg,1,1094160,,,false,4
,G@h^vg,2,1100515,,,false,4
,G@h^vg,3,1098908,,,false,4
,G@h^vg,4,1105193,,,false,4
,G@h^vg,5,1110431,,,false,4
,G@h^vg,6,1095696,,,false,4
,G@h^vg,7,1098629,,,false,4
,G@h^vg,8,1099537,,,false,4
,G@h^vg,9,1094859,,,false,4
,G@X^dw,0,1111828,,,false,4
,G@X^dw,1,1098490,,,false,4
,G@X^dw,2,1102959,,,false,4
,G@X^dw,3,1095906,,,false,4
,G@X^dw,4,1099747,,,false,4
,G@X^dw,5,1094859,,,false,4
,G@X^dw,6,1091367,,,false,4
,G@X^dw,7,1089481,,,false,4
,G@X^dw,8,1097303,,,false,4
,G@X^dw,9,1121885,,,false,4
,GCS~~w,0,1156871,,,false,4
,GCS~~w,1,1164622,,,false,4
,GCS~~w,2,1138923,,,false,4
,GCS~~w,3,1171327,,,false,4
,GCS~~w,4,1195489,,,false,4
,GCS~~w,5,1196886,,,false,4
,GCS~~w,6,1246189,,,false,4
,GCS~~w,7,1202752,,,false,4
,GCS~~w,8,1168184,,,false,4
,GCS~~w,9,1182989,,,false,4
,GANvS{,0,1149818,,,false,4
,GANvS{,1,1147234,,,false,4
,GANvS{,2,1138993,,,false,4
,GANvS{,3,1136061,,,false,4
,GANvS{,4,1142206,,,false,4
,GANvS{,5,1137038,,,false,4
,GANvS{,6,1139552,,,false,4
,GANvS{,7,1139482,,,false,4
,GANvS{,8,1149608,,,false,4
,GANvS{,9,1141577,,,false,4
,GqMAh[,0,1004074,,,false,3
,GqMAh[,1,1011896,,,false,3
,GqMAh[,2,1019018,,,false,3
,GqMAh[,3,997998,,,false,3
,GqMAh[,4,1012733,,,false,3
,GqMAh[,5,1010290,,,false,3
,GqMAh[,6,1016923,,,false,3
,GqMAh[,7,1012663,,,false,3
,GqMAh[,8,1014061,,,false,3
,GqMAh[,9,1004144,,,false,3
,G_}ahk,0,1035639,,,false,3
,G_}ahk,1,1026631,,,false,3
,G_}ahk,2,1024884,,,false,3
,G_}ahk,3,1022999,,,false,3
,G_}ahk,4,1029284,,,false,3
,G_}ahk,5,1024605,,,false,3
,G_}ahk,6,1040527,,,false,3
,G_}ahk,7,1018948,,,false,3
,G_}ahk,8,1039410,,,false,3
,G_}ahk,9,1007356,,,false,3
,G@h^e[,0,1128937,,,false,3
,G@h^e[,1,1078447,,,false,3
,G@h^e[,2,1120697,,,false,3
,G@h^e[,3,1082777,,,false,3
,G@h^e[,4,1104216,,,false,3
,G@h^e[,5,1085222,,,false,3
,G@h^e[,6,1087666,,,false,3
,G@h^e[,7,1092065,,,false,3
,G@h^e[,8,1094160,,,false,3
,G@h^e[,9,1093252,,,false,3
,GBYk}{,0,1141717,,,false,4
,GBYk}{,1,1138434,,,false,4
,GBYk}{,2,1132010,,,false,4
,GBYk}{,3,1148910,,,false,4
,GBYk}{,4,1182221,,,false,4
,GBYk}{,5,1165949,,,false,4
,GBYk}{,6,1230825,,,false,4
,GBYk}{,7,1129357,,,false,4
,GBYk}{,8,1167556,,,false,4
,GBYk}{,9,1158687,,,false,4
,GPpX~k,0,1157569,,,false,4
,GPpX~k,1,1146535,,,false,4
,GPpX~k,2,1149399,,,false,4
,GPpX~k,3,1149329,,,false,4
,GPpX~k,4,1141019,,,false,4
,GPpX~k,5,1132429,,,false,4
,GPpX~k,6,1140111,,,false,4
,GPpX~k,7,1139133,,,false,4
,GPpX~k,8,1146046,,,false,4
,GPpX~k,9,1136759,,,false,4
,GWS}|{,0,1207081,,,false,4
,GWS}|{,1,1194581,,,false,4
,GWS}|{,2,1179916,,,false,4
,GWS}|{,3,1191438,,,false,4
,GWS}|{,4,1178380,,,false,4
,GWS}|{,5,1183757,,,false,4
,GWS}|{,6,1186062,,,false,4
,GWS}|{,7,1183129,,,false,4
,GWS}|{,8,1205964,,,false,4
,GWS}|{,9,1177123,,,false,4
,G@zZrk,0,1144860,,,false,4
,G@zZrk,1,1103797,,,false,4
,G@zZrk,2,1111199,,,false,4
,G@zZrk,3,1111479,,,false,4
,G@zZrk,4,1109035,,,false,4
,G@zZrk,5,1112875,,,false,4
,G@zZrk,6,1093182,,,false,4
,G@zZrk,7,1117275,,,false,4
,G@zZrk,8,1098699,,,false,4
,G@zZrk,9,1103657,,,false,4
,G@lu~w,0,1209875,,,false,4
,G@lu~w,1,1187808,,,false,4
,G@lu~w,2,1203869,,,false,4
,G@lu~w,3,1189414,,,false,4
,G@lu~w,4,1183408,,,false,4
,G@lu~w,5,1175517,,,false,4
,G@lu~w,6,1171746,,,false,4
,G@lu~w,7,1176285,,,false,4
,G@lu~w,8,1173491,,,false,4
,G@lu~w,9,1196257,,,false,4
,GEhXrK,0,1117624,,,false,3
,GEhXrK,1,1120139,,,false,3
,GEhXrK,2,1123001,,,false,3
,GEhXrK,3,1118322,,,false,3
,GEhXrK,4,1059243,,,false,3
,GEhXrK,5,1095626,,,false,3
,GEhXrK,6,1053307,,,false,3
,GEhXrK,7,1078028,,,false,3
,GEhXrK,8,1069927,,,false,3
,GEhXrK,9,1073628,,,false,3
,GEhax{,0,1085151,,,false,4
,GEhax{,1,1088084,,,false,4
,GEhax{,2,1091925,,,false,4
,GEhax{,3,1086129,,,false,4
,GEhax{,4,1093601,,,false,4
,GEhax{,5,1068740,,,false,4
,GEhax{,6,1104286,,,false,4
,GEhax{,7,1059871,,,false,4
,GEhax{,8,1095626,,,false,4
,GEhax{,9,1067972,,,false,4
,GqGZ[{,0,1085221,,,false,4
,GqGZ[{,1,1093322,,,false,4
,GqGZ[{,2,1096045,,,false,4
,GqGZ[{,3,1097861,,,false,4
,GqGZ[{,4,1095697,,,false,4
,GqGZ[{,5,1099886,,,false,4
,GqGZ[{,6,1101004,,,false,4
,GqGZ[{,7,1092553,,,false,4
,GqGZ[{,8,1105752,,,false,4
,GqGZ[{,9,1094369,,,false,4
,GpDHzw,0,1074188,,,false,4
,GpDHzw,1,1084173,,,false,4
,GpDHzw,2,1082847,,,false,4
,GpDHzw,3,1078448,,,false,4
,GpDHzw,4,1071674,,,false,4
,GpDHzw,5,1074397,,,false,4
,GpDHzw,6,1072372,,,false,4
,GpDHzw,7,1075724,,,false,4
,GpDHzw,8,1063572,,,false,4
,GpDHzw,9,1074118,,,false,4
,GgMP}w,0,1069927,,,false,4
,GgMP}w,1,1098419,,,false,4
,GgMP}w,2,1095486,,,false,4
,GgMP}w,3,1088992,,,false,4
,GgMP}w,4,1105124,,,false,4
,GgMP}w,5,1090529,,,false,4
,GgMP}w,6,1098000,,,false,4
,GgMP}w,7,1074955,,,false,4
,GgMP}w,8,1084313,,,false,4
,GgMP}w,9,1089062,,,false,4
,G`hP~w,0,1194442,,,false,4
,G`hP~w,1,1160223,,,false,4
,G`hP~w,2,1155335,,,false,4
,G`hP~w,3,1139831,,,false,4
,G`hP~w,4,1104705,,,false,4
,G`hP~w,5,1108964,,,false,4
,G`hP~w,6,1102679,,,false,4
,G`hP~w,7,1112596,,,false,4
,G`hP~w,8,1107568,,,false,4
,G`hP~w,9,1102819,,,false,4
,GRQH}w,0,1076772,,,false,4
,GRQH}w,1,1094649,,,false,4
,GRQH}w,2,1098629,,,false,4
,GRQH}w,3,1084313,,,false,4
,GRQH}w,4,1097303,,,false,4
,GRQH}w,5,1088992,,,false,4
,GRQH}w,6,1098001,,,false,4
,GRQH}w,7,1092274,,,false,4
,GRQH}w,8,1088084,,,false,4
,GRQH}w,9,1090040,,,false,4
,GDZDzw,0,1122582,,,false,4
,GDZDzw,1,1147862,,,false,4
,GDZDzw,2,1134943,,,false,4
,GDZDzw,3,1144161,,,false,4
,GDZDzw,4,1126912,,,false,4
,GDZDzw,5,1141857,,,false,4
,GDZDzw,6,1129915,,,false,4
,GDZDzw,7,1138295,,,false,4
,GDZDzw,8,1138644,,,false,4
,GDZDzw,9,1128378,,,false,4
,G`ddzw,0,1108685,,,false,4
,G`ddzw,1,1096185,,,false,4
,G`ddzw,2,1094160,,,false,4
,G`ddzw,3,1098001,,,false,4
,G`ddzw,4,1088294,,,false,4
,G`ddzw,5,1094929,,,false,4
,G`ddzw,6,1096185,,,false,4
,G`ddzw,7,1093880,,,false,4
,G`ddzw,8,1103239,,,false,4
,G`ddzw,9,1098908,,,false,4
,GoSr~w,0,1162039,,,false,4
,GoSr~w,1,1155265,,,false,4
,GoSr~w,2,1149678,,,false,4
,GoSr~w,3,1143812,,,false,4
,GoSr~w,4,1145208,,,false,4
,GoSr~w,5,1143882,,,false,4
,GoSr~w,6,1153169,,,false,4
,GoSr~w,7,1147863,,,false,4
,GoSr~w,8,1173770,,,false,4
,GoSr~w,9,1209666,,,false,4
,GDZDz{,0,1179637,,,false,4
,GDZDz{,1,1164832,,,false,4
,GDZDz{,2,1105264,,,false,4
,GDZDz{,3,1126563,,,false,4
,GDZDz{,4,1116088,,,false,4
,GDZDz{,5,1118672,,,false,4
,GDZDz{,6,1126842,,,false,4
,GDZDz{,7,1112038,,,false,4
,GDZDz{,8,1126284,,,false,4
,GDZDz{,9,1105753,,,false,4
,G`ddz{,0,1157569,,,false,4
,G`ddz{,1,1145279,,,false,4
,G`ddz{,2,1135153,,,false,4
,G`ddz{,3,1147094,,,false,4
,G`ddz{,4,1126772,,,false,4
,G`ddz{,5,1134873,,,false,4
,G`ddz{,6,1127261,,,false,4
,G`ddz{,7,1129705,,,false,4
,G`ddz{,8,1128309,,,false,4
,G`ddz{,9,1138295,,,false,4
,GDZcy{,0,1127610,,,false,4
,GDZcy{,1,1132709,,,false,4
,GDZcy{,2,1138784,,,false,4
,GDZcy{,3,1134943,,,false,4
,GDZcy{,4,1135292,,,false,4
,GDZcy{,5,1141018,,,false,4
,GDZcy{,6,1138505,,,false,4
,GDZcy{,7,1144301,,,false,4
,GDZcy{,8,1135711,,,false,4
,GDZcy{,9,1145767,,,false,4
,GqopW{,0,1032147,,,false,4
,GqopW{,1,1044577,,,false,4
,GqopW{,2,1031798,,,false,4
,GqopW{,3,1047022,,,false,4
,GqopW{,4,1028585,,,false,4
,GqopW{,5,1026142,,,false,4
,GqopW{,6,1027050,,,false,4
,GqopW{,7,1036686,,,false,4
,GqopW{,8,1027469,,,false,4
,GqopW{,9,1030262,,,false,4
,GoTXpk,0,1014689,,,false,4
,GoTXpk,1,1044229,,,false,4
,GoTXpk,2,1033823,,,false,4
,GoTXpk,3,1042901,,,false,4
,GoTXpk,4,1032496,,,false,4
,GoTXpk,5,1036616,,,false,4
,GoTXpk,6,1032008,,,false,4
,GoTXpk,7,1069718,,,false,4
,GoTXpk,8,1088085,,,false,4
,GoTXpk,9,1085710,,,false,4
,GEhrS{,0,1143113,,,false,4
,GEhrS{,1,1152262,,,false,4
,GEhrS{,2,1110571,,,false,4
,GEhrS{,3,1117066,,,false,4
,GEhrS{,4,1110222,,,false,4
,GEhrS{,5,1111759,,,false,4
,GEhrS{,6,1123630,,,false,4
,GEhrS{,7,1109733,,,false,4
,GEhrS{,8,1114272,,,false,4
,GEhrS{,9,1114481,,,false,4
,GMhP[{,0,1065877,,,false,4
,GMhP[{,1,1045834,,,false,4
,GMhP[{,2,1047790,,,false,4
,GMhP[{,3,1047510,,,false,4
,GMhP[{,4,1059033,,,false,4
,GMhP[{,5,1064900,,,false,4
,GMhP[{,6,1058614,,,false,4
,GMhP[{,7,1056590,,,false,4
,GMhP[{,8,1050933,,,false,4
,GMhP[{,9,1051841,,,false,4
,GqSpZ{,0,1121534,,,false,4
,GqSpZ{,1,1104285,,,false,4
,GqSpZ{,2,1096255,,,false,4
,GqSpZ{,3,1094788,,,false,4
,GqSpZ{,4,1101213,,,false,4
,GqSpZ{,5,1099747,,,false,4
,GqSpZ{,6,1102680,,,false,4
,GqSpZ{,7,1103588,,,false,4
,GqSpZ{,8,1091157,,,false,4
,GqSpZ{,9,1106451,,,false,4
,G`h\rg,0,1055402,,,false,4
,G`h\rg,1,1070346,,,false,4
,G`h\rg,2,1069997,,,false,4
,G`h\rg,3,1064969,,,false,4
,G`h\rg,4,1074816,,,false,4
,G`h\rg,5,1056170,,,false,4
,G`h\rg,6,1058055,,,false,4
,G`h\rg,7,1062734,,,false,4
,G`h\rg,8,1071324,,,false,4
,G`h\rg,9,1059452,,,false,4
,GK^@|k,0,1148281,,,false,4
,GK^@|k,1,1114970,,,false,4
,GK^@|k,2,1115668,,,false,4
,GK^@|k,3,1116437,,,false,4
,GK^@|k,4,1119440,,,false,4
,GK^@|k,5,1124329,,,false,4
,GK^@|k,6,1111828,,,false,4
,GK^@|k,7,1191090,,,false,4
,GK^@|k,8,1151704,,,false,4
,GK^@|k,9,1177821,,,false,4
,G`Urt[,0,1141298,,,false,4
,G`Urt[,1,1121326,,,false,4
,G`Urt[,2,1136409,,,false,4
,G`Urt[,3,1129426,,,false,4
,G`Urt[,4,1138504,,,false,4
,G`Urt[,5,1129356,,,false,4
,G`Urt[,6,1132429,,,false,4
,G`Urt[,7,1136130,,,false,4
,G`Urt[,8,1127051,,,false,4
,G`Urt[,9,1130054,,,false,4
,GqHX~o,0,1101283,,,false,4
,GqHX~o,1,1126004,,,false,4
,GqHX~o,2,1121885,,,false,4
,GqHX~o,3,1120557,,,false,4
,GqHX~o,4,1100305,,,false,4
,GqHX~o,5,1117415,,,false,4
,GqHX~o,6,1108964,,,false,4
,GqHX~o,7,1111828,,,false,4
,GqHX~o,8,1099817,,,false,4
,GqHX~o,9,1099607,,,false,4
,GD^Dj[,0,1106800,,,false,4
,GD^Dj[,1,1108476,,,false,4
,GD^Dj[,2,1106940,,,false,4
,GD^Dj[,3,1119300,,,false,4
,GD^Dj[,4,1116227,,,false,4
,GD^Dj[,5,1115320,,,false,4
,GD^Dj[,6,1119510,,,false,4
,GD^Dj[,7,1102820,,,false,4
,GD^Dj[,8,1131032,,,false,4
,GD^Dj[,9,1107498,,,false,4
,GDZUX{,0,1119160,,,false,4
,GDZUX{,1,1134454,,,false,4
,GDZUX{,2,1130054,,,false,4
,GDZUX{,3,1128727,,,false,4
,GDZUX{,4,1145278,,,false,4
,GDZUX{,5,1122862,,,false,4
,GDZUX{,6,1135571,,,false,4
,GDZUX{,7,1129216,,,false,4
,GDZUX{,8,1141158,,,false,4
,GDZUX{,9,1126353,,,false,4
,G`X\tk,0,1100794,,,false,4
,G`X\tk,1,1077330,,,false,4
,G`X\tk,2,1079495,,,false,4
,G`X\tk,3,1080961,,,false,4
,G`X\tk,4,1080542,,,false,4
,G`X\tk,5,1100165,,,false,4
,G`X\tk,6,1126912,,,false,4
,G`X\tk,7,1140250,,,false,4
,G`X\tk,8,1134524,,,false,4
,G`X\tk,9,1070905,,,false,4
,GBhmk{,0,1153659,,,false,4
,GBhmk{,1,1131591,,,false,4
,GBhmk{,2,1139971,,,false,4
,GBhmk{,3,1130194,,,false,4
,GBhmk{,4,1135223,,,false,4
,GBhmk{,5,1132010,,,false,4
,GBhmk{,6,1127541,,,false,4
,GBhmk{,7,1128449,,,false,4
,GBhmk{,8,1139133,,,false,4
,GBhmk{,9,1129007,,,false,4
,GdZDz{,0,1169720,,,false,4
,GdZDz{,1,1134943,,,false,4
,GdZDz{,2,1135362,,,false,4
,GdZDz{,3,1122512,,,false,4
,GdZDz{,4,1138784,,,false,4
,GdZDz{,5,1140390,,,false,4
,GdZDz{,6,1130823,,,false,4
,GdZDz{,7,1142835,,,false,4
,GdZDz{,8,1130473,,,false,4
,GdZDz{,9,1129286,,,false,4
,GpFjq{,0,1149119,,,false,4
,GpFjq{,1,1154986,,,false,4
,GpFjq{,2,1160083,,,false,4
,GpFjq{,3,1155125,,,false,4
,GpFjq{,4,1150516,,,false,4
,GpFjq{,5,1149678,,,false,4
,GpFjq{,6,1149259,,,false,4
,GpFjq{,7,1144860,,,false,4
,GpFjq{,8,1155614,,,false,4
,GpFjq{,9,1143812,,,false,4
,GQqzvk,0,1177821,,,false,4
,GQqzvk,1,1141647,,,false,4
,GQqzvk,2,1158826,,,false,4
,GQqzvk,3,1129496,,,false,4
,GQqzvk,4,1161899,,,false,4
,GQqzvk,5,1159594,,,false,4
,GQqzvk,6,1155963,,,false,4
,GQqzvk,7,1148910,,,false,4
,GQqzvk,8,1150167,,,false,4
,GQqzvk,9,1147164,,,false,4
,GJqix{,0,1148281,,,false,4
,GJqix{,1,1146256,,,false,4
,GJqix{,2,1169092,,,false,4
,GJqix{,3,1172304,,,false,4
,GJqix{,4,1195559,,,false,4
,GJqix{,5,1170419,,,false,4
,GJqix{,6,1186271,,,false,4
,GJqix{,7,1133127,,,false,4
,GJqix{,8,1140040,,,false,4
,GJqix{,9,1145139,,,false,4
,GJM]^[,0,1150027,,,false,4
,GJM]^[,1,1164413,,,false,4
,GJM]^[,2,1144510,,,false,4
,GJM]^[,3,1154846,,,false,4
,GJM]^[,4,1143672,,,false,4
,GJM]^[,5,1162178,,,false,4
,GJM]^[,6,1182360,,,false,4
,GJM]^[,7,1187668,,,false,4
,GJM]^[,8,1181592,,,false,4
,GJM]^[,9,1199120,,,false,4
,GqJ\z{,0,1171257,,,false,4
,GqJ\z{,1,1171117,,,false,4
,GqJ\z{,2,1160712,,,false,4
,GqJ\z{,3,1164273,,,false,4
,GqJ\z{,4,1170140,,,false,4
,GqJ\z{,5,1163436,,,false,4
,GqJ\z{,6,1165670,,,false,4
,GqJ\z{,7,1158966,,,false,4
,GqJ\z{,8,1164483,,,false,4
,GqJ\z{,9,1169651,,,false,4
,GcL~v[,0,1220769,,,false,4
,GcL~v[,1,1200587,,,false,4
,GcL~v[,2,1209805,,,false,4
,GcL~v[,3,1196676,,,false,4
,GcL~v[,4,1215601,,,false,4
,GcL~v[,5,1210294,,,false,4
,GcL~v[,6,1206802,,,false,4
,GcL~v[,7,1207291,,,false,4
,GcL~v[,8,1200518,,,false,4
,GcL~v[,9,1216090,,,false,4
,GDZ^vw,0,1186900,,,false,4
,GDZ^vw,1,1222655,,,false,4
,GDZ^vw,2,1199959,,,false,4
,GDZ^vw,3,1220700,,,false,4
,GDZ^vw,4,1196257,,,false,4
,GDZ^vw,5,1201285,,,false,4
,GDZ^vw,6,1195349,,,false,4
,GDZ^vw,7,1188506,,,false,4
,GDZ^vw,8,1221887,,,false,4
,GDZ^vw,9,1246468,,,false,4
,GMMZ\[,0,1190811,,,false,4
,GMMZ\[,1,1211761,,,false,4
,GMMZ\[,2,1172095,,,false,4
,GMMZ\[,3,1155614,,,false,4
,GMMZ\[,4,1152541,,,false,4
,GMMZ\[,5,1159803,,,false,4
,GMMZ\[,6,1153658,,,false,4
,GMMZ\[,7,1158407,,,false,4
,GMMZ\[,8,1164064,,,false,4
,GMMZ\[,9,1156173,,,false,4
,GJMk}[,0,1122023,,,false,4
,GJMk}[,1,1140669,,,false,4
,GJMk}[,2,1149120,,,false,4
,GJMk}[,3,1143183,,,false,4
,GJMk}[,4,1153239,,,false,4
,GJMk}[,5,1153938,,,false,4
,GJMk}[,6,1144091,,,false,4
,GJMk}[,7,1144370,,,false,4
,GJMk}[,8,1148910,,,false,4
,GJMk}[,9,1158128,,,false,4
,GqNax{,0,1121954,,,false,4
,GqNax{,1,1153798,,,false,4
,GqNax{,2,1146536,,,false,4
,GqNax{,3,1144231,,,false,4
,GqNax{,4,1146884,,,false,4
,GqNax{,5,1140460,,,false,4
,GqNax{,6,1148211,,,false,4
,GqNax{,7,1147653,,,false,4
,GqNax{,8,1152472,,,false,4
,GqNax{,9,1138714,,,false,4
,GDYz~o,0,1170069,,,false,4
,GDYz~o,1,1149608,,,false,4
,GDYz~o,2,1146745,,,false,4
,GDYz~o,3,1149957,,,false,4
,GDYz~o,4,1159873,,,false,4
,GDYz~o,5,1151703,,,false,4
,GDYz~o,6,1148840,,,false,4
,GDYz~o,7,1140041,,,false,4
,GDYz~o,8,1141996,,,false,4
,GDYz~o,9,1151633,,,false,4
,G?L?nC,0,914477,,,false,2
,G?L?nC,1,900440,,,false,2
,G?L?nC,2,892269,,,false,2
,G?L?nC,3,907843,,,false,2
,G?L?nC,4,893946,,,false,2
,G?L?nC,5,900720,,,false,2
,G?L?nC,6,905957,,,false,2
,G?L?nC,7,921321,,,false,2
,G?L?nC,8,924883,,,false,2
,G?L?nC,9,933611,,,false,2
,Gq?@Ww,0,904072,,,false,2
,Gq?@Ww,1,886893,,,false,2
,Gq?@Ww,2,845900,,,false,2
,Gq?@Ww,3,889267,,,false,2
,Gq?@Ww,4,858819,,,false,2
,Gq?@Ww,5,875020,,,false,2
,Gq?@Ww,6,873763,,,false,2
,Gq?@Ww,7,874531,,,false,2
,Gq?@Ww,8,871878,,,false,2
,Gq?@Ww,9,862940,,,false,2
,G@?]VK,0,996043,,,false,2
,G@?]VK,1,959869,,,false,2
,G@?]VK,2,964618,,,false,2
,G@?]VK,3,954841,,,false,2
,G@?]VK,4,963151,,,false,2
,G@?]VK,5,960846,,,false,2
,G@?]VK,6,985149,,,false,2
,G@?]VK,7,966713,,,false,2
,G@?]VK,8,960846,,,false,2
,G@?]VK,9,974395,,,false,2
,G@GSY[,0,919715,,,false,3
,G@GSY[,1,900719,,,false,3
,G@GSY[,2,906865,,,false,3
,G@GSY[,3,901628,,,false,3
,G@GSY[,4,905469,,,false,3
,G@GSY[,5,897716,,,false,3
,G@GSY[,6,893666,,,false,3
,G@GSY[,7,905398,,,false,3
,G@GSY[,8,898834,,,false,3
,G@GSY[,9,891432,,,false,3
,GOBAx{,0,1010987,,,false,2
,GOBAx{,1,990107,,,false,2
,GOBAx{,2,1001770,,,false,2
,GOBAx{,3,988921,,,false,2
,GOBAx{,4,993599,,,false,2
,GOBAx{,5,989618,,,false,2
,GOBAx{,6,995205,,,false,2
,GOBAx{,7,991294,,,false,2
,GOBAx{,8,1000512,,,false,2
,GOBAx{,9,990177,,,false,2
,G@GR[{,0,1010080,,,false,3
,G@GR[{,1,988012,,,false,3
,G@GR[{,2,976419,,,false,3
,G@GR[{,3,985917,,,false,3
,G@GR[{,4,985847,,,false,3
,G@GR[{,5,992203,,,false,3
,G@GR[{,6,982146,,,false,3
,G@GR[{,7,987454,,,false,3
,G@GR[{,8,985917,,,false,3
,G@GR[{,9,990316,,,false,3
,G@?Z]{,0,1062176,,,false,3
,G@?Z]{,1,1047930,,,false,3
,G@?Z]{,2,1044369,,,false,3
,G@?Z]{,3,1065807,,,false,3
,G@?Z]{,4,1088364,,,false,3
,G@?Z]{,5,1087037,,,false,3
,G@?Z]{,6,1088084,,,false,3
,G@?Z]{,7,1098979,,,false,3
,G@?Z]{,8,1017482,,,false,3
,G@?Z]{,9,1056100,,,false,3
,G@CNM[,0,997928,,,false,3
,G@CNM[,1,992691,,,false,3
,G@CNM[,2,979702,,,false,3
,G@CNM[,3,990945,,,false,3
,G@CNM[,4,976420,,,false,3
,G@CNM[,5,980470,,,false,3
,G@CNM[,6,979982,,,false,3
,G@CNM[,7,998417,,,false,3
,G@CNM[,8,972788,,,false,3
,G@CNM[,9,987453,,,false,3
,G?EJZw,0,1050863,,,false,3
,G?EJZw,1,991853,,,false,3
,G?EJZw,2,1036198,,,false,3
,G?EJZw,3,979982,,,false,3
,G?EJZw,4,1032357,,,false,3
,G?EJZw,5,969646,,,false,3
,G?EJZw,6,1018460,,,false,3
,G?EJZw,7,978025,,,false,3
,G?EJZw,8,1020206,,,false,3
,G?EJZw,9,975512,,,false,3
,G?G^]w,0,1053377,,,false,3
,G?G^]w,1,1014759,,,false,3
,G?G^]w,2,1060849,,,false,3
,G?G^]w,3,1048907,,,false,3
,G?G^]w,4,1051143,,,false,3
,G?G^]w,5,1046254,,,false,3
,G?G^]w,6,1044787,,,false,3
,G?G^]w,7,1045626,,,false,3
,G?G^]w,8,1043670,,,false,3
,G?G^]w,9,1055402,,,false,3
,G?EVZ{,0,1093322,,,false,3
,G?EVZ{,1,1097791,,,false,3
,G?EVZ{,2,1059941,,,false,3
,G?EVZ{,3,1108127,,,false,3
,G?EVZ{,4,1060640,,,false,3
,G?EVZ{,5,1090668,,,false,3
,G?EVZ{,6,1065109,,,false,3
,G?EVZ{,7,1089621,,,false,3
,G?EVZ{,8,1076143,,,false,3
,G?EVZ{,9,1071744,,,false,3
,GoCAhW,0,878163,,,false,2
,GoCAhW,1,891781,,,false,2
,GoCAhW,2,878233,,,false,2
,GoCAhW,3,887172,,,false,2
,GoCAhW,4,877256,,,false,2
,GoCAhW,5,874253,,,false,2
,GoCAhW,6,878373,,,false,2
,GoCAhW,7,911824,,,false,2
,GoCAhW,8,921251,,,false,2
,GoCAhW,9,924324,,,false,2
,GoCAh[,0,951838,,,false,2
,GoCAh[,1,923626,,,false,2
,GoCAh[,2,892968,,,false,2
,GoCAh[,3,898205,,,false,2
,GoCAh[,4,917270,,,false,2
,GoCAh[,5,894295,,,false,2
,GoCAh[,6,904072,,,false,2
,GoCAh[,7,885356,,,false,2
,GoCAh[,8,899392,,,false,2
,GoCAh[,9,898136,,,false,2
,GA?X^O,0,960707,,,false,3
,GA?X^O,1,931097,,,false,3
,GA?X^O,2,936265,,,false,3
,GA?X^O,3,932773,,,false,3
,GA?X^O,4,932913,,,false,3
,GA?X^O,5,930259,,,false,3
,GA?X^O,6,927256,,,false,3
,GA?X^O,7,930469,,,false,3
,GA?X^O,8,932145,,,false,3
,GA?X^O,9,924603,,,false,3
,G@HCyw,0,962941,,,false,3
,G@HCyw,1,941223,,,false,3
,G@HCyw,2,976489,,,false,3
,G@HCyw,3,969786,,,false,3
,G@HCyw,4,973627,,,false,3
,G@HCyw,5,955610,,,false,3
,G@HCyw,6,967341,,,false,3
,G@HCyw,7,962104,,,false,3
,G@HCyw,8,968948,,,false,3
,G@HCyw,9,954492,,,false,3
,G@BDY{,0,1033684,,,false,2
,G@BDY{,1,993669,,,false,2
,G@BDY{,2,997300,,,false,2
,G@BDY{,3,984660,,,false,2
,G@BDY{,4,996253,,,false,2
,G@BDY{,5,990107,,,false,2
,G@BDY{,6,1002188,,,false,2
,G@BDY{,7,983403,,,false,2
,G@BDY{,8,997230,,,false,2
,G@BDY{,9,988501,,,false,2
,G@?kyw,0,967900,,,false,3
,G@?kyw,1,938569,,,false,3
,G@?kyw,2,971881,,,false,3
,G@?kyw,3,948207,,,false,3
,G@?kyw,4,970065,,,false,3
,G@?kyw,5,959450,,,false,3
,G@?kyw,6,968598,,,false,3
,G@?kyw,7,958612,,,false,3
,G@?kyw,8,972928,,,false,3
,G@?kyw,9,965107,,,false,3
,G?Ss^{,0,1110501,,,false,3
,G?Ss^{,1,1082707,,,false,3
,G?Ss^{,2,1097931,,,false,3
,G?Ss^{,3,1088574,,,false,3
,G?Ss^{,4,1142345,,,false,3
,G?Ss^{,5,1118392,,,false,3
,G?Ss^{,6,1117345,,,false,3
,G?Ss^{,7,1077610,,,false,3
,G?Ss^{,8,1080473,,,false,3
,G?Ss^{,9,1079565,,,false,3
,GA?}TS,0,945553,,,false,3
,GA?}TS,1,951698,,,false,3
,GA?}TS,2,963849,,,false,3
,GA?}TS,3,953374,,,false,3
,GA?}TS,4,960708,,,false,3
,GA?}TS,5,949184,,,false,3
,GA?}TS,6,947509,,,false,3
,GA?}TS,7,958822,,,false,3
,GA?}TS,8,955540,,,false,3
,GA?}TS,9,950372,,,false,3
,G@Aiu[,0,1005261,,,false,3
,G@Aiu[,1,995554,,,false,3
,G@Aiu[,2,987524,,,false,3
,G@Aiu[,3,991015,,,false,3
,G@Aiu[,4,990316,,,false,3
,G@Aiu[,5,982425,,,false,3
,G@Aiu[,6,991922,,,false,3
,G@Aiu[,7,988012,,,false,3
,G@Aiu[,8,986126,,,false,3
,G@Aiu[,9,987034,,,false,3
,G?Eja{,0,995136,,,false,3
,G?Eja{,1,1012314,,,false,3
,G?Eja{,2,996602,,,false,3
,G?Eja{,3,1009102,,,false,3
,G?Eja{,4,1007356,,,false,3
,G?Eja{,5,1008543,,,false,3
,G?Eja{,6,1015736,,,false,3
,G?Eja{,7,1004423,,,false,3
,G?Eja{,8,1009242,,,false,3
,G?Eja{,9,1008334,,,false,3
,G@@ku{,0,1072302,,,false,3
,G@@ku{,1,1037804,,,false,3
,G@@ku{,2,1057916,,,false,3
,G@@ku{,3,1037036,,,false,3
,G@@ku{,4,1040248,,,false,3
,G@@ku{,5,1040737,,,false,3
,G@@ku{,6,1054215,,,false,3
,G@@ku{,7,1030053,,,false,3
,G@@ku{,8,1054913,,,false,3
,G@@ku{,9,1031729,,,false,3
,G?ErU{,0,1049605,,,false,3
,G?ErU{,1,1050025,,,false,3
,G?ErU{,2,1053307,,,false,3
,G?ErU{,3,1058545,,,false,3
,G?ErU{,4,1052608,,,false,3
,G?ErU{,5,1045765,,,false,3
,G?ErU{,6,1079075,,,false,3
,G?ErU{,7,1107219,,,false,3
,G?ErU{,8,1091437,,,false,3
,G?ErU{,9,1109802,,,false,3
,G@Aiv{,0,1096744,,,false,3
,G@Aiv{,1,1071464,,,false,3
,G@Aiv{,2,1081869,,,false,3
,G@Aiv{,3,1075235,,,false,3
,G@Aiv{,4,1073349,,,false,3
,G@Aiv{,5,1068949,,,false,3
,G@Aiv{,6,1067972,,,false,3
,G@Aiv{,7,1072512,,,false,3
,G@Aiv{,8,1081031,,,false,3
,G@Aiv{,9,1068042,,,false,3
,G?C}^k,0,1075375,,,false,3
,G?C}^k,1,1069020,,,false,3
,G?C}^k,2,1077191,,,false,3
,G?C}^k,3,1072512,,,false,3
,G?C}^k,4,1077191,,,false,3
,G?C}^k,5,1074327,,,false,3
,G?C}^k,6,1072232,,,false,3
,G?C}^k,7,1072371,,,false,3
,G?C}^k,8,1079076,,,false,3
,G?C}^k,9,1078587,,,false,3
,G?Hszs,0,1067553,,,false,3
,G?Hszs,1,1038642,,,false,3
,G?Hszs,2,1047580,,,false,3
,G?Hszs,3,1039410,,,false,3
,G?Hszs,4,1043670,,,false,3
,G?Hszs,5,1032986,,,false,3
,G?Hszs,6,1045207,,,false,3
,G?Hszs,7,1039061,,,false,3
,G?Hszs,8,1039619,,,false,3
,G?Hszs,9,1038642,,,false,3
,G?FRX{,0,1024675,,,false,3
,G?FRX{,1,1041226,,,false,3
,G?FRX{,2,1031659,,,false,3
,G?FRX{,3,1038642,,,false,3
,G?FRX{,4,1032008,,,false,3
,G?FRX{,5,1031100,,,false,3
,G?FRX{,6,1030960,,,false,3
,G?FRX{,7,1035430,,,false,3
,G?FRX{,8,1027120,,,false,3
,G?FRX{,9,1030471,,,false,3
,G?Er]{,0,1091088,,,false,3
,G?Er]{,1,1067553,,,false,3
,G?Er]{,2,1064340,,,false,3
,G?Er]{,3,1073698,,,false,3
,G?Er]{,4,1057497,,,false,3
,G?Er]{,5,1063642,,,false,3
,G?Er]{,6,1055612,,,false,3
,G?Er]{,7,1079076,,,false,3
,G?Er]{,8,1113993,,,false,3
,G?Er]{,9,1108267,,,false,3
,G_?|Qs,0,1004563,,,false,3
,G_?|Qs,1,978724,,,false,3
,G_?|Qs,2,966085,,,false,3
,G_?|Qs,3,970204,,,false,3
,G_?|Qs,4,978375,,,false,3
,G_?|Qs,5,973416,,,false,3
,G_?|Qs,6,973627,,,false,3
,G_?|Qs,7,968458,,,false,3
,G_?|Qs,8,972928,,,false,3
,G_?|Qs,9,969506,,,false,3
,G_?ytK,0,992900,,,false,2
,G_?ytK,1,973836,,,false,2
,G_?ytK,2,975302,,,false,2
,G_?ytK,3,979772,,,false,2
,G_?ytK,4,968877,,,false,2
,G_?ytK,5,971950,,,false,2
,G_?ytK,6,969227,,,false,2
,G_?ytK,7,973068,,,false,2
,G_?ytK,8,967970,,,false,2
,G_?ytK,9,977538,,,false,2
,G?O|fo,0,1012594,,,false,3
,G?O|fo,1,1027469,,,false,3
,G?O|fo,2,1014619,,,false,3
,G?O|fo,3,1018530,,,false,3
,G?O|fo,4,1015387,,,false,3
,G?O|fo,5,1019368,,,false,3
,G?O|fo,6,1020834,,,false,3
,G?O|fo,7,1014968,,,false,3
,G?O|fo,8,1022859,,,false,3
,G?O|fo,9,1003794,,,false,3
,GGAXu[,0,1047999,,,false,3
,GGAXu[,1,1002398,,,false,3
,GGAXu[,2,1012315,,,false,3
,GGAXu[,3,1010429,,,false,3
,GGAXu[,4,1003655,,,false,3
,GGAXu[,5,1002189,,,false,3
,GGAXu[,6,1006169,,,false,3
,GGAXu[,7,1010289,,,false,3
,GGAXu[,8,1009102,,,false,3
,GGAXu[,9,1002258,,,false,3
,G_Aix{,0,1016434,,,false,3
,G_Aix{,1,1022719,,,false,3
,G_Aix{,2,1035359,,,false,3
,G_Aix{,3,1018669,,,false,3
,G_Aix{,4,1022022,,,false,3
,G_Aix{,5,1026351,,,false,3
,G_Aix{,6,1022580,,,false,3
,G_Aix{,7,1030891,,,false,3
,G_Aix{,8,1019577,,,false,3
,G_Aix{,9,1026351,,,false,3
,G?HXvk,0,1082846,,,false,3
,G?HXvk,1,1090738,,,false,3
,G?HXvk,2,1086688,,,false,3
,G?HXvk,3,1077121,,,false,3
,G?HXvk,4,1098281,,,false,3
,G?HXvk,5,1047371,,,false,3
,G?HXvk,6,1036407,,,false,3
,G?HXvk,7,1032916,,,false,3
,G?HXvk,8,1056101,,,false,3
,G?HXvk,9,1036687,,,false,3
,G?K]Nc,0,1000652,,,false,3
,G?K]Nc,1,1015178,,,false,3
,G?K]Nc,2,1020834,,,false,3
,G?K]Nc,3,1007775,,,false,3
,G?K]Nc,4,1016364,,,false,3
,G?K]Nc,5,1011895,,,false,3
,G?K]Nc,6,1022999,,,false,3
,G?K]Nc,7,1009033,,,false,3
,G?K]Nc,8,1018180,,,false,3
,G?K]Nc,9,1010848,,,false,3
,GCCZ^K,0,1068112,,,false,3
,GCCZ^K,1,1035080,,,false,3
,GCCZ^K,2,1037455,,,false,3
,GCCZ^K,3,1029912,,,false,3
,GCCZ^K,4,1031938,,,false,3
,GCCZ^K,5,1034731,,,false,3
,GCCZ^K,6,1034103,,,false,3
,GCCZ^K,7,1029983,,,false,3
,GCCZ^K,8,1029424,,,false,3
,GCCZ^K,9,1039061,,,false,3
,GC_Zj[,0,1009870,,,false,3
,GC_Zj[,1,1023697,,,false,3
,GC_Zj[,2,1026560,,,false,3
,GC_Zj[,3,1036756,,,false,3
,GC_Zj[,4,1023697,,,false,3
,GC_Zj[,5,1024186,,,false,3
,GC_Zj[,6,1024675,,,false,3
,GC_Zj[,7,1031449,,,false,3
,GC_Zj[,8,1015038,,,false,3
,GC_Zj[,9,1020136,,,false,3
,G@G^Uk,0,1017343,,,false,3
,G@G^Uk,1,1003655,,,false,3
,G@G^Uk,2,1001350,,,false,3
,G@G^Uk,3,1000373,,,false,3
,G@G^Uk,4,1011197,,,false,3
,G@G^Uk,5,994158,,,false,3
,G@G^Uk,6,1010010,,,false,3
,G@G^Uk,7,994437,,,false,3
,G@G^Uk,8,1015736,,,false,3
,G@G^Uk,9,995763,,,false,3
,GGKQK[,0,928793,,,false,3
,GGKQK[,1,899951,,,false,3
,GGKQK[,2,934868,,,false,3
,GGKQK[,3,918388,,,false,3
,GGKQK[,4,970624,,,false,3
,GGKQK[,5,962244,,,false,3
,GGKQK[,6,965735,,,false,3
,GGKQK[,7,964339,,,false,3
,GGKQK[,8,951349,,,false,3
,GGKQK[,9,930189,,,false,3
,GGDPS{,0,961615,,,false,3
,GGDPS{,1,942131,,,false,3
,GGDPS{,2,935497,,,false,3
,GGDPS{,3,947857,,,false,3
,GGDPS{,4,936405,,,false,3
,GGDPS{,5,945693,,,false,3
,GGDPS{,6,936684,,,false,3
,GGDPS{,7,939198,,,false,3
,GGDPS{,8,935707,,,false,3
,GGDPS{,9,940875,,,false,3
,GAOpS{,0,958542,,,false,3
,GAOpS{,1,943319,,,false,3
,GAOpS{,2,969297,,,false,3
,GAOpS{,3,975093,,,false,3
,GAOpS{,4,954911,,,false,3
,GAOpS{,5,970833,,,false,3
,GAOpS{,6,949673,,,false,3
,GAOpS{,7,972230,,,false,3
,GAOpS{,8,956726,,,false,3
,GAOpS{,9,976420,,,false,3
,GI?gt{,0,986057,,,false,3
,GI?gt{,1,1015178,,,false,3
,GI?gt{,2,999396,,,false,3
,GI?gt{,3,993180,,,false,3
,GI?gt{,4,992691,,,false,3
,GI?gt{,5,1009103,,,false,3
,GI?gt{,6,989898,,,false,3
,GI?gt{,7,1011127,,,false,3
,GI?gt{,8,1003585,,,false,3
,GI?gt{,9,985708,,,false,3
,GI?gv{,0,1029075,,,false,3
,GI?gv{,1,988431,,,false,3
,GI?gv{,2,1006518,,,false,3
,GI?gv{,3,998488,,,false,3
,GI?gv{,4,995484,,,false,3
,GI?gv{,5,1013502,,,false,3
,GI?gv{,6,977328,,,false,3
,GI?gv{,7,1017971,,,false,3
,GI?gv{,8,994088,,,false,3
,GI?gv{,9,995066,,,false,3
,GAHco{,0,980540,,,false,3
,GAHco{,1,962453,,,false,3
,GAHco{,2,962942,,,false,3
,GAHco{,3,940036,,,false,3
,GAHco{,4,955050,,,false,3
,GAHco{,5,948835,,,false,3
,GAHco{,6,938081,,,false,3
,GAHco{,7,950372,,,false,3
,GAHco{,8,954492,,,false,3
,GAHco{,9,952467,,,false,3
,G@P_|s,0,1019368,,,false,3
,G@P_|s,1,1049537,,,false,3
,G@P_|s,2,1041366,,,false,3
,G@P_|s,3,1037665,,,false,3
,G@P_|s,4,969018,,,false,3
,G@P_|s,5,1029215,,,false,3
,G@P_|s,6,986406,,,false,3
,G@P_|s,7,1008125,,,false,3
,G@P_|s,8,1001560,,,false,3
,G@P_|s,9,999675,,,false,3
,GGHSsw,0,964409,,,false,3
,GGHSsw,1,968948,,,false,3
,GGHSsw,2,963082,,,false,3
,GGHSsw,3,962663,,,false,3
,GGHSsw,4,979492,,,false,3
,GGHSsw,5,969297,,,false,3
,GGHSsw,6,959800,,,false,3
,GGHSsw,7,960359,,,false,3
,GGHSsw,8,962174,,,false,3
,GGHSsw,9,971881,,,false,3
,GGO\dw,0,1020136,,,false,3
,GGO\dw,1,998767,,,false,3
,GGO\dw,2,990875,,,false,3
,GGO\dw,3,998348,,,false,3
,GGO\dw,4,995485,,,false,3
,GGO\dw,5,999815,,,false,3
,GGO\dw,6,1000024,,,false,3
,GGO\dw,7,989758,,,false,3
,GGO\dw,8,993529,,,false,3
,GGO\dw,9,995903,,,false,3
,G@IQ]{,0,1039969,,,false,3
,G@IQ]{,1,1052749,,,false,3
,G@IQ]{,2,1045626,,,false,3
,G@IQ]{,3,1060500,,,false,3
,G@IQ]{,4,1044997,,,false,3
,G@IQ]{,5,1055192,,,false,3
,G@IQ]{,6,1048349,,,false,3
,G@IQ]{,7,1052609,,,false,3
,G@IQ]{,8,1042762,,,false,3
,G@IQ]{,9,1061827,,,false,3
,G@DJ\w,0,1055681,,,false,3
,G@DJ\w,1,1029144,,,false,3
,G@DJ\w,2,1026840,,,false,3
,G@DJ\w,3,1029215,,,false,3
,G@DJ\w,4,1021393,,,false,3
,G@DJ\w,5,1035500,,,false,3
,G@DJ\w,6,1027888,,,false,3
,G@DJ\w,7,1029843,,,false,3
,G@DJ\w,8,1028167,,,false,3
,G@DJ\w,9,1044508,,,false,3
,G@Ok}w,0,1037664,,,false,3
,G@Ok}w,1,1091228,,,false,3
,G@Ok}w,2,1041645,,,false,3
,G@Ok}w,3,1126982,,,false,3
,G@Ok}w,4,1097722,,,false,3
,G@Ok}w,5,1119231,,,false,3
,G@Ok}w,6,1113294,,,false,3
,G@Ok}w,7,1079426,,,false,3
,G@Ok}w,8,1060919,,,false,3
,G@Ok}w,9,1059872,,,false,3
,G@EJZw,0,1068112,,,false,3
,G@EJZw,1,1035360,,,false,3
,G@EJZw,2,1038642,,,false,3
,G@EJZw,3,1032007,,,false,3
,G@EJZw,4,1043041,,,false,3
,G@EJZw,5,1034452,,,false,3
,G@EJZw,6,1048698,,,false,3
,G@EJZw,7,1036268,,,false,3
,G@EJZw,8,1034732,,,false,3
,G@EJZw,9,1027120,,,false,3
,G@DdY{,0,1027888,,,false,3
,G@DdY{,1,1043111,,,false,3
,G@DdY{,2,1038223,,,false,3
,G@DdY{,3,1040109,,,false,3
,G@DdY{,4,1045835,,,false,3
,G@DdY{,5,1040109,,,false,3
,G@DdY{,6,1050025,,,false,3
,G@DdY{,7,1040108,,,false,3
,G@DdY{,8,1055193,,,false,3
,G@DdY{,9,1036408,,,false,3
,G?XTtg,0,1043740,,,false,3
,G?XTtg,1,984241,,,false,3
,G?XTtg,2,1018390,,,false,3
,G?XTtg,3,982984,,,false,3
,G?XTtg,4,1012663,,,false,3
,G?XTtg,5,984102,,,false,3
,G?XTtg,6,995345,,,false,3
,G?XTtg,7,984311,,,false,3
,G?XTtg,8,999605,,,false,3
,G?XTtg,9,989759,,,false,3
,G?XTtk,0,1024675,,,false,3
,G?XTtk,1,1029913,,,false,3
,G?XTtk,2,1039201,,,false,3
,G?XTtk,3,1035360,,,false,3
,G?XTtk,4,1045696,,,false,3
,G?XTtk,5,1034243,,,false,3
,G?XTtk,6,1037246,,,false,3
,G?XTtk,7,1033823,,,false,3
,G?XTtk,8,1029774,,,false,3
,G?XTtk,9,1033544,,,false,3
,G?Sr^w,0,1095417,,,false,3
,G?Sr^w,1,1067972,,,false,3
,G?Sr^w,2,1053796,,,false,3
,G?Sr^w,3,1060850,,,false,3
,G?Sr^w,4,1063643,,,false,3
,G?Sr^w,5,1103449,,,false,3
,G?Sr^w,6,1106591,,,false,3
,G?Sr^w,7,1112107,,,false,3
,G?Sr^w,8,1080613,,,false,3
,G?Sr^w,9,1083825,,,false,3
,G?XP~k,0,1048977,,,false,3
,G?XP~k,1,1074676,,,false,3
,G?XP~k,2,1074397,,,false,3
,G?XP~k,3,1075584,,,false,3
,G?XP~k,4,1074886,,,false,3
,G?XP~k,5,1077051,,,false,3
,G?XP~k,6,1077680,,,false,3
,G?XP~k,7,1075096,,,false,3
,G?XP~k,8,1084244,,,false,3
,G?XP~k,9,1071464,,,false,3
,G??guK,0,864755,,,false,2
,G??guK,1,851347,,,false,2
,G??guK,2,853932,,,false,2
,G??guK,3,853442,,,false,2
,G??guK,4,839894,,,false,2
,G??guK,5,849601,,,false,2
,G??guK,6,840453,,,false,2
,G??guK,7,836193,,,false,2
,G??guK,8,860216,,,false,2
,G??guK,9,847716,,,false,2
,G@EIzw,0,1026072,,,false,3
,G@EIzw,1,1011058,,,false,3
,G@EIzw,2,1002259,,,false,3
,G@EIzw,3,1009032,,,false,3
,G@EIzw,4,1000093,,,false,3
,G@EIzw,5,1017482,,,false,3
,G@EIzw,6,1004702,,,false,3
,G@EIzw,7,1013642,,,false,3
,G@EIzw,8,1001491,,,false,3
,G@EIzw,9,1004982,,,false,3
,G?UP~K,0,1043251,,,false,3
,G?UP~K,1,1020694,,,false,3
,G?UP~K,2,1032636,,,false,3
,G?UP~K,3,1050025,,,false,3
,G?UP~K,4,1059452,,,false,3
,G?UP~K,5,1038712,,,false,3
,G?UP~K,6,1048489,,,false,3
,G?UP~K,7,1047581,,,false,3
,G?UP~K,8,1052539,,,false,3
,G?UP~K,9,1046533,,,false,3
,GCDH~[,0,1094161,,,false,3
,GCDH~[,1,1087037,,,false,3
,GCDH~[,2,1085710,,,false,3
,GCDH~[,3,1094859,,,false,3
,GCDH~[,4,1084244,,,false,3
,GCDH~[,5,1085291,,,false,3
,GCDH~[,6,1080263,,,false,3
,GCDH~[,7,1084523,,,false,3
,GCDH~[,8,1102470,,,false,3
,GCDH~[,9,1131312,,,false,3
,G?Ss~[,0,1114691,,,false,3
,G?Ss~[,1,1126982,,,false,3
,G?Ss~[,2,1065598,,,false,3
,G?Ss~[,3,1092973,,,false,3
,G?Ss~[,4,1064691,,,false,3
,G?Ss~[,5,1084733,,,false,3
,G?Ss~[,6,1081800,,,false,3
,G?Ss~[,7,1083545,,,false,3
,G?Ss~[,8,1079285,,,false,3
,G?Ss~[,9,1081171,,,false,3
,GAG[~{,0,1086618,,,false,3
,GAG[~{,1,1071883,,,false,3
,GAG[~{,2,1071743,,,false,3
,GAG[~{,3,1064062,,,false,3
,GAG[~{,4,1109314,,,false,3
,GAG[~{,5,1106032,,,false,3
,GAG[~{,6,1118184,,,false,3
,GAG[~{,7,1101772,,,false,3
,GAG[~{,8,1101353,,,false,3
,GAG[~{,9,1097024,,,false,3
,GAHe|{,0,1119091,,,false,3
,GAHe|{,1,1108965,,,false,3
,GAHe|{,2,1108406,,,false,3
,GAHe|{,3,1109733,,,false,3
,GAHe|{,4,1101841,,,false,3
,GAHe|{,5,1110292,,,false,3
,GAHe|{,6,1108616,,,false,3
,GAHe|{,7,1106521,,,false,3
,GAHe|{,8,1102541,,,false,3
,GAHe|{,9,1101144,,,false,3
,G@Om|w,0,1122722,,,false,3
,G@Om|w,1,1064969,,,false,3
,G@Om|w,2,1097442,,,false,3
,G@Om|w,3,1072721,,,false,3
,G@Om|w,4,1091856,,,false,3
,G@Om|w,5,1063015,,,false,3
,G@Om|w,6,1088084,,,false,3
,G@Om|w,7,1073838,,,false,3
,G@Om|w,8,1084732,,,false,3
,G@Om|w,9,1070347,,,false,3
,GAG]|w,0,1050305,,,false,3
,GAG]|w,1,1071255,,,false,3
,GAG]|w,2,1061268,,,false,3
,GAG]|w,3,1071045,,,false,3
,GAG]|w,4,1058964,,,false,3
,GAG]|w,5,1076213,,,false,3
,GAG]|w,6,1057358,,,false,3
,GAG]|w,7,1070346,,,false,3
,GAG]|w,8,1114133,,,false,3
,GAG]|w,9,1110502,,,false,3
,G?Sv^w,0,1176565,,,false,3
,G?Sv^w,1,1156382,,,false,3
,G?Sv^w,2,1087596,,,false,3
,G?Sv^w,3,1129986,,,false,3
,G?Sv^w,4,1083755,,,false,3
,G?Sv^w,5,1115041,,,false,3
,G?Sv^w,6,1099468,,,false,3
,G?Sv^w,7,1111828,,,false,3
,G?Sv^w,8,1100864,,,false,3
,G?Sv^w,9,1107289,,,false,3
,G@G]UK,0,928235,,,false,2
,G@G]UK,1,958333,,,false,2
,G@G]UK,2,953794,,,false,2
,G@G]UK,3,948556,,,false,2
,G@G]UK,4,955540,,,false,2
,G@G]UK,5,948137,,,false,2
,G@G]UK,6,937313,,,false,2
,G@G]UK,7,950371,,,false,2
,G@G]UK,8,946880,,,false,2
,G@G]UK,9,947508,,,false,2
,G?KuMs,0,1011127,,,false,3
,G?KuMs,1,994647,,,false,3
,G?KuMs,2,991574,,,false,3
,G?KuMs,3,996323,,,false,3
,G?KuMs,4,995415,,,false,3
,G?KuMs,5,998278,,,false,3
,G?KuMs,6,986755,,,false,3
,G?KuMs,7,995275,,,false,3
,G?KuMs,8,987594,,,false,3
,G?KuMs,9,991504,,,false,3
,G@G[yw,0,971671,,,false,3
,G@G[yw,1,971531,,,false,3
,G@G[yw,2,978096,,,false,3
,G@G[yw,3,970484,,,false,3
,G@G[yw,4,972719,,,false,3
,G@G[yw,5,963012,,,false,3
,G@G[yw,6,975931,,,false,3
,G@G[yw,7,988431,,,false,3
,G@G[yw,8,957564,,,false,3
,G@G[yw,9,991225,,,false,3
,GAKs][,0,1058964,,,false,3
,GAKs][,1,1057288,,,false,3
,GAKs][,2,1047022,,,false,3
,GAKs][,3,1047023,,,false,3
,GAKs][,4,1040178,,,false,3
,GAKs][,5,1044578,,,false,3
,GAKs][,6,1046254,,,false,3
,GAKs][,7,1036826,,,false,3
,GAKs][,8,1045066,,,false,3
,GAKs][,9,1037665,,,false,3
,G@IYu{,0,1064341,,,false,3
,G@IYu{,1,1111618,,,false,3
,G@IYu{,2,1129496,,,false,3
,G@IYu{,3,1106101,,,false,3
,G@IYu{,4,1113644,,,false,3
,G@IYu{,5,1067205,,,false,3
,G@IYu{,6,1074956,,,false,3
,G@IYu{,7,1074118,,,false,3
,G@IYu{,8,1071325,,,false,3
,G@IYu{,9,1067624,,,false,3
,GAKuZ[,0,1089062,,,false,4
,GAKuZ[,1,1060081,,,false,4
,GAKuZ[,2,1055682,,,false,4
,GAKuZ[,3,1054285,,,false,4
,GAKuZ[,4,1057287,,,false,4
,GAKuZ[,5,1054006,,,false,4
,GAKuZ[,6,1059732,,,false,4
,GAKuZ[,7,1049956,,,false,4
,GAKuZ[,8,1058964,,,false,4
,GAKuZ[,9,1052051,,,false,4
,GAKu\[,0,1051981,,,false,3
,GAKu\[,1,1071045,,,false,3
,GAKu\[,2,1075864,,,false,3
,GAKu\[,3,1075514,,,false,3
,GAKu\[,4,1074677,,,false,3
,GAKu\[,5,1087038,,,false,3
,GAKu\[,6,1061897,,,false,3
,GAKu\[,7,1072721,,,false,3
,GAKu\[,8,1067973,,,false,3
,GAKu\[,9,1072442,,,false,3
,GCKr]W,0,1073419,,,false,3
,GCKr]W,1,1053307,,,false,3
,GCKr]W,2,1046184,,,false,3
,GCKr]W,3,1052329,,,false,3
,GCKr]W,4,1046393,,,false,3
,GCKr]W,5,1045137,,,false,3
,GCKr]W,6,1047581,,,false,3
,GCKr]W,7,1038363,,,false,3
,GCKr]W,8,1050374,,,false,3
,GCKr]W,9,1040947,,,false,3
,GADl\s,0,1075305,,,false,3
,GADl\s,1,1084802,,,false,3
,GADl\s,2,1072511,,,false,3
,GADl\s,3,1086199,,,false,3
,GADl\s,4,1089761,,,false,3
,GADl\s,5,1080542,,,false,3
,GADl\s,6,1082009,,,false,3
,GADl\s,7,1079425,,,false,3
,GADl\s,8,1078098,,,false,3
,GADl\s,9,1084732,,,false,3
,G@G}m[,0,1074747,,,false,3
,G@G}m[,1,1094649,,,false,3
,G@G}m[,2,1082289,,,false,3
,G@G}m[,3,1106521,,,false,3
,G@G}m[,4,1085221,,,false,3
,G@G}m[,5,1071814,,,false,3
,G@G}m[,6,1047791,,,false,3
,G@G}m[,7,1058964,,,false,3
,G@G}m[,8,1044717,,,false,3
,G@G}m[,9,1054215,,,false,3
,Go@Xz{,0,1058126,,,false,3
,Go@Xz{,1,1080962,,,false,3
,Go@Xz{,2,1093392,,,false,3
,Go@Xz{,3,1079007,,,false,3
,Go@Xz{,4,1075096,,,false,3
,Go@Xz{,5,1084034,,,false,3
,Go@Xz{,6,1075514,,,false,3
,Go@Xz{,7,1087456,,,false,3
,Go@Xz{,8,1079565,,,false,3
,Go@Xz{,9,1080892,,,false,3
,G@K]m[,0,1061617,,,false,3
,G@K]m[,1,1038782,,,false,3
,G@K]m[,2,1036408,,,false,3
,G@K]m[,3,1039829,,,false,3
,G@K]m[,4,1034173,,,false,3
,G@K]m[,5,1041226,,,false,3
,G@K]m[,6,1038642,,,false,3
,G@K]m[,7,1027748,,,false,3
,G@K]m[,8,1040039,,,false,3
,G@K]m[,9,1039829,,,false,3
,G?S~Bc,0,976420,,,false,3
,G?S~Bc,1,974535,,,false,3
,G?S~Bc,2,983613,,,false,3
,G?S~Bc,3,974186,,,false,3
,G?S~Bc,4,981448,,,false,3
,G?S~Bc,5,968598,,,false,3
,G?S~Bc,6,984311,,,false,3
,G?S~Bc,7,968040,,,false,3
,G?S~Bc,8,975513,,,false,3
,G?S~Bc,9,970484,,,false,3
,GANDG{,0,1021812,,,false,3
,GANDG{,1,987384,,,false,3
,GANDG{,2,992063,,,false,3
,GANDG{,3,989409,,,false,3
,GANDG{,4,994996,,,false,3
,GANDG{,5,987384,,,false,3
,GANDG{,6,993180,,,false,3
,GANDG{,7,993599,,,false,3
,GANDG{,8,989060,,,false,3
,GANDG{,9,988222,,,false,3
,GDHG~K,0,1049815,,,false,3
,GDHG~K,1,1040807,,,false,3
,GDHG~K,2,1031030,,,false,3
,GDHG~K,3,1043461,,,false,3
,GDHG~K,4,1063853,,,false,3
,GDHG~K,5,1085501,,,false,3
,GDHG~K,6,1066506,,,false,3
,GDHG~K,7,1071255,,,false,3
,GDHG~K,8,1025094,,,false,3
,GDHG~K,9,1024815,,,false,3
,GCDhvK,0,1067204,,,false,3
,GCDhvK,1,1053447,,,false,3
,GCDhvK,2,1058684,,,false,3
,GCDhvK,3,1057078,,,false,3
,GCDhvK,4,1057078,,,false,3
,GCDhvK,5,1057776,,,false,3
,GCDhvK,6,1047651,,,false,3
,GCDhvK,7,1066297,,,false,3
,GCDhvK,8,1062805,,,false,3
,GCDhvK,9,1051352,,,false,3
,G?czb[,0,1056310,,,false,3
,G?czb[,1,1038851,,,false,3
,G?czb[,2,1038921,,,false,3
,G?czb[,3,1036198,,,false,3
,G?czb[,4,1042762,,,false,3
,G?czb[,5,1041226,,,false,3
,G?czb[,6,1043181,,,false,3
,G?czb[,7,1046323,,,false,3
,G?czb[,8,1033055,,,false,3
,G?czb[,9,1041156,,,false,3
,G?L\f[,0,1099817,,,false,3
,G?L\f[,1,1088364,,,false,3
,G?L\f[,2,1079216,,,false,3
,G?L\f[,3,1088574,,,false,3
,G?L\f[,4,1087526,,,false,3
,G?L\f[,5,1093880,,,false,3
,G?L\f[,6,1092274,,,false,3
,G?L\f[,7,1092065,,,false,3
,G?L\f[,8,1091646,,,false,3
,G?L\f[,9,1095138,,,false,3
,G?Yq|s,0,1116716,,,false,3
,G?Yq|s,1,1090948,,,false,3
,G?Yq|s,2,1102680,,,false,3
,G?Yq|s,3,1098420,,,false,3
,G?Yq|s,4,1102052,,,false,3
,G?Yq|s,5,1093880,,,false,3
,G?Yq|s,6,1099537,,,false,3
,G?Yq|s,7,1099328,,,false,3
,G?Yq|s,8,1101423,,,false,3
,G?Yq|s,9,1096604,,,false,3
,G?cznK,0,1099677,,,false,3
,G?cznK,1,1073629,,,false,3
,G?cznK,2,1078727,,,false,3
,G?cznK,3,1076352,,,false,3
,G?cznK,4,1093602,,,false,3
,G?cznK,5,1129635,,,false,3
,G?cznK,6,1126144,,,false,3
,G?cznK,7,1140181,,,false,3
,G?cznK,8,1082917,,,false,3
,G?cznK,9,1099678,,,false,3
,G?V`~s,0,1091367,,,false,3
,G?V`~s,1,1148281,,,false,3
,G?V`~s,2,1083825,,,false,3
,G?V`~s,3,1113504,,,false,3
,G?V`~s,4,1101493,,,false,3
,G?V`~s,5,1117275,,,false,3
,G?V`~s,6,1082778,,,false,3
,G?V`~s,7,1110641,,,false,3
,G?V`~s,8,1112527,,,false,3
,G?V`~s,9,1097023,,,false,3
,G?@Htk,0,961126,,,false,2
,G?@Htk,1,909868,,,false,2
,G?@Htk,2,972649,,,false,2
,G?@Htk,3,1069090,,,false,2
,G?@Htk,4,1150028,,,false,2
,G?@Htk,5,924813,,,false,2
,G?@Htk,6,923905,,,false,2
,G?@Htk,7,965037,,,false,2
,G?@Htk,8,923905,,,false,2
,G?@Htk,9,963571,,,false,2
,G?hZlk,0,1072791,,,false,3
,G?hZlk,1,1068112,,,false,3
,G?hZlk,2,1071045,,,false,3
,G?hZlk,3,1075654,,,false,3
,G?hZlk,4,1081171,,,false,3
,G?hZlk,5,1079775,,,false,3
,G?hZlk,6,1065109,,,false,3
,G?hZlk,7,1075934,,,false,3
,G?hZlk,8,1073838,,,false,3
,G?hZlk,9,1066296,,,false,3
,G?h\rk,0,1065388,,,false,3
,G?h\rk,1,1061827,,,false,3
,G?h\rk,2,1048838,,,false,3
,G?h\rk,3,1048628,,,false,3
,G?h\rk,4,1066646,,,false,3
,G?h\rk,5,1050513,,,false,3
,G?h\rk,6,1057078,,,false,3
,G?h\rk,7,1049466,,,false,3
,G?h\rk,8,1054285,,,false,3
,G?h\rk,9,1052818,,,false,3
,G?ozn{,0,1150516,,,false,3
,G?ozn{,1,1141158,,,false,3
,G?ozn{,2,1127471,,,false,3
,G?ozn{,3,1144371,,,false,3
,G?ozn{,4,1134385,,,false,3
,G?ozn{,5,1180615,,,false,3
,G?ozn{,6,1187668,,,false,3
,G?ozn{,7,1165111,,,false,3
,G?ozn{,8,1199400,,,false,3
,G?ozn{,9,1115110,,,false,3
,G?LuZs,0,1091367,,,false,3
,G?LuZs,1,1053517,,,false,3
,G?LuZs,2,1066506,,,false,3
,G?LuZs,3,1061199,,,false,3
,G?LuZs,4,1052539,,,false,3
,G?LuZs,5,1065737,,,false,3
,G?LuZs,6,1072651,,,false,3
,G?LuZs,7,1064620,,,false,3
,G?LuZs,8,1078028,,,false,3
,G?LuZs,9,1065459,,,false,3
,G?Mi~k,0,1131242,,,false,3
,G?Mi~k,1,1100375,,,false,3
,G?Mi~k,2,1116088,,,false,3
,G?Mi~k,3,1094091,,,false,3
,G?Mi~k,4,1131452,,,false,3
,G?Mi~k,5,1106381,,,false,3
,G?Mi~k,6,1099189,,,false,3
,G?Mi~k,7,1120209,,,false,3
,G?Mi~k,8,1103308,,,false,3
,G?Mi~k,9,1119510,,,false,3
,GAEj|w,0,1112946,,,false,3
,GAEj|w,1,1098071,,,false,3
,GAEj|w,2,1089971,,,false,3
,GAEj|w,3,1105613,,,false,3
,GAEj|w,4,1100585,,,false,3
,GAEj|w,5,1094858,,,false,3
,GAEj|w,6,1098420,,,false,3
,GAEj|w,7,1096255,,,false,3
,GAEj|w,8,1113854,,,false,3
,GAEj|w,9,1094859,,,false,3
,G?Mz~k,0,1168394,,,false,4
,G?Mz~k,1,1136480,,,false,4
,G?Mz~k,2,1124398,,,false,4
,G?Mz~k,3,1145209,,,false,4
,G?Mz~k,4,1129915,,,false,4
,G?Mz~k,5,1136968,,,false,4
,G?Mz~k,6,1119999,,,false,4
,G?Mz~k,7,1132918,,,false,4
,G?Mz~k,8,1135642,,,false,4
,G?Mz~k,9,1131521,,,false,4
,G?Mzv_,0,1088853,,,false,4
,G?Mzv_,1,1066855,,,false,4
,G?Mzv_,2,1065179,,,false,4
,G?Mzv_,3,1040527,,,false,4
,G?Mzv_,4,1107289,,,false,4
,G?Mzv_,5,1089831,,,false,4
,G?Mzv_,6,1094510,,,false,4
,G?Mzv_,7,1107080,,,false,4
,G?Mzv_,8,1079425,,,false,4
,G?Mzv_,9,1083405,,,false,4
,G?AYpo,0,859448,,,false,2
,G?AYpo,1,837101,,,false,2
,G?AYpo,2,853861,,,false,2
,G?AYpo,3,844643,,,false,2
,G?AYpo,4,846668,,,false,2
,G?AYpo,5,850929,,,false,2
,G?AYpo,6,851347,,,false,2
,G?AYpo,7,843666,,,false,2
,G?AYpo,8,837171,,,false,2
,G?AYpo,9,857842,,,false,2
,G_GSZ_,0,871878,,,false,2
,G_GSZ_,1,871180,,,false,2
,G_GSZ_,2,857633,,,false,2
,G_GSZ_,3,871390,,,false,2
,G_GSZ_,4,868806,,,false,2
,G_GSZ_,5,865803,,,false,2
,G_GSZ_,6,855328,,,false,2
,G_GSZ_,7,862870,,,false,2
,G_GSZ_,8,882074,,,false,2
,G_GSZ_,9,867689,,,false,2
,G@`?xw,0,936265,,,false,2
,G@`?xw,1,909239,,,false,2
,G@`?xw,2,943947,,,false,2
,G@`?xw,3,921111,,,false,2
,G@`?xw,4,940525,,,false,2
,G@`?xw,5,924533,,,false,2
,G@`?xw,6,932913,,,false,2
,G@`?xw,7,933123,,,false,2
,G@`?xw,8,919435,,,false,2
,G@`?xw,9,920413,,,false,2
,GCO_~[,0,1013781,,,false,2
,GCO_~[,1,996951,,,false,2
,GCO_~[,2,990806,,,false,2
,GCO_~[,3,988780,,,false,2
,GCO_~[,4,990736,,,false,2
,GCO_~[,5,992272,,,false,2
,GCO_~[,6,992202,,,false,2
,GCO_~[,7,997510,,,false,2
,GCO_~[,8,994717,,,false,2
,GCO_~[,9,994088,,,false,2
,GCO_~{,0,1043181,,,false,2
,GCO_~{,1,1039062,,,false,2
,GCO_~{,2,1040318,,,false,2
,GCO_~{,3,1056380,,,false,2
,GCO_~{,4,1039829,,,false,2
,GCO_~{,5,1038991,,,false,2
,GCO_~{,6,1043601,,,false,2
,GCO_~{,7,1045695,,,false,2
,GCO_~{,8,1035290,,,false,2
,GCO_~{,9,1047790,,,false,2
,GCOaxw,0,981169,,,false,2
,GCOaxw,1,1003864,,,false,2
,GCOaxw,2,1005051,,,false,2
,GCOaxw,3,1003236,,,false,2
,GCOaxw,4,1009381,,,false,2
,GCOaxw,5,932704,,,false,2
,GCOaxw,6,979423,,,false,2
,GCOaxw,7,944576,,,false,2
,GCOaxw,8,984172,,,false,2
,GCOaxw,9,956518,,,false,2
,GQ?g}K,0,955120,,,false,2
,GQ?g}K,1,934938,,,false,2
,GQ?g}K,2,967691,,,false,2
,GQ?g}K,3,964339,,,false,2
,GQ?g}K,4,963571,,,false,2
,GQ?g}K,5,963152,,,false,2
,GQ?g}K,6,958054,,,false,2
,GQ?g}K,7,960498,,,false,2
,GQ?g}K,8,974116,,,false,2
,GQ?g}K,9,959520,,,false,2
,G_l@Gk,0,920553,,,false,3
,G_l@Gk,1,913080,,,false,3
,G_l@Gk,2,897647,,,false,3
,G_l@Gk,3,901558,,,false,3
,G_l@Gk,4,913849,,,false,3
,G_l@Gk,5,905190,,,false,3
,G_l@Gk,6,919226,,,false,3
,G_l@Gk,7,909868,,,false,3
,G_l@Gk,8,905748,,,false,3
,G_l@Gk,9,907074,,,false,3
,G`GSY[,0,954352,,,false,3
,G`GSY[,1,928374,,,false,3
,G`GSY[,2,930888,,,false,3
,G`GSY[,3,936684,,,false,3
,G`GSY[,4,937033,,,false,3
,G`GSY[,5,934589,,,false,3
,G`GSY[,6,935986,,,false,3
,G`GSY[,7,929631,,,false,3
,G`GSY[,8,918527,,,false,3
,G`GSY[,9,916782,,,false,3
,G??q\s,0,962663,,,false,2
,G??q\s,1,949324,,,false,2
,G??q\s,2,941642,,,false,2
,G??q\s,3,952257,,,false,2
,G??q\s,4,935008,,,false,2
,G??q\s,5,952536,,,false,2
,G??q\s,6,942550,,,false,2
,G??q\s,7,946321,,,false,2
,G??q\s,8,943667,,,false,2
,G??q\s,9,956517,,,false,2
,G?CTZW,0,938291,,,false,3
,G?CTZW,1,922997,,,false,3
,G?CTZW,2,914966,,,false,3
,G?CTZW,3,916991,,,false,3
,G?CTZW,4,920274,,,false,3
,G?CTZW,5,910147,,,false,3
,G?CTZW,6,911195,,,false,3
,G?CTZW,7,914197,,,false,3
,G?CTZW,8,949045,,,false,3
,G?CTZW,9,956307,,,false,3
,GGCmc[,0,1021812,,,false,3
,GGCmc[,1,991504,,,false,3
,GGCmc[,2,1005192,,,false,3
,GGCmc[,3,933472,,,false,3
,GGCmc[,4,976000,,,false,3
,GGCmc[,5,955610,,,false,3
,GGCmc[,6,974116,,,false,3
,GGCmc[,7,961057,,,false,3
,GGCmc[,8,967551,,,false,3
,GGCmc[,9,964269,,,false,3
,GCDH^K,0,1017343,,,false,3
,GCDH^K,1,990876,,,false,3
,GCDH^K,2,1002608,,,false,3
,GCDH^K,3,983194,,,false,3
,GCDH^K,4,997929,,,false,3
,GCDH^K,5,1017203,,,false,3
,GCDH^K,6,984311,,,false,3
,GCDH^K,7,1020136,,,false,3
,GCDH^K,8,984451,,,false,3
,GCDH^K,9,1020346,,,false,3
,GCDH^[,0,1021323,,,false,3
,GCDH^[,1,1048838,,,false,3
,GCDH^[,2,1016924,,,false,3
,GCDH^[,3,1030821,,,false,3
,GCDH^[,4,1027050,,,false,3
,GCDH^[,5,1032637,,,false,3
,GCDH^[,6,1027958,,,false,3
,GCDH^[,7,1032846,,,false,3
,GCDH^[,8,1029075,,,false,3
,GCDH^[,9,1031030,,,false,3
,G`GR[{,0,1042204,,,false,3
,G`GR[{,1,1033894,,,false,3
,G`GR[{,2,1031589,,,false,3
,G`GR[{,3,1040737,,,false,3
,G`GR[{,4,1035500,,,false,3
,G`GR[{,5,1036128,,,false,3
,G`GR[{,6,1032776,,,false,3
,G`GR[{,7,1034592,,,false,3
,G`GR[{,8,1026072,,,false,3
,G`GR[{,9,1040737,,,false,3
,GG_q|{,0,1090250,,,false,3
,GG_q|{,1,1088574,,,false,3
,GG_q|{,2,1076073,,,false,3
,GG_q|{,3,1079914,,,false,3
,GG_q|{,4,1075165,,,false,3
,GG_q|{,5,1077051,,,false,3
,GG_q|{,6,1073699,,,false,3
,GG_q|{,7,1071534,,,false,3
,GG_q|{,8,1076911,,,false,3
,GG_q|{,9,1078238,,,false,3
,Go?Ax{,0,966085,,,false,2
,Go?Ax{,1,985498,,,false,2
,Go?Ax{,2,983823,,,false,2
,Go?Ax{,3,1008963,,,false,2
,Go?Ax{,4,979493,,,false,2
,Go?Ax{,5,983194,,,false,2
,Go?Ax{,6,946810,,,false,2
,Go?Ax{,7,956377,,,false,2
,Go?Ax{,8,947438,,,false,2
,Go?Ax{,9,955121,,,false,2
,G??i|s,0,998697,,,false,3
,G??i|s,1,1009521,,,false,3
,G??i|s,2,985917,,,false,3
,G??i|s,3,995974,,,false,3
,G??i|s,4,989618,,,false,3
,G??i|s,5,993878,,,false,3
,G??i|s,6,991225,,,false,3
,G??i|s,7,993180,,,false,3
,G??i|s,8,989270,,,false,3
,G??i|s,9,995694,,,false,3
,G@dTZ[,0,1091577,,,false,3
,G@dTZ[,1,1085431,,,false,3
,G@dTZ[,2,1069858,,,false,3
,G@dTZ[,3,1090040,,,false,3
,G@dTZ[,4,1061269,,,false,3
,G@dTZ[,5,1081241,,,false,3
,G@dTZ[,6,1071255,,,false,3
,G@dTZ[,7,1073978,,,false,3
,G@dTZ[,8,1072232,,,false,3
,G@dTZ[,9,1074118,,,false,3
,GGgq{{,0,1081869,,,false,3
,GGgq{{,1,1062385,,,false,3
,GGgq{{,2,1064201,,,false,3
,GGgq{{,3,1057078,,,false,3
,GGgq{{,4,1069300,,,false,3
,GGgq{{,5,1053238,,,false,3
,GGgq{{,6,1070626,,,false,3
,GGgq{{,7,1049187,,,false,3
,GGgq{{,8,1059732,,,false,3
,GGgq{{,9,1066715,,,false,3
,GAcr\{,0,1101214,,,false,3
,GAcr\{,1,1082777,,,false,3
,GAcr\{,2,1081869,,,false,3
,GAcr\{,3,1077330,,,false,3
,GAcr\{,4,1079845,,,false,3
,GAcr\{,5,1076981,,,false,3
,GAcr\{,6,1072023,,,false,3
,GAcr\{,7,1090390,,,false,3
,GAcr\{,8,1064551,,,false,3
,GAcr\{,9,1091856,,,false,3
,G@UJh{,0,1065808,,,false,3
,G@UJh{,1,1052330,,,false,3
,G@UJh{,2,1051910,,,false,3
,G@UJh{,3,1077400,,,false,3
,G@UJh{,4,1099747,,,false,3
,G@UJh{,5,1100376,,,false,3
,G@UJh{,6,1104775,,,false,3
,G@UJh{,7,1031449,,,false,3
,G@UJh{,8,1065179,,,false,3
,G@UJh{,9,1062456,,,false,3
,GCOzs{,0,1070137,,,false,3
,GCOzs{,1,1076073,,,false,3
,GCOzs{,2,1070905,,,false,3
,GCOzs{,3,1079775,,,false,3
,GCOzs{,4,1069509,,,false,3
,GCOzs{,5,1068671,,,false,3
,GCOzs{,6,1071115,,,false,3
,GCOzs{,7,1072721,,,false,3
,GCOzs{,8,1088085,,,false,3
,GCOzs{,9,1072652,,,false,3
,G@Qi|s,0,1133546,,,false,3
,G@Qi|s,1,1085710,,,false,3
,G@Qi|s,2,1100445,,,false,3
,G@Qi|s,3,1094020,,,false,3
,G@Qi|s,4,1097513,,,false,3
,G@Qi|s,5,1089342,,,false,3
,G@Qi|s,6,1097792,,,false,3
,G@Qi|s,7,1099468,,,false,3
,G@Qi|s,8,1093881,,,false,3
,G@Qi|s,9,1100516,,,false,3
,GAJax{,0,1061408,,,false,3
,GAJax{,1,1051352,,,false,3
,GAJax{,2,1043880,,,false,3
,GAJax{,3,1057986,,,false,3
,GAJax{,4,1052329,,,false,3
,GAJax{,5,1052050,,,false,3
,GAJax{,6,1052051,,,false,3
,GAJax{,7,1050863,,,false,3
,GAJax{,8,1048069,,,false,3
,GAJax{,9,1053028,,,false,3
,G@P\^k,0,1122163,,,false,3
,G@P\^k,1,1102470,,,false,3
,G@P\^k,2,1116996,,,false,3
,G@P\^k,3,1096953,,,false,3
,G@P\^k,4,1108267,,,false,3
,G@P\^k,5,1109734,,,false,3
,G@P\^k,6,1110501,,,false,3
,G@P\^k,7,1103518,,,false,3
,G@P\^k,8,1105264,,,false,3
,G@P\^k,9,1091926,,,false,3
,GAIZ~w,0,1182011,,,false,3
,GAIZ~w,1,1134245,,,false,3
,GAIZ~w,2,1160572,,,false,3
,GAIZ~w,3,1197305,,,false,3
,GAIZ~w,4,1199680,,,false,3
,GAIZ~w,5,1218046,,,false,3
,GAIZ~w,6,1188645,,,false,3
,GAIZ~w,7,1138645,,,false,3
,GAIZ~w,8,1156802,,,false,3
,GAIZ~w,9,1143882,,,false,3
,GAMPY[,0,1016156,,,false,3
,GAMPY[,1,988013,,,false,3
,GAMPY[,2,996044,,,false,3
,GAMPY[,3,991784,,,false,3
,GAMPY[,4,1000583,,,false,3
,GAMPY[,5,992203,,,false,3
,GAMPY[,6,1002189,,,false,3
,GAMPY[,7,998278,,,false,3
,GAMPY[,8,992761,,,false,3
,GAMPY[,9,1003166,,,false,3
,GAcpZ[,0,1050654,,,false,3
,GAcpZ[,1,1047093,,,false,3
,GAcpZ[,2,1023977,,,false,3
,GAcpZ[,3,1054215,,,false,3
,GAcpZ[,4,1034452,,,false,3
,GAcpZ[,5,1039969,,,false,3
,GAcpZ[,6,1035918,,,false,3
,GAcpZ[,7,1041296,,,false,3
,GAcpZ[,8,1027469,,,false,3
,GAcpZ[,9,1056589,,,false,3
,GAHXvK,0,1058754,,,false,3
,GAHXvK,1,1058265,,,false,3
,GAHXvK,2,1041855,,,false,3
,GAHXvK,3,1040109,,,false,3
,GAHXvK,4,1251356,,,false,3
,GAHXvK,5,1106730,,,false,3
,GAHXvK,6,1038712,,,false,3
,GAHXvK,7,1078238,,,false,3
,GAHXvK,8,1021533,,,false,3
,GAHXvK,9,1051003,,,false,3
,GAHkzs,0,1052888,,,false,3
,GAHkzs,1,1050444,,,false,3
,GAHkzs,2,1039200,,,false,3
,GAHkzs,3,1038712,,,false,3
,GAHkzs,4,1035709,,,false,3
,GAHkzs,5,1051352,,,false,3
,GAHkzs,6,1033334,,,false,3
,GAHkzs,7,1034662,,,false,3
,GAHkzs,8,1035360,,,false,3
,GAHkzs,9,1037874,,,false,3
,GOPXvk,0,1096814,,,false,3
,GOPXvk,1,1079146,,,false,3
,GOPXvk,2,1083965,,,false,3
,GOPXvk,3,1067973,,,false,3
,GOPXvk,4,1128658,,,false,3
,GOPXvk,5,1136759,,,false,3
,GOPXvk,6,1128309,,,false,3
,GOPXvk,7,1139901,,,false,3
,GOPXvk,8,1073070,,,false,3
,GOPXvk,9,1137877,,,false,3
,G?BDz{,0,1040947,,,false,2
,G?BDz{,1,1042413,,,false,2
,G?BDz{,2,1002538,,,false,2
,G?BDz{,3,1038572,,,false,2
,G?BDz{,4,1015737,,,false,2
,G?BDz{,5,1043251,,,false,2
,G?BDz{,6,1014409,,,false,2
,G?BDz{,7,1020764,,,false,2
,G?BDz{,8,1024815,,,false,2
,G?BDz{,9,1016714,,,false,2
,G@O|}w,0,1117974,,,false,3
,G@O|}w,1,1109803,,,false,3
,G@O|}w,2,1103937,,,false,3
,G@O|}w,3,1104286,,,false,3
,G@O|}w,4,1108826,,,false,3
,G@O|}w,5,1109244,,,false,3
,G@O|}w,6,1118113,,,false,3
,G@O|}w,7,1108058,,,false,3
,G@O|}w,8,1112457,,,false,3
,G@O|}w,9,1102401,,,false,3
,GQAzu[,0,1128658,,,false,3
,GQAzu[,1,1111758,,,false,3
,GQAzu[,2,1100864,,,false,3
,GQAzu[,3,1117973,,,false,3
,GQAzu[,4,1107149,,,false,3
,GQAzu[,5,1122373,,,false,3
,GQAzu[,6,1101772,,,false,3
,GQAzu[,7,1112457,,,false,3
,GQAzu[,8,1107220,,,false,3
,GQAzu[,9,1106731,,,false,3
,GAJ\r{,0,1152961,,,false,3
,GAJ\r{,1,1134525,,,false,3
,GAJ\r{,2,1136410,,,false,3
,GAJ\r{,3,1133686,,,false,3
,GAJ\r{,4,1127262,,,false,3
,GAJ\r{,5,1135223,,,false,3
,GAJ\r{,6,1135572,,,false,3
,GAJ\r{,7,1135642,,,false,3
,GAJ\r{,8,1151144,,,false,3
,GAJ\r{,9,1124398,,,false,3
,G_hP_[,0,956098,,,false,3
,G_hP_[,1,902396,,,false,3
,G_hP_[,2,933891,,,false,3
,G_hP_[,3,914197,,,false,3
,G_hP_[,4,962942,,,false,3
,G_hP_[,5,951070,,,false,3
,G_hP_[,6,958822,,,false,3
,G_hP_[,7,957216,,,false,3
,G_hP_[,8,925302,,,false,3
,G_hP_[,9,926698,,,false,3
,GCUb?{,0,980401,,,false,3
,GCUb?{,1,963571,,,false,3
,GCUb?{,2,961685,,,false,3
,GCUb?{,3,966853,,,false,3
,GCUb?{,4,968808,,,false,3
,GCUb?{,5,970903,,,false,3
,GCUb?{,6,969995,,,false,3
,GCUb?{,7,970833,,,false,3
,GCUb?{,8,968389,,,false,3
,GCUb?{,9,970693,,,false,3
,Gp@Gzo,0,1001769,,,false,3
,Gp@Gzo,1,993669,,,false,3
,Gp@Gzo,2,984800,,,false,3
,Gp@Gzo,3,993878,,,false,3
,Gp@Gzo,4,989339,,,false,3
,Gp@Gzo,5,989270,,,false,3
,Gp@Gzo,6,994158,,,false,3
,Gp@Gzo,7,993460,,,false,3
,Gp@Gzo,8,998767,,,false,3
,Gp@Gzo,9,992272,,,false,3
,GoDPZ{,0,1062316,,,false,3
,GoDPZ{,1,1045068,,,false,3
,GoDPZ{,2,1042693,,,false,3
,GoDPZ{,3,1039480,,,false,3
,GoDPZ{,4,1040039,,,false,3
,GoDPZ{,5,1059034,,,false,3
,GoDPZ{,6,1040877,,,false,3
,GoDPZ{,7,1040528,,,false,3
,GoDPZ{,8,1043601,,,false,3
,GoDPZ{,9,1054006,,,false,3
,GaIHg{,0,965805,,,false,3
,GaIHg{,1,958123,,,false,3
,GaIHg{,2,946950,,,false,3
,GaIHg{,3,952258,,,false,3
,GaIHg{,4,933961,,,false,3
,GaIHg{,5,949045,,,false,3
,GaIHg{,6,936685,,,false,3
,GaIHg{,7,936405,,,false,3
,GaIHg{,8,946601,,,false,3
,GaIHg{,9,946182,,,false,3
,GGUTX{,0,1080612,,,false,3
,GGUTX{,1,1067834,,,false,3
,GGUTX{,2,1053308,,,false,3
,GGUTX{,3,1075724,,,false,3
,GGUTX{,4,1060920,,,false,3
,GGUTX{,5,1079984,,,false,3
,GGUTX{,6,1059592,,,false,3
,GGUTX{,7,1083406,,,false,3
,GGUTX{,8,1108546,,,false,3
,GGUTX{,9,1121815,,,false,3
,G?Baps,0,961685,,,false,2
,G?Baps,1,954911,,,false,2
,G?Baps,2,949185,,,false,2
,G?Baps,3,898276,,,false,2
,G?Baps,4,928793,,,false,2
,G?Baps,5,900929,,,false,2
,G?Baps,6,923555,,,false,2
,G?Baps,7,908611,,,false,2
,G?Baps,8,918598,,,false,2
,G?Baps,9,911894,,,false,2
,G??X~G,0,955889,,,false,2
,G??X~G,1,929701,,,false,2
,G??X~G,2,933402,,,false,2
,G??X~G,3,927816,,,false,2
,G??X~G,4,929772,,,false,2
,G??X~G,5,935218,,,false,2
,G??X~G,6,942969,,,false,2
,G??X~G,7,941643,,,false,2
,G??X~G,8,929771,,,false,2
,G??X~G,9,937383,,,false,2
,G@hSz[,0,1093393,,,false,3
,G@hSz[,1,1075515,,,false,3
,G@hSz[,2,1074188,,,false,3
,G@hSz[,3,1075166,,,false,3
,G@hSz[,4,1083336,,,false,3
,G@hSz[,5,1069928,,,false,3
,G@hSz[,6,1097722,,,false,3
,G@hSz[,7,1062596,,,false,3
,G@hSz[,8,1103728,,,false,3
,G@hSz[,9,1052749,,,false,3
,GqGUXw,0,1046953,,,false,3
,GqGUXw,1,1001491,,,false,3
,GqGUXw,2,1024885,,,false,3
,GqGUXw,3,1011896,,,false,3
,GqGUXw,4,1021463,,,false,3
,GqGUXw,5,1015946,,,false,3
,GqGUXw,6,1020276,,,false,3
,GqGUXw,7,1010988,,,false,3
,GqGUXw,8,1018181,,,false,3
,GqGUXw,9,1017972,,,false,3
,GGMP}w,0,1080473,,,false,3
,GGMP}w,1,1065179,,,false,3
,GGMP}w,2,1057568,,,false,3
,GGMP}w,3,1067973,,,false,3
,GGMP}w,4,1058475,,,false,3
,GGMP}w,5,1066925,,,false,3
,GGMP}w,6,1056590,,,false,3
,GGMP}w,7,1076353,,,false,3
,GGMP}w,8,1055124,,,false,3
,GGMP}w,9,1058475,,,false,3
,G@hP~w,0,1102191,,,false,3
,G@hP~w,1,1097931,,,false,3
,G@hP~w,2,1140041,,,false,3
,G@hP~w,3,1139063,,,false,3
,G@hP~w,4,1137108,,,false,3
,G@hP~w,5,1109035,,,false,3
,G@hP~w,6,1093672,,,false,3
,G@hP~w,7,1094091,,,false,3
,G@hP~w,8,1082149,,,false,3
,G@hP~w,9,1090041,,,false,3
,GaClz{,0,1125796,,,false,3
,GaClz{,1,1107499,,,false,3
,GaClz{,2,1105823,,,false,3
,GaClz{,3,1113296,,,false,3
,GaClz{,4,1120907,,,false,3
,GaClz{,5,1099258,,,false,3
,GaClz{,6,1113854,,,false,3
,GaClz{,7,1113853,,,false,3
,GaClz{,8,1116507,,,false,3
,GaClz{,9,1121954,,,false,3
,GBIM~w,0,1133338,,,false,3
,GBIM~w,1,1120768,,,false,3
,GBIM~w,2,1111828,,,false,3
,GBIM~w,3,1129567,,,false,3
,GBIM~w,4,1106730,,,false,3
,GBIM~w,5,1128450,,,false,3
,GBIM~w,6,1112597,,,false,3
,GBIM~w,7,1114272,,,false,3
,GBIM~w,8,1112457,,,false,3
,GBIM~w,9,1124259,,,false,3
,G?AZRk,0,962523,,,false,2
,G?AZRk,1,944856,,,false,2
,G?AZRk,2,935288,,,false,2
,G?AZRk,3,936685,,,false,2
,G?AZRk,4,936545,,,false,2
,G?AZRk,5,933681,,,false,2
,G?AZRk,6,933612,,,false,2
,G?AZRk,7,930260,,,false,2
,G?AZRk,8,924463,,,false,2
,G?AZRk,9,938081,,,false,2
,G?AZVk,0,1007985,,,false,2
,G?AZVk,1,996602,,,false,2
,G?AZVk,2,982007,,,false,2
,G?AZVk,3,989759,,,false,2
,G?AZVk,4,983544,,,false,2
,G?AZVk,5,989828,,,false,2
,G?AZVk,6,980471,,,false,2
,G?AZVk,7,987943,,,false,2
,G?AZVk,8,1002677,,,false,2
,G?AZVk,9,987873,,,false,2
,GALel[,0,1064690,,,false,3
,GALel[,1,1048070,,,false,3
,GALel[,2,1054215,,,false,3
,GALel[,3,1350312,,,false,3
,GALel[,4,1129427,,,false,3
,GALel[,5,1080403,,,false,3
,GALel[,6,1050723,,,false,3
,GALel[,7,1053167,,,false,3
,GALel[,8,1046463,,,false,3
,GALel[,9,1057777,,,false,3
,G@TtU[,0,1073629,,,false,3
,G@TtU[,1,1075376,,,false,3
,G@TtU[,2,1186760,,,false,3
,G@TtU[,3,1101493,,,false,3
,G@TtU[,4,1100446,,,false,3
,G@TtU[,5,1234667,,,false,3
,G@TtU[,6,1084104,,,false,3
,G@TtU[,7,1190741,,,false,3
,G@TtU[,8,1088364,,,false,3
,G@TtU[,9,1059522,,,false,3
,GIEht{,0,1086200,,,false,4
,GIEht{,1,1053726,,,false,4
,GIEht{,2,1042413,,,false,4
,GIEht{,3,1067484,,,false,4
,GIEht{,4,1063224,,,false,4
,GIEht{,5,1057568,,,false,4
,GIEht{,6,1078448,,,false,4
,GIEht{,7,1049327,,,false,4
,GIEht{,8,1052051,,,false,4
,GIEht{,9,1053028,,,false,4
,GAYXzk,0,1076004,,,false,4
,GAYXzk,1,1063364,,,false,4
,GAYXzk,2,1057078,,,false,4
,GAYXzk,3,1049536,,,false,4
,GAYXzk,4,1059383,,,false,4
,GAYXzk,5,1058546,,,false,4
,GAYXzk,6,1050515,,,false,4
,GAYXzk,7,1065599,,,false,4
,GAYXzk,8,1059243,,,false,4
,GAYXzk,9,1054704,,,false,4
,G@Xs}{,0,1142905,,,false,4
,G@Xs}{,1,1110013,,,false,4
,G@Xs}{,2,1114342,,,false,4
,G@Xs}{,3,1117695,,,false,4
,G@Xs}{,4,1104775,,,false,4
,G@Xs}{,5,1120348,,,false,4
,G@Xs}{,6,1109245,,,false,4
,G@Xs}{,7,1100725,,,false,4
,G@Xs}{,8,1117694,,,false,4
,G@Xs}{,9,1106032,,,false,4
,GG]Pm[,0,1078937,,,false,3
,GG]Pm[,1,1077890,,,false,3
,GG]Pm[,2,1092834,,,false,3
,GG]Pm[,3,1098490,,,false,3
,GG]Pm[,4,1090459,,,false,3
,GG]Pm[,5,1118323,,,false,3
,GG]Pm[,6,1022301,,,false,3
,GG]Pm[,7,1066576,,,false,3
,GG]Pm[,8,1068811,,,false,3
,GG]Pm[,9,1079984,,,false,3
,G@h[z[,0,1122514,,,false,4
,G@h[z[,1,1072093,,,false,4
,G@h[z[,2,1078936,,,false,4
,G@h[z[,3,1106172,,,false,4
,G@h[z[,4,1084244,,,false,4
,G@h[z[,5,1064201,,,false,4
,G@h[z[,6,1075934,,,false,4
,G@h[z[,7,1074747,,,false,4
,G@h[z[,8,1092345,,,false,4
,G@h[z[,9,1068811,,,false,4
,GILe|{,0,1142277,,,false,4
,GILe|{,1,1105823,,,false,4
,GILe|{,2,1111968,,,false,4
,GILe|{,3,1108686,,,false,4
,GILe|{,4,1122304,,,false,4
,GILe|{,5,1106242,,,false,4
,GILe|{,6,1111410,,,false,4
,GILe|{,7,1120907,,,false,4
,GILe|{,8,1115739,,,false,4
,GILe|{,9,1109524,,,false,4
,GGS}|{,0,1137108,,,false,4
,GGS}|{,1,1116088,,,false,4
,GGS}|{,2,1128030,,,false,4
,GGS}|{,3,1104216,,,false,4
,GGS}|{,4,1113854,,,false,4
,GGS}|{,5,1123281,,,false,4
,GGS}|{,6,1111200,,,false,4
,GGS}|{,7,1111410,,,false,4
,GGS}|{,8,1115251,,,false,4
,GGS}|{,9,1117625,,,false,4
,GALt]s,0,1123421,,,false,3
,GALt]s,1,1096116,,,false,3
,GALt]s,2,1113575,,,false,3
,GALt]s,3,1104776,,,false,3
,GALt]s,4,1098211,,,false,3
,GALt]s,5,1099538,,,false,3
,GALt]s,6,1107638,,,false,3
,GALt]s,7,1106451,,,false,3
,GALt]s,8,1097233,,,false,3
,GALt]s,9,1113924,,,false,3
,GGUp}{,0,1152193,,,false,4
,GGUp}{,1,1191649,,,false,4
,GGUp}{,2,1195000,,,false,4
,GGUp}{,3,1189623,,,false,4
,GGUp}{,4,1162668,,,false,4
,GGUp}{,5,1137807,,,false,4
,GGUp}{,6,1152053,,,false,4
,GGUp}{,7,1141996,,,false,4
,GGUp}{,8,1142975,,,false,4
,GGUp}{,9,1151145,,,false,4
,GONR}{,0,1182012,,,false,4
,GONR}{,1,1164623,,,false,4
,GONR}{,2,1175867,,,false,4
,GONR}{,3,1167346,,,false,4
,GONR}{,4,1168534,,,false,4
,GONR}{,5,1178451,,,false,4
,GONR}{,6,1170699,,,false,4
,GONR}{,7,1186132,,,false,4
,GONR}{,8,1160014,,,false,4
,GONR}{,9,1166719,,,false,4
,G?Bax{,0,1010989,,,false,2
,G?Bax{,1,994368,,,false,2
,G?Bax{,2,992901,,,false,2
,G?Bax{,3,997231,,,false,2
,G?Bax{,4,1003516,,,false,2
,G?Bax{,5,994367,,,false,2
,G?Bax{,6,994437,,,false,2
,G?Bax{,7,994298,,,false,2
,G?Bax{,8,996253,,,false,2
,G?Bax{,9,993669,,,false,2
,G?AZ^k,0,1051422,,,false,2
,G?AZ^k,1,1030402,,,false,2
,G?AZ^k,2,1031449,,,false,2
,G?AZ^k,3,1027958,,,false,2
,G?AZ^k,4,1043810,,,false,2
,G?AZ^k,5,1031170,,,false,2
,G?AZ^k,6,1041924,,,false,2
,G?AZ^k,7,1024186,,,false,2
,G?AZ^k,8,1045626,,,false,2
,G?AZ^k,9,1027120,,,false,2
,GCSzzw,0,1113365,,,false,4
,GCSzzw,1,1089552,,,false,4
,GCSzzw,2,1087596,,,false,4
,GCSzzw,3,1107988,,,false,4
,GCSzzw,4,1090878,,,false,4
,GCSzzw,5,1104357,,,false,4
,GCSzzw,6,1086200,,,false,4
,GCSzzw,7,1116158,,,false,4
,GCSzzw,8,1081102,,,false,4
,GCSzzw,9,1128449,,,false,4
,GAkzn[,0,1209736,,,false,4
,GAkzn[,1,1225658,,,false,4
,GAkzn[,2,1240254,,,false,4
,GAkzn[,3,1220211,,,false,4
,GAkzn[,4,1164484,,,false,4
,GAkzn[,5,1165881,,,false,4
,GAkzn[,6,1168673,,,false,4
,GAkzn[,7,1168324,,,false,4
,GAkzn[,8,1174051,,,false,4
,GAkzn[,9,1189833,,,false,4
,GEL\Z[,0,1138366,,,false,4
,GEL\Z[,1,1120558,,,false,4
,GEL\Z[,2,1121466,,,false,4
,GEL\Z[,3,1123561,,,false,4
,GEL\Z[,4,1128379,,,false,4
,GEL\Z[,5,1116158,,,false,4
,GEL\Z[,6,1122653,,,false,4
,GEL\Z[,7,1123351,,,false,4
,GEL\Z[,8,1124609,,,false,4
,GEL\Z[,9,1115600,,,false,4
,GBd\Z[,0,1114831,,,false,4
,GBd\Z[,1,1122443,,,false,4
,GBd\Z[,2,1102960,,,false,4
,GBd\Z[,3,1119650,,,false,4
,GBd\Z[,4,1108476,,,false,4
,GBd\Z[,5,1113015,,,false,4
,GBd\Z[,6,1113715,,,false,4
,GBd\Z[,7,1112876,,,false,4
,GBd\Z[,8,1112387,,,false,4
,GBd\Z[,9,1125237,,,false,4
,GANe|w,0,1130683,,,false,4
,GANe|w,1,1103658,,,false,4
,GANe|w,2,1106521,,,false,4
,GANe|w,3,1112108,,,false,4
,GANe|w,4,1118533,,,false,4
,GANe|w,5,1098630,,,false,4
,GANe|w,6,1104356,,,false,4
,GANe|w,7,1100586,,,false,4
,GANe|w,8,1091855,,,false,4
,GANe|w,9,1116787,,,false,4
,GES|^[,0,1150098,,,false,4
,GES|^[,1,1132778,,,false,4
,GES|^[,2,1126563,,,false,4
,GES|^[,3,1166159,,,false,4
,GES|^[,4,1170559,,,false,4
,GES|^[,5,1167696,,,false,4
,GES|^[,6,1166788,,,false,4
,GES|^[,7,1175169,,,false,4
,GES|^[,8,1215253,,,false,4
,GES|^[,9,1224331,,,false,4
,GBM^]{,0,1198284,,,false,4
,GBM^]{,1,1179777,,,false,4
,GBM^]{,2,1137457,,,false,4
,GBM^]{,3,1144860,,,false,4
,GBM^]{,4,1139693,,,false,4
,GBM^]{,5,1153519,,,false,4
,GBM^]{,6,1154218,,,false,4
,GBM^]{,7,1147863,,,false,4
,GBM^]{,8,1142625,,,false,4
,GBM^]{,9,1153729,,,false,4
,GDXcy{,0,1080613,,,false,4
,GDXcy{,1,1069579,,,false,4
,GDXcy{,2,1063434,,,false,4
,GDXcy{,3,1067275,,,false,4
,GDXcy{,4,1055892,,,false,4
,GDXcy{,5,1065179,,,false,4
,GDXcy{,6,1049606,,,false,4
,GDXcy{,7,1064342,,,false,4
,GDXcy{,8,1058476,,,false,4
,GDXcy{,9,1060361,,,false,4
,GCXtuw,0,1075655,,,false,3
,GCXtuw,1,1069579,,,false,3
,GCXtuw,2,1061338,,,false,3
,GCXtuw,3,1060151,,,false,3
,GCXtuw,4,1069928,,,false,3
,GCXtuw,5,1051352,,,false,3
,GCXtuw,6,1076702,,,false,3
,GCXtuw,7,1045137,,,false,3
,GCXtuw,8,1082428,,,false,3
,GCXtuw,9,1047651,,,false,3
,GIG\[w,0,1034382,,,false,4
,GIG\[w,1,984033,,,false,4
,GIG\[w,2,997091,,,false,4
,GIG\[w,3,984172,,,false,4
,GIG\[w,4,998139,,,false,4
,GIG\[w,5,990946,,,false,4
,GIG\[w,6,1010220,,,false,4
,GIG\[w,7,984451,,,false,4
,GIG\[w,8,1000094,,,false,4
,GIG\[w,9,988920,,,false,4
,GQGX}W,0,1017832,,,false,3
,GQGX}W,1,1002050,,,false,3
,GQGX}W,2,999396,,,false,3
,GQGX}W,3,993669,,,false,3
,GQGX}W,4,1000583,,,false,3
,GQGX}W,5,999675,,,false,3
,GQGX}W,6,1003376,,,false,3
,GQGX}W,7,998138,,,false,3
,GQGX}W,8,1008544,,,false,3
,GQGX}W,9,1038922,,,false,3
,G`GZ[w,0,1049676,,,false,4
,G`GZ[w,1,1051282,,,false,4
,G`GZ[w,2,1032218,,,false,4
,G`GZ[w,3,1009243,,,false,4
,G`GZ[w,4,1023000,,,false,4
,G`GZ[w,5,1018461,,,false,4
,G`GZ[w,6,1011756,,,false,4
,G`GZ[w,7,1020765,,,false,4
,G`GZ[w,8,1016226,,,false,4
,G`GZ[w,9,1017692,,,false,4
,GHFKvK,0,1085082,,,false,3
,GHFKvK,1,1070207,,,false,3
,GHFKvK,2,1063224,,,false,3
,GHFKvK,3,1080054,,,false,3
,GHFKvK,4,1058545,,,false,3
,GHFKvK,5,1076633,,,false,3
,GHFKvK,6,1065668,,,false,3
,GHFKvK,7,1065389,,,false,3
,GHFKvK,8,1058685,,,false,3
,GHFKvK,9,1066297,,,false,3
,G_[sj[,0,1069718,,,false,3
,G_[sj[,1,1066157,,,false,3
,G_[sj[,2,1060361,,,false,3
,G_[sj[,3,1068392,,,false,3
,G_[sj[,4,1068391,,,false,3
,G_[sj[,5,1049536,,,false,3
,G_[sj[,6,1072791,,,false,3
,G_[sj[,7,1048978,,,false,3
,G_[sj[,8,1062806,,,false,3
,G_[sj[,9,1067205,,,false,3
,G_[sn[,0,1097583,,,false,3
,G_[sn[,1,1073769,,,false,3
,G_[sn[,2,1073909,,,false,3
,G_[sn[,3,1062037,,,false,3
,G_[sn[,4,1069859,,,false,3
,G_[sn[,5,1061478,,,false,3
,G_[sn[,6,1076702,,,false,3
,G_[sn[,7,1058056,,,false,3
,G_[sn[,8,1087108,,,false,3
,G_[sn[,9,1062945,,,false,3
,GcCzR{,0,1119790,,,false,4
,GcCzR{,1,1091367,,,false,4
,GcCzR{,2,1093463,,,false,4
,GcCzR{,3,1096116,,,false,4
,GcCzR{,4,1095837,,,false,4
,GcCzR{,5,1100236,,,false,4
,GcCzR{,6,1102051,,,false,4
,GcCzR{,7,1080823,,,false,4
,GcCzR{,8,1100864,,,false,4
,GcCzR{,9,1131522,,,false,4
,GKKmi{,0,1160852,,,false,4
,GKKmi{,1,1141647,,,false,4
,GKKmi{,2,1152961,,,false,4
,GKKmi{,3,1105823,,,false,4
,GKKmi{,4,1096605,,,false,4
,GKKmi{,5,1092345,,,false,4
,GKKmi{,6,1105613,,,false,4
,GKKmi{,7,1088294,,,false,4
,GKKmi{,8,1096186,,,false,4
,GKKmi{,9,1087596,,,false,4
,GALt^s,0,1144441,,,false,4
,GALt^s,1,1129706,,,false,4
,GALt^s,2,1134315,,,false,4
,GALt^s,3,1127821,,,false,4
,GALt^s,4,1161271,,,false,4
,GALt^s,5,1119580,,,false,4
,GALt^s,6,1149888,,,false,4
,GALt^s,7,1128449,,,false,4
,GALt^s,8,1139553,,,false,4
,GALt^s,9,1136550,,,false,4
,GqAix{,0,1091367,,,false,3
,GqAix{,1,1067973,,,false,3
,GqAix{,2,1077400,,,false,3
,GqAix{,3,1079496,,,false,3
,GqAix{,4,1083336,,,false,3
,GqAix{,5,1067903,,,false,3
,GqAix{,6,1082918,,,false,3
,GqAix{,7,1082638,,,false,3
,GqAix{,8,1079495,,,false,3
,GqAix{,9,1072442,,,false,3
,GEHkzs,0,1124958,,,false,3
,GEHkzs,1,1111759,,,false,3
,GEHkzs,2,1104147,,,false,3
,GEHkzs,3,1115041,,,false,3
,GEHkzs,4,1119999,,,false,3
,GEHkzs,5,1125935,,,false,3
,GEHkzs,6,1153100,,,false,3
,GEHkzs,7,1141299,,,false,3
,GEHkzs,8,1127471,,,false,3
,GEHkzs,9,1115250,,,false,3
,GAjP~s,0,1141438,,,false,3
,GAjP~s,1,1138505,,,false,3
,GAjP~s,2,1161411,,,false,3
,GAjP~s,3,1161131,,,false,3
,GAjP~s,4,1158757,,,false,3
,GAjP~s,5,1173562,,,false,3
,GAjP~s,6,1147025,,,false,3
,GAjP~s,7,1148142,,,false,3
,GAjP~s,8,1175867,,,false,3
,GAjP~s,9,1209247,,,false,3
,G@W}]k,0,1141508,,,false,3
,G@W}]k,1,1195699,,,false,3
,G@W}]k,2,1067623,,,false,3
,G@W}]k,3,1146047,,,false,3
,G@W}]k,4,1094789,,,false,3
,G@W}]k,5,1104845,,,false,3
,G@W}]k,6,1095976,,,false,3
,G@W}]k,7,1102401,,,false,3
,G@W}]k,8,1096116,,,false,3
,G@W}]k,9,1110013,,,false,3
,GCLZ\[,0,1123211,,,false,3
,GCLZ\[,1,1083476,,,false,3
,GCLZ\[,2,1108896,,,false,3
,GCLZ\[,3,1098490,,,false,3
,GCLZ\[,4,1100376,,,false,3
,GCLZ\[,5,1113016,,,false,3
,GCLZ\[,6,1086688,,,false,3
,GCLZ\[,7,1109105,,,false,3
,GCLZ\[,8,1080542,,,false,3
,GCLZ\[,9,1120488,,,false,3
,GAY\Zk,0,1102541,,,false,3
,GAY\Zk,1,1090459,,,false,3
,GAY\Zk,2,1095697,,,false,3
,GAY\Zk,3,1099748,,,false,3
,GAY\Zk,4,1092275,,,false,3
,GAY\Zk,5,1086828,,,false,3
,GAY\Zk,6,1108198,,,false,3
,GAY\Zk,7,1102262,,,false,3
,GAY\Zk,8,1090529,,,false,3
,GAY\Zk,9,1112596,,,false,3
,G@qi~k,0,1119161,,,false,3
,G@qi~k,1,1102820,,,false,3
,G@qi~k,2,1099119,,,false,3
,G@qi~k,3,1094160,,,false,3
,G@qi~k,4,1095487,,,false,3
,G@qi~k,5,1093812,,,false,3
,G@qi~k,6,1094230,,,false,3
,G@qi~k,7,1089970,,,false,3
,G@qi~k,8,1094649,,,false,3
,G@qi~k,9,1095069,,,false,3
,G_hX~{,0,1163017,,,false,3
,G_hX~{,1,1163715,,,false,3
,G_hX~{,2,1149120,,,false,3
,G_hX~{,3,1150586,,,false,3
,G_hX~{,4,1150028,,,false,3
,G_hX~{,5,1158618,,,false,3
,G_hX~{,6,1171747,,,false,3
,G_hX~{,7,1208200,,,false,3
,G_hX~{,8,1199819,,,false,3
,G_hX~{,9,1199331,,,false,3
,GAMnnw,0,1197235,,,false,4
,GAMnnw,1,1168813,,,false,4
,GAMnnw,2,1168674,,,false,4
,GAMnnw,3,1169721,,,false,4
,GAMnnw,4,1158757,,,false,4
,GAMnnw,5,1170490,,,false,4
,GAMnnw,6,1164134,,,false,4
,GAMnnw,7,1167207,,,false,4
,GAMnnw,8,1178800,,,false,4
,GAMnnw,9,1162877,,,false,4
,G_Mz~k,0,1193674,,,false,4
,G_Mz~k,1,1165042,,,false,4
,G_Mz~k,2,1177473,,,false,4
,G_Mz~k,3,1167207,,,false,4
,G_Mz~k,4,1167766,,,false,4
,G_Mz~k,5,1163506,,,false,4
,G_Mz~k,6,1165461,,,false,4
,G_Mz~k,7,1161411,,,false,4
,G_Mz~k,8,1166229,,,false,4
,G_Mz~k,9,1180126,,,false,4
,G@Nv]{,0,1169721,,,false,4
,G@Nv]{,1,1166229,,,false,4
,G@Nv]{,2,1151774,,,false,4
,G@Nv]{,3,1160154,,,false,4
,G@Nv]{,4,1163924,,,false,4
,G@Nv]{,5,1152332,,,false,4
,G@Nv]{,6,1161899,,,false,4
,G@Nv]{,7,1149818,,,false,4
,G@Nv]{,8,1158408,,,false,4
,G@Nv]{,9,1163506,,,false,4
,G_lzrk,0,1140809,,,false,4
,G_lzrk,1,1124818,,,false,4
,G_lzrk,2,1131103,,,false,4
,G_lzrk,3,1115670,,,false,4
,G_lzrk,4,1121676,,,false,4
,G_lzrk,5,1126214,,,false,4
,G_lzrk,6,1130194,,,false,4
,G_lzrk,7,1122653,,,false,4
,G_lzrk,8,1112038,,,false,4
,G_lzrk,9,1121396,,,false,4
,G@zRzw,0,1162667,,,false,4
,G@zRzw,1,1134035,,,false,4
,G@zRzw,2,1137248,,,false,4
,G@zRzw,3,1159735,,,false,4
,G@zRzw,4,1184037,,,false,4
,G@zRzw,5,1186341,,,false,4
,G@zRzw,6,1169651,,,false,4
,G@zRzw,7,1111899,,,false,4
,G@zRzw,8,1147933,,,false,4
,G@zRzw,9,1135293,,,false,4
,G_lv~w,0,1168045,,,false,4
,G_lv~w,1,1197376,,,false,4
,G_lv~w,2,1177263,,,false,4
,G_lv~w,3,1213787,,,false,4
,G_lv~w,4,1184107,,,false,4
,G_lv~w,5,1205126,,,false,4
,G_lv~w,6,1194582,,,false,4
,G_lv~w,7,1196188,,,false,4
,G_lv~w,8,1185364,,,false,4
,G_lv~w,9,1195769,,,false,4
,GDhzu{,0,1166299,,,false,4
,GDhzu{,1,1125307,,,false,4
,GDhzu{,2,1135083,,,false,4
,GDhzu{,3,1145488,,,false,4
,GDhzu{,4,1127680,,,false,4
,GDhzu{,5,1137597,,,false,4
,GDhzu{,6,1145279,,,false,4
,GDhzu{,7,1130474,,,false,4
,GDhzu{,8,1139343,,,false,4
,GDhzu{,9,1130544,,,false,4
,GDhzv{,0,1201635,,,false,5
,GDhzv{,1,1184456,,,false,5
,GDhzv{,2,1198423,,,false,5
,GDhzv{,3,1198074,,,false,5
,GDhzv{,4,1200378,,,false,5
,GDhzv{,5,1191160,,,false,5
,GDhzv{,6,1194093,,,false,5
,GDhzv{,7,1203311,,,false,5
,GDhzv{,8,1186132,,,false,5
,GDhzv{,9,1208898,,,false,5
,GEnbzw,0,1187249,,,false,4
,GEnbzw,1,1182990,,,false,4
,GEnbzw,2,1188577,,,false,4
,GEnbzw,3,1181383,,,false,4
,GEnbzw,4,1173143,,,false,4
,GEnbzw,5,1183687,,,false,4
,GEnbzw,6,1187878,,,false,4
,GEnbzw,7,1190043,,,false,4
,GEnbzw,8,1174120,,,false,4
,GEnbzw,9,1246957,,,false,4
,GtlrY{,0,1223493,,,false,5
,GtlrY{,1,1222236,,,false,5
,GtlrY{,2,1236552,,,false,5
,GtlrY{,3,1174330,,,false,5
,GtlrY{,4,1183478,,,false,5
,GtlrY{,5,1162528,,,false,5
,GtlrY{,6,1189833,,,false,5
,GtlrY{,7,1159944,,,false,5
,GtlrY{,8,1164693,,,false,5
,GtlrY{,9,1191230,,,false,5
,G}nax{,0,1217069,,,false,5
,G}nax{,1,1207780,,,false,5
,G}nax{,2,1198842,,,false,5
,G}nax{,3,1217767,,,false,5
,G}nax{,4,1196119,,,false,5
,G}nax{,5,1207850,,,false,5
,G}nax{,6,1217697,,,false,5
,G}nax{,7,1198353,,,false,5
,G}nax{,8,1205476,,,false,5
,G}nax{,9,1214694,,,false,5
,G`iayw,0,1059942,,,false,4
,G`iayw,1,1045486,,,false,4
,G`iayw,2,1055193,,,false,4
,G`iayw,3,1055403,,,false,4
,G`iayw,4,1050794,,,false,4
,G`iayw,5,1054704,,,false,4
,G`iayw,6,1054634,,,false,4
,G`iayw,7,1057079,,,false,4
,G`iayw,8,1057008,,,false,4
,G`iayw,9,1055682,,,false,4
,G@hYtK,0,1050933,,,false,4
,G@hYtK,1,1045346,,,false,4
,G@hYtK,2,1021184,,,false,4
,G@hYtK,3,1043461,,,false,4
,G@hYtK,4,1030961,,,false,4
,G@hYtK,5,1043601,,,false,4
,G@hYtK,6,1033475,,,false,4
,G@hYtK,7,1037665,,,false,4
,G@hYtK,8,1042204,,,false,4
,G@hYtK,9,1039829,,,false,4
,GtP@Ww,0,989339,,,false,3
,GtP@Ww,1,958892,,,false,3
,GtP@Ww,2,972091,,,false,3
,GtP@Ww,3,973976,,,false,3
,GtP@Ww,4,976490,,,false,3
,GtP@Ww,5,974255,,,false,3
,GtP@Ww,6,982426,,,false,3
,GtP@Ww,7,968599,,,false,3
,GtP@Ww,8,1008404,,,false,3
,GtP@Ww,9,1012734,,,false,3
,GsXX~{,0,1270841,,,false,4
,GsXX~{,1,1238578,,,false,4
,GsXX~{,2,1194512,,,false,4
,GsXX~{,3,1180964,,,false,4
,GsXX~{,4,1195280,,,false,4
,GsXX~{,5,1178730,,,false,4
,GsXX~{,6,1184386,,,false,4
,GsXX~{,7,1179358,,,false,4
,GsXX~{,8,1182990,,,false,4
,GsXX~{,9,1200239,,,false,4
,GqhX~{,0,1183339,,,false,4
,GqhX~{,1,1176983,,,false,4
,GqhX~{,2,1214973,,,false,4
,GqhX~{,3,1159735,,,false,4
,GqhX~{,4,1202544,,,false,4
,GqhX~{,5,1183199,,,false,4
,GqhX~{,6,1175866,,,false,4
,GqhX~{,7,1192557,,,false,4
,GqhX~{,8,1180266,,,false,4
,GqhX~{,9,1184387,,,false,4
,Gdlr^{,0,1227893,,,false,5
,Gdlr^{,1,1219234,,,false,5
,Gdlr^{,2,1221189,,,false,5
,Gdlr^{,3,1204219,,,false,5
,Gdlr^{,4,1215951,,,false,5
,Gdlr^{,5,1209597,,,false,5
,Gdlr^{,6,1198213,,,false,5
,Gdlr^{,7,1213368,,,false,5
,Gdlr^{,8,1214973,,,false,5
,Gdlr^{,9,1224052,,,false,5
,G`o~f{,0,1117415,,,false,4
,G`o~f{,1,1144581,,,false,4
,G`o~f{,2,1110222,,,false,4
,G`o~f{,3,1154358,,,false,4
,G`o~f{,4,1130824,,,false,4
,G`o~f{,5,1141159,,,false,4
,G`o~f{,6,1129078,,,false,4
,G`o~f{,7,1128938,,,false,4
,G`o~f{,8,1133547,,,false,4
,G`o~f{,9,1120558,,,false,4
,GA_jlw,0,1062735,,,false,3
,GA_jlw,1,1028656,,,false,3
,GA_jlw,2,1035710,,,false,3
,GA_jlw,3,1028726,,,false,3
,GA_jlw,4,1032217,,,false,3
,GA_jlw,5,1048070,,,false,3
,GA_jlw,6,1074049,,,false,3
,GA_jlw,7,1051352,,,false,3
,GA_jlw,8,1062874,,,false,3
,GA_jlw,9,1024676,,,false,3
,G`Mi~_,0,1059034,,,false,4
,G`Mi~_,1,1080613,,,false,4
,G`Mi~_,2,1079216,,,false,4
,G`Mi~_,3,1071255,,,false,4
,G`Mi~_,4,1080193,,,false,4
,G`Mi~_,5,1068253,,,false,4
,G`Mi~_,6,1076423,,,false,4
,G`Mi~_,7,1072442,,,false,4
,G`Mi~_,8,1066087,,,false,4
,G`Mi~_,9,1066018,,,false,4
,G@oZN_,0,1013851,,,false,3
,G@oZN_,1,992272,,,false,3
,G@oZN_,2,1004773,,,false,3
,G@oZN_,3,996254,,,false,3
,G@oZN_,4,1012315,,,false,3
,G@oZN_,5,1007426,,,false,3
,G@oZN_,6,1015178,,,false,3
,G@oZN_,7,994857,,,false,3
,G@oZN_,8,1035779,,,false,3
,G@oZN_,9,1012176,,,false,3
,GSP@x{,0,1028237,,,false,3
,GSP@x{,1,1046743,,,false,3
,GSP@x{,2,1004354,,,false,3
,GSP@x{,3,1023698,,,false,3
,GSP@x{,4,998837,,,false,3
,GSP@x{,5,1018181,,,false,3
,GSP@x{,6,997929,,,false,3
,GSP@x{,7,1020416,,,false,3
,GSP@x{,8,998767,,,false,3
,GSP@x{,9,1024186,,,false,3
,G}hX~{,0,1228312,,,false,5
,G}hX~{,1,1241859,,,false,5
,G}hX~{,2,1223493,,,false,5
,G}hX~{,3,1226566,,,false,5
,G}hX~{,4,1237180,,,false,5
,G}hX~{,5,1239695,,,false,5
,G}hX~{,6,1231245,,,false,5
,G}hX~{,7,1229289,,,false,5
,G}hX~{,8,1228871,,,false,5
,G}hX~{,9,1228521,,,false,5
,GqN~v{,0,1262530,,,false,5
,GqN~v{,1,1247446,,,false,5
,GqN~v{,2,1246469,,,false,5
,GqN~v{,3,1267349,,,false,5
,GqN~v{,4,1267559,,,false,5
,GqN~v{,5,1300800,,,false,5
,GqN~v{,6,1315325,,,false,5
,GqN~v{,7,1289906,,,false,5
,GqN~v{,8,1235644,,,false,5
,GqN~v{,9,1252055,,,false,5
,G`~~~{,0,1271190,,,false,5
,G`~~~{,1,1251426,,,false,5
,G`~~~{,2,1247656,,,false,5
,G`~~~{,3,1273075,,,false,5
,G`~~~{,4,1250799,,,false,5
,G`~~~{,5,1251497,,,false,5
,G`~~~{,6,1272307,,,false,5
,G`~~~{,7,1248843,,,false,5
,G`~~~{,8,1254848,,,false,5
,G`~~~{,9,1253731,,,false,5
,G{S~~w,0,1229988,,,false,5
,G{S~~w,1,1234876,,,false,5
,G{S~~w,2,1222585,,,false,5
,G{S~~w,3,1224331,,,false,5
,G{S~~w,4,1241999,,,false,5
,G{S~~w,5,1221258,,,false,5
,G{S~~w,6,1240393,,,false,5
,G{S~~w,7,1223702,,,false,5
,G{S~~w,8,1230197,,,false,5
,G{S~~w,9,1234457,,,false,5
,G_?ztw,0,1042553,,,false,3
,G_?ztw,1,1029983,,,false,3
,G_?ztw,2,1018530,,,false,3
,G_?ztw,3,1030333,,,false,3
,G_?ztw,4,1037804,,,false,3
,G_?ztw,5,1033894,,,false,3
,G_?ztw,6,1029564,,,false,3
,G_?ztw,7,1039201,,,false,3
,G_?ztw,8,1037735,,,false,3
,G_?ztw,9,1027609,,,false,3
,G?qipk,0,993460,,,false,2
,G?qipk,1,978864,,,false,2
,G?qipk,2,966993,,,false,2
,G?qipk,3,981867,,,false,2
,G?qipk,4,983333,,,false,2
,G?qipk,5,976839,,,false,2
,G?qipk,6,981169,,,false,2
,G?qipk,7,978236,,,false,2
,G?qipk,8,975513,,,false,2
,G?qipk,9,979423,,,false,2
,G?uvZw,0,1134804,,,false,3
,G?uvZw,1,1131242,,,false,3
,G?uvZw,2,1165461,,,false,3
,G?uvZw,3,1202962,,,false,3
,G?uvZw,4,1166439,,,false,3
,G?uvZw,5,1150517,,,false,3
,G?uvZw,6,1126074,,,false,3
,G?uvZw,7,1131102,,,false,3
,G?uvZw,8,1133477,,,false,3
,G?uvZw,9,1130754,,,false,3
,GR~v~{,0,1299053,,,false,5
,GR~v~{,1,1280408,,,false,5
,GR~v~{,2,1272237,,,false,5
,GR~v~{,3,1301848,,,false,5
,GR~v~{,4,1279151,,,false,5
,GR~v~{,5,1276776,,,false,5
,GR~v~{,6,1289626,,,false,5
,GR~v~{,7,1281036,,,false,5
,GR~v~{,8,1271259,,,false,5
,GR~v~{,9,1300660,,,false,5
,G?CqS[,0,868457,,,false,2
,G?CqS[,1,897089,,,false,2
,G?CqS[,2,872367,,,false,2
,G?CqS[,3,887382,,,false,2
,G?CqS[,4,882633,,,false,2
,G?CqS[,5,874951,,,false,2
,G?CqS[,6,889826,,,false,2
,G?CqS[,7,882074,,,false,2
,G?CqS[,8,878443,,,false,2
,G?CqS[,9,860845,,,false,2
,G?DH\k,0,987733,,,false,3
,G?DH\k,1,960079,,,false,3
,G?DH\k,2,961197,,,false,3
,G?DH\k,3,964618,,,false,3
,G?DH\k,4,971881,,,false,3
,G?DH\k,5,964758,,,false,3
,G?DH\k,6,968738,,,false,3
,G?DH\k,7,978306,,,false,3
,G?DH\k,8,963152,,,false,3
,G?DH\k,9,979423,,,false,3
,G?GSY[,0,865034,,,false,2
,G?GSY[,1,847297,,,false,2
,G?GSY[,2,846599,,,false,2
,G?GSY[,3,839616,,,false,2
,G?GSY[,4,842828,,,false,2
,G?GSY[,5,837799,,,false,2
,G?GSY[,6,838568,,,false,2
,G?GSY[,7,845691,,,false,2
,G?GSY[,8,843945,,,false,2
,G?GSY[,9,838079,,,false,2
,G?GTa[,0,926768,,,false,2
,G?GTa[,1,904561,,,false,2
,G?GTa[,2,907214,,,false,2
,G?GTa[,3,894155,,,false,2
,G?GTa[,4,905468,,,false,2
,G?GTa[,5,928025,,,false,2
,G?GTa[,6,954841,,,false,2
,G?GTa[,7,956029,,,false,2
,G?GTa[,8,954283,,,false,2
,G?GTa[,9,943738,,,false,2
,G?Gsy{,0,994088,,,false,3
,G?Gsy{,1,991295,,,false,3
,G?Gsy{,2,980261,,,false,3
,G?Gsy{,3,993809,,,false,3
,G?Gsy{,4,982216,,,false,3
,G?Gsy{,5,997021,,,false,3
,G?Gsy{,6,983544,,,false,3
,G?Gsy{,7,994158,,,false,3
,G?Gsy{,8,974534,,,false,3
,G?Gsy{,9,992691,,,false,3
,G?Mq~s,0,1134036,,,false,4
,G?Mq~s,1,1124538,,,false,4
,G?Mq~s,2,1114691,,,false,4
,G?Mq~s,3,1117136,,,false,4
,G?Mq~s,4,1108406,,,false,4
,G?Mq~s,5,1124538,,,false,4
,G?Mq~s,6,1117205,,,false,4
,G?Mq~s,7,1122234,,,false,4
,G?Mq~s,8,1113854,,,false,4
,G?Mq~s,9,1118533,,,false,4
,G?O_k[,0,841431,,,false,2
,G?O_k[,1,825160,,,false,2
,G?O_k[,2,830537,,,false,2
,G?O_k[,3,829908,,,false,2
,G?O_k[,4,824321,,,false,2
,G?O_k[,5,832422,,,false,2
,G?O_k[,6,813288,,,false,2
,G?O_k[,7,824741,,,false,2
,G?O_k[,8,834867,,,false,2
,G?O_k[,9,835844,,,false,2
,G?O_ls,0,892061,,,false,2
,G?O_ls,1,895762,,,false,2
,G?O_ls,2,893387,,,false,2
,G?O_ls,3,905050,,,false,2
,G?O_ls,4,882494,,,false,2
,G?O_ls,5,889128,,,false,2
,G?O_ls,6,891711,,,false,2
,G?O_ls,7,895831,,,false,2
,G?O_ls,8,897788,,,false,2
,G?O_ls,9,886824,,,false,2
,G?O_~k,0,991854,,,false,2
,G?O_~k,1,982147,,,false,2
,G?O_~k,2,979354,,,false,2
,G?O_~k,3,994648,,,false,2
,G?O_~k,4,981798,,,false,2
,G?O_~k,5,995136,,,false,2
,G?O_~k,6,985988,,,false,2
,G?O_~k,7,996253,,,false,2
,G?O_~k,8,979912,,,false,2
,G?O_~k,9,986128,,,false,2
,G?Og~{,0,1031310,,,false,3
,G?Og~{,1,1049118,,,false,3
,G?Og~{,2,1067066,,,false,3
,G?Og~{,3,1082429,,,false,3
,G?Og~{,4,1083058,,,false,3
,G?Og~{,5,1074048,,,false,3
,G?Og~{,6,1032008,,,false,3
,G?Og~{,7,1029145,,,false,3
,G?Og~{,8,1027958,,,false,3
,G?Og~{,9,1031939,,,false,3
,G?QXrK,0,994996,,,false,3
,G?QXrK,1,990108,,,false,3
,G?QXrK,2,976141,,,false,3
,G?QXrK,3,988292,,,false,3
,G?QXrK,4,983544,,,false,3
,G?QXrK,5,985849,,,false,3
,G?QXrK,6,973278,,,false,3
,G?QXrK,7,972509,,,false,3
,G?QXrK,8,965526,,,false,3
,G?QXrK,9,979423,,,false,3
,G?hZtg,0,1043671,,,false,3
,G?hZtg,1,1055682,,,false,3
,G?hZtg,2,1023768,,,false,3
,G?hZtg,3,1045695,,,false,3
,G?hZtg,4,1041017,,,false,3
,G?hZtg,5,1040877,,,false,3
,G?hZtg,6,1040249,,,false,3
,G?hZtg,7,1042205,,,false,3
,G?hZtg,8,1042344,,,false,3
,G?hZtg,9,1031938,,,false,3
,G@?]RW,0,925931,,,false,2
,G@?]RW,1,916782,,,false,2
,G@?]RW,2,905190,,,false,2
,G@?]RW,3,919506,,,false,2
,G@?]RW,4,910917,,,false,2
,G@?]RW,5,919087,,,false,2
,G@?]RW,6,909450,,,false,2
,G@?]RW,7,926908,,,false,2
,G@?]RW,8,895204,,,false,2
,G@?]RW,9,915805,,,false,2
,G@@GtC,0,837591,,,false,2
,G@@GtC,1,818595,,,false,2
,G@@GtC,2,836682,,,false,2
,G@@GtC,3,813568,,,false,2
,G@@GtC,4,839895,,,false,2
,G@@GtC,5,810424,,,false,2
,G@@GtC,6,834657,,,false,2
,G@@GtC,7,837799,,,false,2
,G@@GtC,8,821668,,,false,2
,G@@GtC,9,845901,,,false,2
,G@@GtK,0,898625,,,false,2
,G@@GtK,1,910636,,,false,2
,G@@GtK,2,875511,,,false,2
,G@@GtK,3,905329,,,false,2
,G@@GtK,4,897368,,,false,2
,G@@GtK,5,897717,,,false,2
,G@@GtK,6,908822,,,false,2
,G@@GtK,7,898207,,,false,2
,G@@GtK,8,916293,,,false,2
,G@@GtK,9,946322,,,false,2
,G@AAWw,0,885008,,,false,2
,G@AAWw,1,879141,,,false,2
,G@AAWw,2,863219,,,false,2
,G@AAWw,3,829280,,,false,2
,G@AAWw,4,835775,,,false,2
,G@AAWw,5,841781,,,false,2
,G@AAWw,6,841571,,,false,2
,G@AAWw,7,844155,,,false,2
,G@AAWw,8,844503,,,false,2
,G@AAWw,9,831026,,,false,2
,G@GR[w,0,970135,,,false,3
,G@GR[w,1,939828,,,false,3
,G@GR[w,2,934450,,,false,3
,G@GR[w,3,962663,,,false,3
,G@GR[w,4,956867,,,false,3
,G@GR[w,5,954911,,,false,3
,G@GR[w,6,956168,,,false,3
,G@GR[w,7,951978,,,false,3
,G@GR[w,8,954423,,,false,3
,G@GR[w,9,949045,,,false,3
,G@HSYs,0,984522,,,false,3
,G@HSYs,1,966364,,,false,3
,G@HSYs,2,975653,,,false,3
,G@HSYs,3,977119,,,false,3
,G@HSYs,4,979493,,,false,3
,G@HSYs,5,970694,,,false,3
,G@HSYs,6,980890,,,false,3
,G@HSYs,7,974605,,,false,3
,G@HSYs,8,979982,,,false,3
,G@HSYs,9,962802,,,false,3
,G@hZtk,0,1097862,,,false,4
,G@hZtk,1,1077470,,,false,4
,G@hZtk,2,1079426,,,false,4
,G@hZtk,3,1094929,,,false,4
,G@hZtk,4,1100027,,,false,4
,G@hZtk,5,1100167,,,false,4
,G@hZtk,6,1082778,,,false,4
,G@hZtk,7,1093323,,,false,4
,G@hZtk,8,1090041,,,false,4
,G@hZtk,9,1083407,,,false,4
,GAXttw,0,1100865,,,false,4
,GAXttw,1,1086199,,,false,4
,GAXttw,2,1086898,,,false,4
,GAXttw,3,1096605,,,false,4
,GAXttw,4,1100655,,,false,4
,GAXttw,5,1094859,,,false,4
,GAXttw,6,1104007,,,false,4
,GAXttw,7,1098700,,,false,4
,GAXttw,8,1091507,,,false,4
,GAXttw,9,1082638,,,false,4
,GB_g~K,0,1063713,,,false,3
,GB_g~K,1,1075096,,,false,3
,GB_g~K,2,1072512,,,false,3
,GB_g~K,3,1113854,,,false,3
,GB_g~K,4,1095767,,,false,3
,GB_g~K,5,1098490,,,false,3
,GB_g~K,6,1111131,,,false,3
,GB_g~K,7,1036967,,,false,3
,GB_g~K,8,1068183,,,false,3
,GB_g~K,9,1042134,,,false,3
,G_ClQk,0,1005053,,,false,3
,G_ClQk,1,964130,,,false,3
,G_ClQk,2,971951,,,false,3
,G_ClQk,3,971602,,,false,3
,G_ClQk,4,993670,,,false,3
,G_ClQk,5,963990,,,false,3
,G_ClQk,6,979982,,,false,3
,G_ClQk,7,968879,,,false,3
,G_ClQk,8,976979,,,false,3
,G_ClQk,9,969367,,,false,3
,G`_YPK,0,917969,,,false,2
,G`_YPK,1,894435,,,false,2
,G`_YPK,2,897299,,,false,2
,G`_YPK,3,900161,,,false,2
,G`_YPK,4,886264,,,false,2
,G`_YPK,5,889616,,,false,2
,G`_YPK,6,896530,,,false,2
,G`_YPK,7,902047,,,false,2
,G`_YPK,8,907843,,,false,2
,G`_YPK,9,895622,,,false,2
,G`iZY{,0,1123421,,,false,4
,G`iZY{,1,1116857,,,false,4
,G`iZY{,2,1111480,,,false,4
,G`iZY{,3,1119581,,,false,4
,G`iZY{,4,1127751,,,false,4
,G`iZY{,5,1109454,,,false,4
,G`iZY{,6,1116648,,,false,4
,G`iZY{,7,1115321,,,false,4
,G`iZY{,8,1107429,,,false,4
,G`iZY{,9,1106033,,,false,4
,G_urPk,0,1077610,,,false,3
,G_urPk,1,1075445,,,false,3
,G_urPk,2,1041925,,,false,3
,G_urPk,3,1075516,,,false,3
,G_urPk,4,1081800,,,false,3
,G_urPk,5,1058755,,,false,3
,G_urPk,6,1047372,,,false,3
,G_urPk,7,1060501,,,false,3
,G_urPk,8,1040738,,,false,3
,G_urPk,9,1048629,,,false,3
,G???Zc,0,775368,,,false,1
,G???Zc,1,779558,,,false,1
,G???Zc,2,763008,,,false,1
,G???Zc,3,772785,,,false,1
,G???Zc,4,768036,,,false,1
,G???Zc,5,771387,,,false,1
,G???Zc,6,771527,,,false,1
,G???Zc,7,775927,,,false,1
,G???Zc,8,812241,,,false,1
,G???Zc,9,800020,,,false,1
,GG?O\o,0,878792,,,false,2
,GG?O\o,1,862940,,,false,2
,GG?O\o,2,863429,,,false,2
,GG?O\o,3,826417,,,false,2
,GG?O\o,4,825719,,,false,2
,GG?O\o,5,840035,,,false,2
,GG?O\o,6,828582,,,false,2
,GG?O\o,7,862242,,,false,2
,GG?O\o,8,823204,,,false,2
,GG?O\o,9,831934,,,false,2
,G?H?|_,0,839965,,,false,2
,G?H?|_,1,828791,,,false,2
,G?H?|_,2,854770,,,false,2
,G?H?|_,3,838010,,,false,2
,G?H?|_,4,838219,,,false,2
,G?H?|_,5,842059,,,false,2
,G?H?|_,6,822646,,,false,2
,G?H?|_,7,832632,,,false,2
,G?H?|_,8,844853,,,false,2
,G?H?|_,9,846180,,,false,2
,GR~~vk,0,1238508,,,false,5
,GR~~vk,1,1240114,,,false,5
,GR~~vk,2,1230826,,,false,5
,GR~~vk,3,1250240,,,false,5
,GR~~vk,4,1242209,,,false,5
,GR~~vk,5,1261623,,,false,5
,GR~~vk,6,1233759,,,false,5
,GR~~vk,7,1261483,,,false,5
,GR~~vk,8,1234248,,,false,5
,GR~~vk,9,1253103,,,false,5
,G?GXeC,0,821319,,,false,2
,G?GXeC,1,822087,,,false,2
,G?GXeC,2,829490,,,false,2
,G?GXeC,3,830957,,,false,2
,G?GXeC,4,830956,,,false,2
,G?GXeC,5,831166,,,false,2
,G?GXeC,6,815942,,,false,2
,G?GXeC,7,819923,,,false,2
,G?GXeC,8,844783,,,false,2
,G?GXeC,9,817757,,,false,2
,G?GTaW,0,849113,,,false,2
,G?GTaW,1,826138,,,false,2
,G?GTaW,2,834727,,,false,2
,G?GTaW,3,830956,,,false,2
,G?GTaW,4,821807,,,false,2
,G?GTaW,5,859797,,,false,2
,G?GTaW,6,822576,,,false,2
,G?GTaW,7,858121,,,false,2
,G?GTaW,8,837520,,,false,2
,G?GTaW,9,812450,,,false,2
,GN~~~{,0,1292071,,,false,6
,GN~~~{,1,1269654,,,false,6
,GN~~~{,2,1277965,,,false,6
,GN~~~{,3,1296051,,,false,6
,GN~~~{,4,1282504,,,false,6
,GN~~~{,5,1341862,,,false,6
,GN~~~{,6,1346891,,,false,6
,GN~~~{,7,1320772,,,false,6
,GN~~~{,8,1279221,,,false,6
,GN~~~{,9,1302336,,,false,6
,G?G^eW,0,963641,,,false,3
,G?G^eW,1,946811,,,false,3
,G?G^eW,2,938221,,,false,3
,G?G^eW,3,961336,,,false,3
,G?G^eW,4,963990,,,false,3
,G?G^eW,5,967761,,,false,3
,G?G^eW,6,962873,,,false,3
,G?G^eW,7,960987,,,false,3
,G?G^eW,8,963781,,,false,3
,G?G^eW,9,954633,,,false,3
,G?G^e[,0,1000374,,,false,3
,G?G^e[,1,996812,,,false,3
,G?G^e[,2,988013,,,false,3
,G?G^e[,3,1009662,,,false,3
,G?G^e[,4,1002748,,,false,3
,G?G^e[,5,1007846,,,false,3
,G?G^e[,6,1002469,,,false,3
,G?G^e[,7,1002049,,,false,3
,G?G^e[,8,1005960,,,false,3
,G?G^e[,9,991714,,,false,3
,G?G]^w,0,1051842,,,false,3
,G?G]^w,1,1039830,,,false,3
,G?G]^w,2,1023210,,,false,3
,G?G]^w,3,1037037,,,false,3
,G?G]^w,4,1042973,,,false,3
,G?G]^w,5,1042623,,,false,3
,G?G]^w,6,1038852,,,false,3
,G?G]^w,7,1041925,,,false,3
,G?G]^w,8,1037456,,,false,3
,G?G]^w,9,1039620,,,false,3
,G?G]^{,0,1068183,,,false,3
,G?G]^{,1,1067414,,,false,3
,G?G]^{,2,1056590,,,false,3
,G?G]^{,3,1081381,,,false,3
,G?G]^{,4,1070348,,,false,3
,G?G]^{,5,1077611,,,false,3
,G?G]^{,6,1094160,,,false,3
,G?G]^{,7,1075445,,,false,3
,G?G]^{,8,1070975,,,false,3
,G?G]^{,9,1057498,,,false,3
,GQ`@Gs,0,879212,,,false,2
,GQ`@Gs,1,862172,,,false,2
,GQ`@Gs,2,852465,,,false,2
,GQ`@Gs,3,869155,,,false,2
,GQ`@Gs,4,874882,,,false,2
,GQ`@Gs,5,885427,,,false,2
,GQ`@Gs,6,863848,,,false,2
,GQ`@Gs,7,895622,,,false,2
,GQ`@Gs,8,910986,,,false,2
,GQ`@Gs,9,904421,,,false,2
,G`?CzW,0,972580,,,false,2
,G`?CzW,1,968809,,,false,2
,G`?CzW,2,943249,,,false,2
,G`?CzW,3,918039,,,false,2
,G`?CzW,4,931937,,,false,2
,G`?CzW,5,920763,,,false,2
,G`?CzW,6,948487,,,false,2
,G`?CzW,7,920274,,,false,2
,G`?CzW,8,957775,,,false,2
,G`?CzW,9,903025,,,false,2
,G??CzW,0,877186,,,false,2
,G??CzW,1,863220,,,false,2
,G??CzW,2,852116,,,false,2
,G??CzW,3,868178,,,false,2
,G??CzW,4,862870,,,false,2
,G??CzW,5,848904,,,false,2
,G??CzW,6,863428,,,false,2
,G??CzW,7,855747,,,false,2
,G??CzW,8,870622,,,false,2
,G??CzW,9,857633,,,false,2
,Grqz~{,0,1277894,,,false,5
,Grqz~{,1,1257014,,,false,5
,Grqz~{,2,1265045,,,false,5
,Grqz~{,3,1262461,,,false,5
,Grqz~{,4,1270282,,,false,5
,Grqz~{,5,1271819,,,false,5
,Grqz~{,6,1270423,,,false,5
,Grqz~{,7,1268048,,,false,5
,Grqz~{,8,1263368,,,false,5
,Grqz~{,9,1265743,,,false,5
,GqG?g[,0,857493,,,false,2
,GqG?g[,1,841850,,,false,2
,GqG?g[,2,856236,,,false,2
,GqG?g[,3,850370,,,false,2
,GqG?g[,4,859100,,,false,2
,GqG?g[,5,850719,,,false,2
,GqG?g[,6,856236,,,false,2
,GqG?g[,7,853233,,,false,2
,GqG?g[,8,832842,,,false,2
,GqG?g[,9,852744,,,false,2
,G``?pK,0,867479,,,false,2
,G``?pK,1,860077,,,false,2
,G``?pK,2,850929,,,false,2
,G``?pK,3,863359,,,false,2
,G``?pK,4,863569,,,false,2
,G``?pK,5,858122,,,false,2
,G``?pK,6,851976,,,false,2
,G``?pK,7,856166,,,false,2
,G``?pK,8,872158,,,false,2
,G``?pK,9,856445,,,false,2
,GHDk}{,0,1148841,,,false,4
,GHDk}{,1,1136480,,,false,4
,GHDk}{,2,1124748,,,false,4
,GHDk}{,3,1154219,,,false,4
,GHDk}{,4,1193185,,,false,4
,GHDk}{,5,1182361,,,false,4
,GHDk}{,6,1198493,,,false,4
,GHDk}{,7,1163087,,,false,4
,GHDk}{,8,1130894,,,false,4
,GHDk}{,9,1134665,,,false,4
,GDHG}{,0,1074747,,,false,3
,GDHG}{,1,1062735,,,false,3
,GDHG}{,2,1066716,,,false,3
,GDHG}{,3,1071675,,,false,3
,GDHG}{,4,1075166,,,false,3
,GDHG}{,5,1069370,,,false,3
,GDHG}{,6,1066856,,,false,3
,GDHG}{,7,1071046,,,false,3
,GDHG}{,8,1068462,,,false,3
,GDHG}{,9,1063992,,,false,3
,GQh\z{,0,1185574,,,false,3
,GQh\z{,1,1168743,,,false,3
,GQh\z{,2,1170908,,,false,3
,GQh\z{,3,1183828,,,false,3
,GQh\z{,4,1194652,,,false,3
,GQh\z{,5,1190462,,,false,3
,GQh\z{,6,1196119,,,false,3
,GQh\z{,7,1194513,,,false,3
,GQh\z{,8,1200937,,,false,3
,GQh\z{,9,1193046,,,false,3
,GTlrY{,0,1183479,,,false,4
,GTlrY{,1,1166719,,,false,4
,GTlrY{,2,1166370,,,false,4
,GTlrY{,3,1177613,,,false,4
,GTlrY{,4,1176286,,,false,4
,GTlrY{,5,1188018,,,false,4
,GTlrY{,6,1176495,,,false,4
,GTlrY{,7,1172933,,,false,4
,GTlrY{,8,1179638,,,false,4
,GTlrY{,9,1173771,,,false,4
,G@hV~{,0,1218954,,,false,3
,G@hV~{,1,1192208,,,false,3
,G@hV~{,2,1188786,,,false,3
,G@hV~{,3,1197376,,,false,3
,G@hV~{,4,1197794,,,false,3
,G@hV~{,5,1197166,,,false,3
,G@hV~{,6,1198284,,,false,3
,G@hV~{,7,1199540,,,false,3
,G@hV~{,8,1199889,,,false,3
,G@hV~{,9,1199261,,,false,3
,G@qz}{,0,1226497,,,false,3
,G@qz}{,1,1210645,,,false,3
,G@qz}{,2,1213787,,,false,3
,G@qz}{,3,1236483,,,false,3
,G@qz}{,4,1232013,,,false,3
,G@qz}{,5,1233061,,,false,3
,G@qz}{,6,1229500,,,false,3
,G@qz}{,7,1221050,,,false,3
,G@qz}{,8,1236063,,,false,3
,G@qz}{,9,1213507,,,false,3
,GDlr]{,0,1226217,,,false,4
,GDlr]{,1,1207991,,,false,4
,GDlr]{,2,1206315,,,false,4
,GDlr]{,3,1217348,,,false,4
,GDlr]{,4,1219722,,,false,4
,GDlr]{,5,1221189,,,false,4
,GDlr]{,6,1224402,,,false,4
,GDlr]{,7,1208200,,,false,4
,GDlr]{,8,1204848,,,false,4
,GDlr]{,9,1205406,,,false,4
,GKXu|{,0,1218326,,,false,4
,GKXu|{,1,1211273,,,false,4
,GKXu|{,2,1207990,,,false,4
,GKXu|{,3,1210714,,,false,4
,GKXu|{,4,1211552,,,false,4
,GKXu|{,5,1233899,,,false,4
,GKXu|{,6,1233690,,,false,4
,GKXu|{,7,1260924,,,false,4
,GKXu|{,8,1216859,,,false,4
,GKXu|{,9,1243816,,,false,4
,G@KuUK,0,1025583,,,false,3
,G@KuUK,1,985988,,,false,3
,G@KuUK,2,988013,,,false,3
,G@KuUK,3,991994,,,false,3
,G@KuUK,4,1009941,,,false,3
,G@KuUK,5,997929,,,false,3
,G@KuUK,6,1001002,,,false,3
,G@KuUK,7,1003236,,,false,3
,G@KuUK,8,996463,,,false,3
,G@KuUK,9,994019,,,false,3
,G???^c,0,874183,,,false,1
,G???^c,1,852814,,,false,1
,G???^c,2,851907,,,false,1
,G???^c,3,871739,,,false,1
,G???^c,4,869574,,,false,1
,G???^c,5,871600,,,false,1
,G???^c,6,869714,,,false,1
,G???^c,7,861963,,,false,1
,G???^c,8,858261,,,false,1
,G???^c,9,852605,,,false,1
,G??OVK,0,846249,,,false,1
,G??OVK,1,857213,,,false,1
,G??OVK,2,851348,,,false,1
,G??OVK,3,855049,,,false,1
,G??OVK,4,890594,,,false,1
,G??OVK,5,867130,,,false,1
,G??OVK,6,885915,,,false,1
,G??OVK,7,869923,,,false,1
,G??OVK,8,846319,,,false,1
,G??OVK,9,857632,,,false,1
,G??O^C,0,860007,,,false,1
,G??O^C,1,852116,,,false,1
,G??O^C,2,851138,,,false,1
,G??O^C,3,872228,,,false,1
,G??O^C,4,851977,,,false,1
,G??O^C,5,841292,,,false,1
,G??O^C,6,851906,,,false,1
,G??O^C,7,850998,,,false,1
,G??O^C,8,848414,,,false,1
,G??O^C,9,842479,,,false,1
,G?GU?[,0,838009,,,false,1
,G?GU?[,1,824671,,,false,1
,G?GU?[,2,810843,,,false,1
,G?GU?[,3,820481,,,false,1
,G?GU?[,4,828931,,,false,1
,G?GU?[,5,838638,,,false,1
,G?GU?[,6,828372,,,false,1
,G?GU?[,7,823344,,,false,1
,G?GU?[,8,814614,,,false,1
,G?GU?[,9,821459,,,false,1
,G?CBKW,0,836404,,,false,1
,G?CBKW,1,821948,,,false,1
,G?CBKW,2,826766,,,false,1
,G?CBKW,3,832423,,,false,1
,G?CBKW,4,816570,,,false,1
,G?CBKW,5,825229,,,false,1
,G?CBKW,6,829559,,,false,1
,G?CBKW,7,830537,,,false,1
,G?CBKW,8,829978,,,false,1
,G?CBKW,9,824950,,,false,1
,G?G\z{,0,1086130,,,false,3
,G?G\z{,1,1069161,,,false,3
,G?G\z{,2,1064831,,,false,3
,G?G\z{,3,1077750,,,false,3
,G?G\z{,4,1077960,,,false,3
,G?G\z{,5,1073490,,,false,3
,G?G\z{,6,1077680,,,false,3
,G?G\z{,7,1074747,,,false,3
,G?G\z{,8,1076423,,,false,3
,G?G\z{,9,1069859,,,false,3
,G?rHx{,0,1090181,,,false,3
,G?rHx{,1,1075306,,,false,3
,G?rHx{,2,1072861,,,false,3
,G?rHx{,3,1079985,,,false,3
,G?rHx{,4,1081451,,,false,3
,G?rHx{,5,1078099,,,false,3
,G?rHx{,6,1080962,,,false,3
,G?rHx{,7,1079147,,,false,3
,G?rHx{,8,1079914,,,false,3
,G?rHx{,9,1074538,,,false,3
,G@dcz[,0,1129916,,,false,3
,G@dcz[,1,1104217,,,false,3
,G@dcz[,2,1104426,,,false,3
,G@dcz[,3,1119720,,,false,3
,G@dcz[,4,1124888,,,false,3
,G@dcz[,5,1117695,,,false,3
,G@dcz[,6,1115111,,,false,3
,G@dcz[,7,1115320,,,false,3
,G@dcz[,8,1118114,,,false,3
,G@dcz[,9,1106801,,,false,3
,G_G\zw,0,1104007,,,false,3
,G_G\zw,1,1085920,,,false,3
,G_G\zw,2,1088295,,,false,3
,G_G\zw,3,1097582,,,false,3
,G_G\zw,4,1093253,,,false,3
,G_G\zw,5,1092066,,,false,3
,G_G\zw,6,1091717,,,false,3
,G_G\zw,7,1097723,,,false,3
,G_G\zw,8,1091926,,,false,3
,G_G\zw,9,1075795,,,false,3
,G`iiqk,0,1107360,,,false,4
,G`iiqk,1,1115600,,,false,4
,G`iiqk,2,1076423,,,false,4
,G`iiqk,3,1089901,,,false,4
,G`iiqk,4,1089482,,,false,4
,G`iiqk,5,1087805,,,false,4
,G`iiqk,6,1143533,,,false,4
,G`iiqk,7,1088993,,,false,4
,G`iiqk,8,1098700,,,false,4
,G`iiqk,9,1072862,,,false,4
,G`qihs,0,1090250,,,false,3
,G`qihs,1,1080962,,,false,3
,G`qihs,2,1080474,,,false,3
,G`qihs,3,1119581,,,false,3
,G`qihs,4,1091088,,,false,3
,G`qihs,5,1091786,,,false,3
,G`qihs,6,1090180,,,false,3
,G`qihs,7,1087108,,,false,3
,G`qihs,8,1092764,,,false,3
,G`qihs,9,1079286,,,false,3
,G`r@xw,0,1057288,,,false,3
,G`r@xw,1,1047861,,,false,3
,G`r@xw,2,1048350,,,false,3
,G`r@xw,3,1061059,,,false,3
,G`r@xw,4,1056381,,,false,3
,G`r@xw,5,1056102,,,false,3
,G`r@xw,6,1056590,,,false,3
,G`r@xw,7,1059453,,,false,3
,G`r@xw,8,1067414,,,false,3
,G`r@xw,9,1041087,,,false,3
,G@IQV{,0,1073141,,,false,2
,G@IQV{,1,1061339,,,false,2
,G@IQV{,2,1064202,,,false,2
,G@IQV{,3,1074607,,,false,2
,G@IQV{,4,1076982,,,false,2
,G@IQV{,5,1075864,,,false,2
,G@IQV{,6,1073769,,,false,2
,G@IQV{,7,1075096,,,false,2
,G@IQV{,8,1069998,,,false,2
,G@IQV{,9,1064482,,,false,2
,GQG\Yw,0,1055193,,,false,2
,GQG\Yw,1,1029843,,,false,2
,GQG\Yw,2,1030123,,,false,2
,GQG\Yw,3,1032987,,,false,2
,GQG\Yw,4,1027748,,,false,2
,GQG\Yw,5,1023698,,,false,2
,GQG\Yw,6,1027050,,,false,2
,GQG\Yw,7,1024187,,,false,2
,GQG\Yw,8,1027539,,,false,2
,GQG\Yw,9,1026072,,,false,2
,GGEJd{,0,1073420,,,false,2
,GGEJd{,1,1053168,,,false,2
,GGEJd{,2,1048978,,,false,2
,GGEJd{,3,1065319,,,false,2
,GGEJd{,4,1066228,,,false,2
,GGEJd{,5,1066018,,,false,2
,GGEJd{,6,1063713,,,false,2
,GGEJd{,7,1065389,,,false,2
,GGEJd{,8,1072163,,,false,2
,GGEJd{,9,1053238,,,false,2
,GPOY\k,0,1047441,,,false,2
,GPOY\k,1,1030333,,,false,2
,GPOY\k,2,1029425,,,false,2
,GPOY\k,3,1028936,,,false,2
,GPOY\k,4,1033266,,,false,2
,GPOY\k,5,1034872,,,false,2
,GPOY\k,6,1032847,,,false,2
,GPOY\k,7,1040528,,,false,2
,GPOY\k,8,1030961,,,false,2
,GPOY\k,9,1028936,,,false,2
,GCQrP{,0,1061967,,,false,2
,GCQrP{,1,1042064,,,false,2
,GCQrP{,2,1038713,,,false,2
,GCQrP{,3,1049956,,,false,2
,GCQrP{,4,1047162,,,false,2
,GCQrP{,5,1048559,,,false,2
,GCQrP{,6,1039132,,,false,2
,GCQrP{,7,1050864,,,false,2
,GCQrP{,8,1040878,,,false,2
,GCQrP{,9,1040877,,,false,2
,G?hSz[,0,1062387,,,false,2
,G?hSz[,1,1048210,,,false,2
,G?hSz[,2,1062037,,,false,2
,G?hSz[,3,1086339,,,false,2
,G?hSz[,4,1083336,,,false,2
,G?hSz[,5,1086619,,,false,2
,G?hSz[,6,1083756,,,false,2
,G?hSz[,7,1083127,,,false,2
,G?hSz[,8,1081242,,,false,2
,G?hSz[,9,1071185,,,false,2
,G@QP}[,0,1080962,,,false,2
,G@QP}[,1,1070348,,,false,2
,G@QP}[,2,1059453,,,false,2
,G@QP}[,3,1075375,,,false,2
,G@QP}[,4,1078727,,,false,2
,G@QP}[,5,1101075,,,false,2
,G@QP}[,6,1097582,,,false,2
,G@QP}[,7,1078658,,,false,2
,G@QP}[,8,1109594,,,false,2
,G@QP}[,9,1061269,,,false,2
,GCO\j[,0,1063713,,,false,2
,GCO\j[,1,1053238,,,false,2
,GCO\j[,2,1052261,,,false,2
,GCO\j[,3,1065040,,,false,2
,GCO\j[,4,1072373,,,false,2
,GCO\j[,5,1063364,,,false,2
,GCO\j[,6,1063643,,,false,2
,GCO\j[,7,1058056,,,false,2
,GCO\j[,8,1061828,,,false,2
,GCO\j[,9,1066018,,,false,2
,GCOp]{,0,1080125,,,false,2
,GCOp]{,1,1067554,,,false,2
,GCOp]{,2,1060570,,,false,2
,GCOp]{,3,1070836,,,false,2
,GCOp]{,4,1076912,,,false,2
,GCOp]{,5,1076841,,,false,2
,GCOp]{,6,1075096,,,false,2
,GCOp]{,7,1075515,,,false,2
,GCOp]{,8,1076074,,,false,2
,GCOp]{,9,1065250,,,false,2
,G?U`m{,0,1080752,,,false,2
,G?U`m{,1,1071744,,,false,2
,G?U`m{,2,1071186,,,false,2
,G?U`m{,3,1085921,,,false,2
,G?U`m{,4,1087387,,,false,2
,G?U`m{,5,1081451,,,false,2
,G?U`m{,6,1080892,,,false,2
,G?U`m{,7,1076493,,,false,2
,G?U`m{,8,1084244,,,false,2
,G?U`m{,9,1073630,,,false,2
,GAhP[{,0,1059523,,,false,2
,GAhP[{,1,1051283,,,false,2
,GAhP[{,2,1050724,,,false,2
,GAhP[{,3,1059453,,,false,2
,GAhP[{,4,1069509,,,false,2
,GAhP[{,5,1070278,,,false,2
,GAhP[{,6,1067973,,,false,2
,GAhP[{,7,1059873,,,false,2
,GAhP[{,8,1063224,,,false,2
,GAhP[{,9,1057987,,,false,2
,G}_xq[,0,1158757,,,false,4
,G}_xq[,1,1137248,,,false,4
,G}_xq[,2,1130684,,,false,4
,G}_xq[,3,1154148,,,false,4
,G}_xq[,4,1163087,,,false,4
,G}_xq[,5,1148003,,,false,4
,G}_xq[,6,1154009,,,false,4
,G}_xq[,7,1152053,,,false,4
,G}_xq[,8,1148771,,,false,4
,G}_xq[,9,1135154,,,false,4
,G}h_w{,0,1110362,,,false,4
,G}h_w{,1,1102402,,,false,4
,G}h_w{,2,1108965,,,false,4
,G}h_w{,3,1116159,,,false,4
,G}h_w{,4,1118114,,,false,4
,G}h_w{,5,1117974,,,false,4
,G}h_w{,6,1120768,,,false,4
,G}h_w{,7,1119022,,,false,4
,G}h_w{,8,1130055,,,false,4
,G}h_w{,9,1105055,,,false,4
,G?Fn~{,0,1204289,,,false,3
,G?Fn~{,1,1188157,,,false,3
,G?Fn~{,2,1186622,,,false,3
,G?Fn~{,3,1198214,,,false,3
,G?Fn~{,4,1201077,,,false,3
,G?Fn~{,5,1194582,,,false,3
,G?Fn~{,6,1192627,,,false,3
,G?Fn~{,7,1198074,,,false,3
,G?Fn~{,8,1189833,,,false,3
,G?Fn~{,9,1179638,,,false,3
,G?NV~{,0,1213856,,,false,3
,G?NV~{,1,1200798,,,false,3
,G?NV~{,2,1200309,,,false,3
,G?NV~{,3,1215532,,,false,3
,G?NV~{,4,1209387,,,false,3
,G?NV~{,5,1209876,,,false,3
,G?NV~{,6,1199191,,,false,3
,G?NV~{,7,1209457,,,false,3
,G?NV~{,8,1217418,,,false,3
,G?NV~{,9,1207013,,,false,3
,G?dn~{,0,1227055,,,false,3
,G?dn~{,1,1200728,,,false,3
,G?dn~{,2,1206035,,,false,3
,G?dn~{,3,1206384,,,false,3
,G?dn~{,4,1210295,,,false,3
,G?dn~{,5,1227613,,,false,3
,G?dn~{,6,1240742,,,false,3
,G?dn~{,7,1215323,,,false,3
,G?dn~{,8,1243676,,,false,3
,G?dn~{,9,1214206,,,false,3
,GAI^~{,0,1244514,,,false,3
,GAI^~{,1,1221259,,,false,3
,GAI^~{,2,1206942,,,false,3
,GAI^~{,3,1228382,,,false,3
,GAI^~{,4,1212949,,,false,3
,GAI^~{,5,1225798,,,false,3
,GAI^~{,6,1217138,,,false,3
,GAI^~{,7,1213088,,,false,3
,GAI^~{,8,1213089,,,false,3
,GAI^~{,9,1215043,,,false,3
,G??F~w,0,1046115,,,false,2
,G??F~w,1,1036059,,,false,2
,G??F~w,2,1034732,,,false,2
,G??F~w,3,1041995,,,false,2
,G??F~w,4,1039481,,,false,2
,G??F~w,5,1034872,,,false,2
,G??F~w,6,1039062,,,false,2
,G??F~w,7,1040040,,,false,2
,G??F~w,8,1039900,,,false,2
,G??F~w,9,1031240,,,false,2
,G?CV^W,0,1061827,,,false,3
,G?CV^W,1,1045976,,,false,3
,G?CV^W,2,1053727,,,false,3
,G?CV^W,3,1054286,,,false,3
,G?CV^W,4,1059733,,,false,3
,G?CV^W,5,1062037,,,false,3
,G?CV^W,6,1051772,,,false,3
,G?CV^W,7,1050305,,,false,3
,G?CV^W,8,1056380,,,false,3
,G?CV^W,9,1044579,,,false,3
,G?AZvo,0,1067485,,,false,3
,G?AZvo,1,1058545,,,false,3
,G?AZvo,2,1058475,,,false,3
,G?AZvo,3,1053028,,,false,3
,G?AZvo,4,1051352,,,false,3
,G?AZvo,5,1059593,,,false,3
,G?AZvo,6,1061060,,,false,3
,G?AZvo,7,1063225,,,false,3
,G?AZvo,8,1060431,,,false,3
,G?AZvo,9,1063364,,,false,3
,G?r@xw,0,1049327,,,false,3
,G?r@xw,1,1037176,,,false,3
,G?r@xw,2,1037037,,,false,3
,G?r@xw,3,1042693,,,false,3
,G?r@xw,4,1044229,,,false,3
,G?r@xw,5,1044230,,,false,3
,G?r@xw,6,1047093,,,false,3
,G?r@xw,7,1040459,,,false,3
,G?r@xw,8,1043811,,,false,3
,G?r@xw,9,1031031,,,false,3
,GAHc{w,0,1075655,,,false,3
,GAHc{w,1,1067205,,,false,3
,GAHc{w,2,1063364,,,false,3
,GAHc{w,3,1074049,,,false,3
,GAHc{w,4,1076004,,,false,3
,GAHc{w,5,1071953,,,false,3
,GAHc{w,6,1064970,,,false,3
,GAHc{w,7,1067764,,,false,3
,GAHc{w,8,1068183,,,false,3
,GAHc{w,9,1055124,,,false,3
,G?B\ro,0,1059662,,,false,3
,G?B\ro,1,1045976,,,false,3
,G?B\ro,2,1044578,,,false,3
,G?B\ro,3,1050584,,,false,3
,G?B\ro,4,1050794,,,false,3
,G?B\ro,5,1050864,,,false,3
,G?B\ro,6,1044230,,,false,3
,G?B\ro,7,1053308,,,false,3
,G?B\ro,8,1051841,,,false,3
,G?B\ro,9,1043321,,,false,3
,G@hQtK,0,1055682,,,false,3
,G@hQtK,1,1032846,,,false,3
,G@hQtK,2,1027470,,,false,3
,G@hQtK,3,1042274,,,false,3
,G@hQtK,4,1048699,,,false,3
,G@hQtK,5,1046534,,,false,3
,G@hQtK,6,1039411,,,false,3
,G@hQtK,7,1047581,,,false,3
,G@hQtK,8,1042414,,,false,3
,G@hQtK,9,1032777,,,false,3
,G?D@\g,0,958334,,,false,2
,G?D@\g,1,949535,,,false,2
,G?D@\g,2,948068,,,false,2
,G?D@\g,3,949674,,,false,2
,G?D@\g,4,951560,,,false,2
,G?D@\g,5,953585,,,false,2
,G?D@\g,6,949744,,,false,2
,G?D@\g,7,951629,,,false,2
,G?D@\g,8,950232,,,false,2
,G?D@\g,9,945414,,,false,2
,GdW}z{,0,1277196,,,false,4
,GdW}z{,1,1262461,,,false,4
,GdW}z{,2,1254151,,,false,4
,GdW}z{,3,1275241,,,false,4
,GdW}z{,4,1266581,,,false,4
,GdW}z{,5,1267489,,,false,4
,GdW}z{,6,1281316,,,false,4
,GdW}z{,7,1266721,,,false,4
,GdW}z{,8,1266720,,,false,4
,GdW}z{,9,1259458,,,false,4
,G?CrUW,0,1009312,,,false,3
,G?CrUW,1,994158,,,false,3
,G?CrUW,2,990807,,,false,3
,G?CrUW,3,999605,,,false,3
,G?CrUW,4,997440,,,false,3
,G?CrUW,5,997021,,,false,3
,G?CrUW,6,987454,,,false,3
,G?CrUW,7,994578,,,false,3
,G?CrUW,8,993320,,,false,3
,G?CrUW,9,973417,,,false,3
,GhqXz{,0,1242698,,,false,4
,GhqXz{,1,1217698,,,false,4
,GhqXz{,2,1212739,,,false,4
,GhqXz{,3,1232851,,,false,4
,GhqXz{,4,1241511,,,false,4
,GhqXz{,5,1228871,,,false,4
,GhqXz{,6,1233130,,,false,4
,GhqXz{,7,1236552,,,false,4
,GhqXz{,8,1237041,,,false,4
,GhqXz{,9,1219234,,,false,4
,G??O^O,0,836054,,,false,1
,G??O^O,1,825230,,,false,1
,G??O^O,2,812520,,,false,1
,G??O^O,3,817758,,,false,1
,G??O^O,4,823833,,,false,1
,G??O^O,5,828861,,,false,1
,G??O^O,6,827883,,,false,1
,G??O^O,7,827673,,,false,1
,G??O^O,8,814196,,,false,1
,G??O^O,9,819922,,,false,1
,G??PUW,0,848973,,,false,1
,G??PUW,1,835984,,,false,1
,G??PUW,2,834238,,,false,1
,G??PUW,3,837590,,,false,1
,G??PUW,4,829001,,,false,1
,G??PUW,5,822437,,,false,1
,G??PUW,6,837730,,,false,1
,G??PUW,7,834727,,,false,1
,G??PUW,8,838079,,,false,1
,G??PUW,9,836193,,,false,1
,G?ClQk,0,999466,,,false,3
,G?ClQk,1,982286,,,false,3
,G?ClQk,2,988501,,,false,3
,G?ClQk,3,1001491,,,false,3
,G?ClQk,4,1001840,,,false,3
,G?ClQk,5,997091,,,false,3
,G?ClQk,6,995346,,,false,3
,G?ClQk,7,997999,,,false,3
,G?ClQk,8,992412,,,false,3
,G?ClQk,9,987315,,,false,3
,G?G\Qk,0,984242,,,false,2
,G?G\Qk,1,972650,,,false,2
,G?G\Qk,2,969367,,,false,2
,G?G\Qk,3,978794,,,false,2
,G?G\Qk,4,979423,,,false,2
,G?G\Qk,5,981797,,,false,2
,G?G\Qk,6,981518,,,false,2
,G?G\Qk,7,978655,,,false,2
,G?G\Qk,8,975024,,,false,2
,G?G\Qk,9,966434,,,false,2
,G_Jqps,0,1066786,,,false,3
,G_Jqps,1,1050095,,,false,3
,G_Jqps,2,1047232,,,false,3
,G_Jqps,3,1058755,,,false,3
,G_Jqps,4,1056590,,,false,3
,G_Jqps,5,1054634,,,false,3
,G_Jqps,6,1057567,,,false,3
,G_Jqps,7,1058964,,,false,3
,G_Jqps,8,1058545,,,false,3
,G_Jqps,9,1047651,,,false,3
,G}lz~{,0,1338301,,,false,6
,G}lz~{,1,1315326,,,false,6
,G}lz~{,2,1313300,,,false,6
,G}lz~{,3,1336206,,,false,6
,G}lz~{,4,1319376,,,false,6
,G}lz~{,5,1321471,,,false,6
,G}lz~{,6,1328384,,,false,6
,G}lz~{,7,1313439,,,false,6
,G}lz~{,8,1311345,,,false,6
,G}lz~{,9,1317979,,,false,6
,G`N~~{,0,1267489,,,false,5
,G`N~~{,1,1260506,,,false,5
,G`N~~{,2,1269025,,,false,5
,G`N~~{,3,1268327,,,false,5
,G`N~~{,4,1268397,,,false,5
,G`N~~{,5,1272168,,,false,5
,G`N~~{,6,1278872,,,false,5
,G`N~~{,7,1257852,,,false,5
,G`N~~{,8,1265255,,,false,5
,G`N~~{,9,1263369,,,false,5
,GwCW~{,0,1105753,,,false,4
,GwCW~{,1,1092764,,,false,4
,GwCW~{,2,1092345,,,false,4
,GwCW~{,3,1095628,,,false,4
,GwCW~{,4,1096675,,,false,4
,GwCW~{,5,1095558,,,false,4
,GwCW~{,6,1096466,,,false,4
,GwCW~{,7,1096116,,,false,4
,GwCW~{,8,1096047,,,false,4
,GwCW~{,9,1083337,,,false,4
,G@?MFw,0,952258,,,false,2
,G@?MFw,1,943878,,,false,2
,G@?MFw,2,945205,,,false,2
,G@?MFw,3,940665,,,false,2
,G@?MFw,4,951630,,,false,2
,G@?MFw,5,948557,,,false,2
,G@?MFw,6,956239,,,false,2
,G@?MFw,7,956309,,,false,2
,G@?MFw,8,955470,,,false,2
,G@?MFw,9,946881,,,false,2
,G?SsZ[,0,1056590,,,false,3
,G?SsZ[,1,1038922,,,false,3
,G?SsZ[,2,1038852,,,false,3
,G?SsZ[,3,1041716,,,false,3
,G?SsZ[,4,1041786,,,false,3
,G?SsZ[,5,1040249,,,false,3
,G?SsZ[,6,1047930,,,false,3
,G?SsZ[,7,1045067,,,false,3
,G?SsZ[,8,1047442,,,false,3
,G?SsZ[,9,1037456,,,false,3
,G@CJK{,0,1036198,,,false,3
,G@CJK{,1,1018251,,,false,3
,G@CJK{,2,1014341,,,false,3
,G@CJK{,3,1020207,,,false,3
,G@CJK{,4,1017343,,,false,3
,G@CJK{,5,1018950,,,false,3
,G@CJK{,6,1019369,,,false,3
,G@CJK{,7,1015667,,,false,3
,G@CJK{,8,1013083,,,false,3
,G@CJK{,9,1011197,,,false,3
,G?_OzK,0,927327,,,false,2
,G?_OzK,1,918598,,,false,2
,G?_OzK,2,916573,,,false,2
,G?_OzK,3,922230,,,false,2
,G?_OzK,4,921321,,,false,2
,G?_OzK,5,916782,,,false,2
,G?_OzK,6,919366,,,false,2
,G?_OzK,7,912662,,,false,2
,G?_OzK,8,906796,,,false,2
,G?_OzK,9,901908,,,false,2
,G?D@K{,0,915595,,,false,2
,G?D@K{,1,910567,,,false,2
,G?D@K{,2,901139,,,false,2
,G?D@K{,3,919575,,,false,2
,G?D@K{,4,921880,,,false,2
,G?D@K{,5,922509,,,false,2
,G?D@K{,6,923417,,,false,2
,G?D@K{,7,921112,,,false,2
,G?D@K{,8,925721,,,false,2
,G?D@K{,9,918598,,,false,2
,G??Jc[,0,922020,,,false,2
,G??Jc[,1,905260,,,false,2
,G??Jc[,2,906587,,,false,2
,G??Jc[,3,902327,,,false,2
,G??Jc[,4,911825,,,false,2
,G??Jc[,5,915945,,,false,2
,G??Jc[,6,910288,,,false,2
,G??Jc[,7,904492,,,false,2
,G??Jc[,8,904492,,,false,2
,G??Jc[,9,905749,,,false,2
,G@B?Ws,0,874743,,,false,2
,G@B?Ws,1,864547,,,false,2
,G@B?Ws,2,857283,,,false,2
,G@B?Ws,3,853792,,,false,2
,G@B?Ws,4,860287,,,false,2
,G@B?Ws,5,866153,,,false,2
,G@B?Ws,6,868248,,,false,2
,G@B?Ws,7,866083,,,false,2
,G@B?Ws,8,866642,,,false,2
,G@B?Ws,9,862451,,,false,2
,G\YY}{,0,1274543,,,false,4
,G\YY}{,1,1254989,,,false,4
,G\YY}{,2,1257503,,,false,4
,G\YY}{,3,1261484,,,false,4
,G\YY}{,4,1258062,,,false,4
,G\YY}{,5,1250450,,,false,4
,G\YY}{,6,1266652,,,false,4
,G\YY}{,7,1253941,,,false,4
,G\YY}{,8,1256037,,,false,4
,G\YY}{,9,1246679,,,false,4
,G`rHx{,0,1108477,,,false,3
,G`rHx{,1,1080334,,,false,3
,G`rHx{,2,1082289,,,false,3
,G`rHx{,3,1085712,,,false,3
,G`rHx{,4,1090949,,,false,3
,G`rHx{,5,1095278,,,false,3
,G`rHx{,6,1115321,,,false,3
,G`rHx{,7,1088086,,,false,3
,G`rHx{,8,1105684,,,false,3
,G`rHx{,9,1092834,,,false,3
,G?B~vo,0,1160225,,,false,3
,G?B~vo,1,1113435,,,false,3
,G?B~vo,2,1145070,,,false,3
,G?B~vo,3,1131523,,,false,3
,G?B~vo,4,1115320,,,false,3
,G?B~vo,5,1119302,,,false,3
,G?B~vo,6,1124819,,,false,3
,G?B~vo,7,1110921,,,false,3
,G?B~vo,8,1120069,,,false,3
,G?B~vo,9,1145978,,,false,3
,G?Mi~{,0,1209178,,,false,3
,G?Mi~{,1,1199681,,,false,3
,G?Mi~{,2,1187110,,,false,3
,G?Mi~{,3,1187599,,,false,3
,G?Mi~{,4,1181034,,,false,3
,G?Mi~{,5,1184317,,,false,3
,G?Mi~{,6,1188786,,,false,3
,G?Mi~{,7,1197656,,,false,3
,G?Mi~{,8,1177404,,,false,3
,G?Mi~{,9,1182012,,,false,3
,GS`zro,0,1129357,,,false,4
,GS`zro,1,1112458,,,false,4
,GS`zro,2,1109944,,,false,4
,GS`zro,3,1114203,,,false,4
,GS`zro,4,1124958,,,false,4
,GS`zro,5,1110433,,,false,4
,GS`zro,6,1115670,,,false,4
,GS`zro,7,1113575,,,false,4
,GS`zro,8,1115600,,,false,4
,GS`zro,9,1113365,,,false,4
,GqOxs{,0,1133757,,,false,4
,GqOxs{,1,1122513,,,false,4
,GqOxs{,2,1117555,,,false,4
,GqOxs{,3,1124329,,,false,4
,GqOxs{,4,1138576,,,false,4
,GqOxs{,5,1118114,,,false,4
,GqOxs{,6,1120977,,,false,4
,GqOxs{,7,1115041,,,false,4
,GqOxs{,8,1121397,,,false,4
,GqOxs{,9,1118114,,,false,4
,GGlVK{,0,1144093,,,false,3
,GGlVK{,1,1137947,,,false,3
,GGlVK{,2,1132291,,,false,3
,GGlVK{,3,1129009,,,false,3
,GGlVK{,4,1134176,,,false,3
,GGlVK{,5,1130405,,,false,3
,GGlVK{,6,1133338,,,false,3
,GGlVK{,7,1132849,,,false,3
,GGlVK{,8,1133758,,,false,3
,GGlVK{,9,1129916,,,false,3
,G``HW{,0,995276,,,false,3
,G``HW{,1,978586,,,false,3
,G``HW{,2,979913,,,false,3
,G``HW{,3,991366,,,false,3
,G``HW{,4,993461,,,false,3
,G``HW{,5,991994,,,false,3
,G``HW{,6,988991,,,false,3
,G``HW{,7,996533,,,false,3
,G``HW{,8,997022,,,false,3
,G``HW{,9,990597,,,false,3
,G?G\Qg,0,897717,,,false,2
,G?G\Qg,1,885637,,,false,2
,G?G\Qg,2,881446,,,false,2
,G?G\Qg,3,885776,,,false,2
,G?G\Qg,4,878374,,,false,2
,G?G\Qg,5,870552,,,false,2
,G?G\Qg,6,876279,,,false,2
,G?G\Qg,7,882424,,,false,2
,G?G\Qg,8,880050,,,false,2
,G?G\Qg,9,880539,,,false,2
,G?ClQg,0,925372,,,false,2
,G?ClQg,1,917481,,,false,2
,G?ClQg,2,910707,,,false,2
,G?ClQg,3,914338,,,false,2
,G?ClQg,4,915665,,,false,2
,G?ClQg,5,909660,,,false,2
,G?ClQg,6,909380,,,false,2
,G?ClQg,7,901419,,,false,2
,G?ClQg,8,909380,,,false,2
,G?ClQg,9,913500,,,false,2
,G?dcrK,0,974117,,,false,2
,G?dcrK,1,961965,,,false,2
,G?dcrK,2,958892,,,false,2
,G?dcrK,3,965526,,,false,2
,G?dcrK,4,963920,,,false,2
,G?dcrK,5,956448,,,false,2
,G?dcrK,6,961756,,,false,2
,G?dcrK,7,964898,,,false,2
,G?dcrK,8,965527,,,false,2
,G?dcrK,9,954982,,,false,2
,GReZZ[,0,1181873,,,false,5
,GReZZ[,1,1167347,,,false,5
,GReZZ[,2,1167278,,,false,5
,GReZZ[,3,1164205,,,false,5
,GReZZ[,4,1167836,,,false,5
,GReZZ[,5,1165462,,,false,5
,GReZZ[,6,1165113,,,false,5
,GReZZ[,7,1167627,,,false,5
,GReZZ[,8,1172655,,,false,5
,GReZZ[,9,1162599,,,false,5
,G?F@~o,0,1073979,,,false,3
,G?F@~o,1,1056381,,,false,3
,G?F@~o,2,1051912,,,false,3
,G?F@~o,3,1065390,,,false,3
,G?F@~o,4,1065040,,,false,3
,G?F@~o,5,1064342,,,false,3
,G?F@~o,6,1062875,,,false,3
,G?F@~o,7,1061688,,,false,3
,G?F@~o,8,1068183,,,false,3
,G?F@~o,9,1053238,,,false,3
,GpHYx{,0,1140880,,,false,4
,GpHYx{,1,1128310,,,false,4
,GpHYx{,2,1118114,,,false,4
,GpHYx{,3,1122584,,,false,4
,GpHYx{,4,1119231,,,false,4
,GpHYx{,5,1121047,,,false,4
,GpHYx{,6,1120908,,,false,4
,GpHYx{,7,1119581,,,false,4
,GpHYx{,8,1112947,,,false,4
,GpHYx{,9,1109943,,,false,4
,G@G^Mo,0,1044718,,,false,3
,G@G^Mo,1,1059523,,,false,3
,G@G^Mo,2,1048420,,,false,3
,G@G^Mo,3,1059663,,,false,3
,G@G^Mo,4,1059942,,,false,3
,G@G^Mo,5,1058965,,,false,3
,G@G^Mo,6,1062247,,,false,3
,G@G^Mo,7,1054216,,,false,3
,G@G^Mo,8,1064132,,,false,3
,G@G^Mo,9,1045138,,,false,3
,GtPHx{,0,1141160,,,false,4
,GtPHx{,1,1122863,,,false,4
,GtPHx{,2,1124330,,,false,4
,GtPHx{,3,1134945,,,false,4
,GtPHx{,4,1132570,,,false,4
,GtPHx{,5,1135433,,,false,4
,GtPHx{,6,1138366,,,false,4
,GtPHx{,7,1136341,,,false,4
,GtPHx{,8,1133129,,,false,4
,GtPHx{,9,1121466,,,false,4
,GWCOW{,0,827185,,,false,3
,GWCOW{,1,816152,,,false,3
,GWCOW{,2,809029,,,false,3
,GWCOW{,3,804629,,,false,3
,GWCOW{,4,817549,,,false,3
,GWCOW{,5,818316,,,false,3
,GWCOW{,6,818317,,,false,3
,GWCOW{,7,815802,,,false,3
,GWCOW{,8,803232,,,false,3
,GWCOW{,9,801417,,,false,3
,GGF~vs,0,1226148,,,false,4
,GGF~vs,1,1197655,,,false,4
,GGF~vs,2,1200030,,,false,4
,GGF~vs,3,1204289,,,false,4
,GGF~vs,4,1199261,,,false,4
,GGF~vs,5,1219583,,,false,4
,GGF~vs,6,1210645,,,false,4
,GGF~vs,7,1207223,,,false,4
,GGF~vs,8,1208479,,,false,4
,GGF~vs,9,1208201,,,false,4
,G?@zto,0,1059383,,,false,3
,G?@zto,1,1038085,,,false,3
,G?@zto,2,1050514,,,false,3
,G?@zto,3,1056101,,,false,3
,G?@zto,4,1055612,,,false,3
,G?@zto,5,1052820,,,false,3
,G?@zto,6,1055193,,,false,3
,G?@zto,7,1053238,,,false,3
,G?@zto,8,1045696,,,false,3
,G?@zto,9,1039621,,,false,3
,GBeZZ[,0,1187041,,,false,4
,GBeZZ[,1,1176914,,,false,4
,GBeZZ[,2,1163017,,,false,4
,GBeZZ[,3,1174889,,,false,4
,GBeZZ[,4,1173981,,,false,4
,GBeZZ[,5,1173003,,,false,4
,GBeZZ[,6,1172306,,,false,4
,GBeZZ[,7,1177473,,,false,4
,GBeZZ[,8,1172305,,,false,4
,GBeZZ[,9,1156663,,,false,4
,G?opm[,0,1035920,,,false,2
,G?opm[,1,1019438,,,false,2
,G?opm[,2,1016506,,,false,2
,G?opm[,3,1024188,,,false,2
,G?opm[,4,1025584,,,false,2
,G?opm[,5,1025654,,,false,2
,G?opm[,6,1026841,,,false,2
,G?opm[,7,1025165,,,false,2
,G?opm[,8,1026981,,,false,2
,G?opm[,9,1020136,,,false,2
,GdCZZ[,0,1149051,,,false,4
,GdCZZ[,1,1127053,,,false,4
,GdCZZ[,2,1122584,,,false,4
,GdCZZ[,3,1138087,,,false,4
,GdCZZ[,4,1139484,,,false,4
,GdCZZ[,5,1135154,,,false,4
,GdCZZ[,6,1135363,,,false,4
,GdCZZ[,7,1143045,,,false,4
,GdCZZ[,8,1138645,,,false,4
,GdCZZ[,9,1124749,,,false,4
,G?op~g,0,1098630,,,false,3
,G?op~g,1,1078239,,,false,3
,G?op~g,2,1079216,,,false,3
,G?op~g,3,1091368,,,false,3
,G?op~g,4,1090460,,,false,3
,G?op~g,5,1081730,,,false,3
,G?op~g,6,1090390,,,false,3
,G?op~g,7,1086060,,,false,3
,G?op~g,8,1091228,,,false,3
,G?op~g,9,1081870,,,false,3
,G?PXtK,0,1050864,,,false,2
,G?PXtK,1,1040040,,,false,2
,G?PXtK,2,1028237,,,false,2
,G?PXtK,3,1029983,,,false,2
,G?PXtK,4,1030822,,,false,2
,G?PXtK,5,1035780,,,false,2
,G?PXtK,6,1027539,,,false,2
,G?PXtK,7,1024676,,,false,2
,G?PXtK,8,1024886,,,false,2
,G?PXtK,9,1022372,,,false,2
,GACkZc,0,1041716,,,false,3
,GACkZc,1,1021882,,,false,3
,GACkZc,2,1020346,,,false,3
,GACkZc,3,1027958,,,false,3
,GACkZc,4,1034942,,,false,3
,GACkZc,5,1026981,,,false,3
,GACkZc,6,1026352,,,false,3
,GACkZc,7,1027819,,,false,3
,GACkZc,8,1027469,,,false,3
,GACkZc,9,1019928,,,false,3
,GGDhsk,0,1065739,,,false,3
,GGDhsk,1,1048560,,,false,3
,GGDhsk,2,1047652,,,false,3
,GGDhsk,3,1055613,,,false,3
,GGDhsk,4,1057079,,,false,3
,GGDhsk,5,1056171,,,false,3
,GGDhsk,6,1046185,,,false,3
,GGDhsk,7,1048141,,,false,3
,GGDhsk,8,1048350,,,false,3
,GGDhsk,9,1037316,,,false,3
,G?FDzw,0,1095907,,,false,3
,G?FDzw,1,1084454,,,false,3
,G?FDzw,2,1075026,,,false,3
,G?FDzw,3,1088993,,,false,3
,G?FDzw,4,1084734,,,false,3
,G?FDzw,5,1089482,,,false,3
,G?FDzw,6,1089272,,,false,3
,G?FDzw,7,1090949,,,false,3
,G?FDzw,8,1095628,,,false,3
,G?FDzw,9,1079217,,,false,3
,G@De[w,0,1083336,,,false,3
,G@De[w,1,1069440,,,false,3
,G@De[w,2,1063224,,,false,3
,G@De[w,3,1077121,,,false,3
,G@De[w,4,1071953,,,false,3
,G@De[w,5,1077331,,,false,3
,G@De[w,6,1076772,,,false,3
,G@De[w,7,1076074,,,false,3
,G@De[w,8,1076633,,,false,3
,G@De[w,9,1068462,,,false,3
,G?qaxw,0,1077680,,,false,3
,G?qaxw,1,1063643,,,false,3
,G?qaxw,2,1063504,,,false,3
,G?qaxw,3,1087596,,,false,3
,G?qaxw,4,1080195,,,false,3
,G?qaxw,5,1076144,,,false,3
,G?qaxw,6,1072024,,,false,3
,G?qaxw,7,1076144,,,false,3
,G?qaxw,8,1070487,,,false,3
,G?qaxw,9,1060641,,,false,3
,G?K|Qk,0,1056660,,,false,3
,G?K|Qk,1,1035081,,,false,3
,G?K|Qk,2,1039411,,,false,3
,G?K|Qk,3,1040947,,,false,3
,G?K|Qk,4,1038573,,,false,3
,G?K|Qk,5,1043322,,,false,3
,G?K|Qk,6,1038853,,,false,3
,G?K|Qk,7,1035570,,,false,3
,G?K|Qk,8,1037037,,,false,3
,G?K|Qk,9,1044788,,,false,3
,GGD\Hs,0,1055613,,,false,3
,GGD\Hs,1,1055194,,,false,3
,GGD\Hs,2,1041157,,,false,3
,GGD\Hs,3,1061758,,,false,3
,GGD\Hs,4,1059453,,,false,3
,GGD\Hs,5,1063853,,,false,3
,GGD\Hs,6,1039970,,,false,3
,GGD\Hs,7,1074886,,,false,3
,GGD\Hs,8,1063224,,,false,3
,GGD\Hs,9,1031031,,,false,3
,G@DitK,0,1079077,,,false,3
,G@DitK,1,1056101,,,false,3
,G@DitK,2,1065180,,,false,3
,G@DitK,3,1062806,,,false,3
,G@DitK,4,1077680,,,false,3
,G@DitK,5,1067065,,,false,3
,G@DitK,6,1068602,,,false,3
,G@DitK,7,1063225,,,false,3
,G@DitK,8,1068113,,,false,3
,G@DitK,9,1061968,,,false,3
,G@`izo,0,1088993,,,false,3
,G@`izo,1,1071255,,,false,3
,G@`izo,2,1068113,,,false,3
,G@`izo,3,1074189,,,false,3
,G@`izo,4,1084245,,,false,3
,G@`izo,5,1080055,,,false,3
,G@`izo,6,1082499,,,false,3
,G@`izo,7,1077750,,,false,3
,G@`izo,8,1073490,,,false,3
,G@`izo,9,1067345,,,false,3
,G@LT]W,0,1113365,,,false,3
,G@LT]W,1,1092974,,,false,3
,G@LT]W,2,1096675,,,false,3
,G@LT]W,3,1102401,,,false,3
,G@LT]W,4,1144372,,,false,3
,G@LT]W,5,1119860,,,false,3
,G@LT]W,6,1137668,,,false,3
,G@LT]W,7,1112318,,,false,3
,G@LT]W,8,1107500,,,false,3
,G@LT]W,9,1093812,,,false,3
,G@?Kyw,0,970275,,,false,3
,G@?Kyw,1,964619,,,false,3
,G@?Kyw,2,952817,,,false,3
,G@?Kyw,3,955610,,,false,3
,G@?Kyw,4,950443,,,false,3
,G@?Kyw,5,952747,,,false,3
,G@?Kyw,6,958543,,,false,3
,G@?Kyw,7,950932,,,false,3
,G@?Kyw,8,952538,,,false,3
,G@?Kyw,9,948696,,,false,3
,G`EbYw,0,1113295,,,false,3
,G`EbYw,1,1092904,,,false,3
,G`EbYw,2,1093952,,,false,3
,G`EbYw,3,1104426,,,false,3
,G`EbYw,4,1111480,,,false,3
,G`EbYw,5,1102471,,,false,3
,G`EbYw,6,1112108,,,false,3
,G`EbYw,7,1100237,,,false,3
,G`EbYw,8,1101773,,,false,3
,G`EbYw,9,1092485,,,false,3
,GAMNJg,0,1108337,,,false,3
,GAMNJg,1,1094650,,,false,3
,GAMNJg,2,1088086,,,false,3
,GAMNJg,3,1104217,,,false,3
,GAMNJg,4,1102611,,,false,3
,GAMNJg,5,1107779,,,false,3
,GAMNJg,6,1108966,,,false,3
,GAMNJg,7,1107080,,,false,3
,GAMNJg,8,1101005,,,false,3
,GAMNJg,9,1085850,,,false,3
,G@h[rK,0,1071116,,,false,3
,G@h[rK,1,1074677,,,false,3
,G@h[rK,2,1063225,,,false,3
,G@h[rK,3,1089272,,,false,3
,G@h[rK,4,1084245,,,false,3
,G@h[rK,5,1080124,,,false,3
,G@h[rK,6,1081032,,,false,3
,G@h[rK,7,1081522,,,false,3
,G@h[rK,8,1083547,,,false,3
,G@h[rK,9,1071465,,,false,3
,G@[sYk,0,1086619,,,false,3
,G@[sYk,1,1074329,,,false,3
,G@[sYk,2,1076214,,,false,3
,G@[sYk,3,1092904,,,false,3
,G@[sYk,4,1082638,,,false,3
,G@[sYk,5,1085431,,,false,3
,G@[sYk,6,1090390,,,false,3
,G@[sYk,7,1088505,,,false,3
,G@[sYk,8,1080124,,,false,3
,G@[sYk,9,1073211,,,false,3
,G`G\aW,0,981309,,,false,3
,G`G\aW,1,973767,,,false,3
,G`G\aW,2,971393,,,false,3
,G`G\aW,3,980401,,,false,3
,G`G\aW,4,979703,,,false,3
,G`G\aW,5,972999,,,false,3
,G`G\aW,6,971812,,,false,3
,G`G\aW,7,976910,,,false,3
,G`G\aW,8,974186,,,false,3
,G`G\aW,9,965108,,,false,3
,G@hZSk,0,1097024,,,false,4
,G@hZSk,1,1071954,,,false,4
,G@hZSk,2,1073839,,,false,4
,G@hZSk,3,1090390,,,false,4
,G@hZSk,4,1079217,,,false,4
,G@hZSk,5,1088784,,,false,4
,G@hZSk,6,1079705,,,false,4
,G@hZSk,7,1086409,,,false,4
,G@hZSk,8,1080893,,,false,4
,G@hZSk,9,1072372,,,false,4
,G`iRYw,0,1126145,,,false,4
,G`iRYw,1,1114063,,,false,4
,G`iRYw,2,1107500,,,false,4
,G`iRYw,3,1123841,,,false,4
,G`iRYw,4,1125377,,,false,4
,G`iRYw,5,1123492,,,false,4
,G`iRYw,6,1115670,,,false,4
,G`iRYw,7,1119022,,,false,4
,G`iRYw,8,1117695,,,false,4
,G`iRYw,9,1113296,,,false,4
,G`U_~K,0,1117136,,,false,4
,G`U_~K,1,1105195,,,false,4
,G`U_~K,2,1118394,,,false,4
,G`U_~K,3,1115321,,,false,4
,G`U_~K,4,1115251,,,false,4
,G`U_~K,5,1117765,,,false,4
,G`U_~K,6,1117625,,,false,4
,G`U_~K,7,1123352,,,false,4
,G`U_~K,8,1118045,,,false,4
,G`U_~K,9,1108407,,,false,4
,G`rHpk,0,1060990,,,false,3
,G`rHpk,1,1065110,,,false,3
,G`rHpk,2,1061968,,,false,3
,G`rHpk,3,1074328,,,false,3
,G`rHpk,4,1067065,,,false,3
,G`rHpk,5,1066646,,,false,3
,G`rHpk,6,1068672,,,false,3
,G`rHpk,7,1073211,,,false,3
,G`rHpk,8,1073560,,,false,3
,G`rHpk,9,1068252,,,false,3
,G?@P[{,0,989899,,,false,2
,G?@P[{,1,971742,,,false,2
,G?@P[{,2,971742,,,false,2
,G?@P[{,3,971742,,,false,2
,G?@P[{,4,963013,,,false,2
,G?@P[{,5,970625,,,false,2
,G?@P[{,6,971323,,,false,2
,G?@P[{,7,969088,,,false,2
,G?@P[{,8,969088,,,false,2
,G?@P[{,9,963082,,,false,2
,Gq?g~o,0,1078588,,,false,3
,Gq?g~o,1,1061968,,,false,3
,Gq?g~o,2,1061828,,,false,3
,Gq?g~o,3,1065320,,,false,3
,Gq?g~o,4,1069928,,,false,3
,Gq?g~o,5,1066437,,,false,3
,Gq?g~o,6,1065180,,,false,3
,Gq?g~o,7,1069720,,,false,3
,Gq?g~o,8,1070277,,,false,3
,Gq?g~o,9,1058964,,,false,3
,GoStIs,0,1080474,,,false,3
,GoStIs,1,1057568,,,false,3
,GoStIs,2,1069091,,,false,3
,GoStIs,3,1068113,,,false,3
,GoStIs,4,1072233,,,false,3
,GoStIs,5,1069789,,,false,3
,GoStIs,6,1076213,,,false,3
,GoStIs,7,1070906,,,false,3
,GoStIs,8,1076563,,,false,3
,GoStIs,9,1063224,,,false,3
,GwC^~w,0,1182501,,,false,4
,GwC^~w,1,1166369,,,false,4
,GwC^~w,2,1173911,,,false,4
,GwC^~w,3,1189275,,,false,4
,GwC^~w,4,1178940,,,false,4
,GwC^~w,5,1176985,,,false,4
,GwC^~w,6,1175867,,,false,4
,GwC^~w,7,1174401,,,false,4
,GwC^~w,8,1177682,,,false,4
,GwC^~w,9,1178870,,,false,4
