name,graph_g6,iteration,runtime,allocated_bytes,peak_bytes,timeout,treewidth
,I??????~w,0,2470,,,false,1
,I??????~w,1,2469,,,false,1
,I??????~w,2,988,,,false,1
,I??????~w,3,988,,,false,1
,I??????~w,4,1482,,,false,1
,I??????~w,5,1976,,,false,1
,I??????~w,6,1411,,,false,1
,I??????~w,7,1905,,,false,1
,I??????~w,8,1412,,,false,1
,I??????~w,9,1905,,,false,1
,I????????,0,2399,,,false,0
,I????????,1,988,,,false,0
,I????????,2,1905,,,false,0
,I????????,3,1976,,,false,0
,I????????,4,1906,,,false,0
,I????????,5,1411,,,false,0
,I????????,6,1482,,,false,0
,I????????,7,1482,,,false,0
,I????????,8,1482,,,false,0
,I????????,9,1412,,,false,0
,I??F~~~~w,0,2894,,,false,4
,I??F~~~~w,1,1976,,,false,4
,I??F~~~~w,2,1906,,,false,4
,I??F~~~~w,3,2329,,,false,4
,I??F~~~~w,4,1906,,,false,4
,I??F~~~~w,5,2470,,,false,4
,I??F~~~~w,6,1976,,,false,4
,I??F~~~~w,7,1906,,,false,4
,I??F~~~~w,8,1906,,,false,4
,I??F~~~~w,9,1976,,,false,4
,I`?G?C??G,0,2399,,,false,1
,I`?G?C??G,1,1906,,,false,1
,I`?G?C??G,2,1482,,,false,1
,I`?G?C??G,3,1976,,,false,1
,I`?G?C??G,4,1906,,,false,1
,I`?G?C??G,5,1411,,,false,1
,I`?G?C??G,6,1411,,,false,1
,I`?G?C??G,7,1976,,,false,1
,I`?G?C??G,8,1482,,,false,1
,I`?G?C??G,9,1975,,,false,1
,I?@@?_G`w,0,1976,,,false,1
,I?@@?_G`w,1,1481,,,false,1
,I?@@?_G`w,2,1905,,,false,1
,I?@@?_G`w,3,1905,,,false,1
,I?@@?_G`w,4,1976,,,false,1
,I?@@?_G`w,5,1905,,,false,1
,I?@@?_G`w,6,1976,,,false,1
,I?@@?_G`w,7,1835,,,false,1
,I?@@?_G`w,8,1905,,,false,1
,I?@@?_G`w,9,1976,,,false,1
,I??OS?dOo,0,1905,,,false,1
,I??OS?dOo,1,1905,,,false,1
,I??OS?dOo,2,1976,,,false,1
,I??OS?dOo,3,1482,,,false,1
,I??OS?dOo,4,1905,,,false,1
,I??OS?dOo,5,1906,,,false,1
,I??OS?dOo,6,1906,,,false,1
,I??OS?dOo,7,1482,,,false,1
,I??OS?dOo,8,1975,,,false,1
,I??OS?dOo,9,1976,,,false,1
,I??OPHAe?,0,1976,,,false,1
,I??OPHAe?,1,1905,,,false,1
,I??OPHAe?,2,1906,,,false,1
,I??OPHAe?,3,1905,,,false,1
,I??OPHAe?,4,1905,,,false,1
,I??OPHAe?,5,1411,,,false,1
,I??OPHAe?,6,1905,,,false,1
,I??OPHAe?,7,1976,,,false,1
,I??OPHAe?,8,1975,,,false,1
,I??OPHAe?,9,1906,,,false,1
,I????AF]G,0,1906,,,false,1
,I????AF]G,1,1482,,,false,1
,I????AF]G,2,1905,,,false,1
,I????AF]G,3,1905,,,false,1
,I????AF]G,4,1482,,,false,1
,I????AF]G,5,1975,,,false,1
,I????AF]G,6,1482,,,false,1
,I????AF]G,7,1905,,,false,1
,I????AF]G,8,1906,,,false,1
,I????AF]G,9,1976,,,false,1
,I?AAHGICW,0,1906,,,false,2
,I?AAHGICW,1,1905,,,false,2
,I?AAHGICW,2,1976,,,false,2
,I?AAHGICW,3,1906,,,false,2
,I?AAHGICW,4,1906,,,false,2
,I?AAHGICW,5,1975,,,false,2
,I?AAHGICW,6,1905,,,false,2
,I?AAHGICW,7,1906,,,false,2
,I?AAHGICW,8,1975,,,false,2
,I?AAHGICW,9,1905,,,false,2
,I@Kxx{~Nw,0,2399,,,false,7
,I@Kxx{~Nw,1,2399,,,false,7
,I@Kxx{~Nw,2,2329,,,false,7
,I@Kxx{~Nw,3,1975,,,false,7
,I@Kxx{~Nw,4,1976,,,false,7
,I@Kxx{~Nw,5,2400,,,false,7
,I@Kxx{~Nw,6,2399,,,false,7
,I@Kxx{~Nw,7,2329,,,false,7
,I@Kxx{~Nw,8,2399,,,false,7
,I@Kxx{~Nw,9,1976,,,false,7
,I@Kxx{~~w,0,2400,,,false,7
,I@Kxx{~~w,1,2400,,,false,7
,I@Kxx{~~w,2,1906,,,false,7
,I@Kxx{~~w,3,1976,,,false,7
,I@Kxx{~~w,4,1906,,,false,7
,I@Kxx{~~w,5,2329,,,false,7
,I@Kxx{~~w,6,1905,,,false,7
,I@Kxx{~~w,7,2399,,,false,7
,I@Kxx{~~w,8,1976,,,false,7
,I@Kxx{~~w,9,1906,,,false,7
,Is\v~~}~W,0,2399,,,false,7
,Is\v~~}~W,1,1905,,,false,7
,Is\v~~}~W,2,2400,,,false,7
,Is\v~~}~W,3,1976,,,false,7
,Is\v~~}~W,4,1976,,,false,7
,Is\v~~}~W,5,1905,,,false,7
,Is\v~~}~W,6,2328,,,false,7
,Is\v~~}~W,7,2399,,,false,7
,Is\v~~}~W,8,1976,,,false,7
,Is\v~~}~W,9,2470,,,false,7
,IF~~~~~~w,0,2470,,,false,7
,IF~~~~~~w,1,2893,,,false,7
,IF~~~~~~w,2,2328,,,false,7
,IF~~~~~~w,3,2823,,,false,7
,IF~~~~~~w,4,2399,,,false,7
,IF~~~~~~w,5,2470,,,false,7
,IF~~~~~~w,6,2400,,,false,7
,IF~~~~~~w,7,2329,,,false,7
,IF~~~~~~w,8,2329,,,false,7
,IF~~~~~~w,9,2329,,,false,7
,I~{?GKF@w,0,1905,,,false,4
,I~{?GKF@w,1,1905,,,false,4
,I~{?GKF@w,2,1905,,,false,4
,I~{?GKF@w,3,2399,,,false,4
,I~{?GKF@w,4,1976,,,false,4
,I~{?GKF@w,5,1905,,,false,4
,I~{?GKF@w,6,2400,,,false,4
,I~{?GKF@w,7,1906,,,false,4
,I~{?GKF@w,8,2470,,,false,4
,I~{?GKF@w,9,1976,,,false,4
,I~?GW^oBw,0,1905,,,false,4
,I~?GW^oBw,1,1905,,,false,4
,I~?GW^oBw,2,1976,,,false,4
,I~?GW^oBw,3,1905,,,false,4
,I~?GW^oBw,4,1976,,,false,4
,I~?GW^oBw,5,1906,,,false,4
,I~?GW^oBw,6,1905,,,false,4
,I~?GW^oBw,7,1975,,,false,4
,I~?GW^oBw,8,1906,,,false,4
,I~?GW^oBw,9,1905,,,false,4
,Iv~vVL^Nw,0,2893,,,false,7
,Iv~vVL^Nw,1,2399,,,false,7
,Iv~vVL^Nw,2,2399,,,false,7
,Iv~vVL^Nw,3,2400,,,false,7
,Iv~vVL^Nw,4,1976,,,false,7
,Iv~vVL^Nw,5,2399,,,false,7
,Iv~vVL^Nw,6,2399,,,false,7
,Iv~vVL^Nw,7,2329,,,false,7
,Iv~vVL^Nw,8,1976,,,false,7
,Iv~vVL^Nw,9,2400,,,false,7
,IJ\zz|~^w,0,2400,,,false,8
,IJ\zz|~^w,1,1976,,,false,8
,IJ\zz|~^w,2,2470,,,false,8
,IJ\zz|~^w,3,2399,,,false,8
,IJ\zz|~^w,4,2399,,,false,8
,IJ\zz|~^w,5,2399,,,false,8
,IJ\zz|~^w,6,2329,,,false,8
,IJ\zz|~^w,7,2399,,,false,8
,IJ\zz|~^w,8,2399,,,false,8
,IJ\zz|~^w,9,2470,,,false,8
,IJ\zz|~~w,0,2469,,,false,8
,IJ\zz|~~w,1,2470,,,false,8
,IJ\zz|~~w,2,2399,,,false,8
,IJ\zz|~~w,3,2400,,,false,8
,IJ\zz|~~w,4,2399,,,false,8
,IJ\zz|~~w,5,2399,,,false,8
,IJ\zz|~~w,6,2399,,,false,8
,IJ\zz|~~w,7,2399,,,false,8
,IJ\zz|~~w,8,1976,,,false,8
,IJ\zz|~~w,9,2469,,,false,8
,I~~v]}~^w,0,2400,,,false,8
,I~~v]}~^w,1,2470,,,false,8
,I~~v]}~^w,2,2399,,,false,8
,I~~v]}~^w,3,2470,,,false,8
,I~~v]}~^w,4,2399,,,false,8
,I~~v]}~^w,5,2400,,,false,8
,I~~v]}~^w,6,2329,,,false,8
,I~~v]}~^w,7,2470,,,false,8
,I~~v]}~^w,8,2399,,,false,8
,I~~v]}~^w,9,2399,,,false,8
,I^~~~~~~w,0,2400,,,false,8
,I^~~~~~~w,1,2470,,,false,8
,I^~~~~~~w,2,2399,,,false,8
,I^~~~~~~w,3,2399,,,false,8
,I^~~~~~~w,4,2399,,,false,8
,I^~~~~~~w,5,2470,,,false,8
,I^~~~~~~w,6,2470,,,false,8
,I^~~~~~~w,7,1905,,,false,8
,I^~~~~~~w,8,2399,,,false,8
,I^~~~~~~w,9,1905,,,false,8
,I~~~~~~~w,0,2399,,,false,9
,I~~~~~~~w,1,2822,,,false,9
,I~~~~~~~w,2,2823,,,false,9
,I~~~~~~~w,3,2329,,,false,9
,I~~~~~~~w,4,2470,,,false,9
,I~~~~~~~w,5,2470,,,false,9
,I~~~~~~~w,6,2400,,,false,9
,I~~~~~~~w,7,2329,,,false,9
,I~~~~~~~w,8,2399,,,false,9
,I~~~~~~~w,9,2469,,,false,9
,I?????@?W,0,1905,,,false,2
,I?????@?W,1,1906,,,false,2
,I?????@?W,2,1976,,,false,2
,I?????@?W,3,1905,,,false,2
,I?????@?W,4,1905,,,false,2
,I?????@?W,5,1482,,,false,2
,I?????@?W,6,1905,,,false,2
,I?????@?W,7,1976,,,false,2
,I?????@?W,8,1905,,,false,2
,I?????@?W,9,1482,,,false,2
,I???GKF@w,0,1976,,,false,4
,I???GKF@w,1,1905,,,false,4
,I???GKF@w,2,1835,,,false,4
,I???GKF@w,3,1905,,,false,4
,I???GKF@w,4,1906,,,false,4
,I???GKF@w,5,1905,,,false,4
,I???GKF@w,6,1976,,,false,4
,I???GKF@w,7,1906,,,false,4
,I???GKF@w,8,1905,,,false,4
,I???GKF@w,9,1835,,,false,4
,I????B~~w,0,1906,,,false,2
,I????B~~w,1,2329,,,false,2
,I????B~~w,2,1905,,,false,2
,I????B~~w,3,2400,,,false,2
,I????B~~w,4,1906,,,false,2
,I????B~~w,5,1482,,,false,2
,I????B~~w,6,1906,,,false,2
,I????B~~w,7,1835,,,false,2
,I????B~~w,8,1976,,,false,2
,I????B~~w,9,1906,,,false,2
,IsaBzx{^?,0,2399,,,false,5
,IsaBzx{^?,1,1905,,,false,5
,IsaBzx{^?,2,2399,,,false,5
,IsaBzx{^?,3,2399,,,false,5
,IsaBzx{^?,4,1906,,,false,5
,IsaBzx{^?,5,2470,,,false,5
,IsaBzx{^?,6,2328,,,false,5
,IsaBzx{^?,7,1976,,,false,5
,IsaBzx{^?,8,2400,,,false,5
,IsaBzx{^?,9,2469,,,false,5
,I?B~~~~~w,0,2823,,,false,5
,I?B~~~~~w,1,2470,,,false,5
,I?B~~~~~w,2,2470,,,false,5
,I?B~~~~~w,3,1976,,,false,5
,I?B~~~~~w,4,2469,,,false,5
,I?B~~~~~w,5,2399,,,false,5
,I?B~~~~~w,6,1976,,,false,5
,I?B~~~~~w,7,1905,,,false,5
,I?B~~~~~w,8,1906,,,false,5
,I?B~~~~~w,9,2470,,,false,5
,I`?GW?@?W,0,2470,,,false,2
,I`?GW?@?W,1,1976,,,false,2
,I`?GW?@?W,2,1905,,,false,2
,I`?GW?@?W,3,1976,,,false,2
,I`?GW?@?W,4,1906,,,false,2
,I`?GW?@?W,5,1906,,,false,2
,I`?GW?@?W,6,1905,,,false,2
,I`?GW?@?W,7,1905,,,false,2
,I`?GW?@?W,8,1482,,,false,2
,I`?GW?@?W,9,1906,,,false,2
,I@`??CBNG,0,1905,,,false,2
,I@`??CBNG,1,1976,,,false,2
,I@`??CBNG,2,1905,,,false,2
,I@`??CBNG,3,1906,,,false,2
,I@`??CBNG,4,1906,,,false,2
,I@`??CBNG,5,1976,,,false,2
,I@`??CBNG,6,1482,,,false,2
,I@`??CBNG,7,1906,,,false,2
,I@`??CBNG,8,1411,,,false,2
,I@`??CBNG,9,1976,,,false,2
,II?GOGQGO,0,2400,,,false,2
,II?GOGQGO,1,1906,,,false,2
,II?GOGQGO,2,1905,,,false,2
,II?GOGQGO,3,1976,,,false,2
,II?GOGQGO,4,1906,,,false,2
,II?GOGQGO,5,1976,,,false,2
,II?GOGQGO,6,1834,,,false,2
,II?GOGQGO,7,1905,,,false,2
,II?GOGQGO,8,1976,,,false,2
,II?GOGQGO,9,1906,,,false,2
,I?COPHAw?,0,1906,,,false,2
,I?COPHAw?,1,1906,,,false,2
,I?COPHAw?,2,1906,,,false,2
,I?COPHAw?,3,1411,,,false,2
,I?COPHAw?,4,1976,,,false,2
,I?COPHAw?,5,1976,,,false,2
,I?COPHAw?,6,1905,,,false,2
,I?COPHAw?,7,1905,,,false,2
,I?COPHAw?,8,1835,,,false,2
,I?COPHAw?,9,1905,,,false,2
,I?CGI_agG,0,1906,,,false,2
,I?CGI_agG,1,1906,,,false,2
,I?CGI_agG,2,1976,,,false,2
,I?CGI_agG,3,1905,,,false,2
,I?CGI_agG,4,1905,,,false,2
,I?CGI_agG,5,1482,,,false,2
,I?CGI_agG,6,1976,,,false,2
,I?CGI_agG,7,1905,,,false,2
,I?CGI_agG,8,1976,,,false,2
,I?CGI_agG,9,1906,,,false,2
,I???G[ws?,0,1976,,,false,2
,I???G[ws?,1,1905,,,false,2
,I???G[ws?,2,1905,,,false,2
,I???G[ws?,3,1905,,,false,2
,I???G[ws?,4,1905,,,false,2
,I???G[ws?,5,1976,,,false,2
,I???G[ws?,6,1906,,,false,2
,I???G[ws?,7,1905,,,false,2
,I???G[ws?,8,1482,,,false,2
,I???G[ws?,9,1906,,,false,2
,I???????G,0,1482,,,false,1
,I???????G,1,1905,,,false,1
,I???????G,2,1906,,,false,1
,I???????G,3,1905,,,false,1
,I???????G,4,1905,,,false,1
,I???????G,5,1906,,,false,1
,I???????G,6,1905,,,false,1
,I???????G,7,1976,,,false,1
,I???????G,8,1482,,,false,1
,I???????G,9,1905,,,false,1
,I?AAHKVBw,0,1976,,,false,4
,I?AAHKVBw,1,1906,,,false,4
,I?AAHKVBw,2,2329,,,false,4
,I?AAHKVBw,3,1906,,,false,4
,I?AAHKVBw,4,1976,,,false,4
,I?AAHKVBw,5,1976,,,false,4
,I?AAHKVBw,6,1905,,,false,4
,I?AAHKVBw,7,1905,,,false,4
,I?AAHKVBw,8,1905,,,false,4
,I?AAHKVBw,9,1976,,,false,4
,I@GOOH@__,0,1906,,,false,1
,I@GOOH@__,1,1835,,,false,1
,I@GOOH@__,2,1905,,,false,1
,I@GOOH@__,3,1905,,,false,1
,I@GOOH@__,4,1976,,,false,1
,I@GOOH@__,5,1976,,,false,1
,I@GOOH@__,6,1411,,,false,1
,I@GOOH@__,7,1976,,,false,1
,I@GOOH@__,8,1835,,,false,1
,I@GOOH@__,9,1905,,,false,1
,I?????@~g,0,1906,,,false,1
,I?????@~g,1,1905,,,false,1
,I?????@~g,2,1976,,,false,1
,I?????@~g,3,1906,,,false,1
,I?????@~g,4,1906,,,false,1
,I?????@~g,5,1976,,,false,1
,I?????@~g,6,1905,,,false,1
,I?????@~g,7,1906,,,false,1
,I?????@~g,8,1976,,,false,1
,I?????@~g,9,1905,,,false,1
,I?????@~w,0,1976,,,false,2
,I?????@~w,1,1482,,,false,2
,I?????@~w,2,1905,,,false,2
,I?????@~w,3,1976,,,false,2
,I?????@~w,4,1906,,,false,2
,I?????@~w,5,1905,,,false,2
,I?????@~w,6,1975,,,false,2
,I?????@~w,7,1482,,,false,2
,I?????@~w,8,1976,,,false,2
,I?????@~w,9,1411,,,false,2
,I?CGGC`s?,0,1905,,,false,1
,I?CGGC`s?,1,1835,,,false,1
,I?CGGC`s?,2,1906,,,false,1
,I?CGGC`s?,3,1412,,,false,1
,I?CGGC`s?,4,1411,,,false,1
,I?CGGC`s?,5,1976,,,false,1
,I?CGGC`s?,6,1905,,,false,1
,I?CGGC`s?,7,1905,,,false,1
,I?CGGC`s?,8,1906,,,false,1
,I?CGGC`s?,9,1975,,,false,1
,I??GHCWsG,0,917,,,false,2
,I??GHCWsG,1,917,,,false,2
,I??GHCWsG,2,988,,,false,2
,I??GHCWsG,3,2399,,,false,2
,I??GHCWsG,4,1905,,,false,2
,I??GHCWsG,5,1976,,,false,2
,I??GHCWsG,6,1906,,,false,2
,I??GHCWsG,7,1976,,,false,2
,I??GHCWsG,8,1976,,,false,2
,I??GHCWsG,9,1976,,,false,2
,I????CA?W,0,1905,,,false,2
,I????CA?W,1,1976,,,false,2
,I????CA?W,2,1412,,,false,2
,I????CA?W,3,1906,,,false,2
,I????CA?W,4,1905,,,false,2
,I????CA?W,5,1411,,,false,2
,I????CA?W,6,1906,,,false,2
,I????CA?W,7,1976,,,false,2
,I????CA?W,8,1976,,,false,2
,I????CA?W,9,1906,,,false,2
,I??GIOqk?,0,1976,,,false,2
,I??GIOqk?,1,1976,,,false,2
,I??GIOqk?,2,1905,,,false,2
,I??GIOqk?,3,1411,,,false,2
,I??GIOqk?,4,1905,,,false,2
,I??GIOqk?,5,1975,,,false,2
,I??GIOqk?,6,1906,,,false,2
,I??GIOqk?,7,1905,,,false,2
,I??GIOqk?,8,1905,,,false,2
,I??GIOqk?,9,1905,,,false,2
,I????CB?w,0,1905,,,false,3
,I????CB?w,1,1411,,,false,3
,I????CB?w,2,1482,,,false,3
,I????CB?w,3,1905,,,false,3
,I????CB?w,4,1905,,,false,3
,I????CB?w,5,1975,,,false,3
,I????CB?w,6,1905,,,false,3
,I????CB?w,7,1906,,,false,3
,I????CB?w,8,1906,,,false,3
,I????CB?w,9,1975,,,false,3
,I????CB~w,0,1905,,,false,3
,I????CB~w,1,1976,,,false,3
,I????CB~w,2,1976,,,false,3
,I????CB~w,3,1976,,,false,3
,I????CB~w,4,1482,,,false,3
,I????CB~w,5,1905,,,false,3
,I????CB~w,6,1905,,,false,3
,I????CB~w,7,1976,,,false,3
,I????CB~w,8,1906,,,false,3
,I????CB~w,9,1976,,,false,3
,I??E@GW?w,0,1976,,,false,1
,I??E@GW?w,1,1976,,,false,1
,I??E@GW?w,2,1905,,,false,1
,I??E@GW?w,3,1835,,,false,1
,I??E@GW?w,4,1412,,,false,1
,I??E@GW?w,5,1976,,,false,1
,I??E@GW?w,6,1976,,,false,1
,I??E@GW?w,7,1906,,,false,1
,I??E@GW?w,8,1976,,,false,1
,I??E@GW?w,9,1906,,,false,1
,I???F~~~w,0,2400,,,false,3
,I???F~~~w,1,1906,,,false,3
,I???F~~~w,2,1906,,,false,3
,I???F~~~w,3,1482,,,false,3
,I???F~~~w,4,1905,,,false,3
,I???F~~~w,5,1976,,,false,3
,I???F~~~w,6,2399,,,false,3
,I???F~~~w,7,1905,,,false,3
,I???F~~~w,8,1905,,,false,3
,I???F~~~w,9,1905,,,false,3
,I??GW[NBw,0,1906,,,false,5
,I??GW[NBw,1,1906,,,false,5
,I??GW[NBw,2,1906,,,false,5
,I??GW[NBw,3,1482,,,false,5
,I??GW[NBw,4,1482,,,false,5
,I??GW[NBw,5,1906,,,false,5
,I??GW[NBw,6,1905,,,false,5
,I??GW[NBw,7,1976,,,false,5
,I??GW[NBw,8,1905,,,false,5
,I??GW[NBw,9,1905,,,false,5
,I??GW[N~w,0,2399,,,false,5
,I??GW[N~w,1,1976,,,false,5
,I??GW[N~w,2,1906,,,false,5
,I??GW[N~w,3,1975,,,false,5
,I??GW[N~w,4,1905,,,false,5
,I??GW[N~w,5,1905,,,false,5
,I??GW[N~w,6,1976,,,false,5
,I??GW[N~w,7,1976,,,false,5
,I??GW[N~w,8,1905,,,false,5
,I??GW[N~w,9,1976,,,false,5
,I?CWw{^Fw,0,1975,,,false,6
,I?CWw{^Fw,1,1905,,,false,6
,I?CWw{^Fw,2,2400,,,false,6
,I?CWw{^Fw,3,1906,,,false,6
,I?CWw{^Fw,4,1906,,,false,6
,I?CWw{^Fw,5,1976,,,false,6
,I?CWw{^Fw,6,2399,,,false,6
,I?CWw{^Fw,7,1835,,,false,6
,I?CWw{^Fw,8,1835,,,false,6
,I?CWw{^Fw,9,2399,,,false,6
,I?CWw{^~w,0,1906,,,false,6
,I?CWw{^~w,1,1906,,,false,6
,I?CWw{^~w,2,1976,,,false,6
,I?CWw{^~w,3,1905,,,false,6
,I?CWw{^~w,4,2399,,,false,6
,I?CWw{^~w,5,1906,,,false,6
,I?CWw{^~w,6,1905,,,false,6
,I?CWw{^~w,7,2329,,,false,6
,I?CWw{^~w,8,1976,,,false,6
,I?CWw{^~w,9,1975,,,false,6
,I????FaFO,0,1976,,,false,1
,I????FaFO,1,1976,,,false,1
,I????FaFO,2,1905,,,false,1
,I????FaFO,3,1834,,,false,1
,I????FaFO,4,1976,,,false,1
,I????FaFO,5,1482,,,false,1
,I????FaFO,6,1905,,,false,1
,I????FaFO,7,1976,,,false,1
,I????FaFO,8,1906,,,false,1
,I????FaFO,9,1906,,,false,1
,I?????B~o,0,1905,,,false,2
,I?????B~o,1,1905,,,false,2
,I?????B~o,2,1976,,,false,2
,I?????B~o,3,1905,,,false,2
,I?????B~o,4,1905,,,false,2
,I?????B~o,5,1482,,,false,2
,I?????B~o,6,1905,,,false,2
,I?????B~o,7,1905,,,false,2
,I?????B~o,8,1905,,,false,2
,I?????B~o,9,1906,,,false,2
,IoCOOGaOO,0,1906,,,false,2
,IoCOOGaOO,1,1905,,,false,2
,IoCOOGaOO,2,1976,,,false,2
,IoCOOGaOO,3,1976,,,false,2
,IoCOOGaOO,4,1976,,,false,2
,IoCOOGaOO,5,1412,,,false,2
,IoCOOGaOO,6,2399,,,false,2
,IoCOOGaOO,7,1411,,,false,2
,IoCOOGaOO,8,988,,,false,2
,IoCOOGaOO,9,1976,,,false,2
,I?~~vrv|o,0,2399,,,false,6
,I?~~vrv|o,1,2399,,,false,6
,I?~~vrv|o,2,2399,,,false,6
,I?~~vrv|o,3,2470,,,false,6
,I?~~vrv|o,4,2399,,,false,6
,I?~~vrv|o,5,1905,,,false,6
,I?~~vrv|o,6,2470,,,false,6
,I?~~vrv|o,7,2470,,,false,6
,I?~~vrv|o,8,2399,,,false,6
,I?~~vrv|o,9,1906,,,false,6
,I?~~~~~~w,0,2400,,,false,6
,I?~~~~~~w,1,2470,,,false,6
,I?~~~~~~w,2,2399,,,false,6
,I?~~~~~~w,3,1976,,,false,6
,I?~~~~~~w,4,2470,,,false,6
,I?~~~~~~w,5,2400,,,false,6
,I?~~~~~~w,6,2329,,,false,6
,I?~~~~~~w,7,1976,,,false,6
,I?~~~~~~w,8,2399,,,false,6
,I?~~~~~~w,9,2400,,,false,6
,IwCW?CB?w,0,1976,,,false,3
,IwCW?CB?w,1,1482,,,false,3
,IwCW?CB?w,2,1976,,,false,3
,IwCW?CB?w,3,1976,,,false,3
,IwCW?CB?w,4,1905,,,false,3
,IwCW?CB?w,5,1976,,,false,3
,IwCW?CB?w,6,1976,,,false,3
,IwCW?CB?w,7,1906,,,false,3
,IwCW?CB?w,8,1976,,,false,3
,IwCW?CB?w,9,1482,,,false,3
,I`?G]?oBw,0,2399,,,false,3
,I`?G]?oBw,1,1906,,,false,3
,I`?G]?oBw,2,1906,,,false,3
,I`?G]?oBw,3,1835,,,false,3
,I`?G]?oBw,4,1835,,,false,3
,I`?G]?oBw,5,1905,,,false,3
,I`?G]?oBw,6,1482,,,false,3
,I`?G]?oBw,7,1906,,,false,3
,I`?G]?oBw,8,1905,,,false,3
,I`?G]?oBw,9,1976,,,false,3
,IsP@OkWHG,0,2399,,,false,4
,IsP@OkWHG,1,1976,,,false,4
,IsP@OkWHG,2,1905,,,false,4
,IsP@OkWHG,3,2399,,,false,4
,IsP@OkWHG,4,1976,,,false,4
,IsP@OkWHG,5,2470,,,false,4
,IsP@OkWHG,6,1905,,,false,4
,IsP@OkWHG,7,1905,,,false,4
,IsP@OkWHG,8,1835,,,false,4
,IsP@OkWHG,9,1905,,,false,4
,I?hPcterW,0,2470,,,false,4
,I?hPcterW,1,2399,,,false,4
,I?hPcterW,2,1976,,,false,4
,I?hPcterW,3,2399,,,false,4
,I?hPcterW,4,1905,,,false,4
,I?hPcterW,5,1905,,,false,4
,I?hPcterW,6,1976,,,false,4
,I?hPcterW,7,1905,,,false,4
,I?hPcterW,8,1975,,,false,4
,I?hPcterW,9,1906,,,false,4
,I?C]dPcww,0,2399,,,false,3
,I?C]dPcww,1,1976,,,false,3
,I?C]dPcww,2,2399,,,false,3
,I?C]dPcww,3,1905,,,false,3
,I?C]dPcww,4,1976,,,false,3
,I?C]dPcww,5,1976,,,false,3
,I?C]dPcww,6,1482,,,false,3
,I?C]dPcww,7,1906,,,false,3
,I?C]dPcww,8,1835,,,false,3
,I?C]dPcww,9,2329,,,false,3
,I_O_hWZLw,0,1905,,,false,3
,I_O_hWZLw,1,1905,,,false,3
,I_O_hWZLw,2,1906,,,false,3
,I_O_hWZLw,3,1976,,,false,3
,I_O_hWZLw,4,1976,,,false,3
,I_O_hWZLw,5,1906,,,false,3
,I_O_hWZLw,6,1976,,,false,3
,I_O_hWZLw,7,1835,,,false,3
,I_O_hWZLw,8,1906,,,false,3
,I_O_hWZLw,9,1976,,,false,3
,I??EdPKL?,0,1905,,,false,3
,I??EdPKL?,1,1906,,,false,3
,I??EdPKL?,2,1976,,,false,3
,I??EdPKL?,3,1835,,,false,3
,I??EdPKL?,4,1905,,,false,3
,I??EdPKL?,5,1975,,,false,3
,I??EdPKL?,6,1905,,,false,3
,I??EdPKL?,7,1976,,,false,3
,I??EdPKL?,8,1976,,,false,3
,I??EdPKL?,9,1976,,,false,3
,IoCOW@@GO,0,2399,,,false,2
,IoCOW@@GO,1,1905,,,false,2
,IoCOW@@GO,2,1905,,,false,2
,IoCOW@@GO,3,1976,,,false,2
,IoCOW@@GO,4,1976,,,false,2
,IoCOW@@GO,5,1976,,,false,2
,IoCOW@@GO,6,1906,,,false,2
,IoCOW@@GO,7,1905,,,false,2
,IoCOW@@GO,8,1835,,,false,2
,IoCOW@@GO,9,1905,,,false,2
,IwCO?CI@O,0,1835,,,false,2
,IwCO?CI@O,1,1906,,,false,2
,IwCO?CI@O,2,1906,,,false,2
,IwCO?CI@O,3,1976,,,false,2
,IwCO?CI@O,4,1906,,,false,2
,IwCO?CI@O,5,1482,,,false,2
,IwCO?CI@O,6,1835,,,false,2
,IwCO?CI@O,7,1835,,,false,2
,IwCO?CI@O,8,1906,,,false,2
,IwCO?CI@O,9,1905,,,false,2
,IoCOOL?GG,0,1905,,,false,2
,IoCOOL?GG,1,1976,,,false,2
,IoCOOL?GG,2,1905,,,false,2
,IoCOOL?GG,3,1905,,,false,2
,IoCOOL?GG,4,1976,,,false,2
,IoCOOL?GG,5,1906,,,false,2
,IoCOOL?GG,6,1905,,,false,2
,IoCOOL?GG,7,1905,,,false,2
,IoCOOL?GG,8,1482,,,false,2
,IoCOOL?GG,9,1905,,,false,2
,IwCO?CBB?,0,1976,,,false,2
,IwCO?CBB?,1,1906,,,false,2
,IwCO?CBB?,2,1835,,,false,2
,IwCO?CBB?,3,1835,,,false,2
,IwCO?CBB?,4,1905,,,false,2
,IwCO?CBB?,5,1976,,,false,2
,IwCO?CBB?,6,1482,,,false,2
,IwCO?CBB?,7,1905,,,false,2
,IwCO?CBB?,8,1412,,,false,2
,IwCO?CBB?,9,1412,,,false,2
,IA?HcPfnW,0,2329,,,false,3
,IA?HcPfnW,1,2399,,,false,3
,IA?HcPfnW,2,1976,,,false,3
,IA?HcPfnW,3,1976,,,false,3
,IA?HcPfnW,4,1976,,,false,3
,IA?HcPfnW,5,1835,,,false,3
,IA?HcPfnW,6,2329,,,false,3
,IA?HcPfnW,7,2399,,,false,3
,IA?HcPfnW,8,1905,,,false,3
,IA?HcPfnW,9,1905,,,false,3
,IsOExw{XW,0,2893,,,false,5
,IsOExw{XW,1,1905,,,false,5
,IsOExw{XW,2,2399,,,false,5
,IsOExw{XW,3,2329,,,false,5
,IsOExw{XW,4,1976,,,false,5
,IsOExw{XW,5,2399,,,false,5
,IsOExw{XW,6,1905,,,false,5
,IsOExw{XW,7,1976,,,false,5
,IsOExw{XW,8,1975,,,false,5
,IsOExw{XW,9,2399,,,false,5
,IoCQPJ~~o,0,2470,,,false,4
,IoCQPJ~~o,1,1906,,,false,4
,IoCQPJ~~o,2,1976,,,false,4
,IoCQPJ~~o,3,2399,,,false,4
,IoCQPJ~~o,4,1905,,,false,4
,IoCQPJ~~o,5,1976,,,false,4
,IoCQPJ~~o,6,2399,,,false,4
,IoCQPJ~~o,7,2399,,,false,4
,IoCQPJ~~o,8,2399,,,false,4
,IoCQPJ~~o,9,2329,,,false,4
,IIGSSL~~o,0,1905,,,false,4
,IIGSSL~~o,1,1905,,,false,4
,IIGSSL~~o,2,1905,,,false,4
,IIGSSL~~o,3,1976,,,false,4
,IIGSSL~~o,4,2399,,,false,4
,IIGSSL~~o,5,2328,,,false,4
,IIGSSL~~o,6,1906,,,false,4
,IIGSSL~~o,7,1976,,,false,4
,IIGSSL~~o,8,1976,,,false,4
,IIGSSL~~o,9,1976,,,false,4
,I@GUUM~^o,0,1905,,,false,4
,I@GUUM~^o,1,2400,,,false,4
,I@GUUM~^o,2,1906,,,false,4
,I@GUUM~^o,3,1835,,,false,4
,I@GUUM~^o,4,1834,,,false,4
,I@GUUM~^o,5,1834,,,false,4
,I@GUUM~^o,6,1905,,,false,4
,I@GUUM~^o,7,2470,,,false,4
,I@GUUM~^o,8,2400,,,false,4
,I@GUUM~^o,9,2399,,,false,4
,I?EQzU|xw,0,1976,,,false,4
,I?EQzU|xw,1,1906,,,false,4
,I?EQzU|xw,2,1976,,,false,4
,I?EQzU|xw,3,1905,,,false,4
,I?EQzU|xw,4,2470,,,false,4
,I?EQzU|xw,5,1976,,,false,4
,I?EQzU|xw,6,1976,,,false,4
,I?EQzU|xw,7,1905,,,false,4
,I?EQzU|xw,8,1976,,,false,4
,I?EQzU|xw,9,1835,,,false,4
,I?BLYwz|w,0,1906,,,false,4
,I?BLYwz|w,1,1905,,,false,4
,I?BLYwz|w,2,1905,,,false,4
,I?BLYwz|w,3,2470,,,false,4
,I?BLYwz|w,4,1905,,,false,4
,I?BLYwz|w,5,1976,,,false,4
,I?BLYwz|w,6,1905,,,false,4
,I?BLYwz|w,7,1976,,,false,4
,I?BLYwz|w,8,1976,,,false,4
,I?BLYwz|w,9,1976,,,false,4
,I?BT^?|Uo,0,2399,,,false,4
,I?BT^?|Uo,1,1976,,,false,4
,I?BT^?|Uo,2,1976,,,false,4
,I?BT^?|Uo,3,1905,,,false,4
,I?BT^?|Uo,4,1835,,,false,4
,I?BT^?|Uo,5,1905,,,false,4
,I?BT^?|Uo,6,1976,,,false,4
,I?BT^?|Uo,7,1976,,,false,4
,I?BT^?|Uo,8,1906,,,false,4
,I?BT^?|Uo,9,1905,,,false,4
,I`?DIu[ZG,0,1976,,,false,4
,I`?DIu[ZG,1,2470,,,false,4
,I`?DIu[ZG,2,1976,,,false,4
,I`?DIu[ZG,3,1905,,,false,4
,I`?DIu[ZG,4,1905,,,false,4
,I`?DIu[ZG,5,1905,,,false,4
,I`?DIu[ZG,6,2399,,,false,4
,I`?DIu[ZG,7,1905,,,false,4
,I`?DIu[ZG,8,1905,,,false,4
,I`?DIu[ZG,9,2329,,,false,4
,I?`H]es]?,0,1906,,,false,5
,I?`H]es]?,1,2399,,,false,5
,I?`H]es]?,2,1905,,,false,5
,I?`H]es]?,3,1976,,,false,5
,I?`H]es]?,4,1976,,,false,5
,I?`H]es]?,5,2399,,,false,5
,I?`H]es]?,6,1905,,,false,5
,I?`H]es]?,7,1976,,,false,5
,I?`H]es]?,8,1906,,,false,5
,I?`H]es]?,9,1976,,,false,5
,IR?HWzKoo,0,2400,,,false,4
,IR?HWzKoo,1,1976,,,false,4
,IR?HWzKoo,2,1976,,,false,4
,IR?HWzKoo,3,1905,,,false,4
,IR?HWzKoo,4,1905,,,false,4
,IR?HWzKoo,5,1976,,,false,4
,IR?HWzKoo,6,1905,,,false,4
,IR?HWzKoo,7,1976,,,false,4
,IR?HWzKoo,8,2400,,,false,4
,IR?HWzKoo,9,1906,,,false,4
,I`?NE_lF_,0,2399,,,false,3
,I`?NE_lF_,1,1905,,,false,3
,I`?NE_lF_,2,1905,,,false,3
,I`?NE_lF_,3,1835,,,false,3
,I`?NE_lF_,4,1905,,,false,3
,I`?NE_lF_,5,1976,,,false,3
,I`?NE_lF_,6,1905,,,false,3
,I`?NE_lF_,7,2329,,,false,3
,I`?NE_lF_,8,2329,,,false,3
,I`?NE_lF_,9,1906,,,false,3
,IW@[pqTQw,0,2400,,,false,5
,IW@[pqTQw,1,1905,,,false,5
,IW@[pqTQw,2,1905,,,false,5
,IW@[pqTQw,3,1976,,,false,5
,IW@[pqTQw,4,1905,,,false,5
,IW@[pqTQw,5,1905,,,false,5
,IW@[pqTQw,6,2470,,,false,5
,IW@[pqTQw,7,2329,,,false,5
,IW@[pqTQw,8,2399,,,false,5
,IW@[pqTQw,9,2469,,,false,5
,I`i\QleUW,0,4376,,,false,6
,I`i\QleUW,1,2894,,,false,6
,I`i\QleUW,2,2470,,,false,6
,I`i\QleUW,3,2893,,,false,6
,I`i\QleUW,4,2823,,,false,6
,I`i\QleUW,5,2894,,,false,6
,I`i\QleUW,6,2470,,,false,6
,I`i\QleUW,7,2470,,,false,6
,I`i\QleUW,8,2400,,,false,6
,I`i\QleUW,9,2400,,,false,6
,ICQjlt{}?,0,2894,,,false,5
,ICQjlt{}?,1,2399,,,false,5
,ICQjlt{}?,2,2399,,,false,5
,ICQjlt{}?,3,2399,,,false,5
,ICQjlt{}?,4,2399,,,false,5
,ICQjlt{}?,5,2400,,,false,5
,ICQjlt{}?,6,2823,,,false,5
,ICQjlt{}?,7,2399,,,false,5
,ICQjlt{}?,8,2399,,,false,5
,ICQjlt{}?,9,2400,,,false,5
,I}iAxxLLg,0,2964,,,false,6
,I}iAxxLLg,1,2400,,,false,6
,I}iAxxLLg,2,2400,,,false,6
,I}iAxxLLg,3,2329,,,false,6
,I}iAxxLLg,4,2399,,,false,6
,I}iAxxLLg,5,2470,,,false,6
,I}iAxxLLg,6,2893,,,false,6
,I}iAxxLLg,7,2399,,,false,6
,I}iAxxLLg,8,2469,,,false,6
,I}iAxxLLg,9,2893,,,false,6
,Ihe@WxVwo,0,2823,,,false,6
,Ihe@WxVwo,1,2399,,,false,6
,Ihe@WxVwo,2,2470,,,false,6
,Ihe@WxVwo,3,2399,,,false,6
,Ihe@WxVwo,4,2329,,,false,6
,Ihe@WxVwo,5,1976,,,false,6
,Ihe@WxVwo,6,2399,,,false,6
,Ihe@WxVwo,7,2470,,,false,6
,Ihe@WxVwo,8,2399,,,false,6
,Ihe@WxVwo,9,2823,,,false,6
,IRCm]YiTW,0,2822,,,false,5
,IRCm]YiTW,1,2400,,,false,5
,IRCm]YiTW,2,2400,,,false,5
,IRCm]YiTW,3,2470,,,false,5
,IRCm]YiTW,4,2399,,,false,5
,IRCm]YiTW,5,2399,,,false,5
,IRCm]YiTW,6,2400,,,false,5
,IRCm]YiTW,7,2399,,,false,5
,IRCm]YiTW,8,2470,,,false,5
,IRCm]YiTW,9,2470,,,false,5
,I@qixrTwo,0,2964,,,false,5
,I@qixrTwo,1,2894,,,false,5
,I@qixrTwo,2,2400,,,false,5
,I@qixrTwo,3,2399,,,false,5
,I@qixrTwo,4,2399,,,false,5
,I@qixrTwo,5,2399,,,false,5
,I@qixrTwo,6,2399,,,false,5
,I@qixrTwo,7,2399,,,false,5
,I@qixrTwo,8,2399,,,false,5
,I@qixrTwo,9,2400,,,false,5
,IqHHcpNLo,0,2470,,,false,5
,IqHHcpNLo,1,1976,,,false,5
,IqHHcpNLo,2,1976,,,false,5
,IqHHcpNLo,3,2470,,,false,5
,IqHHcpNLo,4,2400,,,false,5
,IqHHcpNLo,5,2328,,,false,5
,IqHHcpNLo,6,2399,,,false,5
,IqHHcpNLo,7,2399,,,false,5
,IqHHcpNLo,8,1976,,,false,5
,IqHHcpNLo,9,1905,,,false,5
,IqIAXl\N_,0,1976,,,false,6
,IqIAXl\N_,1,1976,,,false,6
,IqIAXl\N_,2,1906,,,false,6
,IqIAXl\N_,3,2328,,,false,6
,IqIAXl\N_,4,1905,,,false,6
,IqIAXl\N_,5,1905,,,false,6
,IqIAXl\N_,6,1976,,,false,6
,IqIAXl\N_,7,1976,,,false,6
,IqIAXl\N_,8,1905,,,false,6
,IqIAXl\N_,9,1905,,,false,6
,ICqhqlx\_,0,2399,,,false,6
,ICqhqlx\_,1,2399,,,false,6
,ICqhqlx\_,2,2399,,,false,6
,ICqhqlx\_,3,1906,,,false,6
,ICqhqlx\_,4,2400,,,false,6
,ICqhqlx\_,5,1976,,,false,6
,ICqhqlx\_,6,1976,,,false,6
,ICqhqlx\_,7,2399,,,false,6
,ICqhqlx\_,8,2399,,,false,6
,ICqhqlx\_,9,1976,,,false,6
,IAJLn@ZNO,0,1976,,,false,5
,IAJLn@ZNO,1,2470,,,false,5
,IAJLn@ZNO,2,1976,,,false,5
,IAJLn@ZNO,3,1835,,,false,5
,IAJLn@ZNO,4,2400,,,false,5
,IAJLn@ZNO,5,1905,,,false,5
,IAJLn@ZNO,6,1906,,,false,5
,IAJLn@ZNO,7,2329,,,false,5
,IAJLn@ZNO,8,1906,,,false,5
,IAJLn@ZNO,9,1905,,,false,5
,IsLGjERZG,0,2400,,,false,5
,IsLGjERZG,1,1906,,,false,5
,IsLGjERZG,2,1975,,,false,5
,IsLGjERZG,3,2399,,,false,5
,IsLGjERZG,4,1905,,,false,5
,IsLGjERZG,5,1906,,,false,5
,IsLGjERZG,6,2329,,,false,5
,IsLGjERZG,7,2399,,,false,5
,IsLGjERZG,8,1975,,,false,5
,IsLGjERZG,9,1976,,,false,5
,IRrJC_fEw,0,17007,,,false,6
,IRrJC_fEw,1,1412,,,false,6
,IRrJC_fEw,2,2400,,,false,6
,IRrJC_fEw,3,2470,,,false,6
,IRrJC_fEw,4,2470,,,false,6
,IRrJC_fEw,5,2399,,,false,6
,IRrJC_fEw,6,2400,,,false,6
,IRrJC_fEw,7,1835,,,false,6
,IRrJC_fEw,8,1905,,,false,6
,IRrJC_fEw,9,2469,,,false,6
,ItP@yglaw,0,2470,,,false,5
,ItP@yglaw,1,2470,,,false,5
,ItP@yglaw,2,1905,,,false,5
,ItP@yglaw,3,1905,,,false,5
,ItP@yglaw,4,2470,,,false,5
,ItP@yglaw,5,1835,,,false,5
,ItP@yglaw,6,2470,,,false,5
,ItP@yglaw,7,1905,,,false,5
,ItP@yglaw,8,2399,,,false,5
,ItP@yglaw,9,2328,,,false,5
,I``Cz]{^?,0,2399,,,false,5
,I``Cz]{^?,1,2329,,,false,5
,I``Cz]{^?,2,1906,,,false,5
,I``Cz]{^?,3,1976,,,false,5
,I``Cz]{^?,4,2470,,,false,5
,I``Cz]{^?,5,1905,,,false,5
,I``Cz]{^?,6,1905,,,false,5
,I``Cz]{^?,7,2399,,,false,5
,I``Cz]{^?,8,1906,,,false,5
,I``Cz]{^?,9,1906,,,false,5
,IGEBGz`eg,0,2329,,,false,3
,IGEBGz`eg,1,1906,,,false,3
,IGEBGz`eg,2,1905,,,false,3
,IGEBGz`eg,3,1905,,,false,3
,IGEBGz`eg,4,1906,,,false,3
,IGEBGz`eg,5,1976,,,false,3
,IGEBGz`eg,6,1905,,,false,3
,IGEBGz`eg,7,1834,,,false,3
,IGEBGz`eg,8,1481,,,false,3
,IGEBGz`eg,9,1976,,,false,3
,I`?NE_nFo,0,1976,,,false,4
,I`?NE_nFo,1,1976,,,false,4
,I`?NE_nFo,2,1976,,,false,4
,I`?NE_nFo,3,1906,,,false,4
,I`?NE_nFo,4,1905,,,false,4
,I`?NE_nFo,5,1482,,,false,4
,I`?NE_nFo,6,1906,,,false,4
,I`?NE_nFo,7,2470,,,false,4
,I`?NE_nFo,8,1976,,,false,4
,I`?NE_nFo,9,1976,,,false,4
,I?[_k^atG,0,2329,,,false,5
,I?[_k^atG,1,1906,,,false,5
,I?[_k^atG,2,1976,,,false,5
,I?[_k^atG,3,1905,,,false,5
,I?[_k^atG,4,1906,,,false,5
,I?[_k^atG,5,2470,,,false,5
,I?[_k^atG,6,1905,,,false,5
,I?[_k^atG,7,2328,,,false,5
,I?[_k^atG,8,1905,,,false,5
,I?[_k^atG,9,1906,,,false,5
,I@GZSncuG,0,2400,,,false,5
,I@GZSncuG,1,2400,,,false,5
,I@GZSncuG,2,1976,,,false,5
,I@GZSncuG,3,2399,,,false,5
,I@GZSncuG,4,1906,,,false,5
,I@GZSncuG,5,1835,,,false,5
,I@GZSncuG,6,1905,,,false,5
,I@GZSncuG,7,2399,,,false,5
,I@GZSncuG,8,1976,,,false,5
,I@GZSncuG,9,2399,,,false,5
,I@GZSncu?,0,2399,,,false,5
,I@GZSncu?,1,1976,,,false,5
,I@GZSncu?,2,1905,,,false,5
,I@GZSncu?,3,2470,,,false,5
,I@GZSncu?,4,1906,,,false,5
,I@GZSncu?,5,1976,,,false,5
,I@GZSncu?,6,2470,,,false,5
,I@GZSncu?,7,1976,,,false,5
,I@GZSncu?,8,2400,,,false,5
,I@GZSncu?,9,1976,,,false,5
,IWDApy[`w,0,2399,,,false,5
,IWDApy[`w,1,2328,,,false,5
,IWDApy[`w,2,1906,,,false,5
,IWDApy[`w,3,1976,,,false,5
,IWDApy[`w,4,1976,,,false,5
,IWDApy[`w,5,2399,,,false,5
,IWDApy[`w,6,1906,,,false,5
,IWDApy[`w,7,1976,,,false,5
,IWDApy[`w,8,1905,,,false,5
,IWDApy[`w,9,2399,,,false,5
,IoD@Is{f_,0,2400,,,false,4
,IoD@Is{f_,1,1976,,,false,4
,IoD@Is{f_,2,1976,,,false,4
,IoD@Is{f_,3,2399,,,false,4
,IoD@Is{f_,4,1835,,,false,4
,IoD@Is{f_,5,1905,,,false,4
,IoD@Is{f_,6,1976,,,false,4
,IoD@Is{f_,7,1905,,,false,4
,IoD@Is{f_,8,2470,,,false,4
,IoD@Is{f_,9,1905,,,false,4
,IRGOW^Kow,0,2470,,,false,4
,IRGOW^Kow,1,1905,,,false,4
,IRGOW^Kow,2,1905,,,false,4
,IRGOW^Kow,3,1905,,,false,4
,IRGOW^Kow,4,2399,,,false,4
,IRGOW^Kow,5,1976,,,false,4
,IRGOW^Kow,6,1976,,,false,4
,IRGOW^Kow,7,1905,,,false,4
,IRGOW^Kow,8,1906,,,false,4
,IRGOW^Kow,9,1906,,,false,4
,I?EZZjQiW,0,2470,,,false,5
,I?EZZjQiW,1,2400,,,false,5
,I?EZZjQiW,2,1976,,,false,5
,I?EZZjQiW,3,1976,,,false,5
,I?EZZjQiW,4,2400,,,false,5
,I?EZZjQiW,5,1906,,,false,5
,I?EZZjQiW,6,1976,,,false,5
,I?EZZjQiW,7,1976,,,false,5
,I?EZZjQiW,8,1975,,,false,5
,I?EZZjQiW,9,1976,,,false,5
,I?LtdXZr_,0,2470,,,false,5
,I?LtdXZr_,1,1976,,,false,5
,I?LtdXZr_,2,2400,,,false,5
,I?LtdXZr_,3,1906,,,false,5
,I?LtdXZr_,4,2400,,,false,5
,I?LtdXZr_,5,1976,,,false,5
,I?LtdXZr_,6,1905,,,false,5
,I?LtdXZr_,7,2470,,,false,5
,I?LtdXZr_,8,1905,,,false,5
,I?LtdXZr_,9,1835,,,false,5
,I?^@lhRig,0,2329,,,false,5
,I?^@lhRig,1,1411,,,false,5
,I?^@lhRig,2,1906,,,false,5
,I?^@lhRig,3,1906,,,false,5
,I?^@lhRig,4,2469,,,false,5
,I?^@lhRig,5,1906,,,false,5
,I?^@lhRig,6,2400,,,false,5
,I?^@lhRig,7,1905,,,false,5
,I?^@lhRig,8,2399,,,false,5
,I?^@lhRig,9,1906,,,false,5
,IgNSQcnLo,0,2329,,,false,5
,IgNSQcnLo,1,1976,,,false,5
,IgNSQcnLo,2,1976,,,false,5
,IgNSQcnLo,3,2400,,,false,5
,IgNSQcnLo,4,1835,,,false,5
,IgNSQcnLo,5,2399,,,false,5
,IgNSQcnLo,6,1976,,,false,5
,IgNSQcnLo,7,1906,,,false,5
,IgNSQcnLo,8,1975,,,false,5
,IgNSQcnLo,9,2399,,,false,5
,I`hPWxbcw,0,2399,,,false,5
,I`hPWxbcw,1,2400,,,false,5
,I`hPWxbcw,2,1906,,,false,5
,I`hPWxbcw,3,1905,,,false,5
,I`hPWxbcw,4,1976,,,false,5
,I`hPWxbcw,5,1976,,,false,5
,I`hPWxbcw,6,1975,,,false,5
,I`hPWxbcw,7,2399,,,false,5
,I`hPWxbcw,8,1976,,,false,5
,I`hPWxbcw,9,2399,,,false,5
,Iw?yspTIw,0,2399,,,false,5
,Iw?yspTIw,1,1905,,,false,5
,Iw?yspTIw,2,1905,,,false,5
,Iw?yspTIw,3,1976,,,false,5
,Iw?yspTIw,4,2400,,,false,5
,Iw?yspTIw,5,1835,,,false,5
,Iw?yspTIw,6,1905,,,false,5
,Iw?yspTIw,7,2399,,,false,5
,Iw?yspTIw,8,1976,,,false,5
,Iw?yspTIw,9,1976,,,false,5
,Ija?X_J@w,0,2329,,,false,4
,Ija?X_J@w,1,1976,,,false,4
,Ija?X_J@w,2,1976,,,false,4
,Ija?X_J@w,3,1905,,,false,4
,Ija?X_J@w,4,1906,,,false,4
,Ija?X_J@w,5,1906,,,false,4
,Ija?X_J@w,6,1976,,,false,4
,Ija?X_J@w,7,1975,,,false,4
,Ija?X_J@w,8,1976,,,false,4
,Ija?X_J@w,9,1906,,,false,4
,I{?BWoTBW,0,1976,,,false,3
,I{?BWoTBW,1,2328,,,false,3
,I{?BWoTBW,2,1976,,,false,3
,I{?BWoTBW,3,1906,,,false,3
,I{?BWoTBW,4,1905,,,false,3
,I{?BWoTBW,5,1976,,,false,3
,I{?BWoTBW,6,1906,,,false,3
,I{?BWoTBW,7,1906,,,false,3
,I{?BWoTBW,8,1906,,,false,3
,I{?BWoTBW,9,2328,,,false,3
,IRaIACbFG,0,2399,,,false,3
,IRaIACbFG,1,1976,,,false,3
,IRaIACbFG,2,1905,,,false,3
,IRaIACbFG,3,1976,,,false,3
,IRaIACbFG,4,1906,,,false,3
,IRaIACbFG,5,1905,,,false,3
,IRaIACbFG,6,1835,,,false,3
,IRaIACbFG,7,1905,,,false,3
,IRaIACbFG,8,1906,,,false,3
,IRaIACbFG,9,1976,,,false,3
,IqS`K?X@w,0,1905,,,false,3
,IqS`K?X@w,1,1975,,,false,3
,IqS`K?X@w,2,1905,,,false,3
,IqS`K?X@w,3,1906,,,false,3
,IqS`K?X@w,4,1835,,,false,3
,IqS`K?X@w,5,2399,,,false,3
,IqS`K?X@w,6,1905,,,false,3
,IqS`K?X@w,7,1975,,,false,3
,IqS`K?X@w,8,1905,,,false,3
,IqS`K?X@w,9,1905,,,false,3
,It?GY@FMO,0,1976,,,false,3
,It?GY@FMO,1,1905,,,false,3
,It?GY@FMO,2,1976,,,false,3
,It?GY@FMO,3,1905,,,false,3
,It?GY@FMO,4,1905,,,false,3
,It?GY@FMO,5,1482,,,false,3
,It?GY@FMO,6,2470,,,false,3
,It?GY@FMO,7,2822,,,false,3
,It?GY@FMO,8,2399,,,false,3
,It?GY@FMO,9,2328,,,false,3
,I`B@_WJ}?,0,2823,,,false,3
,I`B@_WJ}?,1,1906,,,false,3
,I`B@_WJ}?,2,1976,,,false,3
,I`B@_WJ}?,3,1905,,,false,3
,I`B@_WJ}?,4,2329,,,false,3
,I`B@_WJ}?,5,1905,,,false,3
,I`B@_WJ}?,6,1905,,,false,3
,I`B@_WJ}?,7,1905,,,false,3
,I`B@_WJ}?,8,1976,,,false,3
,I`B@_WJ}?,9,1905,,,false,3
,ItPG?CfEo,0,2400,,,false,3
,ItPG?CfEo,1,1906,,,false,3
,ItPG?CfEo,2,2329,,,false,3
,ItPG?CfEo,3,1906,,,false,3
,ItPG?CfEo,4,1905,,,false,3
,ItPG?CfEo,5,1976,,,false,3
,ItPG?CfEo,6,1976,,,false,3
,ItPG?CfEo,7,1905,,,false,3
,ItPG?CfEo,8,1905,,,false,3
,ItPG?CfEo,9,1906,,,false,3
,IFAIPWjp_,0,2400,,,false,4
,IFAIPWjp_,1,1976,,,false,4
,IFAIPWjp_,2,1905,,,false,4
,IFAIPWjp_,3,1976,,,false,4
,IFAIPWjp_,4,1976,,,false,4
,IFAIPWjp_,5,1905,,,false,4
,IFAIPWjp_,6,1906,,,false,4
,IFAIPWjp_,7,1906,,,false,4
,IFAIPWjp_,8,1906,,,false,4
,IFAIPWjp_,9,1906,,,false,4
,Iq??XyiTg,0,2399,,,false,3
,Iq??XyiTg,1,1976,,,false,3
,Iq??XyiTg,2,1905,,,false,3
,Iq??XyiTg,3,1905,,,false,3
,Iq??XyiTg,4,1905,,,false,3
,Iq??XyiTg,5,1835,,,false,3
,Iq??XyiTg,6,1905,,,false,3
,Iq??XyiTg,7,1975,,,false,3
,Iq??XyiTg,8,1906,,,false,3
,Iq??XyiTg,9,1905,,,false,3
,I@?uQQL{O,0,988,,,false,3
,I@?uQQL{O,1,988,,,false,3
,I@?uQQL{O,2,988,,,false,3
,I@?uQQL{O,3,2470,,,false,3
,I@?uQQL{O,4,2400,,,false,3
,I@?uQQL{O,5,1976,,,false,3
,I@?uQQL{O,6,1976,,,false,3
,I@?uQQL{O,7,1905,,,false,3
,I@?uQQL{O,8,1905,,,false,3
,I@?uQQL{O,9,1976,,,false,3
,IGAZOqPwW,0,1906,,,false,3
,IGAZOqPwW,1,1906,,,false,3
,IGAZOqPwW,2,1835,,,false,3
,IGAZOqPwW,3,1976,,,false,3
,IGAZOqPwW,4,2400,,,false,3
,IGAZOqPwW,5,1835,,,false,3
,IGAZOqPwW,6,2329,,,false,3
,IGAZOqPwW,7,1906,,,false,3
,IGAZOqPwW,8,1835,,,false,3
,IGAZOqPwW,9,1976,,,false,3
,IJaD_XDAw,0,2399,,,false,4
,IJaD_XDAw,1,1905,,,false,4
,IJaD_XDAw,2,1906,,,false,4
,IJaD_XDAw,3,1976,,,false,4
,IJaD_XDAw,4,1906,,,false,4
,IJaD_XDAw,5,1976,,,false,4
,IJaD_XDAw,6,2400,,,false,4
,IJaD_XDAw,7,1906,,,false,4
,IJaD_XDAw,8,2399,,,false,4
,IJaD_XDAw,9,1906,,,false,4
,IF?G]YiX_,0,2400,,,false,4
,IF?G]YiX_,1,1976,,,false,4
,IF?G]YiX_,2,2470,,,false,4
,IF?G]YiX_,3,2400,,,false,4
,IF?G]YiX_,4,1835,,,false,4
,IF?G]YiX_,5,2400,,,false,4
,IF?G]YiX_,6,1905,,,false,4
,IF?G]YiX_,7,1905,,,false,4
,IF?G]YiX_,8,1976,,,false,4
,IF?G]YiX_,9,1905,,,false,4
,ItPG?CrBo,0,1976,,,false,3
,ItPG?CrBo,1,1906,,,false,3
,ItPG?CrBo,2,2399,,,false,3
,ItPG?CrBo,3,1906,,,false,3
,ItPG?CrBo,4,1906,,,false,3
,ItPG?CrBo,5,1976,,,false,3
,ItPG?CrBo,6,1905,,,false,3
,ItPG?CrBo,7,2400,,,false,3
,ItPG?CrBo,8,1905,,,false,3
,ItPG?CrBo,9,1905,,,false,3
,Is?JY_pBW,0,1976,,,false,4
,Is?JY_pBW,1,1905,,,false,4
,Is?JY_pBW,2,2328,,,false,4
,Is?JY_pBW,3,2399,,,false,4
,Is?JY_pBW,4,1906,,,false,4
,Is?JY_pBW,5,1905,,,false,4
,Is?JY_pBW,6,2400,,,false,4
,Is?JY_pBW,7,1976,,,false,4
,Is?JY_pBW,8,1906,,,false,4
,Is?JY_pBW,9,2400,,,false,4
,I?X_sespo,0,2328,,,false,3
,I?X_sespo,1,1905,,,false,3
,I?X_sespo,2,1906,,,false,3
,I?X_sespo,3,1975,,,false,3
,I?X_sespo,4,1976,,,false,3
,I?X_sespo,5,2400,,,false,3
,I?X_sespo,6,1976,,,false,3
,I?X_sespo,7,1906,,,false,3
,I?X_sespo,8,1976,,,false,3
,I?X_sespo,9,1905,,,false,3
,Ii??Xyidg,0,1906,,,false,3
,Ii??Xyidg,1,1976,,,false,3
,Ii??Xyidg,2,1905,,,false,3
,Ii??Xyidg,3,1835,,,false,3
,Ii??Xyidg,4,2329,,,false,3
,Ii??Xyidg,5,1906,,,false,3
,Ii??Xyidg,6,2470,,,false,3
,Ii??Xyidg,7,1905,,,false,3
,Ii??Xyidg,8,1906,,,false,3
,Ii??Xyidg,9,1905,,,false,3
,Iq`@OgfEw,0,2399,,,false,4
,Iq`@OgfEw,1,2328,,,false,4
,Iq`@OgfEw,2,1905,,,false,4
,Iq`@OgfEw,3,2399,,,false,4
,Iq`@OgfEw,4,1976,,,false,4
,Iq`@OgfEw,5,1905,,,false,4
,Iq`@OgfEw,6,1976,,,false,4
,Iq`@OgfEw,7,1976,,,false,4
,Iq`@OgfEw,8,1905,,,false,4
,Iq`@OgfEw,9,1906,,,false,4
,Is?IXXQKW,0,2328,,,false,4
,Is?IXXQKW,1,1905,,,false,4
,Is?IXXQKW,2,2470,,,false,4
,Is?IXXQKW,3,1976,,,false,4
,Is?IXXQKW,4,1905,,,false,4
,Is?IXXQKW,5,2399,,,false,4
,Is?IXXQKW,6,1835,,,false,4
,Is?IXXQKW,7,1906,,,false,4
,Is?IXXQKW,8,1905,,,false,4
,Is?IXXQKW,9,1976,,,false,4
,IqMA`OF@w,0,2400,,,false,4
,IqMA`OF@w,1,1905,,,false,4
,IqMA`OF@w,2,2399,,,false,4
,IqMA`OF@w,3,1976,,,false,4
,IqMA`OF@w,4,1906,,,false,4
,IqMA`OF@w,5,1976,,,false,4
,IqMA`OF@w,6,1976,,,false,4
,IqMA`OF@w,7,1835,,,false,4
,IqMA`OF@w,8,1835,,,false,4
,IqMA`OF@w,9,2470,,,false,4
,Ija?pGJ@w,0,2329,,,false,4
,Ija?pGJ@w,1,2400,,,false,4
,Ija?pGJ@w,2,1976,,,false,4
,Ija?pGJ@w,3,1976,,,false,4
,Ija?pGJ@w,4,1905,,,false,4
,Ija?pGJ@w,5,2329,,,false,4
,Ija?pGJ@w,6,2329,,,false,4
,Ija?pGJ@w,7,1835,,,false,4
,Ija?pGJ@w,8,1905,,,false,4
,Ija?pGJ@w,9,2399,,,false,4
,I?emBXQKg,0,2329,,,false,4
,I?emBXQKg,1,1976,,,false,4
,I?emBXQKg,2,1976,,,false,4
,I?emBXQKg,3,1905,,,false,4
,I?emBXQKg,4,2400,,,false,4
,I?emBXQKg,5,1906,,,false,4
,I?emBXQKg,6,1906,,,false,4
,I?emBXQKg,7,1905,,,false,4
,I?emBXQKg,8,2399,,,false,4
,I?emBXQKg,9,1906,,,false,4
,I__HGlo}G,0,2399,,,false,4
,I__HGlo}G,1,2823,,,false,4
,I__HGlo}G,2,2894,,,false,4
,I__HGlo}G,3,1976,,,false,4
,I__HGlo}G,4,1905,,,false,4
,I__HGlo}G,5,1905,,,false,4
,I__HGlo}G,6,1976,,,false,4
,I__HGlo}G,7,1906,,,false,4
,I__HGlo}G,8,1905,,,false,4
,I__HGlo}G,9,1976,,,false,4
,IoCOQKf}?,0,1976,,,false,4
,IoCOQKf}?,1,1976,,,false,4
,IoCOQKf}?,2,1905,,,false,4
,IoCOQKf}?,3,1905,,,false,4
,IoCOQKf}?,4,1975,,,false,4
,IoCOQKf}?,5,1976,,,false,4
,IoCOQKf}?,6,1976,,,false,4
,IoCOQKf}?,7,1905,,,false,4
,IoCOQKf}?,8,2329,,,false,4
,IoCOQKf}?,9,1835,,,false,4
,IWAQWoXwW,0,2400,,,false,4
,IWAQWoXwW,1,1835,,,false,4
,IWAQWoXwW,2,1835,,,false,4
,IWAQWoXwW,3,1905,,,false,4
,IWAQWoXwW,4,1905,,,false,4
,IWAQWoXwW,5,1905,,,false,4
,IWAQWoXwW,6,1905,,,false,4
,IWAQWoXwW,7,1976,,,false,4
,IWAQWoXwW,8,1905,,,false,4
,IWAQWoXwW,9,1905,,,false,4
,IsP@OgfEw,0,2399,,,false,4
,IsP@OgfEw,1,1976,,,false,4
,IsP@OgfEw,2,1905,,,false,4
,IsP@OgfEw,3,1976,,,false,4
,IsP@OgfEw,4,2329,,,false,4
,IsP@OgfEw,5,1976,,,false,4
,IsP@OgfEw,6,1905,,,false,4
,IsP@OgfEw,7,1905,,,false,4
,IsP@OgfEw,8,1976,,,false,4
,IsP@OgfEw,9,1905,,,false,4
,IQ`F`GXBW,0,2469,,,false,4
,IQ`F`GXBW,1,1906,,,false,4
,IQ`F`GXBW,2,1835,,,false,4
,IQ`F`GXBW,3,1906,,,false,4
,IQ`F`GXBW,4,1905,,,false,4
,IQ`F`GXBW,5,1905,,,false,4
,IQ`F`GXBW,6,1976,,,false,4
,IQ`F`GXBW,7,2399,,,false,4
,IQ`F`GXBW,8,2399,,,false,4
,IQ`F`GXBW,9,1905,,,false,4
,IsOPAWVIw,0,2399,,,false,4
,IsOPAWVIw,1,1906,,,false,4
,IsOPAWVIw,2,2400,,,false,4
,IsOPAWVIw,3,1906,,,false,4
,IsOPAWVIw,4,1975,,,false,4
,IsOPAWVIw,5,1906,,,false,4
,IsOPAWVIw,6,1835,,,false,4
,IsOPAWVIw,7,1835,,,false,4
,IsOPAWVIw,8,2329,,,false,4
,IsOPAWVIw,9,1906,,,false,4
,IIGOSMF}?,0,1906,,,false,4
,IIGOSMF}?,1,1906,,,false,4
,IIGOSMF}?,2,1976,,,false,4
,IIGOSMF}?,3,1976,,,false,4
,IIGOSMF}?,4,1906,,,false,4
,IIGOSMF}?,5,1976,,,false,4
,IIGOSMF}?,6,1905,,,false,4
,IIGOSMF}?,7,1976,,,false,4
,IIGOSMF}?,8,1976,,,false,4
,IIGOSMF}?,9,1976,,,false,4
,IqGODTUBw,0,2400,,,false,3
,IqGODTUBw,1,1976,,,false,3
,IqGODTUBw,2,1976,,,false,3
,IqGODTUBw,3,2400,,,false,3
,IqGODTUBw,4,1976,,,false,3
,IqGODTUBw,5,1905,,,false,3
,IqGODTUBw,6,1976,,,false,3
,IqGODTUBw,7,1905,,,false,3
,IqGODTUBw,8,1905,,,false,3
,IqGODTUBw,9,1905,,,false,3
,I``@xaHPW,0,2400,,,false,3
,I``@xaHPW,1,1906,,,false,3
,I``@xaHPW,2,1906,,,false,3
,I``@xaHPW,3,1905,,,false,3
,I``@xaHPW,4,1976,,,false,3
,I``@xaHPW,5,1905,,,false,3
,I``@xaHPW,6,2399,,,false,3
,I``@xaHPW,7,1905,,,false,3
,I``@xaHPW,8,1905,,,false,3
,I``@xaHPW,9,1905,,,false,3
,I@`MEWyL_,0,2399,,,false,3
,I@`MEWyL_,1,1905,,,false,3
,I@`MEWyL_,2,1976,,,false,3
,I@`MEWyL_,3,2399,,,false,3
,I@`MEWyL_,4,1905,,,false,3
,I@`MEWyL_,5,1482,,,false,3
,I@`MEWyL_,6,1905,,,false,3
,I@`MEWyL_,7,1906,,,false,3
,I@`MEWyL_,8,1905,,,false,3
,I@`MEWyL_,9,2470,,,false,3
,IukAHLUJO,0,2470,,,false,4
,IukAHLUJO,1,1906,,,false,4
,IukAHLUJO,2,2400,,,false,4
,IukAHLUJO,3,1906,,,false,4
,IukAHLUJO,4,1906,,,false,4
,IukAHLUJO,5,1905,,,false,4
,IukAHLUJO,6,1976,,,false,4
,IukAHLUJO,7,1905,,,false,4
,IukAHLUJO,8,1905,,,false,4
,IukAHLUJO,9,2399,,,false,4
,I~~DI[vFw,0,2329,,,false,6
,I~~DI[vFw,1,1976,,,false,6
,I~~DI[vFw,2,2399,,,false,6
,I~~DI[vFw,3,1976,,,false,6
,I~~DI[vFw,4,2400,,,false,6
,I~~DI[vFw,5,2400,,,false,6
,I~~DI[vFw,6,2400,,,false,6
,I~~DI[vFw,7,1835,,,false,6
,I~~DI[vFw,8,2399,,,false,6
,I~~DI[vFw,9,2470,,,false,6
,I~qkzXZLw,0,2399,,,false,7
,I~qkzXZLw,1,2470,,,false,7
,I~qkzXZLw,2,1905,,,false,7
,I~qkzXZLw,3,1834,,,false,7
,I~qkzXZLw,4,1905,,,false,7
,I~qkzXZLw,5,2399,,,false,7
,I~qkzXZLw,6,2399,,,false,7
,I~qkzXZLw,7,2399,,,false,7
,I~qkzXZLw,8,2399,,,false,7
,I~qkzXZLw,9,2399,,,false,7
,I???h?HpG,0,1482,,,false,1
,I???h?HpG,1,2822,,,false,1
,I???h?HpG,2,1905,,,false,1
,I???h?HpG,3,1976,,,false,1
,I???h?HpG,4,1976,,,false,1
,I???h?HpG,5,1905,,,false,1
,I???h?HpG,6,1905,,,false,1
,I???h?HpG,7,1835,,,false,1
,I???h?HpG,8,1906,,,false,1
,I???h?HpG,9,1905,,,false,1
,I????SE{G,0,1976,,,false,1
,I????SE{G,1,1976,,,false,1
,I????SE{G,2,1481,,,false,1
,I????SE{G,3,1482,,,false,1
,I????SE{G,4,1905,,,false,1
,I????SE{G,5,1905,,,false,1
,I????SE{G,6,1905,,,false,1
,I????SE{G,7,1976,,,false,1
,I????SE{G,8,1482,,,false,1
,I????SE{G,9,1905,,,false,1
,I???BGY`_,0,2470,,,false,1
,I???BGY`_,1,2399,,,false,1
,I???BGY`_,2,2399,,,false,1
,I???BGY`_,3,2400,,,false,1
,I???BGY`_,4,2964,,,false,1
,I???BGY`_,5,1976,,,false,1
,I???BGY`_,6,1482,,,false,1
,I???BGY`_,7,1906,,,false,1
,I???BGY`_,8,1906,,,false,1
,I???BGY`_,9,1905,,,false,1
,It?IQGiDO,0,2399,,,false,3
,It?IQGiDO,1,1905,,,false,3
,It?IQGiDO,2,2399,,,false,3
,It?IQGiDO,3,1905,,,false,3
,It?IQGiDO,4,1905,,,false,3
,It?IQGiDO,5,2399,,,false,3
,It?IQGiDO,6,1905,,,false,3
,It?IQGiDO,7,1976,,,false,3
,It?IQGiDO,8,1906,,,false,3
,It?IQGiDO,9,1976,,,false,3
,IG_UXzs}O,0,2822,,,false,4
,IG_UXzs}O,1,2470,,,false,4
,IG_UXzs}O,2,1976,,,false,4
,IG_UXzs}O,3,2399,,,false,4
,IG_UXzs}O,4,2399,,,false,4
,IG_UXzs}O,5,1905,,,false,4
,IG_UXzs}O,6,1976,,,false,4
,IG_UXzs}O,7,2399,,,false,4
,IG_UXzs}O,8,2470,,,false,4
,IG_UXzs}O,9,2399,,,false,4
,I_A_tt}^_,0,2400,,,false,4
,I_A_tt}^_,1,2399,,,false,4
,I_A_tt}^_,2,1905,,,false,4
,I_A_tt}^_,3,1905,,,false,4
,I_A_tt}^_,4,1976,,,false,4
,I_A_tt}^_,5,2399,,,false,4
,I_A_tt}^_,6,1905,,,false,4
,I_A_tt}^_,7,1975,,,false,4
,I_A_tt}^_,8,1906,,,false,4
,I_A_tt}^_,9,1906,,,false,4
,I?O__E@BG,0,1905,,,false,1
,I?O__E@BG,1,1482,,,false,1
,I?O__E@BG,2,1976,,,false,1
,I?O__E@BG,3,1976,,,false,1
,I?O__E@BG,4,1906,,,false,1
,I?O__E@BG,5,1835,,,false,1
,I?O__E@BG,6,1905,,,false,1
,I?O__E@BG,7,1905,,,false,1
,I?O__E@BG,8,1906,,,false,1
,I?O__E@BG,9,1906,,,false,1
,IJPHPKYDW,0,2470,,,false,5
,IJPHPKYDW,1,1976,,,false,5
,IJPHPKYDW,2,2400,,,false,5
,IJPHPKYDW,3,1976,,,false,5
,IJPHPKYDW,4,1905,,,false,5
,IJPHPKYDW,5,1976,,,false,5
,IJPHPKYDW,6,1906,,,false,5
,IJPHPKYDW,7,1976,,,false,5
,IJPHPKYDW,8,2399,,,false,5
,IJPHPKYDW,9,1976,,,false,5
,I?@?RaQJG,0,1906,,,false,2
,I?@?RaQJG,1,1835,,,false,2
,I?@?RaQJG,2,1905,,,false,2
,I?@?RaQJG,3,1976,,,false,2
,I?@?RaQJG,4,1976,,,false,2
,I?@?RaQJG,5,1976,,,false,2
,I?@?RaQJG,6,1905,,,false,2
,I?@?RaQJG,7,1905,,,false,2
,I?@?RaQJG,8,1976,,,false,2
,I?@?RaQJG,9,1906,,,false,2
,IQQ@HKYEW,0,2400,,,false,3
,IQQ@HKYEW,1,1905,,,false,3
,IQQ@HKYEW,2,1976,,,false,3
,IQQ@HKYEW,3,1905,,,false,3
,IQQ@HKYEW,4,1905,,,false,3
,IQQ@HKYEW,5,1905,,,false,3
,IQQ@HKYEW,6,1976,,,false,3
,IQQ@HKYEW,7,2399,,,false,3
,IQQ@HKYEW,8,1482,,,false,3
,IQQ@HKYEW,9,1482,,,false,3
,Ir?GWWJ@w,0,2399,,,false,4
,Ir?GWWJ@w,1,1976,,,false,4
,Ir?GWWJ@w,2,1976,,,false,4
,Ir?GWWJ@w,3,1835,,,false,4
,Ir?GWWJ@w,4,1906,,,false,4
,Ir?GWWJ@w,5,1976,,,false,4
,Ir?GWWJ@w,6,1976,,,false,4
,Ir?GWWJ@w,7,2329,,,false,4
,Ir?GWWJ@w,8,1906,,,false,4
,Ir?GWWJ@w,9,1905,,,false,4
,I`?M@_K?w,0,2328,,,false,2
,I`?M@_K?w,1,1976,,,false,2
,I`?M@_K?w,2,1906,,,false,2
,I`?M@_K?w,3,1976,,,false,2
,I`?M@_K?w,4,1976,,,false,2
,I`?M@_K?w,5,1906,,,false,2
,I`?M@_K?w,6,1906,,,false,2
,I`?M@_K?w,7,1906,,,false,2
,I`?M@_K?w,8,1834,,,false,2
,I`?M@_K?w,9,1976,,,false,2
,Iv?GOKFY?,0,2400,,,false,3
,Iv?GOKFY?,1,1905,,,false,3
,Iv?GOKFY?,2,1976,,,false,3
,Iv?GOKFY?,3,1906,,,false,3
,Iv?GOKFY?,4,1905,,,false,3
,Iv?GOKFY?,5,1835,,,false,3
,Iv?GOKFY?,6,1905,,,false,3
,Iv?GOKFY?,7,1906,,,false,3
,Iv?GOKFY?,8,1482,,,false,3
,Iv?GOKFY?,9,1905,,,false,3
,I???pHG`G,0,1482,,,false,1
,I???pHG`G,1,988,,,false,1
,I???pHG`G,2,1412,,,false,1
,I???pHG`G,3,1905,,,false,1
,I???pHG`G,4,1905,,,false,1
,I???pHG`G,5,1906,,,false,1
,I???pHG`G,6,1976,,,false,1
,I???pHG`G,7,1976,,,false,1
,I???pHG`G,8,1906,,,false,1
,I???pHG`G,9,1905,,,false,1
,I?C@?N?BG,0,1976,,,false,1
,I?C@?N?BG,1,1906,,,false,1
,I?C@?N?BG,2,1906,,,false,1
,I?C@?N?BG,3,1905,,,false,1
,I?C@?N?BG,4,1905,,,false,1
,I?C@?N?BG,5,1905,,,false,1
,I?C@?N?BG,6,1905,,,false,1
,I?C@?N?BG,7,1482,,,false,1
,I?C@?N?BG,8,1835,,,false,1
,I?C@?N?BG,9,1411,,,false,1
,IugOXhJX_,0,2329,,,false,5
,IugOXhJX_,1,2400,,,false,5
,IugOXhJX_,2,1976,,,false,5
,IugOXhJX_,3,2399,,,false,5
,IugOXhJX_,4,1905,,,false,5
,IugOXhJX_,5,1905,,,false,5
,IugOXhJX_,6,1906,,,false,5
,IugOXhJX_,7,1905,,,false,5
,IugOXhJX_,8,2470,,,false,5
,IugOXhJX_,9,1906,,,false,5
,I?_aCwuU_,0,1976,,,false,3
,I?_aCwuU_,1,1976,,,false,3
,I?_aCwuU_,2,1905,,,false,3
,I?_aCwuU_,3,1905,,,false,3
,I?_aCwuU_,4,1905,,,false,3
,I?_aCwuU_,5,1905,,,false,3
,I?_aCwuU_,6,1976,,,false,3
,I?_aCwuU_,7,1976,,,false,3
,I?_aCwuU_,8,1905,,,false,3
,I?_aCwuU_,9,1835,,,false,3
,I?cqcGbQW,0,2399,,,false,4
,I?cqcGbQW,1,2399,,,false,4
,I?cqcGbQW,2,1906,,,false,4
,I?cqcGbQW,3,1905,,,false,4
,I?cqcGbQW,4,1976,,,false,4
,I?cqcGbQW,5,1976,,,false,4
,I?cqcGbQW,6,1835,,,false,4
,I?cqcGbQW,7,1976,,,false,4
,I?cqcGbQW,8,1905,,,false,4
,I?cqcGbQW,9,1905,,,false,4
,I@Q@QK^kw,0,2400,,,false,3
,I@Q@QK^kw,1,2469,,,false,3
,I@Q@QK^kw,2,1905,,,false,3
,I@Q@QK^kw,3,1976,,,false,3
,I@Q@QK^kw,4,1905,,,false,3
,I@Q@QK^kw,5,1975,,,false,3
,I@Q@QK^kw,6,1905,,,false,3
,I@Q@QK^kw,7,1905,,,false,3
,I@Q@QK^kw,8,1976,,,false,3
,I@Q@QK^kw,9,1906,,,false,3
,ICHCPLRFw,0,1976,,,false,3
,ICHCPLRFw,1,1905,,,false,3
,ICHCPLRFw,2,1905,,,false,3
,ICHCPLRFw,3,1905,,,false,3
,ICHCPLRFw,4,1976,,,false,3
,ICHCPLRFw,5,1976,,,false,3
,ICHCPLRFw,6,1905,,,false,3
,ICHCPLRFw,7,1976,,,false,3
,ICHCPLRFw,8,1905,,,false,3
,ICHCPLRFw,9,1905,,,false,3
,IOD?g\bew,0,2400,,,false,3
,IOD?g\bew,1,1906,,,false,3
,IOD?g\bew,2,1905,,,false,3
,IOD?g\bew,3,1906,,,false,3
,IOD?g\bew,4,1906,,,false,3
,IOD?g\bew,5,1975,,,false,3
,IOD?g\bew,6,1906,,,false,3
,IOD?g\bew,7,1906,,,false,3
,IOD?g\bew,8,1905,,,false,3
,IOD?g\bew,9,1906,,,false,3
,I@`CJcnFw,0,2329,,,false,4
,I@`CJcnFw,1,2399,,,false,4
,I@`CJcnFw,2,1976,,,false,4
,I@`CJcnFw,3,1976,,,false,4
,I@`CJcnFw,4,1906,,,false,4
,I@`CJcnFw,5,1976,,,false,4
,I@`CJcnFw,6,1905,,,false,4
,I@`CJcnFw,7,1905,,,false,4
,I@`CJcnFw,8,1976,,,false,4
,I@`CJcnFw,9,1975,,,false,4
,I??GjQoRg,0,2399,,,false,3
,I??GjQoRg,1,1976,,,false,3
,I??GjQoRg,2,1976,,,false,3
,I??GjQoRg,3,1905,,,false,3
,I??GjQoRg,4,1976,,,false,3
,I??GjQoRg,5,1905,,,false,3
,I??GjQoRg,6,1976,,,false,3
,I??GjQoRg,7,1906,,,false,3
,I??GjQoRg,8,1905,,,false,3
,I??GjQoRg,9,1905,,,false,3
,IoCOPHA~w,0,1906,,,false,3
,IoCOPHA~w,1,1906,,,false,3
,IoCOPHA~w,2,1976,,,false,3
,IoCOPHA~w,3,1905,,,false,3
,IoCOPHA~w,4,1976,,,false,3
,IoCOPHA~w,5,2329,,,false,3
,IoCOPHA~w,6,1835,,,false,3
,IoCOPHA~w,7,1905,,,false,3
,IoCOPHA~w,8,1905,,,false,3
,IoCOPHA~w,9,1905,,,false,3
,I????Wqoo,0,1905,,,false,1
,I????Wqoo,1,1976,,,false,1
,I????Wqoo,2,1905,,,false,1
,I????Wqoo,3,1976,,,false,1
,I????Wqoo,4,1905,,,false,1
,I????Wqoo,5,1906,,,false,1
,I????Wqoo,6,1906,,,false,1
,I????Wqoo,7,1976,,,false,1
,I????Wqoo,8,1482,,,false,1
,I????Wqoo,9,1906,,,false,1
,I???OGoow,0,1976,,,false,1
,I???OGoow,1,1976,,,false,1
,I???OGoow,2,1905,,,false,1
,I???OGoow,3,1976,,,false,1
,I???OGoow,4,1835,,,false,1
,I???OGoow,5,1905,,,false,1
,I???OGoow,6,1906,,,false,1
,I???OGoow,7,1482,,,false,1
,I???OGoow,8,1905,,,false,1
,I???OGoow,9,1411,,,false,1
,I{~~fd^Nw,0,2823,,,false,7
,I{~~fd^Nw,1,2399,,,false,7
,I{~~fd^Nw,2,1976,,,false,7
,I{~~fd^Nw,3,2399,,,false,7
,I{~~fd^Nw,4,2399,,,false,7
,I{~~fd^Nw,5,2329,,,false,7
,I{~~fd^Nw,6,2964,,,false,7
,I{~~fd^Nw,7,2400,,,false,7
,I{~~fd^Nw,8,2470,,,false,7
,I{~~fd^Nw,9,2399,,,false,7
,ICS}||~~w,0,1976,,,false,6
,ICS}||~~w,1,1976,,,false,6
,ICS}||~~w,2,2399,,,false,6
,ICS}||~~w,3,2399,,,false,6
,ICS}||~~w,4,2399,,,false,6
,ICS}||~~w,5,2399,,,false,6
,ICS}||~~w,6,1976,,,false,6
,ICS}||~~w,7,1976,,,false,6
,ICS}||~~w,8,2399,,,false,6
,ICS}||~~w,9,2329,,,false,6
,I?v\||~^w,0,1906,,,false,6
,I?v\||~^w,1,1905,,,false,6
,I?v\||~^w,2,1835,,,false,6
,I?v\||~^w,3,1976,,,false,6
,I?v\||~^w,4,2470,,,false,6
,I?v\||~^w,5,1906,,,false,6
,I?v\||~^w,6,1906,,,false,6
,I?v\||~^w,7,1905,,,false,6
,I?v\||~^w,8,1905,,,false,6
,I?v\||~^w,9,2470,,,false,6
,I`?N~~~~w,0,2400,,,false,5
,I`?N~~~~w,1,2470,,,false,5
,I`?N~~~~w,2,1905,,,false,5
,I`?N~~~~w,3,1905,,,false,5
,I`?N~~~~w,4,1905,,,false,5
,I`?N~~~~w,5,1906,,,false,5
,I`?N~~~~w,6,2399,,,false,5
,I`?N~~~~w,7,1975,,,false,5
,I`?N~~~~w,8,1906,,,false,5
,I`?N~~~~w,9,2400,,,false,5
,I~ze}w~Nw,0,2893,,,false,7
,I~ze}w~Nw,1,2399,,,false,7
,I~ze}w~Nw,2,2329,,,false,7
,I~ze}w~Nw,3,2470,,,false,7
,I~ze}w~Nw,4,2470,,,false,7
,I~ze}w~Nw,5,2399,,,false,7
,I~ze}w~Nw,6,2328,,,false,7
,I~ze}w~Nw,7,2329,,,false,7
,I~ze}w~Nw,8,2399,,,false,7
,I~ze}w~Nw,9,2399,,,false,7
,I~~DJK^Fw,0,2893,,,false,6
,I~~DJK^Fw,1,1905,,,false,6
,I~~DJK^Fw,2,2470,,,false,6
,I~~DJK^Fw,3,2470,,,false,6
,I~~DJK^Fw,4,2399,,,false,6
,I~~DJK^Fw,5,2329,,,false,6
,I~~DJK^Fw,6,1905,,,false,6
,I~~DJK^Fw,7,1976,,,false,6
,I~~DJK^Fw,8,2400,,,false,6
,I~~DJK^Fw,9,2399,,,false,6
,Itlai[~Nw,0,2470,,,false,7
,Itlai[~Nw,1,2400,,,false,7
,Itlai[~Nw,2,2400,,,false,7
,Itlai[~Nw,3,2399,,,false,7
,Itlai[~Nw,4,2399,,,false,7
,Itlai[~Nw,5,1975,,,false,7
,Itlai[~Nw,6,2400,,,false,7
,Itlai[~Nw,7,2329,,,false,7
,Itlai[~Nw,8,2329,,,false,7
,Itlai[~Nw,9,2399,,,false,7
,IQGm_|~~w,0,1905,,,false,5
,IQGm_|~~w,1,1906,,,false,5
,IQGm_|~~w,2,2399,,,false,5
,IQGm_|~~w,3,1975,,,false,5
,IQGm_|~~w,4,1906,,,false,5
,IQGm_|~~w,5,2400,,,false,5
,IQGm_|~~w,6,1976,,,false,5
,IQGm_|~~w,7,2400,,,false,5
,IQGm_|~~w,8,1905,,,false,5
,IQGm_|~~w,9,2470,,,false,5
,IwCO]}~^w,0,2399,,,false,5
,IwCO]}~^w,1,1976,,,false,5
,IwCO]}~^w,2,2399,,,false,5
,IwCO]}~^w,3,2399,,,false,5
,IwCO]}~^w,4,1906,,,false,5
,IwCO]}~^w,5,1906,,,false,5
,IwCO]}~^w,6,2399,,,false,5
,IwCO]}~^w,7,2399,,,false,5
,IwCO]}~^w,8,1906,,,false,5
,IwCO]}~^w,9,1905,,,false,5
,I~zf?{^Fw,0,2470,,,false,6
,I~zf?{^Fw,1,2329,,,false,6
,I~zf?{^Fw,2,1905,,,false,6
,I~zf?{^Fw,3,1976,,,false,6
,I~zf?{^Fw,4,1976,,,false,6
,I~zf?{^Fw,5,2400,,,false,6
,I~zf?{^Fw,6,1905,,,false,6
,I~zf?{^Fw,7,2329,,,false,6
,I~zf?{^Fw,8,1905,,,false,6
,I~zf?{^Fw,9,2470,,,false,6
,I?rMX{~Nw,0,2470,,,false,5
,I?rMX{~Nw,1,1906,,,false,5
,I?rMX{~Nw,2,1976,,,false,5
,I?rMX{~Nw,3,1906,,,false,5
,I?rMX{~Nw,4,1976,,,false,5
,I?rMX{~Nw,5,1905,,,false,5
,I?rMX{~Nw,6,2470,,,false,5
,I?rMX{~Nw,7,1905,,,false,5
,I?rMX{~Nw,8,1905,,,false,5
,I?rMX{~Nw,9,1905,,,false,5
,I~fLQ{}Xw,0,2893,,,false,6
,I~fLQ{}Xw,1,2400,,,false,6
,I~fLQ{}Xw,2,1906,,,false,6
,I~fLQ{}Xw,3,2400,,,false,6
,I~fLQ{}Xw,4,2399,,,false,6
,I~fLQ{}Xw,5,2399,,,false,6
,I~fLQ{}Xw,6,2329,,,false,6
,I~fLQ{}Xw,7,1905,,,false,6
,I~fLQ{}Xw,8,2399,,,false,6
,I~fLQ{}Xw,9,1976,,,false,6
,I?qkz\^Nw,0,1906,,,false,5
,I?qkz\^Nw,1,1906,,,false,5
,I?qkz\^Nw,2,1976,,,false,5
,I?qkz\^Nw,3,2399,,,false,5
,I?qkz\^Nw,4,1906,,,false,5
,I?qkz\^Nw,5,2329,,,false,5
,I?qkz\^Nw,6,2399,,,false,5
,I?qkz\^Nw,7,1976,,,false,5
,I?qkz\^Nw,8,1976,,,false,5
,I?qkz\^Nw,9,1906,,,false,5
,IvzfA{}Fw,0,2823,,,false,6
,IvzfA{}Fw,1,2894,,,false,6
,IvzfA{}Fw,2,2329,,,false,6
,IvzfA{}Fw,3,2399,,,false,6
,IvzfA{}Fw,4,2470,,,false,6
,IvzfA{}Fw,5,2399,,,false,6
,IvzfA{}Fw,6,1906,,,false,6
,IvzfA{}Fw,7,1906,,,false,6
,IvzfA{}Fw,8,2399,,,false,6
,IvzfA{}Fw,9,2470,,,false,6
,I?C^~~{~G,0,1905,,,false,6
,I?C^~~{~G,1,1905,,,false,6
,I?C^~~{~G,2,2470,,,false,6
,I?C^~~{~G,3,2399,,,false,6
,I?C^~~{~G,4,2328,,,false,6
,I?C^~~{~G,5,2399,,,false,6
,I?C^~~{~G,6,1976,,,false,6
,I?C^~~{~G,7,1976,,,false,6
,I?C^~~{~G,8,1975,,,false,6
,I?C^~~{~G,9,2329,,,false,6
,I?@Yx{~zw,0,1975,,,false,5
,I?@Yx{~zw,1,1905,,,false,5
,I?@Yx{~zw,2,1835,,,false,5
,I?@Yx{~zw,3,1906,,,false,5
,I?@Yx{~zw,4,2400,,,false,5
,I?@Yx{~zw,5,1976,,,false,5
,I?@Yx{~zw,6,1976,,,false,5
,I?@Yx{~zw,7,1906,,,false,5
,I?@Yx{~zw,8,1834,,,false,5
,I?@Yx{~zw,9,1905,,,false,5
,Is`zro~Nw,0,2470,,,false,7
,Is`zro~Nw,1,2399,,,false,7
,Is`zro~Nw,2,2400,,,false,7
,Is`zro~Nw,3,2469,,,false,7
,Is`zro~Nw,4,1834,,,false,7
,Is`zro~Nw,5,1976,,,false,7
,Is`zro~Nw,6,1906,,,false,7
,Is`zro~Nw,7,2400,,,false,7
,Is`zro~Nw,8,1976,,,false,7
,Is`zro~Nw,9,2399,,,false,7
,I??D||~^w,0,1976,,,false,4
,I??D||~^w,1,2400,,,false,4
,I??D||~^w,2,1905,,,false,4
,I??D||~^w,3,1905,,,false,4
,I??D||~^w,4,1975,,,false,4
,I??D||~^w,5,1976,,,false,4
,I??D||~^w,6,1976,,,false,4
,I??D||~^w,7,1905,,,false,4
,I??D||~^w,8,1976,,,false,4
,I??D||~^w,9,1906,,,false,4
,I??F~~}~W,0,2400,,,false,4
,I??F~~}~W,1,2399,,,false,4
,I??F~~}~W,2,2328,,,false,4
,I??F~~}~W,3,1905,,,false,4
,I??F~~}~W,4,1976,,,false,4
,I??F~~}~W,5,1976,,,false,4
,I??F~~}~W,6,1835,,,false,4
,I??F~~}~W,7,1835,,,false,4
,I??F~~}~W,8,1976,,,false,4
,I??F~~}~W,9,1905,,,false,4
,I~?GW]^Zo,0,2328,,,false,5
,I~?GW]^Zo,1,1976,,,false,5
,I~?GW]^Zo,2,2470,,,false,5
,I~?GW]^Zo,3,1905,,,false,5
,I~?GW]^Zo,4,2328,,,false,5
,I~?GW]^Zo,5,1976,,,false,5
,I~?GW]^Zo,6,1976,,,false,5
,I~?GW]^Zo,7,1905,,,false,5
,I~?GW]^Zo,8,1976,,,false,5
,I~?GW]^Zo,9,2328,,,false,5
,I~}AHKVBw,0,2400,,,false,5
,I~}AHKVBw,1,2400,,,false,5
,I~}AHKVBw,2,2400,,,false,5
,I~}AHKVBw,3,2399,,,false,5
,I~}AHKVBw,4,2893,,,false,5
,I~}AHKVBw,5,2893,,,false,5
,I~}AHKVBw,6,2823,,,false,5
,I~}AHKVBw,7,1976,,,false,5
,I~}AHKVBw,8,2399,,,false,5
,I~}AHKVBw,9,2400,,,false,5
,ITlAIK~No,0,2470,,,false,4
,ITlAIK~No,1,2470,,,false,4
,ITlAIK~No,2,1905,,,false,4
,ITlAIK~No,3,2400,,,false,4
,ITlAIK~No,4,1906,,,false,4
,ITlAIK~No,5,2399,,,false,4
,ITlAIK~No,6,2399,,,false,4
,ITlAIK~No,7,2964,,,false,4
,ITlAIK~No,8,2399,,,false,4
,ITlAIK~No,9,1905,,,false,4
,I?qi`e^Zw,0,2399,,,false,4
,I?qi`e^Zw,1,1906,,,false,4
,I?qi`e^Zw,2,1906,,,false,4
,I?qi`e^Zw,3,2399,,,false,4
,I?qi`e^Zw,4,1905,,,false,4
,I?qi`e^Zw,5,1906,,,false,4
,I?qi`e^Zw,6,1976,,,false,4
,I?qi`e^Zw,7,2328,,,false,4
,I?qi`e^Zw,8,1905,,,false,4
,I?qi`e^Zw,9,1976,,,false,4
,I`?M\\]NW,0,2400,,,false,4
,I`?M\\]NW,1,1905,,,false,4
,I`?M\\]NW,2,2470,,,false,4
,I`?M\\]NW,3,1906,,,false,4
,I`?M\\]NW,4,1906,,,false,4
,I`?M\\]NW,5,2470,,,false,4
,I`?M\\]NW,6,1905,,,false,4
,I`?M\\]NW,7,1976,,,false,4
,I`?M\\]NW,8,1976,,,false,4
,I`?M\\]NW,9,1905,,,false,4
,IITX`Sffw,0,2470,,,false,5
,IITX`Sffw,1,2400,,,false,5
,IITX`Sffw,2,2329,,,false,5
,IITX`Sffw,3,1905,,,false,5
,IITX`Sffw,4,2399,,,false,5
,IITX`Sffw,5,1975,,,false,5
,IITX`Sffw,6,2400,,,false,5
,IITX`Sffw,7,1905,,,false,5
,IITX`Sffw,8,1906,,,false,5
,IITX`Sffw,9,1906,,,false,5
,I@KpW~Tqw,0,2400,,,false,5
,I@KpW~Tqw,1,1906,,,false,5
,I@KpW~Tqw,2,1905,,,false,5
,I@KpW~Tqw,3,1976,,,false,5
,I@KpW~Tqw,4,1906,,,false,5
,I@KpW~Tqw,5,1906,,,false,5
,I@KpW~Tqw,6,1975,,,false,5
,I@KpW~Tqw,7,988,,,false,5
,I@KpW~Tqw,8,1482,,,false,5
,I@KpW~Tqw,9,1905,,,false,5
,IoCWzdkfw,0,988,,,false,5
,IoCWzdkfw,1,1905,,,false,5
,IoCWzdkfw,2,1976,,,false,5
,IoCWzdkfw,3,2399,,,false,5
,IoCWzdkfw,4,1976,,,false,5
,IoCWzdkfw,5,1976,,,false,5
,IoCWzdkfw,6,1976,,,false,5
,IoCWzdkfw,7,1834,,,false,5
,IoCWzdkfw,8,1905,,,false,5
,IoCWzdkfw,9,2400,,,false,5
,I?eRRI^Zw,0,1906,,,false,4
,I?eRRI^Zw,1,2399,,,false,4
,I?eRRI^Zw,2,1976,,,false,4
,I?eRRI^Zw,3,1976,,,false,4
,I?eRRI^Zw,4,1905,,,false,4
,I?eRRI^Zw,5,1905,,,false,4
,I?eRRI^Zw,6,1905,,,false,4
,I?eRRI^Zw,7,1835,,,false,4
,I?eRRI^Zw,8,1905,,,false,4
,I?eRRI^Zw,9,1976,,,false,4
,I`?M]W~No,0,1906,,,false,5
,I`?M]W~No,1,1976,,,false,5
,I`?M]W~No,2,1905,,,false,5
,I`?M]W~No,3,2399,,,false,5
,I`?M]W~No,4,1905,,,false,5
,I`?M]W~No,5,2399,,,false,5
,I`?M]W~No,6,1905,,,false,5
,I`?M]W~No,7,1976,,,false,5
,I`?M]W~No,8,1975,,,false,5
,I`?M]W~No,9,1905,,,false,5
,I@KpW~RrW,0,1976,,,false,5
,I@KpW~RrW,1,2399,,,false,5
,I@KpW~RrW,2,1834,,,false,5
,I@KpW~RrW,3,1906,,,false,5
,I@KpW~RrW,4,1976,,,false,5
,I@KpW~RrW,5,2470,,,false,5
,I@KpW~RrW,6,1975,,,false,5
,I@KpW~RrW,7,2400,,,false,5
,I@KpW~RrW,8,1905,,,false,5
,I@KpW~RrW,9,1905,,,false,5
,I?qahq^Zw,0,2469,,,false,5
,I?qahq^Zw,1,1906,,,false,5
,I?qahq^Zw,2,1976,,,false,5
,I?qahq^Zw,3,1976,,,false,5
,I?qahq^Zw,4,1905,,,false,5
,I?qahq^Zw,5,2329,,,false,5
,I?qahq^Zw,6,1976,,,false,5
,I?qahq^Zw,7,2399,,,false,5
,I?qahq^Zw,8,1906,,,false,5
,I?qahq^Zw,9,1482,,,false,5
,I`?L[|mVW,0,1905,,,false,5
,I`?L[|mVW,1,1976,,,false,5
,I`?L[|mVW,2,2399,,,false,5
,I`?L[|mVW,3,2399,,,false,5
,I`?L[|mVW,4,2399,,,false,5
,I`?L[|mVW,5,1976,,,false,5
,I`?L[|mVW,6,1976,,,false,5
,I`?L[|mVW,7,2470,,,false,5
,I`?L[|mVW,8,1906,,,false,5
,I`?L[|mVW,9,2329,,,false,5
,IS`rQo~No,0,2823,,,false,6
,IS`rQo~No,1,2329,,,false,6
,IS`rQo~No,2,1905,,,false,6
,IS`rQo~No,3,1905,,,false,6
,IS`rQo~No,4,1976,,,false,6
,IS`rQo~No,5,1975,,,false,6
,IS`rQo~No,6,2399,,,false,6
,IS`rQo~No,7,2329,,,false,6
,IS`rQo~No,8,2400,,,false,6
,IS`rQo~No,9,1906,,,false,6
,I`?L[|lVg,0,1905,,,false,5
,I`?L[|lVg,1,1905,,,false,5
,I`?L[|lVg,2,1976,,,false,5
,I`?L[|lVg,3,2399,,,false,5
,I`?L[|lVg,4,2399,,,false,5
,I`?L[|lVg,5,1976,,,false,5
,I`?L[|lVg,6,2399,,,false,5
,I`?L[|lVg,7,1906,,,false,5
,I`?L[|lVg,8,1976,,,false,5
,I`?L[|lVg,9,2399,,,false,5
,IoSs[\r[w,0,2399,,,false,6
,IoSs[\r[w,1,1906,,,false,6
,IoSs[\r[w,2,2328,,,false,6
,IoSs[\r[w,3,2469,,,false,6
,IoSs[\r[w,4,2399,,,false,6
,IoSs[\r[w,5,1976,,,false,6
,IoSs[\r[w,6,2399,,,false,6
,IoSs[\r[w,7,2399,,,false,6
,IoSs[\r[w,8,2399,,,false,6
,IoSs[\r[w,9,2399,,,false,6
,I`?G?F~~w,0,1905,,,false,3
,I`?G?F~~w,1,1905,,,false,3
,I`?G?F~~w,2,1976,,,false,3
,I`?G?F~~w,3,1905,,,false,3
,I`?G?F~~w,4,1835,,,false,3
,I`?G?F~~w,5,1835,,,false,3
,I`?G?F~~w,6,1835,,,false,3
,I`?G?F~~w,7,1905,,,false,3
,I`?G?F~~w,8,1905,,,false,3
,I`?G?F~~w,9,1905,,,false,3
,I???w}vZw,0,2470,,,false,4
,I???w}vZw,1,1975,,,false,4
,I???w}vZw,2,1905,,,false,4
,I???w}vZw,3,1976,,,false,4
,I???w}vZw,4,2329,,,false,4
,I???w}vZw,5,1976,,,false,4
,I???w}vZw,6,1976,,,false,4
,I???w}vZw,7,1976,,,false,4
,I???w}vZw,8,1976,,,false,4
,I???w}vZw,9,1905,,,false,4
,I??GW]~^o,0,1976,,,false,5
,I??GW]~^o,1,1976,,,false,5
,I??GW]~^o,2,1976,,,false,5
,I??GW]~^o,3,1905,,,false,5
,I??GW]~^o,4,1976,,,false,5
,I??GW]~^o,5,1906,,,false,5
,I??GW]~^o,6,1906,,,false,5
,I??GW]~^o,7,1976,,,false,5
,I??GW]~^o,8,1905,,,false,5
,I??GW]~^o,9,1976,,,false,5
,IIP@xw{fw,0,2399,,,false,5
,IIP@xw{fw,1,1976,,,false,5
,IIP@xw{fw,2,1906,,,false,5
,IIP@xw{fw,3,1976,,,false,5
,IIP@xw{fw,4,1835,,,false,5
,IIP@xw{fw,5,988,,,false,5
,IIP@xw{fw,6,988,,,false,5
,IIP@xw{fw,7,1482,,,false,5
,IIP@xw{fw,8,2399,,,false,5
,IIP@xw{fw,9,1905,,,false,5
,I`?HpnKrG,0,2399,,,false,3
,I`?HpnKrG,1,1482,,,false,3
,I`?HpnKrG,2,1906,,,false,3
,I`?HpnKrG,3,2329,,,false,3
,I`?HpnKrG,4,2470,,,false,3
,I`?HpnKrG,5,1976,,,false,3
,I`?HpnKrG,6,1906,,,false,3
,I`?HpnKrG,7,1905,,,false,3
,I`?HpnKrG,8,2329,,,false,3
,I`?HpnKrG,9,1976,,,false,3
,IwCWONbFo,0,1835,,,false,3
,IwCWONbFo,1,2400,,,false,3
,IwCWONbFo,2,1976,,,false,3
,IwCWONbFo,3,1905,,,false,3
,IwCWONbFo,4,1976,,,false,3
,IwCWONbFo,5,1906,,,false,3
,IwCWONbFo,6,1905,,,false,3
,IwCWONbFo,7,1976,,,false,3
,IwCWONbFo,8,1976,,,false,3
,IwCWONbFo,9,1976,,,false,3
,I`qa`_NBw,0,1975,,,false,4
,I`qa`_NBw,1,1905,,,false,4
,I`qa`_NBw,2,1906,,,false,4
,I`qa`_NBw,3,1905,,,false,4
,I`qa`_NBw,4,1905,,,false,4
,I`qa`_NBw,5,1976,,,false,4
,I`qa`_NBw,6,1976,,,false,4
,I`qa`_NBw,7,1976,,,false,4
,I`qa`_NBw,8,2329,,,false,4
,I`qa`_NBw,9,1905,,,false,4
,I_GTddMRW,0,2329,,,false,4
,I_GTddMRW,1,1835,,,false,4
,I_GTddMRW,2,1905,,,false,4
,I_GTddMRW,3,1976,,,false,4
,I_GTddMRW,4,1975,,,false,4
,I_GTddMRW,5,1976,,,false,4
,I_GTddMRW,6,1905,,,false,4
,I_GTddMRW,7,1905,,,false,4
,I_GTddMRW,8,1905,,,false,4
,I_GTddMRW,9,1905,,,false,4
,I_CfClMMW,0,2399,,,false,4
,I_CfClMMW,1,2399,,,false,4
,I_CfClMMW,2,1905,,,false,4
,I_CfClMMW,3,1906,,,false,4
,I_CfClMMW,4,2399,,,false,4
,I_CfClMMW,5,1976,,,false,4
,I_CfClMMW,6,1905,,,false,4
,I_CfClMMW,7,1976,,,false,4
,I_CfClMMW,8,1976,,,false,4
,I_CfClMMW,9,1976,,,false,4
,IC`PhPHFw,0,2470,,,false,4
,IC`PhPHFw,1,1906,,,false,4
,IC`PhPHFw,2,1835,,,false,4
,IC`PhPHFw,3,2400,,,false,4
,IC`PhPHFw,4,1905,,,false,4
,IC`PhPHFw,5,1976,,,false,4
,IC`PhPHFw,6,1976,,,false,4
,IC`PhPHFw,7,2399,,,false,4
,IC`PhPHFw,8,1905,,,false,4
,IC`PhPHFw,9,1905,,,false,4
,ICdAHgiFw,0,2399,,,false,3
,ICdAHgiFw,1,1835,,,false,3
,ICdAHgiFw,2,2399,,,false,3
,ICdAHgiFw,3,1906,,,false,3
,ICdAHgiFw,4,1976,,,false,3
,ICdAHgiFw,5,1905,,,false,3
,ICdAHgiFw,6,1835,,,false,3
,ICdAHgiFw,7,2259,,,false,3
,ICdAHgiFw,8,1905,,,false,3
,ICdAHgiFw,9,1976,,,false,3
,I_COXofxg,0,2399,,,false,4
,I_COXofxg,1,1905,,,false,4
,I_COXofxg,2,1976,,,false,4
,I_COXofxg,3,1976,,,false,4
,I_COXofxg,4,1905,,,false,4
,I_COXofxg,5,1976,,,false,4
,I_COXofxg,6,1905,,,false,4
,I_COXofxg,7,1976,,,false,4
,I_COXofxg,8,1976,,,false,4
,I_COXofxg,9,1976,,,false,4
,I_COXgjv_,0,2399,,,false,4
,I_COXgjv_,1,2470,,,false,4
,I_COXgjv_,2,1905,,,false,4
,I_COXgjv_,3,1905,,,false,4
,I_COXgjv_,4,1975,,,false,4
,I_COXgjv_,5,1906,,,false,4
,I_COXgjv_,6,1976,,,false,4
,I_COXgjv_,7,1905,,,false,4
,I_COXgjv_,8,1835,,,false,4
,I_COXgjv_,9,2329,,,false,4
,I??BIu{nG,0,2328,,,false,3
,I??BIu{nG,1,1976,,,false,3
,I??BIu{nG,2,1906,,,false,3
,I??BIu{nG,3,1976,,,false,3
,I??BIu{nG,4,1976,,,false,3
,I??BIu{nG,5,1906,,,false,3
,I??BIu{nG,6,1906,,,false,3
,I??BIu{nG,7,2400,,,false,3
,I??BIu{nG,8,1976,,,false,3
,I??BIu{nG,9,1976,,,false,3
,I_?@Gs~~?,0,1905,,,false,3
,I_?@Gs~~?,1,1905,,,false,3
,I_?@Gs~~?,2,1905,,,false,3
,I_?@Gs~~?,3,1905,,,false,3
,I_?@Gs~~?,4,1905,,,false,3
,I_?@Gs~~?,5,1905,,,false,3
,I_?@Gs~~?,6,1905,,,false,3
,I_?@Gs~~?,7,2399,,,false,3
,I_?@Gs~~?,8,1905,,,false,3
,I_?@Gs~~?,9,1976,,,false,3
,I_COXclv_,0,1906,,,false,4
,I_COXclv_,1,1906,,,false,4
,I_COXclv_,2,1975,,,false,4
,I_COXclv_,3,1834,,,false,4
,I_COXclv_,4,1906,,,false,4
,I_COXclv_,5,1976,,,false,4
,I_COXclv_,6,1976,,,false,4
,I_COXclv_,7,1906,,,false,4
,I_COXclv_,8,1976,,,false,4
,I_COXclv_,9,1906,,,false,4
,I??GW^x|_,0,2329,,,false,4
,I??GW^x|_,1,1976,,,false,4
,I??GW^x|_,2,1905,,,false,4
,I??GW^x|_,3,1906,,,false,4
,I??GW^x|_,4,1976,,,false,4
,I??GW^x|_,5,1905,,,false,4
,I??GW^x|_,6,988,,,false,4
,I??GW^x|_,7,1411,,,false,4
,I??GW^x|_,8,1411,,,false,4
,I??GW^x|_,9,988,,,false,4
,I??E\X]NO,0,1976,,,false,4
,I??E\X]NO,1,1976,,,false,4
,I??E\X]NO,2,1975,,,false,4
,I??E\X]NO,3,2329,,,false,4
,I??E\X]NO,4,1835,,,false,4
,I??E\X]NO,5,2400,,,false,4
,I??E\X]NO,6,2329,,,false,4
,I??E\X]NO,7,1905,,,false,4
,I??E\X]NO,8,1976,,,false,4
,I??E\X]NO,9,1905,,,false,4
,I``H?cNBw,0,2400,,,false,3
,I``H?cNBw,1,1976,,,false,3
,I``H?cNBw,2,1976,,,false,3
,I``H?cNBw,3,1834,,,false,3
,I``H?cNBw,4,1905,,,false,3
,I``H?cNBw,5,1976,,,false,3
,I``H?cNBw,6,1976,,,false,3
,I``H?cNBw,7,1834,,,false,3
,I``H?cNBw,8,1905,,,false,3
,I``H?cNBw,9,2329,,,false,3
,I?CWo]dWw,0,2329,,,false,3
,I?CWo]dWw,1,1976,,,false,3
,I?CWo]dWw,2,1905,,,false,3
,I?CWo]dWw,3,1976,,,false,3
,I?CWo]dWw,4,1482,,,false,3
,I?CWo]dWw,5,1976,,,false,3
,I?CWo]dWw,6,1905,,,false,3
,I?CWo]dWw,7,1905,,,false,3
,I?CWo]dWw,8,1906,,,false,3
,I?CWo]dWw,9,1905,,,false,3
,I`iRA_NBw,0,2399,,,false,5
,I`iRA_NBw,1,1906,,,false,5
,I`iRA_NBw,2,2469,,,false,5
,I`iRA_NBw,3,1905,,,false,5
,I`iRA_NBw,4,2399,,,false,5
,I`iRA_NBw,5,1976,,,false,5
,I`iRA_NBw,6,2400,,,false,5
,I`iRA_NBw,7,1905,,,false,5
,I`iRA_NBw,8,2470,,,false,5
,I`iRA_NBw,9,2400,,,false,5
,I`?LSleUW,0,2469,,,false,4
,I`?LSleUW,1,2399,,,false,4
,I`?LSleUW,2,1906,,,false,4
,I`?LSleUW,3,1976,,,false,4
,I`?LSleUW,4,2400,,,false,4
,I`?LSleUW,5,1976,,,false,4
,I`?LSleUW,6,1975,,,false,4
,I`?LSleUW,7,2470,,,false,4
,I`?LSleUW,8,1976,,,false,4
,I`?LSleUW,9,2329,,,false,4
,IC`PX`HFw,0,1976,,,false,4
,IC`PX`HFw,1,2329,,,false,4
,IC`PX`HFw,2,1905,,,false,4
,IC`PX`HFw,3,1976,,,false,4
,IC`PX`HFw,4,2469,,,false,4
,IC`PX`HFw,5,1905,,,false,4
,IC`PX`HFw,6,1835,,,false,4
,IC`PX`HFw,7,2329,,,false,4
,IC`PX`HFw,8,1905,,,false,4
,IC`PX`HFw,9,1905,,,false,4
,Is_BjX[N?,0,2399,,,false,6
,Is_BjX[N?,1,2470,,,false,6
,Is_BjX[N?,2,1905,,,false,6
,Is_BjX[N?,3,1905,,,false,6
,Is_BjX[N?,4,1905,,,false,6
,Is_BjX[N?,5,2470,,,false,6
,Is_BjX[N?,6,2400,,,false,6
,Is_BjX[N?,7,1976,,,false,6
,Is_BjX[N?,8,2399,,,false,6
,Is_BjX[N?,9,2399,,,false,6
,I??E\X\N_,0,2399,,,false,4
,I??E\X\N_,1,1905,,,false,4
,I??E\X\N_,2,1835,,,false,4
,I??E\X\N_,3,1906,,,false,4
,I??E\X\N_,4,1906,,,false,4
,I??E\X\N_,5,1975,,,false,4
,I??E\X\N_,6,1905,,,false,4
,I??E\X\N_,7,1835,,,false,4
,I??E\X\N_,8,1835,,,false,4
,I??E\X\N_,9,1905,,,false,4
,I_GTd`NRo,0,2400,,,false,4
,I_GTd`NRo,1,2399,,,false,4
,I_GTd`NRo,2,2328,,,false,4
,I_GTd`NRo,3,1976,,,false,4
,I_GTd`NRo,4,1976,,,false,4
,I_GTd`NRo,5,1905,,,false,4
,I_GTd`NRo,6,1975,,,false,4
,I_GTd`NRo,7,1905,,,false,4
,I_GTd`NRo,8,1905,,,false,4
,I_GTd`NRo,9,1976,,,false,4
,I?XPc]M[W,0,2399,,,false,5
,I?XPc]M[W,1,1975,,,false,5
,I?XPc]M[W,2,1906,,,false,5
,I?XPc]M[W,3,2329,,,false,5
,I?XPc]M[W,4,1905,,,false,5
,I?XPc]M[W,5,1905,,,false,5
,I?XPc]M[W,6,1976,,,false,5
,I?XPc]M[W,7,1976,,,false,5
,I?XPc]M[W,8,1976,,,false,5
,I?XPc]M[W,9,2328,,,false,5
,I???E}}^_,0,1905,,,false,3
,I???E}}^_,1,2400,,,false,3
,I???E}}^_,2,2399,,,false,3
,I???E}}^_,3,1906,,,false,3
,I???E}}^_,4,1976,,,false,3
,I???E}}^_,5,2399,,,false,3
,I???E}}^_,6,2329,,,false,3
,I???E}}^_,7,1905,,,false,3
,I???E}}^_,8,1905,,,false,3
,I???E}}^_,9,1976,,,false,3
,I???CtVJw,0,1905,,,false,3
,I???CtVJw,1,1906,,,false,3
,I???CtVJw,2,1482,,,false,3
,I???CtVJw,3,1905,,,false,3
,I???CtVJw,4,1905,,,false,3
,I???CtVJw,5,1905,,,false,3
,I???CtVJw,6,1906,,,false,3
,I???CtVJw,7,1906,,,false,3
,I???CtVJw,8,1905,,,false,3
,I???CtVJw,9,1905,,,false,3
,I????B~~o,0,2400,,,false,2
,I????B~~o,1,1906,,,false,2
,I????B~~o,2,1976,,,false,2
,I????B~~o,3,1976,,,false,2
,I????B~~o,4,1835,,,false,2
,I????B~~o,5,1835,,,false,2
,I????B~~o,6,1976,,,false,2
,I????B~~o,7,1976,,,false,2
,I????B~~o,8,10515,,,false,2
,I????B~~o,9,917,,,false,2
,IsPH@CYDO,0,2893,,,false,4
,IsPH@CYDO,1,2470,,,false,4
,IsPH@CYDO,2,1906,,,false,4
,IsPH@CYDO,3,1976,,,false,4
,IsPH@CYDO,4,1905,,,false,4
,IsPH@CYDO,5,1906,,,false,4
,IsPH@CYDO,6,1906,,,false,4
,IsPH@CYDO,7,1976,,,false,4
,IsPH@CYDO,8,1905,,,false,4
,IsPH@CYDO,9,2400,,,false,4
,Is?AXW[[?,0,2400,,,false,3
,Is?AXW[[?,1,1976,,,false,3
,Is?AXW[[?,2,1976,,,false,3
,Is?AXW[[?,3,1835,,,false,3
,Is?AXW[[?,4,1835,,,false,3
,Is?AXW[[?,5,2400,,,false,3
,Is?AXW[[?,6,1906,,,false,3
,Is?AXW[[?,7,1905,,,false,3
,Is?AXW[[?,8,1976,,,false,3
,Is?AXW[[?,9,1906,,,false,3
,I??EdPMLO,0,2470,,,false,3
,I??EdPMLO,1,1975,,,false,3
,I??EdPMLO,2,1835,,,false,3
,I??EdPMLO,3,1905,,,false,3
,I??EdPMLO,4,1976,,,false,3
,I??EdPMLO,5,1976,,,false,3
,I??EdPMLO,6,1835,,,false,3
,I??EdPMLO,7,1905,,,false,3
,I??EdPMLO,8,1835,,,false,3
,I??EdPMLO,9,1905,,,false,3
,I??@pjKr?,0,1976,,,false,3
,I??@pjKr?,1,1905,,,false,3
,I??@pjKr?,2,1906,,,false,3
,I??@pjKr?,3,1976,,,false,3
,I??@pjKr?,4,1905,,,false,3
,I??@pjKr?,5,1976,,,false,3
,I??@pjKr?,6,1905,,,false,3
,I??@pjKr?,7,1906,,,false,3
,I??@pjKr?,8,1482,,,false,3
,I??@pjKr?,9,1976,,,false,3
,I??FF?]FO,0,1906,,,false,2
,I??FF?]FO,1,1482,,,false,2
,I??FF?]FO,2,1905,,,false,2
,I??FF?]FO,3,1906,,,false,2
,I??FF?]FO,4,2329,,,false,2
,I??FF?]FO,5,1482,,,false,2
,I??FF?]FO,6,1905,,,false,2
,I??FF?]FO,7,1975,,,false,2
,I??FF?]FO,8,1976,,,false,2
,I??FF?]FO,9,1905,,,false,2
,IGD@G_H`w,0,1976,,,false,2
,IGD@G_H`w,1,1976,,,false,2
,IGD@G_H`w,2,1906,,,false,2
,IGD@G_H`w,3,1906,,,false,2
,IGD@G_H`w,4,1906,,,false,2
,IGD@G_H`w,5,1905,,,false,2
,IGD@G_H`w,6,1976,,,false,2
,IGD@G_H`w,7,1976,,,false,2
,IGD@G_H`w,8,1905,,,false,2
,IGD@G_H`w,9,1834,,,false,2
,I??G[``@w,0,1905,,,false,2
,I??G[``@w,1,1905,,,false,2
,I??G[``@w,2,1976,,,false,2
,I??G[``@w,3,1411,,,false,2
,I??G[``@w,4,1906,,,false,2
,I??G[``@w,5,1905,,,false,2
,I??G[``@w,6,1905,,,false,2
,I??G[``@w,7,1976,,,false,2
,I??G[``@w,8,1905,,,false,2
,I??G[``@w,9,1906,,,false,2
,I_?__QF]G,0,2328,,,false,2
,I_?__QF]G,1,1976,,,false,2
,I_?__QF]G,2,1976,,,false,2
,I_?__QF]G,3,1905,,,false,2
,I_?__QF]G,4,1976,,,false,2
,I_?__QF]G,5,1906,,,false,2
,I_?__QF]G,6,1482,,,false,2
,I_?__QF]G,7,1906,,,false,2
,I_?__QF]G,8,1905,,,false,2
,I_?__QF]G,9,1976,,,false,2
,I?`@?_NBo,0,2470,,,false,2
,I?`@?_NBo,1,1906,,,false,2
,I?`@?_NBo,2,1905,,,false,2
,I?`@?_NBo,3,1905,,,false,2
,I?`@?_NBo,4,1976,,,false,2
,I?`@?_NBo,5,1481,,,false,2
,I?`@?_NBo,6,1482,,,false,2
,I?`@?_NBo,7,1905,,,false,2
,I?`@?_NBo,8,1905,,,false,2
,I?`@?_NBo,9,1906,,,false,2
,I??CPKUQW,0,2399,,,false,3
,I??CPKUQW,1,1906,,,false,3
,I??CPKUQW,2,1905,,,false,3
,I??CPKUQW,3,1905,,,false,3
,I??CPKUQW,4,1906,,,false,3
,I??CPKUQW,5,1905,,,false,3
,I??CPKUQW,6,1482,,,false,3
,I??CPKUQW,7,1412,,,false,3
,I??CPKUQW,8,1482,,,false,3
,I??CPKUQW,9,1905,,,false,3
,IskAJLUN?,0,2329,,,false,4
,IskAJLUN?,1,2470,,,false,4
,IskAJLUN?,2,1975,,,false,4
,IskAJLUN?,3,1905,,,false,4
,IskAJLUN?,4,2399,,,false,4
,IskAJLUN?,5,2400,,,false,4
,IskAJLUN?,6,1906,,,false,4
,IskAJLUN?,7,1976,,,false,4
,IskAJLUN?,8,1905,,,false,4
,IskAJLUN?,9,1906,,,false,4
,I{cBIkkFG,0,2399,,,false,5
,I{cBIkkFG,1,2328,,,false,5
,I{cBIkkFG,2,2400,,,false,5
,I{cBIkkFG,3,1905,,,false,5
,I{cBIkkFG,4,1906,,,false,5
,I{cBIkkFG,5,2470,,,false,5
,I{cBIkkFG,6,1905,,,false,5
,I{cBIkkFG,7,2329,,,false,5
,I{cBIkkFG,8,2399,,,false,5
,I{cBIkkFG,9,1905,,,false,5
,IIISYgj}?,0,2822,,,false,4
,IIISYgj}?,1,1905,,,false,4
,IIISYgj}?,2,1905,,,false,4
,IIISYgj}?,3,2470,,,false,4
,IIISYgj}?,4,1906,,,false,4
,IIISYgj}?,5,2400,,,false,4
,IIISYgj}?,6,2399,,,false,4
,IIISYgj}?,7,1905,,,false,4
,IIISYgj}?,8,1976,,,false,4
,IIISYgj}?,9,2470,,,false,4
,IHQKjOV}?,0,2470,,,false,4
,IHQKjOV}?,1,2400,,,false,4
,IHQKjOV}?,2,1905,,,false,4
,IHQKjOV}?,3,1835,,,false,4
,IHQKjOV}?,4,1976,,,false,4
,IHQKjOV}?,5,2470,,,false,4
,IHQKjOV}?,6,1906,,,false,4
,IHQKjOV}?,7,1906,,,false,4
,IHQKjOV}?,8,1905,,,false,4
,IHQKjOV}?,9,2399,,,false,4
,I}mBIkmFW,0,2470,,,false,6
,I}mBIkmFW,1,1906,,,false,6
,I}mBIkmFW,2,1976,,,false,6
,I}mBIkmFW,3,2399,,,false,6
,I}mBIkmFW,4,2399,,,false,6
,I}mBIkmFW,5,1905,,,false,6
,I}mBIkmFW,6,1906,,,false,6
,I}mBIkmFW,7,1905,,,false,6
,I}mBIkmFW,8,1976,,,false,6
,I}mBIkmFW,9,2400,,,false,6
,I@hisny|W,0,2470,,,false,6
,I@hisny|W,1,1905,,,false,6
,I@hisny|W,2,1905,,,false,6
,I@hisny|W,3,1905,,,false,6
,I@hisny|W,4,2329,,,false,6
,I@hisny|W,5,1906,,,false,6
,I@hisny|W,6,2470,,,false,6
,I@hisny|W,7,2400,,,false,6
,I@hisny|W,8,2329,,,false,6
,I@hisny|W,9,2399,,,false,6
,I??OQ?``g,0,1976,,,false,1
,I??OQ?``g,1,1906,,,false,1
,I??OQ?``g,2,1906,,,false,1
,I??OQ?``g,3,1905,,,false,1
,I??OQ?``g,4,1482,,,false,1
,I??OQ?``g,5,1412,,,false,1
,I??OQ?``g,6,1905,,,false,1
,I??OQ?``g,7,1905,,,false,1
,I??OQ?``g,8,1905,,,false,1
,I??OQ?``g,9,1906,,,false,1
,Is?HGtcU?,0,2399,,,false,4
,Is?HGtcU?,1,1976,,,false,4
,Is?HGtcU?,2,1976,,,false,4
,Is?HGtcU?,3,1906,,,false,4
,Is?HGtcU?,4,1835,,,false,4
,Is?HGtcU?,5,2399,,,false,4
,Is?HGtcU?,6,2399,,,false,4
,Is?HGtcU?,7,1906,,,false,4
,Is?HGtcU?,8,1976,,,false,4
,Is?HGtcU?,9,1905,,,false,4
,Is?@WxcU?,0,2399,,,false,4
,Is?@WxcU?,1,1976,,,false,4
,Is?@WxcU?,2,1905,,,false,4
,Is?@WxcU?,3,1976,,,false,4
,Is?@WxcU?,4,1905,,,false,4
,Is?@WxcU?,5,1906,,,false,4
,Is?@WxcU?,6,1976,,,false,4
,Is?@WxcU?,7,2399,,,false,4
,Is?@WxcU?,8,1834,,,false,4
,Is?@WxcU?,9,1906,,,false,4
,I@QLQlSiG,0,2329,,,false,5
,I@QLQlSiG,1,1906,,,false,5
,I@QLQlSiG,2,1906,,,false,5
,I@QLQlSiG,3,2399,,,false,5
,I@QLQlSiG,4,1976,,,false,5
,I@QLQlSiG,5,1976,,,false,5
,I@QLQlSiG,6,1975,,,false,5
,I@QLQlSiG,7,1835,,,false,5
,I@QLQlSiG,8,1906,,,false,5
,I@QLQlSiG,9,1976,,,false,5
,I~rH`cNBw,0,2328,,,false,5
,I~rH`cNBw,1,1975,,,false,5
,I~rH`cNBw,2,2470,,,false,5
,I~rH`cNBw,3,1905,,,false,5
,I~rH`cNBw,4,1905,,,false,5
,I~rH`cNBw,5,2399,,,false,5
,I~rH`cNBw,6,1905,,,false,5
,I~rH`cNBw,7,2470,,,false,5
,I~rH`cNBw,8,2893,,,false,5
,I~rH`cNBw,9,2823,,,false,5
,Is`b?{]]?,0,2400,,,false,5
,Is`b?{]]?,1,2399,,,false,5
,Is`b?{]]?,2,2399,,,false,5
,Is`b?{]]?,3,1976,,,false,5
,Is`b?{]]?,4,1976,,,false,5
,Is`b?{]]?,5,1976,,,false,5
,Is`b?{]]?,6,2329,,,false,5
,Is`b?{]]?,7,2400,,,false,5
,Is`b?{]]?,8,1976,,,false,5
,Is`b?{]]?,9,1905,,,false,5
,Is?WaSiX?,0,2470,,,false,4
,Is?WaSiX?,1,1976,,,false,4
,Is?WaSiX?,2,1905,,,false,4
,Is?WaSiX?,3,2328,,,false,4
,Is?WaSiX?,4,1905,,,false,4
,Is?WaSiX?,5,1905,,,false,4
,Is?WaSiX?,6,2470,,,false,4
,Is?WaSiX?,7,1905,,,false,4
,Is?WaSiX?,8,1905,,,false,4
,Is?WaSiX?,9,1905,,,false,4
,Is?WpDHX?,0,2329,,,false,4
,Is?WpDHX?,1,1976,,,false,4
,Is?WpDHX?,2,2329,,,false,4
,Is?WpDHX?,3,1976,,,false,4
,Is?WpDHX?,4,1976,,,false,4
,Is?WpDHX?,5,1976,,,false,4
,Is?WpDHX?,6,1976,,,false,4
,Is?WpDHX?,7,1906,,,false,4
,Is?WpDHX?,8,1905,,,false,4
,Is?WpDHX?,9,1906,,,false,4
,Iv{?GLFHo,0,2399,,,false,4
,Iv{?GLFHo,1,1976,,,false,4
,Iv{?GLFHo,2,2470,,,false,4
,Iv{?GLFHo,3,1976,,,false,4
,Iv{?GLFHo,4,1905,,,false,4
,Iv{?GLFHo,5,1905,,,false,4
,Iv{?GLFHo,6,1975,,,false,4
,Iv{?GLFHo,7,1905,,,false,4
,Iv{?GLFHo,8,1976,,,false,4
,Iv{?GLFHo,9,1905,,,false,4
,I}z\bcnFw,0,2470,,,false,6
,I}z\bcnFw,1,2399,,,false,6
,I}z\bcnFw,2,1835,,,false,6
,I}z\bcnFw,3,2400,,,false,6
,I}z\bcnFw,4,1976,,,false,6
,I}z\bcnFw,5,2399,,,false,6
,I}z\bcnFw,6,10586,,,false,6
,I}z\bcnFw,7,2329,,,false,6
,I}z\bcnFw,8,2400,,,false,6
,I}z\bcnFw,9,2894,,,false,6
,I}nnnp^Nw,0,2399,,,false,7
,I}nnnp^Nw,1,2399,,,false,7
,I}nnnp^Nw,2,2470,,,false,7
,I}nnnp^Nw,3,2470,,,false,7
,I}nnnp^Nw,4,2399,,,false,7
,I}nnnp^Nw,5,2328,,,false,7
,I}nnnp^Nw,6,2328,,,false,7
,I}nnnp^Nw,7,2470,,,false,7
,I}nnnp^Nw,8,2470,,,false,7
,I}nnnp^Nw,9,2399,,,false,7
,I?deLStUg,0,1976,,,false,4
,I?deLStUg,1,1905,,,false,4
,I?deLStUg,2,1976,,,false,4
,I?deLStUg,3,1906,,,false,4
,I?deLStUg,4,1905,,,false,4
,I?deLStUg,5,1976,,,false,4
,I?deLStUg,6,1906,,,false,4
,I?deLStUg,7,2329,,,false,4
,I?deLStUg,8,1835,,,false,4
,I?deLStUg,9,1905,,,false,4
,ISP@OmeUW,0,2399,,,false,4
,ISP@OmeUW,1,1906,,,false,4
,ISP@OmeUW,2,1905,,,false,4
,ISP@OmeUW,3,1976,,,false,4
,ISP@OmeUW,4,1906,,,false,4
,ISP@OmeUW,5,2399,,,false,4
,ISP@OmeUW,6,1905,,,false,4
,ISP@OmeUW,7,1976,,,false,4
,ISP@OmeUW,8,1976,,,false,4
,ISP@OmeUW,9,1976,,,false,4
,Is@?xOXX?,0,1905,,,false,3
,Is@?xOXX?,1,1905,,,false,3
,Is@?xOXX?,2,1905,,,false,3
,Is@?xOXX?,3,2329,,,false,3
,Is@?xOXX?,4,1905,,,false,3
,Is@?xOXX?,5,1905,,,false,3
,Is@?xOXX?,6,1905,,,false,3
,Is@?xOXX?,7,1976,,,false,3
,Is@?xOXX?,8,2399,,,false,3
,Is@?xOXX?,9,1905,,,false,3
,It?IQKWHG,0,1976,,,false,3
,It?IQKWHG,1,1906,,,false,3
,It?IQKWHG,2,1976,,,false,3
,It?IQKWHG,3,2328,,,false,3
,It?IQKWHG,4,1905,,,false,3
,It?IQKWHG,5,1976,,,false,3
,It?IQKWHG,6,1976,,,false,3
,It?IQKWHG,7,1905,,,false,3
,It?IQKWHG,8,1905,,,false,3
,It?IQKWHG,9,1906,,,false,3
,IkGHWn\{o,0,2400,,,false,4
,IkGHWn\{o,1,2399,,,false,4
,IkGHWn\{o,2,2470,,,false,4
,IkGHWn\{o,3,1906,,,false,4
,IkGHWn\{o,4,2400,,,false,4
,IkGHWn\{o,5,1906,,,false,4
,IkGHWn\{o,6,2399,,,false,4
,IkGHWn\{o,7,1905,,,false,4
,IkGHWn\{o,8,2470,,,false,4
,IkGHWn\{o,9,1905,,,false,4
,Ir?MHqnVo,0,1976,,,false,5
,Ir?MHqnVo,1,1976,,,false,5
,Ir?MHqnVo,2,1835,,,false,5
,Ir?MHqnVo,3,1905,,,false,5
,Ir?MHqnVo,4,1976,,,false,5
,Ir?MHqnVo,5,1905,,,false,5
,Ir?MHqnVo,6,2470,,,false,5
,Ir?MHqnVo,7,1905,,,false,5
,Ir?MHqnVo,8,1906,,,false,5
,Ir?MHqnVo,9,1976,,,false,5
,Io?Y`QF]?,0,2470,,,false,4
,Io?Y`QF]?,1,2329,,,false,4
,Io?Y`QF]?,2,1906,,,false,4
,Io?Y`QF]?,3,1976,,,false,4
,Io?Y`QF]?,4,1905,,,false,4
,Io?Y`QF]?,5,2400,,,false,4
,Io?Y`QF]?,6,1976,,,false,4
,Io?Y`QF]?,7,1905,,,false,4
,Io?Y`QF]?,8,1905,,,false,4
,Io?Y`QF]?,9,1976,,,false,4
,I`?N~bLNW,0,2400,,,false,4
,I`?N~bLNW,1,1905,,,false,4
,I`?N~bLNW,2,2470,,,false,4
,I`?N~bLNW,3,1835,,,false,4
,I`?N~bLNW,4,1906,,,false,4
,I`?N~bLNW,5,1905,,,false,4
,I`?N~bLNW,6,2399,,,false,4
,I`?N~bLNW,7,1976,,,false,4
,I`?N~bLNW,8,2400,,,false,4
,I`?N~bLNW,9,2399,,,false,4
,IwDX}yy~w,0,2399,,,false,6
,IwDX}yy~w,1,2328,,,false,6
,IwDX}yy~w,2,2399,,,false,6
,IwDX}yy~w,3,2470,,,false,6
,IwDX}yy~w,4,2469,,,false,6
,IwDX}yy~w,5,1905,,,false,6
,IwDX}yy~w,6,1976,,,false,6
,IwDX}yy~w,7,2329,,,false,6
,IwDX}yy~w,8,1976,,,false,6
,IwDX}yy~w,9,2470,,,false,6
,I{dbG{^~w,0,2329,,,false,6
,I{dbG{^~w,1,2329,,,false,6
,I{dbG{^~w,2,1976,,,false,6
,I{dbG{^~w,3,2400,,,false,6
,I{dbG{^~w,4,2400,,,false,6
,I{dbG{^~w,5,2399,,,false,6
,I{dbG{^~w,6,2399,,,false,6
,I{dbG{^~w,7,2399,,,false,6
,I{dbG{^~w,8,1905,,,false,6
,I{dbG{^~w,9,1835,,,false,6
,I~?G[|m~w,0,1976,,,false,5
,I~?G[|m~w,1,2399,,,false,5
,I~?G[|m~w,2,2399,,,false,5
,I~?G[|m~w,3,1906,,,false,5
,I~?G[|m~w,4,1906,,,false,5
,I~?G[|m~w,5,1976,,,false,5
,I~?G[|m~w,6,2399,,,false,5
,I~?G[|m~w,7,2399,,,false,5
,I~?G[|m~w,8,1906,,,false,5
,I~?G[|m~w,9,1835,,,false,5
,I}lah[^~w,0,2399,,,false,6
,I}lah[^~w,1,2399,,,false,6
,I}lah[^~w,2,2400,,,false,6
,I}lah[^~w,3,1411,,,false,6
,I}lah[^~w,4,1411,,,false,6
,I}lah[^~w,5,1905,,,false,6
,I}lah[^~w,6,2399,,,false,6
,I}lah[^~w,7,2470,,,false,6
,I}lah[^~w,8,2470,,,false,6
,I}lah[^~w,9,2400,,,false,6
,IwC^?~{~w,0,2400,,,false,5
,IwC^?~{~w,1,2399,,,false,5
,IwC^?~{~w,2,2329,,,false,5
,IwC^?~{~w,3,2400,,,false,5
,IwC^?~{~w,4,1975,,,false,5
,IwC^?~{~w,5,1905,,,false,5
,IwC^?~{~w,6,2400,,,false,5
,IwC^?~{~w,7,1906,,,false,5
,IwC^?~{~w,8,2329,,,false,5
,IwC^?~{~w,9,2399,,,false,5
,I`o~f~~~w,0,2469,,,false,6
,I`o~f~~~w,1,2399,,,false,6
,I`o~f~~~w,2,1975,,,false,6
,I`o~f~~~w,3,1976,,,false,6
,I`o~f~~~w,4,1905,,,false,6
,I`o~f~~~w,5,1905,,,false,6
,I`o~f~~~w,6,1905,,,false,6
,I`o~f~~~w,7,2329,,,false,6
,I`o~f~~~w,8,1976,,,false,6
,I`o~f~~~w,9,2470,,,false,6
,I?GTbHWb?,0,1906,,,false,4
,I?GTbHWb?,1,1976,,,false,4
,I?GTbHWb?,2,2399,,,false,4
,I?GTbHWb?,3,1905,,,false,4
,I?GTbHWb?,4,1976,,,false,4
,I?GTbHWb?,5,1905,,,false,4
,I?GTbHWb?,6,1976,,,false,4
,I?GTbHWb?,7,2399,,,false,4
,I?GTbHWb?,8,2329,,,false,4
,I?GTbHWb?,9,1835,,,false,4
,IQiiqk~~w,0,2399,,,false,4
,IQiiqk~~w,1,2399,,,false,4
,IQiiqk~~w,2,1905,,,false,4
,IQiiqk~~w,3,2399,,,false,4
,IQiiqk~~w,4,1976,,,false,4
,IQiiqk~~w,5,2399,,,false,4
,IQiiqk~~w,6,1905,,,false,4
,IQiiqk~~w,7,1905,,,false,4
,IQiiqk~~w,8,2399,,,false,4
,IQiiqk~~w,9,1905,,,false,4
,It{?ILFL_,0,2399,,,false,4
,It{?ILFL_,1,2399,,,false,4
,It{?ILFL_,2,1976,,,false,4
,It{?ILFL_,3,1905,,,false,4
,It{?ILFL_,4,2399,,,false,4
,It{?ILFL_,5,1976,,,false,4
,It{?ILFL_,6,1905,,,false,4
,It{?ILFL_,7,1835,,,false,4
,It{?ILFL_,8,1976,,,false,4
,It{?ILFL_,9,2470,,,false,4
,I_?BSgcEG,0,1976,,,false,3
,I_?BSgcEG,1,1976,,,false,3
,I_?BSgcEG,2,1905,,,false,3
,I_?BSgcEG,3,1906,,,false,3
,I_?BSgcEG,4,1835,,,false,3
,I_?BSgcEG,5,1906,,,false,3
,I_?BSgcEG,6,1905,,,false,3
,I_?BSgcEG,7,1976,,,false,3
,I_?BSgcEG,8,1905,,,false,3
,I_?BSgcEG,9,1976,,,false,3
,I}hX~~~~w,0,2400,,,false,7
,I}hX~~~~w,1,2329,,,false,7
,I}hX~~~~w,2,2470,,,false,7
,I}hX~~~~w,3,2399,,,false,7
,I}hX~~~~w,4,1976,,,false,7
,I}hX~~~~w,5,2399,,,false,7
,I}hX~~~~w,6,2400,,,false,7
,I}hX~~~~w,7,2400,,,false,7
,I}hX~~~~w,8,2399,,,false,7
,I}hX~~~~w,9,2400,,,false,7
,I?AKagjX_,0,1976,,,false,4
,I?AKagjX_,1,1976,,,false,4
,I?AKagjX_,2,1976,,,false,4
,I?AKagjX_,3,1905,,,false,4
,I?AKagjX_,4,1905,,,false,4
,I?AKagjX_,5,1905,,,false,4
,I?AKagjX_,6,1905,,,false,4
,I?AKagjX_,7,1906,,,false,4
,I?AKagjX_,8,1976,,,false,4
,I?AKagjX_,9,1976,,,false,4
,IrrH`enVo,0,2400,,,false,5
,IrrH`enVo,1,2400,,,false,5
,IrrH`enVo,2,1905,,,false,5
,IrrH`enVo,3,1834,,,false,5
,IrrH`enVo,4,1905,,,false,5
,IrrH`enVo,5,2470,,,false,5
,IrrH`enVo,6,1976,,,false,5
,IrrH`enVo,7,2399,,,false,5
,IrrH`enVo,8,2399,,,false,5
,IrrH`enVo,9,2399,,,false,5
,I??G`TEdW,0,2399,,,false,3
,I??G`TEdW,1,1905,,,false,3
,I??G`TEdW,2,1976,,,false,3
,I??G`TEdW,3,1412,,,false,3
,I??G`TEdW,4,1905,,,false,3
,I??G`TEdW,5,1906,,,false,3
,I??G`TEdW,6,1976,,,false,3
,I??G`TEdW,7,1906,,,false,3
,I??G`TEdW,8,1905,,,false,3
,I??G`TEdW,9,1976,,,false,3
,I??GaGaeG,0,1906,,,false,2
,I??GaGaeG,1,1975,,,false,2
,I??GaGaeG,2,1905,,,false,2
,I??GaGaeG,3,1905,,,false,2
,I??GaGaeG,4,1835,,,false,2
,I??GaGaeG,5,1976,,,false,2
,I??GaGaeG,6,1482,,,false,2
,I??GaGaeG,7,1482,,,false,2
,I??GaGaeG,8,1905,,,false,2
,I??GaGaeG,9,1905,,,false,2
,I??Gagjxg,0,1905,,,false,3
,I??Gagjxg,1,1835,,,false,3
,I??Gagjxg,2,1906,,,false,3
,I??Gagjxg,3,1905,,,false,3
,I??Gagjxg,4,1906,,,false,3
,I??Gagjxg,5,1976,,,false,3
,I??Gagjxg,6,1976,,,false,3
,I??Gagjxg,7,1906,,,false,3
,I??Gagjxg,8,1905,,,false,3
,I??Gagjxg,9,1905,,,false,3
,I??GhtFig,0,1905,,,false,4
,I??GhtFig,1,1906,,,false,4
,I??GhtFig,2,1906,,,false,4
,I??GhtFig,3,1411,,,false,4
,I??GhtFig,4,917,,,false,4
,I??GhtFig,5,1412,,,false,4
,I??GhtFig,6,2399,,,false,4
,I??GhtFig,7,2470,,,false,4
,I??GhtFig,8,1976,,,false,4
,I??GhtFig,9,2400,,,false,4
,I??GiK|yg,0,1975,,,false,4
,I??GiK|yg,1,1905,,,false,4
,I??GiK|yg,2,2329,,,false,4
,I??GiK|yg,3,1905,,,false,4
,I??GiK|yg,4,1906,,,false,4
,I??GiK|yg,5,1976,,,false,4
,I??GiK|yg,6,1976,,,false,4
,I??GiK|yg,7,1906,,,false,4
,I??GiK|yg,8,1906,,,false,4
,I??GiK|yg,9,1905,,,false,4
,I??GiyiHw,0,1905,,,false,4
,I??GiyiHw,1,1835,,,false,4
,I??GiyiHw,2,1905,,,false,4
,I??GiyiHw,3,1905,,,false,4
,I??GiyiHw,4,1975,,,false,4
,I??GiyiHw,5,1905,,,false,4
,I??GiyiHw,6,1976,,,false,4
,I??GiyiHw,7,2329,,,false,4
,I??GiyiHw,8,1976,,,false,4
,I??GiyiHw,9,1905,,,false,4
,I??Gqk|jw,0,1905,,,false,4
,I??Gqk|jw,1,1976,,,false,4
,I??Gqk|jw,2,1976,,,false,4
,I??Gqk|jw,3,1976,,,false,4
,I??Gqk|jw,4,2399,,,false,4
,I??Gqk|jw,5,1835,,,false,4
,I??Gqk|jw,6,1906,,,false,4
,I??Gqk|jw,7,1905,,,false,4
,I??Gqk|jw,8,1975,,,false,4
,I??Gqk|jw,9,1906,,,false,4
,I??GsTVLo,0,1976,,,false,4
,I??GsTVLo,1,1905,,,false,4
,I??GsTVLo,2,1905,,,false,4
,I??GsTVLo,3,1905,,,false,4
,I??GsTVLo,4,2400,,,false,4
,I??GsTVLo,5,1905,,,false,4
,I??GsTVLo,6,1976,,,false,4
,I??GsTVLo,7,1976,,,false,4
,I??GsTVLo,8,1835,,,false,4
,I??GsTVLo,9,1906,,,false,4
,I??Gs_fVG,0,1906,,,false,3
,I??Gs_fVG,1,2399,,,false,3
,I??Gs_fVG,2,1976,,,false,3
,I??Gs_fVG,3,1976,,,false,3
,I??Gs_fVG,4,1976,,,false,3
,I??Gs_fVG,5,1482,,,false,3
,I??Gs_fVG,6,1905,,,false,3
,I??Gs_fVG,7,1905,,,false,3
,I??Gs_fVG,8,1905,,,false,3
,I??Gs_fVG,9,1906,,,false,3
,I??HGlZno,0,2400,,,false,4
,I??HGlZno,1,2400,,,false,4
,I??HGlZno,2,1976,,,false,4
,I??HGlZno,3,1905,,,false,4
,I??HGlZno,4,1906,,,false,4
,I??HGlZno,5,1905,,,false,4
,I??HGlZno,6,2399,,,false,4
,I??HGlZno,7,1905,,,false,4
,I??HGlZno,8,2469,,,false,4
,I??HGlZno,9,1976,,,false,4
,I??HGlZnw,0,1976,,,false,4
,I??HGlZnw,1,2470,,,false,4
,I??HGlZnw,2,1976,,,false,4
,I??HGlZnw,3,1906,,,false,4
,I??HGlZnw,4,1905,,,false,4
,I??HGlZnw,5,1905,,,false,4
,I??HGlZnw,6,1905,,,false,4
,I??HGlZnw,7,1976,,,false,4
,I??HGlZnw,8,2399,,,false,4
,I??HGlZnw,9,1905,,,false,4
,I??HGlZzO,0,1906,,,false,4
,I??HGlZzO,1,1835,,,false,4
,I??HGlZzO,2,1976,,,false,4
,I??HGlZzO,3,1976,,,false,4
,I??HGlZzO,4,1976,,,false,4
,I??HGlZzO,5,1976,,,false,4
,I??HGlZzO,6,2399,,,false,4
,I??HGlZzO,7,1905,,,false,4
,I??HGlZzO,8,1976,,,false,4
,I??HGlZzO,9,1906,,,false,4
,I??HOhB`w,0,1905,,,false,3
,I??HOhB`w,1,1976,,,false,3
,I??HOhB`w,2,1976,,,false,3
,I??HOhB`w,3,1905,,,false,3
,I??HOhB`w,4,1835,,,false,3
,I??HOhB`w,5,1835,,,false,3
,I??HOhB`w,6,1905,,,false,3
,I??HOhB`w,7,1905,,,false,3
,I??HOhB`w,8,1905,,,false,3
,I??HOhB`w,9,1905,,,false,3
,I??IHKVew,0,2399,,,false,4
,I??IHKVew,1,1976,,,false,4
,I??IHKVew,2,1905,,,false,4
,I??IHKVew,3,1975,,,false,4
,I??IHKVew,4,1976,,,false,4
,I??IHKVew,5,1976,,,false,4
,I??IHKVew,6,1482,,,false,4
,I??IHKVew,7,1906,,,false,4
,I??IHKVew,8,1905,,,false,4
,I??IHKVew,9,1976,,,false,4
,I??I_ofxW,0,1906,,,false,3
,I??I_ofxW,1,2400,,,false,3
,I??I_ofxW,2,1482,,,false,3
,I??I_ofxW,3,1905,,,false,3
,I??I_ofxW,4,1906,,,false,3
,I??I_ofxW,5,1906,,,false,3
,I??I_ofxW,6,1976,,,false,3
,I??I_ofxW,7,1905,,,false,3
,I??I_ofxW,8,1905,,,false,3
,I??I_ofxW,9,1976,,,false,3
,I??KHORPW,0,2400,,,false,3
,I??KHORPW,1,1482,,,false,3
,I??KHORPW,2,1411,,,false,3
,I??KHORPW,3,1905,,,false,3
,I??KHORPW,4,1835,,,false,3
,I??KHORPW,5,1482,,,false,3
,I??KHORPW,6,1905,,,false,3
,I??KHORPW,7,1482,,,false,3
,I??KHORPW,8,1906,,,false,3
,I??KHORPW,9,1906,,,false,3
,I??KJOVMg,0,2400,,,false,3
,I??KJOVMg,1,1835,,,false,3
,I??KJOVMg,2,1906,,,false,3
,I??KJOVMg,3,1976,,,false,3
,I??KJOVMg,4,1906,,,false,3
,I??KJOVMg,5,1482,,,false,3
,I??KJOVMg,6,1411,,,false,3
,I??KJOVMg,7,1411,,,false,3
,I??KJOVMg,8,1411,,,false,3
,I??KJOVMg,9,2399,,,false,3
,I??KOkiPW,0,2470,,,false,3
,I??KOkiPW,1,1905,,,false,3
,I??KOkiPW,2,1906,,,false,3
,I??KOkiPW,3,1976,,,false,3
,I??KOkiPW,4,1905,,,false,3
,I??KOkiPW,5,1905,,,false,3
,I??KOkiPW,6,1906,,,false,3
,I??KOkiPW,7,1905,,,false,3
,I??KOkiPW,8,1976,,,false,3
,I??KOkiPW,9,1976,,,false,3
,I??KOtVLw,0,2400,,,false,4
,I??KOtVLw,1,1976,,,false,4
,I??KOtVLw,2,1976,,,false,4
,I??KOtVLw,3,2329,,,false,4
,I??KOtVLw,4,1905,,,false,4
,I??KOtVLw,5,1905,,,false,4
,I??KOtVLw,6,1905,,,false,4
,I??KOtVLw,7,1976,,,false,4
,I??KOtVLw,8,1905,,,false,4
,I??KOtVLw,9,1835,,,false,4
,I??KQKSIG,0,1976,,,false,2
,I??KQKSIG,1,1835,,,false,2
,I??KQKSIG,2,1905,,,false,2
,I??KQKSIG,3,1905,,,false,2
,I??KQKSIG,4,1905,,,false,2
,I??KQKSIG,5,1906,,,false,2
,I??KQKSIG,6,1905,,,false,2
,I??KQKSIG,7,1905,,,false,2
,I??KQKSIG,8,1835,,,false,2
,I??KQKSIG,9,1905,,,false,2
,I??OPHA}W,0,1906,,,false,2
,I??OPHA}W,1,1906,,,false,2
,I??OPHA}W,2,1835,,,false,2
,I??OPHA}W,3,1976,,,false,2
,I??OPHA}W,4,1976,,,false,2
,I??OPHA}W,5,1906,,,false,2
,I??OPHA}W,6,1976,,,false,2
,I??OPHA}W,7,1834,,,false,2
,I??OPHA}W,8,1905,,,false,2
,I??OPHA}W,9,1482,,,false,2
,I??OPHB`w,0,2399,,,false,2
,I??OPHB`w,1,1411,,,false,2
,I??OPHB`w,2,1976,,,false,2
,I??OPHB`w,3,1905,,,false,2
,I??OPHB`w,4,1905,,,false,2
,I??OPHB`w,5,1976,,,false,2
,I??OPHB`w,6,1906,,,false,2
,I??OPHB`w,7,1905,,,false,2
,I??OPHB`w,8,1482,,,false,2
,I??OPHB`w,9,1412,,,false,2
,I??OPPE`o,0,1976,,,false,2
,I??OPPE`o,1,1905,,,false,2
,I??OPPE`o,2,1905,,,false,2
,I??OPPE`o,3,1905,,,false,2
,I??OPPE`o,4,1976,,,false,2
,I??OPPE`o,5,1976,,,false,2
,I??OPPE`o,6,1482,,,false,2
,I??OPPE`o,7,1976,,,false,2
,I??OPPE`o,8,1905,,,false,2
,I??OPPE`o,9,1906,,,false,2
,I??OQ?``w,0,1905,,,false,2
,I??OQ?``w,1,1906,,,false,2
,I??OQ?``w,2,1906,,,false,2
,I??OQ?``w,3,1905,,,false,2
,I??OQ?``w,4,1976,,,false,2
,I??OQ?``w,5,1976,,,false,2
,I??OQ?``w,6,1976,,,false,2
,I??OQ?``w,7,1976,,,false,2
,I??OQ?``w,8,1905,,,false,2
,I??OQ?``w,9,1905,,,false,2
,I??OQKeeW,0,1905,,,false,3
,I??OQKeeW,1,1905,,,false,3
,I??OQKeeW,2,1905,,,false,3
,I??OQKeeW,3,1905,,,false,3
,I??OQKeeW,4,1905,,,false,3
,I??OQKeeW,5,1905,,,false,3
,I??OQKeeW,6,1976,,,false,3
,I??OQKeeW,7,1976,,,false,3
,I??OQKeeW,8,1976,,,false,3
,I??OQKeeW,9,1975,,,false,3
,I??OQKfeW,0,1976,,,false,3
,I??OQKfeW,1,1976,,,false,3
,I??OQKfeW,2,1905,,,false,3
,I??OQKfeW,3,1905,,,false,3
,I??OQKfeW,4,1411,,,false,3
,I??OQKfeW,5,1906,,,false,3
,I??OQKfeW,6,1905,,,false,3
,I??OQKfeW,7,1482,,,false,3
,I??OQKfeW,8,1976,,,false,3
,I??OQKfeW,9,2399,,,false,3
,I??OQKfmw,0,1905,,,false,3
,I??OQKfmw,1,2329,,,false,3
,I??OQKfmw,2,1905,,,false,3
,I??OQKfmw,3,1905,,,false,3
,I??OQKfmw,4,1976,,,false,3
,I??OQKfmw,5,1976,,,false,3
,I??OQKfmw,6,1905,,,false,3
,I??OQKfmw,7,1905,,,false,3
,I??OQKfmw,8,1905,,,false,3
,I??OQKfmw,9,1905,,,false,3
,I??OQKxxg,0,1905,,,false,3
,I??OQKxxg,1,1905,,,false,3
,I??OQKxxg,2,1975,,,false,3
,I??OQKxxg,3,1976,,,false,3
,I??OQKxxg,4,1905,,,false,3
,I??OQKxxg,5,1976,,,false,3
,I??OQKxxg,6,1835,,,false,3
,I??OQKxxg,7,1482,,,false,3
,I??OQKxxg,8,1482,,,false,3
,I??OQKxxg,9,1976,,,false,3
,I??OS?dOw,0,1906,,,false,2
,I??OS?dOw,1,1482,,,false,2
,I??OS?dOw,2,1905,,,false,2
,I??OS?dOw,3,1976,,,false,2
,I??OS?dOw,4,1906,,,false,2
,I??OS?dOw,5,1906,,,false,2
,I??OS?dOw,6,1482,,,false,2
,I??OS?dOw,7,1482,,,false,2
,I??OS?dOw,8,1906,,,false,2
,I??OS?dOw,9,1835,,,false,2
,I??OS@XHw,0,1905,,,false,2
,I??OS@XHw,1,1835,,,false,2
,I??OS@XHw,2,1905,,,false,2
,I??OS@XHw,3,1976,,,false,2
,I??OS@XHw,4,1905,,,false,2
,I??OS@XHw,5,1976,,,false,2
,I??OS@XHw,6,1905,,,false,2
,I??OS@XHw,7,1905,,,false,2
,I??OS@XHw,8,1905,,,false,2
,I??OS@XHw,9,1976,,,false,2
,I??OSLFHw,0,1906,,,false,3
,I??OSLFHw,1,1906,,,false,3
,I??OSLFHw,2,1482,,,false,3
,I??OSLFHw,3,1906,,,false,3
,I??OSLFHw,4,1835,,,false,3
,I??OSLFHw,5,1835,,,false,3
,I??OSLFHw,6,1905,,,false,3
,I??OSLFHw,7,1905,,,false,3
,I??OSLFHw,8,1976,,,false,3
,I??OSLFHw,9,1976,,,false,3
,I??OS_bRG,0,1976,,,false,2
,I??OS_bRG,1,1905,,,false,2
,I??OS_bRG,2,1906,,,false,2
,I??OS_bRG,3,1976,,,false,2
,I??OS_bRG,4,1905,,,false,2
,I??OS_bRG,5,1905,,,false,2
,I??OS_bRG,6,1482,,,false,2
,I??OS_bRG,7,1905,,,false,2
,I??OS_bRG,8,1834,,,false,2
,I??OS_bRG,9,1905,,,false,2
,I??OXLZjW,0,2329,,,false,4
,I??OXLZjW,1,2400,,,false,4
,I??OXLZjW,2,1976,,,false,4
,I??OXLZjW,3,1905,,,false,4
,I??OXLZjW,4,1976,,,false,4
,I??OXLZjW,5,1976,,,false,4
,I??OXLZjW,6,2328,,,false,4
,I??OXLZjW,7,1905,,,false,4
,I??OXLZjW,8,2400,,,false,4
,I??OXLZjW,9,1976,,,false,4
,I??OXLZzO,0,1906,,,false,4
,I??OXLZzO,1,1976,,,false,4
,I??OXLZzO,2,1976,,,false,4
,I??OXLZzO,3,1976,,,false,4
,I??OXLZzO,4,1905,,,false,4
,I??OXLZzO,5,1905,,,false,4
,I??OXLZzO,6,1905,,,false,4
,I??OXLZzO,7,1905,,,false,4
,I??OXLZzO,8,1976,,,false,4
,I??OXLZzO,9,1905,,,false,4
,I??OY?`ew,0,1976,,,false,2
,I??OY?`ew,1,1482,,,false,2
,I??OY?`ew,2,1835,,,false,2
,I??OY?`ew,3,1976,,,false,2
,I??OY?`ew,4,1976,,,false,2
,I??OY?`ew,5,1906,,,false,2
,I??OY?`ew,6,1976,,,false,2
,I??OY?`ew,7,1482,,,false,2
,I??OY?`ew,8,1905,,,false,2
,I??OY?`ew,9,1976,,,false,2
,I??OY?`}W,0,1976,,,false,2
,I??OY?`}W,1,1905,,,false,2
,I??OY?`}W,2,1906,,,false,2
,I??OY?`}W,3,1975,,,false,2
,I??OY?`}W,4,1905,,,false,2
,I??OY?`}W,5,1976,,,false,2
,I??OY?`}W,6,1975,,,false,2
,I??OY?`}W,7,2399,,,false,2
,I??OY?`}W,8,1482,,,false,2
,I??OY?`}W,9,1905,,,false,2
,I??OYKhcg,0,1976,,,false,3
,I??OYKhcg,1,1906,,,false,3
,I??OYKhcg,2,1905,,,false,3
,I??OYKhcg,3,1976,,,false,3
,I??OYKhcg,4,1906,,,false,3
,I??OYKhcg,5,1906,,,false,3
,I??OYKhcg,6,1906,,,false,3
,I??OYKhcg,7,1976,,,false,3
,I??OYKhcg,8,1905,,,false,3
,I??OYKhcg,9,1976,,,false,3
,I??OYKzjw,0,1905,,,false,4
,I??OYKzjw,1,1976,,,false,4
,I??OYKzjw,2,1905,,,false,4
,I??OYKzjw,3,1834,,,false,4
,I??OYKzjw,4,1905,,,false,4
,I??OYKzjw,5,1905,,,false,4
,I??OYKzjw,6,1976,,,false,4
,I??OYKzjw,7,1976,,,false,4
,I??OYKzjw,8,2469,,,false,4
,I??OYKzjw,9,1976,,,false,4
,I??OYOflo,0,2329,,,false,3
,I??OYOflo,1,1906,,,false,3
,I??OYOflo,2,1905,,,false,3
,I??OYOflo,3,1905,,,false,3
,I??OYOflo,4,1905,,,false,3
,I??OYOflo,5,1905,,,false,3
,I??OYOflo,6,1905,,,false,3
,I??OYOflo,7,1906,,,false,3
,I??OYOflo,8,1976,,,false,3
,I??OYOflo,9,1482,,,false,3
,I??O[K|Uo,0,2399,,,false,4
,I??O[K|Uo,1,1905,,,false,4
,I??O[K|Uo,2,1905,,,false,4
,I??O[K|Uo,3,1976,,,false,4
,I??O[K|Uo,4,2399,,,false,4
,I??O[K|Uo,5,2329,,,false,4
,I??O[K|Uo,6,1906,,,false,4
,I??O[K|Uo,7,1906,,,false,4
,I??O[K|Uo,8,1976,,,false,4
,I??O[K|Uo,9,1976,,,false,4
,I??O[K|Uw,0,1976,,,false,4
,I??O[K|Uw,1,2399,,,false,4
,I??O[K|Uw,2,1835,,,false,4
,I??O[K|Uw,3,1905,,,false,4
,I??O[K|Uw,4,1976,,,false,4
,I??O[K|Uw,5,1976,,,false,4
,I??O[K|Uw,6,1906,,,false,4
,I??O[K|Uw,7,1976,,,false,4
,I??O[K|Uw,8,1905,,,false,4
,I??O[K|Uw,9,1976,,,false,4
,I??Op\efW,0,2470,,,false,4
,I??Op\efW,1,1905,,,false,4
,I??Op\efW,2,2399,,,false,4
,I??Op\efW,3,1976,,,false,4
,I??Op\efW,4,1906,,,false,4
,I??Op\efW,5,1905,,,false,4
,I??Op\efW,6,1976,,,false,4
,I??Op\efW,7,1906,,,false,4
,I??Op\efW,8,1976,,,false,4
,I??Op\efW,9,1976,,,false,4
,I??Oq[mfW,0,2400,,,false,4
,I??Oq[mfW,1,1976,,,false,4
,I??Oq[mfW,2,1905,,,false,4
,I??Oq[mfW,3,1976,,,false,4
,I??Oq[mfW,4,2400,,,false,4
,I??Oq[mfW,5,1906,,,false,4
,I??Oq[mfW,6,1976,,,false,4
,I??Oq[mfW,7,1905,,,false,4
,I??Oq[mfW,8,2400,,,false,4
,I??Oq[mfW,9,1835,,,false,4
,I??Oqwm~g,0,3740,,,false,4
,I??Oqwm~g,1,1906,,,false,4
,I??Oqwm~g,2,1906,,,false,4
,I??Oqwm~g,3,1976,,,false,4
,I??Oqwm~g,4,1905,,,false,4
,I??Oqwm~g,5,1905,,,false,4
,I??Oqwm~g,6,1905,,,false,4
,I??Oqwm~g,7,1905,,,false,4
,I??Oqwm~g,8,2399,,,false,4
,I??Oqwm~g,9,1976,,,false,4
,I??Os\NJw,0,1906,,,false,4
,I??Os\NJw,1,1976,,,false,4
,I??Os\NJw,2,1976,,,false,4
,I??Os\NJw,3,1905,,,false,4
,I??Os\NJw,4,2329,,,false,4
,I??Os\NJw,5,1905,,,false,4
,I??Os\NJw,6,1835,,,false,4
,I??Os\NJw,7,1976,,,false,4
,I??Os\NJw,8,1976,,,false,4
,I??Os\NJw,9,1835,,,false,4
,I??P?XAeW,0,1976,,,false,2
,I??P?XAeW,1,1905,,,false,2
,I??P?XAeW,2,1834,,,false,2
,I??P?XAeW,3,1976,,,false,2
,I??P?XAeW,4,1976,,,false,2
,I??P?XAeW,5,1905,,,false,2
,I??P?XAeW,6,1976,,,false,2
,I??P?XAeW,7,1906,,,false,2
,I??P?XAeW,8,1906,,,false,2
,I??P?XAeW,9,1905,,,false,2
,I??P?XIco,0,2399,,,false,2
,I??P?XIco,1,1482,,,false,2
,I??P?XIco,2,2329,,,false,2
,I??P?XIco,3,1905,,,false,2
,I??P?XIco,4,1976,,,false,2
,I??P?XIco,5,1905,,,false,2
,I??P?XIco,6,1905,,,false,2
,I??P?XIco,7,1905,,,false,2
,I??P?XIco,8,1976,,,false,2
,I??P?XIco,9,1976,,,false,2
,I??P?\Xf_,0,2400,,,false,3
,I??P?\Xf_,1,1905,,,false,3
,I??P?\Xf_,2,1482,,,false,3
,I??P?\Xf_,3,1976,,,false,3
,I??P?\Xf_,4,1905,,,false,3
,I??P?\Xf_,5,1905,,,false,3
,I??P?\Xf_,6,1906,,,false,3
,I??P?\Xf_,7,1905,,,false,3
,I??P?\Xf_,8,1976,,,false,3
,I??P?\Xf_,9,1976,,,false,3
,I??POpFxo,0,1976,,,false,3
,I??POpFxo,1,1976,,,false,3
,I??POpFxo,2,1835,,,false,3
,I??POpFxo,3,1976,,,false,3
,I??POpFxo,4,1905,,,false,3
,I??POpFxo,5,1905,,,false,3
,I??POpFxo,6,1976,,,false,3
,I??POpFxo,7,1976,,,false,3
,I??POpFxo,8,1905,,,false,3
,I??POpFxo,9,1906,,,false,3
,I??PYyz~O,0,2400,,,false,4
,I??PYyz~O,1,1976,,,false,4
,I??PYyz~O,2,1905,,,false,4
,I??PYyz~O,3,1905,,,false,4
,I??PYyz~O,4,1976,,,false,4
,I??PYyz~O,5,1905,,,false,4
,I??PYyz~O,6,1834,,,false,4
,I??PYyz~O,7,1905,,,false,4
,I??PYyz~O,8,1906,,,false,4
,I??PYyz~O,9,2400,,,false,4
,I??P\t^~g,0,2399,,,false,4
,I??P\t^~g,1,1905,,,false,4
,I??P\t^~g,2,1976,,,false,4
,I??P\t^~g,3,1905,,,false,4
,I??P\t^~g,4,2328,,,false,4
,I??P\t^~g,5,1905,,,false,4
,I??P\t^~g,6,1976,,,false,4
,I??P\t^~g,7,1906,,,false,4
,I??P\t^~g,8,1976,,,false,4
,I??P\t^~g,9,1976,,,false,4
,I??Psxm~?,0,2399,,,false,4
,I??Psxm~?,1,1976,,,false,4
,I??Psxm~?,2,2329,,,false,4
,I??Psxm~?,3,1905,,,false,4
,I??Psxm~?,4,2399,,,false,4
,I??Psxm~?,5,1905,,,false,4
,I??Psxm~?,6,1905,,,false,4
,I??Psxm~?,7,1976,,,false,4
,I??Psxm~?,8,1905,,,false,4
,I??Psxm~?,9,2400,,,false,4
,I??Q?slfg,0,2399,,,false,3
,I??Q?slfg,1,2399,,,false,3
,I??Q?slfg,2,1906,,,false,3
,I??Q?slfg,3,1905,,,false,3
,I??Q?slfg,4,1905,,,false,3
,I??Q?slfg,5,1976,,,false,3
,I??Q?slfg,6,1905,,,false,3
,I??Q?slfg,7,1976,,,false,3
,I??Q?slfg,8,1905,,,false,3
,I??Q?slfg,9,1906,,,false,3
,I??QXYRzG,0,2470,,,false,4
,I??QXYRzG,1,1976,,,false,4
,I??QXYRzG,2,1906,,,false,4
,I??QXYRzG,3,1905,,,false,4
,I??QXYRzG,4,1905,,,false,4
,I??QXYRzG,5,2399,,,false,4
,I??QXYRzG,6,1906,,,false,4
,I??QXYRzG,7,1976,,,false,4
,I??QXYRzG,8,2399,,,false,4
,I??QXYRzG,9,1905,,,false,4
,I??Rswn~G,0,2400,,,false,4
,I??Rswn~G,1,2329,,,false,4
,I??Rswn~G,2,1906,,,false,4
,I??Rswn~G,3,2470,,,false,4
,I??Rswn~G,4,1906,,,false,4
,I??Rswn~G,5,1976,,,false,4
,I??Rswn~G,6,2399,,,false,4
,I??Rswn~G,7,2328,,,false,4
,I??Rswn~G,8,1905,,,false,4
,I??Rswn~G,9,1905,,,false,4
,I??T@GNUW,0,1835,,,false,3
,I??T@GNUW,1,1906,,,false,3
,I??T@GNUW,2,1906,,,false,3
,I??T@GNUW,3,1905,,,false,3
,I??T@GNUW,4,1976,,,false,3
,I??T@GNUW,5,1906,,,false,3
,I??T@GNUW,6,2328,,,false,3
,I??T@GNUW,7,1905,,,false,3
,I??T@GNUW,8,1976,,,false,3
,I??T@GNUW,9,1976,,,false,3
,I??WQ?b`w,0,988,,,false,2
,I??WQ?b`w,1,1482,,,false,2
,I??WQ?b`w,2,1905,,,false,2
,I??WQ?b`w,3,1975,,,false,2
,I??WQ?b`w,4,1905,,,false,2
,I??WQ?b`w,5,1976,,,false,2
,I??WQ?b`w,6,1976,,,false,2
,I??WQ?b`w,7,1975,,,false,2
,I??WQ?b`w,8,1906,,,false,2
,I??WQ?b`w,9,1412,,,false,2
,I??XPqdSw,0,1835,,,false,4
,I??XPqdSw,1,2399,,,false,4
,I??XPqdSw,2,1975,,,false,4
,I??XPqdSw,3,1905,,,false,4
,I??XPqdSw,4,1976,,,false,4
,I??XPqdSw,5,1905,,,false,4
,I??XPqdSw,6,1906,,,false,4
,I??XPqdSw,7,2329,,,false,4
,I??XPqdSw,8,1976,,,false,4
,I??XPqdSw,9,1976,,,false,4
,I??YcOfJo,0,1905,,,false,3
,I??YcOfJo,1,1905,,,false,3
,I??YcOfJo,2,1976,,,false,3
,I??YcOfJo,3,1482,,,false,3
,I??YcOfJo,4,1905,,,false,3
,I??YcOfJo,5,1905,,,false,3
,I??YcOfJo,6,1905,,,false,3
,I??YcOfJo,7,1976,,,false,3
,I??YcOfJo,8,1976,,,false,3
,I??YcOfJo,9,1975,,,false,3
,I??[QOfLo,0,1905,,,false,4
,I??[QOfLo,1,1905,,,false,4
,I??[QOfLo,2,1906,,,false,4
,I??[QOfLo,3,1976,,,false,4
,I??[QOfLo,4,1905,,,false,4
,I??[QOfLo,5,2399,,,false,4
,I??[QOfLo,6,1976,,,false,4
,I??[QOfLo,7,2399,,,false,4
,I??[QOfLo,8,1905,,,false,4
,I??[QOfLo,9,1905,,,false,4
,I??_Pe^Vo,0,2400,,,false,3
,I??_Pe^Vo,1,2399,,,false,3
,I??_Pe^Vo,2,1905,,,false,3
,I??_Pe^Vo,3,1905,,,false,3
,I??_Pe^Vo,4,1976,,,false,3
,I??_Pe^Vo,5,1905,,,false,3
,I??_Pe^Vo,6,2329,,,false,3
,I??_Pe^Vo,7,1906,,,false,3
,I??_Pe^Vo,8,1906,,,false,3
,I??_Pe^Vo,9,1905,,,false,3
,I??_Pe^Vw,0,1905,,,false,3
,I??_Pe^Vw,1,1976,,,false,3
,I??_Pe^Vw,2,1976,,,false,3
,I??_Pe^Vw,3,1976,,,false,3
,I??_Pe^Vw,4,1905,,,false,3
,I??_Pe^Vw,5,1835,,,false,3
,I??_Pe^Vw,6,1905,,,false,3
,I??_Pe^Vw,7,1905,,,false,3
,I??_Pe^Vw,8,1976,,,false,3
,I??_Pe^Vw,9,1905,,,false,3
,I??_QCRfW,0,1905,,,false,3
,I??_QCRfW,1,1905,,,false,3
,I??_QCRfW,2,1905,,,false,3
,I??_QCRfW,3,1482,,,false,3
,I??_QCRfW,4,1905,,,false,3
,I??_QCRfW,5,1905,,,false,3
,I??_QCRfW,6,1976,,,false,3
,I??_QCRfW,7,1975,,,false,3
,I??_QCRfW,8,1905,,,false,3
,I??_QCRfW,9,1976,,,false,3
,I??_Xu^Vo,0,1905,,,false,4
,I??_Xu^Vo,1,1905,,,false,4
,I??_Xu^Vo,2,1905,,,false,4
,I??_Xu^Vo,3,1905,,,false,4
,I??_Xu^Vo,4,1976,,,false,4
,I??_Xu^Vo,5,1976,,,false,4
,I??_Xu^Vo,6,1905,,,false,4
,I??_Xu^Vo,7,1905,,,false,4
,I??_Xu^Vo,8,1906,,,false,4
,I??_Xu^Vo,9,1905,,,false,4
,I??_Xu^Vw,0,1976,,,false,4
,I??_Xu^Vw,1,1976,,,false,4
,I??_Xu^Vw,2,1905,,,false,4
,I??_Xu^Vw,3,1976,,,false,4
,I??_Xu^Vw,4,1976,,,false,4
,I??_Xu^Vw,5,1905,,,false,4
,I??_Xu^Vw,6,1905,,,false,4
,I??_Xu^Vw,7,1905,,,false,4
,I??_Xu^Vw,8,1482,,,false,4
,I??_Xu^Vw,9,1906,,,false,4
,I??_YOVkw,0,1905,,,false,3
,I??_YOVkw,1,1976,,,false,3
,I??_YOVkw,2,1976,,,false,3
,I??_YOVkw,3,1905,,,false,3
,I??_YOVkw,4,1906,,,false,3
,I??_YOVkw,5,1906,,,false,3
,I??_YOVkw,6,1482,,,false,3
,I??_YOVkw,7,1482,,,false,3
,I??_YOVkw,8,1976,,,false,3
,I??_YOVkw,9,1976,,,false,3
,I??_Yczno,0,1905,,,false,3
,I??_Yczno,1,1906,,,false,3
,I??_Yczno,2,1976,,,false,3
,I??_Yczno,3,1905,,,false,3
,I??_Yczno,4,1905,,,false,3
,I??_Yczno,5,2329,,,false,3
,I??_Yczno,6,1905,,,false,3
,I??_Yczno,7,1905,,,false,3
,I??_Yczno,8,1905,,,false,3
,I??_Yczno,9,1905,,,false,3
,I??_[pFMg,0,1905,,,false,3
,I??_[pFMg,1,1976,,,false,3
,I??_[pFMg,2,1976,,,false,3
,I??_[pFMg,3,1905,,,false,3
,I??_[pFMg,4,1905,,,false,3
,I??_[pFMg,5,1976,,,false,3
,I??_[pFMg,6,1905,,,false,3
,I??_[pFMg,7,1976,,,false,3
,I??_[pFMg,8,1906,,,false,3
,I??_[pFMg,9,1905,,,false,3
,I??__PB`o,0,1976,,,false,2
,I??__PB`o,1,1906,,,false,2
,I??__PB`o,2,2329,,,false,2
,I??__PB`o,3,1905,,,false,2
,I??__PB`o,4,1976,,,false,2
,I??__PB`o,5,1482,,,false,2
,I??__PB`o,6,1976,,,false,2
,I??__PB`o,7,1905,,,false,2
,I??__PB`o,8,1905,,,false,2
,I??__PB`o,9,1906,,,false,2
,I??__QFPo,0,1905,,,false,2
,I??__QFPo,1,1905,,,false,2
,I??__QFPo,2,1976,,,false,2
,I??__QFPo,3,988,,,false,2
,I??__QFPo,4,988,,,false,2
,I??__QFPo,5,2399,,,false,2
,I??__QFPo,6,1906,,,false,2
,I??__QFPo,7,1906,,,false,2
,I??__QFPo,8,1976,,,false,2
,I??__QFPo,9,1482,,,false,2
,I??__QFPw,0,1975,,,false,2
,I??__QFPw,1,1482,,,false,2
,I??__QFPw,2,1482,,,false,2
,I??__QFPw,3,1905,,,false,2
,I??__QFPw,4,1976,,,false,2
,I??__QFPw,5,1906,,,false,2
,I??__QFPw,6,1905,,,false,2
,I??__QFPw,7,1976,,,false,2
,I??__QFPw,8,1906,,,false,2
,I??__QFPw,9,1906,,,false,2
,I??__QwPw,0,1905,,,false,2
,I??__QwPw,1,1976,,,false,2
,I??__QwPw,2,1976,,,false,2
,I??__QwPw,3,1905,,,false,2
,I??__QwPw,4,1482,,,false,2
,I??__QwPw,5,1412,,,false,2
,I??__QwPw,6,1905,,,false,2
,I??__QwPw,7,1906,,,false,2
,I??__QwPw,8,1976,,,false,2
,I??__QwPw,9,1906,,,false,2
,I??__TE`W,0,1905,,,false,2
,I??__TE`W,1,1482,,,false,2
,I??__TE`W,2,1482,,,false,2
,I??__TE`W,3,1976,,,false,2
,I??__TE`W,4,1412,,,false,2
,I??__TE`W,5,1835,,,false,2
,I??__TE`W,6,1905,,,false,2
,I??__TE`W,7,1835,,,false,2
,I??__TE`W,8,1976,,,false,2
,I??__TE`W,9,1976,,,false,2
,I??__TFmW,0,1976,,,false,3
,I??__TFmW,1,1976,,,false,3
,I??__TFmW,2,1906,,,false,3
,I??__TFmW,3,1835,,,false,3
,I??__TFmW,4,1976,,,false,3
,I??__TFmW,5,1976,,,false,3
,I??__TFmW,6,1905,,,false,3
,I??__TFmW,7,1976,,,false,3
,I??__TFmW,8,1905,,,false,3
,I??__TFmW,9,1905,,,false,3
,I??__\YfO,0,1905,,,false,3
,I??__\YfO,1,1976,,,false,3
,I??__\YfO,2,1976,,,false,3
,I??__\YfO,3,1905,,,false,3
,I??__\YfO,4,1976,,,false,3
,I??__\YfO,5,1905,,,false,3
,I??__\YfO,6,1975,,,false,3
,I??__\YfO,7,1905,,,false,3
,I??__\YfO,8,1976,,,false,3
,I??__\YfO,9,1905,,,false,3
,I??__\YfW,0,1905,,,false,3
,I??__\YfW,1,1976,,,false,3
,I??__\YfW,2,1905,,,false,3
,I??__\YfW,3,1976,,,false,3
,I??__\YfW,4,1906,,,false,3
,I??__\YfW,5,2329,,,false,3
,I??__\YfW,6,1905,,,false,3
,I??__\YfW,7,1835,,,false,3
,I??__\YfW,8,2400,,,false,3
,I??__\YfW,9,2470,,,false,3
,I??_`pnfo,0,2470,,,false,3
,I??_`pnfo,1,1976,,,false,3
,I??_`pnfo,2,1906,,,false,3
,I??_`pnfo,3,1905,,,false,3
,I??_`pnfo,4,1905,,,false,3
,I??_`pnfo,5,1976,,,false,3
,I??_`pnfo,6,1976,,,false,3
,I??_`pnfo,7,1975,,,false,3
,I??_`pnfo,8,1906,,,false,3
,I??_`pnfo,9,1906,,,false,3
,I??_`pnfw,0,1906,,,false,3
,I??_`pnfw,1,1975,,,false,3
,I??_`pnfw,2,1905,,,false,3
,I??_`pnfw,3,1905,,,false,3
,I??_`pnfw,4,1976,,,false,3
,I??_`pnfw,5,1905,,,false,3
,I??_`pnfw,6,1835,,,false,3
,I??_`pnfw,7,1906,,,false,3
,I??_`pnfw,8,1906,,,false,3
,I??_`pnfw,9,1976,,,false,3
,I??_aOMbo,0,2400,,,false,2
,I??_aOMbo,1,1905,,,false,2
,I??_aOMbo,2,1976,,,false,2
,I??_aOMbo,3,1906,,,false,2
,I??_aOMbo,4,1905,,,false,2
,I??_aOMbo,5,1835,,,false,2
,I??_aOMbo,6,1905,,,false,2
,I??_aOMbo,7,1905,,,false,2
,I??_aOMbo,8,1976,,,false,2
,I??_aOMbo,9,1905,,,false,2
,I??_g]~^o,0,1975,,,false,4
,I??_g]~^o,1,1905,,,false,4
,I??_g]~^o,2,2329,,,false,4
,I??_g]~^o,3,1905,,,false,4
,I??_g]~^o,4,1905,,,false,4
,I??_g]~^o,5,1976,,,false,4
,I??_g]~^o,6,2399,,,false,4
,I??_g]~^o,7,1905,,,false,4
,I??_g]~^o,8,2400,,,false,4
,I??_g]~^o,9,1976,,,false,4
,I??_g]~^w,0,1976,,,false,4
,I??_g]~^w,1,1905,,,false,4
,I??_g]~^w,2,1976,,,false,4
,I??_g]~^w,3,1976,,,false,4
,I??_g]~^w,4,1976,,,false,4
,I??_g]~^w,5,1905,,,false,4
,I??_g]~^w,6,1976,,,false,4
,I??_g]~^w,7,1905,,,false,4
,I??_g]~^w,8,1906,,,false,4
,I??_g]~^w,9,1976,,,false,4
,I??aGWRmw,0,2470,,,false,3
,I??aGWRmw,1,1976,,,false,3
,I??aGWRmw,2,1976,,,false,3
,I??aGWRmw,3,1905,,,false,3
,I??aGWRmw,4,1906,,,false,3
,I??aGWRmw,5,2399,,,false,3
,I??aGWRmw,6,1906,,,false,3
,I??aGWRmw,7,1482,,,false,3
,I??aGWRmw,8,1905,,,false,3
,I??aGWRmw,9,1906,,,false,3
,I??aWwrmW,0,1905,,,false,4
,I??aWwrmW,1,1905,,,false,4
,I??aWwrmW,2,10161,,,false,4
,I??aWwrmW,3,1482,,,false,4
,I??aWwrmW,4,1482,,,false,4
,I??aWwrmW,5,918,,,false,4
,I??aWwrmW,6,2399,,,false,4
,I??aWwrmW,7,2399,,,false,4
,I??aWwrmW,8,2328,,,false,4
,I??aWwrmW,9,1905,,,false,4
,I??aWwrmw,0,1906,,,false,4
,I??aWwrmw,1,1906,,,false,4
,I??aWwrmw,2,1976,,,false,4
,I??aWwrmw,3,1976,,,false,4
,I??aWwrmw,4,2400,,,false,4
,I??aWwrmw,5,1905,,,false,4
,I??aWwrmw,6,1905,,,false,4
,I??aWwrmw,7,1905,,,false,4
,I??aWwrmw,8,1906,,,false,4
,I??aWwrmw,9,1906,,,false,4
,I??a_[znO,0,1976,,,false,3
,I??a_[znO,1,1905,,,false,3
,I??a_[znO,2,1976,,,false,3
,I??a_[znO,3,1906,,,false,3
,I??a_[znO,4,1905,,,false,3
,I??a_[znO,5,1976,,,false,3
,I??a_[znO,6,2470,,,false,3
,I??a_[znO,7,1976,,,false,3
,I??a_[znO,8,1905,,,false,3
,I??a_[znO,9,1905,,,false,3
,I??a`O\fo,0,1906,,,false,3
,I??a`O\fo,1,1835,,,false,3
,I??a`O\fo,2,1482,,,false,3
,I??a`O\fo,3,1976,,,false,3
,I??a`O\fo,4,1976,,,false,3
,I??a`O\fo,5,1905,,,false,3
,I??a`O\fo,6,1834,,,false,3
,I??a`O\fo,7,1905,,,false,3
,I??a`O\fo,8,1906,,,false,3
,I??a`O\fo,9,1976,,,false,3
,I??c?cJPW,0,1905,,,false,2
,I??c?cJPW,1,1905,,,false,2
,I??c?cJPW,2,1906,,,false,2
,I??c?cJPW,3,1906,,,false,2
,I??c?cJPW,4,1905,,,false,2
,I??c?cJPW,5,1835,,,false,2
,I??c?cJPW,6,1411,,,false,2
,I??c?cJPW,7,1905,,,false,2
,I??c?cJPW,8,1906,,,false,2
,I??c?cJPW,9,1412,,,false,2
,I??gS`BDg,0,1976,,,false,2
,I??gS`BDg,1,1905,,,false,2
,I??gS`BDg,2,1906,,,false,2
,I??gS`BDg,3,1905,,,false,2
,I??gS`BDg,4,1905,,,false,2
,I??gS`BDg,5,1905,,,false,2
,I??gS`BDg,6,1976,,,false,2
,I??gS`BDg,7,1976,,,false,2
,I??gS`BDg,8,1905,,,false,2
,I??gS`BDg,9,1905,,,false,2
,I??gaCJcW,0,2399,,,false,3
,I??gaCJcW,1,1905,,,false,3
,I??gaCJcW,2,1976,,,false,3
,I??gaCJcW,3,1906,,,false,3
,I??gaCJcW,4,1905,,,false,3
,I??gaCJcW,5,1976,,,false,3
,I??gaCJcW,6,1906,,,false,3
,I??gaCJcW,7,1906,,,false,3
,I??gaCJcW,8,1906,,,false,3
,I??gaCJcW,9,1976,,,false,3
,I??ggxJgw,0,1976,,,false,4
,I??ggxJgw,1,1905,,,false,4
,I??ggxJgw,2,1905,,,false,4
,I??ggxJgw,3,1976,,,false,4
,I??ggxJgw,4,1906,,,false,4
,I??ggxJgw,5,1835,,,false,4
,I??ggxJgw,6,1906,,,false,4
,I??ggxJgw,7,2400,,,false,4
,I??ggxJgw,8,1975,,,false,4
,I??ggxJgw,9,1976,,,false,4
,I??gkTJLW,0,1835,,,false,4
,I??gkTJLW,1,1976,,,false,4
,I??gkTJLW,2,1976,,,false,4
,I??gkTJLW,3,1905,,,false,4
,I??gkTJLW,4,1906,,,false,4
,I??gkTJLW,5,1906,,,false,4
,I??gkTJLW,6,1976,,,false,4
,I??gkTJLW,7,1976,,,false,4
,I??gkTJLW,8,1976,,,false,4
,I??gkTJLW,9,1976,,,false,4
,I??g||~~_,0,2470,,,false,5
,I??g||~~_,1,1834,,,false,5
,I??g||~~_,2,1976,,,false,5
,I??g||~~_,3,1906,,,false,5
,I??g||~~_,4,1976,,,false,5
,I??g||~~_,5,1976,,,false,5
,I??g||~~_,6,1905,,,false,5
,I??g||~~_,7,1835,,,false,5
,I??g||~~_,8,1976,,,false,5
,I??g||~~_,9,1976,,,false,5
,I??wt\yTw,0,1976,,,false,4
,I??wt\yTw,1,1976,,,false,4
,I??wt\yTw,2,1976,,,false,4
,I??wt\yTw,3,1905,,,false,4
,I??wt\yTw,4,2399,,,false,4
,I??wt\yTw,5,1905,,,false,4
,I??wt\yTw,6,1976,,,false,4
,I??wt\yTw,7,1906,,,false,4
,I??wt\yTw,8,2470,,,false,4
,I??wt\yTw,9,1835,,,false,4
,I??yRQVmg,0,2470,,,false,4
,I??yRQVmg,1,1906,,,false,4
,I??yRQVmg,2,2329,,,false,4
,I??yRQVmg,3,1905,,,false,4
,I??yRQVmg,4,1976,,,false,4
,I??yRQVmg,5,1976,,,false,4
,I??yRQVmg,6,2399,,,false,4
,I??yRQVmg,7,1905,,,false,4
,I??yRQVmg,8,1976,,,false,4
,I??yRQVmg,9,1906,,,false,4
,I??yTD\mg,0,1976,,,false,4
,I??yTD\mg,1,1835,,,false,4
,I??yTD\mg,2,2399,,,false,4
,I??yTD\mg,3,1976,,,false,4
,I??yTD\mg,4,2470,,,false,4
,I??yTD\mg,5,1906,,,false,4
,I??yTD\mg,6,1905,,,false,4
,I??yTD\mg,7,2329,,,false,4
,I??yTD\mg,8,1905,,,false,4
,I??yTD\mg,9,1905,,,false,4
,I??|AtMmW,0,2399,,,false,4
,I??|AtMmW,1,1976,,,false,4
,I??|AtMmW,2,1976,,,false,4
,I??|AtMmW,3,1906,,,false,4
,I??|AtMmW,4,1411,,,false,4
,I??|AtMmW,5,987,,,false,4
,I??|AtMmW,6,988,,,false,4
,I??|AtMmW,7,1482,,,false,4
,I??|AtMmW,8,1905,,,false,4
,I??|AtMmW,9,2822,,,false,4
,I?@?PKUeW,0,1905,,,false,3
,I?@?PKUeW,1,1905,,,false,3
,I?@?PKUeW,2,1976,,,false,3
,I?@?PKUeW,3,1482,,,false,3
,I?@?PKUeW,4,1906,,,false,3
,I?@?PKUeW,5,1976,,,false,3
,I?@?PKUeW,6,1905,,,false,3
,I?@?PKUeW,7,1905,,,false,3
,I?@?PKUeW,8,1906,,,false,3
,I?@?PKUeW,9,1976,,,false,3
,I?@?XGReW,0,1835,,,false,3
,I?@?XGReW,1,1905,,,false,3
,I?@?XGReW,2,1976,,,false,3
,I?@?XGReW,3,1976,,,false,3
,I?@?XGReW,4,1976,,,false,3
,I?@?XGReW,5,1976,,,false,3
,I?@?XGReW,6,1905,,,false,3
,I?@?XGReW,7,1905,,,false,3
,I?@?XGReW,8,1905,,,false,3
,I?@?XGReW,9,1906,,,false,3
,I?@?_Ob`w,0,1906,,,false,2
,I?@?_Ob`w,1,1976,,,false,2
,I?@?_Ob`w,2,1976,,,false,2
,I?@?_Ob`w,3,1906,,,false,2
,I?@?_Ob`w,4,1905,,,false,2
,I?@?_Ob`w,5,1905,,,false,2
,I?@?_Ob`w,6,1905,,,false,2
,I?@?_Ob`w,7,1976,,,false,2
,I?@?_Ob`w,8,1906,,,false,2
,I?@?_Ob`w,9,1905,,,false,2
,I?@?_ObfG,0,1976,,,false,2
,I?@?_ObfG,1,1905,,,false,2
,I?@?_ObfG,2,1906,,,false,2
,I?@?_ObfG,3,1906,,,false,2
,I?@?_ObfG,4,1976,,,false,2
,I?@?_ObfG,5,1905,,,false,2
,I?@?_ObfG,6,1976,,,false,2
,I?@?_ObfG,7,1906,,,false,2
,I?@?_ObfG,8,1906,,,false,2
,I?@?_ObfG,9,1834,,,false,2
,I?@?_SffW,0,1905,,,false,3
,I?@?_SffW,1,1906,,,false,3
,I?@?_SffW,2,1835,,,false,3
,I?@?_SffW,3,1481,,,false,3
,I?@?_SffW,4,1906,,,false,3
,I?@?_SffW,5,1835,,,false,3
,I?@?_SffW,6,1906,,,false,3
,I?@?_SffW,7,1906,,,false,3
,I?@?_SffW,8,1976,,,false,3
,I?@?_SffW,9,1975,,,false,3
,I?@?_Wb}w,0,1976,,,false,2
,I?@?_Wb}w,1,1905,,,false,2
,I?@?_Wb}w,2,1905,,,false,2
,I?@?_Wb}w,3,1976,,,false,2
,I?@?_Wb}w,4,1905,,,false,2
,I?@?_Wb}w,5,1835,,,false,2
,I?@?_Wb}w,6,1976,,,false,2
,I?@?_Wb}w,7,1976,,,false,2
,I?@?_Wb}w,8,1906,,,false,2
,I?@?_Wb}w,9,1482,,,false,2
,I?@?gWb`w,0,1905,,,false,3
,I?@?gWb`w,1,1835,,,false,3
,I?@?gWb`w,2,1905,,,false,3
,I?@?gWb`w,3,1906,,,false,3
,I?@?gWb`w,4,1905,,,false,3
,I?@?gWb`w,5,1976,,,false,3
,I?@?gWb`w,6,1906,,,false,3
,I?@?gWb`w,7,1905,,,false,3
,I?@?gWb`w,8,1905,,,false,3
,I?@?gWb`w,9,1905,,,false,3
,I?@?gWb~w,0,1905,,,false,3
,I?@?gWb~w,1,1905,,,false,3
,I?@?gWb~w,2,1976,,,false,3
,I?@?gWb~w,3,1976,,,false,3
,I?@?gWb~w,4,1976,,,false,3
,I?@?gWb~w,5,1905,,,false,3
,I?@?gWb~w,6,1835,,,false,3
,I?@?gWb~w,7,1482,,,false,3
,I?@?gWb~w,8,1906,,,false,3
,I?@?gWb~w,9,1482,,,false,3
,I?@@?_Hfg,0,1906,,,false,2
,I?@@?_Hfg,1,1905,,,false,2
,I?@@?_Hfg,2,1905,,,false,2
,I?@@?_Hfg,3,1906,,,false,2
,I?@@?_Hfg,4,1976,,,false,2
,I?@@?_Hfg,5,1905,,,false,2
,I?@@?_Hfg,6,1834,,,false,2
,I?@@?_Hfg,7,1976,,,false,2
,I?@@?_Hfg,8,1976,,,false,2
,I?@@?_Hfg,9,1905,,,false,2
,I?@@?_JbO,0,1906,,,false,2
,I?@@?_JbO,1,1976,,,false,2
,I?@@?_JbO,2,1905,,,false,2
,I?@@?_JbO,3,1905,,,false,2
,I?@@?_JbO,4,1906,,,false,2
,I?@@?_JbO,5,1482,,,false,2
,I?@@?_JbO,6,1905,,,false,2
,I?@@?_JbO,7,1835,,,false,2
,I?@@?_JbO,8,1482,,,false,2
,I?@@?_JbO,9,1905,,,false,2
,I?@@?_JnW,0,1905,,,false,2
,I?@@?_JnW,1,1906,,,false,2
,I?@@?_JnW,2,1905,,,false,2
,I?@@?_JnW,3,1976,,,false,2
,I?@@?_JnW,4,1906,,,false,2
,I?@@?_JnW,5,1835,,,false,2
,I?@@?_JnW,6,1906,,,false,2
,I?@@?_JnW,7,1975,,,false,2
,I?@@?_JnW,8,1976,,,false,2
,I?@@?_JnW,9,1976,,,false,2
,I?@@?cJ`w,0,1976,,,false,3
,I?@@?cJ`w,1,1975,,,false,3
,I?@@?cJ`w,2,1905,,,false,3
,I?@@?cJ`w,3,1906,,,false,3
,I?@@?cJ`w,4,1835,,,false,3
,I?@@?cJ`w,5,1905,,,false,3
,I?@@?cJ`w,6,1905,,,false,3
,I?@@?cJ`w,7,1975,,,false,3
,I?@@?cJ`w,8,1976,,,false,3
,I?@@?cJ`w,9,1976,,,false,3
,I?@@?cLeg,0,1976,,,false,2
,I?@@?cLeg,1,1906,,,false,2
,I?@@?cLeg,2,1905,,,false,2
,I?@@?cLeg,3,1905,,,false,2
,I?@@?cLeg,4,1905,,,false,2
,I?@@?cLeg,5,1906,,,false,2
,I?@@?cLeg,6,1906,,,false,2
,I?@@?cLeg,7,1905,,,false,2
,I?@@?cLeg,8,9174,,,false,2
,I?@@?cLeg,9,1482,,,false,2
,I?@@?gJeg,0,1834,,,false,2
,I?@@?gJeg,1,1835,,,false,2
,I?@@?gJeg,2,1906,,,false,2
,I?@@?gJeg,3,1976,,,false,2
,I?@@?gJeg,4,1905,,,false,2
,I?@@?gJeg,5,1412,,,false,2
,I?@@?gJeg,6,1482,,,false,2
,I?@@?gJeg,7,1905,,,false,2
,I?@@?gJeg,8,1905,,,false,2
,I?@@?gJeg,9,1976,,,false,2
,I?@@?kNfg,0,1905,,,false,3
,I?@@?kNfg,1,1975,,,false,3
,I?@@?kNfg,2,1906,,,false,3
,I?@@?kNfg,3,1906,,,false,3
,I?@@?kNfg,4,1835,,,false,3
,I?@@?kNfg,5,1906,,,false,3
,I?@@?kNfg,6,1976,,,false,3
,I?@@?kNfg,7,1976,,,false,3
,I?@@?kNfg,8,1905,,,false,3
,I?@@?kNfg,9,1905,,,false,3
,I?@@?kNnw,0,2399,,,false,3
,I?@@?kNnw,1,1905,,,false,3
,I?@@?kNnw,2,1906,,,false,3
,I?@@?kNnw,3,1976,,,false,3
,I?@@?kNnw,4,1905,,,false,3
,I?@@?kNnw,5,1976,,,false,3
,I?@@?kNnw,6,1976,,,false,3
,I?@@?kNnw,7,1905,,,false,3
,I?@@?kNnw,8,1976,,,false,3
,I?@@?kNnw,9,1906,,,false,3
,I?@@G_H_w,0,2399,,,false,2
,I?@@G_H_w,1,1905,,,false,2
,I?@@G_H_w,2,1975,,,false,2
,I?@@G_H_w,3,1905,,,false,2
,I?@@G_H_w,4,1482,,,false,2
,I?@@G_H_w,5,1905,,,false,2
,I?@@G_H_w,6,1976,,,false,2
,I?@@G_H_w,7,1905,,,false,2
,I?@@G_H_w,8,1905,,,false,2
,I?@@G_H_w,9,1975,,,false,2
,I?@@G_H`w,0,1906,,,false,2
,I?@@G_H`w,1,1976,,,false,2
,I?@@G_H`w,2,1976,,,false,2
,I?@@G_H`w,3,1906,,,false,2
,I?@@G_H`w,4,1835,,,false,2
,I?@@G_H`w,5,1906,,,false,2
,I?@@G_H`w,6,1976,,,false,2
,I?@@G_H`w,7,1906,,,false,2
,I?@@G_H`w,8,1482,,,false,2
,I?@@G_H`w,9,1905,,,false,2
,I?@@GkNnw,0,1976,,,false,4
,I?@@GkNnw,1,1905,,,false,4
,I?@@GkNnw,2,1905,,,false,4
,I?@@GkNnw,3,1906,,,false,4
,I?@@GkNnw,4,1905,,,false,4
,I?@@GkNnw,5,1905,,,false,4
,I?@@GkNnw,6,1976,,,false,4
,I?@@GkNnw,7,1905,,,false,4
,I?@@GkNnw,8,1834,,,false,4
,I?@@GkNnw,9,1835,,,false,4
,I?@GPCRbW,0,1905,,,false,3
,I?@GPCRbW,1,1905,,,false,3
,I?@GPCRbW,2,1411,,,false,3
,I?@GPCRbW,3,1411,,,false,3
,I?@GPCRbW,4,1976,,,false,3
,I?@GPCRbW,5,1976,,,false,3
,I?@GPCRbW,6,1905,,,false,3
,I?@GPCRbW,7,1906,,,false,3
,I?@GPCRbW,8,1905,,,false,3
,I?@GPCRbW,9,1906,,,false,3
,I?@G_Sfko,0,1906,,,false,3
,I?@G_Sfko,1,2400,,,false,3
,I?@G_Sfko,2,1976,,,false,3
,I?@G_Sfko,3,1905,,,false,3
,I?@G_Sfko,4,1906,,,false,3
,I?@G_Sfko,5,1905,,,false,3
,I?@G_Sfko,6,1906,,,false,3
,I?@G_Sfko,7,1976,,,false,3
,I?@G_Sfko,8,1482,,,false,3
,I?@G_Sfko,9,1906,,,false,3
,I?@G_Sfmw,0,1905,,,false,3
,I?@G_Sfmw,1,1976,,,false,3
,I?@G_Sfmw,2,1975,,,false,3
,I?@G_Sfmw,3,1905,,,false,3
,I?@G_Sfmw,4,1905,,,false,3
,I?@G_Sfmw,5,1976,,,false,3
,I?@G_Sfmw,6,1976,,,false,3
,I?@G_Sfmw,7,1906,,,false,3
,I?@G_Sfmw,8,1976,,,false,3
,I?@G_Sfmw,9,1905,,,false,3
,I?@G_Sfnw,0,1906,,,false,3
,I?@G_Sfnw,1,2399,,,false,3
,I?@G_Sfnw,2,1905,,,false,3
,I?@G_Sfnw,3,1905,,,false,3
,I?@G_Sfnw,4,1976,,,false,3
,I?@G_Sfnw,5,1976,,,false,3
,I?@G_Sfnw,6,1976,,,false,3
,I?@G_Sfnw,7,1905,,,false,3
,I?@G_Sfnw,8,1905,,,false,3
,I?@G_Sfnw,9,1905,,,false,3
,I?@G`CJdW,0,1905,,,false,3
,I?@G`CJdW,1,1905,,,false,3
,I?@G`CJdW,2,1976,,,false,3
,I?@G`CJdW,3,1905,,,false,3
,I?@G`CJdW,4,1906,,,false,3
,I?@G`CJdW,5,1976,,,false,3
,I?@G`CJdW,6,1906,,,false,3
,I?@G`CJdW,7,1976,,,false,3
,I?@G`CJdW,8,1482,,,false,3
,I?@G`CJdW,9,1906,,,false,3
,I?@X?UBMW,0,1976,,,false,3
,I?@X?UBMW,1,1482,,,false,3
,I?@X?UBMW,2,1905,,,false,3
,I?@X?UBMW,3,1906,,,false,3
,I?@X?UBMW,4,1906,,,false,3
,I?@X?UBMW,5,1905,,,false,3
,I?@X?UBMW,6,1976,,,false,3
,I?@X?UBMW,7,1906,,,false,3
,I?@X?UBMW,8,1835,,,false,3
,I?@X?UBMW,9,1905,,,false,3
,I?@YTs}hw,0,2399,,,false,4
,I?@YTs}hw,1,2329,,,false,4
,I?@YTs}hw,2,1905,,,false,4
,I?@YTs}hw,3,1905,,,false,4
,I?@YTs}hw,4,1905,,,false,4
,I?@YTs}hw,5,1905,,,false,4
,I?@YTs}hw,6,1905,,,false,4
,I?@YTs}hw,7,1906,,,false,4
,I?@YTs}hw,8,1906,,,false,4
,I?@YTs}hw,9,1835,,,false,4
,I?A?_TFHw,0,1482,,,false,3
,I?A?_TFHw,1,988,,,false,3
,I?A?_TFHw,2,1905,,,false,3
,I?A?_TFHw,3,1976,,,false,3
,I?A?_TFHw,4,1906,,,false,3
,I?A?_TFHw,5,1905,,,false,3
,I?A?_TFHw,6,1906,,,false,3
,I?A?_TFHw,7,1975,,,false,3
,I?A?_TFHw,8,1976,,,false,3
,I?A?_TFHw,9,1906,,,false,3
,I?A?_pNJo,0,2399,,,false,3
,I?A?_pNJo,1,1976,,,false,3
,I?A?_pNJo,2,1905,,,false,3
,I?A?_pNJo,3,1906,,,false,3
,I?A?_pNJo,4,1976,,,false,3
,I?A?_pNJo,5,1482,,,false,3
,I?A?_pNJo,6,1906,,,false,3
,I?A?_pNJo,7,1482,,,false,3
,I?A?_pNJo,8,1906,,,false,3
,I?A?_pNJo,9,1976,,,false,3
,I?A?_pNJw,0,1905,,,false,3
,I?A?_pNJw,1,1976,,,false,3
,I?A?_pNJw,2,1905,,,false,3
,I?A?_pNJw,3,1976,,,false,3
,I?A?_pNJw,4,1906,,,false,3
,I?A?_pNJw,5,1905,,,false,3
,I?A?_pNJw,6,1835,,,false,3
,I?A?_pNJw,7,1906,,,false,3
,I?A?_pNJw,8,1976,,,false,3
,I?A?_pNJw,9,1976,,,false,3
,I?A?gXBGw,0,1905,,,false,3
,I?A?gXBGw,1,1906,,,false,3
,I?A?gXBGw,2,1976,,,false,3
,I?A?gXBGw,3,1976,,,false,3
,I?A?gXBGw,4,1976,,,false,3
,I?A?gXBGw,5,1906,,,false,3
,I?A?gXBGw,6,1976,,,false,3
,I?A?gXBGw,7,1905,,,false,3
,I?A?gXBGw,8,1482,,,false,3
,I?A?gXBGw,9,1976,,,false,3
,I?A@G\ZNW,0,1906,,,false,3
,I?A@G\ZNW,1,1905,,,false,3
,I?A@G\ZNW,2,1976,,,false,3
,I?A@G\ZNW,3,1976,,,false,3
,I?A@G\ZNW,4,1976,,,false,3
,I?A@G\ZNW,5,1976,,,false,3
,I?A@G\ZNW,6,1976,,,false,3
,I?A@G\ZNW,7,1976,,,false,3
,I?A@G\ZNW,8,1905,,,false,3
,I?A@G\ZNW,9,1976,,,false,3
,I?AAown^W,0,2400,,,false,4
,I?AAown^W,1,1905,,,false,4
,I?AAown^W,2,1905,,,false,4
,I?AAown^W,3,1905,,,false,4
,I?AAown^W,4,1976,,,false,4
,I?AAown^W,5,1905,,,false,4
,I?AAown^W,6,1905,,,false,4
,I?AAown^W,7,1905,,,false,4
,I?AAown^W,8,1976,,,false,4
,I?AAown^W,9,2400,,,false,4
,I?C?HdLjw,0,2400,,,false,3
,I?C?HdLjw,1,1905,,,false,3
,I?C?HdLjw,2,1976,,,false,3
,I?C?HdLjw,3,1905,,,false,3
,I?C?HdLjw,4,2328,,,false,3
,I?C?HdLjw,5,1834,,,false,3
,I?C?HdLjw,6,1906,,,false,3
,I?C?HdLjw,7,1976,,,false,3
,I?C?HdLjw,8,1976,,,false,3
,I?C?HdLjw,9,1905,,,false,3
,I?C?IWrjg,0,1976,,,false,3
,I?C?IWrjg,1,1976,,,false,3
,I?C?IWrjg,2,1835,,,false,3
,I?C?IWrjg,3,1976,,,false,3
,I?C?IWrjg,4,1905,,,false,3
,I?C?IWrjg,5,1976,,,false,3
,I?C?IWrjg,6,1976,,,false,3
,I?C?IWrjg,7,1905,,,false,3
,I?C?IWrjg,8,1905,,,false,3
,I?C?IWrjg,9,1906,,,false,3
,I?C?Igjx_,0,1905,,,false,3
,I?C?Igjx_,1,1905,,,false,3
,I?C?Igjx_,2,1905,,,false,3
,I?C?Igjx_,3,1976,,,false,3
,I?C?Igjx_,4,2399,,,false,3
,I?C?Igjx_,5,1905,,,false,3
,I?C?Igjx_,6,1905,,,false,3
,I?C?Igjx_,7,1906,,,false,3
,I?C?Igjx_,8,1905,,,false,3
,I?C?Igjx_,9,1975,,,false,3
,I?C?XHRxO,0,1906,,,false,3
,I?C?XHRxO,1,1905,,,false,3
,I?C?XHRxO,2,1976,,,false,3
,I?C?XHRxO,3,1906,,,false,3
,I?C?XHRxO,4,2329,,,false,3
,I?C?XHRxO,5,1906,,,false,3
,I?C?XHRxO,6,1976,,,false,3
,I?C?XHRxO,7,1906,,,false,3
,I?C?XHRxO,8,1976,,,false,3
,I?C?XHRxO,9,1905,,,false,3
,I?C?Y?dcw,0,1905,,,false,2
,I?C?Y?dcw,1,1976,,,false,2
,I?C?Y?dcw,2,1835,,,false,2
,I?C?Y?dcw,3,1905,,,false,2
,I?C?Y?dcw,4,1905,,,false,2
,I?C?Y?dcw,5,1976,,,false,2
,I?C?Y?dcw,6,1976,,,false,2
,I?C?Y?dcw,7,1905,,,false,2
,I?C?Y?dcw,8,1906,,,false,2
,I?C?Y?dcw,9,1905,,,false,2
,I?C?iGjbw,0,1976,,,false,3
,I?C?iGjbw,1,1905,,,false,3
,I?C?iGjbw,2,1976,,,false,3
,I?C?iGjbw,3,2399,,,false,3
,I?C?iGjbw,4,1482,,,false,3
,I?C?iGjbw,5,1905,,,false,3
,I?C?iGjbw,6,1976,,,false,3
,I?C?iGjbw,7,1835,,,false,3
,I?C?iGjbw,8,1906,,,false,3
,I?C?iGjbw,9,1976,,,false,3
,I?C?i[mbw,0,1905,,,false,4
,I?C?i[mbw,1,1976,,,false,4
,I?C?i[mbw,2,1905,,,false,4
,I?C?i[mbw,3,1976,,,false,4
,I?C?i[mbw,4,1905,,,false,4
,I?C?i[mbw,5,1976,,,false,4
,I?C?i[mbw,6,1906,,,false,4
,I?C?i[mbw,7,1976,,,false,4
,I?C?i[mbw,8,1905,,,false,4
,I?C?i[mbw,9,1906,,,false,4
,I?C?i[nlw,0,1905,,,false,4
,I?C?i[nlw,1,1412,,,false,4
,I?C?i[nlw,2,1411,,,false,4
,I?C?i[nlw,3,1411,,,false,4
,I?C?i[nlw,4,1411,,,false,4
,I?C?i[nlw,5,1905,,,false,4
,I?C?i[nlw,6,1906,,,false,4
,I?C?i[nlw,7,1906,,,false,4
,I?C?i[nlw,8,1905,,,false,4
,I?C?i[nlw,9,1905,,,false,4
,I?C?i[nzg,0,2399,,,false,4
,I?C?i[nzg,1,1905,,,false,4
,I?C?i[nzg,2,1976,,,false,4
,I?C?i[nzg,3,1976,,,false,4
,I?C?i[nzg,4,1835,,,false,4
,I?C?i[nzg,5,1905,,,false,4
,I?C?i[nzg,6,1905,,,false,4
,I?C?i[nzg,7,1976,,,false,4
,I?C?i[nzg,8,1906,,,false,4
,I?C?i[nzg,9,1905,,,false,4
,I?C?jGmbo,0,2470,,,false,3
,I?C?jGmbo,1,1976,,,false,3
,I?C?jGmbo,2,1975,,,false,3
,I?C?jGmbo,3,1905,,,false,3
,I?C?jGmbo,4,1906,,,false,3
,I?C?jGmbo,5,1905,,,false,3
,I?C?jGmbo,6,1906,,,false,3
,I?C?jGmbo,7,1976,,,false,3
,I?C?jGmbo,8,1905,,,false,3
,I?C?jGmbo,9,1835,,,false,3
,I?C@?\Tjg,0,2400,,,false,3
,I?C@?\Tjg,1,1976,,,false,3
,I?C@?\Tjg,2,1906,,,false,3
,I?C@?\Tjg,3,1906,,,false,3
,I?C@?\Tjg,4,1975,,,false,3
,I?C@?\Tjg,5,1976,,,false,3
,I?C@?\Tjg,6,1906,,,false,3
,I?C@?\Tjg,7,1905,,,false,3
,I?C@?\Tjg,8,1834,,,false,3
,I?C@?\Tjg,9,1905,,,false,3
,I?C@AKMkG,0,2329,,,false,2
,I?C@AKMkG,1,1835,,,false,2
,I?C@AKMkG,2,1905,,,false,2
,I?C@AKMkG,3,1905,,,false,2
,I?C@AKMkG,4,1905,,,false,2
,I?C@AKMkG,5,1905,,,false,2
,I?C@AKMkG,6,1905,,,false,2
,I?C@AKMkG,7,1905,,,false,2
,I?C@AKMkG,8,2329,,,false,2
,I?C@AKMkG,9,1482,,,false,2
,I?C@AKMkW,0,1905,,,false,3
,I?C@AKMkW,1,1482,,,false,3
,I?C@AKMkW,2,1482,,,false,3
,I?C@AKMkW,3,1905,,,false,3
,I?C@AKMkW,4,1834,,,false,3
,I?C@AKMkW,5,1906,,,false,3
,I?C@AKMkW,6,1906,,,false,3
,I?C@AKMkW,7,1905,,,false,3
,I?C@AKMkW,8,1976,,,false,3
,I?C@AKMkW,9,1906,,,false,3
,I?C@AKMnW,0,1975,,,false,3
,I?C@AKMnW,1,1976,,,false,3
,I?C@AKMnW,2,1905,,,false,3
,I?C@AKMnW,3,1905,,,false,3
,I?C@AKMnW,4,1976,,,false,3
,I?C@AKMnW,5,1976,,,false,3
,I?C@AKMnW,6,1976,,,false,3
,I?C@AKMnW,7,1976,,,false,3
,I?C@AKMnW,8,1905,,,false,3
,I?C@AKMnW,9,1975,,,false,3
,I?C@GXRzw,0,1976,,,false,3
,I?C@GXRzw,1,1905,,,false,3
,I?C@GXRzw,2,1976,,,false,3
,I?C@GXRzw,3,1905,,,false,3
,I?C@GXRzw,4,1976,,,false,3
,I?C@GXRzw,5,1905,,,false,3
,I?C@GXRzw,6,1975,,,false,3
,I?C@GXRzw,7,1905,,,false,3
,I?C@GXRzw,8,1905,,,false,3
,I?C@GXRzw,9,1835,,,false,3
,I?C@i^knO,0,1905,,,false,4
,I?C@i^knO,1,1976,,,false,4
,I?C@i^knO,2,1976,,,false,4
,I?C@i^knO,3,1976,,,false,4
,I?C@i^knO,4,1905,,,false,4
,I?C@i^knO,5,1906,,,false,4
,I?C@i^knO,6,2400,,,false,4
,I?C@i^knO,7,1976,,,false,4
,I?C@i^knO,8,1905,,,false,4
,I?C@i^knO,9,2399,,,false,4
,I?C@{XtzG,0,1976,,,false,4
,I?C@{XtzG,1,1905,,,false,4
,I?C@{XtzG,2,1905,,,false,4
,I?C@{XtzG,3,1905,,,false,4
,I?C@{XtzG,4,1976,,,false,4
,I?C@{XtzG,5,1905,,,false,4
,I?C@{XtzG,6,1976,,,false,4
,I?C@{XtzG,7,1976,,,false,4
,I?C@{XtzG,8,1905,,,false,4
,I?C@{XtzG,9,1976,,,false,4
,I?CA?KbbG,0,1976,,,false,2
,I?CA?KbbG,1,1906,,,false,2
,I?CA?KbbG,2,1905,,,false,2
,I?CA?KbbG,3,1976,,,false,2
,I?CA?KbbG,4,1906,,,false,2
,I?CA?KbbG,5,1906,,,false,2
,I?CA?KbbG,6,1835,,,false,2
,I?CA?KbbG,7,1975,,,false,2
,I?CA?KbbG,8,1906,,,false,2
,I?CA?KbbG,9,1976,,,false,2
,I?CAHCLnG,0,1976,,,false,3
,I?CAHCLnG,1,1481,,,false,3
,I?CAHCLnG,2,1905,,,false,3
,I?CAHCLnG,3,1482,,,false,3
,I?CAHCLnG,4,2259,,,false,3
,I?CAHCLnG,5,1411,,,false,3
,I?CAHCLnG,6,1905,,,false,3
,I?CAHCLnG,7,1975,,,false,3
,I?CAHCLnG,8,1976,,,false,3
,I?CAHCLnG,9,1905,,,false,3
,I?CAO[vxO,0,1976,,,false,3
,I?CAO[vxO,1,1976,,,false,3
,I?CAO[vxO,2,1905,,,false,3
,I?CAO[vxO,3,1905,,,false,3
,I?CAO[vxO,4,1976,,,false,3
,I?CAO[vxO,5,1906,,,false,3
,I?CAO[vxO,6,1976,,,false,3
,I?CAO[vxO,7,1905,,,false,3
,I?CAO[vxO,8,1976,,,false,3
,I?CAO[vxO,9,1835,,,false,3
,I?CAXWVlw,0,1906,,,false,4
,I?CAXWVlw,1,2399,,,false,4
,I?CAXWVlw,2,1976,,,false,4
,I?CAXWVlw,3,1976,,,false,4
,I?CAXWVlw,4,10515,,,false,4
,I?CAXWVlw,5,1412,,,false,4
,I?CAXWVlw,6,988,,,false,4
,I?CAXWVlw,7,1411,,,false,4
,I?CAXWVlw,8,1905,,,false,4
,I?CAXWVlw,9,2470,,,false,4
,I?CAXWVzG,0,2470,,,false,4
,I?CAXWVzG,1,1905,,,false,4
,I?CAXWVzG,2,1905,,,false,4
,I?CAXWVzG,3,2328,,,false,4
,I?CAXWVzG,4,1906,,,false,4
,I?CAXWVzG,5,1905,,,false,4
,I?CAXWVzG,6,1976,,,false,4
,I?CAXWVzG,7,1905,,,false,4
,I?CAXWVzG,8,1905,,,false,4
,I?CAXWVzG,9,1834,,,false,4
,I?CCZk}zW,0,2470,,,false,4
,I?CCZk}zW,1,1976,,,false,4
,I?CCZk}zW,2,1905,,,false,4
,I?CCZk}zW,3,2328,,,false,4
,I?CCZk}zW,4,1975,,,false,4
,I?CCZk}zW,5,1976,,,false,4
,I?CCZk}zW,6,2399,,,false,4
,I?CCZk}zW,7,1975,,,false,4
,I?CCZk}zW,8,2329,,,false,4
,I?CCZk}zW,9,1976,,,false,4
,I?CGJCueo,0,1905,,,false,3
,I?CGJCueo,1,1976,,,false,3
,I?CGJCueo,2,1905,,,false,3
,I?CGJCueo,3,1976,,,false,3
,I?CGJCueo,4,1905,,,false,3
,I?CGJCueo,5,1976,,,false,3
,I?CGJCueo,6,1976,,,false,3
,I?CGJCueo,7,1906,,,false,3
,I?CGJCueo,8,1482,,,false,3
,I?CGJCueo,9,1905,,,false,3
,I?CIZYv^g,0,1976,,,false,5
,I?CIZYv^g,1,2399,,,false,5
,I?CIZYv^g,2,1834,,,false,5
,I?CIZYv^g,3,2328,,,false,5
,I?CIZYv^g,4,1976,,,false,5
,I?CIZYv^g,5,2400,,,false,5
,I?CIZYv^g,6,1976,,,false,5
,I?CIZYv^g,7,1905,,,false,5
,I?CIZYv^g,8,2329,,,false,5
,I?CIZYv^g,9,1905,,,false,5
,I?CKQgf\g,0,2328,,,false,4
,I?CKQgf\g,1,1835,,,false,4
,I?CKQgf\g,2,1906,,,false,4
,I?CKQgf\g,3,1905,,,false,4
,I?CKQgf\g,4,1905,,,false,4
,I?CKQgf\g,5,1905,,,false,4
,I?CKQgf\g,6,1482,,,false,4
,I?CKQgf\g,7,1905,,,false,4
,I?CKQgf\g,8,1976,,,false,4
,I?CKQgf\g,9,1905,,,false,4
,I?COJCmew,0,1905,,,false,3
,I?COJCmew,1,1975,,,false,3
,I?COJCmew,2,1976,,,false,3
,I?COJCmew,3,1976,,,false,3
,I?COJCmew,4,1975,,,false,3
,I?COJCmew,5,1906,,,false,3
,I?COJCmew,6,1905,,,false,3
,I?COJCmew,7,1905,,,false,3
,I?COJCmew,8,1976,,,false,3
,I?COJCmew,9,1976,,,false,3
,I?COPlMbw,0,1976,,,false,4
,I?COPlMbw,1,2399,,,false,4
,I?COPlMbw,2,1906,,,false,4
,I?COPlMbw,3,1835,,,false,4
,I?COPlMbw,4,1976,,,false,4
,I?COPlMbw,5,1906,,,false,4
,I?COPlMbw,6,1905,,,false,4
,I?COPlMbw,7,1976,,,false,4
,I?COPlMbw,8,1835,,,false,4
,I?COPlMbw,9,1905,,,false,4
,I?COPlMz_,0,1906,,,false,4
,I?COPlMz_,1,1906,,,false,4
,I?COPlMz_,2,1906,,,false,4
,I?COPlMz_,3,1976,,,false,4
,I?COPlMz_,4,1976,,,false,4
,I?COPlMz_,5,1905,,,false,4
,I?COPlMz_,6,1905,,,false,4
,I?COPlMz_,7,1905,,,false,4
,I?COPlMz_,8,1905,,,false,4
,I?COPlMz_,9,1905,,,false,4
,I?COPlN~w,0,2399,,,false,4
,I?COPlN~w,1,1905,,,false,4
,I?COPlN~w,2,1905,,,false,4
,I?COPlN~w,3,2399,,,false,4
,I?COPlN~w,4,1905,,,false,4
,I?COPlN~w,5,1482,,,false,4
,I?COPlN~w,6,1905,,,false,4
,I?COPlN~w,7,1905,,,false,4
,I?COPlN~w,8,1976,,,false,4
,I?COPlN~w,9,1976,,,false,4
,I?COQ[ubg,0,2470,,,false,4
,I?COQ[ubg,1,1835,,,false,4
,I?COQ[ubg,2,1905,,,false,4
,I?COQ[ubg,3,1905,,,false,4
,I?COQ[ubg,4,2399,,,false,4
,I?COQ[ubg,5,1482,,,false,4
,I?COQ[ubg,6,1976,,,false,4
,I?COQ[ubg,7,2399,,,false,4
,I?COQ[ubg,8,1906,,,false,4
,I?COQ[ubg,9,1905,,,false,4
,I?COQ[vzg,0,1976,,,false,4
,I?COQ[vzg,1,2400,,,false,4
,I?COQ[vzg,2,1905,,,false,4
,I?COQ[vzg,3,1976,,,false,4
,I?COQ[vzg,4,1976,,,false,4
,I?COQ[vzg,5,1905,,,false,4
,I?COQ[vzg,6,1905,,,false,4
,I?COQ[vzg,7,1975,,,false,4
,I?COQ[vzg,8,1976,,,false,4
,I?COQ[vzg,9,1906,,,false,4
,I?COQknzg,0,2400,,,false,4
,I?COQknzg,1,1905,,,false,4
,I?COQknzg,2,2399,,,false,4
,I?COQknzg,3,1906,,,false,4
,I?COQknzg,4,1905,,,false,4
,I?COQknzg,5,2399,,,false,4
,I?COQknzg,6,1906,,,false,4
,I?COQknzg,7,1906,,,false,4
,I?COQknzg,8,1905,,,false,4
,I?COQknzg,9,2470,,,false,4
,I?COS?vRo,0,1906,,,false,3
,I?COS?vRo,1,1976,,,false,3
,I?COS?vRo,2,1905,,,false,3
,I?COS?vRo,3,1976,,,false,3
,I?COS?vRo,4,1976,,,false,3
,I?COS?vRo,5,988,,,false,3
,I?COS?vRo,6,1482,,,false,3
,I?COS?vRo,7,1412,,,false,3
,I?COS?vRo,8,1905,,,false,3
,I?COS?vRo,9,1976,,,false,3
,I?COS?vRw,0,1976,,,false,3
,I?COS?vRw,1,1976,,,false,3
,I?COS?vRw,2,1976,,,false,3
,I?COS?vRw,3,1905,,,false,3
,I?COS?vRw,4,1906,,,false,3
,I?COS?vRw,5,1976,,,false,3
,I?COS?vRw,6,1906,,,false,3
,I?COS?vRw,7,1482,,,false,3
,I?COS?vRw,8,2399,,,false,3
,I?COS?vRw,9,1906,,,false,3
,I?COSlNJw,0,1905,,,false,4
,I?COSlNJw,1,1976,,,false,4
,I?COSlNJw,2,2400,,,false,4
,I?COSlNJw,3,1906,,,false,4
,I?COSlNJw,4,1906,,,false,4
,I?COSlNJw,5,1905,,,false,4
,I?COSlNJw,6,1905,,,false,4
,I?COSlNJw,7,2399,,,false,4
,I?COSlNJw,8,1905,,,false,4
,I?COSlNJw,9,1905,,,false,4
,I?COVKuRg,0,2399,,,false,4
,I?COVKuRg,1,1976,,,false,4
,I?COVKuRg,2,1905,,,false,4
,I?COVKuRg,3,1975,,,false,4
,I?COVKuRg,4,1906,,,false,4
,I?COVKuRg,5,1976,,,false,4
,I?COVKuRg,6,1905,,,false,4
,I?COVKuRg,7,1905,,,false,4
,I?COVKuRg,8,1905,,,false,4
,I?COVKuRg,9,1905,,,false,4
,I?CQH\mmo,0,1905,,,false,4
,I?CQH\mmo,1,1975,,,false,4
,I?CQH\mmo,2,2400,,,false,4
,I?CQH\mmo,3,1906,,,false,4
,I?CQH\mmo,4,1906,,,false,4
,I?CQH\mmo,5,1905,,,false,4
,I?CQH\mmo,6,1905,,,false,4
,I?CQH\mmo,7,2470,,,false,4
,I?CQH\mmo,8,1905,,,false,4
,I?CQH\mmo,9,2399,,,false,4
,I?CS@LNZo,0,1976,,,false,3
,I?CS@LNZo,1,1835,,,false,3
,I?CS@LNZo,2,1976,,,false,3
,I?CS@LNZo,3,1905,,,false,3
,I?CS@LNZo,4,1905,,,false,3
,I?CS@LNZo,5,1976,,,false,3
,I?CS@LNZo,6,1976,,,false,3
,I?CS@LNZo,7,1906,,,false,3
,I?CS@LNZo,8,1905,,,false,3
,I?CS@LNZo,9,1976,,,false,3
,I?C_AcNj_,0,1906,,,false,3
,I?C_AcNj_,1,1905,,,false,3
,I?C_AcNj_,2,1482,,,false,3
,I?C_AcNj_,3,2399,,,false,3
,I?C_AcNj_,4,1976,,,false,3
,I?C_AcNj_,5,1976,,,false,3
,I?C_AcNj_,6,1834,,,false,3
,I?C_AcNj_,7,1905,,,false,3
,I?C_AcNj_,8,1976,,,false,3
,I?C_AcNj_,9,1906,,,false,3
,I?C_GTPw_,0,1976,,,false,2
,I?C_GTPw_,1,1976,,,false,2
,I?C_GTPw_,2,1906,,,false,2
,I?C_GTPw_,3,1835,,,false,2
,I?C_GTPw_,4,1905,,,false,2
,I?C_GTPw_,5,1905,,,false,2
,I?C_GTPw_,6,1906,,,false,2
,I?C_GTPw_,7,1976,,,false,2
,I?C_GTPw_,8,1905,,,false,2
,I?C_GTPw_,9,2399,,,false,2
,I?C_GdHbw,0,1905,,,false,3
,I?C_GdHbw,1,1905,,,false,3
,I?C_GdHbw,2,1905,,,false,3
,I?C_GdHbw,3,1906,,,false,3
,I?C_GdHbw,4,1976,,,false,3
,I?C_GdHbw,5,1976,,,false,3
,I?C_GdHbw,6,1976,,,false,3
,I?C_GdHbw,7,1906,,,false,3
,I?C_GdHbw,8,1976,,,false,3
,I?C_GdHbw,9,1976,,,false,3
,I?C_GdJbO,0,1905,,,false,3
,I?C_GdJbO,1,1976,,,false,3
,I?C_GdJbO,2,1905,,,false,3
,I?C_GdJbO,3,1976,,,false,3
,I?C_GdJbO,4,1906,,,false,3
,I?C_GdJbO,5,1482,,,false,3
,I?C_GdJbO,6,1835,,,false,3
,I?C_GdJbO,7,1906,,,false,3
,I?C_GdJbO,8,1906,,,false,3
,I?C_GdJbO,9,1482,,,false,3
,I?C_i\mmo,0,2470,,,false,4
,I?C_i\mmo,1,1976,,,false,4
,I?C_i\mmo,2,1905,,,false,4
,I?C_i\mmo,3,1976,,,false,4
,I?C_i\mmo,4,2400,,,false,4
,I?C_i\mmo,5,1906,,,false,4
,I?C_i\mmo,6,1482,,,false,4
,I?C_i\mmo,7,1976,,,false,4
,I?C_i\mmo,8,2400,,,false,4
,I?C_i\mmo,9,1976,,,false,4
,I?C_i\m|o,0,2328,,,false,4
,I?C_i\m|o,1,1905,,,false,4
,I?C_i\m|o,2,2400,,,false,4
,I?C_i\m|o,3,1976,,,false,4
,I?C_i\m|o,4,1976,,,false,4
,I?C_i\m|o,5,1905,,,false,4
,I?C_i\m|o,6,1835,,,false,4
,I?C_i\m|o,7,1906,,,false,4
,I?C_i\m|o,8,1905,,,false,4
,I?C_i\m|o,9,1905,,,false,4
,I?C_kHJYo,0,2399,,,false,3
,I?C_kHJYo,1,1906,,,false,3
,I?C_kHJYo,2,1976,,,false,3
,I?C_kHJYo,3,1905,,,false,3
,I?C_kHJYo,4,2399,,,false,3
,I?C_kHJYo,5,1905,,,false,3
,I?C_kHJYo,6,1976,,,false,3
,I?C_kHJYo,7,1906,,,false,3
,I?C_kHJYo,8,1976,,,false,3
,I?C_kHJYo,9,1905,,,false,3
,I?CaIgjfw,0,1976,,,false,4
,I?CaIgjfw,1,1905,,,false,4
,I?CaIgjfw,2,1905,,,false,4
,I?CaIgjfw,3,1906,,,false,4
,I?CaIgjfw,4,1906,,,false,4
,I?CaIgjfw,5,1975,,,false,4
,I?CaIgjfw,6,1835,,,false,4
,I?CaIgjfw,7,988,,,false,4
,I?CaIgjfw,8,917,,,false,4
,I?CaIgjfw,9,1905,,,false,4
,I?CcH`JRo,0,2329,,,false,3
,I?CcH`JRo,1,1835,,,false,3
,I?CcH`JRo,2,1976,,,false,3
,I?CcH`JRo,3,1976,,,false,3
,I?CcH`JRo,4,1835,,,false,3
,I?CcH`JRo,5,1976,,,false,3
,I?CcH`JRo,6,1905,,,false,3
,I?CcH`JRo,7,2399,,,false,3
,I?CcH`JRo,8,1905,,,false,3
,I?CcH`JRo,9,1976,,,false,3
,I?CgaKj{w,0,1905,,,false,4
,I?CgaKj{w,1,1976,,,false,4
,I?CgaKj{w,2,1835,,,false,4
,I?CgaKj{w,3,2328,,,false,4
,I?CgaKj{w,4,1976,,,false,4
,I?CgaKj{w,5,1906,,,false,4
,I?CgaKj{w,6,1905,,,false,4
,I?CgaKj{w,7,1976,,,false,4
,I?CgaKj{w,8,1905,,,false,4
,I?CgaKj{w,9,1835,,,false,4
,I?D??cjh_,0,1835,,,false,2
,I?D??cjh_,1,1834,,,false,2
,I?D??cjh_,2,1905,,,false,2
,I?D??cjh_,3,1905,,,false,2
,I?D??cjh_,4,1905,,,false,2
,I?D??cjh_,5,1976,,,false,2
,I?D??cjh_,6,1906,,,false,2
,I?D??cjh_,7,1834,,,false,2
,I?D??cjh_,8,1905,,,false,2
,I?D??cjh_,9,1905,,,false,2
,I?DB@aLbo,0,1906,,,false,3
,I?DB@aLbo,1,1906,,,false,3
,I?DB@aLbo,2,1976,,,false,3
,I?DB@aLbo,3,1976,,,false,3
,I?DB@aLbo,4,1835,,,false,3
,I?DB@aLbo,5,1906,,,false,3
,I?DB@aLbo,6,1834,,,false,3
,I?DB@aLbo,7,1905,,,false,3
,I?DB@aLbo,8,1905,,,false,3
,I?DB@aLbo,9,1905,,,false,3
,I?DOX]r]w,0,2399,,,false,5
,I?DOX]r]w,1,2470,,,false,5
,I?DOX]r]w,2,1976,,,false,5
,I?DOX]r]w,3,1835,,,false,5
,I?DOX]r]w,4,2400,,,false,5
,I?DOX]r]w,5,1905,,,false,5
,I?DOX]r]w,6,2399,,,false,5
,I?DOX]r]w,7,1976,,,false,5
,I?DOX]r]w,8,2399,,,false,5
,I?DOX]r]w,9,1835,,,false,5
,I?DPXxZfw,0,2399,,,false,5
,I?DPXxZfw,1,2329,,,false,5
,I?DPXxZfw,2,1976,,,false,5
,I?DPXxZfw,3,1906,,,false,5
,I?DPXxZfw,4,1976,,,false,5
,I?DPXxZfw,5,1905,,,false,5
,I?DPXxZfw,6,2329,,,false,5
,I?DPXxZfw,7,1905,,,false,5
,I?DPXxZfw,8,1905,,,false,5
,I?DPXxZfw,9,1976,,,false,5
,I?DPXxZ~_,0,1905,,,false,5
,I?DPXxZ~_,1,1906,,,false,5
,I?DPXxZ~_,2,1976,,,false,5
,I?DPXxZ~_,3,1976,,,false,5
,I?DPXxZ~_,4,1905,,,false,5
,I?DPXxZ~_,5,2329,,,false,5
,I?DPXxZ~_,6,1906,,,false,5
,I?DPXxZ~_,7,2400,,,false,5
,I?DPXxZ~_,8,1975,,,false,5
,I?DPXxZ~_,9,1976,,,false,5
,I?D__Kjao,0,1905,,,false,3
,I?D__Kjao,1,1905,,,false,3
,I?D__Kjao,2,1905,,,false,3
,I?D__Kjao,3,1976,,,false,3
,I?D__Kjao,4,2400,,,false,3
,I?D__Kjao,5,1905,,,false,3
,I?D__Kjao,6,1976,,,false,3
,I?D__Kjao,7,2400,,,false,3
,I?D__Kjao,8,1482,,,false,3
,I?D__Kjao,9,1411,,,false,3
,I?E@`xm^_,0,2399,,,false,4
,I?E@`xm^_,1,2399,,,false,4
,I?E@`xm^_,2,1906,,,false,4
,I?E@`xm^_,3,2399,,,false,4
,I?E@`xm^_,4,1976,,,false,4
,I?E@`xm^_,5,1906,,,false,4
,I?E@`xm^_,6,1906,,,false,4
,I?E@`xm^_,7,1906,,,false,4
,I?E@`xm^_,8,1975,,,false,4
,I?E@`xm^_,9,2399,,,false,4
,I?EA?kmJo,0,1905,,,false,3
,I?EA?kmJo,1,1976,,,false,3
,I?EA?kmJo,2,1906,,,false,3
,I?EA?kmJo,3,1905,,,false,3
,I?EA?kmJo,4,2258,,,false,3
,I?EA?kmJo,5,2399,,,false,3
,I?EA?kmJo,6,1482,,,false,3
,I?EA?kmJo,7,1976,,,false,3
,I?EA?kmJo,8,2400,,,false,3
,I?EA?kmJo,9,1905,,,false,3
,I?EGGlJIw,0,1905,,,false,4
,I?EGGlJIw,1,1835,,,false,4
,I?EGGlJIw,2,1976,,,false,4
,I?EGGlJIw,3,2329,,,false,4
,I?EGGlJIw,4,1905,,,false,4
,I?EGGlJIw,5,1975,,,false,4
,I?EGGlJIw,6,1976,,,false,4
,I?EGGlJIw,7,1905,,,false,4
,I?EGGlJIw,8,1905,,,false,4
,I?EGGlJIw,9,1905,,,false,4
,I?EqYonkw,0,2399,,,false,5
,I?EqYonkw,1,1976,,,false,5
,I?EqYonkw,2,1905,,,false,5
,I?EqYonkw,3,1975,,,false,5
,I?EqYonkw,4,1976,,,false,5
,I?EqYonkw,5,1835,,,false,5
,I?EqYonkw,6,1976,,,false,5
,I?EqYonkw,7,1905,,,false,5
,I?EqYonkw,8,1905,,,false,5
,I?EqYonkw,9,1976,,,false,5
,I?G?WdDlw,0,1976,,,false,3
,I?G?WdDlw,1,1975,,,false,3
,I?G?WdDlw,2,1976,,,false,3
,I?G?WdDlw,3,1906,,,false,3
,I?G?WdDlw,4,1976,,,false,3
,I?G?WdDlw,5,1906,,,false,3
,I?G?WdDlw,6,1905,,,false,3
,I?G?WdDlw,7,1905,,,false,3
,I?G?WdDlw,8,1411,,,false,3
,I?G?WdDlw,9,917,,,false,3
,I?G?_\Uho,0,2329,,,false,3
,I?G?_\Uho,1,1976,,,false,3
,I?G?_\Uho,2,1906,,,false,3
,I?G?_\Uho,3,1976,,,false,3
,I?G?_\Uho,4,1976,,,false,3
,I?G?_\Uho,5,1906,,,false,3
,I?G?_\Uho,6,1905,,,false,3
,I?G?_\Uho,7,1905,,,false,3
,I?G?_\Uho,8,1976,,,false,3
,I?G?_\Uho,9,1976,,,false,3
,I?G@Ig]eo,0,1976,,,false,3
,I?G@Ig]eo,1,1906,,,false,3
,I?G@Ig]eo,2,1976,,,false,3
,I?G@Ig]eo,3,1906,,,false,3
,I?G@Ig]eo,4,1976,,,false,3
,I?G@Ig]eo,5,1905,,,false,3
,I?G@Ig]eo,6,1905,,,false,3
,I?G@Ig]eo,7,1976,,,false,3
,I?G@Ig]eo,8,2399,,,false,3
,I?G@Ig]eo,9,1834,,,false,3
,I?GAGcLlW,0,1906,,,false,3
,I?GAGcLlW,1,1976,,,false,3
,I?GAGcLlW,2,1906,,,false,3
,I?GAGcLlW,3,1976,,,false,3
,I?GAGcLlW,4,1905,,,false,3
,I?GAGcLlW,5,1482,,,false,3
,I?GAGcLlW,6,1976,,,false,3
,I?GAGcLlW,7,1976,,,false,3
,I?GAGcLlW,8,1905,,,false,3
,I?GAGcLlW,9,1905,,,false,3
,I?GG_LPxw,0,1905,,,false,3
,I?GG_LPxw,1,1905,,,false,3
,I?GG_LPxw,2,1411,,,false,3
,I?GG_LPxw,3,1411,,,false,3
,I?GG_LPxw,4,1976,,,false,3
,I?GG_LPxw,5,1905,,,false,3
,I?GG_LPxw,6,1905,,,false,3
,I?GG_LPxw,7,1905,,,false,3
,I?GG_LPxw,8,1905,,,false,3
,I?GG_LPxw,9,1976,,,false,3
,I?GG_NPXg,0,1906,,,false,3
,I?GG_NPXg,1,1975,,,false,3
,I?GG_NPXg,2,1976,,,false,3
,I?GG_NPXg,3,1835,,,false,3
,I?GG_NPXg,4,1905,,,false,3
,I?GG_NPXg,5,1834,,,false,3
,I?GG_NPXg,6,1906,,,false,3
,I?GG_NPXg,7,1905,,,false,3
,I?GG_NPXg,8,1905,,,false,3
,I?GG_NPXg,9,1906,,,false,3
,I?GGa_Fzg,0,1976,,,false,3
,I?GGa_Fzg,1,1905,,,false,3
,I?GGa_Fzg,2,1905,,,false,3
,I?GGa_Fzg,3,1835,,,false,3
,I?GGa_Fzg,4,1905,,,false,3
,I?GGa_Fzg,5,1976,,,false,3
,I?GGa_Fzg,6,1976,,,false,3
,I?GGa_Fzg,7,1976,,,false,3
,I?GGa_Fzg,8,1905,,,false,3
,I?GGa_Fzg,9,1411,,,false,3
,I?GGznuno,0,2400,,,false,5
,I?GGznuno,1,2329,,,false,5
,I?GGznuno,2,1905,,,false,5
,I?GGznuno,3,1976,,,false,5
,I?GGznuno,4,1976,,,false,5
,I?GGznuno,5,2400,,,false,5
,I?GGznuno,6,1835,,,false,5
,I?GGznuno,7,2400,,,false,5
,I?GGznuno,8,1976,,,false,5
,I?GGznuno,9,2399,,,false,5
,I?GO?\I`g,0,1905,,,false,3
,I?GO?\I`g,1,1905,,,false,3
,I?GO?\I`g,2,1976,,,false,3
,I?GO?\I`g,3,1975,,,false,3
,I?GO?\I`g,4,1905,,,false,3
,I?GO?\I`g,5,1835,,,false,3
,I?GO?\I`g,6,1906,,,false,3
,I?GO?\I`g,7,1482,,,false,3
,I?GO?\I`g,8,1976,,,false,3
,I?GO?\I`g,9,1976,,,false,3
,I?GOY?rbW,0,1905,,,false,3
,I?GOY?rbW,1,1976,,,false,3
,I?GOY?rbW,2,1905,,,false,3
,I?GOY?rbW,3,1976,,,false,3
,I?GOY?rbW,4,1835,,,false,3
,I?GOY?rbW,5,1905,,,false,3
,I?GOY?rbW,6,1976,,,false,3
,I?GOY?rbW,7,1905,,,false,3
,I?GOY?rbW,8,1481,,,false,3
,I?GOY?rbW,9,1906,,,false,3
,I?GPb]]~_,0,1976,,,false,4
,I?GPb]]~_,1,1905,,,false,4
,I?GPb]]~_,2,1975,,,false,4
,I?GPb]]~_,3,2399,,,false,4
,I?GPb]]~_,4,1976,,,false,4
,I?GPb]]~_,5,1905,,,false,4
,I?GPb]]~_,6,1905,,,false,4
,I?GPb]]~_,7,2329,,,false,4
,I?GPb]]~_,8,1976,,,false,4
,I?GPb]]~_,9,1976,,,false,4
,I?GW^dylg,0,1905,,,false,5
,I?GW^dylg,1,1976,,,false,5
,I?GW^dylg,2,2399,,,false,5
,I?GW^dylg,3,1905,,,false,5
,I?GW^dylg,4,2328,,,false,5
,I?GW^dylg,5,1905,,,false,5
,I?GW^dylg,6,2399,,,false,5
,I?GW^dylg,7,1976,,,false,5
,I?GW^dylg,8,1906,,,false,5
,I?GW^dylg,9,2329,,,false,5
,I?GWaCeaW,0,1975,,,false,3
,I?GWaCeaW,1,1905,,,false,3
,I?GWaCeaW,2,2400,,,false,3
,I?GWaCeaW,3,1906,,,false,3
,I?GWaCeaW,4,1906,,,false,3
,I?GWaCeaW,5,1976,,,false,3
,I?GWaCeaW,6,1976,,,false,3
,I?GWaCeaW,7,1906,,,false,3
,I?GWaCeaW,8,1976,,,false,3
,I?GWaCeaW,9,1905,,,false,3
,I?GX?uFPw,0,1905,,,false,4
,I?GX?uFPw,1,1906,,,false,4
,I?GX?uFPw,2,1976,,,false,4
,I?GX?uFPw,3,1976,,,false,4
,I?GX?uFPw,4,1906,,,false,4
,I?GX?uFPw,5,1906,,,false,4
,I?GX?uFPw,6,1906,,,false,4
,I?GX?uFPw,7,1976,,,false,4
,I?GX?uFPw,8,8821,,,false,4
,I?GX?uFPw,9,1411,,,false,4
,I?G_k`JRo,0,2470,,,false,3
,I?G_k`JRo,1,1906,,,false,3
,I?G_k`JRo,2,1906,,,false,3
,I?G_k`JRo,3,1905,,,false,3
,I?G_k`JRo,4,1905,,,false,3
,I?G_k`JRo,5,1905,,,false,3
,I?G_k`JRo,6,1976,,,false,3
,I?G_k`JRo,7,1976,,,false,3
,I?G_k`JRo,8,1905,,,false,3
,I?G_k`JRo,9,1906,,,false,3
,I?G_qK\v_,0,2399,,,false,4
,I?G_qK\v_,1,1835,,,false,4
,I?G_qK\v_,2,1906,,,false,4
,I?G_qK\v_,3,1835,,,false,4
,I?G_qK\v_,4,1976,,,false,4
,I?G_qK\v_,5,2470,,,false,4
,I?G_qK\v_,6,1906,,,false,4
,I?G_qK\v_,7,1905,,,false,4
,I?G_qK\v_,8,1905,,,false,4
,I?G_qK\v_,9,1905,,,false,4
,I?Gpqx]vo,0,2400,,,false,5
,I?Gpqx]vo,1,2400,,,false,5
,I?Gpqx]vo,2,1905,,,false,5
,I?Gpqx]vo,3,1976,,,false,5
,I?Gpqx]vo,4,2329,,,false,5
,I?Gpqx]vo,5,1976,,,false,5
,I?Gpqx]vo,6,2399,,,false,5
,I?Gpqx]vo,7,1976,,,false,5
,I?Gpqx]vo,8,1976,,,false,5
,I?Gpqx]vo,9,2399,,,false,5
,I?H?OiBDg,0,1975,,,false,2
,I?H?OiBDg,1,1976,,,false,2
,I?H?OiBDg,2,1906,,,false,2
,I?H?OiBDg,3,1976,,,false,2
,I?H?OiBDg,4,1905,,,false,2
,I?H?OiBDg,5,1905,,,false,2
,I?H?OiBDg,6,1482,,,false,2
,I?H?OiBDg,7,1905,,,false,2
,I?H?OiBDg,8,1905,,,false,2
,I?H?OiBDg,9,1835,,,false,2
,I?HBg~x~O,0,1905,,,false,4
,I?HBg~x~O,1,1906,,,false,4
,I?HBg~x~O,2,1905,,,false,4
,I?HBg~x~O,3,1905,,,false,4
,I?HBg~x~O,4,2400,,,false,4
,I?HBg~x~O,5,2400,,,false,4
,I?HBg~x~O,6,1835,,,false,4
,I?HBg~x~O,7,2329,,,false,4
,I?HBg~x~O,8,1834,,,false,4
,I?HBg~x~O,9,2399,,,false,4
,I?HOGSrew,0,1906,,,false,3
,I?HOGSrew,1,1835,,,false,3
,I?HOGSrew,2,1976,,,false,3
,I?HOGSrew,3,1976,,,false,3
,I?HOGSrew,4,1906,,,false,3
,I?HOGSrew,5,1976,,,false,3
,I?HOGSrew,6,1834,,,false,3
,I?HOGSrew,7,1905,,,false,3
,I?HOGSrew,8,1976,,,false,3
,I?HOGSrew,9,1976,,,false,3
,I?HOGSrfw,0,1905,,,false,3
,I?HOGSrfw,1,1976,,,false,3
,I?HOGSrfw,2,1906,,,false,3
,I?HOGSrfw,3,1976,,,false,3
,I?HOGSrfw,4,1976,,,false,3
,I?HOGSrfw,5,1905,,,false,3
,I?HOGSrfw,6,1976,,,false,3
,I?HOGSrfw,7,1905,,,false,3
,I?HOGSrfw,8,1905,,,false,3
,I?HOGSrfw,9,2328,,,false,3
,I?I@ph\Vo,0,2329,,,false,4
,I?I@ph\Vo,1,2400,,,false,4
,I?I@ph\Vo,2,1976,,,false,4
,I?I@ph\Vo,3,1905,,,false,4
,I?I@ph\Vo,4,1976,,,false,4
,I?I@ph\Vo,5,1905,,,false,4
,I?I@ph\Vo,6,1834,,,false,4
,I?I@ph\Vo,7,1905,,,false,4
,I?I@ph\Vo,8,1906,,,false,4
,I?I@ph\Vo,9,1976,,,false,4
,I?IZryv}W,0,2329,,,false,5
,I?IZryv}W,1,1906,,,false,5
,I?IZryv}W,2,2399,,,false,5
,I?IZryv}W,3,1976,,,false,5
,I?IZryv}W,4,1905,,,false,5
,I?IZryv}W,5,2329,,,false,5
,I?IZryv}W,6,1905,,,false,5
,I?IZryv}W,7,2399,,,false,5
,I?IZryv}W,8,1976,,,false,5
,I?IZryv}W,9,1976,,,false,5
,I?KKAKV\g,0,2470,,,false,3
,I?KKAKV\g,1,1976,,,false,3
,I?KKAKV\g,2,1906,,,false,3
,I?KKAKV\g,3,1905,,,false,3
,I?KKAKV\g,4,1905,,,false,3
,I?KKAKV\g,5,1975,,,false,3
,I?KKAKV\g,6,1976,,,false,3
,I?KKAKV\g,7,1905,,,false,3
,I?KKAKV\g,8,2328,,,false,3
,I?KKAKV\g,9,1976,,,false,3
,I?KQCKM[W,0,1906,,,false,3
,I?KQCKM[W,1,1905,,,false,3
,I?KQCKM[W,2,1906,,,false,3
,I?KQCKM[W,3,1976,,,false,3
,I?KQCKM[W,4,1905,,,false,3
,I?KQCKM[W,5,2399,,,false,3
,I?KQCKM[W,6,1905,,,false,3
,I?KQCKM[W,7,1976,,,false,3
,I?KQCKM[W,8,1976,,,false,3
,I?KQCKM[W,9,1976,,,false,3
,I?LF?kN[W,0,2400,,,false,4
,I?LF?kN[W,1,1976,,,false,4
,I?LF?kN[W,2,1905,,,false,4
,I?LF?kN[W,3,1905,,,false,4
,I?LF?kN[W,4,1834,,,false,4
,I?LF?kN[W,5,1905,,,false,4
,I?LF?kN[W,6,2399,,,false,4
,I?LF?kN[W,7,1976,,,false,4
,I?LF?kN[W,8,1905,,,false,4
,I?LF?kN[W,9,1905,,,false,4
,I?OH?_F`o,0,1976,,,false,2
,I?OH?_F`o,1,1905,,,false,2
,I?OH?_F`o,2,1906,,,false,2
,I?OH?_F`o,3,1906,,,false,2
,I?OH?_F`o,4,1905,,,false,2
,I?OH?_F`o,5,1976,,,false,2
,I?OH?_F`o,6,1976,,,false,2
,I?OH?_F`o,7,1905,,,false,2
,I?OH?_F`o,8,1906,,,false,2
,I?OH?_F`o,9,1905,,,false,2
,I?OKbMuNo,0,2399,,,false,3
,I?OKbMuNo,1,1975,,,false,3
,I?OKbMuNo,2,2470,,,false,3
,I?OKbMuNo,3,2893,,,false,3
,I?OKbMuNo,4,1905,,,false,3
,I?OKbMuNo,5,1905,,,false,3
,I?OKbMuNo,6,1976,,,false,3
,I?OKbMuNo,7,1976,,,false,3
,I?OKbMuNo,8,1905,,,false,3
,I?OKbMuNo,9,1906,,,false,3
,I?OPYK|fw,0,1976,,,false,4
,I?OPYK|fw,1,2400,,,false,4
,I?OPYK|fw,2,1835,,,false,4
,I?OPYK|fw,3,1906,,,false,4
,I?OPYK|fw,4,1976,,,false,4
,I?OPYK|fw,5,1976,,,false,4
,I?OPYK|fw,6,1905,,,false,4
,I?OPYK|fw,7,2329,,,false,4
,I?OPYK|fw,8,1905,,,false,4
,I?OPYK|fw,9,1905,,,false,4
,I?OS?oeHo,0,2258,,,false,2
,I?OS?oeHo,1,1835,,,false,2
,I?OS?oeHo,2,1905,,,false,2
,I?OS?oeHo,3,1905,,,false,2
,I?OS?oeHo,4,1905,,,false,2
,I?OS?oeHo,5,1905,,,false,2
,I?OS?oeHo,6,1976,,,false,2
,I?OS?oeHo,7,1905,,,false,2
,I?OS?oeHo,8,1835,,,false,2
,I?OS?oeHo,9,1976,,,false,2
,I?OXpxVng,0,2399,,,false,5
,I?OXpxVng,1,1976,,,false,5
,I?OXpxVng,2,2399,,,false,5
,I?OXpxVng,3,1905,,,false,5
,I?OXpxVng,4,2329,,,false,5
,I?OXpxVng,5,1905,,,false,5
,I?OXpxVng,6,1976,,,false,5
,I?OXpxVng,7,1905,,,false,5
,I?OXpxVng,8,2329,,,false,5
,I?OXpxVng,9,1835,,,false,5
,I?O_gxbfg,0,1906,,,false,4
,I?O_gxbfg,1,1976,,,false,4
,I?O_gxbfg,2,1905,,,false,4
,I?O_gxbfg,3,1905,,,false,4
,I?O_gxbfg,4,1976,,,false,4
,I?O_gxbfg,5,2399,,,false,4
,I?O_gxbfg,6,1835,,,false,4
,I?O_gxbfg,7,1906,,,false,4
,I?O_gxbfg,8,1976,,,false,4
,I?O_gxbfg,9,1976,,,false,4
,I?O_yK|kw,0,1905,,,false,4
,I?O_yK|kw,1,1905,,,false,4
,I?O_yK|kw,2,1906,,,false,4
,I?O_yK|kw,3,1906,,,false,4
,I?O_yK|kw,4,1906,,,false,4
,I?O_yK|kw,5,1905,,,false,4
,I?O_yK|kw,6,1905,,,false,4
,I?O_yK|kw,7,1834,,,false,4
,I?O_yK|kw,8,1906,,,false,4
,I?O_yK|kw,9,1976,,,false,4
,I?Oa_}{n_,0,2470,,,false,4
,I?Oa_}{n_,1,1905,,,false,4
,I?Oa_}{n_,2,1905,,,false,4
,I?Oa_}{n_,3,1905,,,false,4
,I?Oa_}{n_,4,1906,,,false,4
,I?Oa_}{n_,5,1905,,,false,4
,I?Oa_}{n_,6,1906,,,false,4
,I?Oa_}{n_,7,2400,,,false,4
,I?Oa_}{n_,8,1906,,,false,4
,I?Oa_}{n_,9,1976,,,false,4
,I?Oaju}no,0,2328,,,false,4
,I?Oaju}no,1,1976,,,false,4
,I?Oaju}no,2,1906,,,false,4
,I?Oaju}no,3,2399,,,false,4
,I?Oaju}no,4,1976,,,false,4
,I?Oaju}no,5,1905,,,false,4
,I?Oaju}no,6,2329,,,false,4
,I?Oaju}no,7,1976,,,false,4
,I?Oaju}no,8,2399,,,false,4
,I?Oaju}no,9,1976,,,false,4
,I?Ogz~}~o,0,2399,,,false,5
,I?Ogz~}~o,1,2470,,,false,5
,I?Ogz~}~o,2,1905,,,false,5
,I?Ogz~}~o,3,2399,,,false,5
,I?Ogz~}~o,4,1906,,,false,5
,I?Ogz~}~o,5,2400,,,false,5
,I?Ogz~}~o,6,2400,,,false,5
,I?Ogz~}~o,7,1976,,,false,5
,I?Ogz~}~o,8,2399,,,false,5
,I?Ogz~}~o,9,2329,,,false,5
,I?OwpufTw,0,2470,,,false,4
,I?OwpufTw,1,2399,,,false,4
,I?OwpufTw,2,1905,,,false,4
,I?OwpufTw,3,1905,,,false,4
,I?OwpufTw,4,1905,,,false,4
,I?OwpufTw,5,1976,,,false,4
,I?OwpufTw,6,1976,,,false,4
,I?OwpufTw,7,1905,,,false,4
,I?OwpufTw,8,2400,,,false,4
,I?OwpufTw,9,1906,,,false,4
,I?Pb`}]}W,0,2399,,,false,5
,I?Pb`}]}W,1,2399,,,false,5
,I?Pb`}]}W,2,1976,,,false,5
,I?Pb`}]}W,3,1905,,,false,5
,I?Pb`}]}W,4,2399,,,false,5
,I?Pb`}]}W,5,1905,,,false,5
,I?Pb`}]}W,6,1905,,,false,5
,I?Pb`}]}W,7,2470,,,false,5
,I?Pb`}]}W,8,1905,,,false,5
,I?Pb`}]}W,9,2399,,,false,5
,I?SDHlsbW,0,1976,,,false,4
,I?SDHlsbW,1,1906,,,false,4
,I?SDHlsbW,2,1906,,,false,4
,I?SDHlsbW,3,2400,,,false,4
,I?SDHlsbW,4,1905,,,false,4
,I?SDHlsbW,5,1976,,,false,4
,I?SDHlsbW,6,1905,,,false,4
,I?SDHlsbW,7,1905,,,false,4
,I?SDHlsbW,8,1905,,,false,4
,I?SDHlsbW,9,1905,,,false,4
,I?SGh\vnw,0,2259,,,false,5
,I?SGh\vnw,1,1905,,,false,5
,I?SGh\vnw,2,1905,,,false,5
,I?SGh\vnw,3,1975,,,false,5
,I?SGh\vnw,4,1905,,,false,5
,I?SGh\vnw,5,1835,,,false,5
,I?SGh\vnw,6,2329,,,false,5
,I?SGh\vnw,7,12561,,,false,5
,I?SGh\vnw,8,1482,,,false,5
,I?SGh\vnw,9,1834,,,false,5
,I?SOX]u\o,0,1976,,,false,5
,I?SOX]u\o,1,2399,,,false,5
,I?SOX]u\o,2,1976,,,false,5
,I?SOX]u\o,3,1906,,,false,5
,I?SOX]u\o,4,2399,,,false,5
,I?SOX]u\o,5,1975,,,false,5
,I?SOX]u\o,6,1906,,,false,5
,I?SOX]u\o,7,1906,,,false,5
,I?SOX]u\o,8,1976,,,false,5
,I?SOX]u\o,9,1905,,,false,5
,I?SjSnt\o,0,2470,,,false,5
,I?SjSnt\o,1,2329,,,false,5
,I?SjSnt\o,2,1976,,,false,5
,I?SjSnt\o,3,1905,,,false,5
,I?SjSnt\o,4,2399,,,false,5
,I?SjSnt\o,5,1905,,,false,5
,I?SjSnt\o,6,1976,,,false,5
,I?SjSnt\o,7,1905,,,false,5
,I?SjSnt\o,8,1905,,,false,5
,I?SjSnt\o,9,2470,,,false,5
,I?StACLkW,0,1976,,,false,4
,I?StACLkW,1,1905,,,false,4
,I?StACLkW,2,1905,,,false,4
,I?StACLkW,3,1834,,,false,4
,I?StACLkW,4,1905,,,false,4
,I?StACLkW,5,2399,,,false,4
,I?StACLkW,6,1905,,,false,4
,I?StACLkW,7,1905,,,false,4
,I?StACLkW,8,2399,,,false,4
,I?StACLkW,9,2399,,,false,4
,I?WIG}v\o,0,1976,,,false,5
,I?WIG}v\o,1,1905,,,false,5
,I?WIG}v\o,2,2399,,,false,5
,I?WIG}v\o,3,1835,,,false,5
,I?WIG}v\o,4,1975,,,false,5
,I?WIG}v\o,5,1976,,,false,5
,I?WIG}v\o,6,2399,,,false,5
,I?WIG}v\o,7,1975,,,false,5
,I?WIG}v\o,8,1905,,,false,5
,I?WIG}v\o,9,2470,,,false,5
,I?_?GctQw,0,1905,,,false,3
,I?_?GctQw,1,1905,,,false,3
,I?_?GctQw,2,1975,,,false,3
,I?_?GctQw,3,1482,,,false,3
,I?_?GctQw,4,1976,,,false,3
,I?_?GctQw,5,1905,,,false,3
,I?_?GctQw,6,1976,,,false,3
,I?_?GctQw,7,1906,,,false,3
,I?_?GctQw,8,1976,,,false,3
,I?_?GctQw,9,1905,,,false,3
,I?_?iwn^g,0,1905,,,false,4
,I?_?iwn^g,1,1976,,,false,4
,I?_?iwn^g,2,2399,,,false,4
,I?_?iwn^g,3,1905,,,false,4
,I?_?iwn^g,4,1905,,,false,4
,I?_?iwn^g,5,2400,,,false,4
,I?_?iwn^g,6,1976,,,false,4
,I?_?iwn^g,7,1905,,,false,4
,I?_?iwn^g,8,1906,,,false,4
,I?_?iwn^g,9,1835,,,false,4
,I?_@GhBNG,0,1906,,,false,3
,I?_@GhBNG,1,1906,,,false,3
,I?_@GhBNG,2,1905,,,false,3
,I?_@GhBNG,3,1412,,,false,3
,I?_@GhBNG,4,1976,,,false,3
,I?_@GhBNG,5,1976,,,false,3
,I?_@GhBNG,6,1976,,,false,3
,I?_@GhBNG,7,1976,,,false,3
,I?_@GhBNG,8,1905,,,false,3
,I?_@GhBNG,9,1905,,,false,3
,I?_@G|]\o,0,2329,,,false,4
,I?_@G|]\o,1,1905,,,false,4
,I?_@G|]\o,2,1976,,,false,4
,I?_@G|]\o,3,1976,,,false,4
,I?_@G|]\o,4,1835,,,false,4
,I?_@G|]\o,5,1905,,,false,4
,I?_@G|]\o,6,1905,,,false,4
,I?_@G|]\o,7,2400,,,false,4
,I?_@G|]\o,8,1976,,,false,4
,I?_@G|]\o,9,1976,,,false,4
,I?_GHCRPW,0,1905,,,false,3
,I?_GHCRPW,1,1976,,,false,3
,I?_GHCRPW,2,1906,,,false,3
,I?_GHCRPW,3,1905,,,false,3
,I?_GHCRPW,4,1905,,,false,3
,I?_GHCRPW,5,1905,,,false,3
,I?_GHCRPW,6,1976,,,false,3
,I?_GHCRPW,7,1976,,,false,3
,I?_GHCRPW,8,1411,,,false,3
,I?_GHCRPW,9,1905,,,false,3
,I?_OHtM^_,0,1905,,,false,4
,I?_OHtM^_,1,1905,,,false,4
,I?_OHtM^_,2,1905,,,false,4
,I?_OHtM^_,3,1976,,,false,4
,I?_OHtM^_,4,1906,,,false,4
,I?_OHtM^_,5,1976,,,false,4
,I?_OHtM^_,6,1905,,,false,4
,I?_OHtM^_,7,1905,,,false,4
,I?_OHtM^_,8,1906,,,false,4
,I?_OHtM^_,9,1906,,,false,4
,I?_QXYRZG,0,2399,,,false,4
,I?_QXYRZG,1,1905,,,false,4
,I?_QXYRZG,2,1976,,,false,4
,I?_QXYRZG,3,1976,,,false,4
,I?_QXYRZG,4,1905,,,false,4
,I?_QXYRZG,5,2329,,,false,4
,I?_QXYRZG,6,1906,,,false,4
,I?_QXYRZG,7,1976,,,false,4
,I?_QXYRZG,8,1976,,,false,4
,I?_QXYRZG,9,1976,,,false,4
,I?`@?[]Fo,0,1976,,,false,3
,I?`@?[]Fo,1,1976,,,false,3
,I?`@?[]Fo,2,1905,,,false,3
,I?`@?[]Fo,3,1976,,,false,3
,I?`@?[]Fo,4,1906,,,false,3
,I?`@?[]Fo,5,1411,,,false,3
,I?`@?[]Fo,6,1976,,,false,3
,I?`@?[]Fo,7,1906,,,false,3
,I?`@?[]Fo,8,1835,,,false,3
,I?`@?[]Fo,9,1905,,,false,3
,I?cOoXFHw,0,2399,,,false,4
,I?cOoXFHw,1,1905,,,false,4
,I?cOoXFHw,2,1976,,,false,4
,I?cOoXFHw,3,1976,,,false,4
,I?cOoXFHw,4,1976,,,false,4
,I?cOoXFHw,5,1906,,,false,4
,I?cOoXFHw,6,1975,,,false,4
,I?cOoXFHw,7,1905,,,false,4
,I?cOoXFHw,8,1482,,,false,4
,I?cOoXFHw,9,1481,,,false,4
,I?cPHXRRg,0,2399,,,false,4
,I?cPHXRRg,1,1975,,,false,4
,I?cPHXRRg,2,1905,,,false,4
,I?cPHXRRg,3,2399,,,false,4
,I?cPHXRRg,4,1906,,,false,4
,I?cPHXRRg,5,1906,,,false,4
,I?cPHXRRg,6,1976,,,false,4
,I?cPHXRRg,7,1975,,,false,4
,I?cPHXRRg,8,1976,,,false,4
,I?cPHXRRg,9,2400,,,false,4
,I?cPIStRg,0,2399,,,false,4
,I?cPIStRg,1,1905,,,false,4
,I?cPIStRg,2,1976,,,false,4
,I?cPIStRg,3,1835,,,false,4
,I?cPIStRg,4,1976,,,false,4
,I?cPIStRg,5,1975,,,false,4
,I?cPIStRg,6,1906,,,false,4
,I?cPIStRg,7,1906,,,false,4
,I?cPIStRg,8,1976,,,false,4
,I?cPIStRg,9,1834,,,false,4
,I?cWaKeAw,0,1976,,,false,3
,I?cWaKeAw,1,1906,,,false,3
,I?cWaKeAw,2,1905,,,false,3
,I?cWaKeAw,3,1976,,,false,3
,I?cWaKeAw,4,1906,,,false,3
,I?cWaKeAw,5,1906,,,false,3
,I?cWaKeAw,6,1906,,,false,3
,I?cWaKeAw,7,1905,,,false,3
,I?cWaKeAw,8,1976,,,false,3
,I?cWaKeAw,9,1976,,,false,3
,I?oPGpBHW,0,2399,,,false,3
,I?oPGpBHW,1,1976,,,false,3
,I?oPGpBHW,2,1976,,,false,3
,I?oPGpBHW,3,1905,,,false,3
,I?oPGpBHW,4,1905,,,false,3
,I?oPGpBHW,5,1905,,,false,3
,I?oPGpBHW,6,1906,,,false,3
,I?oPGpBHW,7,1976,,,false,3
,I?oPGpBHW,8,1976,,,false,3
,I?oPGpBHW,9,1905,,,false,3
,I@??LXZr_,0,1976,,,false,3
,I@??LXZr_,1,1835,,,false,3
,I@??LXZr_,2,1906,,,false,3
,I@??LXZr_,3,1906,,,false,3
,I@??LXZr_,4,1482,,,false,3
,I@??LXZr_,5,1975,,,false,3
,I@??LXZr_,6,1976,,,false,3
,I@??LXZr_,7,1976,,,false,3
,I@??LXZr_,8,1905,,,false,3
,I@??LXZr_,9,1905,,,false,3
,I@??OXFf_,0,2400,,,false,3
,I@??OXFf_,1,1835,,,false,3
,I@??OXFf_,2,1905,,,false,3
,I@??OXFf_,3,1976,,,false,3
,I@??OXFf_,4,1906,,,false,3
,I@??OXFf_,5,1905,,,false,3
,I@??OXFf_,6,2399,,,false,3
,I@??OXFf_,7,1905,,,false,3
,I@??OXFf_,8,1976,,,false,3
,I@??OXFf_,9,1976,,,false,3
,I@??OXFfg,0,1905,,,false,3
,I@??OXFfg,1,1906,,,false,3
,I@??OXFfg,2,1976,,,false,3
,I@??OXFfg,3,1905,,,false,3
,I@??OXFfg,4,2328,,,false,3
,I@??OXFfg,5,1906,,,false,3
,I@??OXFfg,6,1976,,,false,3
,I@??OXFfg,7,1905,,,false,3
,I@??OXFfg,8,1906,,,false,3
,I@??OXFfg,9,1906,,,false,3
,I@??OlMhw,0,1976,,,false,3
,I@??OlMhw,1,1906,,,false,3
,I@??OlMhw,2,1976,,,false,3
,I@??OlMhw,3,1905,,,false,3
,I@??OlMhw,4,1481,,,false,3
,I@??OlMhw,5,1976,,,false,3
,I@??OlMhw,6,1976,,,false,3
,I@??OlMhw,7,1975,,,false,3
,I@??OlMhw,8,1906,,,false,3
,I@??OlMhw,9,1906,,,false,3
,I@??i[mfG,0,2399,,,false,4
,I@??i[mfG,1,2399,,,false,4
,I@??i[mfG,2,1976,,,false,4
,I@??i[mfG,3,1976,,,false,4
,I@??i[mfG,4,2328,,,false,4
,I@??i[mfG,5,2399,,,false,4
,I@??i[mfG,6,1906,,,false,4
,I@??i[mfG,7,1906,,,false,4
,I@??i[mfG,8,1976,,,false,4
,I@??i[mfG,9,1976,,,false,4
,I@??i[mfW,0,1906,,,false,4
,I@??i[mfW,1,1976,,,false,4
,I@??i[mfW,2,1905,,,false,4
,I@??i[mfW,3,1905,,,false,4
,I@??i[mfW,4,2399,,,false,4
,I@??i[mfW,5,1905,,,false,4
,I@??i[mfW,6,1482,,,false,4
,I@??i[mfW,7,1976,,,false,4
,I@??i[mfW,8,1976,,,false,4
,I@??i[mfW,9,1905,,,false,4
,I@?G?TFdo,0,1905,,,false,3
,I@?G?TFdo,1,1976,,,false,3
,I@?G?TFdo,2,1976,,,false,3
,I@?G?TFdo,3,1411,,,false,3
,I@?G?TFdo,4,1976,,,false,3
,I@?G?TFdo,5,1905,,,false,3
,I@?G?TFdo,6,1905,,,false,3
,I@?G?TFdo,7,1906,,,false,3
,I@?G?TFdo,8,1975,,,false,3
,I@?G?TFdo,9,1905,,,false,3
,I@?G?TFdw,0,2399,,,false,3
,I@?G?TFdw,1,1976,,,false,3
,I@?G?TFdw,2,1976,,,false,3
,I@?G?TFdw,3,1976,,,false,3
,I@?G?TFdw,4,1976,,,false,3
,I@?G?TFdw,5,1905,,,false,3
,I@?G?TFdw,6,1905,,,false,3
,I@?G?TFdw,7,1906,,,false,3
,I@?G?TFdw,8,1412,,,false,3
,I@?G?TFdw,9,1482,,,false,3
,I@?GhTFfW,0,1976,,,false,4
,I@?GhTFfW,1,1905,,,false,4
,I@?GhTFfW,2,1905,,,false,4
,I@?GhTFfW,3,1905,,,false,4
,I@?GhTFfW,4,1906,,,false,4
,I@?GhTFfW,5,1976,,,false,4
,I@?GhTFfW,6,1976,,,false,4
,I@?GhTFfW,7,2400,,,false,4
,I@?GhTFfW,8,1906,,,false,4
,I@?GhTFfW,9,1906,,,false,4
,I@?IIgjfg,0,2328,,,false,4
,I@?IIgjfg,1,2470,,,false,4
,I@?IIgjfg,2,1976,,,false,4
,I@?IIgjfg,3,1976,,,false,4
,I@?IIgjfg,4,1976,,,false,4
,I@?IIgjfg,5,1906,,,false,4
,I@?IIgjfg,6,1835,,,false,4
,I@?IIgjfg,7,1906,,,false,4
,I@?IIgjfg,8,2399,,,false,4
,I@?IIgjfg,9,1976,,,false,4
,I@?IOmFYW,0,2399,,,false,4
,I@?IOmFYW,1,1976,,,false,4
,I@?IOmFYW,2,1905,,,false,4
,I@?IOmFYW,3,1905,,,false,4
,I@?IOmFYW,4,1834,,,false,4
,I@?IOmFYW,5,1905,,,false,4
,I@?IOmFYW,6,1834,,,false,4
,I@?IOmFYW,7,1976,,,false,4
,I@?IOmFYW,8,1976,,,false,4
,I@?IOmFYW,9,1835,,,false,4
,I@?IpM\vO,0,1976,,,false,4
,I@?IpM\vO,1,2400,,,false,4
,I@?IpM\vO,2,1905,,,false,4
,I@?IpM\vO,3,1905,,,false,4
,I@?IpM\vO,4,1976,,,false,4
,I@?IpM\vO,5,1906,,,false,4
,I@?IpM\vO,6,1975,,,false,4
,I@?IpM\vO,7,1906,,,false,4
,I@?IpM\vO,8,1906,,,false,4
,I@?IpM\vO,9,1976,,,false,4
,I@?OH]IQg,0,1905,,,false,3
,I@?OH]IQg,1,1906,,,false,3
,I@?OH]IQg,2,1976,,,false,3
,I@?OH]IQg,3,1482,,,false,3
,I@?OH]IQg,4,1906,,,false,3
,I@?OH]IQg,5,2399,,,false,3
,I@?OH]IQg,6,1906,,,false,3
,I@?OH]IQg,7,1976,,,false,3
,I@?OH]IQg,8,1975,,,false,3
,I@?OH]IQg,9,1905,,,false,3
,I@?OOXBbg,0,1976,,,false,3
,I@?OOXBbg,1,1976,,,false,3
,I@?OOXBbg,2,1976,,,false,3
,I@?OOXBbg,3,1906,,,false,3
,I@?OOXBbg,4,1905,,,false,3
,I@?OOXBbg,5,1905,,,false,3
,I@?OOXBbg,6,1905,,,false,3
,I@?OOXBbg,7,1905,,,false,3
,I@?OOXBbg,8,1976,,,false,3
,I@?OOXBbg,9,1906,,,false,3
,I@?SQOFJG,0,1976,,,false,2
,I@?SQOFJG,1,1976,,,false,2
,I@?SQOFJG,2,1976,,,false,2
,I@?SQOFJG,3,2329,,,false,2
,I@?SQOFJG,4,1976,,,false,2
,I@?SQOFJG,5,1906,,,false,2
,I@?SQOFJG,6,1905,,,false,2
,I@?SQOFJG,7,1411,,,false,2
,I@?SQOFJG,8,1412,,,false,2
,I@?SQOFJG,9,1834,,,false,2
,I@?YtKnVW,0,1905,,,false,5
,I@?YtKnVW,1,1976,,,false,5
,I@?YtKnVW,2,1905,,,false,5
,I@?YtKnVW,3,1976,,,false,5
,I@?YtKnVW,4,1976,,,false,5
,I@?YtKnVW,5,2399,,,false,5
,I@?YtKnVW,6,1905,,,false,5
,I@?YtKnVW,7,1976,,,false,5
,I@?YtKnVW,8,1976,,,false,5
,I@?YtKnVW,9,1976,,,false,5
,I@@?pMKUW,0,2399,,,false,3
,I@@?pMKUW,1,1976,,,false,3
,I@@?pMKUW,2,1976,,,false,3
,I@@?pMKUW,3,2399,,,false,3
,I@@?pMKUW,4,1835,,,false,3
,I@@?pMKUW,5,1905,,,false,3
,I@@?pMKUW,6,1975,,,false,3
,I@@?pMKUW,7,1905,,,false,3
,I@@?pMKUW,8,1976,,,false,3
,I@@?pMKUW,9,1905,,,false,3
,I@@GHOZco,0,1905,,,false,3
,I@@GHOZco,1,1976,,,false,3
,I@@GHOZco,2,1905,,,false,3
,I@@GHOZco,3,1906,,,false,3
,I@@GHOZco,4,1412,,,false,3
,I@@GHOZco,5,2329,,,false,3
,I@@GHOZco,6,1975,,,false,3
,I@@GHOZco,7,1976,,,false,3
,I@@GHOZco,8,2329,,,false,3
,I@@GHOZco,9,1905,,,false,3
,I@@IHUZfo,0,1905,,,false,4
,I@@IHUZfo,1,2400,,,false,4
,I@@IHUZfo,2,1835,,,false,4
,I@@IHUZfo,3,1976,,,false,4
,I@@IHUZfo,4,2399,,,false,4
,I@@IHUZfo,5,1976,,,false,4
,I@@IHUZfo,6,2329,,,false,4
,I@@IHUZfo,7,1482,,,false,4
,I@@IHUZfo,8,1905,,,false,4
,I@@IHUZfo,9,1905,,,false,4
,I@@XXpZhw,0,2470,,,false,5
,I@@XXpZhw,1,1975,,,false,5
,I@@XXpZhw,2,1905,,,false,5
,I@@XXpZhw,3,1835,,,false,5
,I@@XXpZhw,4,1905,,,false,5
,I@@XXpZhw,5,2399,,,false,5
,I@@XXpZhw,6,1976,,,false,5
,I@@XXpZhw,7,2399,,,false,5
,I@@XXpZhw,8,1976,,,false,5
,I@@XXpZhw,9,2329,,,false,5
,I@@g{pjdw,0,1905,,,false,5
,I@@g{pjdw,1,1835,,,false,5
,I@@g{pjdw,2,2400,,,false,5
,I@@g{pjdw,3,1976,,,false,5
,I@@g{pjdw,4,1976,,,false,5
,I@@g{pjdw,5,2470,,,false,5
,I@@g{pjdw,6,1906,,,false,5
,I@@g{pjdw,7,1835,,,false,5
,I@@g{pjdw,8,2399,,,false,5
,I@@g{pjdw,9,1976,,,false,5
,I@C?ICLwg,0,2329,,,false,3
,I@C?ICLwg,1,1906,,,false,3
,I@C?ICLwg,2,1976,,,false,3
,I@C?ICLwg,3,1905,,,false,3
,I@C?ICLwg,4,1906,,,false,3
,I@C?ICLwg,5,1976,,,false,3
,I@C?ICLwg,6,1834,,,false,3
,I@C?ICLwg,7,1834,,,false,3
,I@C?ICLwg,8,1976,,,false,3
,I@C?ICLwg,9,1482,,,false,3
,I@COYUtZg,0,2470,,,false,4
,I@COYUtZg,1,1906,,,false,4
,I@COYUtZg,2,2894,,,false,4
,I@COYUtZg,3,2399,,,false,4
,I@COYUtZg,4,2823,,,false,4
,I@COYUtZg,5,1975,,,false,4
,I@COYUtZg,6,2399,,,false,4
,I@COYUtZg,7,1835,,,false,4
,I@COYUtZg,8,2399,,,false,4
,I@COYUtZg,9,1905,,,false,4
,I@CdQm]ZW,0,2400,,,false,4
,I@CdQm]ZW,1,1976,,,false,4
,I@CdQm]ZW,2,2400,,,false,4
,I@CdQm]ZW,3,1976,,,false,4
,I@CdQm]ZW,4,1905,,,false,4
,I@CdQm]ZW,5,2328,,,false,4
,I@CdQm]ZW,6,1975,,,false,4
,I@CdQm]ZW,7,1976,,,false,4
,I@CdQm]ZW,8,1976,,,false,4
,I@CdQm]ZW,9,1976,,,false,4
,I@DGtLjlg,0,1976,,,false,5
,I@DGtLjlg,1,1976,,,false,5
,I@DGtLjlg,2,2399,,,false,5
,I@DGtLjlg,3,2328,,,false,5
,I@DGtLjlg,4,1906,,,false,5
,I@DGtLjlg,5,1906,,,false,5
,I@DGtLjlg,6,1976,,,false,5
,I@DGtLjlg,7,1976,,,false,5
,I@DGtLjlg,8,2400,,,false,5
,I@DGtLjlg,9,1835,,,false,5
,I@GTQl]jW,0,2399,,,false,4
,I@GTQl]jW,1,2470,,,false,4
,I@GTQl]jW,2,1905,,,false,4
,I@GTQl]jW,3,1906,,,false,4
,I@GTQl]jW,4,1976,,,false,4
,I@GTQl]jW,5,2399,,,false,4
,I@GTQl]jW,6,2399,,,false,4
,I@GTQl]jW,7,1976,,,false,4
,I@GTQl]jW,8,2400,,,false,4
,I@GTQl]jW,9,1905,,,false,4
,I@GY}xn~g,0,2822,,,false,6
,I@GY}xn~g,1,1975,,,false,6
,I@GY}xn~g,2,2400,,,false,6
,I@GY}xn~g,3,1905,,,false,6
,I@GY}xn~g,4,1835,,,false,6
,I@GY}xn~g,5,1976,,,false,6
,I@GY}xn~g,6,1905,,,false,6
,I@GY}xn~g,7,1976,,,false,6
,I@GY}xn~g,8,1905,,,false,6
,I@GY}xn~g,9,2399,,,false,6
,I@HH?]VUw,0,1906,,,false,4
,I@HH?]VUw,1,1835,,,false,4
,I@HH?]VUw,2,2329,,,false,4
,I@HH?]VUw,3,1906,,,false,4
,I@HH?]VUw,4,1906,,,false,4
,I@HH?]VUw,5,1976,,,false,4
,I@HH?]VUw,6,1482,,,false,4
,I@HH?]VUw,7,1906,,,false,4
,I@HH?]VUw,8,2329,,,false,4
,I@HH?]VUw,9,2399,,,false,4
,I@ODG|[hW,0,2400,,,false,4
,I@ODG|[hW,1,1906,,,false,4
,I@ODG|[hW,2,1975,,,false,4
,I@ODG|[hW,3,1976,,,false,4
,I@ODG|[hW,4,1905,,,false,4
,I@ODG|[hW,5,1905,,,false,4
,I@ODG|[hW,6,1905,,,false,4
,I@ODG|[hW,7,1906,,,false,4
,I@ODG|[hW,8,2399,,,false,4
,I@ODG|[hW,9,1976,,,false,4
,I@OH?lEeW,0,2469,,,false,3
,I@OH?lEeW,1,1976,,,false,3
,I@OH?lEeW,2,1976,,,false,3
,I@OH?lEeW,3,1905,,,false,3
,I@OH?lEeW,4,1905,,,false,3
,I@OH?lEeW,5,1906,,,false,3
,I@OH?lEeW,6,2399,,,false,3
,I@OH?lEeW,7,1976,,,false,3
,I@OH?lEeW,8,2400,,,false,3
,I@OH?lEeW,9,2329,,,false,3
,I@O[P\VXw,0,1905,,,false,4
,I@O[P\VXw,1,1905,,,false,4
,I@O[P\VXw,2,1976,,,false,4
,I@O[P\VXw,3,1976,,,false,4
,I@O[P\VXw,4,2399,,,false,4
,I@O[P\VXw,5,1976,,,false,4
,I@O[P\VXw,6,1906,,,false,4
,I@O[P\VXw,7,1906,,,false,4
,I@O[P\VXw,8,2329,,,false,4
,I@O[P\VXw,9,1906,,,false,4
,I@O_{zMzo,0,2329,,,false,4
,I@O_{zMzo,1,1905,,,false,4
,I@O_{zMzo,2,1976,,,false,4
,I@O_{zMzo,3,1976,,,false,4
,I@O_{zMzo,4,1976,,,false,4
,I@O_{zMzo,5,1976,,,false,4
,I@O_{zMzo,6,1906,,,false,4
,I@O_{zMzo,7,2400,,,false,4
,I@O_{zMzo,8,2470,,,false,4
,I@O_{zMzo,9,1906,,,false,4
,I@OhozFTw,0,2328,,,false,5
,I@OhozFTw,1,2400,,,false,5
,I@OhozFTw,2,1906,,,false,5
,I@OhozFTw,3,2400,,,false,5
,I@OhozFTw,4,1905,,,false,5
,I@OhozFTw,5,1976,,,false,5
,I@OhozFTw,6,1905,,,false,5
,I@OhozFTw,7,1976,,,false,5
,I@OhozFTw,8,1976,,,false,5
,I@OhozFTw,9,1905,,,false,5
,I@Ohun[Xw,0,2470,,,false,5
,I@Ohun[Xw,1,1976,,,false,5
,I@Ohun[Xw,2,1976,,,false,5
,I@Ohun[Xw,3,1976,,,false,5
,I@Ohun[Xw,4,1905,,,false,5
,I@Ohun[Xw,5,1906,,,false,5
,I@Ohun[Xw,6,2400,,,false,5
,I@Ohun[Xw,7,1976,,,false,5
,I@Ohun[Xw,8,1976,,,false,5
,I@Ohun[Xw,9,2399,,,false,5
,I@P@gyNjo,0,2470,,,false,4
,I@P@gyNjo,1,1905,,,false,4
,I@P@gyNjo,2,1835,,,false,4
,I@P@gyNjo,3,1905,,,false,4
,I@P@gyNjo,4,1905,,,false,4
,I@P@gyNjo,5,1906,,,false,4
,I@P@gyNjo,6,2470,,,false,4
,I@P@gyNjo,7,1976,,,false,4
,I@P@gyNjo,8,10514,,,false,4
,I@P@gyNjo,9,917,,,false,4
,I@QWqcnXw,0,2823,,,false,5
,I@QWqcnXw,1,1976,,,false,5
,I@QWqcnXw,2,2399,,,false,5
,I@QWqcnXw,3,1976,,,false,5
,I@QWqcnXw,4,2400,,,false,5
,I@QWqcnXw,5,1976,,,false,5
,I@QWqcnXw,6,2328,,,false,5
,I@QWqcnXw,7,1905,,,false,5
,I@QWqcnXw,8,1976,,,false,5
,I@QWqcnXw,9,2399,,,false,5
,I@Sg\CVTw,0,1976,,,false,5
,I@Sg\CVTw,1,1905,,,false,5
,I@Sg\CVTw,2,2400,,,false,5
,I@Sg\CVTw,3,1976,,,false,5
,I@Sg\CVTw,4,2399,,,false,5
,I@Sg\CVTw,5,1905,,,false,5
,I@Sg\CVTw,6,1976,,,false,5
,I@Sg\CVTw,7,1905,,,false,5
,I@Sg\CVTw,8,1905,,,false,5
,I@Sg\CVTw,9,2399,,,false,5
,I@_OXLZVo,0,1906,,,false,4
,I@_OXLZVo,1,1905,,,false,4
,I@_OXLZVo,2,1976,,,false,4
,I@_OXLZVo,3,1905,,,false,4
,I@_OXLZVo,4,2470,,,false,4
,I@_OXLZVo,5,1905,,,false,4
,I@_OXLZVo,6,1905,,,false,4
,I@_OXLZVo,7,1905,,,false,4
,I@_OXLZVo,8,1905,,,false,4
,I@_OXLZVo,9,1906,,,false,4
,I@g?gxfVg,0,2399,,,false,4
,I@g?gxfVg,1,2470,,,false,4
,I@g?gxfVg,2,1976,,,false,4
,I@g?gxfVg,3,1976,,,false,4
,I@g?gxfVg,4,1905,,,false,4
,I@g?gxfVg,5,1835,,,false,4
,I@g?gxfVg,6,1906,,,false,4
,I@g?gxfVg,7,1905,,,false,4
,I@g?gxfVg,8,2399,,,false,4
,I@g?gxfVg,9,1906,,,false,4
,I@h?GkYWw,0,1976,,,false,3
,I@h?GkYWw,1,1905,,,false,3
,I@h?GkYWw,2,1905,,,false,3
,I@h?GkYWw,3,1976,,,false,3
,I@h?GkYWw,4,1835,,,false,3
,I@h?GkYWw,5,1976,,,false,3
,I@h?GkYWw,6,1976,,,false,3
,I@h?GkYWw,7,1906,,,false,3
,I@h?GkYWw,8,2329,,,false,3
,I@h?GkYWw,9,1976,,,false,3
,I@o\`\VxW,0,1905,,,false,5
,I@o\`\VxW,1,1905,,,false,5
,I@o\`\VxW,2,1906,,,false,5
,I@o\`\VxW,3,1976,,,false,5
,I@o\`\VxW,4,1976,,,false,5
,I@o\`\VxW,5,1906,,,false,5
,I@o\`\VxW,6,1906,,,false,5
,I@o\`\VxW,7,2329,,,false,5
,I@o\`\VxW,8,1976,,,false,5
,I@o\`\VxW,9,2470,,,false,5
,IA??GWjko,0,2329,,,false,3
,IA??GWjko,1,1905,,,false,3
,IA??GWjko,2,1976,,,false,3
,IA??GWjko,3,1905,,,false,3
,IA??GWjko,4,1905,,,false,3
,IA??GWjko,5,1906,,,false,3
,IA??GWjko,6,1906,,,false,3
,IA??GWjko,7,1905,,,false,3
,IA??GWjko,8,1975,,,false,3
,IA??GWjko,9,1976,,,false,3
,IA?G?Kjlw,0,1976,,,false,3
,IA?G?Kjlw,1,1976,,,false,3
,IA?G?Kjlw,2,1905,,,false,3
,IA?G?Kjlw,3,1905,,,false,3
,IA?G?Kjlw,4,1976,,,false,3
,IA?G?Kjlw,5,1905,,,false,3
,IA?G?Kjlw,6,1905,,,false,3
,IA?G?Kjlw,7,1906,,,false,3
,IA?G?Kjlw,8,1835,,,false,3
,IA?G?Kjlw,9,1976,,,false,3
,IA?HHhJmg,0,2329,,,false,4
,IA?HHhJmg,1,2329,,,false,4
,IA?HHhJmg,2,1835,,,false,4
,IA?HHhJmg,3,1976,,,false,4
,IA?HHhJmg,4,1976,,,false,4
,IA?HHhJmg,5,1976,,,false,4
,IA?HHhJmg,6,2329,,,false,4
,IA?HHhJmg,7,1906,,,false,4
,IA?HHhJmg,8,1905,,,false,4
,IA?HHhJmg,9,1906,,,false,4
,IA?_xU\vO,0,1976,,,false,4
,IA?_xU\vO,1,2399,,,false,4
,IA?_xU\vO,2,1976,,,false,4
,IA?_xU\vO,3,1976,,,false,4
,IA?_xU\vO,4,2329,,,false,4
,IA?_xU\vO,5,1906,,,false,4
,IA?_xU\vO,6,1906,,,false,4
,IA?_xU\vO,7,1905,,,false,4
,IA?_xU\vO,8,2399,,,false,4
,IA?_xU\vO,9,1906,,,false,4
,IAAKPln]o,0,2470,,,false,4
,IAAKPln]o,1,2399,,,false,4
,IAAKPln]o,2,1905,,,false,4
,IAAKPln]o,3,1906,,,false,4
,IAAKPln]o,4,1976,,,false,4
,IAAKPln]o,5,1976,,,false,4
,IAAKPln]o,6,2329,,,false,4
,IAAKPln]o,7,1906,,,false,4
,IAAKPln]o,8,2329,,,false,4
,IAAKPln]o,9,1905,,,false,4
,IAC_[GbQW,0,1975,,,false,3
,IAC_[GbQW,1,2400,,,false,3
,IAC_[GbQW,2,1976,,,false,3
,IAC_[GbQW,3,1976,,,false,3
,IAC_[GbQW,4,1976,,,false,3
,IAC_[GbQW,5,1906,,,false,3
,IAC_[GbQW,6,1412,,,false,3
,IAC_[GbQW,7,1905,,,false,3
,IAC_[GbQW,8,1905,,,false,3
,IAC_[GbQW,9,1976,,,false,3
,IAC_g\jnw,0,1905,,,false,4
,IAC_g\jnw,1,2470,,,false,4
,IAC_g\jnw,2,1906,,,false,4
,IAC_g\jnw,3,2400,,,false,4
,IAC_g\jnw,4,1906,,,false,4
,IAC_g\jnw,5,1834,,,false,4
,IAC_g\jnw,6,1905,,,false,4
,IAC_g\jnw,7,1976,,,false,4
,IAC_g\jnw,8,2399,,,false,4
,IAC_g\jnw,9,8539,,,false,4
,IACppXNzw,0,2329,,,false,5
,IACppXNzw,1,2399,,,false,5
,IACppXNzw,2,2399,,,false,5
,IACppXNzw,3,1976,,,false,5
,IACppXNzw,4,2399,,,false,5
,IACppXNzw,5,1976,,,false,5
,IACppXNzw,6,2470,,,false,5
,IACppXNzw,7,2399,,,false,5
,IACppXNzw,8,1835,,,false,5
,IACppXNzw,9,1976,,,false,5
,IAG@I]]fo,0,1905,,,false,4
,IAG@I]]fo,1,2470,,,false,4
,IAG@I]]fo,2,1976,,,false,4
,IAG@I]]fo,3,1975,,,false,4
,IAG@I]]fo,4,2400,,,false,4
,IAG@I]]fo,5,1905,,,false,4
,IAG@I]]fo,6,1905,,,false,4
,IAG@I]]fo,7,1482,,,false,4
,IAG@I]]fo,8,1976,,,false,4
,IAG@I]]fo,9,1905,,,false,4
,IAGGaKefw,0,1905,,,false,3
,IAGGaKefw,1,1905,,,false,3
,IAGGaKefw,2,1905,,,false,3
,IAGGaKefw,3,1976,,,false,3
,IAGGaKefw,4,1976,,,false,3
,IAGGaKefw,5,1905,,,false,3
,IAGGaKefw,6,1976,,,false,3
,IAGGaKefw,7,1905,,,false,3
,IAGGaKefw,8,1411,,,false,3
,IAGGaKefw,9,1905,,,false,3
,IAKPY^vzo,0,2400,,,false,5
,IAKPY^vzo,1,2399,,,false,5
,IAKPY^vzo,2,1976,,,false,5
,IAKPY^vzo,3,1976,,,false,5
,IAKPY^vzo,4,2470,,,false,5
,IAKPY^vzo,5,2329,,,false,5
,IAKPY^vzo,6,2258,,,false,5
,IAKPY^vzo,7,1906,,,false,5
,IAKPY^vzo,8,1906,,,false,5
,IAKPY^vzo,9,1976,,,false,5
,IAl`g|N{w,0,2400,,,false,6
,IAl`g|N{w,1,1976,,,false,6
,IAl`g|N{w,2,2470,,,false,6
,IAl`g|N{w,3,1905,,,false,6
,IAl`g|N{w,4,2329,,,false,6
,IAl`g|N{w,5,2400,,,false,6
,IAl`g|N{w,6,2470,,,false,6
,IAl`g|N{w,7,1976,,,false,6
,IAl`g|N{w,8,2399,,,false,6
,IAl`g|N{w,9,1906,,,false,6
,IC?`O|]Vo,0,2399,,,false,4
,IC?`O|]Vo,1,1905,,,false,4
,IC?`O|]Vo,2,1905,,,false,4
,IC?`O|]Vo,3,1905,,,false,4
,IC?`O|]Vo,4,1976,,,false,4
,IC?`O|]Vo,5,1906,,,false,4
,IC?`O|]Vo,6,1905,,,false,4
,IC?`O|]Vo,7,2329,,,false,4
,IC?`O|]Vo,8,1906,,,false,4
,IC?`O|]Vo,9,1976,,,false,4
,IC?`Px]Vo,0,2399,,,false,4
,IC?`Px]Vo,1,1905,,,false,4
,IC?`Px]Vo,2,1976,,,false,4
,IC?`Px]Vo,3,1906,,,false,4
,IC?`Px]Vo,4,1905,,,false,4
,IC?`Px]Vo,5,1906,,,false,4
,IC?`Px]Vo,6,1905,,,false,4
,IC?`Px]Vo,7,1975,,,false,4
,IC?`Px]Vo,8,1482,,,false,4
,IC?`Px]Vo,9,1975,,,false,4
,IC@@oK\YW,0,1905,,,false,3
,IC@@oK\YW,1,1975,,,false,3
,IC@@oK\YW,2,1905,,,false,3
,IC@@oK\YW,3,1905,,,false,3
,IC@@oK\YW,4,1906,,,false,3
,IC@@oK\YW,5,1906,,,false,3
,IC@@oK\YW,6,1976,,,false,3
,IC@@oK\YW,7,1975,,,false,3
,IC@@oK\YW,8,1976,,,false,3
,IC@@oK\YW,9,1976,,,false,3
,IC@xo|zjw,0,2399,,,false,5
,IC@xo|zjw,1,1905,,,false,5
,IC@xo|zjw,2,2400,,,false,5
,IC@xo|zjw,3,1906,,,false,5
,IC@xo|zjw,4,2399,,,false,5
,IC@xo|zjw,5,1975,,,false,5
,IC@xo|zjw,6,1835,,,false,5
,IC@xo|zjw,7,1976,,,false,5
,IC@xo|zjw,8,1905,,,false,5
,IC@xo|zjw,9,2399,,,false,5
,ICCAHGJzG,0,1976,,,false,3
,ICCAHGJzG,1,1976,,,false,3
,ICCAHGJzG,2,1905,,,false,3
,ICCAHGJzG,3,1482,,,false,3
,ICCAHGJzG,4,1906,,,false,3
,ICCAHGJzG,5,2400,,,false,3
,ICCAHGJzG,6,1906,,,false,3
,ICCAHGJzG,7,1976,,,false,3
,ICCAHGJzG,8,1976,,,false,3
,ICCAHGJzG,9,1976,,,false,3
,ICCGQCvXo,0,1976,,,false,3
,ICCGQCvXo,1,1482,,,false,3
,ICCGQCvXo,2,1905,,,false,3
,ICCGQCvXo,3,1905,,,false,3
,ICCGQCvXo,4,1976,,,false,3
,ICCGQCvXo,5,1906,,,false,3
,ICCGQCvXo,6,1905,,,false,3
,ICCGQCvXo,7,1905,,,false,3
,ICCGQCvXo,8,1905,,,false,3
,ICCGQCvXo,9,1835,,,false,3
,ICGOIUcQg,0,1906,,,false,3
,ICGOIUcQg,1,1905,,,false,3
,ICGOIUcQg,2,1905,,,false,3
,ICGOIUcQg,3,1905,,,false,3
,ICGOIUcQg,4,1976,,,false,3
,ICGOIUcQg,5,1976,,,false,3
,ICGOIUcQg,6,1905,,,false,3
,ICGOIUcQg,7,1976,,,false,3
,ICGOIUcQg,8,1835,,,false,3
,ICGOIUcQg,9,1906,,,false,3
,ICN@G\rqw,0,2328,,,false,5
,ICN@G\rqw,1,2399,,,false,5
,ICN@G\rqw,2,2400,,,false,5
,ICN@G\rqw,3,1976,,,false,5
,ICN@G\rqw,4,1905,,,false,5
,ICN@G\rqw,5,1905,,,false,5
,ICN@G\rqw,6,1905,,,false,5
,ICN@G\rqw,7,1976,,,false,5
,ICN@G\rqw,8,1976,,,false,5
,ICN@G\rqw,9,1411,,,false,5
,IC\P[^vzo,0,2893,,,false,5
,IC\P[^vzo,1,2400,,,false,5
,IC\P[^vzo,2,2328,,,false,5
,IC\P[^vzo,3,2399,,,false,5
,IC\P[^vzo,4,1976,,,false,5
,IC\P[^vzo,5,2399,,,false,5
,IC\P[^vzo,6,2329,,,false,5
,IC\P[^vzo,7,2399,,,false,5
,IC\P[^vzo,8,1976,,,false,5
,IC\P[^vzo,9,1976,,,false,5
,ID?GGpFIw,0,2399,,,false,3
,ID?GGpFIw,1,1976,,,false,3
,ID?GGpFIw,2,1976,,,false,3
,ID?GGpFIw,3,1976,,,false,3
,ID?GGpFIw,4,1482,,,false,3
,ID?GGpFIw,5,1905,,,false,3
,ID?GGpFIw,6,1905,,,false,3
,ID?GGpFIw,7,1906,,,false,3
,ID?GGpFIw,8,1906,,,false,3
,ID?GGpFIw,9,1905,,,false,3
,ID@@xW\Qw,0,1976,,,false,4
,ID@@xW\Qw,1,1976,,,false,4
,ID@@xW\Qw,2,1905,,,false,4
,ID@@xW\Qw,3,1905,,,false,4
,ID@@xW\Qw,4,1905,,,false,4
,ID@@xW\Qw,5,1976,,,false,4
,ID@@xW\Qw,6,1976,,,false,4
,ID@@xW\Qw,7,1905,,,false,4
,ID@@xW\Qw,8,1905,,,false,4
,ID@@xW\Qw,9,1976,,,false,4
,IDG@I\]Fo,0,2399,,,false,4
,IDG@I\]Fo,1,1905,,,false,4
,IDG@I\]Fo,2,1905,,,false,4
,IDG@I\]Fo,3,1976,,,false,4
,IDG@I\]Fo,4,1976,,,false,4
,IDG@I\]Fo,5,1905,,,false,4
,IDG@I\]Fo,6,1905,,,false,4
,IDG@I\]Fo,7,1905,,,false,4
,IDG@I\]Fo,8,1976,,,false,4
,IDG@I\]Fo,9,1905,,,false,4
,IG??_SFnw,0,1976,,,false,3
,IG??_SFnw,1,1976,,,false,3
,IG??_SFnw,2,1905,,,false,3
,IG??_SFnw,3,1976,,,false,3
,IG??_SFnw,4,1976,,,false,3
,IG??_SFnw,5,1905,,,false,3
,IG??_SFnw,6,1905,,,false,3
,IG??_SFnw,7,2329,,,false,3
,IG??_SFnw,8,1976,,,false,3
,IG??_SFnw,9,1482,,,false,3
,IG?G_gJhg,0,2470,,,false,3
,IG?G_gJhg,1,1976,,,false,3
,IG?G_gJhg,2,1976,,,false,3
,IG?G_gJhg,3,1835,,,false,3
,IG?G_gJhg,4,1906,,,false,3
,IG?G_gJhg,5,1906,,,false,3
,IG?G_gJhg,6,1976,,,false,3
,IG?G_gJhg,7,1976,,,false,3
,IG?G_gJhg,8,1906,,,false,3
,IG?G_gJhg,9,1905,,,false,3
,IG?Gigjf_,0,2399,,,false,4
,IG?Gigjf_,1,1905,,,false,4
,IG?Gigjf_,2,1905,,,false,4
,IG?Gigjf_,3,1482,,,false,4
,IG?Gigjf_,4,1905,,,false,4
,IG?Gigjf_,5,1976,,,false,4
,IG?Gigjf_,6,2399,,,false,4
,IG?Gigjf_,7,2399,,,false,4
,IG?Gigjf_,8,2399,,,false,4
,IG?Gigjf_,9,1975,,,false,4
,IG?Gigj}W,0,1906,,,false,4
,IG?Gigj}W,1,2399,,,false,4
,IG?Gigj}W,2,1976,,,false,4
,IG?Gigj}W,3,1906,,,false,4
,IG?Gigj}W,4,2329,,,false,4
,IG?Gigj}W,5,1906,,,false,4
,IG?Gigj}W,6,1906,,,false,4
,IG?Gigj}W,7,1905,,,false,4
,IG?Gigj}W,8,1482,,,false,4
,IG?Gigj}W,9,1976,,,false,4
,IG?QX}}no,0,2470,,,false,4
,IG?QX}}no,1,2399,,,false,4
,IG?QX}}no,2,1905,,,false,4
,IG?QX}}no,3,1835,,,false,4
,IG?QX}}no,4,2399,,,false,4
,IG?QX}}no,5,1905,,,false,4
,IG?QX}}no,6,2470,,,false,4
,IG?QX}}no,7,1976,,,false,4
,IG?QX}}no,8,1905,,,false,4
,IG?QX}}no,9,2328,,,false,4
,IG?XPYVUw,0,2399,,,false,4
,IG?XPYVUw,1,1906,,,false,4
,IG?XPYVUw,2,1906,,,false,4
,IG?XPYVUw,3,1976,,,false,4
,IG?XPYVUw,4,1976,,,false,4
,IG?XPYVUw,5,1835,,,false,4
,IG?XPYVUw,6,2400,,,false,4
,IG?XPYVUw,7,1905,,,false,4
,IG?XPYVUw,8,1905,,,false,4
,IG?XPYVUw,9,1905,,,false,4
,IG?oYMZMo,0,2399,,,false,4
,IG?oYMZMo,1,1976,,,false,4
,IG?oYMZMo,2,1906,,,false,4
,IG?oYMZMo,3,1905,,,false,4
,IG?oYMZMo,4,1905,,,false,4
,IG?oYMZMo,5,1976,,,false,4
,IG?oYMZMo,6,1976,,,false,4
,IG?oYMZMo,7,1976,,,false,4
,IG?oYMZMo,8,2400,,,false,4
,IG?oYMZMo,9,1835,,,false,4
,IG@@gyJfG,0,2399,,,false,3
,IG@@gyJfG,1,1835,,,false,3
,IG@@gyJfG,2,1834,,,false,3
,IG@@gyJfG,3,2399,,,false,3
,IG@@gyJfG,4,1905,,,false,3
,IG@@gyJfG,5,1976,,,false,3
,IG@@gyJfG,6,1906,,,false,3
,IG@@gyJfG,7,1905,,,false,3
,IG@@gyJfG,8,1905,,,false,3
,IG@@gyJfG,9,1905,,,false,3
,IGC@?gNbo,0,1906,,,false,3
,IGC@?gNbo,1,1906,,,false,3
,IGC@?gNbo,2,1976,,,false,3
,IGC@?gNbo,3,1482,,,false,3
,IGC@?gNbo,4,1906,,,false,3
,IGC@?gNbo,5,1906,,,false,3
,IGC@?gNbo,6,1905,,,false,3
,IGC@?gNbo,7,2399,,,false,3
,IGC@?gNbo,8,1905,,,false,3
,IGC@?gNbo,9,1905,,,false,3
,IGCOQmmjo,0,2469,,,false,4
,IGCOQmmjo,1,1905,,,false,4
,IGCOQmmjo,2,1905,,,false,4
,IGCOQmmjo,3,1976,,,false,4
,IGCOQmmjo,4,1906,,,false,4
,IGCOQmmjo,5,2470,,,false,4
,IGCOQmmjo,6,2399,,,false,4
,IGCOQmmjo,7,1906,,,false,4
,IGCOQmmjo,8,1835,,,false,4
,IGCOQmmjo,9,1975,,,false,4
,IGCP?\EeW,0,2329,,,false,3
,IGCP?\EeW,1,1976,,,false,3
,IGCP?\EeW,2,1906,,,false,3
,IGCP?\EeW,3,1976,,,false,3
,IGCP?\EeW,4,1905,,,false,3
,IGCP?\EeW,5,1906,,,false,3
,IGCP?\EeW,6,1835,,,false,3
,IGCP?\EeW,7,1976,,,false,3
,IGCP?\EeW,8,1976,,,false,3
,IGCP?\EeW,9,1976,,,false,3
,IGCaKORBW,0,2399,,,false,3
,IGCaKORBW,1,1905,,,false,3
,IGCaKORBW,2,1976,,,false,3
,IGCaKORBW,3,1976,,,false,3
,IGCaKORBW,4,1976,,,false,3
,IGCaKORBW,5,1905,,,false,3
,IGCaKORBW,6,1905,,,false,3
,IGCaKORBW,7,1906,,,false,3
,IGCaKORBW,8,1906,,,false,3
,IGCaKORBW,9,1905,,,false,3
,IGCcYWVKw,0,1976,,,false,4
,IGCcYWVKw,1,1906,,,false,4
,IGCcYWVKw,2,1905,,,false,4
,IGCcYWVKw,3,1905,,,false,4
,IGCcYWVKw,4,1905,,,false,4
,IGCcYWVKw,5,1906,,,false,4
,IGCcYWVKw,6,1976,,,false,4
,IGCcYWVKw,7,1905,,,false,4
,IGCcYWVKw,8,1905,,,false,4
,IGCcYWVKw,9,1906,,,false,4
,IGCgQmYHw,0,2400,,,false,4
,IGCgQmYHw,1,1976,,,false,4
,IGCgQmYHw,2,1905,,,false,4
,IGCgQmYHw,3,1906,,,false,4
,IGCgQmYHw,4,1976,,,false,4
,IGCgQmYHw,5,2328,,,false,4
,IGCgQmYHw,6,1905,,,false,4
,IGCgQmYHw,7,1905,,,false,4
,IGCgQmYHw,8,1906,,,false,4
,IGCgQmYHw,9,1976,,,false,4
,IGCiYkvmw,0,2470,,,false,5
,IGCiYkvmw,1,2470,,,false,5
,IGCiYkvmw,2,1976,,,false,5
,IGCiYkvmw,3,1905,,,false,5
,IGCiYkvmw,4,1835,,,false,5
,IGCiYkvmw,5,1905,,,false,5
,IGCiYkvmw,6,1905,,,false,5
,IGCiYkvmw,7,1976,,,false,5
,IGCiYkvmw,8,1906,,,false,5
,IGCiYkvmw,9,1906,,,false,5
,IGDKQkmKw,0,2470,,,false,4
,IGDKQkmKw,1,1905,,,false,4
,IGDKQkmKw,2,2329,,,false,4
,IGDKQkmKw,3,1905,,,false,4
,IGDKQkmKw,4,1976,,,false,4
,IGDKQkmKw,5,1906,,,false,4
,IGDKQkmKw,6,1905,,,false,4
,IGDKQkmKw,7,1905,,,false,4
,IGDKQkmKw,8,1906,,,false,4
,IGDKQkmKw,9,1906,,,false,4
,IGDPQ[umW,0,2470,,,false,5
,IGDPQ[umW,1,1905,,,false,5
,IGDPQ[umW,2,2400,,,false,5
,IGDPQ[umW,3,2470,,,false,5
,IGDPQ[umW,4,2399,,,false,5
,IGDPQ[umW,5,1905,,,false,5
,IGDPQ[umW,6,1905,,,false,5
,IGDPQ[umW,7,1906,,,false,5
,IGDPQ[umW,8,2470,,,false,5
,IGDPQ[umW,9,1905,,,false,5
,IGDQXkn~w,0,1976,,,false,5
,IGDQXkn~w,1,2400,,,false,5
,IGDQXkn~w,2,1905,,,false,5
,IGDQXkn~w,3,1906,,,false,5
,IGDQXkn~w,4,1906,,,false,5
,IGDQXkn~w,5,1976,,,false,5
,IGDQXkn~w,6,2470,,,false,5
,IGDQXkn~w,7,1976,,,false,5
,IGDQXkn~w,8,1834,,,false,5
,IGDQXkn~w,9,1835,,,false,5
,IGEY`TNLw,0,2399,,,false,4
,IGEY`TNLw,1,2329,,,false,4
,IGEY`TNLw,2,1975,,,false,4
,IGEY`TNLw,3,2400,,,false,4
,IGEY`TNLw,4,1976,,,false,4
,IGEY`TNLw,5,2470,,,false,4
,IGEY`TNLw,6,1976,,,false,4
,IGEY`TNLw,7,1906,,,false,4
,IGEY`TNLw,8,1976,,,false,4
,IGEY`TNLw,9,2399,,,false,4
,IG_GGsqPW,0,2400,,,false,3
,IG_GGsqPW,1,1976,,,false,3
,IG_GGsqPW,2,1905,,,false,3
,IG_GGsqPW,3,1905,,,false,3
,IG_GGsqPW,4,1976,,,false,3
,IG_GGsqPW,5,1976,,,false,3
,IG_GGsqPW,6,1976,,,false,3
,IG_GGsqPW,7,1976,,,false,3
,IG_GGsqPW,8,1976,,,false,3
,IG_GGsqPW,9,1905,,,false,3
,IHCHhXVqw,0,1976,,,false,5
,IHCHhXVqw,1,2329,,,false,5
,IHCHhXVqw,2,1905,,,false,5
,IHCHhXVqw,3,1976,,,false,5
,IHCHhXVqw,4,1976,,,false,5
,IHCHhXVqw,5,2470,,,false,5
,IHCHhXVqw,6,1906,,,false,5
,IHCHhXVqw,7,2329,,,false,5
,IHCHhXVqw,8,1906,,,false,5
,IHCHhXVqw,9,1976,,,false,5
,IHEGiKjqw,0,2399,,,false,5
,IHEGiKjqw,1,1834,,,false,5
,IHEGiKjqw,2,1905,,,false,5
,IHEGiKjqw,3,1976,,,false,5
,IHEGiKjqw,4,1976,,,false,5
,IHEGiKjqw,5,2399,,,false,5
,IHEGiKjqw,6,2400,,,false,5
,IHEGiKjqw,7,1905,,,false,5
,IHEGiKjqw,8,1976,,,false,5
,IHEGiKjqw,9,1906,,,false,5
,IHIRYw^uw,0,1975,,,false,5
,IHIRYw^uw,1,2399,,,false,5
,IHIRYw^uw,2,1905,,,false,5
,IHIRYw^uw,3,1906,,,false,5
,IHIRYw^uw,4,1905,,,false,5
,IHIRYw^uw,5,2399,,,false,5
,IHIRYw^uw,6,2400,,,false,5
,IHIRYw^uw,7,1906,,,false,5
,IHIRYw^uw,8,1905,,,false,5
,IHIRYw^uw,9,1905,,,false,5
,IKGOOLH`g,0,1976,,,false,3
,IKGOOLH`g,1,1975,,,false,3
,IKGOOLH`g,2,1905,,,false,3
,IKGOOLH`g,3,1976,,,false,3
,IKGOOLH`g,4,1975,,,false,3
,IKGOOLH`g,5,1906,,,false,3
,IKGOOLH`g,6,1906,,,false,3
,IKGOOLH`g,7,2399,,,false,3
,IKGOOLH`g,8,1976,,,false,3
,IKGOOLH`g,9,1906,,,false,3
,IKGQWyfUw,0,1905,,,false,4
,IKGQWyfUw,1,1976,,,false,4
,IKGQWyfUw,2,1906,,,false,4
,IKGQWyfUw,3,1835,,,false,4
,IKGQWyfUw,4,2399,,,false,4
,IKGQWyfUw,5,1976,,,false,4
,IKGQWyfUw,6,1975,,,false,4
,IKGQWyfUw,7,2400,,,false,4
,IKGQWyfUw,8,1905,,,false,4
,IKGQWyfUw,9,1905,,,false,4
,IKGxctNrg,0,2470,,,false,5
,IKGxctNrg,1,1976,,,false,5
,IKGxctNrg,2,2328,,,false,5
,IKGxctNrg,3,2470,,,false,5
,IKGxctNrg,4,1976,,,false,5
,IKGxctNrg,5,1834,,,false,5
,IKGxctNrg,6,1976,,,false,5
,IKGxctNrg,7,2329,,,false,5
,IKGxctNrg,8,1976,,,false,5
,IKGxctNrg,9,2399,,,false,5
,IOH?IeYFo,0,2399,,,false,3
,IOH?IeYFo,1,1976,,,false,3
,IOH?IeYFo,2,1906,,,false,3
,IOH?IeYFo,3,1905,,,false,3
,IOH?IeYFo,4,1906,,,false,3
,IOH?IeYFo,5,2329,,,false,3
,IOH?IeYFo,6,1906,,,false,3
,IOH?IeYFo,7,1976,,,false,3
,IOH?IeYFo,8,2399,,,false,3
,IOH?IeYFo,9,1906,,,false,3
,IOOWQKzLo,0,2469,,,false,4
,IOOWQKzLo,1,1906,,,false,4
,IOOWQKzLo,2,1906,,,false,4
,IOOWQKzLo,3,1906,,,false,4
,IOOWQKzLo,4,1906,,,false,4
,IOOWQKzLo,5,1976,,,false,4
,IOOWQKzLo,6,1905,,,false,4
,IOOWQKzLo,7,1906,,,false,4
,IOOWQKzLo,8,2328,,,false,4
,IOOWQKzLo,9,1905,,,false,4
,IOOoo\F[w,0,2258,,,false,4
,IOOoo\F[w,1,1906,,,false,4
,IOOoo\F[w,2,1906,,,false,4
,IOOoo\F[w,3,2470,,,false,4
,IOOoo\F[w,4,1975,,,false,4
,IOOoo\F[w,5,1906,,,false,4
,IOOoo\F[w,6,1835,,,false,4
,IOOoo\F[w,7,1905,,,false,4
,IOOoo\F[w,8,1905,,,false,4
,IOOoo\F[w,9,1976,,,false,4
,IOQ@I_ZFo,0,1905,,,false,3
,IOQ@I_ZFo,1,1976,,,false,3
,IOQ@I_ZFo,2,1976,,,false,3
,IOQ@I_ZFo,3,1905,,,false,3
,IOQ@I_ZFo,4,1905,,,false,3
,IOQ@I_ZFo,5,1905,,,false,3
,IOQ@I_ZFo,6,1976,,,false,3
,IOQ@I_ZFo,7,1905,,,false,3
,IOQ@I_ZFo,8,1976,,,false,3
,IOQ@I_ZFo,9,1905,,,false,3
,IP?Oq[{Rg,0,2400,,,false,4
,IP?Oq[{Rg,1,1905,,,false,4
,IP?Oq[{Rg,2,1905,,,false,4
,IP?Oq[{Rg,3,1905,,,false,4
,IP?Oq[{Rg,4,2470,,,false,4
,IP?Oq[{Rg,5,1976,,,false,4
,IP?Oq[{Rg,6,1976,,,false,4
,IP?Oq[{Rg,7,1835,,,false,4
,IP?Oq[{Rg,8,1905,,,false,4
,IP?Oq[{Rg,9,2400,,,false,4
,IQCpQ[Vbg,0,2329,,,false,4
,IQCpQ[Vbg,1,1976,,,false,4
,IQCpQ[Vbg,2,1976,,,false,4
,IQCpQ[Vbg,3,2470,,,false,4
,IQCpQ[Vbg,4,1976,,,false,4
,IQCpQ[Vbg,5,1835,,,false,4
,IQCpQ[Vbg,6,1835,,,false,4
,IQCpQ[Vbg,7,1976,,,false,4
,IQCpQ[Vbg,8,1905,,,false,4
,IQCpQ[Vbg,9,1976,,,false,4
,IQGYKOjDw,0,2399,,,false,3
,IQGYKOjDw,1,1976,,,false,3
,IQGYKOjDw,2,1835,,,false,3
,IQGYKOjDw,3,1976,,,false,3
,IQGYKOjDw,4,1976,,,false,3
,IQGYKOjDw,5,2399,,,false,3
,IQGYKOjDw,6,1976,,,false,3
,IQGYKOjDw,7,1976,,,false,3
,IQGYKOjDw,8,1905,,,false,3
,IQGYKOjDw,9,1906,,,false,3
,IQXto}\rw,0,2400,,,false,6
,IQXto}\rw,1,1976,,,false,6
,IQXto}\rw,2,1905,,,false,6
,IQXto}\rw,3,2399,,,false,6
,IQXto}\rw,4,1976,,,false,6
,IQXto}\rw,5,2399,,,false,6
,IQXto}\rw,6,2329,,,false,6
,IQXto}\rw,7,1905,,,false,6
,IQXto}\rw,8,2399,,,false,6
,IQXto}\rw,9,1906,,,false,6
,I_Cj?mJ[W,0,2399,,,false,4
,I_Cj?mJ[W,1,1976,,,false,4
,I_Cj?mJ[W,2,1976,,,false,4
,I_Cj?mJ[W,3,1906,,,false,4
,I_Cj?mJ[W,4,1835,,,false,4
,I_Cj?mJ[W,5,1906,,,false,4
,I_Cj?mJ[W,6,1976,,,false,4
,I_Cj?mJ[W,7,1906,,,false,4
,I_Cj?mJ[W,8,10586,,,false,4
,I_Cj?mJ[W,9,1412,,,false,4
,I_Cj?mJ\W,0,2399,,,false,4
,I_Cj?mJ\W,1,1905,,,false,4
,I_Cj?mJ\W,2,1905,,,false,4
,I_Cj?mJ\W,3,1976,,,false,4
,I_Cj?mJ\W,4,1976,,,false,4
,I_Cj?mJ\W,5,1906,,,false,4
,I_Cj?mJ\W,6,1976,,,false,4
,I_Cj?mJ\W,7,1976,,,false,4
,I_Cj?mJ\W,8,1906,,,false,4
,I_Cj?mJ\W,9,1835,,,false,4
,I_GZ?uF\W,0,2328,,,false,4
,I_GZ?uF\W,1,2399,,,false,4
,I_GZ?uF\W,2,1976,,,false,4
,I_GZ?uF\W,3,1976,,,false,4
,I_GZ?uF\W,4,1976,,,false,4
,I_GZ?uF\W,5,1905,,,false,4
,I_GZ?uF\W,6,1906,,,false,4
,I_GZ?uF\W,7,1906,,,false,4
,I_GZ?uF\W,8,1906,,,false,4
,I_GZ?uF\W,9,1905,,,false,4
,I_Hpc\^]o,0,2470,,,false,5
,I_Hpc\^]o,1,1905,,,false,5
,I_Hpc\^]o,2,1905,,,false,5
,I_Hpc\^]o,3,2399,,,false,5
,I_Hpc\^]o,4,1905,,,false,5
,I_Hpc\^]o,5,1906,,,false,5
,I_Hpc\^]o,6,2470,,,false,5
,I_Hpc\^]o,7,1905,,,false,5
,I_Hpc\^]o,8,1976,,,false,5
,I_Hpc\^]o,9,2399,,,false,5
,I_L?Xc\`w,0,1905,,,false,3
,I_L?Xc\`w,1,1906,,,false,3
,I_L?Xc\`w,2,1905,,,false,3
,I_L?Xc\`w,3,2400,,,false,3
,I_L?Xc\`w,4,1482,,,false,3
,I_L?Xc\`w,5,1976,,,false,3
,I_L?Xc\`w,6,1835,,,false,3
,I_L?Xc\`w,7,2329,,,false,3
,I_L?Xc\`w,8,1905,,,false,3
,I_L?Xc\`w,9,1976,,,false,3
,I_O_`_Nbo,0,1975,,,false,3
,I_O_`_Nbo,1,1906,,,false,3
,I_O_`_Nbo,2,1976,,,false,3
,I_O_`_Nbo,3,1976,,,false,3
,I_O_`_Nbo,4,1906,,,false,3
,I_O_`_Nbo,5,1976,,,false,3
,I_O_`_Nbo,6,1411,,,false,3
,I_O_`_Nbo,7,2399,,,false,3
,I_O_`_Nbo,8,1905,,,false,3
,I_O_`_Nbo,9,1976,,,false,3
,I_P`c[]MW,0,2400,,,false,4
,I_P`c[]MW,1,1976,,,false,4
,I_P`c[]MW,2,1906,,,false,4
,I_P`c[]MW,3,1906,,,false,4
,I_P`c[]MW,4,1906,,,false,4
,I_P`c[]MW,5,1905,,,false,4
,I_P`c[]MW,6,1976,,,false,4
,I_P`c[]MW,7,2399,,,false,4
,I_P`c[]MW,8,1905,,,false,4
,I_P`c[]MW,9,1834,,,false,4
,I`?OYClew,0,1835,,,false,3
,I`?OYClew,1,1906,,,false,3
,I`?OYClew,2,1906,,,false,3
,I`?OYClew,3,1905,,,false,3
,I`?OYClew,4,1976,,,false,3
,I`?OYClew,5,1905,,,false,3
,I`?OYClew,6,1905,,,false,3
,I`?OYClew,7,1905,,,false,3
,I`?OYClew,8,1905,,,false,3
,I`?OYClew,9,1976,,,false,3
,I`o|KtVYw,0,2400,,,false,5
,I`o|KtVYw,1,1906,,,false,5
,I`o|KtVYw,2,2470,,,false,5
,I`o|KtVYw,3,2399,,,false,5
,I`o|KtVYw,4,1906,,,false,5
,I`o|KtVYw,5,1905,,,false,5
,I`o|KtVYw,6,2399,,,false,5
,I`o|KtVYw,7,1905,,,false,5
,I`o|KtVYw,8,2470,,,false,5
,I`o|KtVYw,9,1975,,,false,5
,IqMu[|vZw,0,2399,,,false,7
,IqMu[|vZw,1,2399,,,false,7
,IqMu[|vZw,2,2399,,,false,7
,IqMu[|vZw,3,2400,,,false,7
,IqMu[|vZw,4,2399,,,false,7
,IqMu[|vZw,5,1905,,,false,7
,IqMu[|vZw,6,1976,,,false,7
,IqMu[|vZw,7,2329,,,false,7
,IqMu[|vZw,8,2399,,,false,7
,IqMu[|vZw,9,2399,,,false,7
,I???CtUJ_,0,1906,,,false,3
,I???CtUJ_,1,2399,,,false,3
,I???CtUJ_,2,1482,,,false,3
,I???CtUJ_,3,1976,,,false,3
,I???CtUJ_,4,1905,,,false,3
,I???CtUJ_,5,1906,,,false,3
,I???CtUJ_,6,1905,,,false,3
,I???CtUJ_,7,1975,,,false,3
,I???CtUJ_,8,1906,,,false,3
,I???CtUJ_,9,1976,,,false,3
,I?C?GWqoo,0,1976,,,false,2
,I?C?GWqoo,1,1905,,,false,2
,I?C?GWqoo,2,1975,,,false,2
,I?C?GWqoo,3,1411,,,false,2
,I?C?GWqoo,4,1482,,,false,2
,I?C?GWqoo,5,1905,,,false,2
,I?C?GWqoo,6,1835,,,false,2
,I?C?GWqoo,7,1976,,,false,2
,I?C?GWqoo,8,1975,,,false,2
,I?C?GWqoo,9,1906,,,false,2
,I???gWww?,0,1976,,,false,2
,I???gWww?,1,1976,,,false,2
,I???gWww?,2,1835,,,false,2
,I???gWww?,3,1482,,,false,2
,I???gWww?,4,1976,,,false,2
,I???gWww?,5,1976,,,false,2
,I???gWww?,6,1906,,,false,2
,I???gWww?,7,1905,,,false,2
,I???gWww?,8,1835,,,false,2
,I???gWww?,9,1905,,,false,2
,I}q@xw{Pw,0,2470,,,false,5
,I}q@xw{Pw,1,1976,,,false,5
,I}q@xw{Pw,2,1976,,,false,5
,I}q@xw{Pw,3,2470,,,false,5
,I}q@xw{Pw,4,2400,,,false,5
,I}q@xw{Pw,5,2400,,,false,5
,I}q@xw{Pw,6,1975,,,false,5
,I}q@xw{Pw,7,1905,,,false,5
,I}q@xw{Pw,8,1976,,,false,5
,I}q@xw{Pw,9,2823,,,false,5
,I?COeYiX_,0,2399,,,false,4
,I?COeYiX_,1,2399,,,false,4
,I?COeYiX_,2,1976,,,false,4
,I?COeYiX_,3,2470,,,false,4
,I?COeYiX_,4,1906,,,false,4
,I?COeYiX_,5,1976,,,false,4
,I?COeYiX_,6,1976,,,false,4
,I?COeYiX_,7,2329,,,false,4
,I?COeYiX_,8,1905,,,false,4
,I?COeYiX_,9,1905,,,false,4
,I`__a?H@g,0,2329,,,false,2
,I`__a?H@g,1,1905,,,false,2
,I`__a?H@g,2,1905,,,false,2
,I`__a?H@g,3,1906,,,false,2
,I`__a?H@g,4,1976,,,false,2
,I`__a?H@g,5,1905,,,false,2
,I`__a?H@g,6,1835,,,false,2
,I`__a?H@g,7,1905,,,false,2
,I`__a?H@g,8,1906,,,false,2
,I`__a?H@g,9,1976,,,false,2
,I?qkqsuXW,0,2470,,,false,4
,I?qkqsuXW,1,1906,,,false,4
,I?qkqsuXW,2,2400,,,false,4
,I?qkqsuXW,3,1835,,,false,4
,I?qkqsuXW,4,1976,,,false,4
,I?qkqsuXW,5,1905,,,false,4
,I?qkqsuXW,6,1976,,,false,4
,I?qkqsuXW,7,1976,,,false,4
,I?qkqsuXW,8,1976,,,false,4
,I?qkqsuXW,9,1905,,,false,4
,I??E@KZ~?,0,2400,,,false,3
,I??E@KZ~?,1,1835,,,false,3
,I??E@KZ~?,2,2399,,,false,3
,I??E@KZ~?,3,1905,,,false,3
,I??E@KZ~?,4,1906,,,false,3
,I??E@KZ~?,5,1975,,,false,3
,I??E@KZ~?,6,1905,,,false,3
,I??E@KZ~?,7,1905,,,false,3
,I??E@KZ~?,8,1905,,,false,3
,I??E@KZ~?,9,1835,,,false,3
,I??E@KZ~w,0,2399,,,false,3
,I??E@KZ~w,1,1906,,,false,3
,I??E@KZ~w,2,1906,,,false,3
,I??E@KZ~w,3,1975,,,false,3
,I??E@KZ~w,4,1905,,,false,3
,I??E@KZ~w,5,1835,,,false,3
,I??E@KZ~w,6,2329,,,false,3
,I??E@KZ~w,7,1905,,,false,3
,I??E@KZ~w,8,1976,,,false,3
,I??E@KZ~w,9,1975,,,false,3
,I_?__QF]?,0,1906,,,false,2
,I_?__QF]?,1,1976,,,false,2
,I_?__QF]?,2,1482,,,false,2
,I_?__QF]?,3,1976,,,false,2
,I_?__QF]?,4,1905,,,false,2
,I_?__QF]?,5,1905,,,false,2
,I_?__QF]?,6,1905,,,false,2
,I_?__QF]?,7,1906,,,false,2
,I_?__QF]?,8,1906,,,false,2
,I_?__QF]?,9,1905,,,false,2
,IcG@IGHCg,0,2399,,,false,3
,IcG@IGHCg,1,1906,,,false,3
,IcG@IGHCg,2,1906,,,false,3
,IcG@IGHCg,3,1834,,,false,3
,IcG@IGHCg,4,1905,,,false,3
,IcG@IGHCg,5,1905,,,false,3
,IcG@IGHCg,6,1976,,,false,3
,IcG@IGHCg,7,1905,,,false,3
,IcG@IGHCg,8,1976,,,false,3
,IcG@IGHCg,9,1482,,,false,3
,IukH@LFT_,0,2400,,,false,4
,IukH@LFT_,1,1905,,,false,4
,IukH@LFT_,2,2470,,,false,4
,IukH@LFT_,3,1905,,,false,4
,IukH@LFT_,4,1905,,,false,4
,IukH@LFT_,5,1835,,,false,4
,IukH@LFT_,6,1975,,,false,4
,IukH@LFT_,7,2400,,,false,4
,IukH@LFT_,8,1976,,,false,4
,IukH@LFT_,9,1905,,,false,4
,I}iAzg\Jg,0,2470,,,false,6
,I}iAzg\Jg,1,2399,,,false,6
,I}iAzg\Jg,2,1905,,,false,6
,I}iAzg\Jg,3,1905,,,false,6
,I}iAzg\Jg,4,1905,,,false,6
,I}iAzg\Jg,5,2399,,,false,6
,I}iAzg\Jg,6,2400,,,false,6
,I}iAzg\Jg,7,1834,,,false,6
,I}iAzg\Jg,8,2469,,,false,6
,I}iAzg\Jg,9,2329,,,false,6
,I??E@GW~?,0,2470,,,false,2
,I??E@GW~?,1,988,,,false,2
,I??E@GW~?,2,1412,,,false,2
,I??E@GW~?,3,1906,,,false,2
,I??E@GW~?,4,1976,,,false,2
,I??E@GW~?,5,1834,,,false,2
,I??E@GW~?,6,1976,,,false,2
,I??E@GW~?,7,1976,,,false,2
,I??E@GW~?,8,2399,,,false,2
,I??E@GW~?,9,1411,,,false,2
,I?hOGQRWo,0,2329,,,false,3
,I?hOGQRWo,1,1976,,,false,3
,I?hOGQRWo,2,1905,,,false,3
,I?hOGQRWo,3,2399,,,false,3
,I?hOGQRWo,4,1976,,,false,3
,I?hOGQRWo,5,1905,,,false,3
,I?hOGQRWo,6,1905,,,false,3
,I?hOGQRWo,7,1905,,,false,3
,I?hOGQRWo,8,1976,,,false,3
,I?hOGQRWo,9,1905,,,false,3
,I~?GW]pRg,0,2400,,,false,4
,I~?GW]pRg,1,2400,,,false,4
,I~?GW]pRg,2,1976,,,false,4
,I~?GW]pRg,3,2400,,,false,4
,I~?GW]pRg,4,1906,,,false,4
,I~?GW]pRg,5,1905,,,false,4
,I~?GW]pRg,6,2399,,,false,4
,I~?GW]pRg,7,1976,,,false,4
,I~?GW]pRg,8,1976,,,false,4
,I~?GW]pRg,9,1976,,,false,4
,I_hPOkrrw,0,2400,,,false,4
,I_hPOkrrw,1,1905,,,false,4
,I_hPOkrrw,2,1975,,,false,4
,I_hPOkrrw,3,1906,,,false,4
,I_hPOkrrw,4,1906,,,false,4
,I_hPOkrrw,5,9809,,,false,4
,I_hPOkrrw,6,988,,,false,4
,I_hPOkrrw,7,1412,,,false,4
,I_hPOkrrw,8,1906,,,false,4
,I_hPOkrrw,9,1905,,,false,4
,ICd@IgiFw,0,1976,,,false,3
,ICd@IgiFw,1,2400,,,false,3
,ICd@IgiFw,2,1976,,,false,3
,ICd@IgiFw,3,1905,,,false,3
,ICd@IgiFw,4,1976,,,false,3
,ICd@IgiFw,5,1905,,,false,3
,ICd@IgiFw,6,1976,,,false,3
,ICd@IgiFw,7,1905,,,false,3
,ICd@IgiFw,8,1975,,,false,3
,ICd@IgiFw,9,1976,,,false,3
,ITiZbTURW,0,2470,,,false,5
,ITiZbTURW,1,1905,,,false,5
,ITiZbTURW,2,2399,,,false,5
,ITiZbTURW,3,2328,,,false,5
,ITiZbTURW,4,2399,,,false,5
,ITiZbTURW,5,2399,,,false,5
,ITiZbTURW,6,1906,,,false,5
,ITiZbTURW,7,1905,,,false,5
,ITiZbTURW,8,1905,,,false,5
,ITiZbTURW,9,1906,,,false,5
,It?IQOeDO,0,1905,,,false,4
,It?IQOeDO,1,1905,,,false,4
,It?IQOeDO,2,1905,,,false,4
,It?IQOeDO,3,1976,,,false,4
,It?IQOeDO,4,2470,,,false,4
,It?IQOeDO,5,1835,,,false,4
,It?IQOeDO,6,1905,,,false,4
,It?IQOeDO,7,2329,,,false,4
,It?IQOeDO,8,1906,,,false,4
,It?IQOeDO,9,1905,,,false,4
,It?GYDKKO,0,1905,,,false,3
,It?GYDKKO,1,1976,,,false,3
,It?GYDKKO,2,1976,,,false,3
,It?GYDKKO,3,1905,,,false,3
,It?GYDKKO,4,1905,,,false,3
,It?GYDKKO,5,1905,,,false,3
,It?GYDKKO,6,1905,,,false,3
,It?GYDKKO,7,1905,,,false,3
,It?GYDKKO,8,1976,,,false,3
,It?GYDKKO,9,1905,,,false,3
,Is@@WoXX?,0,1976,,,false,3
,Is@@WoXX?,1,1905,,,false,3
,Is@@WoXX?,2,1905,,,false,3
,Is@@WoXX?,3,1905,,,false,3
,Is@@WoXX?,4,2329,,,false,3
,Is@@WoXX?,5,1976,,,false,3
,Is@@WoXX?,6,1976,,,false,3
,Is@@WoXX?,7,1975,,,false,3
,Is@@WoXX?,8,1906,,,false,3
,Is@@WoXX?,9,1905,,,false,3
,It?IQScDG,0,2329,,,false,3
,It?IQScDG,1,1835,,,false,3
,It?IQScDG,2,1905,,,false,3
,It?IQScDG,3,1976,,,false,3
,It?IQScDG,4,1976,,,false,3
,It?IQScDG,5,1976,,,false,3
,It?IQScDG,6,1905,,,false,3
,It?IQScDG,7,1835,,,false,3
,It?IQScDG,8,1905,,,false,3
,It?IQScDG,9,1906,,,false,3
,Is?GYWq[?,0,1905,,,false,3
,Is?GYWq[?,1,1905,,,false,3
,Is?GYWq[?,2,1906,,,false,3
,Is?GYWq[?,3,1906,,,false,3
,Is?GYWq[?,4,1905,,,false,3
,Is?GYWq[?,5,1482,,,false,3
,Is?GYWq[?,6,2399,,,false,3
,Is?GYWq[?,7,1906,,,false,3
,Is?GYWq[?,8,1482,,,false,3
,Is?GYWq[?,9,1905,,,false,3
,Is?HOlK[?,0,2470,,,false,3
,Is?HOlK[?,1,1976,,,false,3
,Is?HOlK[?,2,1905,,,false,3
,Is?HOlK[?,3,1905,,,false,3
,Is?HOlK[?,4,1905,,,false,3
,Is?HOlK[?,5,1906,,,false,3
,Is?HOlK[?,6,1976,,,false,3
,Is?HOlK[?,7,1905,,,false,3
,Is?HOlK[?,8,1976,,,false,3
,Is?HOlK[?,9,1905,,,false,3
,Is?OyOhX?,0,2399,,,false,4
,Is?OyOhX?,1,1906,,,false,4
,Is?OyOhX?,2,1906,,,false,4
,Is?OyOhX?,3,1906,,,false,4
,Is?OyOhX?,4,1976,,,false,4
,Is?OyOhX?,5,1905,,,false,4
,Is?OyOhX?,6,1905,,,false,4
,Is?OyOhX?,7,2329,,,false,4
,Is?OyOhX?,8,1905,,,false,4
,Is?OyOhX?,9,1905,,,false,4
,It?IIOiDO,0,2399,,,false,4
,It?IIOiDO,1,1976,,,false,4
,It?IIOiDO,2,1976,,,false,4
,It?IIOiDO,3,1905,,,false,4
,It?IIOiDO,4,1905,,,false,4
,It?IIOiDO,5,2399,,,false,4
,It?IIOiDO,6,1905,,,false,4
,It?IIOiDO,7,1976,,,false,4
,It?IIOiDO,8,1905,,,false,4
,It?IIOiDO,9,1905,,,false,4
,It?GW\_SG,0,2400,,,false,3
,It?GW\_SG,1,1906,,,false,3
,It?GW\_SG,2,1905,,,false,3
,It?GW\_SG,3,1905,,,false,3
,It?GW\_SG,4,1976,,,false,3
,It?GW\_SG,5,1976,,,false,3
,It?GW\_SG,6,1905,,,false,3
,It?GW\_SG,7,2399,,,false,3
,It?GW\_SG,8,1905,,,false,3
,It?GW\_SG,9,1976,,,false,3
,Is?GW\o[?,0,2399,,,false,3
,Is?GW\o[?,1,1905,,,false,3
,Is?GW\o[?,2,1906,,,false,3
,Is?GW\o[?,3,1976,,,false,3
,Is?GW\o[?,4,1905,,,false,3
,Is?GW\o[?,5,1411,,,false,3
,Is?GW\o[?,6,2399,,,false,3
,Is?GW\o[?,7,1905,,,false,3
,Is?GW\o[?,8,1976,,,false,3
,Is?GW\o[?,9,1976,,,false,3
,I?GQSHzlw,0,2400,,,false,3
,I?GQSHzlw,1,1976,,,false,3
,I?GQSHzlw,2,1906,,,false,3
,I?GQSHzlw,3,1905,,,false,3
,I?GQSHzlw,4,1835,,,false,3
,I?GQSHzlw,5,1905,,,false,3
,I?GQSHzlw,6,10655,,,false,3
,I?GQSHzlw,7,988,,,false,3
,I?GQSHzlw,8,1482,,,false,3
,I?GQSHzlw,9,988,,,false,3
,I?D@K`nfw,0,2399,,,false,3
,I?D@K`nfw,1,1905,,,false,3
,I?D@K`nfw,2,1905,,,false,3
,I?D@K`nfw,3,1905,,,false,3
,I?D@K`nfw,4,1905,,,false,3
,I?D@K`nfw,5,1976,,,false,3
,I?D@K`nfw,6,1905,,,false,3
,I?D@K`nfw,7,1976,,,false,3
,I?D@K`nfw,8,1906,,,false,3
,I?D@K`nfw,9,1905,,,false,3
,ISPDthnVo,0,2328,,,false,4
,ISPDthnVo,1,2399,,,false,4
,ISPDthnVo,2,1976,,,false,4
,ISPDthnVo,3,1905,,,false,4
,ISPDthnVo,4,2328,,,false,4
,ISPDthnVo,5,1905,,,false,4
,ISPDthnVo,6,2399,,,false,4
,ISPDthnVo,7,1976,,,false,4
,ISPDthnVo,8,2470,,,false,4
,ISPDthnVo,9,2399,,,false,4
,I?_Y@E^Zw,0,1976,,,false,3
,I?_Y@E^Zw,1,1835,,,false,3
,I?_Y@E^Zw,2,1835,,,false,3
,I?_Y@E^Zw,3,1906,,,false,3
,I?_Y@E^Zw,4,1905,,,false,3
,I?_Y@E^Zw,5,1905,,,false,3
,I?_Y@E^Zw,6,1482,,,false,3
,I?_Y@E^Zw,7,1976,,,false,3
,I?_Y@E^Zw,8,1906,,,false,3
,I?_Y@E^Zw,9,1976,,,false,3
,I??HOj?{?,0,1975,,,false,2
,I??HOj?{?,1,1906,,,false,2
,I??HOj?{?,2,1906,,,false,2
,I??HOj?{?,3,1905,,,false,2
,I??HOj?{?,4,1976,,,false,2
,I??HOj?{?,5,1906,,,false,2
,I??HOj?{?,6,1905,,,false,2
,I??HOj?{?,7,1906,,,false,2
,I??HOj?{?,8,1976,,,false,2
,I??HOj?{?,9,1906,,,false,2
,IQQ???fEo,0,2400,,,false,2
,IQQ???fEo,1,1976,,,false,2
,IQQ???fEo,2,1976,,,false,2
,IQQ???fEo,3,1906,,,false,2
,IQQ???fEo,4,1835,,,false,2
,IQQ???fEo,5,1482,,,false,2
,IQQ???fEo,6,2399,,,false,2
,IQQ???fEo,7,1906,,,false,2
,IQQ???fEo,8,1976,,,false,2
,IQQ???fEo,9,1905,,,false,2
,I@`CA?XH_,0,1976,,,false,2
,I@`CA?XH_,1,1976,,,false,2
,I@`CA?XH_,2,1905,,,false,2
,I@`CA?XH_,3,1976,,,false,2
,I@`CA?XH_,4,1905,,,false,2
,I@`CA?XH_,5,1906,,,false,2
,I@`CA?XH_,6,1976,,,false,2
,I@`CA?XH_,7,1905,,,false,2
,I@`CA?XH_,8,1905,,,false,2
,I@`CA?XH_,9,1905,,,false,2
,IqGOO?B@W,0,1905,,,false,2
,IqGOO?B@W,1,1906,,,false,2
,IqGOO?B@W,2,1975,,,false,2
,IqGOO?B@W,3,1905,,,false,2
,IqGOO?B@W,4,1976,,,false,2
,IqGOO?B@W,5,1482,,,false,2
,IqGOO?B@W,6,1905,,,false,2
,IqGOO?B@W,7,1905,,,false,2
,IqGOO?B@W,8,1905,,,false,2
,IqGOO?B@W,9,1905,,,false,2
,IqGO?CDAg,0,1975,,,false,2
,IqGO?CDAg,1,1906,,,false,2
,IqGO?CDAg,2,1906,,,false,2
,IqGO?CDAg,3,1905,,,false,2
,IqGO?CDAg,4,1906,,,false,2
,IqGO?CDAg,5,1976,,,false,2
,IqGO?CDAg,6,1905,,,false,2
,IqGO?CDAg,7,1906,,,false,2
,IqGO?CDAg,8,1482,,,false,2
,IqGO?CDAg,9,1905,,,false,2
,IoCQ@?EAW,0,1976,,,false,2
,IoCQ@?EAW,1,2399,,,false,2
,IoCQ@?EAW,2,1906,,,false,2
,IoCQ@?EAW,3,1906,,,false,2
,IoCQ@?EAW,4,1905,,,false,2
,IoCQ@?EAW,5,1905,,,false,2
,IoCQ@?EAW,6,1976,,,false,2
,IoCQ@?EAW,7,1905,,,false,2
,IoCQ@?EAW,8,1905,,,false,2
,IoCQ@?EAW,9,1834,,,false,2
,IK_PA?H@g,0,2329,,,false,2
,IK_PA?H@g,1,1906,,,false,2
,IK_PA?H@g,2,1906,,,false,2
,IK_PA?H@g,3,1905,,,false,2
,IK_PA?H@g,4,1976,,,false,2
,IK_PA?H@g,5,1976,,,false,2
,IK_PA?H@g,6,1905,,,false,2
,IK_PA?H@g,7,1834,,,false,2
,IK_PA?H@g,8,1905,,,false,2
,IK_PA?H@g,9,1976,,,false,2
,IqGO??FAo,0,1976,,,false,2
,IqGO??FAo,1,1976,,,false,2
,IqGO??FAo,2,1834,,,false,2
,IqGO??FAo,3,1976,,,false,2
,IqGO??FAo,4,1906,,,false,2
,IqGO??FAo,5,1412,,,false,2
,IqGO??FAo,6,1482,,,false,2
,IqGO??FAo,7,1976,,,false,2
,IqGO??FAo,8,1906,,,false,2
,IqGO??FAo,9,1906,,,false,2
,IWEA??LCo,0,2329,,,false,2
,IWEA??LCo,1,1905,,,false,2
,IWEA??LCo,2,1906,,,false,2
,IWEA??LCo,3,1906,,,false,2
,IWEA??LCo,4,1976,,,false,2
,IWEA??LCo,5,1905,,,false,2
,IWEA??LCo,6,1906,,,false,2
,IWEA??LCo,7,1905,,,false,2
,IWEA??LCo,8,1906,,,false,2
,IWEA??LCo,9,1905,,,false,2
,IK`@??LCo,0,1976,,,false,2
,IK`@??LCo,1,1905,,,false,2
,IK`@??LCo,2,1905,,,false,2
,IK`@??LCo,3,1976,,,false,2
,IK`@??LCo,4,1905,,,false,2
,IK`@??LCo,5,1835,,,false,2
,IK`@??LCo,6,1835,,,false,2
,IK`@??LCo,7,1976,,,false,2
,IK`@??LCo,8,987,,,false,2
,IK`@??LCo,9,1482,,,false,2
,I_GSA?MKO,0,1976,,,false,2
,I_GSA?MKO,1,1906,,,false,2
,I_GSA?MKO,2,1906,,,false,2
,I_GSA?MKO,3,1905,,,false,2
,I_GSA?MKO,4,1905,,,false,2
,I_GSA?MKO,5,1976,,,false,2
,I_GSA?MKO,6,1976,,,false,2
,I_GSA?MKO,7,1976,,,false,2
,I_GSA?MKO,8,1976,,,false,2
,I_GSA?MKO,9,1835,,,false,2
,Iq?HWzz|o,0,2400,,,false,4
,Iq?HWzz|o,1,2329,,,false,4
,Iq?HWzz|o,2,1835,,,false,4
,Iq?HWzz|o,3,2470,,,false,4
,Iq?HWzz|o,4,1976,,,false,4
,Iq?HWzz|o,5,1906,,,false,4
,Iq?HWzz|o,6,1906,,,false,4
,Iq?HWzz|o,7,2328,,,false,4
,Iq?HWzz|o,8,2399,,,false,4
,Iq?HWzz|o,9,1976,,,false,4
,I`_giVBN?,0,2400,,,false,3
,I`_giVBN?,1,2470,,,false,3
,I`_giVBN?,2,1976,,,false,3
,I`_giVBN?,3,1905,,,false,3
,I`_giVBN?,4,1905,,,false,3
,I`_giVBN?,5,1906,,,false,3
,I`_giVBN?,6,1905,,,false,3
,I`_giVBN?,7,1976,,,false,3
,I`_giVBN?,8,2400,,,false,3
,I`_giVBN?,9,1835,,,false,3
,I???F~}~_,0,1976,,,false,3
,I???F~}~_,1,1905,,,false,3
,I???F~}~_,2,1906,,,false,3
,I???F~}~_,3,1906,,,false,3
,I???F~}~_,4,1976,,,false,3
,I???F~}~_,5,2400,,,false,3
,I???F~}~_,6,1905,,,false,3
,I???F~}~_,7,1905,,,false,3
,I???F~}~_,8,2399,,,false,3
,I???F~}~_,9,1905,,,false,3
,I??F~z{~?,0,2329,,,false,4
,I??F~z{~?,1,2399,,,false,4
,I??F~z{~?,2,1905,,,false,4
,I??F~z{~?,3,1976,,,false,4
,I??F~z{~?,4,2400,,,false,4
,I??F~z{~?,5,2470,,,false,4
,I??F~z{~?,6,1905,,,false,4
,I??F~z{~?,7,1905,,,false,4
,I??F~z{~?,8,1976,,,false,4
,I??F~z{~?,9,1976,,,false,4
,I|v^BKzFw,0,2893,,,false,6
,I|v^BKzFw,1,2399,,,false,6
,I|v^BKzFw,2,2399,,,false,6
,I|v^BKzFw,3,2399,,,false,6
,I|v^BKzFw,4,2399,,,false,6
,I|v^BKzFw,5,2400,,,false,6
,I|v^BKzFw,6,2470,,,false,6
,I|v^BKzFw,7,2399,,,false,6
,I|v^BKzFw,8,2328,,,false,6
,I|v^BKzFw,9,2470,,,false,6
,I`?KQKSIG,0,2329,,,false,2
,I`?KQKSIG,1,1976,,,false,2
,I`?KQKSIG,2,1905,,,false,2
,I`?KQKSIG,3,1976,,,false,2
,I`?KQKSIG,4,1976,,,false,2
,I`?KQKSIG,5,1411,,,false,2
,I`?KQKSIG,6,1905,,,false,2
,I`?KQKSIG,7,1906,,,false,2
,I`?KQKSIG,8,1976,,,false,2
,I`?KQKSIG,9,1976,,,false,2
,I_Kpc\M{?,0,2399,,,false,5
,I_Kpc\M{?,1,1905,,,false,5
,I_Kpc\M{?,2,2399,,,false,5
,I_Kpc\M{?,3,1905,,,false,5
,I_Kpc\M{?,4,1906,,,false,5
,I_Kpc\M{?,5,2399,,,false,5
,I_Kpc\M{?,6,1905,,,false,5
,I_Kpc\M{?,7,1976,,,false,5
,I_Kpc\M{?,8,2470,,,false,5
,I_Kpc\M{?,9,2399,,,false,5
,I@_XIpbBw,0,2399,,,false,4
,I@_XIpbBw,1,1976,,,false,4
,I@_XIpbBw,2,1976,,,false,4
,I@_XIpbBw,3,1976,,,false,4
,I@_XIpbBw,4,1976,,,false,4
,I@_XIpbBw,5,1976,,,false,4
,I@_XIpbBw,6,1976,,,false,4
,I@_XIpbBw,7,1835,,,false,4
,I@_XIpbBw,8,1976,,,false,4
,I@_XIpbBw,9,2399,,,false,4
,ICOH@`E`o,0,1976,,,false,2
,ICOH@`E`o,1,1976,,,false,2
,ICOH@`E`o,2,1976,,,false,2
,ICOH@`E`o,3,1976,,,false,2
,ICOH@`E`o,4,1905,,,false,2
,ICOH@`E`o,5,1482,,,false,2
,ICOH@`E`o,6,1482,,,false,2
,ICOH@`E`o,7,1906,,,false,2
,ICOH@`E`o,8,1976,,,false,2
,ICOH@`E`o,9,1905,,,false,2
,I`r@pi^Zo,0,1976,,,false,4
,I`r@pi^Zo,1,1976,,,false,4
,I`r@pi^Zo,2,1906,,,false,4
,I`r@pi^Zo,3,1905,,,false,4
,I`r@pi^Zo,4,1976,,,false,4
,I`r@pi^Zo,5,1906,,,false,4
,I`r@pi^Zo,6,2399,,,false,4
,I`r@pi^Zo,7,1906,,,false,4
,I`r@pi^Zo,8,1905,,,false,4
,I`r@pi^Zo,9,1906,,,false,4
,I`IQUK~~_,0,2470,,,false,4
,I`IQUK~~_,1,2329,,,false,4
,I`IQUK~~_,2,2399,,,false,4
,I`IQUK~~_,3,1976,,,false,4
,I`IQUK~~_,4,2400,,,false,4
,I`IQUK~~_,5,1905,,,false,4
,I`IQUK~~_,6,1976,,,false,4
,I`IQUK~~_,7,1905,,,false,4
,I`IQUK~~_,8,2399,,,false,4
,I`IQUK~~_,9,1976,,,false,4
,IQhPW~euW,0,2893,,,false,4
,IQhPW~euW,1,1976,,,false,4
,IQhPW~euW,2,2400,,,false,4
,IQhPW~euW,3,2399,,,false,4
,IQhPW~euW,4,1976,,,false,4
,IQhPW~euW,5,988,,,false,4
,IQhPW~euW,6,1482,,,false,4
,IQhPW~euW,7,2399,,,false,4
,IQhPW~euW,8,1835,,,false,4
,IQhPW~euW,9,2470,,,false,4
,IEhcqkn~?,0,2399,,,false,5
,IEhcqkn~?,1,2399,,,false,5
,IEhcqkn~?,2,2400,,,false,5
,IEhcqkn~?,3,1976,,,false,5
,IEhcqkn~?,4,1905,,,false,5
,IEhcqkn~?,5,1905,,,false,5
,IEhcqkn~?,6,1905,,,false,5
,IEhcqkn~?,7,2328,,,false,5
,IEhcqkn~?,8,2399,,,false,5
,IEhcqkn~?,9,1976,,,false,5
,I_hPpnlv_,0,2470,,,false,5
,I_hPpnlv_,1,2400,,,false,5
,I_hPpnlv_,2,1976,,,false,5
,I_hPpnlv_,3,1905,,,false,5
,I_hPpnlv_,4,1905,,,false,5
,I_hPpnlv_,5,1906,,,false,5
,I_hPpnlv_,6,1976,,,false,5
,I_hPpnlv_,7,1976,,,false,5
,I_hPpnlv_,8,1905,,,false,5
,I_hPpnlv_,9,2399,,,false,5
,I`BHva^Zo,0,1905,,,false,4
,I`BHva^Zo,1,1976,,,false,4
,I`BHva^Zo,2,1906,,,false,4
,I`BHva^Zo,3,1975,,,false,4
,I`BHva^Zo,4,2470,,,false,4
,I`BHva^Zo,5,1905,,,false,4
,I`BHva^Zo,6,1905,,,false,4
,I`BHva^Zo,7,1976,,,false,4
,I`BHva^Zo,8,2399,,,false,4
,I`BHva^Zo,9,1976,,,false,4
,IQ??GVILW,0,1905,,,false,3
,IQ??GVILW,1,1906,,,false,3
,IQ??GVILW,2,1976,,,false,3
,IQ??GVILW,3,1905,,,false,3
,IQ??GVILW,4,1905,,,false,3
,IQ??GVILW,5,2329,,,false,3
,IQ??GVILW,6,1905,,,false,3
,IQ??GVILW,7,1976,,,false,3
,IQ??GVILW,8,1976,,,false,3
,IQ??GVILW,9,1905,,,false,3
,I??GhUiTW,0,1976,,,false,4
,I??GhUiTW,1,1905,,,false,4
,I??GhUiTW,2,1835,,,false,4
,I??GhUiTW,3,1905,,,false,4
,I??GhUiTW,4,1905,,,false,4
,I??GhUiTW,5,1976,,,false,4
,I??GhUiTW,6,2470,,,false,4
,I??GhUiTW,7,1976,,,false,4
,I??GhUiTW,8,1976,,,false,4
,I??GhUiTW,9,1906,,,false,4
,I~zLa[vFw,0,2399,,,false,6
,I~zLa[vFw,1,2399,,,false,6
,I~zLa[vFw,2,2399,,,false,6
,I~zLa[vFw,3,1976,,,false,6
,I~zLa[vFw,4,1976,,,false,6
,I~zLa[vFw,5,1906,,,false,6
,I~zLa[vFw,6,1976,,,false,6
,I~zLa[vFw,7,2399,,,false,6
,I~zLa[vFw,8,2470,,,false,6
,I~zLa[vFw,9,2470,,,false,6
,IK?CQKSIG,0,2400,,,false,3
,IK?CQKSIG,1,1975,,,false,3
,IK?CQKSIG,2,1905,,,false,3
,IK?CQKSIG,3,1905,,,false,3
,IK?CQKSIG,4,1905,,,false,3
,IK?CQKSIG,5,1482,,,false,3
,IK?CQKSIG,6,1976,,,false,3
,IK?CQKSIG,7,1905,,,false,3
,IK?CQKSIG,8,1482,,,false,3
,IK?CQKSIG,9,1905,,,false,3
,IS`AA?~No,0,2399,,,false,4
,IS`AA?~No,1,2329,,,false,4
,IS`AA?~No,2,1906,,,false,4
,IS`AA?~No,3,2470,,,false,4
,IS`AA?~No,4,1976,,,false,4
,IS`AA?~No,5,1976,,,false,4
,IS`AA?~No,6,1906,,,false,4
,IS`AA?~No,7,1834,,,false,4
,IS`AA?~No,8,1905,,,false,4
,IS`AA?~No,9,1905,,,false,4
,Io?WrAF]G,0,2399,,,false,3
,Io?WrAF]G,1,2329,,,false,3
,Io?WrAF]G,2,1976,,,false,3
,Io?WrAF]G,3,1975,,,false,3
,Io?WrAF]G,4,1905,,,false,3
,Io?WrAF]G,5,1976,,,false,3
,Io?WrAF]G,6,1906,,,false,3
,Io?WrAF]G,7,1906,,,false,3
,Io?WrAF]G,8,1905,,,false,3
,Io?WrAF]G,9,2399,,,false,3
,Is@ipr~~o,0,2399,,,false,6
,Is@ipr~~o,1,2329,,,false,6
,Is@ipr~~o,2,2470,,,false,6
,Is@ipr~~o,3,2399,,,false,6
,Is@ipr~~o,4,2470,,,false,6
,Is@ipr~~o,5,2400,,,false,6
,Is@ipr~~o,6,1905,,,false,6
,Is@ipr~~o,7,2329,,,false,6
,Is@ipr~~o,8,2470,,,false,6
,Is@ipr~~o,9,2399,,,false,6
,IoDPV~~~w,0,2399,,,false,5
,IoDPV~~~w,1,2470,,,false,5
,IoDPV~~~w,2,2469,,,false,5
,IoDPV~~~w,3,2399,,,false,5
,IoDPV~~~w,4,2399,,,false,5
,IoDPV~~~w,5,2329,,,false,5
,IoDPV~~~w,6,2470,,,false,5
,IoDPV~~~w,7,2470,,,false,5
,IoDPV~~~w,8,1905,,,false,5
,IoDPV~~~w,9,2400,,,false,5
,IwCx}zY~w,0,2399,,,false,6
,IwCx}zY~w,1,1906,,,false,6
,IwCx}zY~w,2,2399,,,false,6
,IwCx}zY~w,3,2400,,,false,6
,IwCx}zY~w,4,2329,,,false,6
,IwCx}zY~w,5,1976,,,false,6
,IwCx}zY~w,6,1976,,,false,6
,IwCx}zY~w,7,2400,,,false,6
,IwCx}zY~w,8,2329,,,false,6
,IwCx}zY~w,9,2399,,,false,6
,IyGW}mn~w,0,2470,,,false,6
,IyGW}mn~w,1,1976,,,false,6
,IyGW}mn~w,2,1976,,,false,6
,IyGW}mn~w,3,2329,,,false,6
,IyGW}mn~w,4,1976,,,false,6
,IyGW}mn~w,5,2399,,,false,6
,IyGW}mn~w,6,2399,,,false,6
,IyGW}mn~w,7,1976,,,false,6
,IyGW}mn~w,8,2400,,,false,6
,IyGW}mn~w,9,2399,,,false,6
,IXNUS|^~w,0,2399,,,false,6
,IXNUS|^~w,1,2399,,,false,6
,IXNUS|^~w,2,2470,,,false,6
,IXNUS|^~w,3,2470,,,false,6
,IXNUS|^~w,4,1906,,,false,6
,IXNUS|^~w,5,2400,,,false,6
,IXNUS|^~w,6,2329,,,false,6
,IXNUS|^~w,7,2470,,,false,6
,IXNUS|^~w,8,2470,,,false,6
,IXNUS|^~w,9,1906,,,false,6
,IqddY{~~w,0,2399,,,false,6
,IqddY{~~w,1,2400,,,false,6
,IqddY{~~w,2,2400,,,false,6
,IqddY{~~w,3,2259,,,false,6
,IqddY{~~w,4,2399,,,false,6
,IqddY{~~w,5,2399,,,false,6
,IqddY{~~w,6,2470,,,false,6
,IqddY{~~w,7,2470,,,false,6
,IqddY{~~w,8,2400,,,false,6
,IqddY{~~w,9,2329,,,false,6
,I{O_w~~~w,0,1976,,,false,6
,I{O_w~~~w,1,2328,,,false,6
,I{O_w~~~w,2,1976,,,false,6
,I{O_w~~~w,3,1906,,,false,6
,I{O_w~~~w,4,2470,,,false,6
,I{O_w~~~w,5,2399,,,false,6
,I{O_w~~~w,6,2470,,,false,6
,I{O_w~~~w,7,2399,,,false,6
,I{O_w~~~w,8,1976,,,false,6
,I{O_w~~~w,9,1976,,,false,6
,IoFvQ{~~w,0,2399,,,false,5
,IoFvQ{~~w,1,2470,,,false,5
,IoFvQ{~~w,2,2329,,,false,5
,IoFvQ{~~w,3,2329,,,false,5
,IoFvQ{~~w,4,1976,,,false,5
,IoFvQ{~~w,5,2399,,,false,5
,IoFvQ{~~w,6,2399,,,false,5
,IoFvQ{~~w,7,2470,,,false,5
,IoFvQ{~~w,8,2400,,,false,5
,IoFvQ{~~w,9,2329,,,false,5
,IWNVS|^~w,0,2399,,,false,6
,IWNVS|^~w,1,2399,,,false,6
,IWNVS|^~w,2,2399,,,false,6
,IWNVS|^~w,3,1905,,,false,6
,IWNVS|^~w,4,1905,,,false,6
,IWNVS|^~w,5,1906,,,false,6
,IWNVS|^~w,6,1906,,,false,6
,IWNVS|^~w,7,2399,,,false,6
,IWNVS|^~w,8,2399,,,false,6
,IWNVS|^~w,9,1976,,,false,6
,IxGW}nN~w,0,2399,,,false,6
,IxGW}nN~w,1,2399,,,false,6
,IxGW}nN~w,2,1976,,,false,6
,IxGW}nN~w,3,1905,,,false,6
,IxGW}nN~w,4,1976,,,false,6
,IxGW}nN~w,5,1905,,,false,6
,IxGW}nN~w,6,1975,,,false,6
,IxGW}nN~w,7,1976,,,false,6
,IxGW}nN~w,8,1976,,,false,6
,IxGW}nN~w,9,2328,,,false,6
,I{N?w|n~w,0,2400,,,false,6
,I{N?w|n~w,1,1906,,,false,6
,I{N?w|n~w,2,2400,,,false,6
,I{N?w|n~w,3,1905,,,false,6
,I{N?w|n~w,4,1906,,,false,6
,I{N?w|n~w,5,1976,,,false,6
,I{N?w|n~w,6,2400,,,false,6
,I{N?w|n~w,7,2400,,,false,6
,I{N?w|n~w,8,1976,,,false,6
,I{N?w|n~w,9,1976,,,false,6
,IqJTY{~~w,0,2469,,,false,6
,IqJTY{~~w,1,2399,,,false,6
,IqJTY{~~w,2,2470,,,false,6
,IqJTY{~~w,3,2399,,,false,6
,IqJTY{~~w,4,2328,,,false,6
,IqJTY{~~w,5,2399,,,false,6
,IqJTY{~~w,6,2470,,,false,6
,IqJTY{~~w,7,2470,,,false,6
,IqJTY{~~w,8,1976,,,false,6
,IqJTY{~~w,9,1905,,,false,6
,IANLfN~~w,0,2399,,,false,6
,IANLfN~~w,1,1905,,,false,6
,IANLfN~~w,2,1905,,,false,6
,IANLfN~~w,3,2399,,,false,6
,IANLfN~~w,4,2399,,,false,6
,IANLfN~~w,5,2470,,,false,6
,IANLfN~~w,6,2469,,,false,6
,IANLfN~~w,7,2399,,,false,6
,IANLfN~~w,8,2329,,,false,6
,IANLfN~~w,9,2399,,,false,6
,IsOax~~~w,0,2399,,,false,6
,IsOax~~~w,1,2470,,,false,6
,IsOax~~~w,2,1976,,,false,6
,IsOax~~~w,3,1906,,,false,6
,IsOax~~~w,4,1905,,,false,6
,IsOax~~~w,5,1905,,,false,6
,IsOax~~~w,6,1906,,,false,6
,IsOax~~~w,7,1976,,,false,6
,IsOax~~~w,8,2399,,,false,6
,IsOax~~~w,9,1975,,,false,6
,Ik`rX}^~w,0,2470,,,false,6
,Ik`rX}^~w,1,1905,,,false,6
,Ik`rX}^~w,2,2400,,,false,6
,Ik`rX}^~w,3,2470,,,false,6
,Ik`rX}^~w,4,2400,,,false,6
,Ik`rX}^~w,5,1976,,,false,6
,Ik`rX}^~w,6,2399,,,false,6
,Ik`rX}^~w,7,2399,,,false,6
,Ik`rX}^~w,8,2400,,,false,6
,Ik`rX}^~w,9,2470,,,false,6
,Is`rY{~~w,0,2399,,,false,7
,Is`rY{~~w,1,2399,,,false,7
,Is`rY{~~w,2,2470,,,false,7
,Is`rY{~~w,3,2400,,,false,7
,Is`rY{~~w,4,2329,,,false,7
,Is`rY{~~w,5,10868,,,false,7
,Is`rY{~~w,6,2399,,,false,7
,Is`rY{~~w,7,1411,,,false,7
,Is`rY{~~w,8,2399,,,false,7
,Is`rY{~~w,9,2470,,,false,7
,IqGTY~~~w,0,2399,,,false,5
,IqGTY~~~w,1,2470,,,false,5
,IqGTY~~~w,2,1905,,,false,5
,IqGTY~~~w,3,1976,,,false,5
,IqGTY~~~w,4,1976,,,false,5
,IqGTY~~~w,5,2399,,,false,5
,IqGTY~~~w,6,2399,,,false,5
,IqGTY~~~w,7,2399,,,false,5
,IqGTY~~~w,8,1976,,,false,5
,IqGTY~~~w,9,1976,,,false,5
,I@?GE?qBg,0,1905,,,false,2
,I@?GE?qBg,1,1976,,,false,2
,I@?GE?qBg,2,1906,,,false,2
,I@?GE?qBg,3,1411,,,false,2
,I@?GE?qBg,4,1905,,,false,2
,I@?GE?qBg,5,1482,,,false,2
,I@?GE?qBg,6,1482,,,false,2
,I@?GE?qBg,7,1905,,,false,2
,I@?GE?qBg,8,1976,,,false,2
,I@?GE?qBg,9,1906,,,false,2
,IDhzv~}~g,0,2399,,,false,7
,IDhzv~}~g,1,2399,,,false,7
,IDhzv~}~g,2,2399,,,false,7
,IDhzv~}~g,3,1905,,,false,7
,IDhzv~}~g,4,2399,,,false,7
,IDhzv~}~g,5,2470,,,false,7
,IDhzv~}~g,6,2399,,,false,7
,IDhzv~}~g,7,1905,,,false,7
,IDhzv~}~g,8,2400,,,false,7
,IDhzv~}~g,9,2400,,,false,7
,I???[``Bw,0,2399,,,false,2
,I???[``Bw,1,1905,,,false,2
,I???[``Bw,2,1905,,,false,2
,I???[``Bw,3,1905,,,false,2
,I???[``Bw,4,1905,,,false,2
,I???[``Bw,5,1905,,,false,2
,I???[``Bw,6,1906,,,false,2
,I???[``Bw,7,1906,,,false,2
,I???[``Bw,8,1905,,,false,2
,I???[``Bw,9,1975,,,false,2
,IBXm}}~nw,0,2399,,,false,6
,IBXm}}~nw,1,1976,,,false,6
,IBXm}}~nw,2,1905,,,false,6
,IBXm}}~nw,3,1976,,,false,6
,IBXm}}~nw,4,2399,,,false,6
,IBXm}}~nw,5,2399,,,false,6
,IBXm}}~nw,6,1976,,,false,6
,IBXm}}~nw,7,1976,,,false,6
,IBXm}}~nw,8,1905,,,false,6
,IBXm}}~nw,9,2399,,,false,6
,IugGhXbT_,0,2823,,,false,5
,IugGhXbT_,1,1976,,,false,5
,IugGhXbT_,2,1976,,,false,5
,IugGhXbT_,3,2399,,,false,5
,IugGhXbT_,4,1976,,,false,5
,IugGhXbT_,5,1906,,,false,5
,IugGhXbT_,6,2329,,,false,5
,IugGhXbT_,7,2399,,,false,5
,IugGhXbT_,8,1905,,,false,5
,IugGhXbT_,9,1906,,,false,5
,IwC]dTNLw,0,2399,,,false,4
,IwC]dTNLw,1,1976,,,false,4
,IwC]dTNLw,2,1905,,,false,4
,IwC]dTNLw,3,1906,,,false,4
,IwC]dTNLw,4,2399,,,false,4
,IwC]dTNLw,5,1905,,,false,4
,IwC]dTNLw,6,2399,,,false,4
,IwC]dTNLw,7,2469,,,false,4
,IwC]dTNLw,8,1906,,,false,4
,IwC]dTNLw,9,1976,,,false,4
,I?i]PlUYW,0,2470,,,false,4
,I?i]PlUYW,1,1834,,,false,4
,I?i]PlUYW,2,1976,,,false,4
,I?i]PlUYW,3,1906,,,false,4
,I?i]PlUYW,4,1976,,,false,4
,I?i]PlUYW,5,1976,,,false,4
,I?i]PlUYW,6,1905,,,false,4
,I?i]PlUYW,7,2329,,,false,4
,I?i]PlUYW,8,1976,,,false,4
,I?i]PlUYW,9,1905,,,false,4
,I_GOGPbcw,0,1905,,,false,2
,I_GOGPbcw,1,1976,,,false,2
,I_GOGPbcw,2,1482,,,false,2
,I_GOGPbcw,3,1905,,,false,2
,I_GOGPbcw,4,1976,,,false,2
,I_GOGPbcw,5,1906,,,false,2
,I_GOGPbcw,6,1976,,,false,2
,I_GOGPbcw,7,1905,,,false,2
,I_GOGPbcw,8,1905,,,false,2
,I_GOGPbcw,9,1976,,,false,2
,I`@?X?X`w,0,1976,,,false,2
,I`@?X?X`w,1,1906,,,false,2
,I`@?X?X`w,2,1906,,,false,2
,I`@?X?X`w,3,1905,,,false,2
,I`@?X?X`w,4,1905,,,false,2
,I`@?X?X`w,5,1906,,,false,2
,I`@?X?X`w,6,1976,,,false,2
,I`@?X?X`w,7,1482,,,false,2
,I`@?X?X`w,8,1905,,,false,2
,I`@?X?X`w,9,1906,,,false,2
,I_D@?ekBw,0,2400,,,false,3
,I_D@?ekBw,1,2329,,,false,3
,I_D@?ekBw,2,1905,,,false,3
,I_D@?ekBw,3,1905,,,false,3
,I_D@?ekBw,4,1905,,,false,3
,I_D@?ekBw,5,1905,,,false,3
,I_D@?ekBw,6,1905,,,false,3
,I_D@?ekBw,7,1976,,,false,3
,I_D@?ekBw,8,1906,,,false,3
,I_D@?ekBw,9,1905,,,false,3
,IBAH?SFqW,0,2328,,,false,3
,IBAH?SFqW,1,1905,,,false,3
,IBAH?SFqW,2,1976,,,false,3
,IBAH?SFqW,3,1905,,,false,3
,IBAH?SFqW,4,2399,,,false,3
,IBAH?SFqW,5,1482,,,false,3
,IBAH?SFqW,6,1906,,,false,3
,IBAH?SFqW,7,1905,,,false,3
,IBAH?SFqW,8,1976,,,false,3
,IBAH?SFqW,9,1906,,,false,3
,I`?KQScDG,0,1976,,,false,2
,I`?KQScDG,1,1905,,,false,2
,I`?KQScDG,2,1905,,,false,2
,I`?KQScDG,3,10091,,,false,2
,I`?KQScDG,4,988,,,false,2
,I`?KQScDG,5,1482,,,false,2
,I`?KQScDG,6,1906,,,false,2
,I`?KQScDG,7,1835,,,false,2
,I`?KQScDG,8,1411,,,false,2
,I`?KQScDG,9,1906,,,false,2
,I`?DYySYG,0,2400,,,false,4
,I`?DYySYG,1,1905,,,false,4
,I`?DYySYG,2,2400,,,false,4
,I`?DYySYG,3,1976,,,false,4
,I`?DYySYG,4,1976,,,false,4
,I`?DYySYG,5,2399,,,false,4
,I`?DYySYG,6,1835,,,false,4
,I`?DYySYG,7,2399,,,false,4
,I`?DYySYG,8,1905,,,false,4
,I`?DYySYG,9,1906,,,false,4
,IqGO?KJ~_,0,2400,,,false,3
,IqGO?KJ~_,1,1976,,,false,3
,IqGO?KJ~_,2,1976,,,false,3
,IqGO?KJ~_,3,1906,,,false,3
,IqGO?KJ~_,4,1976,,,false,3
,IqGO?KJ~_,5,1905,,,false,3
,IqGO?KJ~_,6,1905,,,false,3
,IqGO?KJ~_,7,1976,,,false,3
,IqGO?KJ~_,8,1976,,,false,3
,IqGO?KJ~_,9,1976,,,false,3
,IqGOOKF}G,0,2400,,,false,3
,IqGOOKF}G,1,1835,,,false,3
,IqGOOKF}G,2,1976,,,false,3
,IqGOOKF}G,3,1976,,,false,3
,IqGOOKF}G,4,1905,,,false,3
,IqGOOKF}G,5,1976,,,false,3
,IqGOOKF}G,6,1905,,,false,3
,IqGOOKF}G,7,1835,,,false,3
,IqGOOKF}G,8,1905,,,false,3
,IqGOOKF}G,9,1975,,,false,3
,IoDH?ebVG,0,2399,,,false,3
,IoDH?ebVG,1,1905,,,false,3
,IoDH?ebVG,2,1976,,,false,3
,IoDH?ebVG,3,1905,,,false,3
,IoDH?ebVG,4,1835,,,false,3
,IoDH?ebVG,5,1834,,,false,3
,IoDH?ebVG,6,1834,,,false,3
,IoDH?ebVG,7,2399,,,false,3
,IoDH?ebVG,8,1906,,,false,3
,IoDH?ebVG,9,1905,,,false,3
,Ik?WPCF}?,0,2470,,,false,3
,Ik?WPCF}?,1,1976,,,false,3
,Ik?WPCF}?,2,1906,,,false,3
,Ik?WPCF}?,3,1905,,,false,3
,Ik?WPCF}?,4,1976,,,false,3
,Ik?WPCF}?,5,1906,,,false,3
,Ik?WPCF}?,6,1975,,,false,3
,Ik?WPCF}?,7,1905,,,false,3
,Ik?WPCF}?,8,1976,,,false,3
,Ik?WPCF}?,9,1905,,,false,3
,IoDPS@TIo,0,1835,,,false,3
,IoDPS@TIo,1,2329,,,false,3
,IoDPS@TIo,2,1976,,,false,3
,IoDPS@TIo,3,1976,,,false,3
,IoDPS@TIo,4,1975,,,false,3
,IoDPS@TIo,5,1905,,,false,3
,IoDPS@TIo,6,1976,,,false,3
,IoDPS@TIo,7,1905,,,false,3
,IoDPS@TIo,8,2400,,,false,3
,IoDPS@TIo,9,1976,,,false,3
,I`HSU?JLG,0,1976,,,false,3
,I`HSU?JLG,1,2470,,,false,3
,I`HSU?JLG,2,1975,,,false,3
,I`HSU?JLG,3,1905,,,false,3
,I`HSU?JLG,4,1905,,,false,3
,I`HSU?JLG,5,1905,,,false,3
,I`HSU?JLG,6,1976,,,false,3
,I`HSU?JLG,7,1905,,,false,3
,I`HSU?JLG,8,1906,,,false,3
,I`HSU?JLG,9,1835,,,false,3
,I`IQU?FMG,0,2469,,,false,3
,I`IQU?FMG,1,1905,,,false,3
,I`IQU?FMG,2,1906,,,false,3
,I`IQU?FMG,3,1906,,,false,3
,I`IQU?FMG,4,1976,,,false,3
,I`IQU?FMG,5,1482,,,false,3
,I`IQU?FMG,6,2329,,,false,3
,I`IQU?FMG,7,1906,,,false,3
,I`IQU?FMG,8,1834,,,false,3
,I`IQU?FMG,9,2399,,,false,3
,Io@POgJ}?,0,2470,,,false,3
,Io@POgJ}?,1,1976,,,false,3
,Io@POgJ}?,2,1976,,,false,3
,Io@POgJ}?,3,1975,,,false,3
,Io@POgJ}?,4,1905,,,false,3
,Io@POgJ}?,5,1905,,,false,3
,Io@POgJ}?,6,1976,,,false,3
,Io@POgJ}?,7,1976,,,false,3
,Io@POgJ}?,8,1905,,,false,3
,Io@POgJ}?,9,1976,,,false,3
,I_?pShI}?,0,1905,,,false,3
,I_?pShI}?,1,1905,,,false,3
,I_?pShI}?,2,2399,,,false,3
,I_?pShI}?,3,1976,,,false,3
,I_?pShI}?,4,1976,,,false,3
,I_?pShI}?,5,1482,,,false,3
,I_?pShI}?,6,1976,,,false,3
,I_?pShI}?,7,1906,,,false,3
,I_?pShI}?,8,1905,,,false,3
,I_?pShI}?,9,1905,,,false,3
