name,graph_g6,iteration,runtime,allocated_bytes,peak_bytes,timeout,treewidth
,H??????,0,3860,,,false,0
,H??????,1,2387,,,false,0
,H??????,2,2317,,,false,0
,H??????,3,2387,,,false,0
,H??????,4,2386,,,false,0
,H??????,5,2316,,,false,0
,H??????,6,2317,,,false,0
,H??????,7,2456,,,false,0
,H??????,8,2456,,,false,0
,H??????,9,2807,,,false,0
,HqGOOKF,0,4281,,,false,3
,HqGOOKF,1,3861,,,false,3
,HqGOOKF,2,3369,,,false,3
,HqGOOKF,3,3369,,,false,3
,HqGOOKF,4,3369,,,false,3
,HqGOOKF,5,3299,,,false,3
,HqGOOKF,6,2948,,,false,3
,HqGOOKF,7,2948,,,false,3
,HqGOOKF,8,2808,,,false,3
,HqGOOKF,9,2878,,,false,3
,HI?GPGQ,0,3299,,,false,2
,HI?GPGQ,1,2808,,,false,2
,HI?GPGQ,2,2386,,,false,2
,HI?GPGQ,3,2947,,,false,2
,HI?GPGQ,4,2387,,,false,2
,HI?GPGQ,5,2316,,,false,2
,HI?GPGQ,6,2386,,,false,2
,HI?GPGQ,7,2878,,,false,2
,HI?GPGQ,8,2457,,,false,2
,HI?GPGQ,9,2386,,,false,2
,H?CQPJ_,0,2807,,,false,2
,H?CQPJ_,1,2878,,,false,2
,H?CQPJ_,2,2877,,,false,2
,H?CQPJ_,3,2456,,,false,2
,H?CQPJ_,4,2457,,,false,2
,H?CQPJ_,5,2386,,,false,2
,H?CQPJ_,6,2316,,,false,2
,H?CQPJ_,7,2808,,,false,2
,H?CQPJ_,8,2948,,,false,2
,H?CQPJ_,9,2948,,,false,2
,H??[Aci,0,3298,,,false,2
,H??[Aci,1,2877,,,false,2
,H??[Aci,2,2878,,,false,2
,H??[Aci,3,2877,,,false,2
,H??[Aci,4,2877,,,false,2
,H??[Aci,5,2808,,,false,2
,H??[Aci,6,2386,,,false,2
,H??[Aci,7,2387,,,false,2
,H??[Aci,8,2386,,,false,2
,H??[Aci,9,2386,,,false,2
,H???F~~,0,4281,,,false,2
,H???F~~,1,3369,,,false,2
,H???F~~,2,3369,,,false,2
,H???F~~,3,3439,,,false,2
,H???F~~,4,3369,,,false,2
,H???F~~,5,3720,,,false,2
,H???F~~,6,3298,,,false,2
,H???F~~,7,3369,,,false,2
,H???F~~,8,3369,,,false,2
,H???F~~,9,3299,,,false,2
,H????CB,0,2948,,,false,2
,H????CB,1,2386,,,false,2
,H????CB,2,2316,,,false,2
,H????CB,3,2457,,,false,2
,H????CB,4,1965,,,false,2
,H????CB,5,1895,,,false,2
,H????CB,6,2387,,,false,2
,H????CB,7,2387,,,false,2
,H????CB,8,1404,,,false,2
,H????CB,9,2386,,,false,2
,H?~~~~~,0,5685,,,false,5
,H?~~~~~,1,5264,,,false,5
,H?~~~~~,2,5264,,,false,5
,H?~~~~~,3,5334,,,false,5
,H?~~~~~,4,5194,,,false,5
,H?~~~~~,5,4773,,,false,5
,H?~~~~~,6,4351,,,false,5
,H?~~~~~,7,4281,,,false,5
,H?~~~~~,8,4282,,,false,5
,H?~~~~~,9,4773,,,false,5
,HwCW?CB,0,2457,,,false,2
,HwCW?CB,1,2456,,,false,2
,HwCW?CB,2,2457,,,false,2
,HwCW?CB,3,1895,,,false,2
,HwCW?CB,4,1825,,,false,2
,HwCW?CB,5,1895,,,false,2
,HwCW?CB,6,2387,,,false,2
,HwCW?CB,7,2386,,,false,2
,HwCW?CB,8,2387,,,false,2
,HwCW?CB,9,1966,,,false,2
,H`B@_WJ,0,2807,,,false,2
,H`B@_WJ,1,2387,,,false,2
,H`B@_WJ,2,2387,,,false,2
,H`B@_WJ,3,2387,,,false,2
,H`B@_WJ,4,2386,,,false,2
,H`B@_WJ,5,2387,,,false,2
,H`B@_WJ,6,2387,,,false,2
,H`B@_WJ,7,2456,,,false,2
,H`B@_WJ,8,2386,,,false,2
,H`B@_WJ,9,1965,,,false,2
,H???ONs,0,2386,,,false,1
,H???ONs,1,2456,,,false,1
,H???ONs,2,2386,,,false,1
,H???ONs,3,2316,,,false,1
,H???ONs,4,2387,,,false,1
,H???ONs,5,1895,,,false,1
,H???ONs,6,2386,,,false,1
,H???ONs,7,1965,,,false,1
,H???ONs,8,2316,,,false,1
,H???ONs,9,2316,,,false,1
,H?????@,0,1895,,,false,1
,H?????@,1,1825,,,false,1
,H?????@,2,1965,,,false,1
,H?????@,3,1965,,,false,1
,H?????@,4,1965,,,false,1
,H?????@,5,1895,,,false,1
,H?????@,6,1895,,,false,1
,H?????@,7,1824,,,false,1
,H?????@,8,1895,,,false,1
,H?????@,9,1895,,,false,1
,H??F~~~,0,4281,,,false,3
,H??F~~~,1,3860,,,false,3
,H??F~~~,2,3369,,,false,3
,H??F~~~,3,3790,,,false,3
,H??F~~~,4,3299,,,false,3
,H??F~~~,5,3790,,,false,3
,H??F~~~,6,3369,,,false,3
,H??F~~~,7,2878,,,false,3
,H??F~~~,8,2877,,,false,3
,H??F~~~,9,3299,,,false,3
,HGC?G?@,0,2878,,,false,1
,HGC?G?@,1,2386,,,false,1
,HGC?G?@,2,1965,,,false,1
,HGC?G?@,3,1895,,,false,1
,HGC?G?@,4,2387,,,false,1
,HGC?G?@,5,2387,,,false,1
,HGC?G?@,6,1895,,,false,1
,HGC?G?@,7,1895,,,false,1
,HGC?G?@,8,1965,,,false,1
,HGC?G?@,9,2387,,,false,1
,H??__RF,0,2387,,,false,1
,H??__RF,1,2456,,,false,1
,H??__RF,2,2387,,,false,1
,H??__RF,3,2317,,,false,1
,H??__RF,4,1966,,,false,1
,H??__RF,5,2456,,,false,1
,H??__RF,6,1965,,,false,1
,H??__RF,7,2457,,,false,1
,H??__RF,8,2386,,,false,1
,H??__RF,9,2386,,,false,1
,H{_yqgj,0,5194,,,false,5
,H{_yqgj,1,4282,,,false,5
,H{_yqgj,2,3791,,,false,5
,H{_yqgj,3,3369,,,false,5
,H{_yqgj,4,3369,,,false,5
,H{_yqgj,5,3861,,,false,5
,H{_yqgj,6,3791,,,false,5
,H{_yqgj,7,3368,,,false,5
,H{_yqgj,8,3440,,,false,5
,H{_yqgj,9,3861,,,false,5
,H?aFbx{,0,3790,,,false,4
,H?aFbx{,1,3861,,,false,4
,H?aFbx{,2,3298,,,false,4
,H?aFbx{,3,3369,,,false,4
,H?aFbx{,4,3439,,,false,4
,H?aFbx{,5,2808,,,false,4
,H?aFbx{,6,3299,,,false,4
,H?aFbx{,7,3299,,,false,4
,H?aFbx{,8,3369,,,false,4
,H?aFbx{,9,3369,,,false,4
,H???GKF,0,2877,,,false,3
,H???GKF,1,1965,,,false,3
,H???GKF,2,2386,,,false,3
,H???GKF,3,2316,,,false,3
,H???GKF,4,2456,,,false,3
,H???GKF,5,2457,,,false,3
,H???GKF,6,2456,,,false,3
,H???GKF,7,2456,,,false,3
,H???GKF,8,2317,,,false,3
,H???GKF,9,2317,,,false,3
,H@Kxx{~,0,4211,,,false,6
,H@Kxx{~,1,3790,,,false,6
,H@Kxx{~,2,3860,,,false,6
,H@Kxx{~,3,3930,,,false,6
,H@Kxx{~,4,3860,,,false,6
,H@Kxx{~,5,3790,,,false,6
,H@Kxx{~,6,3860,,,false,6
,H@Kxx{~,7,3860,,,false,6
,H@Kxx{~,8,3790,,,false,6
,H@Kxx{~,9,3790,,,false,6
,H@Kxx~~,0,4352,,,false,6
,H@Kxx~~,1,4282,,,false,6
,H@Kxx~~,2,3860,,,false,6
,H@Kxx~~,3,3860,,,false,6
,H@Kxx~~,4,3790,,,false,6
,H@Kxx~~,5,3861,,,false,6
,H@Kxx~~,6,4352,,,false,6
,H@Kxx~~,7,3860,,,false,6
,H@Kxx~~,8,4282,,,false,6
,H@Kxx~~,9,3790,,,false,6
,H????F|,0,2878,,,false,1
,H????F|,1,2457,,,false,1
,H????F|,2,2386,,,false,1
,H????F|,3,2387,,,false,1
,H????F|,4,1965,,,false,1
,H????F|,5,2386,,,false,1
,H????F|,6,2316,,,false,1
,H????F|,7,1895,,,false,1
,H????F|,8,2457,,,false,1
,H????F|,9,2456,,,false,1
,H}q|r|},0,4772,,,false,6
,H}q|r|},1,4843,,,false,6
,H}q|r|},2,4282,,,false,6
,H}q|r|},3,4702,,,false,6
,H}q|r|},4,4703,,,false,6
,H}q|r|},5,4843,,,false,6
,H}q|r|},6,4211,,,false,6
,H}q|r|},7,4211,,,false,6
,H}q|r|},8,4282,,,false,6
,H}q|r|},9,4351,,,false,6
,H???GN~,0,3369,,,false,3
,H???GN~,1,2948,,,false,3
,H???GN~,2,2877,,,false,3
,H???GN~,3,2386,,,false,3
,H???GN~,4,2316,,,false,3
,H???GN~,5,2877,,,false,3
,H???GN~,6,2948,,,false,3
,H???GN~,7,2878,,,false,3
,H???GN~,8,2808,,,false,3
,H???GN~,9,2456,,,false,3
,HF~~vnn,0,4773,,,false,6
,HF~~vnn,1,4352,,,false,6
,HF~~vnn,2,4421,,,false,6
,HF~~vnn,3,4281,,,false,6
,HF~~vnn,4,4211,,,false,6
,HF~~vnn,5,4422,,,false,6
,HF~~vnn,6,4422,,,false,6
,HF~~vnn,7,4772,,,false,6
,HF~~vnn,8,4632,,,false,6
,HF~~vnn,9,4282,,,false,6
,HF~~~~~,0,4773,,,false,6
,HF~~~~~,1,4352,,,false,6
,HF~~~~~,2,4351,,,false,6
,HF~~~~~,3,4773,,,false,6
,HF~~~~~,4,4913,,,false,6
,HF~~~~~,5,4773,,,false,6
,HF~~~~~,6,4843,,,false,6
,HF~~~~~,7,4772,,,false,6
,HF~~~~~,8,4913,,,false,6
,HF~~~~~,9,4281,,,false,6
,H~?GW[N,0,3369,,,false,4
,H~?GW[N,1,2878,,,false,4
,H~?GW[N,2,2877,,,false,4
,H~?GW[N,3,3440,,,false,4
,H~?GW[N,4,2807,,,false,4
,H~?GW[N,5,3299,,,false,4
,H~?GW[N,6,2877,,,false,4
,H~?GW[N,7,2878,,,false,4
,H~?GW[N,8,2948,,,false,4
,H~?GW[N,9,2878,,,false,4
,HwCW~?^,0,3369,,,false,4
,HwCW~?^,1,2878,,,false,4
,HwCW~?^,2,2807,,,false,4
,HwCW~?^,3,3299,,,false,4
,HwCW~?^,4,3299,,,false,4
,HwCW~?^,5,2878,,,false,4
,HwCW~?^,6,3299,,,false,4
,HwCW~?^,7,2738,,,false,4
,HwCW~?^,8,2877,,,false,4
,HwCW~?^,9,2948,,,false,4
,HwC^?~{,0,3790,,,false,4
,HwC^?~{,1,3439,,,false,4
,HwC^?~{,2,2878,,,false,4
,HwC^?~{,3,3369,,,false,4
,HwC^?~{,4,3228,,,false,4
,HwC^?~{,5,2948,,,false,4
,HwC^?~{,6,2877,,,false,4
,HwC^?~{,7,3299,,,false,4
,HwC^?~{,8,3369,,,false,4
,HwC^?~{,9,3299,,,false,4
,HqN~~~~,0,4773,,,false,6
,HqN~~~~,1,4773,,,false,6
,HqN~~~~,2,4913,,,false,6
,HqN~~~~,3,4702,,,false,6
,HqN~~~~,4,4773,,,false,6
,HqN~~~~,5,4773,,,false,6
,HqN~~~~,6,4421,,,false,6
,HqN~~~~,7,4281,,,false,6
,HqN~~~~,8,4773,,,false,6
,HqN~~~~,9,4842,,,false,6
,HJ\zz|~,0,4772,,,false,7
,HJ\zz|~,1,4843,,,false,7
,HJ\zz|~,2,4703,,,false,7
,HJ\zz|~,3,4773,,,false,7
,HJ\zz|~,4,4773,,,false,7
,HJ\zz|~,5,4281,,,false,7
,HJ\zz|~,6,4773,,,false,7
,HJ\zz|~,7,4702,,,false,7
,HJ\zz|~,8,4773,,,false,7
,HJ\zz|~,9,4422,,,false,7
,HJ\zz~~,0,4843,,,false,7
,HJ\zz~~,1,4773,,,false,7
,HJ\zz~~,2,4352,,,false,7
,HJ\zz~~,3,4281,,,false,7
,HJ\zz~~,4,4843,,,false,7
,HJ\zz~~,5,4211,,,false,7
,HJ\zz~~,6,4773,,,false,7
,HJ\zz~~,7,4773,,,false,7
,HJ\zz~~,8,4913,,,false,7
,HJ\zz~~,9,4773,,,false,7
,H~z\z|~,0,4773,,,false,7
,H~z\z|~,1,4703,,,false,7
,H~z\z|~,2,4772,,,false,7
,H~z\z|~,3,4773,,,false,7
,H~z\z|~,4,4913,,,false,7
,H~z\z|~,5,4913,,,false,7
,H~z\z|~,6,4702,,,false,7
,H~z\z|~,7,4281,,,false,7
,H~z\z|~,8,4773,,,false,7
,H~z\z|~,9,4422,,,false,7
,H~z\z~~,0,4913,,,false,7
,H~z\z~~,1,4773,,,false,7
,H~z\z~~,2,4773,,,false,7
,H~z\z~~,3,4773,,,false,7
,H~z\z~~,4,4842,,,false,7
,H~z\z~~,5,5264,,,false,7
,H~z\z~~,6,4843,,,false,7
,H~z\z~~,7,4773,,,false,7
,H~z\z~~,8,4422,,,false,7
,H~z\z~~,9,4702,,,false,7
,H^~~~~~,0,4772,,,false,7
,H^~~~~~,1,4703,,,false,7
,H^~~~~~,2,4773,,,false,7
,H^~~~~~,3,4913,,,false,7
,H^~~~~~,4,5194,,,false,7
,H^~~~~~,5,4773,,,false,7
,H^~~~~~,6,4843,,,false,7
,H^~~~~~,7,53904,,,false,7
,H^~~~~~,8,4773,,,false,7
,H^~~~~~,9,4773,,,false,7
,H~~~~~~,0,5334,,,false,8
,H~~~~~~,1,5334,,,false,8
,H~~~~~~,2,5194,,,false,8
,H~~~~~~,3,4913,,,false,8
,H~~~~~~,4,5264,,,false,8
,H~~~~~~,5,5194,,,false,8
,H~~~~~~,6,5194,,,false,8
,H~~~~~~,7,4913,,,false,8
,H~~~~~~,8,5194,,,false,8
,H~~~~~~,9,4772,,,false,8
,H?B~vrw,0,4282,,,false,4
,H?B~vrw,1,3790,,,false,4
,H?B~vrw,2,3439,,,false,4
,H?B~vrw,3,3369,,,false,4
,H?B~vrw,4,3790,,,false,4
,H?B~vrw,5,3861,,,false,4
,H?B~vrw,6,3860,,,false,4
,H?B~vrw,7,3930,,,false,4
,H?B~vrw,8,3790,,,false,4
,H?B~vrw,9,3790,,,false,4
,H?B~~~~,0,4211,,,false,4
,H?B~~~~,1,3860,,,false,4
,H?B~~~~,2,4281,,,false,4
,H?B~~~~,3,3861,,,false,4
,H?B~~~~,4,4282,,,false,4
,H?B~~~~,5,3790,,,false,4
,H?B~~~~,6,3790,,,false,4
,H?B~~~~,7,3930,,,false,4
,H?B~~~~,8,4352,,,false,4
,H?B~~~~,9,4351,,,false,4
,H`?G?CB,0,2386,,,false,2
,H`?G?CB,1,2386,,,false,2
,H`?G?CB,2,2386,,,false,2
,H`?G?CB,3,2387,,,false,2
,H`?G?CB,4,1965,,,false,2
,H`?G?CB,5,2386,,,false,2
,H`?G?CB,6,2387,,,false,2
,H`?G?CB,7,1895,,,false,2
,H`?G?CB,8,1895,,,false,2
,H`?G?CB,9,2386,,,false,2
,H@GOQIA,0,2878,,,false,1
,H@GOQIA,1,1965,,,false,1
,H@GOQIA,2,2387,,,false,1
,H@GOQIA,3,2317,,,false,1
,H@GOQIA,4,1895,,,false,1
,H@GOQIA,5,1895,,,false,1
,H@GOQIA,6,2386,,,false,1
,H@GOQIA,7,2456,,,false,1
,H@GOQIA,8,2386,,,false,1
,H@GOQIA,9,2316,,,false,1
,H?DCP_d,0,2878,,,false,2
,H?DCP_d,1,2387,,,false,2
,H?DCP_d,2,1895,,,false,2
,H?DCP_d,3,1895,,,false,2
,H?DCP_d,4,1895,,,false,2
,H?DCP_d,5,2457,,,false,2
,H?DCP_d,6,2387,,,false,2
,H?DCP_d,7,2316,,,false,2
,H?DCP_d,8,2386,,,false,2
,H?DCP_d,9,2386,,,false,2
,H???GGB,0,2316,,,false,2
,H???GGB,1,2316,,,false,2
,H???GGB,2,1895,,,false,2
,H???GGB,3,1965,,,false,2
,H???GGB,4,2386,,,false,2
,H???GGB,5,1965,,,false,2
,H???GGB,6,1825,,,false,2
,H???GGB,7,2387,,,false,2
,H???GGB,8,1895,,,false,2
,H???GGB,9,1895,,,false,2
,H@G?GgI,0,2387,,,false,2
,H@G?GgI,1,1965,,,false,2
,H@G?GgI,2,2386,,,false,2
,H@G?GgI,3,2317,,,false,2
,H@G?GgI,4,2457,,,false,2
,H@G?GgI,5,2386,,,false,2
,H@G?GgI,6,1965,,,false,2
,H@G?GgI,7,2387,,,false,2
,H@G?GgI,8,2387,,,false,2
,H@G?GgI,9,2387,,,false,2
,H??IPio,0,2877,,,false,2
,H??IPio,1,2316,,,false,2
,H??IPio,2,2457,,,false,2
,H??IPio,3,2387,,,false,2
,H??IPio,4,2456,,,false,2
,H??IPio,5,2386,,,false,2
,H??IPio,6,2316,,,false,2
,H??IPio,7,1895,,,false,2
,H??IPio,8,1895,,,false,2
,H??IPio,9,2386,,,false,2
,HoCOPHA,0,2878,,,false,2
,HoCOPHA,1,2387,,,false,2
,HoCOPHA,2,2456,,,false,2
,HoCOPHA,3,2456,,,false,2
,HoCOPHA,4,2457,,,false,2
,HoCOPHA,5,2386,,,false,2
,HoCOPHA,6,2386,,,false,2
,HoCOPHA,7,2456,,,false,2
,HoCOPHA,8,1895,,,false,2
,HoCOPHA,9,2316,,,false,2
,H?G?iIW,0,2457,,,false,1
,H?G?iIW,1,2386,,,false,1
,H?G?iIW,2,2316,,,false,1
,H?G?iIW,3,2316,,,false,1
,H?G?iIW,4,2387,,,false,1
,H?G?iIW,5,2387,,,false,1
,H?G?iIW,6,2457,,,false,1
,H?G?iIW,7,2386,,,false,1
,H?G?iIW,8,1895,,,false,1
,H?G?iIW,9,1895,,,false,1
,H?A?ISq,0,2456,,,false,1
,H?A?ISq,1,2386,,,false,1
,H?A?ISq,2,1965,,,false,1
,H?A?ISq,3,2386,,,false,1
,H?A?ISq,4,2877,,,false,1
,H?A?ISq,5,2387,,,false,1
,H?A?ISq,6,2457,,,false,1
,H?A?ISq,7,1895,,,false,1
,H?A?ISq,8,1965,,,false,1
,H?A?ISq,9,2387,,,false,1
,H@GSY^o,0,3369,,,false,4
,H@GSY^o,1,2807,,,false,4
,H@GSY^o,2,3229,,,false,4
,H@GSY^o,3,2878,,,false,4
,H@GSY^o,4,3299,,,false,4
,H@GSY^o,5,2877,,,false,4
,H@GSY^o,6,2878,,,false,4
,H@GSY^o,7,3228,,,false,4
,H@GSY^o,8,2878,,,false,4
,H@GSY^o,9,2877,,,false,4
,H?C[Y[n,0,3790,,,false,4
,H?C[Y[n,1,2878,,,false,4
,H?C[Y[n,2,3369,,,false,4
,H?C[Y[n,3,2877,,,false,4
,H?C[Y[n,4,3369,,,false,4
,H?C[Y[n,5,3299,,,false,4
,H?C[Y[n,6,3369,,,false,4
,H?C[Y[n,7,2948,,,false,4
,H?C[Y[n,8,2808,,,false,4
,H?C[Y[n,9,3369,,,false,4
,H????N},0,2808,,,false,2
,H????N},1,2386,,,false,2
,H????N},2,2386,,,false,2
,H????N},3,1965,,,false,2
,H????N},4,2386,,,false,2
,H????N},5,1895,,,false,2
,H????N},6,2316,,,false,2
,H????N},7,2456,,,false,2
,H????N},8,2386,,,false,2
,H????N},9,2457,,,false,2
,H??GW[N,0,2948,,,false,4
,H??GW[N,1,2948,,,false,4
,H??GW[N,2,2878,,,false,4
,H??GW[N,3,2808,,,false,4
,H??GW[N,4,2877,,,false,4
,H??GW[N,5,2878,,,false,4
,H??GW[N,6,2878,,,false,4
,H??GW[N,7,2878,,,false,4
,H??GW[N,8,2807,,,false,4
,H??GW[N,9,3228,,,false,4
,H??GW^~,0,3299,,,false,4
,H??GW^~,1,2807,,,false,4
,H??GW^~,2,3299,,,false,4
,H??GW^~,3,3368,,,false,4
,H??GW^~,4,2948,,,false,4
,H??GW^~,5,3369,,,false,4
,H??GW^~,6,3298,,,false,4
,H??GW^~,7,2878,,,false,4
,H??GW^~,8,2948,,,false,4
,H??GW^~,9,2948,,,false,4
,H????^p,0,2457,,,false,1
,H????^p,1,2386,,,false,1
,H????^p,2,2386,,,false,1
,H????^p,3,2387,,,false,1
,H????^p,4,2457,,,false,1
,H????^p,5,2456,,,false,1
,H????^p,6,2457,,,false,1
,H????^p,7,2316,,,false,1
,H????^p,8,2387,,,false,1
,H????^p,9,2386,,,false,1
,H?CWw{^,0,3790,,,false,5
,H?CWw{^,1,3369,,,false,5
,H?CWw{^,2,3439,,,false,5
,H?CWw{^,3,3369,,,false,5
,H?CWw{^,4,3299,,,false,5
,H?CWw{^,5,3369,,,false,5
,H?CWw{^,6,3299,,,false,5
,H?CWw{^,7,2878,,,false,5
,H?CWw{^,8,3369,,,false,5
,H?CWw{^,9,3228,,,false,5
,H?CWw~~,0,3860,,,false,5
,H?CWw~~,1,3299,,,false,5
,H?CWw~~,2,3860,,,false,5
,H?CWw~~,3,3369,,,false,5
,H?CWw~~,4,3439,,,false,5
,H?CWw~~,5,3790,,,false,5
,H?CWw~~,6,3720,,,false,5
,H?CWw~~,7,3861,,,false,5
,H?CWw~~,8,3440,,,false,5
,H?CWw~~,9,3369,,,false,5
,H???C\q,0,2457,,,false,1
,H???C\q,1,2386,,,false,1
,H???C\q,2,2316,,,false,1
,H???C\q,3,2457,,,false,1
,H???C\q,4,2387,,,false,1
,H???C\q,5,2386,,,false,1
,H???C\q,6,1965,,,false,1
,H???C\q,7,1895,,,false,1
,H???C\q,8,2387,,,false,1
,H???C\q,9,2457,,,false,1
,H????B~,0,2808,,,false,1
,H????B~,1,2948,,,false,1
,H????B~,2,2386,,,false,1
,H????B~,3,2456,,,false,1
,H????B~,4,2386,,,false,1
,H????B~,5,2807,,,false,1
,H????B~,6,2386,,,false,1
,H????B~,7,2457,,,false,1
,H????B~,8,2456,,,false,1
,H????B~,9,2387,,,false,1
,HEutZhj,0,4282,,,false,5
,HEutZhj,1,3439,,,false,5
,HEutZhj,2,3439,,,false,5
,HEutZhj,3,3790,,,false,5
,HEutZhj,4,3790,,,false,5
,HEutZhj,5,3860,,,false,5
,HEutZhj,6,3299,,,false,5
,HEutZhj,7,3790,,,false,5
,HEutZhj,8,3790,,,false,5
,HEutZhj,9,3369,,,false,5
,HCHCp\V,0,29198,,,false,2
,HCHCp\V,1,4352,,,false,2
,HCHCp\V,2,3790,,,false,2
,HCHCp\V,3,3369,,,false,2
,HCHCp\V,4,3369,,,false,2
,HCHCp\V,5,3369,,,false,2
,HCHCp\V,6,3228,,,false,2
,HCHCp\V,7,3369,,,false,2
,HCHCp\V,8,3369,,,false,2
,HCHCp\V,9,3439,,,false,2
,HqH}dS^,0,6036,,,false,4
,HqH}dS^,1,5264,,,false,4
,HqH}dS^,2,4913,,,false,4
,HqH}dS^,3,4351,,,false,4
,HqH}dS^,4,4211,,,false,4
,HqH}dS^,5,4281,,,false,4
,HqH}dS^,6,4351,,,false,4
,HqH}dS^,7,4351,,,false,4
,HqH}dS^,8,4281,,,false,4
,HqH}dS^,9,4282,,,false,4
,HoCOOL_,0,3369,,,false,2
,HoCOOL_,1,2877,,,false,2
,HoCOOL_,2,2387,,,false,2
,HoCOOL_,3,2386,,,false,2
,HoCOOL_,4,2457,,,false,2
,HoCOOL_,5,2386,,,false,2
,HoCOOL_,6,2386,,,false,2
,HoCOOL_,7,2386,,,false,2
,HoCOOL_,8,2316,,,false,2
,HoCOOL_,9,2878,,,false,2
,HwCO?SE,0,3299,,,false,2
,HwCO?SE,1,2808,,,false,2
,HwCO?SE,2,2877,,,false,2
,HwCO?SE,3,2948,,,false,2
,HwCO?SE,4,2878,,,false,2
,HwCO?SE,5,2808,,,false,2
,HwCO?SE,6,2877,,,false,2
,HwCO?SE,7,2386,,,false,2
,HwCO?SE,8,2948,,,false,2
,HwCO?SE,9,2387,,,false,2
,H{dQXgj,0,5685,,,false,5
,H{dQXgj,1,4211,,,false,5
,H{dQXgj,2,4281,,,false,5
,H{dQXgj,3,4352,,,false,5
,H{dQXgj,4,4351,,,false,5
,H{dQXgj,5,4282,,,false,5
,H{dQXgj,6,4281,,,false,5
,H{dQXgj,7,4422,,,false,5
,H{dQXgj,8,4281,,,false,5
,H{dQXgj,9,4281,,,false,5
,HoDPV~},0,5194,,,false,4
,HoDPV~},1,4351,,,false,4
,HoDPV~},2,4281,,,false,4
,HoDPV~},3,4282,,,false,4
,HoDPV~},4,4281,,,false,4
,HoDPV~},5,3439,,,false,4
,HoDPV~},6,3860,,,false,4
,HoDPV~},7,3790,,,false,4
,HoDPV~},8,3439,,,false,4
,HoDPV~},9,3790,,,false,4
,HIISZ~},0,4352,,,false,4
,HIISZ~},1,3719,,,false,4
,HIISZ~},2,3790,,,false,4
,HIISZ~},3,3860,,,false,4
,HIISZ~},4,3369,,,false,4
,HIISZ~},5,3298,,,false,4
,HIISZ~},6,3720,,,false,4
,HIISZ~},7,3790,,,false,4
,HIISZ~},8,3369,,,false,4
,HIISZ~},9,3369,,,false,4
,H?MzvNV,0,3930,,,false,4
,H?MzvNV,1,3299,,,false,4
,H?MzvNV,2,3439,,,false,4
,H?MzvNV,3,3791,,,false,4
,H?MzvNV,4,3860,,,false,4
,H?MzvNV,5,3440,,,false,4
,H?MzvNV,6,3298,,,false,4
,H?MzvNV,7,3440,,,false,4
,H?MzvNV,8,3369,,,false,4
,H?MzvNV,9,3860,,,false,4
,H?S}tnn,0,4351,,,false,4
,H?S}tnn,1,3439,,,false,4
,H?S}tnn,2,3369,,,false,4
,H?S}tnn,3,3790,,,false,4
,H?S}tnn,4,3369,,,false,4
,H?S}tnn,5,3439,,,false,4
,H?S}tnn,6,3369,,,false,4
,H?S}tnn,7,3299,,,false,4
,H?S}tnn,8,3369,,,false,4
,H?S}tnn,9,3299,,,false,4
,H?`jm}~,0,4281,,,false,3
,H?`jm}~,1,3369,,,false,3
,H?`jm}~,2,3440,,,false,3
,H?`jm}~,3,3299,,,false,3
,H?`jm}~,4,3229,,,false,3
,H?`jm}~,5,3299,,,false,3
,H?`jm}~,6,3790,,,false,3
,H?`jm}~,7,3369,,,false,3
,H?`jm}~,8,9475,,,false,3
,H?`jm}~,9,2878,,,false,3
,H?h[bFr,0,4211,,,false,4
,H?h[bFr,1,3299,,,false,4
,H?h[bFr,2,3369,,,false,4
,H?h[bFr,3,2877,,,false,4
,H?h[bFr,4,3299,,,false,4
,H?h[bFr,5,3299,,,false,4
,H?h[bFr,6,3299,,,false,4
,H?h[bFr,7,3439,,,false,4
,H?h[bFr,8,2877,,,false,4
,H?h[bFr,9,3299,,,false,4
,H@IQ]re,0,3790,,,false,4
,H@IQ]re,1,2807,,,false,4
,H@IQ]re,2,2878,,,false,4
,H@IQ]re,3,2878,,,false,4
,H@IQ]re,4,2948,,,false,4
,H@IQ]re,5,3299,,,false,4
,H@IQ]re,6,2808,,,false,4
,H@IQ]re,7,3369,,,false,4
,H@IQ]re,8,2877,,,false,4
,H@IQ]re,9,2947,,,false,4
,H`?guNw,0,3439,,,false,3
,H`?guNw,1,2878,,,false,3
,H`?guNw,2,2808,,,false,3
,H`?guNw,3,2808,,,false,3
,H`?guNw,4,2878,,,false,3
,H`?guNw,5,2878,,,false,3
,H`?guNw,6,2878,,,false,3
,H`?guNw,7,2878,,,false,3
,H`?guNw,8,2808,,,false,3
,H`?guNw,9,3369,,,false,3
,H`AkrT[,0,4703,,,false,4
,H`AkrT[,1,3369,,,false,4
,H`AkrT[,2,3369,,,false,4
,H`AkrT[,3,3369,,,false,4
,H`AkrT[,4,3298,,,false,4
,H`AkrT[,5,3299,,,false,4
,H`AkrT[,6,3369,,,false,4
,H`AkrT[,7,3439,,,false,4
,H`AkrT[,8,3299,,,false,4
,H`AkrT[,9,3369,,,false,4
,H_GouNy,0,3720,,,false,3
,H_GouNy,1,2948,,,false,3
,H_GouNy,2,2808,,,false,3
,H_GouNy,3,2948,,,false,3
,H_GouNy,4,3369,,,false,3
,H_GouNy,5,2808,,,false,3
,H_GouNy,6,2878,,,false,3
,H_GouNy,7,2877,,,false,3
,H_GouNy,8,3369,,,false,3
,H_GouNy,9,2878,,,false,3
,H@`M@~u,0,4281,,,false,4
,H@`M@~u,1,2808,,,false,4
,H@`M@~u,2,2807,,,false,4
,H@`M@~u,3,3369,,,false,4
,H@`M@~u,4,2948,,,false,4
,H@`M@~u,5,2878,,,false,4
,H@`M@~u,6,2807,,,false,4
,H@`M@~u,7,3299,,,false,4
,H@`M@~u,8,3298,,,false,4
,H@`M@~u,9,2948,,,false,4
,HR?MC|m,0,3860,,,false,4
,HR?MC|m,1,3369,,,false,4
,HR?MC|m,2,2878,,,false,4
,HR?MC|m,3,3369,,,false,4
,HR?MC|m,4,3299,,,false,4
,HR?MC|m,5,2878,,,false,4
,HR?MC|m,6,3439,,,false,4
,HR?MC|m,7,2807,,,false,4
,HR?MC|m,8,3369,,,false,4
,HR?MC|m,9,2878,,,false,4
,HR?M@~M,0,3369,,,false,4
,HR?M@~M,1,2878,,,false,4
,HR?M@~M,2,2948,,,false,4
,HR?M@~M,3,3369,,,false,4
,HR?M@~M,4,2807,,,false,4
,HR?M@~M,5,3369,,,false,4
,HR?M@~M,6,2878,,,false,4
,HR?M@~M,7,2947,,,false,4
,HR?M@~M,8,2877,,,false,4
,HR?M@~M,9,2808,,,false,4
,HR`HGvN,0,4351,,,false,4
,HR`HGvN,1,3229,,,false,4
,HR`HGvN,2,3369,,,false,4
,HR`HGvN,3,3299,,,false,4
,HR`HGvN,4,2947,,,false,4
,HR`HGvN,5,4282,,,false,4
,HR`HGvN,6,3228,,,false,4
,HR`HGvN,7,3299,,,false,4
,HR`HGvN,8,3439,,,false,4
,HR`HGvN,9,3369,,,false,4
,HCSp]Nw,0,4422,,,false,4
,HCSp]Nw,1,3299,,,false,4
,HCSp]Nw,2,2948,,,false,4
,HCSp]Nw,3,3229,,,false,4
,HCSp]Nw,4,3369,,,false,4
,HCSp]Nw,5,3369,,,false,4
,HCSp]Nw,6,2807,,,false,4
,HCSp]Nw,7,3369,,,false,4
,HCSp]Nw,8,3299,,,false,4
,HCSp]Nw,9,3368,,,false,4
,H@iRI~w,0,4703,,,false,4
,H@iRI~w,1,3439,,,false,4
,H@iRI~w,2,3790,,,false,4
,H@iRI~w,3,3229,,,false,4
,H@iRI~w,4,3369,,,false,4
,H@iRI~w,5,3368,,,false,4
,H@iRI~w,6,3369,,,false,4
,H@iRI~w,7,3790,,,false,4
,H@iRI~w,8,3228,,,false,4
,H@iRI~w,9,3790,,,false,4
,HPSRK^[,0,5334,,,false,4
,HPSRK^[,1,2457,,,false,4
,HPSRK^[,2,3860,,,false,4
,HPSRK^[,3,3299,,,false,4
,HPSRK^[,4,3299,,,false,4
,HPSRK^[,5,3790,,,false,4
,HPSRK^[,6,3439,,,false,4
,HPSRK^[,7,3369,,,false,4
,HPSRK^[,8,3369,,,false,4
,HPSRK^[,9,3369,,,false,4
,HANLbNw,0,4211,,,false,5
,HANLbNw,1,3299,,,false,5
,HANLbNw,2,3860,,,false,5
,HANLbNw,3,3299,,,false,5
,HANLbNw,4,3790,,,false,5
,HANLbNw,5,3790,,,false,5
,HANLbNw,6,3369,,,false,5
,HANLbNw,7,3440,,,false,5
,HANLbNw,8,3790,,,false,5
,HANLbNw,9,3439,,,false,5
,H?ManrM,0,4212,,,false,4
,H?ManrM,1,3439,,,false,4
,H?ManrM,2,3369,,,false,4
,H?ManrM,3,3439,,,false,4
,H?ManrM,4,3299,,,false,4
,H?ManrM,5,3229,,,false,4
,H?ManrM,6,2948,,,false,4
,H?ManrM,7,3369,,,false,4
,H?ManrM,8,2948,,,false,4
,H?ManrM,9,3298,,,false,4
,H@hZSno,0,4282,,,false,5
,H@hZSno,1,3790,,,false,5
,H@hZSno,2,3369,,,false,5
,H@hZSno,3,3369,,,false,5
,H@hZSno,4,3439,,,false,5
,H@hZSno,5,3369,,,false,5
,H@hZSno,6,3299,,,false,5
,H@hZSno,7,3790,,,false,5
,H@hZSno,8,3790,,,false,5
,H@hZSno,9,3369,,,false,5
,H{`Ypgj,0,4422,,,false,5
,H{`Ypgj,1,3369,,,false,5
,H{`Ypgj,2,3790,,,false,5
,H{`Ypgj,3,3299,,,false,5
,H{`Ypgj,4,3860,,,false,5
,H{`Ypgj,5,3931,,,false,5
,H{`Ypgj,6,3228,,,false,5
,H{`Ypgj,7,3860,,,false,5
,H{`Ypgj,8,3790,,,false,5
,H{`Ypgj,9,3439,,,false,5
,HQ?g}Rp,0,3439,,,false,3
,HQ?g}Rp,1,2877,,,false,3
,HQ?g}Rp,2,2807,,,false,3
,HQ?g}Rp,3,2948,,,false,3
,HQ?g}Rp,4,2807,,,false,3
,HQ?g}Rp,5,2948,,,false,3
,HQ?g}Rp,6,2878,,,false,3
,HQ?g}Rp,7,2808,,,false,3
,HQ?g}Rp,8,2808,,,false,3
,HQ?g}Rp,9,2948,,,false,3
,HQ?{QVr,0,3791,,,false,3
,HQ?{QVr,1,3369,,,false,3
,HQ?{QVr,2,3439,,,false,3
,HQ?{QVr,3,2878,,,false,3
,HQ?{QVr,4,3298,,,false,3
,HQ?{QVr,5,3299,,,false,3
,HQ?{QVr,6,2807,,,false,3
,HQ?{QVr,7,2947,,,false,3
,HQ?{QVr,8,2948,,,false,3
,HQ?{QVr,9,3369,,,false,3
,H``@_^{,0,3298,,,false,3
,H``@_^{,1,2877,,,false,3
,H``@_^{,2,2807,,,false,3
,H``@_^{,3,2878,,,false,3
,H``@_^{,4,2948,,,false,3
,H``@_^{,5,2807,,,false,3
,H``@_^{,6,2878,,,false,3
,H``@_^{,7,2807,,,false,3
,H``@_^{,8,2387,,,false,3
,H``@_^{,9,2948,,,false,3
,HR?G]Nw,0,3860,,,false,3
,HR?G]Nw,1,2877,,,false,3
,HR?G]Nw,2,2878,,,false,3
,HR?G]Nw,3,2807,,,false,3
,HR?G]Nw,4,2878,,,false,3
,HR?G]Nw,5,2877,,,false,3
,HR?G]Nw,6,2948,,,false,3
,HR?G]Nw,7,2878,,,false,3
,HR?G]Nw,8,2807,,,false,3
,HR?G]Nw,9,2877,,,false,3
,HPp?g~e,0,4211,,,false,4
,HPp?g~e,1,3299,,,false,4
,HPp?g~e,2,3369,,,false,4
,HPp?g~e,3,2948,,,false,4
,HPp?g~e,4,3298,,,false,4
,HPp?g~e,5,3299,,,false,4
,HPp?g~e,6,3298,,,false,4
,HPp?g~e,7,2878,,,false,4
,HPp?g~e,8,3369,,,false,4
,HPp?g~e,9,2878,,,false,4
,H`Y?g~e,0,3369,,,false,4
,H`Y?g~e,1,2877,,,false,4
,H`Y?g~e,2,2808,,,false,4
,H`Y?g~e,3,2878,,,false,4
,H`Y?g~e,4,2948,,,false,4
,H`Y?g~e,5,3369,,,false,4
,H`Y?g~e,6,3299,,,false,4
,H`Y?g~e,7,3299,,,false,4
,H`Y?g~e,8,2807,,,false,4
,H`Y?g~e,9,3369,,,false,4
,H_?|Qrr,0,3790,,,false,3
,H_?|Qrr,1,3439,,,false,3
,H_?|Qrr,2,2807,,,false,3
,H_?|Qrr,3,2807,,,false,3
,H_?|Qrr,4,2386,,,false,3
,H_?|Qrr,5,2456,,,false,3
,H_?|Qrr,6,3860,,,false,3
,H_?|Qrr,7,3299,,,false,3
,H_?|Qrr,8,2948,,,false,3
,H_?|Qrr,9,2877,,,false,3
,H[CGYNp,0,3369,,,false,3
,H[CGYNp,1,2878,,,false,3
,H[CGYNp,2,2948,,,false,3
,H[CGYNp,3,2877,,,false,3
,H[CGYNp,4,3229,,,false,3
,H[CGYNp,5,2807,,,false,3
,H[CGYNp,6,2808,,,false,3
,H[CGYNp,7,2948,,,false,3
,H[CGYNp,8,2948,,,false,3
,H[CGYNp,9,2948,,,false,3
,H`GO]Nw,0,3791,,,false,3
,H`GO]Nw,1,3369,,,false,3
,H`GO]Nw,2,2878,,,false,3
,H`GO]Nw,3,2947,,,false,3
,H`GO]Nw,4,2948,,,false,3
,H`GO]Nw,5,2878,,,false,3
,H`GO]Nw,6,2877,,,false,3
,H`GO]Nw,7,3299,,,false,3
,H`GO]Nw,8,2948,,,false,3
,H`GO]Nw,9,2947,,,false,3
,H`IQO~e,0,3930,,,false,3
,H`IQO~e,1,2878,,,false,3
,H`IQO~e,2,3369,,,false,3
,H`IQO~e,3,3299,,,false,3
,H`IQO~e,4,2808,,,false,3
,H`IQO~e,5,2878,,,false,3
,H`IQO~e,6,2948,,,false,3
,H`IQO~e,7,2878,,,false,3
,H`IQO~e,8,2878,,,false,3
,H`IQO~e,9,2948,,,false,3
,HqGOW~e,0,3790,,,false,4
,HqGOW~e,1,3439,,,false,4
,HqGOW~e,2,3439,,,false,4
,HqGOW~e,3,3369,,,false,4
,HqGOW~e,4,3298,,,false,4
,HqGOW~e,5,2878,,,false,4
,HqGOW~e,6,2878,,,false,4
,HqGOW~e,7,3439,,,false,4
,HqGOW~e,8,3299,,,false,4
,HqGOW~e,9,3229,,,false,4
,HDYAG~e,0,3860,,,false,4
,HDYAG~e,1,2948,,,false,4
,HDYAG~e,2,3369,,,false,4
,HDYAG~e,3,3369,,,false,4
,HDYAG~e,4,3369,,,false,4
,HDYAG~e,5,2878,,,false,4
,HDYAG~e,6,3228,,,false,4
,HDYAG~e,7,3369,,,false,4
,HDYAG~e,8,3439,,,false,4
,HDYAG~e,9,3229,,,false,4
,Ha?{PVr,0,3790,,,false,3
,Ha?{PVr,1,3369,,,false,3
,Ha?{PVr,2,2808,,,false,3
,Ha?{PVr,3,3439,,,false,3
,Ha?{PVr,4,2878,,,false,3
,Ha?{PVr,5,3298,,,false,3
,Ha?{PVr,6,2878,,,false,3
,Ha?{PVr,7,2878,,,false,3
,Ha?{PVr,8,3369,,,false,3
,Ha?{PVr,9,2877,,,false,3
,Ho@PW~w,0,3930,,,false,3
,Ho@PW~w,1,3369,,,false,3
,Ho@PW~w,2,3299,,,false,3
,Ho@PW~w,3,2878,,,false,3
,Ho@PW~w,4,3369,,,false,3
,Ho@PW~w,5,2947,,,false,3
,Ho@PW~w,6,3369,,,false,3
,Ho@PW~w,7,3299,,,false,3
,Ho@PW~w,8,2878,,,false,3
,Ho@PW~w,9,3299,,,false,3
,Hq?HWzr,0,3299,,,false,3
,Hq?HWzr,1,3369,,,false,3
,Hq?HWzr,2,2878,,,false,3
,Hq?HWzr,3,2808,,,false,3
,Hq?HWzr,4,3369,,,false,3
,Hq?HWzr,5,3299,,,false,3
,Hq?HWzr,6,2878,,,false,3
,Hq?HWzr,7,2948,,,false,3
,Hq?HWzr,8,2877,,,false,3
,Hq?HWzr,9,2878,,,false,3
,H`?L?lJ,0,3369,,,false,2
,H`?L?lJ,1,2808,,,false,2
,H`?L?lJ,2,2316,,,false,2
,H`?L?lJ,3,2878,,,false,2
,H`?L?lJ,4,2456,,,false,2
,H`?L?lJ,5,2317,,,false,2
,H`?L?lJ,6,2807,,,false,2
,H`?L?lJ,7,2456,,,false,2
,H`?L?lJ,8,2387,,,false,2
,H`?L?lJ,9,2386,,,false,2
,HCd@Igi,0,2878,,,false,2
,HCd@Igi,1,2456,,,false,2
,HCd@Igi,2,2457,,,false,2
,HCd@Igi,3,2807,,,false,2
,HCd@Igi,4,2316,,,false,2
,HCd@Igi,5,2878,,,false,2
,HCd@Igi,6,2386,,,false,2
,HCd@Igi,7,2386,,,false,2
,HCd@Igi,8,2387,,,false,2
,HCd@Igi,9,2808,,,false,2
,H?z\z~~,0,4352,,,false,4
,H?z\z~~,1,3790,,,false,4
,H?z\z~~,2,3790,,,false,4
,H?z\z~~,3,4352,,,false,4
,H?z\z~~,4,3790,,,false,4
,H?z\z~~,5,3860,,,false,4
,H?z\z~~,6,4211,,,false,4
,H?z\z~~,7,3860,,,false,4
,H?z\z~~,8,3931,,,false,4
,H?z\z~~,9,3790,,,false,4
,H_K~]~~,0,4773,,,false,4
,H_K~]~~,1,4281,,,false,4
,H_K~]~~,2,3860,,,false,4
,H_K~]~~,3,4281,,,false,4
,H_K~]~~,4,4211,,,false,4
,H_K~]~~,5,3860,,,false,4
,H_K~]~~,6,3931,,,false,4
,H_K~]~~,7,3790,,,false,4
,H_K~]~~,8,3790,,,false,4
,H_K~]~~,9,3931,,,false,4
,HCZ\z~~,0,4211,,,false,4
,HCZ\z~~,1,3861,,,false,4
,HCZ\z~~,2,3930,,,false,4
,HCZ\z~~,3,3790,,,false,4
,HCZ\z~~,4,4212,,,false,4
,HCZ\z~~,5,3790,,,false,4
,HCZ\z~~,6,4281,,,false,4
,HCZ\z~~,7,3860,,,false,4
,HCZ\z~~,8,3930,,,false,4
,HCZ\z~~,9,3720,,,false,4
,H@zTz~~,0,4773,,,false,5
,H@zTz~~,1,4211,,,false,5
,H@zTz~~,2,4352,,,false,5
,H@zTz~~,3,3860,,,false,5
,H@zTz~~,4,4282,,,false,5
,H@zTz~~,5,4281,,,false,5
,H@zTz~~,6,4351,,,false,5
,H@zTz~~,7,4351,,,false,5
,H@zTz~~,8,4281,,,false,5
,H@zTz~~,9,4282,,,false,5
,H@l~]~~,0,4773,,,false,5
,H@l~]~~,1,4282,,,false,5
,H@l~]~~,2,4422,,,false,5
,H@l~]~~,3,4281,,,false,5
,H@l~]~~,4,4281,,,false,5
,H@l~]~~,5,4352,,,false,5
,H@l~]~~,6,4422,,,false,5
,H@l~]~~,7,4281,,,false,5
,H@l~]~~,8,4211,,,false,5
,H@l~]~~,9,4422,,,false,5
,HIiZ|~~,0,4281,,,false,5
,HIiZ|~~,1,4282,,,false,5
,HIiZ|~~,2,4351,,,false,5
,HIiZ|~~,3,4282,,,false,5
,HIiZ|~~,4,4211,,,false,5
,HIiZ|~~,5,4282,,,false,5
,HIiZ|~~,6,3860,,,false,5
,HIiZ|~~,7,4281,,,false,5
,HIiZ|~~,8,3790,,,false,5
,HIiZ|~~,9,4282,,,false,5
,HBqj|~~,0,4843,,,false,5
,HBqj|~~,1,4422,,,false,5
,HBqj|~~,2,4211,,,false,5
,HBqj|~~,3,4282,,,false,5
,HBqj|~~,4,4352,,,false,5
,HBqj|~~,5,4422,,,false,5
,HBqj|~~,6,4211,,,false,5
,HBqj|~~,7,4281,,,false,5
,HBqj|~~,8,4282,,,false,5
,HBqj|~~,9,3930,,,false,5
,HHr\z~~,0,4843,,,false,5
,HHr\z~~,1,4352,,,false,5
,HHr\z~~,2,4211,,,false,5
,HHr\z~~,3,4281,,,false,5
,HHr\z~~,4,3860,,,false,5
,HHr\z~~,5,3861,,,false,5
,HHr\z~~,6,4211,,,false,5
,HHr\z~~,7,4281,,,false,5
,HHr\z~~,8,4281,,,false,5
,HHr\z~~,9,4352,,,false,5
,HDYz}~~,0,4352,,,false,5
,HDYz}~~,1,4422,,,false,5
,HDYz}~~,2,4352,,,false,5
,HDYz}~~,3,4351,,,false,5
,HDYz}~~,4,4352,,,false,5
,HDYz}~~,5,4351,,,false,5
,HDYz}~~,6,4352,,,false,5
,HDYz}~~,7,3790,,,false,5
,HDYz}~~,8,4352,,,false,5
,HDYz}~~,9,3930,,,false,5
,Higx}~~,0,4913,,,false,5
,Higx}~~,1,4281,,,false,5
,Higx}~~,2,4282,,,false,5
,Higx}~~,3,4281,,,false,5
,Higx}~~,4,4422,,,false,5
,Higx}~~,5,4281,,,false,5
,Higx}~~,6,4281,,,false,5
,Higx}~~,7,3791,,,false,5
,Higx}~~,8,4351,,,false,5
,Higx}~~,9,4282,,,false,5
,HFXm|~~,0,4843,,,false,5
,HFXm|~~,1,4211,,,false,5
,HFXm|~~,2,4702,,,false,5
,HFXm|~~,3,3790,,,false,5
,HFXm|~~,4,3861,,,false,5
,HFXm|~~,5,4281,,,false,5
,HFXm|~~,6,4211,,,false,5
,HFXm|~~,7,4281,,,false,5
,HFXm|~~,8,3860,,,false,5
,HFXm|~~,9,3931,,,false,5
,HiK|[~~,0,4772,,,false,5
,HiK|[~~,1,4212,,,false,5
,HiK|[~~,2,4351,,,false,5
,HiK|[~~,3,3931,,,false,5
,HiK|[~~,4,4281,,,false,5
,HiK|[~~,5,3790,,,false,5
,HiK|[~~,6,3860,,,false,5
,HiK|[~~,7,3931,,,false,5
,HiK|[~~,8,4281,,,false,5
,HiK|[~~,9,4281,,,false,5
,HsXXz~~,0,5124,,,false,6
,HsXXz~~,1,4842,,,false,6
,HsXXz~~,2,4422,,,false,6
,HsXXz~~,3,4351,,,false,6
,HsXXz~~,4,4211,,,false,6
,HsXXz~~,5,4351,,,false,6
,HsXXz~~,6,4352,,,false,6
,HsXXz~~,7,4352,,,false,6
,HsXXz~~,8,4211,,,false,6
,HsXXz~~,9,4281,,,false,6
,HiiXz~~,0,4703,,,false,5
,HiiXz~~,1,4281,,,false,5
,HiiXz~~,2,4352,,,false,5
,HiiXz~~,3,4351,,,false,5
,HiiXz~~,4,4281,,,false,5
,HiiXz~~,5,4282,,,false,5
,HiiXz~~,6,4422,,,false,5
,HiiXz~~,7,3861,,,false,5
,HiiXz~~,8,4351,,,false,5
,HiiXz~~,9,4282,,,false,5
,HsSz~^~,0,4773,,,false,5
,HsSz~^~,1,4352,,,false,5
,HsSz~^~,2,4421,,,false,5
,HsSz~^~,3,4282,,,false,5
,HsSz~^~,4,4351,,,false,5
,HsSz~^~,5,4281,,,false,5
,HsSz~^~,6,4422,,,false,5
,HsSz~^~,7,4352,,,false,5
,HsSz~^~,8,3790,,,false,5
,HsSz~^~,9,4281,,,false,5
,HDxuz~~,0,5264,,,false,5
,HDxuz~~,1,4351,,,false,5
,HDxuz~~,2,4351,,,false,5
,HDxuz~~,3,4211,,,false,5
,HDxuz~~,4,4282,,,false,5
,HDxuz~~,5,4351,,,false,5
,HDxuz~~,6,4351,,,false,5
,HDxuz~~,7,4281,,,false,5
,HDxuz~~,8,4282,,,false,5
,HDxuz~~,9,4282,,,false,5
,HFZm|~~,0,4773,,,false,5
,HFZm|~~,1,4351,,,false,5
,HFZm|~~,2,4773,,,false,5
,HFZm|~~,3,4211,,,false,5
,HFZm|~~,4,4282,,,false,5
,HFZm|~~,5,4352,,,false,5
,HFZm|~~,6,4281,,,false,5
,HFZm|~~,7,4351,,,false,5
,HFZm|~~,8,3861,,,false,5
,HFZm|~~,9,4422,,,false,5
,HBu~Z~~,0,4843,,,false,5
,HBu~Z~~,1,4282,,,false,5
,HBu~Z~~,2,4282,,,false,5
,HBu~Z~~,3,4211,,,false,5
,HBu~Z~~,4,3931,,,false,5
,HBu~Z~~,5,4351,,,false,5
,HBu~Z~~,6,4703,,,false,5
,HBu~Z~~,7,4351,,,false,5
,HBu~Z~~,8,4352,,,false,5
,HBu~Z~~,9,4351,,,false,5
,HEl~~z~,0,4913,,,false,5
,HEl~~z~,1,4282,,,false,5
,HEl~~z~,2,4282,,,false,5
,HEl~~z~,3,4772,,,false,5
,HEl~~z~,4,4422,,,false,5
,HEl~~z~,5,4702,,,false,5
,HEl~~z~,6,4211,,,false,5
,HEl~~z~,7,4282,,,false,5
,HEl~~z~,8,4351,,,false,5
,HEl~~z~,9,4351,,,false,5
,H~?GW^~,0,3860,,,false,4
,H~?GW^~,1,3299,,,false,4
,H~?GW^~,2,3299,,,false,4
,H~?GW^~,3,2877,,,false,4
,H~?GW^~,4,2877,,,false,4
,H~?GW^~,5,3368,,,false,4
,H~?GW^~,6,3369,,,false,4
,H~?GW^~,7,2808,,,false,4
,H~?GW^~,8,3298,,,false,4
,H~?GW^~,9,2948,,,false,4
,HwC^?~~,0,4351,,,false,4
,HwC^?~~,1,3369,,,false,4
,HwC^?~~,2,3791,,,false,4
,HwC^?~~,3,3299,,,false,4
,HwC^?~~,4,3299,,,false,4
,HwC^?~~,5,3369,,,false,4
,HwC^?~~,6,3369,,,false,4
,HwC^?~~,7,3299,,,false,4
,HwC^?~~,8,3369,,,false,4
,HwC^?~~,9,3369,,,false,4
,HwCW~N~,0,4282,,,false,4
,HwCW~N~,1,9124,,,false,4
,HwCW~N~,2,3369,,,false,4
,HwCW~N~,3,3299,,,false,4
,HwCW~N~,4,3299,,,false,4
,HwCW~N~,5,3299,,,false,4
,HwCW~N~,6,3790,,,false,4
,HwCW~N~,7,3369,,,false,4
,HwCW~N~,8,3790,,,false,4
,HwCW~N~,9,3790,,,false,4
,HwCW~^~,0,4211,,,false,4
,HwCW~^~,1,3860,,,false,4
,HwCW~^~,2,3860,,,false,4
,HwCW~^~,3,3299,,,false,4
,HwCW~^~,4,3860,,,false,4
,HwCW~^~,5,3790,,,false,4
,HwCW~^~,6,3860,,,false,4
,HwCW~^~,7,3369,,,false,4
,HwCW~^~,8,3369,,,false,4
,HwCW~^~,9,3861,,,false,4
,H`rHpn~,0,4212,,,false,4
,H`rHpn~,1,3369,,,false,4
,H`rHpn~,2,3368,,,false,4
,H`rHpn~,3,3860,,,false,4
,H`rHpn~,4,3790,,,false,4
,H`rHpn~,5,3299,,,false,4
,H`rHpn~,6,3299,,,false,4
,H`rHpn~,7,3369,,,false,4
,H`rHpn~,8,3369,,,false,4
,H`rHpn~,9,3299,,,false,4
,HKeZb^~,0,4282,,,false,4
,HKeZb^~,1,3299,,,false,4
,HKeZb^~,2,3299,,,false,4
,HKeZb^~,3,3299,,,false,4
,HKeZb^~,4,3861,,,false,4
,HKeZb^~,5,3299,,,false,4
,HKeZb^~,6,3720,,,false,4
,HKeZb^~,7,3299,,,false,4
,HKeZb^~,8,3931,,,false,4
,HKeZb^~,9,3369,,,false,4
,HwC[zz~,0,4422,,,false,5
,HwC[zz~,1,3369,,,false,5
,HwC[zz~,2,3860,,,false,5
,HwC[zz~,3,3790,,,false,5
,HwC[zz~,4,3931,,,false,5
,HwC[zz~,5,3298,,,false,5
,HwC[zz~,6,3790,,,false,5
,HwC[zz~,7,3720,,,false,5
,HwC[zz~,8,3930,,,false,5
,HwC[zz~,9,3860,,,false,5
,H`ouX~~,0,4352,,,false,4
,H`ouX~~,1,3791,,,false,4
,H`ouX~~,2,3790,,,false,4
,H`ouX~~,3,3369,,,false,4
,H`ouX~~,4,3440,,,false,4
,H`ouX~~,5,3790,,,false,4
,H`ouX~~,6,3791,,,false,4
,H`ouX~~,7,3369,,,false,4
,H`ouX~~,8,3861,,,false,4
,H`ouX~~,9,3369,,,false,4
,H`K~E~~,0,4281,,,false,5
,H`K~E~~,1,3720,,,false,5
,H`K~E~~,2,3720,,,false,5
,H`K~E~~,3,3790,,,false,5
,H`K~E~~,4,3861,,,false,5
,H`K~E~~,5,3299,,,false,5
,H`K~E~~,6,3790,,,false,5
,H`K~E~~,7,3790,,,false,5
,H`K~E~~,8,3930,,,false,5
,H`K~E~~,9,3369,,,false,5
,HeGh}~~,0,3930,,,false,4
,HeGh}~~,1,3790,,,false,4
,HeGh}~~,2,3860,,,false,4
,HeGh}~~,3,3790,,,false,4
,HeGh}~~,4,3369,,,false,4
,HeGh}~~,5,3790,,,false,4
,HeGh}~~,6,3791,,,false,4
,HeGh}~~,7,3860,,,false,4
,HeGh}~~,8,3860,,,false,4
,HeGh}~~,9,3860,,,false,4
,HTPLzz~,0,4351,,,false,4
,HTPLzz~,1,3790,,,false,4
,HTPLzz~,2,3790,,,false,4
,HTPLzz~,3,3790,,,false,4
,HTPLzz~,4,3860,,,false,4
,HTPLzz~,5,3861,,,false,4
,HTPLzz~,6,3299,,,false,4
,HTPLzz~,7,3790,,,false,4
,HTPLzz~,8,3790,,,false,4
,HTPLzz~,9,3860,,,false,4
,H`NDzz~,0,4281,,,false,5
,H`NDzz~,1,3860,,,false,5
,H`NDzz~,2,3790,,,false,5
,H`NDzz~,3,3790,,,false,5
,H`NDzz~,4,3790,,,false,5
,H`NDzz~,5,3930,,,false,5
,H`NDzz~,6,3861,,,false,5
,H`NDzz~,7,3931,,,false,5
,H`NDzz~,8,3791,,,false,5
,H`NDzz~,9,3860,,,false,5
,HwCZ~z~,0,4282,,,false,5
,HwCZ~z~,1,3930,,,false,5
,HwCZ~z~,2,3791,,,false,5
,HwCZ~z~,3,3790,,,false,5
,HwCZ~z~,4,3790,,,false,5
,HwCZ~z~,5,3860,,,false,5
,HwCZ~z~,6,3860,,,false,5
,HwCZ~z~,7,3790,,,false,5
,HwCZ~z~,8,3861,,,false,5
,HwCZ~z~,9,3860,,,false,5
,HTPLz~~,0,3860,,,false,4
,HTPLz~~,1,3861,,,false,4
,HTPLz~~,2,3791,,,false,4
,HTPLz~~,3,3791,,,false,4
,HTPLz~~,4,3790,,,false,4
,HTPLz~~,5,3860,,,false,4
,HTPLz~~,6,3790,,,false,4
,HTPLz~~,7,3790,,,false,4
,HTPLz~~,8,3790,,,false,4
,HTPLz~~,9,3930,,,false,4
,HwC^~z~,0,4281,,,false,5
,HwC^~z~,1,4422,,,false,5
,HwC^~z~,2,4281,,,false,5
,HwC^~z~,3,3790,,,false,5
,HwC^~z~,4,3790,,,false,5
,HwC^~z~,5,3931,,,false,5
,HwC^~z~,6,3860,,,false,5
,HwC^~z~,7,3790,,,false,5
,HwC^~z~,8,3790,,,false,5
,HwC^~z~,9,3931,,,false,5
,HcKz]~~,0,4772,,,false,5
,HcKz]~~,1,3931,,,false,5
,HcKz]~~,2,3790,,,false,5
,HcKz]~~,3,3790,,,false,5
,HcKz]~~,4,4281,,,false,5
,HcKz]~~,5,3931,,,false,5
,HcKz]~~,6,3860,,,false,5
,HcKz]~~,7,3790,,,false,5
,HcKz]~~,8,3860,,,false,5
,HcKz]~~,9,3790,,,false,5
,HHe^Z~~,0,4352,,,false,5
,HHe^Z~~,1,4421,,,false,5
,HHe^Z~~,2,4352,,,false,5
,HHe^Z~~,3,3791,,,false,5
,HHe^Z~~,4,4282,,,false,5
,HHe^Z~~,5,3860,,,false,5
,HHe^Z~~,6,3860,,,false,5
,HHe^Z~~,7,4282,,,false,5
,HHe^Z~~,8,3719,,,false,5
,HHe^Z~~,9,3790,,,false,5
,HTlai^~,0,4702,,,false,4
,HTlai^~,1,3931,,,false,4
,HTlai^~,2,3369,,,false,4
,HTlai^~,3,3790,,,false,4
,HTlai^~,4,3790,,,false,4
,HTlai^~,5,3860,,,false,4
,HTlai^~,6,3439,,,false,4
,HTlai^~,7,3790,,,false,4
,HTlai^~,8,3860,,,false,4
,HTlai^~,9,3790,,,false,4
,HRhTY~~,0,4281,,,false,4
,HRhTY~~,1,3369,,,false,4
,HRhTY~~,2,3369,,,false,4
,HRhTY~~,3,3720,,,false,4
,HRhTY~~,4,3790,,,false,4
,HRhTY~~,5,3860,,,false,4
,HRhTY~~,6,3860,,,false,4
,HRhTY~~,7,3299,,,false,4
,HRhTY~~,8,3790,,,false,4
,HRhTY~~,9,3439,,,false,4
,HwDX~r~,0,4773,,,false,5
,HwDX~r~,1,4211,,,false,5
,HwDX~r~,2,3860,,,false,5
,HwDX~r~,3,3790,,,false,5
,HwDX~r~,4,3720,,,false,5
,HwDX~r~,5,3790,,,false,5
,HwDX~r~,6,3931,,,false,5
,HwDX~r~,7,3860,,,false,5
,HwDX~r~,8,3860,,,false,5
,HwDX~r~,9,3790,,,false,5
,H`NUX~~,0,4352,,,false,4
,H`NUX~~,1,3790,,,false,4
,H`NUX~~,2,3931,,,false,4
,H`NUX~~,3,3790,,,false,4
,H`NUX~~,4,3790,,,false,4
,H`NUX~~,5,3299,,,false,4
,H`NUX~~,6,3369,,,false,4
,H`NUX~~,7,3861,,,false,4
,H`NUX~~,8,3791,,,false,4
,H`NUX~~,9,3369,,,false,4
,HwDX~v~,0,4281,,,false,5
,HwDX~v~,1,4281,,,false,5
,HwDX~v~,2,3861,,,false,5
,HwDX~v~,3,4351,,,false,5
,HwDX~v~,4,3720,,,false,5
,HwDX~v~,5,3790,,,false,5
,HwDX~v~,6,3861,,,false,5
,HwDX~v~,7,3860,,,false,5
,HwDX~v~,8,3790,,,false,5
,HwDX~v~,9,3790,,,false,5
,HTPi|~~,0,4281,,,false,4
,HTPi|~~,1,3790,,,false,4
,HTPi|~~,2,3860,,,false,4
,HTPi|~~,3,3861,,,false,4
,HTPi|~~,4,3790,,,false,4
,HTPi|~~,5,3720,,,false,4
,HTPi|~~,6,3790,,,false,4
,HTPi|~~,7,3930,,,false,4
,HTPi|~~,8,3861,,,false,4
,HTPi|~~,9,3369,,,false,4
,H}CXZ^~,0,4772,,,false,5
,H}CXZ^~,1,3791,,,false,5
,H}CXZ^~,2,3860,,,false,5
,H}CXZ^~,3,10177,,,false,5
,H}CXZ^~,4,4281,,,false,5
,H}CXZ^~,5,2808,,,false,5
,H}CXZ^~,6,4351,,,false,5
,H}CXZ^~,7,3860,,,false,5
,H}CXZ^~,8,4212,,,false,5
,H}CXZ^~,9,4352,,,false,5
,H`^@|n~,0,4703,,,false,5
,H`^@|n~,1,3860,,,false,5
,H`^@|n~,2,3931,,,false,5
,H`^@|n~,3,3791,,,false,5
,H`^@|n~,4,3720,,,false,5
,H`^@|n~,5,4282,,,false,5
,H`^@|n~,6,3860,,,false,5
,H`^@|n~,7,3790,,,false,5
,H`^@|n~,8,4211,,,false,5
,H`^@|n~,9,3790,,,false,5
,HtPHx~~,0,4773,,,false,5
,HtPHx~~,1,4282,,,false,5
,HtPHx~~,2,3930,,,false,5
,HtPHx~~,3,3790,,,false,5
,HtPHx~~,4,4351,,,false,5
,HtPHx~~,5,3790,,,false,5
,HtPHx~~,6,4351,,,false,5
,HtPHx~~,7,3931,,,false,5
,HtPHx~~,8,4281,,,false,5
,HtPHx~~,9,3790,,,false,5
,H`NH~f~,0,4702,,,false,5
,H`NH~f~,1,4211,,,false,5
,H`NH~f~,2,3930,,,false,5
,H`NH~f~,3,3791,,,false,5
,H`NH~f~,4,3790,,,false,5
,H`NH~f~,5,3861,,,false,5
,H`NH~f~,6,3860,,,false,5
,H`NH~f~,7,3861,,,false,5
,H`NH~f~,8,3790,,,false,5
,H`NH~f~,9,3861,,,false,5
,H`o~fz~,0,4702,,,false,5
,H`o~fz~,1,4352,,,false,5
,H`o~fz~,2,3930,,,false,5
,H`o~fz~,3,3790,,,false,5
,H`o~fz~,4,3790,,,false,5
,H`o~fz~,5,3790,,,false,5
,H`o~fz~,6,4281,,,false,5
,H`o~fz~,7,3860,,,false,5
,H`o~fz~,8,4282,,,false,5
,H`o~fz~,9,3790,,,false,5
,H{CZZ~~,0,4211,,,false,5
,H{CZZ~~,1,4352,,,false,5
,H{CZZ~~,2,3930,,,false,5
,H{CZZ~~,3,3790,,,false,5
,H{CZZ~~,4,3860,,,false,5
,H{CZZ~~,5,3790,,,false,5
,H{CZZ~~,6,3930,,,false,5
,H{CZZ~~,7,3790,,,false,5
,H{CZZ~~,8,3790,,,false,5
,H{CZZ~~,9,4212,,,false,5
,HwD\r~~,0,4352,,,false,5
,HwD\r~~,1,3790,,,false,5
,HwD\r~~,2,3931,,,false,5
,HwD\r~~,3,3790,,,false,5
,HwD\r~~,4,3790,,,false,5
,HwD\r~~,5,3930,,,false,5
,HwD\r~~,6,3931,,,false,5
,HwD\r~~,7,3790,,,false,5
,HwD\r~~,8,3790,,,false,5
,HwD\r~~,9,3860,,,false,5
,H`K~Mr~,0,4703,,,false,5
,H`K~Mr~,1,3790,,,false,5
,H`K~Mr~,2,3440,,,false,5
,H`K~Mr~,3,3369,,,false,5
,H`K~Mr~,4,3720,,,false,5
,H`K~Mr~,5,3790,,,false,5
,H`K~Mr~,6,3860,,,false,5
,H`K~Mr~,7,3860,,,false,5
,H`K~Mr~,8,3299,,,false,5
,H`K~Mr~,9,3790,,,false,5
,H`K~Mv~,0,3790,,,false,5
,H`K~Mv~,1,3790,,,false,5
,H`K~Mv~,2,3860,,,false,5
,H`K~Mv~,3,3931,,,false,5
,H`K~Mv~,4,3720,,,false,5
,H`K~Mv~,5,3860,,,false,5
,H`K~Mv~,6,3790,,,false,5
,H`K~Mv~,7,3439,,,false,5
,H`K~Mv~,8,3299,,,false,5
,H`K~Mv~,9,3790,,,false,5
,H`rHx~~,0,4282,,,false,4
,H`rHx~~,1,3861,,,false,4
,H`rHx~~,2,3790,,,false,4
,H`rHx~~,3,3860,,,false,4
,H`rHx~~,4,3790,,,false,4
,H`rHx~~,5,3790,,,false,4
,H`rHx~~,6,3790,,,false,4
,H`rHx~~,7,3861,,,false,4
,H`rHx~~,8,3860,,,false,4
,H`rHx~~,9,3790,,,false,4
,H`K~M~~,0,4282,,,false,5
,H`K~M~~,1,4281,,,false,5
,H`K~M~~,2,3790,,,false,5
,H`K~M~~,3,3860,,,false,5
,H`K~M~~,4,3860,,,false,5
,H`K~M~~,5,3791,,,false,5
,H`K~M~~,6,3720,,,false,5
,H`K~M~~,7,3790,,,false,5
,H`K~M~~,8,3860,,,false,5
,H`K~M~~,9,3369,,,false,5
,HKeZZ~~,0,4212,,,false,4
,HKeZZ~~,1,3930,,,false,4
,HKeZZ~~,2,3860,,,false,4
,HKeZZ~~,3,3860,,,false,4
,HKeZZ~~,4,3790,,,false,4
,HKeZZ~~,5,3790,,,false,4
,HKeZZ~~,6,3790,,,false,4
,HKeZZ~~,7,3860,,,false,4
,HKeZZ~~,8,3860,,,false,4
,HKeZZ~~,9,3790,,,false,4
,H`NNjz~,0,4773,,,false,5
,H`NNjz~,1,4211,,,false,5
,H`NNjz~,2,3860,,,false,5
,H`NNjz~,3,3861,,,false,5
,H`NNjz~,4,3860,,,false,5
,H`NNjz~,5,3790,,,false,5
,H`NNjz~,6,3790,,,false,5
,H`NNjz~,7,3790,,,false,5
,H`NNjz~,8,3860,,,false,5
,H`NNjz~,9,3790,,,false,5
,HtPLzz~,0,4351,,,false,5
,HtPLzz~,1,4281,,,false,5
,HtPLzz~,2,3790,,,false,5
,HtPLzz~,3,3860,,,false,5
,HtPLzz~,4,3931,,,false,5
,HtPLzz~,5,3790,,,false,5
,HtPLzz~,6,4281,,,false,5
,HtPLzz~,7,4281,,,false,5
,HtPLzz~,8,3861,,,false,5
,HtPLzz~,9,3790,,,false,5
,HwC}~z~,0,4422,,,false,5
,HwC}~z~,1,4282,,,false,5
,HwC}~z~,2,3860,,,false,5
,HwC}~z~,3,3860,,,false,5
,HwC}~z~,4,3931,,,false,5
,HwC}~z~,5,3860,,,false,5
,HwC}~z~,6,3790,,,false,5
,HwC}~z~,7,3790,,,false,5
,HwC}~z~,8,3931,,,false,5
,HwC}~z~,9,3860,,,false,5
,H`Nez~~,0,4843,,,false,5
,H`Nez~~,1,4211,,,false,5
,H`Nez~~,2,3790,,,false,5
,H`Nez~~,3,3931,,,false,5
,H`Nez~~,4,3860,,,false,5
,H`Nez~~,5,3790,,,false,5
,H`Nez~~,6,3790,,,false,5
,H`Nez~~,7,3860,,,false,5
,H`Nez~~,8,3861,,,false,5
,H`Nez~~,9,3790,,,false,5
,HtPLz~~,0,4351,,,false,5
,HtPLz~~,1,4211,,,false,5
,HtPLz~~,2,3860,,,false,5
,HtPLz~~,3,3931,,,false,5
,HtPLz~~,4,3790,,,false,5
,HtPLz~~,5,3860,,,false,5
,HtPLz~~,6,4281,,,false,5
,HtPLz~~,7,3931,,,false,5
,HtPLz~~,8,4211,,,false,5
,HtPLz~~,9,3790,,,false,5
,HQh\zz~,0,4212,,,false,4
,HQh\zz~,1,3860,,,false,4
,HQh\zz~,2,3790,,,false,4
,HQh\zz~,3,3439,,,false,4
,HQh\zz~,4,3790,,,false,4
,HQh\zz~,5,3790,,,false,4
,HQh\zz~,6,3930,,,false,4
,HQh\zz~,7,3860,,,false,4
,HQh\zz~,8,3790,,,false,4
,HQh\zz~,9,4282,,,false,4
,H`Mzu^~,0,4772,,,false,5
,H`Mzu^~,1,4703,,,false,5
,H`Mzu^~,2,3790,,,false,5
,H`Mzu^~,3,3931,,,false,5
,H`Mzu^~,4,4281,,,false,5
,H`Mzu^~,5,3790,,,false,5
,H`Mzu^~,6,3790,,,false,5
,H`Mzu^~,7,3860,,,false,5
,H`Mzu^~,8,3860,,,false,5
,H`Mzu^~,9,3790,,,false,5
,HwFXzv~,0,4773,,,false,5
,HwFXzv~,1,4281,,,false,5
,HwFXzv~,2,3790,,,false,5
,HwFXzv~,3,3860,,,false,5
,HwFXzv~,4,3860,,,false,5
,HwFXzv~,5,4281,,,false,5
,HwFXzv~,6,3791,,,false,5
,HwFXzv~,7,3860,,,false,5
,HwFXzv~,8,3860,,,false,5
,HwFXzv~,9,3790,,,false,5
,H`px~v~,0,4843,,,false,5
,H`px~v~,1,4281,,,false,5
,H`px~v~,2,4282,,,false,5
,H`px~v~,3,3860,,,false,5
,H`px~v~,4,3860,,,false,5
,H`px~v~,5,3719,,,false,5
,H`px~v~,6,4281,,,false,5
,H`px~v~,7,3860,,,false,5
,H`px~v~,8,3860,,,false,5
,H`px~v~,9,3790,,,false,5
,HQh\z~~,0,12704,,,false,4
,HQh\z~~,1,3790,,,false,4
,HQh\z~~,2,4773,,,false,4
,HQh\z~~,3,4352,,,false,4
,HQh\z~~,4,3790,,,false,4
,HQh\z~~,5,3790,,,false,4
,HQh\z~~,6,3860,,,false,4
,HQh\z~~,7,3861,,,false,4
,HQh\z~~,8,4281,,,false,4
,HQh\z~~,9,3790,,,false,4
,H`o~~z~,0,4282,,,false,5
,H`o~~z~,1,4702,,,false,5
,H`o~~z~,2,3860,,,false,5
,H`o~~z~,3,3860,,,false,5
,H`o~~z~,4,3720,,,false,5
,H`o~~z~,5,3861,,,false,5
,H`o~~z~,6,4351,,,false,5
,H`o~~z~,7,3860,,,false,5
,H`o~~z~,8,4281,,,false,5
,H`o~~z~,9,3860,,,false,5
,H`K~]z~,0,4211,,,false,5
,H`K~]z~,1,4422,,,false,5
,H`K~]z~,2,3860,,,false,5
,H`K~]z~,3,4352,,,false,5
,H`K~]z~,4,3720,,,false,5
,H`K~]z~,5,3790,,,false,5
,H`K~]z~,6,3861,,,false,5
,H`K~]z~,7,3930,,,false,5
,H`K~]z~,8,3790,,,false,5
,H`K~]z~,9,3790,,,false,5
,H`K~]~~,0,3860,,,false,5
,H`K~]~~,1,4211,,,false,5
,H`K~]~~,2,3790,,,false,5
,H`K~]~~,3,3930,,,false,5
,H`K~]~~,4,3790,,,false,5
,H`K~]~~,5,4212,,,false,5
,H`K~]~~,6,3861,,,false,5
,H`K~]~~,7,3860,,,false,5
,H`K~]~~,8,3790,,,false,5
,H`K~]~~,9,3860,,,false,5
,HpNay~~,0,5194,,,false,5
,HpNay~~,1,4352,,,false,5
,HpNay~~,2,3860,,,false,5
,HpNay~~,3,3860,,,false,5
,HpNay~~,4,3790,,,false,5
,HpNay~~,5,4352,,,false,5
,HpNay~~,6,3790,,,false,5
,HpNay~~,7,3931,,,false,5
,HpNay~~,8,3790,,,false,5
,HpNay~~,9,4212,,,false,5
,H{dax~~,0,5194,,,false,5
,H{dax~~,1,4422,,,false,5
,H{dax~~,2,3930,,,false,5
,H{dax~~,3,3790,,,false,5
,H{dax~~,4,3720,,,false,5
,H{dax~~,5,3790,,,false,5
,H{dax~~,6,4282,,,false,5
,H{dax~~,7,3860,,,false,5
,H{dax~~,8,3861,,,false,5
,H{dax~~,9,3790,,,false,5
,HjbH|~~,0,4772,,,false,5
,HjbH|~~,1,4281,,,false,5
,HjbH|~~,2,4352,,,false,5
,HjbH|~~,3,4282,,,false,5
,HjbH|~~,4,4281,,,false,5
,HjbH|~~,5,3790,,,false,5
,HjbH|~~,6,4351,,,false,5
,HjbH|~~,7,3860,,,false,5
,HjbH|~~,8,3790,,,false,5
,HjbH|~~,9,4281,,,false,5
,H`qzr~~,0,4773,,,false,5
,H`qzr~~,1,4281,,,false,5
,H`qzr~~,2,4422,,,false,5
,H`qzr~~,3,4282,,,false,5
,H`qzr~~,4,4282,,,false,5
,H`qzr~~,5,4352,,,false,5
,H`qzr~~,6,4422,,,false,5
,H`qzr~~,7,4351,,,false,5
,H`qzr~~,8,4211,,,false,5
,H`qzr~~,9,4352,,,false,5
,H`zPz~~,0,4773,,,false,5
,H`zPz~~,1,4282,,,false,5
,H`zPz~~,2,4351,,,false,5
,H`zPz~~,3,4281,,,false,5
,H`zPz~~,4,4211,,,false,5
,H`zPz~~,5,4211,,,false,5
,H`zPz~~,6,4422,,,false,5
,H`zPz~~,7,4352,,,false,5
,H`zPz~~,8,4281,,,false,5
,H`zPz~~,9,4211,,,false,5
,H`qzvn~,0,4282,,,false,5
,H`qzvn~,1,4351,,,false,5
,H`qzvn~,2,3931,,,false,5
,H`qzvn~,3,4211,,,false,5
,H`qzvn~,4,3790,,,false,5
,H`qzvn~,5,3860,,,false,5
,H`qzvn~,6,3931,,,false,5
,H`qzvn~,7,3790,,,false,5
,H`qzvn~,8,3790,,,false,5
,H`qzvn~,9,3790,,,false,5
,HKd~vz~,0,4773,,,false,5
,HKd~vz~,1,4282,,,false,5
,HKd~vz~,2,4351,,,false,5
,HKd~vz~,3,10809,,,false,5
,HKd~vz~,4,4422,,,false,5
,HKd~vz~,5,2948,,,false,5
,HKd~vz~,6,3860,,,false,5
,HKd~vz~,7,4211,,,false,5
,HKd~vz~,8,4281,,,false,5
,HKd~vz~,9,4281,,,false,5
,HKd~r~~,0,4702,,,false,5
,HKd~r~~,1,4422,,,false,5
,HKd~r~~,2,4351,,,false,5
,HKd~r~~,3,4282,,,false,5
,HKd~r~~,4,4212,,,false,5
,HKd~r~~,5,4421,,,false,5
,HKd~r~~,6,4352,,,false,5
,HKd~r~~,7,4351,,,false,5
,HKd~r~~,8,4211,,,false,5
,HKd~r~~,9,4352,,,false,5
,HKfzrv~,0,4351,,,false,5
,HKfzrv~,1,3931,,,false,5
,HKfzrv~,2,3790,,,false,5
,HKfzrv~,3,3860,,,false,5
,HKfzrv~,4,3861,,,false,5
,HKfzrv~,5,3931,,,false,5
,HKfzrv~,6,4281,,,false,5
,HKfzrv~,7,4281,,,false,5
,HKfzrv~,8,3861,,,false,5
,HKfzrv~,9,4352,,,false,5
,Hfphx~~,0,4843,,,false,5
,Hfphx~~,1,4843,,,false,5
,Hfphx~~,2,4281,,,false,5
,Hfphx~~,3,3790,,,false,5
,Hfphx~~,4,4281,,,false,5
,Hfphx~~,5,4352,,,false,5
,Hfphx~~,6,4281,,,false,5
,Hfphx~~,7,3720,,,false,5
,Hfphx~~,8,3860,,,false,5
,Hfphx~~,9,3860,,,false,5
,HbK~]~~,0,4772,,,false,5
,HbK~]~~,1,4422,,,false,5
,HbK~]~~,2,4281,,,false,5
,HbK~]~~,3,4211,,,false,5
,HbK~]~~,4,4281,,,false,5
,HbK~]~~,5,4352,,,false,5
,HbK~]~~,6,4281,,,false,5
,HbK~]~~,7,3861,,,false,5
,HbK~]~~,8,4281,,,false,5
,HbK~]~~,9,4422,,,false,5
,H`}rm^~,0,4843,,,false,5
,H`}rm^~,1,4703,,,false,5
,H`}rm^~,2,4352,,,false,5
,H`}rm^~,3,4281,,,false,5
,H`}rm^~,4,4351,,,false,5
,H`}rm^~,5,4281,,,false,5
,H`}rm^~,6,3861,,,false,5
,H`}rm^~,7,3790,,,false,5
,H`}rm^~,8,4422,,,false,5
,H`}rm^~,9,4281,,,false,5
,HKd~v^~,0,4352,,,false,5
,HKd~v^~,1,4211,,,false,5
,HKd~v^~,2,4281,,,false,5
,HKd~v^~,3,4282,,,false,5
,HKd~v^~,4,3860,,,false,5
,HKd~v^~,5,4282,,,false,5
,HKd~v^~,6,4281,,,false,5
,HKd~v^~,7,4281,,,false,5
,HKd~v^~,8,4352,,,false,5
,HKd~v^~,9,4211,,,false,5
,H`Nmz~~,0,4772,,,false,5
,H`Nmz~~,1,4282,,,false,5
,H`Nmz~~,2,4282,,,false,5
,H`Nmz~~,3,4351,,,false,5
,H`Nmz~~,4,4281,,,false,5
,H`Nmz~~,5,4211,,,false,5
,H`Nmz~~,6,4703,,,false,5
,H`Nmz~~,7,4351,,,false,5
,H`Nmz~~,8,3790,,,false,5
,H`Nmz~~,9,4211,,,false,5
,H`N~u~~,0,4773,,,false,5
,H`N~u~~,1,4281,,,false,5
,H`N~u~~,2,4352,,,false,5
,H`N~u~~,3,4422,,,false,5
,H`N~u~~,4,4702,,,false,5
,H`N~u~~,5,4211,,,false,5
,H`N~u~~,6,4422,,,false,5
,H`N~u~~,7,4422,,,false,5
,H`N~u~~,8,4702,,,false,5
,H`N~u~~,9,4141,,,false,5
,HxFHy~~,0,4703,,,false,5
,HxFHy~~,1,4281,,,false,5
,HxFHy~~,2,3860,,,false,5
,HxFHy~~,3,4352,,,false,5
,HxFHy~~,4,3790,,,false,5
,HxFHy~~,5,4211,,,false,5
,HxFHy~~,6,4211,,,false,5
,HxFHy~~,7,3861,,,false,5
,HxFHy~~,8,3860,,,false,5
,HxFHy~~,9,3860,,,false,5
,HRiiy~~,0,4281,,,false,5
,HRiiy~~,1,4281,,,false,5
,HRiiy~~,2,3860,,,false,5
,HRiiy~~,3,3860,,,false,5
,HRiiy~~,4,3790,,,false,5
,HRiiy~~,5,3790,,,false,5
,HRiiy~~,6,4422,,,false,5
,HRiiy~~,7,3861,,,false,5
,HRiiy~~,8,3720,,,false,5
,HRiiy~~,9,3860,,,false,5
,Hhox}~~,0,4281,,,false,5
,Hhox}~~,1,4351,,,false,5
,Hhox}~~,2,3861,,,false,5
,Hhox}~~,3,4281,,,false,5
,Hhox}~~,4,4211,,,false,5
,Hhox}~~,5,3790,,,false,5
,Hhox}~~,6,3860,,,false,5
,Hhox}~~,7,3861,,,false,5
,Hhox}~~,8,4141,,,false,5
,Hhox}~~,9,3790,,,false,5
,HRhY|~~,0,4702,,,false,5
,HRhY|~~,1,4282,,,false,5
,HRhY|~~,2,4351,,,false,5
,HRhY|~~,3,4281,,,false,5
,HRhY|~~,4,3791,,,false,5
,HRhY|~~,5,3790,,,false,5
,HRhY|~~,6,3860,,,false,5
,HRhY|~~,7,3860,,,false,5
,HRhY|~~,8,3791,,,false,5
,HRhY|~~,9,3790,,,false,5
,H`tp~^~,0,4772,,,false,5
,H`tp~^~,1,4352,,,false,5
,H`tp~^~,2,3931,,,false,5
,H`tp~^~,3,4211,,,false,5
,H`tp~^~,4,4281,,,false,5
,H`tp~^~,5,4352,,,false,5
,H`tp~^~,6,4351,,,false,5
,H`tp~^~,7,3790,,,false,5
,H`tp~^~,8,4212,,,false,5
,H`tp~^~,9,4422,,,false,5
,HdKz]^~,0,4702,,,false,5
,HdKz]^~,1,4282,,,false,5
,HdKz]^~,2,4351,,,false,5
,HdKz]^~,3,3790,,,false,5
,HdKz]^~,4,4211,,,false,5
,HdKz]^~,5,3860,,,false,5
,HdKz]^~,6,3861,,,false,5
,HdKz]^~,7,3439,,,false,5
,HdKz]^~,8,3930,,,false,5
,HdKz]^~,9,3790,,,false,5
,H`Mzu~~,0,4281,,,false,5
,H`Mzu~~,1,4352,,,false,5
,H`Mzu~~,2,3860,,,false,5
,H`Mzu~~,3,4281,,,false,5
,H`Mzu~~,4,4351,,,false,5
,H`Mzu~~,5,4282,,,false,5
,H`Mzu~~,6,4351,,,false,5
,H`Mzu~~,7,4282,,,false,5
,H`Mzu~~,8,4352,,,false,5
,H`Mzu~~,9,4281,,,false,5
,H~`HW~~,0,4352,,,false,5
,H~`HW~~,1,4352,,,false,5
,H~`HW~~,2,4281,,,false,5
,H~`HW~~,3,3860,,,false,5
,H~`HW~~,4,3790,,,false,5
,H~`HW~~,5,4352,,,false,5
,H~`HW~~,6,4281,,,false,5
,H~`HW~~,7,3790,,,false,5
,H~`HW~~,8,3930,,,false,5
,H~`HW~~,9,3930,,,false,5
,HrhTY~~,0,4773,,,false,5
,HrhTY~~,1,4351,,,false,5
,HrhTY~~,2,3861,,,false,5
,HrhTY~~,3,3790,,,false,5
,HrhTY~~,4,4281,,,false,5
,HrhTY~~,5,3861,,,false,5
,HrhTY~~,6,4211,,,false,5
,HrhTY~~,7,3720,,,false,5
,HrhTY~~,8,4282,,,false,5
,HrhTY~~,9,3860,,,false,5
,HtPix~~,0,4843,,,false,5
,HtPix~~,1,4351,,,false,5
,HtPix~~,2,4281,,,false,5
,HtPix~~,3,4282,,,false,5
,HtPix~~,4,3860,,,false,5
,HtPix~~,5,4352,,,false,5
,HtPix~~,6,3790,,,false,5
,HtPix~~,7,3860,,,false,5
,HtPix~~,8,4281,,,false,5
,HtPix~~,9,3931,,,false,5
,HhNUX~~,0,4843,,,false,5
,HhNUX~~,1,4282,,,false,5
,HhNUX~~,2,3790,,,false,5
,HhNUX~~,3,3790,,,false,5
,HhNUX~~,4,4351,,,false,5
,HhNUX~~,5,3860,,,false,5
,HhNUX~~,6,3720,,,false,5
,HhNUX~~,7,3790,,,false,5
,HhNUX~~,8,4281,,,false,5
,HhNUX~~,9,3931,,,false,5
,H{DX~^~,0,4773,,,false,5
,H{DX~^~,1,4352,,,false,5
,H{DX~^~,2,4352,,,false,5
,H{DX~^~,3,4281,,,false,5
,H{DX~^~,4,4352,,,false,5
,H{DX~^~,5,4422,,,false,5
,H{DX~^~,6,4282,,,false,5
,H{DX~^~,7,4352,,,false,5
,H{DX~^~,8,3790,,,false,5
,H{DX~^~,9,4773,,,false,5
,HJqkz~~,0,4282,,,false,5
,HJqkz~~,1,4351,,,false,5
,HJqkz~~,2,4352,,,false,5
,HJqkz~~,3,3860,,,false,5
,HJqkz~~,4,3720,,,false,5
,HJqkz~~,5,3861,,,false,5
,HJqkz~~,6,5334,,,false,5
,HJqkz~~,7,4422,,,false,5
,HJqkz~~,8,4281,,,false,5
,HJqkz~~,9,3790,,,false,5
,H`uvZz~,0,5615,,,false,5
,H`uvZz~,1,4282,,,false,5
,H`uvZz~,2,4351,,,false,5
,H`uvZz~,3,4282,,,false,5
,H`uvZz~,4,4211,,,false,5
,H`uvZz~,5,4281,,,false,5
,H`uvZz~,6,4351,,,false,5
,H`uvZz~,7,3930,,,false,5
,H`uvZz~,8,4352,,,false,5
,H`uvZz~,9,4281,,,false,5
,HKuzrn~,0,5124,,,false,5
,HKuzrn~,1,4772,,,false,5
,HKuzrn~,2,4422,,,false,5
,HKuzrn~,3,3790,,,false,5
,HKuzrn~,4,3861,,,false,5
,HKuzrn~,5,4281,,,false,5
,HKuzrn~,6,3931,,,false,5
,HKuzrn~,7,4281,,,false,5
,HKuzrn~,8,4281,,,false,5
,HKuzrn~,9,3790,,,false,5
,Hwuqx~~,0,4843,,,false,5
,Hwuqx~~,1,4281,,,false,5
,Hwuqx~~,2,4352,,,false,5
,Hwuqx~~,3,4211,,,false,5
,Hwuqx~~,4,4281,,,false,5
,Hwuqx~~,5,4352,,,false,5
,Hwuqx~~,6,4352,,,false,5
,Hwuqx~~,7,4211,,,false,5
,Hwuqx~~,8,4211,,,false,5
,Hwuqx~~,9,4773,,,false,5
,HqltY~~,0,5193,,,false,5
,HqltY~~,1,4352,,,false,5
,HqltY~~,2,4352,,,false,5
,HqltY~~,3,4281,,,false,5
,HqltY~~,4,4281,,,false,5
,HqltY~~,5,4352,,,false,5
,HqltY~~,6,4281,,,false,5
,HqltY~~,7,4351,,,false,5
,HqltY~~,8,4281,,,false,5
,HqltY~~,9,4352,,,false,5
,HKnZvn~,0,5334,,,false,5
,HKnZvn~,1,4702,,,false,5
,HKnZvn~,2,4773,,,false,5
,HKnZvn~,3,4281,,,false,5
,HKnZvn~,4,4422,,,false,5
,HKnZvn~,5,4281,,,false,5
,HKnZvn~,6,4282,,,false,5
,HKnZvn~,7,4281,,,false,5
,HKnZvn~,8,3930,,,false,5
,HKnZvn~,9,4282,,,false,5
,HQlu~^~,0,4843,,,false,5
,HQlu~^~,1,4211,,,false,5
,HQlu~^~,2,4281,,,false,5
,HQlu~^~,3,4351,,,false,5
,HQlu~^~,4,4352,,,false,5
,HQlu~^~,5,4211,,,false,5
,HQlu~^~,6,4211,,,false,5
,HQlu~^~,7,4281,,,false,5
,HQlu~^~,8,4352,,,false,5
,HQlu~^~,9,4282,,,false,5
,HKttz~~,0,4842,,,false,5
,HKttz~~,1,4351,,,false,5
,HKttz~~,2,4281,,,false,5
,HKttz~~,3,4352,,,false,5
,HKttz~~,4,4773,,,false,5
,HKttz~~,5,4281,,,false,5
,HKttz~~,6,4281,,,false,5
,HKttz~~,7,3860,,,false,5
,HKttz~~,8,4281,,,false,5
,HKttz~~,9,4212,,,false,5
,Hqh\z~~,0,4772,,,false,5
,Hqh\z~~,1,4352,,,false,5
,Hqh\z~~,2,4282,,,false,5
,Hqh\z~~,3,4421,,,false,5
,Hqh\z~~,4,4703,,,false,5
,Hqh\z~~,5,4281,,,false,5
,Hqh\z~~,6,4352,,,false,5
,Hqh\z~~,7,4421,,,false,5
,Hqh\z~~,8,4282,,,false,5
,Hqh\z~~,9,4211,,,false,5
,HTlrY~~,0,4281,,,false,5
,HTlrY~~,1,4282,,,false,5
,HTlrY~~,2,3790,,,false,5
,HTlrY~~,3,3860,,,false,5
,HTlrY~~,4,4212,,,false,5
,HTlrY~~,5,8984,,,false,5
,HTlrY~~,6,3860,,,false,5
,HTlrY~~,7,3860,,,false,5
,HTlrY~~,8,3860,,,false,5
,HTlrY~~,9,4281,,,false,5
,HTXZ~z~,0,4773,,,false,5
,HTXZ~z~,1,4773,,,false,5
,HTXZ~z~,2,4422,,,false,5
,HTXZ~z~,3,4281,,,false,5
,HTXZ~z~,4,4351,,,false,5
,HTXZ~z~,5,4212,,,false,5
,HTXZ~z~,6,4422,,,false,5
,HTXZ~z~,7,4281,,,false,5
,HTXZ~z~,8,4281,,,false,5
,HTXZ~z~,9,4282,,,false,5
,HTX\z~~,0,4772,,,false,5
,HTX\z~~,1,4773,,,false,5
,HTX\z~~,2,4352,,,false,5
,HTX\z~~,3,4211,,,false,5
,HTX\z~~,4,4281,,,false,5
,HTX\z~~,5,4352,,,false,5
,HTX\z~~,6,4352,,,false,5
,HTX\z~~,7,4211,,,false,5
,HTX\z~~,8,4702,,,false,5
,HTX\z~~,9,4282,,,false,5
,HTX^~z~,0,4773,,,false,5
,HTX^~z~,1,4352,,,false,5
,HTX^~z~,2,3930,,,false,5
,HTX^~z~,3,4352,,,false,5
,HTX^~z~,4,4351,,,false,5
,HTX^~z~,5,4351,,,false,5
,HTX^~z~,6,4351,,,false,5
,HTX^~z~,7,4351,,,false,5
,HTX^~z~,8,4773,,,false,5
,HTX^~z~,9,4352,,,false,5
,HqK|Y~~,0,5264,,,false,5
,HqK|Y~~,1,4422,,,false,5
,HqK|Y~~,2,4282,,,false,5
,HqK|Y~~,3,4351,,,false,5
,HqK|Y~~,4,4352,,,false,5
,HqK|Y~~,5,4421,,,false,5
,HqK|Y~~,6,4212,,,false,5
,HqK|Y~~,7,4281,,,false,5
,HqK|Y~~,8,4281,,,false,5
,HqK|Y~~,9,4422,,,false,5
,HqKy~^~,0,4843,,,false,5
,HqKy~^~,1,4352,,,false,5
,HqKy~^~,2,4703,,,false,5
,HqKy~^~,3,4351,,,false,5
,HqKy~^~,4,4282,,,false,5
,HqKy~^~,5,4351,,,false,5
,HqKy~^~,6,4211,,,false,5
,HqKy~^~,7,4282,,,false,5
,HqKy~^~,8,4281,,,false,5
,HqKy~^~,9,4352,,,false,5
,H}hPW~~,0,4842,,,false,5
,H}hPW~~,1,4351,,,false,5
,H}hPW~~,2,4211,,,false,5
,H}hPW~~,3,4352,,,false,5
,H}hPW~~,4,3930,,,false,5
,H}hPW~~,5,4282,,,false,5
,H}hPW~~,6,3790,,,false,5
,H}hPW~~,7,3860,,,false,5
,H}hPW~~,8,4422,,,false,5
,H}hPW~~,9,4281,,,false,5
,H}GZ[~~,0,4773,,,false,5
,H}GZ[~~,1,4281,,,false,5
,H}GZ[~~,2,4281,,,false,5
,H}GZ[~~,3,3930,,,false,5
,H}GZ[~~,4,4352,,,false,5
,H}GZ[~~,5,4211,,,false,5
,H}GZ[~~,6,4281,,,false,5
,H}GZ[~~,7,3860,,,false,5
,H}GZ[~~,8,4352,,,false,5
,H}GZ[~~,9,4212,,,false,5
,HrotY~~,0,4773,,,false,5
,HrotY~~,1,4281,,,false,5
,HrotY~~,2,4281,,,false,5
,HrotY~~,3,3860,,,false,5
,HrotY~~,4,4282,,,false,5
,HrotY~~,5,4281,,,false,5
,HrotY~~,6,4282,,,false,5
,HrotY~~,7,3930,,,false,5
,HrotY~~,8,3931,,,false,5
,HrotY~~,9,3860,,,false,5
,HqNax~~,0,4772,,,false,5
,HqNax~~,1,4282,,,false,5
,HqNax~~,2,4351,,,false,5
,HqNax~~,3,3931,,,false,5
,HqNax~~,4,4211,,,false,5
,HqNax~~,5,4352,,,false,5
,HqNax~~,6,4352,,,false,5
,HqNax~~,7,4422,,,false,5
,HqNax~~,8,4281,,,false,5
,HqNax~~,9,4211,,,false,5
,HtOy~^~,0,5194,,,false,5
,HtOy~^~,1,4773,,,false,5
,HtOy~^~,2,4351,,,false,5
,HtOy~^~,3,4352,,,false,5
,HtOy~^~,4,4281,,,false,5
,HtOy~^~,5,3790,,,false,5
,HtOy~^~,6,3369,,,false,5
,HtOy~^~,7,4281,,,false,5
,HtOy~^~,8,4211,,,false,5
,HtOy~^~,9,4282,,,false,5
,Hqgyz~~,0,4773,,,false,5
,Hqgyz~~,1,4843,,,false,5
,Hqgyz~~,2,4351,,,false,5
,Hqgyz~~,3,3860,,,false,5
,Hqgyz~~,4,4282,,,false,5
,Hqgyz~~,5,3930,,,false,5
,Hqgyz~~,6,4352,,,false,5
,Hqgyz~~,7,4211,,,false,5
,Hqgyz~~,8,3790,,,false,5
,Hqgyz~~,9,3861,,,false,5
,HRqi~n~,0,5264,,,false,5
,HRqi~n~,1,4422,,,false,5
,HRqi~n~,2,4212,,,false,5
,HRqi~n~,3,4281,,,false,5
,HRqi~n~,4,4282,,,false,5
,HRqi~n~,5,3930,,,false,5
,HRqi~n~,6,4281,,,false,5
,HRqi~n~,7,4282,,,false,5
,HRqi~n~,8,4281,,,false,5
,HRqi~n~,9,4352,,,false,5
,HhqXz~~,0,4843,,,false,5
,HhqXz~~,1,4351,,,false,5
,HhqXz~~,2,4212,,,false,5
,HhqXz~~,3,4282,,,false,5
,HhqXz~~,4,4281,,,false,5
,HhqXz~~,5,4352,,,false,5
,HhqXz~~,6,4281,,,false,5
,HhqXz~~,7,4281,,,false,5
,HhqXz~~,8,4281,,,false,5
,HhqXz~~,9,3930,,,false,5
,HqzPx~~,0,4843,,,false,5
,HqzPx~~,1,4843,,,false,5
,HqzPx~~,2,4351,,,false,5
,HqzPx~~,3,4211,,,false,5
,HqzPx~~,4,4352,,,false,5
,HqzPx~~,5,4773,,,false,5
,HqzPx~~,6,4281,,,false,5
,HqzPx~~,7,4282,,,false,5
,HqzPx~~,8,4351,,,false,5
,HqzPx~~,9,4352,,,false,5
,HuSxz^~,0,4772,,,false,6
,HuSxz^~,1,4703,,,false,6
,HuSxz^~,2,4282,,,false,6
,HuSxz^~,3,4351,,,false,6
,HuSxz^~,4,4281,,,false,6
,HuSxz^~,5,4702,,,false,6
,HuSxz^~,6,4843,,,false,6
,HuSxz^~,7,4422,,,false,6
,HuSxz^~,8,4351,,,false,6
,HuSxz^~,9,4702,,,false,6
,HkurX~~,0,5194,,,false,5
,HkurX~~,1,4281,,,false,5
,HkurX~~,2,4281,,,false,5
,HkurX~~,3,4282,,,false,5
,HkurX~~,4,4281,,,false,5
,HkurX~~,5,4211,,,false,5
,HkurX~~,6,4281,,,false,5
,HkurX~~,7,4422,,,false,5
,HkurX~~,8,4281,,,false,5
,HkurX~~,9,4282,,,false,5
,HYU\~z~,0,4772,,,false,6
,HYU\~z~,1,4773,,,false,6
,HYU\~z~,2,4352,,,false,6
,HYU\~z~,3,4211,,,false,6
,HYU\~z~,4,4773,,,false,6
,HYU\~z~,5,4281,,,false,6
,HYU\~z~,6,4351,,,false,6
,HYU\~z~,7,4211,,,false,6
,HYU\~z~,8,4351,,,false,6
,HYU\~z~,9,4773,,,false,6
,HqK~]~~,0,5194,,,false,6
,HqK~]~~,1,4422,,,false,6
,HqK~]~~,2,4281,,,false,6
,HqK~]~~,3,4773,,,false,6
,HqK~]~~,4,4421,,,false,6
,HqK~]~~,5,4421,,,false,6
,HqK~]~~,6,4703,,,false,6
,HqK~]~~,7,4211,,,false,6
,HqK~]~~,8,4281,,,false,6
,HqK~]~~,9,4352,,,false,6
,Hktpx~~,0,4772,,,false,5
,Hktpx~~,1,4351,,,false,5
,Hktpx~~,2,4352,,,false,5
,Hktpx~~,3,4211,,,false,5
,Hktpx~~,4,4352,,,false,5
,Hktpx~~,5,3930,,,false,5
,Hktpx~~,6,4281,,,false,5
,Hktpx~~,7,4282,,,false,5
,Hktpx~~,8,4351,,,false,5
,Hktpx~~,9,4422,,,false,5
,Hdthzn~,0,5404,,,false,5
,Hdthzn~,1,4352,,,false,5
,Hdthzn~,2,4702,,,false,5
,Hdthzn~,3,4352,,,false,5
,Hdthzn~,4,4843,,,false,5
,Hdthzn~,5,4282,,,false,5
,Hdthzn~,6,2808,,,false,5
,Hdthzn~,7,8212,,,false,5
,Hdthzn~,8,6598,,,false,5
,Hdthzn~,9,5685,,,false,5
,H`mzrn~,0,6317,,,false,6
,H`mzrn~,1,5264,,,false,6
,H`mzrn~,2,5194,,,false,6
,H`mzrn~,3,5334,,,false,6
,H`mzrn~,4,5685,,,false,6
,H`mzrn~,5,5194,,,false,6
,H`mzrn~,6,5264,,,false,6
,H`mzrn~,7,4843,,,false,6
,H`mzrn~,8,5264,,,false,6
,H`mzrn~,9,5264,,,false,6
,HpLy~v~,0,5755,,,false,6
,HpLy~v~,1,5334,,,false,6
,HpLy~v~,2,5124,,,false,6
,HpLy~v~,3,4843,,,false,6
,HpLy~v~,4,5334,,,false,6
,HpLy~v~,5,5264,,,false,6
,HpLy~v~,6,4773,,,false,6
,HpLy~v~,7,5334,,,false,6
,HpLy~v~,8,5405,,,false,6
,HpLy~v~,9,4772,,,false,6
,H`zTzz~,0,6107,,,false,5
,H`zTzz~,1,5264,,,false,5
,H`zTzz~,2,4772,,,false,5
,H`zTzz~,3,4843,,,false,5
,H`zTzz~,4,4773,,,false,5
,H`zTzz~,5,4772,,,false,5
,H`zTzz~,6,4914,,,false,5
,H`zTzz~,7,4773,,,false,5
,H`zTzz~,8,4702,,,false,5
,H`zTzz~,9,4773,,,false,5
,HKur~z~,0,5405,,,false,5
,HKur~z~,1,5194,,,false,5
,HKur~z~,2,4843,,,false,5
,HKur~z~,3,4843,,,false,5
,HKur~z~,4,4843,,,false,5
,HKur~z~,5,5124,,,false,5
,HKur~z~,6,4773,,,false,5
,HKur~z~,7,4843,,,false,5
,HKur~z~,8,4773,,,false,5
,HKur~z~,9,5194,,,false,5
,HqL\~^~,0,6176,,,false,5
,HqL\~^~,1,5686,,,false,5
,HqL\~^~,2,4843,,,false,5
,HqL\~^~,3,5123,,,false,5
,HqL\~^~,4,5264,,,false,5
,HqL\~^~,5,4843,,,false,5
,HqL\~^~,6,4843,,,false,5
,HqL\~^~,7,5264,,,false,5
,HqL\~^~,8,5194,,,false,5
,HqL\~^~,9,4913,,,false,5
,HdW}z~~,0,4843,,,false,5
,HdW}z~~,1,4211,,,false,5
,HdW}z~~,2,4351,,,false,5
,HdW}z~~,3,4281,,,false,5
,HdW}z~~,4,4352,,,false,5
,HdW}z~~,5,4281,,,false,5
,HdW}z~~,6,4281,,,false,5
,HdW}z~~,7,4281,,,false,5
,HdW}z~~,8,4422,,,false,5
,HdW}z~~,9,4281,,,false,5
,H`lv]~~,0,4352,,,false,5
,H`lv]~~,1,4281,,,false,5
,H`lv]~~,2,4422,,,false,5
,H`lv]~~,3,4352,,,false,5
,H`lv]~~,4,3931,,,false,5
,H`lv]~~,5,4281,,,false,5
,H`lv]~~,6,4281,,,false,5
,H`lv]~~,7,4352,,,false,5
,H`lv]~~,8,4352,,,false,5
,H`lv]~~,9,4281,,,false,5
,H`lv~z~,0,4842,,,false,6
,H`lv~z~,1,4843,,,false,6
,H`lv~z~,2,4281,,,false,6
,H`lv~z~,3,4352,,,false,6
,H`lv~z~,4,6317,,,false,6
,H`lv~z~,5,6668,,,false,6
,H`lv~z~,6,4281,,,false,6
,H`lv~z~,7,4352,,,false,6
,H`lv~z~,8,4282,,,false,6
,H`lv~z~,9,4352,,,false,6
,H\TZ\~~,0,5194,,,false,5
,H\TZ\~~,1,4422,,,false,5
,H\TZ\~~,2,4281,,,false,5
,H\TZ\~~,3,4281,,,false,5
,H\TZ\~~,4,3790,,,false,5
,H\TZ\~~,5,4351,,,false,5
,H\TZ\~~,6,4352,,,false,5
,H\TZ\~~,7,4211,,,false,5
,H\TZ\~~,8,4352,,,false,5
,H\TZ\~~,9,3860,,,false,5
,H}Ky~^~,0,4843,,,false,6
,H}Ky~^~,1,4352,,,false,6
,H}Ky~^~,2,4211,,,false,6
,H}Ky~^~,3,4211,,,false,6
,H}Ky~^~,4,4352,,,false,6
,H}Ky~^~,5,4421,,,false,6
,H}Ky~^~,6,4281,,,false,6
,H}Ky~^~,7,4211,,,false,6
,H}Ky~^~,8,4281,,,false,6
,H}Ky~^~,9,4422,,,false,6
,HR]~Mv~,0,4843,,,false,6
,HR]~Mv~,1,4843,,,false,6
,HR]~Mv~,2,4281,,,false,6
,HR]~Mv~,3,4212,,,false,6
,HR]~Mv~,4,4281,,,false,6
,HR]~Mv~,5,4422,,,false,6
,HR]~Mv~,6,4281,,,false,6
,HR]~Mv~,7,4351,,,false,6
,HR]~Mv~,8,4352,,,false,6
,HR]~Mv~,9,3930,,,false,6
,HJnL~n~,0,4913,,,false,6
,HJnL~n~,1,4351,,,false,6
,HJnL~n~,2,4282,,,false,6
,HJnL~n~,3,4281,,,false,6
,HJnL~n~,4,4352,,,false,6
,HJnL~n~,5,4281,,,false,6
,HJnL~n~,6,4212,,,false,6
,HJnL~n~,7,4281,,,false,6
,HJnL~n~,8,4352,,,false,6
,HJnL~n~,9,4351,,,false,6
,HhN~u~~,0,5405,,,false,6
,HhN~u~~,1,4773,,,false,6
,HhN~u~~,2,4702,,,false,6
,HhN~u~~,3,4282,,,false,6
,HhN~u~~,4,4352,,,false,6
,HhN~u~~,5,4843,,,false,6
,HhN~u~~,6,4281,,,false,6
,HhN~u~~,7,4282,,,false,6
,HhN~u~~,8,4421,,,false,6
,HhN~u~~,9,4773,,,false,6
,HjK~]~~,0,4772,,,false,6
,HjK~]~~,1,4352,,,false,6
,HjK~]~~,2,4281,,,false,6
,HjK~]~~,3,4422,,,false,6
,HjK~]~~,4,4282,,,false,6
,HjK~]~~,5,4282,,,false,6
,HjK~]~~,6,4351,,,false,6
,HjK~]~~,7,4422,,,false,6
,HjK~]~~,8,4282,,,false,6
,HjK~]~~,9,4282,,,false,6
,HRVlz~~,0,5124,,,false,5
,HRVlz~~,1,4843,,,false,5
,HRVlz~~,2,4352,,,false,5
,HRVlz~~,3,4352,,,false,5
,HRVlz~~,4,4703,,,false,5
,HRVlz~~,5,4281,,,false,5
,HRVlz~~,6,4281,,,false,5
,HRVlz~~,7,4352,,,false,5
,HRVlz~~,8,4211,,,false,5
,HRVlz~~,9,4281,,,false,5
,H[Uzu~~,0,4773,,,false,5
,H[Uzu~~,1,4281,,,false,5
,H[Uzu~~,2,4352,,,false,5
,H[Uzu~~,3,4282,,,false,5
,H[Uzu~~,4,3930,,,false,5
,H[Uzu~~,5,4281,,,false,5
,H[Uzu~~,6,4352,,,false,5
,H[Uzu~~,7,4351,,,false,5
,H[Uzu~~,8,4281,,,false,5
,H[Uzu~~,9,4281,,,false,5
,HLrZt~~,0,4773,,,false,5
,HLrZt~~,1,4351,,,false,5
,HLrZt~~,2,3930,,,false,5
,HLrZt~~,3,4282,,,false,5
,HLrZt~~,4,4282,,,false,5
,HLrZt~~,5,4351,,,false,5
,HLrZt~~,6,3931,,,false,5
,HLrZt~~,7,4211,,,false,5
,HLrZt~~,8,4211,,,false,5
,HLrZt~~,9,4282,,,false,5
,H\diz~~,0,4772,,,false,5
,H\diz~~,1,4351,,,false,5
,H\diz~~,2,4351,,,false,5
,H\diz~~,3,4211,,,false,5
,H\diz~~,4,4281,,,false,5
,H\diz~~,5,3791,,,false,5
,H\diz~~,6,4351,,,false,5
,H\diz~~,7,4281,,,false,5
,H\diz~~,8,4211,,,false,5
,H\diz~~,9,4281,,,false,5
,HKl~e~~,0,4843,,,false,5
,HKl~e~~,1,4281,,,false,5
,HKl~e~~,2,4352,,,false,5
,HKl~e~~,3,4282,,,false,5
,HKl~e~~,4,4351,,,false,5
,HKl~e~~,5,4282,,,false,5
,HKl~e~~,6,3790,,,false,5
,HKl~e~~,7,4211,,,false,5
,HKl~e~~,8,4352,,,false,5
,HKl~e~~,9,3790,,,false,5
,HRlu~Z~,0,5404,,,false,5
,HRlu~Z~,1,4773,,,false,5
,HRlu~Z~,2,4282,,,false,5
,HRlu~Z~,3,3860,,,false,5
,HRlu~Z~,4,4422,,,false,5
,HRlu~Z~,5,4281,,,false,5
,HRlu~Z~,6,4211,,,false,5
,HRlu~Z~,7,4352,,,false,5
,HRlu~Z~,8,4421,,,false,5
,HRlu~Z~,9,4352,,,false,5
,HKnr~v~,0,5334,,,false,5
,HKnr~v~,1,4702,,,false,5
,HKnr~v~,2,4211,,,false,5
,HKnr~v~,3,4282,,,false,5
,HKnr~v~,4,4351,,,false,5
,HKnr~v~,5,4282,,,false,5
,HKnr~v~,6,4281,,,false,5
,HKnr~v~,7,4281,,,false,5
,HKnr~v~,8,4352,,,false,5
,HKnr~v~,9,4281,,,false,5
,HRlu~^~,0,4843,,,false,5
,HRlu~^~,1,4773,,,false,5
,HRlu~^~,2,4281,,,false,5
,HRlu~^~,3,4351,,,false,5
,HRlu~^~,4,4352,,,false,5
,HRlu~^~,5,4211,,,false,5
,HRlu~^~,6,4352,,,false,5
,HRlu~^~,7,4351,,,false,5
,HRlu~^~,8,4352,,,false,5
,HRlu~^~,9,4702,,,false,5
,HQl~~z~,0,4773,,,false,5
,HQl~~z~,1,4211,,,false,5
,HQl~~z~,2,4843,,,false,5
,HQl~~z~,3,4421,,,false,5
,HQl~~z~,4,4352,,,false,5
,HQl~~z~,5,4211,,,false,5
,HQl~~z~,6,4281,,,false,5
,HQl~~z~,7,4282,,,false,5
,HQl~~z~,8,4281,,,false,5
,HQl~~z~,9,4282,,,false,5
,H{dXz^~,0,5264,,,false,5
,H{dXz^~,1,4281,,,false,5
,H{dXz^~,2,3860,,,false,5
,H{dXz^~,3,3860,,,false,5
,H{dXz^~,4,4352,,,false,5
,H{dXz^~,5,3790,,,false,5
,H{dXz^~,6,3860,,,false,5
,H{dXz^~,7,4422,,,false,5
,H{dXz^~,8,3790,,,false,5
,H{dXz^~,9,6177,,,false,5
,HrrHx~~,0,5334,,,false,6
,HrrHx~~,1,4843,,,false,6
,HrrHx~~,2,4352,,,false,6
,HrrHx~~,3,4281,,,false,6
,HrrHx~~,4,4351,,,false,6
,HrrHx~~,5,3861,,,false,6
,HrrHx~~,6,3931,,,false,6
,HrrHx~~,7,4281,,,false,6
,HrrHx~~,8,4211,,,false,6
,HrrHx~~,9,4352,,,false,6
,HYU}t~~,0,4773,,,false,6
,HYU}t~~,1,4352,,,false,6
,HYU}t~~,2,4281,,,false,6
,HYU}t~~,3,4211,,,false,6
,HYU}t~~,4,4282,,,false,6
,HYU}t~~,5,4351,,,false,6
,HYU}t~~,6,4352,,,false,6
,HYU}t~~,7,4351,,,false,6
,HYU}t~~,8,4212,,,false,6
,HYU}t~~,9,4282,,,false,6
,HKu~b~~,0,7229,,,false,5
,HKu~b~~,1,5756,,,false,5
,HKu~b~~,2,4351,,,false,5
,HKu~b~~,3,4212,,,false,5
,HKu~b~~,4,4352,,,false,5
,HKu~b~~,5,4352,,,false,5
,HKu~b~~,6,4702,,,false,5
,HKu~b~~,7,4281,,,false,5
,HKu~b~~,8,4352,,,false,5
,HKu~b~~,9,4282,,,false,5
,H`l~vj~,0,4842,,,false,6
,H`l~vj~,1,4773,,,false,6
,H`l~vj~,2,4351,,,false,6
,H`l~vj~,3,4352,,,false,6
,H`l~vj~,4,4422,,,false,6
,H`l~vj~,5,4211,,,false,6
,H`l~vj~,6,4211,,,false,6
,H`l~vj~,7,4422,,,false,6
,H`l~vj~,8,4281,,,false,6
,H`l~vj~,9,4281,,,false,6
,H`l~vn~,0,4842,,,false,6
,H`l~vn~,1,4281,,,false,6
,H`l~vn~,2,4773,,,false,6
,H`l~vn~,3,4282,,,false,6
,H`l~vn~,4,4352,,,false,6
,H`l~vn~,5,4351,,,false,6
,H`l~vn~,6,4352,,,false,6
,H`l~vn~,7,4351,,,false,6
,H`l~vn~,8,4422,,,false,6
,H`l~vn~,9,4281,,,false,6
,HbNl}~~,0,5264,,,false,5
,HbNl}~~,1,4703,,,false,5
,HbNl}~~,2,4351,,,false,5
,HbNl}~~,3,4281,,,false,5
,HbNl}~~,4,4351,,,false,5
,HbNl}~~,5,4703,,,false,5
,HbNl}~~,6,4282,,,false,5
,HbNl}~~,7,3860,,,false,5
,HbNl}~~,8,4351,,,false,5
,HbNl}~~,9,4212,,,false,5
,H`z\z~~,0,4772,,,false,5
,H`z\z~~,1,4141,,,false,5
,H`z\z~~,2,4702,,,false,5
,H`z\z~~,3,4352,,,false,5
,H`z\z~~,4,4281,,,false,5
,H`z\z~~,5,4211,,,false,5
,H`z\z~~,6,4281,,,false,5
,H`z\z~~,7,4352,,,false,5
,H`z\z~~,8,4422,,,false,5
,H`z\z~~,9,4352,,,false,5
,H~rHx~~,0,5264,,,false,6
,H~rHx~~,1,4843,,,false,6
,H~rHx~~,2,4281,,,false,6
,H~rHx~~,3,4422,,,false,6
,H~rHx~~,4,4703,,,false,6
,H~rHx~~,5,4281,,,false,6
,H~rHx~~,6,4352,,,false,6
,H~rHx~~,7,4421,,,false,6
,H~rHx~~,8,4703,,,false,6
,H~rHx~~,9,4351,,,false,6
,H^rLz~~,0,4703,,,false,6
,H^rLz~~,1,4281,,,false,6
,H^rLz~~,2,4843,,,false,6
,H^rLz~~,3,4282,,,false,6
,H^rLz~~,4,4632,,,false,6
,H^rLz~~,5,4281,,,false,6
,H^rLz~~,6,4842,,,false,6
,H^rLz~~,7,4773,,,false,6
,H^rLz~~,8,4632,,,false,6
,H^rLz~~,9,4282,,,false,6
,H`~~vn~,0,4702,,,false,6
,H`~~vn~,1,4843,,,false,6
,H`~~vn~,2,4422,,,false,6
,H`~~vn~,3,4843,,,false,6
,H`~~vn~,4,4352,,,false,6
,H`~~vn~,5,4351,,,false,6
,H`~~vn~,6,4843,,,false,6
,H`~~vn~,7,4352,,,false,6
,H`~~vn~,8,4702,,,false,6
,H`~~vn~,9,4352,,,false,6
,Hrqix~~,0,4773,,,false,6
,Hrqix~~,1,4422,,,false,6
,Hrqix~~,2,4702,,,false,6
,Hrqix~~,3,4282,,,false,6
,Hrqix~~,4,4352,,,false,6
,Hrqix~~,5,3931,,,false,6
,Hrqix~~,6,4281,,,false,6
,Hrqix~~,7,4281,,,false,6
,Hrqix~~,8,4282,,,false,6
,Hrqix~~,9,4351,,,false,6
,HYd}t~~,0,4843,,,false,6
,HYd}t~~,1,4843,,,false,6
,HYd}t~~,2,4281,,,false,6
,HYd}t~~,3,4281,,,false,6
,HYd}t~~,4,3860,,,false,6
,HYd}t~~,5,4351,,,false,6
,HYd}t~~,6,4211,,,false,6
,HYd}t~~,7,4281,,,false,6
,HYd}t~~,8,4282,,,false,6
,HYd}t~~,9,4351,,,false,6
,HtXXz~~,0,4843,,,false,6
,HtXXz~~,1,4351,,,false,6
,HtXXz~~,2,4843,,,false,6
,HtXXz~~,3,4211,,,false,6
,HtXXz~~,4,4352,,,false,6
,HtXXz~~,5,4422,,,false,6
,HtXXz~~,6,4703,,,false,6
,HtXXz~~,7,4211,,,false,6
,HtXXz~~,8,4352,,,false,6
,HtXXz~~,9,4351,,,false,6
,HMutZ~~,0,4913,,,false,6
,HMutZ~~,1,4352,,,false,6
,HMutZ~~,2,4281,,,false,6
,HMutZ~~,3,4352,,,false,6
,HMutZ~~,4,4421,,,false,6
,HMutZ~~,5,5755,,,false,6
,HMutZ~~,6,3299,,,false,6
,HMutZ~~,7,3861,,,false,6
,HMutZ~~,8,4773,,,false,6
,HMutZ~~,9,4211,,,false,6
,HvSzZ^~,0,5124,,,false,6
,HvSzZ^~,1,4702,,,false,6
,HvSzZ^~,2,4282,,,false,6
,HvSzZ^~,3,4351,,,false,6
,HvSzZ^~,4,4352,,,false,6
,HvSzZ^~,5,4281,,,false,6
,HvSzZ^~,6,4352,,,false,6
,HvSzZ^~,7,4351,,,false,6
,HvSzZ^~,8,4352,,,false,6
,HvSzZ^~,9,4211,,,false,6
,HvSz^^~,0,4843,,,false,6
,HvSz^^~,1,4773,,,false,6
,HvSz^^~,2,4422,,,false,6
,HvSz^^~,3,4772,,,false,6
,HvSz^^~,4,4352,,,false,6
,HvSz^^~,5,4772,,,false,6
,HvSz^^~,6,4422,,,false,6
,HvSz^^~,7,4281,,,false,6
,HvSz^^~,8,4282,,,false,6
,HvSz^^~,9,4281,,,false,6
,HqL~r~~,0,4773,,,false,6
,HqL~r~~,1,4352,,,false,6
,HqL~r~~,2,4843,,,false,6
,HqL~r~~,3,4282,,,false,6
,HqL~r~~,4,4281,,,false,6
,HqL~r~~,5,4352,,,false,6
,HqL~r~~,6,4352,,,false,6
,HqL~r~~,7,4281,,,false,6
,HqL~r~~,8,4281,,,false,6
,HqL~r~~,9,4773,,,false,6
,HRl~Mv~,0,5264,,,false,6
,HRl~Mv~,1,4843,,,false,6
,HRl~Mv~,2,4351,,,false,6
,HRl~Mv~,3,4352,,,false,6
,HRl~Mv~,4,4703,,,false,6
,HRl~Mv~,5,4422,,,false,6
,HRl~Mv~,6,4351,,,false,6
,HRl~Mv~,7,4282,,,false,6
,HRl~Mv~,8,4211,,,false,6
,HRl~Mv~,9,4352,,,false,6
,HLnJ~n~,0,4913,,,false,6
,HLnJ~n~,1,4281,,,false,6
,HLnJ~n~,2,4772,,,false,6
,HLnJ~n~,3,4282,,,false,6
,HLnJ~n~,4,4422,,,false,6
,HLnJ~n~,5,4281,,,false,6
,HLnJ~n~,6,4211,,,false,6
,HLnJ~n~,7,4281,,,false,6
,HLnJ~n~,8,4351,,,false,6
,HLnJ~n~,9,4282,,,false,6
,HdYz~r~,0,5334,,,false,6
,HdYz~r~,1,4702,,,false,6
,HdYz~r~,2,4281,,,false,6
,HdYz~r~,3,4282,,,false,6
,HdYz~r~,4,4352,,,false,6
,HdYz~r~,5,4281,,,false,6
,HdYz~r~,6,4281,,,false,6
,HdYz~r~,7,4773,,,false,6
,HdYz~r~,8,4351,,,false,6
,HdYz~r~,9,4282,,,false,6
,Hbiz~v~,0,4843,,,false,6
,Hbiz~v~,1,4352,,,false,6
,Hbiz~v~,2,4211,,,false,6
,Hbiz~v~,3,4352,,,false,6
,Hbiz~v~,4,4282,,,false,6
,Hbiz~v~,5,4281,,,false,6
,Hbiz~v~,6,4702,,,false,6
,Hbiz~v~,7,4352,,,false,6
,Hbiz~v~,8,4773,,,false,6
,Hbiz~v~,9,4211,,,false,6
,HdYz}~~,0,5194,,,false,6
,HdYz}~~,1,4351,,,false,6
,HdYz}~~,2,4282,,,false,6
,HdYz}~~,3,4422,,,false,6
,HdYz}~~,4,4281,,,false,6
,HdYz}~~,5,4281,,,false,6
,HdYz}~~,6,4352,,,false,6
,HdYz}~~,7,4422,,,false,6
,HdYz}~~,8,4281,,,false,6
,HdYz}~~,9,4211,,,false,6
,HqN~r~~,0,5124,,,false,6
,HqN~r~~,1,4772,,,false,6
,HqN~r~~,2,4352,,,false,6
,HqN~r~~,3,4352,,,false,6
,HqN~r~~,4,4351,,,false,6
,HqN~r~~,5,4773,,,false,6
,HqN~r~~,6,4843,,,false,6
,HqN~r~~,7,4281,,,false,6
,HqN~r~~,8,4843,,,false,6
,HqN~r~~,9,4702,,,false,6
,HtlrY~~,0,4773,,,false,6
,HtlrY~~,1,4352,,,false,6
,HtlrY~~,2,4422,,,false,6
,HtlrY~~,3,14319,,,false,6
,HtlrY~~,4,4352,,,false,6
,HtlrY~~,5,4352,,,false,6
,HtlrY~~,6,4702,,,false,6
,HtlrY~~,7,4352,,,false,6
,HtlrY~~,8,4351,,,false,6
,HtlrY~~,9,4352,,,false,6
,H{Sz~z~,0,4913,,,false,6
,H{Sz~z~,1,4702,,,false,6
,H{Sz~z~,2,4282,,,false,6
,H{Sz~z~,3,4422,,,false,6
,H{Sz~z~,4,4422,,,false,6
,H{Sz~z~,5,4703,,,false,6
,H{Sz~z~,6,4212,,,false,6
,H{Sz~z~,7,4281,,,false,6
,H{Sz~z~,8,4843,,,false,6
,H{Sz~z~,9,4281,,,false,6
,HRvdz~~,0,4843,,,false,6
,HRvdz~~,1,4843,,,false,6
,HRvdz~~,2,4281,,,false,6
,HRvdz~~,3,4352,,,false,6
,HRvdz~~,4,4352,,,false,6
,HRvdz~~,5,4281,,,false,6
,HRvdz~~,6,4211,,,false,6
,HRvdz~~,7,4352,,,false,6
,HRvdz~~,8,4351,,,false,6
,HRvdz~~,9,4212,,,false,6
,HtX\z~~,0,5264,,,false,6
,HtX\z~~,1,4281,,,false,6
,HtX\z~~,2,4352,,,false,6
,HtX\z~~,3,4843,,,false,6
,HtX\z~~,4,4281,,,false,6
,HtX\z~~,5,4773,,,false,6
,HtX\z~~,6,4352,,,false,6
,HtX\z~~,7,4422,,,false,6
,HtX\z~~,8,4281,,,false,6
,HtX\z~~,9,4212,,,false,6
,H{S~~z~,0,5194,,,false,6
,H{S~~z~,1,4773,,,false,6
,H{S~~z~,2,4773,,,false,6
,H{S~~z~,3,4772,,,false,6
,H{S~~z~,4,4212,,,false,6
,H{S~~z~,5,4281,,,false,6
,H{S~~z~,6,4772,,,false,6
,H{S~~z~,7,4351,,,false,6
,H{S~~z~,8,4773,,,false,6
,H{S~~z~,9,4772,,,false,6
,H}hXz~~,0,4703,,,false,6
,H}hXz~~,1,4352,,,false,6
,H}hXz~~,2,4281,,,false,6
,H}hXz~~,3,4281,,,false,6
,H}hXz~~,4,4773,,,false,6
,H}hXz~~,5,4351,,,false,6
,H}hXz~~,6,4282,,,false,6
,H}hXz~~,7,4211,,,false,6
,H}hXz~~,8,4282,,,false,6
,H}hXz~~,9,4352,,,false,6
,H}nax~~,0,5334,,,false,6
,H}nax~~,1,4843,,,false,6
,H}nax~~,2,4702,,,false,6
,H}nax~~,3,4282,,,false,6
,H}nax~~,4,4351,,,false,6
,H}nax~~,5,4351,,,false,6
,H}nax~~,6,4703,,,false,6
,H}nax~~,7,4281,,,false,6
,H}nax~~,8,4772,,,false,6
,H}nax~~,9,4352,,,false,6
,Hrvdz~~,0,5335,,,false,6
,Hrvdz~~,1,4843,,,false,6
,Hrvdz~~,2,4773,,,false,6
,Hrvdz~~,3,4281,,,false,6
,Hrvdz~~,4,4422,,,false,6
,Hrvdz~~,5,4773,,,false,6
,Hrvdz~~,6,4772,,,false,6
,Hrvdz~~,7,4773,,,false,6
,Hrvdz~~,8,4351,,,false,6
,Hrvdz~~,9,4281,,,false,6
,Hp^uz~~,0,5334,,,false,6
,Hp^uz~~,1,4281,,,false,6
,Hp^uz~~,2,4282,,,false,6
,Hp^uz~~,3,4352,,,false,6
,Hp^uz~~,4,4351,,,false,6
,Hp^uz~~,5,4211,,,false,6
,Hp^uz~~,6,4351,,,false,6
,Hp^uz~~,7,4282,,,false,6
,Hp^uz~~,8,4352,,,false,6
,Hp^uz~~,9,4702,,,false,6
,HRl}~^~,0,4773,,,false,6
,HRl}~^~,1,4703,,,false,6
,HRl}~^~,2,4702,,,false,6
,HRl}~^~,3,4352,,,false,6
,HRl}~^~,4,4702,,,false,6
,HRl}~^~,5,4211,,,false,6
,HRl}~^~,6,4282,,,false,6
,HRl}~^~,7,4352,,,false,6
,HRl}~^~,8,4843,,,false,6
,HRl}~^~,9,4281,,,false,6
,Hq~tz~~,0,14318,,,false,6
,Hq~tz~~,1,3861,,,false,6
,Hq~tz~~,2,4843,,,false,6
,Hq~tz~~,3,4843,,,false,6
,Hq~tz~~,4,4772,,,false,6
,Hq~tz~~,5,4843,,,false,6
,Hq~tz~~,6,4703,,,false,6
,Hq~tz~~,7,4702,,,false,6
,Hq~tz~~,8,4211,,,false,6
,Hq~tz~~,9,4422,,,false,6
,HjNm|~~,0,4843,,,false,6
,HjNm|~~,1,4281,,,false,6
,HjNm|~~,2,4281,,,false,6
,HjNm|~~,3,4352,,,false,6
,HjNm|~~,4,4352,,,false,6
,HjNm|~~,5,4843,,,false,6
,HjNm|~~,6,4702,,,false,6
,HjNm|~~,7,4773,,,false,6
,HjNm|~~,8,4352,,,false,6
,HjNm|~~,9,4772,,,false,6
,HJz\z~~,0,4351,,,false,6
,HJz\z~~,1,4352,,,false,6
,HJz\z~~,2,4211,,,false,6
,HJz\z~~,3,4421,,,false,6
,HJz\z~~,4,4351,,,false,6
,HJz\z~~,5,4352,,,false,6
,HJz\z~~,6,4211,,,false,6
,HJz\z~~,7,4352,,,false,6
,HJz\z~~,8,4281,,,false,6
,HJz\z~~,9,4282,,,false,6
,HMn~r~~,0,5194,,,false,6
,HMn~r~~,1,4772,,,false,6
,HMn~r~~,2,4352,,,false,6
,HMn~r~~,3,4843,,,false,6
,HMn~r~~,4,4772,,,false,6
,HMn~r~~,5,4352,,,false,6
,HMn~r~~,6,4351,,,false,6
,HMn~r~~,7,4421,,,false,6
,HMn~r~~,8,4703,,,false,6
,HMn~r~~,9,4773,,,false,6
,Hru~Z~~,0,5123,,,false,6
,Hru~Z~~,1,4843,,,false,6
,Hru~Z~~,2,4843,,,false,6
,Hru~Z~~,3,4703,,,false,6
,Hru~Z~~,4,4632,,,false,6
,Hru~Z~~,5,4773,,,false,6
,Hru~Z~~,6,4843,,,false,6
,Hru~Z~~,7,4773,,,false,6
,Hru~Z~~,8,4703,,,false,6
,Hru~Z~~,9,4772,,,false,6
,HR~~vn~,0,5264,,,false,6
,HR~~vn~,1,4842,,,false,6
,HR~~vn~,2,4773,,,false,6
,HR~~vn~,3,4702,,,false,6
,HR~~vn~,4,4773,,,false,6
,HR~~vn~,5,4843,,,false,6
,HR~~vn~,6,4773,,,false,6
,HR~~vn~,7,4772,,,false,6
,HR~~vn~,8,4352,,,false,6
,HR~~vn~,9,4843,,,false,6
,H???XjA,0,2948,,,false,1
,H???XjA,1,2386,,,false,1
,H???XjA,2,2387,,,false,1
,H???XjA,3,2387,,,false,1
,H???XjA,4,1895,,,false,1
,H???XjA,5,2386,,,false,1
,H???XjA,6,2457,,,false,1
,H???XjA,7,2386,,,false,1
,H???XjA,8,2316,,,false,1
,H???XjA,9,2316,,,false,1
,H?qahro,0,4211,,,false,4
,H?qahro,1,3369,,,false,4
,H?qahro,2,3299,,,false,4
,H?qahro,3,3439,,,false,4
,H?qahro,4,2878,,,false,4
,H?qahro,5,3228,,,false,4
,H?qahro,6,3299,,,false,4
,H?qahro,7,2877,,,false,4
,H?qahro,8,2948,,,false,4
,H?qahro,9,3369,,,false,4
,H??@GrD,0,2386,,,false,1
,H??@GrD,1,2387,,,false,1
,H??@GrD,2,2457,,,false,1
,H??@GrD,3,2316,,,false,1
,H??@GrD,4,1965,,,false,1
,H??@GrD,5,1895,,,false,1
,H??@GrD,6,2457,,,false,1
,H??@GrD,7,2386,,,false,1
,H??@GrD,8,1965,,,false,1
,H??@GrD,9,1895,,,false,1
,H???]Os,0,2808,,,false,1
,H???]Os,1,2316,,,false,1
,H???]Os,2,1895,,,false,1
,H???]Os,3,2457,,,false,1
,H???]Os,4,2386,,,false,1
,H???]Os,5,1895,,,false,1
,H???]Os,6,1895,,,false,1
,H???]Os,7,2386,,,false,1
,H???]Os,8,2387,,,false,1
,H???]Os,9,1965,,,false,1
,H``?@cM,0,2878,,,false,2
,H``?@cM,1,2457,,,false,2
,H``?@cM,2,2316,,,false,2
,H``?@cM,3,2386,,,false,2
,H``?@cM,4,1895,,,false,2
,H``?@cM,5,2386,,,false,2
,H``?@cM,6,2457,,,false,2
,H``?@cM,7,2386,,,false,2
,H``?@cM,8,2316,,,false,2
,H``?@cM,9,11370,,,false,2
,H?D_Sfa,0,3299,,,false,2
,H?D_Sfa,1,2807,,,false,2
,H?D_Sfa,2,2456,,,false,2
,H?D_Sfa,3,2387,,,false,2
,H?D_Sfa,4,2878,,,false,2
,H?D_Sfa,5,2386,,,false,2
,H?D_Sfa,6,2386,,,false,2
,H?D_Sfa,7,2948,,,false,2
,H?D_Sfa,8,2457,,,false,2
,H?D_Sfa,9,2386,,,false,2
,HCD@z^~,0,4351,,,false,3
,HCD@z^~,1,3299,,,false,3
,HCD@z^~,2,3439,,,false,3
,HCD@z^~,3,2878,,,false,3
,HCD@z^~,4,3439,,,false,3
,HCD@z^~,5,3299,,,false,3
,HCD@z^~,6,3299,,,false,3
,HCD@z^~,7,3369,,,false,3
,HCD@z^~,8,3369,,,false,3
,HCD@z^~,9,3369,,,false,3
,H`?Ha]{,0,3861,,,false,3
,H`?Ha]{,1,2877,,,false,3
,H`?Ha]{,2,2808,,,false,3
,H`?Ha]{,3,2807,,,false,3
,H`?Ha]{,4,2457,,,false,3
,H`?Ha]{,5,2948,,,false,3
,H`?Ha]{,6,2877,,,false,3
,H`?Ha]{,7,2808,,,false,3
,H`?Ha]{,8,2808,,,false,3
,H`?Ha]{,9,2878,,,false,3
,H`?N~z{,0,4703,,,false,4
,H`?N~z{,1,3790,,,false,4
,H`?N~z{,2,3860,,,false,4
,H`?N~z{,3,3790,,,false,4
,H`?N~z{,4,3369,,,false,4
,H`?N~z{,5,3298,,,false,4
,H`?N~z{,6,3440,,,false,4
,H`?N~z{,7,3861,,,false,4
,H`?N~z{,8,3790,,,false,4
,H`?N~z{,9,3790,,,false,4
,HgGqsy],0,4281,,,false,5
,HgGqsy],1,3299,,,false,5
,HgGqsy],2,3439,,,false,5
,HgGqsy],3,3369,,,false,5
,HgGqsy],4,3369,,,false,5
,HgGqsy],5,3369,,,false,5
,HgGqsy],6,3369,,,false,5
,HgGqsy],7,3369,,,false,5
,HgGqsy],8,3369,,,false,5
,HgGqsy],9,3299,,,false,5
,HqOpS|},0,4702,,,false,4
,HqOpS|},1,3861,,,false,4
,HqOpS|},2,3369,,,false,4
,HqOpS|},3,3369,,,false,4
,HqOpS|},4,3720,,,false,4
,HqOpS|},5,3791,,,false,4
,HqOpS|},6,3299,,,false,4
,HqOpS|},7,3439,,,false,4
,HqOpS|},8,3369,,,false,4
,HqOpS|},9,3299,,,false,4
,HR?M[xk,0,3860,,,false,4
,HR?M[xk,1,3369,,,false,4
,HR?M[xk,2,3299,,,false,4
,HR?M[xk,3,3368,,,false,4
,HR?M[xk,4,2948,,,false,4
,HR?M[xk,5,3299,,,false,4
,HR?M[xk,6,2948,,,false,4
,HR?M[xk,7,3299,,,false,4
,HR?M[xk,8,3368,,,false,4
,HR?M[xk,9,2947,,,false,4
,HWLKm_^,0,4422,,,false,4
,HWLKm_^,1,3369,,,false,4
,HWLKm_^,2,3791,,,false,4
,HWLKm_^,3,3298,,,false,4
,HWLKm_^,4,3369,,,false,4
,HWLKm_^,5,3369,,,false,4
,HWLKm_^,6,3791,,,false,4
,HWLKm_^,7,3369,,,false,4
,HWLKm_^,8,3369,,,false,4
,HWLKm_^,9,3369,,,false,4
,H?LE`YT,0,3439,,,false,3
,H?LE`YT,1,2948,,,false,3
,H?LE`YT,2,2386,,,false,3
,H?LE`YT,3,2808,,,false,3
,H?LE`YT,4,2878,,,false,3
,H?LE`YT,5,2877,,,false,3
,H?LE`YT,6,2878,,,false,3
,H?LE`YT,7,2877,,,false,3
,H?LE`YT,8,2808,,,false,3
,H?LE`YT,9,2738,,,false,3
,H@CI?M`,0,2807,,,false,2
,H@CI?M`,1,2387,,,false,2
,H@CI?M`,2,2387,,,false,2
,H@CI?M`,3,2457,,,false,2
,H@CI?M`,4,2386,,,false,2
,H@CI?M`,5,2387,,,false,2
,H@CI?M`,6,1895,,,false,2
,H@CI?M`,7,2316,,,false,2
,H@CI?M`,8,2316,,,false,2
,H@CI?M`,9,2456,,,false,2
,H`?H_ZB,0,2878,,,false,2
,H`?H_ZB,1,2386,,,false,2
,H`?H_ZB,2,2457,,,false,2
,H`?H_ZB,3,2387,,,false,2
,H`?H_ZB,4,2316,,,false,2
,H`?H_ZB,5,2316,,,false,2
,H`?H_ZB,6,2387,,,false,2
,H`?H_ZB,7,2456,,,false,2
,H`?H_ZB,8,2878,,,false,2
,H`?H_ZB,9,2386,,,false,2
,H??E@KZ,0,2877,,,false,2
,H??E@KZ,1,2808,,,false,2
,H??E@KZ,2,10599,,,false,2
,H??E@KZ,3,3930,,,false,2
,H??E@KZ,4,2456,,,false,2
,H??E@KZ,5,2386,,,false,2
,H??E@KZ,6,2807,,,false,2
,H??E@KZ,7,2808,,,false,2
,H??E@KZ,8,2456,,,false,2
,H??E@KZ,9,2386,,,false,2
,H@`?OKr,0,2878,,,false,2
,H@`?OKr,1,2456,,,false,2
,H@`?OKr,2,2457,,,false,2
,H@`?OKr,3,2316,,,false,2
,H@`?OKr,4,2386,,,false,2
,H@`?OKr,5,2387,,,false,2
,H@`?OKr,6,2456,,,false,2
,H@`?OKr,7,2386,,,false,2
,H@`?OKr,8,2387,,,false,2
,H@`?OKr,9,2316,,,false,2
,H?AA`O[,0,2386,,,false,1
,H?AA`O[,1,1895,,,false,1
,H?AA`O[,2,2387,,,false,1
,H?AA`O[,3,2456,,,false,1
,H?AA`O[,4,1895,,,false,1
,H?AA`O[,5,1895,,,false,1
,H?AA`O[,6,1895,,,false,1
,H?AA`O[,7,2387,,,false,1
,H?AA`O[,8,2386,,,false,1
,H?AA`O[,9,1965,,,false,1
,H{db?{],0,3930,,,false,4
,H{db?{],1,3369,,,false,4
,H{db?{],2,3369,,,false,4
,H{db?{],3,3439,,,false,4
,H{db?{],4,3369,,,false,4
,H{db?{],5,2948,,,false,4
,H{db?{],6,3369,,,false,4
,H{db?{],7,3299,,,false,4
,H{db?{],8,3369,,,false,4
,H{db?{],9,3369,,,false,4
,HoDczp{,0,4351,,,false,4
,HoDczp{,1,3369,,,false,4
,HoDczp{,2,3439,,,false,4
,HoDczp{,3,3439,,,false,4
,HoDczp{,4,3790,,,false,4
,HoDczp{,5,3299,,,false,4
,HoDczp{,6,3369,,,false,4
,HoDczp{,7,3791,,,false,4
,HoDczp{,8,3368,,,false,4
,HoDczp{,9,3299,,,false,4
,Hqopc|m,0,4773,,,false,4
,Hqopc|m,1,3860,,,false,4
,Hqopc|m,2,3439,,,false,4
,Hqopc|m,3,3299,,,false,4
,Hqopc|m,4,3369,,,false,4
,Hqopc|m,5,3790,,,false,4
,Hqopc|m,6,3439,,,false,4
,Hqopc|m,7,3369,,,false,4
,Hqopc|m,8,3790,,,false,4
,Hqopc|m,9,3369,,,false,4
,Hqcxq\f,0,4772,,,false,5
,Hqcxq\f,1,3860,,,false,5
,Hqcxq\f,2,3439,,,false,5
,Hqcxq\f,3,3790,,,false,5
,Hqcxq\f,4,3790,,,false,5
,Hqcxq\f,5,3439,,,false,5
,Hqcxq\f,6,3931,,,false,5
,Hqcxq\f,7,3860,,,false,5
,Hqcxq\f,8,3790,,,false,5
,Hqcxq\f,9,3369,,,false,5
,Hr?GOKF,0,2808,,,false,3
,Hr?GOKF,1,2386,,,false,3
,Hr?GOKF,2,2878,,,false,3
,Hr?GOKF,3,2456,,,false,3
,Hr?GOKF,4,2457,,,false,3
,Hr?GOKF,5,2878,,,false,3
,Hr?GOKF,6,2386,,,false,3
,Hr?GOKF,7,2808,,,false,3
,Hr?GOKF,8,2456,,,false,3
,Hr?GOKF,9,2948,,,false,3
,HQQ?@KY,0,2387,,,false,2
,HQQ?@KY,1,2386,,,false,2
,HQQ?@KY,2,2317,,,false,2
,HQQ?@KY,3,2387,,,false,2
,HQQ?@KY,4,2316,,,false,2
,HQQ?@KY,5,2386,,,false,2
,HQQ?@KY,6,2457,,,false,2
,HQQ?@KY,7,2386,,,false,2
,HQQ?@KY,8,2386,,,false,2
,HQQ?@KY,9,1965,,,false,2
,H?C@IQD,0,2387,,,false,1
,H?C@IQD,1,2456,,,false,1
,H?C@IQD,2,1895,,,false,1
,H?C@IQD,3,2386,,,false,1
,H?C@IQD,4,1965,,,false,1
,H?C@IQD,5,2386,,,false,1
,H?C@IQD,6,2316,,,false,1
,H?C@IQD,7,2386,,,false,1
,H?C@IQD,8,1965,,,false,1
,H?C@IQD,9,1966,,,false,1
,H??HIaW,0,2386,,,false,1
,H??HIaW,1,2387,,,false,1
,H??HIaW,2,1895,,,false,1
,H??HIaW,3,2316,,,false,1
,H??HIaW,4,2316,,,false,1
,H??HIaW,5,1895,,,false,1
,H??HIaW,6,2316,,,false,1
,H??HIaW,7,2456,,,false,1
,H??HIaW,8,2457,,,false,1
,H??HIaW,9,1895,,,false,1
,H????^q,0,2456,,,false,1
,H????^q,1,2386,,,false,1
,H????^q,2,2316,,,false,1
,H????^q,3,2387,,,false,1
,H????^q,4,2386,,,false,1
,H????^q,5,1965,,,false,1
,H????^q,6,2316,,,false,1
,H????^q,7,2386,,,false,1
,H????^q,8,1895,,,false,1
,H????^q,9,2386,,,false,1
,HAA?PKy,0,2948,,,false,2
,HAA?PKy,1,2878,,,false,2
,HAA?PKy,2,2386,,,false,2
,HAA?PKy,3,2386,,,false,2
,HAA?PKy,4,2386,,,false,2
,HAA?PKy,5,2457,,,false,2
,HAA?PKy,6,2456,,,false,2
,HAA?PKy,7,2387,,,false,2
,HAA?PKy,8,2316,,,false,2
,HAA?PKy,9,2386,,,false,2
,H@BQPS^,0,3790,,,false,3
,H@BQPS^,1,2878,,,false,3
,H@BQPS^,2,2877,,,false,3
,H@BQPS^,3,2878,,,false,3
,H@BQPS^,4,2877,,,false,3
,H@BQPS^,5,2808,,,false,3
,H@BQPS^,6,2878,,,false,3
,H@BQPS^,7,3299,,,false,3
,H@BQPS^,8,2878,,,false,3
,H@BQPS^,9,2948,,,false,3
,HPVBG}z,0,4421,,,false,5
,HPVBG}z,1,3369,,,false,5
,HPVBG}z,2,3790,,,false,5
,HPVBG}z,3,3790,,,false,5
,HPVBG}z,4,3440,,,false,5
,HPVBG}z,5,3860,,,false,5
,HPVBG}z,6,3790,,,false,5
,HPVBG}z,7,3299,,,false,5
,HPVBG}z,8,3861,,,false,5
,HPVBG}z,9,3439,,,false,5
,HELZTMN,0,4351,,,false,5
,HELZTMN,1,3790,,,false,5
,HELZTMN,2,3720,,,false,5
,HELZTMN,3,3369,,,false,5
,HELZTMN,4,3299,,,false,5
,HELZTMN,5,3439,,,false,5
,HELZTMN,6,3369,,,false,5
,HELZTMN,7,3720,,,false,5
,HELZTMN,8,3299,,,false,5
,HELZTMN,9,3860,,,false,5
,HDpch\Z,0,4422,,,false,5
,HDpch\Z,1,3439,,,false,5
,HDpch\Z,2,3369,,,false,5
,HDpch\Z,3,3299,,,false,5
,HDpch\Z,4,3298,,,false,5
,HDpch\Z,5,3369,,,false,5
,HDpch\Z,6,3369,,,false,5
,HDpch\Z,7,3298,,,false,5
,HDpch\Z,8,3298,,,false,5
,HDpch\Z,9,3299,,,false,5
,H??@GrB,0,2316,,,false,1
,H??@GrB,1,2317,,,false,1
,H??@GrB,2,1965,,,false,1
,H??@GrB,3,2457,,,false,1
,H??@GrB,4,2386,,,false,1
,H??@GrB,5,1895,,,false,1
,H??@GrB,6,2386,,,false,1
,H??@GrB,7,2877,,,false,1
,H??@GrB,8,2457,,,false,1
,H??@GrB,9,2386,,,false,1
,H?CAHM^,0,3299,,,false,3
,H?CAHM^,1,2807,,,false,3
,H?CAHM^,2,2877,,,false,3
,H?CAHM^,3,2878,,,false,3
,H?CAHM^,4,2878,,,false,3
,H?CAHM^,5,2947,,,false,3
,H?CAHM^,6,2878,,,false,3
,H?CAHM^,7,2807,,,false,3
,H?CAHM^,8,2456,,,false,3
,H?CAHM^,9,2878,,,false,3
,HINT^~~,0,4913,,,false,5
,HINT^~~,1,4422,,,false,5
,HINT^~~,2,4281,,,false,5
,HINT^~~,3,4141,,,false,5
,HINT^~~,4,4281,,,false,5
,HINT^~~,5,3861,,,false,5
,HINT^~~,6,4351,,,false,5
,HINT^~~,7,4211,,,false,5
,HINT^~~,8,3790,,,false,5
,HINT^~~,9,3860,,,false,5
,H@lv]~~,0,4702,,,false,5
,H@lv]~~,1,4352,,,false,5
,H@lv]~~,2,4351,,,false,5
,H@lv]~~,3,4282,,,false,5
,H@lv]~~,4,4281,,,false,5
,H@lv]~~,5,3860,,,false,5
,H@lv]~~,6,4282,,,false,5
,H@lv]~~,7,4281,,,false,5
,H@lv]~~,8,3790,,,false,5
,H@lv]~~,9,4352,,,false,5
,H{~va{~,0,5264,,,false,6
,H{~va{~,1,4352,,,false,6
,H{~va{~,2,4212,,,false,6
,H{~va{~,3,4351,,,false,6
,H{~va{~,4,4352,,,false,6
,H{~va{~,5,4421,,,false,6
,H{~va{~,6,4282,,,false,6
,H{~va{~,7,4281,,,false,6
,H{~va{~,8,4352,,,false,6
,H{~va{~,9,4352,,,false,6
,HINLn~~,0,4773,,,false,5
,HINLn~~,1,4352,,,false,5
,HINLn~~,2,4141,,,false,5
,HINLn~~,3,4212,,,false,5
,HINLn~~,4,4281,,,false,5
,HINLn~~,5,4352,,,false,5
,HINLn~~,6,4281,,,false,5
,HINLn~~,7,4211,,,false,5
,HINLn~~,8,3861,,,false,5
,HINLn~~,9,4351,,,false,5
,HJaJY{~,0,4282,,,false,4
,HJaJY{~,1,3790,,,false,4
,HJaJY{~,2,3790,,,false,4
,HJaJY{~,3,3439,,,false,4
,HJaJY{~,4,3369,,,false,4
,HJaJY{~,5,3299,,,false,4
,HJaJY{~,6,3790,,,false,4
,HJaJY{~,7,3860,,,false,4
,HJaJY{~,8,3369,,,false,4
,HJaJY{~,9,3369,,,false,4
,H@IYvN~,0,4281,,,false,4
,H@IYvN~,1,3720,,,false,4
,H@IYvN~,2,3369,,,false,4
,H@IYvN~,3,3860,,,false,4
,H@IYvN~,4,3369,,,false,4
,H@IYvN~,5,3790,,,false,4
,H@IYvN~,6,3298,,,false,4
,H@IYvN~,7,3790,,,false,4
,H@IYvN~,8,3860,,,false,4
,H@IYvN~,9,3298,,,false,4
,H?B~~rx,0,4772,,,false,4
,H?B~~rx,1,3790,,,false,4
,H?B~~rx,2,4211,,,false,4
,H?B~~rx,3,3790,,,false,4
,H?B~~rx,4,3930,,,false,4
,H?B~~rx,5,3790,,,false,4
,H?B~~rx,6,3439,,,false,4
,H?B~~rx,7,3790,,,false,4
,H?B~~rx,8,3860,,,false,4
,H?B~~rx,9,3931,,,false,4
,H{dahWZ,0,4352,,,false,4
,H{dahWZ,1,3369,,,false,4
,H{dahWZ,2,3790,,,false,4
,H{dahWZ,3,3299,,,false,4
,H{dahWZ,4,3369,,,false,4
,H{dahWZ,5,3369,,,false,4
,H{dahWZ,6,3790,,,false,4
,H{dahWZ,7,3299,,,false,4
,H{dahWZ,8,3299,,,false,4
,H{dahWZ,9,3439,,,false,4
,H@Kp]jJ,0,3860,,,false,4
,H@Kp]jJ,1,3439,,,false,4
,H@Kp]jJ,2,3369,,,false,4
,H@Kp]jJ,3,3299,,,false,4
,H@Kp]jJ,4,3369,,,false,4
,H@Kp]jJ,5,3369,,,false,4
,H@Kp]jJ,6,3439,,,false,4
,H@Kp]jJ,7,3299,,,false,4
,H@Kp]jJ,8,3299,,,false,4
,H@Kp]jJ,9,3299,,,false,4
,H`?HW~r,0,4281,,,false,3
,H`?HW~r,1,2948,,,false,3
,H`?HW~r,2,2947,,,false,3
,H`?HW~r,3,2807,,,false,3
,H`?HW~r,4,2808,,,false,3
,H`?HW~r,5,3298,,,false,3
,H`?HW~r,6,2948,,,false,3
,H`?HW~r,7,2948,,,false,3
,H`?HW~r,8,2878,,,false,3
,H`?HW~r,9,2948,,,false,3
,H@Kp]fL,0,3790,,,false,4
,H@Kp]fL,1,3369,,,false,4
,H@Kp]fL,2,3299,,,false,4
,H@Kp]fL,3,2948,,,false,4
,H@Kp]fL,4,2808,,,false,4
,H@Kp]fL,5,3299,,,false,4
,H@Kp]fL,6,3368,,,false,4
,H@Kp]fL,7,2878,,,false,4
,H@Kp]fL,8,3439,,,false,4
,H@Kp]fL,9,3299,,,false,4
,HoCOZB~,0,3369,,,false,3
,HoCOZB~,1,3299,,,false,3
,HoCOZB~,2,3229,,,false,3
,HoCOZB~,3,2948,,,false,3
,HoCOZB~,4,2948,,,false,3
,HoCOZB~,5,2877,,,false,3
,HoCOZB~,6,3369,,,false,3
,HoCOZB~,7,2807,,,false,3
,HoCOZB~,8,3299,,,false,3
,HoCOZB~,9,2877,,,false,3
,H?BMXwz,0,3790,,,false,3
,H?BMXwz,1,3369,,,false,3
,H?BMXwz,2,2948,,,false,3
,H?BMXwz,3,2878,,,false,3
,H?BMXwz,4,3229,,,false,3
,H?BMXwz,5,2807,,,false,3
,H?BMXwz,6,2948,,,false,3
,H?BMXwz,7,2878,,,false,3
,H?BMXwz,8,2878,,,false,3
,H?BMXwz,9,2877,,,false,3
,H?CWvNf,0,3790,,,false,3
,H?CWvNf,1,2878,,,false,3
,H?CWvNf,2,3369,,,false,3
,H?CWvNf,3,3439,,,false,3
,H?CWvNf,4,2807,,,false,3
,H?CWvNf,5,2878,,,false,3
,H?CWvNf,6,2877,,,false,3
,H?CWvNf,7,2878,,,false,3
,H?CWvNf,8,2948,,,false,3
,H?CWvNf,9,2808,,,false,3
,H@GZQmN,0,3439,,,false,4
,H@GZQmN,1,2878,,,false,4
,H@GZQmN,2,3369,,,false,4
,H@GZQmN,3,3369,,,false,4
,H@GZQmN,4,3369,,,false,4
,H@GZQmN,5,3369,,,false,4
,H@GZQmN,6,2808,,,false,4
,H@GZQmN,7,3298,,,false,4
,H@GZQmN,8,2808,,,false,4
,H@GZQmN,9,3299,,,false,4
,H@GZIuN,0,3790,,,false,4
,H@GZIuN,1,4842,,,false,4
,H@GZIuN,2,2456,,,false,4
,H@GZIuN,3,3298,,,false,4
,H@GZIuN,4,2948,,,false,4
,H@GZIuN,5,3369,,,false,4
,H@GZIuN,6,3369,,,false,4
,H@GZIuN,7,2878,,,false,4
,H@GZIuN,8,3298,,,false,4
,H@GZIuN,9,3369,,,false,4
,H??Kz^{,0,3860,,,false,4
,H??Kz^{,1,2948,,,false,4
,H??Kz^{,2,3369,,,false,4
,H??Kz^{,3,3299,,,false,4
,H??Kz^{,4,2948,,,false,4
,H??Kz^{,5,2878,,,false,4
,H??Kz^{,6,3439,,,false,4
,H??Kz^{,7,2878,,,false,4
,H??Kz^{,8,2807,,,false,4
,H??Kz^{,9,2948,,,false,4
,H??E\lz,0,3299,,,false,2
,H??E\lz,1,2878,,,false,2
,H??E\lz,2,2877,,,false,2
,H??E\lz,3,2948,,,false,2
,H??E\lz,4,2878,,,false,2
,H??E\lz,5,3299,,,false,2
,H??E\lz,6,2877,,,false,2
,H??E\lz,7,2878,,,false,2
,H??E\lz,8,2877,,,false,2
,H??E\lz,9,2878,,,false,2
,H?CWtHb,0,3369,,,false,3
,H?CWtHb,1,2457,,,false,3
,H?CWtHb,2,2947,,,false,3
,H?CWtHb,3,2808,,,false,3
,H?CWtHb,4,2807,,,false,3
,H?CWtHb,5,2457,,,false,3
,H?CWtHb,6,2877,,,false,3
,H?CWtHb,7,2878,,,false,3
,H?CWtHb,8,2316,,,false,3
,H?CWtHb,9,2386,,,false,3
,HoStIv{,0,5194,,,false,4
,HoStIv{,1,3861,,,false,4
,HoStIv{,2,3440,,,false,4
,HoStIv{,3,3298,,,false,4
,HoStIv{,4,3299,,,false,4
,HoStIv{,5,3299,,,false,4
,HoStIv{,6,3860,,,false,4
,HoStIv{,7,3369,,,false,4
,HoStIv{,8,3299,,,false,4
,HoStIv{,9,3860,,,false,4
,HhEJG~w,0,4702,,,false,4
,HhEJG~w,1,3369,,,false,4
,HhEJG~w,2,3369,,,false,4
,HhEJG~w,3,3861,,,false,4
,HhEJG~w,4,3298,,,false,4
,HhEJG~w,5,3369,,,false,4
,HhEJG~w,6,3439,,,false,4
,HhEJG~w,7,3439,,,false,4
,HhEJG~w,8,3299,,,false,4
,HhEJG~w,9,3720,,,false,4
,H?hSzZr,0,4351,,,false,3
,H?hSzZr,1,3369,,,false,3
,H?hSzZr,2,3298,,,false,3
,H?hSzZr,3,3369,,,false,3
,H?hSzZr,4,3299,,,false,3
,H?hSzZr,5,3368,,,false,3
,H?hSzZr,6,3299,,,false,3
,H?hSzZr,7,3369,,,false,3
,H?hSzZr,8,2948,,,false,3
,H?hSzZr,9,3299,,,false,3
,HEhcqkn,0,3861,,,false,4
,HEhcqkn,1,3299,,,false,4
,HEhcqkn,2,2877,,,false,4
,HEhcqkn,3,3369,,,false,4
,HEhcqkn,4,3439,,,false,4
,HEhcqkn,5,3369,,,false,4
,HEhcqkn,6,3299,,,false,4
,HEhcqkn,7,3439,,,false,4
,HEhcqkn,8,3369,,,false,4
,HEhcqkn,9,2948,,,false,4
,H}nna{~,0,5334,,,false,6
,H}nna{~,1,4352,,,false,6
,H}nna{~,2,4211,,,false,6
,H}nna{~,3,4352,,,false,6
,H}nna{~,4,4913,,,false,6
,H}nna{~,5,4281,,,false,6
,H}nna{~,6,4211,,,false,6
,H}nna{~,7,4282,,,false,6
,H}nna{~,8,4842,,,false,6
,H}nna{~,9,4282,,,false,6
,HQYPOnN,0,4351,,,false,4
,HQYPOnN,1,3299,,,false,4
,HQYPOnN,2,3298,,,false,4
,HQYPOnN,3,3369,,,false,4
,HQYPOnN,4,3790,,,false,4
,HQYPOnN,5,3299,,,false,4
,HQYPOnN,6,3299,,,false,4
,HQYPOnN,7,3369,,,false,4
,HQYPOnN,8,3439,,,false,4
,HQYPOnN,9,3299,,,false,4
,H??P?VD,0,2878,,,false,1
,H??P?VD,1,2316,,,false,1
,H??P?VD,2,2316,,,false,1
,H??P?VD,3,2386,,,false,1
,H??P?VD,4,2387,,,false,1
,H??P?VD,5,2457,,,false,1
,H??P?VD,6,2386,,,false,1
,H??P?VD,7,2386,,,false,1
,H??P?VD,8,1895,,,false,1
,H??P?VD,9,2386,,,false,1
,HoDPX`H,0,3790,,,false,4
,HoDPX`H,1,3439,,,false,4
,HoDPX`H,2,11160,,,false,4
,HoDPX`H,3,2808,,,false,4
,HoDPX`H,4,2386,,,false,4
,HoDPX`H,5,1824,,,false,4
,HoDPX`H,6,3299,,,false,4
,HoDPX`H,7,2877,,,false,4
,HoDPX`H,8,3790,,,false,4
,HoDPX`H,9,2807,,,false,4
,H{Sz]}~,0,5334,,,false,6
,H{Sz]}~,1,4281,,,false,6
,H{Sz]}~,2,3861,,,false,6
,H{Sz]}~,3,4352,,,false,6
,H{Sz]}~,4,4351,,,false,6
,H{Sz]}~,5,4281,,,false,6
,H{Sz]}~,6,4352,,,false,6
,H{Sz]}~,7,4352,,,false,6
,H{Sz]}~,8,4282,,,false,6
,H{Sz]}~,9,4211,,,false,6
,HoDPXPP,0,3299,,,false,3
,HoDPXPP,1,3369,,,false,3
,HoDPXPP,2,2877,,,false,3
,HoDPXPP,3,2878,,,false,3
,HoDPXPP,4,2808,,,false,3
,HoDPXPP,5,3299,,,false,3
,HoDPXPP,6,2878,,,false,3
,HoDPXPP,7,2877,,,false,3
,HoDPXPP,8,2947,,,false,3
,HoDPXPP,9,2808,,,false,3
,H~?G[|m,0,3369,,,false,4
,H~?G[|m,1,3299,,,false,4
,H~?G[|m,2,3299,,,false,4
,H~?G[|m,3,3369,,,false,4
,H~?G[|m,4,3369,,,false,4
,H~?G[|m,5,2808,,,false,4
,H~?G[|m,6,3298,,,false,4
,H~?G[|m,7,3299,,,false,4
,H~?G[|m,8,3369,,,false,4
,H~?G[|m,9,3369,,,false,4
,H{dbG{^,0,3861,,,false,4
,H{dbG{^,1,3439,,,false,4
,H{dbG{^,2,3790,,,false,4
,H{dbG{^,3,3299,,,false,4
,H{dbG{^,4,3369,,,false,4
,H{dbG{^,5,3439,,,false,4
,H{dbG{^,6,3369,,,false,4
,H{dbG{^,7,3790,,,false,4
,H{dbG{^,8,3299,,,false,4
,H{dbG{^,9,3860,,,false,4
,Hd^@|ln,0,4702,,,false,5
,Hd^@|ln,1,3931,,,false,5
,Hd^@|ln,2,3860,,,false,5
,Hd^@|ln,3,3790,,,false,5
,Hd^@|ln,4,3860,,,false,5
,Hd^@|ln,5,3861,,,false,5
,Hd^@|ln,6,3860,,,false,5
,Hd^@|ln,7,3790,,,false,5
,Hd^@|ln,8,3860,,,false,5
,Hd^@|ln,9,3790,,,false,5
,H{S}tln,0,4843,,,false,6
,H{S}tln,1,4352,,,false,6
,H{S}tln,2,4211,,,false,6
,H{S}tln,3,4211,,,false,6
,H{S}tln,4,4281,,,false,6
,H{S}tln,5,4422,,,false,6
,H{S}tln,6,4351,,,false,6
,H{S}tln,7,4282,,,false,6
,H{S}tln,8,4211,,,false,6
,H{S}tln,9,4422,,,false,6
,H}lah[^,0,4352,,,false,5
,H}lah[^,1,3930,,,false,5
,H}lah[^,2,3861,,,false,5
,H}lah[^,3,3861,,,false,5
,H}lah[^,4,4282,,,false,5
,H}lah[^,5,3930,,,false,5
,H}lah[^,6,3790,,,false,5
,H}lah[^,7,3369,,,false,5
,H}lah[^,8,3790,,,false,5
,H}lah[^,9,3931,,,false,5
,H`zPpnN,0,4281,,,false,4
,H`zPpnN,1,3439,,,false,4
,H`zPpnN,2,3790,,,false,4
,H`zPpnN,3,3790,,,false,4
,H`zPpnN,4,3439,,,false,4
,H`zPpnN,5,3369,,,false,4
,H`zPpnN,6,3861,,,false,4
,H`zPpnN,7,3369,,,false,4
,H`zPpnN,8,3299,,,false,4
,H`zPpnN,9,3439,,,false,4
,HdYr]o~,0,5194,,,false,5
,HdYr]o~,1,4281,,,false,5
,HdYr]o~,2,3790,,,false,5
,HdYr]o~,3,4211,,,false,5
,HdYr]o~,4,3720,,,false,5
,HdYr]o~,5,4281,,,false,5
,HdYr]o~,6,3861,,,false,5
,HdYr]o~,7,3790,,,false,5
,HdYr]o~,8,4281,,,false,5
,HdYr]o~,9,3790,,,false,5
,HLnBj]^,0,4773,,,false,5
,HLnBj]^,1,3860,,,false,5
,HLnBj]^,2,3930,,,false,5
,HLnBj]^,3,3790,,,false,5
,HLnBj]^,4,3860,,,false,5
,HLnBj]^,5,3860,,,false,5
,HLnBj]^,6,3931,,,false,5
,HLnBj]^,7,3790,,,false,5
,HLnBj]^,8,3790,,,false,5
,HLnBj]^,9,3790,,,false,5
,H[UY|ln,0,4773,,,false,5
,H[UY|ln,1,4421,,,false,5
,H[UY|ln,2,3790,,,false,5
,H[UY|ln,3,3790,,,false,5
,H[UY|ln,4,3930,,,false,5
,H[UY|ln,5,3440,,,false,5
,H[UY|ln,6,3860,,,false,5
,H[UY|ln,7,4211,,,false,5
,H[UY|ln,8,3790,,,false,5
,H[UY|ln,9,3790,,,false,5
,HRiiqnN,0,4702,,,false,4
,HRiiqnN,1,3930,,,false,4
,HRiiqnN,2,3440,,,false,4
,HRiiqnN,3,3861,,,false,4
,HRiiqnN,4,3369,,,false,4
,HRiiqnN,5,3369,,,false,4
,HRiiqnN,6,3861,,,false,4
,HRiiqnN,7,3298,,,false,4
,HRiiqnN,8,3720,,,false,4
,HRiiqnN,9,3791,,,false,4
,Htlai[~,0,5194,,,false,5
,Htlai[~,1,4352,,,false,5
,Htlai[~,2,3860,,,false,5
,Htlai[~,3,4211,,,false,5
,Htlai[~,4,3930,,,false,5
,Htlai[~,5,3860,,,false,5
,Htlai[~,6,3931,,,false,5
,Htlai[~,7,3790,,,false,5
,Htlai[~,8,3790,,,false,5
,Htlai[~,9,4281,,,false,5
,HwDX}yz,0,4773,,,false,5
,HwDX}yz,1,4351,,,false,5
,HwDX}yz,2,3860,,,false,5
,HwDX}yz,3,3790,,,false,5
,HwDX}yz,4,3720,,,false,5
,HwDX}yz,5,3790,,,false,5
,HwDX}yz,6,3860,,,false,5
,HwDX}yz,7,3860,,,false,5
,HwDX}yz,8,3299,,,false,5
,HwDX}yz,9,3790,,,false,5
,H`o}Pnr,0,4702,,,false,4
,H`o}Pnr,1,3790,,,false,4
,H`o}Pnr,2,3439,,,false,4
,H`o}Pnr,3,3298,,,false,4
,H`o}Pnr,4,3369,,,false,4
,H`o}Pnr,5,3299,,,false,4
,H`o}Pnr,6,3369,,,false,4
,H`o}Pnr,7,3369,,,false,4
,H`o}Pnr,8,3299,,,false,4
,H`o}Pnr,9,3369,,,false,4
,H`opc\N,0,3298,,,false,3
,H`opc\N,1,2807,,,false,3
,H`opc\N,2,3369,,,false,3
,H`opc\N,3,2877,,,false,3
,H`opc\N,4,2808,,,false,3
,H`opc\N,5,2877,,,false,3
,H`opc\N,6,2877,,,false,3
,H`opc\N,7,2948,,,false,3
,H`opc\N,8,3369,,,false,3
,H`opc\N,9,2877,,,false,3
,HThQQK~,0,4282,,,false,3
,HThQQK~,1,3298,,,false,3
,HThQQK~,2,2878,,,false,3
,HThQQK~,3,3369,,,false,3
,HThQQK~,4,3439,,,false,3
,HThQQK~,5,3299,,,false,3
,HThQQK~,6,3299,,,false,3
,HThQQK~,7,2808,,,false,3
,HThQQK~,8,2808,,,false,3
,HThQQK~,9,2948,,,false,3
,H_hP_^o,0,3861,,,false,3
,H_hP_^o,1,3369,,,false,3
,H_hP_^o,2,3369,,,false,3
,H_hP_^o,3,2808,,,false,3
,H_hP_^o,4,2877,,,false,3
,H_hP_^o,5,2948,,,false,3
,H_hP_^o,6,3439,,,false,3
,H_hP_^o,7,2877,,,false,3
,H_hP_^o,8,2948,,,false,3
,H_hP_^o,9,3299,,,false,3
,HC`PX`H,0,3439,,,false,3
,HC`PX`H,1,2808,,,false,3
,HC`PX`H,2,2947,,,false,3
,HC`PX`H,3,2386,,,false,3
,HC`PX`H,4,2386,,,false,3
,HC`PX`H,5,2808,,,false,3
,HC`PX`H,6,2877,,,false,3
,HC`PX`H,7,2457,,,false,3
,HC`PX`H,8,2948,,,false,3
,HC`PX`H,9,2808,,,false,3
,HC[QHNb,0,3860,,,false,4
,HC[QHNb,1,3299,,,false,4
,HC[QHNb,2,3228,,,false,4
,HC[QHNb,3,2948,,,false,4
,HC[QHNb,4,2948,,,false,4
,HC[QHNb,5,2948,,,false,4
,HC[QHNb,6,2807,,,false,4
,HC[QHNb,7,2878,,,false,4
,HC[QHNb,8,3369,,,false,4
,HC[QHNb,9,3369,,,false,4
,HiGgomN,0,3791,,,false,4
,HiGgomN,1,3439,,,false,4
,HiGgomN,2,2947,,,false,4
,HiGgomN,3,3369,,,false,4
,HiGgomN,4,3299,,,false,4
,HiGgomN,5,3299,,,false,4
,HiGgomN,6,3369,,,false,4
,HiGgomN,7,3299,,,false,4
,HiGgomN,8,2807,,,false,4
,HiGgomN,9,2808,,,false,4
,HwCx}zY,0,5264,,,false,5
,HwCx}zY,1,3860,,,false,5
,HwCx}zY,2,3229,,,false,5
,HwCx}zY,3,3440,,,false,5
,HwCx}zY,4,3861,,,false,5
,HwCx}zY,5,3930,,,false,5
,HwCx}zY,6,3790,,,false,5
,HwCx}zY,7,3790,,,false,5
,HwCx}zY,8,3369,,,false,5
,HwCx}zY,9,3860,,,false,5
,HxGW}nN,0,4422,,,false,4
,HxGW}nN,1,3930,,,false,4
,HxGW}nN,2,3790,,,false,4
,HxGW}nN,3,3720,,,false,4
,HxGW}nN,4,3790,,,false,4
,HxGW}nN,5,3790,,,false,4
,HxGW}nN,6,3369,,,false,4
,HxGW}nN,7,3790,,,false,4
,HxGW}nN,8,3791,,,false,4
,HxGW}nN,9,3790,,,false,4
,HwDX}yy,0,4282,,,false,5
,HwDX}yy,1,3861,,,false,5
,HwDX}yy,2,3860,,,false,5
,HwDX}yy,3,3790,,,false,5
,HwDX}yy,4,3720,,,false,5
,HwDX}yy,5,3790,,,false,5
,HwDX}yy,6,3861,,,false,5
,HwDX}yy,7,3790,,,false,5
,HwDX}yy,8,3860,,,false,5
,HwDX}yy,9,3790,,,false,5
,H`o~f~~,0,4773,,,false,5
,H`o~f~~,1,4351,,,false,5
,H`o~f~~,2,3931,,,false,5
,H`o~f~~,3,4281,,,false,5
,H`o~f~~,4,3790,,,false,5
,H`o~f~~,5,4282,,,false,5
,H`o~f~~,6,3861,,,false,5
,H`o~f~~,7,4281,,,false,5
,H`o~f~~,8,4211,,,false,5
,H`o~f~~,9,4352,,,false,5
,Hs`yppb,0,4772,,,false,5
,Hs`yppb,1,3790,,,false,5
,Hs`yppb,2,3860,,,false,5
,Hs`yppb,3,3790,,,false,5
,Hs`yppb,4,3720,,,false,5
,Hs`yppb,5,3299,,,false,5
,Hs`yppb,6,3369,,,false,5
,Hs`yppb,7,3369,,,false,5
,Hs`yppb,8,3790,,,false,5
,Hs`yppb,9,3299,,,false,5
,H}l?XKV,0,4211,,,false,4
,H}l?XKV,1,3861,,,false,4
,H}l?XKV,2,3369,,,false,4
,H}l?XKV,3,3790,,,false,4
,H}l?XKV,4,3369,,,false,4
,H}l?XKV,5,3790,,,false,4
,H}l?XKV,6,3369,,,false,4
,H}l?XKV,7,3439,,,false,4
,H}l?XKV,8,3299,,,false,4
,H}l?XKV,9,3299,,,false,4
,H_?{aOb,0,2807,,,false,3
,H_?{aOb,1,2878,,,false,3
,H_?{aOb,2,2877,,,false,3
,H_?{aOb,3,2457,,,false,3
,H_?{aOb,4,2386,,,false,3
,H_?{aOb,5,2808,,,false,3
,H_?{aOb,6,2807,,,false,3
,H_?{aOb,7,2387,,,false,3
,H_?{aOb,8,2878,,,false,3
,H_?{aOb,9,2457,,,false,3
,H`?M@cN,0,3369,,,false,2
,H`?M@cN,1,2948,,,false,2
,H`?M@cN,2,2386,,,false,2
,H`?M@cN,3,2386,,,false,2
,H`?M@cN,4,2808,,,false,2
,H`?M@cN,5,2386,,,false,2
,H`?M@cN,6,2948,,,false,2
,H`?M@cN,7,2456,,,false,2
,H`?M@cN,8,2808,,,false,2
,H`?M@cN,9,2386,,,false,2
,H?So]Mj,0,3229,,,false,4
,H?So]Mj,1,2878,,,false,4
,H?So]Mj,2,2878,,,false,4
,H?So]Mj,3,3298,,,false,4
,H?So]Mj,4,2808,,,false,4
,H?So]Mj,5,2808,,,false,4
,H?So]Mj,6,2877,,,false,4
,H?So]Mj,7,2948,,,false,4
,H?So]Mj,8,3299,,,false,4
,H?So]Mj,9,2877,,,false,4
,H?KLIns,0,3861,,,false,4
,H?KLIns,1,2877,,,false,4
,H?KLIns,2,3369,,,false,4
,H?KLIns,3,2948,,,false,4
,H?KLIns,4,3439,,,false,4
,H?KLIns,5,2807,,,false,4
,H?KLIns,6,2808,,,false,4
,H?KLIns,7,3439,,,false,4
,H?KLIns,8,3369,,,false,4
,H?KLIns,9,2877,,,false,4
,H?qipno,0,3930,,,false,3
,H?qipno,1,3369,,,false,3
,H?qipno,2,3369,,,false,3
,H?qipno,3,2807,,,false,3
,H?qipno,4,2878,,,false,3
,H?qipno,5,3439,,,false,3
,H?qipno,6,2877,,,false,3
,H?qipno,7,3229,,,false,3
,H?qipno,8,3298,,,false,3
,H?qipno,9,2878,,,false,3
,H?qa`_N,0,3369,,,false,3
,H?qa`_N,1,2877,,,false,3
,H?qa`_N,2,2877,,,false,3
,H?qa`_N,3,2878,,,false,3
,H?qa`_N,4,2807,,,false,3
,H?qa`_N,5,2386,,,false,3
,H?qa`_N,6,2456,,,false,3
,H?qa`_N,7,2878,,,false,3
,H?qa`_N,8,2877,,,false,3
,H?qa`_N,9,2808,,,false,3
,HAGOSLe,0,2807,,,false,2
,HAGOSLe,1,2387,,,false,2
,HAGOSLe,2,2877,,,false,2
,HAGOSLe,3,2948,,,false,2
,HAGOSLe,4,2386,,,false,2
,HAGOSLe,5,2386,,,false,2
,HAGOSLe,6,2457,,,false,2
,HAGOSLe,7,2386,,,false,2
,HAGOSLe,8,1965,,,false,2
,HAGOSLe,9,2878,,,false,2
,H?COZIa,0,2948,,,false,2
,H?COZIa,1,2387,,,false,2
,H?COZIa,2,2386,,,false,2
,H?COZIa,3,2386,,,false,2
,H?COZIa,4,2386,,,false,2
,H?COZIa,5,2386,,,false,2
,H?COZIa,6,2456,,,false,2
,H?COZIa,7,2387,,,false,2
,H?COZIa,8,2316,,,false,2
,H?COZIa,9,2386,,,false,2
,H{dX`TF,0,4351,,,false,4
,H{dX`TF,1,3369,,,false,4
,H{dX`TF,2,3369,,,false,4
,H{dX`TF,3,3369,,,false,4
,H{dX`TF,4,3790,,,false,4
,H{dX`TF,5,3229,,,false,4
,H{dX`TF,6,3790,,,false,4
,H{dX`TF,7,3369,,,false,4
,H{dX`TF,8,3369,,,false,4
,H{dX`TF,9,3299,,,false,4
,H?qipn~,0,3790,,,false,3
,H?qipn~,1,3299,,,false,3
,H?qipn~,2,3369,,,false,3
,H?qipn~,3,3369,,,false,3
,H?qipn~,4,3369,,,false,3
,H?qipn~,5,3299,,,false,3
,H?qipn~,6,3369,,,false,3
,H?qipn~,7,3369,,,false,3
,H?qipn~,8,3369,,,false,3
,H?qipn~,9,3369,,,false,3
,H?CGHFO,0,2457,,,false,1
,H?CGHFO,1,2386,,,false,1
,H?CGHFO,2,2316,,,false,1
,H?CGHFO,3,2316,,,false,1
,H?CGHFO,4,2316,,,false,1
,H?CGHFO,5,1895,,,false,1
,H?CGHFO,6,2457,,,false,1
,H?CGHFO,7,2386,,,false,1
,H?CGHFO,8,2386,,,false,1
,H?CGHFO,9,2386,,,false,1
,H?O_cC[,0,2807,,,false,1
,H?O_cC[,1,2386,,,false,1
,H?O_cC[,2,1895,,,false,1
,H?O_cC[,3,2456,,,false,1
,H?O_cC[,4,2386,,,false,1
,H?O_cC[,5,1965,,,false,1
,H?O_cC[,6,1825,,,false,1
,H?O_cC[,7,1966,,,false,1
,H?O_cC[,8,2456,,,false,1
,H?O_cC[,9,1965,,,false,1
,H?o@Gho,0,2387,,,false,2
,H?o@Gho,1,2386,,,false,2
,H?o@Gho,2,2386,,,false,2
,H?o@Gho,3,2387,,,false,2
,H?o@Gho,4,2386,,,false,2
,H?o@Gho,5,1895,,,false,2
,H?o@Gho,6,2457,,,false,2
,H?o@Gho,7,2386,,,false,2
,H?o@Gho,8,2316,,,false,2
,H?o@Gho,9,1895,,,false,2
,H??OPNW,0,2807,,,false,2
,H??OPNW,1,2457,,,false,2
,H??OPNW,2,2386,,,false,2
,H??OPNW,3,2456,,,false,2
,H??OPNW,4,2386,,,false,2
,H??OPNW,5,1895,,,false,2
,H??OPNW,6,2316,,,false,2
,H??OPNW,7,1895,,,false,2
,H??OPNW,8,2387,,,false,2
,H??OPNW,9,1965,,,false,2
,H??M?kw,0,2387,,,false,2
,H??M?kw,1,2456,,,false,2
,H??M?kw,2,2457,,,false,2
,H??M?kw,3,2386,,,false,2
,H??M?kw,4,2316,,,false,2
,H??M?kw,5,2386,,,false,2
,H??M?kw,6,2386,,,false,2
,H??M?kw,7,2386,,,false,2
,H??M?kw,8,2877,,,false,2
,H??M?kw,9,1965,,,false,2
,H`lu^~~,0,5264,,,false,5
,H`lu^~~,1,4352,,,false,5
,H`lu^~~,2,4281,,,false,5
,H`lu^~~,3,4422,,,false,5
,H`lu^~~,4,4281,,,false,5
,H`lu^~~,5,4351,,,false,5
,H`lu^~~,6,4351,,,false,5
,H`lu^~~,7,4422,,,false,5
,H`lu^~~,8,3860,,,false,5
,H`lu^~~,9,4282,,,false,5
,H??WvJa,0,2808,,,false,2
,H??WvJa,1,2878,,,false,2
,H??WvJa,2,2386,,,false,2
,H??WvJa,3,2457,,,false,2
,H??WvJa,4,2878,,,false,2
,H??WvJa,5,2316,,,false,2
,H??WvJa,6,2807,,,false,2
,H??WvJa,7,2386,,,false,2
,H??WvJa,8,2386,,,false,2
,H??WvJa,9,2457,,,false,2
,HwCWqGb,0,2386,,,false,3
,HwCWqGb,1,2878,,,false,3
,HwCWqGb,2,2386,,,false,3
,HwCWqGb,3,2807,,,false,3
,HwCWqGb,4,2878,,,false,3
,HwCWqGb,5,2457,,,false,3
,HwCWqGb,6,2877,,,false,3
,HwCWqGb,7,2317,,,false,3
,HwCWqGb,8,2878,,,false,3
,HwCWqGb,9,2948,,,false,3
,H???F~},0,3369,,,false,2
,H???F~},1,2878,,,false,2
,H???F~},2,2878,,,false,2
,H???F~},3,2877,,,false,2
,H???F~},4,2948,,,false,2
,H???F~},5,2878,,,false,2
,H???F~},6,2877,,,false,2
,H???F~},7,2878,,,false,2
,H???F~},8,3229,,,false,2
,H???F~},9,2877,,,false,2
,HoSsaKj,0,4211,,,false,4
,HoSsaKj,1,3369,,,false,4
,HoSsaKj,2,3369,,,false,4
,HoSsaKj,3,3439,,,false,4
,HoSsaKj,4,3369,,,false,4
,HoSsaKj,5,3299,,,false,4
,HoSsaKj,6,3369,,,false,4
,HoSsaKj,7,3369,,,false,4
,HoSsaKj,8,3369,,,false,4
,HoSsaKj,9,3298,,,false,4
,H?@HeYr,0,3369,,,false,2
,H?@HeYr,1,2387,,,false,2
,H?@HeYr,2,2246,,,false,2
,H?@HeYr,3,2386,,,false,2
,H?@HeYr,4,2387,,,false,2
,H?@HeYr,5,2947,,,false,2
,H?@HeYr,6,2457,,,false,2
,H?@HeYr,7,2877,,,false,2
,H?@HeYr,8,2386,,,false,2
,H?@HeYr,9,2878,,,false,2
,HHqGhdN,0,3790,,,false,3
,HHqGhdN,1,3369,,,false,3
,HHqGhdN,2,2948,,,false,3
,HHqGhdN,3,2877,,,false,3
,HHqGhdN,4,3369,,,false,3
,HHqGhdN,5,2877,,,false,3
,HHqGhdN,6,3369,,,false,3
,HHqGhdN,7,2948,,,false,3
,HHqGhdN,8,2808,,,false,3
,HHqGhdN,9,3299,,,false,3
,HpO]@cN,0,3790,,,false,4
,HpO]@cN,1,3369,,,false,4
,HpO]@cN,2,3369,,,false,4
,HpO]@cN,3,2878,,,false,4
,HpO]@cN,4,2877,,,false,4
,HpO]@cN,5,3299,,,false,4
,HpO]@cN,6,2878,,,false,4
,HpO]@cN,7,3369,,,false,4
,HpO]@cN,8,2948,,,false,4
,HpO]@cN,9,2948,,,false,4
,HoCQPJ~,0,3790,,,false,3
,HoCQPJ~,1,3299,,,false,3
,HoCQPJ~,2,2878,,,false,3
,HoCQPJ~,3,3369,,,false,3
,HoCQPJ~,4,3369,,,false,3
,HoCQPJ~,5,3440,,,false,3
,HoCQPJ~,6,3439,,,false,3
,HoCQPJ~,7,2808,,,false,3
,HoCQPJ~,8,2877,,,false,3
,HoCQPJ~,9,2948,,,false,3
,HCO__SF,0,2878,,,false,2
,HCO__SF,1,2386,,,false,2
,HCO__SF,2,2317,,,false,2
,HCO__SF,3,2386,,,false,2
,HCO__SF,4,2386,,,false,2
,HCO__SF,5,2386,,,false,2
,HCO__SF,6,2387,,,false,2
,HCO__SF,7,2456,,,false,2
,HCO__SF,8,2387,,,false,2
,HCO__SF,9,2387,,,false,2
,Hr?GW^~,0,3790,,,false,4
,Hr?GW^~,1,3369,,,false,4
,Hr?GW^~,2,3369,,,false,4
,Hr?GW^~,3,2947,,,false,4
,Hr?GW^~,4,3369,,,false,4
,Hr?GW^~,5,3299,,,false,4
,Hr?GW^~,6,2948,,,false,4
,Hr?GW^~,7,2877,,,false,4
,Hr?GW^~,8,3439,,,false,4
,Hr?GW^~,9,2878,,,false,4
,HWCW~~~,0,4352,,,false,5
,HWCW~~~,1,3720,,,false,5
,HWCW~~~,2,3790,,,false,5
,HWCW~~~,3,4281,,,false,5
,HWCW~~~,4,3860,,,false,5
,HWCW~~~,5,3931,,,false,5
,HWCW~~~,6,3860,,,false,5
,HWCW~~~,7,3860,,,false,5
,HWCW~~~,8,3860,,,false,5
,HWCW~~~,9,3931,,,false,5
,H@?GjEL,0,2878,,,false,2
,H@?GjEL,1,2387,,,false,2
,H@?GjEL,2,2386,,,false,2
,H@?GjEL,3,2386,,,false,2
,H@?GjEL,4,2878,,,false,2
,H@?GjEL,5,2386,,,false,2
,H@?GjEL,6,2457,,,false,2
,H@?GjEL,7,2877,,,false,2
,H@?GjEL,8,2386,,,false,2
,H@?GjEL,9,2808,,,false,2
,H@?OZEL,0,2807,,,false,3
,H@?OZEL,1,2878,,,false,3
,H@?OZEL,2,2456,,,false,3
,H@?OZEL,3,2948,,,false,3
,H@?OZEL,4,2316,,,false,3
,H@?OZEL,5,11932,,,false,3
,H@?OZEL,6,3439,,,false,3
,H@?OZEL,7,2877,,,false,3
,H@?OZEL,8,3368,,,false,3
,H@?OZEL,9,2317,,,false,3
,H_Bbowx,0,3719,,,false,3
,H_Bbowx,1,2877,,,false,3
,H_Bbowx,2,2878,,,false,3
,H_Bbowx,3,2948,,,false,3
,H_Bbowx,4,2877,,,false,3
,H_Bbowx,5,2808,,,false,3
,H_Bbowx,6,3369,,,false,3
,H_Bbowx,7,2878,,,false,3
,H_Bbowx,8,2948,,,false,3
,H_Bbowx,9,3369,,,false,3
,H{dbGwZ,0,3931,,,false,4
,H{dbGwZ,1,3369,,,false,4
,H{dbGwZ,2,3369,,,false,4
,H{dbGwZ,3,3369,,,false,4
,H{dbGwZ,4,3369,,,false,4
,H{dbGwZ,5,2877,,,false,4
,H{dbGwZ,6,3369,,,false,4
,H{dbGwZ,7,3369,,,false,4
,H{dbGwZ,8,3369,,,false,4
,H{dbGwZ,9,2948,,,false,4
,H{`rOwZ,0,4842,,,false,4
,H{`rOwZ,1,3790,,,false,4
,H{`rOwZ,2,3228,,,false,4
,H{`rOwZ,3,3440,,,false,4
,H{`rOwZ,4,3369,,,false,4
,H{`rOwZ,5,3439,,,false,4
,H{`rOwZ,6,3369,,,false,4
,H{`rOwZ,7,3229,,,false,4
,H{`rOwZ,8,3299,,,false,4
,H{`rOwZ,9,3369,,,false,4
,H}hPOkN,0,4281,,,false,4
,H}hPOkN,1,3368,,,false,4
,H}hPOkN,2,3369,,,false,4
,H}hPOkN,3,3790,,,false,4
,H}hPOkN,4,3790,,,false,4
,H}hPOkN,5,3299,,,false,4
,H}hPOkN,6,3439,,,false,4
,H}hPOkN,7,3369,,,false,4
,H}hPOkN,8,3369,,,false,4
,H}hPOkN,9,3860,,,false,4
,H|pGpKV,0,4211,,,false,4
,H|pGpKV,1,3369,,,false,4
,H|pGpKV,2,3369,,,false,4
,H|pGpKV,3,3299,,,false,4
,H|pGpKV,4,3299,,,false,4
,H|pGpKV,5,3369,,,false,4
,H|pGpKV,6,3439,,,false,4
,H|pGpKV,7,3369,,,false,4
,H|pGpKV,8,3299,,,false,4
,H|pGpKV,9,3299,,,false,4
,H|ogqKV,0,3790,,,false,4
,H|ogqKV,1,3369,,,false,4
,H|ogqKV,2,3861,,,false,4
,H|ogqKV,3,3228,,,false,4
,H|ogqKV,4,3790,,,false,4
,H|ogqKV,5,3369,,,false,4
,H|ogqKV,6,3439,,,false,4
,H|ogqKV,7,3790,,,false,4
,H|ogqKV,8,3229,,,false,4
,H|ogqKV,9,3369,,,false,4
,H}gWqKf,0,4211,,,false,4
,H}gWqKf,1,3369,,,false,4
,H}gWqKf,2,3860,,,false,4
,H}gWqKf,3,3439,,,false,4
,H}gWqKf,4,3369,,,false,4
,H}gWqKf,5,3299,,,false,4
,H}gWqKf,6,3369,,,false,4
,H}gWqKf,7,3439,,,false,4
,H}gWqKf,8,3790,,,false,4
,H}gWqKf,9,3369,,,false,4
,H{`Xqgj,0,4773,,,false,5
,H{`Xqgj,1,3790,,,false,5
,H{`Xqgj,2,3860,,,false,5
,H{`Xqgj,3,3439,,,false,5
,H{`Xqgj,4,3299,,,false,5
,H{`Xqgj,5,3299,,,false,5
,H{`Xqgj,6,3790,,,false,5
,H{`Xqgj,7,3369,,,false,5
,H{`Xqgj,8,3369,,,false,5
,H{`Xqgj,9,3790,,,false,5
,H{`XrOV,0,4281,,,false,4
,H{`XrOV,1,3719,,,false,4
,H{`XrOV,2,3298,,,false,4
,H{`XrOV,3,3861,,,false,4
,H{`XrOV,4,3369,,,false,4
,H{`XrOV,5,3369,,,false,4
,H{`XrOV,6,3791,,,false,4
,H{`XrOV,7,3440,,,false,4
,H{`XrOV,8,3930,,,false,4
,H{`XrOV,9,3369,,,false,4
,H~zUX{~,0,5334,,,false,6
,H~zUX{~,1,4421,,,false,6
,H~zUX{~,2,4212,,,false,6
,H~zUX{~,3,4772,,,false,6
,H~zUX{~,4,4352,,,false,6
,H~zUX{~,5,4352,,,false,6
,H~zUX{~,6,4702,,,false,6
,H~zUX{~,7,4352,,,false,6
,H~zUX{~,8,4351,,,false,6
,H~zUX{~,9,4282,,,false,6
,HqGO?KJ,0,2878,,,false,2
,HqGO?KJ,1,2387,,,false,2
,HqGO?KJ,2,2387,,,false,2
,HqGO?KJ,3,2456,,,false,2
,HqGO?KJ,4,2387,,,false,2
,HqGO?KJ,5,2387,,,false,2
,HqGO?KJ,6,2386,,,false,2
,HqGO?KJ,7,2386,,,false,2
,HqGO?KJ,8,2387,,,false,2
,HqGO?KJ,9,2456,,,false,2
,HWEA?WR,0,2948,,,false,2
,HWEA?WR,1,2877,,,false,2
,HWEA?WR,2,2387,,,false,2
,HWEA?WR,3,2317,,,false,2
,HWEA?WR,4,2386,,,false,2
,HWEA?WR,5,2386,,,false,2
,HWEA?WR,6,2456,,,false,2
,HWEA?WR,7,2386,,,false,2
,HWEA?WR,8,2807,,,false,2
,HWEA?WR,9,2386,,,false,2
,HK`@?WR,0,2316,,,false,2
,HK`@?WR,1,2316,,,false,2
,HK`@?WR,2,2878,,,false,2
,HK`@?WR,3,2386,,,false,2
,HK`@?WR,4,2878,,,false,2
,HK`@?WR,5,2316,,,false,2
,HK`@?WR,6,2457,,,false,2
,HK`@?WR,7,2386,,,false,2
,HK`@?WR,8,2387,,,false,2
,HK`@?WR,9,2386,,,false,2
,HqG??kM,0,2878,,,false,2
,HqG??kM,1,2456,,,false,2
,HqG??kM,2,2387,,,false,2
,HqG??kM,3,2386,,,false,2
,HqG??kM,4,2386,,,false,2
,HqG??kM,5,2386,,,false,2
,HqG??kM,6,2456,,,false,2
,HqG??kM,7,2387,,,false,2
,HqG??kM,8,2317,,,false,2
,HqG??kM,9,2387,,,false,2
,H``??se,0,2807,,,false,2
,H``??se,1,2877,,,false,2
,H``??se,2,2386,,,false,2
,H``??se,3,2456,,,false,2
,H``??se,4,2457,,,false,2
,H``??se,5,2386,,,false,2
,H``??se,6,2316,,,false,2
,H``??se,7,2386,,,false,2
,H``??se,8,2457,,,false,2
,H``??se,9,2457,,,false,2
,HQ`?@KY,0,2807,,,false,2
,HQ`?@KY,1,2387,,,false,2
,HQ`?@KY,2,2386,,,false,2
,HQ`?@KY,3,2387,,,false,2
,HQ`?@KY,4,2737,,,false,2
,HQ`?@KY,5,2387,,,false,2
,HQ`?@KY,6,2386,,,false,2
,HQ`?@KY,7,1965,,,false,2
,HQ`?@KY,8,2457,,,false,2
,HQ`?@KY,9,2386,,,false,2
,Ho?OQoe,0,2948,,,false,2
,Ho?OQoe,1,2808,,,false,2
,Ho?OQoe,2,2457,,,false,2
,Ho?OQoe,3,2386,,,false,2
,Ho?OQoe,4,2878,,,false,2
,Ho?OQoe,5,2386,,,false,2
,Ho?OQoe,6,2387,,,false,2
,Ho?OQoe,7,2386,,,false,2
,Ho?OQoe,8,2386,,,false,2
,Ho?OQoe,9,2457,,,false,2
,H?ChUjQ,0,2948,,,false,3
,H?ChUjQ,1,2878,,,false,3
,H?ChUjQ,2,2808,,,false,3
,H?ChUjQ,3,2877,,,false,3
,H?ChUjQ,4,2878,,,false,3
,H?ChUjQ,5,2878,,,false,3
,H?ChUjQ,6,2948,,,false,3
,H?ChUjQ,7,2878,,,false,3
,H?ChUjQ,8,2877,,,false,3
,H?ChUjQ,9,2948,,,false,3
,H?CKZhn,0,3790,,,false,3
,H?CKZhn,1,2807,,,false,3
,H?CKZhn,2,2948,,,false,3
,H?CKZhn,3,2878,,,false,3
,H?CKZhn,4,3299,,,false,3
,H?CKZhn,5,2808,,,false,3
,H?CKZhn,6,3369,,,false,3
,H?CKZhn,7,2948,,,false,3
,H?CKZhn,8,2878,,,false,3
,H?CKZhn,9,2807,,,false,3
,H?AHQkz,0,3299,,,false,3
,H?AHQkz,1,2878,,,false,3
,H?AHQkz,2,2807,,,false,3
,H?AHQkz,3,2878,,,false,3
,H?AHQkz,4,2947,,,false,3
,H?AHQkz,5,2948,,,false,3
,H?AHQkz,6,2808,,,false,3
,H?AHQkz,7,2877,,,false,3
,H?AHQkz,8,2878,,,false,3
,H?AHQkz,9,2877,,,false,3
,HXUQ|zM,0,5264,,,false,5
,HXUQ|zM,1,3931,,,false,5
,HXUQ|zM,2,3790,,,false,5
,HXUQ|zM,3,3790,,,false,5
,HXUQ|zM,4,3790,,,false,5
,HXUQ|zM,5,3930,,,false,5
,HXUQ|zM,6,3861,,,false,5
,HXUQ|zM,7,3720,,,false,5
,HXUQ|zM,8,3861,,,false,5
,HXUQ|zM,9,3860,,,false,5
,H??F~z{,0,3930,,,false,3
,H??F~z{,1,3440,,,false,3
,H??F~z{,2,3369,,,false,3
,H??F~z{,3,3299,,,false,3
,H??F~z{,4,3299,,,false,3
,H??F~z{,5,3299,,,false,3
,H??F~z{,6,3439,,,false,3
,H??F~z{,7,3369,,,false,3
,H??F~z{,8,3790,,,false,3
,H??F~z{,9,3369,,,false,3
,HqN~~zz,0,12282,,,false,6
,HqN~~zz,1,5825,,,false,6
,HqN~~zz,2,5755,,,false,6
,HqN~~zz,3,4211,,,false,6
,HqN~~zz,4,4772,,,false,6
,HqN~~zz,5,4843,,,false,6
,HqN~~zz,6,4773,,,false,6
,HqN~~zz,7,4702,,,false,6
,HqN~~zz,8,4843,,,false,6
,HqN~~zz,9,4282,,,false,6
,H`deX~{,0,4913,,,false,4
,H`deX~{,1,3790,,,false,4
,H`deX~{,2,3790,,,false,4
,H`deX~{,3,3369,,,false,4
,H`deX~{,4,3930,,,false,4
,H`deX~{,5,3861,,,false,4
,H`deX~{,6,3790,,,false,4
,H`deX~{,7,3860,,,false,4
,H`deX~{,8,3368,,,false,4
,H`deX~{,9,3860,,,false,4
,HoDXvnm,0,4352,,,false,4
,HoDXvnm,1,3860,,,false,4
,HoDXvnm,2,3720,,,false,4
,HoDXvnm,3,3791,,,false,4
,HoDXvnm,4,3861,,,false,4
,HoDXvnm,5,3369,,,false,4
,HoDXvnm,6,3790,,,false,4
,HoDXvnm,7,3790,,,false,4
,HoDXvnm,8,3790,,,false,4
,HoDXvnm,9,3439,,,false,4
,H}hX~~~,0,5334,,,false,6
,H}hX~~~,1,4843,,,false,6
,H}hX~~~,2,4702,,,false,6
,H}hX~~~,3,4773,,,false,6
,H}hX~~~,4,4843,,,false,6
,H}hX~~~,5,4352,,,false,6
,H}hX~~~,6,4281,,,false,6
,H}hX~~~,7,4352,,,false,6
,H}hX~~~,8,4842,,,false,6
,H}hX~~~,9,4772,,,false,6
,H????Nx,0,2948,,,false,1
,H????Nx,1,2386,,,false,1
,H????Nx,2,2316,,,false,1
,H????Nx,3,2386,,,false,1
,H????Nx,4,1966,,,false,1
,H????Nx,5,2386,,,false,1
,H????Nx,6,2387,,,false,1
,H????Nx,7,1965,,,false,1
,H????Nx,8,2316,,,false,1
,H????Nx,9,2386,,,false,1
,H??OONg,0,2386,,,false,1
,H??OONg,1,2387,,,false,1
,H??OONg,2,2386,,,false,1
,H??OONg,3,1895,,,false,1
,H??OONg,4,2387,,,false,1
,H??OONg,5,2457,,,false,1
,H??OONg,6,2386,,,false,1
,H??OONg,7,1895,,,false,1
,H??OONg,8,2456,,,false,1
,H??OONg,9,2457,,,false,1
,H??OPFK,0,2387,,,false,1
,H??OPFK,1,1965,,,false,1
,H??OPFK,2,2316,,,false,1
,H??OPFK,3,2457,,,false,1
,H??OPFK,4,2387,,,false,1
,H??OPFK,5,2456,,,false,1
,H??OPFK,6,1965,,,false,1
,H??OPFK,7,2387,,,false,1
,H??OPFK,8,2316,,,false,1
,H??OPFK,9,2457,,,false,1
,H??@OjK,0,2386,,,false,1
,H??@OjK,1,2386,,,false,1
,H??@OjK,2,1895,,,false,1
,H??@OjK,3,2457,,,false,1
,H??@OjK,4,2386,,,false,1
,H??@OjK,5,2386,,,false,1
,H??@OjK,6,2316,,,false,1
,H??@OjK,7,2317,,,false,1
,H??@OjK,8,2386,,,false,1
,H??@OjK,9,1965,,,false,1
,H??OZAH,0,2878,,,false,1
,H??OZAH,1,2457,,,false,1
,H??OZAH,2,1895,,,false,1
,H??OZAH,3,2316,,,false,1
,H??OZAH,4,2316,,,false,1
,H??OZAH,5,2316,,,false,1
,H??OZAH,6,2316,,,false,1
,H??OZAH,7,2387,,,false,1
,H??OZAH,8,1965,,,false,1
,H??OZAH,9,2386,,,false,1
,H???jQK,0,2386,,,false,1
,H???jQK,1,2387,,,false,1
,H???jQK,2,2316,,,false,1
,H???jQK,3,1895,,,false,1
,H???jQK,4,2386,,,false,1
,H???jQK,5,2387,,,false,1
,H???jQK,6,2387,,,false,1
,H???jQK,7,2386,,,false,1
,H???jQK,8,2386,,,false,1
,H???jQK,9,2386,,,false,1
,H?C?JEK,0,2457,,,false,1
,H?C?JEK,1,2387,,,false,1
,H?C?JEK,2,1965,,,false,1
,H?C?JEK,3,1965,,,false,1
,H?C?JEK,4,1895,,,false,1
,H?C?JEK,5,1895,,,false,1
,H?C?JEK,6,2457,,,false,1
,H?C?JEK,7,2386,,,false,1
,H?C?JEK,8,1965,,,false,1
,H?C?JEK,9,2457,,,false,1
,H??_aYI,0,2456,,,false,1
,H??_aYI,1,2386,,,false,1
,H??_aYI,2,2316,,,false,1
,H??_aYI,3,2316,,,false,1
,H??_aYI,4,2387,,,false,1
,H??_aYI,5,1895,,,false,1
,H??_aYI,6,2457,,,false,1
,H??_aYI,7,2386,,,false,1
,H??_aYI,8,2316,,,false,1
,H??_aYI,9,2386,,,false,1
,H????Ny,0,2386,,,false,1
,H????Ny,1,2878,,,false,1
,H????Ny,2,1895,,,false,1
,H????Ny,3,2316,,,false,1
,H????Ny,4,2878,,,false,1
,H????Ny,5,2387,,,false,1
,H????Ny,6,2386,,,false,1
,H????Ny,7,2386,,,false,1
,H????Ny,8,2387,,,false,1
,H????Ny,9,2386,,,false,1
,H???ONp,0,2386,,,false,1
,H???ONp,1,2386,,,false,1
,H???ONp,2,2457,,,false,1
,H???ONp,3,2387,,,false,1
,H???ONp,4,2457,,,false,1
,H???ONp,5,1965,,,false,1
,H???ONp,6,2387,,,false,1
,H???ONp,7,2316,,,false,1
,H???ONp,8,2386,,,false,1
,H???ONp,9,2457,,,false,1
,H???Gva,0,2457,,,false,1
,H???Gva,1,1965,,,false,1
,H???Gva,2,2387,,,false,1
,H???Gva,3,2386,,,false,1
,H???Gva,4,2316,,,false,1
,H???Gva,5,2456,,,false,1
,H???Gva,6,1966,,,false,1
,H???Gva,7,2386,,,false,1
,H???Gva,8,1895,,,false,1
,H???Gva,9,1895,,,false,1
,H??C?\p,0,2386,,,false,1
,H??C?\p,1,2386,,,false,1
,H??C?\p,2,2386,,,false,1
,H??C?\p,3,2386,,,false,1
,H??C?\p,4,2387,,,false,1
,H??C?\p,5,2386,,,false,1
,H??C?\p,6,2316,,,false,1
,H??C?\p,7,2457,,,false,1
,H??C?\p,8,2316,,,false,1
,H??C?\p,9,2387,,,false,1
,H???_Zb,0,2877,,,false,1
,H???_Zb,1,2386,,,false,1
,H???_Zb,2,2457,,,false,1
,H???_Zb,3,2386,,,false,1
,H???_Zb,4,2386,,,false,1
,H???_Zb,5,2386,,,false,1
,H???_Zb,6,2316,,,false,1
,H???_Zb,7,2387,,,false,1
,H???_Zb,8,1965,,,false,1
,H???_Zb,9,2386,,,false,1
,H???OJr,0,2457,,,false,1
,H???OJr,1,2386,,,false,1
,H???OJr,2,2316,,,false,1
,H???OJr,3,2456,,,false,1
,H???OJr,4,2387,,,false,1
,H???OJr,5,2386,,,false,1
,H???OJr,6,2456,,,false,1
,H???OJr,7,2386,,,false,1
,H???OJr,8,2316,,,false,1
,H???OJr,9,2387,,,false,1
,H?`@?_N,0,2386,,,false,1
,H?`@?_N,1,2387,,,false,1
,H?`@?_N,2,2386,,,false,1
,H?`@?_N,3,2386,,,false,1
,H?`@?_N,4,2316,,,false,1
,H?`@?_N,5,2316,,,false,1
,H?`@?_N,6,2387,,,false,1
,H?`@?_N,7,2316,,,false,1
,H?`@?_N,8,2456,,,false,1
,H?`@?_N,9,2456,,,false,1
,H??ORAF,0,2456,,,false,1
,H??ORAF,1,2457,,,false,1
,H??ORAF,2,2386,,,false,1
,H??ORAF,3,1825,,,false,1
,H??ORAF,4,1895,,,false,1
,H??ORAF,5,2387,,,false,1
,H??ORAF,6,2456,,,false,1
,H??ORAF,7,2316,,,false,1
,H??ORAF,8,1965,,,false,1
,H??ORAF,9,2387,,,false,1
,H??OON`,0,2808,,,false,1
,H??OON`,1,2456,,,false,1
,H??OON`,2,2386,,,false,1
,H??OON`,3,2456,,,false,1
,H??OON`,4,2386,,,false,1
,H??OON`,5,1895,,,false,1
,H??OON`,6,2316,,,false,1
,H??OON`,7,2456,,,false,1
,H??OON`,8,1965,,,false,1
,H??OON`,9,1895,,,false,1
,H???Oje,0,2386,,,false,1
,H???Oje,1,1966,,,false,1
,H???Oje,2,2386,,,false,1
,H???Oje,3,2387,,,false,1
,H???Oje,4,2316,,,false,1
,H???Oje,5,2387,,,false,1
,H???Oje,6,1895,,,false,1
,H???Oje,7,2387,,,false,1
,H???Oje,8,1895,,,false,1
,H???Oje,9,1895,,,false,1
,H???gZ`,0,2387,,,false,1
,H???gZ`,1,2386,,,false,1
,H???gZ`,2,2387,,,false,1
,H???gZ`,3,2387,,,false,1
,H???gZ`,4,1896,,,false,1
,H???gZ`,5,2456,,,false,1
,H???gZ`,6,1895,,,false,1
,H???gZ`,7,1895,,,false,1
,H???gZ`,8,2316,,,false,1
,H???gZ`,9,2387,,,false,1
,H???_^c,0,1965,,,false,1
,H???_^c,1,1895,,,false,1
,H???_^c,2,1965,,,false,1
,H???_^c,3,2457,,,false,1
,H???_^c,4,1895,,,false,1
,H???_^c,5,1895,,,false,1
,H???_^c,6,2456,,,false,1
,H???_^c,7,2387,,,false,1
,H???_^c,8,2457,,,false,1
,H???_^c,9,1895,,,false,1
,H???Gvc,0,2456,,,false,1
,H???Gvc,1,1895,,,false,1
,H???Gvc,2,2316,,,false,1
,H???Gvc,3,1825,,,false,1
,H???Gvc,4,2456,,,false,1
,H???Gvc,5,10668,,,false,1
,H???Gvc,6,2386,,,false,1
,H???Gvc,7,1404,,,false,1
,H???Gvc,8,2387,,,false,1
,H???Gvc,9,2457,,,false,1
,H??G@fE,0,2387,,,false,1
,H??G@fE,1,2386,,,false,1
,H??G@fE,2,2386,,,false,1
,H??G@fE,3,2387,,,false,1
,H??G@fE,4,1825,,,false,1
,H??G@fE,5,2316,,,false,1
,H??G@fE,6,2386,,,false,1
,H??G@fE,7,2386,,,false,1
,H??G@fE,8,2456,,,false,1
,H??G@fE,9,1965,,,false,1
,H?AAGSp,0,2877,,,false,1
,H?AAGSp,1,2386,,,false,1
,H?AAGSp,2,1895,,,false,1
,H?AAGSp,3,2386,,,false,1
,H?AAGSp,4,1895,,,false,1
,H?AAGSp,5,2387,,,false,1
,H?AAGSp,6,1965,,,false,1
,H?AAGSp,7,2316,,,false,1
,H?AAGSp,8,1965,,,false,1
,H?AAGSp,9,2387,,,false,1
,H?C@M?L,0,2387,,,false,1
,H?C@M?L,1,2456,,,false,1
,H?C@M?L,2,1895,,,false,1
,H?C@M?L,3,2386,,,false,1
,H?C@M?L,4,1965,,,false,1
,H?C@M?L,5,1895,,,false,1
,H?C@M?L,6,1825,,,false,1
,H?C@M?L,7,1965,,,false,1
,H?C@M?L,8,2457,,,false,1
,H?C@M?L,9,2456,,,false,1
,H??_aQM,0,2386,,,false,1
,H??_aQM,1,1965,,,false,1
,H??_aQM,2,2387,,,false,1
,H??_aQM,3,2386,,,false,1
,H??_aQM,4,2386,,,false,1
,H??_aQM,5,2316,,,false,1
,H??_aQM,6,2316,,,false,1
,H??_aQM,7,2457,,,false,1
,H??_aQM,8,2387,,,false,1
,H??_aQM,9,2316,,,false,1
,H?GQCCL,0,2457,,,false,1
,H?GQCCL,1,2386,,,false,1
,H?GQCCL,2,1895,,,false,1
,H?GQCCL,3,2386,,,false,1
,H?GQCCL,4,2456,,,false,1
,H?GQCCL,5,2457,,,false,1
,H?GQCCL,6,1895,,,false,1
,H?GQCCL,7,1825,,,false,1
,H?GQCCL,8,2386,,,false,1
,H?GQCCL,9,2457,,,false,1
,H??_eOM,0,2387,,,false,1
,H??_eOM,1,2387,,,false,1
,H??_eOM,2,1965,,,false,1
,H??_eOM,3,2386,,,false,1
,H??_eOM,4,2317,,,false,1
,H??_eOM,5,2316,,,false,1
,H??_eOM,6,2386,,,false,1
,H??_eOM,7,1965,,,false,1
,H??_eOM,8,2456,,,false,1
,H??_eOM,9,2387,,,false,1
,H`?G?F~,0,3369,,,false,2
,H`?G?F~,1,2808,,,false,2
,H`?G?F~,2,2386,,,false,2
,H`?G?F~,3,2457,,,false,2
,H`?G?F~,4,2456,,,false,2
,H`?G?F~,5,2878,,,false,2
,H`?G?F~,6,2316,,,false,2
,H`?G?F~,7,2807,,,false,2
,H`?G?F~,8,2387,,,false,2
,H`?G?F~,9,2386,,,false,2
,H??E\hw,0,3299,,,false,2
,H??E\hw,1,2878,,,false,2
,H??E\hw,2,2877,,,false,2
,H??E\hw,3,2387,,,false,2
,H??E\hw,4,2877,,,false,2
,H??E\hw,5,2808,,,false,2
,H??E\hw,6,2386,,,false,2
,H??E\hw,7,2948,,,false,2
,H??E\hw,8,2386,,,false,2
,H??E\hw,9,2878,,,false,2
,HQG[IVr,0,4281,,,false,4
,HQG[IVr,1,3369,,,false,4
,HQG[IVr,2,3369,,,false,4
,HQG[IVr,3,2878,,,false,4
,HQG[IVr,4,2948,,,false,4
,HQG[IVr,5,3299,,,false,4
,HQG[IVr,6,3298,,,false,4
,HQG[IVr,7,2808,,,false,4
,HQG[IVr,8,3369,,,false,4
,HQG[IVr,9,2878,,,false,4
,HCDlAVr,0,3369,,,false,4
,HCDlAVr,1,2878,,,false,4
,HCDlAVr,2,2807,,,false,4
,HCDlAVr,3,3299,,,false,4
,HCDlAVr,4,2878,,,false,4
,HCDlAVr,5,3439,,,false,4
,HCDlAVr,6,3369,,,false,4
,HCDlAVr,7,3228,,,false,4
,HCDlAVr,8,2878,,,false,4
,HCDlAVr,9,3299,,,false,4
,H`GIkze,0,3790,,,false,4
,H`GIkze,1,3299,,,false,4
,H`GIkze,2,3369,,,false,4
,H`GIkze,3,2877,,,false,4
,H`GIkze,4,3369,,,false,4
,H`GIkze,5,3369,,,false,4
,H`GIkze,6,3369,,,false,4
,H`GIkze,7,3439,,,false,4
,H`GIkze,8,3369,,,false,4
,H`GIkze,9,2878,,,false,4
,HBIEB]],0,3790,,,false,3
,HBIEB]],1,2878,,,false,3
,HBIEB]],2,3299,,,false,3
,HBIEB]],3,2877,,,false,3
,HBIEB]],4,2877,,,false,3
,HBIEB]],5,2808,,,false,3
,HBIEB]],6,3439,,,false,3
,HBIEB]],7,2877,,,false,3
,HBIEB]],8,3790,,,false,3
,HBIEB]],9,2807,,,false,3
,HQD_[Vp,0,3299,,,false,3
,HQD_[Vp,1,2807,,,false,3
,HQD_[Vp,2,3299,,,false,3
,HQD_[Vp,3,2878,,,false,3
,HQD_[Vp,4,2948,,,false,3
,HQD_[Vp,5,2877,,,false,3
,HQD_[Vp,6,2808,,,false,3
,HQD_[Vp,7,2877,,,false,3
,HQD_[Vp,8,2878,,,false,3
,HQD_[Vp,9,2948,,,false,3
,Hs`rY{~,0,4772,,,false,4
,Hs`rY{~,1,4422,,,false,4
,Hs`rY{~,2,3860,,,false,4
,Hs`rY{~,3,3790,,,false,4
,Hs`rY{~,4,3860,,,false,4
,Hs`rY{~,5,3860,,,false,4
,Hs`rY{~,6,3790,,,false,4
,Hs`rY{~,7,3790,,,false,4
,Hs`rY{~,8,3790,,,false,4
,Hs`rY{~,9,3861,,,false,4
,HXNUS|^,0,4843,,,false,5
,HXNUS|^,1,4281,,,false,5
,HXNUS|^,2,4211,,,false,5
,HXNUS|^,3,3720,,,false,5
,HXNUS|^,4,4352,,,false,5
,HXNUS|^,5,3860,,,false,5
,HXNUS|^,6,3790,,,false,5
,HXNUS|^,7,3860,,,false,5
,HXNUS|^,8,4281,,,false,5
,HXNUS|^,9,3931,,,false,5
,HxU_w~N,0,4843,,,false,5
,HxU_w~N,1,3790,,,false,5
,HxU_w~N,2,3790,,,false,5
,HxU_w~N,3,3861,,,false,5
,HxU_w~N,4,3861,,,false,5
,HxU_w~N,5,3860,,,false,5
,HxU_w~N,6,3720,,,false,5
,HxU_w~N,7,3299,,,false,5
,HxU_w~N,8,3299,,,false,5
,HxU_w~N,9,3439,,,false,5
,HoFvQ{~,0,4282,,,false,4
,HoFvQ{~,1,3369,,,false,4
,HoFvQ{~,2,3790,,,false,4
,HoFvQ{~,3,3790,,,false,4
,HoFvQ{~,4,3790,,,false,4
,HoFvQ{~,5,3930,,,false,4
,HoFvQ{~,6,3860,,,false,4
,HoFvQ{~,7,3790,,,false,4
,HoFvQ{~,8,3790,,,false,4
,HoFvQ{~,9,3860,,,false,4
,HqGTY~~,0,4843,,,false,4
,HqGTY~~,1,3790,,,false,4
,HqGTY~~,2,3790,,,false,4
,HqGTY~~,3,3861,,,false,4
,HqGTY~~,4,3369,,,false,4
,HqGTY~~,5,3861,,,false,4
,HqGTY~~,6,3720,,,false,4
,HqGTY~~,7,3861,,,false,4
,HqGTY~~,8,3790,,,false,4
,HqGTY~~,9,3439,,,false,4
,HRAZU^~,0,4843,,,false,5
,HRAZU^~,1,3860,,,false,5
,HRAZU^~,2,3720,,,false,5
,HRAZU^~,3,3790,,,false,5
,HRAZU^~,4,3369,,,false,5
,HRAZU^~,5,3931,,,false,5
,HRAZU^~,6,3790,,,false,5
,HRAZU^~,7,3720,,,false,5
,HRAZU^~,8,3861,,,false,5
,HRAZU^~,9,3860,,,false,5
,HWNVS|^,0,4772,,,false,5
,HWNVS|^,1,3861,,,false,5
,HWNVS|^,2,3860,,,false,5
,HWNVS|^,3,3790,,,false,5
,HWNVS|^,4,3790,,,false,5
,HWNVS|^,5,3369,,,false,5
,HWNVS|^,6,3790,,,false,5
,HWNVS|^,7,3860,,,false,5
,HWNVS|^,8,3790,,,false,5
,HWNVS|^,9,3860,,,false,5
,HoDPV~~,0,4773,,,false,4
,HoDPV~~,1,3930,,,false,4
,HoDPV~~,2,3790,,,false,4
,HoDPV~~,3,3861,,,false,4
,HoDPV~~,4,3860,,,false,4
,HoDPV~~,5,3930,,,false,4
,HoDPV~~,6,3790,,,false,4
,HoDPV~~,7,3790,,,false,4
,HoDPV~~,8,3369,,,false,4
,HoDPV~~,9,3439,,,false,4
,HsOax~~,0,4772,,,false,4
,HsOax~~,1,3860,,,false,4
,HsOax~~,2,3720,,,false,4
,HsOax~~,3,3790,,,false,4
,HsOax~~,4,3790,,,false,4
,HsOax~~,5,3861,,,false,4
,HsOax~~,6,3930,,,false,4
,HsOax~~,7,3860,,,false,4
,HsOax~~,8,3369,,,false,4
,HsOax~~,9,3860,,,false,4
,HqJTY{~,0,4352,,,false,4
,HqJTY{~,1,12493,,,false,4
,HqJTY{~,2,5264,,,false,4
,HqJTY{~,3,3369,,,false,4
,HqJTY{~,4,3930,,,false,4
,HqJTY{~,5,3790,,,false,4
,HqJTY{~,6,3369,,,false,4
,HqJTY{~,7,3860,,,false,4
,HqJTY{~,8,3930,,,false,4
,HqJTY{~,9,3790,,,false,4
,HyGW}mn,0,4772,,,false,5
,HyGW}mn,1,3791,,,false,5
,HyGW}mn,2,3930,,,false,5
,HyGW}mn,3,3369,,,false,5
,HyGW}mn,4,3930,,,false,5
,HyGW}mn,5,3790,,,false,5
,HyGW}mn,6,3790,,,false,5
,HyGW}mn,7,3931,,,false,5
,HyGW}mn,8,3439,,,false,5
,HyGW}mn,9,3790,,,false,5
,H{O_w~~,0,4843,,,false,5
,H{O_w~~,1,4282,,,false,5
,H{O_w~~,2,3720,,,false,5
,H{O_w~~,3,3791,,,false,5
,H{O_w~~,4,3439,,,false,5
,H{O_w~~,5,3860,,,false,5
,H{O_w~~,6,3439,,,false,5
,H{O_w~~,7,3790,,,false,5
,H{O_w~~,8,3439,,,false,5
,H{O_w~~,9,3439,,,false,5
,HqddY{~,0,4422,,,false,5
,HqddY{~,1,3790,,,false,5
,HqddY{~,2,3860,,,false,5
,HqddY{~,3,3790,,,false,5
,HqddY{~,4,3931,,,false,5
,HqddY{~,5,3790,,,false,5
,HqddY{~,6,3790,,,false,5
,HqddY{~,7,3860,,,false,5
,HqddY{~,8,3861,,,false,5
,HqddY{~,9,3930,,,false,5
,Hk`rX}^,0,4913,,,false,4
,Hk`rX}^,1,3860,,,false,4
,Hk`rX}^,2,4211,,,false,4
,Hk`rX}^,3,3860,,,false,4
,Hk`rX}^,4,3860,,,false,4
,Hk`rX}^,5,3369,,,false,4
,Hk`rX}^,6,3790,,,false,4
,Hk`rX}^,7,3790,,,false,4
,Hk`rX}^,8,3860,,,false,4
,Hk`rX}^,9,3439,,,false,4
,H`GO\|},0,3860,,,false,4
,H`GO\|},1,3299,,,false,4
,H`GO\|},2,3791,,,false,4
,H`GO\|},3,3298,,,false,4
,H`GO\|},4,3439,,,false,4
,H`GO\|},5,3439,,,false,4
,H`GO\|},6,3369,,,false,4
,H`GO\|},7,3369,,,false,4
,H`GO\|},8,3790,,,false,4
,H`GO\|},9,3439,,,false,4
,H@?tY~N,0,3861,,,false,3
,H@?tY~N,1,3369,,,false,3
,H@?tY~N,2,3298,,,false,3
,H@?tY~N,3,3369,,,false,3
,H@?tY~N,4,2808,,,false,3
,H@?tY~N,5,2948,,,false,3
,H@?tY~N,6,2948,,,false,3
,H@?tY~N,7,2808,,,false,3
,H@?tY~N,8,2878,,,false,3
,H@?tY~N,9,2807,,,false,3
,H?o_`KV,0,3369,,,false,2
,H?o_`KV,1,2948,,,false,2
,H?o_`KV,2,2456,,,false,2
,H?o_`KV,3,2878,,,false,2
,H?o_`KV,4,2807,,,false,2
,H?o_`KV,5,2386,,,false,2
,H?o_`KV,6,2878,,,false,2
,H?o_`KV,7,2878,,,false,2
,H?o_`KV,8,2387,,,false,2
,H?o_`KV,9,2807,,,false,2
,HWCOOK^,0,3369,,,false,3
,HWCOOK^,1,2877,,,false,3
,HWCOOK^,2,2808,,,false,3
,HWCOOK^,3,2877,,,false,3
,HWCOOK^,4,2878,,,false,3
,HWCOOK^,5,2948,,,false,3
,HWCOOK^,6,2807,,,false,3
,HWCOOK^,7,2316,,,false,3
,HWCOOK^,8,2807,,,false,3
,HWCOOK^,9,2456,,,false,3
,HWC?G{^,0,3369,,,false,3
,HWC?G{^,1,2878,,,false,3
,HWC?G{^,2,2878,,,false,3
,HWC?G{^,3,3228,,,false,3
,HWC?G{^,4,2878,,,false,3
,HWC?G{^,5,2878,,,false,3
,HWC?G{^,6,2947,,,false,3
,HWC?G{^,7,2877,,,false,3
,HWC?G{^,8,3299,,,false,3
,HWC?G{^,9,2877,,,false,3
,HEG?G[n,0,3299,,,false,3
,HEG?G[n,1,2807,,,false,3
,HEG?G[n,2,2878,,,false,3
,HEG?G[n,3,2457,,,false,3
,HEG?G[n,4,2877,,,false,3
,HEG?G[n,5,2878,,,false,3
,HEG?G[n,6,2808,,,false,3
,HEG?G[n,7,2807,,,false,3
,HEG?G[n,8,2878,,,false,3
,HEG?G[n,9,2878,,,false,3
,H??M@_|,0,2948,,,false,2
,H??M@_|,1,9615,,,false,2
,H??M@_|,2,1404,,,false,2
,H??M@_|,3,2387,,,false,2
,H??M@_|,4,1895,,,false,2
,H??M@_|,5,2948,,,false,2
,H??M@_|,6,1825,,,false,2
,H??M@_|,7,2386,,,false,2
,H??M@_|,8,2807,,,false,2
,H??M@_|,9,2878,,,false,2
,HWCOg[N,0,3228,,,false,4
,HWCOg[N,1,2877,,,false,4
,HWCOg[N,2,2948,,,false,4
,HWCOg[N,3,3299,,,false,4
,HWCOg[N,4,2807,,,false,4
,HWCOg[N,5,2878,,,false,4
,HWCOg[N,6,3369,,,false,4
,HWCOg[N,7,3439,,,false,4
,HWCOg[N,8,2807,,,false,4
,HWCOg[N,9,3229,,,false,4
,H@h^~z|,0,4703,,,false,5
,H@h^~z|,1,4351,,,false,5
,H@h^~z|,2,3861,,,false,5
,H@h^~z|,3,3930,,,false,5
,H@h^~z|,4,4282,,,false,5
,H@h^~z|,5,4282,,,false,5
,H@h^~z|,6,4422,,,false,5
,H@h^~z|,7,4421,,,false,5
,H@h^~z|,8,4211,,,false,5
,H@h^~z|,9,4211,,,false,5
,HIG^~z|,0,4843,,,false,5
,HIG^~z|,1,4282,,,false,5
,HIG^~z|,2,4351,,,false,5
,HIG^~z|,3,4352,,,false,5
,HIG^~z|,4,4351,,,false,5
,HIG^~z|,5,4211,,,false,5
,HIG^~z|,6,4352,,,false,5
,HIG^~z|,7,4422,,,false,5
,HIG^~z|,8,4352,,,false,5
,HIG^~z|,9,4281,,,false,5
,H@G^~z|,0,4773,,,false,5
,H@G^~z|,1,4281,,,false,5
,H@G^~z|,2,4422,,,false,5
,H@G^~z|,3,3790,,,false,5
,H@G^~z|,4,3790,,,false,5
,H@G^~z|,5,4351,,,false,5
,H@G^~z|,6,3861,,,false,5
,H@G^~z|,7,3930,,,false,5
,H@G^~z|,8,3790,,,false,5
,H@G^~z|,9,3790,,,false,5
,H@Jy~vz,0,4282,,,false,5
,H@Jy~vz,1,4352,,,false,5
,H@Jy~vz,2,3860,,,false,5
,H@Jy~vz,3,4282,,,false,5
,H@Jy~vz,4,4282,,,false,5
,H@Jy~vz,5,3790,,,false,5
,H@Jy~vz,6,4352,,,false,5
,H@Jy~vz,7,4211,,,false,5
,H@Jy~vz,8,4211,,,false,5
,H@Jy~vz,9,4281,,,false,5
,HZWx}~^,0,4702,,,false,6
,HZWx}~^,1,4422,,,false,6
,HZWx}~^,2,4352,,,false,6
,HZWx}~^,3,4281,,,false,6
,HZWx}~^,4,4211,,,false,6
,HZWx}~^,5,4351,,,false,6
,HZWx}~^,6,4281,,,false,6
,HZWx}~^,7,4281,,,false,6
,HZWx}~^,8,4281,,,false,6
,HZWx}~^,9,4843,,,false,6
,H?df~z|,0,4352,,,false,4
,H?df~z|,1,4351,,,false,4
,H?df~z|,2,3720,,,false,4
,H?df~z|,3,3861,,,false,4
,H?df~z|,4,3790,,,false,4
,H?df~z|,5,3930,,,false,4
,H?df~z|,6,3790,,,false,4
,H?df~z|,7,3790,,,false,4
,H?df~z|,8,3860,,,false,4
,H?df~z|,9,3439,,,false,4
,H??GVnu,0,3791,,,false,3
,H??GVnu,1,2948,,,false,3
,H??GVnu,2,2878,,,false,3
,H??GVnu,3,2807,,,false,3
,H??GVnu,4,2878,,,false,3
,H??GVnu,5,2878,,,false,3
,H??GVnu,6,2387,,,false,3
,H??GVnu,7,2456,,,false,3
,H??GVnu,8,3299,,,false,3
,H??GVnu,9,2808,,,false,3
,H??WvNe,0,3439,,,false,3
,H??WvNe,1,2807,,,false,3
,H??WvNe,2,2878,,,false,3
,H??WvNe,3,2878,,,false,3
,H??WvNe,4,2807,,,false,3
,H??WvNe,5,2878,,,false,3
,H??WvNe,6,3229,,,false,3
,H??WvNe,7,2877,,,false,3
,H??WvNe,8,2948,,,false,3
,H??WvNe,9,2878,,,false,3
,H@GWuNE,0,3440,,,false,3
,H@GWuNE,1,2877,,,false,3
,H@GWuNE,2,2808,,,false,3
,H@GWuNE,3,2877,,,false,3
,H@GWuNE,4,2878,,,false,3
,H@GWuNE,5,2948,,,false,3
,H@GWuNE,6,2877,,,false,3
,H@GWuNE,7,3299,,,false,3
,H@GWuNE,8,2386,,,false,3
,H@GWuNE,9,2948,,,false,3
,H?PD`y{,0,3860,,,false,3
,H?PD`y{,1,3369,,,false,3
,H?PD`y{,2,2808,,,false,3
,H?PD`y{,3,2877,,,false,3
,H?PD`y{,4,2878,,,false,3
,H?PD`y{,5,2948,,,false,3
,H?PD`y{,6,2877,,,false,3
,H?PD`y{,7,2807,,,false,3
,H?PD`y{,8,2807,,,false,3
,H?PD`y{,9,2808,,,false,3
,HC`A@{},0,3299,,,false,3
,HC`A@{},1,3369,,,false,3
,HC`A@{},2,2947,,,false,3
,HC`A@{},3,2878,,,false,3
,HC`A@{},4,3299,,,false,3
,HC`A@{},5,2877,,,false,3
,HC`A@{},6,2878,,,false,3
,HC`A@{},7,2877,,,false,3
,HC`A@{},8,2877,,,false,3
,HC`A@{},9,3299,,,false,3
,HAGWuMe,0,3860,,,false,3
,HAGWuMe,1,2807,,,false,3
,HAGWuMe,2,2948,,,false,3
,HAGWuMe,3,2877,,,false,3
,HAGWuMe,4,2947,,,false,3
,HAGWuMe,5,2807,,,false,3
,HAGWuMe,6,2808,,,false,3
,HAGWuMe,7,2948,,,false,3
,HAGWuMe,8,2878,,,false,3
,HAGWuMe,9,2948,,,false,3
,H??CZz{,0,3369,,,false,3
,H??CZz{,1,3369,,,false,3
,H??CZz{,2,2807,,,false,3
,H??CZz{,3,2808,,,false,3
,H??CZz{,4,2877,,,false,3
,H??CZz{,5,2878,,,false,3
,H??CZz{,6,2947,,,false,3
,H??CZz{,7,3369,,,false,3
,H??CZz{,8,2878,,,false,3
,H??CZz{,9,2877,,,false,3
,H??CzZ{,0,3299,,,false,3
,H??CzZ{,1,2878,,,false,3
,H??CzZ{,2,2948,,,false,3
,H??CzZ{,3,2948,,,false,3
,H??CzZ{,4,2807,,,false,3
,H??CzZ{,5,2878,,,false,3
,H??CzZ{,6,2878,,,false,3
,H??CzZ{,7,2948,,,false,3
,H??CzZ{,8,2948,,,false,3
,H??CzZ{,9,2807,,,false,3
,H?GXMfY,0,3369,,,false,3
,H?GXMfY,1,3369,,,false,3
,H?GXMfY,2,2878,,,false,3
,H?GXMfY,3,2807,,,false,3
,H?GXMfY,4,2878,,,false,3
,H?GXMfY,5,2948,,,false,3
,H?GXMfY,6,3369,,,false,3
,H?GXMfY,7,2878,,,false,3
,H?GXMfY,8,2947,,,false,3
,H?GXMfY,9,2878,,,false,3
,H?d_\dq,0,3930,,,false,3
,H?d_\dq,1,2878,,,false,3
,H?d_\dq,2,3299,,,false,3
,H?d_\dq,3,2808,,,false,3
,H?d_\dq,4,2807,,,false,3
,H?d_\dq,5,2878,,,false,3
,H?d_\dq,6,2878,,,false,3
,H?d_\dq,7,2877,,,false,3
,H?d_\dq,8,2808,,,false,3
,H?d_\dq,9,2877,,,false,3
,H?Ma_^p,0,3299,,,false,3
,H?Ma_^p,1,3299,,,false,3
,H?Ma_^p,2,2947,,,false,3
,H?Ma_^p,3,2948,,,false,3
,H?Ma_^p,4,2878,,,false,3
,H?Ma_^p,5,3369,,,false,3
,H?Ma_^p,6,2878,,,false,3
,H?Ma_^p,7,2877,,,false,3
,H?Ma_^p,8,2807,,,false,3
,H?Ma_^p,9,3369,,,false,3
,H?GcyzS,0,3790,,,false,3
,H?GcyzS,1,3369,,,false,3
,H?GcyzS,2,3369,,,false,3
,H?GcyzS,3,2948,,,false,3
,H?GcyzS,4,3369,,,false,3
,H?GcyzS,5,2807,,,false,3
,H?GcyzS,6,2878,,,false,3
,H?GcyzS,7,2878,,,false,3
,H?GcyzS,8,2877,,,false,3
,H?GcyzS,9,2878,,,false,3
,H@@HKvY,0,3439,,,false,3
,H@@HKvY,1,2878,,,false,3
,H@@HKvY,2,3228,,,false,3
,H@@HKvY,3,2878,,,false,3
,H@@HKvY,4,2878,,,false,3
,H@@HKvY,5,2948,,,false,3
,H@@HKvY,6,2878,,,false,3
,H@@HKvY,7,2807,,,false,3
,H@@HKvY,8,2878,,,false,3
,H@@HKvY,9,3299,,,false,3
,H?`E@{},0,3299,,,false,3
,H?`E@{},1,3369,,,false,3
,H?`E@{},2,2878,,,false,3
,H?`E@{},3,3299,,,false,3
,H?`E@{},4,2877,,,false,3
,H?`E@{},5,3299,,,false,3
,H?`E@{},6,2877,,,false,3
,H?`E@{},7,2948,,,false,3
,H?`E@{},8,3369,,,false,3
,H?`E@{},9,2878,,,false,3
,H?GWuNe,0,3299,,,false,3
,H?GWuNe,1,2878,,,false,3
,H?GWuNe,2,3299,,,false,3
,H?GWuNe,3,2948,,,false,3
,H?GWuNe,4,3369,,,false,3
,H?GWuNe,5,9475,,,false,3
,H?GWuNe,6,2878,,,false,3
,H?GWuNe,7,2387,,,false,3
,H?GWuNe,8,2948,,,false,3
,H?GWuNe,9,3369,,,false,3
,H??E\x{,0,3369,,,false,3
,H??E\x{,1,2877,,,false,3
,H??E\x{,2,3229,,,false,3
,H??E\x{,3,3298,,,false,3
,H??E\x{,4,2878,,,false,3
,H??E\x{,5,2948,,,false,3
,H??E\x{,6,2877,,,false,3
,H??E\x{,7,3299,,,false,3
,H??E\x{,8,2877,,,false,3
,H??E\x{,9,2878,,,false,3
,HBX@CmM,0,3790,,,false,3
,HBX@CmM,1,3369,,,false,3
,HBX@CmM,2,2948,,,false,3
,HBX@CmM,3,3299,,,false,3
,HBX@CmM,4,2808,,,false,3
,HBX@CmM,5,2807,,,false,3
,HBX@CmM,6,2948,,,false,3
,HBX@CmM,7,2948,,,false,3
,HBX@CmM,8,3369,,,false,3
,HBX@CmM,9,2948,,,false,3
,H??sQS~,0,3299,,,false,3
,H??sQS~,1,2877,,,false,3
,H??sQS~,2,2878,,,false,3
,H??sQS~,3,2948,,,false,3
,H??sQS~,4,2877,,,false,3
,H??sQS~,5,2878,,,false,3
,H??sQS~,6,2878,,,false,3
,H??sQS~,7,2808,,,false,3
,H??sQS~,8,2947,,,false,3
,H??sQS~,9,2877,,,false,3
,HBDj]}~,0,4913,,,false,5
,HBDj]}~,1,4281,,,false,5
,HBDj]}~,2,3720,,,false,5
,HBDj]}~,3,3861,,,false,5
,HBDj]}~,4,3931,,,false,5
,HBDj]}~,5,3790,,,false,5
,HBDj]}~,6,4211,,,false,5
,HBDj]}~,7,3790,,,false,5
,HBDj]}~,8,3790,,,false,5
,HBDj]}~,9,3861,,,false,5
,H??sQSv,0,3439,,,false,2
,H??sQSv,1,2457,,,false,2
,H??sQSv,2,2877,,,false,2
,H??sQSv,3,2808,,,false,2
,H??sQSv,4,2386,,,false,2
,H??sQSv,5,2948,,,false,2
,H??sQSv,6,2456,,,false,2
,H??sQSv,7,2878,,,false,2
,H??sQSv,8,2386,,,false,2
,H??sQSv,9,2316,,,false,2
,HBdj]}~,0,4703,,,false,5
,HBdj]}~,1,3860,,,false,5
,HBdj]}~,2,3790,,,false,5
,HBdj]}~,3,4211,,,false,5
,HBdj]}~,4,3860,,,false,5
,HBdj]}~,5,3860,,,false,5
,HBdj]}~,6,3931,,,false,5
,HBdj]}~,7,4281,,,false,5
,HBdj]}~,8,4211,,,false,5
,HBdj]}~,9,3860,,,false,5
,H@?M@z},0,3790,,,false,3
,H@?M@z},1,2878,,,false,3
,H@?M@z},2,2948,,,false,3
,H@?M@z},3,3299,,,false,3
,H@?M@z},4,2878,,,false,3
,H@?M@z},5,2877,,,false,3
,H@?M@z},6,2878,,,false,3
,H@?M@z},7,2947,,,false,3
,H@?M@z},8,2877,,,false,3
,H@?M@z},9,2808,,,false,3
,HhKpY|^,0,4773,,,false,5
,HhKpY|^,1,3790,,,false,5
,HhKpY|^,2,3790,,,false,5
,HhKpY|^,3,3931,,,false,5
,HhKpY|^,4,3860,,,false,5
,HhKpY|^,5,3790,,,false,5
,HhKpY|^,6,3790,,,false,5
,HhKpY|^,7,3861,,,false,5
,HhKpY|^,8,3440,,,false,5
,HhKpY|^,9,3790,,,false,5
,H??ZXzR,0,3790,,,false,3
,H??ZXzR,1,3369,,,false,3
,H??ZXzR,2,2878,,,false,3
,H??ZXzR,3,3369,,,false,3
,H??ZXzR,4,2948,,,false,3
,H??ZXzR,5,2877,,,false,3
,H??ZXzR,6,2808,,,false,3
,H??ZXzR,7,2947,,,false,3
,H??ZXzR,8,2877,,,false,3
,H??ZXzR,9,2948,,,false,3
,H?CmJs},0,3860,,,false,3
,H?CmJs},1,3369,,,false,3
,H?CmJs},2,2878,,,false,3
,H?CmJs},3,3229,,,false,3
,H?CmJs},4,2878,,,false,3
,H?CmJs},5,2877,,,false,3
,H?CmJs},6,3369,,,false,3
,H?CmJs},7,3299,,,false,3
,H?CmJs},8,3228,,,false,3
,H?CmJs},9,2808,,,false,3
,H_GZCcN,0,2808,,,false,3
,H_GZCcN,1,2878,,,false,3
,H_GZCcN,2,2878,,,false,3
,H_GZCcN,3,2948,,,false,3
,H_GZCcN,4,2807,,,false,3
,H_GZCcN,5,2807,,,false,3
,H_GZCcN,6,2807,,,false,3
,H_GZCcN,7,2948,,,false,3
,H_GZCcN,8,2948,,,false,3
,H_GZCcN,9,2877,,,false,3
,HC`PhPH,0,2807,,,false,3
,HC`PhPH,1,2457,,,false,3
,HC`PhPH,2,2878,,,false,3
,HC`PhPH,3,2948,,,false,3
,HC`PhPH,4,2878,,,false,3
,HC`PhPH,5,2807,,,false,3
,HC`PhPH,6,2386,,,false,3
,HC`PhPH,7,2878,,,false,3
,HC`PhPH,8,2386,,,false,3
,HC`PhPH,9,2456,,,false,3
,H`EBH[^,0,3439,,,false,3
,H`EBH[^,1,3369,,,false,3
,H`EBH[^,2,3299,,,false,3
,H`EBH[^,3,3369,,,false,3
,H`EBH[^,4,3299,,,false,3
,H`EBH[^,5,3369,,,false,3
,H`EBH[^,6,2878,,,false,3
,H`EBH[^,7,2807,,,false,3
,H`EBH[^,8,3299,,,false,3
,H`EBH[^,9,2878,,,false,3
,HKCYPMN,0,3369,,,false,3
,HKCYPMN,1,2878,,,false,3
,HKCYPMN,2,2948,,,false,3
,HKCYPMN,3,3368,,,false,3
,HKCYPMN,4,2948,,,false,3
,HKCYPMN,5,2807,,,false,3
,HKCYPMN,6,2878,,,false,3
,HKCYPMN,7,2878,,,false,3
,HKCYPMN,8,2807,,,false,3
,HKCYPMN,9,2878,,,false,3
,H`KpYmN,0,4212,,,false,4
,H`KpYmN,1,3298,,,false,4
,H`KpYmN,2,3790,,,false,4
,H`KpYmN,3,3440,,,false,4
,H`KpYmN,4,3298,,,false,4
,H`KpYmN,5,3228,,,false,4
,H`KpYmN,6,3369,,,false,4
,H`KpYmN,7,3299,,,false,4
,H`KpYmN,8,3439,,,false,4
,H`KpYmN,9,3299,,,false,4
,H??yuij,0,3369,,,false,3
,H??yuij,1,3299,,,false,3
,H??yuij,2,2807,,,false,3
,H??yuij,3,2948,,,false,3
,H??yuij,4,2948,,,false,3
,H??yuij,5,2878,,,false,3
,H??yuij,6,2807,,,false,3
,H??yuij,7,2808,,,false,3
,H??yuij,8,3368,,,false,3
,H??yuij,9,2808,,,false,3
,H?@[|hj,0,3439,,,false,3
,H?@[|hj,1,3439,,,false,3
,H?@[|hj,2,3369,,,false,3
,H?@[|hj,3,2807,,,false,3
,H?@[|hj,4,2877,,,false,3
,H?@[|hj,5,2878,,,false,3
,H?@[|hj,6,3369,,,false,3
,H?@[|hj,7,2807,,,false,3
,H?@[|hj,8,2877,,,false,3
,H?@[|hj,9,3299,,,false,3
,H?Cjc~M,0,3790,,,false,4
,H?Cjc~M,1,3369,,,false,4
,H?Cjc~M,2,3439,,,false,4
,H?Cjc~M,3,2878,,,false,4
,H?Cjc~M,4,2807,,,false,4
,H?Cjc~M,5,2878,,,false,4
,H?Cjc~M,6,3369,,,false,4
,H?Cjc~M,7,2948,,,false,4
,H?Cjc~M,8,2808,,,false,4
,H?Cjc~M,9,2807,,,false,4
,H?JIp}u,0,4282,,,false,4
,H?JIp}u,1,3369,,,false,4
,H?JIp}u,2,3369,,,false,4
,H?JIp}u,3,3439,,,false,4
,H?JIp}u,4,3298,,,false,4
,H?JIp}u,5,3299,,,false,4
,H?JIp}u,6,3299,,,false,4
,H?JIp}u,7,3298,,,false,4
,H?JIp}u,8,3439,,,false,4
,H?JIp}u,9,3369,,,false,4
,HGBTXxZ,0,3860,,,false,4
,HGBTXxZ,1,3299,,,false,4
,HGBTXxZ,2,3299,,,false,4
,HGBTXxZ,3,3298,,,false,4
,HGBTXxZ,4,2948,,,false,4
,HGBTXxZ,5,3368,,,false,4
,HGBTXxZ,6,3299,,,false,4
,HGBTXxZ,7,3299,,,false,4
,HGBTXxZ,8,2878,,,false,4
,HGBTXxZ,9,2948,,,false,4
,H_KqlRF,0,3860,,,false,3
,H_KqlRF,1,2878,,,false,3
,H_KqlRF,2,2808,,,false,3
,H_KqlRF,3,2877,,,false,3
,H_KqlRF,4,2808,,,false,3
,H_KqlRF,5,3439,,,false,3
,H_KqlRF,6,2878,,,false,3
,H_KqlRF,7,3228,,,false,3
,H_KqlRF,8,2878,,,false,3
,H_KqlRF,9,2877,,,false,3
,H@`@pnK,0,3299,,,false,3
,H@`@pnK,1,2457,,,false,3
,H@`@pnK,2,2456,,,false,3
,H@`@pnK,3,2386,,,false,3
,H@`@pnK,4,2386,,,false,3
,H@`@pnK,5,2807,,,false,3
,H@`@pnK,6,2808,,,false,3
,H@`@pnK,7,2807,,,false,3
,H@`@pnK,8,2948,,,false,3
,H@`@pnK,9,2386,,,false,3
,HqG?g^{,0,3860,,,false,3
,HqG?g^{,1,2807,,,false,3
,HqG?g^{,2,10879,,,false,3
,HqG?g^{,3,2387,,,false,3
,HqG?g^{,4,2387,,,false,3
,HqG?g^{,5,1895,,,false,3
,HqG?g^{,6,2878,,,false,3
,HqG?g^{,7,3298,,,false,3
,HqG?g^{,8,2878,,,false,3
,HqG?g^{,9,3439,,,false,3
,HqGOW^p,0,3369,,,false,3
,HqGOW^p,1,3369,,,false,3
,HqGOW^p,2,2808,,,false,3
,HqGOW^p,3,2456,,,false,3
,HqGOW^p,4,2877,,,false,3
,HqGOW^p,5,2948,,,false,3
,HqGOW^p,6,2948,,,false,3
,HqGOW^p,7,2807,,,false,3
,HqGOW^p,8,2878,,,false,3
,HqGOW^p,9,2877,,,false,3
,HoKQG^o,0,3299,,,false,3
,HoKQG^o,1,3369,,,false,3
,HoKQG^o,2,2948,,,false,3
,HoKQG^o,3,2878,,,false,3
,HoKQG^o,4,2808,,,false,3
,HoKQG^o,5,2877,,,false,3
,HoKQG^o,6,2808,,,false,3
,HoKQG^o,7,2877,,,false,3
,HoKQG^o,8,2807,,,false,3
,HoKQG^o,9,2808,,,false,3
,H_hPOno,0,3931,,,false,3
,H_hPOno,1,2948,,,false,3
,H_hPOno,2,2878,,,false,3
,H_hPOno,3,2877,,,false,3
,H_hPOno,4,2948,,,false,3
,H_hPOno,5,2808,,,false,3
,H_hPOno,6,2456,,,false,3
,H_hPOno,7,2808,,,false,3
,H_hPOno,8,2878,,,false,3
,H_hPOno,9,2878,,,false,3
,H?qi`fo,0,3369,,,false,3
,H?qi`fo,1,2457,,,false,3
,H?qi`fo,2,2807,,,false,3
,H?qi`fo,3,2878,,,false,3
,H?qi`fo,4,2877,,,false,3
,H?qi`fo,5,2878,,,false,3
,H?qi`fo,6,2457,,,false,3
,H?qi`fo,7,2878,,,false,3
,H?qi`fo,8,2808,,,false,3
,H?qi`fo,9,2457,,,false,3
