name,graph_g6,iteration,runtime,allocated_bytes,peak_bytes,timeout,treewidth
,G@Kxx{,0,4412,,,false,5
,G@Kxx{,1,2871,,,false,5
,G@Kxx{,2,3362,,,false,5
,G@Kxx{,3,3432,,,false,5
,G@Kxx{,4,2382,,,false,5
,G@Kxx{,5,2801,,,false,5
,G@Kxx{,6,2382,,,false,5
,G@Kxx{,7,2942,,,false,5
,G@Kxx{,8,2872,,,false,5
,G@Kxx{,9,3361,,,false,5
,G@Kx~{,0,3222,,,false,7
,G@Kx~{,1,2801,,,false,7
,G@Kx~{,2,3362,,,false,7
,G@Kx~{,3,3782,,,false,7
,G@Kx~{,4,29485,,,false,7
,G@Kx~{,5,3782,,,false,7
,G@Kx~{,6,3222,,,false,7
,G@Kx~{,7,3291,,,false,7
,G@Kx~{,8,3362,,,false,7
,G@Kx~{,9,3361,,,false,7
,G?_gqK,0,2871,,,false,4
,G?_gqK,1,1891,,,false,4
,G?_gqK,2,1891,,,false,4
,G?_gqK,3,1470,,,false,4
,G?_gqK,4,1891,,,false,4
,G?_gqK,5,1401,,,false,4
,G?_gqK,6,2381,,,false,4
,G?_gqK,7,2381,,,false,4
,G?_gqK,8,2871,,,false,4
,G?_gqK,9,2451,,,false,4
,G?????,0,1470,,,false,0
,G?????,1,1471,,,false,0
,G?????,2,1471,,,false,0
,G?????,3,1400,,,false,0
,G?????,4,1401,,,false,0
,G?????,5,1961,,,false,0
,G?????,6,1891,,,false,0
,G?????,7,1961,,,false,0
,G?????,8,1470,,,false,0
,G?????,9,1891,,,false,0
,Gs\v~w,0,3292,,,false,6
,Gs\v~w,1,2871,,,false,6
,Gs\v~w,2,3782,,,false,6
,Gs\v~w,3,3431,,,false,6
,Gs\v~w,4,3432,,,false,6
,Gs\v~w,5,3362,,,false,6
,Gs\v~w,6,3291,,,false,6
,Gs\v~w,7,3362,,,false,6
,Gs\v~w,8,3361,,,false,6
,Gs\v~w,9,3782,,,false,6
,GF~~~{,0,3362,,,false,5
,GF~~~{,1,3362,,,false,5
,GF~~~{,2,3292,,,false,5
,GF~~~{,3,3362,,,false,5
,GF~~~{,4,2941,,,false,5
,GF~~~{,5,2871,,,false,5
,GF~~~{,6,2382,,,false,5
,GF~~~{,7,2872,,,false,5
,GF~~~{,8,3852,,,false,5
,GF~~~{,9,3362,,,false,5
,G~?GW[,0,1961,,,false,3
,G~?GW[,1,1471,,,false,3
,G~?GW[,2,2311,,,false,3
,G~?GW[,3,2381,,,false,3
,G~?GW[,4,1471,,,false,3
,G~?GW[,5,2381,,,false,3
,G~?GW[,6,1961,,,false,3
,G~?GW[,7,2381,,,false,3
,G~?GW[,8,2382,,,false,3
,G~?GW[,9,1891,,,false,3
,GwC^?{,0,2801,,,false,3
,GwC^?{,1,2381,,,false,3
,GwC^?{,2,2381,,,false,3
,GwC^?{,3,1961,,,false,3
,GwC^?{,4,1961,,,false,3
,GwC^?{,5,1961,,,false,3
,GwC^?{,6,2312,,,false,3
,GwC^?{,7,2381,,,false,3
,GwC^?{,8,2381,,,false,3
,GwC^?{,9,1961,,,false,3
,G???GK,0,2381,,,false,2
,G???GK,1,1401,,,false,2
,G???GK,2,1821,,,false,2
,G???GK,3,1471,,,false,2
,G???GK,4,2381,,,false,2
,G???GK,5,1891,,,false,2
,G???GK,6,1470,,,false,2
,G???GK,7,1891,,,false,2
,G???GK,8,1400,,,false,2
,G???GK,9,2381,,,false,2
,G}hPW{,0,3221,,,false,4
,G}hPW{,1,2872,,,false,4
,G}hPW{,2,2872,,,false,4
,G}hPW{,3,3361,,,false,4
,G}hPW{,4,2871,,,false,4
,G}hPW{,5,2802,,,false,4
,G}hPW{,6,3362,,,false,4
,G}hPW{,7,1961,,,false,4
,G}hPW{,8,2942,,,false,4
,G}hPW{,9,2871,,,false,4
,GqN~~{,0,3852,,,false,5
,GqN~~{,1,3782,,,false,5
,GqN~~{,2,3782,,,false,5
,GqN~~{,3,3362,,,false,5
,GqN~~{,4,3362,,,false,5
,GqN~~{,5,3292,,,false,5
,GqN~~{,6,3292,,,false,5
,GqN~~{,7,3782,,,false,5
,GqN~~{,8,3852,,,false,5
,GqN~~{,9,3361,,,false,5
,GJ\zz{,0,3852,,,false,6
,GJ\zz{,1,3292,,,false,6
,GJ\zz{,2,3291,,,false,6
,GJ\zz{,3,3362,,,false,6
,GJ\zz{,4,3431,,,false,6
,GJ\zz{,5,3782,,,false,6
,GJ\zz{,6,3782,,,false,6
,GJ\zz{,7,3782,,,false,6
,GJ\zz{,8,2871,,,false,6
,GJ\zz{,9,3432,,,false,6
,GJ\z~{,0,3362,,,false,6
,GJ\z~{,1,2942,,,false,6
,GJ\z~{,2,2381,,,false,6
,GJ\z~{,3,3292,,,false,6
,GJ\z~{,4,3362,,,false,6
,GJ\z~{,5,3362,,,false,6
,GJ\z~{,6,2451,,,false,6
,GJ\z~{,7,2381,,,false,6
,GJ\z~{,8,2381,,,false,6
,GJ\z~{,9,2451,,,false,6
,G~z\z{,0,3291,,,false,6
,G~z\z{,1,3852,,,false,6
,G~z\z{,2,3431,,,false,6
,G~z\z{,3,3292,,,false,6
,G~z\z{,4,3711,,,false,6
,G~z\z{,5,2311,,,false,6
,G~z\z{,6,3292,,,false,6
,G~z\z{,7,3432,,,false,6
,G~z\z{,8,3852,,,false,6
,G~z\z{,9,3432,,,false,6
,G^~~~{,0,3782,,,false,6
,G^~~~{,1,3362,,,false,6
,G^~~~{,2,3782,,,false,6
,G^~~~{,3,3362,,,false,6
,G^~~~{,4,3852,,,false,6
,G^~~~{,5,3782,,,false,6
,G^~~~{,6,3361,,,false,6
,G^~~~{,7,3362,,,false,6
,G^~~~{,8,3922,,,false,6
,G^~~~{,9,3361,,,false,6
,G~~~~{,0,3852,,,false,7
,G~~~~{,1,3292,,,false,7
,G~~~~{,2,3852,,,false,7
,G~~~~{,3,3782,,,false,7
,G~~~~{,4,3432,,,false,7
,G~~~~{,5,3781,,,false,7
,G~~~~{,6,3712,,,false,7
,G~~~~{,7,2871,,,false,7
,G~~~~{,8,2872,,,false,7
,G~~~~{,9,2942,,,false,7
,GI?HOg,0,1961,,,false,2
,GI?HOg,1,1471,,,false,2
,GI?HOg,2,1471,,,false,2
,GI?HOg,3,1891,,,false,2
,GI?HOg,4,1821,,,false,2
,GI?HOg,5,1891,,,false,2
,GI?HOg,6,1401,,,false,2
,GI?HOg,7,1401,,,false,2
,GI?HOg,8,2382,,,false,2
,GI?HOg,9,981,,,false,2
,G?DPV?,0,1891,,,false,3
,G?DPV?,1,1891,,,false,3
,G?DPV?,2,1891,,,false,3
,G?DPV?,3,1821,,,false,3
,G?DPV?,4,1471,,,false,3
,G?DPV?,5,1891,,,false,3
,G?DPV?,6,1891,,,false,3
,G?DPV?,7,1961,,,false,3
,G?DPV?,8,2381,,,false,3
,G?DPV?,9,2451,,,false,3
,G?DPTC,0,1961,,,false,2
,G?DPTC,1,1471,,,false,2
,G?DPTC,2,1961,,,false,2
,G?DPTC,3,981,,,false,2
,G?DPTC,4,1401,,,false,2
,G?DPTC,5,1471,,,false,2
,G?DPTC,6,1891,,,false,2
,G?DPTC,7,1401,,,false,2
,G?DPTC,8,1891,,,false,2
,G?DPTC,9,2381,,,false,2
,G?`HW{,0,1821,,,false,3
,G?`HW{,1,1820,,,false,3
,G?`HW{,2,1891,,,false,3
,G?`HW{,3,1471,,,false,3
,G?`HW{,4,1961,,,false,3
,G?`HW{,5,1401,,,false,3
,G?`HW{,6,1891,,,false,3
,G?`HW{,7,1821,,,false,3
,G?`HW{,8,2872,,,false,3
,G?`HW{,9,1891,,,false,3
,G@GQSG,0,2801,,,false,2
,G@GQSG,1,2311,,,false,2
,G@GQSG,2,2381,,,false,2
,G@GQSG,3,1961,,,false,2
,G@GQSG,4,2381,,,false,2
,G@GQSG,5,2382,,,false,2
,G@GQSG,6,1891,,,false,2
,G@GQSG,7,1961,,,false,2
,G@GQSG,8,1471,,,false,2
,G@GQSG,9,1891,,,false,2
,G??GW[,0,1961,,,false,3
,G??GW[,1,2381,,,false,3
,G??GW[,2,2381,,,false,3
,G??GW[,3,1891,,,false,3
,G??GW[,4,2382,,,false,3
,G??GW[,5,2382,,,false,3
,G??GW[,6,1891,,,false,3
,G??GW[,7,2381,,,false,3
,G??GW[,8,2311,,,false,3
,G??GW[,9,1891,,,false,3
,G??MPg,0,1891,,,false,3
,G??MPg,1,1961,,,false,3
,G??MPg,2,1401,,,false,3
,G??MPg,3,1961,,,false,3
,G??MPg,4,1401,,,false,3
,G??MPg,5,1961,,,false,3
,G??MPg,6,1890,,,false,3
,G??MPg,7,1471,,,false,3
,G??MPg,8,2311,,,false,3
,G??MPg,9,1471,,,false,3
,G????C,0,2381,,,false,1
,G????C,1,1961,,,false,1
,G????C,2,1961,,,false,1
,G????C,3,1961,,,false,1
,G????C,4,2381,,,false,1
,G????C,5,1821,,,false,1
,G????C,6,1961,,,false,1
,G????C,7,1891,,,false,1
,G????C,8,1891,,,false,1
,G????C,9,1961,,,false,1
,G???Ns,0,3361,,,false,6
,G???Ns,1,2872,,,false,6
,G???Ns,2,1891,,,false,6
,G???Ns,3,2451,,,false,6
,G???Ns,4,1891,,,false,6
,G???Ns,5,2382,,,false,6
,G???Ns,6,1961,,,false,6
,G???Ns,7,2451,,,false,6
,G???Ns,8,2381,,,false,6
,G???Ns,9,2452,,,false,6
,G?CWw{,0,2872,,,false,4
,G?CWw{,1,2872,,,false,4
,G?CWw{,2,1401,,,false,4
,G?CWw{,3,1471,,,false,4
,G?CWw{,4,1961,,,false,4
,G?CWw{,5,1401,,,false,4
,G?CWw{,6,2381,,,false,4
,G?CWw{,7,2871,,,false,4
,G?CWw{,8,9595,,,false,4
,G?CWw{,9,2941,,,false,4
,G?CW~{,0,3362,,,false,7
,G?CW~{,1,3432,,,false,7
,G?CW~{,2,3782,,,false,7
,G?CW~{,3,3292,,,false,7
,G?CW~{,4,3362,,,false,7
,G?CW~{,5,3361,,,false,7
,G?CW~{,6,3362,,,false,7
,G?CW~{,7,3221,,,false,7
,G?CW~{,8,3221,,,false,7
,G?CW~{,9,2801,,,false,7
,G??GOK,0,2381,,,false,2
,G??GOK,1,1891,,,false,2
,G??GOK,2,1891,,,false,2
,G??GOK,3,1891,,,false,2
,G??GOK,4,911,,,false,2
,G??GOK,5,1891,,,false,2
,G??GOK,6,1891,,,false,2
,G??GOK,7,1891,,,false,2
,G??GOK,8,1401,,,false,2
,G??GOK,9,1471,,,false,2
,GoCQPG,0,2311,,,false,2
,GoCQPG,1,1891,,,false,2
,GoCQPG,2,1961,,,false,2
,GoCQPG,3,2382,,,false,2
,GoCQPG,4,2381,,,false,2
,GoCQPG,5,2381,,,false,2
,GoCQPG,6,2381,,,false,2
,GoCQPG,7,1891,,,false,2
,GoCQPG,8,2451,,,false,2
,GoCQPG,9,2381,,,false,2
,G?CHM_,0,2381,,,false,3
,G?CHM_,1,1401,,,false,3
,G?CHM_,2,1400,,,false,3
,G?CHM_,3,1961,,,false,3
,G?CHM_,4,1891,,,false,3
,G?CHM_,5,1401,,,false,3
,G?CHM_,6,1961,,,false,3
,G?CHM_,7,1400,,,false,3
,G?CHM_,8,1891,,,false,3
,G?CHM_,9,1401,,,false,3
,G??gv_,0,2801,,,false,4
,G??gv_,1,1891,,,false,4
,G??gv_,2,1890,,,false,4
,G??gv_,3,1471,,,false,4
,G??gv_,4,2451,,,false,4
,G??gv_,5,2381,,,false,4
,G??gv_,6,2381,,,false,4
,G??gv_,7,1961,,,false,4
,G??gv_,8,2382,,,false,4
,G??gv_,9,2381,,,false,4
,G?@HcK,0,3362,,,false,5
,G?@HcK,1,2872,,,false,5
,G?@HcK,2,2451,,,false,5
,G?@HcK,3,2871,,,false,5
,G?@HcK,4,2381,,,false,5
,G?@HcK,5,2801,,,false,5
,G?@HcK,6,2381,,,false,5
,G?@HcK,7,2451,,,false,5
,G?@HcK,8,2801,,,false,5
,G?@HcK,9,2801,,,false,5
,G???^w,0,3362,,,false,6
,G???^w,1,2381,,,false,6
,G???^w,2,1961,,,false,6
,G???^w,3,2381,,,false,6
,G???^w,4,1961,,,false,6
,G???^w,5,2871,,,false,6
,G???^w,6,2381,,,false,6
,G???^w,7,1891,,,false,6
,G???^w,8,2941,,,false,6
,G???^w,9,2871,,,false,6
,GsP@xw,0,3292,,,false,4
,GsP@xw,1,2801,,,false,4
,GsP@xw,2,2381,,,false,4
,GsP@xw,3,2381,,,false,4
,GsP@xw,4,2381,,,false,4
,GsP@xw,5,2381,,,false,4
,GsP@xw,6,3291,,,false,4
,GsP@xw,7,2801,,,false,4
,GsP@xw,8,2802,,,false,4
,GsP@xw,9,2942,,,false,4
,G?@Ht_,0,1401,,,false,3
,G?@Ht_,1,1471,,,false,3
,G?@Ht_,2,1961,,,false,3
,G?@Ht_,3,1891,,,false,3
,G?@Ht_,4,1471,,,false,3
,G?@Ht_,5,1891,,,false,3
,G?@Ht_,6,2381,,,false,3
,G?@Ht_,7,2451,,,false,3
,G?@Ht_,8,980,,,false,3
,G?@Ht_,9,2451,,,false,3
,Gs`zro,0,3852,,,false,5
,Gs`zro,1,2871,,,false,5
,Gs`zro,2,2872,,,false,5
,Gs`zro,3,2872,,,false,5
,Gs`zro,4,2382,,,false,5
,Gs`zro,5,3362,,,false,5
,Gs`zro,6,3361,,,false,5
,Gs`zro,7,3291,,,false,5
,Gs`zro,8,3361,,,false,5
,Gs`zro,9,2872,,,false,5
,G?~~~{,0,3361,,,false,4
,G?~~~{,1,3782,,,false,4
,G?~~~{,2,2941,,,false,4
,G?~~~{,3,2871,,,false,4
,G?~~~{,4,3782,,,false,4
,G?~~~{,5,3362,,,false,4
,G?~~~{,6,3431,,,false,4
,G?~~~{,7,2451,,,false,4
,G?~~~{,8,2381,,,false,4
,G?~~~{,9,2311,,,false,4
,G`K?GK,0,1961,,,false,2
,G`K?GK,1,1961,,,false,2
,G`K?GK,2,1470,,,false,2
,G`K?GK,3,1401,,,false,2
,G`K?GK,4,1891,,,false,2
,G`K?GK,5,1401,,,false,2
,G`K?GK,6,1961,,,false,2
,G`K?GK,7,1961,,,false,2
,G`K?GK,8,1891,,,false,2
,G`K?GK,9,910,,,false,2
,G`?GZc,0,3292,,,false,5
,G`?GZc,1,2452,,,false,5
,G`?GZc,2,1891,,,false,5
,G`?GZc,3,8194,,,false,5
,G`?GZc,4,3782,,,false,5
,G`?GZc,5,1821,,,false,5
,G`?GZc,6,2451,,,false,5
,G`?GZc,7,2381,,,false,5
,G`?GZc,8,2451,,,false,5
,G`?GZc,9,1891,,,false,5
,G??CZc,0,3361,,,false,6
,G??CZc,1,2941,,,false,6
,G??CZc,2,2872,,,false,6
,G??CZc,3,2801,,,false,6
,G??CZc,4,2942,,,false,6
,G??CZc,5,2871,,,false,6
,G??CZc,6,1961,,,false,6
,G??CZc,7,2871,,,false,6
,G??CZc,8,2871,,,false,6
,G??CZc,9,2312,,,false,6
,G`_gqK,0,3221,,,false,4
,G`_gqK,1,1821,,,false,4
,G`_gqK,2,1891,,,false,4
,G`_gqK,3,1961,,,false,4
,G`_gqK,4,1961,,,false,4
,G`_gqK,5,1961,,,false,4
,G`_gqK,6,2872,,,false,4
,G`_gqK,7,2802,,,false,4
,G`_gqK,8,2872,,,false,4
,G`_gqK,9,1470,,,false,4
,GsOiho,0,3292,,,false,4
,GsOiho,1,2871,,,false,4
,GsOiho,2,1891,,,false,4
,GsOiho,3,2382,,,false,4
,GsOiho,4,2872,,,false,4
,GsOiho,5,2872,,,false,4
,GsOiho,6,2871,,,false,4
,GsOiho,7,2871,,,false,4
,GsOiho,8,2451,,,false,4
,GsOiho,9,2311,,,false,4
,G???F{,0,3431,,,false,7
,G???F{,1,3292,,,false,7
,G???F{,2,3781,,,false,7
,G???F{,3,2872,,,false,7
,G???F{,4,2382,,,false,7
,G???F{,5,3362,,,false,7
,G???F{,6,3362,,,false,7
,G???F{,7,3361,,,false,7
,G???F{,8,2872,,,false,7
,G???F{,9,3362,,,false,7
,G??F~{,0,2872,,,false,7
,G??F~{,1,2871,,,false,7
,G??F~{,2,2941,,,false,7
,G??F~{,3,3292,,,false,7
,G??F~{,4,3222,,,false,7
,G??F~{,5,3291,,,false,7
,G??F~{,6,3291,,,false,7
,G??F~{,7,2942,,,false,7
,G??F~{,8,2871,,,false,7
,G??F~{,9,2731,,,false,7
,G?B~~{,0,3292,,,false,7
,G?B~~{,1,3781,,,false,7
,G?B~~{,2,3782,,,false,7
,G?B~~{,3,3361,,,false,7
,G?B~~{,4,3431,,,false,7
,G?B~~{,5,3292,,,false,7
,G?B~~{,6,3711,,,false,7
,G?B~~{,7,3362,,,false,7
,G?B~~{,8,3361,,,false,7
,G?B~~{,9,3362,,,false,7
,G`?G?C,0,1961,,,false,1
,G`?G?C,1,1891,,,false,1
,G`?G?C,2,1471,,,false,1
,G`?G?C,3,1961,,,false,1
,G`?G?C,4,1961,,,false,1
,G`?G?C,5,2382,,,false,1
,G`?G?C,6,1401,,,false,1
,G`?G?C,7,1470,,,false,1
,G`?G?C,8,1891,,,false,1
,G`?G?C,9,1821,,,false,1
,G?O_c[,0,2871,,,false,4
,G?O_c[,1,2311,,,false,4
,G?O_c[,2,1961,,,false,4
,G?O_c[,3,1470,,,false,4
,G?O_c[,4,2451,,,false,4
,G?O_c[,5,2451,,,false,4
,G?O_c[,6,2381,,,false,4
,G?O_c[,7,1891,,,false,4
,G?O_c[,8,1471,,,false,4
,G?O_c[,9,2381,,,false,4
,G?GQSK,0,2802,,,false,4
,G?GQSK,1,2381,,,false,4
,G?GQSK,2,2451,,,false,4
,G?GQSK,3,1891,,,false,4
,G?GQSK,4,1401,,,false,4
,G?GQSK,5,2382,,,false,4
,G?GQSK,6,2381,,,false,4
,G?GQSK,7,2382,,,false,4
,G?GQSK,8,1471,,,false,4
,G?GQSK,9,1961,,,false,4
,G?zTjo,0,3432,,,false,4
,G?zTjo,1,3361,,,false,4
,G?zTjo,2,2381,,,false,4
,G?zTjo,3,2941,,,false,4
,G?zTjo,4,2801,,,false,4
,G?zTjo,5,2451,,,false,4
,G?zTjo,6,2451,,,false,4
,G?zTjo,7,2381,,,false,4
,G?zTjo,8,1891,,,false,4
,G?zTjo,9,2451,,,false,4
,Gs@ipo,0,3291,,,false,4
,Gs@ipo,1,2871,,,false,4
,Gs@ipo,2,2381,,,false,4
,Gs@ipo,3,2942,,,false,4
,Gs@ipo,4,2942,,,false,4
,Gs@ipo,5,2872,,,false,4
,Gs@ipo,6,1821,,,false,4
,Gs@ipo,7,1891,,,false,4
,Gs@ipo,8,1891,,,false,4
,Gs@ipo,9,2452,,,false,4
,G`dnfw,0,3922,,,false,5
,G`dnfw,1,2942,,,false,5
,G`dnfw,2,1961,,,false,5
,G`dnfw,3,3292,,,false,5
,G`dnfw,4,3292,,,false,5
,G`dnfw,5,3362,,,false,5
,G`dnfw,6,3291,,,false,5
,G`dnfw,7,3361,,,false,5
,G`dnfw,8,2802,,,false,5
,G`dnfw,9,3222,,,false,5
,GQo~nw,0,2801,,,false,5
,GQo~nw,1,2802,,,false,5
,GQo~nw,2,2942,,,false,5
,GQo~nw,3,2871,,,false,5
,GQo~nw,4,3362,,,false,5
,GQo~nw,5,3362,,,false,5
,GQo~nw,6,3362,,,false,5
,GQo~nw,7,3362,,,false,5
,GQo~nw,8,2942,,,false,5
,GQo~nw,9,2871,,,false,5
,G?z\z{,0,3361,,,false,6
,G?z\z{,1,3292,,,false,6
,G?z\z{,2,2872,,,false,6
,G?z\z{,3,2871,,,false,6
,G?z\z{,4,3362,,,false,6
,G?z\z{,5,2872,,,false,6
,G?z\z{,6,2801,,,false,6
,G?z\z{,7,2801,,,false,6
,G?z\z{,8,2942,,,false,6
,G?z\z{,9,2941,,,false,6
,GwCOOK,0,2452,,,false,2
,GwCOOK,1,1470,,,false,2
,GwCOOK,2,1891,,,false,2
,GwCOOK,3,1891,,,false,2
,GwCOOK,4,1891,,,false,2
,GwCOOK,5,1401,,,false,2
,GwCOOK,6,1891,,,false,2
,GwCOOK,7,2381,,,false,2
,GwCOOK,8,2451,,,false,2
,GwCOOK,9,2381,,,false,2
,GoCOZ?,0,2381,,,false,2
,GoCOZ?,1,980,,,false,2
,GoCOZ?,2,1891,,,false,2
,GoCOZ?,3,1961,,,false,2
,GoCOZ?,4,1891,,,false,2
,GoCOZ?,5,1401,,,false,2
,GoCOZ?,6,2451,,,false,2
,GoCOZ?,7,1961,,,false,2
,GoCOZ?,8,2381,,,false,2
,GoCOZ?,9,2311,,,false,2
,G?xPcK,0,2872,,,false,3
,G?xPcK,1,2381,,,false,3
,G?xPcK,2,1890,,,false,3
,G?xPcK,3,2802,,,false,3
,G?xPcK,4,2452,,,false,3
,G?xPcK,5,2382,,,false,3
,G?xPcK,6,1891,,,false,3
,G?xPcK,7,2801,,,false,3
,G?xPcK,8,2871,,,false,3
,G?xPcK,9,1891,,,false,3
,G@?G?C,0,1961,,,false,1
,G@?G?C,1,1401,,,false,1
,G@?G?C,2,1891,,,false,1
,G@?G?C,3,1961,,,false,1
,G@?G?C,4,1400,,,false,1
,G@?G?C,5,1821,,,false,1
,G@?G?C,6,1890,,,false,1
,G@?G?C,7,1891,,,false,1
,G@?G?C,8,1961,,,false,1
,G@?G?C,9,1961,,,false,1
,G@hRSk,0,2801,,,false,6
,G@hRSk,1,2801,,,false,6
,G@hRSk,2,2872,,,false,6
,G@hRSk,3,2802,,,false,6
,G@hRSk,4,2732,,,false,6
,G@hRSk,5,2871,,,false,6
,G@hRSk,6,2941,,,false,6
,G@hRSk,7,2872,,,false,6
,G@hRSk,8,2871,,,false,6
,G@hRSk,9,2872,,,false,6
,GoSv~w,0,2872,,,false,6
,GoSv~w,1,2872,,,false,6
,GoSv~w,2,2871,,,false,6
,GoSv~w,3,2871,,,false,6
,GoSv~w,4,3432,,,false,6
,GoSv~w,5,3782,,,false,6
,GoSv~w,6,3361,,,false,6
,GoSv~w,7,3291,,,false,6
,GoSv~w,8,3362,,,false,6
,GoSv~w,9,2941,,,false,6
,GIiZ~w,0,2452,,,false,5
,GIiZ~w,1,2942,,,false,5
,GIiZ~w,2,3292,,,false,5
,GIiZ~w,3,3361,,,false,5
,GIiZ~w,4,2872,,,false,5
,GIiZ~w,5,3362,,,false,5
,GIiZ~w,6,3362,,,false,5
,GIiZ~w,7,3221,,,false,5
,GIiZ~w,8,2872,,,false,5
,GIiZ~w,9,3362,,,false,5
,G@lv]{,0,3291,,,false,6
,G@lv]{,1,3292,,,false,6
,G@lv]{,2,3362,,,false,6
,G@lv]{,3,3292,,,false,6
,G@lv]{,4,2311,,,false,6
,G@lv]{,5,3292,,,false,6
,G@lv]{,6,3362,,,false,6
,G@lv]{,7,3432,,,false,6
,G@lv]{,8,2381,,,false,6
,G@lv]{,9,3292,,,false,6
,GsOax{,0,2941,,,false,5
,GsOax{,1,2871,,,false,5
,GsOax{,2,2871,,,false,5
,GsOax{,3,2802,,,false,5
,GsOax{,4,2872,,,false,5
,GsOax{,5,2871,,,false,5
,GsOax{,6,2871,,,false,5
,GsOax{,7,3361,,,false,5
,GsOax{,8,2802,,,false,5
,GsOax{,9,2872,,,false,5
,GANLfK,0,3292,,,false,5
,GANLfK,1,2872,,,false,5
,GANLfK,2,2872,,,false,5
,GANLfK,3,2871,,,false,5
,GANLfK,4,2801,,,false,5
,GANLfK,5,2872,,,false,5
,GANLfK,6,2872,,,false,5
,GANLfK,7,3362,,,false,5
,GANLfK,8,2872,,,false,5
,GANLfK,9,2802,,,false,5
,G{O_w{,0,2872,,,false,4
,G{O_w{,1,2802,,,false,4
,G{O_w{,2,2381,,,false,4
,G{O_w{,3,2872,,,false,4
,G{O_w{,4,2871,,,false,4
,G{O_w{,5,2802,,,false,4
,G{O_w{,6,2381,,,false,4
,G{O_w{,7,2381,,,false,4
,G{O_w{,8,2871,,,false,4
,G{O_w{,9,2801,,,false,4
,GANcvK,0,3362,,,false,6
,GANcvK,1,3292,,,false,6
,GANcvK,2,2801,,,false,6
,GANcvK,3,2801,,,false,6
,GANcvK,4,2942,,,false,6
,GANcvK,5,2942,,,false,6
,GANcvK,6,3292,,,false,6
,GANcvK,7,2941,,,false,6
,GANcvK,8,2871,,,false,6
,GANcvK,9,3362,,,false,6
,GCS~VK,0,3291,,,false,6
,GCS~VK,1,2872,,,false,6
,GCS~VK,2,2452,,,false,6
,GCS~VK,3,3292,,,false,6
,GCS~VK,4,3362,,,false,6
,GCS~VK,5,2872,,,false,6
,GCS~VK,6,2871,,,false,6
,GCS~VK,7,2871,,,false,6
,GCS~VK,8,2381,,,false,6
,GCS~VK,9,2802,,,false,6
,G_h\rk,0,3362,,,false,6
,G_h\rk,1,2801,,,false,6
,G_h\rk,2,2941,,,false,6
,G_h\rk,3,2941,,,false,6
,G_h\rk,4,2942,,,false,6
,G_h\rk,5,2802,,,false,6
,G_h\rk,6,3292,,,false,6
,G_h\rk,7,2381,,,false,6
,G_h\rk,8,1891,,,false,6
,G_h\rk,9,2381,,,false,6
,GoDPV{,0,2872,,,false,7
,GoDPV{,1,3362,,,false,7
,GoDPV{,2,3361,,,false,7
,GoDPV{,3,2941,,,false,7
,GoDPV{,4,3292,,,false,7
,GoDPV{,5,2872,,,false,7
,GoDPV{,6,2381,,,false,7
,GoDPV{,7,2381,,,false,7
,GoDPV{,8,2801,,,false,7
,GoDPV{,9,2872,,,false,7
,GqGTY{,0,3292,,,false,6
,GqGTY{,1,3291,,,false,6
,GqGTY{,2,2872,,,false,6
,GqGTY{,3,2942,,,false,6
,GqGTY{,4,2871,,,false,6
,GqGTY{,5,2801,,,false,6
,GqGTY{,6,2802,,,false,6
,GqGTY{,7,2872,,,false,6
,GqGTY{,8,2872,,,false,6
,GqGTY{,9,2871,,,false,6
,G`deX{,0,2942,,,false,6
,G`deX{,1,1891,,,false,6
,G`deX{,2,3292,,,false,6
,G`deX{,3,3292,,,false,6
,G`deX{,4,3362,,,false,6
,G`deX{,5,3431,,,false,6
,G`deX{,6,3292,,,false,6
,G`deX{,7,3222,,,false,6
,G`deX{,8,2801,,,false,6
,G`deX{,9,2872,,,false,6
,Gj?HWw,0,2801,,,false,3
,Gj?HWw,1,1401,,,false,3
,Gj?HWw,2,2382,,,false,3
,Gj?HWw,3,2452,,,false,3
,Gj?HWw,4,2382,,,false,3
,Gj?HWw,5,1401,,,false,3
,Gj?HWw,6,1401,,,false,3
,Gj?HWw,7,1471,,,false,3
,Gj?HWw,8,1961,,,false,3
,Gj?HWw,9,1961,,,false,3
,G?DP^{,0,2941,,,false,7
,G?DP^{,1,2872,,,false,7
,G?DP^{,2,3432,,,false,7
,G?DP^{,3,3292,,,false,7
,G?DP^{,4,2871,,,false,7
,G?DP^{,5,3432,,,false,7
,G?DP^{,6,3362,,,false,7
,G?DP^{,7,3292,,,false,7
,G?DP^{,8,3291,,,false,7
,G?DP^{,9,3361,,,false,7
,G?`@pk,0,2381,,,false,4
,G?`@pk,1,2451,,,false,4
,G?`@pk,2,1961,,,false,4
,G?`@pk,3,1401,,,false,4
,G?`@pk,4,1891,,,false,4
,G?`@pk,5,1891,,,false,4
,G?`@pk,6,1961,,,false,4
,G?`@pk,7,1470,,,false,4
,G?`@pk,8,1471,,,false,4
,G?`@pk,9,1891,,,false,4
,G?XX~{,0,3362,,,false,7
,G?XX~{,1,3362,,,false,7
,G?XX~{,2,3291,,,false,7
,G?XX~{,3,3292,,,false,7
,G?XX~{,4,3292,,,false,7
,G?XX~{,5,3362,,,false,7
,G?XX~{,6,3361,,,false,7
,G?XX~{,7,2802,,,false,7
,G?XX~{,8,2802,,,false,7
,G?XX~{,9,2872,,,false,7
,G?S~^{,0,3712,,,false,6
,G?S~^{,1,3362,,,false,6
,G?S~^{,2,3431,,,false,6
,G?S~^{,3,2941,,,false,6
,G?S~^{,4,3292,,,false,6
,G?S~^{,5,2941,,,false,6
,G?S~^{,6,3782,,,false,6
,G?S~^{,7,3432,,,false,6
,G?S~^{,8,3432,,,false,6
,G?S~^{,9,2802,,,false,6
,G?qz~{,0,2942,,,false,6
,G?qz~{,1,2872,,,false,6
,G?qz~{,2,2801,,,false,6
,G?qz~{,3,3361,,,false,6
,G?qz~{,4,3362,,,false,6
,G?qz~{,5,3362,,,false,6
,G?qz~{,6,2872,,,false,6
,G?qz~{,7,4273,,,false,6
,G?qz~{,8,3361,,,false,6
,G?qz~{,9,3362,,,false,6
,GJ?G^{,0,3922,,,false,7
,GJ?G^{,1,3781,,,false,7
,GJ?G^{,2,3292,,,false,7
,GJ?G^{,3,3292,,,false,7
,GJ?G^{,4,2871,,,false,7
,GJ?G^{,5,2871,,,false,7
,GJ?G^{,6,2941,,,false,7
,GJ?G^{,7,2872,,,false,7
,GJ?G^{,8,2802,,,false,7
,GJ?G^{,9,2801,,,false,7
,GGD_~{,0,3782,,,false,7
,GGD_~{,1,3291,,,false,7
,GGD_~{,2,3361,,,false,7
,GGD_~{,3,3362,,,false,7
,GGD_~{,4,3292,,,false,7
,GGD_~{,5,2871,,,false,7
,GGD_~{,6,2871,,,false,7
,GGD_~{,7,2872,,,false,7
,GGD_~{,8,2872,,,false,7
,GGD_~{,9,2871,,,false,7
,GGC^F{,0,2872,,,false,7
,GGC^F{,1,2801,,,false,7
,GGC^F{,2,2451,,,false,7
,GGC^F{,3,2801,,,false,7
,GGC^F{,4,3432,,,false,7
,GGC^F{,5,3362,,,false,7
,GGC^F{,6,3781,,,false,7
,GGC^F{,7,3292,,,false,7
,GGC^F{,8,3361,,,false,7
,GGC^F{,9,3432,,,false,7
,GGDc~{,0,3432,,,false,6
,GGDc~{,1,3431,,,false,6
,GGDc~{,2,3362,,,false,6
,GGDc~{,3,3292,,,false,6
,GGDc~{,4,3362,,,false,6
,GGDc~{,5,3361,,,false,6
,GGDc~{,6,2451,,,false,6
,GGDc~{,7,3361,,,false,6
,GGDc~{,8,2801,,,false,6
,GGDc~{,9,2381,,,false,6
,GGCZ^{,0,3782,,,false,7
,GGCZ^{,1,3291,,,false,7
,GGCZ^{,2,3782,,,false,7
,GGCZ^{,3,2871,,,false,7
,GGCZ^{,4,3362,,,false,7
,GGCZ^{,5,2871,,,false,7
,GGCZ^{,6,2871,,,false,7
,GGCZ^{,7,2802,,,false,7
,GGCZ^{,8,2942,,,false,7
,GGCZ^{,9,2942,,,false,7
,GGC^^{,0,3361,,,false,6
,GGC^^{,1,3432,,,false,6
,GGC^^{,2,3361,,,false,6
,GGC^^{,3,3292,,,false,6
,GGC^^{,4,2872,,,false,6
,GGC^^{,5,2871,,,false,6
,GGC^^{,6,3361,,,false,6
,GGC^^{,7,2871,,,false,6
,GGC^^{,8,2871,,,false,6
,GGC^^{,9,3362,,,false,6
,GASp^{,0,2801,,,false,7
,GASp^{,1,2871,,,false,7
,GASp^{,2,2941,,,false,7
,GASp^{,3,3432,,,false,7
,GASp^{,4,3362,,,false,7
,GASp^{,5,4202,,,false,7
,GASp^{,6,3362,,,false,7
,GASp^{,7,3361,,,false,7
,GASp^{,8,3431,,,false,7
,GASp^{,9,3362,,,false,7
,GGDXv{,0,3362,,,false,7
,GGDXv{,1,3292,,,false,7
,GGDXv{,2,2802,,,false,7
,GGDXv{,3,2802,,,false,7
,GGDXv{,4,2941,,,false,7
,GGDXv{,5,2871,,,false,7
,GGDXv{,6,2872,,,false,7
,GGDXv{,7,2802,,,false,7
,GGDXv{,8,2872,,,false,7
,GGDXv{,9,2871,,,false,7
,G@O}v{,0,3362,,,false,5
,G@O}v{,1,2871,,,false,5
,G@O}v{,2,3362,,,false,5
,G@O}v{,3,2802,,,false,5
,G@O}v{,4,2451,,,false,5
,G@O}v{,5,3292,,,false,5
,G@O}v{,6,3362,,,false,5
,G@O}v{,7,2871,,,false,5
,G@O}v{,8,3291,,,false,5
,G@O}v{,9,3291,,,false,5
,GHCZ^{,0,2872,,,false,7
,GHCZ^{,1,3291,,,false,7
,GHCZ^{,2,3361,,,false,7
,GHCZ^{,3,3362,,,false,7
,GHCZ^{,4,2871,,,false,7
,GHCZ^{,5,2871,,,false,7
,GHCZ^{,6,2801,,,false,7
,GHCZ^{,7,2872,,,false,7
,GHCZ^{,8,2872,,,false,7
,GHCZ^{,9,2872,,,false,7
,GGD\v{,0,3292,,,false,5
,GGD\v{,1,2871,,,false,5
,GGD\v{,2,2941,,,false,5
,GGD\v{,3,2942,,,false,5
,GGD\v{,4,2872,,,false,5
,GGD\v{,5,2872,,,false,5
,GGD\v{,6,2941,,,false,5
,GGD\v{,7,2801,,,false,5
,GGD\v{,8,2871,,,false,5
,GGD\v{,9,2802,,,false,5
,GAHX~{,0,3292,,,false,7
,GAHX~{,1,3292,,,false,7
,GAHX~{,2,2871,,,false,7
,GAHX~{,3,2942,,,false,7
,GAHX~{,4,2802,,,false,7
,GAHX~{,5,2802,,,false,7
,GAHX~{,6,3362,,,false,7
,GAHX~{,7,2451,,,false,7
,GAHX~{,8,3361,,,false,7
,GAHX~{,9,2311,,,false,7
,GHC^^{,0,3852,,,false,6
,GHC^^{,1,2801,,,false,6
,GHC^^{,2,3432,,,false,6
,GHC^^{,3,2872,,,false,6
,GHC^^{,4,3431,,,false,6
,GHC^^{,5,3362,,,false,6
,GHC^^{,6,3222,,,false,6
,GHC^^{,7,3291,,,false,6
,GHC^^{,8,3362,,,false,6
,GHC^^{,9,2942,,,false,6
,G@P\~{,0,3782,,,false,6
,G@P\~{,1,2942,,,false,6
,G@P\~{,2,3362,,,false,6
,G@P\~{,3,2871,,,false,6
,G@P\~{,4,3362,,,false,6
,G@P\~{,5,2872,,,false,6
,G@P\~{,6,3362,,,false,6
,G@P\~{,7,2381,,,false,6
,G@P\~{,8,2941,,,false,6
,G@P\~{,9,2801,,,false,6
,G@pHn{,0,3782,,,false,7
,G@pHn{,1,3292,,,false,7
,G@pHn{,2,3362,,,false,7
,G@pHn{,3,2941,,,false,7
,G@pHn{,4,3292,,,false,7
,G@pHn{,5,3362,,,false,7
,G@pHn{,6,3291,,,false,7
,G@pHn{,7,3362,,,false,7
,G@pHn{,8,3362,,,false,7
,G@pHn{,9,2381,,,false,7
,G`BHv{,0,3431,,,false,7
,G`BHv{,1,3362,,,false,7
,G`BHv{,2,3361,,,false,7
,G`BHv{,3,3432,,,false,7
,G`BHv{,4,2871,,,false,7
,G`BHv{,5,2871,,,false,7
,G`BHv{,6,3362,,,false,7
,G`BHv{,7,3292,,,false,7
,G`BHv{,8,3432,,,false,7
,G`BHv{,9,3432,,,false,7
,G_C~V{,0,3362,,,false,5
,G_C~V{,1,2941,,,false,5
,G_C~V{,2,2801,,,false,5
,G_C~V{,3,2802,,,false,5
,G_C~V{,4,2802,,,false,5
,G_C~V{,5,2801,,,false,5
,G_C~V{,6,2941,,,false,5
,G_C~V{,7,2941,,,false,5
,G_C~V{,8,2872,,,false,5
,G_C~V{,9,2872,,,false,5
,GKCZ^{,0,3782,,,false,7
,GKCZ^{,1,3712,,,false,7
,GKCZ^{,2,3362,,,false,7
,GKCZ^{,3,3432,,,false,7
,GKCZ^{,4,3291,,,false,7
,GKCZ^{,5,3362,,,false,7
,GKCZ^{,6,3292,,,false,7
,GKCZ^{,7,3362,,,false,7
,GKCZ^{,8,3362,,,false,7
,GKCZ^{,9,3292,,,false,7
,GGEZ^{,0,3852,,,false,7
,GGEZ^{,1,2311,,,false,7
,GGEZ^{,2,3361,,,false,7
,GGEZ^{,3,3852,,,false,7
,GGEZ^{,4,3362,,,false,7
,GGEZ^{,5,3362,,,false,7
,GGEZ^{,6,3291,,,false,7
,GGEZ^{,7,3292,,,false,7
,GGEZ^{,8,3431,,,false,7
,GGEZ^{,9,3432,,,false,7
,G`BH~{,0,3292,,,false,7
,G`BH~{,1,3852,,,false,7
,G`BH~{,2,3782,,,false,7
,G`BH~{,3,3362,,,false,7
,G`BH~{,4,3291,,,false,7
,G`BH~{,5,3362,,,false,7
,G`BH~{,6,3432,,,false,7
,G`BH~{,7,3362,,,false,7
,G`BH~{,8,3291,,,false,7
,G`BH~{,9,3852,,,false,7
,G`C^^{,0,3221,,,false,6
,G`C^^{,1,2451,,,false,6
,G`C^^{,2,3362,,,false,6
,G`C^^{,3,3362,,,false,6
,G`C^^{,4,3292,,,false,6
,G`C^^{,5,3222,,,false,6
,G`C^^{,6,3361,,,false,6
,G`C^^{,7,3432,,,false,6
,G`C^^{,8,3361,,,false,6
,G`C^^{,9,3362,,,false,6
,G@bJ~{,0,3292,,,false,6
,G@bJ~{,1,3361,,,false,6
,G@bJ~{,2,2871,,,false,6
,G@bJ~{,3,2872,,,false,6
,G@bJ~{,4,2941,,,false,6
,G@bJ~{,5,2871,,,false,6
,G@bJ~{,6,2802,,,false,6
,G@bJ~{,7,2942,,,false,6
,G@bJ~{,8,2872,,,false,6
,G@bJ~{,9,2942,,,false,6
,GAJ\v{,0,3782,,,false,5
,GAJ\v{,1,2871,,,false,5
,GAJ\v{,2,2801,,,false,5
,GAJ\v{,3,3292,,,false,5
,GAJ\v{,4,2802,,,false,5
,GAJ\v{,5,2872,,,false,5
,GAJ\v{,6,3432,,,false,5
,GAJ\v{,7,2871,,,false,5
,GAJ\v{,8,3222,,,false,5
,GAJ\v{,9,3291,,,false,5
,GGEzv{,0,36699,,,false,5
,GGEzv{,1,3362,,,false,5
,GGEzv{,2,3431,,,false,5
,GGEzv{,3,3292,,,false,5
,GGEzv{,4,2872,,,false,5
,GGEzv{,5,2801,,,false,5
,GGEzv{,6,2872,,,false,5
,GGEzv{,7,3362,,,false,5
,GGEzv{,8,2871,,,false,5
,GGEzv{,9,3292,,,false,5
,G_Ezv{,0,3361,,,false,5
,G_Ezv{,1,3362,,,false,5
,G_Ezv{,2,3362,,,false,5
,G_Ezv{,3,2871,,,false,5
,G_Ezv{,4,3362,,,false,5
,G_Ezv{,5,3292,,,false,5
,G_Ezv{,6,3291,,,false,5
,G_Ezv{,7,2941,,,false,5
,G_Ezv{,8,3432,,,false,5
,G_Ezv{,9,3292,,,false,5
,G@`~v{,0,2871,,,false,5
,G@`~v{,1,2942,,,false,5
,G@`~v{,2,2872,,,false,5
,G@`~v{,3,2801,,,false,5
,G@`~v{,4,3291,,,false,5
,G@`~v{,5,2942,,,false,5
,G@`~v{,6,2942,,,false,5
,G@`~v{,7,2872,,,false,5
,G@`~v{,8,3291,,,false,5
,G@`~v{,9,3291,,,false,5
,GAJ\~{,0,3782,,,false,6
,GAJ\~{,1,3292,,,false,6
,GAJ\~{,2,3431,,,false,6
,GAJ\~{,3,2871,,,false,6
,GAJ\~{,4,3292,,,false,6
,GAJ\~{,5,2942,,,false,6
,GAJ\~{,6,3362,,,false,6
,GAJ\~{,7,3432,,,false,6
,GAJ\~{,8,3291,,,false,6
,GAJ\~{,9,2871,,,false,6
,GGDzv{,0,3361,,,false,7
,GGDzv{,1,3782,,,false,7
,GGDzv{,2,3292,,,false,7
,GGDzv{,3,3432,,,false,7
,GGDzv{,4,3362,,,false,7
,GGDzv{,5,3852,,,false,7
,GGDzv{,6,3292,,,false,7
,GGDzv{,7,3292,,,false,7
,GGDzv{,8,3432,,,false,7
,GGDzv{,9,3432,,,false,7
,GGD~v{,0,3292,,,false,6
,GGD~v{,1,3291,,,false,6
,GGD~v{,2,3361,,,false,6
,GGD~v{,3,3292,,,false,6
,GGD~v{,4,3292,,,false,6
,GGD~v{,5,3292,,,false,6
,GGD~v{,6,3362,,,false,6
,GGD~v{,7,3362,,,false,6
,GGD~v{,8,3362,,,false,6
,GGD~v{,9,3362,,,false,6
,GGF~v{,0,3782,,,false,6
,GGF~v{,1,3292,,,false,6
,GGF~v{,2,3362,,,false,6
,GGF~v{,3,3852,,,false,6
,GGF~v{,4,3431,,,false,6
,GGF~v{,5,3292,,,false,6
,GGF~v{,6,3362,,,false,6
,GGF~v{,7,3362,,,false,6
,GGF~v{,8,3362,,,false,6
,GGF~v{,9,3432,,,false,6
,GGSs~{,0,3431,,,false,7
,GGSs~{,1,3362,,,false,7
,GGSs~{,2,3712,,,false,7
,GGSs~{,3,3361,,,false,7
,GGSs~{,4,3852,,,false,7
,GGSs~{,5,3432,,,false,7
,GGSs~{,6,3362,,,false,7
,GGSs~{,7,3782,,,false,7
,GGSs~{,8,2871,,,false,7
,GGSs~{,9,3432,,,false,7
,GIGX~{,0,3361,,,false,7
,GIGX~{,1,3292,,,false,7
,GIGX~{,2,3432,,,false,7
,GIGX~{,3,3782,,,false,7
,GIGX~{,4,3221,,,false,7
,GIGX~{,5,3292,,,false,7
,GIGX~{,6,3292,,,false,7
,GIGX~{,7,3432,,,false,7
,GIGX~{,8,2941,,,false,7
,GIGX~{,9,3361,,,false,7
,GIG\~{,0,3292,,,false,6
,GIG\~{,1,3361,,,false,6
,GIG\~{,2,3361,,,false,6
,GIG\~{,3,3361,,,false,6
,GIG\~{,4,3362,,,false,6
,GIG\~{,5,3292,,,false,6
,GIG\~{,6,3362,,,false,6
,GIG\~{,7,2802,,,false,6
,GIG\~{,8,2871,,,false,6
,GIG\~{,9,2941,,,false,6
,GPLQ^{,0,3362,,,false,7
,GPLQ^{,1,3432,,,false,7
,GPLQ^{,2,3291,,,false,7
,GPLQ^{,3,3221,,,false,7
,GPLQ^{,4,3362,,,false,7
,GPLQ^{,5,3362,,,false,7
,GPLQ^{,6,3431,,,false,7
,GPLQ^{,7,3362,,,false,7
,GPLQ^{,8,2802,,,false,7
,GPLQ^{,9,3361,,,false,7
,GJOg~{,0,3291,,,false,7
,GJOg~{,1,3362,,,false,7
,GJOg~{,2,3362,,,false,7
,GJOg~{,3,3362,,,false,7
,GJOg~{,4,3781,,,false,7
,GJOg~{,5,3292,,,false,7
,GJOg~{,6,3782,,,false,7
,GJOg~{,7,10085,,,false,7
,GJOg~{,8,2871,,,false,7
,GJOg~{,9,3362,,,false,7
,GIHX~{,0,3362,,,false,7
,GIHX~{,1,3361,,,false,7
,GIHX~{,2,3782,,,false,7
,GIHX~{,3,3362,,,false,7
,GIHX~{,4,3432,,,false,7
,GIHX~{,5,3292,,,false,7
,GIHX~{,6,3361,,,false,7
,GIHX~{,7,3362,,,false,7
,GIHX~{,8,2942,,,false,7
,GIHX~{,9,3432,,,false,7
,GGS~f{,0,3361,,,false,5
,GGS~f{,1,3362,,,false,5
,GGS~f{,2,3292,,,false,5
,GGS~f{,3,2872,,,false,5
,GGS~f{,4,2872,,,false,5
,GGS~f{,5,3362,,,false,5
,GGS~f{,6,2871,,,false,5
,GGS~f{,7,3362,,,false,5
,GGS~f{,8,2801,,,false,5
,GGS~f{,9,1961,,,false,5
,G@XX~{,0,3782,,,false,7
,G@XX~{,1,3362,,,false,7
,G@XX~{,2,3362,,,false,7
,G@XX~{,3,3431,,,false,7
,G@XX~{,4,3291,,,false,7
,G@XX~{,5,3291,,,false,7
,G@XX~{,6,3292,,,false,7
,G@XX~{,7,3362,,,false,7
,G@XX~{,8,3432,,,false,7
,G@XX~{,9,2941,,,false,7
,GAXt~{,0,3361,,,false,6
,GAXt~{,1,2802,,,false,6
,GAXt~{,2,2872,,,false,6
,GAXt~{,3,3291,,,false,6
,GAXt~{,4,2941,,,false,6
,GAXt~{,5,2942,,,false,6
,GAXt~{,6,2872,,,false,6
,GAXt~{,7,2871,,,false,6
,GAXt~{,8,3362,,,false,6
,GAXt~{,9,3362,,,false,6
,G@X\~{,0,3361,,,false,6
,G@X\~{,1,3432,,,false,6
,G@X\~{,2,2872,,,false,6
,G@X\~{,3,2871,,,false,6
,G@X\~{,4,2872,,,false,6
,G@X\~{,5,3362,,,false,6
,G@X\~{,6,2871,,,false,6
,G@X\~{,7,2872,,,false,6
,G@X\~{,8,3362,,,false,6
,G@X\~{,9,3361,,,false,6
,G@fbv{,0,3362,,,false,7
,G@fbv{,1,2871,,,false,7
,G@fbv{,2,3361,,,false,7
,G@fbv{,3,2942,,,false,7
,G@fbv{,4,3362,,,false,7
,G@fbv{,5,3361,,,false,7
,G@fbv{,6,3362,,,false,7
,G@fbv{,7,3292,,,false,7
,G@fbv{,8,2941,,,false,7
,G@fbv{,9,3292,,,false,7
,GiGX~{,0,3362,,,false,7
,GiGX~{,1,2871,,,false,7
,GiGX~{,2,3432,,,false,7
,GiGX~{,3,2802,,,false,7
,GiGX~{,4,2871,,,false,7
,GiGX~{,5,2871,,,false,7
,GiGX~{,6,2872,,,false,7
,GiGX~{,7,3291,,,false,7
,GiGX~{,8,3292,,,false,7
,GiGX~{,9,3362,,,false,7
,GIIX~{,0,3782,,,false,7
,GIIX~{,1,2942,,,false,7
,GIIX~{,2,2801,,,false,7
,GIIX~{,3,2801,,,false,7
,GIIX~{,4,2872,,,false,7
,GIIX~{,5,2872,,,false,7
,GIIX~{,6,2942,,,false,7
,GIIX~{,7,2871,,,false,7
,GIIX~{,8,3292,,,false,7
,GIIX~{,9,3362,,,false,7
,GII[~{,0,3292,,,false,7
,GII[~{,1,3361,,,false,7
,GII[~{,2,3361,,,false,7
,GII[~{,3,3362,,,false,7
,GII[~{,4,3292,,,false,7
,GII[~{,5,3712,,,false,7
,GII[~{,6,3291,,,false,7
,GII[~{,7,2801,,,false,7
,GII[~{,8,3362,,,false,7
,GII[~{,9,3291,,,false,7
,GiG\~{,0,3362,,,false,6
,GiG\~{,1,3292,,,false,6
,GiG\~{,2,3291,,,false,6
,GiG\~{,3,3292,,,false,6
,GiG\~{,4,2941,,,false,6
,GiG\~{,5,2941,,,false,6
,GiG\~{,6,3362,,,false,6
,GiG\~{,7,3291,,,false,6
,GiG\~{,8,3362,,,false,6
,GiG\~{,9,3362,,,false,6
,GD`j~{,0,3852,,,false,6
,GD`j~{,1,3362,,,false,6
,GD`j~{,2,2872,,,false,6
,GD`j~{,3,2801,,,false,6
,GD`j~{,4,2871,,,false,6
,GD`j~{,5,3292,,,false,6
,GD`j~{,6,2942,,,false,6
,GD`j~{,7,3362,,,false,6
,GD`j~{,8,3291,,,false,6
,GD`j~{,9,2871,,,false,6
,G@jR~{,0,2801,,,false,6
,G@jR~{,1,3291,,,false,6
,G@jR~{,2,2942,,,false,6
,G@jR~{,3,11135,,,false,6
,G@jR~{,4,3712,,,false,6
,G@jR~{,5,2802,,,false,6
,G@jR~{,6,2871,,,false,6
,G@jR~{,7,3361,,,false,6
,G@jR~{,8,3291,,,false,6
,G@jR~{,9,3291,,,false,6
,GXCY^{,0,3361,,,false,7
,GXCY^{,1,2872,,,false,7
,GXCY^{,2,3292,,,false,7
,GXCY^{,3,3291,,,false,7
,GXCY^{,4,2942,,,false,7
,GXCY^{,5,2872,,,false,7
,GXCY^{,6,2871,,,false,7
,GXCY^{,7,3291,,,false,7
,GXCY^{,8,3362,,,false,7
,GXCY^{,9,3432,,,false,7
,GHFH~{,0,2872,,,false,5
,GHFH~{,1,2871,,,false,5
,GHFH~{,2,3362,,,false,5
,GHFH~{,3,3292,,,false,5
,GHFH~{,4,2941,,,false,5
,GHFH~{,5,2871,,,false,5
,GHFH~{,6,2942,,,false,5
,GHFH~{,7,2942,,,false,5
,GHFH~{,8,3221,,,false,5
,GHFH~{,9,2871,,,false,5
,G@S~^{,0,3292,,,false,6
,G@S~^{,1,2942,,,false,6
,G@S~^{,2,2871,,,false,6
,G@S~^{,3,3432,,,false,6
,G@S~^{,4,2872,,,false,6
,G@S~^{,5,3221,,,false,6
,G@S~^{,6,2871,,,false,6
,G@S~^{,7,2872,,,false,6
,G@S~^{,8,2942,,,false,6
,G@S~^{,9,2871,,,false,6
,GCS~F{,0,3432,,,false,7
,GCS~F{,1,3362,,,false,7
,GCS~F{,2,3852,,,false,7
,GCS~F{,3,3292,,,false,7
,GCS~F{,4,3362,,,false,7
,GCS~F{,5,3362,,,false,7
,GCS~F{,6,3782,,,false,7
,GCS~F{,7,3362,,,false,7
,GCS~F{,8,3362,,,false,7
,GCS~F{,9,3361,,,false,7
,GANc~{,0,3782,,,false,5
,GANc~{,1,3362,,,false,5
,GANc~{,2,2942,,,false,5
,GANc~{,3,3291,,,false,5
,GANc~{,4,2871,,,false,5
,GANc~{,5,2801,,,false,5
,GANc~{,6,3362,,,false,5
,GANc~{,7,2942,,,false,5
,GANc~{,8,2802,,,false,5
,GANc~{,9,2801,,,false,5
,GCS~^{,0,3292,,,false,6
,GCS~^{,1,3292,,,false,6
,GCS~^{,2,3362,,,false,6
,GCS~^{,3,3362,,,false,6
,GCS~^{,4,3432,,,false,6
,GCS~^{,5,3292,,,false,6
,GCS~^{,6,3291,,,false,6
,GCS~^{,7,3362,,,false,6
,GCS~^{,8,3362,,,false,6
,GCS~^{,9,2871,,,false,6
,G@U~V{,0,3292,,,false,5
,G@U~V{,1,3361,,,false,5
,G@U~V{,2,3782,,,false,5
,G@U~V{,3,3292,,,false,5
,G@U~V{,4,3292,,,false,5
,G@U~V{,5,3361,,,false,5
,G@U~V{,6,3362,,,false,5
,G@U~V{,7,3292,,,false,5
,G@U~V{,8,3432,,,false,5
,G@U~V{,9,2871,,,false,5
,GAwzn{,0,3291,,,false,5
,GAwzn{,1,3362,,,false,5
,GAwzn{,2,2942,,,false,5
,GAwzn{,3,3292,,,false,5
,GAwzn{,4,3291,,,false,5
,GAwzn{,5,3291,,,false,5
,GAwzn{,6,3362,,,false,5
,GAwzn{,7,2942,,,false,5
,GAwzn{,8,3292,,,false,5
,GAwzn{,9,3362,,,false,5
,GCL~V{,0,3291,,,false,5
,GCL~V{,1,3361,,,false,5
,GCL~V{,2,3362,,,false,5
,GCL~V{,3,3432,,,false,5
,GCL~V{,4,3292,,,false,5
,GCL~V{,5,3291,,,false,5
,GCL~V{,6,3361,,,false,5
,GCL~V{,7,2872,,,false,5
,GCL~V{,8,2871,,,false,5
,GCL~V{,9,2871,,,false,5
,GIJ\v{,0,3362,,,false,5
,GIJ\v{,1,3291,,,false,5
,GIJ\v{,2,3712,,,false,5
,GIJ\v{,3,3292,,,false,5
,GIJ\v{,4,2942,,,false,5
,GIJ\v{,5,2871,,,false,5
,GIJ\v{,6,2871,,,false,5
,GIJ\v{,7,3362,,,false,5
,GIJ\v{,8,3362,,,false,5
,GIJ\v{,9,3362,,,false,5
,GAlnn{,0,3292,,,false,5
,GAlnn{,1,3922,,,false,5
,GAlnn{,2,3431,,,false,5
,GAlnn{,3,3782,,,false,5
,GAlnn{,4,3362,,,false,5
,GAlnn{,5,3362,,,false,5
,GAlnn{,6,3361,,,false,5
,GAlnn{,7,3362,,,false,5
,GAlnn{,8,2802,,,false,5
,GAlnn{,9,2871,,,false,5
,GIJ\~{,0,3782,,,false,6
,GIJ\~{,1,3361,,,false,6
,GIJ\~{,2,3432,,,false,6
,GIJ\~{,3,3292,,,false,6
,GIJ\~{,4,3292,,,false,6
,GIJ\~{,5,3922,,,false,6
,GIJ\~{,6,2871,,,false,6
,GIJ\~{,7,3362,,,false,6
,GIJ\~{,8,3291,,,false,6
,GIJ\~{,9,2802,,,false,6
,GDSz^{,0,4202,,,false,7
,GDSz^{,1,2871,,,false,7
,GDSz^{,2,2872,,,false,7
,GDSz^{,3,3362,,,false,7
,GDSz^{,4,3432,,,false,7
,GDSz^{,5,3432,,,false,7
,GDSz^{,6,3782,,,false,7
,GDSz^{,7,3362,,,false,7
,GDSz^{,8,3432,,,false,7
,GDSz^{,9,3292,,,false,7
,GCUzv{,0,3362,,,false,7
,GCUzv{,1,3292,,,false,7
,GCUzv{,2,3362,,,false,7
,GCUzv{,3,3291,,,false,7
,GCUzv{,4,3362,,,false,7
,GCUzv{,5,3432,,,false,7
,GCUzv{,6,3781,,,false,7
,GCUzv{,7,3292,,,false,7
,GCUzv{,8,3292,,,false,7
,GCUzv{,9,3362,,,false,7
,G@]^n{,0,3362,,,false,6
,G@]^n{,1,3922,,,false,6
,G@]^n{,2,3361,,,false,6
,G@]^n{,3,3781,,,false,6
,G@]^n{,4,2872,,,false,6
,G@]^n{,5,2871,,,false,6
,G@]^n{,6,3362,,,false,6
,G@]^n{,7,3362,,,false,6
,G@]^n{,8,3712,,,false,6
,G@]^n{,9,3362,,,false,6
,G@Z\~{,0,3292,,,false,6
,G@Z\~{,1,3222,,,false,6
,G@Z\~{,2,3291,,,false,6
,G@Z\~{,3,2871,,,false,6
,G@Z\~{,4,3362,,,false,6
,G@Z\~{,5,2802,,,false,6
,G@Z\~{,6,3782,,,false,6
,G@Z\~{,7,3292,,,false,6
,G@Z\~{,8,3362,,,false,6
,G@Z\~{,9,3362,,,false,6
,GALzv{,0,2942,,,false,7
,GALzv{,1,2941,,,false,7
,GALzv{,2,2871,,,false,7
,GALzv{,3,2942,,,false,7
,GALzv{,4,2802,,,false,7
,GALzv{,5,2871,,,false,7
,GALzv{,6,3432,,,false,7
,GALzv{,7,3782,,,false,7
,GALzv{,8,2871,,,false,7
,GALzv{,9,2871,,,false,7
,GAL~v{,0,2872,,,false,6
,GAL~v{,1,2871,,,false,6
,GAL~v{,2,3361,,,false,6
,GAL~v{,3,2942,,,false,6
,GAL~v{,4,3292,,,false,6
,GAL~v{,5,3291,,,false,6
,GAL~v{,6,3431,,,false,6
,GAL~v{,7,3362,,,false,6
,GAL~v{,8,3362,,,false,6
,GAL~v{,9,3781,,,false,6
,GAN~v{,0,3781,,,false,6
,GAN~v{,1,3292,,,false,6
,GAN~v{,2,2872,,,false,6
,GAN~v{,3,2801,,,false,6
,GAN~v{,4,2941,,,false,6
,GAN~v{,5,3292,,,false,6
,GAN~v{,6,3291,,,false,6
,GAN~v{,7,3292,,,false,6
,GAN~v{,8,3292,,,false,6
,GAN~v{,9,2942,,,false,6
,GDYR^{,0,3362,,,false,7
,GDYR^{,1,3852,,,false,7
,GDYR^{,2,2871,,,false,7
,GDYR^{,3,2382,,,false,7
,GDYR^{,4,3222,,,false,7
,GDYR^{,5,3362,,,false,7
,GDYR^{,6,2942,,,false,7
,GDYR^{,7,3222,,,false,7
,GDYR^{,8,2871,,,false,7
,GDYR^{,9,2801,,,false,7
,GhCZ^{,0,2802,,,false,7
,GhCZ^{,1,2801,,,false,7
,GhCZ^{,2,3361,,,false,7
,GhCZ^{,3,2872,,,false,7
,GhCZ^{,4,3782,,,false,7
,GhCZ^{,5,3291,,,false,7
,GhCZ^{,6,3362,,,false,7
,GhCZ^{,7,3362,,,false,7
,GhCZ^{,8,3432,,,false,7
,GhCZ^{,9,3361,,,false,7
,G@^Dn{,0,2942,,,false,7
,G@^Dn{,1,3291,,,false,7
,G@^Dn{,2,3222,,,false,7
,G@^Dn{,3,2802,,,false,7
,G@^Dn{,4,3292,,,false,7
,G@^Dn{,5,3432,,,false,7
,G@^Dn{,6,3362,,,false,7
,G@^Dn{,7,3222,,,false,7
,G@^Dn{,8,2871,,,false,7
,G@^Dn{,9,2871,,,false,7
,GhC^^{,0,2872,,,false,6
,GhC^^{,1,2871,,,false,6
,GhC^^{,2,2871,,,false,6
,GhC^^{,3,2872,,,false,6
,GhC^^{,4,3362,,,false,6
,GhC^^{,5,3291,,,false,6
,GhC^^{,6,3361,,,false,6
,GhC^^{,7,3362,,,false,6
,GhC^^{,8,2802,,,false,6
,GhC^^{,9,2312,,,false,6
,GBaj~{,0,3292,,,false,6
,GBaj~{,1,2942,,,false,6
,GBaj~{,2,3361,,,false,6
,GBaj~{,3,2941,,,false,6
,GBaj~{,4,2872,,,false,6
,GBaj~{,5,2801,,,false,6
,GBaj~{,6,3361,,,false,6
,GBaj~{,7,3291,,,false,6
,GBaj~{,8,2942,,,false,6
,GBaj~{,9,3362,,,false,6
,GCUrV{,0,3432,,,false,7
,GCUrV{,1,3291,,,false,7
,GCUrV{,2,3292,,,false,7
,GCUrV{,3,2872,,,false,7
,GCUrV{,4,3362,,,false,7
,GCUrV{,5,3362,,,false,7
,GCUrV{,6,3292,,,false,7
,GCUrV{,7,3221,,,false,7
,GCUrV{,8,3782,,,false,7
,GCUrV{,9,3292,,,false,7
,G@UvV{,0,3782,,,false,5
,G@UvV{,1,2871,,,false,5
,G@UvV{,2,2451,,,false,5
,G@UvV{,3,3292,,,false,5
,G@UvV{,4,2942,,,false,5
,G@UvV{,5,3222,,,false,5
,G@UvV{,6,2872,,,false,5
,G@UvV{,7,2872,,,false,5
,G@UvV{,8,2801,,,false,5
,G@UvV{,9,2872,,,false,5
,GAMjn{,0,2801,,,false,7
,GAMjn{,1,2871,,,false,7
,GAMjn{,2,2942,,,false,7
,GAMjn{,3,2871,,,false,7
,GAMjn{,4,3922,,,false,7
,GAMjn{,5,3292,,,false,7
,GAMjn{,6,3292,,,false,7
,GAMjn{,7,2941,,,false,7
,GAMjn{,8,3362,,,false,7
,GAMjn{,9,2942,,,false,7
,GANT^{,0,3361,,,false,7
,GANT^{,1,2941,,,false,7
,GANT^{,2,3362,,,false,7
,GANT^{,3,3291,,,false,7
,GANT^{,4,3782,,,false,7
,GANT^{,5,3362,,,false,7
,GANT^{,6,3431,,,false,7
,GANT^{,7,3361,,,false,7
,GANT^{,8,2802,,,false,7
,GANT^{,9,2801,,,false,7
,GHFK~{,0,2942,,,false,7
,GHFK~{,1,3292,,,false,7
,GHFK~{,2,2871,,,false,7
,GHFK~{,3,2942,,,false,7
,GHFK~{,4,3362,,,false,7
,GHFK~{,5,3361,,,false,7
,GHFK~{,6,3782,,,false,7
,GHFK~{,7,3362,,,false,7
,GHFK~{,8,3362,,,false,7
,GHFK~{,9,2871,,,false,7
,GPOy~{,0,2942,,,false,7
,GPOy~{,1,2801,,,false,7
,GPOy~{,2,2871,,,false,7
,GPOy~{,3,3292,,,false,7
,GPOy~{,4,3782,,,false,7
,GPOy~{,5,3432,,,false,7
,GPOy~{,6,3782,,,false,7
,GPOy~{,7,3292,,,false,7
,GPOy~{,8,2941,,,false,7
,GPOy~{,9,2872,,,false,7
,GDPk~{,0,2872,,,false,7
,GDPk~{,1,2941,,,false,7
,GDPk~{,2,2801,,,false,7
,GDPk~{,3,3292,,,false,7
,GDPk~{,4,3361,,,false,7
,GDPk~{,5,3431,,,false,7
,GDPk~{,6,3432,,,false,7
,GDPk~{,7,2872,,,false,7
,GDPk~{,8,2871,,,false,7
,GDPk~{,9,2871,,,false,7
,GCSz^{,0,3782,,,false,7
,GCSz^{,1,3782,,,false,7
,GCSz^{,2,3291,,,false,7
,GCSz^{,3,3432,,,false,7
,GCSz^{,4,3432,,,false,7
,GCSz^{,5,3361,,,false,7
,GCSz^{,6,2802,,,false,7
,GCSz^{,7,2871,,,false,7
,GCSz^{,8,2871,,,false,7
,GCSz^{,9,3292,,,false,7
,G@oy~{,0,2872,,,false,7
,G@oy~{,1,3362,,,false,7
,G@oy~{,2,3781,,,false,7
,G@oy~{,3,3362,,,false,7
,G@oy~{,4,3362,,,false,7
,G@oy~{,5,2941,,,false,7
,G@oy~{,6,2872,,,false,7
,G@oy~{,7,2381,,,false,7
,G@oy~{,8,2871,,,false,7
,G@oy~{,9,3852,,,false,7
,G@hu~{,0,2941,,,false,6
,G@hu~{,1,3362,,,false,6
,G@hu~{,2,3432,,,false,6
,G@hu~{,3,3292,,,false,6
,G@hu~{,4,3291,,,false,6
,G@hu~{,5,3362,,,false,6
,G@hu~{,6,2941,,,false,6
,G@hu~{,7,2941,,,false,6
,G@hu~{,8,2872,,,false,6
,G@hu~{,9,3222,,,false,6
,GB_~^{,0,3362,,,false,6
,GB_~^{,1,3712,,,false,6
,GB_~^{,2,3782,,,false,6
,GB_~^{,3,2872,,,false,6
,GB_~^{,4,3361,,,false,6
,GB_~^{,5,3292,,,false,6
,GB_~^{,6,9945,,,false,6
,GB_~^{,7,3361,,,false,6
,GB_~^{,8,3431,,,false,6
,GB_~^{,9,3362,,,false,6
,GCLm~{,0,2941,,,false,6
,GCLm~{,1,3292,,,false,6
,GCLm~{,2,3362,,,false,6
,GCLm~{,3,2871,,,false,6
,GCLm~{,4,2871,,,false,6
,GCLm~{,5,3362,,,false,6
,GCLm~{,6,3292,,,false,6
,GCLm~{,7,2871,,,false,6
,GCLm~{,8,2801,,,false,6
,GCLm~{,9,2942,,,false,6
,GGeZf{,0,2871,,,false,7
,GGeZf{,1,3852,,,false,7
,GGeZf{,2,3432,,,false,7
,GGeZf{,3,3362,,,false,7
,GGeZf{,4,3361,,,false,7
,GGeZf{,5,2942,,,false,7
,GGeZf{,6,2872,,,false,7
,GGeZf{,7,2871,,,false,7
,GGeZf{,8,2801,,,false,7
,GGeZf{,9,2802,,,false,7
,G_K~f{,0,2381,,,false,5
,G_K~f{,1,3221,,,false,5
,G_K~f{,2,2801,,,false,5
,G_K~f{,3,3292,,,false,5
,G_K~f{,4,3362,,,false,5
,G_K~f{,5,3432,,,false,5
,G_K~f{,6,3432,,,false,5
,G_K~f{,7,2871,,,false,5
,G_K~f{,8,2872,,,false,5
,G_K~f{,9,2942,,,false,5
,G`FH~{,0,3362,,,false,7
,G`FH~{,1,2872,,,false,7
,G`FH~{,2,3291,,,false,7
,G`FH~{,3,3362,,,false,7
,G`FH~{,4,2872,,,false,7
,G`FH~{,5,3431,,,false,7
,G`FH~{,6,3432,,,false,7
,G`FH~{,7,3292,,,false,7
,G`FH~{,8,3292,,,false,7
,G`FH~{,9,3292,,,false,7
,G_ox~{,0,3292,,,false,7
,G_ox~{,1,3292,,,false,7
,G_ox~{,2,3431,,,false,7
,G_ox~{,3,3362,,,false,7
,G_ox~{,4,3782,,,false,7
,G_ox~{,5,3361,,,false,7
,G_ox~{,6,2871,,,false,7
,G_ox~{,7,2942,,,false,7
,G_ox~{,8,2871,,,false,7
,G_ox~{,9,2801,,,false,7
,G_K~n{,0,3361,,,false,6
,G_K~n{,1,3292,,,false,6
,G_K~n{,2,3782,,,false,6
,G_K~n{,3,2871,,,false,6
,G_K~n{,4,2942,,,false,6
,G_K~n{,5,3432,,,false,6
,G_K~n{,6,2802,,,false,6
,G_K~n{,7,2871,,,false,6
,G_K~n{,8,2941,,,false,6
,G_K~n{,9,2942,,,false,6
,G@Nev{,0,3852,,,false,5
,G@Nev{,1,3362,,,false,5
,G@Nev{,2,3361,,,false,5
,G@Nev{,3,2801,,,false,5
,G@Nev{,4,2872,,,false,5
,G@Nev{,5,2942,,,false,5
,G@Nev{,6,3292,,,false,5
,G@Nev{,7,2801,,,false,5
,G@Nev{,8,3292,,,false,5
,G@Nev{,9,2871,,,false,5
,G@NU^{,0,3362,,,false,7
,G@NU^{,1,3851,,,false,7
,G@NU^{,2,2871,,,false,7
,G@NU^{,3,2802,,,false,7
,G@NU^{,4,2801,,,false,7
,G@NU^{,5,2871,,,false,7
,G@NU^{,6,2942,,,false,7
,G@NU^{,7,2872,,,false,7
,G@NU^{,8,2382,,,false,7
,G@NU^{,9,2802,,,false,7
,G@NJn{,0,3782,,,false,5
,G@NJn{,1,3291,,,false,5
,G@NJn{,2,3362,,,false,5
,G@NJn{,3,3432,,,false,5
,G@NJn{,4,2871,,,false,5
,G@NJn{,5,3292,,,false,5
,G@NJn{,6,2802,,,false,5
,G@NJn{,7,2872,,,false,5
,G@NJn{,8,2871,,,false,5
,G@NJn{,9,2941,,,false,5
,G@Ne~{,0,3431,,,false,6
,G@Ne~{,1,3362,,,false,6
,G@Ne~{,2,2801,,,false,6
,G@Ne~{,3,2871,,,false,6
,G@Ne~{,4,2452,,,false,6
,G@Ne~{,5,3362,,,false,6
,G@Ne~{,6,2871,,,false,6
,G@Ne~{,7,2872,,,false,6
,G@Ne~{,8,2872,,,false,6
,G@Ne~{,9,3362,,,false,6
,GCdj~{,0,3852,,,false,6
,GCdj~{,1,3362,,,false,6
,GCdj~{,2,3432,,,false,6
,GCdj~{,3,2871,,,false,6
,GCdj~{,4,2802,,,false,6
,GCdj~{,5,2872,,,false,6
,GCdj~{,6,2871,,,false,6
,GCdj~{,7,3432,,,false,6
,GCdj~{,8,2872,,,false,6
,GCdj~{,9,2801,,,false,6
,G@rvv{,0,3291,,,false,5
,G@rvv{,1,3222,,,false,5
,G@rvv{,2,9945,,,false,5
,G@rvv{,3,3362,,,false,5
,G@rvv{,4,3292,,,false,5
,G@rvv{,5,3221,,,false,5
,G@rvv{,6,3361,,,false,5
,G@rvv{,7,3362,,,false,5
,G@rvv{,8,3362,,,false,5
,G@rvv{,9,3361,,,false,5
,G_Nrv{,0,2872,,,false,5
,G_Nrv{,1,2872,,,false,5
,G_Nrv{,2,3782,,,false,5
,G_Nrv{,3,3361,,,false,5
,G_Nrv{,4,3362,,,false,5
,G_Nrv{,5,3432,,,false,5
,G_Nrv{,6,3291,,,false,5
,G_Nrv{,7,3361,,,false,5
,G_Nrv{,8,3782,,,false,5
,G_Nrv{,9,3362,,,false,5
,GC]r^{,0,2872,,,false,7
,GC]r^{,1,3361,,,false,7
,GC]r^{,2,3852,,,false,7
,GC]r^{,3,3292,,,false,7
,GC]r^{,4,3291,,,false,7
,GC]r^{,5,3291,,,false,7
,GC]r^{,6,3852,,,false,7
,GC]r^{,7,3432,,,false,7
,GC]r^{,8,3362,,,false,7
,GC]r^{,9,3291,,,false,7
,G_Mzv{,0,3292,,,false,7
,G_Mzv{,1,3782,,,false,7
,G_Mzv{,2,3291,,,false,7
,G_Mzv{,3,3362,,,false,7
,G_Mzv{,4,3782,,,false,7
,G_Mzv{,5,3291,,,false,7
,G_Mzv{,6,3292,,,false,7
,G_Mzv{,7,3292,,,false,7
,G_Mzv{,8,3362,,,false,7
,G_Mzv{,9,3431,,,false,7
,G_[~n{,0,2942,,,false,6
,G_[~n{,1,2802,,,false,6
,G_[~n{,2,3852,,,false,6
,G_[~n{,3,3292,,,false,6
,G_[~n{,4,3362,,,false,6
,G_[~n{,5,3361,,,false,6
,G_[~n{,6,3292,,,false,6
,G_[~n{,7,3362,,,false,6
,G_[~n{,8,3782,,,false,6
,G_[~n{,9,3362,,,false,6
,G_Nr~{,0,2801,,,false,6
,G_Nr~{,1,3362,,,false,6
,G_Nr~{,2,3431,,,false,6
,G_Nr~{,3,3362,,,false,6
,G_Nr~{,4,3292,,,false,6
,G_Nr~{,5,3361,,,false,6
,G_Nr~{,6,2871,,,false,6
,G_Nr~{,7,2872,,,false,6
,G_Nr~{,8,2802,,,false,6
,G_Nr~{,9,2802,,,false,6
,GgEzv{,0,3292,,,false,5
,GgEzv{,1,3292,,,false,5
,GgEzv{,2,2871,,,false,5
,GgEzv{,3,2871,,,false,5
,GgEzv{,4,2942,,,false,5
,GgEzv{,5,2802,,,false,5
,GgEzv{,6,2802,,,false,5
,GgEzv{,7,2801,,,false,5
,GgEzv{,8,2871,,,false,5
,GgEzv{,9,2942,,,false,5
,G@pzv{,0,3362,,,false,7
,G@pzv{,1,2942,,,false,7
,G@pzv{,2,2871,,,false,7
,G@pzv{,3,2871,,,false,7
,G@pzv{,4,2801,,,false,7
,G@pzv{,5,2872,,,false,7
,G@pzv{,6,2872,,,false,7
,G@pzv{,7,2871,,,false,7
,G@pzv{,8,2871,,,false,7
,G@pzv{,9,2801,,,false,7
,G@lu^{,0,2872,,,false,7
,G@lu^{,1,2801,,,false,7
,G@lu^{,2,2941,,,false,7
,G@lu^{,3,2872,,,false,7
,G@lu^{,4,2802,,,false,7
,G@lu^{,5,2941,,,false,7
,G@lu^{,6,2871,,,false,7
,G@lu^{,7,2452,,,false,7
,G@lu^{,8,2801,,,false,7
,G@lu^{,9,3221,,,false,7
,G@p~v{,0,3291,,,false,6
,G@p~v{,1,3292,,,false,6
,G@p~v{,2,2941,,,false,6
,G@p~v{,3,2942,,,false,6
,G@p~v{,4,3362,,,false,6
,G@p~v{,5,3291,,,false,6
,G@p~v{,6,3292,,,false,6
,G@p~v{,7,3362,,,false,6
,G@p~v{,8,3361,,,false,6
,G@p~v{,9,3292,,,false,6
,G@r~v{,0,3922,,,false,6
,G@r~v{,1,3852,,,false,6
,G@r~v{,2,3362,,,false,6
,G@r~v{,3,3291,,,false,6
,G@r~v{,4,3852,,,false,6
,G@r~v{,5,3362,,,false,6
,G@r~v{,6,3361,,,false,6
,G@r~v{,7,3291,,,false,6
,G@r~v{,8,3782,,,false,6
,G@r~v{,9,3362,,,false,6
,Gw?W~{,0,3362,,,false,7
,Gw?W~{,1,3361,,,false,7
,Gw?W~{,2,3432,,,false,7
,Gw?W~{,3,3291,,,false,7
,Gw?W~{,4,3291,,,false,7
,Gw?W~{,5,3782,,,false,7
,Gw?W~{,6,3362,,,false,7
,Gw?W~{,7,3362,,,false,7
,Gw?W~{,8,3291,,,false,7
,Gw?W~{,9,3292,,,false,7
,G@ou^{,0,3362,,,false,7
,G@ou^{,1,3362,,,false,7
,G@ou^{,2,3291,,,false,7
,G@ou^{,3,2872,,,false,7
,G@ou^{,4,2871,,,false,7
,G@ou^{,5,3362,,,false,7
,G@ou^{,6,3292,,,false,7
,G@ou^{,7,3222,,,false,7
,G@ou^{,8,3291,,,false,7
,G@ou^{,9,3432,,,false,7
,GEGi~{,0,3362,,,false,7
,GEGi~{,1,3361,,,false,7
,GEGi~{,2,3292,,,false,7
,GEGi~{,3,3291,,,false,7
,GEGi~{,4,3222,,,false,7
,GEGi~{,5,3852,,,false,7
,GEGi~{,6,3431,,,false,7
,GEGi~{,7,3852,,,false,7
,GEGi~{,8,3292,,,false,7
,GEGi~{,9,3291,,,false,7
,GEGm~{,0,3291,,,false,6
,GEGm~{,1,3362,,,false,6
,GEGm~{,2,3361,,,false,6
,GEGm~{,3,3432,,,false,6
,GEGm~{,4,3292,,,false,6
,GEGm~{,5,3291,,,false,6
,GEGm~{,6,2941,,,false,6
,GEGm~{,7,3361,,,false,6
,GEGm~{,8,2941,,,false,6
,GEGm~{,9,3292,,,false,6
,G@Nmv{,0,3432,,,false,5
,G@Nmv{,1,3361,,,false,5
,G@Nmv{,2,3292,,,false,5
,G@Nmv{,3,3362,,,false,5
,G@Nmv{,4,2871,,,false,5
,G@Nmv{,5,2872,,,false,5
,G@Nmv{,6,3291,,,false,5
,G@Nmv{,7,3292,,,false,5
,G@Nmv{,8,3362,,,false,5
,G@Nmv{,9,3362,,,false,5
,G@Nm~{,0,3362,,,false,6
,G@Nm~{,1,3361,,,false,6
,G@Nm~{,2,2942,,,false,6
,G@Nm~{,3,3362,,,false,6
,G@Nm~{,4,3431,,,false,6
,G@Nm~{,5,3362,,,false,6
,G@Nm~{,6,3361,,,false,6
,G@Nm~{,7,3362,,,false,6
,G@Nm~{,8,3362,,,false,6
,G@Nm~{,9,2872,,,false,6
,GpHY~{,0,3291,,,false,7
,GpHY~{,1,3362,,,false,7
,GpHY~{,2,3362,,,false,7
,GpHY~{,3,3431,,,false,7
,GpHY~{,4,2872,,,false,7
,GpHY~{,5,3291,,,false,7
,GpHY~{,6,3431,,,false,7
,GpHY~{,7,3362,,,false,7
,GpHY~{,8,3432,,,false,7
,GpHY~{,9,3852,,,false,7
,G@vfn{,0,3361,,,false,6
,G@vfn{,1,2802,,,false,6
,G@vfn{,2,3292,,,false,6
,G@vfn{,3,2871,,,false,6
,G@vfn{,4,3432,,,false,6
,G@vfn{,5,3432,,,false,6
,G@vfn{,6,2871,,,false,6
,G@vfn{,7,3292,,,false,6
,G@vfn{,8,3782,,,false,6
,G@vfn{,9,3362,,,false,6
,G_lr~{,0,3362,,,false,7
,G_lr~{,1,3432,,,false,7
,G_lr~{,2,3291,,,false,7
,G_lr~{,3,2942,,,false,7
,G_lr~{,4,3291,,,false,7
,G_lr~{,5,3852,,,false,7
,G_lr~{,6,3361,,,false,7
,G_lr~{,7,3291,,,false,7
,G_lr~{,8,3362,,,false,7
,G_lr~{,9,3291,,,false,7
,GFY^^{,0,3361,,,false,5
,GFY^^{,1,3362,,,false,5
,GFY^^{,2,3362,,,false,5
,GFY^^{,3,3362,,,false,5
,GFY^^{,4,3292,,,false,5
,GFY^^{,5,3291,,,false,5
,GFY^^{,6,3362,,,false,5
,GFY^^{,7,3432,,,false,5
,GFY^^{,8,3362,,,false,5
,GFY^^{,9,3292,,,false,5
,GCx~n{,0,4203,,,false,6
,GCx~n{,1,3712,,,false,6
,GCx~n{,2,3291,,,false,6
,GCx~n{,3,3292,,,false,6
,GCx~n{,4,3852,,,false,6
,GCx~n{,5,3782,,,false,6
,GCx~n{,6,2801,,,false,6
,GCx~n{,7,2872,,,false,6
,GCx~n{,8,2872,,,false,6
,GCx~n{,9,3361,,,false,6
,GC|rn{,0,3922,,,false,5
,GC|rn{,1,3362,,,false,5
,GC|rn{,2,3362,,,false,5
,GC|rn{,3,3362,,,false,5
,GC|rn{,4,3361,,,false,5
,GC|rn{,5,3362,,,false,5
,GC|rn{,6,2872,,,false,5
,GC|rn{,7,2871,,,false,5
,GC|rn{,8,2941,,,false,5
,GC|rn{,9,2871,,,false,5
,GC^r~{,0,3782,,,false,6
,GC^r~{,1,3432,,,false,6
,GC^r~{,2,2802,,,false,6
,GC^r~{,3,2801,,,false,6
,GC^r~{,4,2871,,,false,6
,GC^r~{,5,3362,,,false,6
,GC^r~{,6,3432,,,false,6
,GC^r~{,7,3782,,,false,6
,GC^r~{,8,3292,,,false,6
,GC^r~{,9,3852,,,false,6
,GDxZn{,0,3222,,,false,5
,GDxZn{,1,2871,,,false,5
,GDxZn{,2,2872,,,false,5
,GDxZn{,3,3362,,,false,5
,GDxZn{,4,2801,,,false,5
,GDxZn{,5,3222,,,false,5
,GDxZn{,6,3782,,,false,5
,GDxZn{,7,3361,,,false,5
,GDxZn{,8,3361,,,false,5
,GDxZn{,9,3292,,,false,5
,G@^u~{,0,2872,,,false,6
,G@^u~{,1,2871,,,false,6
,G@^u~{,2,3291,,,false,6
,G@^u~{,3,2872,,,false,6
,G@^u~{,4,3362,,,false,6
,G@^u~{,5,2942,,,false,6
,G@^u~{,6,3291,,,false,6
,G@^u~{,7,3432,,,false,6
,G@^u~{,8,3292,,,false,6
,G@^u~{,9,3852,,,false,6
,G_}rn{,0,3292,,,false,5
,G_}rn{,1,3432,,,false,5
,G_}rn{,2,3361,,,false,5
,G_}rn{,3,3292,,,false,5
,G_}rn{,4,3362,,,false,5
,G_}rn{,5,3362,,,false,5
,G_}rn{,6,2871,,,false,5
,G_}rn{,7,3362,,,false,5
,G_}rn{,8,3292,,,false,5
,G_}rn{,9,3361,,,false,5
,GC~r~{,0,3291,,,false,6
,GC~r~{,1,3292,,,false,6
,GC~r~{,2,3362,,,false,6
,GC~r~{,3,3361,,,false,6
,GC~r~{,4,2802,,,false,6
,GC~r~{,5,3781,,,false,6
,GC~r~{,6,3782,,,false,6
,GC~r~{,7,3362,,,false,6
,GC~r~{,8,3362,,,false,6
,GC~r~{,9,2871,,,false,6
,GiIX~{,0,3362,,,false,7
,GiIX~{,1,3291,,,false,7
,GiIX~{,2,3782,,,false,7
,GiIX~{,3,3432,,,false,7
,GiIX~{,4,2942,,,false,7
,GiIX~{,5,3291,,,false,7
,GiIX~{,6,3432,,,false,7
,GiIX~{,7,2872,,,false,7
,GiIX~{,8,3852,,,false,7
,GiIX~{,9,3852,,,false,7
,GDdj^{,0,3922,,,false,7
,GDdj^{,1,3291,,,false,7
,GDdj^{,2,3712,,,false,7
,GDdj^{,3,3432,,,false,7
,GDdj^{,4,3362,,,false,7
,GDdj^{,5,2941,,,false,7
,GDdj^{,6,2801,,,false,7
,GDdj^{,7,3222,,,false,7
,GDdj^{,8,3362,,,false,7
,GDdj^{,9,3361,,,false,7
,GHpX~{,0,3362,,,false,7
,GHpX~{,1,3432,,,false,7
,GHpX~{,2,3291,,,false,7
,GHpX~{,3,2801,,,false,7
,GHpX~{,4,3292,,,false,7
,GHpX~{,5,3361,,,false,7
,GHpX~{,6,3362,,,false,7
,GHpX~{,7,3362,,,false,7
,GHpX~{,8,3782,,,false,7
,GHpX~{,9,3362,,,false,7
,GDLm^{,0,3222,,,false,7
,GDLm^{,1,3292,,,false,7
,GDLm^{,2,2871,,,false,7
,GDLm^{,3,3362,,,false,7
,GDLm^{,4,3361,,,false,7
,GDLm^{,5,3782,,,false,7
,GDLm^{,6,3362,,,false,7
,GDLm^{,7,3431,,,false,7
,GDLm^{,8,3362,,,false,7
,GDLm^{,9,2871,,,false,7
,GJQk~{,0,3362,,,false,7
,GJQk~{,1,3292,,,false,7
,GJQk~{,2,2871,,,false,7
,GJQk~{,3,3852,,,false,7
,GJQk~{,4,3432,,,false,7
,GJQk~{,5,3291,,,false,7
,GJQk~{,6,3292,,,false,7
,GJQk~{,7,3431,,,false,7
,GJQk~{,8,3362,,,false,7
,GJQk~{,9,3362,,,false,7
,GIdl~{,0,3922,,,false,6
,GIdl~{,1,3852,,,false,6
,GIdl~{,2,3222,,,false,6
,GIdl~{,3,2872,,,false,6
,GIdl~{,4,2871,,,false,6
,GIdl~{,5,2941,,,false,6
,GIdl~{,6,3362,,,false,6
,GIdl~{,7,3292,,,false,6
,GIdl~{,8,3291,,,false,6
,GIdl~{,9,3292,,,false,6
,GBiZ~{,0,4272,,,false,7
,GBiZ~{,1,3362,,,false,7
,GBiZ~{,2,9595,,,false,7
,GBiZ~{,3,5743,,,false,7
,GBiZ~{,4,3361,,,false,7
,GBiZ~{,5,3362,,,false,7
,GBiZ~{,6,3361,,,false,7
,GBiZ~{,7,3292,,,false,7
,GBiZ~{,8,3362,,,false,7
,GBiZ~{,9,3361,,,false,7
,GAlv^{,0,2871,,,false,6
,GAlv^{,1,2942,,,false,6
,GAlv^{,2,3432,,,false,6
,GAlv^{,3,3361,,,false,6
,GAlv^{,4,3222,,,false,6
,GAlv^{,5,3432,,,false,6
,GAlv^{,6,3361,,,false,6
,GAlv^{,7,3432,,,false,6
,GAlv^{,8,3362,,,false,6
,GAlv^{,9,2801,,,false,6
,GA\t~{,0,3292,,,false,6
,GA\t~{,1,3222,,,false,6
,GA\t~{,2,3291,,,false,6
,GA\t~{,3,3362,,,false,6
,GA\t~{,4,3432,,,false,6
,GA\t~{,5,3291,,,false,6
,GA\t~{,6,3642,,,false,6
,GA\t~{,7,3291,,,false,6
,GA\t~{,8,2872,,,false,6
,GA\t~{,9,3361,,,false,6
,G@lu~{,0,3361,,,false,6
,G@lu~{,1,3432,,,false,6
,G@lu~{,2,3362,,,false,6
,G@lu~{,3,3221,,,false,6
,G@lu~{,4,3291,,,false,6
,G@lu~{,5,2941,,,false,6
,G@lu~{,6,3432,,,false,6
,G@lu~{,7,3292,,,false,6
,G@lu~{,8,3362,,,false,6
,G@lu~{,9,3292,,,false,6
,GMhX~{,0,3431,,,false,7
,GMhX~{,1,3362,,,false,7
,GMhX~{,2,3432,,,false,7
,GMhX~{,3,3362,,,false,7
,GMhX~{,4,3222,,,false,7
,GMhX~{,5,3431,,,false,7
,GMhX~{,6,3362,,,false,7
,GMhX~{,7,3432,,,false,7
,GMhX~{,8,2871,,,false,7
,GMhX~{,9,2802,,,false,7
,GRW}~{,0,2801,,,false,6
,GRW}~{,1,2802,,,false,6
,GRW}~{,2,2871,,,false,6
,GRW}~{,3,3852,,,false,6
,GRW}~{,4,3362,,,false,6
,GRW}~{,5,3292,,,false,6
,GRW}~{,6,3781,,,false,6
,GRW}~{,7,3292,,,false,6
,GRW}~{,8,3292,,,false,6
,GRW}~{,9,3362,,,false,6
,GBZ\~{,0,3361,,,false,7
,GBZ\~{,1,2942,,,false,7
,GBZ\~{,2,2801,,,false,7
,GBZ\~{,3,3361,,,false,7
,GBZ\~{,4,3292,,,false,7
,GBZ\~{,5,3362,,,false,7
,GBZ\~{,6,3361,,,false,7
,GBZ\~{,7,3292,,,false,7
,GBZ\~{,8,3431,,,false,7
,GBZ\~{,9,3292,,,false,7
,GRWy~{,0,2801,,,false,7
,GRWy~{,1,2871,,,false,7
,GRWy~{,2,3852,,,false,7
,GRWy~{,3,3781,,,false,7
,GRWy~{,4,3782,,,false,7
,GRWy~{,5,3362,,,false,7
,GRWy~{,6,2941,,,false,7
,GRWy~{,7,2872,,,false,7
,GRWy~{,8,2871,,,false,7
,GRWy~{,9,2871,,,false,7
,GJXX~{,0,3291,,,false,7
,GJXX~{,1,3292,,,false,7
,GJXX~{,2,3432,,,false,7
,GJXX~{,3,3432,,,false,7
,GJXX~{,4,3782,,,false,7
,GJXX~{,5,3292,,,false,7
,GJXX~{,6,3292,,,false,7
,GJXX~{,7,2802,,,false,7
,GJXX~{,8,2871,,,false,7
,GJXX~{,9,2941,,,false,7
,GIL~v{,0,3431,,,false,6
,GIL~v{,1,2942,,,false,6
,GIL~v{,2,3362,,,false,6
,GIL~v{,3,3221,,,false,6
,GIL~v{,4,3782,,,false,6
,GIL~v{,5,3362,,,false,6
,GIL~v{,6,2801,,,false,6
,GIL~v{,7,3292,,,false,6
,GIL~v{,8,2801,,,false,6
,GIL~v{,9,3362,,,false,6
,GIN~v{,0,3291,,,false,6
,GIN~v{,1,3362,,,false,6
,GIN~v{,2,3922,,,false,6
,GIN~v{,3,3852,,,false,6
,GIN~v{,4,3782,,,false,6
,GIN~v{,5,3782,,,false,6
,GIN~v{,6,3362,,,false,6
,GIN~v{,7,3432,,,false,6
,GIN~v{,8,3292,,,false,6
,GIN~v{,9,3781,,,false,6
,GINT^{,0,2802,,,false,7
,GINT^{,1,3781,,,false,7
,GINT^{,2,3852,,,false,7
,GINT^{,3,3922,,,false,7
,GINT^{,4,3362,,,false,7
,GINT^{,5,3362,,,false,7
,GINT^{,6,3361,,,false,7
,GINT^{,7,3292,,,false,7
,GINT^{,8,2942,,,false,7
,GINT^{,9,10785,,,false,7
,G`XX~{,0,2871,,,false,7
,G`XX~{,1,3432,,,false,7
,G`XX~{,2,3362,,,false,7
,G`XX~{,3,3361,,,false,7
,G`XX~{,4,3362,,,false,7
,G`XX~{,5,3781,,,false,7
,G`XX~{,6,3362,,,false,7
,G`XX~{,7,3292,,,false,7
,G`XX~{,8,3362,,,false,7
,G`XX~{,9,3431,,,false,7
,GBpl~{,0,3432,,,false,6
,GBpl~{,1,3292,,,false,6
,GBpl~{,2,3292,,,false,6
,GBpl~{,3,3361,,,false,6
,GBpl~{,4,3362,,,false,6
,GBpl~{,5,2941,,,false,6
,GBpl~{,6,3362,,,false,6
,GBpl~{,7,3292,,,false,6
,GBpl~{,8,2871,,,false,6
,GBpl~{,9,2871,,,false,6
,G`X\~{,0,3361,,,false,6
,G`X\~{,1,3362,,,false,6
,G`X\~{,2,3361,,,false,6
,G`X\~{,3,3292,,,false,6
,G`X\~{,4,3292,,,false,6
,G`X\~{,5,3291,,,false,6
,G`X\~{,6,3292,,,false,6
,G`X\~{,7,3362,,,false,6
,G`X\~{,8,3361,,,false,6
,G`X\~{,9,3712,,,false,6
,GqSp^{,0,3782,,,false,7
,GqSp^{,1,3292,,,false,7
,GqSp^{,2,3292,,,false,7
,GqSp^{,3,3432,,,false,7
,GqSp^{,4,2872,,,false,7
,GqSp^{,5,2871,,,false,7
,GqSp^{,6,2801,,,false,7
,GqSp^{,7,3362,,,false,7
,GqSp^{,8,2871,,,false,7
,GqSp^{,9,3292,,,false,7
,GoS~f{,0,3432,,,false,7
,GoS~f{,1,3291,,,false,7
,GoS~f{,2,3292,,,false,7
,GoS~f{,3,3782,,,false,7
,GoS~f{,4,2871,,,false,7
,GoS~f{,5,2872,,,false,7
,GoS~f{,6,3291,,,false,7
,GoS~f{,7,2801,,,false,7
,GoS~f{,8,2802,,,false,7
,GoS~f{,9,2872,,,false,7
,GqHX~{,0,3362,,,false,7
,GqHX~{,1,3432,,,false,7
,GqHX~{,2,3362,,,false,7
,GqHX~{,3,3712,,,false,7
,GqHX~{,4,3292,,,false,7
,GqHX~{,5,3292,,,false,7
,GqHX~{,6,3362,,,false,7
,GqHX~{,7,3781,,,false,7
,GqHX~{,8,3782,,,false,7
,GqHX~{,9,3292,,,false,7
,GhFH~{,0,3852,,,false,7
,GhFH~{,1,3362,,,false,7
,GhFH~{,2,3852,,,false,7
,GhFH~{,3,3431,,,false,7
,GhFH~{,4,3362,,,false,7
,GhFH~{,5,3291,,,false,7
,GhFH~{,6,3292,,,false,7
,GhFH~{,7,3432,,,false,7
,GhFH~{,8,3432,,,false,7
,GhFH~{,9,3292,,,false,7
,GaMjn{,0,2871,,,false,7
,GaMjn{,1,3291,,,false,7
,GaMjn{,2,3782,,,false,7
,GaMjn{,3,3361,,,false,7
,GaMjn{,4,3362,,,false,7
,GaMjn{,5,3291,,,false,7
,GaMjn{,6,3362,,,false,7
,GaMjn{,7,3362,,,false,7
,GaMjn{,8,3431,,,false,7
,GaMjn{,9,3362,,,false,7
,GIMk~{,0,2941,,,false,7
,GIMk~{,1,2872,,,false,7
,GIMk~{,2,2801,,,false,7
,GIMk~{,3,3362,,,false,7
,GIMk~{,4,3432,,,false,7
,GIMk~{,5,3432,,,false,7
,GIMk~{,6,3362,,,false,7
,GIMk~{,7,3712,,,false,7
,GIMk~{,8,3782,,,false,7
,GIMk~{,9,3361,,,false,7
,G`Vd~{,0,3782,,,false,6
,G`Vd~{,1,3362,,,false,6
,G`Vd~{,2,3852,,,false,6
,G`Vd~{,3,3292,,,false,6
,G`Vd~{,4,3291,,,false,6
,G`Vd~{,5,3292,,,false,6
,G`Vd~{,6,2941,,,false,6
,G`Vd~{,7,3362,,,false,6
,G`Vd~{,8,2801,,,false,6
,G`Vd~{,9,2871,,,false,6
,GQlu^{,0,3782,,,false,7
,GQlu^{,1,3782,,,false,7
,GQlu^{,2,3362,,,false,7
,GQlu^{,3,2941,,,false,7
,GQlu^{,4,2872,,,false,7
,GQlu^{,5,2801,,,false,7
,GQlu^{,6,3362,,,false,7
,GQlu^{,7,2872,,,false,7
,GQlu^{,8,3432,,,false,7
,GQlu^{,9,2801,,,false,7
,GdSz^{,0,3362,,,false,7
,GdSz^{,1,3291,,,false,7
,GdSz^{,2,2942,,,false,7
,GdSz^{,3,3432,,,false,7
,GdSz^{,4,3852,,,false,7
,GdSz^{,5,3291,,,false,7
,GdSz^{,6,3292,,,false,7
,GdSz^{,7,3292,,,false,7
,GdSz^{,8,3362,,,false,7
,GdSz^{,9,3361,,,false,7
,GKszn{,0,2942,,,false,7
,GKszn{,1,2942,,,false,7
,GKszn{,2,3361,,,false,7
,GKszn{,3,3782,,,false,7
,GKszn{,4,3781,,,false,7
,GKszn{,5,3362,,,false,7
,GKszn{,6,3292,,,false,7
,GKszn{,7,3291,,,false,7
,GKszn{,8,3362,,,false,7
,GKszn{,9,2872,,,false,7
,GbM^^{,0,2871,,,false,6
,GbM^^{,1,3361,,,false,6
,GbM^^{,2,3432,,,false,6
,GbM^^{,3,3782,,,false,6
,GbM^^{,4,3292,,,false,6
,GbM^^{,5,3362,,,false,6
,GbM^^{,6,3361,,,false,6
,GbM^^{,7,3362,,,false,6
,GbM^^{,8,3292,,,false,6
,GbM^^{,9,2871,,,false,6
,GQqz~{,0,2802,,,false,7
,GQqz~{,1,3852,,,false,7
,GQqz~{,2,3852,,,false,7
,GQqz~{,3,3362,,,false,7
,GQqz~{,4,3222,,,false,7
,GQqz~{,5,3291,,,false,7
,GQqz~{,6,3292,,,false,7
,GQqz~{,7,3362,,,false,7
,GQqz~{,8,3782,,,false,7
,GQqz~{,9,3292,,,false,7
,GDlr^{,0,2941,,,false,7
,GDlr^{,1,3292,,,false,7
,GDlr^{,2,3292,,,false,7
,GDlr^{,3,3362,,,false,7
,GDlr^{,4,3852,,,false,7
,GDlr^{,5,3852,,,false,7
,GDlr^{,6,3432,,,false,7
,GDlr^{,7,3292,,,false,7
,GDlr^{,8,3362,,,false,7
,GDlr^{,9,3361,,,false,7
,GP\^n{,0,2942,,,false,6
,GP\^n{,1,3432,,,false,6
,GP\^n{,2,3292,,,false,6
,GP\^n{,3,3291,,,false,6
,GP\^n{,4,3362,,,false,6
,GP\^n{,5,3852,,,false,6
,GP\^n{,6,3362,,,false,6
,GP\^n{,7,3292,,,false,6
,GP\^n{,8,3362,,,false,6
,GP\^n{,9,3292,,,false,6
,Golq~{,0,2872,,,false,7
,Golq~{,1,3362,,,false,7
,Golq~{,2,3432,,,false,7
,Golq~{,3,3292,,,false,7
,Golq~{,4,3291,,,false,7
,Golq~{,5,3782,,,false,7
,Golq~{,6,3361,,,false,7
,Golq~{,7,3362,,,false,7
,Golq~{,8,3291,,,false,7
,Golq~{,9,3222,,,false,7
,GElr^{,0,3362,,,false,7
,GElr^{,1,3782,,,false,7
,GElr^{,2,3362,,,false,7
,GElr^{,3,3432,,,false,7
,GElr^{,4,3362,,,false,7
,GElr^{,5,3292,,,false,7
,GElr^{,6,3362,,,false,7
,GElr^{,7,3432,,,false,7
,GElr^{,8,3362,,,false,7
,GElr^{,9,3362,,,false,7
,GEhzv{,0,3362,,,false,7
,GEhzv{,1,3782,,,false,7
,GEhzv{,2,3782,,,false,7
,GEhzv{,3,3362,,,false,7
,GEhzv{,4,3852,,,false,7
,GEhzv{,5,3292,,,false,7
,GEhzv{,6,3361,,,false,7
,GEhzv{,7,3362,,,false,7
,GEhzv{,8,3431,,,false,7
,GEhzv{,9,3362,,,false,7
,GDZ^v{,0,3432,,,false,6
,GDZ^v{,1,3362,,,false,6
,GDZ^v{,2,3292,,,false,6
,GDZ^v{,3,3852,,,false,6
,GDZ^v{,4,3362,,,false,6
,GDZ^v{,5,3362,,,false,6
,GDZ^v{,6,3712,,,false,6
,GDZ^v{,7,3292,,,false,6
,GDZ^v{,8,3361,,,false,6
,GDZ^v{,9,3362,,,false,6
,GDZ~v{,0,3292,,,false,6
,GDZ~v{,1,3922,,,false,6
,GDZ~v{,2,3362,,,false,6
,GDZ~v{,3,2941,,,false,6
,GDZ~v{,4,3362,,,false,6
,GDZ~v{,5,3362,,,false,6
,GDZ~v{,6,2941,,,false,6
,GDZ~v{,7,3292,,,false,6
,GDZ~v{,8,2941,,,false,6
,GDZ~v{,9,3292,,,false,6
,GRX\~{,0,3431,,,false,7
,GRX\~{,1,3852,,,false,7
,GRX\~{,2,3431,,,false,7
,GRX\~{,3,3362,,,false,7
,GRX\~{,4,3291,,,false,7
,GRX\~{,5,10085,,,false,7
,GRX\~{,6,4903,,,false,7
,GRX\~{,7,3291,,,false,7
,GRX\~{,8,3292,,,false,7
,GRX\~{,9,2942,,,false,7
,Gq\t~{,0,3291,,,false,7
,Gq\t~{,1,3852,,,false,7
,Gq\t~{,2,3431,,,false,7
,Gq\t~{,3,3362,,,false,7
,Gq\t~{,4,3291,,,false,7
,Gq\t~{,5,3292,,,false,7
,Gq\t~{,6,3361,,,false,7
,Gq\t~{,7,3432,,,false,7
,Gq\t~{,8,3782,,,false,7
,Gq\t~{,9,3222,,,false,7
,GS\~f{,0,3361,,,false,7
,GS\~f{,1,3852,,,false,7
,GS\~f{,2,3782,,,false,7
,GS\~f{,3,3922,,,false,7
,GS\~f{,4,3852,,,false,7
,GS\~f{,5,3361,,,false,7
,GS\~f{,6,3852,,,false,7
,GS\~f{,7,3361,,,false,7
,GS\~f{,8,3432,,,false,7
,GS\~f{,9,3291,,,false,7
,GIm~n{,0,3922,,,false,7
,GIm~n{,1,3782,,,false,7
,GIm~n{,2,3782,,,false,7
,GIm~n{,3,3292,,,false,7
,GIm~n{,4,3431,,,false,7
,GIm~n{,5,3362,,,false,7
,GIm~n{,6,3291,,,false,7
,GIm~n{,7,3432,,,false,7
,GIm~n{,8,3362,,,false,7
,GIm~n{,9,3432,,,false,7
,GI~t~{,0,2871,,,false,5
,GI~t~{,1,2941,,,false,5
,GI~t~{,2,3292,,,false,5
,GI~t~{,3,3291,,,false,5
,GI~t~{,4,3362,,,false,5
,GI~t~{,5,3291,,,false,5
,GI~t~{,6,3362,,,false,5
,GI~t~{,7,3291,,,false,5
,GI~t~{,8,3292,,,false,5
,GI~t~{,9,3782,,,false,5
,GJZ\~{,0,2802,,,false,7
,GJZ\~{,1,3292,,,false,7
,GJZ\~{,2,3432,,,false,7
,GJZ\~{,3,3362,,,false,7
,GJZ\~{,4,3362,,,false,7
,GJZ\~{,5,3292,,,false,7
,GJZ\~{,6,3852,,,false,7
,GJZ\~{,7,3361,,,false,7
,GJZ\~{,8,3362,,,false,7
,GJZ\~{,9,3292,,,false,7
,GdX\~{,0,2872,,,false,7
,GdX\~{,1,3222,,,false,7
,GdX\~{,2,3852,,,false,7
,GdX\~{,3,3362,,,false,7
,GdX\~{,4,3432,,,false,7
,GdX\~{,5,3361,,,false,7
,GdX\~{,6,3222,,,false,7
,GdX\~{,7,3362,,,false,7
,GdX\~{,8,3292,,,false,7
,GdX\~{,9,3361,,,false,7
,GD^vV{,0,2872,,,false,7
,GD^vV{,1,2942,,,false,7
,GD^vV{,2,3362,,,false,7
,GD^vV{,3,3292,,,false,7
,GD^vV{,4,3292,,,false,7
,GD^vV{,5,3361,,,false,7
,GD^vV{,6,3361,,,false,7
,GD^vV{,7,3362,,,false,7
,GD^vV{,8,3782,,,false,7
,GD^vV{,9,3292,,,false,7
,GD^v^{,0,3292,,,false,7
,GD^v^{,1,3362,,,false,7
,GD^v^{,2,2941,,,false,7
,GD^v^{,3,2872,,,false,7
,GD^v^{,4,2871,,,false,7
,GD^v^{,5,3292,,,false,7
,GD^v^{,6,2872,,,false,7
,GD^v^{,7,2871,,,false,7
,GD^v^{,8,3362,,,false,7
,GD^v^{,9,3292,,,false,7
,G}ox~{,0,3291,,,false,7
,G}ox~{,1,3292,,,false,7
,G}ox~{,2,3291,,,false,7
,G}ox~{,3,2872,,,false,7
,G}ox~{,4,3362,,,false,7
,G}ox~{,5,2871,,,false,7
,G}ox~{,6,2872,,,false,7
,G}ox~{,7,3362,,,false,7
,G}ox~{,8,2941,,,false,7
,G}ox~{,9,3362,,,false,7
,G]qz~{,0,3362,,,false,5
,G]qz~{,1,3362,,,false,5
,G]qz~{,2,3291,,,false,5
,G]qz~{,3,3362,,,false,5
,G]qz~{,4,3432,,,false,5
,G]qz~{,5,2941,,,false,5
,G]qz~{,6,2872,,,false,5
,G]qz~{,7,3222,,,false,5
,G]qz~{,8,3291,,,false,5
,G]qz~{,9,3362,,,false,5
,GF~v^{,0,3291,,,false,5
,GF~v^{,1,3362,,,false,5
,GF~v^{,2,3362,,,false,5
,GF~v^{,3,3292,,,false,5
,GF~v^{,4,3291,,,false,5
,GF~v^{,5,3292,,,false,5
,GF~v^{,6,2941,,,false,5
,GF~v^{,7,3362,,,false,5
,GF~v^{,8,3292,,,false,5
,GF~v^{,9,3362,,,false,5
,GTPH~{,0,3292,,,false,7
,GTPH~{,1,3432,,,false,7
,GTPH~{,2,3291,,,false,7
,GTPH~{,3,3712,,,false,7
,GTPH~{,4,3361,,,false,7
,GTPH~{,5,3292,,,false,7
,GTPH~{,6,3431,,,false,7
,GTPH~{,7,3362,,,false,7
,GTPH~{,8,3291,,,false,7
,GTPH~{,9,3852,,,false,7
,G`S~^{,0,3292,,,false,6
,G`S~^{,1,3852,,,false,6
,G`S~^{,2,3362,,,false,6
,G`S~^{,3,3361,,,false,6
,G`S~^{,4,3222,,,false,6
,G`S~^{,5,3222,,,false,6
,G`S~^{,6,3362,,,false,6
,G`S~^{,7,3362,,,false,6
,G`S~^{,8,3291,,,false,6
,G`S~^{,9,3712,,,false,6
,GwDXv{,0,3432,,,false,7
,GwDXv{,1,3361,,,false,7
,GwDXv{,2,3782,,,false,7
,GwDXv{,3,2871,,,false,7
,GwDXv{,4,2941,,,false,7
,GwDXv{,5,2381,,,false,7
,GwDXv{,6,2871,,,false,7
,GwDXv{,7,3361,,,false,7
,GwDXv{,8,3362,,,false,7
,GwDXv{,9,3362,,,false,7
,G`NJn{,0,3292,,,false,7
,G`NJn{,1,3432,,,false,7
,G`NJn{,2,2871,,,false,7
,G`NJn{,3,2381,,,false,7
,G`NJn{,4,2451,,,false,7
,G`NJn{,5,2381,,,false,7
,G`NJn{,6,2451,,,false,7
,G`NJn{,7,3852,,,false,7
,G`NJn{,8,3292,,,false,7
,G`NJn{,9,3362,,,false,7
,GQMi~{,0,2801,,,false,7
,GQMi~{,1,2801,,,false,7
,GQMi~{,2,2942,,,false,7
,GQMi~{,3,3431,,,false,7
,GQMi~{,4,3362,,,false,7
,GQMi~{,5,3292,,,false,7
,GQMi~{,6,3291,,,false,7
,GQMi~{,7,3292,,,false,7
,GQMi~{,8,3431,,,false,7
,GQMi~{,9,3292,,,false,7
,GKdzv{,0,3431,,,false,7
,GKdzv{,1,3362,,,false,7
,GKdzv{,2,3852,,,false,7
,GKdzv{,3,3292,,,false,7
,GKdzv{,4,3361,,,false,7
,GKdzv{,5,3362,,,false,7
,GKdzv{,6,3782,,,false,7
,GKdzv{,7,2871,,,false,7
,GKdzv{,8,2802,,,false,7
,GKdzv{,9,2382,,,false,7
,Gqox~{,0,3782,,,false,7
,Gqox~{,1,3362,,,false,7
,Gqox~{,2,3362,,,false,7
,Gqox~{,3,2801,,,false,7
,Gqox~{,4,2801,,,false,7
,Gqox~{,5,2872,,,false,7
,Gqox~{,6,3852,,,false,7
,Gqox~{,7,3852,,,false,7
,Gqox~{,8,3782,,,false,7
,Gqox~{,9,2871,,,false,7
,GqLzv{,0,3292,,,false,7
,GqLzv{,1,3361,,,false,7
,GqLzv{,2,3852,,,false,7
,GqLzv{,3,2941,,,false,7
,GqLzv{,4,3362,,,false,7
,GqLzv{,5,3292,,,false,7
,GqLzv{,6,2871,,,false,7
,GqLzv{,7,3362,,,false,7
,GqLzv{,8,3852,,,false,7
,GqLzv{,9,2311,,,false,7
,G??ZCS,0,2871,,,false,4
,G??ZCS,1,1961,,,false,4
,G??ZCS,2,1470,,,false,4
,G??ZCS,3,1891,,,false,4
,G??ZCS,4,2382,,,false,4
,G??ZCS,5,2381,,,false,4
,G??ZCS,6,1471,,,false,4
,G??ZCS,7,1891,,,false,4
,G??ZCS,8,1470,,,false,4
,G??ZCS,9,1891,,,false,4
,G?hTrk,0,3782,,,false,6
,G?hTrk,1,3362,,,false,6
,G?hTrk,2,3361,,,false,6
,G?hTrk,3,3361,,,false,6
,G?hTrk,4,3431,,,false,6
,G?hTrk,5,2871,,,false,6
,G?hTrk,6,2801,,,false,6
,G?hTrk,7,2311,,,false,6
,G?hTrk,8,1961,,,false,6
,G?hTrk,9,2451,,,false,6
,G`?KzW,0,3362,,,false,4
,G`?KzW,1,2942,,,false,4
,G`?KzW,2,3362,,,false,4
,G`?KzW,3,2801,,,false,4
,G`?KzW,4,2941,,,false,4
,G`?KzW,5,1961,,,false,4
,G`?KzW,6,2871,,,false,4
,G`?KzW,7,1891,,,false,4
,G`?KzW,8,1891,,,false,4
,G`?KzW,9,2382,,,false,4
,GKS~\{,0,3782,,,false,6
,GKS~\{,1,3291,,,false,6
,GKS~\{,2,3362,,,false,6
,GKS~\{,3,2381,,,false,6
,GKS~\{,4,1961,,,false,6
,GKS~\{,5,3291,,,false,6
,GKS~\{,6,3362,,,false,6
,GKS~\{,7,3291,,,false,6
,GKS~\{,8,3292,,,false,6
,GKS~\{,9,2381,,,false,6
,GGF~vo,0,3362,,,false,4
,GGF~vo,1,2381,,,false,4
,GGF~vo,2,2311,,,false,4
,GGF~vo,3,2311,,,false,4
,GGF~vo,4,2381,,,false,4
,GGF~vo,5,2451,,,false,4
,GGF~vo,6,2381,,,false,4
,GGF~vo,7,2381,,,false,4
,GGF~vo,8,2382,,,false,4
,GGF~vo,9,1891,,,false,4
,G@hZCc,0,3361,,,false,4
,G@hZCc,1,2451,,,false,4
,G@hZCc,2,2451,,,false,4
,G@hZCc,3,2381,,,false,4
,G@hZCc,4,2311,,,false,4
,G@hZCc,5,2381,,,false,4
,G@hZCc,6,2381,,,false,4
,G@hZCc,7,2451,,,false,4
,G@hZCc,8,2381,,,false,4
,G@hZCc,9,2381,,,false,4
,G?@Hdo,0,3362,,,false,4
,G?@Hdo,1,2381,,,false,4
,G?@Hdo,2,2381,,,false,4
,G?@Hdo,3,2381,,,false,4
,G?@Hdo,4,2381,,,false,4
,G?@Hdo,5,2381,,,false,4
,G?@Hdo,6,1961,,,false,4
,G?@Hdo,7,2311,,,false,4
,G?@Hdo,8,2381,,,false,4
,G?@Hdo,9,2381,,,false,4
,G?XPc[,0,3292,,,false,5
,G?XPc[,1,2871,,,false,5
,G?XPc[,2,1891,,,false,5
,G?XPc[,3,1891,,,false,5
,G?XPc[,4,1891,,,false,5
,G?XPc[,5,1961,,,false,5
,G?XPc[,6,1891,,,false,5
,G?XPc[,7,1401,,,false,5
,G?XPc[,8,1961,,,false,5
,G?XPc[,9,1891,,,false,5
,G???^g,0,2872,,,false,5
,G???^g,1,2872,,,false,5
,G???^g,2,2311,,,false,5
,G???^g,3,1891,,,false,5
,G???^g,4,1961,,,false,5
,G???^g,5,2381,,,false,5
,G???^g,6,2452,,,false,5
,G???^g,7,2382,,,false,5
,G???^g,8,2311,,,false,5
,G???^g,9,2451,,,false,5
,GAI?g[,0,2381,,,false,2
,GAI?g[,1,2382,,,false,2
,GAI?g[,2,2382,,,false,2
,GAI?g[,3,1891,,,false,2
,GAI?g[,4,2451,,,false,2
,GAI?g[,5,1891,,,false,2
,GAI?g[,6,1891,,,false,2
,GAI?g[,7,1891,,,false,2
,GAI?g[,8,1890,,,false,2
,GAI?g[,9,2311,,,false,2
,G?@PSo,0,2381,,,false,3
,G?@PSo,1,1891,,,false,3
,G?@PSo,2,2452,,,false,3
,G?@PSo,3,1961,,,false,3
,G?@PSo,4,1961,,,false,3
,G?@PSo,5,1891,,,false,3
,G?@PSo,6,2381,,,false,3
,G?@PSo,7,2381,,,false,3
,G?@PSo,8,1891,,,false,3
,G?@PSo,9,2382,,,false,3
,G?Oc_w,0,2871,,,false,3
,G?Oc_w,1,2381,,,false,3
,G?Oc_w,2,1891,,,false,3
,G?Oc_w,3,1471,,,false,3
,G?Oc_w,4,1400,,,false,3
,G?Oc_w,5,2381,,,false,3
,G?Oc_w,6,1961,,,false,3
,G?Oc_w,7,2381,,,false,3
,G?Oc_w,8,2381,,,false,3
,G?Oc_w,9,2382,,,false,3
,G_D`Gs,0,2801,,,false,2
,G_D`Gs,1,1961,,,false,2
,G_D`Gs,2,1471,,,false,2
,G_D`Gs,3,1890,,,false,2
,G_D`Gs,4,1961,,,false,2
,G_D`Gs,5,1401,,,false,2
,G_D`Gs,6,1891,,,false,2
,G_D`Gs,7,1401,,,false,2
,G_D`Gs,8,1961,,,false,2
,G_D`Gs,9,1401,,,false,2
,G@`AXk,0,3292,,,false,5
,G@`AXk,1,2381,,,false,5
,G@`AXk,2,2451,,,false,5
,G@`AXk,3,1891,,,false,5
,G@`AXk,4,2311,,,false,5
,G@`AXk,5,1891,,,false,5
,G@`AXk,6,1961,,,false,5
,G@`AXk,7,2451,,,false,5
,G@`AXk,8,2381,,,false,5
,G@`AXk,9,1891,,,false,5
,GHdu\{,0,3431,,,false,5
,GHdu\{,1,2381,,,false,5
,GHdu\{,2,2941,,,false,5
,GHdu\{,3,2802,,,false,5
,GHdu\{,4,2871,,,false,5
,GHdu\{,5,2871,,,false,5
,GHdu\{,6,3292,,,false,5
,GHdu\{,7,2872,,,false,5
,GHdu\{,8,2801,,,false,5
,GHdu\{,9,2871,,,false,5
,GAh`ks,0,3291,,,false,5
,GAh`ks,1,3362,,,false,5
,GAh`ks,2,1961,,,false,5
,GAh`ks,3,1891,,,false,5
,GAh`ks,4,1891,,,false,5
,GAh`ks,5,2381,,,false,5
,GAh`ks,6,2381,,,false,5
,GAh`ks,7,2452,,,false,5
,GAh`ks,8,2872,,,false,5
,GAh`ks,9,2801,,,false,5
,GCSXJC,0,1471,,,false,2
,GCSXJC,1,1400,,,false,2
,GCSXJC,2,981,,,false,2
,GCSXJC,3,2381,,,false,2
,GCSXJC,4,2451,,,false,2
,GCSXJC,5,2451,,,false,2
,GCSXJC,6,10925,,,false,2
,GCSXJC,7,2311,,,false,2
,GCSXJC,8,2382,,,false,2
,GCSXJC,9,1471,,,false,2
,G?qaho,0,3362,,,false,4
,G?qaho,1,2871,,,false,4
,G?qaho,2,2381,,,false,4
,G?qaho,3,2802,,,false,4
,G?qaho,4,2872,,,false,4
,G?qaho,5,2872,,,false,4
,G?qaho,6,2871,,,false,4
,G?qaho,7,2451,,,false,4
,G?qaho,8,2871,,,false,4
,G?qaho,9,2801,,,false,4
,G@?La[,0,3292,,,false,6
,G@?La[,1,2871,,,false,6
,G@?La[,2,2801,,,false,6
,G@?La[,3,2871,,,false,6
,G@?La[,4,2942,,,false,6
,G@?La[,5,2872,,,false,6
,G@?La[,6,3291,,,false,6
,G@?La[,7,2871,,,false,6
,G@?La[,8,2872,,,false,6
,G@?La[,9,2451,,,false,6
,GqKsY[,0,3361,,,false,5
,GqKsY[,1,2941,,,false,5
,GqKsY[,2,2872,,,false,5
,GqKsY[,3,3291,,,false,5
,GqKsY[,4,3362,,,false,5
,GqKsY[,5,2872,,,false,5
,GqKsY[,6,2871,,,false,5
,GqKsY[,7,3291,,,false,5
,GqKsY[,8,2801,,,false,5
,GqKsY[,9,2872,,,false,5
,G???~G,0,3292,,,false,5
,G???~G,1,1891,,,false,5
,G???~G,2,2872,,,false,5
,G???~G,3,2452,,,false,5
,G???~G,4,2451,,,false,5
,G???~G,5,2872,,,false,5
,G???~G,6,2381,,,false,5
,G???~G,7,2311,,,false,5
,G???~G,8,2451,,,false,5
,G???~G,9,2451,,,false,5
,G?GQKo,0,1961,,,false,3
,G?GQKo,1,1961,,,false,3
,G?GQKo,2,981,,,false,3
,G?GQKo,3,1961,,,false,3
,G?GQKo,4,2452,,,false,3
,G?GQKo,5,2382,,,false,3
,G?GQKo,6,1891,,,false,3
,G?GQKo,7,2451,,,false,3
,G?GQKo,8,2381,,,false,3
,G?GQKo,9,2381,,,false,3
,G@??OK,0,1891,,,false,1
,G@??OK,1,1891,,,false,1
,G@??OK,2,1961,,,false,1
,G@??OK,3,980,,,false,1
,G@??OK,4,1961,,,false,1
,G@??OK,5,1961,,,false,1
,G@??OK,6,1961,,,false,1
,G@??OK,7,2311,,,false,1
,G@??OK,8,1891,,,false,1
,G@??OK,9,1891,,,false,1
,G??_uK,0,3221,,,false,5
,G??_uK,1,2871,,,false,5
,G??_uK,2,2381,,,false,5
,G??_uK,3,2451,,,false,5
,G??_uK,4,2871,,,false,5
,G??_uK,5,2381,,,false,5
,G??_uK,6,2801,,,false,5
,G??_uK,7,2381,,,false,5
,G??_uK,8,2381,,,false,5
,G??_uK,9,2941,,,false,5
,GwC^~{,0,3362,,,false,7
,GwC^~{,1,2871,,,false,7
,GwC^~{,2,3221,,,false,7
,GwC^~{,3,2872,,,false,7
,GwC^~{,4,2872,,,false,7
,GwC^~{,5,2871,,,false,7
,GwC^~{,6,3361,,,false,7
,GwC^~{,7,3291,,,false,7
,GwC^~{,8,2802,,,false,7
,GwC^~{,9,2942,,,false,7
,G~rHx{,0,2942,,,false,5
,G~rHx{,1,2451,,,false,5
,G~rHx{,2,2871,,,false,5
,G~rHx{,3,2801,,,false,5
,G~rHx{,4,2451,,,false,5
,G~rHx{,5,2801,,,false,5
,G~rHx{,6,2942,,,false,5
,G~rHx{,7,2382,,,false,5
,G~rHx{,8,2382,,,false,5
,G~rHx{,9,2871,,,false,5
,GoSv~{,0,2802,,,false,7
,GoSv~{,1,2801,,,false,7
,GoSv~{,2,2801,,,false,7
,GoSv~{,3,2871,,,false,7
,GoSv~{,4,2381,,,false,7
,GoSv~{,5,2802,,,false,7
,GoSv~{,6,2872,,,false,7
,GoSv~{,7,2871,,,false,7
,GoSv~{,8,2941,,,false,7
,GoSv~{,9,2381,,,false,7
,G?mzz{,0,2942,,,false,4
,G?mzz{,1,2381,,,false,4
,G?mzz{,2,2872,,,false,4
,G?mzz{,3,2311,,,false,4
,G?mzz{,4,2381,,,false,4
,G?mzz{,5,2382,,,false,4
,G?mzz{,6,1961,,,false,4
,G?mzz{,7,2381,,,false,4
,G?mzz{,8,2382,,,false,4
,G?mzz{,9,2382,,,false,4
,G~`HW{,0,3782,,,false,6
,G~`HW{,1,2871,,,false,6
,G~`HW{,2,2872,,,false,6
,G~`HW{,3,2382,,,false,6
,G~`HW{,4,2381,,,false,6
,G~`HW{,5,2382,,,false,6
,G~`HW{,6,2381,,,false,6
,G~`HW{,7,2381,,,false,6
,G~`HW{,8,2451,,,false,6
,G~`HW{,9,10365,,,false,6
,GKdax{,0,3361,,,false,5
,GKdax{,1,3292,,,false,5
,GKdax{,2,2381,,,false,5
,GKdax{,3,2382,,,false,5
,GKdax{,4,2452,,,false,5
,GKdax{,5,2382,,,false,5
,GKdax{,6,2802,,,false,5
,GKdax{,7,2801,,,false,5
,GKdax{,8,2871,,,false,5
,GKdax{,9,2871,,,false,5
,G`?N~w,0,3362,,,false,6
,G`?N~w,1,3432,,,false,6
,G`?N~w,2,3432,,,false,6
,G`?N~w,3,3852,,,false,6
,G`?N~w,4,3291,,,false,6
,G`?N~w,5,2381,,,false,6
,G`?N~w,6,2871,,,false,6
,G`?N~w,7,2381,,,false,6
,G`?N~w,8,3291,,,false,6
,G`?N~w,9,3782,,,false,6
,G`?Lz{,0,2871,,,false,6
,G`?Lz{,1,2451,,,false,6
,G`?Lz{,2,2802,,,false,6
,G`?Lz{,3,2452,,,false,6
,G`?Lz{,4,2872,,,false,6
,G`?Lz{,5,2802,,,false,6
,G`?Lz{,6,2381,,,false,6
,G`?Lz{,7,2872,,,false,6
,G`?Lz{,8,2871,,,false,6
,G`?Lz{,9,2941,,,false,6
,GICX|[,0,3362,,,false,5
,GICX|[,1,2871,,,false,5
,GICX|[,2,2801,,,false,5
,GICX|[,3,3291,,,false,5
,GICX|[,4,2871,,,false,5
,GICX|[,5,2871,,,false,5
,GICX|[,6,2941,,,false,5
,GICX|[,7,2871,,,false,5
,GICX|[,8,2801,,,false,5
,GICX|[,9,2381,,,false,5
,G?qix{,0,3292,,,false,6
,G?qix{,1,3712,,,false,6
,G?qix{,2,3292,,,false,6
,G?qix{,3,2941,,,false,6
,G?qix{,4,2941,,,false,6
,G?qix{,5,2871,,,false,6
,G?qix{,6,2802,,,false,6
,G?qix{,7,2802,,,false,6
,G?qix{,8,2942,,,false,6
,G?qix{,9,2451,,,false,6
,G??x}{,0,3361,,,false,6
,G??x}{,1,3362,,,false,6
,G??x}{,2,2872,,,false,6
,G??x}{,3,2451,,,false,6
,G??x}{,4,2381,,,false,6
,G??x}{,5,2871,,,false,6
,G??x}{,6,2381,,,false,6
,G??x}{,7,2801,,,false,6
,G??x}{,8,3291,,,false,6
,G??x}{,9,2871,,,false,6
,G`?MXw,0,2871,,,false,4
,G`?MXw,1,1891,,,false,4
,G`?MXw,2,1470,,,false,4
,G`?MXw,3,1961,,,false,4
,G`?MXw,4,1891,,,false,4
,G`?MXw,5,1401,,,false,4
,G`?MXw,6,1471,,,false,4
,G`?MXw,7,1891,,,false,4
,G`?MXw,8,2871,,,false,4
,G`?MXw,9,2941,,,false,4
,G@`@W{,0,2802,,,false,4
,G@`@W{,1,2451,,,false,4
,G@`@W{,2,2382,,,false,4
,G@`@W{,3,2732,,,false,4
,G@`@W{,4,2802,,,false,4
,G@`@W{,5,2311,,,false,4
,G@`@W{,6,2452,,,false,4
,G@`@W{,7,1471,,,false,4
,G@`@W{,8,2381,,,false,4
,G@`@W{,9,2801,,,false,4
,G??Dzw,0,3362,,,false,5
,G??Dzw,1,2802,,,false,5
,G??Dzw,2,2801,,,false,5
,G??Dzw,3,1470,,,false,5
,G??Dzw,4,2452,,,false,5
,G??Dzw,5,1891,,,false,5
,G??Dzw,6,2871,,,false,5
,G??Dzw,7,2871,,,false,5
,G??Dzw,8,2941,,,false,5
,G??Dzw,9,2381,,,false,5
,G??Cz[,0,3432,,,false,6
,G??Cz[,1,2801,,,false,6
,G??Cz[,2,2311,,,false,6
,G??Cz[,3,2451,,,false,6
,G??Cz[,4,2381,,,false,6
,G??Cz[,5,2451,,,false,6
,G??Cz[,6,3361,,,false,6
,G??Cz[,7,2801,,,false,6
,G??Cz[,8,2872,,,false,6
,G??Cz[,9,2871,,,false,6
,GEChX[,0,3292,,,false,5
,GEChX[,1,2872,,,false,5
,GEChX[,2,2942,,,false,5
,GEChX[,3,2872,,,false,5
,GEChX[,4,2802,,,false,5
,GEChX[,5,2801,,,false,5
,GEChX[,6,2801,,,false,5
,GEChX[,7,2871,,,false,5
,GEChX[,8,2871,,,false,5
,GEChX[,9,2871,,,false,5
,GIi^bw,0,3922,,,false,5
,GIi^bw,1,3292,,,false,5
,GIi^bw,2,2871,,,false,5
,GIi^bw,3,2311,,,false,5
,GIi^bw,4,2871,,,false,5
,GIi^bw,5,3362,,,false,5
,GIi^bw,6,2802,,,false,5
,GIi^bw,7,2872,,,false,5
,GIi^bw,8,3292,,,false,5
,GIi^bw,9,2871,,,false,5
,GSXTz{,0,3852,,,false,6
,GSXTz{,1,3432,,,false,6
,GSXTz{,2,3291,,,false,6
,GSXTz{,3,2801,,,false,6
,GSXTz{,4,1961,,,false,6
,GSXTz{,5,3291,,,false,6
,GSXTz{,6,3432,,,false,6
,GSXTz{,7,3361,,,false,6
,GSXTz{,8,2802,,,false,6
,GSXTz{,9,2942,,,false,6
,G@G\a[,0,3292,,,false,6
,G@G\a[,1,2871,,,false,6
,G@G\a[,2,2871,,,false,6
,G@G\a[,3,2941,,,false,6
,G@G\a[,4,2872,,,false,6
,G@G\a[,5,2801,,,false,6
,G@G\a[,6,3291,,,false,6
,G@G\a[,7,2801,,,false,6
,G@G\a[,8,2941,,,false,6
,G@G\a[,9,2872,,,false,6
,GtPHOk,0,3362,,,false,3
,GtPHOk,1,2871,,,false,3
,GtPHOk,2,2941,,,false,3
,GtPHOk,3,1891,,,false,3
,GtPHOk,4,2872,,,false,3
,GtPHOk,5,2871,,,false,3
,GtPHOk,6,2381,,,false,3
,GtPHOk,7,1891,,,false,3
,GtPHOk,8,2452,,,false,3
,GtPHOk,9,2381,,,false,3
,Gv?IXW,0,2941,,,false,3
,Gv?IXW,1,1891,,,false,3
,Gv?IXW,2,2382,,,false,3
,Gv?IXW,3,2452,,,false,3
,Gv?IXW,4,1891,,,false,3
,Gv?IXW,5,2801,,,false,3
,Gv?IXW,6,2381,,,false,3
,Gv?IXW,7,2382,,,false,3
,Gv?IXW,8,2451,,,false,3
,Gv?IXW,9,2451,,,false,3
,Gvzax{,0,2871,,,false,6
,Gvzax{,1,3432,,,false,6
,Gvzax{,2,2871,,,false,6
,Gvzax{,3,3291,,,false,6
,Gvzax{,4,3362,,,false,6
,Gvzax{,5,3362,,,false,6
,Gvzax{,6,3852,,,false,6
,Gvzax{,7,3782,,,false,6
,Gvzax{,8,3712,,,false,6
,Gvzax{,9,3291,,,false,6
,G?r@pg,0,3221,,,false,4
,G?r@pg,1,2872,,,false,4
,G?r@pg,2,2872,,,false,4
,G?r@pg,3,2872,,,false,4
,G?r@pg,4,2801,,,false,4
,G?r@pg,5,2942,,,false,4
,G?r@pg,6,2802,,,false,4
,G?r@pg,7,2382,,,false,4
,G?r@pg,8,2872,,,false,4
,G?r@pg,9,1891,,,false,4
,GSP@xw,0,2941,,,false,5
,GSP@xw,1,2871,,,false,5
,GSP@xw,2,2801,,,false,5
,GSP@xw,3,1961,,,false,5
,GSP@xw,4,2872,,,false,5
,GSP@xw,5,2872,,,false,5
,GSP@xw,6,2872,,,false,5
,GSP@xw,7,2872,,,false,5
,GSP@xw,8,2802,,,false,5
,GSP@xw,9,2872,,,false,5
,G?DPS{,0,3291,,,false,5
,G?DPS{,1,2451,,,false,5
,G?DPS{,2,2381,,,false,5
,G?DPS{,3,2942,,,false,5
,G?DPS{,4,2382,,,false,5
,G?DPS{,5,2802,,,false,5
,G?DPS{,6,1401,,,false,5
,G?DPS{,7,2871,,,false,5
,G?DPS{,8,2381,,,false,5
,G?DPS{,9,2381,,,false,5
,GAG]|{,0,3432,,,false,6
,GAG]|{,1,3292,,,false,6
,GAG]|{,2,2731,,,false,6
,GAG]|{,3,3361,,,false,6
,GAG]|{,4,2871,,,false,6
,GAG]|{,5,2941,,,false,6
,GAG]|{,6,2451,,,false,6
,GAG]|{,7,2871,,,false,6
,GAG]|{,8,3291,,,false,6
,GAG]|{,9,3292,,,false,6
,GBOk~W,0,2802,,,false,5
,GBOk~W,1,3362,,,false,5
,GBOk~W,2,3361,,,false,5
,GBOk~W,3,2871,,,false,5
,GBOk~W,4,3362,,,false,5
,GBOk~W,5,2871,,,false,5
,GBOk~W,6,2381,,,false,5
,GBOk~W,7,3361,,,false,5
,GBOk~W,8,3432,,,false,5
,GBOk~W,9,2871,,,false,5
,G`G\zw,0,2872,,,false,5
,G`G\zw,1,2871,,,false,5
,G`G\zw,2,2871,,,false,5
,G`G\zw,3,3362,,,false,5
,G`G\zw,4,2941,,,false,5
,G`G\zw,5,2941,,,false,5
,G`G\zw,6,2871,,,false,5
,G`G\zw,7,3292,,,false,5
,G`G\zw,8,2942,,,false,5
,G`G\zw,9,2871,,,false,5
,G_ltjs,0,3362,,,false,4
,G_ltjs,1,3291,,,false,4
,G_ltjs,2,2942,,,false,4
,G_ltjs,3,3292,,,false,4
,G_ltjs,4,3221,,,false,4
,G_ltjs,5,2801,,,false,4
,G_ltjs,6,2802,,,false,4
,G_ltjs,7,3362,,,false,4
,G_ltjs,8,2941,,,false,4
,G_ltjs,9,2871,,,false,4
,G@lv]w,0,3292,,,false,5
,G@lv]w,1,3362,,,false,5
,G@lv]w,2,2381,,,false,5
,G@lv]w,3,2871,,,false,5
,G@lv]w,4,3292,,,false,5
,G@lv]w,5,3361,,,false,5
,G@lv]w,6,2801,,,false,5
,G@lv]w,7,2942,,,false,5
,G@lv]w,8,2941,,,false,5
,G@lv]w,9,2801,,,false,5
,G@zTz{,0,2872,,,false,5
,G@zTz{,1,2801,,,false,5
,G@zTz{,2,3782,,,false,5
,G@zTz{,3,3292,,,false,5
,G@zTz{,4,3432,,,false,5
,G@zTz{,5,2871,,,false,5
,G@zTz{,6,3362,,,false,5
,G@zTz{,7,3362,,,false,5
,G@zTz{,8,3292,,,false,5
,G@zTz{,9,2871,,,false,5
,G_]~bk,0,2942,,,false,4
,G_]~bk,1,2941,,,false,4
,G_]~bk,2,3361,,,false,4
,G_]~bk,3,2801,,,false,4
,G_]~bk,4,3291,,,false,4
,G_]~bk,5,3362,,,false,4
,G_]~bk,6,3292,,,false,4
,G_]~bk,7,2871,,,false,4
,G_]~bk,8,3291,,,false,4
,G_]~bk,9,3222,,,false,4
,G@nRnS,0,3362,,,false,4
,G@nRnS,1,3292,,,false,4
,G@nRnS,2,3292,,,false,4
,G@nRnS,3,3362,,,false,4
,G@nRnS,4,2872,,,false,4
,G@nRnS,5,3362,,,false,4
,G@nRnS,6,2941,,,false,4
,G@nRnS,7,3362,,,false,4
,G@nRnS,8,2381,,,false,4
,G@nRnS,9,2872,,,false,4
,GIM}v[,0,3922,,,false,5
,GIM}v[,1,2871,,,false,5
,GIM}v[,2,3292,,,false,5
,GIM}v[,3,2872,,,false,5
,GIM}v[,4,2871,,,false,5
,GIM}v[,5,2871,,,false,5
,GIM}v[,6,3362,,,false,5
,GIM}v[,7,2871,,,false,5
,GIM}v[,8,3292,,,false,5
,GIM}v[,9,2941,,,false,5
,G`iZQk,0,3361,,,false,4
,G`iZQk,1,3362,,,false,4
,G`iZQk,2,2942,,,false,4
,G`iZQk,3,3362,,,false,4
,G`iZQk,4,2801,,,false,4
,G`iZQk,5,2871,,,false,4
,G`iZQk,6,3362,,,false,4
,G`iZQk,7,2942,,,false,4
,G`iZQk,8,2871,,,false,4
,G`iZQk,9,2801,,,false,4
,GSXP~w,0,3432,,,false,4
,GSXP~w,1,2872,,,false,4
,GSXP~w,2,2871,,,false,4
,GSXP~w,3,2871,,,false,4
,GSXP~w,4,2942,,,false,4
,GSXP~w,5,2872,,,false,4
,GSXP~w,6,2801,,,false,4
,GSXP~w,7,2871,,,false,4
,GSXP~w,8,2871,,,false,4
,GSXP~w,9,2872,,,false,4
,GQMZ^k,0,3362,,,false,5
,GQMZ^k,1,3431,,,false,5
,GQMZ^k,2,2871,,,false,5
,GQMZ^k,3,2871,,,false,5
,GQMZ^k,4,2871,,,false,5
,GQMZ^k,5,2872,,,false,5
,GQMZ^k,6,2942,,,false,5
,GQMZ^k,7,3362,,,false,5
,GQMZ^k,8,2801,,,false,5
,GQMZ^k,9,3431,,,false,5
,GsXTzw,0,3292,,,false,5
,GsXTzw,1,3431,,,false,5
,GsXTzw,2,3432,,,false,5
,GsXTzw,3,2871,,,false,5
,GsXTzw,4,2381,,,false,5
,GsXTzw,5,3221,,,false,5
,GsXTzw,6,3361,,,false,5
,GsXTzw,7,3292,,,false,5
,GsXTzw,8,2872,,,false,5
,GsXTzw,9,3291,,,false,5
,GINT^o,0,3851,,,false,4
,GINT^o,1,2872,,,false,4
,GINT^o,2,2802,,,false,4
,GINT^o,3,2801,,,false,4
,GINT^o,4,2871,,,false,4
,GINT^o,5,2942,,,false,4
,GINT^o,6,2872,,,false,4
,GINT^o,7,3292,,,false,4
,GINT^o,8,3292,,,false,4
,GINT^o,9,2941,,,false,4
,GBZT[{,0,3361,,,false,4
,GBZT[{,1,3432,,,false,4
,GBZT[{,2,3292,,,false,4
,GBZT[{,3,2802,,,false,4
,GBZT[{,4,1961,,,false,4
,GBZT[{,5,2872,,,false,4
,GBZT[{,6,2941,,,false,4
,GBZT[{,7,2871,,,false,4
,GBZT[{,8,2802,,,false,4
,GBZT[{,9,2872,,,false,4
,GINe|{,0,3782,,,false,6
,GINe|{,1,3292,,,false,6
,GINe|{,2,3362,,,false,6
,GINe|{,3,2942,,,false,6
,GINe|{,4,3361,,,false,6
,GINe|{,5,3222,,,false,6
,GINe|{,6,2801,,,false,6
,GINe|{,7,3292,,,false,6
,GINe|{,8,3362,,,false,6
,GINe|{,9,3292,,,false,6
,GsXPW{,0,3432,,,false,4
,GsXPW{,1,2942,,,false,4
,GsXPW{,2,2871,,,false,4
,GsXPW{,3,2871,,,false,4
,GsXPW{,4,2942,,,false,4
,GsXPW{,5,2802,,,false,4
,GsXPW{,6,2872,,,false,4
,GsXPW{,7,2801,,,false,4
,GsXPW{,8,2871,,,false,4
,GsXPW{,9,2941,,,false,4
,GqYPW{,0,3782,,,false,5
,GqYPW{,1,3362,,,false,5
,GqYPW{,2,3362,,,false,5
,GqYPW{,3,2802,,,false,5
,GqYPW{,4,2451,,,false,5
,GqYPW{,5,2871,,,false,5
,GqYPW{,6,2942,,,false,5
,GqYPW{,7,2802,,,false,5
,GqYPW{,8,2802,,,false,5
,GqYPW{,9,2871,,,false,5
,Gr_YX[,0,2802,,,false,4
,Gr_YX[,1,2942,,,false,4
,Gr_YX[,2,2871,,,false,4
,Gr_YX[,3,2941,,,false,4
,Gr_YX[,4,2871,,,false,4
,Gr_YX[,5,2801,,,false,4
,Gr_YX[,6,2871,,,false,4
,Gr_YX[,7,1961,,,false,4
,Gr_YX[,8,2871,,,false,4
,Gr_YX[,9,2871,,,false,4
,GKoXzg,0,3292,,,false,5
,GKoXzg,1,3361,,,false,5
,GKoXzg,2,3291,,,false,5
,GKoXzg,3,2801,,,false,5
,GKoXzg,4,2872,,,false,5
,GKoXzg,5,2872,,,false,5
,GKoXzg,6,2871,,,false,5
,GKoXzg,7,3291,,,false,5
,GKoXzg,8,2872,,,false,5
,GKoXzg,9,2872,,,false,5
,GDxRK{,0,3431,,,false,4
,GDxRK{,1,3362,,,false,4
,GDxRK{,2,2872,,,false,4
,GDxRK{,3,2871,,,false,4
,GDxRK{,4,2801,,,false,4
,GDxRK{,5,2871,,,false,4
,GDxRK{,6,2871,,,false,4
,GDxRK{,7,2942,,,false,4
,GDxRK{,8,2872,,,false,4
,GDxRK{,9,2872,,,false,4
,GSXZ`{,0,2942,,,false,4
,GSXZ`{,1,3292,,,false,4
,GSXZ`{,2,2801,,,false,4
,GSXZ`{,3,2942,,,false,4
,GSXZ`{,4,2941,,,false,4
,GSXZ`{,5,2871,,,false,4
,GSXZ`{,6,3292,,,false,4
,GSXZ`{,7,2872,,,false,4
,GSXZ`{,8,2871,,,false,4
,GSXZ`{,9,2941,,,false,4
,G]Og|{,0,3362,,,false,4
,G]Og|{,1,3361,,,false,4
,G]Og|{,2,3362,,,false,4
,G]Og|{,3,2802,,,false,4
,G]Og|{,4,2801,,,false,4
,G]Og|{,5,2871,,,false,4
,G]Og|{,6,2872,,,false,4
,G]Og|{,7,3362,,,false,4
,G]Og|{,8,2941,,,false,4
,G]Og|{,9,2871,,,false,4
,G@luvG,0,3361,,,false,4
,G@luvG,1,2872,,,false,4
,G@luvG,2,2942,,,false,4
,G@luvG,3,3361,,,false,4
,G@luvG,4,2871,,,false,4
,G@luvG,5,2871,,,false,4
,G@luvG,6,2872,,,false,4
,G@luvG,7,2942,,,false,4
,G@luvG,8,3361,,,false,4
,G@luvG,9,3362,,,false,4
,GSXX~c,0,3292,,,false,5
,GSXX~c,1,3292,,,false,5
,GSXX~c,2,3361,,,false,5
,GSXX~c,3,2871,,,false,5
,GSXX~c,4,2942,,,false,5
,GSXX~c,5,2872,,,false,5
,GSXX~c,6,2801,,,false,5
,GSXX~c,7,3291,,,false,5
,GSXX~c,8,2872,,,false,5
,GSXX~c,9,3432,,,false,5
,GSLi~k,0,3292,,,false,6
,GSLi~k,1,3431,,,false,6
,GSLi~k,2,3362,,,false,6
,GSLi~k,3,3711,,,false,6
,GSLi~k,4,3291,,,false,6
,GSLi~k,5,3362,,,false,6
,GSLi~k,6,3362,,,false,6
,GSLi~k,7,3362,,,false,6
,GSLi~k,8,3362,,,false,6
,GSLi~k,9,2871,,,false,6
,GdZDzw,0,3362,,,false,5
,GdZDzw,1,2872,,,false,5
,GdZDzw,2,3362,,,false,5
,GdZDzw,3,2941,,,false,5
,GdZDzw,4,3361,,,false,5
,GdZDzw,5,3432,,,false,5
,GdZDzw,6,3292,,,false,5
,GdZDzw,7,3361,,,false,5
,GdZDzw,8,3362,,,false,5
,GdZDzw,9,3291,,,false,5
,Guhax{,0,2871,,,false,5
,Guhax{,1,3292,,,false,5
,Guhax{,2,3362,,,false,5
,Guhax{,3,3361,,,false,5
,Guhax{,4,3361,,,false,5
,Guhax{,5,2872,,,false,5
,Guhax{,6,3221,,,false,5
,Guhax{,7,3292,,,false,5
,Guhax{,8,2872,,,false,5
,Guhax{,9,2311,,,false,5
,GgN\rk,0,3361,,,false,5
,GgN\rk,1,3292,,,false,5
,GgN\rk,2,2802,,,false,5
,GgN\rk,3,2802,,,false,5
,GgN\rk,4,3292,,,false,5
,GgN\rk,5,3362,,,false,5
,GgN\rk,6,3431,,,false,5
,GgN\rk,7,2871,,,false,5
,GgN\rk,8,3292,,,false,5
,GgN\rk,9,2941,,,false,5
,G}hHg{,0,3291,,,false,4
,G}hHg{,1,3362,,,false,4
,G}hHg{,2,3362,,,false,4
,G}hHg{,3,2871,,,false,4
,G}hHg{,4,2871,,,false,4
,G}hHg{,5,2802,,,false,4
,G}hHg{,6,2942,,,false,4
,G}hHg{,7,2941,,,false,4
,G}hHg{,8,3292,,,false,4
,G}hHg{,9,2872,,,false,4
,GrddY{,0,3291,,,false,5
,GrddY{,1,3292,,,false,5
,GrddY{,2,3292,,,false,5
,GrddY{,3,2942,,,false,5
,GrddY{,4,3362,,,false,5
,GrddY{,5,3292,,,false,5
,GrddY{,6,3291,,,false,5
,GrddY{,7,3292,,,false,5
,GrddY{,8,3361,,,false,5
,GrddY{,9,2871,,,false,5
,GqMZj[,0,3432,,,false,5
,GqMZj[,1,3292,,,false,5
,GqMZj[,2,2801,,,false,5
,GqMZj[,3,2801,,,false,5
,GqMZj[,4,2872,,,false,5
,GqMZj[,5,2872,,,false,5
,GqMZj[,6,2941,,,false,5
,GqMZj[,7,3362,,,false,5
,GqMZj[,8,3292,,,false,5
,GqMZj[,9,2801,,,false,5
,GRqZ^k,0,3292,,,false,5
,GRqZ^k,1,3362,,,false,5
,GRqZ^k,2,3361,,,false,5
,GRqZ^k,3,3362,,,false,5
,GRqZ^k,4,3292,,,false,5
,GRqZ^k,5,3292,,,false,5
,GRqZ^k,6,3362,,,false,5
,GRqZ^k,7,2941,,,false,5
,GRqZ^k,8,3291,,,false,5
,GRqZ^k,9,3362,,,false,5
,Gqlsz[,0,2801,,,false,5
,Gqlsz[,1,2802,,,false,5
,Gqlsz[,2,3292,,,false,5
,Gqlsz[,3,3361,,,false,5
,Gqlsz[,4,3432,,,false,5
,Gqlsz[,5,3362,,,false,5
,Gqlsz[,6,3362,,,false,5
,Gqlsz[,7,2941,,,false,5
,Gqlsz[,8,3362,,,false,5
,Gqlsz[,9,3361,,,false,5
,Gsxqx{,0,3432,,,false,5
,Gsxqx{,1,3362,,,false,5
,Gsxqx{,2,3292,,,false,5
,Gsxqx{,3,3291,,,false,5
,Gsxqx{,4,3291,,,false,5
,Gsxqx{,5,3362,,,false,5
,Gsxqx{,6,3292,,,false,5
,Gsxqx{,7,3222,,,false,5
,Gsxqx{,8,3292,,,false,5
,Gsxqx{,9,3291,,,false,5
,GMnax{,0,3291,,,false,5
,GMnax{,1,3431,,,false,5
,GMnax{,2,3362,,,false,5
,GMnax{,3,3362,,,false,5
,GMnax{,4,3361,,,false,5
,GMnax{,5,3362,,,false,5
,GMnax{,6,2941,,,false,5
,GMnax{,7,3362,,,false,5
,GMnax{,8,3362,,,false,5
,GMnax{,9,3292,,,false,5
,GP^uu{,0,3362,,,false,5
,GP^uu{,1,3852,,,false,5
,GP^uu{,2,3361,,,false,5
,GP^uu{,3,3362,,,false,5
,GP^uu{,4,3292,,,false,5
,GP^uu{,5,2802,,,false,5
,GP^uu{,6,2871,,,false,5
,GP^uu{,7,2871,,,false,5
,GP^uu{,8,2942,,,false,5
,GP^uu{,9,2872,,,false,5
,GD^vU{,0,3361,,,false,5
,GD^vU{,1,3362,,,false,5
,GD^vU{,2,3292,,,false,5
,GD^vU{,3,2871,,,false,5
,GD^vU{,4,3292,,,false,5
,GD^vU{,5,3362,,,false,5
,GD^vU{,6,3292,,,false,5
,GD^vU{,7,3221,,,false,5
,GD^vU{,8,3291,,,false,5
,GD^vU{,9,3291,,,false,5
,GEl~~w,0,3782,,,false,6
,GEl~~w,1,3361,,,false,6
,GEl~~w,2,3852,,,false,6
,GEl~~w,3,3361,,,false,6
,GEl~~w,4,2801,,,false,6
,GEl~~w,5,2872,,,false,6
,GEl~~w,6,3852,,,false,6
,GEl~~w,7,3432,,,false,6
,GEl~~w,8,3291,,,false,6
,GEl~~w,9,3361,,,false,6
,GrotY{,0,3782,,,false,5
,GrotY{,1,3362,,,false,5
,GrotY{,2,3292,,,false,5
,GrotY{,3,2941,,,false,5
,GrotY{,4,2381,,,false,5
,GrotY{,5,3291,,,false,5
,GrotY{,6,2802,,,false,5
,GrotY{,7,3362,,,false,5
,GrotY{,8,2942,,,false,5
,GrotY{,9,3292,,,false,5
,G`zTzw,0,3852,,,false,5
,G`zTzw,1,3361,,,false,5
,G`zTzw,2,2801,,,false,5
,G`zTzw,3,2382,,,false,5
,G`zTzw,4,2802,,,false,5
,G`zTzw,5,2452,,,false,5
,G`zTzw,6,2381,,,false,5
,G`zTzw,7,2802,,,false,5
,G`zTzw,8,2382,,,false,5
,G`zTzw,9,2381,,,false,5
,GQ}rm[,0,3292,,,false,5
,GQ}rm[,1,3292,,,false,5
,GQ}rm[,2,2942,,,false,5
,GQ}rm[,3,3292,,,false,5
,GQ}rm[,4,3362,,,false,5
,GQ}rm[,5,3292,,,false,5
,GQ}rm[,6,2942,,,false,5
,GQ}rm[,7,2871,,,false,5
,GQ}rm[,8,2381,,,false,5
,GQ}rm[,9,2871,,,false,5
,GqluX{,0,2801,,,false,5
,GqluX{,1,3292,,,false,5
,GqluX{,2,3432,,,false,5
,GqluX{,3,3362,,,false,5
,GqluX{,4,2451,,,false,5
,GqluX{,5,2381,,,false,5
,GqluX{,6,2802,,,false,5
,GqluX{,7,2872,,,false,5
,GqluX{,8,2872,,,false,5
,GqluX{,9,2942,,,false,5
,Grqix{,0,3292,,,false,5
,Grqix{,1,2872,,,false,5
,Grqix{,2,2871,,,false,5
,Grqix{,3,2801,,,false,5
,Grqix{,4,2871,,,false,5
,Grqix{,5,2941,,,false,5
,Grqix{,6,2942,,,false,5
,Grqix{,7,2382,,,false,5
,Grqix{,8,2312,,,false,5
,Grqix{,9,2801,,,false,5
,GRl~Ms,0,3782,,,false,5
,GRl~Ms,1,2801,,,false,5
,GRl~Ms,2,2872,,,false,5
,GRl~Ms,3,2872,,,false,5
,GRl~Ms,4,2871,,,false,5
,GRl~Ms,5,2311,,,false,5
,GRl~Ms,6,2381,,,false,5
,GRl~Ms,7,2381,,,false,5
,GRl~Ms,8,2381,,,false,5
,GRl~Ms,9,2942,,,false,5
,G]`@W{,0,3782,,,false,4
,G]`@W{,1,2941,,,false,4
,G]`@W{,2,3292,,,false,4
,G]`@W{,3,2872,,,false,4
,G]`@W{,4,2802,,,false,4
,G]`@W{,5,2871,,,false,4
,G]`@W{,6,2941,,,false,4
,G]`@W{,7,2871,,,false,4
,G]`@W{,8,2801,,,false,4
,G]`@W{,9,2942,,,false,4
,G?urf[,0,3711,,,false,6
,G?urf[,1,3432,,,false,6
,G?urf[,2,3362,,,false,6
,G?urf[,3,2941,,,false,6
,G?urf[,4,2871,,,false,6
,G?urf[,5,3291,,,false,6
,G?urf[,6,2871,,,false,6
,G?urf[,7,2871,,,false,6
,G?urf[,8,2941,,,false,6
,G?urf[,9,3361,,,false,6
,G?\utk,0,3362,,,false,4
,G?\utk,1,2872,,,false,4
,G?\utk,2,2801,,,false,4
,G?\utk,3,3361,,,false,4
,G?\utk,4,2871,,,false,4
,G?\utk,5,2872,,,false,4
,G?\utk,6,3292,,,false,4
,G?\utk,7,2801,,,false,4
,G?\utk,8,2872,,,false,4
,G?\utk,9,2942,,,false,4
,G@dTJS,0,3361,,,false,4
,G@dTJS,1,2871,,,false,4
,G@dTJS,2,2451,,,false,4
,G@dTJS,3,2802,,,false,4
,G@dTJS,4,2871,,,false,4
,G@dTJS,5,2871,,,false,4
,G@dTJS,6,2871,,,false,4
,G@dTJS,7,2871,,,false,4
,G@dTJS,8,2802,,,false,4
,G@dTJS,9,2872,,,false,4
,G@MQ^?,0,3291,,,false,4
,G@MQ^?,1,2381,,,false,4
,G@MQ^?,2,2872,,,false,4
,G@MQ^?,3,2382,,,false,4
,G@MQ^?,4,2871,,,false,4
,G@MQ^?,5,2801,,,false,4
,G@MQ^?,6,2381,,,false,4
,G@MQ^?,7,2381,,,false,4
,G@MQ^?,8,2871,,,false,4
,G@MQ^?,9,2871,,,false,4
,GGFLbo,0,3782,,,false,4
,GGFLbo,1,2871,,,false,4
,GGFLbo,2,2801,,,false,4
,GGFLbo,3,2802,,,false,4
,GGFLbo,4,2872,,,false,4
,GGFLbo,5,2871,,,false,4
,GGFLbo,6,2871,,,false,4
,GGFLbo,7,2871,,,false,4
,GGFLbo,8,2942,,,false,4
,GGFLbo,9,2872,,,false,4
,GoDPZo,0,3292,,,false,4
,GoDPZo,1,2871,,,false,4
,GoDPZo,2,2382,,,false,4
,GoDPZo,3,2451,,,false,4
,GoDPZo,4,2381,,,false,4
,GoDPZo,5,2872,,,false,4
,GoDPZo,6,2871,,,false,4
,GoDPZo,7,2871,,,false,4
,GoDPZo,8,2381,,,false,4
,GoDPZo,9,2872,,,false,4
,GoDP^o,0,3782,,,false,4
,GoDP^o,1,2872,,,false,4
,GoDP^o,2,2871,,,false,4
,GoDP^o,3,2871,,,false,4
,GoDP^o,4,2872,,,false,4
,GoDP^o,5,2802,,,false,4
,GoDP^o,6,2381,,,false,4
,GoDP^o,7,2451,,,false,4
,GoDP^o,8,2871,,,false,4
,GoDP^o,9,2871,,,false,4
,GqGR[w,0,3362,,,false,4
,GqGR[w,1,3362,,,false,4
,GqGR[w,2,2801,,,false,4
,GqGR[w,3,2802,,,false,4
,GqGR[w,4,2872,,,false,4
,GqGR[w,5,2942,,,false,4
,GqGR[w,6,2381,,,false,4
,GqGR[w,7,3291,,,false,4
,GqGR[w,8,2802,,,false,4
,GqGR[w,9,2872,,,false,4
,Gr`?x[,0,2801,,,false,4
,Gr`?x[,1,3292,,,false,4
,Gr`?x[,2,2942,,,false,4
,Gr`?x[,3,2802,,,false,4
,Gr`?x[,4,2451,,,false,4
,Gr`?x[,5,2871,,,false,4
,Gr`?x[,6,2941,,,false,4
,Gr`?x[,7,2942,,,false,4
,Gr`?x[,8,2871,,,false,4
,Gr`?x[,9,2801,,,false,4
,GqMAXk,0,3362,,,false,4
,GqMAXk,1,2871,,,false,4
,GqMAXk,2,3291,,,false,4
,GqMAXk,3,2941,,,false,4
,GqMAXk,4,2871,,,false,4
,GqMAXk,5,2801,,,false,4
,GqMAXk,6,2801,,,false,4
,GqMAXk,7,2871,,,false,4
,GqMAXk,8,2871,,,false,4
,GqMAXk,9,2941,,,false,4
,G@h^vg,0,2942,,,false,4
,G@h^vg,1,3431,,,false,4
,G@h^vg,2,2872,,,false,4
,G@h^vg,3,2802,,,false,4
,G@h^vg,4,2872,,,false,4
,G@h^vg,5,2872,,,false,4
,G@h^vg,6,2872,,,false,4
,G@h^vg,7,2871,,,false,4
,G@h^vg,8,3292,,,false,4
,G@h^vg,9,3291,,,false,4
,G@X^dw,0,3362,,,false,5
,G@X^dw,1,2802,,,false,5
,G@X^dw,2,2802,,,false,5
,G@X^dw,3,2941,,,false,5
,G@X^dw,4,3361,,,false,5
,G@X^dw,5,2871,,,false,5
,G@X^dw,6,2941,,,false,5
,G@X^dw,7,3291,,,false,5
,G@X^dw,8,2871,,,false,5
,G@X^dw,9,3432,,,false,5
,GCS~~w,0,2942,,,false,6
,GCS~~w,1,3362,,,false,6
,GCS~~w,2,3362,,,false,6
,GCS~~w,3,3361,,,false,6
,GCS~~w,4,3362,,,false,6
,GCS~~w,5,3362,,,false,6
,GCS~~w,6,2871,,,false,6
,GCS~~w,7,3291,,,false,6
,GCS~~w,8,3292,,,false,6
,GCS~~w,9,3362,,,false,6
,GANvS{,0,3432,,,false,5
,GANvS{,1,2941,,,false,5
,GANvS{,2,2871,,,false,5
,GANvS{,3,2801,,,false,5
,GANvS{,4,3222,,,false,5
,GANvS{,5,2802,,,false,5
,GANvS{,6,2801,,,false,5
,GANvS{,7,2871,,,false,5
,GANvS{,8,2801,,,false,5
,GANvS{,9,2801,,,false,5
,GqMAh[,0,3782,,,false,4
,GqMAh[,1,2802,,,false,4
,GqMAh[,2,2801,,,false,4
,GqMAh[,3,2941,,,false,4
,GqMAh[,4,2942,,,false,4
,GqMAh[,5,2872,,,false,4
,GqMAh[,6,2381,,,false,4
,GqMAh[,7,2871,,,false,4
,GqMAh[,8,2871,,,false,4
,GqMAh[,9,2942,,,false,4
,G_}ahk,0,3432,,,false,5
,G_}ahk,1,2871,,,false,5
,G_}ahk,2,2801,,,false,5
,G_}ahk,3,2872,,,false,5
,G_}ahk,4,2872,,,false,5
,G_}ahk,5,2941,,,false,5
,G_}ahk,6,2872,,,false,5
,G_}ahk,7,3292,,,false,5
,G_}ahk,8,2871,,,false,5
,G_}ahk,9,2871,,,false,5
,G@h^e[,0,3362,,,false,5
,G@h^e[,1,2872,,,false,5
,G@h^e[,2,2871,,,false,5
,G@h^e[,3,3291,,,false,5
,G@h^e[,4,2802,,,false,5
,G@h^e[,5,3292,,,false,5
,G@h^e[,6,2801,,,false,5
,G@h^e[,7,2871,,,false,5
,G@h^e[,8,3292,,,false,5
,G@h^e[,9,3222,,,false,5
,GBYk}{,0,10436,,,false,4
,GBYk}{,1,4762,,,false,4
,GBYk}{,2,2942,,,false,4
,GBYk}{,3,2872,,,false,4
,GBYk}{,4,2941,,,false,4
,GBYk}{,5,3292,,,false,4
,GBYk}{,6,2872,,,false,4
,GBYk}{,7,2872,,,false,4
,GBYk}{,8,2801,,,false,4
,GBYk}{,9,2871,,,false,4
,GPpX~k,0,3292,,,false,4
,GPpX~k,1,3292,,,false,4
,GPpX~k,2,2871,,,false,4
,GPpX~k,3,3362,,,false,4
,GPpX~k,4,2872,,,false,4
,GPpX~k,5,2871,,,false,4
,GPpX~k,6,2801,,,false,4
,GPpX~k,7,3292,,,false,4
,GPpX~k,8,2872,,,false,4
,GPpX~k,9,2941,,,false,4
,GWS}|{,0,3431,,,false,4
,GWS}|{,1,3362,,,false,4
,GWS}|{,2,2801,,,false,4
,GWS}|{,3,2871,,,false,4
,GWS}|{,4,2871,,,false,4
,GWS}|{,5,2872,,,false,4
,GWS}|{,6,2801,,,false,4
,GWS}|{,7,3221,,,false,4
,GWS}|{,8,2871,,,false,4
,GWS}|{,9,2872,,,false,4
,G@zZrk,0,3782,,,false,5
,G@zZrk,1,3361,,,false,5
,G@zZrk,2,3431,,,false,5
,G@zZrk,3,3292,,,false,5
,G@zZrk,4,3362,,,false,5
,G@zZrk,5,3292,,,false,5
,G@zZrk,6,3362,,,false,5
,G@zZrk,7,3362,,,false,5
,G@zZrk,8,3361,,,false,5
,G@zZrk,9,3361,,,false,5
,G@lu~w,0,3361,,,false,5
,G@lu~w,1,3292,,,false,5
,G@lu~w,2,3432,,,false,5
,G@lu~w,3,3361,,,false,5
,G@lu~w,4,3432,,,false,5
,G@lu~w,5,3362,,,false,5
,G@lu~w,6,3291,,,false,5
,G@lu~w,7,3361,,,false,5
,G@lu~w,8,3291,,,false,5
,G@lu~w,9,3432,,,false,5
,GEhXrK,0,3361,,,false,6
,GEhXrK,1,2941,,,false,6
,GEhXrK,2,2872,,,false,6
,GEhXrK,3,3222,,,false,6
,GEhXrK,4,2872,,,false,6
,GEhXrK,5,2941,,,false,6
,GEhXrK,6,2942,,,false,6
,GEhXrK,7,2871,,,false,6
,GEhXrK,8,3221,,,false,6
,GEhXrK,9,3361,,,false,6
,GEhax{,0,2872,,,false,6
,GEhax{,1,2801,,,false,6
,GEhax{,2,3291,,,false,6
,GEhax{,3,2942,,,false,6
,GEhax{,4,3432,,,false,6
,GEhax{,5,3362,,,false,6
,GEhax{,6,3292,,,false,6
,GEhax{,7,3291,,,false,6
,GEhax{,8,3361,,,false,6
,GEhax{,9,2871,,,false,6
,GqGZ[{,0,3432,,,false,6
,GqGZ[{,1,3291,,,false,6
,GqGZ[{,2,3362,,,false,6
,GqGZ[{,3,3291,,,false,6
,GqGZ[{,4,2941,,,false,6
,GqGZ[{,5,3362,,,false,6
,GqGZ[{,6,2801,,,false,6
,GqGZ[{,7,3362,,,false,6
,GqGZ[{,8,3362,,,false,6
,GqGZ[{,9,2871,,,false,6
,GpDHzw,0,3362,,,false,6
,GpDHzw,1,3432,,,false,6
,GpDHzw,2,2871,,,false,6
,GpDHzw,3,3292,,,false,6
,GpDHzw,4,2872,,,false,6
,GpDHzw,5,2872,,,false,6
,GpDHzw,6,3361,,,false,6
,GpDHzw,7,2872,,,false,6
,GpDHzw,8,2732,,,false,6
,GpDHzw,9,2872,,,false,6
,GgMP}w,0,3222,,,false,5
,GgMP}w,1,2871,,,false,5
,GgMP}w,2,3362,,,false,5
,GgMP}w,3,2872,,,false,5
,GgMP}w,4,2801,,,false,5
,GgMP}w,5,2801,,,false,5
,GgMP}w,6,2872,,,false,5
,GgMP}w,7,2942,,,false,5
,GgMP}w,8,2942,,,false,5
,GgMP}w,9,2871,,,false,5
,G`hP~w,0,3362,,,false,6
,G`hP~w,1,2871,,,false,6
,G`hP~w,2,2872,,,false,6
,G`hP~w,3,2802,,,false,6
,G`hP~w,4,2942,,,false,6
,G`hP~w,5,2871,,,false,6
,G`hP~w,6,2801,,,false,6
,G`hP~w,7,2942,,,false,6
,G`hP~w,8,2802,,,false,6
,G`hP~w,9,2942,,,false,6
,GRQH}w,0,2871,,,false,6
,GRQH}w,1,2941,,,false,6
,GRQH}w,2,2872,,,false,6
,GRQH}w,3,2801,,,false,6
,GRQH}w,4,2871,,,false,6
,GRQH}w,5,2941,,,false,6
,GRQH}w,6,2942,,,false,6
,GRQH}w,7,2872,,,false,6
,GRQH}w,8,2801,,,false,6
,GRQH}w,9,10505,,,false,6
,GDZDzw,0,3782,,,false,4
,GDZDzw,1,2871,,,false,4
,GDZDzw,2,3361,,,false,4
,GDZDzw,3,2871,,,false,4
,GDZDzw,4,2871,,,false,4
,GDZDzw,5,3361,,,false,4
,GDZDzw,6,2871,,,false,4
,GDZDzw,7,2941,,,false,4
,GDZDzw,8,3361,,,false,4
,GDZDzw,9,2871,,,false,4
,G`ddzw,0,3362,,,false,5
,G`ddzw,1,3362,,,false,5
,G`ddzw,2,3292,,,false,5
,G`ddzw,3,3291,,,false,5
,G`ddzw,4,2871,,,false,5
,G`ddzw,5,3361,,,false,5
,G`ddzw,6,3292,,,false,5
,G`ddzw,7,2871,,,false,5
,G`ddzw,8,2872,,,false,5
,G`ddzw,9,2871,,,false,5
,GoSr~w,0,3852,,,false,5
,GoSr~w,1,3362,,,false,5
,GoSr~w,2,3362,,,false,5
,GoSr~w,3,3292,,,false,5
,GoSr~w,4,3292,,,false,5
,GoSr~w,5,3431,,,false,5
,GoSr~w,6,2871,,,false,5
,GoSr~w,7,2871,,,false,5
,GoSr~w,8,2871,,,false,5
,GoSr~w,9,3222,,,false,5
,GDZDz{,0,3222,,,false,6
,GDZDz{,1,3782,,,false,6
,GDZDz{,2,3361,,,false,6
,GDZDz{,3,3432,,,false,6
,GDZDz{,4,2872,,,false,6
,GDZDz{,5,3291,,,false,6
,GDZDz{,6,2801,,,false,6
,GDZDz{,7,2872,,,false,6
,GDZDz{,8,2871,,,false,6
,GDZDz{,9,2871,,,false,6
,G`ddz{,0,3432,,,false,6
,G`ddz{,1,3362,,,false,6
,G`ddz{,2,2871,,,false,6
,G`ddz{,3,3292,,,false,6
,G`ddz{,4,3292,,,false,6
,G`ddz{,5,2871,,,false,6
,G`ddz{,6,2871,,,false,6
,G`ddz{,7,2802,,,false,6
,G`ddz{,8,2942,,,false,6
,G`ddz{,9,2871,,,false,6
,GDZcy{,0,3432,,,false,4
,GDZcy{,1,3362,,,false,4
,GDZcy{,2,2941,,,false,4
,GDZcy{,3,3292,,,false,4
,GDZcy{,4,2802,,,false,4
,GDZcy{,5,2871,,,false,4
,GDZcy{,6,2871,,,false,4
,GDZcy{,7,2942,,,false,4
,GDZcy{,8,2872,,,false,4
,GDZcy{,9,3291,,,false,4
,GqopW{,0,3362,,,false,4
,GqopW{,1,2802,,,false,4
,GqopW{,2,2871,,,false,4
,GqopW{,3,2871,,,false,4
,GqopW{,4,2942,,,false,4
,GqopW{,5,2872,,,false,4
,GqopW{,6,2871,,,false,4
,GqopW{,7,2801,,,false,4
,GqopW{,8,2871,,,false,4
,GqopW{,9,2872,,,false,4
,GoTXpk,0,3362,,,false,4
,GoTXpk,1,1891,,,false,4
,GoTXpk,2,2872,,,false,4
,GoTXpk,3,2451,,,false,4
,GoTXpk,4,2382,,,false,4
,GoTXpk,5,2382,,,false,4
,GoTXpk,6,2452,,,false,4
,GoTXpk,7,2381,,,false,4
,GoTXpk,8,2872,,,false,4
,GoTXpk,9,2381,,,false,4
,GEhrS{,0,3292,,,false,6
,GEhrS{,1,3362,,,false,6
,GEhrS{,2,3361,,,false,6
,GEhrS{,3,2942,,,false,6
,GEhrS{,4,2872,,,false,6
,GEhrS{,5,3291,,,false,6
,GEhrS{,6,2871,,,false,6
,GEhrS{,7,3362,,,false,6
,GEhrS{,8,2942,,,false,6
,GEhrS{,9,2801,,,false,6
,GMhP[{,0,3362,,,false,5
,GMhP[{,1,3292,,,false,5
,GMhP[{,2,2731,,,false,5
,GMhP[{,3,2871,,,false,5
,GMhP[{,4,3292,,,false,5
,GMhP[{,5,2872,,,false,5
,GMhP[{,6,2871,,,false,5
,GMhP[{,7,2801,,,false,5
,GMhP[{,8,2871,,,false,5
,GMhP[{,9,2872,,,false,5
,GqSpZ{,0,3362,,,false,6
,GqSpZ{,1,2871,,,false,6
,GqSpZ{,2,3362,,,false,6
,GqSpZ{,3,2872,,,false,6
,GqSpZ{,4,2871,,,false,6
,GqSpZ{,5,2802,,,false,6
,GqSpZ{,6,2871,,,false,6
,GqSpZ{,7,2941,,,false,6
,GqSpZ{,8,2802,,,false,6
,GqSpZ{,9,2871,,,false,6
,G`h\rg,0,3292,,,false,6
,G`h\rg,1,3432,,,false,6
,G`h\rg,2,3361,,,false,6
,G`h\rg,3,2942,,,false,6
,G`h\rg,4,3362,,,false,6
,G`h\rg,5,3292,,,false,6
,G`h\rg,6,2942,,,false,6
,G`h\rg,7,2451,,,false,6
,G`h\rg,8,2871,,,false,6
,G`h\rg,9,2871,,,false,6
,GK^@|k,0,2801,,,false,5
,GK^@|k,1,3291,,,false,5
,GK^@|k,2,2381,,,false,5
,GK^@|k,3,3432,,,false,5
,GK^@|k,4,1891,,,false,5
,GK^@|k,5,2381,,,false,5
,GK^@|k,6,2801,,,false,5
,GK^@|k,7,3292,,,false,5
,GK^@|k,8,2872,,,false,5
,GK^@|k,9,2941,,,false,5
,G`Urt[,0,3432,,,false,5
,G`Urt[,1,3362,,,false,5
,G`Urt[,2,2872,,,false,5
,G`Urt[,3,3221,,,false,5
,G`Urt[,4,2871,,,false,5
,G`Urt[,5,2872,,,false,5
,G`Urt[,6,2871,,,false,5
,G`Urt[,7,2801,,,false,5
,G`Urt[,8,2801,,,false,5
,G`Urt[,9,2872,,,false,5
,GqHX~o,0,3852,,,false,5
,GqHX~o,1,3362,,,false,5
,GqHX~o,2,3432,,,false,5
,GqHX~o,3,2801,,,false,5
,GqHX~o,4,2802,,,false,5
,GqHX~o,5,2872,,,false,5
,GqHX~o,6,2871,,,false,5
,GqHX~o,7,3432,,,false,5
,GqHX~o,8,3292,,,false,5
,GqHX~o,9,3292,,,false,5
,GD^Dj[,0,3362,,,false,5
,GD^Dj[,1,3292,,,false,5
,GD^Dj[,2,2871,,,false,5
,GD^Dj[,3,2871,,,false,5
,GD^Dj[,4,2872,,,false,5
,GD^Dj[,5,3291,,,false,5
,GD^Dj[,6,3222,,,false,5
,GD^Dj[,7,2802,,,false,5
,GD^Dj[,8,2872,,,false,5
,GD^Dj[,9,2871,,,false,5
,GDZUX{,0,3361,,,false,5
,GDZUX{,1,3432,,,false,5
,GDZUX{,2,1891,,,false,5
,GDZUX{,3,3362,,,false,5
,GDZUX{,4,3291,,,false,5
,GDZUX{,5,2871,,,false,5
,GDZUX{,6,2942,,,false,5
,GDZUX{,7,2801,,,false,5
,GDZUX{,8,2871,,,false,5
,GDZUX{,9,2871,,,false,5
,G`X\tk,0,2802,,,false,4
,G`X\tk,1,2872,,,false,4
,G`X\tk,2,3362,,,false,4
,G`X\tk,3,2941,,,false,4
,G`X\tk,4,2801,,,false,4
,G`X\tk,5,2802,,,false,4
,G`X\tk,6,2942,,,false,4
,G`X\tk,7,2872,,,false,4
,G`X\tk,8,2941,,,false,4
,G`X\tk,9,2871,,,false,4
,GBhmk{,0,2941,,,false,4
,GBhmk{,1,2872,,,false,4
,GBhmk{,2,3292,,,false,4
,GBhmk{,3,2871,,,false,4
,GBhmk{,4,2941,,,false,4
,GBhmk{,5,2941,,,false,4
,GBhmk{,6,2871,,,false,4
,GBhmk{,7,3221,,,false,4
,GBhmk{,8,2871,,,false,4
,GBhmk{,9,2871,,,false,4
,GdZDz{,0,3362,,,false,6
,GdZDz{,1,3362,,,false,6
,GdZDz{,2,3362,,,false,6
,GdZDz{,3,2871,,,false,6
,GdZDz{,4,2801,,,false,6
,GdZDz{,5,2871,,,false,6
,GdZDz{,6,2942,,,false,6
,GdZDz{,7,2941,,,false,6
,GdZDz{,8,2871,,,false,6
,GdZDz{,9,2941,,,false,6
,GpFjq{,0,3361,,,false,4
,GpFjq{,1,3362,,,false,4
,GpFjq{,2,2871,,,false,4
,GpFjq{,3,2451,,,false,4
,GpFjq{,4,2381,,,false,4
,GpFjq{,5,2872,,,false,4
,GpFjq{,6,3291,,,false,4
,GpFjq{,7,2801,,,false,4
,GpFjq{,8,2872,,,false,4
,GpFjq{,9,2941,,,false,4
,GQqzvk,0,3362,,,false,5
,GQqzvk,1,3362,,,false,5
,GQqzvk,2,3292,,,false,5
,GQqzvk,3,3291,,,false,5
,GQqzvk,4,2942,,,false,5
,GQqzvk,5,2942,,,false,5
,GQqzvk,6,2871,,,false,5
,GQqzvk,7,3362,,,false,5
,GQqzvk,8,2802,,,false,5
,GQqzvk,9,3292,,,false,5
,GJqix{,0,3292,,,false,5
,GJqix{,1,3292,,,false,5
,GJqix{,2,3362,,,false,5
,GJqix{,3,2941,,,false,5
,GJqix{,4,2381,,,false,5
,GJqix{,5,2311,,,false,5
,GJqix{,6,2382,,,false,5
,GJqix{,7,2452,,,false,5
,GJqix{,8,2382,,,false,5
,GJqix{,9,2381,,,false,5
,GJM]^[,0,3432,,,false,6
,GJM]^[,1,2381,,,false,6
,GJM]^[,2,2381,,,false,6
,GJM]^[,3,3782,,,false,6
,GJM]^[,4,12046,,,false,6
,GJM]^[,5,2871,,,false,6
,GJM]^[,6,2871,,,false,6
,GJM]^[,7,2381,,,false,6
,GJM]^[,8,2381,,,false,6
,GJM]^[,9,3362,,,false,6
,GqJ\z{,0,3362,,,false,6
,GqJ\z{,1,3852,,,false,6
,GqJ\z{,2,2381,,,false,6
,GqJ\z{,3,2381,,,false,6
,GqJ\z{,4,3362,,,false,6
,GqJ\z{,5,3432,,,false,6
,GqJ\z{,6,3362,,,false,6
,GqJ\z{,7,2311,,,false,6
,GqJ\z{,8,3781,,,false,6
,GqJ\z{,9,3292,,,false,6
,GcL~v[,0,3782,,,false,5
,GcL~v[,1,3782,,,false,5
,GcL~v[,2,2381,,,false,5
,GcL~v[,3,2451,,,false,5
,GcL~v[,4,2381,,,false,5
,GcL~v[,5,2802,,,false,5
,GcL~v[,6,2381,,,false,5
,GcL~v[,7,3362,,,false,5
,GcL~v[,8,3362,,,false,5
,GcL~v[,9,3362,,,false,5
,GDZ^vw,0,3922,,,false,6
,GDZ^vw,1,3782,,,false,6
,GDZ^vw,2,2382,,,false,6
,GDZ^vw,3,2381,,,false,6
,GDZ^vw,4,2381,,,false,6
,GDZ^vw,5,2451,,,false,6
,GDZ^vw,6,3292,,,false,6
,GDZ^vw,7,3292,,,false,6
,GDZ^vw,8,3782,,,false,6
,GDZ^vw,9,3362,,,false,6
,GMMZ\[,0,2381,,,false,5
,GMMZ\[,1,3362,,,false,5
,GMMZ\[,2,3431,,,false,5
,GMMZ\[,3,3291,,,false,5
,GMMZ\[,4,3291,,,false,5
,GMMZ\[,5,2871,,,false,5
,GMMZ\[,6,2941,,,false,5
,GMMZ\[,7,2941,,,false,5
,GMMZ\[,8,2872,,,false,5
,GMMZ\[,9,3292,,,false,5
,GJMk}[,0,3852,,,false,5
,GJMk}[,1,3292,,,false,5
,GJMk}[,2,3292,,,false,5
,GJMk}[,3,3291,,,false,5
,GJMk}[,4,3362,,,false,5
,GJMk}[,5,2941,,,false,5
,GJMk}[,6,2941,,,false,5
,GJMk}[,7,2801,,,false,5
,GJMk}[,8,3292,,,false,5
,GJMk}[,9,2942,,,false,5
,GqNax{,0,3852,,,false,5
,GqNax{,1,2871,,,false,5
,GqNax{,2,3362,,,false,5
,GqNax{,3,2872,,,false,5
,GqNax{,4,3292,,,false,5
,GqNax{,5,3291,,,false,5
,GqNax{,6,3362,,,false,5
,GqNax{,7,2871,,,false,5
,GqNax{,8,2801,,,false,5
,GqNax{,9,2872,,,false,5
,GDYz~o,0,3292,,,false,5
,GDYz~o,1,3852,,,false,5
,GDYz~o,2,2872,,,false,5
,GDYz~o,3,3432,,,false,5
,GDYz~o,4,3362,,,false,5
,GDYz~o,5,3291,,,false,5
,GDYz~o,6,2941,,,false,5
,GDYz~o,7,2871,,,false,5
,GDYz~o,8,2452,,,false,5
,GDYz~o,9,2872,,,false,5
,G?L?nC,0,2871,,,false,5
,G?L?nC,1,2802,,,false,5
,G?L?nC,2,1891,,,false,5
,G?L?nC,3,2871,,,false,5
,G?L?nC,4,1471,,,false,5
,G?L?nC,5,2942,,,false,5
,G?L?nC,6,2451,,,false,5
,G?L?nC,7,2451,,,false,5
,G?L?nC,8,2801,,,false,5
,G?L?nC,9,2801,,,false,5
,Gq?@Ww,0,2802,,,false,3
,Gq?@Ww,1,1401,,,false,3
,Gq?@Ww,2,1961,,,false,3
,Gq?@Ww,3,2452,,,false,3
,Gq?@Ww,4,2381,,,false,3
,Gq?@Ww,5,2311,,,false,3
,Gq?@Ww,6,1891,,,false,3
,Gq?@Ww,7,1891,,,false,3
,Gq?@Ww,8,1891,,,false,3
,Gq?@Ww,9,1471,,,false,3
,G@?]VK,0,3852,,,false,6
,G@?]VK,1,2942,,,false,6
,G@?]VK,2,2872,,,false,6
,G@?]VK,3,2801,,,false,6
,G@?]VK,4,2871,,,false,6
,G@?]VK,5,2871,,,false,6
,G@?]VK,6,2941,,,false,6
,G@?]VK,7,2871,,,false,6
,G@?]VK,8,2801,,,false,6
,G@?]VK,9,2381,,,false,6
,G@GSY[,0,2872,,,false,4
,G@GSY[,1,1891,,,false,4
,G@GSY[,2,1471,,,false,4
,G@GSY[,3,1891,,,false,4
,G@GSY[,4,2452,,,false,4
,G@GSY[,5,2382,,,false,4
,G@GSY[,6,2381,,,false,4
,G@GSY[,7,2382,,,false,4
,G@GSY[,8,2381,,,false,4
,G@GSY[,9,2382,,,false,4
,GOBAx{,0,3362,,,false,5
,GOBAx{,1,3362,,,false,5
,GOBAx{,2,2872,,,false,5
,GOBAx{,3,2311,,,false,5
,GOBAx{,4,2801,,,false,5
,GOBAx{,5,1401,,,false,5
,GOBAx{,6,1471,,,false,5
,GOBAx{,7,2941,,,false,5
,GOBAx{,8,2381,,,false,5
,GOBAx{,9,2381,,,false,5
,G@GR[{,0,2381,,,false,6
,G@GR[{,1,2872,,,false,6
,G@GR[{,2,2871,,,false,6
,G@GR[{,3,3431,,,false,6
,G@GR[{,4,2871,,,false,6
,G@GR[{,5,2801,,,false,6
,G@GR[{,6,2381,,,false,6
,G@GR[{,7,2801,,,false,6
,G@GR[{,8,2451,,,false,6
,G@GR[{,9,2381,,,false,6
,G@?Z]{,0,2941,,,false,6
,G@?Z]{,1,2451,,,false,6
,G@?Z]{,2,2871,,,false,6
,G@?Z]{,3,3292,,,false,6
,G@?Z]{,4,2871,,,false,6
,G@?Z]{,5,2451,,,false,6
,G@?Z]{,6,2941,,,false,6
,G@?Z]{,7,2872,,,false,6
,G@?Z]{,8,2801,,,false,6
,G@?Z]{,9,2802,,,false,6
,G@CNM[,0,3362,,,false,5
,G@CNM[,1,2311,,,false,5
,G@CNM[,2,2381,,,false,5
,G@CNM[,3,1401,,,false,5
,G@CNM[,4,2942,,,false,5
,G@CNM[,5,2452,,,false,5
,G@CNM[,6,2381,,,false,5
,G@CNM[,7,2311,,,false,5
,G@CNM[,8,2801,,,false,5
,G@CNM[,9,2451,,,false,5
,G?EJZw,0,2871,,,false,5
,G?EJZw,1,2872,,,false,5
,G?EJZw,2,2872,,,false,5
,G?EJZw,3,2871,,,false,5
,G?EJZw,4,2871,,,false,5
,G?EJZw,5,2871,,,false,5
,G?EJZw,6,1891,,,false,5
,G?EJZw,7,1471,,,false,5
,G?EJZw,8,2871,,,false,5
,G?EJZw,9,2801,,,false,5
,G?G^]w,0,2801,,,false,5
,G?G^]w,1,1891,,,false,5
,G?G^]w,2,2941,,,false,5
,G?G^]w,3,3291,,,false,5
,G?G^]w,4,2871,,,false,5
,G?G^]w,5,2871,,,false,5
,G?G^]w,6,2311,,,false,5
,G?G^]w,7,2381,,,false,5
,G?G^]w,8,2451,,,false,5
,G?G^]w,9,2871,,,false,5
,G?EVZ{,0,3362,,,false,6
,G?EVZ{,1,1891,,,false,6
,G?EVZ{,2,2871,,,false,6
,G?EVZ{,3,3361,,,false,6
,G?EVZ{,4,3221,,,false,6
,G?EVZ{,5,2871,,,false,6
,G?EVZ{,6,2872,,,false,6
,G?EVZ{,7,2381,,,false,6
,G?EVZ{,8,2452,,,false,6
,G?EVZ{,9,2382,,,false,6
,GoCAhW,0,2872,,,false,3
,GoCAhW,1,1891,,,false,3
,GoCAhW,2,2381,,,false,3
,GoCAhW,3,2311,,,false,3
,GoCAhW,4,2381,,,false,3
,GoCAhW,5,2381,,,false,3
,GoCAhW,6,2382,,,false,3
,GoCAhW,7,2381,,,false,3
,GoCAhW,8,2381,,,false,3
,GoCAhW,9,2381,,,false,3
,GoCAh[,0,2802,,,false,5
,GoCAh[,1,2871,,,false,5
,GoCAh[,2,2451,,,false,5
,GoCAh[,3,2381,,,false,5
,GoCAh[,4,2311,,,false,5
,GoCAh[,5,2451,,,false,5
,GoCAh[,6,2381,,,false,5
,GoCAh[,7,2942,,,false,5
,GoCAh[,8,2381,,,false,5
,GoCAh[,9,2802,,,false,5
,GA?X^O,0,2381,,,false,5
,GA?X^O,1,1401,,,false,5
,GA?X^O,2,1471,,,false,5
,GA?X^O,3,2942,,,false,5
,GA?X^O,4,2451,,,false,5
,GA?X^O,5,2871,,,false,5
,GA?X^O,6,2801,,,false,5
,GA?X^O,7,2802,,,false,5
,GA?X^O,8,2382,,,false,5
,GA?X^O,9,1471,,,false,5
,G@HCyw,0,3361,,,false,5
,G@HCyw,1,2942,,,false,5
,G@HCyw,2,2451,,,false,5
,G@HCyw,3,2871,,,false,5
,G@HCyw,4,2801,,,false,5
,G@HCyw,5,2801,,,false,5
,G@HCyw,6,2451,,,false,5
,G@HCyw,7,2941,,,false,5
,G@HCyw,8,2872,,,false,5
,G@HCyw,9,2942,,,false,5
,G@BDY{,0,3292,,,false,6
,G@BDY{,1,2941,,,false,6
,G@BDY{,2,2802,,,false,6
,G@BDY{,3,2942,,,false,6
,G@BDY{,4,2872,,,false,6
,G@BDY{,5,2802,,,false,6
,G@BDY{,6,2801,,,false,6
,G@BDY{,7,3361,,,false,6
,G@BDY{,8,3361,,,false,6
,G@BDY{,9,3431,,,false,6
,G@?kyw,0,3362,,,false,5
,G@?kyw,1,2872,,,false,5
,G@?kyw,2,2801,,,false,5
,G@?kyw,3,2801,,,false,5
,G@?kyw,4,2871,,,false,5
,G@?kyw,5,2871,,,false,5
,G@?kyw,6,2381,,,false,5
,G@?kyw,7,2382,,,false,5
,G@?kyw,8,2311,,,false,5
,G@?kyw,9,2872,,,false,5
,G?Ss^{,0,3362,,,false,7
,G?Ss^{,1,2872,,,false,7
,G?Ss^{,2,2872,,,false,7
,G?Ss^{,3,2801,,,false,7
,G?Ss^{,4,2871,,,false,7
,G?Ss^{,5,2802,,,false,7
,G?Ss^{,6,2872,,,false,7
,G?Ss^{,7,2872,,,false,7
,G?Ss^{,8,2872,,,false,7
,G?Ss^{,9,2801,,,false,7
,GA?}TS,0,3292,,,false,4
,GA?}TS,1,2871,,,false,4
,GA?}TS,2,2382,,,false,4
,GA?}TS,3,2452,,,false,4
,GA?}TS,4,2942,,,false,4
,GA?}TS,5,2382,,,false,4
,GA?}TS,6,2802,,,false,4
,GA?}TS,7,2382,,,false,4
,GA?}TS,8,2451,,,false,4
,GA?}TS,9,2451,,,false,4
,G@Aiu[,0,2871,,,false,4
,G@Aiu[,1,2941,,,false,4
,G@Aiu[,2,2381,,,false,4
,G@Aiu[,3,2801,,,false,4
,G@Aiu[,4,2381,,,false,4
,G@Aiu[,5,2941,,,false,4
,G@Aiu[,6,2381,,,false,4
,G@Aiu[,7,2381,,,false,4
,G@Aiu[,8,2381,,,false,4
,G@Aiu[,9,2311,,,false,4
,G?Eja{,0,2871,,,false,4
,G?Eja{,1,3222,,,false,4
,G?Eja{,2,2801,,,false,4
,G?Eja{,3,2802,,,false,4
,G?Eja{,4,2451,,,false,4
,G?Eja{,5,2452,,,false,4
,G?Eja{,6,2872,,,false,4
,G?Eja{,7,2802,,,false,4
,G?Eja{,8,1401,,,false,4
,G?Eja{,9,2381,,,false,4
,G@@ku{,0,3361,,,false,6
,G@@ku{,1,2871,,,false,6
,G@@ku{,2,2452,,,false,6
,G@@ku{,3,2802,,,false,6
,G@@ku{,4,2872,,,false,6
,G@@ku{,5,2872,,,false,6
,G@@ku{,6,2381,,,false,6
,G@@ku{,7,2941,,,false,6
,G@@ku{,8,2381,,,false,6
,G@@ku{,9,2311,,,false,6
,G?ErU{,0,3782,,,false,6
,G?ErU{,1,3362,,,false,6
,G?ErU{,2,2381,,,false,6
,G?ErU{,3,2452,,,false,6
,G?ErU{,4,2872,,,false,6
,G?ErU{,5,2872,,,false,6
,G?ErU{,6,2801,,,false,6
,G?ErU{,7,2381,,,false,6
,G?ErU{,8,2451,,,false,6
,G?ErU{,9,2941,,,false,6
,G@Aiv{,0,3362,,,false,7
,G@Aiv{,1,3362,,,false,7
,G@Aiv{,2,2872,,,false,7
,G@Aiv{,3,2801,,,false,7
,G@Aiv{,4,2381,,,false,7
,G@Aiv{,5,2381,,,false,7
,G@Aiv{,6,2941,,,false,7
,G@Aiv{,7,2872,,,false,7
,G@Aiv{,8,2872,,,false,7
,G@Aiv{,9,2802,,,false,7
,G?C}^k,0,3361,,,false,6
,G?C}^k,1,2801,,,false,6
,G?C}^k,2,2381,,,false,6
,G?C}^k,3,2452,,,false,6
,G?C}^k,4,2452,,,false,6
,G?C}^k,5,2382,,,false,6
,G?C}^k,6,2942,,,false,6
,G?C}^k,7,2381,,,false,6
,G?C}^k,8,2451,,,false,6
,G?C}^k,9,2451,,,false,6
,G?Hszs,0,3362,,,false,6
,G?Hszs,1,2872,,,false,6
,G?Hszs,2,2872,,,false,6
,G?Hszs,3,2381,,,false,6
,G?Hszs,4,2871,,,false,6
,G?Hszs,5,2381,,,false,6
,G?Hszs,6,2871,,,false,6
,G?Hszs,7,2801,,,false,6
,G?Hszs,8,2871,,,false,6
,G?Hszs,9,2381,,,false,6
,G?FRX{,0,2871,,,false,6
,G?FRX{,1,2382,,,false,6
,G?FRX{,2,2942,,,false,6
,G?FRX{,3,2871,,,false,6
,G?FRX{,4,2801,,,false,6
,G?FRX{,5,2801,,,false,6
,G?FRX{,6,2381,,,false,6
,G?FRX{,7,2451,,,false,6
,G?FRX{,8,2941,,,false,6
,G?FRX{,9,2451,,,false,6
,G?Er]{,0,3291,,,false,6
,G?Er]{,1,2942,,,false,6
,G?Er]{,2,2872,,,false,6
,G?Er]{,3,2872,,,false,6
,G?Er]{,4,2871,,,false,6
,G?Er]{,5,2381,,,false,6
,G?Er]{,6,2801,,,false,6
,G?Er]{,7,2801,,,false,6
,G?Er]{,8,2871,,,false,6
,G?Er]{,9,2451,,,false,6
,G_?|Qs,0,2871,,,false,4
,G_?|Qs,1,2451,,,false,4
,G_?|Qs,2,2381,,,false,4
,G_?|Qs,3,2311,,,false,4
,G_?|Qs,4,2381,,,false,4
,G_?|Qs,5,2381,,,false,4
,G_?|Qs,6,2871,,,false,4
,G_?|Qs,7,2451,,,false,4
,G_?|Qs,8,2381,,,false,4
,G_?|Qs,9,2311,,,false,4
,G_?ytK,0,10366,,,false,5
,G_?ytK,1,5323,,,false,5
,G_?ytK,2,2452,,,false,5
,G_?ytK,3,2872,,,false,5
,G_?ytK,4,2382,,,false,5
,G_?ytK,5,2382,,,false,5
,G_?ytK,6,2872,,,false,5
,G_?ytK,7,2872,,,false,5
,G_?ytK,8,2872,,,false,5
,G_?ytK,9,2381,,,false,5
,G?O|fo,0,2941,,,false,6
,G?O|fo,1,2381,,,false,6
,G?O|fo,2,2801,,,false,6
,G?O|fo,3,2801,,,false,6
,G?O|fo,4,2942,,,false,6
,G?O|fo,5,2452,,,false,6
,G?O|fo,6,2802,,,false,6
,G?O|fo,7,2382,,,false,6
,G?O|fo,8,2802,,,false,6
,G?O|fo,9,2382,,,false,6
,GGAXu[,0,2872,,,false,5
,GGAXu[,1,2872,,,false,5
,GGAXu[,2,2871,,,false,5
,GGAXu[,3,2801,,,false,5
,GGAXu[,4,2871,,,false,5
,GGAXu[,5,2381,,,false,5
,GGAXu[,6,2871,,,false,5
,GGAXu[,7,2872,,,false,5
,GGAXu[,8,2381,,,false,5
,GGAXu[,9,2382,,,false,5
,G_Aix{,0,3291,,,false,5
,G_Aix{,1,1891,,,false,5
,G_Aix{,2,1891,,,false,5
,G_Aix{,3,1961,,,false,5
,G_Aix{,4,1470,,,false,5
,G_Aix{,5,1401,,,false,5
,G_Aix{,6,1961,,,false,5
,G_Aix{,7,1400,,,false,5
,G_Aix{,8,1471,,,false,5
,G_Aix{,9,2381,,,false,5
,G?HXvk,0,3361,,,false,6
,G?HXvk,1,2871,,,false,6
,G?HXvk,2,2871,,,false,6
,G?HXvk,3,2381,,,false,6
,G?HXvk,4,2801,,,false,6
,G?HXvk,5,2381,,,false,6
,G?HXvk,6,2382,,,false,6
,G?HXvk,7,2872,,,false,6
,G?HXvk,8,2382,,,false,6
,G?HXvk,9,2382,,,false,6
,G?K]Nc,0,3362,,,false,5
,G?K]Nc,1,2802,,,false,5
,G?K]Nc,2,2381,,,false,5
,G?K]Nc,3,2801,,,false,5
,G?K]Nc,4,2871,,,false,5
,G?K]Nc,5,2941,,,false,5
,G?K]Nc,6,2871,,,false,5
,G?K]Nc,7,2801,,,false,5
,G?K]Nc,8,2942,,,false,5
,G?K]Nc,9,2381,,,false,5
,GCCZ^K,0,3362,,,false,5
,GCCZ^K,1,2872,,,false,5
,GCCZ^K,2,2872,,,false,5
,GCCZ^K,3,2871,,,false,5
,GCCZ^K,4,2381,,,false,5
,GCCZ^K,5,2871,,,false,5
,GCCZ^K,6,2941,,,false,5
,GCCZ^K,7,2381,,,false,5
,GCCZ^K,8,2451,,,false,5
,GCCZ^K,9,2801,,,false,5
,GC_Zj[,0,3361,,,false,5
,GC_Zj[,1,2871,,,false,5
,GC_Zj[,2,2801,,,false,5
,GC_Zj[,3,2872,,,false,5
,GC_Zj[,4,2381,,,false,5
,GC_Zj[,5,2872,,,false,5
,GC_Zj[,6,2451,,,false,5
,GC_Zj[,7,1401,,,false,5
,GC_Zj[,8,2802,,,false,5
,GC_Zj[,9,2802,,,false,5
,G@G^Uk,0,2801,,,false,6
,G@G^Uk,1,3362,,,false,6
,G@G^Uk,2,3362,,,false,6
,G@G^Uk,3,3292,,,false,6
,G@G^Uk,4,3362,,,false,6
,G@G^Uk,5,2802,,,false,6
,G@G^Uk,6,2872,,,false,6
,G@G^Uk,7,3362,,,false,6
,G@G^Uk,8,3362,,,false,6
,G@G^Uk,9,2802,,,false,6
,GGKQK[,0,3292,,,false,5
,GGKQK[,1,1891,,,false,5
,GGKQK[,2,2871,,,false,5
,GGKQK[,3,1891,,,false,5
,GGKQK[,4,1890,,,false,5
,GGKQK[,5,1471,,,false,5
,GGKQK[,6,1891,,,false,5
,GGKQK[,7,1470,,,false,5
,GGKQK[,8,1401,,,false,5
,GGKQK[,9,1891,,,false,5
,GGDPS{,0,2802,,,false,5
,GGDPS{,1,2871,,,false,5
,GGDPS{,2,1471,,,false,5
,GGDPS{,3,1471,,,false,5
,GGDPS{,4,1891,,,false,5
,GGDPS{,5,1891,,,false,5
,GGDPS{,6,1821,,,false,5
,GGDPS{,7,1821,,,false,5
,GGDPS{,8,1891,,,false,5
,GGDPS{,9,1891,,,false,5
,GAOpS{,0,2802,,,false,5
,GAOpS{,1,2941,,,false,5
,GAOpS{,2,2941,,,false,5
,GAOpS{,3,2871,,,false,5
,GAOpS{,4,2802,,,false,5
,GAOpS{,5,2872,,,false,5
,GAOpS{,6,2452,,,false,5
,GAOpS{,7,2381,,,false,5
,GAOpS{,8,2872,,,false,5
,GAOpS{,9,2941,,,false,5
,GI?gt{,0,3292,,,false,6
,GI?gt{,1,2871,,,false,6
,GI?gt{,2,2381,,,false,6
,GI?gt{,3,2452,,,false,6
,GI?gt{,4,2872,,,false,6
,GI?gt{,5,2802,,,false,6
,GI?gt{,6,10995,,,false,6
,GI?gt{,7,2382,,,false,6
,GI?gt{,8,2872,,,false,6
,GI?gt{,9,2802,,,false,6
,GI?gv{,0,3782,,,false,7
,GI?gv{,1,3782,,,false,7
,GI?gv{,2,2871,,,false,7
,GI?gv{,3,2451,,,false,7
,GI?gv{,4,2451,,,false,7
,GI?gv{,5,2871,,,false,7
,GI?gv{,6,2801,,,false,7
,GI?gv{,7,2872,,,false,7
,GI?gv{,8,2381,,,false,7
,GI?gv{,9,3292,,,false,7
,GAHco{,0,2871,,,false,4
,GAHco{,1,2871,,,false,4
,GAHco{,2,2871,,,false,4
,GAHco{,3,2802,,,false,4
,GAHco{,4,2381,,,false,4
,GAHco{,5,2382,,,false,4
,GAHco{,6,2382,,,false,4
,GAHco{,7,2872,,,false,4
,GAHco{,8,2381,,,false,4
,GAHco{,9,2802,,,false,4
,G@P_|s,0,2802,,,false,5
,G@P_|s,1,2872,,,false,5
,G@P_|s,2,2801,,,false,5
,G@P_|s,3,2871,,,false,5
,G@P_|s,4,2451,,,false,5
,G@P_|s,5,2872,,,false,5
,G@P_|s,6,2802,,,false,5
,G@P_|s,7,2872,,,false,5
,G@P_|s,8,2872,,,false,5
,G@P_|s,9,2942,,,false,5
,GGHSsw,0,2941,,,false,5
,GGHSsw,1,2451,,,false,5
,GGHSsw,2,2871,,,false,5
,GGHSsw,3,2801,,,false,5
,GGHSsw,4,1401,,,false,5
,GGHSsw,5,1471,,,false,5
,GGHSsw,6,2381,,,false,5
,GGHSsw,7,1961,,,false,5
,GGHSsw,8,2872,,,false,5
,GGHSsw,9,2802,,,false,5
,GGO\dw,0,3782,,,false,6
,GGO\dw,1,3222,,,false,6
,GGO\dw,2,2381,,,false,6
,GGO\dw,3,2311,,,false,6
,GGO\dw,4,2452,,,false,6
,GGO\dw,5,2871,,,false,6
,GGO\dw,6,2872,,,false,6
,GGO\dw,7,2872,,,false,6
,GGO\dw,8,2941,,,false,6
,GGO\dw,9,2871,,,false,6
,G@IQ]{,0,2872,,,false,6
,G@IQ]{,1,2801,,,false,6
,G@IQ]{,2,3361,,,false,6
,G@IQ]{,3,2801,,,false,6
,G@IQ]{,4,3362,,,false,6
,G@IQ]{,5,2941,,,false,6
,G@IQ]{,6,2802,,,false,6
,G@IQ]{,7,2802,,,false,6
,G@IQ]{,8,2451,,,false,6
,G@IQ]{,9,2871,,,false,6
,G@DJ\w,0,2941,,,false,5
,G@DJ\w,1,2802,,,false,5
,G@DJ\w,2,2451,,,false,5
,G@DJ\w,3,2382,,,false,5
,G@DJ\w,4,2381,,,false,5
,G@DJ\w,5,2381,,,false,5
,G@DJ\w,6,2871,,,false,5
,G@DJ\w,7,2941,,,false,5
,G@DJ\w,8,2871,,,false,5
,G@DJ\w,9,2872,,,false,5
,G@Ok}w,0,2802,,,false,6
,G@Ok}w,1,2801,,,false,6
,G@Ok}w,2,2872,,,false,6
,G@Ok}w,3,3361,,,false,6
,G@Ok}w,4,2941,,,false,6
,G@Ok}w,5,2871,,,false,6
,G@Ok}w,6,2872,,,false,6
,G@Ok}w,7,3292,,,false,6
,G@Ok}w,8,2872,,,false,6
,G@Ok}w,9,2942,,,false,6
,G@EJZw,0,2452,,,false,5
,G@EJZw,1,2381,,,false,5
,G@EJZw,2,2872,,,false,5
,G@EJZw,3,2801,,,false,5
,G@EJZw,4,2801,,,false,5
,G@EJZw,5,3292,,,false,5
,G@EJZw,6,3362,,,false,5
,G@EJZw,7,2872,,,false,5
,G@EJZw,8,3292,,,false,5
,G@EJZw,9,2941,,,false,5
,G@DdY{,0,3712,,,false,6
,G@DdY{,1,3362,,,false,6
,G@DdY{,2,3362,,,false,6
,G@DdY{,3,2942,,,false,6
,G@DdY{,4,2802,,,false,6
,G@DdY{,5,2801,,,false,6
,G@DdY{,6,3431,,,false,6
,G@DdY{,7,2872,,,false,6
,G@DdY{,8,2942,,,false,6
,G@DdY{,9,3292,,,false,6
,G?XTtg,0,2942,,,false,4
,G?XTtg,1,2382,,,false,4
,G?XTtg,2,2801,,,false,4
,G?XTtg,3,2381,,,false,4
,G?XTtg,4,2872,,,false,4
,G?XTtg,5,2872,,,false,4
,G?XTtg,6,2871,,,false,4
,G?XTtg,7,1891,,,false,4
,G?XTtg,8,2381,,,false,4
,G?XTtg,9,1471,,,false,4
,G?XTtk,0,3431,,,false,5
,G?XTtk,1,2872,,,false,5
,G?XTtk,2,2871,,,false,5
,G?XTtk,3,2871,,,false,5
,G?XTtk,4,2871,,,false,5
,G?XTtk,5,2801,,,false,5
,G?XTtk,6,2802,,,false,5
,G?XTtk,7,2941,,,false,5
,G?XTtk,8,2871,,,false,5
,G?XTtk,9,1471,,,false,5
,G?Sr^w,0,2872,,,false,6
,G?Sr^w,1,2381,,,false,6
,G?Sr^w,2,2381,,,false,6
,G?Sr^w,3,2871,,,false,6
,G?Sr^w,4,2942,,,false,6
,G?Sr^w,5,3292,,,false,6
,G?Sr^w,6,3291,,,false,6
,G?Sr^w,7,2942,,,false,6
,G?Sr^w,8,2872,,,false,6
,G?Sr^w,9,3362,,,false,6
,G?XP~k,0,3432,,,false,6
,G?XP~k,1,2871,,,false,6
,G?XP~k,2,3292,,,false,6
,G?XP~k,3,2872,,,false,6
,G?XP~k,4,2871,,,false,6
,G?XP~k,5,3361,,,false,6
,G?XP~k,6,2802,,,false,6
,G?XP~k,7,3292,,,false,6
,G?XP~k,8,2311,,,false,6
,G?XP~k,9,2381,,,false,6
,G??guK,0,2941,,,false,5
,G??guK,1,2381,,,false,5
,G??guK,2,2871,,,false,5
,G??guK,3,2381,,,false,5
,G??guK,4,2381,,,false,5
,G??guK,5,2381,,,false,5
,G??guK,6,1891,,,false,5
,G??guK,7,1891,,,false,5
,G??guK,8,1471,,,false,5
,G??guK,9,1470,,,false,5
,G@EIzw,0,2871,,,false,6
,G@EIzw,1,2451,,,false,6
,G@EIzw,2,2871,,,false,6
,G@EIzw,3,2872,,,false,6
,G@EIzw,4,2872,,,false,6
,G@EIzw,5,2871,,,false,6
,G@EIzw,6,2941,,,false,6
,G@EIzw,7,2871,,,false,6
,G@EIzw,8,2802,,,false,6
,G@EIzw,9,2872,,,false,6
,G?UP~K,0,3712,,,false,6
,G?UP~K,1,2801,,,false,6
,G?UP~K,2,2942,,,false,6
,G?UP~K,3,2942,,,false,6
,G?UP~K,4,3362,,,false,6
,G?UP~K,5,3221,,,false,6
,G?UP~K,6,2871,,,false,6
,G?UP~K,7,2872,,,false,6
,G?UP~K,8,3362,,,false,6
,G?UP~K,9,2872,,,false,6
,GCDH~[,0,2941,,,false,6
,GCDH~[,1,3361,,,false,6
,GCDH~[,2,2802,,,false,6
,GCDH~[,3,2872,,,false,6
,GCDH~[,4,3362,,,false,6
,GCDH~[,5,2871,,,false,6
,GCDH~[,6,2872,,,false,6
,GCDH~[,7,2872,,,false,6
,GCDH~[,8,2871,,,false,6
,GCDH~[,9,2871,,,false,6
,G?Ss~[,0,2942,,,false,6
,G?Ss~[,1,1891,,,false,6
,G?Ss~[,2,3362,,,false,6
,G?Ss~[,3,3432,,,false,6
,G?Ss~[,4,3292,,,false,6
,G?Ss~[,5,3291,,,false,6
,G?Ss~[,6,2801,,,false,6
,G?Ss~[,7,2872,,,false,6
,G?Ss~[,8,2942,,,false,6
,G?Ss~[,9,2802,,,false,6
,GAG[~{,0,3782,,,false,7
,GAG[~{,1,3782,,,false,7
,GAG[~{,2,3431,,,false,7
,GAG[~{,3,2872,,,false,7
,GAG[~{,4,2872,,,false,7
,GAG[~{,5,3362,,,false,7
,GAG[~{,6,3711,,,false,7
,GAG[~{,7,3362,,,false,7
,GAG[~{,8,2871,,,false,7
,GAG[~{,9,2941,,,false,7
,GAHe|{,0,3432,,,false,6
,GAHe|{,1,3361,,,false,6
,GAHe|{,2,2801,,,false,6
,GAHe|{,3,2802,,,false,6
,GAHe|{,4,3292,,,false,6
,GAHe|{,5,3362,,,false,6
,GAHe|{,6,3432,,,false,6
,GAHe|{,7,3292,,,false,6
,GAHe|{,8,3362,,,false,6
,GAHe|{,9,3291,,,false,6
,G@Om|w,0,3431,,,false,5
,G@Om|w,1,3291,,,false,5
,G@Om|w,2,2872,,,false,5
,G@Om|w,3,2942,,,false,5
,G@Om|w,4,2801,,,false,5
,G@Om|w,5,2801,,,false,5
,G@Om|w,6,2871,,,false,5
,G@Om|w,7,2872,,,false,5
,G@Om|w,8,2872,,,false,5
,G@Om|w,9,2871,,,false,5
,GAG]|w,0,3362,,,false,5
,GAG]|w,1,2872,,,false,5
,GAG]|w,2,2381,,,false,5
,GAG]|w,3,2871,,,false,5
,GAG]|w,4,2381,,,false,5
,GAG]|w,5,2381,,,false,5
,GAG]|w,6,2802,,,false,5
,GAG]|w,7,2802,,,false,5
,GAG]|w,8,2872,,,false,5
,GAG]|w,9,2381,,,false,5
,G?Sv^w,0,3362,,,false,5
,G?Sv^w,1,3292,,,false,5
,G?Sv^w,2,3361,,,false,5
,G?Sv^w,3,2942,,,false,5
,G?Sv^w,4,2802,,,false,5
,G?Sv^w,5,2802,,,false,5
,G?Sv^w,6,2381,,,false,5
,G?Sv^w,7,3292,,,false,5
,G?Sv^w,8,3362,,,false,5
,G?Sv^w,9,2872,,,false,5
,G@G]UK,0,2871,,,false,5
,G@G]UK,1,2801,,,false,5
,G@G]UK,2,1891,,,false,5
,G@G]UK,3,1471,,,false,5
,G@G]UK,4,2381,,,false,5
,G@G]UK,5,1891,,,false,5
,G@G]UK,6,1961,,,false,5
,G@G]UK,7,1821,,,false,5
,G@G]UK,8,1400,,,false,5
,G@G]UK,9,1961,,,false,5
,G?KuMs,0,3292,,,false,5
,G?KuMs,1,2942,,,false,5
,G?KuMs,2,2872,,,false,5
,G?KuMs,3,2802,,,false,5
,G?KuMs,4,1891,,,false,5
,G?KuMs,5,2872,,,false,5
,G?KuMs,6,2942,,,false,5
,G?KuMs,7,2872,,,false,5
,G?KuMs,8,2802,,,false,5
,G?KuMs,9,2801,,,false,5
,G@G[yw,0,3292,,,false,4
,G@G[yw,1,2872,,,false,4
,G@G[yw,2,2872,,,false,4
,G@G[yw,3,2382,,,false,4
,G@G[yw,4,2872,,,false,4
,G@G[yw,5,1400,,,false,4
,G@G[yw,6,1891,,,false,4
,G@G[yw,7,1401,,,false,4
,G@G[yw,8,1471,,,false,4
,G@G[yw,9,1891,,,false,4
,GAKs][,0,3292,,,false,3
,GAKs][,1,1961,,,false,3
,GAKs][,2,2942,,,false,3
,GAKs][,3,2872,,,false,3
,GAKs][,4,2872,,,false,3
,GAKs][,5,2381,,,false,3
,GAKs][,6,2451,,,false,3
,GAKs][,7,2941,,,false,3
,GAKs][,8,2801,,,false,3
,GAKs][,9,2802,,,false,3
,G@IYu{,0,3292,,,false,6
,G@IYu{,1,3291,,,false,6
,G@IYu{,2,3291,,,false,6
,G@IYu{,3,2872,,,false,6
,G@IYu{,4,3362,,,false,6
,G@IYu{,5,2871,,,false,6
,G@IYu{,6,2871,,,false,6
,G@IYu{,7,3361,,,false,6
,G@IYu{,8,2871,,,false,6
,G@IYu{,9,2941,,,false,6
,GAKuZ[,0,3852,,,false,4
,GAKuZ[,1,2871,,,false,4
,GAKuZ[,2,2871,,,false,4
,GAKuZ[,3,2802,,,false,4
,GAKuZ[,4,2802,,,false,4
,GAKuZ[,5,2801,,,false,4
,GAKuZ[,6,2451,,,false,4
,GAKuZ[,7,2381,,,false,4
,GAKuZ[,8,2311,,,false,4
,GAKuZ[,9,2802,,,false,4
,GAKu\[,0,3362,,,false,3
,GAKu\[,1,2802,,,false,3
,GAKu\[,2,2872,,,false,3
,GAKu\[,3,2941,,,false,3
,GAKu\[,4,2871,,,false,3
,GAKu\[,5,2871,,,false,3
,GAKu\[,6,2802,,,false,3
,GAKu\[,7,2872,,,false,3
,GAKu\[,8,2872,,,false,3
,GAKu\[,9,2871,,,false,3
,GCKr]W,0,3362,,,false,3
,GCKr]W,1,2802,,,false,3
,GCKr]W,2,2451,,,false,3
,GCKr]W,3,2381,,,false,3
,GCKr]W,4,2451,,,false,3
,GCKr]W,5,2871,,,false,3
,GCKr]W,6,2801,,,false,3
,GCKr]W,7,2872,,,false,3
,GCKr]W,8,2872,,,false,3
,GCKr]W,9,2872,,,false,3
,GADl\s,0,2872,,,false,5
,GADl\s,1,2451,,,false,5
,GADl\s,2,2941,,,false,5
,GADl\s,3,2801,,,false,5
,GADl\s,4,2872,,,false,5
,GADl\s,5,2872,,,false,5
,GADl\s,6,2941,,,false,5
,GADl\s,7,2871,,,false,5
,GADl\s,8,2801,,,false,5
,GADl\s,9,2801,,,false,5
,G@G}m[,0,3362,,,false,6
,G@G}m[,1,3292,,,false,6
,G@G}m[,2,2801,,,false,6
,G@G}m[,3,2941,,,false,6
,G@G}m[,4,2802,,,false,6
,G@G}m[,5,2872,,,false,6
,G@G}m[,6,3292,,,false,6
,G@G}m[,7,2871,,,false,6
,G@G}m[,8,2941,,,false,6
,G@G}m[,9,2872,,,false,6
,Go@Xz{,0,2941,,,false,6
,Go@Xz{,1,2382,,,false,6
,Go@Xz{,2,2872,,,false,6
,Go@Xz{,3,2452,,,false,6
,Go@Xz{,4,2381,,,false,6
,Go@Xz{,5,2451,,,false,6
,Go@Xz{,6,2381,,,false,6
,Go@Xz{,7,2382,,,false,6
,Go@Xz{,8,2381,,,false,6
,Go@Xz{,9,2381,,,false,6
,G@K]m[,0,2871,,,false,6
,G@K]m[,1,2802,,,false,6
,G@K]m[,2,2942,,,false,6
,G@K]m[,3,2871,,,false,6
,G@K]m[,4,2801,,,false,6
,G@K]m[,5,2381,,,false,6
,G@K]m[,6,2452,,,false,6
,G@K]m[,7,2942,,,false,6
,G@K]m[,8,3712,,,false,6
,G@K]m[,9,3291,,,false,6
,G?S~Bc,0,3362,,,false,4
,G?S~Bc,1,2871,,,false,4
,G?S~Bc,2,1470,,,false,4
,G?S~Bc,3,1961,,,false,4
,G?S~Bc,4,1961,,,false,4
,G?S~Bc,5,1401,,,false,4
,G?S~Bc,6,1471,,,false,4
,G?S~Bc,7,1400,,,false,4
,G?S~Bc,8,1471,,,false,4
,G?S~Bc,9,2871,,,false,4
,GANDG{,0,2871,,,false,5
,GANDG{,1,2942,,,false,5
,GANDG{,2,2801,,,false,5
,GANDG{,3,2871,,,false,5
,GANDG{,4,1891,,,false,5
,GANDG{,5,2942,,,false,5
,GANDG{,6,2382,,,false,5
,GANDG{,7,2871,,,false,5
,GANDG{,8,2801,,,false,5
,GANDG{,9,2451,,,false,5
,GDHG~K,0,3782,,,false,6
,GDHG~K,1,3361,,,false,6
,GDHG~K,2,3361,,,false,6
,GDHG~K,3,2941,,,false,6
,GDHG~K,4,2872,,,false,6
,GDHG~K,5,3292,,,false,6
,GDHG~K,6,3292,,,false,6
,GDHG~K,7,2872,,,false,6
,GDHG~K,8,2941,,,false,6
,GDHG~K,9,2871,,,false,6
,GCDhvK,0,3432,,,false,5
,GCDhvK,1,2871,,,false,5
,GCDhvK,2,3291,,,false,5
,GCDhvK,3,2802,,,false,5
,GCDhvK,4,2802,,,false,5
,GCDhvK,5,2942,,,false,5
,GCDhvK,6,2941,,,false,5
,GCDhvK,7,2871,,,false,5
,GCDhvK,8,2871,,,false,5
,GCDhvK,9,3291,,,false,5
,G?czb[,0,2802,,,false,6
,G?czb[,1,2872,,,false,6
,G?czb[,2,2451,,,false,6
,G?czb[,3,3362,,,false,6
,G?czb[,4,2872,,,false,6
,G?czb[,5,2872,,,false,6
,G?czb[,6,2872,,,false,6
,G?czb[,7,2941,,,false,6
,G?czb[,8,2801,,,false,6
,G?czb[,9,2801,,,false,6
,G?L\f[,0,3362,,,false,6
,G?L\f[,1,2801,,,false,6
,G?L\f[,2,2872,,,false,6
,G?L\f[,3,2871,,,false,6
,G?L\f[,4,2942,,,false,6
,G?L\f[,5,3362,,,false,6
,G?L\f[,6,3291,,,false,6
,G?L\f[,7,3362,,,false,6
,G?L\f[,8,2872,,,false,6
,G?L\f[,9,2941,,,false,6
,G?Yq|s,0,3292,,,false,6
,G?Yq|s,1,2871,,,false,6
,G?Yq|s,2,2801,,,false,6
,G?Yq|s,3,2801,,,false,6
,G?Yq|s,4,2872,,,false,6
,G?Yq|s,5,2381,,,false,6
,G?Yq|s,6,2871,,,false,6
,G?Yq|s,7,2871,,,false,6
,G?Yq|s,8,2941,,,false,6
,G?Yq|s,9,3362,,,false,6
,G?cznK,0,2311,,,false,6
,G?cznK,1,2451,,,false,6
,G?cznK,2,1891,,,false,6
,G?cznK,3,2451,,,false,6
,G?cznK,4,2311,,,false,6
,G?cznK,5,2451,,,false,6
,G?cznK,6,2381,,,false,6
,G?cznK,7,2382,,,false,6
,G?cznK,8,2942,,,false,6
,G?cznK,9,3291,,,false,6
,G?V`~s,0,3922,,,false,6
,G?V`~s,1,3291,,,false,6
,G?V`~s,2,3292,,,false,6
,G?V`~s,3,2382,,,false,6
,G?V`~s,4,2381,,,false,6
,G?V`~s,5,2451,,,false,6
,G?V`~s,6,2381,,,false,6
,G?V`~s,7,3291,,,false,6
,G?V`~s,8,3292,,,false,6
,G?V`~s,9,2871,,,false,6
,G?@Htk,0,3291,,,false,6
,G?@Htk,1,2872,,,false,6
,G?@Htk,2,2382,,,false,6
,G?@Htk,3,2382,,,false,6
,G?@Htk,4,2802,,,false,6
,G?@Htk,5,2311,,,false,6
,G?@Htk,6,2872,,,false,6
,G?@Htk,7,2871,,,false,6
,G?@Htk,8,2941,,,false,6
,G?@Htk,9,2872,,,false,6
,G?hZlk,0,2451,,,false,6
,G?hZlk,1,2871,,,false,6
,G?hZlk,2,2451,,,false,6
,G?hZlk,3,2801,,,false,6
,G?hZlk,4,2381,,,false,6
,G?hZlk,5,2451,,,false,6
,G?hZlk,6,2871,,,false,6
,G?hZlk,7,2802,,,false,6
,G?hZlk,8,3362,,,false,6
,G?hZlk,9,3362,,,false,6
,G?h\rk,0,3361,,,false,6
,G?h\rk,1,3362,,,false,6
,G?h\rk,2,2451,,,false,6
,G?h\rk,3,2381,,,false,6
,G?h\rk,4,2311,,,false,6
,G?h\rk,5,2871,,,false,6
,G?h\rk,6,3362,,,false,6
,G?h\rk,7,3432,,,false,6
,G?h\rk,8,2942,,,false,6
,G?h\rk,9,2311,,,false,6
,G?ozn{,0,3712,,,false,7
,G?ozn{,1,3362,,,false,7
,G?ozn{,2,3852,,,false,7
,G?ozn{,3,3432,,,false,7
,G?ozn{,4,3782,,,false,7
,G?ozn{,5,3291,,,false,7
,G?ozn{,6,2801,,,false,7
,G?ozn{,7,2381,,,false,7
,G?ozn{,8,2451,,,false,7
,G?ozn{,9,2451,,,false,7
,G?LuZs,0,3432,,,false,6
,G?LuZs,1,3432,,,false,6
,G?LuZs,2,3362,,,false,6
,G?LuZs,3,3221,,,false,6
,G?LuZs,4,3361,,,false,6
,G?LuZs,5,2871,,,false,6
,G?LuZs,6,2871,,,false,6
,G?LuZs,7,2381,,,false,6
,G?LuZs,8,2451,,,false,6
,G?LuZs,9,2381,,,false,6
,G?Mi~k,0,3361,,,false,6
,G?Mi~k,1,2872,,,false,6
,G?Mi~k,2,2452,,,false,6
,G?Mi~k,3,2381,,,false,6
,G?Mi~k,4,3291,,,false,6
,G?Mi~k,5,2802,,,false,6
,G?Mi~k,6,2872,,,false,6
,G?Mi~k,7,2452,,,false,6
,G?Mi~k,8,2452,,,false,6
,G?Mi~k,9,2802,,,false,6
,GAEj|w,0,2942,,,false,6
,GAEj|w,1,2871,,,false,6
,GAEj|w,2,2801,,,false,6
,GAEj|w,3,2872,,,false,6
,GAEj|w,4,2872,,,false,6
,GAEj|w,5,3362,,,false,6
,GAEj|w,6,2871,,,false,6
,GAEj|w,7,2311,,,false,6
,GAEj|w,8,2381,,,false,6
,GAEj|w,9,2381,,,false,6
,G?Mz~k,0,3292,,,false,6
,G?Mz~k,1,3291,,,false,6
,G?Mz~k,2,2942,,,false,6
,G?Mz~k,3,2942,,,false,6
,G?Mz~k,4,2871,,,false,6
,G?Mz~k,5,3291,,,false,6
,G?Mz~k,6,2381,,,false,6
,G?Mz~k,7,2451,,,false,6
,G?Mz~k,8,2451,,,false,6
,G?Mz~k,9,2381,,,false,6
,G?Mzv_,0,2451,,,false,6
,G?Mzv_,1,3292,,,false,6
,G?Mzv_,2,2872,,,false,6
,G?Mzv_,3,2871,,,false,6
,G?Mzv_,4,2871,,,false,6
,G?Mzv_,5,3361,,,false,6
,G?Mzv_,6,2801,,,false,6
,G?Mzv_,7,2801,,,false,6
,G?Mzv_,8,3291,,,false,6
,G?Mzv_,9,2381,,,false,6
,G?AYpo,0,2871,,,false,3
,G?AYpo,1,2381,,,false,3
,G?AYpo,2,2451,,,false,3
,G?AYpo,3,2381,,,false,3
,G?AYpo,4,2802,,,false,3
,G?AYpo,5,2381,,,false,3
,G?AYpo,6,2381,,,false,3
,G?AYpo,7,2381,,,false,3
,G?AYpo,8,2451,,,false,3
,G?AYpo,9,2381,,,false,3
,G_GSZ_,0,2871,,,false,4
,G_GSZ_,1,2872,,,false,4
,G_GSZ_,2,2801,,,false,4
,G_GSZ_,3,2801,,,false,4
,G_GSZ_,4,2381,,,false,4
,G_GSZ_,5,2381,,,false,4
,G_GSZ_,6,2311,,,false,4
,G_GSZ_,7,2871,,,false,4
,G_GSZ_,8,2381,,,false,4
,G_GSZ_,9,2871,,,false,4
,G@`?xw,0,3291,,,false,5
,G@`?xw,1,2871,,,false,5
,G@`?xw,2,2451,,,false,5
,G@`?xw,3,2801,,,false,5
,G@`?xw,4,2872,,,false,5
,G@`?xw,5,2802,,,false,5
,G@`?xw,6,2872,,,false,5
,G@`?xw,7,2451,,,false,5
,G@`?xw,8,2801,,,false,5
,G@`?xw,9,2801,,,false,5
,GCO_~[,0,3362,,,false,6
,GCO_~[,1,2801,,,false,6
,GCO_~[,2,2942,,,false,6
,GCO_~[,3,2802,,,false,6
,GCO_~[,4,2451,,,false,6
,GCO_~[,5,2871,,,false,6
,GCO_~[,6,2801,,,false,6
,GCO_~[,7,2871,,,false,6
,GCO_~[,8,2872,,,false,6
,GCO_~[,9,2942,,,false,6
,GCO_~{,0,3782,,,false,7
,GCO_~{,1,2451,,,false,7
,GCO_~{,2,3362,,,false,7
,GCO_~{,3,3712,,,false,7
,GCO_~{,4,3782,,,false,7
,GCO_~{,5,2382,,,false,7
,GCO_~{,6,2452,,,false,7
,GCO_~{,7,2381,,,false,7
,GCO_~{,8,3292,,,false,7
,GCO_~{,9,3291,,,false,7
,GCOaxw,0,2871,,,false,5
,GCOaxw,1,1401,,,false,5
,GCOaxw,2,1401,,,false,5
,GCOaxw,3,1400,,,false,5
,GCOaxw,4,1891,,,false,5
,GCOaxw,5,2871,,,false,5
,GCOaxw,6,1891,,,false,5
,GCOaxw,7,1961,,,false,5
,GCOaxw,8,1891,,,false,5
,GCOaxw,9,1961,,,false,5
,GQ?g}K,0,2942,,,false,5
,GQ?g}K,1,2801,,,false,5
,GQ?g}K,2,2801,,,false,5
,GQ?g}K,3,2871,,,false,5
,GQ?g}K,4,2381,,,false,5
,GQ?g}K,5,2942,,,false,5
,GQ?g}K,6,2942,,,false,5
,GQ?g}K,7,2872,,,false,5
,GQ?g}K,8,2871,,,false,5
,GQ?g}K,9,2381,,,false,5
,G_l@Gk,0,2871,,,false,3
,G_l@Gk,1,2451,,,false,3
,G_l@Gk,2,2942,,,false,3
,G_l@Gk,3,2802,,,false,3
,G_l@Gk,4,2312,,,false,3
,G_l@Gk,5,2381,,,false,3
,G_l@Gk,6,2382,,,false,3
,G_l@Gk,7,2381,,,false,3
,G_l@Gk,8,2382,,,false,3
,G_l@Gk,9,2381,,,false,3
,G`GSY[,0,2942,,,false,4
,G`GSY[,1,2801,,,false,4
,G`GSY[,2,2311,,,false,4
,G`GSY[,3,2381,,,false,4
,G`GSY[,4,2941,,,false,4
,G`GSY[,5,2451,,,false,4
,G`GSY[,6,2381,,,false,4
,G`GSY[,7,2381,,,false,4
,G`GSY[,8,2311,,,false,4
,G`GSY[,9,2381,,,false,4
,G??q\s,0,3291,,,false,5
,G??q\s,1,2381,,,false,5
,G??q\s,2,2941,,,false,5
,G??q\s,3,2871,,,false,5
,G??q\s,4,2381,,,false,5
,G??q\s,5,2451,,,false,5
,G??q\s,6,2381,,,false,5
,G??q\s,7,1961,,,false,5
,G??q\s,8,2381,,,false,5
,G??q\s,9,2801,,,false,5
,G?CTZW,0,3362,,,false,5
,G?CTZW,1,2802,,,false,5
,G?CTZW,2,2801,,,false,5
,G?CTZW,3,2381,,,false,5
,G?CTZW,4,2871,,,false,5
,G?CTZW,5,2871,,,false,5
,G?CTZW,6,2381,,,false,5
,G?CTZW,7,2731,,,false,5
,G?CTZW,8,2381,,,false,5
,G?CTZW,9,2382,,,false,5
,GGCmc[,0,3292,,,false,5
,GGCmc[,1,3292,,,false,5
,GGCmc[,2,2451,,,false,5
,GGCmc[,3,2451,,,false,5
,GGCmc[,4,2871,,,false,5
,GGCmc[,5,2871,,,false,5
,GGCmc[,6,2381,,,false,5
,GGCmc[,7,2452,,,false,5
,GGCmc[,8,2871,,,false,5
,GGCmc[,9,2381,,,false,5
,GCDH^K,0,3362,,,false,5
,GCDH^K,1,3292,,,false,5
,GCDH^K,2,2871,,,false,5
,GCDH^K,3,2871,,,false,5
,GCDH^K,4,2941,,,false,5
,GCDH^K,5,2801,,,false,5
,GCDH^K,6,2802,,,false,5
,GCDH^K,7,2942,,,false,5
,GCDH^K,8,2381,,,false,5
,GCDH^K,9,2941,,,false,5
,GCDH^[,0,3432,,,false,6
,GCDH^[,1,2871,,,false,6
,GCDH^[,2,2801,,,false,6
,GCDH^[,3,2801,,,false,6
,GCDH^[,4,2942,,,false,6
,GCDH^[,5,2451,,,false,6
,GCDH^[,6,2941,,,false,6
,GCDH^[,7,2801,,,false,6
,GCDH^[,8,2871,,,false,6
,GCDH^[,9,2872,,,false,6
,G`GR[{,0,3292,,,false,6
,G`GR[{,1,3292,,,false,6
,G`GR[{,2,2941,,,false,6
,G`GR[{,3,2942,,,false,6
,G`GR[{,4,2872,,,false,6
,G`GR[{,5,2871,,,false,6
,G`GR[{,6,2871,,,false,6
,G`GR[{,7,2941,,,false,6
,G`GR[{,8,2872,,,false,6
,G`GR[{,9,2872,,,false,6
,GG_q|{,0,2872,,,false,6
,GG_q|{,1,2871,,,false,6
,GG_q|{,2,2801,,,false,6
,GG_q|{,3,2381,,,false,6
,GG_q|{,4,2941,,,false,6
,GG_q|{,5,2381,,,false,6
,GG_q|{,6,2381,,,false,6
,GG_q|{,7,2452,,,false,6
,GG_q|{,8,2872,,,false,6
,GG_q|{,9,2452,,,false,6
,Go?Ax{,0,2941,,,false,5
,Go?Ax{,1,2381,,,false,5
,Go?Ax{,2,2801,,,false,5
,Go?Ax{,3,2872,,,false,5
,Go?Ax{,4,2872,,,false,5
,Go?Ax{,5,2452,,,false,5
,Go?Ax{,6,2381,,,false,5
,Go?Ax{,7,2872,,,false,5
,Go?Ax{,8,2801,,,false,5
,Go?Ax{,9,1961,,,false,5
,G??i|s,0,2801,,,false,6
,G??i|s,1,2802,,,false,6
,G??i|s,2,2872,,,false,6
,G??i|s,3,2452,,,false,6
,G??i|s,4,2381,,,false,6
,G??i|s,5,2872,,,false,6
,G??i|s,6,2801,,,false,6
,G??i|s,7,2451,,,false,6
,G??i|s,8,2941,,,false,6
,G??i|s,9,3292,,,false,6
,G@dTZ[,0,3782,,,false,4
,G@dTZ[,1,2802,,,false,4
,G@dTZ[,2,1401,,,false,4
,G@dTZ[,3,2381,,,false,4
,G@dTZ[,4,1891,,,false,4
,G@dTZ[,5,2941,,,false,4
,G@dTZ[,6,1891,,,false,4
,G@dTZ[,7,2872,,,false,4
,G@dTZ[,8,1891,,,false,4
,G@dTZ[,9,2451,,,false,4
,GGgq{{,0,3432,,,false,3
,GGgq{{,1,2801,,,false,3
,GGgq{{,2,2941,,,false,3
,GGgq{{,3,2871,,,false,3
,GGgq{{,4,2381,,,false,3
,GGgq{{,5,2381,,,false,3
,GGgq{{,6,1891,,,false,3
,GGgq{{,7,2871,,,false,3
,GGgq{{,8,2941,,,false,3
,GGgq{{,9,2872,,,false,3
,GAcr\{,0,2381,,,false,6
,GAcr\{,1,2311,,,false,6
,GAcr\{,2,2381,,,false,6
,GAcr\{,3,2381,,,false,6
,GAcr\{,4,2871,,,false,6
,GAcr\{,5,2942,,,false,6
,GAcr\{,6,2452,,,false,6
,GAcr\{,7,2872,,,false,6
,GAcr\{,8,2872,,,false,6
,GAcr\{,9,3362,,,false,6
,G@UJh{,0,3291,,,false,4
,G@UJh{,1,2871,,,false,4
,G@UJh{,2,2871,,,false,4
,G@UJh{,3,2872,,,false,4
,G@UJh{,4,1891,,,false,4
,G@UJh{,5,2941,,,false,4
,G@UJh{,6,2801,,,false,4
,G@UJh{,7,1961,,,false,4
,G@UJh{,8,2451,,,false,4
,G@UJh{,9,2801,,,false,4
,GCOzs{,0,3362,,,false,4
,GCOzs{,1,2872,,,false,4
,GCOzs{,2,3292,,,false,4
,GCOzs{,3,2452,,,false,4
,GCOzs{,4,2801,,,false,4
,GCOzs{,5,2381,,,false,4
,GCOzs{,6,2871,,,false,4
,GCOzs{,7,2872,,,false,4
,GCOzs{,8,2312,,,false,4
,GCOzs{,9,2871,,,false,4
,G@Qi|s,0,3712,,,false,6
,G@Qi|s,1,3362,,,false,6
,G@Qi|s,2,2871,,,false,6
,G@Qi|s,3,3361,,,false,6
,G@Qi|s,4,2871,,,false,6
,G@Qi|s,5,2801,,,false,6
,G@Qi|s,6,3361,,,false,6
,G@Qi|s,7,3362,,,false,6
,G@Qi|s,8,2941,,,false,6
,G@Qi|s,9,3362,,,false,6
,GAJax{,0,3432,,,false,6
,GAJax{,1,3431,,,false,6
,GAJax{,2,2871,,,false,6
,GAJax{,3,2381,,,false,6
,GAJax{,4,2381,,,false,6
,GAJax{,5,2451,,,false,6
,GAJax{,6,2451,,,false,6
,GAJax{,7,2381,,,false,6
,GAJax{,8,2451,,,false,6
,GAJax{,9,2801,,,false,6
,G@P\^k,0,2872,,,false,6
,G@P\^k,1,2802,,,false,6
,G@P\^k,2,2382,,,false,6
,G@P\^k,3,2451,,,false,6
,G@P\^k,4,2381,,,false,6
,G@P\^k,5,2381,,,false,6
,G@P\^k,6,2381,,,false,6
,G@P\^k,7,2871,,,false,6
,G@P\^k,8,2451,,,false,6
,G@P\^k,9,3361,,,false,6
,GAIZ~w,0,2872,,,false,5
,GAIZ~w,1,2311,,,false,5
,GAIZ~w,2,2871,,,false,5
,GAIZ~w,3,2941,,,false,5
,GAIZ~w,4,2451,,,false,5
,GAIZ~w,5,2871,,,false,5
,GAIZ~w,6,2311,,,false,5
,GAIZ~w,7,2311,,,false,5
,GAIZ~w,8,2871,,,false,5
,GAIZ~w,9,2872,,,false,5
,GAMPY[,0,3782,,,false,5
,GAMPY[,1,2801,,,false,5
,GAMPY[,2,2451,,,false,5
,GAMPY[,3,1471,,,false,5
,GAMPY[,4,2871,,,false,5
,GAMPY[,5,2802,,,false,5
,GAMPY[,6,2872,,,false,5
,GAMPY[,7,2871,,,false,5
,GAMPY[,8,2381,,,false,5
,GAMPY[,9,2381,,,false,5
,GAcpZ[,0,3432,,,false,5
,GAcpZ[,1,2871,,,false,5
,GAcpZ[,2,2871,,,false,5
,GAcpZ[,3,2801,,,false,5
,GAcpZ[,4,2871,,,false,5
,GAcpZ[,5,2941,,,false,5
,GAcpZ[,6,2871,,,false,5
,GAcpZ[,7,2801,,,false,5
,GAcpZ[,8,2941,,,false,5
,GAcpZ[,9,2872,,,false,5
,GAHXvK,0,3362,,,false,6
,GAHXvK,1,2871,,,false,6
,GAHXvK,2,2451,,,false,6
,GAHXvK,3,2871,,,false,6
,GAHXvK,4,2802,,,false,6
,GAHXvK,5,2802,,,false,6
,GAHXvK,6,2871,,,false,6
,GAHXvK,7,2451,,,false,6
,GAHXvK,8,2871,,,false,6
,GAHXvK,9,3291,,,false,6
,GAHkzs,0,3362,,,false,6
,GAHkzs,1,3222,,,false,6
,GAHkzs,2,2802,,,false,6
,GAHkzs,3,2381,,,false,6
,GAHkzs,4,3432,,,false,6
,GAHkzs,5,2382,,,false,6
,GAHkzs,6,3292,,,false,6
,GAHkzs,7,2801,,,false,6
,GAHkzs,8,3361,,,false,6
,GAHkzs,9,2871,,,false,6
,GOPXvk,0,2941,,,false,6
,GOPXvk,1,2871,,,false,6
,GOPXvk,2,2802,,,false,6
,GOPXvk,3,2451,,,false,6
,GOPXvk,4,2381,,,false,6
,GOPXvk,5,2942,,,false,6
,GOPXvk,6,2942,,,false,6
,GOPXvk,7,2871,,,false,6
,GOPXvk,8,3291,,,false,6
,GOPXvk,9,2802,,,false,6
,G?BDz{,0,3361,,,false,6
,G?BDz{,1,2872,,,false,6
,G?BDz{,2,2942,,,false,6
,G?BDz{,3,2872,,,false,6
,G?BDz{,4,2872,,,false,6
,G?BDz{,5,2801,,,false,6
,G?BDz{,6,2801,,,false,6
,G?BDz{,7,3362,,,false,6
,G?BDz{,8,2941,,,false,6
,G?BDz{,9,2871,,,false,6
,G@O|}w,0,2941,,,false,5
,G@O|}w,1,2801,,,false,5
,G@O|}w,2,2801,,,false,5
,G@O|}w,3,2311,,,false,5
,G@O|}w,4,2871,,,false,5
,G@O|}w,5,3362,,,false,5
,G@O|}w,6,2941,,,false,5
,G@O|}w,7,3362,,,false,5
,G@O|}w,8,3292,,,false,5
,G@O|}w,9,2872,,,false,5
,GQAzu[,0,3222,,,false,5
,GQAzu[,1,2872,,,false,5
,GQAzu[,2,3362,,,false,5
,GQAzu[,3,2871,,,false,5
,GQAzu[,4,2871,,,false,5
,GQAzu[,5,2871,,,false,5
,GQAzu[,6,2872,,,false,5
,GQAzu[,7,3362,,,false,5
,GQAzu[,8,3362,,,false,5
,GQAzu[,9,2871,,,false,5
,GAJ\r{,0,2801,,,false,5
,GAJ\r{,1,2801,,,false,5
,GAJ\r{,2,2872,,,false,5
,GAJ\r{,3,2872,,,false,5
,GAJ\r{,4,3362,,,false,5
,GAJ\r{,5,2871,,,false,5
,GAJ\r{,6,2801,,,false,5
,GAJ\r{,7,3292,,,false,5
,GAJ\r{,8,3362,,,false,5
,GAJ\r{,9,2941,,,false,5
,G_hP_[,0,3361,,,false,5
,G_hP_[,1,2941,,,false,5
,G_hP_[,2,1891,,,false,5
,G_hP_[,3,1401,,,false,5
,G_hP_[,4,2731,,,false,5
,G_hP_[,5,2381,,,false,5
,G_hP_[,6,1891,,,false,5
,G_hP_[,7,1471,,,false,5
,G_hP_[,8,2801,,,false,5
,G_hP_[,9,2872,,,false,5
,GCUb?{,0,3362,,,false,5
,GCUb?{,1,2802,,,false,5
,GCUb?{,2,2871,,,false,5
,GCUb?{,3,2871,,,false,5
,GCUb?{,4,2871,,,false,5
,GCUb?{,5,2871,,,false,5
,GCUb?{,6,1961,,,false,5
,GCUb?{,7,2871,,,false,5
,GCUb?{,8,2381,,,false,5
,GCUb?{,9,2451,,,false,5
,Gp@Gzo,0,3291,,,false,5
,Gp@Gzo,1,2872,,,false,5
,Gp@Gzo,2,1471,,,false,5
,Gp@Gzo,3,2871,,,false,5
,Gp@Gzo,4,1400,,,false,5
,Gp@Gzo,5,2872,,,false,5
,Gp@Gzo,6,2871,,,false,5
,Gp@Gzo,7,2451,,,false,5
,Gp@Gzo,8,2871,,,false,5
,Gp@Gzo,9,1821,,,false,5
,GoDPZ{,0,2381,,,false,6
,GoDPZ{,1,2381,,,false,6
,GoDPZ{,2,2381,,,false,6
,GoDPZ{,3,2381,,,false,6
,GoDPZ{,4,2381,,,false,6
,GoDPZ{,5,2941,,,false,6
,GoDPZ{,6,3292,,,false,6
,GoDPZ{,7,3292,,,false,6
,GoDPZ{,8,3362,,,false,6
,GoDPZ{,9,2871,,,false,6
,GaIHg{,0,3291,,,false,5
,GaIHg{,1,2872,,,false,5
,GaIHg{,2,2451,,,false,5
,GaIHg{,3,2942,,,false,5
,GaIHg{,4,2381,,,false,5
,GaIHg{,5,2871,,,false,5
,GaIHg{,6,2871,,,false,5
,GaIHg{,7,2942,,,false,5
,GaIHg{,8,1471,,,false,5
,GaIHg{,9,2871,,,false,5
,GGUTX{,0,3362,,,false,6
,GGUTX{,1,3362,,,false,6
,GGUTX{,2,3291,,,false,6
,GGUTX{,3,2871,,,false,6
,GGUTX{,4,2871,,,false,6
,GGUTX{,5,2871,,,false,6
,GGUTX{,6,2802,,,false,6
,GGUTX{,7,2872,,,false,6
,GGUTX{,8,3292,,,false,6
,GGUTX{,9,2941,,,false,6
,G?Baps,0,2871,,,false,5
,G?Baps,1,2872,,,false,5
,G?Baps,2,2872,,,false,5
,G?Baps,3,2802,,,false,5
,G?Baps,4,2381,,,false,5
,G?Baps,5,2451,,,false,5
,G?Baps,6,2872,,,false,5
,G?Baps,7,4272,,,false,5
,G?Baps,8,2801,,,false,5
,G?Baps,9,2802,,,false,5
,G??X~G,0,3362,,,false,6
,G??X~G,1,2872,,,false,6
,G??X~G,2,2942,,,false,6
,G??X~G,3,2871,,,false,6
,G??X~G,4,2381,,,false,6
,G??X~G,5,2871,,,false,6
,G??X~G,6,2801,,,false,6
,G??X~G,7,2871,,,false,6
,G??X~G,8,2942,,,false,6
,G??X~G,9,2872,,,false,6
,G@hSz[,0,2942,,,false,6
,G@hSz[,1,3782,,,false,6
,G@hSz[,2,2872,,,false,6
,G@hSz[,3,3292,,,false,6
,G@hSz[,4,2381,,,false,6
,G@hSz[,5,2942,,,false,6
,G@hSz[,6,3292,,,false,6
,G@hSz[,7,2871,,,false,6
,G@hSz[,8,2871,,,false,6
,G@hSz[,9,2872,,,false,6
,GqGUXw,0,3432,,,false,4
,GqGUXw,1,2871,,,false,4
,GqGUXw,2,2941,,,false,4
,GqGUXw,3,2801,,,false,4
,GqGUXw,4,2802,,,false,4
,GqGUXw,5,2942,,,false,4
,GqGUXw,6,2872,,,false,4
,GqGUXw,7,2941,,,false,4
,GqGUXw,8,2871,,,false,4
,GqGUXw,9,3292,,,false,4
,GGMP}w,0,3291,,,false,5
,GGMP}w,1,2802,,,false,5
,GGMP}w,2,2802,,,false,5
,GGMP}w,3,2801,,,false,5
,GGMP}w,4,2941,,,false,5
,GGMP}w,5,2941,,,false,5
,GGMP}w,6,2942,,,false,5
,GGMP}w,7,2872,,,false,5
,GGMP}w,8,3362,,,false,5
,GGMP}w,9,2941,,,false,5
,G@hP~w,0,2872,,,false,6
,G@hP~w,1,2942,,,false,6
,G@hP~w,2,3361,,,false,6
,G@hP~w,3,3292,,,false,6
,G@hP~w,4,3292,,,false,6
,G@hP~w,5,3362,,,false,6
,G@hP~w,6,3431,,,false,6
,G@hP~w,7,2802,,,false,6
,G@hP~w,8,2871,,,false,6
,G@hP~w,9,3291,,,false,6
,GaClz{,0,2802,,,false,6
,GaClz{,1,2871,,,false,6
,GaClz{,2,2871,,,false,6
,GaClz{,3,2941,,,false,6
,GaClz{,4,2872,,,false,6
,GaClz{,5,2801,,,false,6
,GaClz{,6,2871,,,false,6
,GaClz{,7,2942,,,false,6
,GaClz{,8,2871,,,false,6
,GaClz{,9,2871,,,false,6
,GBIM~w,0,2872,,,false,5
,GBIM~w,1,2801,,,false,5
,GBIM~w,2,3361,,,false,5
,GBIM~w,3,2802,,,false,5
,GBIM~w,4,3362,,,false,5
,GBIM~w,5,3292,,,false,5
,GBIM~w,6,2801,,,false,5
,GBIM~w,7,2802,,,false,5
,GBIM~w,8,2871,,,false,5
,GBIM~w,9,3362,,,false,5
,G?AZRk,0,2872,,,false,4
,G?AZRk,1,2872,,,false,4
,G?AZRk,2,2872,,,false,4
,G?AZRk,3,2381,,,false,4
,G?AZRk,4,2801,,,false,4
,G?AZRk,5,2381,,,false,4
,G?AZRk,6,2451,,,false,4
,G?AZRk,7,2871,,,false,4
,G?AZRk,8,2872,,,false,4
,G?AZRk,9,2872,,,false,4
,G?AZVk,0,3361,,,false,6
,G?AZVk,1,3361,,,false,6
,G?AZVk,2,3362,,,false,6
,G?AZVk,3,3432,,,false,6
,G?AZVk,4,2871,,,false,6
,G?AZVk,5,2801,,,false,6
,G?AZVk,6,2451,,,false,6
,G?AZVk,7,2871,,,false,6
,G?AZVk,8,2872,,,false,6
,G?AZVk,9,2382,,,false,6
,GALel[,0,2942,,,false,6
,GALel[,1,2382,,,false,6
,GALel[,2,3292,,,false,6
,GALel[,3,2801,,,false,6
,GALel[,4,2872,,,false,6
,GALel[,5,2871,,,false,6
,GALel[,6,2451,,,false,6
,GALel[,7,2381,,,false,6
,GALel[,8,2311,,,false,6
,GALel[,9,2311,,,false,6
,G@TtU[,0,2871,,,false,5
,G@TtU[,1,2802,,,false,5
,G@TtU[,2,2941,,,false,5
,G@TtU[,3,2871,,,false,5
,G@TtU[,4,2872,,,false,5
,G@TtU[,5,2942,,,false,5
,G@TtU[,6,3292,,,false,5
,G@TtU[,7,2871,,,false,5
,G@TtU[,8,2451,,,false,5
,G@TtU[,9,2801,,,false,5
,GIEht{,0,2941,,,false,6
,GIEht{,1,3291,,,false,6
,GIEht{,2,3292,,,false,6
,GIEht{,3,2801,,,false,6
,GIEht{,4,2871,,,false,6
,GIEht{,5,2871,,,false,6
,GIEht{,6,2872,,,false,6
,GIEht{,7,2801,,,false,6
,GIEht{,8,2871,,,false,6
,GIEht{,9,2942,,,false,6
,GAYXzk,0,3362,,,false,6
,GAYXzk,1,2871,,,false,6
,GAYXzk,2,2871,,,false,6
,GAYXzk,3,3292,,,false,6
,GAYXzk,4,2802,,,false,6
,GAYXzk,5,2871,,,false,6
,GAYXzk,6,2871,,,false,6
,GAYXzk,7,2802,,,false,6
,GAYXzk,8,2801,,,false,6
,GAYXzk,9,2871,,,false,6
,G@Xs}{,0,3291,,,false,4
,G@Xs}{,1,3292,,,false,4
,G@Xs}{,2,2942,,,false,4
,G@Xs}{,3,2801,,,false,4
,G@Xs}{,4,2871,,,false,4
,G@Xs}{,5,2801,,,false,4
,G@Xs}{,6,2872,,,false,4
,G@Xs}{,7,2942,,,false,4
,G@Xs}{,8,2871,,,false,4
,G@Xs}{,9,2801,,,false,4
,GG]Pm[,0,2872,,,false,6
,GG]Pm[,1,2801,,,false,6
,GG]Pm[,2,2941,,,false,6
,GG]Pm[,3,3361,,,false,6
,GG]Pm[,4,2942,,,false,6
,GG]Pm[,5,2872,,,false,6
,GG]Pm[,6,2802,,,false,6
,GG]Pm[,7,2872,,,false,6
,GG]Pm[,8,2872,,,false,6
,GG]Pm[,9,3432,,,false,6
,G@h[z[,0,3781,,,false,6
,G@h[z[,1,2942,,,false,6
,G@h[z[,2,3292,,,false,6
,G@h[z[,3,3221,,,false,6
,G@h[z[,4,3362,,,false,6
,G@h[z[,5,2942,,,false,6
,G@h[z[,6,2941,,,false,6
,G@h[z[,7,2872,,,false,6
,G@h[z[,8,3292,,,false,6
,G@h[z[,9,3361,,,false,6
,GILe|{,0,3852,,,false,6
,GILe|{,1,3292,,,false,6
,GILe|{,2,3292,,,false,6
,GILe|{,3,3431,,,false,6
,GILe|{,4,3362,,,false,6
,GILe|{,5,3432,,,false,6
,GILe|{,6,3291,,,false,6
,GILe|{,7,3362,,,false,6
,GILe|{,8,2941,,,false,6
,GILe|{,9,3361,,,false,6
,GGS}|{,0,3922,,,false,6
,GGS}|{,1,3292,,,false,6
,GGS}|{,2,3361,,,false,6
,GGS}|{,3,3291,,,false,6
,GGS}|{,4,3362,,,false,6
,GGS}|{,5,2871,,,false,6
,GGS}|{,6,3361,,,false,6
,GGS}|{,7,2872,,,false,6
,GGS}|{,8,2872,,,false,6
,GGS}|{,9,2451,,,false,6
,GALt]s,0,3362,,,false,6
,GALt]s,1,3432,,,false,6
,GALt]s,2,2872,,,false,6
,GALt]s,3,2872,,,false,6
,GALt]s,4,2801,,,false,6
,GALt]s,5,2941,,,false,6
,GALt]s,6,3432,,,false,6
,GALt]s,7,3362,,,false,6
,GALt]s,8,2801,,,false,6
,GALt]s,9,3222,,,false,6
,GGUp}{,0,3782,,,false,5
,GGUp}{,1,3362,,,false,5
,GGUp}{,2,2872,,,false,5
,GGUp}{,3,2451,,,false,5
,GGUp}{,4,2871,,,false,5
,GGUp}{,5,2871,,,false,5
,GGUp}{,6,3291,,,false,5
,GGUp}{,7,2871,,,false,5
,GGUp}{,8,2941,,,false,5
,GGUp}{,9,2871,,,false,5
,GONR}{,0,2871,,,false,6
,GONR}{,1,3362,,,false,6
,GONR}{,2,3362,,,false,6
,GONR}{,3,2942,,,false,6
,GONR}{,4,3362,,,false,6
,GONR}{,5,3362,,,false,6
,GONR}{,6,3362,,,false,6
,GONR}{,7,3292,,,false,6
,GONR}{,8,2802,,,false,6
,GONR}{,9,3292,,,false,6
,G?Bax{,0,2801,,,false,6
,G?Bax{,1,2871,,,false,6
,G?Bax{,2,3361,,,false,6
,G?Bax{,3,3431,,,false,6
,G?Bax{,4,3361,,,false,6
,G?Bax{,5,2801,,,false,6
,G?Bax{,6,2801,,,false,6
,G?Bax{,7,2942,,,false,6
,G?Bax{,8,2942,,,false,6
,G?Bax{,9,2872,,,false,6
,G?AZ^k,0,2802,,,false,6
,G?AZ^k,1,3361,,,false,6
,G?AZ^k,2,2871,,,false,6
,G?AZ^k,3,3221,,,false,6
,G?AZ^k,4,2801,,,false,6
,G?AZ^k,5,2942,,,false,6
,G?AZ^k,6,2872,,,false,6
,G?AZ^k,7,3362,,,false,6
,G?AZ^k,8,2872,,,false,6
,G?AZ^k,9,2802,,,false,6
,GCSzzw,0,3362,,,false,5
,GCSzzw,1,3292,,,false,5
,GCSzzw,2,3361,,,false,5
,GCSzzw,3,2941,,,false,5
,GCSzzw,4,2382,,,false,5
,GCSzzw,5,2871,,,false,5
,GCSzzw,6,2451,,,false,5
,GCSzzw,7,2872,,,false,5
,GCSzzw,8,2381,,,false,5
,GCSzzw,9,2871,,,false,5
,GAkzn[,0,3292,,,false,5
,GAkzn[,1,2871,,,false,5
,GAkzn[,2,2871,,,false,5
,GAkzn[,3,2942,,,false,5
,GAkzn[,4,2872,,,false,5
,GAkzn[,5,2801,,,false,5
,GAkzn[,6,2871,,,false,5
,GAkzn[,7,2871,,,false,5
,GAkzn[,8,2942,,,false,5
,GAkzn[,9,2802,,,false,5
,GEL\Z[,0,3432,,,false,4
,GEL\Z[,1,3292,,,false,4
,GEL\Z[,2,2801,,,false,4
,GEL\Z[,3,3291,,,false,4
,GEL\Z[,4,2871,,,false,4
,GEL\Z[,5,2942,,,false,4
,GEL\Z[,6,2871,,,false,4
,GEL\Z[,7,2871,,,false,4
,GEL\Z[,8,2872,,,false,4
,GEL\Z[,9,2942,,,false,4
,GBd\Z[,0,2801,,,false,4
,GBd\Z[,1,2871,,,false,4
,GBd\Z[,2,2871,,,false,4
,GBd\Z[,3,2872,,,false,4
,GBd\Z[,4,2871,,,false,4
,GBd\Z[,5,2802,,,false,4
,GBd\Z[,6,2872,,,false,4
,GBd\Z[,7,2871,,,false,4
,GBd\Z[,8,2871,,,false,4
,GBd\Z[,9,2871,,,false,4
,GANe|w,0,2801,,,false,5
,GANe|w,1,2802,,,false,5
,GANe|w,2,3362,,,false,5
,GANe|w,3,2871,,,false,5
,GANe|w,4,2941,,,false,5
,GANe|w,5,3361,,,false,5
,GANe|w,6,2871,,,false,5
,GANe|w,7,2871,,,false,5
,GANe|w,8,3292,,,false,5
,GANe|w,9,2872,,,false,5
,GES|^[,0,3432,,,false,5
,GES|^[,1,3432,,,false,5
,GES|^[,2,3291,,,false,5
,GES|^[,3,2801,,,false,5
,GES|^[,4,2872,,,false,5
,GES|^[,5,2872,,,false,5
,GES|^[,6,2872,,,false,5
,GES|^[,7,2871,,,false,5
,GES|^[,8,2801,,,false,5
,GES|^[,9,2801,,,false,5
,GBM^]{,0,3362,,,false,5
,GBM^]{,1,3292,,,false,5
,GBM^]{,2,2871,,,false,5
,GBM^]{,3,2872,,,false,5
,GBM^]{,4,2871,,,false,5
,GBM^]{,5,3291,,,false,5
,GBM^]{,6,3361,,,false,5
,GBM^]{,7,3361,,,false,5
,GBM^]{,8,3361,,,false,5
,GBM^]{,9,3431,,,false,5
,GDXcy{,0,2941,,,false,4
,GDXcy{,1,3362,,,false,4
,GDXcy{,2,2871,,,false,4
,GDXcy{,3,2872,,,false,4
,GDXcy{,4,2872,,,false,4
,GDXcy{,5,2872,,,false,4
,GDXcy{,6,2942,,,false,4
,GDXcy{,7,2802,,,false,4
,GDXcy{,8,2801,,,false,4
,GDXcy{,9,2871,,,false,4
,GCXtuw,0,3712,,,false,6
,GCXtuw,1,3362,,,false,6
,GCXtuw,2,2941,,,false,6
,GCXtuw,3,2871,,,false,6
,GCXtuw,4,2802,,,false,6
,GCXtuw,5,2732,,,false,6
,GCXtuw,6,2801,,,false,6
,GCXtuw,7,2801,,,false,6
,GCXtuw,8,2871,,,false,6
,GCXtuw,9,2802,,,false,6
,GIG\[w,0,3361,,,false,4
,GIG\[w,1,2801,,,false,4
,GIG\[w,2,2801,,,false,4
,GIG\[w,3,2802,,,false,4
,GIG\[w,4,2452,,,false,4
,GIG\[w,5,2872,,,false,4
,GIG\[w,6,2381,,,false,4
,GIG\[w,7,2871,,,false,4
,GIG\[w,8,2801,,,false,4
,GIG\[w,9,2871,,,false,4
,GQGX}W,0,3292,,,false,4
,GQGX}W,1,2871,,,false,4
,GQGX}W,2,2941,,,false,4
,GQGX}W,3,2802,,,false,4
,GQGX}W,4,2801,,,false,4
,GQGX}W,5,2871,,,false,4
,GQGX}W,6,2871,,,false,4
,GQGX}W,7,2871,,,false,4
,GQGX}W,8,2802,,,false,4
,GQGX}W,9,2872,,,false,4
,G`GZ[w,0,3292,,,false,4
,G`GZ[w,1,2872,,,false,4
,G`GZ[w,2,3362,,,false,4
,G`GZ[w,3,2871,,,false,4
,G`GZ[w,4,2871,,,false,4
,G`GZ[w,5,3292,,,false,4
,G`GZ[w,6,2802,,,false,4
,G`GZ[w,7,2871,,,false,4
,G`GZ[w,8,2801,,,false,4
,G`GZ[w,9,2872,,,false,4
,GHFKvK,0,3361,,,false,4
,GHFKvK,1,2871,,,false,4
,GHFKvK,2,10435,,,false,4
,GHFKvK,3,2381,,,false,4
,GHFKvK,4,2871,,,false,4
,GHFKvK,5,3361,,,false,4
,GHFKvK,6,2872,,,false,4
,GHFKvK,7,3292,,,false,4
,GHFKvK,8,2871,,,false,4
,GHFKvK,9,3362,,,false,4
,G_[sj[,0,3362,,,false,4
,G_[sj[,1,2871,,,false,4
,G_[sj[,2,2871,,,false,4
,G_[sj[,3,2802,,,false,4
,G_[sj[,4,3362,,,false,4
,G_[sj[,5,2801,,,false,4
,G_[sj[,6,2941,,,false,4
,G_[sj[,7,2871,,,false,4
,G_[sj[,8,2872,,,false,4
,G_[sj[,9,2872,,,false,4
,G_[sn[,0,3292,,,false,6
,G_[sn[,1,3362,,,false,6
,G_[sn[,2,3361,,,false,6
,G_[sn[,3,3432,,,false,6
,G_[sn[,4,3362,,,false,6
,G_[sn[,5,3222,,,false,6
,G_[sn[,6,3292,,,false,6
,G_[sn[,7,3291,,,false,6
,G_[sn[,8,3362,,,false,6
,G_[sn[,9,2872,,,false,6
,GcCzR{,0,3361,,,false,6
,GcCzR{,1,2941,,,false,6
,GcCzR{,2,2451,,,false,6
,GcCzR{,3,2311,,,false,6
,GcCzR{,4,3362,,,false,6
,GcCzR{,5,2941,,,false,6
,GcCzR{,6,2871,,,false,6
,GcCzR{,7,3292,,,false,6
,GcCzR{,8,3292,,,false,6
,GcCzR{,9,2941,,,false,6
,GKKmi{,0,3292,,,false,5
,GKKmi{,1,1891,,,false,5
,GKKmi{,2,3362,,,false,5
,GKKmi{,3,3292,,,false,5
,GKKmi{,4,3291,,,false,5
,GKKmi{,5,2871,,,false,5
,GKKmi{,6,2872,,,false,5
,GKKmi{,7,3362,,,false,5
,GKKmi{,8,2871,,,false,5
,GKKmi{,9,2871,,,false,5
,GALt^s,0,3361,,,false,4
,GALt^s,1,2872,,,false,4
,GALt^s,2,3292,,,false,4
,GALt^s,3,2871,,,false,4
,GALt^s,4,2871,,,false,4
,GALt^s,5,2802,,,false,4
,GALt^s,6,3362,,,false,4
,GALt^s,7,2941,,,false,4
,GALt^s,8,3432,,,false,4
,GALt^s,9,2872,,,false,4
,GqAix{,0,3291,,,false,6
,GqAix{,1,3362,,,false,6
,GqAix{,2,3292,,,false,6
,GqAix{,3,3291,,,false,6
,GqAix{,4,3292,,,false,6
,GqAix{,5,3362,,,false,6
,GqAix{,6,2941,,,false,6
,GqAix{,7,2802,,,false,6
,GqAix{,8,3292,,,false,6
,GqAix{,9,3291,,,false,6
,GEHkzs,0,2451,,,false,6
,GEHkzs,1,3362,,,false,6
,GEHkzs,2,2941,,,false,6
,GEHkzs,3,3361,,,false,6
,GEHkzs,4,2942,,,false,6
,GEHkzs,5,2872,,,false,6
,GEHkzs,6,3292,,,false,6
,GEHkzs,7,3291,,,false,6
,GEHkzs,8,3361,,,false,6
,GEHkzs,9,2871,,,false,6
,GAjP~s,0,2942,,,false,4
,GAjP~s,1,3361,,,false,4
,GAjP~s,2,2871,,,false,4
,GAjP~s,3,3292,,,false,4
,GAjP~s,4,2801,,,false,4
,GAjP~s,5,2941,,,false,4
,GAjP~s,6,2941,,,false,4
,GAjP~s,7,2871,,,false,4
,GAjP~s,8,2802,,,false,4
,GAjP~s,9,3222,,,false,4
,G@W}]k,0,2871,,,false,6
,G@W}]k,1,3292,,,false,6
,G@W}]k,2,3362,,,false,6
,G@W}]k,3,3361,,,false,6
,G@W}]k,4,3361,,,false,6
,G@W}]k,5,3362,,,false,6
,G@W}]k,6,3292,,,false,6
,G@W}]k,7,2871,,,false,6
,G@W}]k,8,3432,,,false,6
,G@W}]k,9,3432,,,false,6
,GCLZ\[,0,2872,,,false,6
,GCLZ\[,1,3361,,,false,6
,GCLZ\[,2,2872,,,false,6
,GCLZ\[,3,3362,,,false,6
,GCLZ\[,4,3291,,,false,6
,GCLZ\[,5,2942,,,false,6
,GCLZ\[,6,3292,,,false,6
,GCLZ\[,7,3291,,,false,6
,GCLZ\[,8,2941,,,false,6
,GCLZ\[,9,3362,,,false,6
,GAY\Zk,0,2942,,,false,6
,GAY\Zk,1,3361,,,false,6
,GAY\Zk,2,3432,,,false,6
,GAY\Zk,3,2871,,,false,6
,GAY\Zk,4,3291,,,false,6
,GAY\Zk,5,2871,,,false,6
,GAY\Zk,6,3432,,,false,6
,GAY\Zk,7,2941,,,false,6
,GAY\Zk,8,2871,,,false,6
,GAY\Zk,9,2802,,,false,6
,G@qi~k,0,2801,,,false,5
,G@qi~k,1,3292,,,false,5
,G@qi~k,2,2802,,,false,5
,G@qi~k,3,2941,,,false,5
,G@qi~k,4,2941,,,false,5
,G@qi~k,5,2871,,,false,5
,G@qi~k,6,2801,,,false,5
,G@qi~k,7,3292,,,false,5
,G@qi~k,8,2941,,,false,5
,G@qi~k,9,2941,,,false,5
,G_hX~{,0,3852,,,false,7
,G_hX~{,1,3781,,,false,7
,G_hX~{,2,2872,,,false,7
,G_hX~{,3,3221,,,false,7
,G_hX~{,4,2871,,,false,7
,G_hX~{,5,2942,,,false,7
,G_hX~{,6,2872,,,false,7
,G_hX~{,7,2872,,,false,7
,G_hX~{,8,2941,,,false,7
,G_hX~{,9,2871,,,false,7
,GAMnnw,0,3362,,,false,5
,GAMnnw,1,3362,,,false,5
,GAMnnw,2,2451,,,false,5
,GAMnnw,3,2872,,,false,5
,GAMnnw,4,2802,,,false,5
,GAMnnw,5,2871,,,false,5
,GAMnnw,6,2871,,,false,5
,GAMnnw,7,2451,,,false,5
,GAMnnw,8,2381,,,false,5
,GAMnnw,9,2381,,,false,5
,G_Mz~k,0,2871,,,false,6
,G_Mz~k,1,3221,,,false,6
,G_Mz~k,2,3292,,,false,6
,G_Mz~k,3,3291,,,false,6
,G_Mz~k,4,3362,,,false,6
,G_Mz~k,5,3361,,,false,6
,G_Mz~k,6,3362,,,false,6
,G_Mz~k,7,3362,,,false,6
,G_Mz~k,8,3361,,,false,6
,G_Mz~k,9,2942,,,false,6
,G@Nv]{,0,2941,,,false,6
,G@Nv]{,1,3432,,,false,6
,G@Nv]{,2,3291,,,false,6
,G@Nv]{,3,3362,,,false,6
,G@Nv]{,4,3782,,,false,6
,G@Nv]{,5,3361,,,false,6
,G@Nv]{,6,3362,,,false,6
,G@Nv]{,7,3782,,,false,6
,G@Nv]{,8,3431,,,false,6
,G@Nv]{,9,3362,,,false,6
,G_lzrk,0,2941,,,false,4
,G_lzrk,1,3361,,,false,4
,G_lzrk,2,3362,,,false,4
,G_lzrk,3,2871,,,false,4
,G_lzrk,4,3291,,,false,4
,G_lzrk,5,2872,,,false,4
,G_lzrk,6,2942,,,false,4
,G_lzrk,7,3431,,,false,4
,G_lzrk,8,2381,,,false,4
,G_lzrk,9,3221,,,false,4
,G@zRzw,0,2801,,,false,5
,G@zRzw,1,3292,,,false,5
,G@zRzw,2,3292,,,false,5
,G@zRzw,3,3362,,,false,5
,G@zRzw,4,3361,,,false,5
,G@zRzw,5,2871,,,false,5
,G@zRzw,6,2871,,,false,5
,G@zRzw,7,3291,,,false,5
,G@zRzw,8,2871,,,false,5
,G@zRzw,9,2942,,,false,5
,G_lv~w,0,3362,,,false,6
,G_lv~w,1,3361,,,false,6
,G_lv~w,2,2872,,,false,6
,G_lv~w,3,2382,,,false,6
,G_lv~w,4,2382,,,false,6
,G_lv~w,5,3852,,,false,6
,G_lv~w,6,2871,,,false,6
,G_lv~w,7,2871,,,false,6
,G_lv~w,8,3361,,,false,6
,G_lv~w,9,3782,,,false,6
,GDhzu{,0,3431,,,false,5
,GDhzu{,1,2872,,,false,5
,GDhzu{,2,3432,,,false,5
,GDhzu{,3,2381,,,false,5
,GDhzu{,4,2381,,,false,5
,GDhzu{,5,2801,,,false,5
,GDhzu{,6,2871,,,false,5
,GDhzu{,7,2942,,,false,5
,GDhzu{,8,2872,,,false,5
,GDhzu{,9,2801,,,false,5
,GDhzv{,0,2801,,,false,7
,GDhzv{,1,2802,,,false,7
,GDhzv{,2,2872,,,false,7
,GDhzv{,3,2872,,,false,7
,GDhzv{,4,2942,,,false,7
,GDhzv{,5,2381,,,false,7
,GDhzv{,6,2801,,,false,7
,GDhzv{,7,2801,,,false,7
,GDhzv{,8,2801,,,false,7
,GDhzv{,9,2451,,,false,7
,GEnbzw,0,2871,,,false,5
,GEnbzw,1,2872,,,false,5
,GEnbzw,2,2871,,,false,5
,GEnbzw,3,2801,,,false,5
,GEnbzw,4,2801,,,false,5
,GEnbzw,5,2871,,,false,5
,GEnbzw,6,2942,,,false,5
,GEnbzw,7,2872,,,false,5
,GEnbzw,8,2872,,,false,5
,GEnbzw,9,2871,,,false,5
,GtlrY{,0,3782,,,false,6
,GtlrY{,1,3291,,,false,6
,GtlrY{,2,3432,,,false,6
,GtlrY{,3,3361,,,false,6
,GtlrY{,4,3292,,,false,6
,GtlrY{,5,3431,,,false,6
,GtlrY{,6,2942,,,false,6
,GtlrY{,7,2801,,,false,6
,GtlrY{,8,3292,,,false,6
,GtlrY{,9,2871,,,false,6
,G}nax{,0,3221,,,false,5
,G}nax{,1,3782,,,false,5
,G}nax{,2,3782,,,false,5
,G}nax{,3,3292,,,false,5
,G}nax{,4,3362,,,false,5
,G}nax{,5,3362,,,false,5
,G}nax{,6,3291,,,false,5
,G}nax{,7,3432,,,false,5
,G}nax{,8,3432,,,false,5
,G}nax{,9,3361,,,false,5
,G`iayw,0,3852,,,false,4
,G`iayw,1,3292,,,false,4
,G`iayw,2,3292,,,false,4
,G`iayw,3,2942,,,false,4
,G`iayw,4,2942,,,false,4
,G`iayw,5,2871,,,false,4
,G`iayw,6,2941,,,false,4
,G`iayw,7,3362,,,false,4
,G`iayw,8,2871,,,false,4
,G`iayw,9,3362,,,false,4
,G@hYtK,0,3432,,,false,4
,G@hYtK,1,2872,,,false,4
,G@hYtK,2,2872,,,false,4
,G@hYtK,3,2872,,,false,4
,G@hYtK,4,1891,,,false,4
,G@hYtK,5,1401,,,false,4
,G@hYtK,6,1470,,,false,4
,G@hYtK,7,2382,,,false,4
,G@hYtK,8,2381,,,false,4
,G@hYtK,9,2871,,,false,4
,GtP@Ww,0,3781,,,false,4
,GtP@Ww,1,2872,,,false,4
,GtP@Ww,2,2872,,,false,4
,GtP@Ww,3,2942,,,false,4
,GtP@Ww,4,2871,,,false,4
,GtP@Ww,5,2801,,,false,4
,GtP@Ww,6,2801,,,false,4
,GtP@Ww,7,2381,,,false,4
,GtP@Ww,8,2451,,,false,4
,GtP@Ww,9,2382,,,false,4
,GsXX~{,0,3852,,,false,7
,GsXX~{,1,3782,,,false,7
,GsXX~{,2,3362,,,false,7
,GsXX~{,3,3782,,,false,7
,GsXX~{,4,3361,,,false,7
,GsXX~{,5,2381,,,false,7
,GsXX~{,6,3362,,,false,7
,GsXX~{,7,3291,,,false,7
,GsXX~{,8,3712,,,false,7
,GsXX~{,9,3362,,,false,7
,GqhX~{,0,3292,,,false,7
,GqhX~{,1,3852,,,false,7
,GqhX~{,2,3361,,,false,7
,GqhX~{,3,3292,,,false,7
,GqhX~{,4,3782,,,false,7
,GqhX~{,5,3852,,,false,7
,GqhX~{,6,3361,,,false,7
,GqhX~{,7,3361,,,false,7
,GqhX~{,8,3361,,,false,7
,GqhX~{,9,3782,,,false,7
,Gdlr^{,0,3362,,,false,7
,Gdlr^{,1,3782,,,false,7
,Gdlr^{,2,3362,,,false,7
,Gdlr^{,3,3922,,,false,7
,Gdlr^{,4,3361,,,false,7
,Gdlr^{,5,3712,,,false,7
,Gdlr^{,6,3782,,,false,7
,Gdlr^{,7,3362,,,false,7
,Gdlr^{,8,2941,,,false,7
,Gdlr^{,9,3432,,,false,7
,G`o~f{,0,3922,,,false,7
,G`o~f{,1,3361,,,false,7
,G`o~f{,2,3782,,,false,7
,G`o~f{,3,3362,,,false,7
,G`o~f{,4,2942,,,false,7
,G`o~f{,5,3291,,,false,7
,G`o~f{,6,3362,,,false,7
,G`o~f{,7,2801,,,false,7
,G`o~f{,8,3362,,,false,7
,G`o~f{,9,3362,,,false,7
,GA_jlw,0,2942,,,false,5
,GA_jlw,1,2381,,,false,5
,GA_jlw,2,2801,,,false,5
,GA_jlw,3,2381,,,false,5
,GA_jlw,4,2381,,,false,5
,GA_jlw,5,2381,,,false,5
,GA_jlw,6,2941,,,false,5
,GA_jlw,7,2871,,,false,5
,GA_jlw,8,2801,,,false,5
,GA_jlw,9,2801,,,false,5
,G`Mi~_,0,3291,,,false,4
,G`Mi~_,1,2872,,,false,4
,G`Mi~_,2,2872,,,false,4
,G`Mi~_,3,2942,,,false,4
,G`Mi~_,4,2381,,,false,4
,G`Mi~_,5,1891,,,false,4
,G`Mi~_,6,2872,,,false,4
,G`Mi~_,7,2872,,,false,4
,G`Mi~_,8,2872,,,false,4
,G`Mi~_,9,2871,,,false,4
,G@oZN_,0,2382,,,false,5
,G@oZN_,1,2871,,,false,5
,G@oZN_,2,2801,,,false,5
,G@oZN_,3,2941,,,false,5
,G@oZN_,4,2381,,,false,5
,G@oZN_,5,2871,,,false,5
,G@oZN_,6,2872,,,false,5
,G@oZN_,7,2871,,,false,5
,G@oZN_,8,2871,,,false,5
,G@oZN_,9,1401,,,false,5
,GSP@x{,0,3362,,,false,5
,GSP@x{,1,3361,,,false,5
,GSP@x{,2,1891,,,false,5
,GSP@x{,3,2452,,,false,5
,GSP@x{,4,2381,,,false,5
,GSP@x{,5,2381,,,false,5
,GSP@x{,6,2381,,,false,5
,GSP@x{,7,2872,,,false,5
,GSP@x{,8,2942,,,false,5
,GSP@x{,9,2872,,,false,5
,G}hX~{,0,3432,,,false,7
,G}hX~{,1,3292,,,false,7
,G}hX~{,2,3292,,,false,7
,G}hX~{,3,3431,,,false,7
,G}hX~{,4,2941,,,false,7
,G}hX~{,5,3362,,,false,7
,G}hX~{,6,3221,,,false,7
,G}hX~{,7,2802,,,false,7
,G}hX~{,8,3362,,,false,7
,G}hX~{,9,3852,,,false,7
,GqN~v{,0,3362,,,false,5
,GqN~v{,1,3852,,,false,5
,GqN~v{,2,3782,,,false,5
,GqN~v{,3,3781,,,false,5
,GqN~v{,4,3292,,,false,5
,GqN~v{,5,2872,,,false,5
,GqN~v{,6,3362,,,false,5
,GqN~v{,7,3291,,,false,5
,GqN~v{,8,3712,,,false,5
,GqN~v{,9,3291,,,false,5
,G`~~~{,0,3711,,,false,5
,G`~~~{,1,3362,,,false,5
,G`~~~{,2,3431,,,false,5
,G`~~~{,3,3362,,,false,5
,G`~~~{,4,3782,,,false,5
,G`~~~{,5,3782,,,false,5
,G`~~~{,6,3852,,,false,5
,G`~~~{,7,3361,,,false,5
,G`~~~{,8,3782,,,false,5
,G`~~~{,9,2801,,,false,5
,G{S~~w,0,3292,,,false,6
,G{S~~w,1,3782,,,false,6
,G{S~~w,2,2941,,,false,6
,G{S~~w,3,2871,,,false,6
,G{S~~w,4,2942,,,false,6
,G{S~~w,5,2382,,,false,6
,G{S~~w,6,2801,,,false,6
,G{S~~w,7,2381,,,false,6
,G{S~~w,8,2871,,,false,6
,G{S~~w,9,2381,,,false,6
,G_?ztw,0,3782,,,false,4
,G_?ztw,1,2872,,,false,4
,G_?ztw,2,2942,,,false,4
,G_?ztw,3,2941,,,false,4
,G_?ztw,4,2871,,,false,4
,G_?ztw,5,2381,,,false,4
,G_?ztw,6,2941,,,false,4
,G_?ztw,7,2871,,,false,4
,G_?ztw,8,2871,,,false,4
,G_?ztw,9,2801,,,false,4
,G?qipk,0,3292,,,false,5
,G?qipk,1,2871,,,false,5
,G?qipk,2,2871,,,false,5
,G?qipk,3,2871,,,false,5
,G?qipk,4,2871,,,false,5
,G?qipk,5,2872,,,false,5
,G?qipk,6,2381,,,false,5
,G?qipk,7,2381,,,false,5
,G?qipk,8,2451,,,false,5
,G?qipk,9,2871,,,false,5
,G?uvZw,0,3432,,,false,5
,G?uvZw,1,2381,,,false,5
,G?uvZw,2,2381,,,false,5
,G?uvZw,3,2381,,,false,5
,G?uvZw,4,2381,,,false,5
,G?uvZw,5,2381,,,false,5
,G?uvZw,6,2451,,,false,5
,G?uvZw,7,2382,,,false,5
,G?uvZw,8,2312,,,false,5
,G?uvZw,9,2381,,,false,5
,GR~v~{,0,3782,,,false,5
,GR~v~{,1,3361,,,false,5
,GR~v~{,2,3362,,,false,5
,GR~v~{,3,3782,,,false,5
,GR~v~{,4,3222,,,false,5
,GR~v~{,5,3782,,,false,5
,GR~v~{,6,3922,,,false,5
,GR~v~{,7,3431,,,false,5
,GR~v~{,8,3362,,,false,5
,GR~v~{,9,3711,,,false,5
,G?CqS[,0,2381,,,false,5
,G?CqS[,1,2381,,,false,5
,G?CqS[,2,2381,,,false,5
,G?CqS[,3,2381,,,false,5
,G?CqS[,4,2381,,,false,5
,G?CqS[,5,2381,,,false,5
,G?CqS[,6,2381,,,false,5
,G?CqS[,7,1891,,,false,5
,G?CqS[,8,2871,,,false,5
,G?CqS[,9,2451,,,false,5
,G?DH\k,0,3362,,,false,6
,G?DH\k,1,2942,,,false,6
,G?DH\k,2,2381,,,false,6
,G?DH\k,3,2311,,,false,6
,G?DH\k,4,2382,,,false,6
,G?DH\k,5,1961,,,false,6
,G?DH\k,6,2872,,,false,6
,G?DH\k,7,2872,,,false,6
,G?DH\k,8,2802,,,false,6
,G?DH\k,9,3291,,,false,6
,G?GSY[,0,2381,,,false,4
,G?GSY[,1,2731,,,false,4
,G?GSY[,2,2381,,,false,4
,G?GSY[,3,2381,,,false,4
,G?GSY[,4,2451,,,false,4
,G?GSY[,5,2381,,,false,4
,G?GSY[,6,1890,,,false,4
,G?GSY[,7,2381,,,false,4
,G?GSY[,8,1891,,,false,4
,G?GSY[,9,2381,,,false,4
,G?GTa[,0,2802,,,false,6
,G?GTa[,1,2381,,,false,6
,G?GTa[,2,9174,,,false,6
,G?GTa[,3,3292,,,false,6
,G?GTa[,4,2871,,,false,6
,G?GTa[,5,2381,,,false,6
,G?GTa[,6,2871,,,false,6
,G?GTa[,7,2941,,,false,6
,G?GTa[,8,2801,,,false,6
,G?GTa[,9,2872,,,false,6
,G?Gsy{,0,3292,,,false,5
,G?Gsy{,1,2941,,,false,5
,G?Gsy{,2,2801,,,false,5
,G?Gsy{,3,2942,,,false,5
,G?Gsy{,4,2382,,,false,5
,G?Gsy{,5,2382,,,false,5
,G?Gsy{,6,2872,,,false,5
,G?Gsy{,7,2381,,,false,5
,G?Gsy{,8,2942,,,false,5
,G?Gsy{,9,2942,,,false,5
,G?Mq~s,0,2871,,,false,6
,G?Mq~s,1,2871,,,false,6
,G?Mq~s,2,3362,,,false,6
,G?Mq~s,3,3292,,,false,6
,G?Mq~s,4,2871,,,false,6
,G?Mq~s,5,2871,,,false,6
,G?Mq~s,6,2941,,,false,6
,G?Mq~s,7,2872,,,false,6
,G?Mq~s,8,3222,,,false,6
,G?Mq~s,9,3291,,,false,6
,G?O_k[,0,2382,,,false,4
,G?O_k[,1,1400,,,false,4
,G?O_k[,2,1471,,,false,4
,G?O_k[,3,1961,,,false,4
,G?O_k[,4,1471,,,false,4
,G?O_k[,5,1400,,,false,4
,G?O_k[,6,2382,,,false,4
,G?O_k[,7,2381,,,false,4
,G?O_k[,8,2381,,,false,4
,G?O_k[,9,2381,,,false,4
,G?O_ls,0,2381,,,false,5
,G?O_ls,1,2451,,,false,5
,G?O_ls,2,2381,,,false,5
,G?O_ls,3,2311,,,false,5
,G?O_ls,4,2871,,,false,5
,G?O_ls,5,2381,,,false,5
,G?O_ls,6,1400,,,false,5
,G?O_ls,7,2451,,,false,5
,G?O_ls,8,2801,,,false,5
,G?O_ls,9,2802,,,false,5
,G?O_~k,0,3362,,,false,6
,G?O_~k,1,2801,,,false,6
,G?O_~k,2,2381,,,false,6
,G?O_~k,3,2381,,,false,6
,G?O_~k,4,2451,,,false,6
,G?O_~k,5,2871,,,false,6
,G?O_~k,6,2801,,,false,6
,G?O_~k,7,3292,,,false,6
,G?O_~k,8,3292,,,false,6
,G?O_~k,9,2941,,,false,6
,G?Og~{,0,3292,,,false,7
,G?Og~{,1,3361,,,false,7
,G?Og~{,2,3432,,,false,7
,G?Og~{,3,3362,,,false,7
,G?Og~{,4,3292,,,false,7
,G?Og~{,5,3291,,,false,7
,G?Og~{,6,3432,,,false,7
,G?Og~{,7,3292,,,false,7
,G?Og~{,8,2872,,,false,7
,G?Og~{,9,2801,,,false,7
,G?QXrK,0,3291,,,false,5
,G?QXrK,1,2802,,,false,5
,G?QXrK,2,1961,,,false,5
,G?QXrK,3,1401,,,false,5
,G?QXrK,4,2942,,,false,5
,G?QXrK,5,2871,,,false,5
,G?QXrK,6,2801,,,false,5
,G?QXrK,7,2311,,,false,5
,G?QXrK,8,1401,,,false,5
,G?QXrK,9,2942,,,false,5
,G?hZtg,0,3432,,,false,5
,G?hZtg,1,3362,,,false,5
,G?hZtg,2,2381,,,false,5
,G?hZtg,3,2871,,,false,5
,G?hZtg,4,2802,,,false,5
,G?hZtg,5,3432,,,false,5
,G?hZtg,6,2381,,,false,5
,G?hZtg,7,1891,,,false,5
,G?hZtg,8,2381,,,false,5
,G?hZtg,9,1890,,,false,5
,G@?]RW,0,3221,,,false,4
,G@?]RW,1,2381,,,false,4
,G@?]RW,2,2381,,,false,4
,G@?]RW,3,2451,,,false,4
,G@?]RW,4,2451,,,false,4
,G@?]RW,5,2871,,,false,4
,G@?]RW,6,1891,,,false,4
,G@?]RW,7,1470,,,false,4
,G@?]RW,8,1401,,,false,4
,G@?]RW,9,1961,,,false,4
,G@@GtC,0,2872,,,false,4
,G@@GtC,1,1400,,,false,4
,G@@GtC,2,1891,,,false,4
,G@@GtC,3,2382,,,false,4
,G@@GtC,4,2381,,,false,4
,G@@GtC,5,2381,,,false,4
,G@@GtC,6,1891,,,false,4
,G@@GtC,7,1961,,,false,4
,G@@GtC,8,1401,,,false,4
,G@@GtC,9,2381,,,false,4
,G@@GtK,0,3362,,,false,5
,G@@GtK,1,2872,,,false,5
,G@@GtK,2,2381,,,false,5
,G@@GtK,3,1401,,,false,5
,G@@GtK,4,2451,,,false,5
,G@@GtK,5,2942,,,false,5
,G@@GtK,6,2802,,,false,5
,G@@GtK,7,1821,,,false,5
,G@@GtK,8,1821,,,false,5
,G@@GtK,9,1891,,,false,5
,G@AAWw,0,2801,,,false,4
,G@AAWw,1,1961,,,false,4
,G@AAWw,2,1471,,,false,4
,G@AAWw,3,1961,,,false,4
,G@AAWw,4,1891,,,false,4
,G@AAWw,5,1891,,,false,4
,G@AAWw,6,1891,,,false,4
,G@AAWw,7,2311,,,false,4
,G@AAWw,8,2311,,,false,4
,G@AAWw,9,2451,,,false,4
,G@GR[w,0,2942,,,false,4
,G@GR[w,1,2872,,,false,4
,G@GR[w,2,2311,,,false,4
,G@GR[w,3,2802,,,false,4
,G@GR[w,4,2942,,,false,4
,G@GR[w,5,2452,,,false,4
,G@GR[w,6,2801,,,false,4
,G@GR[w,7,2871,,,false,4
,G@GR[w,8,2801,,,false,4
,G@GR[w,9,2941,,,false,4
,G@HSYs,0,3292,,,false,4
,G@HSYs,1,2871,,,false,4
,G@HSYs,2,1471,,,false,4
,G@HSYs,3,2872,,,false,4
,G@HSYs,4,2802,,,false,4
,G@HSYs,5,2871,,,false,4
,G@HSYs,6,1471,,,false,4
,G@HSYs,7,1471,,,false,4
,G@HSYs,8,1961,,,false,4
,G@HSYs,9,1821,,,false,4
,G@hZtk,0,2451,,,false,4
,G@hZtk,1,2381,,,false,4
,G@hZtk,2,2801,,,false,4
,G@hZtk,3,2871,,,false,4
,G@hZtk,4,2871,,,false,4
,G@hZtk,5,2941,,,false,4
,G@hZtk,6,2872,,,false,4
,G@hZtk,7,2802,,,false,4
,G@hZtk,8,2802,,,false,4
,G@hZtk,9,2382,,,false,4
,GAXttw,0,3292,,,false,6
,GAXttw,1,3291,,,false,6
,GAXttw,2,2872,,,false,6
,GAXttw,3,2941,,,false,6
,GAXttw,4,2871,,,false,6
,GAXttw,5,3292,,,false,6
,GAXttw,6,2802,,,false,6
,GAXttw,7,2452,,,false,6
,GAXttw,8,2942,,,false,6
,GAXttw,9,2871,,,false,6
,GB_g~K,0,2871,,,false,5
,GB_g~K,1,2871,,,false,5
,GB_g~K,2,2872,,,false,5
,GB_g~K,3,3292,,,false,5
,GB_g~K,4,2941,,,false,5
,GB_g~K,5,2871,,,false,5
,GB_g~K,6,2801,,,false,5
,GB_g~K,7,2871,,,false,5
,GB_g~K,8,2871,,,false,5
,GB_g~K,9,2872,,,false,5
,G_ClQk,0,2872,,,false,5
,G_ClQk,1,2381,,,false,5
,G_ClQk,2,2942,,,false,5
,G_ClQk,3,2872,,,false,5
,G_ClQk,4,2802,,,false,5
,G_ClQk,5,1401,,,false,5
,G_ClQk,6,1400,,,false,5
,G_ClQk,7,1961,,,false,5
,G_ClQk,8,1961,,,false,5
,G_ClQk,9,1821,,,false,5
,G`_YPK,0,2871,,,false,4
,G`_YPK,1,1891,,,false,4
,G`_YPK,2,2801,,,false,4
,G`_YPK,3,2872,,,false,4
,G`_YPK,4,2872,,,false,4
,G`_YPK,5,2452,,,false,4
,G`_YPK,6,2382,,,false,4
,G`_YPK,7,2381,,,false,4
,G`_YPK,8,2381,,,false,4
,G`_YPK,9,2382,,,false,4
,G`iZY{,0,3712,,,false,5
,G`iZY{,1,3362,,,false,5
,G`iZY{,2,2872,,,false,5
,G`iZY{,3,3362,,,false,5
,G`iZY{,4,3291,,,false,5
,G`iZY{,5,2311,,,false,5
,G`iZY{,6,2381,,,false,5
,G`iZY{,7,2381,,,false,5
,G`iZY{,8,2381,,,false,5
,G`iZY{,9,2381,,,false,5
,G_urPk,0,3362,,,false,5
,G_urPk,1,3291,,,false,5
,G_urPk,2,2381,,,false,5
,G_urPk,3,2872,,,false,5
,G_urPk,4,2941,,,false,5
,G_urPk,5,2871,,,false,5
,G_urPk,6,2872,,,false,5
,G_urPk,7,2872,,,false,5
,G_urPk,8,3291,,,false,5
,G_urPk,9,2871,,,false,5
,G???Zc,0,3431,,,false,5
,G???Zc,1,1891,,,false,5
,G???Zc,2,1891,,,false,5
,G???Zc,3,1821,,,false,5
,G???Zc,4,1891,,,false,5
,G???Zc,5,1471,,,false,5
,G???Zc,6,1471,,,false,5
,G???Zc,7,1961,,,false,5
,G???Zc,8,1401,,,false,5
,G???Zc,9,1891,,,false,5
,GG?O\o,0,2801,,,false,4
,GG?O\o,1,1961,,,false,4
,GG?O\o,2,1821,,,false,4
,GG?O\o,3,1891,,,false,4
,GG?O\o,4,1470,,,false,4
,GG?O\o,5,1961,,,false,4
,GG?O\o,6,1401,,,false,4
,GG?O\o,7,1891,,,false,4
,GG?O\o,8,1891,,,false,4
,GG?O\o,9,1400,,,false,4
,G?H?|_,0,2451,,,false,3
,G?H?|_,1,1891,,,false,3
,G?H?|_,2,1471,,,false,3
,G?H?|_,3,1961,,,false,3
,G?H?|_,4,1471,,,false,3
,G?H?|_,5,2381,,,false,3
,G?H?|_,6,2381,,,false,3
,G?H?|_,7,2381,,,false,3
,G?H?|_,8,2381,,,false,3
,G?H?|_,9,2451,,,false,3
,GR~~vk,0,3362,,,false,5
,GR~~vk,1,3362,,,false,5
,GR~~vk,2,9875,,,false,5
,GR~~vk,3,4413,,,false,5
,GR~~vk,4,2452,,,false,5
,GR~~vk,5,2381,,,false,5
,GR~~vk,6,2871,,,false,5
,GR~~vk,7,2871,,,false,5
,GR~~vk,8,2381,,,false,5
,GR~~vk,9,2381,,,false,5
,G?GXeC,0,2871,,,false,4
,G?GXeC,1,1891,,,false,4
,G?GXeC,2,1401,,,false,4
,G?GXeC,3,2381,,,false,4
,G?GXeC,4,2451,,,false,4
,G?GXeC,5,2311,,,false,4
,G?GXeC,6,2381,,,false,4
,G?GXeC,7,2451,,,false,4
,G?GXeC,8,2381,,,false,4
,G?GXeC,9,2381,,,false,4
,G?GTaW,0,2871,,,false,3
,G?GTaW,1,2381,,,false,3
,G?GTaW,2,2451,,,false,3
,G?GTaW,3,2381,,,false,3
,G?GTaW,4,1891,,,false,3
,G?GTaW,5,2452,,,false,3
,G?GTaW,6,2382,,,false,3
,G?GTaW,7,1891,,,false,3
,G?GTaW,8,2381,,,false,3
,G?GTaW,9,2451,,,false,3
,GN~~~{,0,3431,,,false,6
,GN~~~{,1,3852,,,false,6
,GN~~~{,2,2941,,,false,6
,GN~~~{,3,2872,,,false,6
,GN~~~{,4,2801,,,false,6
,GN~~~{,5,2801,,,false,6
,GN~~~{,6,2871,,,false,6
,GN~~~{,7,2942,,,false,6
,GN~~~{,8,2872,,,false,6
,GN~~~{,9,2801,,,false,6
,G?G^eW,0,3361,,,false,5
,G?G^eW,1,3291,,,false,5
,G?G^eW,2,2871,,,false,5
,G?G^eW,3,3292,,,false,5
,G?G^eW,4,2942,,,false,5
,G?G^eW,5,2941,,,false,5
,G?G^eW,6,2871,,,false,5
,G?G^eW,7,3292,,,false,5
,G?G^eW,8,2802,,,false,5
,G?G^eW,9,2941,,,false,5
,G?G^e[,0,2801,,,false,6
,G?G^e[,1,2942,,,false,6
,G?G^e[,2,2942,,,false,6
,G?G^e[,3,2801,,,false,6
,G?G^e[,4,2871,,,false,6
,G?G^e[,5,2871,,,false,6
,G?G^e[,6,3362,,,false,6
,G?G^e[,7,2941,,,false,6
,G?G^e[,8,2872,,,false,6
,G?G^e[,9,2802,,,false,6
,G?G]^w,0,2802,,,false,6
,G?G]^w,1,2801,,,false,6
,G?G]^w,2,3292,,,false,6
,G?G]^w,3,2872,,,false,6
,G?G]^w,4,3432,,,false,6
,G?G]^w,5,3292,,,false,6
,G?G]^w,6,3291,,,false,6
,G?G]^w,7,3431,,,false,6
,G?G]^w,8,2871,,,false,6
,G?G]^w,9,3432,,,false,6
,G?G]^{,0,2871,,,false,6
,G?G]^{,1,2872,,,false,6
,G?G]^{,2,3292,,,false,6
,G?G]^{,3,2802,,,false,6
,G?G]^{,4,2801,,,false,6
,G?G]^{,5,3291,,,false,6
,G?G]^{,6,2381,,,false,6
,G?G]^{,7,2451,,,false,6
,G?G]^{,8,2381,,,false,6
,G?G]^{,9,2382,,,false,6
,GQ`@Gs,0,3292,,,false,4
,GQ`@Gs,1,2801,,,false,4
,GQ`@Gs,2,2451,,,false,4
,GQ`@Gs,3,1961,,,false,4
,GQ`@Gs,4,1891,,,false,4
,GQ`@Gs,5,2381,,,false,4
,GQ`@Gs,6,2311,,,false,4
,GQ`@Gs,7,2382,,,false,4
,GQ`@Gs,8,1891,,,false,4
,GQ`@Gs,9,2381,,,false,4
,G`?CzW,0,3432,,,false,4
,G`?CzW,1,2382,,,false,4
,G`?CzW,2,2381,,,false,4
,G`?CzW,3,2381,,,false,4
,G`?CzW,4,2381,,,false,4
,G`?CzW,5,1891,,,false,4
,G`?CzW,6,2451,,,false,4
,G`?CzW,7,1890,,,false,4
,G`?CzW,8,2381,,,false,4
,G`?CzW,9,2381,,,false,4
,G??CzW,0,2801,,,false,4
,G??CzW,1,2381,,,false,4
,G??CzW,2,2381,,,false,4
,G??CzW,3,1891,,,false,4
,G??CzW,4,2452,,,false,4
,G??CzW,5,1891,,,false,4
,G??CzW,6,1821,,,false,4
,G??CzW,7,1891,,,false,4
,G??CzW,8,1891,,,false,4
,G??CzW,9,2381,,,false,4
,Grqz~{,0,3782,,,false,6
,Grqz~{,1,3361,,,false,6
,Grqz~{,2,3432,,,false,6
,Grqz~{,3,3362,,,false,6
,Grqz~{,4,3782,,,false,6
,Grqz~{,5,3292,,,false,6
,Grqz~{,6,3852,,,false,6
,Grqz~{,7,3292,,,false,6
,Grqz~{,8,3292,,,false,6
,Grqz~{,9,3291,,,false,6
,GqG?g[,0,1891,,,false,2
,GqG?g[,1,1961,,,false,2
,GqG?g[,2,1961,,,false,2
,GqG?g[,3,1470,,,false,2
,GqG?g[,4,1471,,,false,2
,GqG?g[,5,1891,,,false,2
,GqG?g[,6,1891,,,false,2
,GqG?g[,7,2381,,,false,2
,GqG?g[,8,1961,,,false,2
,GqG?g[,9,1891,,,false,2
,G``?pK,0,1961,,,false,4
,G``?pK,1,1961,,,false,4
,G``?pK,2,2381,,,false,4
,G``?pK,3,2381,,,false,4
,G``?pK,4,2381,,,false,4
,G``?pK,5,1961,,,false,4
,G``?pK,6,2451,,,false,4
,G``?pK,7,2382,,,false,4
,G``?pK,8,2312,,,false,4
,G``?pK,9,2311,,,false,4
,GHDk}{,0,2872,,,false,5
,GHDk}{,1,2802,,,false,5
,GHDk}{,2,2872,,,false,5
,GHDk}{,3,2871,,,false,5
,GHDk}{,4,2871,,,false,5
,GHDk}{,5,2801,,,false,5
,GHDk}{,6,2942,,,false,5
,GHDk}{,7,2872,,,false,5
,GHDk}{,8,2872,,,false,5
,GHDk}{,9,2871,,,false,5
,GDHG}{,0,3362,,,false,6
,GDHG}{,1,3431,,,false,6
,GDHG}{,2,3221,,,false,6
,GDHG}{,3,2871,,,false,6
,GDHG}{,4,2801,,,false,6
,GDHG}{,5,3362,,,false,6
,GDHG}{,6,2942,,,false,6
,GDHG}{,7,3292,,,false,6
,GDHG}{,8,3362,,,false,6
,GDHG}{,9,3362,,,false,6
,GQh\z{,0,3292,,,false,6
,GQh\z{,1,2872,,,false,6
,GQh\z{,2,2871,,,false,6
,GQh\z{,3,2941,,,false,6
,GQh\z{,4,2801,,,false,6
,GQh\z{,5,3292,,,false,6
,GQh\z{,6,2872,,,false,6
,GQh\z{,7,2871,,,false,6
,GQh\z{,8,2941,,,false,6
,GQh\z{,9,2801,,,false,6
,GTlrY{,0,3362,,,false,4
,GTlrY{,1,2871,,,false,4
,GTlrY{,2,3221,,,false,4
,GTlrY{,3,2871,,,false,4
,GTlrY{,4,2872,,,false,4
,GTlrY{,5,2872,,,false,4
,GTlrY{,6,2801,,,false,4
,GTlrY{,7,2871,,,false,4
,GTlrY{,8,2871,,,false,4
,GTlrY{,9,2872,,,false,4
,G@hV~{,0,3362,,,false,7
,G@hV~{,1,2871,,,false,7
,G@hV~{,2,2871,,,false,7
,G@hV~{,3,2801,,,false,7
,G@hV~{,4,2872,,,false,7
,G@hV~{,5,2872,,,false,7
,G@hV~{,6,2872,,,false,7
,G@hV~{,7,2871,,,false,7
,G@hV~{,8,2801,,,false,7
,G@hV~{,9,2381,,,false,7
,G@qz}{,0,3221,,,false,6
,G@qz}{,1,2872,,,false,6
,G@qz}{,2,2872,,,false,6
,G@qz}{,3,2872,,,false,6
,G@qz}{,4,2381,,,false,6
,G@qz}{,5,2801,,,false,6
,G@qz}{,6,2871,,,false,6
,G@qz}{,7,2451,,,false,6
,G@qz}{,8,2871,,,false,6
,G@qz}{,9,2872,,,false,6
,GDlr]{,0,3361,,,false,6
,GDlr]{,1,3712,,,false,6
,GDlr]{,2,3292,,,false,6
,GDlr]{,3,2382,,,false,6
,GDlr]{,4,2942,,,false,6
,GDlr]{,5,2381,,,false,6
,GDlr]{,6,2381,,,false,6
,GDlr]{,7,2801,,,false,6
,GDlr]{,8,3291,,,false,6
,GDlr]{,9,3362,,,false,6
,GKXu|{,0,3782,,,false,6
,GKXu|{,1,3431,,,false,6
,GKXu|{,2,3852,,,false,6
,GKXu|{,3,2381,,,false,6
,GKXu|{,4,2871,,,false,6
,GKXu|{,5,2871,,,false,6
,GKXu|{,6,2381,,,false,6
,GKXu|{,7,3362,,,false,6
,GKXu|{,8,3362,,,false,6
,GKXu|{,9,3362,,,false,6
,G@KuUK,0,2801,,,false,5
,G@KuUK,1,2381,,,false,5
,G@KuUK,2,2872,,,false,5
,G@KuUK,3,2381,,,false,5
,G@KuUK,4,2381,,,false,5
,G@KuUK,5,2872,,,false,5
,G@KuUK,6,2802,,,false,5
,G@KuUK,7,2942,,,false,5
,G@KuUK,8,2871,,,false,5
,G@KuUK,9,2942,,,false,5
,G???^c,0,2451,,,false,6
,G???^c,1,2451,,,false,6
,G???^c,2,2451,,,false,6
,G???^c,3,2311,,,false,6
,G???^c,4,2312,,,false,6
,G???^c,5,2872,,,false,6
,G???^c,6,2382,,,false,6
,G???^c,7,2872,,,false,6
,G???^c,8,2872,,,false,6
,G???^c,9,2382,,,false,6
,G??OVK,0,2381,,,false,5
,G??OVK,1,2942,,,false,5
,G??OVK,2,2802,,,false,5
,G??OVK,3,2382,,,false,5
,G??OVK,4,2872,,,false,5
,G??OVK,5,2381,,,false,5
,G??OVK,6,2802,,,false,5
,G??OVK,7,1961,,,false,5
,G??OVK,8,2381,,,false,5
,G??OVK,9,1471,,,false,5
,G??O^C,0,2942,,,false,5
,G??O^C,1,1961,,,false,5
,G??O^C,2,1891,,,false,5
,G??O^C,3,1821,,,false,5
,G??O^C,4,1890,,,false,5
,G??O^C,5,1471,,,false,5
,G??O^C,6,1961,,,false,5
,G??O^C,7,2452,,,false,5
,G??O^C,8,2872,,,false,5
,G??O^C,9,2312,,,false,5
,G?GU?[,0,2871,,,false,4
,G?GU?[,1,2381,,,false,4
,G?GU?[,2,2381,,,false,4
,G?GU?[,3,1961,,,false,4
,G?GU?[,4,2451,,,false,4
,G?GU?[,5,2381,,,false,4
,G?GU?[,6,2311,,,false,4
,G?GU?[,7,1821,,,false,4
,G?GU?[,8,2381,,,false,4
,G?GU?[,9,2381,,,false,4
,G?CBKW,0,2802,,,false,4
,G?CBKW,1,2382,,,false,4
,G?CBKW,2,2382,,,false,4
,G?CBKW,3,2382,,,false,4
,G?CBKW,4,2802,,,false,4
,G?CBKW,5,2451,,,false,4
,G?CBKW,6,2311,,,false,4
,G?CBKW,7,2381,,,false,4
,G?CBKW,8,1961,,,false,4
,G?CBKW,9,2381,,,false,4
,G?G\z{,0,2871,,,false,6
,G?G\z{,1,2942,,,false,6
,G?G\z{,2,2311,,,false,6
,G?G\z{,3,2382,,,false,6
,G?G\z{,4,2311,,,false,6
,G?G\z{,5,2382,,,false,6
,G?G\z{,6,2452,,,false,6
,G?G\z{,7,2802,,,false,6
,G?G\z{,8,3362,,,false,6
,G?G\z{,9,2872,,,false,6
,G?rHx{,0,3782,,,false,6
,G?rHx{,1,3362,,,false,6
,G?rHx{,2,3362,,,false,6
,G?rHx{,3,3432,,,false,6
,G?rHx{,4,2871,,,false,6
,G?rHx{,5,2311,,,false,6
,G?rHx{,6,2871,,,false,6
,G?rHx{,7,2941,,,false,6
,G?rHx{,8,3432,,,false,6
,G?rHx{,9,3222,,,false,6
,G@dcz[,0,3362,,,false,6
,G@dcz[,1,3782,,,false,6
,G@dcz[,2,2381,,,false,6
,G@dcz[,3,2381,,,false,6
,G@dcz[,4,2381,,,false,6
,G@dcz[,5,2872,,,false,6
,G@dcz[,6,2871,,,false,6
,G@dcz[,7,3221,,,false,6
,G@dcz[,8,2801,,,false,6
,G@dcz[,9,3432,,,false,6
,G_G\zw,0,3361,,,false,5
,G_G\zw,1,3362,,,false,5
,G_G\zw,2,2801,,,false,5
,G_G\zw,3,3291,,,false,5
,G_G\zw,4,2802,,,false,5
,G_G\zw,5,2872,,,false,5
,G_G\zw,6,2942,,,false,5
,G_G\zw,7,2872,,,false,5
,G_G\zw,8,2802,,,false,5
,G_G\zw,9,2941,,,false,5
,G`iiqk,0,2872,,,false,6
,G`iiqk,1,2871,,,false,6
,G`iiqk,2,3361,,,false,6
,G`iiqk,3,2872,,,false,6
,G`iiqk,4,3292,,,false,6
,G`iiqk,5,3292,,,false,6
,G`iiqk,6,3431,,,false,6
,G`iiqk,7,2871,,,false,6
,G`iiqk,8,3362,,,false,6
,G`iiqk,9,2871,,,false,6
,G`qihs,0,2871,,,false,6
,G`qihs,1,2801,,,false,6
,G`qihs,2,2802,,,false,6
,G`qihs,3,2871,,,false,6
,G`qihs,4,2941,,,false,6
,G`qihs,5,3362,,,false,6
,G`qihs,6,2802,,,false,6
,G`qihs,7,2801,,,false,6
,G`qihs,8,2871,,,false,6
,G`qihs,9,2871,,,false,6
,G`r@xw,0,3292,,,false,6
,G`r@xw,1,2942,,,false,6
,G`r@xw,2,3431,,,false,6
,G`r@xw,3,3292,,,false,6
,G`r@xw,4,3362,,,false,6
,G`r@xw,5,3361,,,false,6
,G`r@xw,6,3361,,,false,6
,G`r@xw,7,2872,,,false,6
,G`r@xw,8,3291,,,false,6
,G`r@xw,9,2871,,,false,6
,G@IQV{,0,3712,,,false,7
,G@IQV{,1,3432,,,false,7
,G@IQV{,2,3362,,,false,7
,G@IQV{,3,2942,,,false,7
,G@IQV{,4,3292,,,false,7
,G@IQV{,5,3292,,,false,7
,G@IQV{,6,3362,,,false,7
,G@IQV{,7,2871,,,false,7
,G@IQV{,8,3432,,,false,7
,G@IQV{,9,2872,,,false,7
,GQG\Yw,0,3362,,,false,3
,GQG\Yw,1,1891,,,false,3
,GQG\Yw,2,2801,,,false,3
,GQG\Yw,3,2381,,,false,3
,GQG\Yw,4,2381,,,false,3
,GQG\Yw,5,2381,,,false,3
,GQG\Yw,6,2382,,,false,3
,GQG\Yw,7,2801,,,false,3
,GQG\Yw,8,2311,,,false,3
,GQG\Yw,9,2382,,,false,3
,GGEJd{,0,2381,,,false,6
,GGEJd{,1,2451,,,false,6
,GGEJd{,2,2942,,,false,6
,GGEJd{,3,3292,,,false,6
,GGEJd{,4,2872,,,false,6
,GGEJd{,5,3361,,,false,6
,GGEJd{,6,2941,,,false,6
,GGEJd{,7,2941,,,false,6
,GGEJd{,8,2802,,,false,6
,GGEJd{,9,2381,,,false,6
,GPOY\k,0,3362,,,false,6
,GPOY\k,1,3292,,,false,6
,GPOY\k,2,2871,,,false,6
,GPOY\k,3,2871,,,false,6
,GPOY\k,4,2941,,,false,6
,GPOY\k,5,2872,,,false,6
,GPOY\k,6,2802,,,false,6
,GPOY\k,7,2871,,,false,6
,GPOY\k,8,3361,,,false,6
,GPOY\k,9,2941,,,false,6
,GCQrP{,0,2941,,,false,5
,GCQrP{,1,2451,,,false,5
,GCQrP{,2,1961,,,false,5
,GCQrP{,3,2801,,,false,5
,GCQrP{,4,2731,,,false,5
,GCQrP{,5,2801,,,false,5
,GCQrP{,6,1891,,,false,5
,GCQrP{,7,1961,,,false,5
,GCQrP{,8,1891,,,false,5
,GCQrP{,9,2801,,,false,5
,G?hSz[,0,2452,,,false,6
,G?hSz[,1,2871,,,false,6
,G?hSz[,2,3221,,,false,6
,G?hSz[,3,2802,,,false,6
,G?hSz[,4,2942,,,false,6
,G?hSz[,5,3362,,,false,6
,G?hSz[,6,3361,,,false,6
,G?hSz[,7,2871,,,false,6
,G?hSz[,8,2872,,,false,6
,G?hSz[,9,2871,,,false,6
,G@QP}[,0,2871,,,false,6
,G@QP}[,1,2941,,,false,6
,G@QP}[,2,2381,,,false,6
,G@QP}[,3,2801,,,false,6
,G@QP}[,4,3362,,,false,6
,G@QP}[,5,3291,,,false,6
,G@QP}[,6,2941,,,false,6
,G@QP}[,7,2381,,,false,6
,G@QP}[,8,2312,,,false,6
,G@QP}[,9,2382,,,false,6
,GCO\j[,0,3782,,,false,6
,GCO\j[,1,2802,,,false,6
,GCO\j[,2,2941,,,false,6
,GCO\j[,3,2941,,,false,6
,GCO\j[,4,2871,,,false,6
,GCO\j[,5,2802,,,false,6
,GCO\j[,6,3292,,,false,6
,GCO\j[,7,2872,,,false,6
,GCO\j[,8,2872,,,false,6
,GCO\j[,9,3432,,,false,6
,GCOp]{,0,2801,,,false,6
,GCOp]{,1,2941,,,false,6
,GCOp]{,2,2942,,,false,6
,GCOp]{,3,2872,,,false,6
,GCOp]{,4,2312,,,false,6
,GCOp]{,5,2311,,,false,6
,GCOp]{,6,2452,,,false,6
,GCOp]{,7,2452,,,false,6
,GCOp]{,8,2382,,,false,6
,GCOp]{,9,2382,,,false,6
,G?U`m{,0,2381,,,false,6
,G?U`m{,1,3291,,,false,6
,G?U`m{,2,2872,,,false,6
,G?U`m{,3,1961,,,false,6
,G?U`m{,4,2872,,,false,6
,G?U`m{,5,3292,,,false,6
,G?U`m{,6,2871,,,false,6
,G?U`m{,7,2872,,,false,6
,G?U`m{,8,2942,,,false,6
,G?U`m{,9,3292,,,false,6
,GAhP[{,0,2942,,,false,5
,GAhP[{,1,2871,,,false,5
,GAhP[{,2,2801,,,false,5
,GAhP[{,3,2801,,,false,5
,GAhP[{,4,2872,,,false,5
,GAhP[{,5,2452,,,false,5
,GAhP[{,6,2451,,,false,5
,GAhP[{,7,2312,,,false,5
,GAhP[{,8,2802,,,false,5
,GAhP[{,9,2312,,,false,5
,G}_xq[,0,3782,,,false,5
,G}_xq[,1,2871,,,false,5
,G}_xq[,2,2941,,,false,5
,G}_xq[,3,2872,,,false,5
,G}_xq[,4,3292,,,false,5
,G}_xq[,5,3291,,,false,5
,G}_xq[,6,2872,,,false,5
,G}_xq[,7,2871,,,false,5
,G}_xq[,8,2871,,,false,5
,G}_xq[,9,3292,,,false,5
,G}h_w{,0,2871,,,false,5
,G}h_w{,1,2801,,,false,5
,G}h_w{,2,2871,,,false,5
,G}h_w{,3,3362,,,false,5
,G}h_w{,4,2872,,,false,5
,G}h_w{,5,2381,,,false,5
,G}h_w{,6,3362,,,false,5
,G}h_w{,7,3361,,,false,5
,G}h_w{,8,3362,,,false,5
,G}h_w{,9,2941,,,false,5
,G?Fn~{,0,2871,,,false,6
,G?Fn~{,1,2941,,,false,6
,G?Fn~{,2,3362,,,false,6
,G?Fn~{,3,3291,,,false,6
,G?Fn~{,4,3432,,,false,6
,G?Fn~{,5,3362,,,false,6
,G?Fn~{,6,2941,,,false,6
,G?Fn~{,7,3362,,,false,6
,G?Fn~{,8,3291,,,false,6
,G?Fn~{,9,3362,,,false,6
,G?NV~{,0,3782,,,false,7
,G?NV~{,1,3852,,,false,7
,G?NV~{,2,2451,,,false,7
,G?NV~{,3,3852,,,false,7
,G?NV~{,4,3291,,,false,7
,G?NV~{,5,3362,,,false,7
,G?NV~{,6,2451,,,false,7
,G?NV~{,7,3361,,,false,7
,G?NV~{,8,3432,,,false,7
,G?NV~{,9,3292,,,false,7
,G?dn~{,0,3292,,,false,7
,G?dn~{,1,3712,,,false,7
,G?dn~{,2,3852,,,false,7
,G?dn~{,3,3432,,,false,7
,G?dn~{,4,3292,,,false,7
,G?dn~{,5,3361,,,false,7
,G?dn~{,6,3362,,,false,7
,G?dn~{,7,3431,,,false,7
,G?dn~{,8,3361,,,false,7
,G?dn~{,9,2802,,,false,7
,GAI^~{,0,3432,,,false,7
,GAI^~{,1,3782,,,false,7
,GAI^~{,2,2802,,,false,7
,GAI^~{,3,2452,,,false,7
,GAI^~{,4,3362,,,false,7
,GAI^~{,5,3852,,,false,7
,GAI^~{,6,3292,,,false,7
,GAI^~{,7,3292,,,false,7
,GAI^~{,8,3432,,,false,7
,GAI^~{,9,3922,,,false,7
,G??F~w,0,3851,,,false,6
,G??F~w,1,3432,,,false,6
,G??F~w,2,3782,,,false,6
,G??F~w,3,3292,,,false,6
,G??F~w,4,3361,,,false,6
,G??F~w,5,3362,,,false,6
,G??F~w,6,3361,,,false,6
,G??F~w,7,3361,,,false,6
,G??F~w,8,3432,,,false,6
,G??F~w,9,3362,,,false,6
,G?CV^W,0,3362,,,false,6
,G?CV^W,1,2802,,,false,6
,G?CV^W,2,3361,,,false,6
,G?CV^W,3,2942,,,false,6
,G?CV^W,4,2802,,,false,6
,G?CV^W,5,2871,,,false,6
,G?CV^W,6,2801,,,false,6
,G?CV^W,7,3362,,,false,6
,G?CV^W,8,3362,,,false,6
,G?CV^W,9,2802,,,false,6
,G?AZvo,0,2872,,,false,5
,G?AZvo,1,2802,,,false,5
,G?AZvo,2,2381,,,false,5
,G?AZvo,3,2801,,,false,5
,G?AZvo,4,2871,,,false,5
,G?AZvo,5,2451,,,false,5
,G?AZvo,6,1891,,,false,5
,G?AZvo,7,2802,,,false,5
,G?AZvo,8,2802,,,false,5
,G?AZvo,9,2451,,,false,5
,G?r@xw,0,3292,,,false,6
,G?r@xw,1,2871,,,false,6
,G?r@xw,2,2381,,,false,6
,G?r@xw,3,2381,,,false,6
,G?r@xw,4,3291,,,false,6
,G?r@xw,5,2731,,,false,6
,G?r@xw,6,3362,,,false,6
,G?r@xw,7,3362,,,false,6
,G?r@xw,8,2872,,,false,6
,G?r@xw,9,2872,,,false,6
,GAHc{w,0,2802,,,false,5
,GAHc{w,1,2451,,,false,5
,GAHc{w,2,2381,,,false,5
,GAHc{w,3,2871,,,false,5
,GAHc{w,4,2871,,,false,5
,GAHc{w,5,2801,,,false,5
,GAHc{w,6,1891,,,false,5
,GAHc{w,7,1470,,,false,5
,GAHc{w,8,1891,,,false,5
,GAHc{w,9,1471,,,false,5
,G?B\ro,0,2871,,,false,5
,G?B\ro,1,2872,,,false,5
,G?B\ro,2,2452,,,false,5
,G?B\ro,3,2872,,,false,5
,G?B\ro,4,2802,,,false,5
,G?B\ro,5,2941,,,false,5
,G?B\ro,6,2382,,,false,5
,G?B\ro,7,1400,,,false,5
,G?B\ro,8,2942,,,false,5
,G?B\ro,9,2871,,,false,5
,G@hQtK,0,3362,,,false,5
,G@hQtK,1,2801,,,false,5
,G@hQtK,2,2801,,,false,5
,G@hQtK,3,2871,,,false,5
,G@hQtK,4,2872,,,false,5
,G@hQtK,5,2451,,,false,5
,G@hQtK,6,1891,,,false,5
,G@hQtK,7,2381,,,false,5
,G@hQtK,8,2381,,,false,5
,G@hQtK,9,1891,,,false,5
,G?D@\g,0,2802,,,false,5
,G?D@\g,1,1891,,,false,5
,G?D@\g,2,2871,,,false,5
,G?D@\g,3,2451,,,false,5
,G?D@\g,4,2381,,,false,5
,G?D@\g,5,2451,,,false,5
,G?D@\g,6,2311,,,false,5
,G?D@\g,7,2382,,,false,5
,G?D@\g,8,2452,,,false,5
,G?D@\g,9,1961,,,false,5
,GdW}z{,0,2871,,,false,6
,GdW}z{,1,2872,,,false,6
,GdW}z{,2,2871,,,false,6
,GdW}z{,3,2871,,,false,6
,GdW}z{,4,3362,,,false,6
,GdW}z{,5,3431,,,false,6
,GdW}z{,6,3362,,,false,6
,GdW}z{,7,3712,,,false,6
,GdW}z{,8,3432,,,false,6
,GdW}z{,9,3362,,,false,6
,G?CrUW,0,2942,,,false,5
,G?CrUW,1,2941,,,false,5
,G?CrUW,2,1401,,,false,5
,G?CrUW,3,1821,,,false,5
,G?CrUW,4,2872,,,false,5
,G?CrUW,5,2942,,,false,5
,G?CrUW,6,2452,,,false,5
,G?CrUW,7,2381,,,false,5
,G?CrUW,8,2311,,,false,5
,G?CrUW,9,2871,,,false,5
,GhqXz{,0,2802,,,false,6
,GhqXz{,1,2801,,,false,6
,GhqXz{,2,3291,,,false,6
,GhqXz{,3,2872,,,false,6
,GhqXz{,4,3362,,,false,6
,GhqXz{,5,3292,,,false,6
,GhqXz{,6,3292,,,false,6
,GhqXz{,7,2871,,,false,6
,GhqXz{,8,3431,,,false,6
,GhqXz{,9,3361,,,false,6
,G??O^O,0,2942,,,false,4
,G??O^O,1,2311,,,false,4
,G??O^O,2,1891,,,false,4
,G??O^O,3,1471,,,false,4
,G??O^O,4,2381,,,false,4
,G??O^O,5,2451,,,false,4
,G??O^O,6,1891,,,false,4
,G??O^O,7,2381,,,false,4
,G??O^O,8,2311,,,false,4
,G??O^O,9,2452,,,false,4
,G??PUW,0,2801,,,false,4
,G??PUW,1,2381,,,false,4
,G??PUW,2,2381,,,false,4
,G??PUW,3,1471,,,false,4
,G??PUW,4,1401,,,false,4
,G??PUW,5,2311,,,false,4
,G??PUW,6,2311,,,false,4
,G??PUW,7,2381,,,false,4
,G??PUW,8,2382,,,false,4
,G??PUW,9,2452,,,false,4
,G?ClQk,0,2871,,,false,5
,G?ClQk,1,1961,,,false,5
,G?ClQk,2,2872,,,false,5
,G?ClQk,3,2312,,,false,5
,G?ClQk,4,2802,,,false,5
,G?ClQk,5,2381,,,false,5
,G?ClQk,6,2872,,,false,5
,G?ClQk,7,2381,,,false,5
,G?ClQk,8,2801,,,false,5
,G?ClQk,9,2871,,,false,5
,G?G\Qk,0,3362,,,false,6
,G?G\Qk,1,2871,,,false,6
,G?G\Qk,2,2801,,,false,6
,G?G\Qk,3,2871,,,false,6
,G?G\Qk,4,2942,,,false,6
,G?G\Qk,5,2872,,,false,6
,G?G\Qk,6,2801,,,false,6
,G?G\Qk,7,2871,,,false,6
,G?G\Qk,8,2941,,,false,6
,G?G\Qk,9,2942,,,false,6
,G_Jqps,0,2381,,,false,5
,G_Jqps,1,2871,,,false,5
,G_Jqps,2,2871,,,false,5
,G_Jqps,3,2872,,,false,5
,G_Jqps,4,2381,,,false,5
,G_Jqps,5,2451,,,false,5
,G_Jqps,6,2941,,,false,5
,G_Jqps,7,2871,,,false,5
,G_Jqps,8,2381,,,false,5
,G_Jqps,9,2381,,,false,5
,G}lz~{,0,3291,,,false,6
,G}lz~{,1,3291,,,false,6
,G}lz~{,2,2872,,,false,6
,G}lz~{,3,2802,,,false,6
,G}lz~{,4,2802,,,false,6
,G}lz~{,5,2872,,,false,6
,G}lz~{,6,2381,,,false,6
,G}lz~{,7,2381,,,false,6
,G}lz~{,8,2871,,,false,6
,G}lz~{,9,2381,,,false,6
,G`N~~{,0,3361,,,false,5
,G`N~~{,1,3292,,,false,5
,G`N~~{,2,3292,,,false,5
,G`N~~{,3,3291,,,false,5
,G`N~~{,4,1961,,,false,5
,G`N~~{,5,2452,,,false,5
,G`N~~{,6,2382,,,false,5
,G`N~~{,7,2381,,,false,5
,G`N~~{,8,2311,,,false,5
,G`N~~{,9,2871,,,false,5
,GwCW~{,0,2872,,,false,7
,GwCW~{,1,3361,,,false,7
,GwCW~{,2,2451,,,false,7
,GwCW~{,3,3782,,,false,7
,GwCW~{,4,2311,,,false,7
,GwCW~{,5,3431,,,false,7
,GwCW~{,6,3852,,,false,7
,GwCW~{,7,3431,,,false,7
,GwCW~{,8,3362,,,false,7
,GwCW~{,9,3712,,,false,7
,G@?MFw,0,3292,,,false,6
,G@?MFw,1,3292,,,false,6
,G@?MFw,2,2381,,,false,6
,G@?MFw,3,2381,,,false,6
,G@?MFw,4,2381,,,false,6
,G@?MFw,5,2381,,,false,6
,G@?MFw,6,2311,,,false,6
,G@?MFw,7,2382,,,false,6
,G@?MFw,8,3362,,,false,6
,G@?MFw,9,2941,,,false,6
,G?SsZ[,0,3362,,,false,5
,G?SsZ[,1,2871,,,false,5
,G?SsZ[,2,1961,,,false,5
,G?SsZ[,3,2381,,,false,5
,G?SsZ[,4,2381,,,false,5
,G?SsZ[,5,2802,,,false,5
,G?SsZ[,6,2872,,,false,5
,G?SsZ[,7,2872,,,false,5
,G?SsZ[,8,2802,,,false,5
,G?SsZ[,9,2381,,,false,5
,G@CJK{,0,10435,,,false,6
,G@CJK{,1,3362,,,false,6
,G@CJK{,2,2941,,,false,6
,G@CJK{,3,2451,,,false,6
,G@CJK{,4,2871,,,false,6
,G@CJK{,5,2801,,,false,6
,G@CJK{,6,2381,,,false,6
,G@CJK{,7,2871,,,false,6
,G@CJK{,8,2941,,,false,6
,G@CJK{,9,2941,,,false,6
,G?_OzK,0,3432,,,false,5
,G?_OzK,1,2381,,,false,5
,G?_OzK,2,2381,,,false,5
,G?_OzK,3,2381,,,false,5
,G?_OzK,4,2942,,,false,5
,G?_OzK,5,2451,,,false,5
,G?_OzK,6,2872,,,false,5
,G?_OzK,7,2802,,,false,5
,G?_OzK,8,2802,,,false,5
,G?_OzK,9,2872,,,false,5
,G?D@K{,0,2381,,,false,5
,G?D@K{,1,2872,,,false,5
,G?D@K{,2,2872,,,false,5
,G?D@K{,3,2872,,,false,5
,G?D@K{,4,2382,,,false,5
,G?D@K{,5,2872,,,false,5
,G?D@K{,6,2802,,,false,5
,G?D@K{,7,2382,,,false,5
,G?D@K{,8,2382,,,false,5
,G?D@K{,9,2451,,,false,5
,G??Jc[,0,2872,,,false,6
,G??Jc[,1,3361,,,false,6
,G??Jc[,2,2801,,,false,6
,G??Jc[,3,2942,,,false,6
,G??Jc[,4,2872,,,false,6
,G??Jc[,5,2941,,,false,6
,G??Jc[,6,2871,,,false,6
,G??Jc[,7,2801,,,false,6
,G??Jc[,8,2872,,,false,6
,G??Jc[,9,2381,,,false,6
,G@B?Ws,0,2871,,,false,4
,G@B?Ws,1,2451,,,false,4
,G@B?Ws,2,2381,,,false,4
,G@B?Ws,3,2381,,,false,4
,G@B?Ws,4,2381,,,false,4
,G@B?Ws,5,2312,,,false,4
,G@B?Ws,6,1890,,,false,4
,G@B?Ws,7,2381,,,false,4
,G@B?Ws,8,2451,,,false,4
,G@B?Ws,9,1471,,,false,4
,G\YY}{,0,3432,,,false,5
,G\YY}{,1,2801,,,false,5
,G\YY}{,2,3292,,,false,5
,G\YY}{,3,3291,,,false,5
,G\YY}{,4,3362,,,false,5
,G\YY}{,5,3362,,,false,5
,G\YY}{,6,2871,,,false,5
,G\YY}{,7,2942,,,false,5
,G\YY}{,8,2802,,,false,5
,G\YY}{,9,3362,,,false,5
,G`rHx{,0,2802,,,false,3
,G`rHx{,1,2942,,,false,3
,G`rHx{,2,1961,,,false,3
,G`rHx{,3,1891,,,false,3
,G`rHx{,4,2871,,,false,3
,G`rHx{,5,2871,,,false,3
,G`rHx{,6,2871,,,false,3
,G`rHx{,7,2941,,,false,3
,G`rHx{,8,2872,,,false,3
,G`rHx{,9,2801,,,false,3
,G?B~vo,0,2871,,,false,6
,G?B~vo,1,2802,,,false,6
,G?B~vo,2,2942,,,false,6
,G?B~vo,3,2871,,,false,6
,G?B~vo,4,3432,,,false,6
,G?B~vo,5,3292,,,false,6
,G?B~vo,6,2801,,,false,6
,G?B~vo,7,2871,,,false,6
,G?B~vo,8,2942,,,false,6
,G?B~vo,9,3432,,,false,6
,G?Mi~{,0,3852,,,false,7
,G?Mi~{,1,3361,,,false,7
,G?Mi~{,2,3782,,,false,7
,G?Mi~{,3,2872,,,false,7
,G?Mi~{,4,2381,,,false,7
,G?Mi~{,5,2381,,,false,7
,G?Mi~{,6,2451,,,false,7
,G?Mi~{,7,3292,,,false,7
,G?Mi~{,8,3222,,,false,7
,G?Mi~{,9,3292,,,false,7
,GS`zro,0,2801,,,false,5
,GS`zro,1,2802,,,false,5
,GS`zro,2,2942,,,false,5
,GS`zro,3,2451,,,false,5
,GS`zro,4,2801,,,false,5
,GS`zro,5,2941,,,false,5
,GS`zro,6,2872,,,false,5
,GS`zro,7,3362,,,false,5
,GS`zro,8,2871,,,false,5
,GS`zro,9,2801,,,false,5
,GqOxs{,0,2871,,,false,6
,GqOxs{,1,2872,,,false,6
,GqOxs{,2,3292,,,false,6
,GqOxs{,3,2801,,,false,6
,GqOxs{,4,2871,,,false,6
,GqOxs{,5,2941,,,false,6
,GqOxs{,6,3291,,,false,6
,GqOxs{,7,2801,,,false,6
,GqOxs{,8,2942,,,false,6
,GqOxs{,9,2872,,,false,6
,GGlVK{,0,3782,,,false,4
,GGlVK{,1,2801,,,false,4
,GGlVK{,2,2941,,,false,4
,GGlVK{,3,3292,,,false,4
,GGlVK{,4,2801,,,false,4
,GGlVK{,5,2871,,,false,4
,GGlVK{,6,2872,,,false,4
,GGlVK{,7,2872,,,false,4
,GGlVK{,8,2942,,,false,4
,GGlVK{,9,2872,,,false,4
,G``HW{,0,2801,,,false,3
,G``HW{,1,1401,,,false,3
,G``HW{,2,2381,,,false,3
,G``HW{,3,1470,,,false,3
,G``HW{,4,1470,,,false,3
,G``HW{,5,2381,,,false,3
,G``HW{,6,2381,,,false,3
,G``HW{,7,2801,,,false,3
,G``HW{,8,2381,,,false,3
,G``HW{,9,2451,,,false,3
,G?G\Qg,0,1470,,,false,2
,G?G\Qg,1,1471,,,false,2
,G?G\Qg,2,1891,,,false,2
,G?G\Qg,3,1470,,,false,2
,G?G\Qg,4,1401,,,false,2
,G?G\Qg,5,1961,,,false,2
,G?G\Qg,6,980,,,false,2
,G?G\Qg,7,1961,,,false,2
,G?G\Qg,8,2381,,,false,2
,G?G\Qg,9,1891,,,false,2
,G?ClQg,0,2941,,,false,4
,G?ClQg,1,1891,,,false,4
,G?ClQg,2,1821,,,false,4
,G?ClQg,3,1891,,,false,4
,G?ClQg,4,1471,,,false,4
,G?ClQg,5,1470,,,false,4
,G?ClQg,6,1961,,,false,4
,G?ClQg,7,2381,,,false,4
,G?ClQg,8,2802,,,false,4
,G?ClQg,9,2381,,,false,4
,G?dcrK,0,3362,,,false,6
,G?dcrK,1,2801,,,false,6
,G?dcrK,2,3291,,,false,6
,G?dcrK,3,2941,,,false,6
,G?dcrK,4,2941,,,false,6
,G?dcrK,5,2871,,,false,6
,G?dcrK,6,3361,,,false,6
,G?dcrK,7,2871,,,false,6
,G?dcrK,8,2941,,,false,6
,G?dcrK,9,2942,,,false,6
,GReZZ[,0,3782,,,false,5
,GReZZ[,1,2942,,,false,5
,GReZZ[,2,2871,,,false,5
,GReZZ[,3,2381,,,false,5
,GReZZ[,4,2802,,,false,5
,GReZZ[,5,3362,,,false,5
,GReZZ[,6,3362,,,false,5
,GReZZ[,7,3361,,,false,5
,GReZZ[,8,3291,,,false,5
,GReZZ[,9,2872,,,false,5
,G?F@~o,0,3291,,,false,5
,G?F@~o,1,3432,,,false,5
,G?F@~o,2,2871,,,false,5
,G?F@~o,3,2941,,,false,5
,G?F@~o,4,2872,,,false,5
,G?F@~o,5,2802,,,false,5
,G?F@~o,6,2872,,,false,5
,G?F@~o,7,2871,,,false,5
,G?F@~o,8,3431,,,false,5
,G?F@~o,9,2801,,,false,5
,GpHYx{,0,3922,,,false,5
,GpHYx{,1,3292,,,false,5
,GpHYx{,2,3292,,,false,5
,GpHYx{,3,2801,,,false,5
,GpHYx{,4,3291,,,false,5
,GpHYx{,5,2942,,,false,5
,GpHYx{,6,2942,,,false,5
,GpHYx{,7,3362,,,false,5
,GpHYx{,8,2802,,,false,5
,GpHYx{,9,2802,,,false,5
,G@G^Mo,0,2451,,,false,4
,G@G^Mo,1,2801,,,false,4
,G@G^Mo,2,2871,,,false,4
,G@G^Mo,3,2941,,,false,4
,G@G^Mo,4,2801,,,false,4
,G@G^Mo,5,2871,,,false,4
,G@G^Mo,6,2872,,,false,4
,G@G^Mo,7,1471,,,false,4
,G@G^Mo,8,1961,,,false,4
,G@G^Mo,9,2801,,,false,4
,GtPHx{,0,2872,,,false,4
,GtPHx{,1,2872,,,false,4
,GtPHx{,2,2872,,,false,4
,GtPHx{,3,2872,,,false,4
,GtPHx{,4,2942,,,false,4
,GtPHx{,5,3362,,,false,4
,GtPHx{,6,3291,,,false,4
,GtPHx{,7,3292,,,false,4
,GtPHx{,8,2942,,,false,4
,GtPHx{,9,2941,,,false,4
,GWCOW{,0,2872,,,false,3
,GWCOW{,1,1961,,,false,3
,GWCOW{,2,1891,,,false,3
,GWCOW{,3,910,,,false,3
,GWCOW{,4,2381,,,false,3
,GWCOW{,5,2381,,,false,3
,GWCOW{,6,1961,,,false,3
,GWCOW{,7,1891,,,false,3
,GWCOW{,8,1471,,,false,3
,GWCOW{,9,1961,,,false,3
,GGF~vs,0,3852,,,false,6
,GGF~vs,1,3361,,,false,6
,GGF~vs,2,3362,,,false,6
,GGF~vs,3,3291,,,false,6
,GGF~vs,4,3432,,,false,6
,GGF~vs,5,3292,,,false,6
,GGF~vs,6,3362,,,false,6
,GGF~vs,7,3362,,,false,6
,GGF~vs,8,2871,,,false,6
,GGF~vs,9,2942,,,false,6
,G?@zto,0,2381,,,false,5
,G?@zto,1,2871,,,false,5
,G?@zto,2,2801,,,false,5
,G?@zto,3,2872,,,false,5
,G?@zto,4,1401,,,false,5
,G?@zto,5,2871,,,false,5
,G?@zto,6,2451,,,false,5
,G?@zto,7,2381,,,false,5
,G?@zto,8,2801,,,false,5
,G?@zto,9,2801,,,false,5
,GBeZZ[,0,3712,,,false,5
,GBeZZ[,1,3362,,,false,5
,GBeZZ[,2,3291,,,false,5
,GBeZZ[,3,2941,,,false,5
,GBeZZ[,4,3292,,,false,5
,GBeZZ[,5,2802,,,false,5
,GBeZZ[,6,8545,,,false,5
,GBeZZ[,7,3852,,,false,5
,GBeZZ[,8,2942,,,false,5
,GBeZZ[,9,2942,,,false,5
,G?opm[,0,3782,,,false,6
,G?opm[,1,3362,,,false,6
,G?opm[,2,3291,,,false,6
,G?opm[,3,2872,,,false,6
,G?opm[,4,2452,,,false,6
,G?opm[,5,2872,,,false,6
,G?opm[,6,2872,,,false,6
,G?opm[,7,2801,,,false,6
,G?opm[,8,2871,,,false,6
,G?opm[,9,2941,,,false,6
,GdCZZ[,0,3852,,,false,5
,GdCZZ[,1,2871,,,false,5
,GdCZZ[,2,2871,,,false,5
,GdCZZ[,3,2382,,,false,5
,GdCZZ[,4,2872,,,false,5
,GdCZZ[,5,2382,,,false,5
,GdCZZ[,6,2381,,,false,5
,GdCZZ[,7,2871,,,false,5
,GdCZZ[,8,2381,,,false,5
,GdCZZ[,9,2451,,,false,5
,G?op~g,0,3221,,,false,5
,G?op~g,1,3291,,,false,5
,G?op~g,2,2872,,,false,5
,G?op~g,3,2941,,,false,5
,G?op~g,4,2871,,,false,5
,G?op~g,5,2801,,,false,5
,G?op~g,6,2871,,,false,5
,G?op~g,7,2872,,,false,5
,G?op~g,8,2941,,,false,5
,G?op~g,9,2871,,,false,5
,G?PXtK,0,2871,,,false,6
,G?PXtK,1,2801,,,false,6
,G?PXtK,2,3362,,,false,6
,G?PXtK,3,2872,,,false,6
,G?PXtK,4,2872,,,false,6
,G?PXtK,5,2872,,,false,6
,G?PXtK,6,2872,,,false,6
,G?PXtK,7,2872,,,false,6
,G?PXtK,8,2872,,,false,6
,G?PXtK,9,3362,,,false,6
,GACkZc,0,2871,,,false,6
,GACkZc,1,2871,,,false,6
,GACkZc,2,2942,,,false,6
,GACkZc,3,2801,,,false,6
,GACkZc,4,2871,,,false,6
,GACkZc,5,2801,,,false,6
,GACkZc,6,2871,,,false,6
,GACkZc,7,2871,,,false,6
,GACkZc,8,2941,,,false,6
,GACkZc,9,2872,,,false,6
,GGDhsk,0,2941,,,false,5
,GGDhsk,1,3291,,,false,5
,GGDhsk,2,1891,,,false,5
,GGDhsk,3,2872,,,false,5
,GGDhsk,4,2941,,,false,5
,GGDhsk,5,2941,,,false,5
,GGDhsk,6,2941,,,false,5
,GGDhsk,7,2801,,,false,5
,GGDhsk,8,1821,,,false,5
,GGDhsk,9,2872,,,false,5
,G?FDzw,0,3782,,,false,6
,G?FDzw,1,2872,,,false,6
,G?FDzw,2,2381,,,false,6
,G?FDzw,3,2381,,,false,6
,G?FDzw,4,2311,,,false,6
,G?FDzw,5,2451,,,false,6
,G?FDzw,6,2311,,,false,6
,G?FDzw,7,2381,,,false,6
,G?FDzw,8,2381,,,false,6
,G?FDzw,9,2381,,,false,6
,G@De[w,0,2801,,,false,5
,G@De[w,1,2872,,,false,5
,G@De[w,2,2871,,,false,5
,G@De[w,3,2871,,,false,5
,G@De[w,4,2941,,,false,5
,G@De[w,5,2381,,,false,5
,G@De[w,6,2381,,,false,5
,G@De[w,7,2942,,,false,5
,G@De[w,8,2872,,,false,5
,G@De[w,9,2452,,,false,5
,G?qaxw,0,3362,,,false,6
,G?qaxw,1,2451,,,false,6
,G?qaxw,2,2871,,,false,6
,G?qaxw,3,2801,,,false,6
,G?qaxw,4,2871,,,false,6
,G?qaxw,5,2942,,,false,6
,G?qaxw,6,2452,,,false,6
,G?qaxw,7,2872,,,false,6
,G?qaxw,8,2802,,,false,6
,G?qaxw,9,2871,,,false,6
,G?K|Qk,0,3711,,,false,6
,G?K|Qk,1,3292,,,false,6
,G?K|Qk,2,3291,,,false,6
,G?K|Qk,3,2941,,,false,6
,G?K|Qk,4,2872,,,false,6
,G?K|Qk,5,3362,,,false,6
,G?K|Qk,6,2871,,,false,6
,G?K|Qk,7,2872,,,false,6
,G?K|Qk,8,3362,,,false,6
,G?K|Qk,9,2871,,,false,6
,GGD\Hs,0,3432,,,false,5
,GGD\Hs,1,2802,,,false,5
,GGD\Hs,2,2941,,,false,5
,GGD\Hs,3,2801,,,false,5
,GGD\Hs,4,2871,,,false,5
,GGD\Hs,5,2941,,,false,5
,GGD\Hs,6,2871,,,false,5
,GGD\Hs,7,2801,,,false,5
,GGD\Hs,8,2801,,,false,5
,GGD\Hs,9,2871,,,false,5
,G@DitK,0,3291,,,false,5
,G@DitK,1,2872,,,false,5
,G@DitK,2,2942,,,false,5
,G@DitK,3,2871,,,false,5
,G@DitK,4,2381,,,false,5
,G@DitK,5,2451,,,false,5
,G@DitK,6,2381,,,false,5
,G@DitK,7,2801,,,false,5
,G@DitK,8,2801,,,false,5
,G@DitK,9,2872,,,false,5
,G@`izo,0,3292,,,false,5
,G@`izo,1,2872,,,false,5
,G@`izo,2,2942,,,false,5
,G@`izo,3,2871,,,false,5
,G@`izo,4,2801,,,false,5
,G@`izo,5,2801,,,false,5
,G@`izo,6,2872,,,false,5
,G@`izo,7,2872,,,false,5
,G@`izo,8,2942,,,false,5
,G@`izo,9,2381,,,false,5
,G@LT]W,0,3852,,,false,6
,G@LT]W,1,2801,,,false,6
,G@LT]W,2,2872,,,false,6
,G@LT]W,3,2872,,,false,6
,G@LT]W,4,2871,,,false,6
,G@LT]W,5,2871,,,false,6
,G@LT]W,6,3292,,,false,6
,G@LT]W,7,2872,,,false,6
,G@LT]W,8,3361,,,false,6
,G@LT]W,9,2941,,,false,6
,G@?Kyw,0,2871,,,false,5
,G@?Kyw,1,2451,,,false,5
,G@?Kyw,2,2871,,,false,5
,G@?Kyw,3,2381,,,false,5
,G@?Kyw,4,2871,,,false,5
,G@?Kyw,5,2381,,,false,5
,G@?Kyw,6,2871,,,false,5
,G@?Kyw,7,2381,,,false,5
,G@?Kyw,8,2381,,,false,5
,G@?Kyw,9,2311,,,false,5
,G`EbYw,0,3782,,,false,5
,G`EbYw,1,3362,,,false,5
,G`EbYw,2,2871,,,false,5
,G`EbYw,3,2871,,,false,5
,G`EbYw,4,2871,,,false,5
,G`EbYw,5,2801,,,false,5
,G`EbYw,6,2802,,,false,5
,G`EbYw,7,2871,,,false,5
,G`EbYw,8,2941,,,false,5
,G`EbYw,9,2451,,,false,5
,GAMNJg,0,3362,,,false,5
,GAMNJg,1,2871,,,false,5
,GAMNJg,2,2801,,,false,5
,GAMNJg,3,2872,,,false,5
,GAMNJg,4,2872,,,false,5
,GAMNJg,5,2872,,,false,5
,GAMNJg,6,2872,,,false,5
,GAMNJg,7,2801,,,false,5
,GAMNJg,8,2871,,,false,5
,GAMNJg,9,2871,,,false,5
,G@h[rK,0,3361,,,false,4
,G@h[rK,1,2381,,,false,4
,G@h[rK,2,2871,,,false,4
,G@h[rK,3,2872,,,false,4
,G@h[rK,4,2381,,,false,4
,G@h[rK,5,2872,,,false,4
,G@h[rK,6,2451,,,false,4
,G@h[rK,7,2382,,,false,4
,G@h[rK,8,2452,,,false,4
,G@h[rK,9,2872,,,false,4
,G@[sYk,0,3362,,,false,5
,G@[sYk,1,2801,,,false,5
,G@[sYk,2,2872,,,false,5
,G@[sYk,3,2872,,,false,5
,G@[sYk,4,2872,,,false,5
,G@[sYk,5,2871,,,false,5
,G@[sYk,6,2871,,,false,5
,G@[sYk,7,2801,,,false,5
,G@[sYk,8,2872,,,false,5
,G@[sYk,9,2872,,,false,5
,G`G\aW,0,2941,,,false,3
,G`G\aW,1,2451,,,false,3
,G`G\aW,2,2871,,,false,3
,G`G\aW,3,2871,,,false,3
,G`G\aW,4,2381,,,false,3
,G`G\aW,5,2871,,,false,3
,G`G\aW,6,2451,,,false,3
,G`G\aW,7,2381,,,false,3
,G`G\aW,8,2871,,,false,3
,G`G\aW,9,2871,,,false,3
,G@hZSk,0,3361,,,false,6
,G@hZSk,1,3362,,,false,6
,G@hZSk,2,2871,,,false,6
,G@hZSk,3,2871,,,false,6
,G@hZSk,4,2872,,,false,6
,G@hZSk,5,3292,,,false,6
,G@hZSk,6,2871,,,false,6
,G@hZSk,7,2871,,,false,6
,G@hZSk,8,3432,,,false,6
,G@hZSk,9,2872,,,false,6
,G`iRYw,0,3362,,,false,4
,G`iRYw,1,3291,,,false,4
,G`iRYw,2,2801,,,false,4
,G`iRYw,3,2801,,,false,4
,G`iRYw,4,2802,,,false,4
,G`iRYw,5,2872,,,false,4
,G`iRYw,6,2802,,,false,4
,G`iRYw,7,2731,,,false,4
,G`iRYw,8,2871,,,false,4
,G`iRYw,9,2871,,,false,4
,G`U_~K,0,3291,,,false,6
,G`U_~K,1,2871,,,false,6
,G`U_~K,2,3362,,,false,6
,G`U_~K,3,3362,,,false,6
,G`U_~K,4,2801,,,false,6
,G`U_~K,5,3292,,,false,6
,G`U_~K,6,2942,,,false,6
,G`U_~K,7,2942,,,false,6
,G`U_~K,8,2871,,,false,6
,G`U_~K,9,2941,,,false,6
,G`rHpk,0,3292,,,false,3
,G`rHpk,1,2451,,,false,3
,G`rHpk,2,2802,,,false,3
,G`rHpk,3,11136,,,false,3
,G`rHpk,4,2801,,,false,3
,G`rHpk,5,3782,,,false,3
,G`rHpk,6,3292,,,false,3
,G`rHpk,7,2871,,,false,3
,G`rHpk,8,2381,,,false,3
,G`rHpk,9,2451,,,false,3
,G?@P[{,0,3432,,,false,5
,G?@P[{,1,2871,,,false,5
,G?@P[{,2,2801,,,false,5
,G?@P[{,3,2801,,,false,5
,G?@P[{,4,2802,,,false,5
,G?@P[{,5,2381,,,false,5
,G?@P[{,6,2451,,,false,5
,G?@P[{,7,2452,,,false,5
,G?@P[{,8,2802,,,false,5
,G?@P[{,9,2312,,,false,5
,Gq?g~o,0,3782,,,false,6
,Gq?g~o,1,3361,,,false,6
,Gq?g~o,2,3432,,,false,6
,Gq?g~o,3,3782,,,false,6
,Gq?g~o,4,3362,,,false,6
,Gq?g~o,5,2872,,,false,6
,Gq?g~o,6,3361,,,false,6
,Gq?g~o,7,2871,,,false,6
,Gq?g~o,8,3292,,,false,6
,Gq?g~o,9,2871,,,false,6
,GoStIs,0,3291,,,false,6
,GoStIs,1,3362,,,false,6
,GoStIs,2,2871,,,false,6
,GoStIs,3,2871,,,false,6
,GoStIs,4,2871,,,false,6
,GoStIs,5,3292,,,false,6
,GoStIs,6,2872,,,false,6
,GoStIs,7,2941,,,false,6
,GoStIs,8,3432,,,false,6
,GoStIs,9,2802,,,false,6
,GwC^~w,0,3852,,,false,6
,GwC^~w,1,3292,,,false,6
,GwC^~w,2,3292,,,false,6
,GwC^~w,3,3292,,,false,6
,GwC^~w,4,3362,,,false,6
,GwC^~w,5,3431,,,false,6
,GwC^~w,6,3432,,,false,6
,GwC^~w,7,3361,,,false,6
,GwC^~w,8,3292,,,false,6
,GwC^~w,9,3362,,,false,6
