name,graph_g6,iteration,runtime,allocated_bytes,peak_bytes,timeout,treewidth
,H??????,0,3788,,,false,0
,H??????,1,2385,,,false,0
,H??????,2,912,,,false,0
,H??????,3,1894,,,false,0
,H??????,4,1964,,,false,0
,H??????,5,982,,,false,0
,H??????,6,982,,,false,0
,H??????,7,1403,,,false,0
,H??????,8,1894,,,false,0
,H??????,9,1403,,,false,0
,HqGOOKF,0,2806,,,false,3
,HqGOOKF,1,2876,,,false,3
,HqGOOKF,2,2876,,,false,3
,HqGOOKF,3,2385,,,false,3
,HqGOOKF,4,2877,,,false,3
,HqGOOKF,5,2385,,,false,3
,HqGOOKF,6,2806,,,false,3
,HqGOOKF,7,2385,,,false,3
,HqGOOKF,8,2876,,,false,3
,HqGOOKF,9,2385,,,false,3
,HI?GPGQ,0,1894,,,false,2
,HI?GPGQ,1,1894,,,false,2
,HI?GPGQ,2,1894,,,false,2
,HI?GPGQ,3,2385,,,false,2
,HI?GPGQ,4,2385,,,false,2
,HI?GPGQ,5,1964,,,false,2
,HI?GPGQ,6,1894,,,false,2
,HI?GPGQ,7,2385,,,false,2
,HI?GPGQ,8,2315,,,false,2
,HI?GPGQ,9,1894,,,false,2
,H?CQPJ_,0,2876,,,false,3
,H?CQPJ_,1,1403,,,false,3
,H?CQPJ_,2,2455,,,false,3
,H?CQPJ_,3,2385,,,false,3
,H?CQPJ_,4,11925,,,false,3
,H?CQPJ_,5,2877,,,false,3
,H?CQPJ_,6,2455,,,false,3
,H?CQPJ_,7,2385,,,false,3
,H?CQPJ_,8,2315,,,false,3
,H?CQPJ_,9,2385,,,false,3
,H??[Aci,0,3788,,,false,5
,H??[Aci,1,3367,,,false,5
,H??[Aci,2,2946,,,false,5
,H??[Aci,3,1894,,,false,5
,H??[Aci,4,1894,,,false,5
,H??[Aci,5,2806,,,false,5
,H??[Aci,6,1964,,,false,5
,H??[Aci,7,1894,,,false,5
,H??[Aci,8,1964,,,false,5
,H??[Aci,9,1964,,,false,5
,H???F~~,0,4840,,,false,8
,H???F~~,1,4279,,,false,8
,H???F~~,2,4349,,,false,8
,H???F~~,3,4279,,,false,8
,H???F~~,4,3929,,,false,8
,H???F~~,5,3788,,,false,8
,H???F~~,6,3788,,,false,8
,H???F~~,7,3297,,,false,8
,H???F~~,8,3858,,,false,8
,H???F~~,9,3367,,,false,8
,H????CB,0,1964,,,false,2
,H????CB,1,2385,,,false,2
,H????CB,2,2385,,,false,2
,H????CB,3,1403,,,false,2
,H????CB,4,2385,,,false,2
,H????CB,5,2385,,,false,2
,H????CB,6,1965,,,false,2
,H????CB,7,1894,,,false,2
,H????CB,8,2315,,,false,2
,H????CB,9,1894,,,false,2
,H?~~~~~,0,3297,,,false,5
,H?~~~~~,1,4700,,,false,5
,H?~~~~~,2,4279,,,false,5
,H?~~~~~,3,4279,,,false,5
,H?~~~~~,4,4279,,,false,5
,H?~~~~~,5,4279,,,false,5
,H?~~~~~,6,4279,,,false,5
,H?~~~~~,7,3858,,,false,5
,H?~~~~~,8,3297,,,false,5
,H?~~~~~,9,4279,,,false,5
,HwCW?CB,0,2806,,,false,2
,HwCW?CB,1,2455,,,false,2
,HwCW?CB,2,1894,,,false,2
,HwCW?CB,3,2456,,,false,2
,HwCW?CB,4,2385,,,false,2
,HwCW?CB,5,1403,,,false,2
,HwCW?CB,6,1403,,,false,2
,HwCW?CB,7,2385,,,false,2
,HwCW?CB,8,1403,,,false,2
,HwCW?CB,9,1964,,,false,2
,H`B@_WJ,0,2946,,,false,2
,H`B@_WJ,1,1894,,,false,2
,H`B@_WJ,2,1894,,,false,2
,H`B@_WJ,3,1964,,,false,2
,H`B@_WJ,4,1894,,,false,2
,H`B@_WJ,5,1473,,,false,2
,H`B@_WJ,6,1403,,,false,2
,H`B@_WJ,7,2385,,,false,2
,H`B@_WJ,8,2315,,,false,2
,H`B@_WJ,9,2315,,,false,2
,H???ONs,0,2806,,,false,5
,H???ONs,1,1894,,,false,5
,H???ONs,2,2385,,,false,5
,H???ONs,3,2456,,,false,5
,H???ONs,4,2385,,,false,5
,H???ONs,5,1894,,,false,5
,H???ONs,6,1965,,,false,5
,H???ONs,7,2385,,,false,5
,H???ONs,8,2455,,,false,5
,H???ONs,9,2385,,,false,5
,H?????@,0,2456,,,false,1
,H?????@,1,1894,,,false,1
,H?????@,2,2385,,,false,1
,H?????@,3,2315,,,false,1
,H?????@,4,1894,,,false,1
,H?????@,5,1894,,,false,1
,H?????@,6,1894,,,false,1
,H?????@,7,1894,,,false,1
,H?????@,8,1823,,,false,1
,H?????@,9,1965,,,false,1
,H??F~~~,0,4279,,,false,8
,H??F~~~,1,3367,,,false,8
,H??F~~~,2,3858,,,false,8
,H??F~~~,3,3858,,,false,8
,H??F~~~,4,3788,,,false,8
,H??F~~~,5,3788,,,false,8
,H??F~~~,6,3858,,,false,8
,H??F~~~,7,3437,,,false,8
,H??F~~~,8,4279,,,false,8
,H??F~~~,9,4699,,,false,8
,HGC?G?@,0,2385,,,false,1
,HGC?G?@,1,1894,,,false,1
,HGC?G?@,2,982,,,false,1
,HGC?G?@,3,1964,,,false,1
,HGC?G?@,4,1965,,,false,1
,HGC?G?@,5,1964,,,false,1
,HGC?G?@,6,2385,,,false,1
,HGC?G?@,7,1824,,,false,1
,HGC?G?@,8,1894,,,false,1
,HGC?G?@,9,1964,,,false,1
,H??__RF,0,3367,,,false,5
,H??__RF,1,2385,,,false,5
,H??__RF,2,2385,,,false,5
,H??__RF,3,1964,,,false,5
,H??__RF,4,1964,,,false,5
,H??__RF,5,1894,,,false,5
,H??__RF,6,1894,,,false,5
,H??__RF,7,2385,,,false,5
,H??__RF,8,1894,,,false,5
,H??__RF,9,1894,,,false,5
,H{_yqgj,0,4770,,,false,6
,H{_yqgj,1,3437,,,false,6
,H{_yqgj,2,3296,,,false,6
,H{_yqgj,3,3368,,,false,6
,H{_yqgj,4,5331,,,false,6
,H{_yqgj,5,3788,,,false,6
,H{_yqgj,6,3227,,,false,6
,H{_yqgj,7,3858,,,false,6
,H{_yqgj,8,3858,,,false,6
,H{_yqgj,9,3437,,,false,6
,H?aFbx{,0,3367,,,false,4
,H?aFbx{,1,3438,,,false,4
,H?aFbx{,2,3297,,,false,4
,H?aFbx{,3,3297,,,false,4
,H?aFbx{,4,2947,,,false,4
,H?aFbx{,5,3437,,,false,4
,H?aFbx{,6,3367,,,false,4
,H?aFbx{,7,3297,,,false,4
,H?aFbx{,8,2806,,,false,4
,H?aFbx{,9,2876,,,false,4
,H???GKF,0,1823,,,false,3
,H???GKF,1,1403,,,false,3
,H???GKF,2,1403,,,false,3
,H???GKF,3,2385,,,false,3
,H???GKF,4,2455,,,false,3
,H???GKF,5,2385,,,false,3
,H???GKF,6,2385,,,false,3
,H???GKF,7,2876,,,false,3
,H???GKF,8,2385,,,false,3
,H???GKF,9,1894,,,false,3
,H@Kxx{~,0,4349,,,false,6
,H@Kxx{~,1,3437,,,false,6
,H@Kxx{~,2,4209,,,false,6
,H@Kxx{~,3,3859,,,false,6
,H@Kxx{~,4,3296,,,false,6
,H@Kxx{~,5,3928,,,false,6
,H@Kxx{~,6,3788,,,false,6
,H@Kxx{~,7,4279,,,false,6
,H@Kxx{~,8,3858,,,false,6
,H@Kxx{~,9,3367,,,false,6
,H@Kxx~~,0,4770,,,false,8
,H@Kxx~~,1,4349,,,false,8
,H@Kxx~~,2,4279,,,false,8
,H@Kxx~~,3,4208,,,false,8
,H@Kxx~~,4,4279,,,false,8
,H@Kxx~~,5,4349,,,false,8
,H@Kxx~~,6,4349,,,false,8
,H@Kxx~~,7,3788,,,false,8
,H@Kxx~~,8,4209,,,false,8
,H@Kxx~~,9,4209,,,false,8
,H????F|,0,2876,,,false,7
,H????F|,1,3297,,,false,7
,H????F|,2,3368,,,false,7
,H????F|,3,3437,,,false,7
,H????F|,4,2876,,,false,7
,H????F|,5,3788,,,false,7
,H????F|,6,3367,,,false,7
,H????F|,7,3367,,,false,7
,H????F|,8,3296,,,false,7
,H????F|,9,2946,,,false,7
,H}q|r|},0,4700,,,false,7
,H}q|r|},1,3718,,,false,7
,H}q|r|},2,3368,,,false,7
,H}q|r|},3,3928,,,false,7
,H}q|r|},4,4209,,,false,7
,H}q|r|},5,3788,,,false,7
,H}q|r|},6,3297,,,false,7
,H}q|r|},7,4349,,,false,7
,H}q|r|},8,4770,,,false,7
,H}q|r|},9,4209,,,false,7
,H???GN~,0,3297,,,false,8
,H???GN~,1,3297,,,false,8
,H???GN~,2,3367,,,false,8
,H???GN~,3,3859,,,false,8
,H???GN~,4,3858,,,false,8
,H???GN~,5,4279,,,false,8
,H???GN~,6,3718,,,false,8
,H???GN~,7,4279,,,false,8
,H???GN~,8,3858,,,false,8
,H???GN~,9,3367,,,false,8
,HF~~vnn,0,4349,,,false,6
,HF~~vnn,1,2946,,,false,6
,HF~~vnn,2,4349,,,false,6
,HF~~vnn,3,3858,,,false,6
,HF~~vnn,4,3858,,,false,6
,HF~~vnn,5,4840,,,false,6
,HF~~vnn,6,4350,,,false,6
,HF~~vnn,7,4208,,,false,6
,HF~~vnn,8,4349,,,false,6
,HF~~vnn,9,4419,,,false,6
,HF~~~~~,0,4841,,,false,6
,HF~~~~~,1,3858,,,false,6
,HF~~~~~,2,4279,,,false,6
,HF~~~~~,3,4770,,,false,6
,HF~~~~~,4,3367,,,false,6
,HF~~~~~,5,4771,,,false,6
,HF~~~~~,6,4208,,,false,6
,HF~~~~~,7,4770,,,false,6
,HF~~~~~,8,4910,,,false,6
,HF~~~~~,9,4209,,,false,6
,H~?GW[N,0,2876,,,false,4
,H~?GW[N,1,2385,,,false,4
,H~?GW[N,2,2806,,,false,4
,H~?GW[N,3,2385,,,false,4
,H~?GW[N,4,2385,,,false,4
,H~?GW[N,5,2456,,,false,4
,H~?GW[N,6,2876,,,false,4
,H~?GW[N,7,1824,,,false,4
,H~?GW[N,8,2385,,,false,4
,H~?GW[N,9,2385,,,false,4
,HwCW~?^,0,3297,,,false,4
,HwCW~?^,1,2806,,,false,4
,HwCW~?^,2,2876,,,false,4
,HwCW~?^,3,2876,,,false,4
,HwCW~?^,4,1894,,,false,4
,HwCW~?^,5,1473,,,false,4
,HwCW~?^,6,1403,,,false,4
,HwCW~?^,7,3858,,,false,4
,HwCW~?^,8,2877,,,false,4
,HwCW~?^,9,2877,,,false,4
,HwC^?~{,0,4279,,,false,6
,HwC^?~{,1,2806,,,false,6
,HwC^?~{,2,3297,,,false,6
,HwC^?~{,3,3367,,,false,6
,HwC^?~{,4,3928,,,false,6
,HwC^?~{,5,3788,,,false,6
,HwC^?~{,6,3367,,,false,6
,HwC^?~{,7,3858,,,false,6
,HwC^?~{,8,3367,,,false,6
,HwC^?~{,9,3368,,,false,6
,HqN~~~~,0,4840,,,false,6
,HqN~~~~,1,4770,,,false,6
,HqN~~~~,2,4700,,,false,6
,HqN~~~~,3,4840,,,false,6
,HqN~~~~,4,3437,,,false,6
,HqN~~~~,5,4349,,,false,6
,HqN~~~~,6,3297,,,false,6
,HqN~~~~,7,4279,,,false,6
,HqN~~~~,8,4279,,,false,6
,HqN~~~~,9,4279,,,false,6
,HJ\zz|~,0,3367,,,false,7
,HJ\zz|~,1,3368,,,false,7
,HJ\zz|~,2,4279,,,false,7
,HJ\zz|~,3,3788,,,false,7
,HJ\zz|~,4,4279,,,false,7
,HJ\zz|~,5,4349,,,false,7
,HJ\zz|~,6,4279,,,false,7
,HJ\zz|~,7,4841,,,false,7
,HJ\zz|~,8,4350,,,false,7
,HJ\zz|~,9,4419,,,false,7
,HJ\zz~~,0,4349,,,false,7
,HJ\zz~~,1,3858,,,false,7
,HJ\zz~~,2,2806,,,false,7
,HJ\zz~~,3,3928,,,false,7
,HJ\zz~~,4,3858,,,false,7
,HJ\zz~~,5,2455,,,false,7
,HJ\zz~~,6,3859,,,false,7
,HJ\zz~~,7,3788,,,false,7
,HJ\zz~~,8,3858,,,false,7
,HJ\zz~~,9,3858,,,false,7
,H~z\z|~,0,4349,,,false,7
,H~z\z|~,1,4420,,,false,7
,H~z\z|~,2,4279,,,false,7
,H~z\z|~,3,3858,,,false,7
,H~z\z|~,4,4279,,,false,7
,H~z\z|~,5,3297,,,false,7
,H~z\z|~,6,4279,,,false,7
,H~z\z|~,7,4349,,,false,7
,H~z\z|~,8,4770,,,false,7
,H~z\z|~,9,4700,,,false,7
,H~z\z~~,0,5191,,,false,7
,H~z\z~~,1,4279,,,false,7
,H~z\z~~,2,4349,,,false,7
,H~z\z~~,3,4700,,,false,7
,H~z\z~~,4,4770,,,false,7
,H~z\z~~,5,4770,,,false,7
,H~z\z~~,6,4420,,,false,7
,H~z\z~~,7,4770,,,false,7
,H~z\z~~,8,4770,,,false,7
,H~z\z~~,9,4770,,,false,7
,H^~~~~~,0,4770,,,false,7
,H^~~~~~,1,4770,,,false,7
,H^~~~~~,2,4349,,,false,7
,H^~~~~~,3,5121,,,false,7
,H^~~~~~,4,4840,,,false,7
,H^~~~~~,5,4841,,,false,7
,H^~~~~~,6,4279,,,false,7
,H^~~~~~,7,4700,,,false,7
,H^~~~~~,8,4700,,,false,7
,H^~~~~~,9,4770,,,false,7
,H~~~~~~,0,5191,,,false,8
,H~~~~~~,1,4770,,,false,8
,H~~~~~~,2,4770,,,false,8
,H~~~~~~,3,4629,,,false,8
,H~~~~~~,4,4279,,,false,8
,H~~~~~~,5,4419,,,false,8
,H~~~~~~,6,4770,,,false,8
,H~~~~~~,7,4630,,,false,8
,H~~~~~~,8,4770,,,false,8
,H~~~~~~,9,4840,,,false,8
,H?B~vrw,0,3367,,,false,4
,H?B~vrw,1,2876,,,false,4
,H?B~vrw,2,2877,,,false,4
,H?B~vrw,3,3858,,,false,4
,H?B~vrw,4,3858,,,false,4
,H?B~vrw,5,3437,,,false,4
,H?B~vrw,6,3788,,,false,4
,H?B~vrw,7,3718,,,false,4
,H?B~vrw,8,3858,,,false,4
,H?B~vrw,9,3859,,,false,4
,H?B~~~~,0,4770,,,false,8
,H?B~~~~,1,4911,,,false,8
,H?B~~~~,2,3788,,,false,8
,H?B~~~~,3,4209,,,false,8
,H?B~~~~,4,3858,,,false,8
,H?B~~~~,5,4419,,,false,8
,H?B~~~~,6,3788,,,false,8
,H?B~~~~,7,3297,,,false,8
,H?B~~~~,8,3367,,,false,8
,H?B~~~~,9,6314,,,false,8
,H`?G?CB,0,1964,,,false,2
,H`?G?CB,1,1964,,,false,2
,H`?G?CB,2,2314,,,false,2
,H`?G?CB,3,982,,,false,2
,H`?G?CB,4,2385,,,false,2
,H`?G?CB,5,1894,,,false,2
,H`?G?CB,6,1964,,,false,2
,H`?G?CB,7,1473,,,false,2
,H`?G?CB,8,1473,,,false,2
,H`?G?CB,9,1964,,,false,2
,H@GOQIA,0,1964,,,false,2
,H@GOQIA,1,1403,,,false,2
,H@GOQIA,2,1964,,,false,2
,H@GOQIA,3,1894,,,false,2
,H@GOQIA,4,2385,,,false,2
,H@GOQIA,5,2455,,,false,2
,H@GOQIA,6,2385,,,false,2
,H@GOQIA,7,1403,,,false,2
,H@GOQIA,8,1824,,,false,2
,H@GOQIA,9,1403,,,false,2
,H?DCP_d,0,1894,,,false,2
,H?DCP_d,1,1403,,,false,2
,H?DCP_d,2,1894,,,false,2
,H?DCP_d,3,1894,,,false,2
,H?DCP_d,4,2455,,,false,2
,H?DCP_d,5,2385,,,false,2
,H?DCP_d,6,2385,,,false,2
,H?DCP_d,7,982,,,false,2
,H?DCP_d,8,1824,,,false,2
,H?DCP_d,9,1473,,,false,2
,H???GGB,0,2245,,,false,2
,H???GGB,1,2385,,,false,2
,H???GGB,2,2385,,,false,2
,H???GGB,3,2455,,,false,2
,H???GGB,4,1894,,,false,2
,H???GGB,5,1964,,,false,2
,H???GGB,6,2385,,,false,2
,H???GGB,7,1894,,,false,2
,H???GGB,8,1894,,,false,2
,H???GGB,9,1403,,,false,2
,H@G?GgI,0,1402,,,false,2
,H@G?GgI,1,1403,,,false,2
,H@G?GgI,2,1473,,,false,2
,H@G?GgI,3,1473,,,false,2
,H@G?GgI,4,1894,,,false,2
,H@G?GgI,5,2315,,,false,2
,H@G?GgI,6,2385,,,false,2
,H@G?GgI,7,2455,,,false,2
,H@G?GgI,8,1403,,,false,2
,H@G?GgI,9,1473,,,false,2
,H??IPio,0,2455,,,false,3
,H??IPio,1,1473,,,false,3
,H??IPio,2,1965,,,false,3
,H??IPio,3,1403,,,false,3
,H??IPio,4,1403,,,false,3
,H??IPio,5,1894,,,false,3
,H??IPio,6,1964,,,false,3
,H??IPio,7,1964,,,false,3
,H??IPio,8,2455,,,false,3
,H??IPio,9,2385,,,false,3
,HoCOPHA,0,1894,,,false,2
,HoCOPHA,1,1824,,,false,2
,HoCOPHA,2,1894,,,false,2
,HoCOPHA,3,1894,,,false,2
,HoCOPHA,4,2385,,,false,2
,HoCOPHA,5,2456,,,false,2
,HoCOPHA,6,2385,,,false,2
,HoCOPHA,7,1403,,,false,2
,HoCOPHA,8,1823,,,false,2
,HoCOPHA,9,1474,,,false,2
,H?G?iIW,0,2806,,,false,3
,H?G?iIW,1,1964,,,false,3
,H?G?iIW,2,1403,,,false,3
,H?G?iIW,3,1473,,,false,3
,H?G?iIW,4,2455,,,false,3
,H?G?iIW,5,2455,,,false,3
,H?G?iIW,6,2385,,,false,3
,H?G?iIW,7,912,,,false,3
,H?G?iIW,8,1403,,,false,3
,H?G?iIW,9,1473,,,false,3
,H?A?ISq,0,3227,,,false,5
,H?A?ISq,1,2876,,,false,5
,H?A?ISq,2,2385,,,false,5
,H?A?ISq,3,2947,,,false,5
,H?A?ISq,4,2806,,,false,5
,H?A?ISq,5,2455,,,false,5
,H?A?ISq,6,2806,,,false,5
,H?A?ISq,7,1964,,,false,5
,H?A?ISq,8,1473,,,false,5
,H?A?ISq,9,1964,,,false,5
,H@GSY^o,0,3437,,,false,6
,H@GSY^o,1,3788,,,false,6
,H@GSY^o,2,3718,,,false,6
,H@GSY^o,3,3367,,,false,6
,H@GSY^o,4,3297,,,false,6
,H@GSY^o,5,3438,,,false,6
,H@GSY^o,6,3297,,,false,6
,H@GSY^o,7,3227,,,false,6
,H@GSY^o,8,2806,,,false,6
,H@GSY^o,9,3367,,,false,6
,H?C[Y[n,0,2876,,,false,4
,H?C[Y[n,1,2876,,,false,4
,H?C[Y[n,2,2876,,,false,4
,H?C[Y[n,3,2876,,,false,4
,H?C[Y[n,4,2806,,,false,4
,H?C[Y[n,5,2806,,,false,4
,H?C[Y[n,6,1474,,,false,4
,H?C[Y[n,7,2385,,,false,4
,H?C[Y[n,8,2385,,,false,4
,H?C[Y[n,9,2455,,,false,4
,H????N},0,3438,,,false,7
,H????N},1,3788,,,false,7
,H????N},2,2946,,,false,7
,H????N},3,3297,,,false,7
,H????N},4,3858,,,false,7
,H????N},5,2946,,,false,7
,H????N},6,3368,,,false,7
,H????N},7,3367,,,false,7
,H????N},8,2876,,,false,7
,H????N},9,3437,,,false,7
,H??GW[N,0,2315,,,false,4
,H??GW[N,1,2876,,,false,4
,H??GW[N,2,2946,,,false,4
,H??GW[N,3,3297,,,false,4
,H??GW[N,4,2806,,,false,4
,H??GW[N,5,2946,,,false,4
,H??GW[N,6,3297,,,false,4
,H??GW[N,7,2947,,,false,4
,H??GW[N,8,2876,,,false,4
,H??GW[N,9,2806,,,false,4
,H??GW^~,0,4279,,,false,8
,H??GW^~,1,3929,,,false,8
,H??GW^~,2,4419,,,false,8
,H??GW^~,3,4279,,,false,8
,H??GW^~,4,3227,,,false,8
,H??GW^~,5,3297,,,false,8
,H??GW^~,6,4349,,,false,8
,H??GW^~,7,3367,,,false,8
,H??GW^~,8,3859,,,false,8
,H??GW^~,9,3297,,,false,8
,H????^p,0,2876,,,false,7
,H????^p,1,2806,,,false,7
,H????^p,2,2806,,,false,7
,H????^p,3,3368,,,false,7
,H????^p,4,2385,,,false,7
,H????^p,5,3297,,,false,7
,H????^p,6,3297,,,false,7
,H????^p,7,3297,,,false,7
,H????^p,8,2455,,,false,7
,H????^p,9,2385,,,false,7
,H?CWw{^,0,3437,,,false,5
,H?CWw{^,1,3297,,,false,5
,H?CWw{^,2,3718,,,false,5
,H?CWw{^,3,3367,,,false,5
,H?CWw{^,4,3296,,,false,5
,H?CWw{^,5,3437,,,false,5
,H?CWw{^,6,3788,,,false,5
,H?CWw{^,7,3297,,,false,5
,H?CWw{^,8,3367,,,false,5
,H?CWw{^,9,3367,,,false,5
,H?CWw~~,0,3928,,,false,8
,H?CWw~~,1,3928,,,false,8
,H?CWw~~,2,3858,,,false,8
,H?CWw~~,3,3788,,,false,8
,H?CWw~~,4,3367,,,false,8
,H?CWw~~,5,3367,,,false,8
,H?CWw~~,6,3438,,,false,8
,H?CWw~~,7,3367,,,false,8
,H?CWw~~,8,3718,,,false,8
,H?CWw~~,9,3297,,,false,8
,H???C\q,0,3788,,,false,6
,H???C\q,1,2806,,,false,6
,H???C\q,2,3367,,,false,6
,H???C\q,3,2947,,,false,6
,H???C\q,4,2385,,,false,6
,H???C\q,5,2385,,,false,6
,H???C\q,6,1894,,,false,6
,H???C\q,7,2385,,,false,6
,H???C\q,8,2455,,,false,6
,H???C\q,9,2385,,,false,6
,H????B~,0,4279,,,false,8
,H????B~,1,3297,,,false,8
,H????B~,2,4349,,,false,8
,H????B~,3,3858,,,false,8
,H????B~,4,2876,,,false,8
,H????B~,5,4279,,,false,8
,H????B~,6,3858,,,false,8
,H????B~,7,2876,,,false,8
,H????B~,8,4349,,,false,8
,H????B~,9,4279,,,false,8
,HEutZhj,0,4840,,,false,5
,HEutZhj,1,3788,,,false,5
,HEutZhj,2,3788,,,false,5
,HEutZhj,3,3788,,,false,5
,HEutZhj,4,3858,,,false,5
,HEutZhj,5,3788,,,false,5
,HEutZhj,6,3787,,,false,5
,HEutZhj,7,3788,,,false,5
,HEutZhj,8,3297,,,false,5
,HEutZhj,9,3859,,,false,5
,HCHCp\V,0,4349,,,false,6
,HCHCp\V,1,3438,,,false,6
,HCHCp\V,2,3297,,,false,6
,HCHCp\V,3,3297,,,false,6
,HCHCp\V,4,3297,,,false,6
,HCHCp\V,5,2876,,,false,6
,HCHCp\V,6,3437,,,false,6
,HCHCp\V,7,2876,,,false,6
,HCHCp\V,8,3438,,,false,6
,HCHCp\V,9,2806,,,false,6
,HqH}dS^,0,4770,,,false,5
,HqH}dS^,1,3367,,,false,5
,HqH}dS^,2,3929,,,false,5
,HqH}dS^,3,3367,,,false,5
,HqH}dS^,4,2806,,,false,5
,HqH}dS^,5,3858,,,false,5
,HqH}dS^,6,3788,,,false,5
,HqH}dS^,7,3437,,,false,5
,HqH}dS^,8,3788,,,false,5
,HqH}dS^,9,3788,,,false,5
,HoCOOL_,0,2385,,,false,2
,HoCOOL_,1,1894,,,false,2
,HoCOOL_,2,1964,,,false,2
,HoCOOL_,3,1894,,,false,2
,HoCOOL_,4,1403,,,false,2
,HoCOOL_,5,1964,,,false,2
,HoCOOL_,6,1894,,,false,2
,HoCOOL_,7,2315,,,false,2
,HoCOOL_,8,1894,,,false,2
,HoCOOL_,9,1964,,,false,2
,HwCO?SE,0,1964,,,false,2
,HwCO?SE,1,1403,,,false,2
,HwCO?SE,2,1894,,,false,2
,HwCO?SE,3,1894,,,false,2
,HwCO?SE,4,1964,,,false,2
,HwCO?SE,5,2386,,,false,2
,HwCO?SE,6,2456,,,false,2
,HwCO?SE,7,2315,,,false,2
,HwCO?SE,8,1473,,,false,2
,HwCO?SE,9,2385,,,false,2
,H{dQXgj,0,4209,,,false,5
,H{dQXgj,1,3859,,,false,5
,H{dQXgj,2,3367,,,false,5
,H{dQXgj,3,3788,,,false,5
,H{dQXgj,4,3858,,,false,5
,H{dQXgj,5,3367,,,false,5
,H{dQXgj,6,12487,,,false,5
,H{dQXgj,7,3788,,,false,5
,H{dQXgj,8,3297,,,false,5
,H{dQXgj,9,3437,,,false,5
,HoDPV~},0,3367,,,false,7
,HoDPV~},1,3437,,,false,7
,HoDPV~},2,3858,,,false,7
,HoDPV~},3,3788,,,false,7
,HoDPV~},4,3367,,,false,7
,HoDPV~},5,4349,,,false,7
,HoDPV~},6,3788,,,false,7
,HoDPV~},7,3718,,,false,7
,HoDPV~},8,3858,,,false,7
,HoDPV~},9,3928,,,false,7
,HIISZ~},0,3367,,,false,6
,HIISZ~},1,3367,,,false,6
,HIISZ~},2,3788,,,false,6
,HIISZ~},3,3788,,,false,6
,HIISZ~},4,3788,,,false,6
,HIISZ~},5,3367,,,false,6
,HIISZ~},6,2877,,,false,6
,HIISZ~},7,3788,,,false,6
,HIISZ~},8,2806,,,false,6
,HIISZ~},9,3367,,,false,6
,H?MzvNV,0,4700,,,false,6
,H?MzvNV,1,4350,,,false,6
,H?MzvNV,2,3858,,,false,6
,H?MzvNV,3,3788,,,false,6
,H?MzvNV,4,3858,,,false,6
,H?MzvNV,5,3858,,,false,6
,H?MzvNV,6,2876,,,false,6
,H?MzvNV,7,2876,,,false,6
,H?MzvNV,8,3788,,,false,6
,H?MzvNV,9,4279,,,false,6
,H?S}tnn,0,4209,,,false,6
,H?S}tnn,1,3367,,,false,6
,H?S}tnn,2,3858,,,false,6
,H?S}tnn,3,3367,,,false,6
,H?S}tnn,4,3297,,,false,6
,H?S}tnn,5,3367,,,false,6
,H?S}tnn,6,3788,,,false,6
,H?S}tnn,7,3858,,,false,6
,H?S}tnn,8,3858,,,false,6
,H?S}tnn,9,3718,,,false,6
,H?`jm}~,0,4770,,,false,7
,H?`jm}~,1,4279,,,false,7
,H?`jm}~,2,3297,,,false,7
,H?`jm}~,3,3437,,,false,7
,H?`jm}~,4,3367,,,false,7
,H?`jm}~,5,3787,,,false,7
,H?`jm}~,6,3788,,,false,7
,H?`jm}~,7,3858,,,false,7
,H?`jm}~,8,3928,,,false,7
,H?`jm}~,9,3718,,,false,7
,H?h[bFr,0,4700,,,false,5
,H?h[bFr,1,3858,,,false,5
,H?h[bFr,2,3297,,,false,5
,H?h[bFr,3,3437,,,false,5
,H?h[bFr,4,3368,,,false,5
,H?h[bFr,5,2806,,,false,5
,H?h[bFr,6,2876,,,false,5
,H?h[bFr,7,2876,,,false,5
,H?h[bFr,8,3367,,,false,5
,H?h[bFr,9,3788,,,false,5
,H@IQ]re,0,4349,,,false,5
,H@IQ]re,1,3367,,,false,5
,H@IQ]re,2,3297,,,false,5
,H@IQ]re,3,3367,,,false,5
,H@IQ]re,4,3788,,,false,5
,H@IQ]re,5,3858,,,false,5
,H@IQ]re,6,3788,,,false,5
,H@IQ]re,7,3718,,,false,5
,H@IQ]re,8,2876,,,false,5
,H@IQ]re,9,2876,,,false,5
,H`?guNw,0,3788,,,false,6
,H`?guNw,1,2876,,,false,6
,H`?guNw,2,2946,,,false,6
,H`?guNw,3,2876,,,false,6
,H`?guNw,4,3297,,,false,6
,H`?guNw,5,3297,,,false,6
,H`?guNw,6,2947,,,false,6
,H`?guNw,7,2455,,,false,6
,H`?guNw,8,3788,,,false,6
,H`?guNw,9,3367,,,false,6
,H`AkrT[,0,3718,,,false,4
,H`AkrT[,1,3367,,,false,4
,H`AkrT[,2,3367,,,false,4
,H`AkrT[,3,3437,,,false,4
,H`AkrT[,4,3367,,,false,4
,H`AkrT[,5,3297,,,false,4
,H`AkrT[,6,3438,,,false,4
,H`AkrT[,7,3367,,,false,4
,H`AkrT[,8,2946,,,false,4
,H`AkrT[,9,2876,,,false,4
,H_GouNy,0,4420,,,false,5
,H_GouNy,1,3297,,,false,5
,H_GouNy,2,2806,,,false,5
,H_GouNy,3,2876,,,false,5
,H_GouNy,4,3367,,,false,5
,H_GouNy,5,3367,,,false,5
,H_GouNy,6,3367,,,false,5
,H_GouNy,7,3718,,,false,5
,H_GouNy,8,3297,,,false,5
,H_GouNy,9,3297,,,false,5
,H@`M@~u,0,4770,,,false,6
,H@`M@~u,1,2876,,,false,6
,H@`M@~u,2,2946,,,false,6
,H@`M@~u,3,2876,,,false,6
,H@`M@~u,4,3367,,,false,6
,H@`M@~u,5,3788,,,false,6
,H@`M@~u,6,3368,,,false,6
,H@`M@~u,7,10522,,,false,6
,H@`M@~u,8,3718,,,false,6
,H@`M@~u,9,2876,,,false,6
,HR?MC|m,0,4279,,,false,5
,HR?MC|m,1,3858,,,false,5
,HR?MC|m,2,2876,,,false,5
,HR?MC|m,3,3297,,,false,5
,HR?MC|m,4,3367,,,false,5
,HR?MC|m,5,3368,,,false,5
,HR?MC|m,6,2946,,,false,5
,HR?MC|m,7,3367,,,false,5
,HR?MC|m,8,3297,,,false,5
,HR?MC|m,9,3367,,,false,5
,HR?M@~M,0,3718,,,false,7
,HR?M@~M,1,3367,,,false,7
,HR?M@~M,2,3858,,,false,7
,HR?M@~M,3,3367,,,false,7
,HR?M@~M,4,3297,,,false,7
,HR?M@~M,5,3367,,,false,7
,HR?M@~M,6,3788,,,false,7
,HR?M@~M,7,3859,,,false,7
,HR?M@~M,8,3367,,,false,7
,HR?M@~M,9,3437,,,false,7
,HR`HGvN,0,3788,,,false,5
,HR`HGvN,1,3858,,,false,5
,HR`HGvN,2,3297,,,false,5
,HR`HGvN,3,3928,,,false,5
,HR`HGvN,4,3367,,,false,5
,HR`HGvN,5,3788,,,false,5
,HR`HGvN,6,3297,,,false,5
,HR`HGvN,7,3367,,,false,5
,HR`HGvN,8,3437,,,false,5
,HR`HGvN,9,3367,,,false,5
,HCSp]Nw,0,4841,,,false,5
,HCSp]Nw,1,3367,,,false,5
,HCSp]Nw,2,3367,,,false,5
,HCSp]Nw,3,3858,,,false,5
,HCSp]Nw,4,3367,,,false,5
,HCSp]Nw,5,3367,,,false,5
,HCSp]Nw,6,3227,,,false,5
,HCSp]Nw,7,3788,,,false,5
,HCSp]Nw,8,3368,,,false,5
,HCSp]Nw,9,3437,,,false,5
,H@iRI~w,0,4420,,,false,6
,H@iRI~w,1,3858,,,false,6
,H@iRI~w,2,3718,,,false,6
,H@iRI~w,3,3367,,,false,6
,H@iRI~w,4,3788,,,false,6
,H@iRI~w,5,3367,,,false,6
,H@iRI~w,6,3367,,,false,6
,H@iRI~w,7,3297,,,false,6
,H@iRI~w,8,3858,,,false,6
,H@iRI~w,9,3858,,,false,6
,HPSRK^[,0,3929,,,false,5
,HPSRK^[,1,3858,,,false,5
,HPSRK^[,2,3858,,,false,5
,HPSRK^[,3,3367,,,false,5
,HPSRK^[,4,3367,,,false,5
,HPSRK^[,5,3438,,,false,5
,HPSRK^[,6,3788,,,false,5
,HPSRK^[,7,3788,,,false,5
,HPSRK^[,8,3367,,,false,5
,HPSRK^[,9,3367,,,false,5
,HANLbNw,0,4279,,,false,5
,HANLbNw,1,3928,,,false,5
,HANLbNw,2,3367,,,false,5
,HANLbNw,3,3718,,,false,5
,HANLbNw,4,3858,,,false,5
,HANLbNw,5,3859,,,false,5
,HANLbNw,6,3928,,,false,5
,HANLbNw,7,3788,,,false,5
,HANLbNw,8,3788,,,false,5
,HANLbNw,9,3928,,,false,5
,H?ManrM,0,4208,,,false,5
,H?ManrM,1,3297,,,false,5
,H?ManrM,2,3928,,,false,5
,H?ManrM,3,2876,,,false,5
,H?ManrM,4,3297,,,false,5
,H?ManrM,5,3297,,,false,5
,H?ManrM,6,3788,,,false,5
,H?ManrM,7,3367,,,false,5
,H?ManrM,8,3788,,,false,5
,H?ManrM,9,3367,,,false,5
,H@hZSno,0,3858,,,false,5
,H@hZSno,1,3297,,,false,5
,H@hZSno,2,3367,,,false,5
,H@hZSno,3,2947,,,false,5
,H@hZSno,4,3788,,,false,5
,H@hZSno,5,3367,,,false,5
,H@hZSno,6,3297,,,false,5
,H@hZSno,7,3858,,,false,5
,H@hZSno,8,3367,,,false,5
,H@hZSno,9,3227,,,false,5
,H{`Ypgj,0,4279,,,false,5
,H{`Ypgj,1,3788,,,false,5
,H{`Ypgj,2,2946,,,false,5
,H{`Ypgj,3,3367,,,false,5
,H{`Ypgj,4,3929,,,false,5
,H{`Ypgj,5,3367,,,false,5
,H{`Ypgj,6,3718,,,false,5
,H{`Ypgj,7,3437,,,false,5
,H{`Ypgj,8,3367,,,false,5
,H{`Ypgj,9,3367,,,false,5
,HQ?g}Rp,0,4280,,,false,6
,HQ?g}Rp,1,2876,,,false,6
,HQ?g}Rp,2,2806,,,false,6
,HQ?g}Rp,3,2876,,,false,6
,HQ?g}Rp,4,3788,,,false,6
,HQ?g}Rp,5,3437,,,false,6
,HQ?g}Rp,6,35004,,,false,6
,HQ?g}Rp,7,4770,,,false,6
,HQ?g}Rp,8,2806,,,false,6
,HQ?g}Rp,9,2876,,,false,6
,HQ?{QVr,0,3297,,,false,4
,HQ?{QVr,1,3367,,,false,4
,HQ?{QVr,2,3928,,,false,4
,HQ?{QVr,3,3297,,,false,4
,HQ?{QVr,4,3367,,,false,4
,HQ?{QVr,5,3297,,,false,4
,HQ?{QVr,6,3368,,,false,4
,HQ?{QVr,7,3437,,,false,4
,HQ?{QVr,8,3367,,,false,4
,HQ?{QVr,9,3297,,,false,4
,H``@_^{,0,3297,,,false,6
,H``@_^{,1,3297,,,false,6
,H``@_^{,2,3297,,,false,6
,H``@_^{,3,3367,,,false,6
,H``@_^{,4,3437,,,false,6
,H``@_^{,5,3297,,,false,6
,H``@_^{,6,3718,,,false,6
,H``@_^{,7,3367,,,false,6
,H``@_^{,8,3367,,,false,6
,H``@_^{,9,3437,,,false,6
,HR?G]Nw,0,4279,,,false,5
,HR?G]Nw,1,3928,,,false,5
,HR?G]Nw,2,3859,,,false,5
,HR?G]Nw,3,3367,,,false,5
,HR?G]Nw,4,3788,,,false,5
,HR?G]Nw,5,3788,,,false,5
,HR?G]Nw,6,3437,,,false,5
,HR?G]Nw,7,3367,,,false,5
,HR?G]Nw,8,3367,,,false,5
,HR?G]Nw,9,3227,,,false,5
,HPp?g~e,0,3788,,,false,5
,HPp?g~e,1,3788,,,false,5
,HPp?g~e,2,3788,,,false,5
,HPp?g~e,3,3438,,,false,5
,HPp?g~e,4,3297,,,false,5
,HPp?g~e,5,3367,,,false,5
,HPp?g~e,6,3297,,,false,5
,HPp?g~e,7,2946,,,false,5
,HPp?g~e,8,3367,,,false,5
,HPp?g~e,9,3297,,,false,5
,H`Y?g~e,0,3858,,,false,6
,H`Y?g~e,1,3297,,,false,6
,H`Y?g~e,2,3297,,,false,6
,H`Y?g~e,3,3367,,,false,6
,H`Y?g~e,4,3438,,,false,6
,H`Y?g~e,5,3367,,,false,6
,H`Y?g~e,6,3297,,,false,6
,H`Y?g~e,7,3367,,,false,6
,H`Y?g~e,8,3367,,,false,6
,H`Y?g~e,9,2876,,,false,6
,H_?|Qrr,0,3438,,,false,5
,H_?|Qrr,1,3367,,,false,5
,H_?|Qrr,2,3297,,,false,5
,H_?|Qrr,3,3717,,,false,5
,H_?|Qrr,4,3296,,,false,5
,H_?|Qrr,5,3437,,,false,5
,H_?|Qrr,6,3437,,,false,5
,H_?|Qrr,7,3367,,,false,5
,H_?|Qrr,8,3297,,,false,5
,H_?|Qrr,9,3297,,,false,5
,H[CGYNp,0,3297,,,false,6
,H[CGYNp,1,3858,,,false,6
,H[CGYNp,2,2946,,,false,6
,H[CGYNp,3,3368,,,false,6
,H[CGYNp,4,3296,,,false,6
,H[CGYNp,5,3367,,,false,6
,H[CGYNp,6,3367,,,false,6
,H[CGYNp,7,3437,,,false,6
,H[CGYNp,8,3297,,,false,6
,H[CGYNp,9,3788,,,false,6
,H`GO]Nw,0,3367,,,false,5
,H`GO]Nw,1,3718,,,false,5
,H`GO]Nw,2,3367,,,false,5
,H`GO]Nw,3,3788,,,false,5
,H`GO]Nw,4,3367,,,false,5
,H`GO]Nw,5,3367,,,false,5
,H`GO]Nw,6,3297,,,false,5
,H`GO]Nw,7,3297,,,false,5
,H`GO]Nw,8,3367,,,false,5
,H`GO]Nw,9,3367,,,false,5
,H`IQO~e,0,3297,,,false,6
,H`IQO~e,1,3788,,,false,6
,H`IQO~e,2,3368,,,false,6
,H`IQO~e,3,3297,,,false,6
,H`IQO~e,4,3226,,,false,6
,H`IQO~e,5,3367,,,false,6
,H`IQO~e,6,3367,,,false,6
,H`IQO~e,7,3367,,,false,6
,H`IQO~e,8,3297,,,false,6
,H`IQO~e,9,3367,,,false,6
,HqGOW~e,0,4279,,,false,6
,HqGOW~e,1,3718,,,false,6
,HqGOW~e,2,3788,,,false,6
,HqGOW~e,3,3367,,,false,6
,HqGOW~e,4,3858,,,false,6
,HqGOW~e,5,3788,,,false,6
,HqGOW~e,6,3368,,,false,6
,HqGOW~e,7,3788,,,false,6
,HqGOW~e,8,3367,,,false,6
,HqGOW~e,9,3367,,,false,6
,HDYAG~e,0,2947,,,false,4
,HDYAG~e,1,3367,,,false,4
,HDYAG~e,2,3297,,,false,4
,HDYAG~e,3,3367,,,false,4
,HDYAG~e,4,2946,,,false,4
,HDYAG~e,5,3368,,,false,4
,HDYAG~e,6,3296,,,false,4
,HDYAG~e,7,3368,,,false,4
,HDYAG~e,8,3367,,,false,4
,HDYAG~e,9,3437,,,false,4
,Ha?{PVr,0,3788,,,false,6
,Ha?{PVr,1,3788,,,false,6
,Ha?{PVr,2,3858,,,false,6
,Ha?{PVr,3,3438,,,false,6
,Ha?{PVr,4,2876,,,false,6
,Ha?{PVr,5,2876,,,false,6
,Ha?{PVr,6,2806,,,false,6
,Ha?{PVr,7,3297,,,false,6
,Ha?{PVr,8,2946,,,false,6
,Ha?{PVr,9,2877,,,false,6
,Ho@PW~w,0,3858,,,false,5
,Ho@PW~w,1,3297,,,false,5
,Ho@PW~w,2,3367,,,false,5
,Ho@PW~w,3,3297,,,false,5
,Ho@PW~w,4,2947,,,false,5
,Ho@PW~w,5,2946,,,false,5
,Ho@PW~w,6,2806,,,false,5
,Ho@PW~w,7,2806,,,false,5
,Ho@PW~w,8,3297,,,false,5
,Ho@PW~w,9,2876,,,false,5
,Hq?HWzr,0,3858,,,false,7
,Hq?HWzr,1,2946,,,false,7
,Hq?HWzr,2,3367,,,false,7
,Hq?HWzr,3,3297,,,false,7
,Hq?HWzr,4,2946,,,false,7
,Hq?HWzr,5,3368,,,false,7
,Hq?HWzr,6,2946,,,false,7
,Hq?HWzr,7,3297,,,false,7
,Hq?HWzr,8,2806,,,false,7
,Hq?HWzr,9,2876,,,false,7
,H`?L?lJ,0,3227,,,false,6
,H`?L?lJ,1,2385,,,false,6
,H`?L?lJ,2,2385,,,false,6
,H`?L?lJ,3,2455,,,false,6
,H`?L?lJ,4,2455,,,false,6
,H`?L?lJ,5,2455,,,false,6
,H`?L?lJ,6,2806,,,false,6
,H`?L?lJ,7,2315,,,false,6
,H`?L?lJ,8,2456,,,false,6
,H`?L?lJ,9,2455,,,false,6
,HCd@Igi,0,2876,,,false,2
,HCd@Igi,1,1403,,,false,2
,HCd@Igi,2,1894,,,false,2
,HCd@Igi,3,1964,,,false,2
,HCd@Igi,4,1824,,,false,2
,HCd@Igi,5,1894,,,false,2
,HCd@Igi,6,1473,,,false,2
,HCd@Igi,7,1964,,,false,2
,HCd@Igi,8,1894,,,false,2
,HCd@Igi,9,1473,,,false,2
,H?z\z~~,0,4630,,,false,8
,H?z\z~~,1,3858,,,false,8
,H?z\z~~,2,4349,,,false,8
,H?z\z~~,3,4349,,,false,8
,H?z\z~~,4,3788,,,false,8
,H?z\z~~,5,4279,,,false,8
,H?z\z~~,6,3858,,,false,8
,H?z\z~~,7,4349,,,false,8
,H?z\z~~,8,3788,,,false,8
,H?z\z~~,9,4209,,,false,8
,H_K~]~~,0,4700,,,false,7
,H_K~]~~,1,3788,,,false,7
,H_K~]~~,2,4419,,,false,7
,H_K~]~~,3,4279,,,false,7
,H_K~]~~,4,3788,,,false,7
,H_K~]~~,5,3858,,,false,7
,H_K~]~~,6,4349,,,false,7
,H_K~]~~,7,3928,,,false,7
,H_K~]~~,8,4349,,,false,7
,H_K~]~~,9,4279,,,false,7
,HCZ\z~~,0,4350,,,false,8
,HCZ\z~~,1,3788,,,false,8
,HCZ\z~~,2,3928,,,false,8
,HCZ\z~~,3,4279,,,false,8
,HCZ\z~~,4,3858,,,false,8
,HCZ\z~~,5,3788,,,false,8
,HCZ\z~~,6,3929,,,false,8
,HCZ\z~~,7,3858,,,false,8
,HCZ\z~~,8,4279,,,false,8
,HCZ\z~~,9,4279,,,false,8
,H@zTz~~,0,4770,,,false,8
,H@zTz~~,1,4279,,,false,8
,H@zTz~~,2,4349,,,false,8
,H@zTz~~,3,4209,,,false,8
,H@zTz~~,4,4279,,,false,8
,H@zTz~~,5,4350,,,false,8
,H@zTz~~,6,4349,,,false,8
,H@zTz~~,7,4209,,,false,8
,H@zTz~~,8,4209,,,false,8
,H@zTz~~,9,4279,,,false,8
,H@l~]~~,0,4770,,,false,8
,H@l~]~~,1,4349,,,false,8
,H@l~]~~,2,4420,,,false,8
,H@l~]~~,3,4279,,,false,8
,H@l~]~~,4,4279,,,false,8
,H@l~]~~,5,4349,,,false,8
,H@l~]~~,6,4349,,,false,8
,H@l~]~~,7,4350,,,false,8
,H@l~]~~,8,4700,,,false,8
,H@l~]~~,9,4350,,,false,8
,HIiZ|~~,0,4770,,,false,8
,HIiZ|~~,1,4349,,,false,8
,HIiZ|~~,2,4209,,,false,8
,HIiZ|~~,3,4349,,,false,8
,HIiZ|~~,4,4349,,,false,8
,HIiZ|~~,5,3858,,,false,8
,HIiZ|~~,6,4208,,,false,8
,HIiZ|~~,7,6243,,,false,8
,HIiZ|~~,8,3858,,,false,8
,HIiZ|~~,9,4209,,,false,8
,HBqj|~~,0,4770,,,false,8
,HBqj|~~,1,4630,,,false,8
,HBqj|~~,2,4770,,,false,8
,HBqj|~~,3,4279,,,false,8
,HBqj|~~,4,4770,,,false,8
,HBqj|~~,5,4700,,,false,8
,HBqj|~~,6,4279,,,false,8
,HBqj|~~,7,4349,,,false,8
,HBqj|~~,8,4349,,,false,8
,HBqj|~~,9,4770,,,false,8
,HHr\z~~,0,4770,,,false,8
,HHr\z~~,1,4349,,,false,8
,HHr\z~~,2,4770,,,false,8
,HHr\z~~,3,4841,,,false,8
,HHr\z~~,4,4840,,,false,8
,HHr\z~~,5,4700,,,false,8
,HHr\z~~,6,4700,,,false,8
,HHr\z~~,7,4840,,,false,8
,HHr\z~~,8,4420,,,false,8
,HHr\z~~,9,4279,,,false,8
,HDYz}~~,0,5261,,,false,8
,HDYz}~~,1,4770,,,false,8
,HDYz}~~,2,4770,,,false,8
,HDYz}~~,3,4419,,,false,8
,HDYz}~~,4,4840,,,false,8
,HDYz}~~,5,4700,,,false,8
,HDYz}~~,6,4770,,,false,8
,HDYz}~~,7,4840,,,false,8
,HDYz}~~,8,4349,,,false,8
,HDYz}~~,9,4700,,,false,8
,Higx}~~,0,5190,,,false,7
,Higx}~~,1,4700,,,false,7
,Higx}~~,2,3367,,,false,7
,Higx}~~,3,3367,,,false,7
,Higx}~~,4,3858,,,false,7
,Higx}~~,5,3367,,,false,7
,Higx}~~,6,3297,,,false,7
,Higx}~~,7,3788,,,false,7
,Higx}~~,8,3367,,,false,7
,Higx}~~,9,4279,,,false,7
,HFXm|~~,0,4770,,,false,8
,HFXm|~~,1,3858,,,false,8
,HFXm|~~,2,3858,,,false,8
,HFXm|~~,3,3858,,,false,8
,HFXm|~~,4,4279,,,false,8
,HFXm|~~,5,3788,,,false,8
,HFXm|~~,6,3788,,,false,8
,HFXm|~~,7,4419,,,false,8
,HFXm|~~,8,4279,,,false,8
,HFXm|~~,9,4209,,,false,8
,HiK|[~~,0,4770,,,false,8
,HiK|[~~,1,4279,,,false,8
,HiK|[~~,2,4350,,,false,8
,HiK|[~~,3,3928,,,false,8
,HiK|[~~,4,3858,,,false,8
,HiK|[~~,5,3718,,,false,8
,HiK|[~~,6,3858,,,false,8
,HiK|[~~,7,3929,,,false,8
,HiK|[~~,8,4349,,,false,8
,HiK|[~~,9,3788,,,false,8
,HsXXz~~,0,4770,,,false,8
,HsXXz~~,1,4209,,,false,8
,HsXXz~~,2,3788,,,false,8
,HsXXz~~,3,4349,,,false,8
,HsXXz~~,4,4349,,,false,8
,HsXXz~~,5,3929,,,false,8
,HsXXz~~,6,4279,,,false,8
,HsXXz~~,7,3928,,,false,8
,HsXXz~~,8,3858,,,false,8
,HsXXz~~,9,3788,,,false,8
,HiiXz~~,0,4700,,,false,8
,HiiXz~~,1,4349,,,false,8
,HiiXz~~,2,3788,,,false,8
,HiiXz~~,3,3928,,,false,8
,HiiXz~~,4,4279,,,false,8
,HiiXz~~,5,3788,,,false,8
,HiiXz~~,6,3788,,,false,8
,HiiXz~~,7,3928,,,false,8
,HiiXz~~,8,3858,,,false,8
,HiiXz~~,9,4209,,,false,8
,HsSz~^~,0,4770,,,false,8
,HsSz~^~,1,3788,,,false,8
,HsSz~^~,2,3858,,,false,8
,HsSz~^~,3,3929,,,false,8
,HsSz~^~,4,3858,,,false,8
,HsSz~^~,5,3718,,,false,8
,HsSz~^~,6,3788,,,false,8
,HsSz~^~,7,3788,,,false,8
,HsSz~^~,8,4349,,,false,8
,HsSz~^~,9,3788,,,false,8
,HDxuz~~,0,4419,,,false,8
,HDxuz~~,1,3788,,,false,8
,HDxuz~~,2,3788,,,false,8
,HDxuz~~,3,3858,,,false,8
,HDxuz~~,4,3858,,,false,8
,HDxuz~~,5,3858,,,false,8
,HDxuz~~,6,4279,,,false,8
,HDxuz~~,7,3858,,,false,8
,HDxuz~~,8,3928,,,false,8
,HDxuz~~,9,3788,,,false,8
,HFZm|~~,0,5682,,,false,8
,HFZm|~~,1,3928,,,false,8
,HFZm|~~,2,3788,,,false,8
,HFZm|~~,3,4279,,,false,8
,HFZm|~~,4,4279,,,false,8
,HFZm|~~,5,4350,,,false,8
,HFZm|~~,6,4349,,,false,8
,HFZm|~~,7,4209,,,false,8
,HFZm|~~,8,3858,,,false,8
,HFZm|~~,9,4349,,,false,8
,HBu~Z~~,0,4699,,,false,8
,HBu~Z~~,1,3858,,,false,8
,HBu~Z~~,2,3788,,,false,8
,HBu~Z~~,3,4209,,,false,8
,HBu~Z~~,4,4279,,,false,8
,HBu~Z~~,5,4349,,,false,8
,HBu~Z~~,6,3928,,,false,8
,HBu~Z~~,7,3858,,,false,8
,HBu~Z~~,8,3788,,,false,8
,HBu~Z~~,9,3788,,,false,8
,HEl~~z~,0,4700,,,false,5
,HEl~~z~,1,4910,,,false,5
,HEl~~z~,2,4279,,,false,5
,HEl~~z~,3,4279,,,false,5
,HEl~~z~,4,4700,,,false,5
,HEl~~z~,5,4349,,,false,5
,HEl~~z~,6,4349,,,false,5
,HEl~~z~,7,4700,,,false,5
,HEl~~z~,8,4279,,,false,5
,HEl~~z~,9,4349,,,false,5
,H~?GW^~,0,4770,,,false,8
,H~?GW^~,1,4841,,,false,8
,H~?GW^~,2,3297,,,false,8
,H~?GW^~,3,4770,,,false,8
,H~?GW^~,4,3367,,,false,8
,H~?GW^~,5,3928,,,false,8
,H~?GW^~,6,4280,,,false,8
,H~?GW^~,7,4209,,,false,8
,H~?GW^~,8,3858,,,false,8
,H~?GW^~,9,4349,,,false,8
,HwC^?~~,0,4770,,,false,8
,HwC^?~~,1,4840,,,false,8
,HwC^?~~,2,3368,,,false,8
,HwC^?~~,3,3297,,,false,8
,HwC^?~~,4,3858,,,false,8
,HwC^?~~,5,3367,,,false,8
,HwC^?~~,6,4349,,,false,8
,HwC^?~~,7,3788,,,false,8
,HwC^?~~,8,4629,,,false,8
,HwC^?~~,9,3297,,,false,8
,HwCW~N~,0,3858,,,false,6
,HwCW~N~,1,3438,,,false,6
,HwCW~N~,2,3297,,,false,6
,HwCW~N~,3,3367,,,false,6
,HwCW~N~,4,3297,,,false,6
,HwCW~N~,5,3858,,,false,6
,HwCW~N~,6,2876,,,false,6
,HwCW~N~,7,3297,,,false,6
,HwCW~N~,8,3788,,,false,6
,HwCW~N~,9,3297,,,false,6
,HwCW~^~,0,4770,,,false,7
,HwCW~^~,1,4279,,,false,7
,HwCW~^~,2,3928,,,false,7
,HwCW~^~,3,3788,,,false,7
,HwCW~^~,4,4209,,,false,7
,HwCW~^~,5,3437,,,false,7
,HwCW~^~,6,4419,,,false,7
,HwCW~^~,7,3367,,,false,7
,HwCW~^~,8,3297,,,false,7
,HwCW~^~,9,3367,,,false,7
,H`rHpn~,0,5121,,,false,8
,H`rHpn~,1,4770,,,false,8
,H`rHpn~,2,3367,,,false,8
,H`rHpn~,3,4419,,,false,8
,H`rHpn~,4,3858,,,false,8
,H`rHpn~,5,4770,,,false,8
,H`rHpn~,6,4349,,,false,8
,H`rHpn~,7,3437,,,false,8
,H`rHpn~,8,3297,,,false,8
,H`rHpn~,9,3367,,,false,8
,HKeZb^~,0,3788,,,false,6
,HKeZb^~,1,3367,,,false,6
,HKeZb^~,2,2876,,,false,6
,HKeZb^~,3,4419,,,false,6
,HKeZb^~,4,3788,,,false,6
,HKeZb^~,5,3788,,,false,6
,HKeZb^~,6,4279,,,false,6
,HKeZb^~,7,3929,,,false,6
,HKeZb^~,8,4349,,,false,6
,HKeZb^~,9,4209,,,false,6
,HwC[zz~,0,4700,,,false,6
,HwC[zz~,1,3788,,,false,6
,HwC[zz~,2,3928,,,false,6
,HwC[zz~,3,3928,,,false,6
,HwC[zz~,4,3367,,,false,6
,HwC[zz~,5,4209,,,false,6
,HwC[zz~,6,3788,,,false,6
,HwC[zz~,7,3297,,,false,6
,HwC[zz~,8,3788,,,false,6
,HwC[zz~,9,3717,,,false,6
,H`ouX~~,0,4770,,,false,8
,H`ouX~~,1,10943,,,false,8
,H`ouX~~,2,5332,,,false,8
,H`ouX~~,3,4349,,,false,8
,H`ouX~~,4,4700,,,false,8
,H`ouX~~,5,4840,,,false,8
,H`ouX~~,6,4419,,,false,8
,H`ouX~~,7,3788,,,false,8
,H`ouX~~,8,4279,,,false,8
,H`ouX~~,9,3858,,,false,8
,H`K~E~~,0,5191,,,false,7
,H`K~E~~,1,3859,,,false,7
,H`K~E~~,2,4349,,,false,7
,H`K~E~~,3,3718,,,false,7
,H`K~E~~,4,3858,,,false,7
,H`K~E~~,5,3367,,,false,7
,H`K~E~~,6,3928,,,false,7
,H`K~E~~,7,3367,,,false,7
,H`K~E~~,8,3297,,,false,7
,H`K~E~~,9,3438,,,false,7
,HeGh}~~,0,4700,,,false,7
,HeGh}~~,1,4700,,,false,7
,HeGh}~~,2,4349,,,false,7
,HeGh}~~,3,4279,,,false,7
,HeGh}~~,4,4209,,,false,7
,HeGh}~~,5,4279,,,false,7
,HeGh}~~,6,4420,,,false,7
,HeGh}~~,7,4349,,,false,7
,HeGh}~~,8,4349,,,false,7
,HeGh}~~,9,4279,,,false,7
,HTPLzz~,0,4279,,,false,6
,HTPLzz~,1,3788,,,false,6
,HTPLzz~,2,4349,,,false,6
,HTPLzz~,3,4349,,,false,6
,HTPLzz~,4,4279,,,false,6
,HTPLzz~,5,4279,,,false,6
,HTPLzz~,6,3929,,,false,6
,HTPLzz~,7,4349,,,false,6
,HTPLzz~,8,3788,,,false,6
,HTPLzz~,9,3928,,,false,6
,H`NDzz~,0,5121,,,false,6
,H`NDzz~,1,3367,,,false,6
,H`NDzz~,2,4349,,,false,6
,H`NDzz~,3,3858,,,false,6
,H`NDzz~,4,3788,,,false,6
,H`NDzz~,5,3367,,,false,6
,H`NDzz~,6,3297,,,false,6
,H`NDzz~,7,3928,,,false,6
,H`NDzz~,8,3297,,,false,6
,H`NDzz~,9,3788,,,false,6
,HwCZ~z~,0,5121,,,false,6
,HwCZ~z~,1,4279,,,false,6
,HwCZ~z~,2,3367,,,false,6
,HwCZ~z~,3,3367,,,false,6
,HwCZ~z~,4,3367,,,false,6
,HwCZ~z~,5,3226,,,false,6
,HwCZ~z~,6,3367,,,false,6
,HwCZ~z~,7,3438,,,false,6
,HwCZ~z~,8,3437,,,false,6
,HwCZ~z~,9,3367,,,false,6
,HTPLz~~,0,4279,,,false,7
,HTPLz~~,1,4279,,,false,7
,HTPLz~~,2,3788,,,false,7
,HTPLz~~,3,3367,,,false,7
,HTPLz~~,4,3437,,,false,7
,HTPLz~~,5,3297,,,false,7
,HTPLz~~,6,3438,,,false,7
,HTPLz~~,7,3368,,,false,7
,HTPLz~~,8,3437,,,false,7
,HTPLz~~,9,3858,,,false,7
,HwC^~z~,0,4841,,,false,7
,HwC^~z~,1,4700,,,false,7
,HwC^~z~,2,3788,,,false,7
,HwC^~z~,3,3437,,,false,7
,HwC^~z~,4,3367,,,false,7
,HwC^~z~,5,3368,,,false,7
,HwC^~z~,6,3788,,,false,7
,HwC^~z~,7,3297,,,false,7
,HwC^~z~,8,3437,,,false,7
,HwC^~z~,9,3437,,,false,7
,HcKz]~~,0,4770,,,false,7
,HcKz]~~,1,4840,,,false,7
,HcKz]~~,2,3296,,,false,7
,HcKz]~~,3,3227,,,false,7
,HcKz]~~,4,3367,,,false,7
,HcKz]~~,5,3367,,,false,7
,HcKz]~~,6,3437,,,false,7
,HcKz]~~,7,3788,,,false,7
,HcKz]~~,8,3297,,,false,7
,HcKz]~~,9,3297,,,false,7
,HHe^Z~~,0,5191,,,false,7
,HHe^Z~~,1,4770,,,false,7
,HHe^Z~~,2,3437,,,false,7
,HHe^Z~~,3,3297,,,false,7
,HHe^Z~~,4,3788,,,false,7
,HHe^Z~~,5,3297,,,false,7
,HHe^Z~~,6,3438,,,false,7
,HHe^Z~~,7,3788,,,false,7
,HHe^Z~~,8,3297,,,false,7
,HHe^Z~~,9,3367,,,false,7
,HTlai^~,0,4700,,,false,8
,HTlai^~,1,4770,,,false,8
,HTlai^~,2,4349,,,false,8
,HTlai^~,3,4770,,,false,8
,HTlai^~,4,4700,,,false,8
,HTlai^~,5,3788,,,false,8
,HTlai^~,6,3858,,,false,8
,HTlai^~,7,3858,,,false,8
,HTlai^~,8,3718,,,false,8
,HTlai^~,9,3788,,,false,8
,HRhTY~~,0,3788,,,false,8
,HRhTY~~,1,4349,,,false,8
,HRhTY~~,2,4349,,,false,8
,HRhTY~~,3,4349,,,false,8
,HRhTY~~,4,4770,,,false,8
,HRhTY~~,5,3858,,,false,8
,HRhTY~~,6,3928,,,false,8
,HRhTY~~,7,3859,,,false,8
,HRhTY~~,8,4209,,,false,8
,HRhTY~~,9,4350,,,false,8
,HwDX~r~,0,4279,,,false,6
,HwDX~r~,1,4350,,,false,6
,HwDX~r~,2,3297,,,false,6
,HwDX~r~,3,4279,,,false,6
,HwDX~r~,4,4279,,,false,6
,HwDX~r~,5,3858,,,false,6
,HwDX~r~,6,3859,,,false,6
,HwDX~r~,7,3788,,,false,6
,HwDX~r~,8,3858,,,false,6
,HwDX~r~,9,3858,,,false,6
,H`NUX~~,0,5331,,,false,8
,H`NUX~~,1,4349,,,false,8
,H`NUX~~,2,4279,,,false,8
,H`NUX~~,3,3788,,,false,8
,H`NUX~~,4,3858,,,false,8
,H`NUX~~,5,3367,,,false,8
,H`NUX~~,6,3437,,,false,8
,H`NUX~~,7,3367,,,false,8
,H`NUX~~,8,3297,,,false,8
,H`NUX~~,9,3297,,,false,8
,HwDX~v~,0,5121,,,false,7
,HwDX~v~,1,4770,,,false,7
,HwDX~v~,2,3437,,,false,7
,HwDX~v~,3,4770,,,false,7
,HwDX~v~,4,4279,,,false,7
,HwDX~v~,5,3858,,,false,7
,HwDX~v~,6,3858,,,false,7
,HwDX~v~,7,3788,,,false,7
,HwDX~v~,8,3858,,,false,7
,HwDX~v~,9,3788,,,false,7
,HTPi|~~,0,4279,,,false,7
,HTPi|~~,1,4279,,,false,7
,HTPi|~~,2,3928,,,false,7
,HTPi|~~,3,4349,,,false,7
,HTPi|~~,4,4209,,,false,7
,HTPi|~~,5,3859,,,false,7
,HTPi|~~,6,3928,,,false,7
,HTPi|~~,7,3858,,,false,7
,HTPi|~~,8,4279,,,false,7
,HTPi|~~,9,3858,,,false,7
,H}CXZ^~,0,4770,,,false,8
,H}CXZ^~,1,4349,,,false,8
,H}CXZ^~,2,4279,,,false,8
,H}CXZ^~,3,3788,,,false,8
,H}CXZ^~,4,3788,,,false,8
,H}CXZ^~,5,3297,,,false,8
,H}CXZ^~,6,3437,,,false,8
,H}CXZ^~,7,4279,,,false,8
,H}CXZ^~,8,3718,,,false,8
,H}CXZ^~,9,3788,,,false,8
,H`^@|n~,0,5121,,,false,8
,H`^@|n~,1,4770,,,false,8
,H`^@|n~,2,3437,,,false,8
,H`^@|n~,3,3297,,,false,8
,H`^@|n~,4,3438,,,false,8
,H`^@|n~,5,3788,,,false,8
,H`^@|n~,6,3367,,,false,8
,H`^@|n~,7,3367,,,false,8
,H`^@|n~,8,3297,,,false,8
,H`^@|n~,9,3858,,,false,8
,HtPHx~~,0,5121,,,false,8
,HtPHx~~,1,4349,,,false,8
,HtPHx~~,2,3788,,,false,8
,HtPHx~~,3,3438,,,false,8
,HtPHx~~,4,3296,,,false,8
,HtPHx~~,5,3788,,,false,8
,HtPHx~~,6,3367,,,false,8
,HtPHx~~,7,3928,,,false,8
,HtPHx~~,8,3367,,,false,8
,HtPHx~~,9,3297,,,false,8
,H`NH~f~,0,4770,,,false,6
,H`NH~f~,1,4630,,,false,6
,H`NH~f~,2,4279,,,false,6
,H`NH~f~,3,3367,,,false,6
,H`NH~f~,4,3367,,,false,6
,H`NH~f~,5,3718,,,false,6
,H`NH~f~,6,3718,,,false,6
,H`NH~f~,7,3297,,,false,6
,H`NH~f~,8,3437,,,false,6
,H`NH~f~,9,3859,,,false,6
,H`o~fz~,0,4840,,,false,7
,H`o~fz~,1,4770,,,false,7
,H`o~fz~,2,4349,,,false,7
,H`o~fz~,3,3367,,,false,7
,H`o~fz~,4,3438,,,false,7
,H`o~fz~,5,3297,,,false,7
,H`o~fz~,6,3858,,,false,7
,H`o~fz~,7,3297,,,false,7
,H`o~fz~,8,3367,,,false,7
,H`o~fz~,9,3438,,,false,7
,H{CZZ~~,0,4840,,,false,7
,H{CZZ~~,1,4770,,,false,7
,H{CZZ~~,2,4700,,,false,7
,H{CZZ~~,3,3367,,,false,7
,H{CZZ~~,4,3367,,,false,7
,H{CZZ~~,5,6103,,,false,7
,H{CZZ~~,6,3297,,,false,7
,H{CZZ~~,7,3437,,,false,7
,H{CZZ~~,8,3438,,,false,7
,H{CZZ~~,9,3367,,,false,7
,HwD\r~~,0,4840,,,false,7
,HwD\r~~,1,4700,,,false,7
,HwD\r~~,2,4770,,,false,7
,HwD\r~~,3,4279,,,false,7
,HwD\r~~,4,4419,,,false,7
,HwD\r~~,5,4349,,,false,7
,HwD\r~~,6,4279,,,false,7
,HwD\r~~,7,4771,,,false,7
,HwD\r~~,8,4349,,,false,7
,HwD\r~~,9,4349,,,false,7
,H`K~Mr~,0,4841,,,false,8
,H`K~Mr~,1,4700,,,false,8
,H`K~Mr~,2,4349,,,false,8
,H`K~Mr~,3,3858,,,false,8
,H`K~Mr~,4,3858,,,false,8
,H`K~Mr~,5,3788,,,false,8
,H`K~Mr~,6,4279,,,false,8
,H`K~Mr~,7,3788,,,false,8
,H`K~Mr~,8,4349,,,false,8
,H`K~Mr~,9,3858,,,false,8
,H`K~Mv~,0,4349,,,false,6
,H`K~Mv~,1,3858,,,false,6
,H`K~Mv~,2,3788,,,false,6
,H`K~Mv~,3,3437,,,false,6
,H`K~Mv~,4,3367,,,false,6
,H`K~Mv~,5,3367,,,false,6
,H`K~Mv~,6,3788,,,false,6
,H`K~Mv~,7,3368,,,false,6
,H`K~Mv~,8,3788,,,false,6
,H`K~Mv~,9,3858,,,false,6
,H`rHx~~,0,4770,,,false,8
,H`rHx~~,1,4840,,,false,8
,H`rHx~~,2,4279,,,false,8
,H`rHx~~,3,4279,,,false,8
,H`rHx~~,4,4350,,,false,8
,H`rHx~~,5,3928,,,false,8
,H`rHx~~,6,4349,,,false,8
,H`rHx~~,7,4209,,,false,8
,H`rHx~~,8,3858,,,false,8
,H`rHx~~,9,3858,,,false,8
,H`K~M~~,0,4840,,,false,7
,H`K~M~~,1,3297,,,false,7
,H`K~M~~,2,3297,,,false,7
,H`K~M~~,3,3788,,,false,7
,H`K~M~~,4,3367,,,false,7
,H`K~M~~,5,3858,,,false,7
,H`K~M~~,6,3297,,,false,7
,H`K~M~~,7,3297,,,false,7
,H`K~M~~,8,3297,,,false,7
,H`K~M~~,9,3438,,,false,7
,HKeZZ~~,0,4279,,,false,7
,HKeZZ~~,1,3437,,,false,7
,HKeZZ~~,2,3368,,,false,7
,HKeZZ~~,3,3297,,,false,7
,HKeZZ~~,4,3367,,,false,7
,HKeZZ~~,5,3858,,,false,7
,HKeZZ~~,6,3367,,,false,7
,HKeZZ~~,7,3718,,,false,7
,HKeZZ~~,8,3297,,,false,7
,HKeZZ~~,9,3367,,,false,7
,H`NNjz~,0,4700,,,false,6
,H`NNjz~,1,3788,,,false,6
,H`NNjz~,2,3437,,,false,6
,H`NNjz~,3,3367,,,false,6
,H`NNjz~,4,3438,,,false,6
,H`NNjz~,5,3368,,,false,6
,H`NNjz~,6,3368,,,false,6
,H`NNjz~,7,3437,,,false,6
,H`NNjz~,8,3788,,,false,6
,H`NNjz~,9,3437,,,false,6
,HtPLzz~,0,4770,,,false,6
,HtPLzz~,1,3367,,,false,6
,HtPLzz~,2,3297,,,false,6
,HtPLzz~,3,3437,,,false,6
,HtPLzz~,4,3788,,,false,6
,HtPLzz~,5,3788,,,false,6
,HtPLzz~,6,3367,,,false,6
,HtPLzz~,7,3788,,,false,6
,HtPLzz~,8,3437,,,false,6
,HtPLzz~,9,3788,,,false,6
,HwC}~z~,0,4840,,,false,6
,HwC}~z~,1,4209,,,false,6
,HwC}~z~,2,3788,,,false,6
,HwC}~z~,3,4840,,,false,6
,HwC}~z~,4,3858,,,false,6
,HwC}~z~,5,3788,,,false,6
,HwC}~z~,6,3788,,,false,6
,HwC}~z~,7,3296,,,false,6
,HwC}~z~,8,3438,,,false,6
,HwC}~z~,9,3788,,,false,6
,H`Nez~~,0,4349,,,false,7
,H`Nez~~,1,4770,,,false,7
,H`Nez~~,2,3788,,,false,7
,H`Nez~~,3,3929,,,false,7
,H`Nez~~,4,3858,,,false,7
,H`Nez~~,5,4209,,,false,7
,H`Nez~~,6,4279,,,false,7
,H`Nez~~,7,3858,,,false,7
,H`Nez~~,8,3929,,,false,7
,H`Nez~~,9,4279,,,false,7
,HtPLz~~,0,7646,,,false,7
,HtPLz~~,1,5752,,,false,7
,HtPLz~~,2,5261,,,false,7
,HtPLz~~,3,5191,,,false,7
,HtPLz~~,4,5331,,,false,7
,HtPLz~~,5,4419,,,false,7
,HtPLz~~,6,5262,,,false,7
,HtPLz~~,7,4700,,,false,7
,HtPLz~~,8,4209,,,false,7
,HtPLz~~,9,4420,,,false,7
,HQh\zz~,0,5331,,,false,8
,HQh\zz~,1,5752,,,false,8
,HQh\zz~,2,5752,,,false,8
,HQh\zz~,3,4841,,,false,8
,HQh\zz~,4,5261,,,false,8
,HQh\zz~,5,5191,,,false,8
,HQh\zz~,6,3858,,,false,8
,HQh\zz~,7,3928,,,false,8
,HQh\zz~,8,4280,,,false,8
,HQh\zz~,9,4279,,,false,8
,H`Mzu^~,0,6243,,,false,8
,H`Mzu^~,1,5332,,,false,8
,H`Mzu^~,2,5261,,,false,8
,H`Mzu^~,3,5191,,,false,8
,H`Mzu^~,4,5682,,,false,8
,H`Mzu^~,5,5893,,,false,8
,H`Mzu^~,6,5191,,,false,8
,H`Mzu^~,7,5261,,,false,8
,H`Mzu^~,8,4840,,,false,8
,H`Mzu^~,9,5261,,,false,8
,HwFXzv~,0,5261,,,false,6
,HwFXzv~,1,5191,,,false,6
,HwFXzv~,2,4770,,,false,6
,HwFXzv~,3,4350,,,false,6
,HwFXzv~,4,4419,,,false,6
,HwFXzv~,5,4279,,,false,6
,HwFXzv~,6,3788,,,false,6
,HwFXzv~,7,4349,,,false,6
,HwFXzv~,8,4279,,,false,6
,HwFXzv~,9,4349,,,false,6
,H`px~v~,0,5752,,,false,7
,H`px~v~,1,5331,,,false,7
,H`px~v~,2,5331,,,false,7
,H`px~v~,3,5191,,,false,7
,H`px~v~,4,4279,,,false,7
,H`px~v~,5,4350,,,false,7
,H`px~v~,6,4279,,,false,7
,H`px~v~,7,4209,,,false,7
,H`px~v~,8,5331,,,false,7
,H`px~v~,9,5331,,,false,7
,HQh\z~~,0,6313,,,false,8
,HQh\z~~,1,5261,,,false,8
,HQh\z~~,2,5191,,,false,8
,HQh\z~~,3,5331,,,false,8
,HQh\z~~,4,5331,,,false,8
,HQh\z~~,5,5612,,,false,8
,HQh\z~~,6,5191,,,false,8
,HQh\z~~,7,5261,,,false,8
,HQh\z~~,8,4840,,,false,8
,HQh\z~~,9,4350,,,false,8
,H`o~~z~,0,5261,,,false,7
,H`o~~z~,1,5261,,,false,7
,H`o~~z~,2,5332,,,false,7
,H`o~~z~,3,5261,,,false,7
,H`o~~z~,4,5261,,,false,7
,H`o~~z~,5,5261,,,false,7
,H`o~~z~,6,5331,,,false,7
,H`o~~z~,7,4279,,,false,7
,H`o~~z~,8,5190,,,false,7
,H`o~~z~,9,4840,,,false,7
,H`K~]z~,0,5753,,,false,6
,H`K~]z~,1,4349,,,false,6
,H`K~]z~,2,5121,,,false,6
,H`K~]z~,3,4840,,,false,6
,H`K~]z~,4,4349,,,false,6
,H`K~]z~,5,4770,,,false,6
,H`K~]z~,6,5191,,,false,6
,H`K~]z~,7,4841,,,false,6
,H`K~]z~,8,3928,,,false,6
,H`K~]z~,9,3858,,,false,6
,H`K~]~~,0,4350,,,false,7
,H`K~]~~,1,4208,,,false,7
,H`K~]~~,2,3297,,,false,7
,H`K~]~~,3,4209,,,false,7
,H`K~]~~,4,4420,,,false,7
,H`K~]~~,5,3367,,,false,7
,H`K~]~~,6,3858,,,false,7
,H`K~]~~,7,3297,,,false,7
,H`K~]~~,8,3367,,,false,7
,H`K~]~~,9,10593,,,false,7
,HpNay~~,0,4349,,,false,8
,HpNay~~,1,4770,,,false,8
,HpNay~~,2,3297,,,false,8
,HpNay~~,3,4350,,,false,8
,HpNay~~,4,4349,,,false,8
,HpNay~~,5,3297,,,false,8
,HpNay~~,6,3437,,,false,8
,HpNay~~,7,3858,,,false,8
,HpNay~~,8,3438,,,false,8
,HpNay~~,9,3788,,,false,8
,H{dax~~,0,4419,,,false,8
,H{dax~~,1,3788,,,false,8
,H{dax~~,2,3788,,,false,8
,H{dax~~,3,3858,,,false,8
,H{dax~~,4,4349,,,false,8
,H{dax~~,5,4770,,,false,8
,H{dax~~,6,4209,,,false,8
,H{dax~~,7,4279,,,false,8
,H{dax~~,8,4770,,,false,8
,H{dax~~,9,4279,,,false,8
,HjbH|~~,0,4840,,,false,7
,HjbH|~~,1,4840,,,false,7
,HjbH|~~,2,4770,,,false,7
,HjbH|~~,3,3858,,,false,7
,HjbH|~~,4,4840,,,false,7
,HjbH|~~,5,4349,,,false,7
,HjbH|~~,6,4350,,,false,7
,HjbH|~~,7,4209,,,false,7
,HjbH|~~,8,4349,,,false,7
,HjbH|~~,9,4419,,,false,7
,H`qzr~~,0,5332,,,false,8
,H`qzr~~,1,4770,,,false,8
,H`qzr~~,2,3297,,,false,8
,H`qzr~~,3,3858,,,false,8
,H`qzr~~,4,4349,,,false,8
,H`qzr~~,5,4350,,,false,8
,H`qzr~~,6,3788,,,false,8
,H`qzr~~,7,3368,,,false,8
,H`qzr~~,8,3858,,,false,8
,H`qzr~~,9,3367,,,false,8
,H`zPz~~,0,4350,,,false,8
,H`zPz~~,1,4419,,,false,8
,H`zPz~~,2,4770,,,false,8
,H`zPz~~,3,3227,,,false,8
,H`zPz~~,4,4279,,,false,8
,H`zPz~~,5,3367,,,false,8
,H`zPz~~,6,3788,,,false,8
,H`zPz~~,7,3718,,,false,8
,H`zPz~~,8,3788,,,false,8
,H`zPz~~,9,3297,,,false,8
,H`qzvn~,0,5191,,,false,7
,H`qzvn~,1,4419,,,false,7
,H`qzvn~,2,4209,,,false,7
,H`qzvn~,3,3438,,,false,7
,H`qzvn~,4,4699,,,false,7
,H`qzvn~,5,4349,,,false,7
,H`qzvn~,6,4349,,,false,7
,H`qzvn~,7,4279,,,false,7
,H`qzvn~,8,4279,,,false,7
,H`qzvn~,9,4349,,,false,7
,HKd~vz~,0,5191,,,false,6
,HKd~vz~,1,4419,,,false,6
,HKd~vz~,2,3859,,,false,6
,HKd~vz~,3,3717,,,false,6
,HKd~vz~,4,4841,,,false,6
,HKd~vz~,5,4349,,,false,6
,HKd~vz~,6,4349,,,false,6
,HKd~vz~,7,4209,,,false,6
,HKd~vz~,8,4419,,,false,6
,HKd~vz~,9,4279,,,false,6
,HKd~r~~,0,4840,,,false,7
,HKd~r~~,1,4349,,,false,7
,HKd~r~~,2,4279,,,false,7
,HKd~r~~,3,3297,,,false,7
,HKd~r~~,4,4209,,,false,7
,HKd~r~~,5,4279,,,false,7
,HKd~r~~,6,4349,,,false,7
,HKd~r~~,7,4279,,,false,7
,HKd~r~~,8,4279,,,false,7
,HKd~r~~,9,4279,,,false,7
,HKfzrv~,0,4700,,,false,6
,HKfzrv~,1,4840,,,false,6
,HKfzrv~,2,4349,,,false,6
,HKfzrv~,3,3297,,,false,6
,HKfzrv~,4,4279,,,false,6
,HKfzrv~,5,4349,,,false,6
,HKfzrv~,6,4419,,,false,6
,HKfzrv~,7,4209,,,false,6
,HKfzrv~,8,4770,,,false,6
,HKfzrv~,9,4279,,,false,6
,Hfphx~~,0,4840,,,false,6
,Hfphx~~,1,4349,,,false,6
,Hfphx~~,2,4350,,,false,6
,Hfphx~~,3,3367,,,false,6
,Hfphx~~,4,4279,,,false,6
,Hfphx~~,5,4279,,,false,6
,Hfphx~~,6,4349,,,false,6
,Hfphx~~,7,4279,,,false,6
,Hfphx~~,8,4770,,,false,6
,Hfphx~~,9,4350,,,false,6
,HbK~]~~,0,5261,,,false,7
,HbK~]~~,1,4770,,,false,7
,HbK~]~~,2,4279,,,false,7
,HbK~]~~,3,3718,,,false,7
,HbK~]~~,4,3788,,,false,7
,HbK~]~~,5,3437,,,false,7
,HbK~]~~,6,3858,,,false,7
,HbK~]~~,7,3437,,,false,7
,HbK~]~~,8,3297,,,false,7
,HbK~]~~,9,3367,,,false,7
,H`}rm^~,0,4209,,,false,6
,H`}rm^~,1,4350,,,false,6
,H`}rm^~,2,3367,,,false,6
,H`}rm^~,3,4279,,,false,6
,H`}rm^~,4,4279,,,false,6
,H`}rm^~,5,3858,,,false,6
,H`}rm^~,6,3438,,,false,6
,H`}rm^~,7,3788,,,false,6
,H`}rm^~,8,3367,,,false,6
,H`}rm^~,9,3788,,,false,6
,HKd~v^~,0,4840,,,false,7
,HKd~v^~,1,4770,,,false,7
,HKd~v^~,2,3437,,,false,7
,HKd~v^~,3,4279,,,false,7
,HKd~v^~,4,4279,,,false,7
,HKd~v^~,5,3858,,,false,7
,HKd~v^~,6,3368,,,false,7
,HKd~v^~,7,3367,,,false,7
,HKd~v^~,8,3297,,,false,7
,HKd~v^~,9,3367,,,false,7
,H`Nmz~~,0,4279,,,false,8
,H`Nmz~~,1,3788,,,false,8
,H`Nmz~~,2,3297,,,false,8
,H`Nmz~~,3,4349,,,false,8
,H`Nmz~~,4,4771,,,false,8
,H`Nmz~~,5,3297,,,false,8
,H`Nmz~~,6,3788,,,false,8
,H`Nmz~~,7,3437,,,false,8
,H`Nmz~~,8,3367,,,false,8
,H`Nmz~~,9,3367,,,false,8
,H`N~u~~,0,4279,,,false,7
,H`N~u~~,1,4840,,,false,7
,H`N~u~~,2,4770,,,false,7
,H`N~u~~,3,3367,,,false,7
,H`N~u~~,4,4350,,,false,7
,H`N~u~~,5,4700,,,false,7
,H`N~u~~,6,4279,,,false,7
,H`N~u~~,7,4349,,,false,7
,H`N~u~~,8,4279,,,false,7
,H`N~u~~,9,4209,,,false,7
,HxFHy~~,0,4700,,,false,8
,HxFHy~~,1,4840,,,false,8
,HxFHy~~,2,3367,,,false,8
,HxFHy~~,3,4840,,,false,8
,HxFHy~~,4,4700,,,false,8
,HxFHy~~,5,4279,,,false,8
,HxFHy~~,6,4279,,,false,8
,HxFHy~~,7,4349,,,false,8
,HxFHy~~,8,4209,,,false,8
,HxFHy~~,9,4279,,,false,8
,HRiiy~~,0,4350,,,false,8
,HRiiy~~,1,4279,,,false,8
,HRiiy~~,2,3368,,,false,8
,HRiiy~~,3,4910,,,false,8
,HRiiy~~,4,4770,,,false,8
,HRiiy~~,5,4209,,,false,8
,HRiiy~~,6,4349,,,false,8
,HRiiy~~,7,4349,,,false,8
,HRiiy~~,8,4279,,,false,8
,HRiiy~~,9,4279,,,false,8
,Hhox}~~,0,5191,,,false,7
,Hhox}~~,1,4279,,,false,7
,Hhox}~~,2,4419,,,false,7
,Hhox}~~,3,4349,,,false,7
,Hhox}~~,4,3718,,,false,7
,Hhox}~~,5,3367,,,false,7
,Hhox}~~,6,3858,,,false,7
,Hhox}~~,7,3367,,,false,7
,Hhox}~~,8,3788,,,false,7
,Hhox}~~,9,3297,,,false,7
,HRhY|~~,0,3718,,,false,8
,HRhY|~~,1,4279,,,false,8
,HRhY|~~,2,4349,,,false,8
,HRhY|~~,3,4419,,,false,8
,HRhY|~~,4,4279,,,false,8
,HRhY|~~,5,3788,,,false,8
,HRhY|~~,6,3858,,,false,8
,HRhY|~~,7,3367,,,false,8
,HRhY|~~,8,3858,,,false,8
,HRhY|~~,9,3367,,,false,8
,H`tp~^~,0,4279,,,false,7
,H`tp~^~,1,4280,,,false,7
,H`tp~^~,2,3788,,,false,7
,H`tp~^~,3,4349,,,false,7
,H`tp~^~,4,4279,,,false,7
,H`tp~^~,5,4279,,,false,7
,H`tp~^~,6,4209,,,false,7
,H`tp~^~,7,3858,,,false,7
,H`tp~^~,8,3858,,,false,7
,H`tp~^~,9,4209,,,false,7
,HdKz]^~,0,4771,,,false,8
,HdKz]^~,1,3788,,,false,8
,HdKz]^~,2,4770,,,false,8
,HdKz]^~,3,4349,,,false,8
,HdKz]^~,4,3297,,,false,8
,HdKz]^~,5,3297,,,false,8
,HdKz]^~,6,3367,,,false,8
,HdKz]^~,7,3858,,,false,8
,HdKz]^~,8,3437,,,false,8
,HdKz]^~,9,3297,,,false,8
,H`Mzu~~,0,4770,,,false,7
,H`Mzu~~,1,3717,,,false,7
,H`Mzu~~,2,4279,,,false,7
,H`Mzu~~,3,3858,,,false,7
,H`Mzu~~,4,3367,,,false,7
,H`Mzu~~,5,3297,,,false,7
,H`Mzu~~,6,3788,,,false,7
,H`Mzu~~,7,3297,,,false,7
,H`Mzu~~,8,4279,,,false,7
,H`Mzu~~,9,4209,,,false,7
,H~`HW~~,0,4770,,,false,8
,H~`HW~~,1,4770,,,false,8
,H~`HW~~,2,4349,,,false,8
,H~`HW~~,3,3788,,,false,8
,H~`HW~~,4,4279,,,false,8
,H~`HW~~,5,4279,,,false,8
,H~`HW~~,6,3858,,,false,8
,H~`HW~~,7,3788,,,false,8
,H~`HW~~,8,4279,,,false,8
,H~`HW~~,9,3859,,,false,8
,HrhTY~~,0,4840,,,false,8
,HrhTY~~,1,4770,,,false,8
,HrhTY~~,2,4420,,,false,8
,HrhTY~~,3,4279,,,false,8
,HrhTY~~,4,4279,,,false,8
,HrhTY~~,5,3437,,,false,8
,HrhTY~~,6,3928,,,false,8
,HrhTY~~,7,3859,,,false,8
,HrhTY~~,8,3788,,,false,8
,HrhTY~~,9,3788,,,false,8
,HtPix~~,0,5121,,,false,8
,HtPix~~,1,4700,,,false,8
,HtPix~~,2,4349,,,false,8
,HtPix~~,3,4840,,,false,8
,HtPix~~,4,4770,,,false,8
,HtPix~~,5,4770,,,false,8
,HtPix~~,6,4350,,,false,8
,HtPix~~,7,4840,,,false,8
,HtPix~~,8,4349,,,false,8
,HtPix~~,9,4209,,,false,8
,HhNUX~~,0,4841,,,false,8
,HhNUX~~,1,4279,,,false,8
,HhNUX~~,2,4419,,,false,8
,HhNUX~~,3,4770,,,false,8
,HhNUX~~,4,4279,,,false,8
,HhNUX~~,5,4279,,,false,8
,HhNUX~~,6,4419,,,false,8
,HhNUX~~,7,4279,,,false,8
,HhNUX~~,8,4279,,,false,8
,HhNUX~~,9,4279,,,false,8
,H{DX~^~,0,4349,,,false,7
,H{DX~^~,1,4349,,,false,7
,H{DX~^~,2,4279,,,false,7
,H{DX~^~,3,4209,,,false,7
,H{DX~^~,4,3858,,,false,7
,H{DX~^~,5,3788,,,false,7
,H{DX~^~,6,4350,,,false,7
,H{DX~^~,7,3718,,,false,7
,H{DX~^~,8,3788,,,false,7
,H{DX~^~,9,3788,,,false,7
,HJqkz~~,0,4770,,,false,8
,HJqkz~~,1,4349,,,false,8
,HJqkz~~,2,4279,,,false,8
,HJqkz~~,3,3858,,,false,8
,HJqkz~~,4,4209,,,false,8
,HJqkz~~,5,3858,,,false,8
,HJqkz~~,6,3928,,,false,8
,HJqkz~~,7,3788,,,false,8
,HJqkz~~,8,3788,,,false,8
,HJqkz~~,9,4349,,,false,8
,H`uvZz~,0,5261,,,false,8
,H`uvZz~,1,4841,,,false,8
,H`uvZz~,2,4279,,,false,8
,H`uvZz~,3,4209,,,false,8
,H`uvZz~,4,3858,,,false,8
,H`uvZz~,5,3928,,,false,8
,H`uvZz~,6,4279,,,false,8
,H`uvZz~,7,4279,,,false,8
,H`uvZz~,8,3858,,,false,8
,H`uvZz~,9,3858,,,false,8
,HKuzrn~,0,5331,,,false,8
,HKuzrn~,1,4419,,,false,8
,HKuzrn~,2,4279,,,false,8
,HKuzrn~,3,4209,,,false,8
,HKuzrn~,4,4279,,,false,8
,HKuzrn~,5,3858,,,false,8
,HKuzrn~,6,3928,,,false,8
,HKuzrn~,7,4350,,,false,8
,HKuzrn~,8,3788,,,false,8
,HKuzrn~,9,4350,,,false,8
,Hwuqx~~,0,5191,,,false,8
,Hwuqx~~,1,4841,,,false,8
,Hwuqx~~,2,4279,,,false,8
,Hwuqx~~,3,4349,,,false,8
,Hwuqx~~,4,4349,,,false,8
,Hwuqx~~,5,3928,,,false,8
,Hwuqx~~,6,4208,,,false,8
,Hwuqx~~,7,4350,,,false,8
,Hwuqx~~,8,4209,,,false,8
,Hwuqx~~,9,4419,,,false,8
,HqltY~~,0,4910,,,false,8
,HqltY~~,1,4700,,,false,8
,HqltY~~,2,4209,,,false,8
,HqltY~~,3,4349,,,false,8
,HqltY~~,4,3929,,,false,8
,HqltY~~,5,3788,,,false,8
,HqltY~~,6,4208,,,false,8
,HqltY~~,7,3928,,,false,8
,HqltY~~,8,3928,,,false,8
,HqltY~~,9,4279,,,false,8
,HKnZvn~,0,4841,,,false,7
,HKnZvn~,1,4700,,,false,7
,HKnZvn~,2,4209,,,false,7
,HKnZvn~,3,3788,,,false,7
,HKnZvn~,4,3858,,,false,7
,HKnZvn~,5,3788,,,false,7
,HKnZvn~,6,3788,,,false,7
,HKnZvn~,7,3788,,,false,7
,HKnZvn~,8,4349,,,false,7
,HKnZvn~,9,4279,,,false,7
,HQlu~^~,0,4910,,,false,8
,HQlu~^~,1,4209,,,false,8
,HQlu~^~,2,3859,,,false,8
,HQlu~^~,3,3788,,,false,8
,HQlu~^~,4,4349,,,false,8
,HQlu~^~,5,3788,,,false,8
,HQlu~^~,6,3858,,,false,8
,HQlu~^~,7,4349,,,false,8
,HQlu~^~,8,3929,,,false,8
,HQlu~^~,9,3788,,,false,8
,HKttz~~,0,4840,,,false,8
,HKttz~~,1,4208,,,false,8
,HKttz~~,2,4279,,,false,8
,HKttz~~,3,3858,,,false,8
,HKttz~~,4,4349,,,false,8
,HKttz~~,5,4279,,,false,8
,HKttz~~,6,4279,,,false,8
,HKttz~~,7,4279,,,false,8
,HKttz~~,8,3928,,,false,8
,HKttz~~,9,4280,,,false,8
,Hqh\z~~,0,4840,,,false,8
,Hqh\z~~,1,4279,,,false,8
,Hqh\z~~,2,4279,,,false,8
,Hqh\z~~,3,4770,,,false,8
,Hqh\z~~,4,4349,,,false,8
,Hqh\z~~,5,4771,,,false,8
,Hqh\z~~,6,4700,,,false,8
,Hqh\z~~,7,4279,,,false,8
,Hqh\z~~,8,4840,,,false,8
,Hqh\z~~,9,4209,,,false,8
,HTlrY~~,0,4770,,,false,8
,HTlrY~~,1,4770,,,false,8
,HTlrY~~,2,4279,,,false,8
,HTlrY~~,3,3929,,,false,8
,HTlrY~~,4,3788,,,false,8
,HTlrY~~,5,3788,,,false,8
,HTlrY~~,6,4279,,,false,8
,HTlrY~~,7,4349,,,false,8
,HTlrY~~,8,4349,,,false,8
,HTlrY~~,9,4209,,,false,8
,HTXZ~z~,0,5191,,,false,7
,HTXZ~z~,1,4209,,,false,7
,HTXZ~z~,2,3788,,,false,7
,HTXZ~z~,3,4349,,,false,7
,HTXZ~z~,4,4279,,,false,7
,HTXZ~z~,5,3718,,,false,7
,HTXZ~z~,6,3788,,,false,7
,HTXZ~z~,7,3928,,,false,7
,HTXZ~z~,8,3858,,,false,7
,HTXZ~z~,9,3858,,,false,7
,HTX\z~~,0,5191,,,false,8
,HTX\z~~,1,4279,,,false,8
,HTX\z~~,2,3859,,,false,8
,HTX\z~~,3,3858,,,false,8
,HTX\z~~,4,4279,,,false,8
,HTX\z~~,5,3858,,,false,8
,HTX\z~~,6,4279,,,false,8
,HTX\z~~,7,3858,,,false,8
,HTX\z~~,8,4349,,,false,8
,HTX\z~~,9,3788,,,false,8
,HTX^~z~,0,4279,,,false,7
,HTX^~z~,1,4279,,,false,7
,HTX^~z~,2,3858,,,false,7
,HTX^~z~,3,4419,,,false,7
,HTX^~z~,4,4279,,,false,7
,HTX^~z~,5,4209,,,false,7
,HTX^~z~,6,4279,,,false,7
,HTX^~z~,7,3859,,,false,7
,HTX^~z~,8,4279,,,false,7
,HTX^~z~,9,3718,,,false,7
,HqK|Y~~,0,4770,,,false,8
,HqK|Y~~,1,4699,,,false,8
,HqK|Y~~,2,4350,,,false,8
,HqK|Y~~,3,3858,,,false,8
,HqK|Y~~,4,3928,,,false,8
,HqK|Y~~,5,3858,,,false,8
,HqK|Y~~,6,3858,,,false,8
,HqK|Y~~,7,4349,,,false,8
,HqK|Y~~,8,3929,,,false,8
,HqK|Y~~,9,3858,,,false,8
,HqKy~^~,0,4771,,,false,7
,HqKy~^~,1,4350,,,false,7
,HqKy~^~,2,5822,,,false,7
,HqKy~^~,3,3297,,,false,7
,HqKy~^~,4,4349,,,false,7
,HqKy~^~,5,3788,,,false,7
,HqKy~^~,6,3929,,,false,7
,HqKy~^~,7,4279,,,false,7
,HqKy~^~,8,3718,,,false,7
,HqKy~^~,9,3858,,,false,7
,H}hPW~~,0,4770,,,false,8
,H}hPW~~,1,4349,,,false,8
,H}hPW~~,2,3928,,,false,8
,H}hPW~~,3,3788,,,false,8
,H}hPW~~,4,3718,,,false,8
,H}hPW~~,5,3438,,,false,8
,H}hPW~~,6,3928,,,false,8
,H}hPW~~,7,4279,,,false,8
,H}hPW~~,8,4209,,,false,8
,H}hPW~~,9,3788,,,false,8
,H}GZ[~~,0,4630,,,false,8
,H}GZ[~~,1,4279,,,false,8
,H}GZ[~~,2,4419,,,false,8
,H}GZ[~~,3,3788,,,false,8
,H}GZ[~~,4,3788,,,false,8
,H}GZ[~~,5,3788,,,false,8
,H}GZ[~~,6,3928,,,false,8
,H}GZ[~~,7,3858,,,false,8
,H}GZ[~~,8,3788,,,false,8
,H}GZ[~~,9,3788,,,false,8
,HrotY~~,0,4840,,,false,8
,HrotY~~,1,4279,,,false,8
,HrotY~~,2,4420,,,false,8
,HrotY~~,3,4279,,,false,8
,HrotY~~,4,4279,,,false,8
,HrotY~~,5,4279,,,false,8
,HrotY~~,6,3928,,,false,8
,HrotY~~,7,4350,,,false,8
,HrotY~~,8,4208,,,false,8
,HrotY~~,9,4350,,,false,8
,HqNax~~,0,4700,,,false,8
,HqNax~~,1,4910,,,false,8
,HqNax~~,2,4419,,,false,8
,HqNax~~,3,4209,,,false,8
,HqNax~~,4,4209,,,false,8
,HqNax~~,5,4700,,,false,8
,HqNax~~,6,4349,,,false,8
,HqNax~~,7,4279,,,false,8
,HqNax~~,8,4139,,,false,8
,HqNax~~,9,4279,,,false,8
,HtOy~^~,0,4770,,,false,7
,HtOy~^~,1,4349,,,false,7
,HtOy~^~,2,4419,,,false,7
,HtOy~^~,3,4349,,,false,7
,HtOy~^~,4,3788,,,false,7
,HtOy~^~,5,3858,,,false,7
,HtOy~^~,6,3928,,,false,7
,HtOy~^~,7,3788,,,false,7
,HtOy~^~,8,3788,,,false,7
,HtOy~^~,9,3858,,,false,7
,Hqgyz~~,0,5191,,,false,8
,Hqgyz~~,1,4840,,,false,8
,Hqgyz~~,2,4770,,,false,8
,Hqgyz~~,3,4209,,,false,8
,Hqgyz~~,4,3859,,,false,8
,Hqgyz~~,5,3858,,,false,8
,Hqgyz~~,6,4349,,,false,8
,Hqgyz~~,7,4209,,,false,8
,Hqgyz~~,8,4279,,,false,8
,Hqgyz~~,9,3858,,,false,8
,HRqi~n~,0,5191,,,false,7
,HRqi~n~,1,4279,,,false,7
,HRqi~n~,2,4279,,,false,7
,HRqi~n~,3,4209,,,false,7
,HRqi~n~,4,4279,,,false,7
,HRqi~n~,5,3858,,,false,7
,HRqi~n~,6,4349,,,false,7
,HRqi~n~,7,4350,,,false,7
,HRqi~n~,8,4279,,,false,7
,HRqi~n~,9,4279,,,false,7
,HhqXz~~,0,4700,,,false,8
,HhqXz~~,1,4840,,,false,8
,HhqXz~~,2,4279,,,false,8
,HhqXz~~,3,3858,,,false,8
,HhqXz~~,4,3788,,,false,8
,HhqXz~~,5,3858,,,false,8
,HhqXz~~,6,3859,,,false,8
,HhqXz~~,7,3788,,,false,8
,HhqXz~~,8,3788,,,false,8
,HhqXz~~,9,4349,,,false,8
,HqzPx~~,0,4770,,,false,8
,HqzPx~~,1,4419,,,false,8
,HqzPx~~,2,4700,,,false,8
,HqzPx~~,3,4209,,,false,8
,HqzPx~~,4,3297,,,false,8
,HqzPx~~,5,3858,,,false,8
,HqzPx~~,6,3367,,,false,8
,HqzPx~~,7,3718,,,false,8
,HqzPx~~,8,3368,,,false,8
,HqzPx~~,9,3858,,,false,8
,HuSxz^~,0,4770,,,false,8
,HuSxz^~,1,4279,,,false,8
,HuSxz^~,2,4349,,,false,8
,HuSxz^~,3,4349,,,false,8
,HuSxz^~,4,3297,,,false,8
,HuSxz^~,5,4349,,,false,8
,HuSxz^~,6,3788,,,false,8
,HuSxz^~,7,3367,,,false,8
,HuSxz^~,8,3367,,,false,8
,HuSxz^~,9,3928,,,false,8
,HkurX~~,0,4770,,,false,8
,HkurX~~,1,4911,,,false,8
,HkurX~~,2,4279,,,false,8
,HkurX~~,3,3367,,,false,8
,HkurX~~,4,3297,,,false,8
,HkurX~~,5,3928,,,false,8
,HkurX~~,6,3367,,,false,8
,HkurX~~,7,3788,,,false,8
,HkurX~~,8,3367,,,false,8
,HkurX~~,9,3297,,,false,8
,HYU\~z~,0,4770,,,false,7
,HYU\~z~,1,4279,,,false,7
,HYU\~z~,2,4349,,,false,7
,HYU\~z~,3,4209,,,false,7
,HYU\~z~,4,3928,,,false,7
,HYU\~z~,5,3929,,,false,7
,HYU\~z~,6,3788,,,false,7
,HYU\~z~,7,3647,,,false,7
,HYU\~z~,8,3788,,,false,7
,HYU\~z~,9,3858,,,false,7
,HqK~]~~,0,4770,,,false,8
,HqK~]~~,1,4840,,,false,8
,HqK~]~~,2,4279,,,false,8
,HqK~]~~,3,4279,,,false,8
,HqK~]~~,4,4208,,,false,8
,HqK~]~~,5,3858,,,false,8
,HqK~]~~,6,3858,,,false,8
,HqK~]~~,7,3858,,,false,8
,HqK~]~~,8,4279,,,false,8
,HqK~]~~,9,4349,,,false,8
,Hktpx~~,0,4840,,,false,8
,Hktpx~~,1,4419,,,false,8
,Hktpx~~,2,4770,,,false,8
,Hktpx~~,3,3859,,,false,8
,Hktpx~~,4,3297,,,false,8
,Hktpx~~,5,3437,,,false,8
,Hktpx~~,6,3858,,,false,8
,Hktpx~~,7,3297,,,false,8
,Hktpx~~,8,3367,,,false,8
,Hktpx~~,9,3367,,,false,8
,Hdthzn~,0,4910,,,false,8
,Hdthzn~,1,4420,,,false,8
,Hdthzn~,2,4209,,,false,8
,Hdthzn~,3,4699,,,false,8
,Hdthzn~,4,4699,,,false,8
,Hdthzn~,5,4840,,,false,8
,Hdthzn~,6,4770,,,false,8
,Hdthzn~,7,4139,,,false,8
,Hdthzn~,8,4279,,,false,8
,Hdthzn~,9,4349,,,false,8
,H`mzrn~,0,4770,,,false,8
,H`mzrn~,1,4840,,,false,8
,H`mzrn~,2,4770,,,false,8
,H`mzrn~,3,4209,,,false,8
,H`mzrn~,4,4349,,,false,8
,H`mzrn~,5,4349,,,false,8
,H`mzrn~,6,4700,,,false,8
,H`mzrn~,7,4349,,,false,8
,H`mzrn~,8,4349,,,false,8
,H`mzrn~,9,4349,,,false,8
,HpLy~v~,0,4841,,,false,7
,HpLy~v~,1,4840,,,false,7
,HpLy~v~,2,4700,,,false,7
,HpLy~v~,3,4349,,,false,7
,HpLy~v~,4,4349,,,false,7
,HpLy~v~,5,4420,,,false,7
,HpLy~v~,6,4700,,,false,7
,HpLy~v~,7,4279,,,false,7
,HpLy~v~,8,4349,,,false,7
,HpLy~v~,9,4419,,,false,7
,H`zTzz~,0,4770,,,false,8
,H`zTzz~,1,4349,,,false,8
,H`zTzz~,2,4700,,,false,8
,H`zTzz~,3,4279,,,false,8
,H`zTzz~,4,4770,,,false,8
,H`zTzz~,5,4840,,,false,8
,H`zTzz~,6,4279,,,false,8
,H`zTzz~,7,4700,,,false,8
,H`zTzz~,8,4349,,,false,8
,H`zTzz~,9,4420,,,false,8
,HKur~z~,0,4910,,,false,7
,HKur~z~,1,4770,,,false,7
,HKur~z~,2,4771,,,false,7
,HKur~z~,3,4770,,,false,7
,HKur~z~,4,4349,,,false,7
,HKur~z~,5,4349,,,false,7
,HKur~z~,6,4279,,,false,7
,HKur~z~,7,4770,,,false,7
,HKur~z~,8,4349,,,false,7
,HKur~z~,9,4840,,,false,7
,HqL\~^~,0,4911,,,false,8
,HqL\~^~,1,4770,,,false,8
,HqL\~^~,2,4700,,,false,8
,HqL\~^~,3,4279,,,false,8
,HqL\~^~,4,4840,,,false,8
,HqL\~^~,5,4279,,,false,8
,HqL\~^~,6,4630,,,false,8
,HqL\~^~,7,4349,,,false,8
,HqL\~^~,8,7155,,,false,8
,HqL\~^~,9,4700,,,false,8
,HdW}z~~,0,5262,,,false,8
,HdW}z~~,1,4770,,,false,8
,HdW}z~~,2,4419,,,false,8
,HdW}z~~,3,4349,,,false,8
,HdW}z~~,4,4349,,,false,8
,HdW}z~~,5,4279,,,false,8
,HdW}z~~,6,4420,,,false,8
,HdW}z~~,7,4349,,,false,8
,HdW}z~~,8,4209,,,false,8
,HdW}z~~,9,4209,,,false,8
,H`lv]~~,0,4841,,,false,8
,H`lv]~~,1,4770,,,false,8
,H`lv]~~,2,4419,,,false,8
,H`lv]~~,3,4279,,,false,8
,H`lv]~~,4,4700,,,false,8
,H`lv]~~,5,4279,,,false,8
,H`lv]~~,6,4349,,,false,8
,H`lv]~~,7,4279,,,false,8
,H`lv]~~,8,4209,,,false,8
,H`lv]~~,9,4419,,,false,8
,H`lv~z~,0,5191,,,false,7
,H`lv~z~,1,4349,,,false,7
,H`lv~z~,2,4349,,,false,7
,H`lv~z~,3,4208,,,false,7
,H`lv~z~,4,4279,,,false,7
,H`lv~z~,5,4349,,,false,7
,H`lv~z~,6,3929,,,false,7
,H`lv~z~,7,4279,,,false,7
,H`lv~z~,8,3717,,,false,7
,H`lv~z~,9,3788,,,false,7
,H\TZ\~~,0,4700,,,false,8
,H\TZ\~~,1,4770,,,false,8
,H\TZ\~~,2,4841,,,false,8
,H\TZ\~~,3,4279,,,false,8
,H\TZ\~~,4,3367,,,false,8
,H\TZ\~~,5,3367,,,false,8
,H\TZ\~~,6,3367,,,false,8
,H\TZ\~~,7,3859,,,false,8
,H\TZ\~~,8,3367,,,false,8
,H\TZ\~~,9,3788,,,false,8
,H}Ky~^~,0,4840,,,false,8
,H}Ky~^~,1,4840,,,false,8
,H}Ky~^~,2,4840,,,false,8
,H}Ky~^~,3,4630,,,false,8
,H}Ky~^~,4,4349,,,false,8
,H}Ky~^~,5,4840,,,false,8
,H}Ky~^~,6,4420,,,false,8
,H}Ky~^~,7,4699,,,false,8
,H}Ky~^~,8,4279,,,false,8
,H}Ky~^~,9,4840,,,false,8
,HR]~Mv~,0,5191,,,false,8
,HR]~Mv~,1,4770,,,false,8
,HR]~Mv~,2,4770,,,false,8
,HR]~Mv~,3,4629,,,false,8
,HR]~Mv~,4,4209,,,false,8
,HR]~Mv~,5,4770,,,false,8
,HR]~Mv~,6,4349,,,false,8
,HR]~Mv~,7,4279,,,false,8
,HR]~Mv~,8,4770,,,false,8
,HR]~Mv~,9,4840,,,false,8
,HJnL~n~,0,4770,,,false,8
,HJnL~n~,1,4840,,,false,8
,HJnL~n~,2,4700,,,false,8
,HJnL~n~,3,4770,,,false,8
,HJnL~n~,4,4279,,,false,8
,HJnL~n~,5,4910,,,false,8
,HJnL~n~,6,4770,,,false,8
,HJnL~n~,7,4279,,,false,8
,HJnL~n~,8,4279,,,false,8
,HJnL~n~,9,4420,,,false,8
,HhN~u~~,0,5331,,,false,6
,HhN~u~~,1,4910,,,false,6
,HhN~u~~,2,4209,,,false,6
,HhN~u~~,3,4770,,,false,6
,HhN~u~~,4,4349,,,false,6
,HhN~u~~,5,4349,,,false,6
,HhN~u~~,6,4700,,,false,6
,HhN~u~~,7,4279,,,false,6
,HhN~u~~,8,4279,,,false,6
,HhN~u~~,9,4349,,,false,6
,HjK~]~~,0,5332,,,false,8
,HjK~]~~,1,4840,,,false,8
,HjK~]~~,2,4279,,,false,8
,HjK~]~~,3,4209,,,false,8
,HjK~]~~,4,4419,,,false,8
,HjK~]~~,5,3787,,,false,8
,HjK~]~~,6,4350,,,false,8
,HjK~]~~,7,4279,,,false,8
,HjK~]~~,8,3928,,,false,8
,HjK~]~~,9,4349,,,false,8
,HRVlz~~,0,5331,,,false,8
,HRVlz~~,1,4700,,,false,8
,HRVlz~~,2,4279,,,false,8
,HRVlz~~,3,4349,,,false,8
,HRVlz~~,4,3929,,,false,8
,HRVlz~~,5,3858,,,false,8
,HRVlz~~,6,4279,,,false,8
,HRVlz~~,7,4279,,,false,8
,HRVlz~~,8,5191,,,false,8
,HRVlz~~,9,4770,,,false,8
,H[Uzu~~,0,4700,,,false,8
,H[Uzu~~,1,4840,,,false,8
,H[Uzu~~,2,4841,,,false,8
,H[Uzu~~,3,4349,,,false,8
,H[Uzu~~,4,4209,,,false,8
,H[Uzu~~,5,4279,,,false,8
,H[Uzu~~,6,4349,,,false,8
,H[Uzu~~,7,4349,,,false,8
,H[Uzu~~,8,4279,,,false,8
,H[Uzu~~,9,4279,,,false,8
,HLrZt~~,0,5261,,,false,8
,HLrZt~~,1,4770,,,false,8
,HLrZt~~,2,4349,,,false,8
,HLrZt~~,3,4770,,,false,8
,HLrZt~~,4,4349,,,false,8
,HLrZt~~,5,4770,,,false,8
,HLrZt~~,6,4840,,,false,8
,HLrZt~~,7,4770,,,false,8
,HLrZt~~,8,4279,,,false,8
,HLrZt~~,9,4279,,,false,8
,H\diz~~,0,4770,,,false,8
,H\diz~~,1,4279,,,false,8
,H\diz~~,2,3437,,,false,8
,H\diz~~,3,3367,,,false,8
,H\diz~~,4,3227,,,false,8
,H\diz~~,5,3367,,,false,8
,H\diz~~,6,3367,,,false,8
,H\diz~~,7,3367,,,false,8
,H\diz~~,8,3788,,,false,8
,H\diz~~,9,3718,,,false,8
,HKl~e~~,0,5121,,,false,8
,HKl~e~~,1,4770,,,false,8
,HKl~e~~,2,4209,,,false,8
,HKl~e~~,3,4349,,,false,8
,HKl~e~~,4,4770,,,false,8
,HKl~e~~,5,4700,,,false,8
,HKl~e~~,6,4770,,,false,8
,HKl~e~~,7,4349,,,false,8
,HKl~e~~,8,4770,,,false,8
,HKl~e~~,9,4209,,,false,8
,HRlu~Z~,0,4841,,,false,8
,HRlu~Z~,1,4350,,,false,8
,HRlu~Z~,2,4419,,,false,8
,HRlu~Z~,3,4700,,,false,8
,HRlu~Z~,4,4279,,,false,8
,HRlu~Z~,5,4349,,,false,8
,HRlu~Z~,6,4420,,,false,8
,HRlu~Z~,7,4209,,,false,8
,HRlu~Z~,8,4349,,,false,8
,HRlu~Z~,9,4279,,,false,8
,HKnr~v~,0,4841,,,false,8
,HKnr~v~,1,4840,,,false,8
,HKnr~v~,2,4349,,,false,8
,HKnr~v~,3,4209,,,false,8
,HKnr~v~,4,4279,,,false,8
,HKnr~v~,5,3859,,,false,8
,HKnr~v~,6,3858,,,false,8
,HKnr~v~,7,3718,,,false,8
,HKnr~v~,8,3788,,,false,8
,HKnr~v~,9,3858,,,false,8
,HRlu~^~,0,4700,,,false,8
,HRlu~^~,1,4349,,,false,8
,HRlu~^~,2,4841,,,false,8
,HRlu~^~,3,4349,,,false,8
,HRlu~^~,4,4279,,,false,8
,HRlu~^~,5,4349,,,false,8
,HRlu~^~,6,4419,,,false,8
,HRlu~^~,7,4349,,,false,8
,HRlu~^~,8,3788,,,false,8
,HRlu~^~,9,4350,,,false,8
,HQl~~z~,0,4770,,,false,5
,HQl~~z~,1,4349,,,false,5
,HQl~~z~,2,4279,,,false,5
,HQl~~z~,3,4209,,,false,5
,HQl~~z~,4,4279,,,false,5
,HQl~~z~,5,4419,,,false,5
,HQl~~z~,6,4349,,,false,5
,HQl~~z~,7,4209,,,false,5
,HQl~~z~,8,4350,,,false,5
,HQl~~z~,9,4349,,,false,5
,H{dXz^~,0,4840,,,false,8
,H{dXz^~,1,4420,,,false,8
,H{dXz^~,2,4279,,,false,8
,H{dXz^~,3,4209,,,false,8
,H{dXz^~,4,3788,,,false,8
,H{dXz^~,5,3858,,,false,8
,H{dXz^~,6,4279,,,false,8
,H{dXz^~,7,4209,,,false,8
,H{dXz^~,8,4279,,,false,8
,H{dXz^~,9,4419,,,false,8
,HrrHx~~,0,4770,,,false,8
,HrrHx~~,1,4419,,,false,8
,HrrHx~~,2,4279,,,false,8
,HrrHx~~,3,4279,,,false,8
,HrrHx~~,4,3858,,,false,8
,HrrHx~~,5,4350,,,false,8
,HrrHx~~,6,4349,,,false,8
,HrrHx~~,7,4349,,,false,8
,HrrHx~~,8,4349,,,false,8
,HrrHx~~,9,11084,,,false,8
,HYU}t~~,0,4910,,,false,8
,HYU}t~~,1,3367,,,false,8
,HYU}t~~,2,4700,,,false,8
,HYU}t~~,3,4770,,,false,8
,HYU}t~~,4,4910,,,false,8
,HYU}t~~,5,4700,,,false,8
,HYU}t~~,6,4770,,,false,8
,HYU}t~~,7,4770,,,false,8
,HYU}t~~,8,4911,,,false,8
,HYU}t~~,9,4700,,,false,8
,HKu~b~~,0,4840,,,false,8
,HKu~b~~,1,3788,,,false,8
,HKu~b~~,2,4279,,,false,8
,HKu~b~~,3,4770,,,false,8
,HKu~b~~,4,4350,,,false,8
,HKu~b~~,5,4279,,,false,8
,HKu~b~~,6,4209,,,false,8
,HKu~b~~,7,4279,,,false,8
,HKu~b~~,8,4840,,,false,8
,HKu~b~~,9,4770,,,false,8
,H`l~vj~,0,4770,,,false,8
,H`l~vj~,1,4279,,,false,8
,H`l~vj~,2,4209,,,false,8
,H`l~vj~,3,4350,,,false,8
,H`l~vj~,4,4279,,,false,8
,H`l~vj~,5,3788,,,false,8
,H`l~vj~,6,4209,,,false,8
,H`l~vj~,7,4349,,,false,8
,H`l~vj~,8,4770,,,false,8
,H`l~vj~,9,4770,,,false,8
,H`l~vn~,0,4700,,,false,8
,H`l~vn~,1,4420,,,false,8
,H`l~vn~,2,4349,,,false,8
,H`l~vn~,3,4770,,,false,8
,H`l~vn~,4,4209,,,false,8
,H`l~vn~,5,3367,,,false,8
,H`l~vn~,6,3858,,,false,8
,H`l~vn~,7,3367,,,false,8
,H`l~vn~,8,3788,,,false,8
,H`l~vn~,9,4279,,,false,8
,HbNl}~~,0,5121,,,false,8
,HbNl}~~,1,4700,,,false,8
,HbNl}~~,2,4349,,,false,8
,HbNl}~~,3,4349,,,false,8
,HbNl}~~,4,4350,,,false,8
,HbNl}~~,5,4279,,,false,8
,HbNl}~~,6,3858,,,false,8
,HbNl}~~,7,4349,,,false,8
,HbNl}~~,8,3858,,,false,8
,HbNl}~~,9,3367,,,false,8
,H`z\z~~,0,4770,,,false,8
,H`z\z~~,1,4770,,,false,8
,H`z\z~~,2,4419,,,false,8
,H`z\z~~,3,4699,,,false,8
,H`z\z~~,4,4770,,,false,8
,H`z\z~~,5,4770,,,false,8
,H`z\z~~,6,4419,,,false,8
,H`z\z~~,7,4700,,,false,8
,H`z\z~~,8,4770,,,false,8
,H`z\z~~,9,4770,,,false,8
,H~rHx~~,0,5191,,,false,8
,H~rHx~~,1,4840,,,false,8
,H~rHx~~,2,4840,,,false,8
,H~rHx~~,3,4700,,,false,8
,H~rHx~~,4,4770,,,false,8
,H~rHx~~,5,4699,,,false,8
,H~rHx~~,6,4840,,,false,8
,H~rHx~~,7,4700,,,false,8
,H~rHx~~,8,4279,,,false,8
,H~rHx~~,9,4770,,,false,8
,H^rLz~~,0,4770,,,false,6
,H^rLz~~,1,4350,,,false,6
,H^rLz~~,2,4349,,,false,6
,H^rLz~~,3,4349,,,false,6
,H^rLz~~,4,4279,,,false,6
,H^rLz~~,5,4349,,,false,6
,H^rLz~~,6,4350,,,false,6
,H^rLz~~,7,4700,,,false,6
,H^rLz~~,8,4700,,,false,6
,H^rLz~~,9,4279,,,false,6
,H`~~vn~,0,4771,,,false,6
,H`~~vn~,1,4419,,,false,6
,H`~~vn~,2,4279,,,false,6
,H`~~vn~,3,4700,,,false,6
,H`~~vn~,4,4279,,,false,6
,H`~~vn~,5,4350,,,false,6
,H`~~vn~,6,4770,,,false,6
,H`~~vn~,7,4209,,,false,6
,H`~~vn~,8,4419,,,false,6
,H`~~vn~,9,4840,,,false,6
,Hrqix~~,0,4770,,,false,8
,Hrqix~~,1,4349,,,false,8
,Hrqix~~,2,4279,,,false,8
,Hrqix~~,3,4279,,,false,8
,Hrqix~~,4,4770,,,false,8
,Hrqix~~,5,4349,,,false,8
,Hrqix~~,6,4349,,,false,8
,Hrqix~~,7,4700,,,false,8
,Hrqix~~,8,4700,,,false,8
,Hrqix~~,9,4420,,,false,8
,HYd}t~~,0,4841,,,false,8
,HYd}t~~,1,4700,,,false,8
,HYd}t~~,2,4700,,,false,8
,HYd}t~~,3,4349,,,false,8
,HYd}t~~,4,4840,,,false,8
,HYd}t~~,5,4770,,,false,8
,HYd}t~~,6,4349,,,false,8
,HYd}t~~,7,4350,,,false,8
,HYd}t~~,8,4840,,,false,8
,HYd}t~~,9,4279,,,false,8
,HtXXz~~,0,4770,,,false,8
,HtXXz~~,1,4700,,,false,8
,HtXXz~~,2,4770,,,false,8
,HtXXz~~,3,4349,,,false,8
,HtXXz~~,4,4770,,,false,8
,HtXXz~~,5,4630,,,false,8
,HtXXz~~,6,4349,,,false,8
,HtXXz~~,7,4419,,,false,8
,HtXXz~~,8,4770,,,false,8
,HtXXz~~,9,4630,,,false,8
,HMutZ~~,0,5262,,,false,8
,HMutZ~~,1,4630,,,false,8
,HMutZ~~,2,4770,,,false,8
,HMutZ~~,3,4840,,,false,8
,HMutZ~~,4,4279,,,false,8
,HMutZ~~,5,4770,,,false,8
,HMutZ~~,6,4700,,,false,8
,HMutZ~~,7,4841,,,false,8
,HMutZ~~,8,4349,,,false,8
,HMutZ~~,9,4349,,,false,8
,HvSzZ^~,0,4700,,,false,8
,HvSzZ^~,1,4770,,,false,8
,HvSzZ^~,2,4279,,,false,8
,HvSzZ^~,3,4349,,,false,8
,HvSzZ^~,4,4209,,,false,8
,HvSzZ^~,5,3858,,,false,8
,HvSzZ^~,6,3788,,,false,8
,HvSzZ^~,7,3928,,,false,8
,HvSzZ^~,8,4279,,,false,8
,HvSzZ^~,9,4209,,,false,8
,HvSz^^~,0,4770,,,false,8
,HvSz^^~,1,3718,,,false,8
,HvSz^^~,2,4910,,,false,8
,HvSz^^~,3,4840,,,false,8
,HvSz^^~,4,4771,,,false,8
,HvSz^^~,5,4700,,,false,8
,HvSz^^~,6,4279,,,false,8
,HvSz^^~,7,4420,,,false,8
,HvSz^^~,8,4770,,,false,8
,HvSz^^~,9,4629,,,false,8
,HqL~r~~,0,5261,,,false,8
,HqL~r~~,1,4770,,,false,8
,HqL~r~~,2,4350,,,false,8
,HqL~r~~,3,4770,,,false,8
,HqL~r~~,4,4770,,,false,8
,HqL~r~~,5,4770,,,false,8
,HqL~r~~,6,4840,,,false,8
,HqL~r~~,7,4699,,,false,8
,HqL~r~~,8,4770,,,false,8
,HqL~r~~,9,4209,,,false,8
,HRl~Mv~,0,4840,,,false,8
,HRl~Mv~,1,4349,,,false,8
,HRl~Mv~,2,4840,,,false,8
,HRl~Mv~,3,4209,,,false,8
,HRl~Mv~,4,4840,,,false,8
,HRl~Mv~,5,4349,,,false,8
,HRl~Mv~,6,4420,,,false,8
,HRl~Mv~,7,4700,,,false,8
,HRl~Mv~,8,4699,,,false,8
,HRl~Mv~,9,4419,,,false,8
,HLnJ~n~,0,4770,,,false,8
,HLnJ~n~,1,4770,,,false,8
,HLnJ~n~,2,4771,,,false,8
,HLnJ~n~,3,4700,,,false,8
,HLnJ~n~,4,4279,,,false,8
,HLnJ~n~,5,4350,,,false,8
,HLnJ~n~,6,4840,,,false,8
,HLnJ~n~,7,4279,,,false,8
,HLnJ~n~,8,4700,,,false,8
,HLnJ~n~,9,4770,,,false,8
,HdYz~r~,0,4770,,,false,8
,HdYz~r~,1,4840,,,false,8
,HdYz~r~,2,4279,,,false,8
,HdYz~r~,3,4840,,,false,8
,HdYz~r~,4,4770,,,false,8
,HdYz~r~,5,4349,,,false,8
,HdYz~r~,6,4279,,,false,8
,HdYz~r~,7,4770,,,false,8
,HdYz~r~,8,4279,,,false,8
,HdYz~r~,9,4841,,,false,8
,Hbiz~v~,0,4770,,,false,8
,Hbiz~v~,1,4910,,,false,8
,Hbiz~v~,2,5681,,,false,8
,Hbiz~v~,3,4700,,,false,8
,Hbiz~v~,4,4770,,,false,8
,Hbiz~v~,5,4840,,,false,8
,Hbiz~v~,6,4700,,,false,8
,Hbiz~v~,7,4700,,,false,8
,Hbiz~v~,8,4349,,,false,8
,Hbiz~v~,9,4770,,,false,8
,HdYz}~~,0,5331,,,false,8
,HdYz}~~,1,4349,,,false,8
,HdYz}~~,2,4349,,,false,8
,HdYz}~~,3,4349,,,false,8
,HdYz}~~,4,4279,,,false,8
,HdYz}~~,5,4349,,,false,8
,HdYz}~~,6,4700,,,false,8
,HdYz}~~,7,4349,,,false,8
,HdYz}~~,8,4419,,,false,8
,HdYz}~~,9,4279,,,false,8
,HqN~r~~,0,5191,,,false,6
,HqN~r~~,1,4770,,,false,6
,HqN~r~~,2,4279,,,false,6
,HqN~r~~,3,4911,,,false,6
,HqN~r~~,4,4279,,,false,6
,HqN~r~~,5,4279,,,false,6
,HqN~r~~,6,4279,,,false,6
,HqN~r~~,7,4419,,,false,6
,HqN~r~~,8,3788,,,false,6
,HqN~r~~,9,4209,,,false,6
,HtlrY~~,0,5191,,,false,8
,HtlrY~~,1,4770,,,false,8
,HtlrY~~,2,4840,,,false,8
,HtlrY~~,3,4349,,,false,8
,HtlrY~~,4,4209,,,false,8
,HtlrY~~,5,4209,,,false,8
,HtlrY~~,6,4349,,,false,8
,HtlrY~~,7,4419,,,false,8
,HtlrY~~,8,4279,,,false,8
,HtlrY~~,9,4700,,,false,8
,H{Sz~z~,0,5261,,,false,8
,H{Sz~z~,1,4700,,,false,8
,H{Sz~z~,2,4349,,,false,8
,H{Sz~z~,3,3438,,,false,8
,H{Sz~z~,4,4770,,,false,8
,H{Sz~z~,5,3788,,,false,8
,H{Sz~z~,6,4349,,,false,8
,H{Sz~z~,7,4910,,,false,8
,H{Sz~z~,8,4770,,,false,8
,H{Sz~z~,9,3438,,,false,8
,HRvdz~~,0,5121,,,false,8
,HRvdz~~,1,4840,,,false,8
,HRvdz~~,2,3858,,,false,8
,HRvdz~~,3,4349,,,false,8
,HRvdz~~,4,4209,,,false,8
,HRvdz~~,5,3788,,,false,8
,HRvdz~~,6,4349,,,false,8
,HRvdz~~,7,4840,,,false,8
,HRvdz~~,8,4699,,,false,8
,HRvdz~~,9,3297,,,false,8
,HtX\z~~,0,4700,,,false,8
,HtX\z~~,1,4770,,,false,8
,HtX\z~~,2,4419,,,false,8
,HtX\z~~,3,4771,,,false,8
,HtX\z~~,4,4209,,,false,8
,HtX\z~~,5,4700,,,false,8
,HtX\z~~,6,4420,,,false,8
,HtX\z~~,7,4770,,,false,8
,HtX\z~~,8,4770,,,false,8
,HtX\z~~,9,4770,,,false,8
,H{S~~z~,0,5191,,,false,6
,H{S~~z~,1,4770,,,false,6
,H{S~~z~,2,4349,,,false,6
,H{S~~z~,3,4279,,,false,6
,H{S~~z~,4,4770,,,false,6
,H{S~~z~,5,4840,,,false,6
,H{S~~z~,6,4840,,,false,6
,H{S~~z~,7,4279,,,false,6
,H{S~~z~,8,4349,,,false,6
,H{S~~z~,9,4349,,,false,6
,H}hXz~~,0,5191,,,false,8
,H}hXz~~,1,4910,,,false,8
,H}hXz~~,2,4770,,,false,8
,H}hXz~~,3,4770,,,false,8
,H}hXz~~,4,4911,,,false,8
,H}hXz~~,5,4910,,,false,8
,H}hXz~~,6,4700,,,false,8
,H}hXz~~,7,4770,,,false,8
,H}hXz~~,8,4770,,,false,8
,H}hXz~~,9,4910,,,false,8
,H}nax~~,0,4840,,,false,8
,H}nax~~,1,4911,,,false,8
,H}nax~~,2,4770,,,false,8
,H}nax~~,3,4770,,,false,8
,H}nax~~,4,4349,,,false,8
,H}nax~~,5,3858,,,false,8
,H}nax~~,6,4770,,,false,8
,H}nax~~,7,4700,,,false,8
,H}nax~~,8,4350,,,false,8
,H}nax~~,9,4349,,,false,8
,Hrvdz~~,0,5402,,,false,7
,Hrvdz~~,1,4700,,,false,7
,Hrvdz~~,2,4840,,,false,7
,Hrvdz~~,3,4770,,,false,7
,Hrvdz~~,4,4349,,,false,7
,Hrvdz~~,5,4280,,,false,7
,Hrvdz~~,6,4841,,,false,7
,Hrvdz~~,7,4279,,,false,7
,Hrvdz~~,8,4419,,,false,7
,Hrvdz~~,9,4770,,,false,7
,Hp^uz~~,0,5121,,,false,6
,Hp^uz~~,1,4279,,,false,6
,Hp^uz~~,2,4349,,,false,6
,Hp^uz~~,3,4279,,,false,6
,Hp^uz~~,4,4700,,,false,6
,Hp^uz~~,5,4279,,,false,6
,Hp^uz~~,6,4349,,,false,6
,Hp^uz~~,7,4349,,,false,6
,Hp^uz~~,8,4349,,,false,6
,Hp^uz~~,9,4700,,,false,6
,HRl}~^~,0,4770,,,false,6
,HRl}~^~,1,4349,,,false,6
,HRl}~^~,2,4350,,,false,6
,HRl}~^~,3,4279,,,false,6
,HRl}~^~,4,4349,,,false,6
,HRl}~^~,5,3297,,,false,6
,HRl}~^~,6,3367,,,false,6
,HRl}~^~,7,3367,,,false,6
,HRl}~^~,8,3297,,,false,6
,HRl}~^~,9,3928,,,false,6
,Hq~tz~~,0,5191,,,false,6
,Hq~tz~~,1,4770,,,false,6
,Hq~tz~~,2,3928,,,false,6
,Hq~tz~~,3,4770,,,false,6
,Hq~tz~~,4,4209,,,false,6
,Hq~tz~~,5,3788,,,false,6
,Hq~tz~~,6,4349,,,false,6
,Hq~tz~~,7,4770,,,false,6
,Hq~tz~~,8,4630,,,false,6
,Hq~tz~~,9,4279,,,false,6
,HjNm|~~,0,4700,,,false,6
,HjNm|~~,1,4279,,,false,6
,HjNm|~~,2,4350,,,false,6
,HjNm|~~,3,3928,,,false,6
,HjNm|~~,4,4279,,,false,6
,HjNm|~~,5,4279,,,false,6
,HjNm|~~,6,4419,,,false,6
,HjNm|~~,7,4350,,,false,6
,HjNm|~~,8,4349,,,false,6
,HjNm|~~,9,4700,,,false,6
,HJz\z~~,0,4349,,,false,6
,HJz\z~~,1,4279,,,false,6
,HJz\z~~,2,4419,,,false,6
,HJz\z~~,3,4700,,,false,6
,HJz\z~~,4,4209,,,false,6
,HJz\z~~,5,4840,,,false,6
,HJz\z~~,6,4279,,,false,6
,HJz\z~~,7,4209,,,false,6
,HJz\z~~,8,4840,,,false,6
,HJz\z~~,9,4279,,,false,6
,HMn~r~~,0,4840,,,false,6
,HMn~r~~,1,4279,,,false,6
,HMn~r~~,2,3788,,,false,6
,HMn~r~~,3,3788,,,false,6
,HMn~r~~,4,3858,,,false,6
,HMn~r~~,5,4349,,,false,6
,HMn~r~~,6,3718,,,false,6
,HMn~r~~,7,4209,,,false,6
,HMn~r~~,8,3858,,,false,6
,HMn~r~~,9,3928,,,false,6
,Hru~Z~~,0,5261,,,false,7
,Hru~Z~~,1,4840,,,false,7
,Hru~Z~~,2,4841,,,false,7
,Hru~Z~~,3,4770,,,false,7
,Hru~Z~~,4,4840,,,false,7
,Hru~Z~~,5,4840,,,false,7
,Hru~Z~~,6,4700,,,false,7
,Hru~Z~~,7,3788,,,false,7
,Hru~Z~~,8,4840,,,false,7
,Hru~Z~~,9,4419,,,false,7
,HR~~vn~,0,4840,,,false,6
,HR~~vn~,1,4350,,,false,6
,HR~~vn~,2,4771,,,false,6
,HR~~vn~,3,4279,,,false,6
,HR~~vn~,4,4840,,,false,6
,HR~~vn~,5,4279,,,false,6
,HR~~vn~,6,4700,,,false,6
,HR~~vn~,7,3858,,,false,6
,HR~~vn~,8,4279,,,false,6
,HR~~vn~,9,4349,,,false,6
,H???XjA,0,3367,,,false,5
,H???XjA,1,2876,,,false,5
,H???XjA,2,2806,,,false,5
,H???XjA,3,2806,,,false,5
,H???XjA,4,2876,,,false,5
,H???XjA,5,1894,,,false,5
,H???XjA,6,2455,,,false,5
,H???XjA,7,1403,,,false,5
,H???XjA,8,1894,,,false,5
,H???XjA,9,1824,,,false,5
,H?qahro,0,2876,,,false,6
,H?qahro,1,3368,,,false,6
,H?qahro,2,3297,,,false,6
,H?qahro,3,3368,,,false,6
,H?qahro,4,2876,,,false,6
,H?qahro,5,2876,,,false,6
,H?qahro,6,2455,,,false,6
,H?qahro,7,2315,,,false,6
,H?qahro,8,2946,,,false,6
,H?qahro,9,2385,,,false,6
,H??@GrD,0,3297,,,false,5
,H??@GrD,1,1964,,,false,5
,H??@GrD,2,2876,,,false,5
,H??@GrD,3,2876,,,false,5
,H??@GrD,4,8629,,,false,5
,H??@GrD,5,4349,,,false,5
,H??@GrD,6,2385,,,false,5
,H??@GrD,7,2385,,,false,5
,H??@GrD,8,2806,,,false,5
,H??@GrD,9,2455,,,false,5
,H???]Os,0,3297,,,false,3
,H???]Os,1,2385,,,false,3
,H???]Os,2,1403,,,false,3
,H???]Os,3,1964,,,false,3
,H???]Os,4,2385,,,false,3
,H???]Os,5,2315,,,false,3
,H???]Os,6,1403,,,false,3
,H???]Os,7,1403,,,false,3
,H???]Os,8,1402,,,false,3
,H???]Os,9,2385,,,false,3
,H``?@cM,0,2806,,,false,3
,H``?@cM,1,1894,,,false,3
,H``?@cM,2,2385,,,false,3
,H``?@cM,3,2455,,,false,3
,H``?@cM,4,2455,,,false,3
,H``?@cM,5,2385,,,false,3
,H``?@cM,6,2385,,,false,3
,H``?@cM,7,2385,,,false,3
,H``?@cM,8,1964,,,false,3
,H``?@cM,9,1894,,,false,3
,H?D_Sfa,0,3367,,,false,5
,H?D_Sfa,1,2876,,,false,5
,H?D_Sfa,2,2876,,,false,5
,H?D_Sfa,3,2806,,,false,5
,H?D_Sfa,4,2455,,,false,5
,H?D_Sfa,5,1964,,,false,5
,H?D_Sfa,6,2876,,,false,5
,H?D_Sfa,7,2806,,,false,5
,H?D_Sfa,8,2946,,,false,5
,H?D_Sfa,9,1894,,,false,5
,HCD@z^~,0,4840,,,false,7
,HCD@z^~,1,4349,,,false,7
,HCD@z^~,2,3858,,,false,7
,HCD@z^~,3,3788,,,false,7
,HCD@z^~,4,3367,,,false,7
,HCD@z^~,5,4279,,,false,7
,HCD@z^~,6,3437,,,false,7
,HCD@z^~,7,4279,,,false,7
,HCD@z^~,8,3297,,,false,7
,HCD@z^~,9,3788,,,false,7
,H`?Ha]{,0,3297,,,false,5
,H`?Ha]{,1,3297,,,false,5
,H`?Ha]{,2,3367,,,false,5
,H`?Ha]{,3,3367,,,false,5
,H`?Ha]{,4,3297,,,false,5
,H`?Ha]{,5,2806,,,false,5
,H`?Ha]{,6,1894,,,false,5
,H`?Ha]{,7,3367,,,false,5
,H`?Ha]{,8,3367,,,false,5
,H`?Ha]{,9,3297,,,false,5
,H`?N~z{,0,4770,,,false,7
,H`?N~z{,1,4349,,,false,7
,H`?N~z{,2,3297,,,false,7
,H`?N~z{,3,3437,,,false,7
,H`?N~z{,4,4279,,,false,7
,H`?N~z{,5,4279,,,false,7
,H`?N~z{,6,3788,,,false,7
,H`?N~z{,7,4840,,,false,7
,H`?N~z{,8,3788,,,false,7
,H`?N~z{,9,3788,,,false,7
,HgGqsy],0,3788,,,false,4
,HgGqsy],1,3227,,,false,4
,HgGqsy],2,3788,,,false,4
,HgGqsy],3,3858,,,false,4
,HgGqsy],4,3928,,,false,4
,HgGqsy],5,3788,,,false,4
,HgGqsy],6,3227,,,false,4
,HgGqsy],7,3858,,,false,4
,HgGqsy],8,2946,,,false,4
,HgGqsy],9,2877,,,false,4
,HqOpS|},0,4350,,,false,6
,HqOpS|},1,4279,,,false,6
,HqOpS|},2,2806,,,false,6
,HqOpS|},3,4279,,,false,6
,HqOpS|},4,3367,,,false,6
,HqOpS|},5,3858,,,false,6
,HqOpS|},6,3788,,,false,6
,HqOpS|},7,4279,,,false,6
,HqOpS|},8,3297,,,false,6
,HqOpS|},9,3929,,,false,6
,HR?M[xk,0,3858,,,false,4
,HR?M[xk,1,2946,,,false,4
,HR?M[xk,2,2385,,,false,4
,HR?M[xk,3,3296,,,false,4
,HR?M[xk,4,3367,,,false,4
,HR?M[xk,5,2876,,,false,4
,HR?M[xk,6,2455,,,false,4
,HR?M[xk,7,2876,,,false,4
,HR?M[xk,8,2315,,,false,4
,HR?M[xk,9,2385,,,false,4
,HWLKm_^,0,4209,,,false,4
,HWLKm_^,1,2455,,,false,4
,HWLKm_^,2,2806,,,false,4
,HWLKm_^,3,3367,,,false,4
,HWLKm_^,4,3367,,,false,4
,HWLKm_^,5,3718,,,false,4
,HWLKm_^,6,3297,,,false,4
,HWLKm_^,7,3437,,,false,4
,HWLKm_^,8,2455,,,false,4
,HWLKm_^,9,2385,,,false,4
,H?LE`YT,0,3437,,,false,5
,H?LE`YT,1,2876,,,false,5
,H?LE`YT,2,2876,,,false,5
,H?LE`YT,3,2877,,,false,5
,H?LE`YT,4,2386,,,false,5
,H?LE`YT,5,2386,,,false,5
,H?LE`YT,6,2385,,,false,5
,H?LE`YT,7,2385,,,false,5
,H?LE`YT,8,2876,,,false,5
,H?LE`YT,9,2385,,,false,5
,H@CI?M`,0,3367,,,false,4
,H@CI?M`,1,4349,,,false,4
,H@CI?M`,2,2315,,,false,4
,H@CI?M`,3,1964,,,false,4
,H@CI?M`,4,2385,,,false,4
,H@CI?M`,5,2385,,,false,4
,H@CI?M`,6,2385,,,false,4
,H@CI?M`,7,2455,,,false,4
,H@CI?M`,8,2385,,,false,4
,H@CI?M`,9,2385,,,false,4
,H`?H_ZB,0,4279,,,false,6
,H`?H_ZB,1,3367,,,false,6
,H`?H_ZB,2,3367,,,false,6
,H`?H_ZB,3,2946,,,false,6
,H`?H_ZB,4,3367,,,false,6
,H`?H_ZB,5,3226,,,false,6
,H`?H_ZB,6,3297,,,false,6
,H`?H_ZB,7,3367,,,false,6
,H`?H_ZB,8,2946,,,false,6
,H`?H_ZB,9,2806,,,false,6
,H??E@KZ,0,3859,,,false,6
,H??E@KZ,1,3297,,,false,6
,H??E@KZ,2,3297,,,false,6
,H??E@KZ,3,3367,,,false,6
,H??E@KZ,4,3438,,,false,6
,H??E@KZ,5,3367,,,false,6
,H??E@KZ,6,3367,,,false,6
,H??E@KZ,7,3297,,,false,6
,H??E@KZ,8,3297,,,false,6
,H??E@KZ,9,3437,,,false,6
,H@`?OKr,0,2876,,,false,4
,H@`?OKr,1,1894,,,false,4
,H@`?OKr,2,1403,,,false,4
,H@`?OKr,3,1894,,,false,4
,H@`?OKr,4,2385,,,false,4
,H@`?OKr,5,1964,,,false,4
,H@`?OKr,6,1474,,,false,4
,H@`?OKr,7,1964,,,false,4
,H@`?OKr,8,2385,,,false,4
,H@`?OKr,9,1894,,,false,4
,H?AA`O[,0,2876,,,false,3
,H?AA`O[,1,2876,,,false,3
,H?AA`O[,2,2385,,,false,3
,H?AA`O[,3,2385,,,false,3
,H?AA`O[,4,982,,,false,3
,H?AA`O[,5,2455,,,false,3
,H?AA`O[,6,1894,,,false,3
,H?AA`O[,7,1894,,,false,3
,H?AA`O[,8,2385,,,false,3
,H?AA`O[,9,2315,,,false,3
,H{db?{],0,3788,,,false,5
,H{db?{],1,3928,,,false,5
,H{db?{],2,3929,,,false,5
,H{db?{],3,3788,,,false,5
,H{db?{],4,3297,,,false,5
,H{db?{],5,2806,,,false,5
,H{db?{],6,2876,,,false,5
,H{db?{],7,3928,,,false,5
,H{db?{],8,3437,,,false,5
,H{db?{],9,3858,,,false,5
,HoDczp{,0,4840,,,false,5
,HoDczp{,1,3297,,,false,5
,HoDczp{,2,3858,,,false,5
,HoDczp{,3,3367,,,false,5
,HoDczp{,4,3858,,,false,5
,HoDczp{,5,3367,,,false,5
,HoDczp{,6,3367,,,false,5
,HoDczp{,7,3367,,,false,5
,HoDczp{,8,3858,,,false,5
,HoDczp{,9,3367,,,false,5
,Hqopc|m,0,4770,,,false,6
,Hqopc|m,1,4209,,,false,6
,Hqopc|m,2,3367,,,false,6
,Hqopc|m,3,3858,,,false,6
,Hqopc|m,4,3928,,,false,6
,Hqopc|m,5,3297,,,false,6
,Hqopc|m,6,3788,,,false,6
,Hqopc|m,7,3367,,,false,6
,Hqopc|m,8,3437,,,false,6
,Hqopc|m,9,3788,,,false,6
,Hqcxq\f,0,4910,,,false,6
,Hqcxq\f,1,3788,,,false,6
,Hqcxq\f,2,3718,,,false,6
,Hqcxq\f,3,3788,,,false,6
,Hqcxq\f,4,3788,,,false,6
,Hqcxq\f,5,3367,,,false,6
,Hqcxq\f,6,3788,,,false,6
,Hqcxq\f,7,4209,,,false,6
,Hqcxq\f,8,2876,,,false,6
,Hqcxq\f,9,3859,,,false,6
,Hr?GOKF,0,2806,,,false,3
,Hr?GOKF,1,1964,,,false,3
,Hr?GOKF,2,2455,,,false,3
,Hr?GOKF,3,1894,,,false,3
,Hr?GOKF,4,1894,,,false,3
,Hr?GOKF,5,1403,,,false,3
,Hr?GOKF,6,2385,,,false,3
,Hr?GOKF,7,2385,,,false,3
,Hr?GOKF,8,2455,,,false,3
,Hr?GOKF,9,2385,,,false,3
,HQQ?@KY,0,3437,,,false,4
,HQQ?@KY,1,2876,,,false,4
,HQQ?@KY,2,2806,,,false,4
,HQQ?@KY,3,2876,,,false,4
,HQQ?@KY,4,1894,,,false,4
,HQQ?@KY,5,2946,,,false,4
,HQQ?@KY,6,2876,,,false,4
,HQQ?@KY,7,2806,,,false,4
,HQQ?@KY,8,2876,,,false,4
,HQQ?@KY,9,1473,,,false,4
,H?C@IQD,0,2876,,,false,4
,H?C@IQD,1,1894,,,false,4
,H?C@IQD,2,2385,,,false,4
,H?C@IQD,3,2455,,,false,4
,H?C@IQD,4,2385,,,false,4
,H?C@IQD,5,2385,,,false,4
,H?C@IQD,6,2806,,,false,4
,H?C@IQD,7,2315,,,false,4
,H?C@IQD,8,2385,,,false,4
,H?C@IQD,9,1964,,,false,4
,H??HIaW,0,2877,,,false,3
,H??HIaW,1,1824,,,false,3
,H??HIaW,2,2385,,,false,3
,H??HIaW,3,1964,,,false,3
,H??HIaW,4,1894,,,false,3
,H??HIaW,5,1964,,,false,3
,H??HIaW,6,2455,,,false,3
,H??HIaW,7,1894,,,false,3
,H??HIaW,8,1473,,,false,3
,H??HIaW,9,2314,,,false,3
,H????^q,0,3367,,,false,6
,H????^q,1,2806,,,false,6
,H????^q,2,2946,,,false,6
,H????^q,3,2946,,,false,6
,H????^q,4,3297,,,false,6
,H????^q,5,3297,,,false,6
,H????^q,6,2876,,,false,6
,H????^q,7,3367,,,false,6
,H????^q,8,3297,,,false,6
,H????^q,9,2806,,,false,6
,HAA?PKy,0,2385,,,false,4
,HAA?PKy,1,2315,,,false,4
,HAA?PKy,2,2385,,,false,4
,HAA?PKy,3,2876,,,false,4
,HAA?PKy,4,2455,,,false,4
,HAA?PKy,5,2946,,,false,4
,HAA?PKy,6,2315,,,false,4
,HAA?PKy,7,2315,,,false,4
,HAA?PKy,8,2806,,,false,4
,HAA?PKy,9,1894,,,false,4
,H@BQPS^,0,4279,,,false,6
,H@BQPS^,1,3437,,,false,6
,H@BQPS^,2,3367,,,false,6
,H@BQPS^,3,3367,,,false,6
,H@BQPS^,4,3227,,,false,6
,H@BQPS^,5,3788,,,false,6
,H@BQPS^,6,2455,,,false,6
,H@BQPS^,7,3367,,,false,6
,H@BQPS^,8,3367,,,false,6
,H@BQPS^,9,3297,,,false,6
,HPVBG}z,0,4349,,,false,6
,HPVBG}z,1,4209,,,false,6
,HPVBG}z,2,3367,,,false,6
,HPVBG}z,3,3367,,,false,6
,HPVBG}z,4,3788,,,false,6
,HPVBG}z,5,3928,,,false,6
,HPVBG}z,6,3858,,,false,6
,HPVBG}z,7,3437,,,false,6
,HPVBG}z,8,3788,,,false,6
,HPVBG}z,9,3227,,,false,6
,HELZTMN,0,4279,,,false,5
,HELZTMN,1,4209,,,false,5
,HELZTMN,2,3929,,,false,5
,HELZTMN,3,3858,,,false,5
,HELZTMN,4,3718,,,false,5
,HELZTMN,5,3858,,,false,5
,HELZTMN,6,3367,,,false,5
,HELZTMN,7,3438,,,false,5
,HELZTMN,8,3788,,,false,5
,HELZTMN,9,3788,,,false,5
,HDpch\Z,0,4770,,,false,6
,HDpch\Z,1,3297,,,false,6
,HDpch\Z,2,3297,,,false,6
,HDpch\Z,3,3928,,,false,6
,HDpch\Z,4,3929,,,false,6
,HDpch\Z,5,2876,,,false,6
,HDpch\Z,6,3788,,,false,6
,HDpch\Z,7,3858,,,false,6
,HDpch\Z,8,3367,,,false,6
,HDpch\Z,9,3367,,,false,6
,H??@GrB,0,3437,,,false,6
,H??@GrB,1,2806,,,false,6
,H??@GrB,2,2385,,,false,6
,H??@GrB,3,2806,,,false,6
,H??@GrB,4,2876,,,false,6
,H??@GrB,5,2947,,,false,6
,H??@GrB,6,3297,,,false,6
,H??@GrB,7,2806,,,false,6
,H??@GrB,8,2946,,,false,6
,H??@GrB,9,3297,,,false,6
,H?CAHM^,0,3297,,,false,6
,H?CAHM^,1,3367,,,false,6
,H?CAHM^,2,2946,,,false,6
,H?CAHM^,3,2876,,,false,6
,H?CAHM^,4,3297,,,false,6
,H?CAHM^,5,3297,,,false,6
,H?CAHM^,6,2876,,,false,6
,H?CAHM^,7,2946,,,false,6
,H?CAHM^,8,3367,,,false,6
,H?CAHM^,9,2385,,,false,6
,HINT^~~,0,5261,,,false,8
,HINT^~~,1,4700,,,false,8
,HINT^~~,2,4700,,,false,8
,HINT^~~,3,3437,,,false,8
,HINT^~~,4,3438,,,false,8
,HINT^~~,5,3367,,,false,8
,HINT^~~,6,3788,,,false,8
,HINT^~~,7,3858,,,false,8
,HINT^~~,8,4349,,,false,8
,HINT^~~,9,3367,,,false,8
,H@lv]~~,0,4840,,,false,7
,H@lv]~~,1,4770,,,false,7
,H@lv]~~,2,3367,,,false,7
,H@lv]~~,3,3367,,,false,7
,H@lv]~~,4,3368,,,false,7
,H@lv]~~,5,3297,,,false,7
,H@lv]~~,6,3858,,,false,7
,H@lv]~~,7,4279,,,false,7
,H@lv]~~,8,4419,,,false,7
,H@lv]~~,9,3788,,,false,7
,H{~va{~,0,5401,,,false,7
,H{~va{~,1,4770,,,false,7
,H{~va{~,2,3788,,,false,7
,H{~va{~,3,11715,,,false,7
,H{~va{~,4,5682,,,false,7
,H{~va{~,5,3718,,,false,7
,H{~va{~,6,3788,,,false,7
,H{~va{~,7,3858,,,false,7
,H{~va{~,8,4279,,,false,7
,H{~va{~,9,3788,,,false,7
,HINLn~~,0,4910,,,false,8
,HINLn~~,1,4279,,,false,8
,HINLn~~,2,3368,,,false,8
,HINLn~~,3,4349,,,false,8
,HINLn~~,4,4349,,,false,8
,HINLn~~,5,4349,,,false,8
,HINLn~~,6,4279,,,false,8
,HINLn~~,7,4349,,,false,8
,HINLn~~,8,4349,,,false,8
,HINLn~~,9,4279,,,false,8
,HJaJY{~,0,4279,,,false,6
,HJaJY{~,1,2805,,,false,6
,HJaJY{~,2,3367,,,false,6
,HJaJY{~,3,3367,,,false,6
,HJaJY{~,4,2876,,,false,6
,HJaJY{~,5,2876,,,false,6
,HJaJY{~,6,3858,,,false,6
,HJaJY{~,7,3367,,,false,6
,HJaJY{~,8,3859,,,false,6
,HJaJY{~,9,3367,,,false,6
,H@IYvN~,0,4911,,,false,7
,H@IYvN~,1,4209,,,false,7
,H@IYvN~,2,3297,,,false,7
,H@IYvN~,3,3296,,,false,7
,H@IYvN~,4,2876,,,false,7
,H@IYvN~,5,4349,,,false,7
,H@IYvN~,6,3297,,,false,7
,H@IYvN~,7,4279,,,false,7
,H@IYvN~,8,3367,,,false,7
,H@IYvN~,9,3367,,,false,7
,H?B~~rx,0,4349,,,false,4
,H?B~~rx,1,2946,,,false,4
,H?B~~rx,2,3297,,,false,4
,H?B~~rx,3,2806,,,false,4
,H?B~~rx,4,3788,,,false,4
,H?B~~rx,5,3928,,,false,4
,H?B~~rx,6,3858,,,false,4
,H?B~~rx,7,3297,,,false,4
,H?B~~rx,8,3718,,,false,4
,H?B~~rx,9,3858,,,false,4
,H{dahWZ,0,4770,,,false,5
,H{dahWZ,1,3858,,,false,5
,H{dahWZ,2,3367,,,false,5
,H{dahWZ,3,3788,,,false,5
,H{dahWZ,4,3788,,,false,5
,H{dahWZ,5,3438,,,false,5
,H{dahWZ,6,3367,,,false,5
,H{dahWZ,7,2806,,,false,5
,H{dahWZ,8,2876,,,false,5
,H{dahWZ,9,2806,,,false,5
,H@Kp]jJ,0,4279,,,false,6
,H@Kp]jJ,1,4349,,,false,6
,H@Kp]jJ,2,3858,,,false,6
,H@Kp]jJ,3,4209,,,false,6
,H@Kp]jJ,4,3788,,,false,6
,H@Kp]jJ,5,3367,,,false,6
,H@Kp]jJ,6,3367,,,false,6
,H@Kp]jJ,7,2877,,,false,6
,H@Kp]jJ,8,3297,,,false,6
,H@Kp]jJ,9,2806,,,false,6
,H`?HW~r,0,4770,,,false,7
,H`?HW~r,1,2805,,,false,7
,H`?HW~r,2,4279,,,false,7
,H`?HW~r,3,3858,,,false,7
,H`?HW~r,4,3788,,,false,7
,H`?HW~r,5,3297,,,false,7
,H`?HW~r,6,2806,,,false,7
,H`?HW~r,7,2876,,,false,7
,H`?HW~r,8,3438,,,false,7
,H`?HW~r,9,2806,,,false,7
,H@Kp]fL,0,3367,,,false,5
,H@Kp]fL,1,3368,,,false,5
,H@Kp]fL,2,3788,,,false,5
,H@Kp]fL,3,3297,,,false,5
,H@Kp]fL,4,3367,,,false,5
,H@Kp]fL,5,3367,,,false,5
,H@Kp]fL,6,3367,,,false,5
,H@Kp]fL,7,3367,,,false,5
,H@Kp]fL,8,3367,,,false,5
,H@Kp]fL,9,3438,,,false,5
,HoCOZB~,0,4840,,,false,8
,HoCOZB~,1,3859,,,false,8
,HoCOZB~,2,3297,,,false,8
,HoCOZB~,3,4208,,,false,8
,HoCOZB~,4,3788,,,false,8
,HoCOZB~,5,3367,,,false,8
,HoCOZB~,6,3297,,,false,8
,HoCOZB~,7,3297,,,false,8
,HoCOZB~,8,3297,,,false,8
,HoCOZB~,9,3367,,,false,8
,H?BMXwz,0,4279,,,false,5
,H?BMXwz,1,3367,,,false,5
,H?BMXwz,2,3858,,,false,5
,H?BMXwz,3,3367,,,false,5
,H?BMXwz,4,2876,,,false,5
,H?BMXwz,5,2315,,,false,5
,H?BMXwz,6,2385,,,false,5
,H?BMXwz,7,2946,,,false,5
,H?BMXwz,8,2876,,,false,5
,H?BMXwz,9,2876,,,false,5
,H?CWvNf,0,4209,,,false,7
,H?CWvNf,1,3788,,,false,7
,H?CWvNf,2,3297,,,false,7
,H?CWvNf,3,10733,,,false,7
,H?CWvNf,4,5191,,,false,7
,H?CWvNf,5,4349,,,false,7
,H?CWvNf,6,2455,,,false,7
,H?CWvNf,7,3929,,,false,7
,H?CWvNf,8,3297,,,false,7
,H?CWvNf,9,3788,,,false,7
,H@GZQmN,0,4629,,,false,6
,H@GZQmN,1,3297,,,false,6
,H@GZQmN,2,3788,,,false,6
,H@GZQmN,3,3929,,,false,6
,H@GZQmN,4,3788,,,false,6
,H@GZQmN,5,3718,,,false,6
,H@GZQmN,6,3788,,,false,6
,H@GZQmN,7,3367,,,false,6
,H@GZQmN,8,3858,,,false,6
,H@GZQmN,9,3297,,,false,6
,H@GZIuN,0,3367,,,false,6
,H@GZIuN,1,3367,,,false,6
,H@GZIuN,2,3297,,,false,6
,H@GZIuN,3,3367,,,false,6
,H@GZIuN,4,3367,,,false,6
,H@GZIuN,5,3296,,,false,6
,H@GZIuN,6,3368,,,false,6
,H@GZIuN,7,3297,,,false,6
,H@GZIuN,8,3367,,,false,6
,H@GZIuN,9,3437,,,false,6
,H??Kz^{,0,3438,,,false,6
,H??Kz^{,1,3858,,,false,6
,H??Kz^{,2,3227,,,false,6
,H??Kz^{,3,3367,,,false,6
,H??Kz^{,4,3297,,,false,6
,H??Kz^{,5,2946,,,false,6
,H??Kz^{,6,3297,,,false,6
,H??Kz^{,7,3297,,,false,6
,H??Kz^{,8,3368,,,false,6
,H??Kz^{,9,3367,,,false,6
,H??E\lz,0,3367,,,false,7
,H??E\lz,1,4279,,,false,7
,H??E\lz,2,3367,,,false,7
,H??E\lz,3,3788,,,false,7
,H??E\lz,4,3297,,,false,7
,H??E\lz,5,3367,,,false,7
,H??E\lz,6,3438,,,false,7
,H??E\lz,7,3858,,,false,7
,H??E\lz,8,3367,,,false,7
,H??E\lz,9,3227,,,false,7
,H?CWtHb,0,3788,,,false,6
,H?CWtHb,1,3858,,,false,6
,H?CWtHb,2,4840,,,false,6
,H?CWtHb,3,4770,,,false,6
,H?CWtHb,4,4350,,,false,6
,H?CWtHb,5,3787,,,false,6
,H?CWtHb,6,3858,,,false,6
,H?CWtHb,7,3367,,,false,6
,H?CWtHb,8,2876,,,false,6
,H?CWtHb,9,2876,,,false,6
,HoStIv{,0,4700,,,false,6
,HoStIv{,1,3437,,,false,6
,HoStIv{,2,3858,,,false,6
,HoStIv{,3,3858,,,false,6
,HoStIv{,4,3788,,,false,6
,HoStIv{,5,3788,,,false,6
,HoStIv{,6,3297,,,false,6
,HoStIv{,7,3367,,,false,6
,HoStIv{,8,3367,,,false,6
,HoStIv{,9,3788,,,false,6
,HhEJG~w,0,4770,,,false,5
,HhEJG~w,1,3227,,,false,5
,HhEJG~w,2,2806,,,false,5
,HhEJG~w,3,3367,,,false,5
,HhEJG~w,4,3367,,,false,5
,HhEJG~w,5,3297,,,false,5
,HhEJG~w,6,3226,,,false,5
,HhEJG~w,7,3367,,,false,5
,HhEJG~w,8,2947,,,false,5
,HhEJG~w,9,3437,,,false,5
,H?hSzZr,0,3929,,,false,6
,H?hSzZr,1,3297,,,false,6
,H?hSzZr,2,3367,,,false,6
,H?hSzZr,3,2876,,,false,6
,H?hSzZr,4,2876,,,false,6
,H?hSzZr,5,2946,,,false,6
,H?hSzZr,6,3367,,,false,6
,H?hSzZr,7,2877,,,false,6
,H?hSzZr,8,3297,,,false,6
,H?hSzZr,9,2946,,,false,6
,HEhcqkn,0,4770,,,false,6
,HEhcqkn,1,3929,,,false,6
,HEhcqkn,2,3788,,,false,6
,HEhcqkn,3,3297,,,false,6
,HEhcqkn,4,3437,,,false,6
,HEhcqkn,5,3858,,,false,6
,HEhcqkn,6,3788,,,false,6
,HEhcqkn,7,3788,,,false,6
,HEhcqkn,8,3297,,,false,6
,HEhcqkn,9,3858,,,false,6
,H}nna{~,0,5191,,,false,6
,H}nna{~,1,4419,,,false,6
,H}nna{~,2,4279,,,false,6
,H}nna{~,3,4629,,,false,6
,H}nna{~,4,4279,,,false,6
,H}nna{~,5,4350,,,false,6
,H}nna{~,6,4419,,,false,6
,H}nna{~,7,4840,,,false,6
,H}nna{~,8,4279,,,false,6
,H}nna{~,9,3437,,,false,6
,HQYPOnN,0,4770,,,false,6
,HQYPOnN,1,11995,,,false,6
,HQYPOnN,2,3367,,,false,6
,HQYPOnN,3,3368,,,false,6
,HQYPOnN,4,3367,,,false,6
,HQYPOnN,5,3297,,,false,6
,HQYPOnN,6,3858,,,false,6
,HQYPOnN,7,3788,,,false,6
,HQYPOnN,8,3438,,,false,6
,HQYPOnN,9,3858,,,false,6
,H??P?VD,0,3437,,,false,5
,H??P?VD,1,2876,,,false,5
,H??P?VD,2,2806,,,false,5
,H??P?VD,3,2806,,,false,5
,H??P?VD,4,2456,,,false,5
,H??P?VD,5,2946,,,false,5
,H??P?VD,6,1473,,,false,5
,H??P?VD,7,2806,,,false,5
,H??P?VD,8,2806,,,false,5
,H??P?VD,9,2876,,,false,5
,HoDPX`H,0,3648,,,false,4
,HoDPX`H,1,3367,,,false,4
,HoDPX`H,2,3367,,,false,4
,HoDPX`H,3,2876,,,false,4
,HoDPX`H,4,3297,,,false,4
,HoDPX`H,5,3297,,,false,4
,HoDPX`H,6,3367,,,false,4
,HoDPX`H,7,3367,,,false,4
,HoDPX`H,8,2946,,,false,4
,HoDPX`H,9,3296,,,false,4
,H{Sz]}~,0,5331,,,false,7
,H{Sz]}~,1,4279,,,false,7
,H{Sz]}~,2,4700,,,false,7
,H{Sz]}~,3,4349,,,false,7
,H{Sz]}~,4,4349,,,false,7
,H{Sz]}~,5,4209,,,false,7
,H{Sz]}~,6,4349,,,false,7
,H{Sz]}~,7,4279,,,false,7
,H{Sz]}~,8,3929,,,false,7
,H{Sz]}~,9,4279,,,false,7
,HoDPXPP,0,2876,,,false,4
,HoDPXPP,1,3297,,,false,4
,HoDPXPP,2,3297,,,false,4
,HoDPXPP,3,2876,,,false,4
,HoDPXPP,4,2946,,,false,4
,HoDPXPP,5,3367,,,false,4
,HoDPXPP,6,3297,,,false,4
,HoDPXPP,7,3297,,,false,4
,HoDPXPP,8,3297,,,false,4
,HoDPXPP,9,2946,,,false,4
,H~?G[|m,0,4419,,,false,6
,H~?G[|m,1,4350,,,false,6
,H~?G[|m,2,3858,,,false,6
,H~?G[|m,3,4279,,,false,6
,H~?G[|m,4,3858,,,false,6
,H~?G[|m,5,3928,,,false,6
,H~?G[|m,6,3788,,,false,6
,H~?G[|m,7,2876,,,false,6
,H~?G[|m,8,2806,,,false,6
,H~?G[|m,9,2876,,,false,6
,H{dbG{^,0,3788,,,false,5
,H{dbG{^,1,3858,,,false,5
,H{dbG{^,2,3788,,,false,5
,H{dbG{^,3,3788,,,false,5
,H{dbG{^,4,3788,,,false,5
,H{dbG{^,5,3858,,,false,5
,H{dbG{^,6,3858,,,false,5
,H{dbG{^,7,3788,,,false,5
,H{dbG{^,8,3858,,,false,5
,H{dbG{^,9,3367,,,false,5
,Hd^@|ln,0,5331,,,false,6
,Hd^@|ln,1,3367,,,false,6
,Hd^@|ln,2,3928,,,false,6
,Hd^@|ln,3,3788,,,false,6
,Hd^@|ln,4,3788,,,false,6
,Hd^@|ln,5,3928,,,false,6
,Hd^@|ln,6,3928,,,false,6
,Hd^@|ln,7,3858,,,false,6
,Hd^@|ln,8,4209,,,false,6
,Hd^@|ln,9,3297,,,false,6
,H{S}tln,0,3858,,,false,6
,H{S}tln,1,4279,,,false,6
,H{S}tln,2,3858,,,false,6
,H{S}tln,3,4420,,,false,6
,H{S}tln,4,3858,,,false,6
,H{S}tln,5,4209,,,false,6
,H{S}tln,6,4349,,,false,6
,H{S}tln,7,3858,,,false,6
,H{S}tln,8,4279,,,false,6
,H{S}tln,9,3788,,,false,6
,H}lah[^,0,3788,,,false,5
,H}lah[^,1,3788,,,false,5
,H}lah[^,2,3367,,,false,5
,H}lah[^,3,3367,,,false,5
,H}lah[^,4,3297,,,false,5
,H}lah[^,5,3297,,,false,5
,H}lah[^,6,3367,,,false,5
,H}lah[^,7,3858,,,false,5
,H}lah[^,8,3859,,,false,5
,H}lah[^,9,3717,,,false,5
,H`zPpnN,0,4279,,,false,6
,H`zPpnN,1,4209,,,false,6
,H`zPpnN,2,3928,,,false,6
,H`zPpnN,3,4420,,,false,6
,H`zPpnN,4,3858,,,false,6
,H`zPpnN,5,3788,,,false,6
,H`zPpnN,6,3788,,,false,6
,H`zPpnN,7,3788,,,false,6
,H`zPpnN,8,4349,,,false,6
,H`zPpnN,9,3297,,,false,6
,HdYr]o~,0,11505,,,false,5
,HdYr]o~,1,5612,,,false,5
,HdYr]o~,2,3858,,,false,5
,HdYr]o~,3,3858,,,false,5
,HdYr]o~,4,3788,,,false,5
,HdYr]o~,5,3858,,,false,5
,HdYr]o~,6,4279,,,false,5
,HdYr]o~,7,3928,,,false,5
,HdYr]o~,8,4209,,,false,5
,HdYr]o~,9,3788,,,false,5
,HLnBj]^,0,4700,,,false,6
,HLnBj]^,1,3367,,,false,6
,HLnBj]^,2,3367,,,false,6
,HLnBj]^,3,3437,,,false,6
,HLnBj]^,4,3788,,,false,6
,HLnBj]^,5,3297,,,false,6
,HLnBj]^,6,3368,,,false,6
,HLnBj]^,7,3367,,,false,6
,HLnBj]^,8,3928,,,false,6
,HLnBj]^,9,3788,,,false,6
,H[UY|ln,0,5331,,,false,6
,H[UY|ln,1,4209,,,false,6
,H[UY|ln,2,3297,,,false,6
,H[UY|ln,3,3297,,,false,6
,H[UY|ln,4,3437,,,false,6
,H[UY|ln,5,3367,,,false,6
,H[UY|ln,6,3788,,,false,6
,H[UY|ln,7,3297,,,false,6
,H[UY|ln,8,3788,,,false,6
,H[UY|ln,9,3928,,,false,6
,HRiiqnN,0,5331,,,false,6
,HRiiqnN,1,4349,,,false,6
,HRiiqnN,2,3858,,,false,6
,HRiiqnN,3,3718,,,false,6
,HRiiqnN,4,3788,,,false,6
,HRiiqnN,5,3368,,,false,6
,HRiiqnN,6,2806,,,false,6
,HRiiqnN,7,2876,,,false,6
,HRiiqnN,8,3227,,,false,6
,HRiiqnN,9,3858,,,false,6
,Htlai[~,0,4700,,,false,6
,Htlai[~,1,3928,,,false,6
,Htlai[~,2,3367,,,false,6
,Htlai[~,3,3788,,,false,6
,Htlai[~,4,3367,,,false,6
,Htlai[~,5,3367,,,false,6
,Htlai[~,6,4349,,,false,6
,Htlai[~,7,2876,,,false,6
,Htlai[~,8,3788,,,false,6
,Htlai[~,9,3788,,,false,6
,HwDX}yz,0,4700,,,false,6
,HwDX}yz,1,3367,,,false,6
,HwDX}yz,2,3367,,,false,6
,HwDX}yz,3,3367,,,false,6
,HwDX}yz,4,4209,,,false,6
,HwDX}yz,5,4279,,,false,6
,HwDX}yz,6,3297,,,false,6
,HwDX}yz,7,4279,,,false,6
,HwDX}yz,8,3367,,,false,6
,HwDX}yz,9,3296,,,false,6
,H`o}Pnr,0,4770,,,false,6
,H`o}Pnr,1,4209,,,false,6
,H`o}Pnr,2,3367,,,false,6
,H`o}Pnr,3,2876,,,false,6
,H`o}Pnr,4,4279,,,false,6
,H`o}Pnr,5,3788,,,false,6
,H`o}Pnr,6,3297,,,false,6
,H`o}Pnr,7,3858,,,false,6
,H`o}Pnr,8,3437,,,false,6
,H`o}Pnr,9,3296,,,false,6
,H`opc\N,0,4279,,,false,6
,H`opc\N,1,3227,,,false,6
,H`opc\N,2,3367,,,false,6
,H`opc\N,3,3297,,,false,6
,H`opc\N,4,3367,,,false,6
,H`opc\N,5,3297,,,false,6
,H`opc\N,6,3788,,,false,6
,H`opc\N,7,3788,,,false,6
,H`opc\N,8,3367,,,false,6
,H`opc\N,9,3368,,,false,6
,HThQQK~,0,4419,,,false,6
,HThQQK~,1,4279,,,false,6
,HThQQK~,2,3788,,,false,6
,HThQQK~,3,2876,,,false,6
,HThQQK~,4,2876,,,false,6
,HThQQK~,5,2876,,,false,6
,HThQQK~,6,2947,,,false,6
,HThQQK~,7,3437,,,false,6
,HThQQK~,8,3297,,,false,6
,HThQQK~,9,3297,,,false,6
,H_hP_^o,0,3296,,,false,5
,H_hP_^o,1,3438,,,false,5
,H_hP_^o,2,3437,,,false,5
,H_hP_^o,3,2876,,,false,5
,H_hP_^o,4,1964,,,false,5
,H_hP_^o,5,3297,,,false,5
,H_hP_^o,6,3367,,,false,5
,H_hP_^o,7,3437,,,false,5
,H_hP_^o,8,3297,,,false,5
,H_hP_^o,9,3367,,,false,5
,HC`PX`H,0,3787,,,false,4
,HC`PX`H,1,3368,,,false,4
,HC`PX`H,2,3367,,,false,4
,HC`PX`H,3,2876,,,false,4
,HC`PX`H,4,3367,,,false,4
,HC`PX`H,5,3297,,,false,4
,HC`PX`H,6,2876,,,false,4
,HC`PX`H,7,2876,,,false,4
,HC`PX`H,8,1965,,,false,4
,HC`PX`H,9,2876,,,false,4
,HC[QHNb,0,3928,,,false,5
,HC[QHNb,1,3367,,,false,5
,HC[QHNb,2,4699,,,false,5
,HC[QHNb,3,2385,,,false,5
,HC[QHNb,4,3367,,,false,5
,HC[QHNb,5,3367,,,false,5
,HC[QHNb,6,3788,,,false,5
,HC[QHNb,7,3297,,,false,5
,HC[QHNb,8,3367,,,false,5
,HC[QHNb,9,3367,,,false,5
,HiGgomN,0,3929,,,false,5
,HiGgomN,1,3437,,,false,5
,HiGgomN,2,3367,,,false,5
,HiGgomN,3,3367,,,false,5
,HiGgomN,4,3367,,,false,5
,HiGgomN,5,2876,,,false,5
,HiGgomN,6,2876,,,false,5
,HiGgomN,7,2876,,,false,5
,HiGgomN,8,3367,,,false,5
,HiGgomN,9,3367,,,false,5
,HwCx}zY,0,4770,,,false,5
,HwCx}zY,1,3858,,,false,5
,HwCx}zY,2,3858,,,false,5
,HwCx}zY,3,4209,,,false,5
,HwCx}zY,4,3858,,,false,5
,HwCx}zY,5,3367,,,false,5
,HwCx}zY,6,2876,,,false,5
,HwCx}zY,7,3858,,,false,5
,HwCx}zY,8,3718,,,false,5
,HwCx}zY,9,2806,,,false,5
,HxGW}nN,0,5190,,,false,5
,HxGW}nN,1,4279,,,false,5
,HxGW}nN,2,4209,,,false,5
,HxGW}nN,3,2876,,,false,5
,HxGW}nN,4,3788,,,false,5
,HxGW}nN,5,4209,,,false,5
,HxGW}nN,6,3367,,,false,5
,HxGW}nN,7,3367,,,false,5
,HxGW}nN,8,3858,,,false,5
,HxGW}nN,9,3788,,,false,5
,HwDX}yy,0,5261,,,false,5
,HwDX}yy,1,3858,,,false,5
,HwDX}yy,2,3367,,,false,5
,HwDX}yy,3,2876,,,false,5
,HwDX}yy,4,2946,,,false,5
,HwDX}yy,5,3788,,,false,5
,HwDX}yy,6,3858,,,false,5
,HwDX}yy,7,3858,,,false,5
,HwDX}yy,8,2946,,,false,5
,HwDX}yy,9,2876,,,false,5
,H`o~f~~,0,4840,,,false,8
,H`o~f~~,1,4209,,,false,8
,H`o~f~~,2,4840,,,false,8
,H`o~f~~,3,4770,,,false,8
,H`o~f~~,4,4349,,,false,8
,H`o~f~~,5,4700,,,false,8
,H`o~f~~,6,4349,,,false,8
,H`o~f~~,7,4840,,,false,8
,H`o~f~~,8,4840,,,false,8
,H`o~f~~,9,4700,,,false,8
,Hs`yppb,0,4279,,,false,5
,Hs`yppb,1,3717,,,false,5
,Hs`yppb,2,3788,,,false,5
,Hs`yppb,3,3438,,,false,5
,Hs`yppb,4,3367,,,false,5
,Hs`yppb,5,3788,,,false,5
,Hs`yppb,6,3788,,,false,5
,Hs`yppb,7,3367,,,false,5
,Hs`yppb,8,3858,,,false,5
,Hs`yppb,9,3858,,,false,5
,H}l?XKV,0,4349,,,false,6
,H}l?XKV,1,3367,,,false,6
,H}l?XKV,2,2876,,,false,6
,H}l?XKV,3,3297,,,false,6
,H}l?XKV,4,2877,,,false,6
,H}l?XKV,5,2876,,,false,6
,H}l?XKV,6,3788,,,false,6
,H}l?XKV,7,3367,,,false,6
,H}l?XKV,8,3858,,,false,6
,H}l?XKV,9,2876,,,false,6
,H_?{aOb,0,3858,,,false,3
,H_?{aOb,1,2876,,,false,3
,H_?{aOb,2,2876,,,false,3
,H_?{aOb,3,2805,,,false,3
,H_?{aOb,4,2806,,,false,3
,H_?{aOb,5,2385,,,false,3
,H_?{aOb,6,2455,,,false,3
,H_?{aOb,7,2455,,,false,3
,H_?{aOb,8,2876,,,false,3
,H_?{aOb,9,2806,,,false,3
,H`?M@cN,0,3367,,,false,6
,H`?M@cN,1,2806,,,false,6
,H`?M@cN,2,2876,,,false,6
,H`?M@cN,3,2876,,,false,6
,H`?M@cN,4,2385,,,false,6
,H`?M@cN,5,2385,,,false,6
,H`?M@cN,6,2805,,,false,6
,H`?M@cN,7,2385,,,false,6
,H`?M@cN,8,2385,,,false,6
,H`?M@cN,9,2876,,,false,6
,H?So]Mj,0,4349,,,false,4
,H?So]Mj,1,3367,,,false,4
,H?So]Mj,2,3297,,,false,4
,H?So]Mj,3,3297,,,false,4
,H?So]Mj,4,3367,,,false,4
,H?So]Mj,5,3437,,,false,4
,H?So]Mj,6,3297,,,false,4
,H?So]Mj,7,2876,,,false,4
,H?So]Mj,8,3297,,,false,4
,H?So]Mj,9,3367,,,false,4
,H?KLIns,0,3858,,,false,6
,H?KLIns,1,3367,,,false,6
,H?KLIns,2,3367,,,false,6
,H?KLIns,3,10382,,,false,6
,H?KLIns,4,2385,,,false,6
,H?KLIns,5,3437,,,false,6
,H?KLIns,6,3367,,,false,6
,H?KLIns,7,3297,,,false,6
,H?KLIns,8,3368,,,false,6
,H?KLIns,9,3367,,,false,6
,H?qipno,0,4700,,,false,5
,H?qipno,1,3437,,,false,5
,H?qipno,2,3367,,,false,5
,H?qipno,3,3788,,,false,5
,H?qipno,4,3297,,,false,5
,H?qipno,5,3788,,,false,5
,H?qipno,6,3437,,,false,5
,H?qipno,7,2876,,,false,5
,H?qipno,8,3437,,,false,5
,H?qipno,9,3297,,,false,5
,H?qa`_N,0,3297,,,false,6
,H?qa`_N,1,3297,,,false,6
,H?qa`_N,2,2385,,,false,6
,H?qa`_N,3,1964,,,false,6
,H?qa`_N,4,3367,,,false,6
,H?qa`_N,5,2876,,,false,6
,H?qa`_N,6,2877,,,false,6
,H?qa`_N,7,2877,,,false,6
,H?qa`_N,8,2946,,,false,6
,H?qa`_N,9,3367,,,false,6
,HAGOSLe,0,3438,,,false,5
,HAGOSLe,1,2876,,,false,5
,HAGOSLe,2,2315,,,false,5
,HAGOSLe,3,2455,,,false,5
,HAGOSLe,4,2385,,,false,5
,HAGOSLe,5,3367,,,false,5
,HAGOSLe,6,2876,,,false,5
,HAGOSLe,7,3297,,,false,5
,HAGOSLe,8,2806,,,false,5
,HAGOSLe,9,2385,,,false,5
,H?COZIa,0,3788,,,false,5
,H?COZIa,1,2876,,,false,5
,H?COZIa,2,2385,,,false,5
,H?COZIa,3,1964,,,false,5
,H?COZIa,4,2805,,,false,5
,H?COZIa,5,2806,,,false,5
,H?COZIa,6,2806,,,false,5
,H?COZIa,7,2806,,,false,5
,H?COZIa,8,2455,,,false,5
,H?COZIa,9,2455,,,false,5
,H{dX`TF,0,4349,,,false,6
,H{dX`TF,1,4279,,,false,6
,H{dX`TF,2,3858,,,false,6
,H{dX`TF,3,2806,,,false,6
,H{dX`TF,4,3367,,,false,6
,H{dX`TF,5,3437,,,false,6
,H{dX`TF,6,3297,,,false,6
,H{dX`TF,7,3367,,,false,6
,H{dX`TF,8,2876,,,false,6
,H{dX`TF,9,3859,,,false,6
,H?qipn~,0,4910,,,false,8
,H?qipn~,1,3367,,,false,8
,H?qipn~,2,3788,,,false,8
,H?qipn~,3,4349,,,false,8
,H?qipn~,4,4279,,,false,8
,H?qipn~,5,3928,,,false,8
,H?qipn~,6,4279,,,false,8
,H?qipn~,7,3367,,,false,8
,H?qipn~,8,4350,,,false,8
,H?qipn~,9,3928,,,false,8
,H?CGHFO,0,2385,,,false,3
,H?CGHFO,1,1403,,,false,3
,H?CGHFO,2,1894,,,false,3
,H?CGHFO,3,2315,,,false,3
,H?CGHFO,4,2385,,,false,3
,H?CGHFO,5,1403,,,false,3
,H?CGHFO,6,1894,,,false,3
,H?CGHFO,7,1964,,,false,3
,H?CGHFO,8,1965,,,false,3
,H?CGHFO,9,1964,,,false,3
,H?O_cC[,0,2946,,,false,3
,H?O_cC[,1,1894,,,false,3
,H?O_cC[,2,1403,,,false,3
,H?O_cC[,3,2315,,,false,3
,H?O_cC[,4,1894,,,false,3
,H?O_cC[,5,1894,,,false,3
,H?O_cC[,6,2385,,,false,3
,H?O_cC[,7,1894,,,false,3
,H?O_cC[,8,1824,,,false,3
,H?O_cC[,9,982,,,false,3
,H?o@Gho,0,2806,,,false,3
,H?o@Gho,1,1403,,,false,3
,H?o@Gho,2,2385,,,false,3
,H?o@Gho,3,2455,,,false,3
,H?o@Gho,4,2946,,,false,3
,H?o@Gho,5,2877,,,false,3
,H?o@Gho,6,2805,,,false,3
,H?o@Gho,7,2876,,,false,3
,H?o@Gho,8,1894,,,false,3
,H?o@Gho,9,1403,,,false,3
,H??OPNW,0,3297,,,false,4
,H??OPNW,1,1965,,,false,4
,H??OPNW,2,2455,,,false,4
,H??OPNW,3,1894,,,false,4
,H??OPNW,4,2806,,,false,4
,H??OPNW,5,1894,,,false,4
,H??OPNW,6,2455,,,false,4
,H??OPNW,7,2946,,,false,4
,H??OPNW,8,2385,,,false,4
,H??OPNW,9,1894,,,false,4
,H??M?kw,0,3858,,,false,5
,H??M?kw,1,2876,,,false,5
,H??M?kw,2,2876,,,false,5
,H??M?kw,3,2876,,,false,5
,H??M?kw,4,2876,,,false,5
,H??M?kw,5,2456,,,false,5
,H??M?kw,6,2946,,,false,5
,H??M?kw,7,2876,,,false,5
,H??M?kw,8,2806,,,false,5
,H??M?kw,9,1894,,,false,5
,H`lu^~~,0,5191,,,false,8
,H`lu^~~,1,4279,,,false,8
,H`lu^~~,2,4840,,,false,8
,H`lu^~~,3,4770,,,false,8
,H`lu^~~,4,3858,,,false,8
,H`lu^~~,5,4910,,,false,8
,H`lu^~~,6,4770,,,false,8
,H`lu^~~,7,4770,,,false,8
,H`lu^~~,8,4770,,,false,8
,H`lu^~~,9,4420,,,false,8
,H??WvJa,0,3367,,,false,5
,H??WvJa,1,3367,,,false,5
,H??WvJa,2,3297,,,false,5
,H??WvJa,3,3297,,,false,5
,H??WvJa,4,2946,,,false,5
,H??WvJa,5,3437,,,false,5
,H??WvJa,6,2876,,,false,5
,H??WvJa,7,3297,,,false,5
,H??WvJa,8,2876,,,false,5
,H??WvJa,9,2876,,,false,5
,HwCWqGb,0,2806,,,false,5
,HwCWqGb,1,2876,,,false,5
,HwCWqGb,2,2876,,,false,5
,HwCWqGb,3,3368,,,false,5
,HwCWqGb,4,2876,,,false,5
,HwCWqGb,5,3297,,,false,5
,HwCWqGb,6,2876,,,false,5
,HwCWqGb,7,2455,,,false,5
,HwCWqGb,8,2455,,,false,5
,HwCWqGb,9,2385,,,false,5
,H???F~},0,4419,,,false,7
,H???F~},1,4209,,,false,7
,H???F~},2,4349,,,false,7
,H???F~},3,3367,,,false,7
,H???F~},4,3929,,,false,7
,H???F~},5,3788,,,false,7
,H???F~},6,3297,,,false,7
,H???F~},7,3367,,,false,7
,H???F~},8,3367,,,false,7
,H???F~},9,3437,,,false,7
,HoSsaKj,0,4349,,,false,4
,HoSsaKj,1,3367,,,false,4
,HoSsaKj,2,3788,,,false,4
,HoSsaKj,3,3297,,,false,4
,HoSsaKj,4,3437,,,false,4
,HoSsaKj,5,2456,,,false,4
,HoSsaKj,6,2876,,,false,4
,HoSsaKj,7,3718,,,false,4
,HoSsaKj,8,3297,,,false,4
,HoSsaKj,9,3297,,,false,4
,H?@HeYr,0,3718,,,false,7
,H?@HeYr,1,3367,,,false,7
,H?@HeYr,2,3367,,,false,7
,H?@HeYr,3,3367,,,false,7
,H?@HeYr,4,3788,,,false,7
,H?@HeYr,5,3297,,,false,7
,H?@HeYr,6,3367,,,false,7
,H?@HeYr,7,3858,,,false,7
,H?@HeYr,8,2455,,,false,7
,H?@HeYr,9,3858,,,false,7
,HHqGhdN,0,4279,,,false,6
,HHqGhdN,1,2876,,,false,6
,HHqGhdN,2,2876,,,false,6
,HHqGhdN,3,2876,,,false,6
,HHqGhdN,4,3367,,,false,6
,HHqGhdN,5,3718,,,false,6
,HHqGhdN,6,2946,,,false,6
,HHqGhdN,7,2806,,,false,6
,HHqGhdN,8,2946,,,false,6
,HHqGhdN,9,2385,,,false,6
,HpO]@cN,0,3858,,,false,6
,HpO]@cN,1,3858,,,false,6
,HpO]@cN,2,3297,,,false,6
,HpO]@cN,3,3297,,,false,6
,HpO]@cN,4,3367,,,false,6
,HpO]@cN,5,3438,,,false,6
,HpO]@cN,6,3367,,,false,6
,HpO]@cN,7,3227,,,false,6
,HpO]@cN,8,3297,,,false,6
,HpO]@cN,9,3297,,,false,6
,HoCQPJ~,0,4700,,,false,8
,HoCQPJ~,1,3297,,,false,8
,HoCQPJ~,2,4279,,,false,8
,HoCQPJ~,3,3367,,,false,8
,HoCQPJ~,4,3297,,,false,8
,HoCQPJ~,5,3296,,,false,8
,HoCQPJ~,6,3367,,,false,8
,HoCQPJ~,7,2876,,,false,8
,HoCQPJ~,8,3297,,,false,8
,HoCQPJ~,9,3297,,,false,8
,HCO__SF,0,2806,,,false,2
,HCO__SF,1,2455,,,false,2
,HCO__SF,2,2385,,,false,2
,HCO__SF,3,1473,,,false,2
,HCO__SF,4,1964,,,false,2
,HCO__SF,5,2385,,,false,2
,HCO__SF,6,1894,,,false,2
,HCO__SF,7,1894,,,false,2
,HCO__SF,8,1403,,,false,2
,HCO__SF,9,2876,,,false,2
,Hr?GW^~,0,4349,,,false,8
,Hr?GW^~,1,3929,,,false,8
,Hr?GW^~,2,3367,,,false,8
,Hr?GW^~,3,4700,,,false,8
,Hr?GW^~,4,3437,,,false,8
,Hr?GW^~,5,3367,,,false,8
,Hr?GW^~,6,3438,,,false,8
,Hr?GW^~,7,3367,,,false,8
,Hr?GW^~,8,3297,,,false,8
,Hr?GW^~,9,3859,,,false,8
,HWCW~~~,0,4770,,,false,8
,HWCW~~~,1,4770,,,false,8
,HWCW~~~,2,3437,,,false,8
,HWCW~~~,3,4279,,,false,8
,HWCW~~~,4,3788,,,false,8
,HWCW~~~,5,3367,,,false,8
,HWCW~~~,6,4840,,,false,8
,HWCW~~~,7,3437,,,false,8
,HWCW~~~,8,3368,,,false,8
,HWCW~~~,9,10452,,,false,8
,H@?GjEL,0,2876,,,false,6
,H@?GjEL,1,2876,,,false,6
,H@?GjEL,2,3437,,,false,6
,H@?GjEL,3,2876,,,false,6
,H@?GjEL,4,2876,,,false,6
,H@?GjEL,5,2876,,,false,6
,H@?GjEL,6,3437,,,false,6
,H@?GjEL,7,3368,,,false,6
,H@?GjEL,8,3367,,,false,6
,H@?GjEL,9,3368,,,false,6
,H@?OZEL,0,3367,,,false,6
,H@?OZEL,1,3297,,,false,6
,H@?OZEL,2,3367,,,false,6
,H@?OZEL,3,2946,,,false,6
,H@?OZEL,4,3297,,,false,6
,H@?OZEL,5,2806,,,false,6
,H@?OZEL,6,3297,,,false,6
,H@?OZEL,7,2946,,,false,6
,H@?OZEL,8,3438,,,false,6
,H@?OZEL,9,3367,,,false,6
,H_Bbowx,0,3437,,,false,5
,H_Bbowx,1,3297,,,false,5
,H_Bbowx,2,3297,,,false,5
,H_Bbowx,3,3297,,,false,5
,H_Bbowx,4,3297,,,false,5
,H_Bbowx,5,3437,,,false,5
,H_Bbowx,6,3367,,,false,5
,H_Bbowx,7,3368,,,false,5
,H_Bbowx,8,3297,,,false,5
,H_Bbowx,9,3368,,,false,5
,H{dbGwZ,0,4209,,,false,5
,H{dbGwZ,1,3858,,,false,5
,H{dbGwZ,2,3367,,,false,5
,H{dbGwZ,3,3297,,,false,5
,H{dbGwZ,4,3367,,,false,5
,H{dbGwZ,5,3858,,,false,5
,H{dbGwZ,6,3437,,,false,5
,H{dbGwZ,7,3788,,,false,5
,H{dbGwZ,8,3297,,,false,5
,H{dbGwZ,9,3297,,,false,5
,H{`rOwZ,0,4840,,,false,5
,H{`rOwZ,1,3788,,,false,5
,H{`rOwZ,2,3438,,,false,5
,H{`rOwZ,3,3297,,,false,5
,H{`rOwZ,4,3718,,,false,5
,H{`rOwZ,5,3788,,,false,5
,H{`rOwZ,6,3858,,,false,5
,H{`rOwZ,7,3858,,,false,5
,H{`rOwZ,8,3367,,,false,5
,H{`rOwZ,9,4209,,,false,5
,H}hPOkN,0,4630,,,false,5
,H}hPOkN,1,3788,,,false,5
,H}hPOkN,2,3858,,,false,5
,H}hPOkN,3,3367,,,false,5
,H}hPOkN,4,2385,,,false,5
,H}hPOkN,5,2876,,,false,5
,H}hPOkN,6,3858,,,false,5
,H}hPOkN,7,3367,,,false,5
,H}hPOkN,8,3367,,,false,5
,H}hPOkN,9,3297,,,false,5
,H|pGpKV,0,4350,,,false,5
,H|pGpKV,1,3297,,,false,5
,H|pGpKV,2,2806,,,false,5
,H|pGpKV,3,3858,,,false,5
,H|pGpKV,4,3297,,,false,5
,H|pGpKV,5,3788,,,false,5
,H|pGpKV,6,3858,,,false,5
,H|pGpKV,7,3368,,,false,5
,H|pGpKV,8,3858,,,false,5
,H|pGpKV,9,3788,,,false,5
,H|ogqKV,0,4349,,,false,5
,H|ogqKV,1,3297,,,false,5
,H|ogqKV,2,3788,,,false,5
,H|ogqKV,3,3858,,,false,5
,H|ogqKV,4,3437,,,false,5
,H|ogqKV,5,3788,,,false,5
,H|ogqKV,6,3297,,,false,5
,H|ogqKV,7,3367,,,false,5
,H|ogqKV,8,3297,,,false,5
,H|ogqKV,9,3929,,,false,5
,H}gWqKf,0,3297,,,false,5
,H}gWqKf,1,3788,,,false,5
,H}gWqKf,2,3297,,,false,5
,H}gWqKf,3,3718,,,false,5
,H}gWqKf,4,3788,,,false,5
,H}gWqKf,5,3858,,,false,5
,H}gWqKf,6,3788,,,false,5
,H}gWqKf,7,3858,,,false,5
,H}gWqKf,8,2806,,,false,5
,H}gWqKf,9,2876,,,false,5
,H{`Xqgj,0,4770,,,false,5
,H{`Xqgj,1,3788,,,false,5
,H{`Xqgj,2,3437,,,false,5
,H{`Xqgj,3,2876,,,false,5
,H{`Xqgj,4,3788,,,false,5
,H{`Xqgj,5,3788,,,false,5
,H{`Xqgj,6,3367,,,false,5
,H{`Xqgj,7,3858,,,false,5
,H{`Xqgj,8,3788,,,false,5
,H{`Xqgj,9,3297,,,false,5
,H{`XrOV,0,4209,,,false,6
,H{`XrOV,1,3367,,,false,6
,H{`XrOV,2,3788,,,false,6
,H{`XrOV,3,3437,,,false,6
,H{`XrOV,4,2806,,,false,6
,H{`XrOV,5,3788,,,false,6
,H{`XrOV,6,3788,,,false,6
,H{`XrOV,7,3368,,,false,6
,H{`XrOV,8,3928,,,false,6
,H{`XrOV,9,3788,,,false,6
,H~zUX{~,0,5332,,,false,6
,H~zUX{~,1,4770,,,false,6
,H~zUX{~,2,4349,,,false,6
,H~zUX{~,3,4419,,,false,6
,H~zUX{~,4,3367,,,false,6
,H~zUX{~,5,3788,,,false,6
,H~zUX{~,6,4279,,,false,6
,H~zUX{~,7,4350,,,false,6
,H~zUX{~,8,4279,,,false,6
,H~zUX{~,9,4349,,,false,6
,HqGO?KJ,0,2385,,,false,2
,HqGO?KJ,1,2385,,,false,2
,HqGO?KJ,2,2385,,,false,2
,HqGO?KJ,3,1964,,,false,2
,HqGO?KJ,4,2385,,,false,2
,HqGO?KJ,5,2385,,,false,2
,HqGO?KJ,6,2385,,,false,2
,HqGO?KJ,7,2385,,,false,2
,HqGO?KJ,8,2456,,,false,2
,HqGO?KJ,9,1473,,,false,2
,HWEA?WR,0,2876,,,false,4
,HWEA?WR,1,2455,,,false,4
,HWEA?WR,2,2876,,,false,4
,HWEA?WR,3,2806,,,false,4
,HWEA?WR,4,2876,,,false,4
,HWEA?WR,5,2385,,,false,4
,HWEA?WR,6,2455,,,false,4
,HWEA?WR,7,2386,,,false,4
,HWEA?WR,8,2876,,,false,4
,HWEA?WR,9,1473,,,false,4
,HK`@?WR,0,3297,,,false,4
,HK`@?WR,1,2805,,,false,4
,HK`@?WR,2,1894,,,false,4
,HK`@?WR,3,2385,,,false,4
,HK`@?WR,4,2876,,,false,4
,HK`@?WR,5,2806,,,false,4
,HK`@?WR,6,1964,,,false,4
,HK`@?WR,7,1403,,,false,4
,HK`@?WR,8,2385,,,false,4
,HK`@?WR,9,2455,,,false,4
,HqG??kM,0,2876,,,false,3
,HqG??kM,1,2876,,,false,3
,HqG??kM,2,2385,,,false,3
,HqG??kM,3,1894,,,false,3
,HqG??kM,4,1403,,,false,3
,HqG??kM,5,1894,,,false,3
,HqG??kM,6,2455,,,false,3
,HqG??kM,7,2455,,,false,3
,HqG??kM,8,2876,,,false,3
,HqG??kM,9,2385,,,false,3
,H``??se,0,2806,,,false,3
,H``??se,1,2876,,,false,3
,H``??se,2,2876,,,false,3
,H``??se,3,1894,,,false,3
,H``??se,4,2455,,,false,3
,H``??se,5,2385,,,false,3
,H``??se,6,2314,,,false,3
,H``??se,7,2385,,,false,3
,H``??se,8,2455,,,false,3
,H``??se,9,1964,,,false,3
,HQ`?@KY,0,3367,,,false,4
,HQ`?@KY,1,1894,,,false,4
,HQ`?@KY,2,2876,,,false,4
,HQ`?@KY,3,2805,,,false,4
,HQ`?@KY,4,2735,,,false,4
,HQ`?@KY,5,2806,,,false,4
,HQ`?@KY,6,2806,,,false,4
,HQ`?@KY,7,1474,,,false,4
,HQ`?@KY,8,1964,,,false,4
,HQ`?@KY,9,1894,,,false,4
,Ho?OQoe,0,3438,,,false,4
,Ho?OQoe,1,2876,,,false,4
,Ho?OQoe,2,2806,,,false,4
,Ho?OQoe,3,2806,,,false,4
,Ho?OQoe,4,2946,,,false,4
,Ho?OQoe,5,2455,,,false,4
,Ho?OQoe,6,2806,,,false,4
,Ho?OQoe,7,2876,,,false,4
,Ho?OQoe,8,1894,,,false,4
,Ho?OQoe,9,1894,,,false,4
,H?ChUjQ,0,3858,,,false,5
,H?ChUjQ,1,3367,,,false,5
,H?ChUjQ,2,2947,,,false,5
,H?ChUjQ,3,2806,,,false,5
,H?ChUjQ,4,3227,,,false,5
,H?ChUjQ,5,2946,,,false,5
,H?ChUjQ,6,2876,,,false,5
,H?ChUjQ,7,2946,,,false,5
,H?ChUjQ,8,3297,,,false,5
,H?ChUjQ,9,1894,,,false,5
,H?CKZhn,0,3367,,,false,5
,H?CKZhn,1,2315,,,false,5
,H?CKZhn,2,2876,,,false,5
,H?CKZhn,3,3367,,,false,5
,H?CKZhn,4,2876,,,false,5
,H?CKZhn,5,3367,,,false,5
,H?CKZhn,6,2806,,,false,5
,H?CKZhn,7,2876,,,false,5
,H?CKZhn,8,3367,,,false,5
,H?CKZhn,9,3367,,,false,5
,H?AHQkz,0,3788,,,false,6
,H?AHQkz,1,3437,,,false,6
,H?AHQkz,2,3368,,,false,6
,H?AHQkz,3,2456,,,false,6
,H?AHQkz,4,2314,,,false,6
,H?AHQkz,5,2456,,,false,6
,H?AHQkz,6,3367,,,false,6
,H?AHQkz,7,3788,,,false,6
,H?AHQkz,8,3297,,,false,6
,H?AHQkz,9,3788,,,false,6
,HXUQ|zM,0,4770,,,false,6
,HXUQ|zM,1,3297,,,false,6
,HXUQ|zM,2,3858,,,false,6
,HXUQ|zM,3,4280,,,false,6
,HXUQ|zM,4,3297,,,false,6
,HXUQ|zM,5,3858,,,false,6
,HXUQ|zM,6,3297,,,false,6
,HXUQ|zM,7,2946,,,false,6
,HXUQ|zM,8,3788,,,false,6
,HXUQ|zM,9,4209,,,false,6
,H??F~z{,0,3858,,,false,7
,H??F~z{,1,2946,,,false,7
,H??F~z{,2,3929,,,false,7
,H??F~z{,3,3788,,,false,7
,H??F~z{,4,3227,,,false,7
,H??F~z{,5,3788,,,false,7
,H??F~z{,6,4279,,,false,7
,H??F~z{,7,3367,,,false,7
,H??F~z{,8,3788,,,false,7
,H??F~z{,9,4209,,,false,7
,HqN~~zz,0,5261,,,false,6
,HqN~~zz,1,4770,,,false,6
,HqN~~zz,2,3858,,,false,6
,HqN~~zz,3,4771,,,false,6
,HqN~~zz,4,3858,,,false,6
,HqN~~zz,5,4770,,,false,6
,HqN~~zz,6,3858,,,false,6
,HqN~~zz,7,3858,,,false,6
,HqN~~zz,8,4770,,,false,6
,HqN~~zz,9,4700,,,false,6
,H`deX~{,0,4279,,,false,7
,H`deX~{,1,3367,,,false,7
,H`deX~{,2,3858,,,false,7
,H`deX~{,3,3858,,,false,7
,H`deX~{,4,3367,,,false,7
,H`deX~{,5,3788,,,false,7
,H`deX~{,6,4349,,,false,7
,H`deX~{,7,3928,,,false,7
,H`deX~{,8,3788,,,false,7
,H`deX~{,9,4209,,,false,7
,HoDXvnm,0,4770,,,false,7
,HoDXvnm,1,3788,,,false,7
,HoDXvnm,2,3367,,,false,7
,HoDXvnm,3,4419,,,false,7
,HoDXvnm,4,3788,,,false,7
,HoDXvnm,5,3718,,,false,7
,HoDXvnm,6,4209,,,false,7
,HoDXvnm,7,4279,,,false,7
,HoDXvnm,8,3859,,,false,7
,HoDXvnm,9,3297,,,false,7
,H}hX~~~,0,5752,,,false,6
,H}hX~~~,1,5262,,,false,6
,H}hX~~~,2,4700,,,false,6
,H}hX~~~,3,4349,,,false,6
,H}hX~~~,4,4279,,,false,6
,H}hX~~~,5,4279,,,false,6
,H}hX~~~,6,4770,,,false,6
,H}hX~~~,7,4349,,,false,6
,H}hX~~~,8,4349,,,false,6
,H}hX~~~,9,4279,,,false,6
,H????Nx,0,3297,,,false,7
,H????Nx,1,3859,,,false,7
,H????Nx,2,2385,,,false,7
,H????Nx,3,3367,,,false,7
,H????Nx,4,3788,,,false,7
,H????Nx,5,3227,,,false,7
,H????Nx,6,3367,,,false,7
,H????Nx,7,3367,,,false,7
,H????Nx,8,3437,,,false,7
,H????Nx,9,2876,,,false,7
,H??OONg,0,2946,,,false,4
,H??OONg,1,1403,,,false,4
,H??OONg,2,1894,,,false,4
,H??OONg,3,1824,,,false,4
,H??OONg,4,1894,,,false,4
,H??OONg,5,1824,,,false,4
,H??OONg,6,1473,,,false,4
,H??OONg,7,1894,,,false,4
,H??OONg,8,1894,,,false,4
,H??OONg,9,1473,,,false,4
,H??OPFK,0,2876,,,false,4
,H??OPFK,1,1473,,,false,4
,H??OPFK,2,1894,,,false,4
,H??OPFK,3,1894,,,false,4
,H??OPFK,4,1402,,,false,4
,H??OPFK,5,1964,,,false,4
,H??OPFK,6,1403,,,false,4
,H??OPFK,7,1824,,,false,4
,H??OPFK,8,1964,,,false,4
,H??OPFK,9,2385,,,false,4
,H??@OjK,0,2806,,,false,4
,H??@OjK,1,2315,,,false,4
,H??@OjK,2,2385,,,false,4
,H??@OjK,3,1964,,,false,4
,H??@OjK,4,2385,,,false,4
,H??@OjK,5,2315,,,false,4
,H??@OjK,6,2385,,,false,4
,H??@OjK,7,2385,,,false,4
,H??@OjK,8,2385,,,false,4
,H??@OjK,9,1964,,,false,4
,H??OZAH,0,2385,,,false,4
,H??OZAH,1,2455,,,false,4
,H??OZAH,2,2315,,,false,4
,H??OZAH,3,2315,,,false,4
,H??OZAH,4,1964,,,false,4
,H??OZAH,5,2385,,,false,4
,H??OZAH,6,2455,,,false,4
,H??OZAH,7,1894,,,false,4
,H??OZAH,8,2315,,,false,4
,H??OZAH,9,1894,,,false,4
,H???jQK,0,2385,,,false,4
,H???jQK,1,2385,,,false,4
,H???jQK,2,2385,,,false,4
,H???jQK,3,2385,,,false,4
,H???jQK,4,2455,,,false,4
,H???jQK,5,2385,,,false,4
,H???jQK,6,2385,,,false,4
,H???jQK,7,2315,,,false,4
,H???jQK,8,2876,,,false,4
,H???jQK,9,1403,,,false,4
,H?C?JEK,0,2385,,,false,3
,H?C?JEK,1,2385,,,false,3
,H?C?JEK,2,2455,,,false,3
,H?C?JEK,3,2386,,,false,3
,H?C?JEK,4,2315,,,false,3
,H?C?JEK,5,1965,,,false,3
,H?C?JEK,6,2385,,,false,3
,H?C?JEK,7,2385,,,false,3
,H?C?JEK,8,5682,,,false,3
,H?C?JEK,9,2455,,,false,3
,H??_aYI,0,2315,,,false,4
,H??_aYI,1,2455,,,false,4
,H??_aYI,2,2385,,,false,4
,H??_aYI,3,1894,,,false,4
,H??_aYI,4,2455,,,false,4
,H??_aYI,5,2385,,,false,4
,H??_aYI,6,2315,,,false,4
,H??_aYI,7,2385,,,false,4
,H??_aYI,8,1964,,,false,4
,H??_aYI,9,1473,,,false,4
,H????Ny,0,2876,,,false,6
,H????Ny,1,1894,,,false,6
,H????Ny,2,1894,,,false,6
,H????Ny,3,2315,,,false,6
,H????Ny,4,2315,,,false,6
,H????Ny,5,2385,,,false,6
,H????Ny,6,2385,,,false,6
,H????Ny,7,2455,,,false,6
,H????Ny,8,2456,,,false,6
,H????Ny,9,2876,,,false,6
,H???ONp,0,3367,,,false,6
,H???ONp,1,2806,,,false,6
,H???ONp,2,3297,,,false,6
,H???ONp,3,1894,,,false,6
,H???ONp,4,2456,,,false,6
,H???ONp,5,2385,,,false,6
,H???ONp,6,2385,,,false,6
,H???ONp,7,2385,,,false,6
,H???ONp,8,2876,,,false,6
,H???ONp,9,2947,,,false,6
,H???Gva,0,3367,,,false,6
,H???Gva,1,2946,,,false,6
,H???Gva,2,2315,,,false,6
,H???Gva,3,2315,,,false,6
,H???Gva,4,2385,,,false,6
,H???Gva,5,2385,,,false,6
,H???Gva,6,3437,,,false,6
,H???Gva,7,2806,,,false,6
,H???Gva,8,3297,,,false,6
,H???Gva,9,2806,,,false,6
,H??C?\p,0,3227,,,false,6
,H??C?\p,1,2806,,,false,6
,H??C?\p,2,2385,,,false,6
,H??C?\p,3,2315,,,false,6
,H??C?\p,4,1964,,,false,6
,H??C?\p,5,2385,,,false,6
,H??C?\p,6,3297,,,false,6
,H??C?\p,7,2806,,,false,6
,H??C?\p,8,3297,,,false,6
,H??C?\p,9,2946,,,false,6
,H???_Zb,0,2946,,,false,6
,H???_Zb,1,3367,,,false,6
,H???_Zb,2,2385,,,false,6
,H???_Zb,3,2385,,,false,6
,H???_Zb,4,2806,,,false,6
,H???_Zb,5,2876,,,false,6
,H???_Zb,6,2946,,,false,6
,H???_Zb,7,3297,,,false,6
,H???_Zb,8,2876,,,false,6
,H???_Zb,9,2876,,,false,6
,H???OJr,0,3297,,,false,6
,H???OJr,1,3297,,,false,6
,H???OJr,2,2385,,,false,6
,H???OJr,3,3437,,,false,6
,H???OJr,4,2806,,,false,6
,H???OJr,5,3297,,,false,6
,H???OJr,6,2455,,,false,6
,H???OJr,7,2876,,,false,6
,H???OJr,8,1964,,,false,6
,H???OJr,9,2385,,,false,6
,H?`@?_N,0,2876,,,false,4
,H?`@?_N,1,1894,,,false,4
,H?`@?_N,2,2385,,,false,4
,H?`@?_N,3,2315,,,false,4
,H?`@?_N,4,2386,,,false,4
,H?`@?_N,5,2877,,,false,4
,H?`@?_N,6,1964,,,false,4
,H?`@?_N,7,1403,,,false,4
,H?`@?_N,8,1824,,,false,4
,H?`@?_N,9,1824,,,false,4
,H??ORAF,0,2946,,,false,5
,H??ORAF,1,2385,,,false,5
,H??ORAF,2,2876,,,false,5
,H??ORAF,3,2385,,,false,5
,H??ORAF,4,2946,,,false,5
,H??ORAF,5,1894,,,false,5
,H??ORAF,6,1403,,,false,5
,H??ORAF,7,1894,,,false,5
,H??ORAF,8,1964,,,false,5
,H??ORAF,9,1473,,,false,5
,H??OON`,0,3227,,,false,5
,H??OON`,1,2385,,,false,5
,H??OON`,2,2946,,,false,5
,H??OON`,3,2876,,,false,5
,H??OON`,4,2315,,,false,5
,H??OON`,5,2385,,,false,5
,H??OON`,6,2385,,,false,5
,H??OON`,7,2385,,,false,5
,H??OON`,8,2455,,,false,5
,H??OON`,9,2385,,,false,5
,H???Oje,0,2947,,,false,5
,H???Oje,1,2385,,,false,5
,H???Oje,2,2806,,,false,5
,H???Oje,3,2385,,,false,5
,H???Oje,4,2946,,,false,5
,H???Oje,5,2876,,,false,5
,H???Oje,6,2947,,,false,5
,H???Oje,7,2806,,,false,5
,H???Oje,8,2805,,,false,5
,H???Oje,9,2385,,,false,5
,H???gZ`,0,2806,,,false,5
,H???gZ`,1,2385,,,false,5
,H???gZ`,2,2876,,,false,5
,H???gZ`,3,2455,,,false,5
,H???gZ`,4,2876,,,false,5
,H???gZ`,5,2806,,,false,5
,H???gZ`,6,2385,,,false,5
,H???gZ`,7,2876,,,false,5
,H???gZ`,8,2876,,,false,5
,H???gZ`,9,2455,,,false,5
,H???_^c,0,3367,,,false,5
,H???_^c,1,2806,,,false,5
,H???_^c,2,2385,,,false,5
,H???_^c,3,1894,,,false,5
,H???_^c,4,2946,,,false,5
,H???_^c,5,1964,,,false,5
,H???_^c,6,2806,,,false,5
,H???_^c,7,2806,,,false,5
,H???_^c,8,2876,,,false,5
,H???_^c,9,2385,,,false,5
,H???Gvc,0,2946,,,false,4
,H???Gvc,1,1473,,,false,4
,H???Gvc,2,2455,,,false,4
,H???Gvc,3,2876,,,false,4
,H???Gvc,4,2876,,,false,4
,H???Gvc,5,1403,,,false,4
,H???Gvc,6,1894,,,false,4
,H???Gvc,7,2455,,,false,4
,H???Gvc,8,2455,,,false,4
,H???Gvc,9,2385,,,false,4
,H??G@fE,0,3367,,,false,5
,H??G@fE,1,2876,,,false,5
,H??G@fE,2,2315,,,false,5
,H??G@fE,3,2806,,,false,5
,H??G@fE,4,2876,,,false,5
,H??G@fE,5,2876,,,false,5
,H??G@fE,6,1964,,,false,5
,H??G@fE,7,1894,,,false,5
,H??G@fE,8,2806,,,false,5
,H??G@fE,9,2876,,,false,5
,H?AAGSp,0,2806,,,false,5
,H?AAGSp,1,2876,,,false,5
,H?AAGSp,2,2455,,,false,5
,H?AAGSp,3,2455,,,false,5
,H?AAGSp,4,2876,,,false,5
,H?AAGSp,5,2806,,,false,5
,H?AAGSp,6,2806,,,false,5
,H?AAGSp,7,2876,,,false,5
,H?AAGSp,8,2455,,,false,5
,H?AAGSp,9,2876,,,false,5
,H?C@M?L,0,2946,,,false,4
,H?C@M?L,1,2385,,,false,4
,H?C@M?L,2,2806,,,false,4
,H?C@M?L,3,2385,,,false,4
,H?C@M?L,4,2386,,,false,4
,H?C@M?L,5,1965,,,false,4
,H?C@M?L,6,2455,,,false,4
,H?C@M?L,7,1894,,,false,4
,H?C@M?L,8,1824,,,false,4
,H?C@M?L,9,1473,,,false,4
,H??_aQM,0,2806,,,false,4
,H??_aQM,1,2385,,,false,4
,H??_aQM,2,2876,,,false,4
,H??_aQM,3,2385,,,false,4
,H??_aQM,4,2455,,,false,4
,H??_aQM,5,1894,,,false,4
,H??_aQM,6,2385,,,false,4
,H??_aQM,7,2385,,,false,4
,H??_aQM,8,2385,,,false,4
,H??_aQM,9,2876,,,false,4
,H?GQCCL,0,2876,,,false,4
,H?GQCCL,1,1473,,,false,4
,H?GQCCL,2,2455,,,false,4
,H?GQCCL,3,2385,,,false,4
,H?GQCCL,4,2315,,,false,4
,H?GQCCL,5,1473,,,false,4
,H?GQCCL,6,1894,,,false,4
,H?GQCCL,7,1474,,,false,4
,H?GQCCL,8,2385,,,false,4
,H?GQCCL,9,2385,,,false,4
,H??_eOM,0,2877,,,false,4
,H??_eOM,1,2806,,,false,4
,H??_eOM,2,1965,,,false,4
,H??_eOM,3,1403,,,false,4
,H??_eOM,4,2385,,,false,4
,H??_eOM,5,2455,,,false,4
,H??_eOM,6,2385,,,false,4
,H??_eOM,7,1403,,,false,4
,H??_eOM,8,1964,,,false,4
,H??_eOM,9,2385,,,false,4
,H`?G?F~,0,4840,,,false,8
,H`?G?F~,1,3858,,,false,8
,H`?G?F~,2,3438,,,false,8
,H`?G?F~,3,3788,,,false,8
,H`?G?F~,4,3297,,,false,8
,H`?G?F~,5,3859,,,false,8
,H`?G?F~,6,3858,,,false,8
,H`?G?F~,7,3367,,,false,8
,H`?G?F~,8,3718,,,false,8
,H`?G?F~,9,3297,,,false,8
,H??E\hw,0,3297,,,false,5
,H??E\hw,1,3297,,,false,5
,H??E\hw,2,3367,,,false,5
,H??E\hw,3,3367,,,false,5
,H??E\hw,4,3437,,,false,5
,H??E\hw,5,3367,,,false,5
,H??E\hw,6,3297,,,false,5
,H??E\hw,7,3367,,,false,5
,H??E\hw,8,3367,,,false,5
,H??E\hw,9,3297,,,false,5
,HQG[IVr,0,3437,,,false,4
,HQG[IVr,1,3788,,,false,4
,HQG[IVr,2,3367,,,false,4
,HQG[IVr,3,3788,,,false,4
,HQG[IVr,4,3437,,,false,4
,HQG[IVr,5,3788,,,false,4
,HQG[IVr,6,3297,,,false,4
,HQG[IVr,7,3367,,,false,4
,HQG[IVr,8,3367,,,false,4
,HQG[IVr,9,2947,,,false,4
,HCDlAVr,0,3367,,,false,4
,HCDlAVr,1,3858,,,false,4
,HCDlAVr,2,3297,,,false,4
,HCDlAVr,3,3297,,,false,4
,HCDlAVr,4,3438,,,false,4
,HCDlAVr,5,3367,,,false,4
,HCDlAVr,6,3367,,,false,4
,HCDlAVr,7,3297,,,false,4
,HCDlAVr,8,3297,,,false,4
,HCDlAVr,9,3297,,,false,4
,H`GIkze,0,3297,,,false,4
,H`GIkze,1,3788,,,false,4
,H`GIkze,2,3368,,,false,4
,H`GIkze,3,10171,,,false,4
,H`GIkze,4,3788,,,false,4
,H`GIkze,5,3367,,,false,4
,H`GIkze,6,3437,,,false,4
,H`GIkze,7,3368,,,false,4
,H`GIkze,8,3367,,,false,4
,H`GIkze,9,3788,,,false,4
,HBIEB]],0,3367,,,false,5
,HBIEB]],1,3858,,,false,5
,HBIEB]],2,3858,,,false,5
,HBIEB]],3,3788,,,false,5
,HBIEB]],4,3788,,,false,5
,HBIEB]],5,3367,,,false,5
,HBIEB]],6,3858,,,false,5
,HBIEB]],7,3438,,,false,5
,HBIEB]],8,3367,,,false,5
,HBIEB]],9,3367,,,false,5
,HQD_[Vp,0,4279,,,false,4
,HQD_[Vp,1,3437,,,false,4
,HQD_[Vp,2,3368,,,false,4
,HQD_[Vp,3,3437,,,false,4
,HQD_[Vp,4,3367,,,false,4
,HQD_[Vp,5,3297,,,false,4
,HQD_[Vp,6,3367,,,false,4
,HQD_[Vp,7,3367,,,false,4
,HQD_[Vp,8,3438,,,false,4
,HQD_[Vp,9,3367,,,false,4
,Hs`rY{~,0,4840,,,false,6
,Hs`rY{~,1,4279,,,false,6
,Hs`rY{~,2,4209,,,false,6
,Hs`rY{~,3,3788,,,false,6
,Hs`rY{~,4,4350,,,false,6
,Hs`rY{~,5,4279,,,false,6
,Hs`rY{~,6,4349,,,false,6
,Hs`rY{~,7,4279,,,false,6
,Hs`rY{~,8,4419,,,false,6
,Hs`rY{~,9,3858,,,false,6
,HXNUS|^,0,4910,,,false,6
,HXNUS|^,1,3788,,,false,6
,HXNUS|^,2,3858,,,false,6
,HXNUS|^,3,3788,,,false,6
,HXNUS|^,4,3438,,,false,6
,HXNUS|^,5,3788,,,false,6
,HXNUS|^,6,3297,,,false,6
,HXNUS|^,7,3367,,,false,6
,HXNUS|^,8,3297,,,false,6
,HXNUS|^,9,3929,,,false,6
,HxU_w~N,0,4910,,,false,6
,HxU_w~N,1,4209,,,false,6
,HxU_w~N,2,3788,,,false,6
,HxU_w~N,3,3438,,,false,6
,HxU_w~N,4,3437,,,false,6
,HxU_w~N,5,3858,,,false,6
,HxU_w~N,6,3788,,,false,6
,HxU_w~N,7,3788,,,false,6
,HxU_w~N,8,3788,,,false,6
,HxU_w~N,9,3367,,,false,6
,HoFvQ{~,0,4840,,,false,6
,HoFvQ{~,1,3928,,,false,6
,HoFvQ{~,2,3858,,,false,6
,HoFvQ{~,3,3788,,,false,6
,HoFvQ{~,4,3858,,,false,6
,HoFvQ{~,5,3858,,,false,6
,HoFvQ{~,6,3367,,,false,6
,HoFvQ{~,7,3859,,,false,6
,HoFvQ{~,8,3788,,,false,6
,HoFvQ{~,9,3437,,,false,6
,HqGTY~~,0,4770,,,false,6
,HqGTY~~,1,4349,,,false,6
,HqGTY~~,2,3788,,,false,6
,HqGTY~~,3,3858,,,false,6
,HqGTY~~,4,3788,,,false,6
,HqGTY~~,5,3438,,,false,6
,HqGTY~~,6,3788,,,false,6
,HqGTY~~,7,3788,,,false,6
,HqGTY~~,8,3297,,,false,6
,HqGTY~~,9,3858,,,false,6
,HRAZU^~,0,5402,,,false,6
,HRAZU^~,1,3928,,,false,6
,HRAZU^~,2,3788,,,false,6
,HRAZU^~,3,3718,,,false,6
,HRAZU^~,4,3788,,,false,6
,HRAZU^~,5,3297,,,false,6
,HRAZU^~,6,3367,,,false,6
,HRAZU^~,7,3297,,,false,6
,HRAZU^~,8,2806,,,false,6
,HRAZU^~,9,3367,,,false,6
,HWNVS|^,0,4700,,,false,5
,HWNVS|^,1,3858,,,false,5
,HWNVS|^,2,3367,,,false,5
,HWNVS|^,3,3297,,,false,5
,HWNVS|^,4,3859,,,false,5
,HWNVS|^,5,3788,,,false,5
,HWNVS|^,6,3367,,,false,5
,HWNVS|^,7,3437,,,false,5
,HWNVS|^,8,3788,,,false,5
,HWNVS|^,9,3858,,,false,5
,HoDPV~~,0,5191,,,false,8
,HoDPV~~,1,4770,,,false,8
,HoDPV~~,2,4349,,,false,8
,HoDPV~~,3,4841,,,false,8
,HoDPV~~,4,4279,,,false,8
,HoDPV~~,5,4770,,,false,8
,HoDPV~~,6,3437,,,false,8
,HoDPV~~,7,4770,,,false,8
,HoDPV~~,8,4279,,,false,8
,HoDPV~~,9,3437,,,false,8
,HsOax~~,0,5191,,,false,6
,HsOax~~,1,3858,,,false,6
,HsOax~~,2,3788,,,false,6
,HsOax~~,3,3227,,,false,6
,HsOax~~,4,3788,,,false,6
,HsOax~~,5,3297,,,false,6
,HsOax~~,6,3437,,,false,6
,HsOax~~,7,3858,,,false,6
,HsOax~~,8,3858,,,false,6
,HsOax~~,9,4209,,,false,6
,HqJTY{~,0,4349,,,false,6
,HqJTY{~,1,3297,,,false,6
,HqJTY{~,2,3367,,,false,6
,HqJTY{~,3,3367,,,false,6
,HqJTY{~,4,3367,,,false,6
,HqJTY{~,5,3367,,,false,6
,HqJTY{~,6,3788,,,false,6
,HqJTY{~,7,3928,,,false,6
,HqJTY{~,8,3438,,,false,6
,HqJTY{~,9,3788,,,false,6
,HyGW}mn,0,4770,,,false,6
,HyGW}mn,1,3297,,,false,6
,HyGW}mn,2,3929,,,false,6
,HyGW}mn,3,3858,,,false,6
,HyGW}mn,4,3858,,,false,6
,HyGW}mn,5,3788,,,false,6
,HyGW}mn,6,4279,,,false,6
,HyGW}mn,7,3297,,,false,6
,HyGW}mn,8,4349,,,false,6
,HyGW}mn,9,3788,,,false,6
,H{O_w~~,0,4910,,,false,8
,H{O_w~~,1,4208,,,false,8
,H{O_w~~,2,3718,,,false,8
,H{O_w~~,3,4770,,,false,8
,H{O_w~~,4,4350,,,false,8
,H{O_w~~,5,3437,,,false,8
,H{O_w~~,6,3367,,,false,8
,H{O_w~~,7,3788,,,false,8
,H{O_w~~,8,3297,,,false,8
,H{O_w~~,9,4419,,,false,8
,HqddY{~,0,4349,,,false,5
,HqddY{~,1,4419,,,false,5
,HqddY{~,2,4349,,,false,5
,HqddY{~,3,3367,,,false,5
,HqddY{~,4,3788,,,false,5
,HqddY{~,5,3928,,,false,5
,HqddY{~,6,4279,,,false,5
,HqddY{~,7,3858,,,false,5
,HqddY{~,8,4279,,,false,5
,HqddY{~,9,3928,,,false,5
,Hk`rX}^,0,4349,,,false,6
,Hk`rX}^,1,3788,,,false,6
,Hk`rX}^,2,3297,,,false,6
,Hk`rX}^,3,4349,,,false,6
,Hk`rX}^,4,4349,,,false,6
,Hk`rX}^,5,4349,,,false,6
,Hk`rX}^,6,4279,,,false,6
,Hk`rX}^,7,4279,,,false,6
,Hk`rX}^,8,3858,,,false,6
,Hk`rX}^,9,3858,,,false,6
,H`GO\|},0,4770,,,false,6
,H`GO\|},1,2876,,,false,6
,H`GO\|},2,2876,,,false,6
,H`GO\|},3,3297,,,false,6
,H`GO\|},4,3788,,,false,6
,H`GO\|},5,3858,,,false,6
,H`GO\|},6,3437,,,false,6
,H`GO\|},7,3368,,,false,6
,H`GO\|},8,3788,,,false,6
,H`GO\|},9,3297,,,false,6
,H@?tY~N,0,4279,,,false,7
,H@?tY~N,1,4349,,,false,7
,H@?tY~N,2,3437,,,false,7
,H@?tY~N,3,3718,,,false,7
,H@?tY~N,4,3788,,,false,7
,H@?tY~N,5,3297,,,false,7
,H@?tY~N,6,3928,,,false,7
,H@?tY~N,7,3368,,,false,7
,H@?tY~N,8,3296,,,false,7
,H@?tY~N,9,3367,,,false,7
,H?o_`KV,0,2806,,,false,2
,H?o_`KV,1,1473,,,false,2
,H?o_`KV,2,2385,,,false,2
,H?o_`KV,3,2456,,,false,2
,H?o_`KV,4,1894,,,false,2
,H?o_`KV,5,2385,,,false,2
,H?o_`KV,6,1894,,,false,2
,H?o_`KV,7,1964,,,false,2
,H?o_`KV,8,1964,,,false,2
,H?o_`KV,9,2455,,,false,2
,HWCOOK^,0,2806,,,false,5
,HWCOOK^,1,1403,,,false,5
,HWCOOK^,2,2455,,,false,5
,HWCOOK^,3,2385,,,false,5
,HWCOOK^,4,2736,,,false,5
,HWCOOK^,5,2315,,,false,5
,HWCOOK^,6,2806,,,false,5
,HWCOOK^,7,2946,,,false,5
,HWCOOK^,8,2455,,,false,5
,HWCOOK^,9,1964,,,false,5
,HWC?G{^,0,2455,,,false,3
,HWC?G{^,1,1964,,,false,3
,HWC?G{^,2,1403,,,false,3
,HWC?G{^,3,1894,,,false,3
,HWC?G{^,4,2385,,,false,3
,HWC?G{^,5,2385,,,false,3
,HWC?G{^,6,1964,,,false,3
,HWC?G{^,7,2315,,,false,3
,HWC?G{^,8,2455,,,false,3
,HWC?G{^,9,2385,,,false,3
,HEG?G[n,0,2806,,,false,5
,HEG?G[n,1,2805,,,false,5
,HEG?G[n,2,2876,,,false,5
,HEG?G[n,3,2455,,,false,5
,HEG?G[n,4,2315,,,false,5
,HEG?G[n,5,11013,,,false,5
,HEG?G[n,6,1473,,,false,5
,HEG?G[n,7,2455,,,false,5
,HEG?G[n,8,2385,,,false,5
,HEG?G[n,9,2806,,,false,5
,H??M@_|,0,2876,,,false,5
,H??M@_|,1,2806,,,false,5
,H??M@_|,2,2385,,,false,5
,H??M@_|,3,2805,,,false,5
,H??M@_|,4,2385,,,false,5
,H??M@_|,5,2876,,,false,5
,H??M@_|,6,2315,,,false,5
,H??M@_|,7,1894,,,false,5
,H??M@_|,8,2385,,,false,5
,H??M@_|,9,2385,,,false,5
,HWCOg[N,0,2806,,,false,4
,HWCOg[N,1,1894,,,false,4
,HWCOg[N,2,1474,,,false,4
,HWCOg[N,3,2876,,,false,4
,HWCOg[N,4,2385,,,false,4
,HWCOg[N,5,2385,,,false,4
,HWCOg[N,6,2385,,,false,4
,HWCOg[N,7,2385,,,false,4
,HWCOg[N,8,2876,,,false,4
,HWCOg[N,9,2806,,,false,4
,H@h^~z|,0,5331,,,false,7
,H@h^~z|,1,4770,,,false,7
,H@h^~z|,2,4349,,,false,7
,H@h^~z|,3,4841,,,false,7
,H@h^~z|,4,4349,,,false,7
,H@h^~z|,5,4279,,,false,7
,H@h^~z|,6,4349,,,false,7
,H@h^~z|,7,3788,,,false,7
,H@h^~z|,8,4350,,,false,7
,H@h^~z|,9,3788,,,false,7
,HIG^~z|,0,4349,,,false,7
,HIG^~z|,1,4700,,,false,7
,HIG^~z|,2,4279,,,false,7
,HIG^~z|,3,4349,,,false,7
,HIG^~z|,4,4349,,,false,7
,HIG^~z|,5,4209,,,false,7
,HIG^~z|,6,3367,,,false,7
,HIG^~z|,7,3858,,,false,7
,HIG^~z|,8,3928,,,false,7
,HIG^~z|,9,4279,,,false,7
,H@G^~z|,0,4910,,,false,7
,H@G^~z|,1,4349,,,false,7
,H@G^~z|,2,4209,,,false,7
,H@G^~z|,3,4350,,,false,7
,H@G^~z|,4,3367,,,false,7
,H@G^~z|,5,4770,,,false,7
,H@G^~z|,6,4279,,,false,7
,H@G^~z|,7,4840,,,false,7
,H@G^~z|,8,4420,,,false,7
,H@G^~z|,9,4279,,,false,7
,H@Jy~vz,0,5261,,,false,7
,H@Jy~vz,1,3297,,,false,7
,H@Jy~vz,2,4279,,,false,7
,H@Jy~vz,3,3367,,,false,7
,H@Jy~vz,4,3367,,,false,7
,H@Jy~vz,5,3788,,,false,7
,H@Jy~vz,6,3367,,,false,7
,H@Jy~vz,7,3367,,,false,7
,H@Jy~vz,8,4420,,,false,7
,H@Jy~vz,9,4349,,,false,7
,HZWx}~^,0,4841,,,false,7
,HZWx}~^,1,4209,,,false,7
,HZWx}~^,2,3297,,,false,7
,HZWx}~^,3,4279,,,false,7
,HZWx}~^,4,4911,,,false,7
,HZWx}~^,5,4279,,,false,7
,HZWx}~^,6,4209,,,false,7
,HZWx}~^,7,4279,,,false,7
,HZWx}~^,8,4840,,,false,7
,HZWx}~^,9,4349,,,false,7
,H?df~z|,0,3928,,,false,7
,H?df~z|,1,4279,,,false,7
,H?df~z|,2,4279,,,false,7
,H?df~z|,3,4840,,,false,7
,H?df~z|,4,4420,,,false,7
,H?df~z|,5,4770,,,false,7
,H?df~z|,6,3368,,,false,7
,H?df~z|,7,3297,,,false,7
,H?df~z|,8,4349,,,false,7
,H?df~z|,9,4279,,,false,7
,H??GVnu,0,4349,,,false,7
,H??GVnu,1,2876,,,false,7
,H??GVnu,2,2876,,,false,7
,H??GVnu,3,2876,,,false,7
,H??GVnu,4,2876,,,false,7
,H??GVnu,5,2947,,,false,7
,H??GVnu,6,3297,,,false,7
,H??GVnu,7,3297,,,false,7
,H??GVnu,8,2876,,,false,7
,H??GVnu,9,3367,,,false,7
,H??WvNe,0,3297,,,false,7
,H??WvNe,1,3788,,,false,7
,H??WvNe,2,3367,,,false,7
,H??WvNe,3,3367,,,false,7
,H??WvNe,4,3226,,,false,7
,H??WvNe,5,3367,,,false,7
,H??WvNe,6,3368,,,false,7
,H??WvNe,7,3367,,,false,7
,H??WvNe,8,2806,,,false,7
,H??WvNe,9,3297,,,false,7
,H@GWuNE,0,3367,,,false,6
,H@GWuNE,1,3227,,,false,6
,H@GWuNE,2,3297,,,false,6
,H@GWuNE,3,3367,,,false,6
,H@GWuNE,4,3437,,,false,6
,H@GWuNE,5,3297,,,false,6
,H@GWuNE,6,10523,,,false,6
,H@GWuNE,7,3928,,,false,6
,H@GWuNE,8,2876,,,false,6
,H@GWuNE,9,3788,,,false,6
,H?PD`y{,0,3297,,,false,5
,H?PD`y{,1,3297,,,false,5
,H?PD`y{,2,3367,,,false,5
,H?PD`y{,3,2876,,,false,5
,H?PD`y{,4,2946,,,false,5
,H?PD`y{,5,3368,,,false,5
,H?PD`y{,6,3296,,,false,5
,H?PD`y{,7,2805,,,false,5
,H?PD`y{,8,3367,,,false,5
,H?PD`y{,9,2455,,,false,5
,HC`A@{},0,3367,,,false,6
,HC`A@{},1,3367,,,false,6
,HC`A@{},2,3368,,,false,6
,HC`A@{},3,3297,,,false,6
,HC`A@{},4,3297,,,false,6
,HC`A@{},5,2876,,,false,6
,HC`A@{},6,3859,,,false,6
,HC`A@{},7,3437,,,false,6
,HC`A@{},8,2876,,,false,6
,HC`A@{},9,1894,,,false,6
,HAGWuMe,0,3858,,,false,6
,HAGWuMe,1,3718,,,false,6
,HAGWuMe,2,3367,,,false,6
,HAGWuMe,3,3367,,,false,6
,HAGWuMe,4,3367,,,false,6
,HAGWuMe,5,3367,,,false,6
,HAGWuMe,6,3788,,,false,6
,HAGWuMe,7,3297,,,false,6
,HAGWuMe,8,3367,,,false,6
,HAGWuMe,9,3297,,,false,6
,H??CZz{,0,3438,,,false,6
,H??CZz{,1,3788,,,false,6
,H??CZz{,2,3227,,,false,6
,H??CZz{,3,3437,,,false,6
,H??CZz{,4,3367,,,false,6
,H??CZz{,5,3367,,,false,6
,H??CZz{,6,3297,,,false,6
,H??CZz{,7,6173,,,false,6
,H??CZz{,8,3297,,,false,6
,H??CZz{,9,3367,,,false,6
,H??CzZ{,0,3437,,,false,6
,H??CzZ{,1,3929,,,false,6
,H??CzZ{,2,2876,,,false,6
,H??CzZ{,3,3297,,,false,6
,H??CzZ{,4,2876,,,false,6
,H??CzZ{,5,2876,,,false,6
,H??CzZ{,6,2876,,,false,6
,H??CzZ{,7,2876,,,false,6
,H??CzZ{,8,3437,,,false,6
,H??CzZ{,9,3297,,,false,6
,H?GXMfY,0,3788,,,false,5
,H?GXMfY,1,3367,,,false,5
,H?GXMfY,2,3367,,,false,5
,H?GXMfY,3,3367,,,false,5
,H?GXMfY,4,3367,,,false,5
,H?GXMfY,5,2806,,,false,5
,H?GXMfY,6,3367,,,false,5
,H?GXMfY,7,3437,,,false,5
,H?GXMfY,8,2806,,,false,5
,H?GXMfY,9,3367,,,false,5
,H?d_\dq,0,2806,,,false,3
,H?d_\dq,1,2806,,,false,3
,H?d_\dq,2,2946,,,false,3
,H?d_\dq,3,2876,,,false,3
,H?d_\dq,4,2456,,,false,3
,H?d_\dq,5,2876,,,false,3
,H?d_\dq,6,2315,,,false,3
,H?d_\dq,7,3297,,,false,3
,H?d_\dq,8,2876,,,false,3
,H?d_\dq,9,2946,,,false,3
,H?Ma_^p,0,3438,,,false,6
,H?Ma_^p,1,3437,,,false,6
,H?Ma_^p,2,3367,,,false,6
,H?Ma_^p,3,2385,,,false,6
,H?Ma_^p,4,3367,,,false,6
,H?Ma_^p,5,3367,,,false,6
,H?Ma_^p,6,3437,,,false,6
,H?Ma_^p,7,3367,,,false,6
,H?Ma_^p,8,3297,,,false,6
,H?Ma_^p,9,2806,,,false,6
,H?GcyzS,0,3297,,,false,5
,H?GcyzS,1,2876,,,false,5
,H?GcyzS,2,2876,,,false,5
,H?GcyzS,3,3368,,,false,5
,H?GcyzS,4,2806,,,false,5
,H?GcyzS,5,3297,,,false,5
,H?GcyzS,6,2876,,,false,5
,H?GcyzS,7,2946,,,false,5
,H?GcyzS,8,3297,,,false,5
,H?GcyzS,9,3297,,,false,5
,H@@HKvY,0,3367,,,false,6
,H@@HKvY,1,3788,,,false,6
,H@@HKvY,2,3297,,,false,6
,H@@HKvY,3,3437,,,false,6
,H@@HKvY,4,3367,,,false,6
,H@@HKvY,5,3297,,,false,6
,H@@HKvY,6,3367,,,false,6
,H@@HKvY,7,2876,,,false,6
,H@@HKvY,8,3367,,,false,6
,H@@HKvY,9,3788,,,false,6
,H?`E@{},0,3437,,,false,6
,H?`E@{},1,3367,,,false,6
,H?`E@{},2,3297,,,false,6
,H?`E@{},3,3367,,,false,6
,H?`E@{},4,3367,,,false,6
,H?`E@{},5,3437,,,false,6
,H?`E@{},6,3367,,,false,6
,H?`E@{},7,2806,,,false,6
,H?`E@{},8,2806,,,false,6
,H?`E@{},9,2806,,,false,6
,H?GWuNe,0,3858,,,false,6
,H?GWuNe,1,2876,,,false,6
,H?GWuNe,2,2947,,,false,6
,H?GWuNe,3,2805,,,false,6
,H?GWuNe,4,2877,,,false,6
,H?GWuNe,5,2876,,,false,6
,H?GWuNe,6,3297,,,false,6
,H?GWuNe,7,3367,,,false,6
,H?GWuNe,8,3718,,,false,6
,H?GWuNe,9,3367,,,false,6
,H??E\x{,0,2946,,,false,6
,H??E\x{,1,2876,,,false,6
,H??E\x{,2,2455,,,false,6
,H??E\x{,3,2876,,,false,6
,H??E\x{,4,2806,,,false,6
,H??E\x{,5,2877,,,false,6
,H??E\x{,6,2385,,,false,6
,H??E\x{,7,3367,,,false,6
,H??E\x{,8,3367,,,false,6
,H??E\x{,9,3297,,,false,6
,HBX@CmM,0,2946,,,false,5
,HBX@CmM,1,2806,,,false,5
,HBX@CmM,2,2806,,,false,5
,HBX@CmM,3,2876,,,false,5
,HBX@CmM,4,2946,,,false,5
,HBX@CmM,5,2876,,,false,5
,HBX@CmM,6,2806,,,false,5
,HBX@CmM,7,3297,,,false,5
,HBX@CmM,8,2876,,,false,5
,HBX@CmM,9,3437,,,false,5
,H??sQS~,0,3297,,,false,6
,H??sQS~,1,2946,,,false,6
,H??sQS~,2,3367,,,false,6
,H??sQS~,3,3367,,,false,6
,H??sQS~,4,2806,,,false,6
,H??sQS~,5,2876,,,false,6
,H??sQS~,6,3367,,,false,6
,H??sQS~,7,3367,,,false,6
,H??sQS~,8,3297,,,false,6
,H??sQS~,9,2876,,,false,6
,HBDj]}~,0,4279,,,false,6
,HBDj]}~,1,4279,,,false,6
,HBDj]}~,2,3367,,,false,6
,HBDj]}~,3,2876,,,false,6
,HBDj]}~,4,3297,,,false,6
,HBDj]}~,5,3297,,,false,6
,HBDj]}~,6,3296,,,false,6
,HBDj]}~,7,4419,,,false,6
,HBDj]}~,8,3367,,,false,6
,HBDj]}~,9,3788,,,false,6
,H??sQSv,0,3297,,,false,6
,H??sQSv,1,3297,,,false,6
,H??sQSv,2,3367,,,false,6
,H??sQSv,3,2946,,,false,6
,H??sQSv,4,2876,,,false,6
,H??sQSv,5,2806,,,false,6
,H??sQSv,6,2806,,,false,6
,H??sQSv,7,3367,,,false,6
,H??sQSv,8,2877,,,false,6
,H??sQSv,9,3367,,,false,6
,HBdj]}~,0,4419,,,false,6
,HBdj]}~,1,3367,,,false,6
,HBdj]}~,2,3437,,,false,6
,HBdj]}~,3,3297,,,false,6
,HBdj]}~,4,3367,,,false,6
,HBdj]}~,5,3858,,,false,6
,HBdj]}~,6,4279,,,false,6
,HBdj]}~,7,3438,,,false,6
,HBdj]}~,8,3788,,,false,6
,HBdj]}~,9,3367,,,false,6
,H@?M@z},0,4279,,,false,7
,H@?M@z},1,2947,,,false,7
,H@?M@z},2,2876,,,false,7
,H@?M@z},3,2806,,,false,7
,H@?M@z},4,3367,,,false,7
,H@?M@z},5,3788,,,false,7
,H@?M@z},6,3928,,,false,7
,H@?M@z},7,3368,,,false,7
,H@?M@z},8,3717,,,false,7
,H@?M@z},9,3297,,,false,7
,HhKpY|^,0,4630,,,false,7
,HhKpY|^,1,4419,,,false,7
,HhKpY|^,2,3438,,,false,7
,HhKpY|^,3,3367,,,false,7
,HhKpY|^,4,4279,,,false,7
,HhKpY|^,5,3858,,,false,7
,HhKpY|^,6,3297,,,false,7
,HhKpY|^,7,4349,,,false,7
,HhKpY|^,8,3788,,,false,7
,HhKpY|^,9,3297,,,false,7
,H??ZXzR,0,4279,,,false,7
,H??ZXzR,1,3297,,,false,7
,H??ZXzR,2,3297,,,false,7
,H??ZXzR,3,3437,,,false,7
,H??ZXzR,4,3858,,,false,7
,H??ZXzR,5,3788,,,false,7
,H??ZXzR,6,3788,,,false,7
,H??ZXzR,7,3367,,,false,7
,H??ZXzR,8,3929,,,false,7
,H??ZXzR,9,3367,,,false,7
,H?CmJs},0,4350,,,false,7
,H?CmJs},1,3297,,,false,7
,H?CmJs},2,3437,,,false,7
,H?CmJs},3,3858,,,false,7
,H?CmJs},4,3928,,,false,7
,H?CmJs},5,3367,,,false,7
,H?CmJs},6,3718,,,false,7
,H?CmJs},7,2876,,,false,7
,H?CmJs},8,2876,,,false,7
,H?CmJs},9,3437,,,false,7
,H_GZCcN,0,3367,,,false,6
,H_GZCcN,1,3367,,,false,6
,H_GZCcN,2,2806,,,false,6
,H_GZCcN,3,3297,,,false,6
,H_GZCcN,4,9961,,,false,6
,H_GZCcN,5,4770,,,false,6
,H_GZCcN,6,3788,,,false,6
,H_GZCcN,7,3367,,,false,6
,H_GZCcN,8,3367,,,false,6
,H_GZCcN,9,3367,,,false,6
,HC`PhPH,0,3296,,,false,4
,HC`PhPH,1,2946,,,false,4
,HC`PhPH,2,2876,,,false,4
,HC`PhPH,3,2876,,,false,4
,HC`PhPH,4,2806,,,false,4
,HC`PhPH,5,2385,,,false,4
,HC`PhPH,6,2455,,,false,4
,HC`PhPH,7,2455,,,false,4
,HC`PhPH,8,2876,,,false,4
,HC`PhPH,9,2946,,,false,4
,H`EBH[^,0,3297,,,false,5
,H`EBH[^,1,3296,,,false,5
,H`EBH[^,2,3367,,,false,5
,H`EBH[^,3,3367,,,false,5
,H`EBH[^,4,3367,,,false,5
,H`EBH[^,5,3297,,,false,5
,H`EBH[^,6,2806,,,false,5
,H`EBH[^,7,2806,,,false,5
,H`EBH[^,8,2876,,,false,5
,H`EBH[^,9,3437,,,false,5
,HKCYPMN,0,4420,,,false,5
,HKCYPMN,1,2876,,,false,5
,HKCYPMN,2,2806,,,false,5
,HKCYPMN,3,3296,,,false,5
,HKCYPMN,4,3297,,,false,5
,HKCYPMN,5,3858,,,false,5
,HKCYPMN,6,3367,,,false,5
,HKCYPMN,7,3297,,,false,5
,HKCYPMN,8,3297,,,false,5
,HKCYPMN,9,3297,,,false,5
,H`KpYmN,0,4279,,,false,6
,H`KpYmN,1,3858,,,false,6
,H`KpYmN,2,3437,,,false,6
,H`KpYmN,3,3788,,,false,6
,H`KpYmN,4,3367,,,false,6
,H`KpYmN,5,3297,,,false,6
,H`KpYmN,6,3367,,,false,6
,H`KpYmN,7,3368,,,false,6
,H`KpYmN,8,3297,,,false,6
,H`KpYmN,9,3858,,,false,6
,H??yuij,0,4279,,,false,4
,H??yuij,1,3788,,,false,4
,H??yuij,2,3368,,,false,4
,H??yuij,3,3367,,,false,4
,H??yuij,4,2876,,,false,4
,H??yuij,5,3367,,,false,4
,H??yuij,6,3367,,,false,4
,H??yuij,7,2876,,,false,4
,H??yuij,8,2947,,,false,4
,H??yuij,9,2946,,,false,4
,H?@[|hj,0,4770,,,false,7
,H?@[|hj,1,3297,,,false,7
,H?@[|hj,2,3858,,,false,7
,H?@[|hj,3,2946,,,false,7
,H?@[|hj,4,2946,,,false,7
,H?@[|hj,5,3858,,,false,7
,H?@[|hj,6,3788,,,false,7
,H?@[|hj,7,4279,,,false,7
,H?@[|hj,8,3858,,,false,7
,H?@[|hj,9,3858,,,false,7
,H?Cjc~M,0,3928,,,false,5
,H?Cjc~M,1,3437,,,false,5
,H?Cjc~M,2,3367,,,false,5
,H?Cjc~M,3,3297,,,false,5
,H?Cjc~M,4,3367,,,false,5
,H?Cjc~M,5,3367,,,false,5
,H?Cjc~M,6,3297,,,false,5
,H?Cjc~M,7,3297,,,false,5
,H?Cjc~M,8,3227,,,false,5
,H?Cjc~M,9,3367,,,false,5
,H?JIp}u,0,4770,,,false,7
,H?JIp}u,1,3928,,,false,7
,H?JIp}u,2,3788,,,false,7
,H?JIp}u,3,4208,,,false,7
,H?JIp}u,4,3859,,,false,7
,H?JIp}u,5,3858,,,false,7
,H?JIp}u,6,3928,,,false,7
,H?JIp}u,7,4209,,,false,7
,H?JIp}u,8,3788,,,false,7
,H?JIp}u,9,3858,,,false,7
,HGBTXxZ,0,4349,,,false,5
,HGBTXxZ,1,3367,,,false,5
,HGBTXxZ,2,3859,,,false,5
,HGBTXxZ,3,3297,,,false,5
,HGBTXxZ,4,3367,,,false,5
,HGBTXxZ,5,3788,,,false,5
,HGBTXxZ,6,3438,,,false,5
,HGBTXxZ,7,3297,,,false,5
,HGBTXxZ,8,3718,,,false,5
,HGBTXxZ,9,3297,,,false,5
,H_KqlRF,0,4770,,,false,6
,H_KqlRF,1,3788,,,false,6
,H_KqlRF,2,3929,,,false,6
,H_KqlRF,3,3858,,,false,6
,H_KqlRF,4,3297,,,false,6
,H_KqlRF,5,3367,,,false,6
,H_KqlRF,6,3367,,,false,6
,H_KqlRF,7,3437,,,false,6
,H_KqlRF,8,3297,,,false,6
,H_KqlRF,9,3367,,,false,6
,H@`@pnK,0,3788,,,false,4
,H@`@pnK,1,2876,,,false,4
,H@`@pnK,2,2876,,,false,4
,H@`@pnK,3,2876,,,false,4
,H@`@pnK,4,2876,,,false,4
,H@`@pnK,5,2385,,,false,4
,H@`@pnK,6,2876,,,false,4
,H@`@pnK,7,2876,,,false,4
,H@`@pnK,8,9681,,,false,4
,H@`@pnK,9,2876,,,false,4
,HqG?g^{,0,4840,,,false,7
,HqG?g^{,1,3717,,,false,7
,HqG?g^{,2,4209,,,false,7
,HqG?g^{,3,3788,,,false,7
,HqG?g^{,4,3929,,,false,7
,HqG?g^{,5,3788,,,false,7
,HqG?g^{,6,4209,,,false,7
,HqG?g^{,7,3788,,,false,7
,HqG?g^{,8,3859,,,false,7
,HqG?g^{,9,3858,,,false,7
,HqGOW^p,0,4349,,,false,7
,HqGOW^p,1,3788,,,false,7
,HqGOW^p,2,3858,,,false,7
,HqGOW^p,3,3788,,,false,7
,HqGOW^p,4,3928,,,false,7
,HqGOW^p,5,3438,,,false,7
,HqGOW^p,6,3788,,,false,7
,HqGOW^p,7,3788,,,false,7
,HqGOW^p,8,3367,,,false,7
,HqGOW^p,9,3437,,,false,7
,HoKQG^o,0,3859,,,false,6
,HoKQG^o,1,3858,,,false,6
,HoKQG^o,2,3297,,,false,6
,HoKQG^o,3,2876,,,false,6
,HoKQG^o,4,2806,,,false,6
,HoKQG^o,5,3367,,,false,6
,HoKQG^o,6,3368,,,false,6
,HoKQG^o,7,2876,,,false,6
,HoKQG^o,8,3368,,,false,6
,HoKQG^o,9,3437,,,false,6
,H_hPOno,0,4279,,,false,6
,H_hPOno,1,3367,,,false,6
,H_hPOno,2,3858,,,false,6
,H_hPOno,3,3297,,,false,6
,H_hPOno,4,3296,,,false,6
,H_hPOno,5,3297,,,false,6
,H_hPOno,6,3367,,,false,6
,H_hPOno,7,3367,,,false,6
,H_hPOno,8,3367,,,false,6
,H_hPOno,9,3297,,,false,6
,H?qi`fo,0,3788,,,false,6
,H?qi`fo,1,3297,,,false,6
,H?qi`fo,2,3367,,,false,6
,H?qi`fo,3,3367,,,false,6
,H?qi`fo,4,3297,,,false,6
,H?qi`fo,5,3297,,,false,6
,H?qi`fo,6,3226,,,false,6
,H?qi`fo,7,2876,,,false,6
,H?qi`fo,8,3437,,,false,6
,H?qi`fo,9,3297,,,false,6
