name,graph_g6,iteration,runtime,allocated_bytes,peak_bytes,timeout,treewidth
,I??????~w,0,17321,,,false,3
,I??????~w,1,12781,,,false,3
,I??????~w,2,11384,,,false,3
,I??????~w,3,6705,,,false,3
,I??????~w,4,9638,,,false,3
,I??????~w,5,10615,,,false,3
,I??????~w,6,10197,,,false,3
,I??????~w,7,8171,,,false,3
,I??????~w,8,9987,,,false,3
,I??????~w,9,9917,,,false,3
,I????????,0,8102,,,false,3
,I????????,1,8520,,,false,3
,I????????,2,6634,,,false,3
,I????????,3,4260,,,false,3
,I????????,4,9150,,,false,3
,I????????,5,4749,,,false,3
,I????????,6,4749,,,false,3
,I????????,7,6775,,,false,3
,I????????,8,5239,,,false,3
,I????????,9,6635,,,false,3
,I??F~~~~w,0,671450,,,false,9
,I??F~~~~w,1,668376,,,false,9
,I??F~~~~w,2,556840,,,false,9
,I??F~~~~w,3,539520,,,false,9
,I??F~~~~w,4,528974,,,false,9
,I??F~~~~w,5,574860,,,false,9
,I??F~~~~w,6,581565,,,false,9
,I??F~~~~w,7,560752,,,false,9
,I??F~~~~w,8,538612,,,false,9
,I??F~~~~w,9,633945,,,false,9
,I`?G?C??G,0,13270,,,false,3
,I`?G?C??G,1,9638,,,false,3
,I`?G?C??G,2,11733,,,false,3
,I`?G?C??G,3,11035,,,false,3
,I`?G?C??G,4,8032,,,false,3
,I`?G?C??G,5,9569,,,false,3
,I`?G?C??G,6,10616,,,false,3
,I`?G?C??G,7,9848,,,false,3
,I`?G?C??G,8,10965,,,false,3
,I`?G?C??G,9,9358,,,false,3
,I?@@?_G`w,0,20952,,,false,3
,I?@@?_G`w,1,25631,,,false,3
,I?@@?_G`w,2,18578,,,false,3
,I?@@?_G`w,3,14876,,,false,3
,I?@@?_G`w,4,14248,,,false,3
,I?@@?_G`w,5,13898,,,false,3
,I?@@?_G`w,6,13828,,,false,3
,I?@@?_G`w,7,14247,,,false,3
,I?@@?_G`w,8,14388,,,false,3
,I?@@?_G`w,9,13200,,,false,3
,I??OS?dOo,0,14597,,,false,3
,I??OS?dOo,1,13409,,,false,3
,I??OS?dOo,2,22488,,,false,3
,I??OS?dOo,3,12292,,,false,3
,I??OS?dOo,4,11594,,,false,3
,I??OS?dOo,5,11803,,,false,3
,I??OS?dOo,6,12501,,,false,3
,I??OS?dOo,7,12362,,,false,3
,I??OS?dOo,8,12083,,,false,3
,I??OS?dOo,9,12711,,,false,3
,I??OPHAe?,0,23955,,,false,3
,I??OPHAe?,1,20254,,,false,3
,I??OPHAe?,2,18927,,,false,3
,I??OPHAe?,3,18717,,,false,3
,I??OPHAe?,4,17949,,,false,3
,I??OPHAe?,5,18996,,,false,3
,I??OPHAe?,6,18158,,,false,3
,I??OPHAe?,7,18577,,,false,3
,I??OPHAe?,8,18019,,,false,3
,I??OPHAe?,9,18228,,,false,3
,I????AF]G,0,15644,,,false,3
,I????AF]G,1,15784,,,false,3
,I????AF]G,2,12781,,,false,3
,I????AF]G,3,14736,,,false,3
,I????AF]G,4,12292,,,false,3
,I????AF]G,5,13968,,,false,3
,I????AF]G,6,12362,,,false,3
,I????AF]G,7,13898,,,false,3
,I????AF]G,8,11943,,,false,3
,I????AF]G,9,12362,,,false,3
,I?AAHGICW,0,42883,,,false,5
,I?AAHGICW,1,33384,,,false,5
,I?AAHGICW,2,31010,,,false,5
,I?AAHGICW,3,30311,,,false,5
,I?AAHGICW,4,30730,,,false,5
,I?AAHGICW,5,30032,,,false,5
,I?AAHGICW,6,30102,,,false,5
,I?AAHGICW,7,31010,,,false,5
,I?AAHGICW,8,31498,,,false,5
,I?AAHGICW,9,31987,,,false,5
,I@Kxx{~Nw,0,43441,,,false,7
,I@Kxx{~Nw,1,28145,,,false,7
,I@Kxx{~Nw,2,26260,,,false,7
,I@Kxx{~Nw,3,25772,,,false,7
,I@Kxx{~Nw,4,26260,,,false,7
,I@Kxx{~Nw,5,25771,,,false,7
,I@Kxx{~Nw,6,25352,,,false,7
,I@Kxx{~Nw,7,25911,,,false,7
,I@Kxx{~Nw,8,25562,,,false,7
,I@Kxx{~Nw,9,25981,,,false,7
,I@Kxx{~~w,0,489444,,,false,7
,I@Kxx{~~w,1,482949,,,false,7
,I@Kxx{~~w,2,449077,,,false,7
,I@Kxx{~~w,3,470867,,,false,7
,I@Kxx{~~w,4,461997,,,false,7
,I@Kxx{~~w,5,467235,,,false,7
,I@Kxx{~~w,6,452010,,,false,7
,I@Kxx{~~w,7,469609,,,false,7
,I@Kxx{~~w,8,475197,,,false,7
,I@Kxx{~~w,9,479457,,,false,7
,Is\v~~}~W,0,497057,,,false,9
,Is\v~~}~W,1,507324,,,false,9
,Is\v~~}~W,2,509978,,,false,9
,Is\v~~}~W,3,510396,,,false,9
,Is\v~~}~W,4,488257,,,false,9
,Is\v~~}~W,5,522479,,,false,9
,Is\v~~}~W,6,528974,,,false,9
,Is\v~~}~W,7,511864,,,false,9
,Is\v~~}~W,8,483718,,,false,9
,Is\v~~}~W,9,533863,,,false,9
,IF~~~~~~w,0,572275,,,false,9
,IF~~~~~~w,1,529533,,,false,9
,IF~~~~~~w,2,507114,,,false,9
,IF~~~~~~w,3,577654,,,false,9
,IF~~~~~~w,4,566339,,,false,9
,IF~~~~~~w,5,507184,,,false,9
,IF~~~~~~w,6,535330,,,false,9
,IF~~~~~~w,7,581285,,,false,9
,IF~~~~~~w,8,551114,,,false,9
,IF~~~~~~w,9,514937,,,false,9
,I~{?GKF@w,0,23746,,,false,5
,I~{?GKF@w,1,20253,,,false,5
,I~{?GKF@w,2,19555,,,false,5
,I~{?GKF@w,3,21092,,,false,5
,I~{?GKF@w,4,21511,,,false,5
,I~{?GKF@w,5,21022,,,false,5
,I~{?GKF@w,6,20882,,,false,5
,I~{?GKF@w,7,28565,,,false,5
,I~{?GKF@w,8,20953,,,false,5
,I~{?GKF@w,9,21022,,,false,5
,I~?GW^oBw,0,28914,,,false,5
,I~?GW^oBw,1,26191,,,false,5
,I~?GW^oBw,2,25212,,,false,5
,I~?GW^oBw,3,25143,,,false,5
,I~?GW^oBw,4,25213,,,false,5
,I~?GW^oBw,5,24724,,,false,5
,I~?GW^oBw,6,25771,,,false,5
,I~?GW^oBw,7,25212,,,false,5
,I~?GW^oBw,8,24933,,,false,5
,I~?GW^oBw,9,24864,,,false,5
,Iv~vVL^Nw,0,564733,,,false,9
,Iv~vVL^Nw,1,511864,,,false,9
,Iv~vVL^Nw,2,525692,,,false,9
,Iv~vVL^Nw,3,543851,,,false,9
,Iv~vVL^Nw,4,539521,,,false,9
,Iv~vVL^Nw,5,511654,,,false,9
,Iv~vVL^Nw,6,530581,,,false,9
,Iv~vVL^Nw,7,529883,,,false,9
,Iv~vVL^Nw,8,524295,,,false,9
,Iv~vVL^Nw,9,514378,,,false,9
,IJ\zz|~^w,0,798210,,,false,9
,IJ\zz|~^w,1,781309,,,false,9
,IJ\zz|~^w,2,774535,,,false,9
,IJ\zz|~^w,3,765945,,,false,9
,IJ\zz|~^w,4,785639,,,false,9
,IJ\zz|~^w,5,777259,,,false,9
,IJ\zz|~^w,6,777119,,,false,9
,IJ\zz|~^w,7,782846,,,false,9
,IJ\zz|~^w,8,774814,,,false,9
,IJ\zz|~^w,9,786547,,,false,9
,IJ\zz|~~w,0,604333,,,false,9
,IJ\zz|~~w,1,568783,,,false,9
,IJ\zz|~~w,2,586872,,,false,9
,IJ\zz|~~w,3,584358,,,false,9
,IJ\zz|~~w,4,574092,,,false,9
,IJ\zz|~~w,5,587990,,,false,9
,IJ\zz|~~w,6,580517,,,false,9
,IJ\zz|~~w,7,573882,,,false,9
,IJ\zz|~~w,8,579678,,,false,9
,IJ\zz|~~w,9,593297,,,false,9
,I~~v]}~^w,0,584708,,,false,9
,I~~v]}~^w,1,573463,,,false,9
,I~~v]}~^w,2,572835,,,false,9
,I~~v]}~^w,3,559704,,,false,9
,I~~v]}~^w,4,579260,,,false,9
,I~~v]}~^w,5,586244,,,false,9
,I~~v]}~^w,6,578142,,,false,9
,I~~v]}~^w,7,572974,,,false,9
,I~~v]}~^w,8,552022,,,false,9
,I~~v]}~^w,9,554187,,,false,9
,I^~~~~~~w,0,562498,,,false,9
,I^~~~~~~w,1,542453,,,false,9
,I^~~~~~~w,2,565501,,,false,9
,I^~~~~~~w,3,556422,,,false,9
,I^~~~~~~w,4,556702,,,false,9
,I^~~~~~~w,5,534212,,,false,9
,I^~~~~~~w,6,565571,,,false,9
,I^~~~~~~w,7,557051,,,false,9
,I^~~~~~~w,8,543851,,,false,9
,I^~~~~~~w,9,540498,,,false,9
,I~~~~~~~w,0,563965,,,false,9
,I~~~~~~~w,1,560752,,,false,9
,I~~~~~~~w,2,534702,,,false,9
,I~~~~~~~w,3,567596,,,false,9
,I~~~~~~~w,4,565780,,,false,9
,I~~~~~~~w,5,550136,,,false,9
,I~~~~~~~w,6,543851,,,false,9
,I~~~~~~~w,7,569133,,,false,9
,I~~~~~~~w,8,572904,,,false,9
,I~~~~~~~w,9,527298,,,false,9
,I?????@?W,0,7124,,,false,3
,I?????@?W,1,6216,,,false,3
,I?????@?W,2,5797,,,false,3
,I?????@?W,3,6215,,,false,3
,I?????@?W,4,6076,,,false,3
,I?????@?W,5,5238,,,false,3
,I?????@?W,6,5727,,,false,3
,I?????@?W,7,5238,,,false,3
,I?????@?W,8,5587,,,false,3
,I?????@?W,9,5657,,,false,3
,I???GKF@w,0,29542,,,false,5
,I???GKF@w,1,22000,,,false,5
,I???GKF@w,2,20603,,,false,5
,I???GKF@w,3,20464,,,false,5
,I???GKF@w,4,20394,,,false,5
,I???GKF@w,5,31428,,,false,5
,I???GKF@w,6,24165,,,false,5
,I???GKF@w,7,23117,,,false,5
,I???GKF@w,8,22978,,,false,5
,I???GKF@w,9,22349,,,false,5
,I????B~~w,0,25142,,,false,5
,I????B~~w,1,23746,,,false,5
,I????B~~w,2,21511,,,false,5
,I????B~~w,3,22419,,,false,5
,I????B~~w,4,21092,,,false,5
,I????B~~w,5,22628,,,false,5
,I????B~~w,6,21231,,,false,5
,I????B~~w,7,22488,,,false,5
,I????B~~w,8,21092,,,false,5
,I????B~~w,9,22419,,,false,5
,IsaBzx{^?,0,582054,,,false,9
,IsaBzx{^?,1,509070,,,false,9
,IsaBzx{^?,2,518079,,,false,9
,IsaBzx{^?,3,553768,,,false,9
,IsaBzx{^?,4,553907,,,false,9
,IsaBzx{^?,5,494892,,,false,9
,IsaBzx{^?,6,531489,,,false,9
,IsaBzx{^?,7,556003,,,false,9
,IsaBzx{^?,8,536866,,,false,9
,IsaBzx{^?,9,494404,,,false,9
,I?B~~~~~w,0,619279,,,false,9
,I?B~~~~~w,1,617812,,,false,9
,I?B~~~~~w,2,539520,,,false,9
,I?B~~~~~w,3,575768,,,false,9
,I?B~~~~~w,4,614809,,,false,9
,I?B~~~~~w,5,582053,,,false,9
,I?B~~~~~w,6,553000,,,false,9
,I?B~~~~~w,7,592809,,,false,9
,I?B~~~~~w,8,594276,,,false,9
,I?B~~~~~w,9,549089,,,false,9
,I`?GW?@?W,0,10546,,,false,2
,I`?GW?@?W,1,8520,,,false,2
,I`?GW?@?W,2,8590,,,false,2
,I`?GW?@?W,3,8102,,,false,2
,I`?GW?@?W,4,8102,,,false,2
,I`?GW?@?W,5,7683,,,false,2
,I`?GW?@?W,6,7962,,,false,2
,I`?GW?@?W,7,10546,,,false,2
,I`?GW?@?W,8,7752,,,false,2
,I`?GW?@?W,9,7962,,,false,2
,I@`??CBNG,0,23257,,,false,3
,I@`??CBNG,1,19416,,,false,3
,I@`??CBNG,2,28076,,,false,3
,I@`??CBNG,3,20044,,,false,3
,I@`??CBNG,4,20534,,,false,3
,I@`??CBNG,5,19206,,,false,3
,I@`??CBNG,6,17949,,,false,3
,I@`??CBNG,7,17670,,,false,3
,I@`??CBNG,8,18927,,,false,3
,I@`??CBNG,9,18648,,,false,3
,II?GOGQGO,0,44628,,,false,7
,II?GOGQGO,1,37295,,,false,7
,II?GOGQGO,2,33872,,,false,7
,II?GOGQGO,3,33314,,,false,7
,II?GOGQGO,4,33384,,,false,7
,II?GOGQGO,5,34641,,,false,7
,II?GOGQGO,6,32685,,,false,7
,II?GOGQGO,7,34431,,,false,7
,II?GOGQGO,8,32895,,,false,7
,II?GOGQGO,9,33384,,,false,7
,I?COPHAw?,0,38553,,,false,6
,I?COPHAw?,1,31847,,,false,6
,I?COPHAw?,2,30729,,,false,6
,I?COPHAw?,3,30520,,,false,6
,I?COPHAw?,4,30031,,,false,6
,I?COPHAw?,5,30520,,,false,6
,I?COPHAw?,6,30521,,,false,6
,I?COPHAw?,7,30520,,,false,6
,I?COPHAw?,8,30031,,,false,6
,I?COPHAw?,9,29822,,,false,6
,I?CGI_agG,0,26190,,,false,3
,I?CGI_agG,1,23746,,,false,3
,I?CGI_agG,2,21371,,,false,3
,I?CGI_agG,3,23466,,,false,3
,I?CGI_agG,4,21022,,,false,3
,I?CGI_agG,5,21162,,,false,3
,I?CGI_agG,6,19416,,,false,3
,I?CGI_agG,7,18997,,,false,3
,I?CGI_agG,8,18718,,,false,3
,I?CGI_agG,9,18857,,,false,3
,I???G[ws?,0,9149,,,false,3
,I???G[ws?,1,8101,,,false,3
,I???G[ws?,2,7542,,,false,3
,I???G[ws?,3,7752,,,false,3
,I???G[ws?,4,7612,,,false,3
,I???G[ws?,5,7543,,,false,3
,I???G[ws?,6,7682,,,false,3
,I???G[ws?,7,7612,,,false,3
,I???G[ws?,8,7612,,,false,3
,I???G[ws?,9,7682,,,false,3
,I???????G,0,6146,,,false,3
,I???????G,1,5658,,,false,3
,I???????G,2,5238,,,false,3
,I???????G,3,5797,,,false,3
,I???????G,4,5169,,,false,3
,I???????G,5,5308,,,false,3
,I???????G,6,5796,,,false,3
,I???????G,7,4749,,,false,3
,I???????G,8,7054,,,false,3
,I???????G,9,5238,,,false,3
,I?AAHKVBw,0,114958,,,false,7
,I?AAHKVBw,1,97707,,,false,7
,I?AAHKVBw,2,95123,,,false,7
,I?AAHKVBw,3,92539,,,false,7
,I?AAHKVBw,4,103085,,,false,7
,I?AAHKVBw,5,96869,,,false,7
,I?AAHKVBw,6,95822,,,false,7
,I?AAHKVBw,7,95961,,,false,7
,I?AAHKVBw,8,95752,,,false,7
,I?AAHKVBw,9,94914,,,false,7
,I@GOOH@__,0,33314,,,false,3
,I@GOOH@__,1,27727,,,false,3
,I@GOOH@__,2,26819,,,false,3
,I@GOOH@__,3,26190,,,false,3
,I@GOOH@__,4,26330,,,false,3
,I@GOOH@__,5,25841,,,false,3
,I@GOOH@__,6,26260,,,false,3
,I@GOOH@__,7,26051,,,false,3
,I@GOOH@__,8,26470,,,false,3
,I@GOOH@__,9,25632,,,false,3
,I?????@~g,0,8311,,,false,3
,I?????@~g,1,7124,,,false,3
,I?????@~g,2,6565,,,false,3
,I?????@~g,3,6774,,,false,3
,I?????@~g,4,7054,,,false,3
,I?????@~g,5,6635,,,false,3
,I?????@~g,6,14387,,,false,3
,I?????@~g,7,6076,,,false,3
,I?????@~g,8,6705,,,false,3
,I?????@~g,9,6705,,,false,3
,I?????@~w,0,9918,,,false,3
,I?????@~w,1,6565,,,false,3
,I?????@~w,2,6704,,,false,3
,I?????@~w,3,6635,,,false,3
,I?????@~w,4,6635,,,false,3
,I?????@~w,5,6704,,,false,3
,I?????@~w,6,6774,,,false,3
,I?????@~w,7,6565,,,false,3
,I?????@~w,8,6705,,,false,3
,I?????@~w,9,6775,,,false,3
,I?CGGC`s?,0,24234,,,false,3
,I?CGGC`s?,1,21441,,,false,3
,I?CGGC`s?,2,21511,,,false,3
,I?CGGC`s?,3,20534,,,false,3
,I?CGGC`s?,4,21022,,,false,3
,I?CGGC`s?,5,21371,,,false,3
,I?CGGC`s?,6,20883,,,false,3
,I?CGGC`s?,7,20463,,,false,3
,I?CGGC`s?,8,20812,,,false,3
,I?CGGC`s?,9,20393,,,false,3
,I??GHCWsG,0,19206,,,false,3
,I??GHCWsG,1,16204,,,false,3
,I??GHCWsG,2,15714,,,false,3
,I??GHCWsG,3,15365,,,false,3
,I??GHCWsG,4,16133,,,false,3
,I??GHCWsG,5,15365,,,false,3
,I??GHCWsG,6,15295,,,false,3
,I??GHCWsG,7,15575,,,false,3
,I??GHCWsG,8,15225,,,false,3
,I??GHCWsG,9,15504,,,false,3
,I????CA?W,0,6635,,,false,3
,I????CA?W,1,5796,,,false,3
,I????CA?W,2,5169,,,false,3
,I????CA?W,3,5657,,,false,3
,I????CA?W,4,5727,,,false,3
,I????CA?W,5,5797,,,false,3
,I????CA?W,6,6146,,,false,3
,I????CA?W,7,5657,,,false,3
,I????CA?W,8,5378,,,false,3
,I????CA?W,9,5657,,,false,3
,I??GIOqk?,0,22768,,,false,3
,I??GIOqk?,1,18997,,,false,3
,I??GIOqk?,2,18718,,,false,3
,I??GIOqk?,3,18508,,,false,3
,I??GIOqk?,4,18368,,,false,3
,I??GIOqk?,5,18717,,,false,3
,I??GIOqk?,6,18578,,,false,3
,I??GIOqk?,7,18438,,,false,3
,I??GIOqk?,8,44978,,,false,3
,I??GIOqk?,9,24444,,,false,3
,I????CB?w,0,7054,,,false,3
,I????CB?w,1,5797,,,false,3
,I????CB?w,2,5797,,,false,3
,I????CB?w,3,6146,,,false,3
,I????CB?w,4,5657,,,false,3
,I????CB?w,5,5797,,,false,3
,I????CB?w,6,5797,,,false,3
,I????CB?w,7,5588,,,false,3
,I????CB?w,8,5657,,,false,3
,I????CB?w,9,5727,,,false,3
,I????CB~w,0,8591,,,false,3
,I????CB~w,1,6216,,,false,3
,I????CB~w,2,7124,,,false,3
,I????CB~w,3,6705,,,false,3
,I????CB~w,4,7124,,,false,3
,I????CB~w,5,6635,,,false,3
,I????CB~w,6,6704,,,false,3
,I????CB~w,7,6774,,,false,3
,I????CB~w,8,6705,,,false,3
,I????CB~w,9,6635,,,false,3
,I??E@GW?w,0,11034,,,false,3
,I??E@GW?w,1,9428,,,false,3
,I??E@GW?w,2,9079,,,false,3
,I??E@GW?w,3,8730,,,false,3
,I??E@GW?w,4,8939,,,false,3
,I??E@GW?w,5,8660,,,false,3
,I??E@GW?w,6,9080,,,false,3
,I??E@GW?w,7,8940,,,false,3
,I??E@GW?w,8,8591,,,false,3
,I??E@GW?w,9,9010,,,false,3
,I???F~~~w,0,553838,,,false,9
,I???F~~~w,1,538683,,,false,9
,I???F~~~w,2,552022,,,false,9
,I???F~~~w,3,531279,,,false,9
,I???F~~~w,4,550555,,,false,9
,I???F~~~w,5,540568,,,false,9
,I???F~~~w,6,548670,,,false,9
,I???F~~~w,7,531978,,,false,9
,I???F~~~w,8,550835,,,false,9
,I???F~~~w,9,542384,,,false,9
,I??GW[NBw,0,36666,,,false,5
,I??GW[NBw,1,31917,,,false,5
,I??GW[NBw,2,30521,,,false,5
,I??GW[NBw,3,30102,,,false,5
,I??GW[NBw,4,30521,,,false,5
,I??GW[NBw,5,29892,,,false,5
,I??GW[NBw,6,30730,,,false,5
,I??GW[NBw,7,29473,,,false,5
,I??GW[NBw,8,30521,,,false,5
,I??GW[NBw,9,29962,,,false,5
,I??GW[N~w,0,35898,,,false,5
,I??GW[N~w,1,32476,,,false,5
,I??GW[N~w,2,31708,,,false,5
,I??GW[N~w,3,31428,,,false,5
,I??GW[N~w,4,31499,,,false,5
,I??GW[N~w,5,31987,,,false,5
,I??GW[N~w,6,31987,,,false,5
,I??GW[N~w,7,31987,,,false,5
,I??GW[N~w,8,31498,,,false,5
,I??GW[N~w,9,30521,,,false,5
,I?CWw{^Fw,0,25562,,,false,6
,I?CWw{^Fw,1,23466,,,false,6
,I?CWw{^Fw,2,22908,,,false,6
,I?CWw{^Fw,3,23327,,,false,6
,I?CWw{^Fw,4,22838,,,false,6
,I?CWw{^Fw,5,23257,,,false,6
,I?CWw{^Fw,6,23326,,,false,6
,I?CWw{^Fw,7,22838,,,false,6
,I?CWw{^Fw,8,31428,,,false,6
,I?CWw{^Fw,9,22768,,,false,6
,I?CWw{^~w,0,26190,,,false,6
,I?CWw{^~w,1,24374,,,false,6
,I?CWw{^~w,2,24234,,,false,6
,I?CWw{^~w,3,24165,,,false,6
,I?CWw{^~w,4,23886,,,false,6
,I?CWw{^~w,5,23816,,,false,6
,I?CWw{^~w,6,23816,,,false,6
,I?CWw{^~w,7,23327,,,false,6
,I?CWw{^~w,8,23676,,,false,6
,I?CWw{^~w,9,23746,,,false,6
,I????FaFO,0,7753,,,false,3
,I????FaFO,1,6635,,,false,3
,I????FaFO,2,6565,,,false,3
,I????FaFO,3,6286,,,false,3
,I????FaFO,4,6634,,,false,3
,I????FaFO,5,6705,,,false,3
,I????FaFO,6,6216,,,false,3
,I????FaFO,7,6705,,,false,3
,I????FaFO,8,6216,,,false,3
,I????FaFO,9,6634,,,false,3
,I?????B~o,0,7752,,,false,3
,I?????B~o,1,6565,,,false,3
,I?????B~o,2,6635,,,false,3
,I?????B~o,3,6635,,,false,3
,I?????B~o,4,7054,,,false,3
,I?????B~o,5,6635,,,false,3
,I?????B~o,6,6634,,,false,3
,I?????B~o,7,6704,,,false,3
,I?????B~o,8,6565,,,false,3
,I?????B~o,9,6635,,,false,3
,IoCOOGaOO,0,38691,,,false,5
,IoCOOGaOO,1,31917,,,false,5
,IoCOOGaOO,2,30032,,,false,5
,IoCOOGaOO,3,29683,,,false,5
,IoCOOGaOO,4,29613,,,false,5
,IoCOOGaOO,5,29333,,,false,5
,IoCOOGaOO,6,29473,,,false,5
,IoCOOGaOO,7,29613,,,false,5
,IoCOOGaOO,8,29613,,,false,5
,IoCOOGaOO,9,29124,,,false,5
,I?~~vrv|o,0,511863,,,false,9
,I?~~vrv|o,1,511864,,,false,9
,I?~~vrv|o,2,507533,,,false,9
,I?~~vrv|o,3,513819,,,false,9
,I?~~vrv|o,4,511934,,,false,9
,I?~~vrv|o,5,516752,,,false,9
,I?~~vrv|o,6,516263,,,false,9
,I?~~vrv|o,7,528486,,,false,9
,I?~~vrv|o,8,509070,,,false,9
,I?~~vrv|o,9,523876,,,false,9
,I?~~~~~~w,0,551044,,,false,9
,I?~~~~~~w,1,567876,,,false,9
,I?~~~~~~w,2,548460,,,false,9
,I?~~~~~~w,3,556143,,,false,9
,I?~~~~~~w,4,559704,,,false,9
,I?~~~~~~w,5,543851,,,false,9
,I?~~~~~~w,6,551393,,,false,9
,I?~~~~~~w,7,543850,,,false,9
,I?~~~~~~w,8,556632,,,false,9
,I?~~~~~~w,9,545317,,,false,9
,IwCW?CB?w,0,7752,,,false,3
,IwCW?CB?w,1,6565,,,false,3
,IwCW?CB?w,2,6635,,,false,3
,IwCW?CB?w,3,6216,,,false,3
,IwCW?CB?w,4,5727,,,false,3
,IwCW?CB?w,5,6076,,,false,3
,IwCW?CB?w,6,6145,,,false,3
,IwCW?CB?w,7,6286,,,false,3
,IwCW?CB?w,8,6635,,,false,3
,IwCW?CB?w,9,6146,,,false,3
,I`?G]?oBw,0,25352,,,false,3
,I`?G]?oBw,1,13409,,,false,3
,I`?G]?oBw,2,13759,,,false,3
,I`?G]?oBw,3,13480,,,false,3
,I`?G]?oBw,4,13759,,,false,3
,I`?G]?oBw,5,13479,,,false,3
,I`?G]?oBw,6,13270,,,false,3
,I`?G]?oBw,7,13479,,,false,3
,I`?G]?oBw,8,13269,,,false,3
,I`?G]?oBw,9,13409,,,false,3
,IsP@OkWHG,0,510676,,,false,9
,IsP@OkWHG,1,508581,,,false,9
,IsP@OkWHG,2,483578,,,false,9
,IsP@OkWHG,3,500829,,,false,9
,IsP@OkWHG,4,483787,,,false,9
,IsP@OkWHG,5,504181,,,false,9
,IsP@OkWHG,6,503971,,,false,9
,IsP@OkWHG,7,522759,,,false,9
,IsP@OkWHG,8,513819,,,false,9
,IsP@OkWHG,9,512841,,,false,9
,I?hPcterW,0,570600,,,false,9
,I?hPcterW,1,571647,,,false,9
,I?hPcterW,2,568225,,,false,9
,I?hPcterW,3,498733,,,false,9
,I?hPcterW,4,504879,,,false,9
,I?hPcterW,5,533165,,,false,9
,I?hPcterW,6,536307,,,false,9
,I?hPcterW,7,486511,,,false,9
,I?hPcterW,8,523597,,,false,9
,I?hPcterW,9,549438,,,false,9
,I?C]dPcww,0,562009,,,false,9
,I?C]dPcww,1,500409,,,false,9
,I?C]dPcww,2,549159,,,false,9
,I?C]dPcww,3,556212,,,false,9
,I?C]dPcww,4,513819,,,false,9
,I?C]dPcww,5,502365,,,false,9
,I?C]dPcww,6,563056,,,false,9
,I?C]dPcww,7,573952,,,false,9
,I?C]dPcww,8,494403,,,false,9
,I?C]dPcww,9,514028,,,false,9
,I_O_hWZLw,0,48539,,,false,7
,I_O_hWZLw,1,39880,,,false,7
,I_O_hWZLw,2,37644,,,false,7
,I_O_hWZLw,3,36666,,,false,7
,I_O_hWZLw,4,36318,,,false,7
,I_O_hWZLw,5,36247,,,false,7
,I_O_hWZLw,6,36596,,,false,7
,I_O_hWZLw,7,36457,,,false,7
,I_O_hWZLw,8,35828,,,false,7
,I_O_hWZLw,9,35688,,,false,7
,I??EdPKL?,0,338589,,,false,6
,I??EdPKL?,1,292773,,,false,6
,I??EdPKL?,2,277827,,,false,6
,I??EdPKL?,3,273148,,,false,6
,I??EdPKL?,4,290258,,,false,6
,I??EdPKL?,5,281947,,,false,6
,I??EdPKL?,6,282855,,,false,6
,I??EdPKL?,7,286208,,,false,6
,I??EdPKL?,8,274893,,,false,6
,I??EdPKL?,9,272519,,,false,6
,IoCOW@@GO,0,26679,,,false,6
,IoCOW@@GO,1,21301,,,false,6
,IoCOW@@GO,2,20394,,,false,6
,IoCOW@@GO,3,19556,,,false,6
,IoCOW@@GO,4,19905,,,false,6
,IoCOW@@GO,5,19975,,,false,6
,IoCOW@@GO,6,19695,,,false,6
,IoCOW@@GO,7,19136,,,false,6
,IoCOW@@GO,8,19974,,,false,6
,IoCOW@@GO,9,19486,,,false,6
,IwCO?CI@O,0,25213,,,false,6
,IwCO?CI@O,1,22140,,,false,6
,IwCO?CI@O,2,21162,,,false,6
,IwCO?CI@O,3,20743,,,false,6
,IwCO?CI@O,4,29612,,,false,6
,IwCO?CI@O,5,21091,,,false,6
,IwCO?CI@O,6,20603,,,false,6
,IwCO?CI@O,7,20464,,,false,6
,IwCO?CI@O,8,21301,,,false,6
,IwCO?CI@O,9,20044,,,false,6
,IoCOOL?GG,0,22069,,,false,5
,IoCOOL?GG,1,20253,,,false,5
,IoCOOL?GG,2,18927,,,false,5
,IoCOOL?GG,3,19137,,,false,5
,IoCOOL?GG,4,17949,,,false,5
,IoCOOL?GG,5,18089,,,false,5
,IoCOOL?GG,6,18229,,,false,5
,IoCOOL?GG,7,18089,,,false,5
,IoCOOL?GG,8,18508,,,false,5
,IoCOOL?GG,9,17739,,,false,5
,IwCO?CBB?,0,7054,,,false,3
,IwCO?CBB?,1,6705,,,false,3
,IwCO?CBB?,2,5867,,,false,3
,IwCO?CBB?,3,6565,,,false,3
,IwCO?CBB?,4,6146,,,false,3
,IwCO?CBB?,5,6285,,,false,3
,IwCO?CBB?,6,6146,,,false,3
,IwCO?CBB?,7,6076,,,false,3
,IwCO?CBB?,8,6146,,,false,3
,IwCO?CBB?,9,5727,,,false,3
,IA?HcPfnW,0,278525,,,false,5
,IA?HcPfnW,1,270563,,,false,5
,IA?HcPfnW,2,250938,,,false,5
,IA?HcPfnW,3,249960,,,false,5
,IA?HcPfnW,4,244373,,,false,5
,IA?HcPfnW,5,250938,,,false,5
,IA?HcPfnW,6,254989,,,false,5
,IA?HcPfnW,7,252055,,,false,5
,IA?HcPfnW,8,247306,,,false,5
,IA?HcPfnW,9,264627,,,false,5
,IsOExw{XW,0,535051,,,false,9
,IsOExw{XW,1,528067,,,false,9
,IsOExw{XW,2,511444,,,false,9
,IsOExw{XW,3,522759,,,false,9
,IsOExw{XW,4,524435,,,false,9
,IsOExw{XW,5,523736,,,false,9
,IsOExw{XW,6,501806,,,false,9
,IsOExw{XW,7,527368,,,false,9
,IsOExw{XW,8,530651,,,false,9
,IsOExw{XW,9,520873,,,false,9
,IoCQPJ~~o,0,548878,,,false,9
,IoCQPJ~~o,1,543850,,,false,9
,IoCQPJ~~o,2,552232,,,false,9
,IoCQPJ~~o,3,515705,,,false,9
,IoCQPJ~~o,4,530860,,,false,9
,IoCQPJ~~o,5,538613,,,false,9
,IoCQPJ~~o,6,544339,,,false,9
,IoCQPJ~~o,7,517591,,,false,9
,IoCQPJ~~o,8,544060,,,false,9
,IoCQPJ~~o,9,545248,,,false,9
,IIGSSL~~o,0,561171,,,false,9
,IIGSSL~~o,1,548530,,,false,9
,IIGSSL~~o,2,553489,,,false,9
,IIGSSL~~o,3,565292,,,false,9
,IIGSSL~~o,4,535749,,,false,9
,IIGSSL~~o,5,551882,,,false,9
,IIGSSL~~o,6,554885,,,false,9
,IIGSSL~~o,7,557679,,,false,9
,IIGSSL~~o,8,522899,,,false,9
,IIGSSL~~o,9,557539,,,false,9
,I@GUUM~^o,0,593507,,,false,9
,I@GUUM~^o,1,534910,,,false,9
,I@GUUM~^o,2,543850,,,false,9
,I@GUUM~^o,3,563755,,,false,9
,I@GUUM~^o,4,567597,,,false,9
,I@GUUM~^o,5,532467,,,false,9
,I@GUUM~^o,6,561311,,,false,9
,I@GUUM~^o,7,584079,,,false,9
,I@GUUM~^o,8,537426,,,false,9
,I@GUUM~^o,9,535260,,,false,9
,I?EQzU|xw,0,598047,,,false,9
,I?EQzU|xw,1,585895,,,false,9
,I?EQzU|xw,2,532746,,,false,9
,I?EQzU|xw,3,570599,,,false,9
,I?EQzU|xw,4,594974,,,false,9
,I?EQzU|xw,5,538193,,,false,9
,I?EQzU|xw,6,554745,,,false,9
,I?EQzU|xw,7,594416,,,false,9
,I?EQzU|xw,8,574371,,,false,9
,I?EQzU|xw,9,528625,,,false,9
,I?BLYwz|w,0,597837,,,false,9
,I?BLYwz|w,1,606148,,,false,9
,I?BLYwz|w,2,533723,,,false,9
,I?BLYwz|w,3,558098,,,false,9
,I?BLYwz|w,4,590225,,,false,9
,I?BLYwz|w,5,582962,,,false,9
,I?BLYwz|w,6,558447,,,false,9
,I?BLYwz|w,7,585197,,,false,9
,I?BLYwz|w,8,608174,,,false,9
,I?BLYwz|w,9,546714,,,false,9
,I?BT^?|Uo,0,602447,,,false,9
,I?BT^?|Uo,1,616624,,,false,9
,I?BT^?|Uo,2,576536,,,false,9
,I?BT^?|Uo,3,576257,,,false,9
,I?BT^?|Uo,4,589736,,,false,9
,I?BT^?|Uo,5,583590,,,false,9
,I?BT^?|Uo,6,575348,,,false,9
,I?BT^?|Uo,7,542664,,,false,9
,I?BT^?|Uo,8,536098,,,false,9
,I?BT^?|Uo,9,560473,,,false,9
,I`?DIu[ZG,0,567946,,,false,9
,I`?DIu[ZG,1,517870,,,false,9
,I`?DIu[ZG,2,528905,,,false,9
,I`?DIu[ZG,3,519476,,,false,9
,I`?DIu[ZG,4,530231,,,false,9
,I`?DIu[ZG,5,517172,,,false,9
,I`?DIu[ZG,6,516124,,,false,9
,I`?DIu[ZG,7,501876,,,false,9
,I`?DIu[ZG,8,520384,,,false,9
,I`?DIu[ZG,9,513610,,,false,9
,I?`H]es]?,0,536098,,,false,9
,I?`H]es]?,1,537565,,,false,9
,I?`H]es]?,2,517660,,,false,9
,I?`H]es]?,3,522829,,,false,9
,I?`H]es]?,4,510466,,,false,9
,I?`H]es]?,5,527298,,,false,9
,I?`H]es]?,6,508511,,,false,9
,I?`H]es]?,7,523667,,,false,9
,I?`H]es]?,8,508092,,,false,9
,I?`H]es]?,9,518499,,,false,9
,IR?HWzKoo,0,510466,,,false,9
,IR?HWzKoo,1,514726,,,false,9
,IR?HWzKoo,2,495800,,,false,9
,IR?HWzKoo,3,501248,,,false,9
,IR?HWzKoo,4,496498,,,false,9
,IR?HWzKoo,5,504041,,,false,9
,IR?HWzKoo,6,494333,,,false,9
,IR?HWzKoo,7,506834,,,false,9
,IR?HWzKoo,8,490911,,,false,9
,IR?HWzKoo,9,499851,,,false,9
,I`?NE_lF_,0,140031,,,false,7
,I`?NE_lF_,1,121314,,,false,7
,I`?NE_lF_,2,121034,,,false,7
,I`?NE_lF_,3,119916,,,false,7
,I`?NE_lF_,4,122081,,,false,7
,I`?NE_lF_,5,112723,,,false,7
,I`?NE_lF_,6,117193,,,false,7
,I`?NE_lF_,7,116495,,,false,7
,I`?NE_lF_,8,112654,,,false,7
,I`?NE_lF_,9,116076,,,false,7
,IW@[pqTQw,0,517241,,,false,9
,IW@[pqTQw,1,508092,,,false,9
,IW@[pqTQw,2,508092,,,false,9
,IW@[pqTQw,3,505857,,,false,9
,IW@[pqTQw,4,515705,,,false,9
,IW@[pqTQw,5,497546,,,false,9
,IW@[pqTQw,6,511863,,,false,9
,IW@[pqTQw,7,507603,,,false,9
,IW@[pqTQw,8,515286,,,false,9
,IW@[pqTQw,9,496079,,,false,9
,I`i\QleUW,0,497127,,,false,9
,I`i\QleUW,1,490702,,,false,9
,I`i\QleUW,2,488467,,,false,9
,I`i\QleUW,3,465140,,,false,9
,I`i\QleUW,4,477990,,,false,9
,I`i\QleUW,5,466677,,,false,9
,I`i\QleUW,6,476314,,,false,9
,I`i\QleUW,7,466466,,,false,9
,I`i\QleUW,8,478689,,,false,9
,I`i\QleUW,9,466955,,,false,9
,ICQjlt{}?,0,506485,,,false,9
,ICQjlt{}?,1,475686,,,false,9
,ICQjlt{}?,2,487838,,,false,9
,ICQjlt{}?,3,476104,,,false,9
,ICQjlt{}?,4,485882,,,false,9
,ICQjlt{}?,5,481831,,,false,9
,ICQjlt{}?,6,494892,,,false,9
,ICQjlt{}?,7,489864,,,false,9
,ICQjlt{}?,8,505717,,,false,9
,ICQjlt{}?,9,481133,,,false,9
,I}iAxxLLg,0,513330,,,false,9
,I}iAxxLLg,1,497825,,,false,9
,I}iAxxLLg,2,506137,,,false,9
,I}iAxxLLg,3,492098,,,false,9
,I}iAxxLLg,4,500130,,,false,9
,I}iAxxLLg,5,487070,,,false,9
,I}iAxxLLg,6,495730,,,false,9
,I}iAxxLLg,7,475197,,,false,9
,I}iAxxLLg,8,494263,,,false,9
,I}iAxxLLg,9,485534,,,false,9
,Ihe@WxVwo,0,512003,,,false,9
,Ihe@WxVwo,1,483019,,,false,9
,Ihe@WxVwo,2,492168,,,false,9
,Ihe@WxVwo,3,492308,,,false,9
,Ihe@WxVwo,4,498873,,,false,9
,Ihe@WxVwo,5,478479,,,false,9
,Ihe@WxVwo,6,487070,,,false,9
,Ihe@WxVwo,7,480435,,,false,9
,Ihe@WxVwo,8,495171,,,false,9
,Ihe@WxVwo,9,483718,,,false,9
,IRCm]YiTW,0,496428,,,false,9
,IRCm]YiTW,1,482041,,,false,9
,IRCm]YiTW,2,490492,,,false,9
,IRCm]YiTW,3,475057,,,false,9
,IRCm]YiTW,4,480226,,,false,9
,IRCm]YiTW,5,469959,,,false,9
,IRCm]YiTW,6,483439,,,false,9
,IRCm]YiTW,7,469401,,,false,9
,IRCm]YiTW,8,487978,,,false,9
,IRCm]YiTW,9,467514,,,false,9
,I@qixrTwo,0,580307,,,false,9
,I@qixrTwo,1,514308,,,false,9
,I@qixrTwo,2,630523,,,false,9
,I@qixrTwo,3,683113,,,false,9
,I@qixrTwo,4,557121,,,false,9
,I@qixrTwo,5,525273,,,false,9
,I@qixrTwo,6,533723,,,false,9
,I@qixrTwo,7,558028,,,false,9
,I@qixrTwo,8,529673,,,false,9
,I@qixrTwo,9,531279,,,false,9
,IqHHcpNLo,0,504321,,,false,9
,IqHHcpNLo,1,501317,,,false,9
,IqHHcpNLo,2,497476,,,false,9
,IqHHcpNLo,3,505019,,,false,9
,IqHHcpNLo,4,484765,,,false,9
,IqHHcpNLo,5,501806,,,false,9
,IqHHcpNLo,6,491679,,,false,9
,IqHHcpNLo,7,503482,,,false,9
,IqHHcpNLo,8,505228,,,false,9
,IqHHcpNLo,9,507184,,,false,9
,IqIAXl\N_,0,514797,,,false,9
,IqIAXl\N_,1,496708,,,false,9
,IqIAXl\N_,2,512143,,,false,9
,IqIAXl\N_,3,500061,,,false,9
,IqIAXl\N_,4,504321,,,false,9
,IqIAXl\N_,5,496149,,,false,9
,IqIAXl\N_,6,494194,,,false,9
,IqIAXl\N_,7,486232,,,false,9
,IqIAXl\N_,8,494683,,,false,9
,IqIAXl\N_,9,487908,,,false,9
,ICqhqlx\_,0,501038,,,false,9
,ICqhqlx\_,1,479737,,,false,9
,ICqhqlx\_,2,484137,,,false,9
,ICqhqlx\_,3,475756,,,false,9
,ICqhqlx\_,4,479457,,,false,9
,ICqhqlx\_,5,475686,,,false,9
,ICqhqlx\_,6,484975,,,false,9
,ICqhqlx\_,7,476105,,,false,9
,ICqhqlx\_,8,474219,,,false,9
,ICqhqlx\_,9,491819,,,false,9
,IAJLn@ZNO,0,522968,,,false,9
,IAJLn@ZNO,1,508022,,,false,9
,IAJLn@ZNO,2,511863,,,false,9
,IAJLn@ZNO,3,510047,,,false,9
,IAJLn@ZNO,4,519965,,,false,9
,IAJLn@ZNO,5,504669,,,false,9
,IAJLn@ZNO,6,523736,,,false,9
,IAJLn@ZNO,7,504251,,,false,9
,IAJLn@ZNO,8,518987,,,false,9
,IAJLn@ZNO,9,505438,,,false,9
,IsLGjERZG,0,514308,,,false,9
,IsLGjERZG,1,485254,,,false,9
,IsLGjERZG,2,488467,,,false,9
,IsLGjERZG,3,473800,,,false,9
,IsLGjERZG,4,490771,,,false,9
,IsLGjERZG,5,470099,,,false,9
,IsLGjERZG,6,479457,,,false,9
,IsLGjERZG,7,472822,,,false,9
,IsLGjERZG,8,490353,,,false,9
,IsLGjERZG,9,477781,,,false,9
,IRrJC_fEw,0,542873,,,false,9
,IRrJC_fEw,1,522759,,,false,9
,IRrJC_fEw,2,536308,,,false,9
,IRrJC_fEw,3,519895,,,false,9
,IRrJC_fEw,4,533374,,,false,9
,IRrJC_fEw,5,513818,,,false,9
,IRrJC_fEw,6,522829,,,false,9
,IRrJC_fEw,7,525203,,,false,9
,IRrJC_fEw,8,529394,,,false,9
,IRrJC_fEw,9,522968,,,false,9
,ItP@yglaw,0,524434,,,false,9
,ItP@yglaw,1,515914,,,false,9
,ItP@yglaw,2,508162,,,false,9
,ItP@yglaw,3,513818,,,false,9
,ItP@yglaw,4,501317,,,false,9
,ItP@yglaw,5,506207,,,false,9
,ItP@yglaw,6,497755,,,false,9
,ItP@yglaw,7,512562,,,false,9
,ItP@yglaw,8,492657,,,false,9
,ItP@yglaw,9,502504,,,false,9
,I``Cz]{^?,0,495381,,,false,9
,I``Cz]{^?,1,489793,,,false,9
,I``Cz]{^?,2,484416,,,false,9
,I``Cz]{^?,3,498594,,,false,9
,I``Cz]{^?,4,484765,,,false,9
,I``Cz]{^?,5,502016,,,false,9
,I``Cz]{^?,6,484695,,,false,9
,I``Cz]{^?,7,492238,,,false,9
,I``Cz]{^?,8,482949,,,false,9
,I``Cz]{^?,9,496707,,,false,9
,IGEBGz`eg,0,46374,,,false,7
,IGEBGz`eg,1,39460,,,false,7
,IGEBGz`eg,2,37225,,,false,7
,IGEBGz`eg,3,36806,,,false,7
,IGEBGz`eg,4,36596,,,false,7
,IGEBGz`eg,5,37364,,,false,7
,IGEBGz`eg,6,36736,,,false,7
,IGEBGz`eg,7,36806,,,false,7
,IGEBGz`eg,8,36667,,,false,7
,IGEBGz`eg,9,37155,,,false,7
,I`?NE_nFo,0,137446,,,false,7
,I`?NE_nFo,1,126901,,,false,7
,I`?NE_nFo,2,126970,,,false,7
,I`?NE_nFo,3,116704,,,false,7
,I`?NE_nFo,4,116006,,,false,7
,I`?NE_nFo,5,115517,,,false,7
,I`?NE_nFo,6,114120,,,false,7
,I`?NE_nFo,7,114399,,,false,7
,I`?NE_nFo,8,114330,,,false,7
,I`?NE_nFo,9,114748,,,false,7
,I?[_k^atG,0,542943,,,false,9
,I?[_k^atG,1,517520,,,false,9
,I?[_k^atG,2,521990,,,false,9
,I?[_k^atG,3,526181,,,false,9
,I?[_k^atG,4,515216,,,false,9
,I?[_k^atG,5,518778,,,false,9
,I?[_k^atG,6,517102,,,false,9
,I?[_k^atG,7,535120,,,false,9
,I?[_k^atG,8,513400,,,false,9
,I?[_k^atG,9,519057,,,false,9
,I@GZSncuG,0,521921,,,false,9
,I@GZSncuG,1,519686,,,false,9
,I@GZSncuG,2,504391,,,false,9
,I@GZSncuG,3,514936,,,false,9
,I@GZSncuG,4,521431,,,false,9
,I@GZSncuG,5,537355,,,false,9
,I@GZSncuG,6,517101,,,false,9
,I@GZSncuG,7,526180,,,false,9
,I@GZSncuG,8,515216,,,false,9
,I@GZSncuG,9,524715,,,false,9
,I@GZSncu?,0,529533,,,false,9
,I@GZSncu?,1,500829,,,false,9
,I@GZSncu?,2,492867,,,false,9
,I@GZSncu?,3,482670,,,false,9
,I@GZSncu?,4,502923,,,false,9
,I@GZSncu?,5,489444,,,false,9
,I@GZSncu?,6,491959,,,false,9
,I@GZSncu?,7,493914,,,false,9
,I@GZSncu?,8,512911,,,false,9
,I@GZSncu?,9,499152,,,false,9
,IWDApy[`w,0,541196,,,false,9
,IWDApy[`w,1,513121,,,false,9
,IWDApy[`w,2,528276,,,false,9
,IWDApy[`w,3,517451,,,false,9
,IWDApy[`w,4,526461,,,false,9
,IWDApy[`w,5,507882,,,false,9
,IWDApy[`w,6,521361,,,false,9
,IWDApy[`w,7,505089,,,false,9
,IWDApy[`w,8,523736,,,false,9
,IWDApy[`w,9,498663,,,false,9
,IoD@Is{f_,0,508581,,,false,9
,IoD@Is{f_,1,480505,,,false,9
,IoD@Is{f_,2,485673,,,false,9
,IoD@Is{f_,3,487559,,,false,9
,IoD@Is{f_,4,497196,,,false,9
,IoD@Is{f_,5,485882,,,false,9
,IoD@Is{f_,6,504809,,,false,9
,IoD@Is{f_,7,488118,,,false,9
,IoD@Is{f_,8,499641,,,false,9
,IoD@Is{f_,9,486371,,,false,9
,IRGOW^Kow,0,511165,,,false,9
,IRGOW^Kow,1,492307,,,false,9
,IRGOW^Kow,2,496009,,,false,9
,IRGOW^Kow,3,495800,,,false,9
,IRGOW^Kow,4,507673,,,false,9
,IRGOW^Kow,5,488467,,,false,9
,IRGOW^Kow,6,494752,,,false,9
,IRGOW^Kow,7,488955,,,false,9
,IRGOW^Kow,8,497965,,,false,9
,IRGOW^Kow,9,481133,,,false,9
,I?EZZjQiW,0,536238,,,false,9
,I?EZZjQiW,1,532537,,,false,9
,I?EZZjQiW,2,515216,,,false,9
,I?EZZjQiW,3,509000,,,false,9
,I?EZZjQiW,4,502714,,,false,9
,I?EZZjQiW,5,515286,,,false,9
,I?EZZjQiW,6,504111,,,false,9
,I?EZZjQiW,7,513749,,,false,9
,I?EZZjQiW,8,499222,,,false,9
,I?EZZjQiW,9,523737,,,false,9
,I?LtdXZr_,0,528556,,,false,9
,I?LtdXZr_,1,528905,,,false,9
,I?LtdXZr_,2,509070,,,false,9
,I?LtdXZr_,3,511374,,,false,9
,I?LtdXZr_,4,515146,,,false,9
,I?LtdXZr_,5,527787,,,false,9
,I?LtdXZr_,6,511933,,,false,9
,I?LtdXZr_,7,532048,,,false,9
,I?LtdXZr_,8,515565,,,false,9
,I?LtdXZr_,9,530999,,,false,9
,I?^@lhRig,0,527159,,,false,9
,I?^@lhRig,1,508721,,,false,9
,I?^@lhRig,2,519127,,,false,9
,I?^@lhRig,3,500689,,,false,9
,I?^@lhRig,4,503482,,,false,9
,I?^@lhRig,5,486092,,,false,9
,I?^@lhRig,6,498035,,,false,9
,I?^@lhRig,7,494333,,,false,9
,I?^@lhRig,8,502854,,,false,9
,I?^@lhRig,9,492797,,,false,9
,IgNSQcnLo,0,524225,,,false,9
,IgNSQcnLo,1,503343,,,false,9
,IgNSQcnLo,2,524226,,,false,9
,IgNSQcnLo,3,495171,,,false,9
,IgNSQcnLo,4,504809,,,false,9
,IgNSQcnLo,5,489585,,,false,9
,IgNSQcnLo,6,505159,,,false,9
,IgNSQcnLo,7,493006,,,false,9
,IgNSQcnLo,8,503832,,,false,9
,IgNSQcnLo,9,501946,,,false,9
,I`hPWxbcw,0,523038,,,false,9
,I`hPWxbcw,1,491051,,,false,9
,I`hPWxbcw,2,495311,,,false,9
,I`hPWxbcw,3,484137,,,false,9
,I`hPWxbcw,4,496708,,,false,9
,I`hPWxbcw,5,480435,,,false,9
,I`hPWxbcw,6,491400,,,false,9
,I`hPWxbcw,7,483927,,,false,9
,I`hPWxbcw,8,505787,,,false,9
,I`hPWxbcw,9,474569,,,false,9
,Iw?yspTIw,0,494124,,,false,9
,Iw?yspTIw,1,481413,,,false,9
,Iw?yspTIw,2,490003,,,false,9
,Iw?yspTIw,3,480435,,,false,9
,Iw?yspTIw,4,492448,,,false,9
,Iw?yspTIw,5,477642,,,false,9
,Iw?yspTIw,6,491959,,,false,9
,Iw?yspTIw,7,475895,,,false,9
,Iw?yspTIw,8,488466,,,false,9
,Iw?yspTIw,9,480435,,,false,9
,Ija?X_J@w,0,29054,,,false,6
,Ija?X_J@w,1,24375,,,false,6
,Ija?X_J@w,2,21930,,,false,6
,Ija?X_J@w,3,22139,,,false,6
,Ija?X_J@w,4,21372,,,false,6
,Ija?X_J@w,5,22000,,,false,6
,Ija?X_J@w,6,22000,,,false,6
,Ija?X_J@w,7,22418,,,false,6
,Ija?X_J@w,8,21371,,,false,6
,Ija?X_J@w,9,21791,,,false,6
,I{?BWoTBW,0,32476,,,false,6
,I{?BWoTBW,1,25911,,,false,6
,I{?BWoTBW,2,24584,,,false,6
,I{?BWoTBW,3,24375,,,false,6
,I{?BWoTBW,4,23886,,,false,6
,I{?BWoTBW,5,24375,,,false,6
,I{?BWoTBW,6,23886,,,false,6
,I{?BWoTBW,7,24374,,,false,6
,I{?BWoTBW,8,23746,,,false,6
,I{?BWoTBW,9,24235,,,false,6
,IRaIACbFG,0,144780,,,false,6
,IRaIACbFG,1,133186,,,false,6
,IRaIACbFG,2,123967,,,false,6
,IRaIACbFG,3,126971,,,false,6
,IRaIACbFG,4,136330,,,false,6
,IRaIACbFG,5,121872,,,false,6
,IRaIACbFG,6,121313,,,false,6
,IRaIACbFG,7,125295,,,false,6
,IRaIACbFG,8,125224,,,false,6
,IRaIACbFG,9,119427,,,false,6
,IqS`K?X@w,0,61041,,,false,6
,IqS`K?X@w,1,55383,,,false,6
,IqS`K?X@w,2,53498,,,false,6
,IqS`K?X@w,3,53358,,,false,6
,IqS`K?X@w,4,52660,,,false,6
,IqS`K?X@w,5,70190,,,false,6
,IqS`K?X@w,6,53917,,,false,6
,IqS`K?X@w,7,52870,,,false,6
,IqS`K?X@w,8,52590,,,false,6
,IqS`K?X@w,9,52032,,,false,6
,It?GY@FMO,0,27657,,,false,6
,It?GY@FMO,1,23885,,,false,6
,It?GY@FMO,2,21301,,,false,6
,It?GY@FMO,3,22838,,,false,6
,It?GY@FMO,4,22349,,,false,6
,It?GY@FMO,5,22838,,,false,6
,It?GY@FMO,6,22768,,,false,6
,It?GY@FMO,7,23257,,,false,6
,It?GY@FMO,8,22768,,,false,6
,It?GY@FMO,9,23396,,,false,6
,I`B@_WJ}?,0,101409,,,false,6
,I`B@_WJ}?,1,89396,,,false,6
,I`B@_WJ}?,2,85695,,,false,6
,I`B@_WJ}?,3,84578,,,false,6
,I`B@_WJ}?,4,92539,,,false,6
,I`B@_WJ}?,5,84507,,,false,6
,I`B@_WJ}?,6,83390,,,false,6
,I`B@_WJ}?,7,83669,,,false,6
,I`B@_WJ}?,8,83948,,,false,6
,I`B@_WJ}?,9,84368,,,false,6
,ItPG?CfEo,0,516473,,,false,9
,ItPG?CfEo,1,492447,,,false,9
,ItPG?CfEo,2,504740,,,false,9
,ItPG?CfEo,3,490701,,,false,9
,ItPG?CfEo,4,510955,,,false,9
,ItPG?CfEo,5,495800,,,false,9
,ItPG?CfEo,6,505298,,,false,9
,ItPG?CfEo,7,494403,,,false,9
,ItPG?CfEo,8,502714,,,false,9
,ItPG?CfEo,9,495730,,,false,9
,IFAIPWjp_,0,534352,,,false,9
,IFAIPWjp_,1,507184,,,false,9
,IFAIPWjp_,2,520384,,,false,9
,IFAIPWjp_,3,494333,,,false,9
,IFAIPWjp_,4,501527,,,false,9
,IFAIPWjp_,5,486162,,,false,9
,IFAIPWjp_,6,498733,,,false,9
,IFAIPWjp_,7,483578,,,false,9
,IFAIPWjp_,8,494194,,,false,9
,IFAIPWjp_,9,484277,,,false,9
,Iq??XyiTg,0,537635,,,false,9
,Iq??XyiTg,1,510955,,,false,9
,Iq??XyiTg,2,522479,,,false,9
,Iq??XyiTg,3,507673,,,false,9
,Iq??XyiTg,4,518568,,,false,9
,Iq??XyiTg,5,498105,,,false,9
,Iq??XyiTg,6,513330,,,false,9
,Iq??XyiTg,7,498593,,,false,9
,Iq??XyiTg,8,506765,,,false,9
,Iq??XyiTg,9,509489,,,false,9
,I@?uQQL{O,0,117263,,,false,6
,I@?uQQL{O,1,92330,,,false,6
,I@?uQQL{O,2,88279,,,false,6
,I@?uQQL{O,3,87161,,,false,6
,I@?uQQL{O,4,86114,,,false,6
,I@?uQQL{O,5,86743,,,false,6
,I@?uQQL{O,6,84577,,,false,6
,I@?uQQL{O,7,84926,,,false,6
,I@?uQQL{O,8,84507,,,false,6
,I@?uQQL{O,9,84857,,,false,6
,IGAZOqPwW,0,203795,,,false,6
,IGAZOqPwW,1,189897,,,false,6
,IGAZOqPwW,2,179282,,,false,6
,IGAZOqPwW,3,188011,,,false,6
,IGAZOqPwW,4,185078,,,false,6
,IGAZOqPwW,5,190107,,,false,6
,IGAZOqPwW,6,184590,,,false,6
,IGAZOqPwW,7,179700,,,false,6
,IGAZOqPwW,8,182424,,,false,6
,IGAZOqPwW,9,181935,,,false,6
,IJaD_XDAw,0,89047,,,false,7
,IJaD_XDAw,1,87789,,,false,7
,IJaD_XDAw,2,76895,,,false,7
,IJaD_XDAw,3,76755,,,false,7
,IJaD_XDAw,4,75218,,,false,7
,IJaD_XDAw,5,75567,,,false,7
,IJaD_XDAw,6,74520,,,false,7
,IJaD_XDAw,7,75638,,,false,7
,IJaD_XDAw,8,76127,,,false,7
,IJaD_XDAw,9,76685,,,false,7
,IF?G]YiX_,0,552441,,,false,9
,IF?G]YiX_,1,520593,,,false,9
,IF?G]YiX_,2,515705,,,false,9
,IF?G]YiX_,3,507114,,,false,9
,IF?G]YiX_,4,519197,,,false,9
,IF?G]YiX_,5,507045,,,false,9
,IF?G]YiX_,6,528067,,,false,9
,IF?G]YiX_,7,512352,,,false,9
,IF?G]YiX_,8,519127,,,false,9
,IF?G]YiX_,9,513400,,,false,9
,ItPG?CrBo,0,38622,,,false,6
,ItPG?CrBo,1,22209,,,false,6
,ItPG?CrBo,2,21371,,,false,6
,ItPG?CrBo,3,21511,,,false,6
,ItPG?CrBo,4,20882,,,false,6
,ItPG?CrBo,5,21302,,,false,6
,ItPG?CrBo,6,20603,,,false,6
,ItPG?CrBo,7,21022,,,false,6
,ItPG?CrBo,8,20603,,,false,6
,ItPG?CrBo,9,20813,,,false,6
,Is?JY_pBW,0,30939,,,false,7
,Is?JY_pBW,1,25561,,,false,7
,Is?JY_pBW,2,23885,,,false,7
,Is?JY_pBW,3,23885,,,false,7
,Is?JY_pBW,4,23885,,,false,7
,Is?JY_pBW,5,23815,,,false,7
,Is?JY_pBW,6,23257,,,false,7
,Is?JY_pBW,7,23327,,,false,7
,Is?JY_pBW,8,23886,,,false,7
,Is?JY_pBW,9,23816,,,false,7
,I?X_sespo,0,526949,,,false,9
,I?X_sespo,1,505647,,,false,9
,I?X_sespo,2,534562,,,false,9
,I?X_sespo,3,515705,,,false,9
,I?X_sespo,4,526949,,,false,9
,I?X_sespo,5,511793,,,false,9
,I?X_sespo,6,525552,,,false,9
,I?X_sespo,7,519615,,,false,9
,I?X_sespo,8,535470,,,false,9
,I?X_sespo,9,517381,,,false,9
,Ii??Xyidg,0,542803,,,false,9
,Ii??Xyidg,1,538403,,,false,9
,Ii??Xyidg,2,534631,,,false,9
,Ii??Xyidg,3,515775,,,false,9
,Ii??Xyidg,4,506695,,,false,9
,Ii??Xyidg,5,520872,,,false,9
,Ii??Xyidg,6,499990,,,false,9
,Ii??Xyidg,7,510956,,,false,9
,Ii??Xyidg,8,502854,,,false,9
,Ii??Xyidg,9,513609,,,false,9
,Iq`@OgfEw,0,507184,,,false,9
,Iq`@OgfEw,1,503413,,,false,9
,Iq`@OgfEw,2,489723,,,false,9
,Iq`@OgfEw,3,500130,,,false,9
,Iq`@OgfEw,4,486511,,,false,9
,Iq`@OgfEw,5,505718,,,false,9
,Iq`@OgfEw,6,495800,,,false,9
,Iq`@OgfEw,7,522829,,,false,9
,Iq`@OgfEw,8,500479,,,false,9
,Iq`@OgfEw,9,505508,,,false,9
,Is?IXXQKW,0,31429,,,false,7
,Is?IXXQKW,1,25701,,,false,7
,Is?IXXQKW,2,24444,,,false,7
,Is?IXXQKW,3,23955,,,false,7
,Is?IXXQKW,4,23607,,,false,7
,Is?IXXQKW,5,24025,,,false,7
,Is?IXXQKW,6,23396,,,false,7
,Is?IXXQKW,7,23466,,,false,7
,Is?IXXQKW,8,23466,,,false,7
,Is?IXXQKW,9,23885,,,false,7
,IqMA`OF@w,0,554675,,,false,9
,IqMA`OF@w,1,522200,,,false,9
,IqMA`OF@w,2,525622,,,false,9
,IqMA`OF@w,3,510257,,,false,9
,IqMA`OF@w,4,525622,,,false,9
,IqMA`OF@w,5,508650,,,false,9
,IqMA`OF@w,6,510466,,,false,9
,IqMA`OF@w,7,497685,,,false,9
,IqMA`OF@w,8,514727,,,false,9
,IqMA`OF@w,9,501178,,,false,9
,Ija?pGJ@w,0,502365,,,false,9
,Ija?pGJ@w,1,480645,,,false,9
,Ija?pGJ@w,2,488537,,,false,9
,Ija?pGJ@w,3,474918,,,false,9
,Ija?pGJ@w,4,487349,,,false,9
,Ija?pGJ@w,5,472473,,,false,9
,Ija?pGJ@w,6,498105,,,false,9
,Ija?pGJ@w,7,491539,,,false,9
,Ija?pGJ@w,8,522060,,,false,9
,Ija?pGJ@w,9,510676,,,false,9
,I?emBXQKg,0,573394,,,false,9
,I?emBXQKg,1,556003,,,false,9
,I?emBXQKg,2,539311,,,false,9
,I?emBXQKg,3,554885,,,false,9
,I?emBXQKg,4,535819,,,false,9
,I?emBXQKg,5,516543,,,false,9
,I?emBXQKg,6,513819,,,false,9
,I?emBXQKg,7,538263,,,false,9
,I?emBXQKg,8,525203,,,false,9
,I?emBXQKg,9,525761,,,false,9
,I__HGlo}G,0,531349,,,false,9
,I__HGlo}G,1,539520,,,false,9
,I__HGlo}G,2,506975,,,false,9
,I__HGlo}G,3,510886,,,false,9
,I__HGlo}G,4,508092,,,false,9
,I__HGlo}G,5,516612,,,false,9
,I__HGlo}G,6,510955,,,false,9
,I__HGlo}G,7,494822,,,false,9
,I__HGlo}G,8,520943,,,false,9
,I__HGlo}G,9,506975,,,false,9
,IoCOQKf}?,0,525412,,,false,9
,IoCOQKf}?,1,507254,,,false,9
,IoCOQKf}?,2,519965,,,false,9
,IoCOQKf}?,3,505298,,,false,9
,IoCOQKf}?,4,509419,,,false,9
,IoCOQKf}?,5,499502,,,false,9
,IoCOQKf}?,6,529882,,,false,9
,IoCOQKf}?,7,512003,,,false,9
,IoCOQKf}?,8,517661,,,false,9
,IoCOQKf}?,9,502505,,,false,9
,IWAQWoXwW,0,534073,,,false,9
,IWAQWoXwW,1,504390,,,false,9
,IWAQWoXwW,2,514796,,,false,9
,IWAQWoXwW,3,491680,,,false,9
,IWAQWoXwW,4,504809,,,false,9
,IWAQWoXwW,5,485324,,,false,9
,IWAQWoXwW,6,499850,,,false,9
,IWAQWoXwW,7,489654,,,false,9
,IWAQWoXwW,8,499502,,,false,9
,IWAQWoXwW,9,493216,,,false,9
,IsP@OgfEw,0,529603,,,false,9
,IsP@OgfEw,1,505158,,,false,9
,IsP@OgfEw,2,511444,,,false,9
,IsP@OgfEw,3,497546,,,false,9
,IsP@OgfEw,4,506835,,,false,9
,IsP@OgfEw,5,513261,,,false,9
,IsP@OgfEw,6,507464,,,false,9
,IsP@OgfEw,7,520384,,,false,9
,IsP@OgfEw,8,512143,,,false,9
,IsP@OgfEw,9,519407,,,false,9
,IQ`F`GXBW,0,533584,,,false,9
,IQ`F`GXBW,1,539450,,,false,9
,IQ`F`GXBW,2,523247,,,false,9
,IQ`F`GXBW,3,524435,,,false,9
,IQ`F`GXBW,4,509978,,,false,9
,IQ`F`GXBW,5,518988,,,false,9
,IQ`F`GXBW,6,511864,,,false,9
,IQ`F`GXBW,7,521432,,,false,9
,IQ`F`GXBW,8,504879,,,false,9
,IQ`F`GXBW,9,524295,,,false,9
,IsOPAWVIw,0,523387,,,false,9
,IsOPAWVIw,1,518848,,,false,9
,IsOPAWVIw,2,516124,,,false,9
,IsOPAWVIw,3,503343,,,false,9
,IsOPAWVIw,4,519826,,,false,9
,IsOPAWVIw,5,504809,,,false,9
,IsOPAWVIw,6,512561,,,false,9
,IsOPAWVIw,7,497197,,,false,9
,IsOPAWVIw,8,527578,,,false,9
,IsOPAWVIw,9,516333,,,false,9
,IIGOSMF}?,0,536168,,,false,9
,IIGOSMF}?,1,511864,,,false,9
,IIGOSMF}?,2,524784,,,false,9
,IIGOSMF}?,3,508162,,,false,9
,IIGOSMF}?,4,515495,,,false,9
,IIGOSMF}?,5,504181,,,false,9
,IIGOSMF}?,6,516123,,,false,9
,IIGOSMF}?,7,497755,,,false,9
,IIGOSMF}?,8,498454,,,false,9
,IIGOSMF}?,9,488048,,,false,9
,IqGODTUBw,0,550067,,,false,9
,IqGODTUBw,1,515704,,,false,9
,IqGODTUBw,2,523736,,,false,9
,IqGODTUBw,3,512422,,,false,9
,IqGODTUBw,4,514028,,,false,9
,IqGODTUBw,5,517101,,,false,9
,IqGODTUBw,6,506695,,,false,9
,IqGODTUBw,7,526321,,,false,9
,IqGODTUBw,8,513330,,,false,9
,IqGODTUBw,9,518569,,,false,9
,I``@xaHPW,0,86743,,,false,7
,I``@xaHPW,1,79269,,,false,7
,I``@xaHPW,2,76685,,,false,7
,I``@xaHPW,3,76476,,,false,7
,I``@xaHPW,4,74869,,,false,7
,I``@xaHPW,5,75917,,,false,7
,I``@xaHPW,6,75148,,,false,7
,I``@xaHPW,7,75498,,,false,7
,I``@xaHPW,8,75288,,,false,7
,I``@xaHPW,9,75847,,,false,7
,I@`MEWyL_,0,519895,,,false,9
,I@`MEWyL_,1,523876,,,false,9
,I@`MEWyL_,2,515216,,,false,9
,I@`MEWyL_,3,518568,,,false,9
,I@`MEWyL_,4,502784,,,false,9
,I@`MEWyL_,5,525413,,,false,9
,I@`MEWyL_,6,506346,,,false,9
,I@`MEWyL_,7,521012,,,false,9
,I@`MEWyL_,8,508511,,,false,9
,I@`MEWyL_,9,540917,,,false,9
,IukAHLUJO,0,531349,,,false,9
,IukAHLUJO,1,520524,,,false,9
,IukAHLUJO,2,511444,,,false,9
,IukAHLUJO,3,529463,,,false,9
,IukAHLUJO,4,509559,,,false,9
,IukAHLUJO,5,520803,,,false,9
,IukAHLUJO,6,497127,,,false,9
,IukAHLUJO,7,495730,,,false,9
,IukAHLUJO,8,488537,,,false,9
,IukAHLUJO,9,498594,,,false,9
,I~~DI[vFw,0,529673,,,false,9
,I~~DI[vFw,1,510467,,,false,9
,I~~DI[vFw,2,510536,,,false,9
,I~~DI[vFw,3,498175,,,false,9
,I~~DI[vFw,4,505228,,,false,9
,I~~DI[vFw,5,495590,,,false,9
,I~~DI[vFw,6,503692,,,false,9
,I~~DI[vFw,7,496149,,,false,9
,I~~DI[vFw,8,505019,,,false,9
,I~~DI[vFw,9,488537,,,false,9
,I~qkzXZLw,0,503273,,,false,9
,I~qkzXZLw,1,488746,,,false,9
,I~qkzXZLw,2,507673,,,false,9
,I~qkzXZLw,3,489514,,,false,9
,I~qkzXZLw,4,507953,,,false,9
,I~qkzXZLw,5,499152,,,false,9
,I~qkzXZLw,6,521991,,,false,9
,I~qkzXZLw,7,504321,,,false,9
,I~qkzXZLw,8,497686,,,false,9
,I~qkzXZLw,9,493216,,,false,9
,I???h?HpG,0,19626,,,false,3
,I???h?HpG,1,15225,,,false,3
,I???h?HpG,2,14317,,,false,3
,I???h?HpG,3,13829,,,false,3
,I???h?HpG,4,14178,,,false,3
,I???h?HpG,5,13479,,,false,3
,I???h?HpG,6,13689,,,false,3
,I???h?HpG,7,12990,,,false,3
,I???h?HpG,8,13130,,,false,3
,I???h?HpG,9,13829,,,false,3
,I????SE{G,0,16203,,,false,3
,I????SE{G,1,13479,,,false,3
,I????SE{G,2,13688,,,false,3
,I????SE{G,3,21511,,,false,3
,I????SE{G,4,12362,,,false,3
,I????SE{G,5,12781,,,false,3
,I????SE{G,6,12362,,,false,3
,I????SE{G,7,12292,,,false,3
,I????SE{G,8,11872,,,false,3
,I????SE{G,9,12292,,,false,3
,I???BGY`_,0,19835,,,false,3
,I???BGY`_,1,16972,,,false,3
,I???BGY`_,2,16343,,,false,3
,I???BGY`_,3,16133,,,false,3
,I???BGY`_,4,16273,,,false,3
,I???BGY`_,5,15295,,,false,3
,I???BGY`_,6,16134,,,false,3
,I???BGY`_,7,15365,,,false,3
,I???BGY`_,8,16204,,,false,3
,I???BGY`_,9,16203,,,false,3
,It?IQGiDO,0,528485,,,false,9
,It?IQGiDO,1,511445,,,false,9
,It?IQGiDO,2,499222,,,false,9
,It?IQGiDO,3,510396,,,false,9
,It?IQGiDO,4,499432,,,false,9
,It?IQGiDO,5,499432,,,false,9
,It?IQGiDO,6,490073,,,false,9
,It?IQGiDO,7,492727,,,false,9
,It?IQGiDO,8,488048,,,false,9
,It?IQGiDO,9,494753,,,false,9
,IG_UXzs}O,0,515076,,,false,9
,IG_UXzs}O,1,518917,,,false,9
,IG_UXzs}O,2,506974,,,false,9
,IG_UXzs}O,3,498803,,,false,9
,IG_UXzs}O,4,506276,,,false,9
,IG_UXzs}O,5,496638,,,false,9
,IG_UXzs}O,6,510048,,,false,9
,IG_UXzs}O,7,499851,,,false,9
,IG_UXzs}O,8,521292,,,false,9
,IG_UXzs}O,9,499083,,,false,9
,I_A_tt}^_,0,559704,,,false,9
,I_A_tt}^_,1,536307,,,false,9
,I_A_tt}^_,2,548041,,,false,9
,I_A_tt}^_,3,536098,,,false,9
,I_A_tt}^_,4,535399,,,false,9
,I_A_tt}^_,5,530511,,,false,9
,I_A_tt}^_,6,548111,,,false,9
,I_A_tt}^_,7,536308,,,false,9
,I_A_tt}^_,8,532955,,,false,9
,I_A_tt}^_,9,532397,,,false,9
,I?O__E@BG,0,34781,,,false,3
,I?O__E@BG,1,27797,,,false,3
,I?O__E@BG,2,25911,,,false,3
,I?O__E@BG,3,25562,,,false,3
,I?O__E@BG,4,25003,,,false,3
,I?O__E@BG,5,25212,,,false,3
,I?O__E@BG,6,25213,,,false,3
,I?O__E@BG,7,24794,,,false,3
,I?O__E@BG,8,24374,,,false,3
,I?O__E@BG,9,25282,,,false,3
,IJPHPKYDW,0,748903,,,false,9
,IJPHPKYDW,1,714332,,,false,9
,IJPHPKYDW,2,733538,,,false,9
,IJPHPKYDW,3,722782,,,false,9
,IJPHPKYDW,4,718802,,,false,9
,IJPHPKYDW,5,707976,,,false,9
,IJPHPKYDW,6,722782,,,false,9
,IJPHPKYDW,7,732561,,,false,9
,IJPHPKYDW,8,740033,,,false,9
,IJPHPKYDW,9,720408,,,false,9
,I?@?RaQJG,0,158399,,,false,7
,I?@?RaQJG,1,147434,,,false,7
,I?@?RaQJG,2,135561,,,false,7
,I?@?RaQJG,3,131161,,,false,7
,I?@?RaQJG,4,124456,,,false,7
,I?@?RaQJG,5,127879,,,false,7
,I?@?RaQJG,6,127599,,,false,7
,I?@?RaQJG,7,123479,,,false,7
,I?@?RaQJG,8,127390,,,false,7
,I?@?RaQJG,9,121663,,,false,7
,IQQ@HKYEW,0,191294,,,false,6
,IQQ@HKYEW,1,173065,,,false,6
,IQQ@HKYEW,2,171599,,,false,6
,IQQ@HKYEW,3,169015,,,false,6
,IQQ@HKYEW,4,173205,,,false,6
,IQQ@HKYEW,5,167408,,,false,6
,IQQ@HKYEW,6,166640,,,false,6
,IQQ@HKYEW,7,165663,,,false,6
,IQQ@HKYEW,8,166361,,,false,6
,IQQ@HKYEW,9,160425,,,false,6
,Ir?GWWJ@w,0,51194,,,false,5
,Ir?GWWJ@w,1,33384,,,false,5
,Ir?GWWJ@w,2,32127,,,false,5
,Ir?GWWJ@w,3,32755,,,false,5
,Ir?GWWJ@w,4,31918,,,false,5
,Ir?GWWJ@w,5,31498,,,false,5
,Ir?GWWJ@w,6,31009,,,false,5
,Ir?GWWJ@w,7,31918,,,false,5
,Ir?GWWJ@w,8,31009,,,false,5
,Ir?GWWJ@w,9,31708,,,false,5
,I`?M@_K?w,0,16832,,,false,3
,I`?M@_K?w,1,14318,,,false,3
,I`?M@_K?w,2,13340,,,false,3
,I`?M@_K?w,3,13968,,,false,3
,I`?M@_K?w,4,14177,,,false,3
,I`?M@_K?w,5,13479,,,false,3
,I`?M@_K?w,6,12780,,,false,3
,I`?M@_K?w,7,13479,,,false,3
,I`?M@_K?w,8,12780,,,false,3
,I`?M@_K?w,9,12990,,,false,3
,Iv?GOKFY?,0,25911,,,false,5
,Iv?GOKFY?,1,22139,,,false,5
,Iv?GOKFY?,2,21092,,,false,5
,Iv?GOKFY?,3,21511,,,false,5
,Iv?GOKFY?,4,20952,,,false,5
,Iv?GOKFY?,5,21301,,,false,5
,Iv?GOKFY?,6,21022,,,false,5
,Iv?GOKFY?,7,21022,,,false,5
,Iv?GOKFY?,8,21162,,,false,5
,Iv?GOKFY?,9,20883,,,false,5
,I???pHG`G,0,12082,,,false,3
,I???pHG`G,1,9778,,,false,3
,I???pHG`G,2,9499,,,false,3
,I???pHG`G,3,9149,,,false,3
,I???pHG`G,4,9428,,,false,3
,I???pHG`G,5,9219,,,false,3
,I???pHG`G,6,9428,,,false,3
,I???pHG`G,7,9079,,,false,3
,I???pHG`G,8,9499,,,false,3
,I???pHG`G,9,9010,,,false,3
,I?C@?N?BG,0,20044,,,false,3
,I?C@?N?BG,1,15853,,,false,3
,I?C@?N?BG,2,15155,,,false,3
,I?C@?N?BG,3,14457,,,false,3
,I?C@?N?BG,4,14737,,,false,3
,I?C@?N?BG,5,14736,,,false,3
,I?C@?N?BG,6,14247,,,false,3
,I?C@?N?BG,7,14596,,,false,3
,I?C@?N?BG,8,14317,,,false,3
,I?C@?N?BG,9,14666,,,false,3
,IugOXhJX_,0,502854,,,false,9
,IugOXhJX_,1,509559,,,false,9
,IugOXhJX_,2,490841,,,false,9
,IugOXhJX_,3,498873,,,false,9
,IugOXhJX_,4,483089,,,false,9
,IugOXhJX_,5,504880,,,false,9
,IugOXhJX_,6,486092,,,false,9
,IugOXhJX_,7,501038,,,false,9
,IugOXhJX_,8,489444,,,false,9
,IugOXhJX_,9,498174,,,false,9
,I?_aCwuU_,0,66698,,,false,7
,I?_aCwuU_,1,57619,,,false,7
,I?_aCwuU_,2,54197,,,false,7
,I?_aCwuU_,3,53498,,,false,7
,I?_aCwuU_,4,52869,,,false,7
,I?_aCwuU_,5,52870,,,false,7
,I?_aCwuU_,6,53219,,,false,7
,I?_aCwuU_,7,52939,,,false,7
,I?_aCwuU_,8,52800,,,false,7
,I?_aCwuU_,9,52870,,,false,7
,I?cqcGbQW,0,426309,,,false,7
,I?cqcGbQW,1,405286,,,false,7
,I?cqcGbQW,2,427705,,,false,7
,I?cqcGbQW,3,408779,,,false,7
,I?cqcGbQW,4,402982,,,false,7
,I?cqcGbQW,5,399420,,,false,7
,I?cqcGbQW,6,393553,,,false,7
,I?cqcGbQW,7,409477,,,false,7
,I?cqcGbQW,8,400747,,,false,7
,I?cqcGbQW,9,416461,,,false,7
,I@Q@QK^kw,0,180329,,,false,7
,I@Q@QK^kw,1,167548,,,false,7
,I@Q@QK^kw,2,166361,,,false,7
,I@Q@QK^kw,3,158888,,,false,7
,I@Q@QK^kw,4,155536,,,false,7
,I@Q@QK^kw,5,164615,,,false,7
,I@Q@QK^kw,6,153091,,,false,7
,I@Q@QK^kw,7,155955,,,false,7
,I@Q@QK^kw,8,153021,,,false,7
,I@Q@QK^kw,9,147294,,,false,7
,ICHCPLRFw,0,199047,,,false,7
,ICHCPLRFw,1,195205,,,false,7
,ICHCPLRFw,2,183123,,,false,7
,ICHCPLRFw,3,175929,,,false,7
,ICHCPLRFw,4,173065,,,false,7
,ICHCPLRFw,5,174044,,,false,7
,ICHCPLRFw,6,183542,,,false,7
,ICHCPLRFw,7,172507,,,false,7
,ICHCPLRFw,8,172088,,,false,7
,ICHCPLRFw,9,171599,,,false,7
,IOD?g\bew,0,543850,,,false,9
,IOD?g\bew,1,506625,,,false,9
,IOD?g\bew,2,537565,,,false,9
,IOD?g\bew,3,528486,,,false,9
,IOD?g\bew,4,530022,,,false,9
,IOD?g\bew,5,518079,,,false,9
,IOD?g\bew,6,525691,,,false,9
,IOD?g\bew,7,516892,,,false,9
,IOD?g\bew,8,521990,,,false,9
,IOD?g\bew,9,511933,,,false,9
,I@`CJcnFw,0,423095,,,false,7
,I@`CJcnFw,1,403121,,,false,7
,I@`CJcnFw,2,417718,,,false,7
,I@`CJcnFw,3,402772,,,false,7
,I@`CJcnFw,4,410594,,,false,7
,I@`CJcnFw,5,402563,,,false,7
,I@`CJcnFw,6,397534,,,false,7
,I@`CJcnFw,7,412620,,,false,7
,I@`CJcnFw,8,401306,,,false,7
,I@`CJcnFw,9,415762,,,false,7
,I??GjQoRg,0,335306,,,false,7
,I??GjQoRg,1,313027,,,false,7
,I??GjQoRg,2,324900,,,false,7
,I??GjQoRg,3,311351,,,false,7
,I??GjQoRg,4,307020,,,false,7
,I??GjQoRg,5,313515,,,false,7
,I??GjQoRg,6,300945,,,false,7
,I??GjQoRg,7,295217,,,false,7
,I??GjQoRg,8,296754,,,false,7
,I??GjQoRg,9,304925,,,false,7
,IoCOPHA~w,0,537215,,,false,9
,IoCOPHA~w,1,536726,,,false,9
,IoCOPHA~w,2,518079,,,false,9
,IoCOPHA~w,3,525832,,,false,9
,IoCOPHA~w,4,519476,,,false,9
,IoCOPHA~w,5,528206,,,false,9
,IoCOPHA~w,6,526810,,,false,9
,IoCOPHA~w,7,514797,,,false,9
,IoCOPHA~w,8,531559,,,false,9
,IoCOPHA~w,9,519965,,,false,9
,I????Wqoo,0,21022,,,false,3
,I????Wqoo,1,17250,,,false,3
,I????Wqoo,2,15644,,,false,3
,I????Wqoo,3,15295,,,false,3
,I????Wqoo,4,15295,,,false,3
,I????Wqoo,5,15575,,,false,3
,I????Wqoo,6,14946,,,false,3
,I????Wqoo,7,14527,,,false,3
,I????Wqoo,8,14806,,,false,3
,I????Wqoo,9,15015,,,false,3
,I???OGoow,0,19625,,,false,3
,I???OGoow,1,16622,,,false,3
,I???OGoow,2,16552,,,false,3
,I???OGoow,3,16273,,,false,3
,I???OGoow,4,16623,,,false,3
,I???OGoow,5,17321,,,false,3
,I???OGoow,6,17042,,,false,3
,I???OGoow,7,16762,,,false,3
,I???OGoow,8,16622,,,false,3
,I???OGoow,9,15993,,,false,3
,I{~~fd^Nw,0,544549,,,false,9
,I{~~fd^Nw,1,559564,,,false,9
,I{~~fd^Nw,2,547482,,,false,9
,I{~~fd^Nw,3,543850,,,false,9
,I{~~fd^Nw,4,531768,,,false,9
,I{~~fd^Nw,5,563755,,,false,9
,I{~~fd^Nw,6,541895,,,false,9
,I{~~fd^Nw,7,523597,,,false,9
,I{~~fd^Nw,8,535330,,,false,9
,I{~~fd^Nw,9,533794,,,false,9
,ICS}||~~w,0,581635,,,false,9
,ICS}||~~w,1,542384,,,false,9
,ICS}||~~w,2,556421,,,false,9
,ICS}||~~w,3,539101,,,false,9
,ICS}||~~w,4,549089,,,false,9
,ICS}||~~w,5,547762,,,false,9
,ICS}||~~w,6,541546,,,false,9
,ICS}||~~w,7,550625,,,false,9
,ICS}||~~w,8,543850,,,false,9
,ICS}||~~w,9,558098,,,false,9
,I?v\||~^w,0,560612,,,false,9
,I?v\||~^w,1,557609,,,false,9
,I?v\||~^w,2,548669,,,false,9
,I?v\||~^w,3,574441,,,false,9
,I?v\||~^w,4,569342,,,false,9
,I?v\||~^w,5,554187,,,false,9
,I?v\||~^w,6,572904,,,false,9
,I?v\||~^w,7,551114,,,false,9
,I?v\||~^w,8,564943,,,false,9
,I?v\||~^w,9,549787,,,false,9
,I`?N~~~~w,0,569482,,,false,9
,I`?N~~~~w,1,558028,,,false,9
,I`?N~~~~w,2,536587,,,false,9
,I`?N~~~~w,3,560053,,,false,9
,I`?N~~~~w,4,537635,,,false,9
,I`?N~~~~w,5,546714,,,false,9
,I`?N~~~~w,6,538054,,,false,9
,I`?N~~~~w,7,542943,,,false,9
,I`?N~~~~w,8,533444,,,false,9
,I`?N~~~~w,9,540498,,,false,9
,I~ze}w~Nw,0,524295,,,false,9
,I~ze}w~Nw,1,510467,,,false,9
,I~ze}w~Nw,2,524993,,,false,9
,I~ze}w~Nw,3,522688,,,false,9
,I~ze}w~Nw,4,532885,,,false,9
,I~ze}w~Nw,5,509070,,,false,9
,I~ze}w~Nw,6,532396,,,false,9
,I~ze}w~Nw,7,535120,,,false,9
,I~ze}w~Nw,8,535749,,,false,9
,I~ze}w~Nw,9,506277,,,false,9
,I~~DJK^Fw,0,567946,,,false,9
,I~~DJK^Fw,1,543292,,,false,9
,I~~DJK^Fw,2,530371,,,false,9
,I~~DJK^Fw,3,526599,,,false,9
,I~~DJK^Fw,4,523736,,,false,9
,I~~DJK^Fw,5,532047,,,false,9
,I~~DJK^Fw,6,519965,,,false,9
,I~~DJK^Fw,7,544828,,,false,9
,I~~DJK^Fw,8,543641,,,false,9
,I~~DJK^Fw,9,562987,,,false,9
,Itlai[~Nw,0,535190,,,false,9
,Itlai[~Nw,1,534073,,,false,9
,Itlai[~Nw,2,516403,,,false,9
,Itlai[~Nw,3,534771,,,false,9
,Itlai[~Nw,4,524225,,,false,9
,Itlai[~Nw,5,479248,,,false,9
,Itlai[~Nw,6,499642,,,false,9
,Itlai[~Nw,7,504670,,,false,9
,Itlai[~Nw,8,510467,,,false,9
,Itlai[~Nw,9,489654,,,false,9
,IQGm_|~~w,0,568713,,,false,9
,IQGm_|~~w,1,546923,,,false,9
,IQGm_|~~w,2,551882,,,false,9
,IQGm_|~~w,3,537216,,,false,9
,IQGm_|~~w,4,549158,,,false,9
,IQGm_|~~w,5,534771,,,false,9
,IQGm_|~~w,6,542454,,,false,9
,IQGm_|~~w,7,533374,,,false,9
,IQGm_|~~w,8,547622,,,false,9
,IQGm_|~~w,9,540009,,,false,9
,IwCO]}~^w,0,549577,,,false,9
,IwCO]}~^w,1,552371,,,false,9
,IwCO]}~^w,2,530790,,,false,9
,IwCO]}~^w,3,551184,,,false,9
,IwCO]}~^w,4,525273,,,false,9
,IwCO]}~^w,5,549647,,,false,9
,IwCO]}~^w,6,527717,,,false,9
,IwCO]}~^w,7,543851,,,false,9
,IwCO]}~^w,8,543851,,,false,9
,IwCO]}~^w,9,513051,,,false,9
,I~zf?{^Fw,0,538264,,,false,9
,I~zf?{^Fw,1,534352,,,false,9
,I~zf?{^Fw,2,551882,,,false,9
,I~zf?{^Fw,3,525203,,,false,9
,I~zf?{^Fw,4,543851,,,false,9
,I~zf?{^Fw,5,540289,,,false,9
,I~zf?{^Fw,6,547831,,,false,9
,I~zf?{^Fw,7,530720,,,false,9
,I~zf?{^Fw,8,548600,,,false,9
,I~zf?{^Fw,9,552022,,,false,9
,I?rMX{~Nw,0,573673,,,false,9
,I?rMX{~Nw,1,575349,,,false,9
,I?rMX{~Nw,2,551533,,,false,9
,I?rMX{~Nw,3,562707,,,false,9
,I?rMX{~Nw,4,550066,,,false,9
,I?rMX{~Nw,5,550625,,,false,9
,I?rMX{~Nw,6,556701,,,false,9
,I?rMX{~Nw,7,544339,,,false,9
,I?rMX{~Nw,8,555723,,,false,9
,I?rMX{~Nw,9,548181,,,false,9
,I~fLQ{}Xw,0,522689,,,false,9
,I~fLQ{}Xw,1,494404,,,false,9
,I~fLQ{}Xw,2,524225,,,false,9
,I~fLQ{}Xw,3,505298,,,false,9
,I~fLQ{}Xw,4,541895,,,false,9
,I~fLQ{}Xw,5,509070,,,false,9
,I~fLQ{}Xw,6,534212,,,false,9
,I~fLQ{}Xw,7,514796,,,false,9
,I~fLQ{}Xw,8,532118,,,false,9
,I~fLQ{}Xw,9,517101,,,false,9
,I?qkz\^Nw,0,572974,,,false,9
,I?qkz\^Nw,1,584637,,,false,9
,I?qkz\^Nw,2,573882,,,false,9
,I?qkz\^Nw,3,560053,,,false,9
,I?qkz\^Nw,4,559285,,,false,9
,I?qkz\^Nw,5,554256,,,false,9
,I?qkz\^Nw,6,572486,,,false,9
,I?qkz\^Nw,7,546784,,,false,9
,I?qkz\^Nw,8,565222,,,false,9
,I?qkz\^Nw,9,549088,,,false,9
,IvzfA{}Fw,0,540079,,,false,9
,IvzfA{}Fw,1,517660,,,false,9
,IvzfA{}Fw,2,547691,,,false,9
,IvzfA{}Fw,3,520175,,,false,9
,IvzfA{}Fw,4,542384,,,false,9
,IvzfA{}Fw,5,528206,,,false,9
,IvzfA{}Fw,6,534492,,,false,9
,IvzfA{}Fw,7,540079,,,false,9
,IvzfA{}Fw,8,547412,,,false,9
,IvzfA{}Fw,9,540079,,,false,9
,I?C^~~{~G,0,579120,,,false,9
,I?C^~~{~G,1,580168,,,false,9
,I?C^~~{~G,2,581914,,,false,9
,I?C^~~{~G,3,559145,,,false,9
,I?C^~~{~G,4,585196,,,false,9
,I?C^~~{~G,5,549578,,,false,9
,I?C^~~{~G,6,575837,,,false,9
,I?C^~~{~G,7,545247,,,false,9
,I?C^~~{~G,8,567666,,,false,9
,I?C^~~{~G,9,547692,,,false,9
,I?@Yx{~zw,0,606707,,,false,9
,I?@Yx{~zw,1,601539,,,false,9
,I?@Yx{~zw,2,599025,,,false,9
,I?@Yx{~zw,3,598535,,,false,9
,I?@Yx{~zw,4,607755,,,false,9
,I?@Yx{~zw,5,614181,,,false,9
,I?@Yx{~zw,6,635761,,,false,9
,I?@Yx{~zw,7,627869,,,false,9
,I?@Yx{~zw,8,654059,,,false,9
,I?@Yx{~zw,9,629196,,,false,9
,Is`zro~Nw,0,523876,,,false,9
,Is`zro~Nw,1,509559,,,false,9
,Is`zro~Nw,2,505229,,,false,9
,Is`zro~Nw,3,511514,,,false,9
,Is`zro~Nw,4,526320,,,false,9
,Is`zro~Nw,5,512841,,,false,9
,Is`zro~Nw,6,506905,,,false,9
,Is`zro~Nw,7,503343,,,false,9
,Is`zro~Nw,8,514238,,,false,9
,Is`zro~Nw,9,491959,,,false,9
,I??D||~^w,0,824401,,,false,9
,I??D||~^w,1,835785,,,false,9
,I??D||~^w,2,801982,,,false,9
,I??D||~^w,3,823703,,,false,9
,I??D||~^w,4,820071,,,false,9
,I??D||~^w,5,825588,,,false,9
,I??D||~^w,6,811830,,,false,9
,I??D||~^w,7,846121,,,false,9
,I??D||~^w,8,811061,,,false,9
,I??D||~^w,9,839906,,,false,9
,I??F~~}~W,0,608454,,,false,9
,I??F~~}~W,1,598675,,,false,9
,I??F~~}~W,2,592809,,,false,9
,I??F~~}~W,3,603913,,,false,9
,I??F~~}~W,4,586803,,,false,9
,I??F~~}~W,5,592181,,,false,9
,I??F~~}~W,6,589317,,,false,9
,I??F~~}~W,7,576745,,,false,9
,I??F~~}~W,8,590225,,,false,9
,I??F~~}~W,9,572066,,,false,9
,I~?GW]^Zo,0,29403,,,false,5
,I~?GW]^Zo,1,24095,,,false,5
,I~?GW]^Zo,2,23257,,,false,5
,I~?GW]^Zo,3,23327,,,false,5
,I~?GW]^Zo,4,23466,,,false,5
,I~?GW]^Zo,5,32476,,,false,5
,I~?GW]^Zo,6,28634,,,false,5
,I~?GW]^Zo,7,22838,,,false,5
,I~?GW]^Zo,8,23326,,,false,5
,I~?GW]^Zo,9,23327,,,false,5
,I~}AHKVBw,0,523526,,,false,9
,I~}AHKVBw,1,519476,,,false,9
,I~}AHKVBw,2,498523,,,false,9
,I~}AHKVBw,3,513330,,,false,9
,I~}AHKVBw,4,499362,,,false,9
,I~}AHKVBw,5,512841,,,false,9
,I~}AHKVBw,6,500270,,,false,9
,I~}AHKVBw,7,525203,,,false,9
,I~}AHKVBw,8,508511,,,false,9
,I~}AHKVBw,9,518568,,,false,9
,ITlAIK~No,0,137377,,,false,5
,ITlAIK~No,1,134374,,,false,5
,ITlAIK~No,2,131999,,,false,5
,ITlAIK~No,3,131231,,,false,5
,ITlAIK~No,4,137796,,,false,5
,ITlAIK~No,5,131929,,,false,5
,ITlAIK~No,6,131929,,,false,5
,ITlAIK~No,7,128577,,,false,5
,ITlAIK~No,8,131929,,,false,5
,ITlAIK~No,9,131790,,,false,5
,I?qi`e^Zw,0,559704,,,false,9
,I?qi`e^Zw,1,527997,,,false,9
,I?qi`e^Zw,2,544828,,,false,9
,I?qi`e^Zw,3,524225,,,false,9
,I?qi`e^Zw,4,528206,,,false,9
,I?qi`e^Zw,5,516124,,,false,9
,I?qi`e^Zw,6,512352,,,false,9
,I?qi`e^Zw,7,522340,,,false,9
,I?qi`e^Zw,8,514797,,,false,9
,I?qi`e^Zw,9,529533,,,false,9
,I`?M\\]NW,0,531488,,,false,9
,I`?M\\]NW,1,531069,,,false,9
,I`?M\\]NW,2,516612,,,false,9
,I`?M\\]NW,3,530581,,,false,9
,I`?M\\]NW,4,510955,,,false,9
,I`?M\\]NW,5,531559,,,false,9
,I`?M\\]NW,6,525692,,,false,9
,I`?M\\]NW,7,542873,,,false,9
,I`?M\\]NW,8,522758,,,false,9
,I`?M\\]NW,9,527996,,,false,9
,IITX`Sffw,0,585894,,,false,9
,IITX`Sffw,1,560891,,,false,9
,IITX`Sffw,2,567247,,,false,9
,IITX`Sffw,3,566340,,,false,9
,IITX`Sffw,4,572066,,,false,9
,IITX`Sffw,5,543361,,,false,9
,IITX`Sffw,6,558586,,,false,9
,IITX`Sffw,7,555165,,,false,9
,IITX`Sffw,8,544339,,,false,9
,IITX`Sffw,9,558517,,,false,9
,I@KpW~Tqw,0,570529,,,false,9
,I@KpW~Tqw,1,584847,,,false,9
,I@KpW~Tqw,2,562707,,,false,9
,I@KpW~Tqw,3,571786,,,false,9
,I@KpW~Tqw,4,567945,,,false,9
,I@KpW~Tqw,5,553069,,,false,9
,I@KpW~Tqw,6,567037,,,false,9
,I@KpW~Tqw,7,574859,,,false,9
,I@KpW~Tqw,8,584777,,,false,9
,I@KpW~Tqw,9,561241,,,false,9
,IoCWzdkfw,0,526181,,,false,9
,IoCWzdkfw,1,519965,,,false,9
,IoCWzdkfw,2,503343,,,false,9
,IoCWzdkfw,3,509070,,,false,9
,IoCWzdkfw,4,516193,,,false,9
,IoCWzdkfw,5,531978,,,false,9
,IoCWzdkfw,6,515775,,,false,9
,IoCWzdkfw,7,531349,,,false,9
,IoCWzdkfw,8,516193,,,false,9
,IoCWzdkfw,9,518987,,,false,9
,I?eRRI^Zw,0,548250,,,false,9
,I?eRRI^Zw,1,530860,,,false,9
,I?eRRI^Zw,2,486581,,,false,9
,I?eRRI^Zw,3,522339,,,false,9
,I?eRRI^Zw,4,510467,,,false,9
,I?eRRI^Zw,5,515286,,,false,9
,I?eRRI^Zw,6,500968,,,false,9
,I?eRRI^Zw,7,512911,,,false,9
,I?eRRI^Zw,8,504810,,,false,9
,I?eRRI^Zw,9,509558,,,false,9
,I`?M]W~No,0,133466,,,false,7
,I`?M]W~No,1,128857,,,false,7
,I`?M]W~No,2,125923,,,false,7
,I`?M]W~No,3,133675,,,false,7
,I`?M]W~No,4,122082,,,false,7
,I`?M]W~No,5,121593,,,false,7
,I`?M]W~No,6,120615,,,false,7
,I`?M]W~No,7,118101,,,false,7
,I`?M]W~No,8,122570,,,false,7
,I`?M]W~No,9,121243,,,false,7
,I@KpW~RrW,0,584847,,,false,9
,I@KpW~RrW,1,580866,,,false,9
,I@KpW~RrW,2,568085,,,false,9
,I@KpW~RrW,3,574091,,,false,9
,I@KpW~RrW,4,575349,,,false,9
,I@KpW~RrW,5,587641,,,false,9
,I@KpW~RrW,6,560892,,,false,9
,I@KpW~RrW,7,578142,,,false,9
,I@KpW~RrW,8,577444,,,false,9
,I@KpW~RrW,9,558237,,,false,9
,I?qahq^Zw,0,539031,,,false,9
,I?qahq^Zw,1,505787,,,false,9
,I?qahq^Zw,2,525203,,,false,9
,I?qahq^Zw,3,506556,,,false,9
,I?qahq^Zw,4,518707,,,false,9
,I?qahq^Zw,5,503412,,,false,9
,I?qahq^Zw,6,512841,,,false,9
,I?qahq^Zw,7,504391,,,false,9
,I?qahq^Zw,8,514518,,,false,9
,I?qahq^Zw,9,499571,,,false,9
,I`?L[|mVW,0,538892,,,false,9
,I`?L[|mVW,1,518568,,,false,9
,I`?L[|mVW,2,527857,,,false,9
,I`?L[|mVW,3,526320,,,false,9
,I`?L[|mVW,4,511654,,,false,9
,I`?L[|mVW,5,518499,,,false,9
,I`?L[|mVW,6,514308,,,false,9
,I`?L[|mVW,7,529882,,,false,9
,I`?L[|mVW,8,509000,,,false,9
,I`?L[|mVW,9,521502,,,false,9
,IS`rQo~No,0,510746,,,false,9
,IS`rQo~No,1,509558,,,false,9
,IS`rQo~No,2,484766,,,false,9
,IS`rQo~No,3,488676,,,false,9
,IS`rQo~No,4,480365,,,false,9
,IS`rQo~No,5,492937,,,false,9
,IS`rQo~No,6,479248,,,false,9
,IS`rQo~No,7,494752,,,false,9
,IS`rQo~No,8,482041,,,false,9
,IS`rQo~No,9,484207,,,false,9
,I`?L[|lVg,0,512352,,,false,9
,I`?L[|lVg,1,512841,,,false,9
,I`?L[|lVg,2,500968,,,false,9
,I`?L[|lVg,3,514517,,,false,9
,I`?L[|lVg,4,503971,,,false,9
,I`?L[|lVg,5,520244,,,false,9
,I`?L[|lVg,6,518079,,,false,9
,I`?L[|lVg,7,527438,,,false,9
,I`?L[|lVg,8,520943,,,false,9
,I`?L[|lVg,9,522549,,,false,9
,IoSs[\r[w,0,530022,,,false,9
,IoSs[\r[w,1,535190,,,false,9
,IoSs[\r[w,2,534631,,,false,9
,IoSs[\r[w,3,509978,,,false,9
,IoSs[\r[w,4,513330,,,false,9
,IoSs[\r[w,5,502015,,,false,9
,IoSs[\r[w,6,508371,,,false,9
,IoSs[\r[w,7,498734,,,false,9
,IoSs[\r[w,8,516123,,,false,9
,IoSs[\r[w,9,502505,,,false,9
,I`?G?F~~w,0,27936,,,false,5
,I`?G?F~~w,1,23606,,,false,5
,I`?G?F~~w,2,22768,,,false,5
,I`?G?F~~w,3,22419,,,false,5
,I`?G?F~~w,4,22489,,,false,5
,I`?G?F~~w,5,22000,,,false,5
,I`?G?F~~w,6,22489,,,false,5
,I`?G?F~~w,7,22280,,,false,5
,I`?G?F~~w,8,22419,,,false,5
,I`?G?F~~w,9,21930,,,false,5
,I???w}vZw,0,569622,,,false,6
,I???w}vZw,1,554257,,,false,6
,I???w}vZw,2,551603,,,false,6
,I???w}vZw,3,552441,,,false,6
,I???w}vZw,4,540498,,,false,6
,I???w}vZw,5,556841,,,false,6
,I???w}vZw,6,551044,,,false,6
,I???w}vZw,7,557539,,,false,6
,I???w}vZw,8,567736,,,false,6
,I???w}vZw,9,548600,,,false,6
,I??GW]~^o,0,24375,,,false,5
,I??GW]~^o,1,22489,,,false,5
,I??GW]~^o,2,21092,,,false,5
,I??GW]~^o,3,21790,,,false,5
,I??GW]~^o,4,20813,,,false,5
,I??GW]~^o,5,21930,,,false,5
,I??GW]~^o,6,21441,,,false,5
,I??GW]~^o,7,21720,,,false,5
,I??GW]~^o,8,20952,,,false,5
,I??GW]~^o,9,22489,,,false,5
,IIP@xw{fw,0,555723,,,false,9
,IIP@xw{fw,1,535679,,,false,9
,IIP@xw{fw,2,526111,,,false,9
,IIP@xw{fw,3,531559,,,false,9
,IIP@xw{fw,4,517660,,,false,9
,IIP@xw{fw,5,526809,,,false,9
,IIP@xw{fw,6,514796,,,false,9
,IIP@xw{fw,7,526320,,,false,9
,IIP@xw{fw,8,514307,,,false,9
,IIP@xw{fw,9,527298,,,false,9
,I`?HpnKrG,0,100780,,,false,5
,I`?HpnKrG,1,89606,,,false,5
,I`?HpnKrG,2,85485,,,false,5
,I`?HpnKrG,3,83879,,,false,5
,I`?HpnKrG,4,83949,,,false,5
,I`?HpnKrG,5,84019,,,false,5
,I`?HpnKrG,6,84089,,,false,5
,I`?HpnKrG,7,94006,,,false,5
,I`?HpnKrG,8,86253,,,false,5
,I`?HpnKrG,9,82970,,,false,5
,IwCWONbFo,0,31009,,,false,6
,IwCWONbFo,1,26750,,,false,6
,IwCWONbFo,2,25771,,,false,6
,IwCWONbFo,3,25352,,,false,6
,IwCWONbFo,4,24934,,,false,6
,IwCWONbFo,5,25073,,,false,6
,IwCWONbFo,6,23606,,,false,6
,IwCWONbFo,7,23815,,,false,6
,IwCWONbFo,8,23397,,,false,6
,IwCWONbFo,9,23467,,,false,6
,I`qa`_NBw,0,562498,,,false,9
,I`qa`_NBw,1,531838,,,false,9
,I`qa`_NBw,2,543641,,,false,9
,I`qa`_NBw,3,535191,,,false,9
,I`qa`_NBw,4,542244,,,false,9
,I`qa`_NBw,5,527857,,,false,9
,I`qa`_NBw,6,532886,,,false,9
,I`qa`_NBw,7,494054,,,false,9
,I`qa`_NBw,8,514796,,,false,9
,I`qa`_NBw,9,509069,,,false,9
,I_GTddMRW,0,547133,,,false,9
,I_GTddMRW,1,521013,,,false,9
,I_GTddMRW,2,514936,,,false,9
,I_GTddMRW,3,523178,,,false,9
,I_GTddMRW,4,510676,,,false,9
,I_GTddMRW,5,528346,,,false,9
,I_GTddMRW,6,501736,,,false,9
,I_GTddMRW,7,514727,,,false,9
,I_GTddMRW,8,506835,,,false,9
,I_GTddMRW,9,518079,,,false,9
,I_CfClMMW,0,522968,,,false,9
,I_CfClMMW,1,526669,,,false,9
,I_CfClMMW,2,502993,,,false,9
,I_CfClMMW,3,515705,,,false,9
,I_CfClMMW,4,502016,,,false,9
,I_CfClMMW,5,514377,,,false,9
,I_CfClMMW,6,508511,,,false,9
,I_CfClMMW,7,518568,,,false,9
,I_CfClMMW,8,501806,,,false,9
,I_CfClMMW,9,518498,,,false,9
,IC`PhPHFw,0,181796,,,false,7
,IC`PhPHFw,1,174393,,,false,7
,IC`PhPHFw,2,171250,,,false,7
,IC`PhPHFw,3,174183,,,false,7
,IC`PhPHFw,4,163218,,,false,7
,IC`PhPHFw,5,157840,,,false,7
,IC`PhPHFw,6,161403,,,false,7
,IC`PhPHFw,7,160913,,,false,7
,IC`PhPHFw,8,157840,,,false,7
,IC`PhPHFw,9,170482,,,false,7
,ICdAHgiFw,0,259110,,,false,7
,ICdAHgiFw,1,250030,,,false,7
,ICdAHgiFw,2,240811,,,false,7
,ICdAHgiFw,3,250938,,,false,7
,ICdAHgiFw,4,231941,,,false,7
,ICdAHgiFw,5,233688,,,false,7
,ICdAHgiFw,6,229217,,,false,7
,ICdAHgiFw,7,249122,,,false,7
,ICdAHgiFw,8,230475,,,false,7
,ICdAHgiFw,9,234246,,,false,7
,I_COXofxg,0,465768,,,false,7
,I_COXofxg,1,432733,,,false,7
,I_COXofxg,2,430708,,,false,7
,I_COXofxg,3,417997,,,false,7
,I_COXofxg,4,414156,,,false,7
,I_COXofxg,5,424912,,,false,7
,I_COXofxg,6,410944,,,false,7
,I_COXofxg,7,430639,,,false,7
,I_COXofxg,8,405147,,,false,7
,I_COXofxg,9,403191,,,false,7
,I_COXgjv_,0,443071,,,false,7
,I_COXgjv_,1,426099,,,false,7
,I_COXgjv_,2,425889,,,false,7
,I_COXgjv_,3,407871,,,false,7
,I_COXgjv_,4,420372,,,false,7
,I_COXgjv_,5,417020,,,false,7
,I_COXgjv_,6,405426,,,false,7
,I_COXgjv_,7,423236,,,false,7
,I_COXgjv_,8,405915,,,false,7
,I_COXgjv_,9,426937,,,false,7
,I??BIu{nG,0,625983,,,false,9
,I??BIu{nG,1,620676,,,false,9
,I??BIu{nG,2,617323,,,false,9
,I??BIu{nG,3,612714,,,false,9
,I??BIu{nG,4,622631,,,false,9
,I??BIu{nG,5,616555,,,false,9
,I??BIu{nG,6,617951,,,false,9
,I??BIu{nG,7,644910,,,false,9
,I??BIu{nG,8,612993,,,false,9
,I??BIu{nG,9,620676,,,false,9
,I_?@Gs~~?,0,476105,,,false,7
,I_?@Gs~~?,1,448867,,,false,7
,I_?@Gs~~?,2,439299,,,false,7
,I_?@Gs~~?,3,447470,,,false,7
,I_?@Gs~~?,4,444607,,,false,7
,I_?@Gs~~?,5,456201,,,false,7
,I_?@Gs~~?,6,438041,,,false,7
,I_?@Gs~~?,7,448238,,,false,7
,I_?@Gs~~?,8,428474,,,false,7
,I_?@Gs~~?,9,436435,,,false,7
,I_COXclv_,0,421280,,,false,7
,I_COXclv_,1,418696,,,false,7
,I_COXclv_,2,417299,,,false,7
,I_COXclv_,3,417229,,,false,7
,I_COXclv_,4,414994,,,false,7
,I_COXclv_,5,404029,,,false,7
,I_COXclv_,6,416949,,,false,7
,I_COXclv_,7,414505,,,false,7
,I_COXclv_,8,405496,,,false,7
,I_COXclv_,9,417858,,,false,7
,I??GW^x|_,0,25841,,,false,5
,I??GW^x|_,1,22349,,,false,5
,I??GW^x|_,2,21860,,,false,5
,I??GW^x|_,3,21930,,,false,5
,I??GW^x|_,4,21371,,,false,5
,I??GW^x|_,5,21720,,,false,5
,I??GW^x|_,6,21790,,,false,5
,I??GW^x|_,7,21930,,,false,5
,I??GW^x|_,8,21022,,,false,5
,I??GW^x|_,9,22000,,,false,5
,I??E\X]NO,0,555584,,,false,7
,I??E\X]NO,1,539521,,,false,7
,I??E\X]NO,2,545596,,,false,7
,I??E\X]NO,3,544758,,,false,7
,I??E\X]NO,4,561939,,,false,7
,I??E\X]NO,5,535748,,,false,7
,I??E\X]NO,6,550136,,,false,7
,I??E\X]NO,7,559914,,,false,7
,I??E\X]NO,8,551952,,,false,7
,I??E\X]NO,9,545806,,,false,7
,I``H?cNBw,0,93656,,,false,7
,I``H?cNBw,1,82133,,,false,7
,I``H?cNBw,2,79549,,,false,7
,I``H?cNBw,3,78431,,,false,7
,I``H?cNBw,4,78571,,,false,7
,I``H?cNBw,5,78571,,,false,7
,I``H?cNBw,6,78152,,,false,7
,I``H?cNBw,7,77942,,,false,7
,I``H?cNBw,8,77872,,,false,7
,I``H?cNBw,9,92329,,,false,7
,I?CWo]dWw,0,548181,,,false,6
,I?CWo]dWw,1,545736,,,false,6
,I?CWo]dWw,2,522898,,,false,6
,I?CWo]dWw,3,528555,,,false,6
,I?CWo]dWw,4,515635,,,false,6
,I?CWo]dWw,5,530511,,,false,6
,I?CWo]dWw,6,533793,,,false,6
,I?CWo]dWw,7,550905,,,false,6
,I?CWo]dWw,8,564454,,,false,6
,I?CWo]dWw,9,548530,,,false,6
,I`iRA_NBw,0,550415,,,false,9
,I`iRA_NBw,1,522899,,,false,9
,I`iRA_NBw,2,532256,,,false,9
,I`iRA_NBw,3,490631,,,false,9
,I`iRA_NBw,4,493775,,,false,9
,I`iRA_NBw,5,495591,,,false,9
,I`iRA_NBw,6,503762,,,false,9
,I`iRA_NBw,7,489165,,,false,9
,I`iRA_NBw,8,509069,,,false,9
,I`iRA_NBw,9,488467,,,false,9
,I`?LSleUW,0,520105,,,false,9
,I`?LSleUW,1,486581,,,false,9
,I`?LSleUW,2,495730,,,false,9
,I`?LSleUW,3,488047,,,false,9
,I`?LSleUW,4,498174,,,false,9
,I`?LSleUW,5,496219,,,false,9
,I`?LSleUW,6,504041,,,false,9
,I`?LSleUW,7,497686,,,false,9
,I`?LSleUW,8,517241,,,false,9
,I`?LSleUW,9,492867,,,false,9
,IC`PX`HFw,0,199396,,,false,7
,IC`PX`HFw,1,172716,,,false,7
,IC`PX`HFw,2,167338,,,false,7
,IC`PX`HFw,3,169155,,,false,7
,IC`PX`HFw,4,167479,,,false,7
,IC`PX`HFw,5,165453,,,false,7
,IC`PX`HFw,6,169713,,,false,7
,IC`PX`HFw,7,164126,,,false,7
,IC`PX`HFw,8,163148,,,false,7
,IC`PX`HFw,9,163707,,,false,7
,Is_BjX[N?,0,533235,,,false,9
,Is_BjX[N?,1,499572,,,false,9
,Is_BjX[N?,2,514727,,,false,9
,Is_BjX[N?,3,486721,,,false,9
,Is_BjX[N?,4,501946,,,false,9
,Is_BjX[N?,5,493216,,,false,9
,Is_BjX[N?,6,503832,,,false,9
,Is_BjX[N?,7,488048,,,false,9
,Is_BjX[N?,8,502225,,,false,9
,Is_BjX[N?,9,493635,,,false,9
,I??E\X\N_,0,565920,,,false,7
,I??E\X\N_,1,523248,,,false,7
,I??E\X\N_,2,538542,,,false,7
,I??E\X\N_,3,534701,,,false,7
,I??E\X\N_,4,552441,,,false,7
,I??E\X\N_,5,559984,,,false,7
,I??E\X\N_,6,540079,,,false,7
,I??E\X\N_,7,554327,,,false,7
,I??E\X\N_,8,554047,,,false,7
,I??E\X\N_,9,568923,,,false,7
,I_GTd`NRo,0,543361,,,false,9
,I_GTd`NRo,1,523317,,,false,9
,I_GTd`NRo,2,508092,,,false,9
,I_GTd`NRo,3,510746,,,false,9
,I_GTd`NRo,4,490422,,,false,9
,I_GTd`NRo,5,522060,,,false,9
,I_GTd`NRo,6,496987,,,false,9
,I_GTd`NRo,7,508581,,,false,9
,I_GTd`NRo,8,520035,,,false,9
,I_GTd`NRo,9,496569,,,false,9
,I?XPc]M[W,0,527508,,,false,9
,I?XPc]M[W,1,494333,,,false,9
,I?XPc]M[W,2,500969,,,false,9
,I?XPc]M[W,3,491819,,,false,9
,I?XPc]M[W,4,496708,,,false,9
,I?XPc]M[W,5,489933,,,false,9
,I?XPc]M[W,6,507114,,,false,9
,I?XPc]M[W,7,496777,,,false,9
,I?XPc]M[W,8,507673,,,false,9
,I?XPc]M[W,9,498734,,,false,9
,I???E}}^_,0,542384,,,false,9
,I???E}}^_,1,517591,,,false,9
,I???E}}^_,2,537145,,,false,9
,I???E}}^_,3,513818,,,false,9
,I???E}}^_,4,524644,,,false,9
,I???E}}^_,5,512841,,,false,9
,I???E}}^_,6,521013,,,false,9
,I???E}}^_,7,504810,,,false,9
,I???E}}^_,8,514797,,,false,9
,I???E}}^_,9,497337,,,false,9
,I???CtVJw,0,82901,,,false,7
,I???CtVJw,1,65371,,,false,7
,I???CtVJw,2,61041,,,false,7
,I???CtVJw,3,60622,,,false,7
,I???CtVJw,4,60063,,,false,7
,I???CtVJw,5,60552,,,false,7
,I???CtVJw,6,60133,,,false,7
,I???CtVJw,7,59644,,,false,7
,I???CtVJw,8,59574,,,false,7
,I???CtVJw,9,59574,,,false,7
,I????B~~o,0,22838,,,false,5
,I????B~~o,1,20463,,,false,5
,I????B~~o,2,19486,,,false,5
,I????B~~o,3,19277,,,false,5
,I????B~~o,4,18647,,,false,5
,I????B~~o,5,20114,,,false,5
,I????B~~o,6,19486,,,false,5
,I????B~~o,7,19416,,,false,5
,I????B~~o,8,19556,,,false,5
,I????B~~o,9,19625,,,false,5
,IsPH@CYDO,0,528485,,,false,9
,IsPH@CYDO,1,503761,,,false,9
,IsPH@CYDO,2,505228,,,false,9
,IsPH@CYDO,3,497686,,,false,9
,IsPH@CYDO,4,506206,,,false,9
,IsPH@CYDO,5,494194,,,false,9
,IsPH@CYDO,6,503622,,,false,9
,IsPH@CYDO,7,507114,,,false,9
,IsPH@CYDO,8,521431,,,false,9
,IsPH@CYDO,9,516124,,,false,9
,Is?AXW[[?,0,521502,,,false,9
,Is?AXW[[?,1,522409,,,false,9
,Is?AXW[[?,2,505578,,,false,9
,Is?AXW[[?,3,505787,,,false,9
,Is?AXW[[?,4,492657,,,false,9
,Is?AXW[[?,5,509559,,,false,9
,Is?AXW[[?,6,492308,,,false,9
,Is?AXW[[?,7,498454,,,false,9
,Is?AXW[[?,8,487908,,,false,9
,Is?AXW[[?,9,500829,,,false,9
,I??EdPMLO,0,316100,,,false,7
,I??EdPMLO,1,295636,,,false,7
,I??EdPMLO,2,313934,,,false,7
,I??EdPMLO,3,288582,,,false,7
,I??EdPMLO,4,289141,,,false,7
,I??EdPMLO,5,291935,,,false,7
,I??EdPMLO,6,287186,,,false,7
,I??EdPMLO,7,289979,,,false,7
,I??EdPMLO,8,298640,,,false,7
,I??EdPMLO,9,306881,,,false,7
,I??@pjKr?,0,80526,,,false,5
,I??@pjKr?,1,71378,,,false,5
,I??@pjKr?,2,69492,,,false,5
,I??@pjKr?,3,68584,,,false,5
,I??@pjKr?,4,67606,,,false,5
,I??@pjKr?,5,67327,,,false,5
,I??@pjKr?,6,66768,,,false,5
,I??@pjKr?,7,66768,,,false,5
,I??@pjKr?,8,67187,,,false,5
,I??@pjKr?,9,67466,,,false,5
,I??FF?]FO,0,53498,,,false,6
,I??FF?]FO,1,47771,,,false,6
,I??FF?]FO,2,46165,,,false,6
,I??FF?]FO,3,46654,,,false,6
,I??FF?]FO,4,46025,,,false,6
,I??FF?]FO,5,45815,,,false,6
,I??FF?]FO,6,46304,,,false,6
,I??FF?]FO,7,45676,,,false,6
,I??FF?]FO,8,45187,,,false,6
,I??FF?]FO,9,45047,,,false,6
,IGD@G_H`w,0,54406,,,false,5
,IGD@G_H`w,1,45187,,,false,5
,IGD@G_H`w,2,42044,,,false,5
,IGD@G_H`w,3,42044,,,false,5
,IGD@G_H`w,4,41905,,,false,5
,IGD@G_H`w,5,40997,,,false,5
,IGD@G_H`w,6,40927,,,false,5
,IGD@G_H`w,7,41136,,,false,5
,IGD@G_H`w,8,41345,,,false,5
,IGD@G_H`w,9,50076,,,false,5
,I??G[``@w,0,27587,,,false,3
,I??G[``@w,1,21860,,,false,3
,I??G[``@w,2,21022,,,false,3
,I??G[``@w,3,20603,,,false,3
,I??G[``@w,4,20533,,,false,3
,I??G[``@w,5,21372,,,false,3
,I??G[``@w,6,20952,,,false,3
,I??G[``@w,7,20603,,,false,3
,I??G[``@w,8,20324,,,false,3
,I??G[``@w,9,20743,,,false,3
,I_?__QF]G,0,45885,,,false,5
,I_?__QF]G,1,38622,,,false,5
,I_?__QF]G,2,37295,,,false,5
,I_?__QF]G,3,36317,,,false,5
,I_?__QF]G,4,37365,,,false,5
,I_?__QF]G,5,36248,,,false,5
,I_?__QF]G,6,37225,,,false,5
,I_?__QF]G,7,36736,,,false,5
,I_?__QF]G,8,37086,,,false,5
,I_?__QF]G,9,36736,,,false,5
,I?`@?_NBo,0,130882,,,false,6
,I?`@?_NBo,1,126901,,,false,6
,I?`@?_NBo,2,114120,,,false,6
,I?`@?_NBo,3,111256,,,false,6
,I?`@?_NBo,4,115866,,,false,6
,I?`@?_NBo,5,111187,,,false,6
,I?`@?_NBo,6,108812,,,false,6
,I?`@?_NBo,7,103574,,,false,6
,I?`@?_NBo,8,108602,,,false,6
,I?`@?_NBo,9,103295,,,false,6
,I??CPKUQW,0,51403,,,false,7
,I??CPKUQW,1,32965,,,false,7
,I??CPKUQW,2,31010,,,false,7
,I??CPKUQW,3,30241,,,false,7
,I??CPKUQW,4,30311,,,false,7
,I??CPKUQW,5,30520,,,false,7
,I??CPKUQW,6,30520,,,false,7
,I??CPKUQW,7,30521,,,false,7
,I??CPKUQW,8,30102,,,false,7
,I??CPKUQW,9,30102,,,false,7
,IskAJLUN?,0,516124,,,false,9
,IskAJLUN?,1,509069,,,false,9
,IskAJLUN?,2,491540,,,false,9
,IskAJLUN?,3,502295,,,false,9
,IskAJLUN?,4,497895,,,false,9
,IskAJLUN?,5,506416,,,false,9
,IskAJLUN?,6,505648,,,false,9
,IskAJLUN?,7,517520,,,false,9
,IskAJLUN?,8,500409,,,false,9
,IskAJLUN?,9,509210,,,false,9
,I{cBIkkFG,0,525692,,,false,9
,I{cBIkkFG,1,511654,,,false,9
,I{cBIkkFG,2,515285,,,false,9
,I{cBIkkFG,3,503901,,,false,9
,I{cBIkkFG,4,512422,,,false,9
,I{cBIkkFG,5,499920,,,false,9
,I{cBIkkFG,6,515775,,,false,9
,I{cBIkkFG,7,502086,,,false,9
,I{cBIkkFG,8,503482,,,false,9
,I{cBIkkFG,9,491330,,,false,9
,IIISYgj}?,0,540847,,,false,9
,IIISYgj}?,1,514518,,,false,9
,IIISYgj}?,2,517520,,,false,9
,IIISYgj}?,3,509768,,,false,9
,IIISYgj}?,4,529044,,,false,9
,IIISYgj}?,5,502644,,,false,9
,IIISYgj}?,6,525063,,,false,9
,IIISYgj}?,7,508721,,,false,9
,IIISYgj}?,8,520873,,,false,9
,IIISYgj}?,9,508651,,,false,9
,IHQKjOV}?,0,526600,,,false,9
,IHQKjOV}?,1,529603,,,false,9
,IHQKjOV}?,2,518638,,,false,9
,IHQKjOV}?,3,531419,,,false,9
,IHQKjOV}?,4,523177,,,false,9
,IHQKjOV}?,5,539101,,,false,9
,IHQKjOV}?,6,519057,,,false,9
,IHQKjOV}?,7,518288,,,false,9
,IHQKjOV}?,8,511863,,,false,9
,IHQKjOV}?,9,519685,,,false,9
,I}mBIkmFW,0,504670,,,false,9
,I}mBIkmFW,1,526460,,,false,9
,I}mBIkmFW,2,489654,,,false,9
,I}mBIkmFW,3,506346,,,false,9
,I}mBIkmFW,4,504670,,,false,9
,I}mBIkmFW,5,495241,,,false,9
,I}mBIkmFW,6,487210,,,false,9
,I}mBIkmFW,7,495870,,,false,9
,I}mBIkmFW,8,478480,,,false,9
,I}mBIkmFW,9,512352,,,false,9
,I@hisny|W,0,512353,,,false,9
,I@hisny|W,1,513260,,,false,9
,I@hisny|W,2,494683,,,false,9
,I@hisny|W,3,507254,,,false,9
,I@hisny|W,4,506625,,,false,9
,I@hisny|W,5,515495,,,false,9
,I@hisny|W,6,500689,,,false,9
,I@hisny|W,7,509978,,,false,9
,I@hisny|W,8,500410,,,false,9
,I@hisny|W,9,506346,,,false,9
,I??OQ?``g,0,23676,,,false,3
,I??OQ?``g,1,19485,,,false,3
,I??OQ?``g,2,18229,,,false,3
,I??OQ?``g,3,17740,,,false,3
,I??OQ?``g,4,18438,,,false,3
,I??OQ?``g,5,17670,,,false,3
,I??OQ?``g,6,18228,,,false,3
,I??OQ?``g,7,18018,,,false,3
,I??OQ?``g,8,17530,,,false,3
,I??OQ?``g,9,18228,,,false,3
,Is?HGtcU?,0,526530,,,false,9
,Is?HGtcU?,1,502226,,,false,9
,Is?HGtcU?,2,512422,,,false,9
,Is?HGtcU?,3,496010,,,false,9
,Is?HGtcU?,4,509000,,,false,9
,Is?HGtcU?,5,490981,,,false,9
,Is?HGtcU?,6,495800,,,false,9
,Is?HGtcU?,7,492098,,,false,9
,Is?HGtcU?,8,492517,,,false,9
,Is?HGtcU?,9,493216,,,false,9
,Is?@WxcU?,0,515285,,,false,9
,Is?@WxcU?,1,479387,,,false,9
,Is?@WxcU?,2,493006,,,false,9
,Is?@WxcU?,3,495451,,,false,9
,Is?@WxcU?,4,507464,,,false,9
,Is?@WxcU?,5,504880,,,false,9
,Is?@WxcU?,6,508022,,,false,9
,Is?@WxcU?,7,502854,,,false,9
,Is?@WxcU?,8,502434,,,false,9
,Is?@WxcU?,9,505298,,,false,9
,I@QLQlSiG,0,517869,,,false,9
,I@QLQlSiG,1,479946,,,false,9
,I@QLQlSiG,2,481133,,,false,9
,I@QLQlSiG,3,471495,,,false,9
,I@QLQlSiG,4,479247,,,false,9
,I@QLQlSiG,5,465279,,,false,9
,I@QLQlSiG,6,470098,,,false,9
,I@QLQlSiG,7,464721,,,false,9
,I@QLQlSiG,8,482600,,,false,9
,I@QLQlSiG,9,469261,,,false,9
,I~rH`cNBw,0,531629,,,false,9
,I~rH`cNBw,1,497756,,,false,9
,I~rH`cNBw,2,498245,,,false,9
,I~rH`cNBw,3,489235,,,false,9
,I~rH`cNBw,4,496498,,,false,9
,I~rH`cNBw,5,504321,,,false,9
,I~rH`cNBw,6,521991,,,false,9
,I~rH`cNBw,7,519406,,,false,9
,I~rH`cNBw,8,531489,,,false,9
,I~rH`cNBw,9,525692,,,false,9
,Is`b?{]]?,0,521920,,,false,9
,Is`b?{]]?,1,518987,,,false,9
,Is`b?{]]?,2,503762,,,false,9
,Is`b?{]]?,3,486162,,,false,9
,Is`b?{]]?,4,473241,,,false,9
,Is`b?{]]?,5,501736,,,false,9
,Is`b?{]]?,6,490911,,,false,9
,Is`b?{]]?,7,500549,,,false,9
,Is`b?{]]?,8,481343,,,false,9
,Is`b?{]]?,9,488955,,,false,9
,Is?WaSiX?,0,529812,,,false,9
,Is?WaSiX?,1,524085,,,false,9
,Is?WaSiX?,2,503343,,,false,9
,Is?WaSiX?,3,522479,,,false,9
,Is?WaSiX?,4,498733,,,false,9
,Is?WaSiX?,5,519127,,,false,9
,Is?WaSiX?,6,502715,,,false,9
,Is?WaSiX?,7,511165,,,false,9
,Is?WaSiX?,8,505089,,,false,9
,Is?WaSiX?,9,524295,,,false,9
,Is?WpDHX?,0,483369,,,false,9
,Is?WpDHX?,1,484206,,,false,9
,Is?WpDHX?,2,477571,,,false,9
,Is?WpDHX?,3,509000,,,false,9
,Is?WpDHX?,4,493216,,,false,9
,Is?WpDHX?,5,508999,,,false,9
,Is?WpDHX?,6,499641,,,false,9
,Is?WpDHX?,7,509558,,,false,9
,Is?WpDHX?,8,499292,,,false,9
,Is?WpDHX?,9,513819,,,false,9
,Iv{?GLFHo,0,32965,,,false,6
,Iv{?GLFHo,1,28076,,,false,6
,Iv{?GLFHo,2,26121,,,false,6
,Iv{?GLFHo,3,26190,,,false,6
,Iv{?GLFHo,4,26191,,,false,6
,Iv{?GLFHo,5,25771,,,false,6
,Iv{?GLFHo,6,25282,,,false,6
,Iv{?GLFHo,7,25772,,,false,6
,Iv{?GLFHo,8,26191,,,false,6
,Iv{?GLFHo,9,25772,,,false,6
,I}z\bcnFw,0,546225,,,false,9
,I}z\bcnFw,1,526809,,,false,9
,I}z\bcnFw,2,538053,,,false,9
,I}z\bcnFw,3,514028,,,false,9
,I}z\bcnFw,4,522340,,,false,9
,I}z\bcnFw,5,505717,,,false,9
,I}z\bcnFw,6,519196,,,false,9
,I}z\bcnFw,7,518568,,,false,9
,I}z\bcnFw,8,510467,,,false,9
,I}z\bcnFw,9,517660,,,false,9
,I}nnnp^Nw,0,522339,,,false,9
,I}nnnp^Nw,1,528694,,,false,9
,I}nnnp^Nw,2,510536,,,false,9
,I}nnnp^Nw,3,521361,,,false,9
,I}nnnp^Nw,4,508511,,,false,9
,I}nnnp^Nw,5,535610,,,false,9
,I}nnnp^Nw,6,523736,,,false,9
,I}nnnp^Nw,7,536238,,,false,9
,I}nnnp^Nw,8,523876,,,false,9
,I}nnnp^Nw,9,538054,,,false,9
,I?deLStUg,0,552371,,,false,9
,I?deLStUg,1,540568,,,false,9
,I?deLStUg,2,554676,,,false,9
,I?deLStUg,3,543850,,,false,9
,I?deLStUg,4,528415,,,false,9
,I?deLStUg,5,524434,,,false,9
,I?deLStUg,6,546225,,,false,9
,I?deLStUg,7,531279,,,false,9
,I?deLStUg,8,537634,,,false,9
,I?deLStUg,9,519545,,,false,9
,ISP@OmeUW,0,516263,,,false,9
,ISP@OmeUW,1,500828,,,false,9
,ISP@OmeUW,2,512422,,,false,9
,ISP@OmeUW,3,494682,,,false,9
,ISP@OmeUW,4,499990,,,false,9
,ISP@OmeUW,5,497965,,,false,9
,ISP@OmeUW,6,501597,,,false,9
,ISP@OmeUW,7,502505,,,false,9
,ISP@OmeUW,8,514727,,,false,9
,ISP@OmeUW,9,510187,,,false,9
,Is@?xOXX?,0,519616,,,false,9
,Is@?xOXX?,1,521781,,,false,9
,Is@?xOXX?,2,506626,,,false,9
,Is@?xOXX?,3,510955,,,false,9
,Is@?xOXX?,4,500410,,,false,9
,Is@?xOXX?,5,506975,,,false,9
,Is@?xOXX?,6,490562,,,false,9
,Is@?xOXX?,7,497266,,,false,9
,Is@?xOXX?,8,487559,,,false,9
,Is@?xOXX?,9,511723,,,false,9
,It?IQKWHG,0,495730,,,false,9
,It?IQKWHG,1,498035,,,false,9
,It?IQKWHG,2,484276,,,false,9
,It?IQKWHG,3,498104,,,false,9
,It?IQKWHG,4,487140,,,false,9
,It?IQKWHG,5,495032,,,false,9
,It?IQKWHG,6,480015,,,false,9
,It?IQKWHG,7,498663,,,false,9
,It?IQKWHG,8,484276,,,false,9
,It?IQKWHG,9,517172,,,false,9
,IkGHWn\{o,0,527088,,,false,9
,IkGHWn\{o,1,521222,,,false,9
,IkGHWn\{o,2,505717,,,false,9
,IkGHWn\{o,3,516822,,,false,9
,IkGHWn\{o,4,502923,,,false,9
,IkGHWn\{o,5,509488,,,false,9
,IkGHWn\{o,6,493355,,,false,9
,IkGHWn\{o,7,510396,,,false,9
,IkGHWn\{o,8,502994,,,false,9
,IkGHWn\{o,9,514657,,,false,9
,Ir?MHqnVo,0,549996,,,false,9
,Ir?MHqnVo,1,554466,,,false,9
,Ir?MHqnVo,2,536238,,,false,9
,Ir?MHqnVo,3,517241,,,false,9
,Ir?MHqnVo,4,541965,,,false,9
,Ir?MHqnVo,5,527228,,,false,9
,Ir?MHqnVo,6,499082,,,false,9
,Ir?MHqnVo,7,492238,,,false,9
,Ir?MHqnVo,8,512841,,,false,9
,Ir?MHqnVo,9,502644,,,false,9
,Io?Y`QF]?,0,520104,,,false,9
,Io?Y`QF]?,1,494194,,,false,9
,Io?Y`QF]?,2,503762,,,false,9
,Io?Y`QF]?,3,482112,,,false,9
,Io?Y`QF]?,4,492517,,,false,9
,Io?Y`QF]?,5,484206,,,false,9
,Io?Y`QF]?,6,506416,,,false,9
,Io?Y`QF]?,7,494194,,,false,9
,Io?Y`QF]?,8,509280,,,false,9
,Io?Y`QF]?,9,496708,,,false,9
,I`?N~bLNW,0,554047,,,false,9
,I`?N~bLNW,1,528556,,,false,9
,I`?N~bLNW,2,527298,,,false,9
,I`?N~bLNW,3,514796,,,false,9
,I`?N~bLNW,4,527228,,,false,9
,I`?N~bLNW,5,523807,,,false,9
,I`?N~bLNW,6,509978,,,false,9
,I`?N~bLNW,7,518009,,,false,9
,I`?N~bLNW,8,503831,,,false,9
,I`?N~bLNW,9,519057,,,false,9
,IwDX}yy~w,0,530302,,,false,9
,IwDX}yy~w,1,529184,,,false,9
,IwDX}yy~w,2,510187,,,false,9
,IwDX}yy~w,3,538682,,,false,9
,IwDX}yy~w,4,510466,,,false,9
,IwDX}yy~w,5,522899,,,false,9
,IwDX}yy~w,6,510955,,,false,9
,IwDX}yy~w,7,524714,,,false,9
,IwDX}yy~w,8,508790,,,false,9
,IwDX}yy~w,9,531908,,,false,9
,I{dbG{^~w,0,539590,,,false,9
,I{dbG{^~w,1,526740,,,false,9
,I{dbG{^~w,2,526390,,,false,9
,I{dbG{^~w,3,509977,,,false,9
,I{dbG{^~w,4,528835,,,false,9
,I{dbG{^~w,5,522339,,,false,9
,I{dbG{^~w,6,529533,,,false,9
,I{dbG{^~w,7,514238,,,false,9
,I{dbG{^~w,8,524993,,,false,9
,I{dbG{^~w,9,518499,,,false,9
,I~?G[|m~w,0,549996,,,false,9
,I~?G[|m~w,1,533304,,,false,9
,I~?G[|m~w,2,534491,,,false,9
,I~?G[|m~w,3,520663,,,false,9
,I~?G[|m~w,4,530371,,,false,9
,I~?G[|m~w,5,539101,,,false,9
,I~?G[|m~w,6,515775,,,false,9
,I~?G[|m~w,7,530860,,,false,9
,I~?G[|m~w,8,528486,,,false,9
,I~?G[|m~w,9,522759,,,false,9
,I}lah[^~w,0,518987,,,false,9
,I}lah[^~w,1,525761,,,false,9
,I}lah[^~w,2,507672,,,false,9
,I}lah[^~w,3,518149,,,false,9
,I}lah[^~w,4,509977,,,false,9
,I}lah[^~w,5,526530,,,false,9
,I}lah[^~w,6,505298,,,false,9
,I}lah[^~w,7,511864,,,false,9
,I}lah[^~w,8,516682,,,false,9
,I}lah[^~w,9,540917,,,false,9
,IwC^?~{~w,0,551463,,,false,9
,IwC^?~{~w,1,527368,,,false,9
,IwC^?~{~w,2,540079,,,false,9
,IwC^?~{~w,3,526809,,,false,9
,IwC^?~{~w,4,542383,,,false,9
,IwC^?~{~w,5,525412,,,false,9
,IwC^?~{~w,6,546644,,,false,9
,IwC^?~{~w,7,522549,,,false,9
,IwC^?~{~w,8,544549,,,false,9
,IwC^?~{~w,9,526251,,,false,9
,I`o~f~~~w,0,549229,,,false,9
,I`o~f~~~w,1,538124,,,false,9
,I`o~f~~~w,2,531908,,,false,9
,I`o~f~~~w,3,532745,,,false,9
,I`o~f~~~w,4,520035,,,false,9
,I`o~f~~~w,5,530021,,,false,9
,I`o~f~~~w,6,522758,,,false,9
,I`o~f~~~w,7,533444,,,false,9
,I`o~f~~~w,8,521432,,,false,9
,I`o~f~~~w,9,528066,,,false,9
,I?GTbHWb?,0,527787,,,false,9
,I?GTbHWb?,1,526600,,,false,9
,I?GTbHWb?,2,501736,,,false,9
,I?GTbHWb?,3,513050,,,false,9
,I?GTbHWb?,4,505578,,,false,9
,I?GTbHWb?,5,528066,,,false,9
,I?GTbHWb?,6,509977,,,false,9
,I?GTbHWb?,7,509977,,,false,9
,I?GTbHWb?,8,518987,,,false,9
,I?GTbHWb?,9,518638,,,false,9
,IQiiqk~~w,0,571508,,,false,9
,IQiiqk~~w,1,551393,,,false,9
,IQiiqk~~w,2,580168,,,false,9
,IQiiqk~~w,3,557330,,,false,9
,IQiiqk~~w,4,557260,,,false,9
,IQiiqk~~w,5,553419,,,false,9
,IQiiqk~~w,6,553558,,,false,9
,IQiiqk~~w,7,540568,,,false,9
,IQiiqk~~w,8,508580,,,false,9
,IQiiqk~~w,9,530092,,,false,9
,It{?ILFL_,0,33943,,,false,5
,It{?ILFL_,1,28356,,,false,5
,It{?ILFL_,2,26958,,,false,5
,It{?ILFL_,3,26679,,,false,5
,It{?ILFL_,4,26121,,,false,5
,It{?ILFL_,5,26120,,,false,5
,It{?ILFL_,6,26190,,,false,5
,It{?ILFL_,7,25772,,,false,5
,It{?ILFL_,8,26679,,,false,5
,It{?ILFL_,9,26191,,,false,5
,I_?BSgcEG,0,148272,,,false,7
,I_?BSgcEG,1,132768,,,false,7
,I_?BSgcEG,2,119218,,,false,7
,I_?BSgcEG,3,132697,,,false,7
,I_?BSgcEG,4,121104,,,false,7
,I_?BSgcEG,5,115586,,,false,7
,I_?BSgcEG,6,119707,,,false,7
,I_?BSgcEG,7,121244,,,false,7
,I_?BSgcEG,8,120196,,,false,7
,I_?BSgcEG,9,116984,,,false,7
,I}hX~~~~w,0,540708,,,false,9
,I}hX~~~~w,1,520384,,,false,9
,I}hX~~~~w,2,526250,,,false,9
,I}hX~~~~w,3,517730,,,false,9
,I}hX~~~~w,4,528625,,,false,9
,I}hX~~~~w,5,524226,,,false,9
,I}hX~~~~w,6,512352,,,false,9
,I}hX~~~~w,7,537355,,,false,9
,I}hX~~~~w,8,523318,,,false,9
,I}hX~~~~w,9,539590,,,false,9
,I?AKagjX_,0,55384,,,false,7
,I?AKagjX_,1,48190,,,false,7
,I?AKagjX_,2,46095,,,false,7
,I?AKagjX_,3,45606,,,false,7
,I?AKagjX_,4,45187,,,false,7
,I?AKagjX_,5,44908,,,false,7
,I?AKagjX_,6,45187,,,false,7
,I?AKagjX_,7,44977,,,false,7
,I?AKagjX_,8,44838,,,false,7
,I?AKagjX_,9,45396,,,false,7
,IrrH`enVo,0,546714,,,false,9
,IrrH`enVo,1,523318,,,false,9
,IrrH`enVo,2,533304,,,false,9
,IrrH`enVo,3,520104,,,false,9
,IrrH`enVo,4,525133,,,false,9
,IrrH`enVo,5,510466,,,false,9
,IrrH`enVo,6,520454,,,false,9
,IrrH`enVo,7,511445,,,false,9
,IrrH`enVo,8,510956,,,false,9
,IrrH`enVo,9,514727,,,false,9
,I??G`TEdW,0,72844,,,false,6
,I??G`TEdW,1,62088,,,false,6
,I??G`TEdW,2,56781,,,false,6
,I??G`TEdW,3,55803,,,false,6
,I??G`TEdW,4,55453,,,false,6
,I??G`TEdW,5,54406,,,false,6
,I??G`TEdW,6,54755,,,false,6
,I??G`TEdW,7,54895,,,false,6
,I??G`TEdW,8,54895,,,false,6
,I??G`TEdW,9,55803,,,false,6
,I??GaGaeG,0,30241,,,false,3
,I??GaGaeG,1,26050,,,false,3
,I??GaGaeG,2,24723,,,false,3
,I??GaGaeG,3,25143,,,false,3
,I??GaGaeG,4,24305,,,false,3
,I??GaGaeG,5,23886,,,false,3
,I??GaGaeG,6,24305,,,false,3
,I??GaGaeG,7,23886,,,false,3
,I??GaGaeG,8,23537,,,false,3
,I??GaGaeG,9,24584,,,false,3
,I??Gagjxg,0,58666,,,false,7
,I??Gagjxg,1,50844,,,false,7
,I??Gagjxg,2,48260,,,false,7
,I??Gagjxg,3,47632,,,false,7
,I??Gagjxg,4,47422,,,false,7
,I??Gagjxg,5,47283,,,false,7
,I??Gagjxg,6,47143,,,false,7
,I??Gagjxg,7,46793,,,false,7
,I??Gagjxg,8,46793,,,false,7
,I??Gagjxg,9,46864,,,false,7
,I??GhtFig,0,158818,,,false,7
,I??GhtFig,1,150018,,,false,7
,I??GhtFig,2,152392,,,false,7
,I??GhtFig,3,137587,,,false,7
,I??GhtFig,4,135980,,,false,7
,I??GhtFig,5,135561,,,false,7
,I??GhtFig,6,129485,,,false,7
,I??GhtFig,7,133954,,,false,7
,I??GhtFig,8,132697,,,false,7
,I??GhtFig,9,141567,,,false,7
,I??GiK|yg,0,461438,,,false,7
,I??GiK|yg,1,446493,,,false,7
,I??GiK|yg,2,452638,,,false,7
,I??GiK|yg,3,443978,,,false,7
,I??GiK|yg,4,459483,,,false,7
,I??GiK|yg,5,445654,,,false,7
,I??GiK|yg,6,465769,,,false,7
,I??GiK|yg,7,454803,,,false,7
,I??GiK|yg,8,462555,,,false,7
,I??GiK|yg,9,449425,,,false,7
,I??GiyiHw,0,154069,,,false,6
,I??GiyiHw,1,143942,,,false,6
,I??GiyiHw,2,147155,,,false,6
,I??GiyiHw,3,134863,,,false,6
,I??GiyiHw,4,132698,,,false,6
,I??GiyiHw,5,131231,,,false,6
,I??GiyiHw,6,125295,,,false,6
,I??GiyiHw,7,129694,,,false,6
,I??GiyiHw,8,128856,,,false,6
,I??GiyiHw,9,134095,,,false,6
,I??Gqk|jw,0,573673,,,false,6
,I??Gqk|jw,1,561799,,,false,6
,I??Gqk|jw,2,546295,,,false,6
,I??Gqk|jw,3,549158,,,false,6
,I??Gqk|jw,4,536168,,,false,6
,I??Gqk|jw,5,549577,,,false,6
,I??Gqk|jw,6,553977,,,false,6
,I??Gqk|jw,7,538613,,,false,6
,I??Gqk|jw,8,550276,,,false,6
,I??Gqk|jw,9,538054,,,false,6
,I??GsTVLo,0,591622,,,false,7
,I??GsTVLo,1,560333,,,false,7
,I??GsTVLo,2,593647,,,false,7
,I??GsTVLo,3,586454,,,false,7
,I??GsTVLo,4,586104,,,false,7
,I??GsTVLo,5,575838,,,false,7
,I??GsTVLo,6,572904,,,false,7
,I??GsTVLo,7,590713,,,false,7
,I??GsTVLo,8,582123,,,false,7
,I??GsTVLo,9,563964,,,false,7
,I??Gs_fVG,0,174392,,,false,6
,I??Gs_fVG,1,163846,,,false,6
,I??Gs_fVG,2,160285,,,false,6
,I??Gs_fVG,3,151625,,,false,6
,I??Gs_fVG,4,151345,,,false,6
,I??Gs_fVG,5,149180,,,false,6
,I??Gs_fVG,6,146665,,,false,6
,I??Gs_fVG,7,148481,,,false,6
,I??Gs_fVG,8,163916,,,false,6
,I??Gs_fVG,9,142754,,,false,6
,I??HGlZno,0,387476,,,false,7
,I??HGlZno,1,384054,,,false,7
,I??HGlZno,2,372531,,,false,7
,I??HGlZno,3,370086,,,false,7
,I??HGlZno,4,376442,,,false,7
,I??HGlZno,5,368480,,,false,7
,I??HGlZno,6,368759,,,false,7
,I??HGlZno,7,378048,,,false,7
,I??HGlZno,8,370296,,,false,7
,I??HGlZno,9,373928,,,false,7
,I??HGlZnw,0,379934,,,false,7
,I??HGlZnw,1,376442,,,false,7
,I??HGlZnw,2,388384,,,false,7
,I??HGlZnw,3,372531,,,false,7
,I??HGlZnw,4,371064,,,false,7
,I??HGlZnw,5,382518,,,false,7
,I??HGlZnw,6,376582,,,false,7
,I??HGlZnw,7,398163,,,false,7
,I??HGlZnw,8,381610,,,false,7
,I??HGlZnw,9,375813,,,false,7
,I??HGlZzO,0,396137,,,false,7
,I??HGlZzO,1,379305,,,false,7
,I??HGlZzO,2,383776,,,false,7
,I??HGlZzO,3,369738,,,false,7
,I??HGlZzO,4,368690,,,false,7
,I??HGlZzO,5,383775,,,false,7
,I??HGlZzO,6,375883,,,false,7
,I??HGlZzO,7,379934,,,false,7
,I??HGlZzO,8,356747,,,false,7
,I??HGlZzO,9,357515,,,false,7
,I??HOhB`w,0,39041,,,false,7
,I??HOhB`w,1,32476,,,false,7
,I??HOhB`w,2,30450,,,false,7
,I??HOhB`w,3,30521,,,false,7
,I??HOhB`w,4,30520,,,false,7
,I??HOhB`w,5,30311,,,false,7
,I??HOhB`w,6,38971,,,false,7
,I??HOhB`w,7,30031,,,false,7
,I??HOhB`w,8,30520,,,false,7
,I??HOhB`w,9,30031,,,false,7
,I??IHKVew,0,193249,,,false,7
,I??IHKVew,1,180957,,,false,7
,I??IHKVew,2,175579,,,false,7
,I??IHKVew,3,171249,,,false,7
,I??IHKVew,4,173764,,,false,7
,I??IHKVew,5,167828,,,false,7
,I??IHKVew,6,168037,,,false,7
,I??IHKVew,7,162869,,,false,7
,I??IHKVew,8,165733,,,false,7
,I??IHKVew,9,169853,,,false,7
,I??I_ofxW,0,51054,,,false,7
,I??I_ofxW,1,36248,,,false,7
,I??I_ofxW,2,34641,,,false,7
,I??I_ofxW,3,34152,,,false,7
,I??I_ofxW,4,33943,,,false,7
,I??I_ofxW,5,33803,,,false,7
,I??I_ofxW,6,33314,,,false,7
,I??I_ofxW,7,32895,,,false,7
,I??I_ofxW,8,33384,,,false,7
,I??I_ofxW,9,32965,,,false,7
,I??KHORPW,0,45187,,,false,7
,I??KHORPW,1,37644,,,false,7
,I??KHORPW,2,35759,,,false,7
,I??KHORPW,3,34432,,,false,7
,I??KHORPW,4,34781,,,false,7
,I??KHORPW,5,34292,,,false,7
,I??KHORPW,6,34501,,,false,7
,I??KHORPW,7,34292,,,false,7
,I??KHORPW,8,34362,,,false,7
,I??KHORPW,9,34432,,,false,7
,I??KJOVMg,0,152532,,,false,7
,I??KJOVMg,1,153091,,,false,7
,I??KJOVMg,2,135142,,,false,7
,I??KJOVMg,3,132069,,,false,7
,I??KJOVMg,4,126971,,,false,7
,I??KJOVMg,5,129555,,,false,7
,I??KJOVMg,6,129345,,,false,7
,I??KJOVMg,7,127389,,,false,7
,I??KJOVMg,8,130322,,,false,7
,I??KJOVMg,9,124526,,,false,7
,I??KOkiPW,0,86044,,,false,7
,I??KOkiPW,1,75428,,,false,7
,I??KOkiPW,2,70958,,,false,7
,I??KOkiPW,3,69282,,,false,7
,I??KOkiPW,4,69282,,,false,7
,I??KOkiPW,5,68095,,,false,7
,I??KOkiPW,6,67606,,,false,7
,I??KOkiPW,7,67396,,,false,7
,I??KOkiPW,8,68305,,,false,7
,I??KOkiPW,9,68654,,,false,7
,I??KOtVLw,0,643094,,,false,7
,I??KOtVLw,1,602028,,,false,7
,I??KOtVLw,2,565641,,,false,7
,I??KOtVLw,3,599933,,,false,7
,I??KOtVLw,4,601539,,,false,7
,I??KOtVLw,5,574371,,,false,7
,I??KOtVLw,6,600142,,,false,7
,I??KOtVLw,7,597558,,,false,7
,I??KOtVLw,8,599723,,,false,7
,I??KOtVLw,9,581564,,,false,7
,I??KQKSIG,0,119847,,,false,6
,I??KQKSIG,1,101548,,,false,6
,I??KQKSIG,2,96940,,,false,6
,I??KQKSIG,3,92958,,,false,6
,I??KQKSIG,4,92539,,,false,6
,I??KQKSIG,5,91491,,,false,6
,I??KQKSIG,6,91492,,,false,6
,I??KQKSIG,7,90095,,,false,6
,I??KQKSIG,8,90094,,,false,6
,I??KQKSIG,9,98755,,,false,6
,I??OPHA}W,0,52660,,,false,6
,I??OPHA}W,1,45676,,,false,6
,I??OPHA}W,2,41834,,,false,6
,I??OPHA}W,3,41695,,,false,6
,I??OPHA}W,4,41416,,,false,6
,I??OPHA}W,5,40997,,,false,6
,I??OPHA}W,6,40787,,,false,6
,I??OPHA}W,7,41276,,,false,6
,I??OPHA}W,8,41066,,,false,6
,I??OPHA}W,9,41346,,,false,6
,I??OPHB`w,0,43372,,,false,6
,I??OPHB`w,1,37365,,,false,6
,I??OPHB`w,2,36038,,,false,6
,I??OPHB`w,3,35270,,,false,6
,I??OPHB`w,4,35270,,,false,6
,I??OPHB`w,5,34850,,,false,6
,I??OPHB`w,6,34921,,,false,6
,I??OPHB`w,7,34781,,,false,6
,I??OPHB`w,8,34292,,,false,6
,I??OPHB`w,9,34571,,,false,6
,I??OPPE`o,0,63415,,,false,7
,I??OPPE`o,1,41486,,,false,7
,I??OPPE`o,2,39111,,,false,7
,I??OPPE`o,3,39460,,,false,7
,I??OPPE`o,4,38831,,,false,7
,I??OPPE`o,5,38691,,,false,7
,I??OPPE`o,6,38622,,,false,7
,I??OPPE`o,7,38203,,,false,7
,I??OPPE`o,8,38691,,,false,7
,I??OPPE`o,9,38552,,,false,7
,I??OQ?``w,0,30032,,,false,3
,I??OQ?``w,1,26190,,,false,3
,I??OQ?``w,2,25352,,,false,3
,I??OQ?``w,3,24864,,,false,3
,I??OQ?``w,4,23327,,,false,3
,I??OQ?``w,5,23746,,,false,3
,I??OQ?``w,6,22907,,,false,3
,I??OQ?``w,7,23326,,,false,3
,I??OQ?``w,8,22838,,,false,3
,I??OQ?``w,9,22768,,,false,3
,I??OQKeeW,0,262951,,,false,7
,I??OQKeeW,1,241998,,,false,7
,I??OQKeeW,2,232290,,,false,7
,I??OQKeeW,3,225377,,,false,7
,I??OQKeeW,4,223351,,,false,7
,I??OQKeeW,5,228519,,,false,7
,I??OQKeeW,6,220906,,,false,7
,I??OQKeeW,7,217136,,,false,7
,I??OQKeeW,8,218951,,,false,7
,I??OQKeeW,9,238926,,,false,7
,I??OQKfeW,0,247726,,,false,7
,I??OQKfeW,1,246259,,,false,7
,I??OQKfeW,2,235992,,,false,7
,I??OQKfeW,3,244583,,,false,7
,I??OQKfeW,4,228589,,,false,7
,I??OQKfeW,5,231732,,,false,7
,I??OQKfeW,6,229078,,,false,7
,I??OQKfeW,7,242976,,,false,7
,I??OQKfeW,8,221465,,,false,7
,I??OQKfeW,9,226563,,,false,7
,I??OQKfmw,0,444676,,,false,6
,I??OQKfmw,1,435528,,,false,6
,I??OQKfmw,2,420861,,,false,6
,I??OQKfmw,3,432733,,,false,6
,I??OQKfmw,4,429660,,,false,6
,I??OQKfmw,5,430010,,,false,6
,I??OQKfmw,6,416810,,,false,6
,I??OQKfmw,7,434759,,,false,6
,I??OQKfmw,8,418696,,,false,6
,I??OQKfmw,9,423236,,,false,6
,I??OQKxxg,0,469121,,,false,7
,I??OQKxxg,1,443140,,,false,7
,I??OQKxxg,2,445585,,,false,7
,I??OQKxxg,3,432036,,,false,7
,I??OQKxxg,4,448029,,,false,7
,I??OQKxxg,5,440696,,,false,7
,I??OQKxxg,6,453965,,,false,7
,I??OQKxxg,7,441673,,,false,7
,I??OQKxxg,8,455152,,,false,7
,I??OQKxxg,9,441813,,,false,7
,I??OS?dOw,0,22908,,,false,3
,I??OS?dOw,1,19066,,,false,3
,I??OS?dOw,2,17949,,,false,3
,I??OS?dOw,3,17670,,,false,3
,I??OS?dOw,4,17251,,,false,3
,I??OS?dOw,5,17041,,,false,3
,I??OS?dOw,6,17250,,,false,3
,I??OS?dOw,7,16832,,,false,3
,I??OS?dOw,8,16971,,,false,3
,I??OS?dOw,9,17180,,,false,3
,I??OS@XHw,0,59086,,,false,5
,I??OS@XHw,1,50425,,,false,5
,I??OS@XHw,2,48679,,,false,5
,I??OS@XHw,3,48539,,,false,5
,I??OS@XHw,4,57409,,,false,5
,I??OS@XHw,5,47282,,,false,5
,I??OS@XHw,6,47771,,,false,5
,I??OS@XHw,7,47562,,,false,5
,I??OS@XHw,8,47632,,,false,5
,I??OS@XHw,9,47492,,,false,5
,I??OSLFHw,0,44488,,,false,7
,I??OSLFHw,1,37574,,,false,7
,I??OSLFHw,2,36317,,,false,7
,I??OSLFHw,3,35619,,,false,7
,I??OSLFHw,4,36527,,,false,7
,I??OSLFHw,5,35759,,,false,7
,I??OSLFHw,6,35689,,,false,7
,I??OSLFHw,7,35759,,,false,7
,I??OSLFHw,8,35898,,,false,7
,I??OSLFHw,9,35758,,,false,7
,I??OS_bRG,0,35968,,,false,7
,I??OS_bRG,1,30451,,,false,7
,I??OS_bRG,2,28565,,,false,7
,I??OS_bRG,3,28146,,,false,7
,I??OS_bRG,4,28635,,,false,7
,I??OS_bRG,5,27727,,,false,7
,I??OS_bRG,6,27727,,,false,7
,I??OS_bRG,7,36596,,,false,7
,I??OS_bRG,8,27936,,,false,7
,I??OS_bRG,9,27237,,,false,7
,I??OXLZjW,0,193808,,,false,7
,I??OXLZjW,1,181307,,,false,7
,I??OXLZjW,2,171460,,,false,7
,I??OXLZjW,3,172018,,,false,7
,I??OXLZjW,4,180608,,,false,7
,I??OXLZjW,5,170272,,,false,7
,I??OXLZjW,6,164614,,,false,7
,I??OXLZjW,7,167967,,,false,7
,I??OXLZjW,8,168247,,,false,7
,I??OXLZjW,9,167758,,,false,7
,I??OXLZzO,0,395579,,,false,7
,I??OXLZzO,1,386499,,,false,7
,I??OXLZzO,2,387757,,,false,7
,I??OXLZzO,3,363731,,,false,7
,I??OXLZzO,4,366734,,,false,7
,I??OXLZzO,5,369597,,,false,7
,I??OXLZzO,6,371623,,,false,7
,I??OXLZzO,7,362334,,,false,7
,I??OXLZzO,8,379375,,,false,7
,I??OXLZzO,9,366874,,,false,7
,I??OY?`ew,0,41485,,,false,6
,I??OY?`ew,1,34990,,,false,6
,I??OY?`ew,2,33803,,,false,6
,I??OY?`ew,3,32407,,,false,6
,I??OY?`ew,4,31917,,,false,6
,I??OY?`ew,5,31499,,,false,6
,I??OY?`ew,6,48539,,,false,6
,I??OY?`ew,7,31498,,,false,6
,I??OY?`ew,8,31778,,,false,6
,I??OY?`ew,9,31708,,,false,6
,I??OY?`}W,0,34362,,,false,6
,I??OY?`}W,1,29543,,,false,6
,I??OY?`}W,2,28565,,,false,6
,I??OY?`}W,3,28565,,,false,6
,I??OY?`}W,4,28076,,,false,6
,I??OY?`}W,5,28774,,,false,6
,I??OY?`}W,6,27867,,,false,6
,I??OY?`}W,7,28076,,,false,6
,I??OY?`}W,8,29053,,,false,6
,I??OY?`}W,9,28076,,,false,6
,I??OYKhcg,0,75498,,,false,7
,I??OYKhcg,1,65440,,,false,7
,I??OYKhcg,2,60971,,,false,7
,I??OYKhcg,3,60552,,,false,7
,I??OYKhcg,4,59644,,,false,7
,I??OYKhcg,5,59295,,,false,7
,I??OYKhcg,6,58178,,,false,7
,I??OYKhcg,7,72425,,,false,7
,I??OYKhcg,8,57689,,,false,7
,I??OYKhcg,9,57968,,,false,7
,I??OYKzjw,0,204354,,,false,7
,I??OYKzjw,1,195345,,,false,7
,I??OYKzjw,2,184031,,,false,7
,I??OYKzjw,3,194716,,,false,7
,I??OYKzjw,4,181167,,,false,7
,I??OYKzjw,5,183192,,,false,7
,I??OYKzjw,6,183192,,,false,7
,I??OYKzjw,7,181516,,,false,7
,I??OYKzjw,8,182704,,,false,7
,I??OYKzjw,9,188501,,,false,7
,I??OYOflo,0,57270,,,false,5
,I??OYOflo,1,49866,,,false,5
,I??OYOflo,2,46584,,,false,5
,I??OYOflo,3,46095,,,false,5
,I??OYOflo,4,46794,,,false,5
,I??OYOflo,5,45327,,,false,5
,I??OYOflo,6,45257,,,false,5
,I??OYOflo,7,45467,,,false,5
,I??OYOflo,8,45816,,,false,5
,I??OYOflo,9,44838,,,false,5
,I??O[K|Uo,0,438251,,,false,7
,I??O[K|Uo,1,415972,,,false,7
,I??O[K|Uo,2,411782,,,false,7
,I??O[K|Uo,3,425331,,,false,7
,I??O[K|Uo,4,407731,,,false,7
,I??O[K|Uo,5,418975,,,false,7
,I??O[K|Uo,6,403121,,,false,7
,I??O[K|Uo,7,408918,,,false,7
,I??O[K|Uo,8,401445,,,false,7
,I??O[K|Uo,9,403051,,,false,7
,I??O[K|Uw,0,427076,,,false,7
,I??O[K|Uw,1,421560,,,false,7
,I??O[K|Uw,2,425610,,,false,7
,I??O[K|Uw,3,410454,,,false,7
,I??O[K|Uw,4,417718,,,false,7
,I??O[K|Uw,5,414435,,,false,7
,I??O[K|Uw,6,410245,,,false,7
,I??O[K|Uw,7,418486,,,false,7
,I??O[K|Uw,8,406333,,,false,7
,I??O[K|Uw,9,425749,,,false,7
,I??Op\efW,0,227122,,,false,7
,I??Op\efW,1,216576,,,false,7
,I??Op\efW,2,211688,,,false,7
,I??Op\efW,3,217135,,,false,7
,I??Op\efW,4,206590,,,false,7
,I??Op\efW,5,205262,,,false,7
,I??Op\efW,6,199395,,,false,7
,I??Op\efW,7,205542,,,false,7
,I??Op\efW,8,218043,,,false,7
,I??Op\efW,9,208056,,,false,7
,I??Oq[mfW,0,260855,,,false,7
,I??Oq[mfW,1,258341,,,false,7
,I??Oq[mfW,2,258132,,,false,7
,I??Oq[mfW,3,247586,,,false,7
,I??Oq[mfW,4,251357,,,false,7
,I??Oq[mfW,5,254011,,,false,7
,I??Oq[mfW,6,261833,,,false,7
,I??Oq[mfW,7,246818,,,false,7
,I??Oq[mfW,8,248285,,,false,7
,I??Oq[mfW,9,246748,,,false,7
,I??Oqwm~g,0,480854,,,false,7
,I??Oqwm~g,1,459623,,,false,7
,I??Oqwm~g,2,464302,,,false,7
,I??Oqwm~g,3,452778,,,false,7
,I??Oqwm~g,4,468492,,,false,7
,I??Oqwm~g,5,447120,,,false,7
,I??Oqwm~g,6,460041,,,false,7
,I??Oqwm~g,7,448098,,,false,7
,I??Oqwm~g,8,471705,,,false,7
,I??Oqwm~g,9,469191,,,false,7
,I??Os\NJw,0,162241,,,false,6
,I??Os\NJw,1,159586,,,false,6
,I??Os\NJw,2,144850,,,false,6
,I??Os\NJw,3,142196,,,false,6
,I??Os\NJw,4,140729,,,false,6
,I??Os\NJw,5,139821,,,false,6
,I??Os\NJw,6,135491,,,false,6
,I??Os\NJw,7,138354,,,false,6
,I??Os\NJw,8,148901,,,false,6
,I??Os\NJw,9,137656,,,false,6
,I??P?XAeW,0,34291,,,false,6
,I??P?XAeW,1,28565,,,false,6
,I??P?XAeW,2,27727,,,false,6
,I??P?XAeW,3,27098,,,false,6
,I??P?XAeW,4,26958,,,false,6
,I??P?XAeW,5,27657,,,false,6
,I??P?XAeW,6,26330,,,false,6
,I??P?XAeW,7,26190,,,false,6
,I??P?XAeW,8,27098,,,false,6
,I??P?XAeW,9,26330,,,false,6
,I??P?XIco,0,38482,,,false,6
,I??P?XIco,1,31707,,,false,6
,I??P?XIco,2,30520,,,false,6
,I??P?XIco,3,30031,,,false,6
,I??P?XIco,4,29123,,,false,6
,I??P?XIco,5,29612,,,false,6
,I??P?XIco,6,29542,,,false,6
,I??P?XIco,7,29053,,,false,6
,I??P?XIco,8,29333,,,false,6
,I??P?XIco,9,29822,,,false,6
,I??P?\Xf_,0,214761,,,false,7
,I??P?\Xf_,1,185916,,,false,7
,I??P?\Xf_,2,178094,,,false,7
,I??P?\Xf_,3,175021,,,false,7
,I??P?\Xf_,4,172717,,,false,7
,I??P?\Xf_,5,174602,,,false,7
,I??P?\Xf_,6,160774,,,false,7
,I??P?\Xf_,7,160634,,,false,7
,I??P?\Xf_,8,160494,,,false,7
,I??P?\Xf_,9,154977,,,false,7
,I??POpFxo,0,47003,,,false,5
,I??POpFxo,1,41066,,,false,5
,I??POpFxo,2,39041,,,false,5
,I??POpFxo,3,38133,,,false,5
,I??POpFxo,4,39181,,,false,5
,I??POpFxo,5,38691,,,false,5
,I??POpFxo,6,47701,,,false,5
,I??POpFxo,7,38552,,,false,5
,I??POpFxo,8,39041,,,false,5
,I??POpFxo,9,39250,,,false,5
,I??PYyz~O,0,601958,,,false,9
,I??PYyz~O,1,595882,,,false,9
,I??PYyz~O,2,576257,,,false,9
,I??PYyz~O,3,576326,,,false,9
,I??PYyz~O,4,593018,,,false,9
,I??PYyz~O,5,580168,,,false,9
,I??PYyz~O,6,603984,,,false,9
,I??PYyz~O,7,594974,,,false,9
,I??PYyz~O,8,592460,,,false,9
,I??PYyz~O,9,596720,,,false,9
,I??P\t^~g,0,615507,,,false,9
,I??P\t^~g,1,609221,,,false,9
,I??P\t^~g,2,603495,,,false,9
,I??P\t^~g,3,587222,,,false,9
,I??P\t^~g,4,600142,,,false,9
,I??P\t^~g,5,581565,,,false,9
,I??P\t^~g,6,596092,,,false,9
,I??P\t^~g,7,594345,,,false,9
,I??P\t^~g,8,585475,,,false,9
,I??P\t^~g,9,601818,,,false,9
,I??Psxm~?,0,577164,,,false,9
,I??Psxm~?,1,570740,,,false,9
,I??Psxm~?,2,553698,,,false,9
,I??Psxm~?,3,560053,,,false,9
,I??Psxm~?,4,570111,,,false,9
,I??Psxm~?,5,563825,,,false,9
,I??Psxm~?,6,584917,,,false,9
,I??Psxm~?,7,570948,,,false,9
,I??Psxm~?,8,581564,,,false,9
,I??Psxm~?,9,577235,,,false,9
,I??Q?slfg,0,153301,,,false,6
,I??Q?slfg,1,140101,,,false,6
,I??Q?slfg,2,132697,,,false,6
,I??Q?slfg,3,130672,,,false,6
,I??Q?slfg,4,127948,,,false,6
,I??Q?slfg,5,127180,,,false,6
,I??Q?slfg,6,130323,,,false,6
,I??Q?slfg,7,124526,,,false,6
,I??Q?slfg,8,124526,,,false,6
,I??Q?slfg,9,123968,,,false,6
,I??QXYRzG,0,570739,,,false,9
,I??QXYRzG,1,530231,,,false,9
,I??QXYRzG,2,539660,,,false,9
,I??QXYRzG,3,545038,,,false,9
,I??QXYRzG,4,554467,,,false,9
,I??QXYRzG,5,527577,,,false,9
,I??QXYRzG,6,551952,,,false,9
,I??QXYRzG,7,544339,,,false,9
,I??QXYRzG,8,547203,,,false,9
,I??QXYRzG,9,542942,,,false,9
,I??Rswn~G,0,594066,,,false,9
,I??Rswn~G,1,601469,,,false,9
,I??Rswn~G,2,578422,,,false,9
,I??Rswn~G,3,594695,,,false,9
,I??Rswn~G,4,592739,,,false,9
,I??Rswn~G,5,590574,,,false,9
,I??Rswn~G,6,601050,,,false,9
,I??Rswn~G,7,594066,,,false,9
,I??Rswn~G,8,605240,,,false,9
,I??Rswn~G,9,606777,,,false,9
,I??T@GNUW,0,122710,,,false,5
,I??T@GNUW,1,114120,,,false,5
,I??T@GNUW,2,108742,,,false,5
,I??T@GNUW,3,108812,,,false,5
,I??T@GNUW,4,99314,,,false,5
,I??T@GNUW,5,98615,,,false,5
,I??T@GNUW,6,98266,,,false,5
,I??T@GNUW,7,97358,,,false,5
,I??T@GNUW,8,106368,,,false,5
,I??T@GNUW,9,97707,,,false,5
,I??WQ?b`w,0,47771,,,false,6
,I??WQ?b`w,1,39949,,,false,6
,I??WQ?b`w,2,38133,,,false,6
,I??WQ?b`w,3,36806,,,false,6
,I??WQ?b`w,4,36178,,,false,6
,I??WQ?b`w,5,35899,,,false,6
,I??WQ?b`w,6,36666,,,false,6
,I??WQ?b`w,7,36317,,,false,6
,I??WQ?b`w,8,36248,,,false,6
,I??WQ?b`w,9,36178,,,false,6
,I??XPqdSw,0,582892,,,false,9
,I??XPqdSw,1,551254,,,false,9
,I??XPqdSw,2,559215,,,false,9
,I??XPqdSw,3,546225,,,false,9
,I??XPqdSw,4,551882,,,false,9
,I??XPqdSw,5,550485,,,false,9
,I??XPqdSw,6,533234,,,false,9
,I??XPqdSw,7,547761,,,false,9
,I??XPqdSw,8,547831,,,false,9
,I??XPqdSw,9,555654,,,false,9
,I??YcOfJo,0,125923,,,false,6
,I??YcOfJo,1,114748,,,false,6
,I??YcOfJo,2,109510,,,false,6
,I??YcOfJo,3,108672,,,false,6
,I??YcOfJo,4,108952,,,false,6
,I??YcOfJo,5,100990,,,false,6
,I??YcOfJo,6,109790,,,false,6
,I??YcOfJo,7,99244,,,false,6
,I??YcOfJo,8,109091,,,false,6
,I??YcOfJo,9,100432,,,false,6
,I??[QOfLo,0,134374,,,false,7
,I??[QOfLo,1,124666,,,false,7
,I??[QOfLo,2,119777,,,false,7
,I??[QOfLo,3,113491,,,false,7
,I??[QOfLo,4,128857,,,false,7
,I??[QOfLo,5,119637,,,false,7
,I??[QOfLo,6,117821,,,false,7
,I??[QOfLo,7,113491,,,false,7
,I??[QOfLo,8,113142,,,false,7
,I??[QOfLo,9,113003,,,false,7
,I??_Pe^Vo,0,165523,,,false,5
,I??_Pe^Vo,1,160285,,,false,5
,I??_Pe^Vo,2,148272,,,false,5
,I??_Pe^Vo,3,144501,,,false,5
,I??_Pe^Vo,4,143174,,,false,5
,I??_Pe^Vo,5,141567,,,false,5
,I??_Pe^Vo,6,140799,,,false,5
,I??_Pe^Vo,7,139263,,,false,5
,I??_Pe^Vo,8,147015,,,false,5
,I??_Pe^Vo,9,141358,,,false,5
,I??_Pe^Vw,0,152183,,,false,5
,I??_Pe^Vw,1,151415,,,false,5
,I??_Pe^Vw,2,148412,,,false,5
,I??_Pe^Vw,3,141637,,,false,5
,I??_Pe^Vw,4,145479,,,false,5
,I??_Pe^Vw,5,143383,,,false,5
,I??_Pe^Vw,6,136538,,,false,5
,I??_Pe^Vw,7,142126,,,false,5
,I??_Pe^Vw,8,141218,,,false,5
,I??_Pe^Vw,9,135491,,,false,5
,I??_QCRfW,0,63206,,,false,6
,I??_QCRfW,1,53148,,,false,6
,I??_QCRfW,2,50076,,,false,6
,I??_QCRfW,3,48819,,,false,6
,I??_QCRfW,4,63974,,,false,6
,I??_QCRfW,5,48260,,,false,6
,I??_QCRfW,6,47212,,,false,6
,I??_QCRfW,7,47771,,,false,6
,I??_QCRfW,8,47072,,,false,6
,I??_QCRfW,9,47771,,,false,6
,I??_Xu^Vo,0,348156,,,false,7
,I??_Xu^Vo,1,347318,,,false,7
,I??_Xu^Vo,2,322456,,,false,7
,I??_Xu^Vo,3,321198,,,false,7
,I??_Xu^Vo,4,329719,,,false,7
,I??_Xu^Vo,5,313376,,,false,7
,I??_Xu^Vo,6,318265,,,false,7
,I??_Xu^Vo,7,318404,,,false,7
,I??_Xu^Vo,8,325248,,,false,7
,I??_Xu^Vo,9,321058,,,false,7
,I??_Xu^Vw,0,353813,,,false,7
,I??_Xu^Vw,1,334189,,,false,7
,I??_Xu^Vw,2,332512,,,false,7
,I??_Xu^Vw,3,345921,,,false,7
,I??_Xu^Vw,4,346830,,,false,7
,I??_Xu^Vw,5,345293,,,false,7
,I??_Xu^Vw,6,355839,,,false,7
,I??_Xu^Vw,7,348435,,,false,7
,I??_Xu^Vw,8,347667,,,false,7
,I??_Xu^Vw,9,361496,,,false,7
,I??_YOVkw,0,89117,,,false,5
,I??_YOVkw,1,80666,,,false,5
,I??_YOVkw,2,75428,,,false,5
,I??_YOVkw,3,74520,,,false,5
,I??_YOVkw,4,73403,,,false,5
,I??_YOVkw,5,72844,,,false,5
,I??_YOVkw,6,73193,,,false,5
,I??_YOVkw,7,71936,,,false,5
,I??_YOVkw,8,73053,,,false,5
,I??_YOVkw,9,89257,,,false,5
,I??_Yczno,0,684859,,,false,9
,I??_Yczno,1,665234,,,false,9
,I??_Yczno,2,638205,,,false,9
,I??_Yczno,3,645748,,,false,9
,I??_Yczno,4,668377,,,false,9
,I??_Yczno,5,668446,,,false,9
,I??_Yczno,6,643094,,,false,9
,I??_Yczno,7,668936,,,false,9
,I??_Yczno,8,665024,,,false,9
,I??_Yczno,9,648821,,,false,9
,I??_[pFMg,0,588548,,,false,7
,I??_[pFMg,1,557679,,,false,7
,I??_[pFMg,2,564384,,,false,7
,I??_[pFMg,3,563755,,,false,7
,I??_[pFMg,4,550904,,,false,7
,I??_[pFMg,5,560124,,,false,7
,I??_[pFMg,6,552231,,,false,7
,I??_[pFMg,7,559704,,,false,7
,I??_[pFMg,8,546644,,,false,7
,I??_[pFMg,9,562847,,,false,7
,I??__PB`o,0,49937,,,false,3
,I??__PB`o,1,43511,,,false,3
,I??__PB`o,2,39530,,,false,3
,I??__PB`o,3,38482,,,false,3
,I??__PB`o,4,37994,,,false,3
,I??__PB`o,5,37155,,,false,3
,I??__PB`o,6,37644,,,false,3
,I??__PB`o,7,37295,,,false,3
,I??__PB`o,8,37575,,,false,3
,I??__PB`o,9,37714,,,false,3
,I??__QFPo,0,34501,,,false,5
,I??__QFPo,1,30031,,,false,5
,I??__QFPo,2,38272,,,false,5
,I??__QFPo,3,28565,,,false,5
,I??__QFPo,4,28565,,,false,5
,I??__QFPo,5,28146,,,false,5
,I??__QFPo,6,28146,,,false,5
,I??__QFPo,7,28356,,,false,5
,I??__QFPo,8,27867,,,false,5
,I??__QFPo,9,28146,,,false,5
,I??__QFPw,0,31917,,,false,5
,I??__QFPw,1,30032,,,false,5
,I??__QFPw,2,29543,,,false,5
,I??__QFPw,3,29543,,,false,5
,I??__QFPw,4,29333,,,false,5
,I??__QFPw,5,28845,,,false,5
,I??__QFPw,6,29124,,,false,5
,I??__QFPw,7,29054,,,false,5
,I??__QFPw,8,29054,,,false,5
,I??__QFPw,9,29054,,,false,5
,I??__QwPw,0,41136,,,false,5
,I??__QwPw,1,34501,,,false,5
,I??__QwPw,2,33803,,,false,5
,I??__QwPw,3,33314,,,false,5
,I??__QwPw,4,32895,,,false,5
,I??__QwPw,5,33453,,,false,5
,I??__QwPw,6,33384,,,false,5
,I??__QwPw,7,33384,,,false,5
,I??__QwPw,8,33803,,,false,5
,I??__QwPw,9,42603,,,false,5
,I??__TE`W,0,35340,,,false,5
,I??__TE`W,1,31010,,,false,5
,I??__TE`W,2,30031,,,false,5
,I??__TE`W,3,30031,,,false,5
,I??__TE`W,4,29543,,,false,5
,I??__TE`W,5,29822,,,false,5
,I??__TE`W,6,29892,,,false,5
,I??__TE`W,7,30032,,,false,5
,I??__TE`W,8,29613,,,false,5
,I??__TE`W,9,29543,,,false,5
,I??__TFmW,0,45676,,,false,5
,I??__TFmW,1,37994,,,false,5
,I??__TFmW,2,36527,,,false,5
,I??__TFmW,3,36247,,,false,5
,I??__TFmW,4,36247,,,false,5
,I??__TFmW,5,36317,,,false,5
,I??__TFmW,6,35759,,,false,5
,I??__TFmW,7,35759,,,false,5
,I??__TFmW,8,35479,,,false,5
,I??__TFmW,9,35270,,,false,5
,I??__\YfO,0,202538,,,false,7
,I??__\YfO,1,176208,,,false,7
,I??__\YfO,2,170971,,,false,7
,I??__\YfO,3,163358,,,false,7
,I??__\YfO,4,163567,,,false,7
,I??__\YfO,5,162520,,,false,7
,I??__\YfO,6,165942,,,false,7
,I??__\YfO,7,164615,,,false,7
,I??__\YfO,8,158468,,,false,7
,I??__\YfO,9,162170,,,false,7
,I??__\YfW,0,178653,,,false,7
,I??__\YfW,1,168875,,,false,7
,I??__\YfW,2,177466,,,false,7
,I??__\YfW,3,162379,,,false,7
,I??__\YfW,4,161751,,,false,7
,I??__\YfW,5,161192,,,false,7
,I??__\YfW,6,155955,,,false,7
,I??__\YfW,7,159796,,,false,7
,I??__\YfW,8,164056,,,false,7
,I??__\YfW,9,155605,,,false,7
,I??_`pnfo,0,572555,,,false,9
,I??_`pnfo,1,565222,,,false,9
,I??_`pnfo,2,542942,,,false,9
,I??_`pnfo,3,552301,,,false,9
,I??_`pnfo,4,565990,,,false,9
,I??_`pnfo,5,545248,,,false,9
,I??_`pnfo,6,558168,,,false,9
,I??_`pnfo,7,540917,,,false,9
,I??_`pnfo,8,547622,,,false,9
,I??_`pnfo,9,537215,,,false,9
,I??_`pnfw,0,563825,,,false,9
,I??_`pnfw,1,554815,,,false,9
,I??_`pnfw,2,546714,,,false,9
,I??_`pnfw,3,562498,,,false,9
,I??_`pnfw,4,558237,,,false,9
,I??_`pnfw,5,575279,,,false,9
,I??_`pnfw,6,559006,,,false,9
,I??_`pnfw,7,567736,,,false,9
,I??_`pnfw,8,574721,,,false,9
,I??_`pnfw,9,562218,,,false,9
,I??_aOMbo,0,87231,,,false,7
,I??_aOMbo,1,75708,,,false,7
,I??_aOMbo,2,71308,,,false,7
,I??_aOMbo,3,70120,,,false,7
,I??_aOMbo,4,78152,,,false,7
,I??_aOMbo,5,67885,,,false,7
,I??_aOMbo,6,67745,,,false,7
,I??_aOMbo,7,67746,,,false,7
,I??_aOMbo,8,67956,,,false,7
,I??_aOMbo,9,67187,,,false,7
,I??_g]~^o,0,586942,,,false,9
,I??_g]~^o,1,563336,,,false,9
,I??_g]~^o,2,568784,,,false,9
,I??_g]~^o,3,556003,,,false,9
,I??_g]~^o,4,565361,,,false,9
,I??_g]~^o,5,551882,,,false,9
,I??_g]~^o,6,574371,,,false,9
,I??_g]~^o,7,561171,,,false,9
,I??_g]~^o,8,559914,,,false,9
,I??_g]~^o,9,563127,,,false,9
,I??_g]~^w,0,562358,,,false,9
,I??_g]~^w,1,575349,,,false,9
,I??_g]~^w,2,565780,,,false,9
,I??_g]~^w,3,576256,,,false,9
,I??_g]~^w,4,574232,,,false,9
,I??_g]~^w,5,576675,,,false,9
,I??_g]~^w,6,588339,,,false,9
,I??_g]~^w,7,581006,,,false,9
,I??_g]~^w,8,596161,,,false,9
,I??_g]~^w,9,593018,,,false,9
,I??aGWRmw,0,437622,,,false,6
,I??aGWRmw,1,423724,,,false,6
,I??aGWRmw,2,431477,,,false,6
,I??aGWRmw,3,417229,,,false,6
,I??aGWRmw,4,423305,,,false,6
,I??aGWRmw,5,401864,,,false,6
,I??aGWRmw,6,408359,,,false,6
,I??aGWRmw,7,404029,,,false,6
,I??aGWRmw,8,407731,,,false,6
,I??aGWRmw,9,421769,,,false,6
,I??aWwrmW,0,630941,,,false,9
,I??aWwrmW,1,631291,,,false,9
,I??aWwrmW,2,627659,,,false,9
,I??aWwrmW,3,610688,,,false,9
,I??aWwrmW,4,619557,,,false,9
,I??aWwrmW,5,609780,,,false,9
,I??aWwrmW,6,615507,,,false,9
,I??aWwrmW,7,640650,,,false,9
,I??aWwrmW,8,676059,,,false,9
,I??aWwrmW,9,646307,,,false,9
,I??aWwrmw,0,684440,,,false,9
,I??aWwrmw,1,689608,,,false,9
,I??aWwrmw,2,655456,,,false,9
,I??aWwrmw,3,653850,,,false,9
,I??aWwrmw,4,634923,,,false,9
,I??aWwrmw,5,639533,,,false,9
,I??aWwrmw,6,654968,,,false,9
,I??aWwrmw,7,634504,,,false,9
,I??aWwrmw,8,631431,,,false,9
,I??aWwrmw,9,633945,,,false,9
,I??a_[znO,0,644561,,,false,9
,I??a_[znO,1,624865,,,false,9
,I??a_[znO,2,625145,,,false,9
,I??a_[znO,3,613063,,,false,9
,I??a_[znO,4,634015,,,false,9
,I??a_[znO,5,636460,,,false,9
,I??a_[znO,6,612923,,,false,9
,I??a_[znO,7,630104,,,false,9
,I??a_[znO,8,630174,,,false,9
,I??a_[znO,9,610479,,,false,9
,I??a`O\fo,0,83251,,,false,6
,I??a`O\fo,1,72914,,,false,6
,I??a`O\fo,2,69282,,,false,6
,I??a`O\fo,3,82413,,,false,6
,I??a`O\fo,4,66768,,,false,6
,I??a`O\fo,5,66838,,,false,6
,I??a`O\fo,6,67885,,,false,6
,I??a`O\fo,7,68095,,,false,6
,I??a`O\fo,8,68165,,,false,6
,I??a`O\fo,9,67327,,,false,6
,I??c?cJPW,0,61251,,,false,3
,I??c?cJPW,1,52451,,,false,3
,I??c?cJPW,2,44489,,,false,3
,I??c?cJPW,3,43790,,,false,3
,I??c?cJPW,4,43580,,,false,3
,I??c?cJPW,5,42952,,,false,3
,I??c?cJPW,6,42394,,,false,3
,I??c?cJPW,7,42812,,,false,3
,I??c?cJPW,8,42394,,,false,3
,I??c?cJPW,9,42463,,,false,3
,I??gS`BDg,0,76965,,,false,6
,I??gS`BDg,1,66838,,,false,6
,I??gS`BDg,2,62019,,,false,6
,I??gS`BDg,3,59923,,,false,6
,I??gS`BDg,4,58946,,,false,6
,I??gS`BDg,5,59644,,,false,6
,I??gS`BDg,6,58666,,,false,6
,I??gS`BDg,7,57898,,,false,6
,I??gS`BDg,8,58806,,,false,6
,I??gS`BDg,9,57618,,,false,6
,I??gaCJcW,0,70679,,,false,7
,I??gaCJcW,1,60762,,,false,7
,I??gaCJcW,2,56431,,,false,7
,I??gaCJcW,3,55802,,,false,7
,I??gaCJcW,4,64393,,,false,7
,I??gaCJcW,5,54267,,,false,7
,I??gaCJcW,6,54127,,,false,7
,I??gaCJcW,7,55384,,,false,7
,I??gaCJcW,8,56362,,,false,7
,I??gaCJcW,9,55733,,,false,7
,I??ggxJgw,0,166291,,,false,7
,I??ggxJgw,1,154069,,,false,7
,I??ggxJgw,2,147714,,,false,7
,I??ggxJgw,3,139891,,,false,7
,I??ggxJgw,4,150787,,,false,7
,I??ggxJgw,5,138774,,,false,7
,I??ggxJgw,6,129625,,,false,7
,I??ggxJgw,7,133396,,,false,7
,I??ggxJgw,8,132977,,,false,7
,I??ggxJgw,9,132977,,,false,7
,I??gkTJLW,0,569132,,,false,7
,I??gkTJLW,1,564314,,,false,7
,I??gkTJLW,2,562148,,,false,7
,I??gkTJLW,3,558936,,,false,7
,I??gkTJLW,4,522409,,,false,7
,I??gkTJLW,5,533234,,,false,7
,I??gkTJLW,6,527648,,,false,7
,I??gkTJLW,7,542454,,,false,7
,I??gkTJLW,8,534771,,,false,7
,I??gkTJLW,9,547482,,,false,7
,I??g||~~_,0,605590,,,false,9
,I??g||~~_,1,593926,,,false,9
,I??g||~~_,2,595393,,,false,9
,I??g||~~_,3,581425,,,false,9
,I??g||~~_,4,598187,,,false,9
,I??g||~~_,5,609291,,,false,9
,I??g||~~_,6,587850,,,false,9
,I??g||~~_,7,605241,,,false,9
,I??g||~~_,8,597838,,,false,9
,I??g||~~_,9,623050,,,false,9
,I??wt\yTw,0,827055,,,false,9
,I??wt\yTw,1,802820,,,false,9
,I??wt\yTw,2,784592,,,false,9
,I??wt\yTw,3,799048,,,false,9
,I??wt\yTw,4,795068,,,false,9
,I??wt\yTw,5,789061,,,false,9
,I??wt\yTw,6,799328,,,false,9
,I??wt\yTw,7,779074,,,false,9
,I??wt\yTw,8,782566,,,false,9
,I??wt\yTw,9,803797,,,false,9
,I??yRQVmg,0,652243,,,false,9
,I??yRQVmg,1,633038,,,false,9
,I??yRQVmg,2,642954,,,false,9
,I??yRQVmg,3,630662,,,false,9
,I??yRQVmg,4,630662,,,false,9
,I??yRQVmg,5,645957,,,false,9
,I??yRQVmg,6,628288,,,false,9
,I??yRQVmg,7,622700,,,false,9
,I??yRQVmg,8,629196,,,false,9
,I??yRQVmg,9,606777,,,false,9
,I??yTD\mg,0,565221,,,false,9
,I??yTD\mg,1,566828,,,false,9
,I??yTD\mg,2,548530,,,false,9
,I??yTD\mg,3,551463,,,false,9
,I??yTD\mg,4,544759,,,false,9
,I??yTD\mg,5,582682,,,false,9
,I??yTD\mg,6,553559,,,false,9
,I??yTD\mg,7,553000,,,false,9
,I??yTD\mg,8,547971,,,false,9
,I??yTD\mg,9,573184,,,false,9
,I??|AtMmW,0,590993,,,false,9
,I??|AtMmW,1,554816,,,false,9
,I??|AtMmW,2,571996,,,false,9
,I??|AtMmW,3,571787,,,false,9
,I??|AtMmW,4,560333,,,false,9
,I??|AtMmW,5,550206,,,false,9
,I??|AtMmW,6,574511,,,false,9
,I??|AtMmW,7,588339,,,false,9
,I??|AtMmW,8,566967,,,false,9
,I??|AtMmW,9,597209,,,false,9
,I?@?PKUeW,0,205052,,,false,6
,I?@?PKUeW,1,191643,,,false,6
,I?@?PKUeW,2,194297,,,false,6
,I?@?PKUeW,3,179980,,,false,6
,I?@?PKUeW,4,175790,,,false,6
,I?@?PKUeW,5,177186,,,false,6
,I?@?PKUeW,6,178025,,,false,6
,I?@?PKUeW,7,191783,,,false,6
,I?@?PKUeW,8,176977,,,false,6
,I?@?PKUeW,9,171180,,,false,6
,I?@?XGReW,0,189967,,,false,6
,I?@?XGReW,1,180119,,,false,6
,I?@?XGReW,2,177186,,,false,6
,I?@?XGReW,3,178932,,,false,6
,I?@?XGReW,4,170621,,,false,6
,I?@?XGReW,5,173834,,,false,6
,I?@?XGReW,6,167549,,,false,6
,I?@?XGReW,7,170831,,,false,6
,I?@?XGReW,8,181237,,,false,6
,I?@?XGReW,9,174044,,,false,6
,I?@?_Ob`w,0,51962,,,false,3
,I?@?_Ob`w,1,45816,,,false,3
,I?@?_Ob`w,2,42672,,,false,3
,I?@?_Ob`w,3,40857,,,false,3
,I?@?_Ob`w,4,40648,,,false,3
,I?@?_Ob`w,5,40438,,,false,3
,I?@?_Ob`w,6,40578,,,false,3
,I?@?_Ob`w,7,40577,,,false,3
,I?@?_Ob`w,8,40647,,,false,3
,I?@?_Ob`w,9,41066,,,false,3
,I?@?_ObfG,0,61459,,,false,6
,I?@?_ObfG,1,52869,,,false,6
,I?@?_ObfG,2,49936,,,false,6
,I?@?_ObfG,3,49448,,,false,6
,I?@?_ObfG,4,58596,,,false,6
,I?@?_ObfG,5,49098,,,false,6
,I?@?_ObfG,6,48260,,,false,6
,I?@?_ObfG,7,48888,,,false,6
,I?@?_ObfG,8,48470,,,false,6
,I?@?_ObfG,9,48749,,,false,6
,I?@?_SffW,0,44768,,,false,5
,I?@?_SffW,1,37784,,,false,5
,I?@?_SffW,2,36107,,,false,5
,I?@?_SffW,3,36108,,,false,5
,I?@?_SffW,4,35200,,,false,5
,I?@?_SffW,5,35689,,,false,5
,I?@?_SffW,6,35270,,,false,5
,I?@?_SffW,7,35409,,,false,5
,I?@?_SffW,8,35339,,,false,5
,I?@?_SffW,9,35479,,,false,5
,I?@?_Wb}w,0,108602,,,false,5
,I?@?_Wb}w,1,91492,,,false,5
,I?@?_Wb}w,2,95123,,,false,5
,I?@?_Wb}w,3,84437,,,false,5
,I?@?_Wb}w,4,83529,,,false,5
,I?@?_Wb}w,5,83040,,,false,5
,I?@?_Wb}w,6,82901,,,false,5
,I?@?_Wb}w,7,83041,,,false,5
,I?@?_Wb}w,8,82761,,,false,5
,I?@?_Wb}w,9,82831,,,false,5
,I?@?gWb`w,0,38133,,,false,7
,I?@?gWb`w,1,33175,,,false,7
,I?@?gWb`w,2,31708,,,false,7
,I?@?gWb`w,3,31428,,,false,7
,I?@?gWb`w,4,31429,,,false,7
,I?@?gWb`w,5,30940,,,false,7
,I?@?gWb`w,6,30939,,,false,7
,I?@?gWb`w,7,30939,,,false,7
,I?@?gWb`w,8,46165,,,false,7
,I?@?gWb`w,9,31289,,,false,7
,I?@?gWb~w,0,314843,,,false,7
,I?@?gWb~w,1,294309,,,false,7
,I?@?gWb~w,2,295706,,,false,7
,I?@?gWb~w,3,290538,,,false,7
,I?@?gWb~w,4,294728,,,false,7
,I?@?gWb~w,5,293053,,,false,7
,I?@?gWb~w,6,304436,,,false,7
,I?@?gWb~w,7,285369,,,false,7
,I?@?gWb~w,8,287744,,,false,7
,I?@?gWb~w,9,296754,,,false,7
,I?@@?_Hfg,0,44140,,,false,6
,I?@@?_Hfg,1,38622,,,false,6
,I?@@?_Hfg,2,36317,,,false,6
,I?@@?_Hfg,3,37155,,,false,6
,I?@@?_Hfg,4,35828,,,false,6
,I?@@?_Hfg,5,35758,,,false,6
,I?@@?_Hfg,6,34920,,,false,6
,I?@@?_Hfg,7,34851,,,false,6
,I?@@?_Hfg,8,34990,,,false,6
,I?@@?_Hfg,9,35200,,,false,6
,I?@@?_JbO,0,50076,,,false,3
,I?@@?_JbO,1,42813,,,false,3
,I?@@?_JbO,2,39111,,,false,3
,I?@@?_JbO,3,38413,,,false,3
,I?@@?_JbO,4,38482,,,false,3
,I?@@?_JbO,5,38063,,,false,3
,I?@@?_JbO,6,38273,,,false,3
,I?@@?_JbO,7,38063,,,false,3
,I?@@?_JbO,8,38203,,,false,3
,I?@@?_JbO,9,37993,,,false,3
,I?@@?_JnW,0,63415,,,false,6
,I?@@?_JnW,1,53428,,,false,6
,I?@@?_JnW,2,50425,,,false,6
,I?@@?_JnW,3,49168,,,false,6
,I?@@?_JnW,4,49028,,,false,6
,I?@@?_JnW,5,47632,,,false,6
,I?@@?_JnW,6,48260,,,false,6
,I?@@?_JnW,7,48120,,,false,6
,I?@@?_JnW,8,47143,,,false,6
,I?@@?_JnW,9,47352,,,false,6
,I?@@?cJ`w,0,58666,,,false,3
,I?@@?cJ`w,1,54825,,,false,3
,I?@@?cJ`w,2,48399,,,false,3
,I?@@?cJ`w,3,48469,,,false,3
,I?@@?cJ`w,4,47492,,,false,3
,I?@@?cJ`w,5,47702,,,false,3
,I?@@?cJ`w,6,47282,,,false,3
,I?@@?cJ`w,7,57898,,,false,3
,I?@@?cJ`w,8,47492,,,false,3
,I?@@?cJ`w,9,46793,,,false,3
,I?@@?cLeg,0,111466,,,false,5
,I?@@?cLeg,1,96520,,,false,5
,I?@@?cLeg,2,91142,,,false,5
,I?@@?cLeg,3,88698,,,false,5
,I?@@?cLeg,4,87510,,,false,5
,I?@@?cLeg,5,86812,,,false,5
,I?@@?cLeg,6,85555,,,false,5
,I?@@?cLeg,7,85625,,,false,5
,I?@@?cLeg,8,95402,,,false,5
,I?@@?cLeg,9,84997,,,false,5
,I?@@?gJeg,0,70679,,,false,5
,I?@@?gJeg,1,66279,,,false,5
,I?@@?gJeg,2,64113,,,false,5
,I?@@?gJeg,3,62927,,,false,5
,I?@@?gJeg,4,62019,,,false,5
,I?@@?gJeg,5,62927,,,false,5
,I?@@?gJeg,6,62298,,,false,5
,I?@@?gJeg,7,62647,,,false,5
,I?@@?gJeg,8,62438,,,false,5
,I?@@?gJeg,9,62507,,,false,5
,I?@@?kNfg,0,199465,,,false,7
,I?@@?kNfg,1,180748,,,false,7
,I?@@?kNfg,2,176767,,,false,7
,I?@@?kNfg,3,174043,,,false,7
,I?@@?kNfg,4,171809,,,false,7
,I?@@?kNfg,5,166221,,,false,7
,I?@@?kNfg,6,174811,,,false,7
,I?@@?kNfg,7,167478,,,false,7
,I?@@?kNfg,8,163497,,,false,7
,I?@@?kNfg,9,167548,,,false,7
,I?@@?kNnw,0,456550,,,false,6
,I?@@?kNnw,1,437204,,,false,6
,I?@@?kNnw,2,443070,,,false,6
,I?@@?kNnw,3,423655,,,false,6
,I?@@?kNnw,4,418696,,,false,6
,I?@@?kNnw,5,438321,,,false,6
,I?@@?kNnw,6,422677,,,false,6
,I?@@?kNnw,7,435388,,,false,6
,I?@@?kNnw,8,414365,,,false,6
,I?@@?kNnw,9,421768,,,false,6
,I?@@G_H_w,0,22489,,,false,3
,I?@@G_H_w,1,17809,,,false,3
,I?@@G_H_w,2,17111,,,false,3
,I?@@G_H_w,3,19485,,,false,3
,I?@@G_H_w,4,16343,,,false,3
,I?@@G_H_w,5,16622,,,false,3
,I?@@G_H_w,6,17041,,,false,3
,I?@@G_H_w,7,16692,,,false,3
,I?@@G_H_w,8,16413,,,false,3
,I?@@G_H_w,9,16343,,,false,3
,I?@@G_H`w,0,26260,,,false,3
,I?@@G_H`w,1,23746,,,false,3
,I?@@G_H`w,2,23257,,,false,3
,I?@@G_H`w,3,22907,,,false,3
,I?@@G_H`w,4,22908,,,false,3
,I?@@G_H`w,5,23117,,,false,3
,I?@@G_H`w,6,22279,,,false,3
,I?@@G_H`w,7,22558,,,false,3
,I?@@G_H`w,8,22418,,,false,3
,I?@@G_H`w,9,22488,,,false,3
,I?@@GkNnw,0,442232,,,false,6
,I?@@GkNnw,1,416252,,,false,6
,I?@@GkNnw,2,412759,,,false,6
,I?@@GkNnw,3,431825,,,false,6
,I?@@GkNnw,4,418835,,,false,6
,I?@@GkNnw,5,426098,,,false,6
,I?@@GkNnw,6,409197,,,false,6
,I?@@GkNnw,7,412480,,,false,6
,I?@@GkNnw,8,405845,,,false,6
,I?@@GkNnw,9,414506,,,false,6
,I?@GPCRbW,0,128088,,,false,5
,I?@GPCRbW,1,103434,,,false,5
,I?@GPCRbW,2,108812,,,false,5
,I?@GPCRbW,3,92958,,,false,5
,I?@GPCRbW,4,91981,,,false,5
,I?@GPCRbW,5,91282,,,false,5
,I?@GPCRbW,6,90304,,,false,5
,I?@GPCRbW,7,89676,,,false,5
,I?@GPCRbW,8,90235,,,false,5
,I?@GPCRbW,9,89746,,,false,5
,I?@G_Sfko,0,40578,,,false,5
,I?@G_Sfko,1,44209,,,false,5
,I?@G_Sfko,2,35479,,,false,5
,I?@G_Sfko,3,31987,,,false,5
,I?@G_Sfko,4,31498,,,false,5
,I?@G_Sfko,5,31428,,,false,5
,I?@G_Sfko,6,31498,,,false,5
,I?@G_Sfko,7,31429,,,false,5
,I?@G_Sfko,8,31498,,,false,5
,I?@G_Sfko,9,31498,,,false,5
,I?@G_Sfmw,0,173345,,,false,7
,I?@G_Sfmw,1,161752,,,false,7
,I?@G_Sfmw,2,152462,,,false,7
,I?@G_Sfmw,3,153789,,,false,7
,I?@G_Sfmw,4,160774,,,false,7
,I?@G_Sfmw,5,145968,,,false,7
,I?@G_Sfmw,6,148552,,,false,7
,I?@G_Sfmw,7,147853,,,false,7
,I?@G_Sfmw,8,143034,,,false,7
,I?@G_Sfmw,9,148132,,,false,7
,I?@G_Sfnw,0,492028,,,false,6
,I?@G_Sfnw,1,477711,,,false,6
,I?@G_Sfnw,2,483368,,,false,6
,I?@G_Sfnw,3,468911,,,false,6
,I?@G_Sfnw,4,478689,,,false,6
,I?@G_Sfnw,5,460321,,,false,6
,I?@G_Sfnw,6,474569,,,false,6
,I?@G_Sfnw,7,459623,,,false,6
,I?@G_Sfnw,8,467166,,,false,6
,I?@G_Sfnw,9,459133,,,false,6
,I?@G`CJdW,0,92050,,,false,7
,I?@G`CJdW,1,79548,,,false,7
,I?@G`CJdW,2,74729,,,false,7
,I?@G`CJdW,3,83111,,,false,7
,I?@G`CJdW,4,71866,,,false,7
,I?@G`CJdW,5,71237,,,false,7
,I?@G`CJdW,6,70190,,,false,7
,I?@G`CJdW,7,69492,,,false,7
,I?@G`CJdW,8,70679,,,false,7
,I?@G`CJdW,9,70679,,,false,7
,I?@X?UBMW,0,232360,,,false,5
,I?@X?UBMW,1,231382,,,false,5
,I?@X?UBMW,2,212036,,,false,5
,I?@X?UBMW,3,211338,,,false,5
,I?@X?UBMW,4,204074,,,false,5
,I?@X?UBMW,5,205751,,,false,5
,I?@X?UBMW,6,214272,,,false,5
,I?@X?UBMW,7,204634,,,false,5
,I?@X?UBMW,8,199815,,,false,5
,I?@X?UBMW,9,204075,,,false,5
,I?@YTs}hw,0,645050,,,false,9
,I?@YTs}hw,1,641628,,,false,9
,I?@YTs}hw,2,627311,,,false,9
,I?@YTs}hw,3,632059,,,false,9
,I?@YTs}hw,4,632479,,,false,9
,I?@YTs}hw,5,639811,,,false,9
,I?@YTs}hw,6,633316,,,false,9
,I?@YTs}hw,7,625145,,,false,9
,I?@YTs}hw,8,643932,,,false,9
,I?@YTs}hw,9,615228,,,false,9
,I?A?_TFHw,0,38622,,,false,5
,I?A?_TFHw,1,31988,,,false,5
,I?A?_TFHw,2,31498,,,false,5
,I?A?_TFHw,3,30521,,,false,5
,I?A?_TFHw,4,30591,,,false,5
,I?A?_TFHw,5,30591,,,false,5
,I?A?_TFHw,6,30311,,,false,5
,I?A?_TFHw,7,30520,,,false,5
,I?A?_TFHw,8,31079,,,false,5
,I?A?_TFHw,9,30591,,,false,5
,I?A?_pNJo,0,53498,,,false,5
,I?A?_pNJo,1,45047,,,false,5
,I?A?_pNJo,2,42743,,,false,5
,I?A?_pNJo,3,41486,,,false,5
,I?A?_pNJo,4,41975,,,false,5
,I?A?_pNJo,5,41485,,,false,5
,I?A?_pNJo,6,41485,,,false,5
,I?A?_pNJo,7,41345,,,false,5
,I?A?_pNJo,8,41765,,,false,5
,I?A?_pNJo,9,50635,,,false,5
,I?A?_pNJw,0,48050,,,false,5
,I?A?_pNJw,1,44000,,,false,5
,I?A?_pNJw,2,44139,,,false,5
,I?A?_pNJw,3,43790,,,false,5
,I?A?_pNJw,4,43721,,,false,5
,I?A?_pNJw,5,44489,,,false,5
,I?A?_pNJw,6,43790,,,false,5
,I?A?_pNJw,7,43511,,,false,5
,I?A?_pNJw,8,43441,,,false,5
,I?A?_pNJw,9,43860,,,false,5
,I?A?gXBGw,0,36876,,,false,7
,I?A?gXBGw,1,31498,,,false,7
,I?A?gXBGw,2,30591,,,false,7
,I?A?gXBGw,3,30102,,,false,7
,I?A?gXBGw,4,30381,,,false,7
,I?A?gXBGw,5,30521,,,false,7
,I?A?gXBGw,6,30521,,,false,7
,I?A?gXBGw,7,30102,,,false,7
,I?A?gXBGw,8,30102,,,false,7
,I?A?gXBGw,9,30521,,,false,7
,I?A@G\ZNW,0,601190,,,false,7
,I?A@G\ZNW,1,591342,,,false,7
,I?A@G\ZNW,2,577653,,,false,7
,I?A@G\ZNW,3,597348,,,false,7
,I?A@G\ZNW,4,574651,,,false,7
,I?A@G\ZNW,5,580517,,,false,7
,I?A@G\ZNW,6,583031,,,false,7
,I?A@G\ZNW,7,578561,,,false,7
,I?A@G\ZNW,8,591831,,,false,7
,I?A@G\ZNW,9,583310,,,false,7
,I?AAown^W,0,857296,,,false,9
,I?AAown^W,1,848147,,,false,9
,I?AAown^W,2,857715,,,false,9
,I?AAown^W,3,856737,,,false,9
,I?AAown^W,4,881601,,,false,9
,I?AAown^W,5,849474,,,false,9
,I?AAown^W,6,846611,,,false,9
,I?AAown^W,7,829639,,,false,9
,I?AAown^W,8,809734,,,false,9
,I?AAown^W,9,837462,,,false,9
,I?C?HdLjw,0,119428,,,false,5
,I?C?HdLjw,1,102526,,,false,5
,I?C?HdLjw,2,96869,,,false,5
,I?C?HdLjw,3,94913,,,false,5
,I?C?HdLjw,4,92959,,,false,5
,I?C?HdLjw,5,101199,,,false,5
,I?C?HdLjw,6,91980,,,false,5
,I?C?HdLjw,7,91631,,,false,5
,I?C?HdLjw,8,91701,,,false,5
,I?C?HdLjw,9,92120,,,false,5
,I?C?IWrjg,0,221814,,,false,7
,I?C?IWrjg,1,211827,,,false,7
,I?C?IWrjg,2,214551,,,false,7
,I?C?IWrjg,3,202609,,,false,7
,I?C?IWrjg,4,197231,,,false,7
,I?C?IWrjg,5,199046,,,false,7
,I?C?IWrjg,6,193879,,,false,7
,I?C?IWrjg,7,211827,,,false,7
,I?C?IWrjg,8,196602,,,false,7
,I?C?IWrjg,9,196462,,,false,7
,I?C?Igjx_,0,46654,,,false,7
,I?C?Igjx_,1,39948,,,false,7
,I?C?Igjx_,2,37155,,,false,7
,I?C?Igjx_,3,36317,,,false,7
,I?C?Igjx_,4,36736,,,false,7
,I?C?Igjx_,5,37574,,,false,7
,I?C?Igjx_,6,36178,,,false,7
,I?C?Igjx_,7,37923,,,false,7
,I?C?Igjx_,8,45816,,,false,7
,I?C?Igjx_,9,37645,,,false,7
,I?C?XHRxO,0,44489,,,false,6
,I?C?XHRxO,1,38064,,,false,6
,I?C?XHRxO,2,35759,,,false,6
,I?C?XHRxO,3,35479,,,false,6
,I?C?XHRxO,4,35340,,,false,6
,I?C?XHRxO,5,35270,,,false,6
,I?C?XHRxO,6,35340,,,false,6
,I?C?XHRxO,7,36667,,,false,6
,I?C?XHRxO,8,35409,,,false,6
,I?C?XHRxO,9,34571,,,false,6
,I?C?Y?dcw,0,46653,,,false,6
,I?C?Y?dcw,1,40019,,,false,6
,I?C?Y?dcw,2,36806,,,false,6
,I?C?Y?dcw,3,36597,,,false,6
,I?C?Y?dcw,4,37156,,,false,6
,I?C?Y?dcw,5,36038,,,false,6
,I?C?Y?dcw,6,36318,,,false,6
,I?C?Y?dcw,7,36178,,,false,6
,I?C?Y?dcw,8,35688,,,false,6
,I?C?Y?dcw,9,37225,,,false,6
,I?C?iGjbw,0,101619,,,false,7
,I?C?iGjbw,1,81085,,,false,7
,I?C?iGjbw,2,74730,,,false,7
,I?C?iGjbw,3,73543,,,false,7
,I?C?iGjbw,4,73961,,,false,7
,I?C?iGjbw,5,75288,,,false,7
,I?C?iGjbw,6,74730,,,false,7
,I?C?iGjbw,7,75148,,,false,7
,I?C?iGjbw,8,74520,,,false,7
,I?C?iGjbw,9,74730,,,false,7
,I?C?i[mbw,0,90653,,,false,7
,I?C?i[mbw,1,81574,,,false,7
,I?C?i[mbw,2,87929,,,false,7
,I?C?i[mbw,3,76824,,,false,7
,I?C?i[mbw,4,76825,,,false,7
,I?C?i[mbw,5,75637,,,false,7
,I?C?i[mbw,6,75987,,,false,7
,I?C?i[mbw,7,73891,,,false,7
,I?C?i[mbw,8,73472,,,false,7
,I?C?i[mbw,9,73123,,,false,7
,I?C?i[nlw,0,574860,,,false,6
,I?C?i[nlw,1,569692,,,false,6
,I?C?i[nlw,2,582961,,,false,6
,I?C?i[nlw,3,543572,,,false,6
,I?C?i[nlw,4,554186,,,false,6
,I?C?i[nlw,5,553838,,,false,6
,I?C?i[nlw,6,540987,,,false,6
,I?C?i[nlw,7,539590,,,false,6
,I?C?i[nlw,8,532256,,,false,6
,I?C?i[nlw,9,546644,,,false,6
,I?C?i[nzg,0,385661,,,false,6
,I?C?i[nzg,1,390550,,,false,6
,I?C?i[nzg,2,373229,,,false,6
,I?C?i[nzg,3,367432,,,false,6
,I?C?i[nzg,4,383915,,,false,6
,I?C?i[nzg,5,369947,,,false,6
,I?C?i[nzg,6,365338,,,false,6
,I?C?i[nzg,7,373159,,,false,6
,I?C?i[nzg,8,366874,,,false,6
,I?C?i[nzg,9,377629,,,false,6
,I?C?jGmbo,0,94425,,,false,7
,I?C?jGmbo,1,83879,,,false,7
,I?C?jGmbo,2,79339,,,false,7
,I?C?jGmbo,3,78222,,,false,7
,I?C?jGmbo,4,76685,,,false,7
,I?C?jGmbo,5,76405,,,false,7
,I?C?jGmbo,6,75428,,,false,7
,I?C?jGmbo,7,75289,,,false,7
,I?C?jGmbo,8,75777,,,false,7
,I?C?jGmbo,9,75428,,,false,7
,I?C@?\Tjg,0,81574,,,false,7
,I?C@?\Tjg,1,63904,,,false,7
,I?C@?\Tjg,2,61321,,,false,7
,I?C@?\Tjg,3,59714,,,false,7
,I?C@?\Tjg,4,59155,,,false,7
,I?C@?\Tjg,5,59225,,,false,7
,I?C@?\Tjg,6,58457,,,false,7
,I?C@?\Tjg,7,58108,,,false,7
,I?C@?\Tjg,8,57758,,,false,7
,I?C@?\Tjg,9,58736,,,false,7
,I?C@AKMkG,0,157142,,,false,5
,I?C@AKMkG,1,144082,,,false,5
,I?C@AKMkG,2,146945,,,false,5
,I?C@AKMkG,3,132697,,,false,5
,I?C@AKMkG,4,131580,,,false,5
,I?C@AKMkG,5,131790,,,false,5
,I?C@AKMkG,6,130253,,,false,5
,I?C@AKMkG,7,130392,,,false,5
,I?C@AKMkG,8,129694,,,false,5
,I?C@AKMkG,9,133675,,,false,5
,I?C@AKMkW,0,152043,,,false,7
,I?C@AKMkW,1,144360,,,false,7
,I?C@AKMkW,2,135561,,,false,7
,I?C@AKMkW,3,137447,,,false,7
,I?C@AKMkW,4,136049,,,false,7
,I?C@AKMkW,5,135421,,,false,7
,I?C@AKMkW,6,137586,,,false,7
,I?C@AKMkW,7,133954,,,false,7
,I?C@AKMkW,8,133186,,,false,7
,I?C@AKMkW,9,126900,,,false,7
,I?C@AKMnW,0,223211,,,false,6
,I?C@AKMnW,1,211059,,,false,6
,I?C@AKMnW,2,217694,,,false,6
,I?C@AKMnW,3,205681,,,false,6
,I?C@AKMnW,4,201141,,,false,6
,I?C@AKMnW,5,198627,,,false,6
,I?C@AKMnW,6,212456,,,false,6
,I?C@AKMnW,7,198558,,,false,6
,I?C@AKMnW,8,192481,,,false,6
,I?C@AKMnW,9,200513,,,false,6
,I?C@GXRzw,0,400467,,,false,7
,I?C@GXRzw,1,378258,,,false,7
,I?C@GXRzw,2,362125,,,false,7
,I?C@GXRzw,3,378817,,,false,7
,I?C@GXRzw,4,364150,,,false,7
,I?C@GXRzw,5,378258,,,false,7
,I?C@GXRzw,6,374347,,,false,7
,I?C@GXRzw,7,360378,,,false,7
,I?C@GXRzw,8,372182,,,false,7
,I?C@GXRzw,9,375674,,,false,7
,I?C@i^knO,0,600003,,,false,9
,I?C@i^knO,1,570948,,,false,9
,I?C@i^knO,2,585406,,,false,9
,I?C@i^knO,3,580516,,,false,9
,I?C@i^knO,4,591970,,,false,9
,I?C@i^knO,5,584358,,,false,9
,I?C@i^knO,6,585825,,,false,9
,I?C@i^knO,7,591132,,,false,9
,I?C@i^knO,8,578351,,,false,9
,I?C@i^knO,9,584987,,,false,9
,I?C@{XtzG,0,603215,,,false,9
,I?C@{XtzG,1,579260,,,false,9
,I?C@{XtzG,2,579050,,,false,9
,I?C@{XtzG,3,560193,,,false,9
,I?C@{XtzG,4,577025,,,false,9
,I?C@{XtzG,5,562218,,,false,9
,I?C@{XtzG,6,571507,,,false,9
,I?C@{XtzG,7,580727,,,false,9
,I?C@{XtzG,8,562498,,,false,9
,I?C@{XtzG,9,580377,,,false,9
,I?CA?KbbG,0,76895,,,false,7
,I?CA?KbbG,1,63905,,,false,7
,I?CA?KbbG,2,60133,,,false,7
,I?CA?KbbG,3,57339,,,false,7
,I?CA?KbbG,4,57200,,,false,7
,I?CA?KbbG,5,56641,,,false,7
,I?CA?KbbG,6,56641,,,false,7
,I?CA?KbbG,7,55873,,,false,7
,I?CA?KbbG,8,57270,,,false,7
,I?CA?KbbG,9,55803,,,false,7
,I?CAHCLnG,0,158957,,,false,7
,I?CAHCLnG,1,141567,,,false,7
,I?CAHCLnG,2,135561,,,false,7
,I?CAHCLnG,3,132977,,,false,7
,I?CAHCLnG,4,131231,,,false,7
,I?CAHCLnG,5,129764,,,false,7
,I?CAHCLnG,6,129065,,,false,7
,I?CAHCLnG,7,131161,,,false,7
,I?CAHCLnG,8,127600,,,false,7
,I?CAHCLnG,9,127250,,,false,7
,I?CAO[vxO,0,472473,,,false,7
,I?CAO[vxO,1,469540,,,false,7
,I?CAO[vxO,2,457039,,,false,7
,I?CAO[vxO,3,467794,,,false,7
,I?CAO[vxO,4,455921,,,false,7
,I?CAO[vxO,5,463883,,,false,7
,I?CAO[vxO,6,454175,,,false,7
,I?CAO[vxO,7,457108,,,false,7
,I?CAO[vxO,8,451660,,,false,7
,I?CAO[vxO,9,454734,,,false,7
,I?CAXWVlw,0,549019,,,false,6
,I?CAXWVlw,1,552371,,,false,6
,I?CAXWVlw,2,535749,,,false,6
,I?CAXWVlw,3,543850,,,false,6
,I?CAXWVlw,4,530930,,,false,6
,I?CAXWVlw,5,538123,,,false,6
,I?CAXWVlw,6,541895,,,false,6
,I?CAXWVlw,7,560053,,,false,6
,I?CAXWVlw,8,576326,,,false,6
,I?CAXWVlw,9,554396,,,false,6
,I?CAXWVzG,0,397953,,,false,7
,I?CAXWVzG,1,371553,,,false,7
,I?CAXWVzG,2,370855,,,false,7
,I?CAXWVzG,3,379795,,,false,7
,I?CAXWVzG,4,365966,,,false,7
,I?CAXWVzG,5,342430,,,false,7
,I?CAXWVzG,6,356258,,,false,7
,I?CAXWVzG,7,353185,,,false,7
,I?CAXWVzG,8,358632,,,false,7
,I?CAXWVzG,9,366594,,,false,7
,I?CCZk}zW,0,587641,,,false,9
,I?CCZk}zW,1,583939,,,false,9
,I?CCZk}zW,2,593368,,,false,9
,I?CCZk}zW,3,581565,,,false,9
,I?CCZk}zW,4,593297,,,false,9
,I?CCZk}zW,5,581145,,,false,9
,I?CCZk}zW,6,584359,,,false,9
,I?CCZk}zW,7,584498,,,false,9
,I?CCZk}zW,8,573253,,,false,9
,I?CCZk}zW,9,593647,,,false,9
,I?CGJCueo,0,270075,,,false,7
,I?CGJCueo,1,259529,,,false,7
,I?CGJCueo,2,265605,,,false,7
,I?CGJCueo,3,243674,,,false,7
,I?CGJCueo,4,246538,,,false,7
,I?CGJCueo,5,240532,,,false,7
,I?CGJCueo,6,264697,,,false,7
,I?CGJCueo,7,239135,,,false,7
,I?CGJCueo,8,241440,,,false,7
,I?CGJCueo,9,240392,,,false,7
,I?CIZYv^g,0,617393,,,false,9
,I?CIZYv^g,1,608313,,,false,9
,I?CIZYv^g,2,581913,,,false,9
,I?CIZYv^g,3,600212,,,false,9
,I?CIZYv^g,4,581634,,,false,9
,I?CIZYv^g,5,589666,,,false,9
,I?CIZYv^g,6,581145,,,false,9
,I?CIZYv^g,7,569621,,,false,9
,I?CIZYv^g,8,583799,,,false,9
,I?CIZYv^g,9,569482,,,false,9
,I?CKQgf\g,0,819163,,,false,9
,I?CKQgf\g,1,810154,,,false,9
,I?CKQgf\g,2,797163,,,false,9
,I?CKQgf\g,3,804357,,,false,9
,I?CKQgf\g,4,798071,,,false,9
,I?CKQgf\g,5,806313,,,false,9
,I?CKQgf\g,6,821887,,,false,9
,I?CKQgf\g,7,832921,,,false,9
,I?CKQgf\g,8,820840,,,false,9
,I?CKQgf\g,9,815950,,,false,9
,I?COJCmew,0,271541,,,false,7
,I?COJCmew,1,256595,,,false,7
,I?COJCmew,2,246050,,,false,7
,I?COJCmew,3,257154,,,false,7
,I?COJCmew,4,241021,,,false,7
,I?COJCmew,5,243675,,,false,7
,I?COJCmew,6,242557,,,false,7
,I?COJCmew,7,256455,,,false,7
,I?COJCmew,8,240462,,,false,7
,I?COJCmew,9,238297,,,false,7
,I?COPlMbw,0,178094,,,false,7
,I?COPlMbw,1,183961,,,false,7
,I?COPlMbw,2,166780,,,false,7
,I?COPlMbw,3,164895,,,false,7
,I?COPlMbw,4,164126,,,false,7
,I?COPlMbw,5,157771,,,false,7
,I?COPlMbw,6,162380,,,false,7
,I?COPlMbw,7,166571,,,false,7
,I?COPlMbw,8,156443,,,false,7
,I?COPlMbw,9,162659,,,false,7
,I?COPlMz_,0,378607,,,false,7
,I?COPlMz_,1,376651,,,false,7
,I?COPlMz_,2,363870,,,false,7
,I?COPlMz_,3,364150,,,false,7
,I?COPlMz_,4,372182,,,false,7
,I?COPlMz_,5,357166,,,false,7
,I?COPlMz_,6,373019,,,false,7
,I?COPlMz_,7,355420,,,false,7
,I?COPlMz_,8,355490,,,false,7
,I?COPlMz_,9,369319,,,false,7
,I?COPlN~w,0,399769,,,false,7
,I?COPlN~w,1,397395,,,false,7
,I?COPlN~w,2,401515,,,false,7
,I?COPlN~w,3,393902,,,false,7
,I?COPlN~w,4,399000,,,false,7
,I?COPlN~w,5,383496,,,false,7
,I?COPlN~w,6,383286,,,false,7
,I?COPlN~w,7,399350,,,false,7
,I?COPlN~w,8,388455,,,false,7
,I?COPlN~w,9,397534,,,false,7
,I?COQ[ubg,0,272589,,,false,7
,I?COQ[ubg,1,258341,,,false,7
,I?COQ[ubg,2,260926,,,false,7
,I?COQ[ubg,3,244233,,,false,7
,I?COQ[ubg,4,247096,,,false,7
,I?COQ[ubg,5,239065,,,false,7
,I?COQ[ubg,6,251846,,,false,7
,I?COQ[ubg,7,244862,,,false,7
,I?COQ[ubg,8,240601,,,false,7
,I?COQ[ubg,9,238017,,,false,7
,I?COQ[vzg,0,473800,,,false,7
,I?COQ[vzg,1,456549,,,false,7
,I?COQ[vzg,2,463953,,,false,7
,I?COQ[vzg,3,447889,,,false,7
,I?COQ[vzg,4,460251,,,false,7
,I?COQ[vzg,5,453686,,,false,7
,I?COQ[vzg,6,453057,,,false,7
,I?COQ[vzg,7,443908,,,false,7
,I?COQ[vzg,8,448448,,,false,7
,I?COQ[vzg,9,456969,,,false,7
,I?COQknzg,0,468213,,,false,7
,I?COQknzg,1,475057,,,false,7
,I?COQknzg,2,459971,,,false,7
,I?COQknzg,3,477013,,,false,7
,I?COQknzg,4,459902,,,false,7
,I?COQknzg,5,473381,,,false,7
,I?COQknzg,6,460390,,,false,7
,I?COQknzg,7,477571,,,false,7
,I?COQknzg,8,461787,,,false,7
,I?COQknzg,9,466956,,,false,7
,I?COS?vRo,0,59713,,,false,5
,I?COS?vRo,1,52031,,,false,5
,I?COS?vRo,2,49936,,,false,5
,I?COS?vRo,3,48400,,,false,5
,I?COS?vRo,4,47771,,,false,5
,I?COS?vRo,5,47631,,,false,5
,I?COS?vRo,6,48540,,,false,5
,I?COS?vRo,7,48120,,,false,5
,I?COS?vRo,8,47911,,,false,5
,I?COS?vRo,9,48190,,,false,5
,I?COS?vRw,0,55244,,,false,5
,I?COS?vRw,1,51333,,,false,5
,I?COS?vRw,2,49937,,,false,5
,I?COS?vRw,3,49028,,,false,5
,I?COS?vRw,4,57200,,,false,5
,I?COS?vRw,5,48679,,,false,5
,I?COS?vRw,6,48679,,,false,5
,I?COS?vRw,7,48749,,,false,5
,I?COS?vRw,8,48539,,,false,5
,I?COS?vRw,9,48609,,,false,5
,I?COSlNJw,0,592809,,,false,7
,I?COSlNJw,1,602936,,,false,7
,I?COSlNJw,2,600980,,,false,7
,I?COSlNJw,3,586384,,,false,7
,I?COSlNJw,4,590015,,,false,7
,I?COSlNJw,5,594415,,,false,7
,I?COSlNJw,6,606219,,,false,7
,I?COSlNJw,7,562917,,,false,7
,I?COSlNJw,8,551463,,,false,7
,I?COSlNJw,9,586104,,,false,7
,I?COVKuRg,0,421559,,,false,7
,I?COVKuRg,1,417578,,,false,7
,I?COVKuRg,2,399490,,,false,7
,I?COVKuRg,3,389223,,,false,7
,I?COVKuRg,4,401375,,,false,7
,I?COVKuRg,5,400048,,,false,7
,I?COVKuRg,6,422746,,,false,7
,I?COVKuRg,7,406473,,,false,7
,I?COVKuRg,8,401235,,,false,7
,I?COVKuRg,9,392855,,,false,7
,I?CQH\mmo,0,598745,,,false,9
,I?CQH\mmo,1,581005,,,false,9
,I?CQH\mmo,2,587292,,,false,9
,I?CQH\mmo,3,576955,,,false,9
,I?CQH\mmo,4,589806,,,false,9
,I?CQH\mmo,5,560892,,,false,9
,I?CQH\mmo,6,554327,,,false,9
,I?CQH\mmo,7,570739,,,false,9
,I?CQH\mmo,8,560403,,,false,9
,I?CQH\mmo,9,572485,,,false,9
,I?CS@LNZo,0,203027,,,false,6
,I?CS@LNZo,1,195414,,,false,6
,I?CS@LNZo,2,190386,,,false,6
,I?CS@LNZo,3,191155,,,false,6
,I?CS@LNZo,4,184170,,,false,6
,I?CS@LNZo,5,178862,,,false,6
,I?CS@LNZo,6,180189,,,false,6
,I?CS@LNZo,7,180887,,,false,6
,I?CS@LNZo,8,194018,,,false,6
,I?CS@LNZo,9,180678,,,false,6
,I?C_AcNj_,0,95891,,,false,6
,I?C_AcNj_,1,85206,,,false,6
,I?C_AcNj_,2,80038,,,false,6
,I?C_AcNj_,3,77803,,,false,6
,I?C_AcNj_,4,76825,,,false,6
,I?C_AcNj_,5,75917,,,false,6
,I?C_AcNj_,6,75777,,,false,6
,I?C_AcNj_,7,75498,,,false,6
,I?C_AcNj_,8,84368,,,false,6
,I?C_AcNj_,9,75219,,,false,6
,I?C_GTPw_,0,45187,,,false,5
,I?C_GTPw_,1,36806,,,false,5
,I?C_GTPw_,2,35270,,,false,5
,I?C_GTPw_,3,33872,,,false,5
,I?C_GTPw_,4,34292,,,false,5
,I?C_GTPw_,5,33803,,,false,5
,I?C_GTPw_,6,34362,,,false,5
,I?C_GTPw_,7,34082,,,false,5
,I?C_GTPw_,8,34222,,,false,5
,I?C_GTPw_,9,33873,,,false,5
,I?C_GdHbw,0,99593,,,false,7
,I?C_GdHbw,1,88000,,,false,7
,I?C_GdHbw,2,83949,,,false,7
,I?C_GdHbw,3,79968,,,false,7
,I?C_GdHbw,4,80317,,,false,7
,I?C_GdHbw,5,88628,,,false,7
,I?C_GdHbw,6,78640,,,false,7
,I?C_GdHbw,7,78920,,,false,7
,I?C_GdHbw,8,79060,,,false,7
,I?C_GdHbw,9,78571,,,false,7
,I?C_GdJbO,0,93167,,,false,7
,I?C_GdJbO,1,84926,,,false,7
,I?C_GdJbO,2,82901,,,false,7
,I?C_GdJbO,3,80247,,,false,7
,I?C_GdJbO,4,79618,,,false,7
,I?C_GdJbO,5,78990,,,false,7
,I?C_GdJbO,6,88418,,,false,7
,I?C_GdJbO,7,78151,,,false,7
,I?C_GdJbO,8,79059,,,false,7
,I?C_GdJbO,9,78361,,,false,7
,I?C_i\mmo,0,599583,,,false,9
,I?C_i\mmo,1,596720,,,false,9
,I?C_i\mmo,2,594625,,,false,9
,I?C_i\mmo,3,579539,,,false,9
,I?C_i\mmo,4,584498,,,false,9
,I?C_i\mmo,5,572555,,,false,9
,I?C_i\mmo,6,579120,,,false,9
,I?C_i\mmo,7,580447,,,false,9
,I?C_i\mmo,8,567316,,,false,9
,I?C_i\mmo,9,570530,,,false,9
,I?C_i\m|o,0,582612,,,false,9
,I?C_i\m|o,1,579330,,,false,9
,I?C_i\m|o,2,576676,,,false,9
,I?C_i\m|o,3,578213,,,false,9
,I?C_i\m|o,4,587431,,,false,9
,I?C_i\m|o,5,565711,,,false,9
,I?C_i\m|o,6,586244,,,false,9
,I?C_i\m|o,7,580238,,,false,9
,I?C_i\m|o,8,594066,,,false,9
,I?C_i\m|o,9,583381,,,false,9
,I?C_kHJYo,0,204005,,,false,6
,I?C_kHJYo,1,184101,,,false,6
,I?C_kHJYo,2,185497,,,false,6
,I?C_kHJYo,3,176907,,,false,6
,I?C_kHJYo,4,185217,,,false,6
,I?C_kHJYo,5,178024,,,false,6
,I?C_kHJYo,6,173415,,,false,6
,I?C_kHJYo,7,174323,,,false,6
,I?C_kHJYo,8,174183,,,false,6
,I?C_kHJYo,9,180888,,,false,6
,I?CaIgjfw,0,277268,,,false,7
,I?CaIgjfw,1,264208,,,false,7
,I?CaIgjfw,2,254780,,,false,7
,I?CaIgjfw,3,261065,,,false,7
,I?CaIgjfw,4,253383,,,false,7
,I?CaIgjfw,5,251427,,,false,7
,I?CaIgjfw,6,249472,,,false,7
,I?CaIgjfw,7,252544,,,false,7
,I?CaIgjfw,8,247237,,,false,7
,I?CaIgjfw,9,243326,,,false,7
,I?CcH`JRo,0,89675,,,false,7
,I?CcH`JRo,1,81644,,,false,7
,I?CcH`JRo,2,76895,,,false,7
,I?CcH`JRo,3,83041,,,false,7
,I?CcH`JRo,4,74869,,,false,7
,I?CcH`JRo,5,74171,,,false,7
,I?CcH`JRo,6,74311,,,false,7
,I?CcH`JRo,7,73124,,,false,7
,I?CcH`JRo,8,73333,,,false,7
,I?CcH`JRo,9,73124,,,false,7
,I?CgaKj{w,0,455013,,,false,7
,I?CgaKj{w,1,449146,,,false,7
,I?CgaKj{w,2,438461,,,false,7
,I?CgaKj{w,3,461299,,,false,7
,I?CgaKj{w,4,446493,,,false,7
,I?CgaKj{w,5,455152,,,false,7
,I?CgaKj{w,6,445654,,,false,7
,I?CgaKj{w,7,457039,,,false,7
,I?CgaKj{w,8,445026,,,false,7
,I?CgaKj{w,9,450822,,,false,7
,I?D??cjh_,0,63415,,,false,6
,I?D??cjh_,1,53429,,,false,6
,I?D??cjh_,2,50006,,,false,6
,I?D??cjh_,3,48260,,,false,6
,I?D??cjh_,4,47212,,,false,6
,I?D??cjh_,5,47562,,,false,6
,I?D??cjh_,6,47422,,,false,6
,I?D??cjh_,7,47631,,,false,6
,I?D??cjh_,8,46863,,,false,6
,I?D??cjh_,9,47632,,,false,6
,I?DB@aLbo,0,84647,,,false,7
,I?DB@aLbo,1,75288,,,false,7
,I?DB@aLbo,2,71098,,,false,7
,I?DB@aLbo,3,70469,,,false,7
,I?DB@aLbo,4,78989,,,false,7
,I?DB@aLbo,5,69980,,,false,7
,I?DB@aLbo,6,69631,,,false,7
,I?DB@aLbo,7,69213,,,false,7
,I?DB@aLbo,8,69212,,,false,7
,I?DB@aLbo,9,69142,,,false,7
,I?DOX]r]w,0,632059,,,false,9
,I?DOX]r]w,1,605380,,,false,9
,I?DOX]r]w,2,615856,,,false,9
,I?DOX]r]w,3,598327,,,false,9
,I?DOX]r]w,4,601539,,,false,9
,I?DOX]r]w,5,609221,,,false,9
,I?DOX]r]w,6,587780,,,false,9
,I?DOX]r]w,7,601608,,,false,9
,I?DOX]r]w,8,587151,,,false,9
,I?DOX]r]w,9,598326,,,false,9
,I?DPXxZfw,0,197720,,,false,7
,I?DPXxZfw,1,187383,,,false,7
,I?DPXxZfw,2,189967,,,false,7
,I?DPXxZfw,3,177465,,,false,7
,I?DPXxZfw,4,172157,,,false,7
,I?DPXxZfw,5,174672,,,false,7
,I?DPXxZfw,6,177186,,,false,7
,I?DPXxZfw,7,179072,,,false,7
,I?DPXxZfw,8,173344,,,false,7
,I?DPXxZfw,9,171040,,,false,7
,I?DPXxZ~_,0,584288,,,false,9
,I?DPXxZ~_,1,566269,,,false,9
,I?DPXxZ~_,2,573253,,,false,9
,I?DPXxZ~_,3,567736,,,false,9
,I?DPXxZ~_,4,617602,,,false,9
,I?DPXxZ~_,5,593018,,,false,9
,I?DPXxZ~_,6,590993,,,false,9
,I?DPXxZ~_,7,604542,,,false,9
,I?DPXxZ~_,8,593507,,,false,9
,I?DPXxZ~_,9,603913,,,false,9
,I?D__Kjao,0,112094,,,false,7
,I?D__Kjao,1,91073,,,false,7
,I?D__Kjao,2,85276,,,false,7
,I?D__Kjao,3,78990,,,false,7
,I?D__Kjao,4,77663,,,false,7
,I?D__Kjao,5,77384,,,false,7
,I?D__Kjao,6,83250,,,false,7
,I?D__Kjao,7,76615,,,false,7
,I?D__Kjao,8,76965,,,false,7
,I?D__Kjao,9,76336,,,false,7
,I?E@`xm^_,0,816369,,,false,9
,I?E@`xm^_,1,792064,,,false,9
,I?E@`xm^_,2,786337,,,false,9
,I?E@`xm^_,3,776840,,,false,9
,I?E@`xm^_,4,769017,,,false,9
,I?E@`xm^_,5,773418,,,false,9
,I?E@`xm^_,6,766223,,,false,9
,I?E@`xm^_,7,763919,,,false,9
,I?E@`xm^_,8,773278,,,false,9
,I?E@`xm^_,9,773487,,,false,9
,I?EA?kmJo,0,114819,,,false,6
,I?EA?kmJo,1,101898,,,false,6
,I?EA?kmJo,2,98476,,,false,6
,I?EA?kmJo,3,96730,,,false,6
,I?EA?kmJo,4,96031,,,false,6
,I?EA?kmJo,5,93517,,,false,6
,I?EA?kmJo,6,94355,,,false,6
,I?EA?kmJo,7,102177,,,false,6
,I?EA?kmJo,8,93516,,,false,6
,I?EA?kmJo,9,94215,,,false,6
,I?EGGlJIw,0,143034,,,false,6
,I?EGGlJIw,1,131719,,,false,6
,I?EGGlJIw,2,127389,,,false,6
,I?EGGlJIw,3,122011,,,false,6
,I?EGGlJIw,4,125434,,,false,6
,I?EGGlJIw,5,134164,,,false,6
,I?EGGlJIw,6,123059,,,false,6
,I?EGGlJIw,7,117332,,,false,6
,I?EGGlJIw,8,122990,,,false,6
,I?EGGlJIw,9,122082,,,false,6
,I?EqYonkw,0,656853,,,false,9
,I?EqYonkw,1,633247,,,false,9
,I?EqYonkw,2,638276,,,false,9
,I?EqYonkw,3,646237,,,false,9
,I?EqYonkw,4,627520,,,false,9
,I?EqYonkw,5,624796,,,false,9
,I?EqYonkw,6,641907,,,false,9
,I?EqYonkw,7,621094,,,false,9
,I?EqYonkw,8,625634,,,false,9
,I?EqYonkw,9,624377,,,false,9
,I?G?WdDlw,0,80386,,,false,7
,I?G?WdDlw,1,69841,,,false,7
,I?G?WdDlw,2,65860,,,false,7
,I?G?WdDlw,3,63905,,,false,7
,I?G?WdDlw,4,62996,,,false,7
,I?G?WdDlw,5,62158,,,false,7
,I?G?WdDlw,6,62507,,,false,7
,I?G?WdDlw,7,62438,,,false,7
,I?G?WdDlw,8,62438,,,false,7
,I?G?WdDlw,9,62298,,,false,7
,I?G?_\Uho,0,76685,,,false,7
,I?G?_\Uho,1,67816,,,false,7
,I?G?_\Uho,2,73473,,,false,7
,I?G?_\Uho,3,63834,,,false,7
,I?G?_\Uho,4,63415,,,false,7
,I?G?_\Uho,5,62367,,,false,7
,I?G?_\Uho,6,62787,,,false,7
,I?G?_\Uho,7,62438,,,false,7
,I?G?_\Uho,8,61949,,,false,7
,I?G?_\Uho,9,62507,,,false,7
,I?G@Ig]eo,0,194436,,,false,7
,I?G@Ig]eo,1,176907,,,false,7
,I?G@Ig]eo,2,190386,,,false,7
,I?G@Ig]eo,3,171809,,,false,7
,I?G@Ig]eo,4,165523,,,false,7
,I?G@Ig]eo,5,168875,,,false,7
,I?G@Ig]eo,6,167898,,,false,7
,I?G@Ig]eo,7,164685,,,false,7
,I?G@Ig]eo,8,168945,,,false,7
,I?G@Ig]eo,9,157910,,,false,7
,I?GAGcLlW,0,154488,,,false,7
,I?GAGcLlW,1,143313,,,false,7
,I?GAGcLlW,2,134723,,,false,7
,I?GAGcLlW,3,136189,,,false,7
,I?GAGcLlW,4,148272,,,false,7
,I?GAGcLlW,5,128367,,,false,7
,I?GAGcLlW,6,131091,,,false,7
,I?GAGcLlW,7,129345,,,false,7
,I?GAGcLlW,8,129275,,,false,7
,I?GAGcLlW,9,125434,,,false,7
,I?GG_LPxw,0,84926,,,false,6
,I?GG_LPxw,1,75986,,,false,6
,I?GG_LPxw,2,72006,,,false,6
,I?GG_LPxw,3,80107,,,false,6
,I?GG_LPxw,4,69142,,,false,6
,I?GG_LPxw,5,69282,,,false,6
,I?GG_LPxw,6,69143,,,false,6
,I?GG_LPxw,7,68304,,,false,6
,I?GG_LPxw,8,69142,,,false,6
,I?GG_LPxw,9,68863,,,false,6
,I?GG_NPXg,0,82133,,,false,6
,I?GG_NPXg,1,73821,,,false,6
,I?GG_NPXg,2,70679,,,false,6
,I?GG_NPXg,3,70190,,,false,6
,I?GG_NPXg,4,69003,,,false,6
,I?GG_NPXg,5,68584,,,false,6
,I?GG_NPXg,6,77524,,,false,6
,I?GG_NPXg,7,68095,,,false,6
,I?GG_NPXg,8,68654,,,false,6
,I?GG_NPXg,9,68235,,,false,6
,I?GGa_Fzg,0,131650,,,false,5
,I?GGa_Fzg,1,125155,,,false,5
,I?GGa_Fzg,2,116285,,,false,5
,I?GGa_Fzg,3,114260,,,false,5
,I?GGa_Fzg,4,113073,,,false,5
,I?GGa_Fzg,5,129974,,,false,5
,I?GGa_Fzg,6,113771,,,false,5
,I?GGa_Fzg,7,112444,,,false,5
,I?GGa_Fzg,8,111397,,,false,5
,I?GGa_Fzg,9,112024,,,false,5
,I?GGznuno,0,611806,,,false,9
,I?GGznuno,1,584358,,,false,9
,I?GGznuno,2,586803,,,false,9
,I?GGznuno,3,576047,,,false,9
,I?GGznuno,4,581634,,,false,9
,I?GGznuno,5,581983,,,false,9
,I?GGznuno,6,579120,,,false,9
,I?GGznuno,7,597418,,,false,9
,I?GGznuno,8,580726,,,false,9
,I?GGznuno,9,585406,,,false,9
,I?GO?\I`g,0,116704,,,false,6
,I?GO?\I`g,1,98406,,,false,6
,I?GO?\I`g,2,94425,,,false,6
,I?GO?\I`g,3,91561,,,false,6
,I?GO?\I`g,4,100221,,,false,6
,I?GO?\I`g,5,88209,,,false,6
,I?GO?\I`g,6,89605,,,false,6
,I?GO?\I`g,7,88139,,,false,6
,I?GO?\I`g,8,90164,,,false,6
,I?GO?\I`g,9,88348,,,false,6
,I?GOY?rbW,0,196532,,,false,7
,I?GOY?rbW,1,186405,,,false,7
,I?GOY?rbW,2,185846,,,false,7
,I?GOY?rbW,3,176628,,,false,7
,I?GOY?rbW,4,172996,,,false,7
,I?GOY?rbW,5,172856,,,false,7
,I?GOY?rbW,6,173205,,,false,7
,I?GOY?rbW,7,172717,,,false,7
,I?GOY?rbW,8,183402,,,false,7
,I?GOY?rbW,9,175021,,,false,7
,I?GPb]]~_,0,598257,,,false,9
,I?GPb]]~_,1,583031,,,false,9
,I?GPb]]~_,2,584219,,,false,9
,I?GPb]]~_,3,577164,,,false,9
,I?GPb]]~_,4,578980,,,false,9
,I?GPb]]~_,5,568644,,,false,9
,I?GPb]]~_,6,572904,,,false,9
,I?GPb]]~_,7,577793,,,false,9
,I?GPb]]~_,8,570041,,,false,9
,I?GPb]]~_,9,578561,,,false,9
,I?GW^dylg,0,573812,,,false,9
,I?GW^dylg,1,560962,,,false,9
,I?GW^dylg,2,556562,,,false,9
,I?GW^dylg,3,566549,,,false,9
,I?GW^dylg,4,565920,,,false,9
,I?GW^dylg,5,557819,,,false,9
,I?GW^dylg,6,568784,,,false,9
,I?GW^dylg,7,546714,,,false,9
,I?GW^dylg,8,574022,,,false,9
,I?GW^dylg,9,566409,,,false,9
,I?GWaCeaW,0,50984,,,false,7
,I?GWaCeaW,1,42464,,,false,7
,I?GWaCeaW,2,38552,,,false,7
,I?GWaCeaW,3,37854,,,false,7
,I?GWaCeaW,4,38203,,,false,7
,I?GWaCeaW,5,37156,,,false,7
,I?GWaCeaW,6,36596,,,false,7
,I?GWaCeaW,7,37784,,,false,7
,I?GWaCeaW,8,36736,,,false,7
,I?GWaCeaW,9,36806,,,false,7
,I?GX?uFPw,0,123898,,,false,7
,I?GX?uFPw,1,113841,,,false,7
,I?GX?uFPw,2,108742,,,false,7
,I?GX?uFPw,3,99663,,,false,7
,I?GX?uFPw,4,107974,,,false,7
,I?GX?uFPw,5,97288,,,false,7
,I?GX?uFPw,6,97917,,,false,7
,I?GX?uFPw,7,97219,,,false,7
,I?GX?uFPw,8,97777,,,false,7
,I?GX?uFPw,9,96870,,,false,7
,I?G_k`JRo,0,133047,,,false,7
,I?G_k`JRo,1,122710,,,false,7
,I?G_k`JRo,2,120196,,,false,7
,I?G_k`JRo,3,119637,,,false,7
,I?G_k`JRo,4,113910,,,false,7
,I?G_k`JRo,5,112235,,,false,7
,I?G_k`JRo,6,114329,,,false,7
,I?G_k`JRo,7,108463,,,false,7
,I?G_k`JRo,8,111466,,,false,7
,I?G_k`JRo,9,107135,,,false,7
,I?G_qK\v_,0,496638,,,false,6
,I?G_qK\v_,1,472193,,,false,6
,I?G_qK\v_,2,470028,,,false,6
,I?G_qK\v_,3,459413,,,false,6
,I?G_qK\v_,4,476035,,,false,6
,I?G_qK\v_,5,469400,,,false,6
,I?G_qK\v_,6,482111,,,false,6
,I?G_qK\v_,7,475616,,,false,6
,I?G_qK\v_,8,491051,,,false,6
,I?G_qK\v_,9,472892,,,false,6
,I?Gpqx]vo,0,628148,,,false,9
,I?Gpqx]vo,1,589876,,,false,9
,I?Gpqx]vo,2,554536,,,false,9
,I?Gpqx]vo,3,570460,,,false,9
,I?Gpqx]vo,4,583101,,,false,9
,I?Gpqx]vo,5,573323,,,false,9
,I?Gpqx]vo,6,564175,,,false,9
,I?Gpqx]vo,7,576466,,,false,9
,I?Gpqx]vo,8,564872,,,false,9
,I?Gpqx]vo,9,579120,,,false,9
,I?H?OiBDg,0,94355,,,false,7
,I?H?OiBDg,1,79479,,,false,7
,I?H?OiBDg,2,75288,,,false,7
,I?H?OiBDg,3,73123,,,false,7
,I?H?OiBDg,4,71168,,,false,7
,I?H?OiBDg,5,78780,,,false,7
,I?H?OiBDg,6,70469,,,false,7
,I?H?OiBDg,7,70259,,,false,7
,I?H?OiBDg,8,70539,,,false,7
,I?H?OiBDg,9,69631,,,false,7
,I?HBg~x~O,0,575838,,,false,9
,I?HBg~x~O,1,576326,,,false,9
,I?HBg~x~O,2,573463,,,false,9
,I?HBg~x~O,3,563965,,,false,9
,I?HBg~x~O,4,570600,,,false,9
,I?HBg~x~O,5,552441,,,false,9
,I?HBg~x~O,6,563685,,,false,9
,I?HBg~x~O,7,549158,,,false,9
,I?HBg~x~O,8,564035,,,false,9
,I?HBg~x~O,9,562847,,,false,9
,I?HOGSrew,0,150507,,,false,7
,I?HOGSrew,1,141916,,,false,7
,I?HOGSrew,2,135631,,,false,7
,I?HOGSrew,3,126342,,,false,7
,I?HOGSrew,4,129695,,,false,7
,I?HOGSrew,5,128787,,,false,7
,I?HOGSrew,6,138844,,,false,7
,I?HOGSrew,7,121523,,,false,7
,I?HOGSrew,8,125993,,,false,7
,I?HOGSrew,9,126342,,,false,7
,I?HOGSrfw,0,275591,,,false,7
,I?HOGSrfw,1,282366,,,false,7
,I?HOGSrfw,2,268678,,,false,7
,I?HOGSrfw,3,261764,,,false,7
,I?HOGSrfw,4,265744,,,false,7
,I?HOGSrfw,5,274335,,,false,7
,I?HOGSrfw,6,265325,,,false,7
,I?HOGSrfw,7,264138,,,false,7
,I?HOGSrfw,8,260995,,,false,7
,I?HOGSrfw,9,276220,,,false,7
,I?I@ph\Vo,0,818674,,,false,9
,I?I@ph\Vo,1,791995,,,false,9
,I?I@ph\Vo,2,822795,,,false,9
,I?I@ph\Vo,3,813157,,,false,9
,I?I@ph\Vo,4,800725,,,false,9
,I?I@ph\Vo,5,796744,,,false,9
,I?I@ph\Vo,6,789201,,,false,9
,I?I@ph\Vo,7,797722,,,false,9
,I?I@ph\Vo,8,800445,,,false,9
,I?I@ph\Vo,9,795976,,,false,9
,I?IZryv}W,0,550625,,,false,9
,I?IZryv}W,1,544828,,,false,9
,I?IZryv}W,2,542942,,,false,9
,I?IZryv}W,3,534841,,,false,9
,I?IZryv}W,4,551044,,,false,9
,I?IZryv}W,5,538473,,,false,9
,I?IZryv}W,6,559006,,,false,9
,I?IZryv}W,7,543362,,,false,9
,I?IZryv}W,8,561730,,,false,9
,I?IZryv}W,9,545946,,,false,9
,I?KKAKV\g,0,828941,,,false,9
,I?KKAKV\g,1,805404,,,false,9
,I?KKAKV\g,2,812877,,,false,9
,I?KKAKV\g,3,803868,,,false,9
,I?KKAKV\g,4,780262,,,false,9
,I?KKAKV\g,5,784243,,,false,9
,I?KKAKV\g,6,790808,,,false,9
,I?KKAKV\g,7,795766,,,false,9
,I?KKAKV\g,8,802959,,,false,9
,I?KKAKV\g,9,791925,,,false,9
,I?KQCKM[W,0,764687,,,false,9
,I?KQCKM[W,1,778865,,,false,9
,I?KQCKM[W,2,789062,,,false,9
,I?KQCKM[W,3,782985,,,false,9
,I?KQCKM[W,4,767062,,,false,9
,I?KQCKM[W,5,795417,,,false,9
,I?KQCKM[W,6,779424,,,false,9
,I?KQCKM[W,7,775862,,,false,9
,I?KQCKM[W,8,778516,,,false,9
,I?KQCKM[W,9,755677,,,false,9
,I?LF?kN[W,0,736681,,,false,9
,I?LF?kN[W,1,734726,,,false,9
,I?LF?kN[W,2,724319,,,false,9
,I?LF?kN[W,3,703157,,,false,9
,I?LF?kN[W,4,725576,,,false,9
,I?LF?kN[W,5,721666,,,false,9
,I?LF?kN[W,6,723761,,,false,9
,I?LF?kN[W,7,746389,,,false,9
,I?LF?kN[W,8,764478,,,false,9
,I?LF?kN[W,9,765735,,,false,9
,I?OH?_F`o,0,114609,,,false,6
,I?OH?_F`o,1,97288,,,false,6
,I?OH?_F`o,2,90723,,,false,6
,I?OH?_F`o,3,87650,,,false,6
,I?OH?_F`o,4,86184,,,false,6
,I?OH?_F`o,5,85276,,,false,6
,I?OH?_F`o,6,92539,,,false,6
,I?OH?_F`o,7,86393,,,false,6
,I?OH?_F`o,8,85625,,,false,6
,I?OH?_F`o,9,84787,,,false,6
,I?OKbMuNo,0,442721,,,false,7
,I?OKbMuNo,1,419394,,,false,7
,I?OKbMuNo,2,389782,,,false,7
,I?OKbMuNo,3,407661,,,false,7
,I?OKbMuNo,4,410595,,,false,7
,I?OKbMuNo,5,408010,,,false,7
,I?OKbMuNo,6,421489,,,false,7
,I?OKbMuNo,7,402353,,,false,7
,I?OKbMuNo,8,413038,,,false,7
,I?OKbMuNo,9,399070,,,false,7
,I?OPYK|fw,0,282436,,,false,7
,I?OPYK|fw,1,292843,,,false,7
,I?OPYK|fw,2,276360,,,false,7
,I?OPYK|fw,3,271820,,,false,7
,I?OPYK|fw,4,268119,,,false,7
,I?OPYK|fw,5,268398,,,false,7
,I?OPYK|fw,6,258341,,,false,7
,I?OPYK|fw,7,258550,,,false,7
,I?OPYK|fw,8,274754,,,false,7
,I?OPYK|fw,9,256456,,,false,7
,I?OS?oeHo,0,100151,,,false,6
,I?OS?oeHo,1,85904,,,false,6
,I?OS?oeHo,2,80178,,,false,6
,I?OS?oeHo,3,77384,,,false,6
,I?OS?oeHo,4,76197,,,false,6
,I?OS?oeHo,5,75288,,,false,6
,I?OS?oeHo,6,74171,,,false,6
,I?OS?oeHo,7,82622,,,false,6
,I?OS?oeHo,8,73752,,,false,6
,I?OS?oeHo,9,73682,,,false,6
,I?OXpxVng,0,590365,,,false,9
,I?OXpxVng,1,593018,,,false,9
,I?OXpxVng,2,592529,,,false,9
,I?OXpxVng,3,577305,,,false,9
,I?OXpxVng,4,594764,,,false,9
,I?OXpxVng,5,575838,,,false,9
,I?OXpxVng,6,592529,,,false,9
,I?OXpxVng,7,578631,,,false,9
,I?OXpxVng,8,586872,,,false,9
,I?OXpxVng,9,602586,,,false,9
,I?O_gxbfg,0,585615,,,false,9
,I?O_gxbfg,1,579609,,,false,9
,I?O_gxbfg,2,558098,,,false,9
,I?O_gxbfg,3,572904,,,false,9
,I?O_gxbfg,4,572346,,,false,9
,I?O_gxbfg,5,558936,,,false,9
,I?O_gxbfg,6,571019,,,false,9
,I?O_gxbfg,7,547203,,,false,9
,I?O_gxbfg,8,569203,,,false,9
,I?O_gxbfg,9,554955,,,false,9
,I?O_yK|kw,0,183332,,,false,7
,I?O_yK|kw,1,162729,,,false,7
,I?O_yK|kw,2,153092,,,false,7
,I?O_yK|kw,3,150647,,,false,7
,I?O_yK|kw,4,153021,,,false,7
,I?O_yK|kw,5,147573,,,false,7
,I?O_yK|kw,6,155606,,,false,7
,I?O_yK|kw,7,150647,,,false,7
,I?O_yK|kw,8,149040,,,false,7
,I?O_yK|kw,9,143942,,,false,7
,I?Oa_}{n_,0,674244,,,false,9
,I?Oa_}{n_,1,647215,,,false,9
,I?Oa_}{n_,2,646936,,,false,9
,I?Oa_}{n_,3,650148,,,false,9
,I?Oa_}{n_,4,640091,,,false,9
,I?Oa_}{n_,5,669215,,,false,9
,I?Oa_}{n_,6,661882,,,false,9
,I?Oa_}{n_,7,656992,,,false,9
,I?Oa_}{n_,8,659507,,,false,9
,I?Oa_}{n_,9,666910,,,false,9
,I?Oaju}no,0,610828,,,false,9
,I?Oaju}no,1,594974,,,false,9
,I?Oaju}no,2,577234,,,false,9
,I?Oaju}no,3,575768,,,false,9
,I?Oaju}no,4,581984,,,false,9
,I?Oaju}no,5,566688,,,false,9
,I?Oaju}no,6,578002,,,false,9
,I?Oaju}no,7,569901,,,false,9
,I?Oaju}no,8,580377,,,false,9
,I?Oaju}no,9,587571,,,false,9
,I?Ogz~}~o,0,575348,,,false,9
,I?Ogz~}~o,1,587501,,,false,9
,I?Ogz~}~o,2,569132,,,false,9
,I?Ogz~}~o,3,573463,,,false,9
,I?Ogz~}~o,4,575838,,,false,9
,I?Ogz~}~o,5,585336,,,false,9
,I?Ogz~}~o,6,597768,,,false,9
,I?Ogz~}~o,7,575348,,,false,9
,I?Ogz~}~o,8,608034,,,false,9
,I?Ogz~}~o,9,597348,,,false,9
,I?OwpufTw,0,601958,,,false,9
,I?OwpufTw,1,607336,,,false,9
,I?OwpufTw,2,593856,,,false,9
,I?OwpufTw,3,594485,,,false,9
,I?OwpufTw,4,592599,,,false,9
,I?OwpufTw,5,589805,,,false,9
,I?OwpufTw,6,596021,,,false,9
,I?OwpufTw,7,581146,,,false,9
,I?OwpufTw,8,585825,,,false,9
,I?OwpufTw,9,588758,,,false,9
,I?Pb`}]}W,0,577164,,,false,9
,I?Pb`}]}W,1,580517,,,false,9
,I?Pb`}]}W,2,556422,,,false,9
,I?Pb`}]}W,3,565920,,,false,9
,I?Pb`}]}W,4,569342,,,false,9
,I?Pb`}]}W,5,571158,,,false,9
,I?Pb`}]}W,6,575908,,,false,9
,I?Pb`}]}W,7,573882,,,false,9
,I?Pb`}]}W,8,600142,,,false,9
,I?Pb`}]}W,9,600282,,,false,9
,I?SDHlsbW,0,602447,,,false,9
,I?SDHlsbW,1,607266,,,false,9
,I?SDHlsbW,2,586384,,,false,9
,I?SDHlsbW,3,585336,,,false,9
,I?SDHlsbW,4,587920,,,false,9
,I?SDHlsbW,5,537705,,,false,9
,I?SDHlsbW,6,560892,,,false,9
,I?SDHlsbW,7,568574,,,false,9
,I?SDHlsbW,8,567457,,,false,9
,I?SDHlsbW,9,533863,,,false,9
,I?SGh\vnw,0,647284,,,false,9
,I?SGh\vnw,1,626053,,,false,9
,I?SGh\vnw,2,598745,,,false,9
,I?SGh\vnw,3,624307,,,false,9
,I?SGh\vnw,4,615996,,,false,9
,I?SGh\vnw,5,605869,,,false,9
,I?SGh\vnw,6,618650,,,false,9
,I?SGh\vnw,7,609152,,,false,9
,I?SGh\vnw,8,614460,,,false,9
,I?SGh\vnw,9,611316,,,false,9
,I?SOX]u\o,0,605101,,,false,9
,I?SOX]u\o,1,611945,,,false,9
,I?SOX]u\o,2,592389,,,false,9
,I?SOX]u\o,3,607126,,,false,9
,I?SOX]u\o,4,613971,,,false,9
,I?SOX]u\o,5,587780,,,false,9
,I?SOX]u\o,6,606078,,,false,9
,I?SOX]u\o,7,588339,,,false,9
,I?SOX]u\o,8,575697,,,false,9
,I?SOX]u\o,9,584288,,,false,9
,I?SjSnt\o,0,559704,,,false,9
,I?SjSnt\o,1,569133,,,false,9
,I?SjSnt\o,2,541895,,,false,9
,I?SjSnt\o,3,555723,,,false,9
,I?SjSnt\o,4,557329,,,false,9
,I?SjSnt\o,5,543431,,,false,9
,I?SjSnt\o,6,550694,,,false,9
,I?SjSnt\o,7,544549,,,false,9
,I?SjSnt\o,8,568853,,,false,9
,I?SjSnt\o,9,547622,,,false,9
,I?StACLkW,0,235154,,,false,7
,I?StACLkW,1,208614,,,false,7
,I?StACLkW,2,207148,,,false,7
,I?StACLkW,3,202119,,,false,7
,I?StACLkW,4,201281,,,false,7
,I?StACLkW,5,203307,,,false,7
,I?StACLkW,6,197999,,,false,7
,I?StACLkW,7,197370,,,false,7
,I?StACLkW,8,193179,,,false,7
,I?StACLkW,9,197510,,,false,7
,I?WIG}v\o,0,621094,,,false,9
,I?WIG}v\o,1,607336,,,false,9
,I?WIG}v\o,2,591412,,,false,9
,I?WIG}v\o,3,603285,,,false,9
,I?WIG}v\o,4,601120,,,false,9
,I?WIG}v\o,5,578700,,,false,9
,I?WIG}v\o,6,590993,,,false,9
,I?WIG}v\o,7,584009,,,false,9
,I?WIG}v\o,8,595393,,,false,9
,I?WIG}v\o,9,582473,,,false,9
,I?_?GctQw,0,44978,,,false,6
,I?_?GctQw,1,36248,,,false,6
,I?_?GctQw,2,33314,,,false,6
,I?_?GctQw,3,32685,,,false,6
,I?_?GctQw,4,32406,,,false,6
,I?_?GctQw,5,32406,,,false,6
,I?_?GctQw,6,32895,,,false,6
,I?_?GctQw,7,32406,,,false,6
,I?_?GctQw,8,33384,,,false,6
,I?_?GctQw,9,31498,,,false,6
,I?_?iwn^g,0,852407,,,false,9
,I?_?iwn^g,1,837391,,,false,9
,I?_?iwn^g,2,829849,,,false,9
,I?_?iwn^g,3,828451,,,false,9
,I?_?iwn^g,4,844934,,,false,9
,I?_?iwn^g,5,836832,,,false,9
,I?_?iwn^g,6,826775,,,false,9
,I?_?iwn^g,7,831943,,,false,9
,I?_?iwn^g,8,851988,,,false,9
,I?_?iwn^g,9,840953,,,false,9
,I?_@GhBNG,0,214830,,,false,6
,I?_@GhBNG,1,189128,,,false,6
,I?_@GhBNG,2,186475,,,false,6
,I?_@GhBNG,3,181237,,,false,6
,I?_@GhBNG,4,174183,,,false,6
,I?_@GhBNG,5,186125,,,false,6
,I?_@GhBNG,6,177046,,,false,6
,I?_@GhBNG,7,171110,,,false,6
,I?_@GhBNG,8,174323,,,false,6
,I?_@GhBNG,9,175510,,,false,6
,I?_@G|]\o,0,375884,,,false,7
,I?_@G|]\o,1,342709,,,false,7
,I?_@G|]\o,2,341452,,,false,7
,I?_@G|]\o,3,344176,,,false,7
,I?_@G|]\o,4,329369,,,false,7
,I?_@G|]\o,5,332861,,,false,7
,I?_@G|]\o,6,339985,,,false,7
,I?_@G|]\o,7,326366,,,false,7
,I?_@G|]\o,8,330137,,,false,7
,I?_@G|]\o,9,339705,,,false,7
,I?_GHCRPW,0,132698,,,false,6
,I?_GHCRPW,1,113072,,,false,6
,I?_GHCRPW,2,111396,,,false,6
,I?_GHCRPW,3,109022,,,false,6
,I?_GHCRPW,4,108672,,,false,6
,I?_GHCRPW,5,110348,,,false,6
,I?_GHCRPW,6,100640,,,false,6
,I?_GHCRPW,7,99313,,,false,6
,I?_GHCRPW,8,99733,,,false,6
,I?_GHCRPW,9,100082,,,false,6
,I?_OHtM^_,0,843886,,,false,9
,I?_OHtM^_,1,816299,,,false,9
,I?_OHtM^_,2,797932,,,false,9
,I?_OHtM^_,3,822026,,,false,9
,I?_OHtM^_,4,813995,,,false,9
,I?_OHtM^_,5,818185,,,false,9
,I?_OHtM^_,6,849404,,,false,9
,I?_OHtM^_,7,884185,,,false,9
,I?_OHtM^_,8,860299,,,false,9
,I?_OHtM^_,9,868890,,,false,9
,I?_QXYRZG,0,572485,,,false,9
,I?_QXYRZG,1,570530,,,false,9
,I?_QXYRZG,2,508581,,,false,9
,I?_QXYRZG,3,516682,,,false,9
,I?_QXYRZG,4,533234,,,false,9
,I?_QXYRZG,5,541686,,,false,9
,I?_QXYRZG,6,506555,,,false,9
,I?_QXYRZG,7,524924,,,false,9
,I?_QXYRZG,8,515775,,,false,9
,I?_QXYRZG,9,529812,,,false,9
,I?`@?[]Fo,0,151345,,,false,6
,I?`@?[]Fo,1,137657,,,false,6
,I?`@?[]Fo,2,132278,,,false,6
,I?`@?[]Fo,3,125434,,,false,6
,I?`@?[]Fo,4,133885,,,false,6
,I?`@?[]Fo,5,127250,,,false,6
,I?`@?[]Fo,6,126551,,,false,6
,I?`@?[]Fo,7,121663,,,false,6
,I?`@?[]Fo,8,126482,,,false,6
,I?`@?[]Fo,9,126831,,,false,6
,I?cOoXFHw,0,618790,,,false,7
,I?cOoXFHw,1,593438,,,false,7
,I?cOoXFHw,2,585894,,,false,7
,I?cOoXFHw,3,589456,,,false,7
,I?cOoXFHw,4,576047,,,false,7
,I?cOoXFHw,5,597698,,,false,7
,I?cOoXFHw,6,581075,,,false,7
,I?cOoXFHw,7,593507,,,false,7
,I?cOoXFHw,8,595742,,,false,7
,I?cOoXFHw,9,598536,,,false,7
,I?cPHXRRg,0,381610,,,false,7
,I?cPHXRRg,1,361566,,,false,7
,I?cPHXRRg,2,361077,,,false,7
,I?cPHXRRg,3,375394,,,false,7
,I?cPHXRRg,4,348716,,,false,7
,I?cPHXRRg,5,348087,,,false,7
,I?cPHXRRg,6,362823,,,false,7
,I?cPHXRRg,7,357515,,,false,7
,I?cPHXRRg,8,366594,,,false,7
,I?cPHXRRg,9,356747,,,false,7
,I?cPIStRg,0,426518,,,false,7
,I?cPIStRg,1,417508,,,false,7
,I?cPIStRg,2,406822,,,false,7
,I?cPIStRg,3,410944,,,false,7
,I?cPIStRg,4,406124,,,false,7
,I?cPIStRg,5,407521,,,false,7
,I?cPIStRg,6,413527,,,false,7
,I?cPIStRg,7,402144,,,false,7
,I?cPIStRg,8,410245,,,false,7
,I?cPIStRg,9,405636,,,false,7
,I?cWaKeAw,0,135002,,,false,7
,I?cWaKeAw,1,127390,,,false,7
,I?cWaKeAw,2,126691,,,false,7
,I?cWaKeAw,3,112862,,,false,7
,I?cWaKeAw,4,115028,,,false,7
,I?cWaKeAw,5,113980,,,false,7
,I?cWaKeAw,6,107694,,,false,7
,I?cWaKeAw,7,107904,,,false,7
,I?cWaKeAw,8,111536,,,false,7
,I?cWaKeAw,9,107904,,,false,7
,I?oPGpBHW,0,110139,,,false,6
,I?oPGpBHW,1,98546,,,false,6
,I?oPGpBHW,2,93237,,,false,6
,I?oPGpBHW,3,90514,,,false,6
,I?oPGpBHW,4,87720,,,false,6
,I?oPGpBHW,5,87720,,,false,6
,I?oPGpBHW,6,87231,,,false,6
,I?oPGpBHW,7,86532,,,false,6
,I?oPGpBHW,8,85764,,,false,6
,I?oPGpBHW,9,86254,,,false,6
,I@??LXZr_,0,109021,,,false,7
,I@??LXZr_,1,99104,,,false,7
,I@??LXZr_,2,86742,,,false,7
,I@??LXZr_,3,85695,,,false,7
,I@??LXZr_,4,84298,,,false,7
,I@??LXZr_,5,84088,,,false,7
,I@??LXZr_,6,83460,,,false,7
,I@??LXZr_,7,83460,,,false,7
,I@??LXZr_,8,82971,,,false,7
,I@??LXZr_,9,83041,,,false,7
,I@??OXFf_,0,50006,,,false,6
,I@??OXFf_,1,42253,,,false,6
,I@??OXFf_,2,38831,,,false,6
,I@??OXFf_,3,50495,,,false,6
,I@??OXFf_,4,41066,,,false,6
,I@??OXFf_,5,37645,,,false,6
,I@??OXFf_,6,38133,,,false,6
,I@??OXFf_,7,38202,,,false,6
,I@??OXFf_,8,37434,,,false,6
,I@??OXFf_,9,37504,,,false,6
,I@??OXFfg,0,44768,,,false,6
,I@??OXFfg,1,40158,,,false,6
,I@??OXFfg,2,38971,,,false,6
,I@??OXFfg,3,38483,,,false,6
,I@??OXFfg,4,37993,,,false,6
,I@??OXFfg,5,38063,,,false,6
,I@??OXFfg,6,38063,,,false,6
,I@??OXFfg,7,37295,,,false,6
,I@??OXFfg,8,38133,,,false,6
,I@??OXFfg,9,37574,,,false,6
,I@??OlMhw,0,109161,,,false,7
,I@??OlMhw,1,92539,,,false,7
,I@??OlMhw,2,96380,,,false,7
,I@??OlMhw,3,86184,,,false,7
,I@??OlMhw,4,86323,,,false,7
,I@??OlMhw,5,85066,,,false,7
,I@??OlMhw,6,84927,,,false,7
,I@??OlMhw,7,84996,,,false,7
,I@??OlMhw,8,84786,,,false,7
,I@??OlMhw,9,84926,,,false,7
,I@??i[mfG,0,345013,,,false,7
,I@??i[mfG,1,318544,,,false,7
,I@??i[mfG,2,310163,,,false,7
,I@??i[mfG,3,319102,,,false,7
,I@??i[mfG,4,304436,,,false,7
,I@??i[mfG,5,306042,,,false,7
,I@??i[mfG,6,307579,,,false,7
,I@??i[mfG,7,308767,,,false,7
,I@??i[mfG,8,299966,,,false,7
,I@??i[mfG,9,295356,,,false,7
,I@??i[mfW,0,335864,,,false,7
,I@??i[mfW,1,311560,,,false,7
,I@??i[mfW,2,303039,,,false,7
,I@??i[mfW,3,316379,,,false,7
,I@??i[mfW,4,305274,,,false,7
,I@??i[mfW,5,302830,,,false,7
,I@??i[mfW,6,311211,,,false,7
,I@??i[mfW,7,303528,,,false,7
,I@??i[mfW,8,305832,,,false,7
,I@??i[mfW,9,311141,,,false,7
,I@?G?TFdo,0,48609,,,false,6
,I@?G?TFdo,1,40158,,,false,6
,I@?G?TFdo,2,37575,,,false,6
,I@?G?TFdo,3,36177,,,false,6
,I@?G?TFdo,4,36247,,,false,6
,I@?G?TFdo,5,36737,,,false,6
,I@?G?TFdo,6,36317,,,false,6
,I@?G?TFdo,7,36177,,,false,6
,I@?G?TFdo,8,35758,,,false,6
,I@?G?TFdo,9,36807,,,false,6
,I@?G?TFdw,0,44698,,,false,6
,I@?G?TFdw,1,39181,,,false,6
,I@?G?TFdw,2,38482,,,false,6
,I@?G?TFdw,3,38412,,,false,6
,I@?G?TFdw,4,36597,,,false,6
,I@?G?TFdw,5,36736,,,false,6
,I@?G?TFdw,6,37225,,,false,6
,I@?G?TFdw,7,36667,,,false,6
,I@?G?TFdw,8,37155,,,false,6
,I@?G?TFdw,9,36946,,,false,6
,I@?GhTFfW,0,237738,,,false,7
,I@?GhTFfW,1,208125,,,false,7
,I@?GhTFfW,2,203377,,,false,7
,I@?GhTFfW,3,195694,,,false,7
,I@?GhTFfW,4,201910,,,false,7
,I@?GhTFfW,5,197998,,,false,7
,I@?GhTFfW,6,195973,,,false,7
,I@?GhTFfW,7,196393,,,false,7
,I@?GhTFfW,8,196043,,,false,7
,I@?GhTFfW,9,203655,,,false,7
,I@?IIgjfg,0,326925,,,false,7
,I@?IIgjfg,1,315122,,,false,7
,I@?IIgjfg,2,317217,,,false,7
,I@?IIgjfg,3,319172,,,false,7
,I@?IIgjfg,4,319243,,,false,7
,I@?IIgjfg,5,327204,,,false,7
,I@?IIgjfg,6,313446,,,false,7
,I@?IIgjfg,7,310372,,,false,7
,I@?IIgjfg,8,309674,,,false,7
,I@?IIgjfg,9,315331,,,false,7
,I@?IOmFYW,0,110000,,,false,7
,I@?IOmFYW,1,94844,,,false,7
,I@?IOmFYW,2,89187,,,false,7
,I@?IOmFYW,3,87440,,,false,7
,I@?IOmFYW,4,86184,,,false,7
,I@?IOmFYW,5,84787,,,false,7
,I@?IOmFYW,6,93098,,,false,7
,I@?IOmFYW,7,84927,,,false,7
,I@?IOmFYW,8,84019,,,false,7
,I@?IOmFYW,9,81644,,,false,7
,I@?IpM\vO,0,597837,,,false,9
,I@?IpM\vO,1,603355,,,false,9
,I@?IpM\vO,2,600282,,,false,9
,I@?IpM\vO,3,583870,,,false,9
,I@?IpM\vO,4,597627,,,false,9
,I@?IpM\vO,5,575349,,,false,9
,I@?IpM\vO,6,587292,,,false,9
,I@?IpM\vO,7,583520,,,false,9
,I@?IpM\vO,8,584846,,,false,9
,I@?IpM\vO,9,593228,,,false,9
,I@?OH]IQg,0,109720,,,false,7
,I@?OH]IQg,1,90654,,,false,7
,I@?OH]IQg,2,85066,,,false,7
,I@?OH]IQg,3,83040,,,false,7
,I@?OH]IQg,4,82901,,,false,7
,I@?OH]IQg,5,83041,,,false,7
,I@?OH]IQg,6,82552,,,false,7
,I@?OH]IQg,7,91143,,,false,7
,I@?OH]IQg,8,81574,,,false,7
,I@?OH]IQg,9,81155,,,false,7
,I@?OOXBbg,0,99663,,,false,7
,I@?OOXBbg,1,89466,,,false,7
,I@?OOXBbg,2,85904,,,false,7
,I@?OOXBbg,3,83460,,,false,7
,I@?OOXBbg,4,84368,,,false,7
,I@?OOXBbg,5,82552,,,false,7
,I@?OOXBbg,6,83111,,,false,7
,I@?OOXBbg,7,82412,,,false,7
,I@?OOXBbg,8,97288,,,false,7
,I@?OOXBbg,9,83739,,,false,7
,I@?SQOFJG,0,108742,,,false,5
,I@?SQOFJG,1,90583,,,false,5
,I@?SQOFJG,2,84926,,,false,5
,I@?SQOFJG,3,84438,,,false,5
,I@?SQOFJG,4,84019,,,false,5
,I@?SQOFJG,5,82482,,,false,5
,I@?SQOFJG,6,83040,,,false,5
,I@?SQOFJG,7,82621,,,false,5
,I@?SQOFJG,8,83530,,,false,5
,I@?SQOFJG,9,91491,,,false,5
,I@?YtKnVW,0,805893,,,false,9
,I@?YtKnVW,1,793252,,,false,9
,I@?YtKnVW,2,792624,,,false,9
,I@?YtKnVW,3,804706,,,false,9
,I@?YtKnVW,4,824610,,,false,9
,I@?YtKnVW,5,808617,,,false,9
,I@?YtKnVW,6,813645,,,false,9
,I@?YtKnVW,7,812528,,,false,9
,I@?YtKnVW,8,802471,,,false,9
,I@?YtKnVW,9,780541,,,false,9
,I@@?pMKUW,0,355839,,,false,7
,I@@?pMKUW,1,346480,,,false,7
,I@@?pMKUW,2,351509,,,false,7
,I@@?pMKUW,3,338658,,,false,7
,I@@?pMKUW,4,341452,,,false,7
,I@@?pMKUW,5,337052,,,false,7
,I@@?pMKUW,6,338589,,,false,7
,I@@?pMKUW,7,341661,,,false,7
,I@@?pMKUW,8,336144,,,false,7
,I@@?pMKUW,9,332861,,,false,7
,I@@GHOZco,0,221815,,,false,7
,I@@GHOZco,1,224259,,,false,7
,I@@GHOZco,2,200513,,,false,7
,I@@GHOZco,3,201071,,,false,7
,I@@GHOZco,4,194716,,,false,7
,I@@GHOZco,5,207916,,,false,7
,I@@GHOZco,6,197999,,,false,7
,I@@GHOZco,7,193459,,,false,7
,I@@GHOZco,8,194367,,,false,7
,I@@GHOZco,9,191364,,,false,7
,I@@IHUZfo,0,242976,,,false,7
,I@@IHUZfo,1,221815,,,false,7
,I@@IHUZfo,2,219440,,,false,7
,I@@IHUZfo,3,213154,,,false,7
,I@@IHUZfo,4,213993,,,false,7
,I@@IHUZfo,5,210500,,,false,7
,I@@IHUZfo,6,214201,,,false,7
,I@@IHUZfo,7,206240,,,false,7
,I@@IHUZfo,8,207497,,,false,7
,I@@IHUZfo,9,224468,,,false,7
,I@@XXpZhw,0,588199,,,false,9
,I@@XXpZhw,1,581983,,,false,9
,I@@XXpZhw,2,550136,,,false,9
,I@@XXpZhw,3,570110,,,false,9
,I@@XXpZhw,4,571228,,,false,9
,I@@XXpZhw,5,555165,,,false,9
,I@@XXpZhw,6,554327,,,false,9
,I@@XXpZhw,7,545736,,,false,9
,I@@XXpZhw,8,560124,,,false,9
,I@@XXpZhw,9,550415,,,false,9
,I@@g{pjdw,0,564663,,,false,9
,I@@g{pjdw,1,529673,,,false,9
,I@@g{pjdw,2,705812,,,false,9
,I@@g{pjdw,3,682694,,,false,9
,I@@g{pjdw,4,514796,,,false,9
,I@@g{pjdw,5,544339,,,false,9
,I@@g{pjdw,6,545317,,,false,9
,I@@g{pjdw,7,542454,,,false,9
,I@@g{pjdw,8,523946,,,false,9
,I@@g{pjdw,9,516682,,,false,9
,I@C?ICLwg,0,128368,,,false,6
,I@C?ICLwg,1,118171,,,false,6
,I@C?ICLwg,2,110698,,,false,6
,I@C?ICLwg,3,111117,,,false,6
,I@C?ICLwg,4,96869,,,false,6
,I@C?ICLwg,5,95891,,,false,6
,I@C?ICLwg,6,93935,,,false,6
,I@C?ICLwg,7,91421,,,false,6
,I@C?ICLwg,8,91003,,,false,6
,I@C?ICLwg,9,91631,,,false,6
,I@COYUtZg,0,552790,,,false,9
,I@COYUtZg,1,533724,,,false,9
,I@COYUtZg,2,538613,,,false,9
,I@COYUtZg,3,517590,,,false,9
,I@COYUtZg,4,538613,,,false,9
,I@COYUtZg,5,541895,,,false,9
,I@COYUtZg,6,547133,,,false,9
,I@COYUtZg,7,538612,,,false,9
,I@COYUtZg,8,537076,,,false,9
,I@COYUtZg,9,569063,,,false,9
,I@CdQm]ZW,0,540917,,,false,9
,I@CdQm]ZW,1,539939,,,false,9
,I@CdQm]ZW,2,519476,,,false,9
,I@CdQm]ZW,3,533933,,,false,9
,I@CdQm]ZW,4,523736,,,false,9
,I@CdQm]ZW,5,530860,,,false,9
,I@CdQm]ZW,6,518987,,,false,9
,I@CdQm]ZW,7,530930,,,false,9
,I@CdQm]ZW,8,531279,,,false,9
,I@CdQm]ZW,9,519685,,,false,9
,I@DGtLjlg,0,541406,,,false,9
,I@DGtLjlg,1,547692,,,false,9
,I@DGtLjlg,2,559565,,,false,9
,I@DGtLjlg,3,517730,,,false,9
,I@DGtLjlg,4,535818,,,false,9
,I@DGtLjlg,5,534841,,,false,9
,I@DGtLjlg,6,544339,,,false,9
,I@DGtLjlg,7,522898,,,false,9
,I@DGtLjlg,8,533235,,,false,9
,I@DGtLjlg,9,537705,,,false,9
,I@GTQl]jW,0,547063,,,false,9
,I@GTQl]jW,1,546714,,,false,9
,I@GTQl]jW,2,529812,,,false,9
,I@GTQl]jW,3,545317,,,false,9
,I@GTQl]jW,4,548599,,,false,9
,I@GTQl]jW,5,562358,,,false,9
,I@GTQl]jW,6,536237,,,false,9
,I@GTQl]jW,7,555723,,,false,9
,I@GTQl]jW,8,552092,,,false,9
,I@GTQl]jW,9,539590,,,false,9
,I@GY}xn~g,0,542943,,,false,9
,I@GY}xn~g,1,522689,,,false,9
,I@GY}xn~g,2,531768,,,false,9
,I@GY}xn~g,3,519895,,,false,9
,I@GY}xn~g,4,530720,,,false,9
,I@GY}xn~g,5,514797,,,false,9
,I@GY}xn~g,6,524784,,,false,9
,I@GY}xn~g,7,528625,,,false,9
,I@GY}xn~g,8,537355,,,false,9
,I@GY}xn~g,9,524156,,,false,9
,I@HH?]VUw,0,574371,,,false,9
,I@HH?]VUw,1,568085,,,false,9
,I@HH?]VUw,2,554746,,,false,9
,I@HH?]VUw,3,566898,,,false,9
,I@HH?]VUw,4,549088,,,false,9
,I@HH?]VUw,5,550764,,,false,9
,I@HH?]VUw,6,533723,,,false,9
,I@HH?]VUw,7,550346,,,false,9
,I@HH?]VUw,8,550486,,,false,9
,I@HH?]VUw,9,537564,,,false,9
,I@ODG|[hW,0,146317,,,false,7
,I@ODG|[hW,1,134374,,,false,7
,I@ODG|[hW,2,134583,,,false,7
,I@ODG|[hW,3,125923,,,false,7
,I@ODG|[hW,4,124945,,,false,7
,I@ODG|[hW,5,125434,,,false,7
,I@ODG|[hW,6,124456,,,false,7
,I@ODG|[hW,7,124456,,,false,7
,I@ODG|[hW,8,124596,,,false,7
,I@ODG|[hW,9,125015,,,false,7
,I@OH?lEeW,0,112235,,,false,7
,I@OH?lEeW,1,91072,,,false,7
,I@OH?lEeW,2,86742,,,false,7
,I@OH?lEeW,3,83879,,,false,7
,I@OH?lEeW,4,83041,,,false,7
,I@OH?lEeW,5,83110,,,false,7
,I@OH?lEeW,6,81993,,,false,7
,I@OH?lEeW,7,81644,,,false,7
,I@OH?lEeW,8,81644,,,false,7
,I@OH?lEeW,9,81993,,,false,7
,I@O[P\VXw,0,735215,,,false,9
,I@O[P\VXw,1,736541,,,false,9
,I@O[P\VXw,2,726973,,,false,9
,I@O[P\VXw,3,711329,,,false,9
,I@O[P\VXw,4,727113,,,false,9
,I@O[P\VXw,5,732141,,,false,9
,I@O[P\VXw,6,715240,,,false,9
,I@O[P\VXw,7,712236,,,false,9
,I@O[P\VXw,8,730465,,,false,9
,I@O[P\VXw,9,724668,,,false,9
,I@O_{zMzo,0,534771,,,false,9
,I@O_{zMzo,1,535400,,,false,9
,I@O_{zMzo,2,504670,,,false,9
,I@O_{zMzo,3,514447,,,false,9
,I@O_{zMzo,4,501597,,,false,9
,I@O_{zMzo,5,513050,,,false,9
,I@O_{zMzo,6,501108,,,false,9
,I@O_{zMzo,7,507742,,,false,9
,I@O_{zMzo,8,502574,,,false,9
,I@O_{zMzo,9,509558,,,false,9
,I@OhozFTw,0,557051,,,false,9
,I@OhozFTw,1,540079,,,false,9
,I@OhozFTw,2,553768,,,false,9
,I@OhozFTw,3,542384,,,false,9
,I@OhozFTw,4,554885,,,false,9
,I@OhozFTw,5,546924,,,false,9
,I@OhozFTw,6,558098,,,false,9
,I@OhozFTw,7,528974,,,false,9
,I@OhozFTw,8,545317,,,false,9
,I@OhozFTw,9,549996,,,false,9
,I@Ohun[Xw,0,527578,,,false,9
,I@Ohun[Xw,1,514517,,,false,9
,I@Ohun[Xw,2,505298,,,false,9
,I@Ohun[Xw,3,520733,,,false,9
,I@Ohun[Xw,4,501876,,,false,9
,I@Ohun[Xw,5,513539,,,false,9
,I@Ohun[Xw,6,512771,,,false,9
,I@Ohun[Xw,7,529673,,,false,9
,I@Ohun[Xw,8,510467,,,false,9
,I@Ohun[Xw,9,519546,,,false,9
,I@P@gyNjo,0,631361,,,false,9
,I@P@gyNjo,1,618720,,,false,9
,I@P@gyNjo,2,612504,,,false,9
,I@P@gyNjo,3,606986,,,false,9
,I@P@gyNjo,4,609431,,,false,9
,I@P@gyNjo,5,605101,,,false,9
,I@P@gyNjo,6,604123,,,false,9
,I@P@gyNjo,7,604892,,,false,9
,I@P@gyNjo,8,590015,,,false,9
,I@P@gyNjo,9,608523,,,false,9
,I@QWqcnXw,0,756585,,,false,9
,I@QWqcnXw,1,725017,,,false,9
,I@QWqcnXw,2,743525,,,false,9
,I@QWqcnXw,3,728021,,,false,9
,I@QWqcnXw,4,727392,,,false,9
,I@QWqcnXw,5,707208,,,false,9
,I@QWqcnXw,6,713145,,,false,9
,I@QWqcnXw,7,738985,,,false,9
,I@QWqcnXw,8,708535,,,false,9
,I@QWqcnXw,9,706370,,,false,9
,I@Sg\CVTw,0,743176,,,false,9
,I@Sg\CVTw,1,722433,,,false,9
,I@Sg\CVTw,2,743944,,,false,9
,I@Sg\CVTw,3,732421,,,false,9
,I@Sg\CVTw,4,719570,,,false,9
,I@Sg\CVTw,5,709094,,,false,9
,I@Sg\CVTw,6,702250,,,false,9
,I@Sg\CVTw,7,720757,,,false,9
,I@Sg\CVTw,8,716427,,,false,9
,I@Sg\CVTw,9,704833,,,false,9
,I@_OXLZVo,0,378956,,,false,7
,I@_OXLZVo,1,374556,,,false,7
,I@_OXLZVo,2,379306,,,false,7
,I@_OXLZVo,3,368620,,,false,7
,I@_OXLZVo,4,367223,,,false,7
,I@_OXLZVo,5,356746,,,false,7
,I@_OXLZVo,6,362892,,,false,7
,I@_OXLZVo,7,374207,,,false,7
,I@_OXLZVo,8,365826,,,false,7
,I@_OXLZVo,9,349413,,,false,7
,I@g?gxfVg,0,756516,,,false,9
,I@g?gxfVg,1,751627,,,false,9
,I@g?gxfVg,2,759588,,,false,9
,I@g?gxfVg,3,747087,,,false,9
,I@g?gxfVg,4,746598,,,false,9
,I@g?gxfVg,5,746598,,,false,9
,I@g?gxfVg,6,783195,,,false,9
,I@g?gxfVg,7,767341,,,false,9
,I@g?gxfVg,8,757493,,,false,9
,I@g?gxfVg,9,775302,,,false,9
,I@h?GkYWw,0,426308,,,false,7
,I@h?GkYWw,1,407451,,,false,7
,I@h?GkYWw,2,399350,,,false,7
,I@h?GkYWw,3,409896,,,false,7
,I@h?GkYWw,4,395508,,,false,7
,I@h?GkYWw,5,405006,,,false,7
,I@h?GkYWw,6,395508,,,false,7
,I@h?GkYWw,7,399978,,,false,7
,I@h?GkYWw,8,408010,,,false,7
,I@h?GkYWw,9,397464,,,false,7
,I@o\`\VxW,0,542244,,,false,9
,I@o\`\VxW,1,543641,,,false,9
,I@o\`\VxW,2,560053,,,false,9
,I@o\`\VxW,3,516752,,,false,9
,I@o\`\VxW,4,520384,,,false,9
,I@o\`\VxW,5,523247,,,false,9
,I@o\`\VxW,6,534352,,,false,9
,I@o\`\VxW,7,518498,,,false,9
,I@o\`\VxW,8,511445,,,false,9
,I@o\`\VxW,9,522968,,,false,9
,IA??GWjko,0,32406,,,false,6
,IA??GWjko,1,25771,,,false,6
,IA??GWjko,2,23955,,,false,6
,IA??GWjko,3,23396,,,false,6
,IA??GWjko,4,23257,,,false,6
,IA??GWjko,5,22838,,,false,6
,IA??GWjko,6,22838,,,false,6
,IA??GWjko,7,23257,,,false,6
,IA??GWjko,8,22838,,,false,6
,IA??GWjko,9,23257,,,false,6
,IA?G?Kjlw,0,29124,,,false,6
,IA?G?Kjlw,1,24305,,,false,6
,IA?G?Kjlw,2,24305,,,false,6
,IA?G?Kjlw,3,22978,,,false,6
,IA?G?Kjlw,4,23048,,,false,6
,IA?G?Kjlw,5,22699,,,false,6
,IA?G?Kjlw,6,23047,,,false,6
,IA?G?Kjlw,7,22908,,,false,6
,IA?G?Kjlw,8,22978,,,false,6
,IA?G?Kjlw,9,22908,,,false,6
,IA?HHhJmg,0,554256,,,false,9
,IA?HHhJmg,1,532397,,,false,9
,IA?HHhJmg,2,541545,,,false,9
,IA?HHhJmg,3,530650,,,false,9
,IA?HHhJmg,4,540917,,,false,9
,IA?HHhJmg,5,546085,,,false,9
,IA?HHhJmg,6,540498,,,false,9
,IA?HHhJmg,7,539799,,,false,9
,IA?HHhJmg,8,529393,,,false,9
,IA?HHhJmg,9,542454,,,false,9
,IA?_xU\vO,0,535260,,,false,9
,IA?_xU\vO,1,541965,,,false,9
,IA?_xU\vO,2,520453,,,false,9
,IA?_xU\vO,3,531419,,,false,9
,IA?_xU\vO,4,516612,,,false,9
,IA?_xU\vO,5,523737,,,false,9
,IA?_xU\vO,6,520104,,,false,9
,IA?_xU\vO,7,531000,,,false,9
,IA?_xU\vO,8,540567,,,false,9
,IA?_xU\vO,9,532536,,,false,9
,IAAKPln]o,0,754630,,,false,9
,IAAKPln]o,1,732770,,,false,9
,IAAKPln]o,2,717614,,,false,9
,IAAKPln]o,3,723690,,,false,9
,IAAKPln]o,4,724878,,,false,9
,IAAKPln]o,5,726694,,,false,9
,IAAKPln]o,6,718942,,,false,9
,IAAKPln]o,7,724319,,,false,9
,IAAKPln]o,8,737798,,,false,9
,IAAKPln]o,9,730884,,,false,9
,IAC_[GbQW,0,195275,,,false,6
,IAC_[GbQW,1,180538,,,false,6
,IAC_[GbQW,2,172088,,,false,6
,IAC_[GbQW,3,166151,,,false,6
,IAC_[GbQW,4,163218,,,false,6
,IAC_[GbQW,5,168665,,,false,6
,IAC_[GbQW,6,161193,,,false,6
,IAC_[GbQW,7,160983,,,false,6
,IAC_[GbQW,8,159098,,,false,6
,IAC_[GbQW,9,158888,,,false,6
,IAC_g\jnw,0,594555,,,false,9
,IAC_g\jnw,1,562428,,,false,9
,IAC_g\jnw,2,567876,,,false,9
,IAC_g\jnw,3,569971,,,false,9
,IAC_g\jnw,4,560193,,,false,9
,IAC_g\jnw,5,572485,,,false,9
,IAC_g\jnw,6,562079,,,false,9
,IAC_g\jnw,7,576746,,,false,9
,IAC_g\jnw,8,569971,,,false,9
,IAC_g\jnw,9,580517,,,false,9
,IACppXNzw,0,584917,,,false,9
,IACppXNzw,1,556561,,,false,9
,IACppXNzw,2,557330,,,false,9
,IACppXNzw,3,542942,,,false,9
,IACppXNzw,4,554955,,,false,9
,IACppXNzw,5,539590,,,false,9
,IACppXNzw,6,547761,,,false,9
,IACppXNzw,7,551393,,,false,9
,IACppXNzw,8,543431,,,false,9
,IACppXNzw,9,559705,,,false,9
,IAG@I]]fo,0,241509,,,false,7
,IAG@I]]fo,1,230894,,,false,7
,IAG@I]]fo,2,225865,,,false,7
,IAG@I]]fo,3,231942,,,false,7
,IAG@I]]fo,4,220837,,,false,7
,IAG@I]]fo,5,219160,,,false,7
,IAG@I]]fo,6,217274,,,false,7
,IAG@I]]fo,7,225655,,,false,7
,IAG@I]]fo,8,216646,,,false,7
,IAG@I]]fo,9,216227,,,false,7
,IAGGaKefw,0,307160,,,false,7
,IAGGaKefw,1,301153,,,false,7
,IAGGaKefw,2,286277,,,false,7
,IAGGaKefw,3,283693,,,false,7
,IAGGaKefw,4,279084,,,false,7
,IAGGaKefw,5,285300,,,false,7
,IAGGaKefw,6,275662,,,false,7
,IAGGaKefw,7,276081,,,false,7
,IAGGaKefw,8,282856,,,false,7
,IAGGaKefw,9,277687,,,false,7
,IAKPY^vzo,0,565431,,,false,9
,IAKPY^vzo,1,545946,,,false,9
,IAKPY^vzo,2,545667,,,false,9
,IAKPY^vzo,3,530650,,,false,9
,IAKPY^vzo,4,549717,,,false,9
,IAKPY^vzo,5,550136,,,false,9
,IAKPY^vzo,6,569063,,,false,9
,IAKPY^vzo,7,547203,,,false,9
,IAKPY^vzo,8,555863,,,false,9
,IAKPY^vzo,9,550975,,,false,9
,IAl`g|N{w,0,509559,,,false,9
,IAl`g|N{w,1,513889,,,false,9
,IAl`g|N{w,2,500968,,,false,9
,IAl`g|N{w,3,503272,,,false,9
,IAl`g|N{w,4,491958,,,false,9
,IAl`g|N{w,5,499362,,,false,9
,IAl`g|N{w,6,492377,,,false,9
,IAl`g|N{w,7,507254,,,false,9
,IAl`g|N{w,8,499572,,,false,9
,IAl`g|N{w,9,512422,,,false,9
,IC?`O|]Vo,0,400677,,,false,7
,IC?`O|]Vo,1,392645,,,false,7
,IC?`O|]Vo,2,393414,,,false,7
,IC?`O|]Vo,3,377489,,,false,7
,IC?`O|]Vo,4,377839,,,false,7
,IC?`O|]Vo,5,368061,,,false,7
,IC?`O|]Vo,6,365477,,,false,7
,IC?`O|]Vo,7,379235,,,false,7
,IC?`O|]Vo,8,368759,,,false,7
,IC?`O|]Vo,9,383076,,,false,7
,IC?`Px]Vo,0,801423,,,false,9
,IC?`Px]Vo,1,793881,,,false,9
,IC?`Px]Vo,2,789480,,,false,9
,IC?`Px]Vo,3,807988,,,false,9
,IC?`Px]Vo,4,809735,,,false,9
,IC?`Px]Vo,5,793881,,,false,9
,IC?`Px]Vo,6,802471,,,false,9
,IC?`Px]Vo,7,786756,,,false,9
,IC?`Px]Vo,8,791785,,,false,9
,IC?`Px]Vo,9,795836,,,false,9
,IC@@oK\YW,0,345362,,,false,7
,IC@@oK\YW,1,326436,,,false,7
,IC@@oK\YW,2,332093,,,false,7
,IC@@oK\YW,3,314353,,,false,7
,IC@@oK\YW,4,318194,,,false,7
,IC@@oK\YW,5,327832,,,false,7
,IC@@oK\YW,6,320569,,,false,7
,IC@@oK\YW,7,316239,,,false,7
,IC@@oK\YW,8,326715,,,false,7
,IC@@oK\YW,9,316589,,,false,7
,IC@xo|zjw,0,565221,,,false,9
,IC@xo|zjw,1,553279,,,false,9
,IC@xo|zjw,2,552022,,,false,9
,IC@xo|zjw,3,535399,,,false,9
,IC@xo|zjw,4,539171,,,false,9
,IC@xo|zjw,5,527787,,,false,9
,IC@xo|zjw,6,541476,,,false,9
,IC@xo|zjw,7,529883,,,false,9
,IC@xo|zjw,8,543850,,,false,9
,IC@xo|zjw,9,530371,,,false,9
,ICCAHGJzG,0,339427,,,false,6
,ICCAHGJzG,1,314842,,,false,6
,ICCAHGJzG,2,312049,,,false,6
,ICCAHGJzG,3,318265,,,false,6
,ICCAHGJzG,4,311281,,,false,6
,ICCAHGJzG,5,311490,,,false,6
,ICCAHGJzG,6,318195,,,false,6
,ICCAHGJzG,7,310163,,,false,6
,ICCAHGJzG,8,309046,,,false,6
,ICCAHGJzG,9,322245,,,false,6
,ICCGQCvXo,0,417369,,,false,7
,ICCGQCvXo,1,404029,,,false,7
,ICCGQCvXo,2,390271,,,false,7
,ICCGQCvXo,3,391318,,,false,7
,ICCGQCvXo,4,404518,,,false,7
,ICCGQCvXo,5,389921,,,false,7
,ICCGQCvXo,6,400048,,,false,7
,ICCGQCvXo,7,392086,,,false,7
,ICCGQCvXo,8,389014,,,false,7
,ICCGQCvXo,9,401585,,,false,7
,ICGOIUcQg,0,227123,,,false,6
,ICGOIUcQg,1,216088,,,false,6
,ICGOIUcQg,2,210291,,,false,6
,ICGOIUcQg,3,214760,,,false,6
,ICGOIUcQg,4,203725,,,false,6
,ICGOIUcQg,5,203586,,,false,6
,ICGOIUcQg,6,205262,,,false,6
,ICGOIUcQg,7,204633,,,false,6
,ICGOIUcQg,8,214341,,,false,6
,ICGOIUcQg,9,203586,,,false,6
,ICN@G\rqw,0,528416,,,false,9
,ICN@G\rqw,1,526460,,,false,9
,ICN@G\rqw,2,521781,,,false,9
,ICN@G\rqw,3,508162,,,false,9
,ICN@G\rqw,4,519546,,,false,9
,ICN@G\rqw,5,509070,,,false,9
,ICN@G\rqw,6,519057,,,false,9
,ICN@G\rqw,7,509978,,,false,9
,ICN@G\rqw,8,526041,,,false,9
,ICN@G\rqw,9,511444,,,false,9
,IC\P[^vzo,0,525831,,,false,9
,IC\P[^vzo,1,508999,,,false,9
,IC\P[^vzo,2,526181,,,false,9
,IC\P[^vzo,3,507044,,,false,9
,IC\P[^vzo,4,515705,,,false,9
,IC\P[^vzo,5,506695,,,false,9
,IC\P[^vzo,6,517660,,,false,9
,IC\P[^vzo,7,497267,,,false,9
,IC\P[^vzo,8,504251,,,false,9
,IC\P[^vzo,9,492588,,,false,9
,ID?GGpFIw,0,201421,,,false,7
,ID?GGpFIw,1,182913,,,false,7
,ID?GGpFIw,2,175719,,,false,7
,ID?GGpFIw,3,172367,,,false,7
,ID?GGpFIw,4,167968,,,false,7
,ID?GGpFIw,5,165453,,,false,7
,ID?GGpFIw,6,167967,,,false,7
,ID?GGpFIw,7,164824,,,false,7
,ID?GGpFIw,8,164894,,,false,7
,ID?GGpFIw,9,162729,,,false,7
,ID@@xW\Qw,0,761335,,,false,9
,ID@@xW\Qw,1,762313,,,false,9
,ID@@xW\Qw,2,747087,,,false,9
,ID@@xW\Qw,3,745620,,,false,9
,ID@@xW\Qw,4,746249,,,false,9
,ID@@xW\Qw,5,743735,,,false,9
,ID@@xW\Qw,6,739405,,,false,9
,ID@@xW\Qw,7,747646,,,false,9
,ID@@xW\Qw,8,739474,,,false,9
,ID@@xW\Qw,9,743316,,,false,9
,IDG@I\]Fo,0,550067,,,false,7
,IDG@I\]Fo,1,552720,,,false,7
,IDG@I\]Fo,2,541406,,,false,7
,IDG@I\]Fo,3,551044,,,false,7
,IDG@I\]Fo,4,550415,,,false,7
,IDG@I\]Fo,5,544549,,,false,7
,IDG@I\]Fo,6,535679,,,false,7
,IDG@I\]Fo,7,526669,,,false,7
,IDG@I\]Fo,8,549577,,,false,7
,IDG@I\]Fo,9,537215,,,false,7
,IG??_SFnw,0,28915,,,false,6
,IG??_SFnw,1,23746,,,false,6
,IG??_SFnw,2,22768,,,false,6
,IG??_SFnw,3,22908,,,false,6
,IG??_SFnw,4,22488,,,false,6
,IG??_SFnw,5,22419,,,false,6
,IG??_SFnw,6,22419,,,false,6
,IG??_SFnw,7,22069,,,false,6
,IG??_SFnw,8,22698,,,false,6
,IG??_SFnw,9,22629,,,false,6
,IG?G_gJhg,0,25422,,,false,6
,IG?G_gJhg,1,22000,,,false,6
,IG?G_gJhg,2,22000,,,false,6
,IG?G_gJhg,3,20882,,,false,6
,IG?G_gJhg,4,21022,,,false,6
,IG?G_gJhg,5,21022,,,false,6
,IG?G_gJhg,6,20673,,,false,6
,IG?G_gJhg,7,20673,,,false,6
,IG?G_gJhg,8,21302,,,false,6
,IG?G_gJhg,9,20603,,,false,6
,IG?Gigjf_,0,205053,,,false,7
,IG?Gigjf_,1,190805,,,false,7
,IG?Gigjf_,2,195694,,,false,7
,IG?Gigjf_,3,185008,,,false,7
,IG?Gigjf_,4,178793,,,false,7
,IG?Gigjf_,5,181936,,,false,7
,IG?Gigjf_,6,175720,,,false,7
,IG?Gigjf_,7,174812,,,false,7
,IG?Gigjf_,8,181935,,,false,7
,IG?Gigjf_,9,181447,,,false,7
,IG?Gigj}W,0,536378,,,false,9
,IG?Gigj}W,1,548250,,,false,9
,IG?Gigj}W,2,526181,,,false,9
,IG?Gigj}W,3,524784,,,false,9
,IG?Gigj}W,4,541406,,,false,9
,IG?Gigj}W,5,536587,,,false,9
,IG?Gigj}W,6,535051,,,false,9
,IG?Gigj}W,7,524924,,,false,9
,IG?Gigj}W,8,544758,,,false,9
,IG?Gigj}W,9,533165,,,false,9
,IG?QX}}no,0,697849,,,false,9
,IG?QX}}no,1,696383,,,false,9
,IG?QX}}no,2,679970,,,false,9
,IG?QX}}no,3,679760,,,false,9
,IG?QX}}no,4,678782,,,false,9
,IG?QX}}no,5,671030,,,false,9
,IG?QX}}no,6,678224,,,false,9
,IG?QX}}no,7,676478,,,false,9
,IG?QX}}no,8,673894,,,false,9
,IG?QX}}no,9,685278,,,false,9
,IG?XPYVUw,0,576257,,,false,9
,IG?XPYVUw,1,554257,,,false,9
,IG?XPYVUw,2,560962,,,false,9
,IG?XPYVUw,3,546295,,,false,9
,IG?XPYVUw,4,550904,,,false,9
,IG?XPYVUw,5,547622,,,false,9
,IG?XPYVUw,6,535819,,,false,9
,IG?XPYVUw,7,545736,,,false,9
,IG?XPYVUw,8,537216,,,false,9
,IG?XPYVUw,9,550136,,,false,9
,IG?oYMZMo,0,457597,,,false,7
,IG?oYMZMo,1,453965,,,false,7
,IG?oYMZMo,2,436295,,,false,7
,IG?oYMZMo,3,461927,,,false,7
,IG?oYMZMo,4,447470,,,false,7
,IG?oYMZMo,5,453407,,,false,7
,IG?oYMZMo,6,441394,,,false,7
,IG?oYMZMo,7,445165,,,false,7
,IG?oYMZMo,8,456340,,,false,7
,IG?oYMZMo,9,442092,,,false,7
,IG@@gyJfG,0,214131,,,false,7
,IG@@gyJfG,1,193738,,,false,7
,IG@@gyJfG,2,187941,,,false,7
,IG@@gyJfG,3,185986,,,false,7
,IG@@gyJfG,4,182704,,,false,7
,IG@@gyJfG,5,190386,,,false,7
,IG@@gyJfG,6,181516,,,false,7
,IG@@gyJfG,7,180050,,,false,7
,IG@@gyJfG,8,179560,,,false,7
,IG@@gyJfG,9,178373,,,false,7
,IGC@?gNbo,0,66279,,,false,6
,IGC@?gNbo,1,55314,,,false,6
,IGC@?gNbo,2,51542,,,false,6
,IGC@?gNbo,3,60901,,,false,6
,IGC@?gNbo,4,50076,,,false,6
,IGC@?gNbo,5,49936,,,false,6
,IGC@?gNbo,6,49657,,,false,6
,IGC@?gNbo,7,49238,,,false,6
,IGC@?gNbo,8,49587,,,false,6
,IGC@?gNbo,9,49726,,,false,6
,IGCOQmmjo,0,567736,,,false,6
,IGCOQmmjo,1,568574,,,false,6
,IGCOQmmjo,2,558447,,,false,6
,IGCOQmmjo,3,543571,,,false,6
,IGCOQmmjo,4,583800,,,false,6
,IGCOQmmjo,5,571019,,,false,6
,IGCOQmmjo,6,558587,,,false,6
,IGCOQmmjo,7,560961,,,false,6
,IGCOQmmjo,8,584708,,,false,6
,IGCOQmmjo,9,568435,,,false,6
,IGCP?\EeW,0,200862,,,false,6
,IGCP?\EeW,1,187383,,,false,6
,IGCP?\EeW,2,180958,,,false,6
,IGCP?\EeW,3,181237,,,false,6
,IGCP?\EeW,4,182075,,,false,6
,IGCP?\EeW,5,178024,,,false,6
,IGCP?\EeW,6,176209,,,false,6
,IGCP?\EeW,7,174882,,,false,6
,IGCP?\EeW,8,173694,,,false,6
,IGCP?\EeW,9,172717,,,false,6
,IGCaKORBW,0,199536,,,false,6
,IGCaKORBW,1,187453,,,false,6
,IGCaKORBW,2,180678,,,false,6
,IGCaKORBW,3,180818,,,false,6
,IGCaKORBW,4,179840,,,false,6
,IGCaKORBW,5,187174,,,false,6
,IGCaKORBW,6,177186,,,false,6
,IGCaKORBW,7,177396,,,false,6
,IGCaKORBW,8,176488,,,false,6
,IGCaKORBW,9,174183,,,false,6
,IGCcYWVKw,0,442791,,,false,7
,IGCcYWVKw,1,421210,,,false,7
,IGCcYWVKw,2,434550,,,false,7
,IGCcYWVKw,3,419953,,,false,7
,IGCcYWVKw,4,425890,,,false,7
,IGCcYWVKw,5,410315,,,false,7
,IGCcYWVKw,6,429451,,,false,7
,IGCcYWVKw,7,453616,,,false,7
,IGCcYWVKw,8,438530,,,false,7
,IGCcYWVKw,9,425260,,,false,7
,IGCgQmYHw,0,434061,,,false,7
,IGCgQmYHw,1,468213,,,false,7
,IGCgQmYHw,2,449425,,,false,7
,IGCgQmYHw,3,434200,,,false,7
,IGCgQmYHw,4,416042,,,false,7
,IGCgQmYHw,5,418836,,,false,7
,IGCgQmYHw,6,429451,,,false,7
,IGCgQmYHw,7,418067,,,false,7
,IGCgQmYHw,8,428264,,,false,7
,IGCgQmYHw,9,414435,,,false,7
,IGCiYkvmw,0,563755,,,false,9
,IGCiYkvmw,1,539800,,,false,9
,IGCiYkvmw,2,539520,,,false,9
,IGCiYkvmw,3,533094,,,false,9
,IGCiYkvmw,4,559215,,,false,9
,IGCiYkvmw,5,540149,,,false,9
,IGCiYkvmw,6,539590,,,false,9
,IGCiYkvmw,7,568225,,,false,9
,IGCiYkvmw,8,559076,,,false,9
,IGCiYkvmw,9,545736,,,false,9
,IGDKQkmKw,0,696662,,,false,9
,IGDKQkmKw,1,697430,,,false,9
,IGDKQkmKw,2,691982,,,false,9
,IGDKQkmKw,3,677176,,,false,9
,IGDKQkmKw,4,669075,,,false,9
,IGDKQkmKw,5,693170,,,false,9
,IGDKQkmKw,6,687443,,,false,9
,IGDKQkmKw,7,667818,,,false,9
,IGDKQkmKw,8,710351,,,false,9
,IGDKQkmKw,9,690865,,,false,9
,IGDPQ[umW,0,539590,,,false,9
,IGDPQ[umW,1,547622,,,false,9
,IGDPQ[umW,2,531070,,,false,9
,IGDPQ[umW,3,532816,,,false,9
,IGDPQ[umW,4,521781,,,false,9
,IGDPQ[umW,5,537146,,,false,9
,IGDPQ[umW,6,531070,,,false,9
,IGDPQ[umW,7,510537,,,false,9
,IGDPQ[umW,8,531977,,,false,9
,IGDPQ[umW,9,524714,,,false,9
,IGDQXkn~w,0,573742,,,false,9
,IGDQXkn~w,1,549857,,,false,9
,IGDQXkn~w,2,584777,,,false,9
,IGDQXkn~w,3,555443,,,false,9
,IGDQXkn~w,4,538682,,,false,9
,IGDQXkn~w,5,559495,,,false,9
,IGDQXkn~w,6,568085,,,false,9
,IGDQXkn~w,7,556352,,,false,9
,IGDQXkn~w,8,534421,,,false,9
,IGDQXkn~w,9,560612,,,false,9
,IGEY`TNLw,0,727880,,,false,9
,IGEY`TNLw,1,693100,,,false,9
,IGEY`TNLw,2,691354,,,false,9
,IGEY`TNLw,3,705602,,,false,9
,IGEY`TNLw,4,694986,,,false,9
,IGEY`TNLw,5,699246,,,false,9
,IGEY`TNLw,6,707977,,,false,9
,IGEY`TNLw,7,708675,,,false,9
,IGEY`TNLw,8,709583,,,false,9
,IGEY`TNLw,9,723830,,,false,9
,IG_GGsqPW,0,284112,,,false,7
,IG_GGsqPW,1,273287,,,false,7
,IG_GGsqPW,2,257643,,,false,7
,IG_GGsqPW,3,253801,,,false,7
,IG_GGsqPW,4,251916,,,false,7
,IG_GGsqPW,5,256246,,,false,7
,IG_GGsqPW,6,245280,,,false,7
,IG_GGsqPW,7,247027,,,false,7
,IG_GGsqPW,8,250449,,,false,7
,IG_GGsqPW,9,256246,,,false,7
,IHCHhXVqw,0,552371,,,false,9
,IHCHhXVqw,1,547203,,,false,9
,IHCHhXVqw,2,525342,,,false,9
,IHCHhXVqw,3,537215,,,false,9
,IHCHhXVqw,4,526250,,,false,9
,IHCHhXVqw,5,556632,,,false,9
,IHCHhXVqw,6,537495,,,false,9
,IHCHhXVqw,7,543850,,,false,9
,IHCHhXVqw,8,548669,,,false,9
,IHCHhXVqw,9,540499,,,false,9
,IHEGiKjqw,0,534282,,,false,9
,IHEGiKjqw,1,501108,,,false,9
,IHEGiKjqw,2,522549,,,false,9
,IHEGiKjqw,3,504180,,,false,9
,IHEGiKjqw,4,513818,,,false,9
,IHEGiKjqw,5,492308,,,false,9
,IHEGiKjqw,6,508022,,,false,9
,IHEGiKjqw,7,492658,,,false,9
,IHEGiKjqw,8,510955,,,false,9
,IHEGiKjqw,9,493565,,,false,9
,IHIRYw^uw,0,525972,,,false,9
,IHIRYw^uw,1,505438,,,false,9
,IHIRYw^uw,2,509978,,,false,9
,IHIRYw^uw,3,499362,,,false,9
,IHIRYw^uw,4,513330,,,false,9
,IHIRYw^uw,5,495870,,,false,9
,IHIRYw^uw,6,496219,,,false,9
,IHIRYw^uw,7,487070,,,false,9
,IHIRYw^uw,8,494752,,,false,9
,IHIRYw^uw,9,487978,,,false,9
,IKGOOLH`g,0,231941,,,false,6
,IKGOOLH`g,1,208685,,,false,6
,IKGOOLH`g,2,202050,,,false,6
,IKGOOLH`g,3,199326,,,false,6
,IKGOOLH`g,4,195624,,,false,6
,IKGOOLH`g,5,205332,,,false,6
,IKGOOLH`g,6,191573,,,false,6
,IKGOOLH`g,7,190945,,,false,6
,IKGOOLH`g,8,189897,,,false,6
,IKGOOLH`g,9,192062,,,false,6
,IKGQWyfUw,0,505648,,,false,9
,IKGQWyfUw,1,511165,,,false,9
,IKGQWyfUw,2,516612,,,false,9
,IKGQWyfUw,3,512632,,,false,9
,IKGQWyfUw,4,499502,,,false,9
,IKGQWyfUw,5,504320,,,false,9
,IKGQWyfUw,6,496080,,,false,9
,IKGQWyfUw,7,497755,,,false,9
,IKGQWyfUw,8,488536,,,false,9
,IKGQWyfUw,9,499571,,,false,9
,IKGxctNrg,0,513400,,,false,9
,IKGxctNrg,1,518568,,,false,9
,IKGxctNrg,2,496988,,,false,9
,IKGxctNrg,3,506975,,,false,9
,IKGxctNrg,4,496708,,,false,9
,IKGxctNrg,5,518009,,,false,9
,IKGxctNrg,6,506136,,,false,9
,IKGxctNrg,7,521083,,,false,9
,IKGxctNrg,8,504739,,,false,9
,IKGxctNrg,9,520872,,,false,9
,IOH?IeYFo,0,213923,,,false,6
,IOH?IeYFo,1,202119,,,false,6
,IOH?IeYFo,2,193249,,,false,6
,IOH?IeYFo,3,197999,,,false,6
,IOH?IeYFo,4,187103,,,false,6
,IOH?IeYFo,5,183681,,,false,6
,IOH?IeYFo,6,182844,,,false,6
,IOH?IeYFo,7,183193,,,false,6
,IOH?IeYFo,8,182983,,,false,6
,IOH?IeYFo,9,178583,,,false,6
,IOOWQKzLo,0,489933,,,false,7
,IOOWQKzLo,1,487629,,,false,7
,IOOWQKzLo,2,476524,,,false,7
,IOOWQKzLo,3,495172,,,false,7
,IOOWQKzLo,4,493356,,,false,7
,IOOWQKzLo,5,498733,,,false,7
,IOOWQKzLo,6,472543,,,false,7
,IOOWQKzLo,7,490353,,,false,7
,IOOWQKzLo,8,480435,,,false,7
,IOOWQKzLo,9,496149,,,false,7
,IOOoo\F[w,0,809106,,,false,9
,IOOoo\F[w,1,783824,,,false,9
,IOOoo\F[w,2,795277,,,false,9
,IOOoo\F[w,3,797721,,,false,9
,IOOoo\F[w,4,791436,,,false,9
,IOOoo\F[w,5,781099,,,false,9
,IOOoo\F[w,6,767201,,,false,9
,IOOoo\F[w,7,780610,,,false,9
,IOOoo\F[w,8,805823,,,false,9
,IOOoo\F[w,9,797582,,,false,9
,IOQ@I_ZFo,0,183751,,,false,6
,IOQ@I_ZFo,1,173275,,,false,6
,IOQ@I_ZFo,2,163986,,,false,6
,IOQ@I_ZFo,3,165103,,,false,6
,IOQ@I_ZFo,4,170342,,,false,6
,IOQ@I_ZFo,5,162170,,,false,6
,IOQ@I_ZFo,6,162799,,,false,6
,IOQ@I_ZFo,7,162310,,,false,6
,IOQ@I_ZFo,8,161192,,,false,6
,IOQ@I_ZFo,9,156932,,,false,6
,IP?Oq[{Rg,0,523876,,,false,7
,IP?Oq[{Rg,1,518079,,,false,7
,IP?Oq[{Rg,2,516752,,,false,7
,IP?Oq[{Rg,3,516193,,,false,7
,IP?Oq[{Rg,4,502923,,,false,7
,IP?Oq[{Rg,5,512352,,,false,7
,IP?Oq[{Rg,6,513330,,,false,7
,IP?Oq[{Rg,7,516752,,,false,7
,IP?Oq[{Rg,8,503902,,,false,7
,IP?Oq[{Rg,9,517171,,,false,7
,IQCpQ[Vbg,0,600421,,,false,9
,IQCpQ[Vbg,1,599165,,,false,9
,IQCpQ[Vbg,2,583939,,,false,9
,IQCpQ[Vbg,3,576257,,,false,9
,IQCpQ[Vbg,4,576327,,,false,9
,IQCpQ[Vbg,5,566618,,,false,9
,IQCpQ[Vbg,6,568574,,,false,9
,IQCpQ[Vbg,7,569762,,,false,9
,IQCpQ[Vbg,8,583241,,,false,9
,IQCpQ[Vbg,9,569831,,,false,9
,IQGYKOjDw,0,509069,,,false,7
,IQGYKOjDw,1,501527,,,false,7
,IQGYKOjDw,2,491749,,,false,7
,IQGYKOjDw,3,511863,,,false,7
,IQGYKOjDw,4,510885,,,false,7
,IQGYKOjDw,5,508022,,,false,7
,IQGYKOjDw,6,496080,,,false,7
,IQGYKOjDw,7,501946,,,false,7
,IQGYKOjDw,8,492099,,,false,7
,IQGYKOjDw,9,493425,,,false,7
,IQXto}\rw,0,484695,,,false,9
,IQXto}\rw,1,493705,,,false,9
,IQXto}\rw,2,476664,,,false,9
,IQXto}\rw,3,486651,,,false,9
,IQXto}\rw,4,469330,,,false,9
,IQXto}\rw,5,483019,,,false,9
,IQXto}\rw,6,470587,,,false,9
,IQXto}\rw,7,487488,,,false,9
,IQXto}\rw,8,478619,,,false,9
,IQXto}\rw,9,488677,,,false,9
,I_Cj?mJ[W,0,510187,,,false,9
,I_Cj?mJ[W,1,509419,,,false,9
,I_Cj?mJ[W,2,488536,,,false,9
,I_Cj?mJ[W,3,495731,,,false,9
,I_Cj?mJ[W,4,474149,,,false,9
,I_Cj?mJ[W,5,492796,,,false,9
,I_Cj?mJ[W,6,483228,,,false,9
,I_Cj?mJ[W,7,487558,,,false,9
,I_Cj?mJ[W,8,473172,,,false,9
,I_Cj?mJ[W,9,485743,,,false,9
,I_Cj?mJ\W,0,500061,,,false,9
,I_Cj?mJ\W,1,504321,,,false,9
,I_Cj?mJ\W,2,482810,,,false,9
,I_Cj?mJ\W,3,505368,,,false,9
,I_Cj?mJ\W,4,502295,,,false,9
,I_Cj?mJ\W,5,508232,,,false,9
,I_Cj?mJ\W,6,481832,,,false,9
,I_Cj?mJ\W,7,502854,,,false,9
,I_Cj?mJ\W,8,497477,,,false,9
,I_Cj?mJ\W,9,503273,,,false,9
,I_GZ?uF\W,0,492029,,,false,9
,I_GZ?uF\W,1,500060,,,false,9
,I_GZ?uF\W,2,491400,,,false,9
,I_GZ?uF\W,3,501038,,,false,9
,I_GZ?uF\W,4,481832,,,false,9
,I_GZ?uF\W,5,498035,,,false,9
,I_GZ?uF\W,6,485743,,,false,9
,I_GZ?uF\W,7,494822,,,false,9
,I_GZ?uF\W,8,476664,,,false,9
,I_GZ?uF\W,9,504739,,,false,9
,I_Hpc\^]o,0,879016,,,false,9
,I_Hpc\^]o,1,832223,,,false,9
,I_Hpc\^]o,2,870146,,,false,9
,I_Hpc\^]o,3,832432,,,false,9
,I_Hpc\^]o,4,828102,,,false,9
,I_Hpc\^]o,5,844445,,,false,9
,I_Hpc\^]o,6,831525,,,false,9
,I_Hpc\^]o,7,847797,,,false,9
,I_Hpc\^]o,8,814483,,,false,9
,I_Hpc\^]o,9,867213,,,false,9
,I_L?Xc\`w,0,446702,,,false,6
,I_L?Xc\`w,1,421210,,,false,6
,I_L?Xc\`w,2,418417,,,false,6
,I_L?Xc\`w,3,413178,,,false,6
,I_L?Xc\`w,4,415692,,,false,6
,I_L?Xc\`w,5,406892,,,false,6
,I_L?Xc\`w,6,399350,,,false,6
,I_L?Xc\`w,7,416949,,,false,6
,I_L?Xc\`w,8,396416,,,false,6
,I_L?Xc\`w,9,399838,,,false,6
,I_O_`_Nbo,0,94565,,,false,5
,I_O_`_Nbo,1,75218,,,false,5
,I_O_`_Nbo,2,70749,,,false,5
,I_O_`_Nbo,3,69282,,,false,5
,I_O_`_Nbo,4,69072,,,false,5
,I_O_`_Nbo,5,68234,,,false,5
,I_O_`_Nbo,6,68025,,,false,5
,I_O_`_Nbo,7,68513,,,false,5
,I_O_`_Nbo,8,68583,,,false,5
,I_O_`_Nbo,9,67746,,,false,5
,I_P`c[]MW,0,678294,,,false,7
,I_P`c[]MW,1,665723,,,false,7
,I_P`c[]MW,2,673894,,,false,7
,I_P`c[]MW,3,668097,,,false,7
,I_P`c[]MW,4,669634,,,false,7
,I_P`c[]MW,5,666980,,,false,7
,I_P`c[]MW,6,673684,,,false,7
,I_P`c[]MW,7,658110,,,false,7
,I_P`c[]MW,8,651265,,,false,7
,I_P`c[]MW,9,651964,,,false,7
,I`?OYClew,0,416601,,,false,7
,I`?OYClew,1,422817,,,false,7
,I`?OYClew,2,411293,,,false,7
,I`?OYClew,3,421070,,,false,7
,I`?OYClew,4,399070,,,false,7
,I`?OYClew,5,409616,,,false,7
,I`?OYClew,6,419324,,,false,7
,I`?OYClew,7,417019,,,false,7
,I`?OYClew,8,420372,,,false,7
,I`?OYClew,9,403261,,,false,7
,I`o|KtVYw,0,527298,,,false,9
,I`o|KtVYw,1,506206,,,false,9
,I`o|KtVYw,2,510047,,,false,9
,I`o|KtVYw,3,484625,,,false,9
,I`o|KtVYw,4,498175,,,false,9
,I`o|KtVYw,5,485184,,,false,9
,I`o|KtVYw,6,501876,,,false,9
,I`o|KtVYw,7,489305,,,false,9
,I`o|KtVYw,8,499571,,,false,9
,I`o|KtVYw,9,480854,,,false,9
,IqMu[|vZw,0,518428,,,false,9
,IqMu[|vZw,1,502156,,,false,9
,IqMu[|vZw,2,498594,,,false,9
,IqMu[|vZw,3,488746,,,false,9
,IqMu[|vZw,4,502993,,,false,9
,IqMu[|vZw,5,489165,,,false,9
,IqMu[|vZw,6,498384,,,false,9
,IqMu[|vZw,7,476943,,,false,9
,IqMu[|vZw,8,491540,,,false,9
,IqMu[|vZw,9,485254,,,false,9
,I???CtUJ_,0,70190,,,false,7
,I???CtUJ_,1,60971,,,false,7
,I???CtUJ_,2,66349,,,false,7
,I???CtUJ_,3,57759,,,false,7
,I???CtUJ_,4,56431,,,false,7
,I???CtUJ_,5,55942,,,false,7
,I???CtUJ_,6,56292,,,false,7
,I???CtUJ_,7,55802,,,false,7
,I???CtUJ_,8,56291,,,false,7
,I???CtUJ_,9,56082,,,false,7
,I?C?GWqoo,0,69561,,,false,5
,I?C?GWqoo,1,59713,,,false,5
,I?C?GWqoo,2,56152,,,false,5
,I?C?GWqoo,3,55104,,,false,5
,I?C?GWqoo,4,54266,,,false,5
,I?C?GWqoo,5,53847,,,false,5
,I?C?GWqoo,6,53498,,,false,5
,I?C?GWqoo,7,54546,,,false,5
,I?C?GWqoo,8,61530,,,false,5
,I?C?GWqoo,9,53917,,,false,5
,I???gWww?,0,27657,,,false,6
,I???gWww?,1,23327,,,false,6
,I???gWww?,2,21231,,,false,6
,I???gWww?,3,21301,,,false,6
,I???gWww?,4,21022,,,false,6
,I???gWww?,5,20882,,,false,6
,I???gWww?,6,20883,,,false,6
,I???gWww?,7,20603,,,false,6
,I???gWww?,8,21092,,,false,6
,I???gWww?,9,21022,,,false,6
,I}q@xw{Pw,0,486232,,,false,9
,I}q@xw{Pw,1,488466,,,false,9
,I}q@xw{Pw,2,475267,,,false,9
,I}q@xw{Pw,3,497755,,,false,9
,I}q@xw{Pw,4,484695,,,false,9
,I}q@xw{Pw,5,486441,,,false,9
,I}q@xw{Pw,6,476174,,,false,9
,I}q@xw{Pw,7,487069,,,false,9
,I}q@xw{Pw,8,473660,,,false,9
,I}q@xw{Pw,9,482041,,,false,9
,I?COeYiX_,0,524714,,,false,9
,I?COeYiX_,1,531279,,,false,9
,I?COeYiX_,2,515285,,,false,9
,I?COeYiX_,3,519057,,,false,9
,I?COeYiX_,4,505159,,,false,9
,I?COeYiX_,5,517241,,,false,9
,I?COeYiX_,6,517102,,,false,9
,I?COeYiX_,7,517660,,,false,9
,I?COeYiX_,8,525133,,,false,9
,I?COeYiX_,9,513330,,,false,9
,I`__a?H@g,0,32965,,,false,5
,I`__a?H@g,1,28076,,,false,5
,I`__a?H@g,2,26609,,,false,5
,I`__a?H@g,3,25702,,,false,5
,I`__a?H@g,4,25143,,,false,5
,I`__a?H@g,5,25073,,,false,5
,I`__a?H@g,6,25772,,,false,5
,I`__a?H@g,7,25282,,,false,5
,I`__a?H@g,8,25701,,,false,5
,I`__a?H@g,9,25283,,,false,5
,I?qkqsuXW,0,537495,,,false,9
,I?qkqsuXW,1,523527,,,false,9
,I?qkqsuXW,2,508092,,,false,9
,I?qkqsuXW,3,515984,,,false,9
,I?qkqsuXW,4,500339,,,false,9
,I?qkqsuXW,5,508092,,,false,9
,I?qkqsuXW,6,495730,,,false,9
,I?qkqsuXW,7,502854,,,false,9
,I?qkqsuXW,8,493286,,,false,9
,I?qkqsuXW,9,504949,,,false,9
,I??E@KZ~?,0,70260,,,false,7
,I??E@KZ~?,1,60622,,,false,7
,I??E@KZ~?,2,57479,,,false,7
,I??E@KZ~?,3,56501,,,false,7
,I??E@KZ~?,4,55733,,,false,7
,I??E@KZ~?,5,55873,,,false,7
,I??E@KZ~?,6,56222,,,false,7
,I??E@KZ~?,7,55594,,,false,7
,I??E@KZ~?,8,56222,,,false,7
,I??E@KZ~?,9,55803,,,false,7
,I??E@KZ~w,0,68304,,,false,7
,I??E@KZ~w,1,61321,,,false,7
,I??E@KZ~w,2,59085,,,false,7
,I??E@KZ~w,3,68653,,,false,7
,I??E@KZ~w,4,58317,,,false,7
,I??E@KZ~w,5,57339,,,false,7
,I??E@KZ~w,6,56711,,,false,7
,I??E@KZ~w,7,56152,,,false,7
,I??E@KZ~w,8,56711,,,false,7
,I??E@KZ~w,9,56850,,,false,7
,I_?__QF]?,0,41975,,,false,5
,I_?__QF]?,1,34920,,,false,5
,I_?__QF]?,2,33384,,,false,5
,I_?__QF]?,3,32406,,,false,5
,I_?__QF]?,4,32895,,,false,5
,I_?__QF]?,5,32686,,,false,5
,I_?__QF]?,6,32406,,,false,5
,I_?__QF]?,7,32895,,,false,5
,I_?__QF]?,8,32965,,,false,5
,I_?__QF]?,9,32895,,,false,5
,IcG@IGHCg,0,74171,,,false,6
,IcG@IGHCg,1,63904,,,false,6
,IcG@IGHCg,2,69980,,,false,6
,IcG@IGHCg,3,60133,,,false,6
,IcG@IGHCg,4,59504,,,false,6
,IcG@IGHCg,5,59365,,,false,6
,IcG@IGHCg,6,59645,,,false,6
,IcG@IGHCg,7,59155,,,false,6
,IcG@IGHCg,8,59085,,,false,6
,IcG@IGHCg,9,59365,,,false,6
,IukH@LFT_,0,487558,,,false,9
,IukH@LFT_,1,476943,,,false,9
,IukH@LFT_,2,471426,,,false,9
,IukH@LFT_,3,481832,,,false,9
,IukH@LFT_,4,477501,,,false,9
,IukH@LFT_,5,485673,,,false,9
,IukH@LFT_,6,477082,,,false,9
,IukH@LFT_,7,478829,,,false,9
,IukH@LFT_,8,469121,,,false,9
,IukH@LFT_,9,479946,,,false,9
,I}iAzg\Jg,0,488047,,,false,9
,I}iAzg\Jg,1,485533,,,false,9
,I}iAzg\Jg,2,465978,,,false,9
,I}iAzg\Jg,3,484276,,,false,9
,I}iAzg\Jg,4,471286,,,false,9
,I}iAzg\Jg,5,482321,,,false,9
,I}iAzg\Jg,6,464232,,,false,9
,I}iAzg\Jg,7,478550,,,false,9
,I}iAzg\Jg,8,468911,,,false,9
,I}iAzg\Jg,9,479178,,,false,9
,I??E@GW~?,0,12851,,,false,3
,I??E@GW~?,1,9988,,,false,3
,I??E@GW~?,2,9987,,,false,3
,I??E@GW~?,3,8939,,,false,3
,I??E@GW~?,4,9708,,,false,3
,I??E@GW~?,5,9009,,,false,3
,I??E@GW~?,6,9079,,,false,3
,I??E@GW~?,7,9499,,,false,3
,I??E@GW~?,8,9010,,,false,3
,I??E@GW~?,9,9219,,,false,3
,I?hOGQRWo,0,189338,,,false,5
,I?hOGQRWo,1,176558,,,false,5
,I?hOGQRWo,2,168875,,,false,5
,I?hOGQRWo,3,175091,,,false,5
,I?hOGQRWo,4,170412,,,false,5
,I?hOGQRWo,5,169294,,,false,5
,I?hOGQRWo,6,167408,,,false,5
,I?hOGQRWo,7,168177,,,false,5
,I?hOGQRWo,8,167687,,,false,5
,I?hOGQRWo,9,175230,,,false,5
,I~?GW]pRg,0,28076,,,false,6
,I~?GW]pRg,1,22768,,,false,6
,I~?GW]pRg,2,22349,,,false,6
,I~?GW]pRg,3,21511,,,false,6
,I~?GW]pRg,4,21441,,,false,6
,I~?GW]pRg,5,21232,,,false,6
,I~?GW]pRg,6,21441,,,false,6
,I~?GW]pRg,7,21092,,,false,6
,I~?GW]pRg,8,21511,,,false,6
,I~?GW]pRg,9,21442,,,false,6
,I_hPOkrrw,0,527648,,,false,9
,I_hPOkrrw,1,516612,,,false,9
,I_hPOkrrw,2,519615,,,false,9
,I_hPOkrrw,3,498524,,,false,9
,I_hPOkrrw,4,505647,,,false,9
,I_hPOkrrw,5,494683,,,false,9
,I_hPOkrrw,6,506695,,,false,9
,I_hPOkrrw,7,491959,,,false,9
,I_hPOkrrw,8,500060,,,false,9
,I_hPOkrrw,9,496149,,,false,9
,ICd@IgiFw,0,251007,,,false,7
,ICd@IgiFw,1,251147,,,false,7
,ICd@IgiFw,2,227681,,,false,7
,ICd@IgiFw,3,230963,,,false,7
,ICd@IgiFw,4,224678,,,false,7
,ICd@IgiFw,5,233827,,,false,7
,ICd@IgiFw,6,236202,,,false,7
,ICd@IgiFw,7,236132,,,false,7
,ICd@IgiFw,8,233408,,,false,7
,ICd@IgiFw,9,241929,,,false,7
,ITiZbTURW,0,497546,,,false,9
,ITiZbTURW,1,477082,,,false,9
,ITiZbTURW,2,480295,,,false,9
,ITiZbTURW,3,487908,,,false,9
,ITiZbTURW,4,467235,,,false,9
,ITiZbTURW,5,463673,,,false,9
,ITiZbTURW,6,504460,,,false,9
,ITiZbTURW,7,481413,,,false,9
,ITiZbTURW,8,490632,,,false,9
,ITiZbTURW,9,484974,,,false,9
,It?IQOeDO,0,520035,,,false,9
,It?IQOeDO,1,505229,,,false,9
,It?IQOeDO,2,480645,,,false,9
,It?IQOeDO,3,478479,,,false,9
,It?IQOeDO,4,480435,,,false,9
,It?IQOeDO,5,479457,,,false,9
,It?IQOeDO,6,488606,,,false,9
,It?IQOeDO,7,481692,,,false,9
,It?IQOeDO,8,484975,,,false,9
,It?IQOeDO,9,474778,,,false,9
,It?GYDKKO,0,26120,,,false,6
,It?GYDKKO,1,30730,,,false,6
,It?GYDKKO,2,22139,,,false,6
,It?GYDKKO,3,21022,,,false,6
,It?GYDKKO,4,21022,,,false,6
,It?GYDKKO,5,20952,,,false,6
,It?GYDKKO,6,20813,,,false,6
,It?GYDKKO,7,21092,,,false,6
,It?GYDKKO,8,21511,,,false,6
,It?GYDKKO,9,21092,,,false,6
,Is@@WoXX?,0,32196,,,false,6
,Is@@WoXX?,1,27378,,,false,6
,Is@@WoXX?,2,26191,,,false,6
,Is@@WoXX?,3,25213,,,false,6
,Is@@WoXX?,4,25282,,,false,6
,Is@@WoXX?,5,25771,,,false,6
,Is@@WoXX?,6,25283,,,false,6
,Is@@WoXX?,7,25352,,,false,6
,Is@@WoXX?,8,25422,,,false,6
,Is@@WoXX?,9,25142,,,false,6
,It?IQScDG,0,25212,,,false,6
,It?IQScDG,1,22000,,,false,6
,It?IQScDG,2,21022,,,false,6
,It?IQScDG,3,21022,,,false,6
,It?IQScDG,4,20952,,,false,6
,It?IQScDG,5,21371,,,false,6
,It?IQScDG,6,20952,,,false,6
,It?IQScDG,7,21092,,,false,6
,It?IQScDG,8,21022,,,false,6
,It?IQScDG,9,21232,,,false,6
,Is?GYWq[?,0,25841,,,false,5
,Is?GYWq[?,1,22419,,,false,5
,Is?GYWq[?,2,22000,,,false,5
,Is?GYWq[?,3,21860,,,false,5
,Is?GYWq[?,4,21441,,,false,5
,Is?GYWq[?,5,21441,,,false,5
,Is?GYWq[?,6,30520,,,false,5
,Is?GYWq[?,7,22069,,,false,5
,Is?GYWq[?,8,21790,,,false,5
,Is?GYWq[?,9,21651,,,false,5
,Is?HOlK[?,0,473381,,,false,9
,Is?HOlK[?,1,476943,,,false,9
,Is?HOlK[?,2,483298,,,false,9
,Is?HOlK[?,3,488886,,,false,9
,Is?HOlK[?,4,462276,,,false,9
,Is?HOlK[?,5,471496,,,false,9
,Is?HOlK[?,6,475406,,,false,9
,Is?HOlK[?,7,482460,,,false,9
,Is?HOlK[?,8,475546,,,false,9
,Is?HOlK[?,9,471984,,,false,9
,Is?OyOhX?,0,508581,,,false,9
,Is?OyOhX?,1,489584,,,false,9
,Is?OyOhX?,2,480924,,,false,9
,Is?OyOhX?,3,477083,,,false,9
,Is?OyOhX?,4,488816,,,false,9
,Is?OyOhX?,5,480225,,,false,9
,Is?OyOhX?,6,492168,,,false,9
,Is?OyOhX?,7,476035,,,false,9
,Is?OyOhX?,8,493216,,,false,9
,Is?OyOhX?,9,482320,,,false,9
,It?IIOiDO,0,491539,,,false,9
,It?IIOiDO,1,469819,,,false,9
,It?IIOiDO,2,479946,,,false,9
,It?IIOiDO,3,473800,,,false,9
,It?IIOiDO,4,489445,,,false,9
,It?IIOiDO,5,477572,,,false,9
,It?IIOiDO,6,488956,,,false,9
,It?IIOiDO,7,479527,,,false,9
,It?IIOiDO,8,491469,,,false,9
,It?IIOiDO,9,483717,,,false,9
,It?GW\_SG,0,24025,,,false,5
,It?GW\_SG,1,20464,,,false,5
,It?GW\_SG,2,19626,,,false,5
,It?GW\_SG,3,19555,,,false,5
,It?GW\_SG,4,18996,,,false,5
,It?GW\_SG,5,28145,,,false,5
,It?GW\_SG,6,19555,,,false,5
,It?GW\_SG,7,19206,,,false,5
,It?GW\_SG,8,19626,,,false,5
,It?GW\_SG,9,19346,,,false,5
,Is?GW\o[?,0,20603,,,false,5
,Is?GW\o[?,1,20463,,,false,5
,Is?GW\o[?,2,18997,,,false,5
,Is?GW\o[?,3,18648,,,false,5
,Is?GW\o[?,4,18648,,,false,5
,Is?GW\o[?,5,18927,,,false,5
,Is?GW\o[?,6,18648,,,false,5
,Is?GW\o[?,7,19136,,,false,5
,Is?GW\o[?,8,18927,,,false,5
,Is?GW\o[?,9,18997,,,false,5
,I?GQSHzlw,0,244163,,,false,5
,I?GQSHzlw,1,228449,,,false,5
,I?GQSHzlw,2,231383,,,false,5
,I?GQSHzlw,3,220907,,,false,5
,I?GQSHzlw,4,217624,,,false,5
,I?GQSHzlw,5,218043,,,false,5
,I?GQSHzlw,6,216227,,,false,5
,I?GQSHzlw,7,228380,,,false,5
,I?GQSHzlw,8,220208,,,false,5
,I?GQSHzlw,9,219579,,,false,5
,I?D@K`nfw,0,228030,,,false,5
,I?D@K`nfw,1,226633,,,false,5
,I?D@K`nfw,2,210919,,,false,5
,I?D@K`nfw,3,209383,,,false,5
,I?D@K`nfw,4,206519,,,false,5
,I?D@K`nfw,5,213433,,,false,5
,I?D@K`nfw,6,205611,,,false,5
,I?D@K`nfw,7,204703,,,false,5
,I?D@K`nfw,8,205123,,,false,5
,I?D@K`nfw,9,204145,,,false,5
,ISPDthnVo,0,511863,,,false,9
,ISPDthnVo,1,484555,,,false,9
,ISPDthnVo,2,490912,,,false,9
,ISPDthnVo,3,481902,,,false,9
,ISPDthnVo,4,498594,,,false,9
,ISPDthnVo,5,487559,,,false,9
,ISPDthnVo,6,500619,,,false,9
,ISPDthnVo,7,487209,,,false,9
,ISPDthnVo,8,502295,,,false,9
,ISPDthnVo,9,489165,,,false,9
,I?_Y@E^Zw,0,227750,,,false,5
,I?_Y@E^Zw,1,200583,,,false,5
,I?_Y@E^Zw,2,197021,,,false,5
,I?_Y@E^Zw,3,192272,,,false,5
,I?_Y@E^Zw,4,190247,,,false,5
,I?_Y@E^Zw,5,197370,,,false,5
,I?_Y@E^Zw,6,191294,,,false,5
,I?_Y@E^Zw,7,189408,,,false,5
,I?_Y@E^Zw,8,190106,,,false,5
,I?_Y@E^Zw,9,189129,,,false,5
,I??HOj?{?,0,41625,,,false,5
,I??HOj?{?,1,35759,,,false,5
,I??HOj?{?,2,33384,,,false,5
,I??HOj?{?,3,32406,,,false,5
,I??HOj?{?,4,32406,,,false,5
,I??HOj?{?,5,31499,,,false,5
,I??HOj?{?,6,31498,,,false,5
,I??HOj?{?,7,31498,,,false,5
,I??HOj?{?,8,31707,,,false,5
,I??HOj?{?,9,31009,,,false,5
,IQQ???fEo,0,21022,,,false,3
,IQQ???fEo,1,18089,,,false,3
,IQQ???fEo,2,17041,,,false,3
,IQQ???fEo,3,17250,,,false,3
,IQQ???fEo,4,17111,,,false,3
,IQQ???fEo,5,17041,,,false,3
,IQQ???fEo,6,17321,,,false,3
,IQQ???fEo,7,16412,,,false,3
,IQQ???fEo,8,17111,,,false,3
,IQQ???fEo,9,17670,,,false,3
,I@`CA?XH_,0,124945,,,false,6
,I@`CA?XH_,1,119288,,,false,6
,I@`CA?XH_,2,115447,,,false,6
,I@`CA?XH_,3,118031,,,false,6
,I@`CA?XH_,4,112443,,,false,6
,I@`CA?XH_,5,112024,,,false,6
,I@`CA?XH_,6,111885,,,false,6
,I@`CA?XH_,7,111955,,,false,6
,I@`CA?XH_,8,112234,,,false,6
,I@`CA?XH_,9,112094,,,false,6
,IqGOO?B@W,0,22698,,,false,7
,IqGOO?B@W,1,18996,,,false,7
,IqGOO?B@W,2,18508,,,false,7
,IqGOO?B@W,3,18997,,,false,7
,IqGOO?B@W,4,18648,,,false,7
,IqGOO?B@W,5,19136,,,false,7
,IqGOO?B@W,6,18438,,,false,7
,IqGOO?B@W,7,18648,,,false,7
,IqGOO?B@W,8,27168,,,false,7
,IqGOO?B@W,9,19625,,,false,7
,IqGO?CDAg,0,21231,,,false,7
,IqGO?CDAg,1,19346,,,false,7
,IqGO?CDAg,2,18648,,,false,7
,IqGO?CDAg,3,18438,,,false,7
,IqGO?CDAg,4,18578,,,false,7
,IqGO?CDAg,5,18648,,,false,7
,IqGO?CDAg,6,18508,,,false,7
,IqGO?CDAg,7,18508,,,false,7
,IqGO?CDAg,8,18648,,,false,7
,IqGO?CDAg,9,18648,,,false,7
,IoCQ@?EAW,0,43511,,,false,7
,IoCQ@?EAW,1,37714,,,false,7
,IoCQ@?EAW,2,36178,,,false,7
,IoCQ@?EAW,3,35340,,,false,7
,IoCQ@?EAW,4,35759,,,false,7
,IoCQ@?EAW,5,35759,,,false,7
,IoCQ@?EAW,6,35828,,,false,7
,IoCQ@?EAW,7,35549,,,false,7
,IoCQ@?EAW,8,35619,,,false,7
,IoCQ@?EAW,9,35759,,,false,7
,IK_PA?H@g,0,195624,,,false,7
,IK_PA?H@g,1,193389,,,false,7
,IK_PA?H@g,2,185218,,,false,7
,IK_PA?H@g,3,182843,,,false,7
,IK_PA?H@g,4,180958,,,false,7
,IK_PA?H@g,5,180539,,,false,7
,IK_PA?H@g,6,188430,,,false,7
,IK_PA?H@g,7,177535,,,false,7
,IK_PA?H@g,8,175580,,,false,7
,IK_PA?H@g,9,175929,,,false,7
,IqGO??FAo,0,22000,,,false,7
,IqGO??FAo,1,19136,,,false,7
,IqGO??FAo,2,18927,,,false,7
,IqGO??FAo,3,19066,,,false,7
,IqGO??FAo,4,18577,,,false,7
,IqGO??FAo,5,18787,,,false,7
,IqGO??FAo,6,18718,,,false,7
,IqGO??FAo,7,18648,,,false,7
,IqGO??FAo,8,18438,,,false,7
,IqGO??FAo,9,18159,,,false,7
,IWEA??LCo,0,37155,,,false,7
,IWEA??LCo,1,31987,,,false,7
,IWEA??LCo,2,38971,,,false,7
,IWEA??LCo,3,30800,,,false,7
,IWEA??LCo,4,30591,,,false,7
,IWEA??LCo,5,30521,,,false,7
,IWEA??LCo,6,30520,,,false,7
,IWEA??LCo,7,31009,,,false,7
,IWEA??LCo,8,31498,,,false,7
,IWEA??LCo,9,31010,,,false,7
,IK`@??LCo,0,199675,,,false,6
,IK`@??LCo,1,189408,,,false,6
,IK`@??LCo,2,185218,,,false,6
,IK`@??LCo,3,191573,,,false,6
,IK`@??LCo,4,181935,,,false,6
,IK`@??LCo,5,180958,,,false,6
,IK`@??LCo,6,181098,,,false,6
,IK`@??LCo,7,179980,,,false,6
,IK`@??LCo,8,180748,,,false,6
,IK`@??LCo,9,187103,,,false,6
,I_GSA?MKO,0,124875,,,false,7
,I_GSA?MKO,1,117123,,,false,7
,I_GSA?MKO,2,110069,,,false,7
,I_GSA?MKO,3,108602,,,false,7
,I_GSA?MKO,4,111327,,,false,7
,I_GSA?MKO,5,110209,,,false,7
,I_GSA?MKO,6,114679,,,false,7
,I_GSA?MKO,7,110558,,,false,7
,I_GSA?MKO,8,108463,,,false,7
,I_GSA?MKO,9,108602,,,false,7
,Iq?HWzz|o,0,514238,,,false,9
,Iq?HWzz|o,1,512352,,,false,9
,Iq?HWzz|o,2,503203,,,false,9
,Iq?HWzz|o,3,511863,,,false,9
,Iq?HWzz|o,4,496498,,,false,9
,Iq?HWzz|o,5,509488,,,false,9
,Iq?HWzz|o,6,505089,,,false,9
,Iq?HWzz|o,7,509419,,,false,9
,Iq?HWzz|o,8,504879,,,false,9
,Iq?HWzz|o,9,507533,,,false,9
,I`_giVBN?,0,94425,,,false,5
,I`_giVBN?,1,84158,,,false,5
,I`_giVBN?,2,80666,,,false,5
,I`_giVBN?,3,79619,,,false,5
,I`_giVBN?,4,79409,,,false,5
,I`_giVBN?,5,87092,,,false,5
,I`_giVBN?,6,78641,,,false,5
,I`_giVBN?,7,78012,,,false,5
,I`_giVBN?,8,77523,,,false,5
,I`_giVBN?,9,77244,,,false,5
,I???F~}~_,0,513330,,,false,9
,I???F~}~_,1,523946,,,false,9
,I???F~}~_,2,525203,,,false,9
,I???F~}~_,3,509558,,,false,9
,I???F~}~_,4,524714,,,false,9
,I???F~}~_,5,506625,,,false,9
,I???F~}~_,6,510467,,,false,9
,I???F~}~_,7,500060,,,false,9
,I???F~}~_,8,506486,,,false,9
,I???F~}~_,9,498663,,,false,9
,I??F~z{~?,0,549997,,,false,9
,I??F~z{~?,1,538123,,,false,9
,I??F~z{~?,2,549577,,,false,9
,I??F~z{~?,3,529533,,,false,9
,I??F~z{~?,4,546225,,,false,9
,I??F~z{~?,5,531838,,,false,9
,I??F~z{~?,6,549647,,,false,9
,I??F~z{~?,7,555374,,,false,9
,I??F~z{~?,8,539381,,,false,9
,I??F~z{~?,9,545806,,,false,9
,I|v^BKzFw,0,511863,,,false,9
,I|v^BKzFw,1,516264,,,false,9
,I|v^BKzFw,2,499641,,,false,9
,I|v^BKzFw,3,507603,,,false,9
,I|v^BKzFw,4,489654,,,false,9
,I|v^BKzFw,5,503273,,,false,9
,I|v^BKzFw,6,483019,,,false,9
,I|v^BKzFw,7,489864,,,false,9
,I|v^BKzFw,8,481902,,,false,9
,I|v^BKzFw,9,490841,,,false,9
,I`?KQKSIG,0,95821,,,false,6
,I`?KQKSIG,1,83250,,,false,6
,I`?KQKSIG,2,78990,,,false,6
,I`?KQKSIG,3,77383,,,false,6
,I`?KQKSIG,4,76825,,,false,6
,I`?KQKSIG,5,76406,,,false,6
,I`?KQKSIG,6,76267,,,false,6
,I`?KQKSIG,7,76196,,,false,6
,I`?KQKSIG,8,76056,,,false,6
,I`?KQKSIG,9,83949,,,false,6
,I_Kpc\M{?,0,463184,,,false,9
,I_Kpc\M{?,1,467514,,,false,9
,I_Kpc\M{?,2,446143,,,false,9
,I_Kpc\M{?,3,438880,,,false,9
,I_Kpc\M{?,4,447959,,,false,9
,I_Kpc\M{?,5,441254,,,false,9
,I_Kpc\M{?,6,454244,,,false,9
,I_Kpc\M{?,7,442791,,,false,9
,I_Kpc\M{?,8,455083,,,false,9
,I_Kpc\M{?,9,448448,,,false,9
,I@_XIpbBw,0,557051,,,false,7
,I@_XIpbBw,1,506695,,,false,7
,I@_XIpbBw,2,510745,,,false,7
,I@_XIpbBw,3,523736,,,false,7
,I@_XIpbBw,4,533514,,,false,7
,I@_XIpbBw,5,520664,,,false,7
,I@_XIpbBw,6,560473,,,false,7
,I@_XIpbBw,7,594275,,,false,7
,I@_XIpbBw,8,557050,,,false,7
,I@_XIpbBw,9,555863,,,false,7
,ICOH@`E`o,0,108672,,,false,5
,ICOH@`E`o,1,90583,,,false,5
,ICOH@`E`o,2,84577,,,false,5
,ICOH@`E`o,3,82971,,,false,5
,ICOH@`E`o,4,82412,,,false,5
,ICOH@`E`o,5,82272,,,false,5
,ICOH@`E`o,6,80596,,,false,5
,ICOH@`E`o,7,80527,,,false,5
,ICOH@`E`o,8,91631,,,false,5
,ICOH@`E`o,9,82133,,,false,5
,I`r@pi^Zo,0,564593,,,false,9
,I`r@pi^Zo,1,552860,,,false,9
,I`r@pi^Zo,2,493705,,,false,9
,I`r@pi^Zo,3,512352,,,false,9
,I`r@pi^Zo,4,584567,,,false,9
,I`r@pi^Zo,5,562987,,,false,9
,I`r@pi^Zo,6,498733,,,false,9
,I`r@pi^Zo,7,510257,,,false,9
,I`r@pi^Zo,8,514099,,,false,9
,I`r@pi^Zo,9,510955,,,false,9
,I`IQUK~~_,0,529044,,,false,9
,I`IQUK~~_,1,502994,,,false,9
,I`IQUK~~_,2,494683,,,false,9
,I`IQUK~~_,3,496987,,,false,9
,I`IQUK~~_,4,514238,,,false,9
,I`IQUK~~_,5,497895,,,false,9
,I`IQUK~~_,6,497476,,,false,9
,I`IQUK~~_,7,488118,,,false,9
,I`IQUK~~_,8,497476,,,false,9
,I`IQUK~~_,9,499502,,,false,9
,IQhPW~euW,0,510956,,,false,9
,IQhPW~euW,1,478549,,,false,9
,IQhPW~euW,2,475895,,,false,9
,IQhPW~euW,3,493984,,,false,9
,IQhPW~euW,4,509977,,,false,9
,IQhPW~euW,5,501876,,,false,9
,IQhPW~euW,6,509978,,,false,9
,IQhPW~euW,7,501387,,,false,9
,IQhPW~euW,8,508581,,,false,9
,IQhPW~euW,9,493914,,,false,9
,IEhcqkn~?,0,527508,,,false,9
,IEhcqkn~?,1,514308,,,false,9
,IEhcqkn~?,2,519895,,,false,9
,IEhcqkn~?,3,508511,,,false,9
,IEhcqkn~?,4,515006,,,false,9
,IEhcqkn~?,5,505228,,,false,9
,IEhcqkn~?,6,514308,,,false,9
,IEhcqkn~?,7,506066,,,false,9
,IEhcqkn~?,8,513260,,,false,9
,IEhcqkn~?,9,497057,,,false,9
,I_hPpnlv_,0,532327,,,false,9
,I_hPpnlv_,1,515216,,,false,9
,I_hPpnlv_,2,519965,,,false,9
,I_hPpnlv_,3,520663,,,false,9
,I_hPpnlv_,4,517870,,,false,9
,I_hPpnlv_,5,527787,,,false,9
,I_hPpnlv_,6,518987,,,false,9
,I_hPpnlv_,7,526321,,,false,9
,I_hPpnlv_,8,514727,,,false,9
,I_hPpnlv_,9,521082,,,false,9
,I`BHva^Zo,0,551393,,,false,9
,I`BHva^Zo,1,552440,,,false,9
,I`BHva^Zo,2,524714,,,false,9
,I`BHva^Zo,3,541476,,,false,9
,I`BHva^Zo,4,545317,,,false,9
,I`BHva^Zo,5,540847,,,false,9
,I`BHva^Zo,6,535679,,,false,9
,I`BHva^Zo,7,541686,,,false,9
,I`BHva^Zo,8,550625,,,false,9
,I`BHva^Zo,9,526600,,,false,9
,IQ??GVILW,0,26679,,,false,5
,IQ??GVILW,1,22000,,,false,5
,IQ??GVILW,2,21092,,,false,5
,IQ??GVILW,3,19695,,,false,5
,IQ??GVILW,4,20324,,,false,5
,IQ??GVILW,5,20882,,,false,5
,IQ??GVILW,6,20463,,,false,5
,IQ??GVILW,7,20394,,,false,5
,IQ??GVILW,8,19486,,,false,5
,IQ??GVILW,9,19626,,,false,5
,I??GhUiTW,0,182844,,,false,7
,I??GhUiTW,1,173624,,,false,7
,I??GhUiTW,2,168805,,,false,7
,I??GhUiTW,3,165663,,,false,7
,I??GhUiTW,4,162590,,,false,7
,I??GhUiTW,5,171110,,,false,7
,I??GhUiTW,6,160634,,,false,7
,I??GhUiTW,7,157141,,,false,7
,I??GhUiTW,8,155116,,,false,7
,I??GhUiTW,9,156862,,,false,7
,I~zLa[vFw,0,540149,,,false,9
,I~zLa[vFw,1,530022,,,false,9
,I~zLa[vFw,2,534421,,,false,9
,I~zLa[vFw,3,518079,,,false,9
,I~zLa[vFw,4,526949,,,false,9
,I~zLa[vFw,5,519894,,,false,9
,I~zLa[vFw,6,527299,,,false,9
,I~zLa[vFw,7,528695,,,false,9
,I~zLa[vFw,8,518079,,,false,9
,I~zLa[vFw,9,525342,,,false,9
,IK?CQKSIG,0,213294,,,false,7
,IK?CQKSIG,1,193179,,,false,7
,IK?CQKSIG,2,187033,,,false,7
,IK?CQKSIG,3,182703,,,false,7
,IK?CQKSIG,4,187732,,,false,7
,IK?CQKSIG,5,178164,,,false,7
,IK?CQKSIG,6,181376,,,false,7
,IK?CQKSIG,7,180608,,,false,7
,IK?CQKSIG,8,181097,,,false,7
,IK?CQKSIG,9,187942,,,false,7
,IS`AA?~No,0,137517,,,false,5
,IS`AA?~No,1,129136,,,false,5
,IS`AA?~No,2,126622,,,false,5
,IS`AA?~No,3,125853,,,false,5
,IS`AA?~No,4,125503,,,false,5
,IS`AA?~No,5,125434,,,false,5
,IS`AA?~No,6,124596,,,false,5
,IS`AA?~No,7,133046,,,false,5
,IS`AA?~No,8,124527,,,false,5
,IS`AA?~No,9,123478,,,false,5
,Io?WrAF]G,0,61041,,,false,5
,Io?WrAF]G,1,53708,,,false,5
,Io?WrAF]G,2,51124,,,false,5
,Io?WrAF]G,3,50076,,,false,5
,Io?WrAF]G,4,51403,,,false,5
,Io?WrAF]G,5,49657,,,false,5
,Io?WrAF]G,6,50215,,,false,5
,Io?WrAF]G,7,49936,,,false,5
,Io?WrAF]G,8,50076,,,false,5
,Io?WrAF]G,9,49727,,,false,5
,Is@ipr~~o,0,527018,,,false,9
,Is@ipr~~o,1,524923,,,false,9
,Is@ipr~~o,2,504739,,,false,9
,Is@ipr~~o,3,498873,,,false,9
,Is@ipr~~o,4,509908,,,false,9
,Is@ipr~~o,5,526530,,,false,9
,Is@ipr~~o,6,501387,,,false,9
,Is@ipr~~o,7,494822,,,false,9
,Is@ipr~~o,8,506765,,,false,9
,Is@ipr~~o,9,524434,,,false,9
,IoDPV~~~w,0,551113,,,false,9
,IoDPV~~~w,1,538333,,,false,9
,IoDPV~~~w,2,542383,,,false,9
,IoDPV~~~w,3,547552,,,false,9
,IoDPV~~~w,4,524784,,,false,9
,IoDPV~~~w,5,547063,,,false,9
,IoDPV~~~w,6,570390,,,false,9
,IoDPV~~~w,7,553838,,,false,9
,IoDPV~~~w,8,551393,,,false,9
,IoDPV~~~w,9,563964,,,false,9
,IwCx}zY~w,0,586593,,,false,9
,IwCx}zY~w,1,542663,,,false,9
,IwCx}zY~w,2,556073,,,false,9
,IwCx}zY~w,3,574790,,,false,9
,IwCx}zY~w,4,541266,,,false,9
,IwCx}zY~w,5,521571,,,false,9
,IwCx}zY~w,6,528834,,,false,9
,IwCx}zY~w,7,541476,,,false,9
,IwCx}zY~w,8,519825,,,false,9
,IwCx}zY~w,9,521991,,,false,9
,IyGW}mn~w,0,549926,,,false,9
,IyGW}mn~w,1,547622,,,false,9
,IyGW}mn~w,2,518847,,,false,9
,IyGW}mn~w,3,533793,,,false,9
,IyGW}mn~w,4,543362,,,false,9
,IyGW}mn~w,5,529533,,,false,9
,IyGW}mn~w,6,522479,,,false,9
,IyGW}mn~w,7,526669,,,false,9
,IyGW}mn~w,8,543362,,,false,9
,IyGW}mn~w,9,520873,,,false,9
,IXNUS|^~w,0,513749,,,false,9
,IXNUS|^~w,1,520104,,,false,9
,IXNUS|^~w,2,528066,,,false,9
,IXNUS|^~w,3,495172,,,false,9
,IXNUS|^~w,4,499641,,,false,9
,IXNUS|^~w,5,514028,,,false,9
,IXNUS|^~w,6,522898,,,false,9
,IXNUS|^~w,7,490981,,,false,9
,IXNUS|^~w,8,502016,,,false,9
,IXNUS|^~w,9,515285,,,false,9
,IqddY{~~w,0,536168,,,false,9
,IqddY{~~w,1,501526,,,false,9
,IqddY{~~w,2,512142,,,false,9
,IqddY{~~w,3,523806,,,false,9
,IqddY{~~w,4,508651,,,false,9
,IqddY{~~w,5,510397,,,false,9
,IqddY{~~w,6,506625,,,false,9
,IqddY{~~w,7,518707,,,false,9
,IqddY{~~w,8,510955,,,false,9
,IqddY{~~w,9,519057,,,false,9
,I{O_w~~~w,0,542454,,,false,9
,I{O_w~~~w,1,533793,,,false,9
,I{O_w~~~w,2,535329,,,false,9
,I{O_w~~~w,3,545945,,,false,9
,I{O_w~~~w,4,520733,,,false,9
,I{O_w~~~w,5,529743,,,false,9
,I{O_w~~~w,6,532327,,,false,9
,I{O_w~~~w,7,542454,,,false,9
,I{O_w~~~w,8,536098,,,false,9
,I{O_w~~~w,9,527717,,,false,9
,IoFvQ{~~w,0,530580,,,false,9
,IoFvQ{~~w,1,511933,,,false,9
,IoFvQ{~~w,2,516124,,,false,9
,IoFvQ{~~w,3,507882,,,false,9
,IoFvQ{~~w,4,521082,,,false,9
,IoFvQ{~~w,5,513330,,,false,9
,IoFvQ{~~w,6,521432,,,false,9
,IoFvQ{~~w,7,502295,,,false,9
,IoFvQ{~~w,8,509559,,,false,9
,IoFvQ{~~w,9,518917,,,false,9
,IWNVS|^~w,0,543851,,,false,9
,IWNVS|^~w,1,503273,,,false,9
,IWNVS|^~w,2,509489,,,false,9
,IWNVS|^~w,3,519825,,,false,9
,IWNVS|^~w,4,528137,,,false,9
,IWNVS|^~w,5,504879,,,false,9
,IWNVS|^~w,6,509558,,,false,9
,IWNVS|^~w,7,524434,,,false,9
,IWNVS|^~w,8,511864,,,false,9
,IWNVS|^~w,9,513819,,,false,9
,IxGW}nN~w,0,529952,,,false,9
,IxGW}nN~w,1,537006,,,false,9
,IxGW}nN~w,2,523317,,,false,9
,IxGW}nN~w,3,528975,,,false,9
,IxGW}nN~w,4,517520,,,false,9
,IxGW}nN~w,5,523317,,,false,9
,IxGW}nN~w,6,526669,,,false,9
,IxGW}nN~w,7,537844,,,false,9
,IxGW}nN~w,8,505158,,,false,9
,IxGW}nN~w,9,513120,,,false,9
,I{N?w|n~w,0,538543,,,false,9
,I{N?w|n~w,1,539450,,,false,9
,I{N?w|n~w,2,531837,,,false,9
,I{N?w|n~w,3,520523,,,false,9
,I{N?w|n~w,4,530092,,,false,9
,I{N?w|n~w,5,518917,,,false,9
,I{N?w|n~w,6,526320,,,false,9
,I{N?w|n~w,7,521431,,,false,9
,I{N?w|n~w,8,535329,,,false,9
,I{N?w|n~w,9,518778,,,false,9
,IqJTY{~~w,0,532815,,,false,9
,IqJTY{~~w,1,507603,,,false,9
,IqJTY{~~w,2,514308,,,false,9
,IqJTY{~~w,3,521362,,,false,9
,IqJTY{~~w,4,530092,,,false,9
,IqJTY{~~w,5,502714,,,false,9
,IqJTY{~~w,6,516123,,,false,9
,IqJTY{~~w,7,533933,,,false,9
,IqJTY{~~w,8,522409,,,false,9
,IqJTY{~~w,9,526180,,,false,9
,IANLfN~~w,0,555723,,,false,9
,IANLfN~~w,1,578421,,,false,9
,IANLfN~~w,2,541965,,,false,9
,IANLfN~~w,3,536727,,,false,9
,IANLfN~~w,4,549019,,,false,9
,IANLfN~~w,5,559216,,,false,9
,IANLfN~~w,6,503413,,,false,9
,IANLfN~~w,7,512911,,,false,9
,IANLfN~~w,8,537704,,,false,9
,IANLfN~~w,9,522828,,,false,9
,IsOax~~~w,0,533724,,,false,9
,IsOax~~~w,1,526111,,,false,9
,IsOax~~~w,2,545248,,,false,9
,IsOax~~~w,3,521082,,,false,9
,IsOax~~~w,4,519406,,,false,9
,IsOax~~~w,5,527996,,,false,9
,IsOax~~~w,6,539171,,,false,9
,IsOax~~~w,7,514657,,,false,9
,IsOax~~~w,8,519616,,,false,9
,IsOax~~~w,9,528905,,,false,9
,Ik`rX}^~w,0,535540,,,false,9
,Ik`rX}^~w,1,511165,,,false,9
,Ik`rX}^~w,2,504810,,,false,9
,Ik`rX}^~w,3,525971,,,false,9
,Ik`rX}^~w,4,512841,,,false,9
,Ik`rX}^~w,5,513680,,,false,9
,Ik`rX}^~w,6,509907,,,false,9
,Ik`rX}^~w,7,524156,,,false,9
,Ik`rX}^~w,8,509489,,,false,9
,Ik`rX}^~w,9,518149,,,false,9
,Is`rY{~~w,0,520034,,,false,9
,Is`rY{~~w,1,518428,,,false,9
,Is`rY{~~w,2,519616,,,false,9
,Is`rY{~~w,3,532746,,,false,9
,Is`rY{~~w,4,507044,,,false,9
,Is`rY{~~w,5,509279,,,false,9
,Is`rY{~~w,6,523736,,,false,9
,Is`rY{~~w,7,534282,,,false,9
,Is`rY{~~w,8,502365,,,false,9
,Is`rY{~~w,9,511444,,,false,9
,IqGTY~~~w,0,542314,,,false,9
,IqGTY~~~w,1,524784,,,false,9
,IqGTY~~~w,2,525552,,,false,9
,IqGTY~~~w,3,516054,,,false,9
,IqGTY~~~w,4,522689,,,false,9
,IqGTY~~~w,5,513959,,,false,9
,IqGTY~~~w,6,523666,,,false,9
,IqGTY~~~w,7,518429,,,false,9
,IqGTY~~~w,8,528415,,,false,9
,IqGTY~~~w,9,519964,,,false,9
,I@?GE?qBg,0,18788,,,false,3
,I@?GE?qBg,1,14457,,,false,3
,I@?GE?qBg,2,13689,,,false,3
,I@?GE?qBg,3,13409,,,false,3
,I@?GE?qBg,4,13270,,,false,3
,I@?GE?qBg,5,13410,,,false,3
,I@?GE?qBg,6,13340,,,false,3
,I@?GE?qBg,7,13270,,,false,3
,I@?GE?qBg,8,12851,,,false,3
,I@?GE?qBg,9,12781,,,false,3
,IDhzv~}~g,0,533933,,,false,9
,IDhzv~}~g,1,516753,,,false,9
,IDhzv~}~g,2,512911,,,false,9
,IDhzv~}~g,3,535889,,,false,9
,IDhzv~}~g,4,520523,,,false,9
,IDhzv~}~g,5,518638,,,false,9
,IDhzv~}~g,6,518358,,,false,9
,IDhzv~}~g,7,532886,,,false,9
,IDhzv~}~g,8,514168,,,false,9
,IDhzv~}~g,9,515774,,,false,9
,I???[``Bw,0,25422,,,false,3
,I???[``Bw,1,21442,,,false,3
,I???[``Bw,2,20114,,,false,3
,I???[``Bw,3,20045,,,false,3
,I???[``Bw,4,19905,,,false,3
,I???[``Bw,5,20952,,,false,3
,I???[``Bw,6,20533,,,false,3
,I???[``Bw,7,20673,,,false,3
,I???[``Bw,8,21162,,,false,3
,I???[``Bw,9,20253,,,false,3
,IBXm}}~nw,0,568225,,,false,9
,IBXm}}~nw,1,540079,,,false,9
,IBXm}}~nw,2,543850,,,false,9
,IBXm}}~nw,3,535400,,,false,9
,IBXm}}~nw,4,549577,,,false,9
,IBXm}}~nw,5,528067,,,false,9
,IBXm}}~nw,6,531279,,,false,9
,IBXm}}~nw,7,536727,,,false,9
,IBXm}}~nw,8,527159,,,false,9
,IBXm}}~nw,9,540707,,,false,9
,IugGhXbT_,0,521012,,,false,9
,IugGhXbT_,1,506835,,,false,9
,IugGhXbT_,2,499851,,,false,9
,IugGhXbT_,3,516473,,,false,9
,IugGhXbT_,4,499362,,,false,9
,IugGhXbT_,5,490981,,,false,9
,IugGhXbT_,6,493285,,,false,9
,IugGhXbT_,7,513330,,,false,9
,IugGhXbT_,8,496149,,,false,9
,IugGhXbT_,9,489584,,,false,9
,IwC]dTNLw,0,563825,,,false,9
,IwC]dTNLw,1,559914,,,false,9
,IwC]dTNLw,2,549438,,,false,9
,IwC]dTNLw,3,523247,,,false,9
,IwC]dTNLw,4,572974,,,false,9
,IwC]dTNLw,5,534003,,,false,9
,IwC]dTNLw,6,548460,,,false,9
,IwC]dTNLw,7,527927,,,false,9
,IwC]dTNLw,8,543571,,,false,9
,IwC]dTNLw,9,528066,,,false,9
,I?i]PlUYW,0,567317,,,false,9
,I?i]PlUYW,1,521571,,,false,9
,I?i]PlUYW,2,520523,,,false,9
,I?i]PlUYW,3,511933,,,false,9
,I?i]PlUYW,4,521990,,,false,9
,I?i]PlUYW,5,518079,,,false,9
,I?i]PlUYW,6,518987,,,false,9
,I?i]PlUYW,7,526250,,,false,9
,I?i]PlUYW,8,518568,,,false,9
,I?i]PlUYW,9,527228,,,false,9
,I_GOGPbcw,0,39041,,,false,6
,I_GOGPbcw,1,31428,,,false,6
,I_GOGPbcw,2,29054,,,false,6
,I_GOGPbcw,3,28775,,,false,6
,I_GOGPbcw,4,28774,,,false,6
,I_GOGPbcw,5,28565,,,false,6
,I_GOGPbcw,6,28565,,,false,6
,I_GOGPbcw,7,28565,,,false,6
,I_GOGPbcw,8,28565,,,false,6
,I_GOGPbcw,9,27517,,,false,6
,I`@?X?X`w,0,106088,,,false,5
,I`@?X?X`w,1,94844,,,false,5
,I`@?X?X`w,2,89047,,,false,5
,I`@?X?X`w,3,87510,,,false,5
,I`@?X?X`w,4,86602,,,false,5
,I`@?X?X`w,5,96171,,,false,5
,I`@?X?X`w,6,86533,,,false,5
,I`@?X?X`w,7,85834,,,false,5
,I`@?X?X`w,8,86183,,,false,5
,I`@?X?X`w,9,85834,,,false,5
,I_D@?ekBw,0,97777,,,false,5
,I_D@?ekBw,1,83390,,,false,5
,I_D@?ekBw,2,77733,,,false,5
,I_D@?ekBw,3,75289,,,false,5
,I_D@?ekBw,4,75498,,,false,5
,I_D@?ekBw,5,74730,,,false,5
,I_D@?ekBw,6,82482,,,false,5
,I_D@?ekBw,7,73332,,,false,5
,I_D@?ekBw,8,73822,,,false,5
,I_D@?ekBw,9,72914,,,false,5
,IBAH?SFqW,0,110768,,,false,7
,IBAH?SFqW,1,92539,,,false,7
,IBAH?SFqW,2,91072,,,false,7
,IBAH?SFqW,3,88139,,,false,7
,IBAH?SFqW,4,89606,,,false,7
,IBAH?SFqW,5,86253,,,false,7
,IBAH?SFqW,6,86533,,,false,7
,IBAH?SFqW,7,95333,,,false,7
,IBAH?SFqW,8,84019,,,false,7
,IBAH?SFqW,9,85904,,,false,7
,I`?KQScDG,0,53847,,,false,5
,I`?KQScDG,1,45955,,,false,5
,I`?KQScDG,2,43232,,,false,5
,I`?KQScDG,3,42743,,,false,5
,I`?KQScDG,4,42394,,,false,5
,I`?KQScDG,5,43511,,,false,5
,I`?KQScDG,6,38552,,,false,5
,I`?KQScDG,7,38203,,,false,5
,I`?KQScDG,8,37505,,,false,5
,I`?KQScDG,9,38482,,,false,5
,I`?DYySYG,0,508022,,,false,9
,I`?DYySYG,1,496638,,,false,9
,I`?DYySYG,2,510187,,,false,9
,I`?DYySYG,3,496219,,,false,9
,I`?DYySYG,4,498734,,,false,9
,I`?DYySYG,5,491959,,,false,9
,I`?DYySYG,6,518498,,,false,9
,I`?DYySYG,7,491888,,,false,9
,I`?DYySYG,8,497686,,,false,9
,I`?DYySYG,9,491540,,,false,9
,IqGO?KJ~_,0,547202,,,false,9
,IqGO?KJ~_,1,555304,,,false,9
,IqGO?KJ~_,2,515704,,,false,9
,IqGO?KJ~_,3,527089,,,false,9
,IqGO?KJ~_,4,517870,,,false,9
,IqGO?KJ~_,5,514238,,,false,9
,IqGO?KJ~_,6,506346,,,false,9
,IqGO?KJ~_,7,525273,,,false,9
,IqGO?KJ~_,8,515914,,,false,9
,IqGO?KJ~_,9,516194,,,false,9
,IqGOOKF}G,0,500759,,,false,9
,IqGOOKF}G,1,527647,,,false,9
,IqGOOKF}G,2,490352,,,false,9
,IqGOOKF}G,3,492029,,,false,9
,IqGOOKF}G,4,484696,,,false,9
,IqGOOKF}G,5,493844,,,false,9
,IqGOOKF}G,6,485114,,,false,9
,IqGOOKF}G,7,492797,,,false,9
,IqGOOKF}G,8,483718,,,false,9
,IqGOOKF}G,9,487629,,,false,9
,IoDH?ebVG,0,523456,,,false,9
,IoDH?ebVG,1,544339,,,false,9
,IoDH?ebVG,2,509907,,,false,9
,IoDH?ebVG,3,503831,,,false,9
,IoDH?ebVG,4,506206,,,false,9
,IoDH?ebVG,5,521502,,,false,9
,IoDH?ebVG,6,504180,,,false,9
,IoDH?ebVG,7,506066,,,false,9
,IoDH?ebVG,8,506625,,,false,9
,IoDH?ebVG,9,519895,,,false,9
,Ik?WPCF}?,0,502854,,,false,9
,Ik?WPCF}?,1,494892,,,false,9
,Ik?WPCF}?,2,489933,,,false,9
,Ik?WPCF}?,3,497895,,,false,9
,Ik?WPCF}?,4,483299,,,false,9
,Ik?WPCF}?,5,490003,,,false,9
,Ik?WPCF}?,6,489025,,,false,9
,Ik?WPCF}?,7,498104,,,false,9
,Ik?WPCF}?,8,489514,,,false,9
,Ik?WPCF}?,9,497685,,,false,9
,IoDPS@TIo,0,537215,,,false,9
,IoDPS@TIo,1,506695,,,false,9
,IoDPS@TIo,2,520174,,,false,9
,IoDPS@TIo,3,510886,,,false,9
,IoDPS@TIo,4,514308,,,false,9
,IoDPS@TIo,5,508791,,,false,9
,IoDPS@TIo,6,512911,,,false,9
,IoDPS@TIo,7,505927,,,false,9
,IoDPS@TIo,8,510956,,,false,9
,IoDPS@TIo,9,502505,,,false,9
,I`HSU?JLG,0,535330,,,false,9
,I`HSU?JLG,1,490981,,,false,9
,I`HSU?JLG,2,504809,,,false,9
,I`HSU?JLG,3,487558,,,false,9
,I`HSU?JLG,4,491679,,,false,9
,I`HSU?JLG,5,491399,,,false,9
,I`HSU?JLG,6,504460,,,false,9
,I`HSU?JLG,7,488048,,,false,9
,I`HSU?JLG,8,487000,,,false,9
,I`HSU?JLG,9,481343,,,false,9
,I`IQU?FMG,0,529184,,,false,9
,I`IQU?FMG,1,489933,,,false,9
,I`IQU?FMG,2,495521,,,false,9
,I`IQU?FMG,3,484696,,,false,9
,I`IQU?FMG,4,499501,,,false,9
,I`IQU?FMG,5,488746,,,false,9
,I`IQU?FMG,6,490492,,,false,9
,I`IQU?FMG,7,481343,,,false,9
,I`IQU?FMG,8,500829,,,false,9
,I`IQU?FMG,9,482809,,,false,9
,Io@POgJ}?,0,501387,,,false,9
,Io@POgJ}?,1,492517,,,false,9
,Io@POgJ}?,2,522758,,,false,9
,Io@POgJ}?,3,497686,,,false,9
,Io@POgJ}?,4,490911,,,false,9
,Io@POgJ}?,5,484904,,,false,9
,Io@POgJ}?,6,498105,,,false,9
,Io@POgJ}?,7,483019,,,false,9
,Io@POgJ}?,8,489514,,,false,9
,Io@POgJ}?,9,479666,,,false,9
,I_?pShI}?,0,532745,,,false,9
,I_?pShI}?,1,494123,,,false,9
,I_?pShI}?,2,500060,,,false,9
,I_?pShI}?,3,494682,,,false,9
,I_?pShI}?,4,513400,,,false,9
,I_?pShI}?,5,485673,,,false,9
,I_?pShI}?,6,482391,,,false,9
,I_?pShI}?,7,484486,,,false,9
,I_?pShI}?,8,506206,,,false,9
,I_?pShI}?,9,488606,,,false,9
