name,graph_g6,iteration,runtime,allocated_bytes,peak_bytes,timeout,treewidth
,H??????,0,9500,,,false,2
,H??????,1,5658,,,false,2
,H??????,2,5239,,,false,2
,H??????,3,9640,,,false,2
,H??????,4,4820,,,false,2
,H??????,5,6077,,,false,2
,H??????,6,5309,,,false,2
,H??????,7,4680,,,false,2
,H??????,8,6147,,,false,2
,H??????,9,3842,,,false,2
,HqGOOKF,0,30945,,,false,6
,HqGOOKF,1,29478,,,false,6
,HqGOOKF,2,17324,,,false,6
,HqGOOKF,3,16974,,,false,6
,HqGOOKF,4,17045,,,false,6
,HqGOOKF,5,17114,,,false,6
,HqGOOKF,6,17044,,,false,6
,HqGOOKF,7,16835,,,false,6
,HqGOOKF,8,17114,,,false,6
,HqGOOKF,9,16555,,,false,6
,HI?GPGQ,0,42541,,,false,6
,HI?GPGQ,1,34786,,,false,6
,HI?GPGQ,2,26823,,,false,6
,HI?GPGQ,3,26544,,,false,6
,HI?GPGQ,4,25776,,,false,6
,HI?GPGQ,5,26195,,,false,6
,HI?GPGQ,6,25217,,,false,6
,HI?GPGQ,7,26125,,,false,6
,HI?GPGQ,8,26684,,,false,6
,HI?GPGQ,9,26265,,,false,6
,H?CQPJ_,0,34647,,,false,5
,H?CQPJ_,1,24030,,,false,5
,H?CQPJ_,2,22912,,,false,5
,H?CQPJ_,3,22004,,,false,5
,H?CQPJ_,4,22423,,,false,5
,H?CQPJ_,5,22073,,,false,5
,H?CQPJ_,6,22353,,,false,5
,H?CQPJ_,7,22353,,,false,5
,H?CQPJ_,8,21934,,,false,5
,H?CQPJ_,9,22143,,,false,5
,H??[Aci,0,28430,,,false,5
,H??[Aci,1,22772,,,false,5
,H??[Aci,2,22353,,,false,5
,H??[Aci,3,21515,,,false,5
,H??[Aci,4,22004,,,false,5
,H??[Aci,5,21584,,,false,5
,H??[Aci,6,21794,,,false,5
,H??[Aci,7,21864,,,false,5
,H??[Aci,8,22423,,,false,5
,H??[Aci,9,21864,,,false,5
,H???F~~,0,22772,,,false,5
,H???F~~,1,19210,,,false,5
,H???F~~,2,17742,,,false,5
,H???F~~,3,18022,,,false,5
,H???F~~,4,18092,,,false,5
,H???F~~,5,19210,,,false,5
,H???F~~,6,19000,,,false,5
,H???F~~,7,18930,,,false,5
,H???F~~,8,18720,,,false,5
,H???F~~,9,18302,,,false,5
,H????CB,0,6217,,,false,2
,H????CB,1,5798,,,false,2
,H????CB,2,5728,,,false,2
,H????CB,3,7195,,,false,2
,H????CB,4,5728,,,false,2
,H????CB,5,5170,,,false,2
,H????CB,6,5239,,,false,2
,H????CB,7,5378,,,false,2
,H????CB,8,7614,,,false,2
,H????CB,9,5169,,,false,2
,H?~~~~~,0,189092,,,false,8
,H?~~~~~,1,164503,,,false,8
,H?~~~~~,2,162757,,,false,8
,H?~~~~~,3,162758,,,false,8
,H?~~~~~,4,162128,,,false,8
,H?~~~~~,5,151651,,,false,8
,H?~~~~~,6,157798,,,false,8
,H?~~~~~,7,145783,,,false,8
,H?~~~~~,8,148297,,,false,8
,H?~~~~~,9,147390,,,false,8
,HwCW?CB,0,6217,,,false,2
,HwCW?CB,1,4819,,,false,2
,HwCW?CB,2,5239,,,false,2
,HwCW?CB,3,5588,,,false,2
,HwCW?CB,4,5659,,,false,2
,HwCW?CB,5,5239,,,false,2
,HwCW?CB,6,5658,,,false,2
,HwCW?CB,7,5169,,,false,2
,HwCW?CB,8,5169,,,false,2
,HwCW?CB,9,5798,,,false,2
,H`B@_WJ,0,13482,,,false,3
,H`B@_WJ,1,10478,,,false,3
,H`B@_WJ,2,12923,,,false,3
,H`B@_WJ,3,9919,,,false,3
,H`B@_WJ,4,11525,,,false,3
,H`B@_WJ,5,11875,,,false,3
,H`B@_WJ,6,12014,,,false,3
,H`B@_WJ,7,10478,,,false,3
,H`B@_WJ,8,12015,,,false,3
,H`B@_WJ,9,10338,,,false,3
,H???ONs,0,13481,,,false,3
,H???ONs,1,10408,,,false,3
,H???ONs,2,9919,,,false,3
,H???ONs,3,9639,,,false,3
,H???ONs,4,9989,,,false,3
,H???ONs,5,21585,,,false,3
,H???ONs,6,9849,,,false,3
,H???ONs,7,10059,,,false,3
,H???ONs,8,9919,,,false,3
,H???ONs,9,9709,,,false,3
,H?????@,0,5798,,,false,2
,H?????@,1,5169,,,false,2
,H?????@,2,7195,,,false,2
,H?????@,3,4820,,,false,2
,H?????@,4,4680,,,false,2
,H?????@,5,4680,,,false,2
,H?????@,6,9640,,,false,2
,H?????@,7,4750,,,false,2
,H?????@,8,5170,,,false,2
,H?????@,9,6775,,,false,2
,H??F~~~,0,177776,,,false,8
,H??F~~~,1,164644,,,false,8
,H??F~~~,2,162059,,,false,8
,H??F~~~,3,159963,,,false,8
,H??F~~~,4,164923,,,false,8
,H??F~~~,5,155003,,,false,8
,H??F~~~,6,149765,,,false,8
,H??F~~~,7,148647,,,false,8
,H??F~~~,8,151930,,,false,8
,H??F~~~,9,168904,,,false,8
,HGC?G?@,0,6775,,,false,3
,HGC?G?@,1,6147,,,false,3
,HGC?G?@,2,5658,,,false,3
,HGC?G?@,3,5728,,,false,3
,HGC?G?@,4,5728,,,false,3
,HGC?G?@,5,5588,,,false,3
,HGC?G?@,6,7614,,,false,3
,HGC?G?@,7,5798,,,false,3
,HGC?G?@,8,5169,,,false,3
,HGC?G?@,9,7195,,,false,3
,H??__RF,0,23122,,,false,2
,H??__RF,1,19559,,,false,2
,H??__RF,2,14809,,,false,2
,H??__RF,3,13970,,,false,2
,H??__RF,4,13761,,,false,2
,H??__RF,5,13970,,,false,2
,H??__RF,6,13691,,,false,2
,H??__RF,7,14390,,,false,2
,H??__RF,8,14320,,,false,2
,H??__RF,9,14250,,,false,2
,H{_yqgj,0,180430,,,false,8
,H{_yqgj,1,156680,,,false,8
,H{_yqgj,2,151930,,,false,8
,H{_yqgj,3,144106,,,false,8
,H{_yqgj,4,147459,,,false,8
,H{_yqgj,5,132930,,,false,8
,H{_yqgj,6,133070,,,false,8
,H{_yqgj,7,133628,,,false,8
,H{_yqgj,8,137680,,,false,8
,H{_yqgj,9,136073,,,false,8
,H?aFbx{,0,169952,,,false,8
,H?aFbx{,1,170162,,,false,8
,H?aFbx{,2,156680,,,false,8
,H?aFbx{,3,155352,,,false,8
,H?aFbx{,4,154305,,,false,8
,H?aFbx{,5,149486,,,false,8
,H?aFbx{,6,137330,,,false,8
,H?aFbx{,7,186926,,,false,8
,H?aFbx{,8,187206,,,false,8
,H?aFbx{,9,173933,,,false,8
,H???GKF,0,9640,,,false,3
,H???GKF,1,7404,,,false,3
,H???GKF,2,7125,,,false,3
,H???GKF,3,10548,,,false,3
,H???GKF,4,7055,,,false,3
,H???GKF,5,9151,,,false,3
,H???GKF,6,6636,,,false,3
,H???GKF,7,6636,,,false,3
,H???GKF,8,8242,,,false,3
,H???GKF,9,6636,,,false,3
,H@Kxx{~,0,33390,,,false,6
,H@Kxx{~,1,27103,,,false,6
,H@Kxx{~,2,24937,,,false,6
,H@Kxx{~,3,20397,,,false,6
,H@Kxx{~,4,20188,,,false,6
,H@Kxx{~,5,20536,,,false,6
,H@Kxx{~,6,20118,,,false,6
,H@Kxx{~,7,20048,,,false,6
,H@Kxx{~,8,20327,,,false,6
,H@Kxx{~,9,20536,,,false,6
,H@Kxx~~,0,198592,,,false,8
,H@Kxx~~,1,176868,,,false,8
,H@Kxx~~,2,172048,,,false,8
,H@Kxx~~,3,170022,,,false,8
,H@Kxx~~,4,174143,,,false,8
,H@Kxx~~,5,187975,,,false,8
,H@Kxx~~,6,176938,,,false,8
,H@Kxx~~,7,175959,,,false,8
,H@Kxx~~,8,175470,,,false,8
,H@Kxx~~,9,175191,,,false,8
,H????F|,0,8033,,,false,3
,H????F|,1,6147,,,false,3
,H????F|,2,6287,,,false,3
,H????F|,3,6496,,,false,3
,H????F|,4,5728,,,false,3
,H????F|,5,5868,,,false,3
,H????F|,6,6148,,,false,3
,H????F|,7,6077,,,false,3
,H????F|,8,5658,,,false,3
,H????F|,9,5728,,,false,3
,H}q|r|},0,164154,,,false,8
,H}q|r|},1,150813,,,false,8
,H}q|r|},2,148228,,,false,8
,H}q|r|},3,147250,,,false,8
,H}q|r|},4,146761,,,false,8
,H}q|r|},5,146272,,,false,8
,H}q|r|},6,145993,,,false,8
,H}q|r|},7,157937,,,false,8
,H}q|r|},8,150812,,,false,8
,H}q|r|},9,146063,,,false,8
,H???GN~,0,10478,,,false,3
,H???GN~,1,9081,,,false,3
,H???GN~,2,8661,,,false,3
,H???GN~,3,8452,,,false,3
,H???GN~,4,8173,,,false,3
,H???GN~,5,8103,,,false,3
,H???GN~,6,7963,,,false,3
,H???GN~,7,8243,,,false,3
,H???GN~,8,8033,,,false,3
,H???GN~,9,8033,,,false,3
,HF~~vnn,0,160312,,,false,8
,HF~~vnn,1,161290,,,false,8
,HF~~vnn,2,173584,,,false,8
,HF~~vnn,3,158985,,,false,8
,HF~~vnn,4,155422,,,false,8
,HF~~vnn,5,154515,,,false,8
,HF~~vnn,6,154584,,,false,8
,HF~~vnn,7,151930,,,false,8
,HF~~vnn,8,167926,,,false,8
,HF~~vnn,9,150184,,,false,8
,HF~~~~~,0,169533,,,false,8
,HF~~~~~,1,159614,,,false,8
,HF~~~~~,2,155981,,,false,8
,HF~~~~~,3,154026,,,false,8
,HF~~~~~,4,160103,,,false,8
,HF~~~~~,5,154794,,,false,8
,HF~~~~~,6,154934,,,false,8
,HF~~~~~,7,156959,,,false,8
,HF~~~~~,8,149974,,,false,8
,HF~~~~~,9,153886,,,false,8
,H~?GW[N,0,32412,,,false,4
,H~?GW[N,1,29129,,,false,4
,H~?GW[N,2,36812,,,false,4
,H~?GW[N,3,27103,,,false,4
,H~?GW[N,4,27592,,,false,4
,H~?GW[N,5,26614,,,false,4
,H~?GW[N,6,26963,,,false,4
,H~?GW[N,7,26964,,,false,4
,H~?GW[N,8,26753,,,false,4
,H~?GW[N,9,26754,,,false,4
,HwCW~?^,0,25705,,,false,5
,HwCW~?^,1,25426,,,false,5
,HwCW~?^,2,20118,,,false,5
,HwCW~?^,3,19908,,,false,5
,HwCW~?^,4,19978,,,false,5
,HwCW~?^,5,19489,,,false,5
,HwCW~?^,6,19349,,,false,5
,HwCW~?^,7,19559,,,false,5
,HwCW~?^,8,19628,,,false,5
,HwCW~?^,9,19978,,,false,5
,HwC^?~{,0,32970,,,false,5
,HwC^?~{,1,27592,,,false,5
,HwC^?~{,2,27103,,,false,5
,HwC^?~{,3,26614,,,false,5
,HwC^?~{,4,26404,,,false,5
,HwC^?~{,5,26195,,,false,5
,HwC^?~{,6,25286,,,false,5
,HwC^?~{,7,26265,,,false,5
,HwC^?~{,8,26335,,,false,5
,HwC^?~{,9,26684,,,false,5
,HqN~~~~,0,168974,,,false,8
,HqN~~~~,1,154515,,,false,8
,HqN~~~~,2,156121,,,false,8
,HqN~~~~,3,155702,,,false,8
,HqN~~~~,4,155493,,,false,8
,HqN~~~~,5,153118,,,false,8
,HqN~~~~,6,154584,,,false,8
,HqN~~~~,7,155772,,,false,8
,HqN~~~~,8,159404,,,false,8
,HqN~~~~,9,159334,,,false,8
,HJ\zz|~,0,179103,,,false,8
,HJ\zz|~,1,171629,,,false,8
,HJ\zz|~,2,176867,,,false,8
,HJ\zz|~,3,167088,,,false,8
,HJ\zz|~,4,165691,,,false,8
,HJ\zz|~,5,165482,,,false,8
,HJ\zz|~,6,165272,,,false,8
,HJ\zz|~,7,167297,,,false,8
,HJ\zz|~,8,170651,,,false,8
,HJ\zz|~,9,166110,,,false,8
,HJ\zz~~,0,158845,,,false,8
,HJ\zz~~,1,156331,,,false,8
,HJ\zz~~,2,149485,,,false,8
,HJ\zz~~,3,150672,,,false,8
,HJ\zz~~,4,159614,,,false,8
,HJ\zz~~,5,151441,,,false,8
,HJ\zz~~,6,151302,,,false,8
,HJ\zz~~,7,150463,,,false,8
,HJ\zz~~,8,151720,,,false,8
,HJ\zz~~,9,152629,,,false,8
,H~z\z|~,0,165411,,,false,8
,H~z\z|~,1,152419,,,false,8
,H~z\z|~,2,156191,,,false,8
,H~z\z|~,3,153188,,,false,8
,H~z\z|~,4,151161,,,false,8
,H~z\z|~,5,156121,,,false,8
,H~z\z|~,6,165342,,,false,8
,H~z\z|~,7,157029,,,false,8
,H~z\z|~,8,152629,,,false,8
,H~z\z|~,9,152558,,,false,8
,H~z\z~~,0,169184,,,false,8
,H~z\z~~,1,165551,,,false,8
,H~z\z~~,2,173515,,,false,8
,H~z\z~~,3,163944,,,false,8
,H~z\z~~,4,163666,,,false,8
,H~z\z~~,5,166250,,,false,8
,H~z\z~~,6,168066,,,false,8
,H~z\z~~,7,166110,,,false,8
,H~z\z~~,8,171210,,,false,8
,H~z\z~~,9,161569,,,false,8
,H^~~~~~,0,170022,,,false,8
,H^~~~~~,1,165831,,,false,8
,H^~~~~~,2,164713,,,false,8
,H^~~~~~,3,158915,,,false,8
,H^~~~~~,4,168416,,,false,8
,H^~~~~~,5,160172,,,false,8
,H^~~~~~,6,158287,,,false,8
,H^~~~~~,7,158077,,,false,8
,H^~~~~~,8,158007,,,false,8
,H^~~~~~,9,161290,,,false,8
,H~~~~~~,0,179592,,,false,8
,H~~~~~~,1,166319,,,false,8
,H~~~~~~,2,164225,,,false,8
,H~~~~~~,3,164643,,,false,8
,H~~~~~~,4,166110,,,false,8
,H~~~~~~,5,169324,,,false,8
,H~~~~~~,6,171839,,,false,8
,H~~~~~~,7,169742,,,false,8
,H~~~~~~,8,169673,,,false,8
,H~~~~~~,9,170021,,,false,8
,H?B~vrw,0,150813,,,false,8
,H?B~vrw,1,157937,,,false,8
,H?B~vrw,2,148438,,,false,8
,H?B~vrw,3,147948,,,false,8
,H?B~vrw,4,143338,,,false,8
,H?B~vrw,5,143338,,,false,8
,H?B~vrw,6,144945,,,false,8
,H?B~vrw,7,147948,,,false,8
,H?B~vrw,8,156471,,,false,8
,H?B~vrw,9,152069,,,false,8
,H?B~~~~,0,169743,,,false,8
,H?B~~~~,1,168695,,,false,8
,H?B~~~~,2,161011,,,false,8
,H?B~~~~,3,155213,,,false,8
,H?B~~~~,4,162617,,,false,8
,H?B~~~~,5,155073,,,false,8
,H?B~~~~,6,153537,,,false,8
,H?B~~~~,7,152489,,,false,8
,H?B~~~~,8,152838,,,false,8
,H?B~~~~,9,152628,,,false,8
,H`?G?CB,0,9849,,,false,2
,H`?G?CB,1,8732,,,false,2
,H`?G?CB,2,8103,,,false,2
,H`?G?CB,3,7474,,,false,2
,H`?G?CB,4,7544,,,false,2
,H`?G?CB,5,8382,,,false,2
,H`?G?CB,6,8103,,,false,2
,H`?G?CB,7,7754,,,false,2
,H`?G?CB,8,7614,,,false,2
,H`?G?CB,9,7614,,,false,2
,H@GOQIA,0,29128,,,false,2
,H@GOQIA,1,23401,,,false,2
,H@GOQIA,2,23401,,,false,2
,H@GOQIA,3,24448,,,false,2
,H@GOQIA,4,22492,,,false,2
,H@GOQIA,5,23541,,,false,2
,H@GOQIA,6,23122,,,false,2
,H@GOQIA,7,23889,,,false,2
,H@GOQIA,8,22982,,,false,2
,H@GOQIA,9,23401,,,false,2
,H?DCP_d,0,26684,,,false,3
,H?DCP_d,1,21864,,,false,3
,H?DCP_d,2,19978,,,false,3
,H?DCP_d,3,22143,,,false,3
,H?DCP_d,4,20187,,,false,3
,H?DCP_d,5,19768,,,false,3
,H?DCP_d,6,21095,,,false,3
,H?DCP_d,7,19210,,,false,3
,H?DCP_d,8,19000,,,false,3
,H?DCP_d,9,19559,,,false,3
,H???GGB,0,6566,,,false,3
,H???GGB,1,5798,,,false,3
,H???GGB,2,5658,,,false,3
,H???GGB,3,5239,,,false,3
,H???GGB,4,7125,,,false,3
,H???GGB,5,5309,,,false,3
,H???GGB,6,5588,,,false,3
,H???GGB,7,7684,,,false,3
,H???GGB,8,5378,,,false,3
,H???GGB,9,5169,,,false,3
,H@G?GgI,0,24588,,,false,6
,H@G?GgI,1,20677,,,false,6
,H@G?GgI,2,18720,,,false,6
,H@G?GgI,3,18162,,,false,6
,H@G?GgI,4,19908,,,false,6
,H@G?GgI,5,18162,,,false,6
,H@G?GgI,6,18161,,,false,6
,H@G?GgI,7,18022,,,false,6
,H@G?GgI,8,18092,,,false,6
,H@G?GgI,9,18162,,,false,6
,H??IPio,0,22703,,,false,3
,H??IPio,1,18790,,,false,3
,H??IPio,2,17743,,,false,3
,H??IPio,3,18092,,,false,3
,H??IPio,4,18441,,,false,3
,H??IPio,5,18162,,,false,3
,H??IPio,6,17673,,,false,3
,H??IPio,7,17952,,,false,3
,H??IPio,8,18162,,,false,3
,H??IPio,9,17812,,,false,3
,HoCOPHA,0,27452,,,false,5
,HoCOPHA,1,24099,,,false,5
,HoCOPHA,2,22982,,,false,5
,HoCOPHA,3,22912,,,false,5
,HoCOPHA,4,22911,,,false,5
,HoCOPHA,5,22772,,,false,5
,HoCOPHA,6,22772,,,false,5
,HoCOPHA,7,23401,,,false,5
,HoCOPHA,8,22912,,,false,5
,HoCOPHA,9,23051,,,false,5
,H?G?iIW,0,22143,,,false,2
,H?G?iIW,1,19210,,,false,2
,H?G?iIW,2,19629,,,false,2
,H?G?iIW,3,19000,,,false,2
,H?G?iIW,4,17603,,,false,2
,H?G?iIW,5,16765,,,false,2
,H?G?iIW,6,17114,,,false,2
,H?G?iIW,7,17184,,,false,2
,H?G?iIW,8,16834,,,false,2
,H?G?iIW,9,17533,,,false,2
,H?A?ISq,0,17813,,,false,3
,H?A?ISq,1,15018,,,false,3
,H?A?ISq,2,14250,,,false,3
,H?A?ISq,3,14669,,,false,3
,H?A?ISq,4,14320,,,false,3
,H?A?ISq,5,14809,,,false,3
,H?A?ISq,6,14250,,,false,3
,H?A?ISq,7,13970,,,false,3
,H?A?ISq,8,13761,,,false,3
,H?A?ISq,9,13971,,,false,3
,H@GSY^o,0,158496,,,false,8
,H@GSY^o,1,149904,,,false,8
,H@GSY^o,2,148018,,,false,8
,H@GSY^o,3,144805,,,false,8
,H@GSY^o,4,140823,,,false,8
,H@GSY^o,5,138798,,,false,8
,H@GSY^o,6,146970,,,false,8
,H@GSY^o,7,143199,,,false,8
,H@GSY^o,8,138658,,,false,8
,H@GSY^o,9,137540,,,false,8
,H?C[Y[n,0,56301,,,false,6
,H?C[Y[n,1,48758,,,false,6
,H?C[Y[n,2,46522,,,false,6
,H?C[Y[n,3,45893,,,false,6
,H?C[Y[n,4,47570,,,false,6
,H?C[Y[n,5,46173,,,false,6
,H?C[Y[n,6,46871,,,false,6
,H?C[Y[n,7,46522,,,false,6
,H?C[Y[n,8,57069,,,false,6
,H?C[Y[n,9,46313,,,false,6
,H????N},0,11455,,,false,3
,H????N},1,9570,,,false,3
,H????N},2,9151,,,false,3
,H????N},3,8941,,,false,3
,H????N},4,8592,,,false,3
,H????N},5,8592,,,false,3
,H????N},6,8522,,,false,3
,H????N},7,8731,,,false,3
,H????N},8,8452,,,false,3
,H????N},9,8522,,,false,3
,H??GW[N,0,31923,,,false,4
,H??GW[N,1,27662,,,false,4
,H??GW[N,2,27731,,,false,4
,H??GW[N,3,27173,,,false,4
,H??GW[N,4,26195,,,false,4
,H??GW[N,5,27242,,,false,4
,H??GW[N,6,27313,,,false,4
,H??GW[N,7,26125,,,false,4
,H??GW[N,8,27103,,,false,4
,H??GW[N,9,27173,,,false,4
,H??GW^~,0,31923,,,false,4
,H??GW^~,1,29548,,,false,4
,H??GW^~,2,28989,,,false,4
,H??GW^~,3,28081,,,false,4
,H??GW^~,4,28081,,,false,4
,H??GW^~,5,28290,,,false,4
,H??GW^~,6,28570,,,false,4
,H??GW^~,7,28151,,,false,4
,H??GW^~,8,26683,,,false,4
,H??GW^~,9,26195,,,false,4
,H????^p,0,9570,,,false,3
,H????^p,1,7753,,,false,3
,H????^p,2,8033,,,false,3
,H????^p,3,8173,,,false,3
,H????^p,4,7684,,,false,3
,H????^p,5,7963,,,false,3
,H????^p,6,7754,,,false,3
,H????^p,7,15577,,,false,3
,H????^p,8,8103,,,false,3
,H????^p,9,7614,,,false,3
,H?CWw{^,0,22283,,,false,5
,H?CWw{^,1,19559,,,false,5
,H?CWw{^,2,19209,,,false,5
,H?CWw{^,3,18650,,,false,5
,H?CWw{^,4,18930,,,false,5
,H?CWw{^,5,19140,,,false,5
,H?CWw{^,6,18721,,,false,5
,H?CWw{^,7,19419,,,false,5
,H?CWw{^,8,19420,,,false,5
,H?CWw{^,9,18580,,,false,5
,H?CWw~~,0,22423,,,false,5
,H?CWw~~,1,20606,,,false,5
,H?CWw~~,2,20607,,,false,5
,H?CWw~~,3,20397,,,false,5
,H?CWw~~,4,19978,,,false,5
,H?CWw~~,5,20117,,,false,5
,H?CWw~~,6,20188,,,false,5
,H?CWw~~,7,19908,,,false,5
,H?CWw~~,8,19908,,,false,5
,H?CWw~~,9,19978,,,false,5
,H???C\q,0,19559,,,false,2
,H???C\q,1,16276,,,false,2
,H???C\q,2,15577,,,false,2
,H???C\q,3,15298,,,false,2
,H???C\q,4,15228,,,false,2
,H???C\q,5,14669,,,false,2
,H???C\q,6,14390,,,false,2
,H???C\q,7,14669,,,false,2
,H???C\q,8,14878,,,false,2
,H???C\q,9,14739,,,false,2
,H????B~,0,6776,,,false,3
,H????B~,1,6287,,,false,3
,H????B~,2,6147,,,false,3
,H????B~,3,5658,,,false,3
,H????B~,4,5728,,,false,3
,H????B~,5,5658,,,false,3
,H????B~,6,5728,,,false,3
,H????B~,7,5658,,,false,3
,H????B~,8,5798,,,false,3
,H????B~,9,5658,,,false,3
,HEutZhj,0,168346,,,false,8
,HEutZhj,1,149066,,,false,8
,HEutZhj,2,149834,,,false,8
,HEutZhj,3,150254,,,false,8
,HEutZhj,4,149415,,,false,8
,HEutZhj,5,148997,,,false,8
,HEutZhj,6,151162,,,false,8
,HEutZhj,7,155352,,,false,8
,HEutZhj,8,146342,,,false,8
,HEutZhj,9,146901,,,false,8
,HCHCp\V,0,38628,,,false,6
,HCHCp\V,1,32482,,,false,6
,HCHCp\V,2,29967,,,false,6
,HCHCp\V,3,30526,,,false,6
,HCHCp\V,4,29827,,,false,6
,HCHCp\V,5,29827,,,false,6
,HCHCp\V,6,30037,,,false,6
,HCHCp\V,7,30107,,,false,6
,HCHCp\V,8,29617,,,false,6
,HCHCp\V,9,29618,,,false,6
,HqH}dS^,0,168695,,,false,8
,HqH}dS^,1,148437,,,false,8
,HqH}dS^,2,146063,,,false,8
,HqH}dS^,3,145015,,,false,8
,HqH}dS^,4,144176,,,false,8
,HqH}dS^,5,143548,,,false,8
,HqH}dS^,6,150673,,,false,8
,HqH}dS^,7,156261,,,false,8
,HqH}dS^,8,151092,,,false,8
,HqH}dS^,9,150952,,,false,8
,HoCOOL_,0,21095,,,false,4
,HoCOOL_,1,19000,,,false,4
,HoCOOL_,2,18511,,,false,4
,HoCOOL_,3,18581,,,false,4
,HoCOOL_,4,18302,,,false,4
,HoCOOL_,5,18231,,,false,4
,HoCOOL_,6,17743,,,false,4
,HoCOOL_,7,18022,,,false,4
,HoCOOL_,8,17254,,,false,4
,HoCOOL_,9,18231,,,false,4
,HwCO?SE,0,23261,,,false,5
,HwCO?SE,1,19489,,,false,5
,HwCO?SE,2,19419,,,false,5
,HwCO?SE,3,18581,,,false,5
,HwCO?SE,4,18441,,,false,5
,HwCO?SE,5,19070,,,false,5
,HwCO?SE,6,19139,,,false,5
,HwCO?SE,7,19000,,,false,5
,HwCO?SE,8,18511,,,false,5
,HwCO?SE,9,18651,,,false,5
,H{dQXgj,0,165830,,,false,8
,H{dQXgj,1,148298,,,false,8
,H{dQXgj,2,144456,,,false,8
,H{dQXgj,3,147390,,,false,8
,H{dQXgj,4,147180,,,false,8
,H{dQXgj,5,145923,,,false,8
,H{dQXgj,6,139356,,,false,8
,H{dQXgj,7,147879,,,false,8
,H{dQXgj,8,139636,,,false,8
,H{dQXgj,9,139496,,,false,8
,HoDPV~},0,154305,,,false,8
,HoDPV~},1,146691,,,false,8
,HoDPV~},2,144176,,,false,8
,HoDPV~},3,151581,,,false,8
,HoDPV~},4,142849,,,false,8
,HoDPV~},5,142290,,,false,8
,HoDPV~},6,142151,,,false,8
,HoDPV~},7,142569,,,false,8
,HoDPV~},8,141382,,,false,8
,HoDPV~},9,141312,,,false,8
,HIISZ~},0,164923,,,false,8
,HIISZ~},1,148367,,,false,8
,HIISZ~},2,146971,,,false,8
,HIISZ~},3,145503,,,false,8
,HIISZ~},4,148228,,,false,8
,HIISZ~},5,151232,,,false,8
,HIISZ~},6,156051,,,false,8
,HIISZ~},7,180779,,,false,8
,HIISZ~},8,236243,,,false,8
,HIISZ~},9,238687,,,false,8
,H?MzvNV,0,267117,,,false,8
,H?MzvNV,1,258875,,,false,8
,H?MzvNV,2,250283,,,false,8
,H?MzvNV,3,245114,,,false,8
,H?MzvNV,4,259015,,,false,8
,H?MzvNV,5,251121,,,false,8
,H?MzvNV,6,248118,,,false,8
,H?MzvNV,7,251121,,,false,8
,H?MzvNV,8,263974,,,false,8
,H?MzvNV,9,252868,,,false,8
,H?S}tnn,0,263136,,,false,8
,H?S}tnn,1,251610,,,false,8
,H?S}tnn,2,257618,,,false,8
,H?S}tnn,3,242389,,,false,8
,H?S}tnn,4,245673,,,false,8
,H?S}tnn,5,242879,,,false,8
,H?S}tnn,6,253356,,,false,8
,H?S}tnn,7,247559,,,false,8
,H?S}tnn,8,243438,,,false,8
,H?S}tnn,9,260552,,,false,8
,H?`jm}~,0,264254,,,false,8
,H?`jm}~,1,259294,,,false,8
,H?`jm}~,2,250632,,,false,8
,H?`jm}~,3,257198,,,false,8
,H?`jm}~,4,247349,,,false,8
,H?`jm}~,5,246232,,,false,8
,H?`jm}~,6,252169,,,false,8
,H?`jm}~,7,271238,,,false,8
,H?`jm}~,8,211724,,,false,8
,H?`jm}~,9,196705,,,false,8
,H?h[bFr,0,200129,,,false,8
,H?h[bFr,1,160172,,,false,8
,H?h[bFr,2,154305,,,false,8
,H?h[bFr,3,143828,,,false,8
,H?h[bFr,4,143058,,,false,8
,H?h[bFr,5,143269,,,false,8
,H?h[bFr,6,148856,,,false,8
,H?h[bFr,7,149346,,,false,8
,H?h[bFr,8,165621,,,false,8
,H?h[bFr,9,156401,,,false,8
,H@IQ]re,0,150044,,,false,8
,H@IQ]re,1,147180,,,false,8
,H@IQ]re,2,139147,,,false,8
,H@IQ]re,3,137261,,,false,8
,H@IQ]re,4,136492,,,false,8
,H@IQ]re,5,145015,,,false,8
,H@IQ]re,6,140893,,,false,8
,H@IQ]re,7,141731,,,false,8
,H@IQ]re,8,140684,,,false,8
,H@IQ]re,9,143687,,,false,8
,H`?guNw,0,155353,,,false,8
,H`?guNw,1,152209,,,false,8
,H`?guNw,2,139427,,,false,8
,H`?guNw,3,137261,,,false,8
,H`?guNw,4,136912,,,false,8
,H`?guNw,5,141172,,,false,8
,H`?guNw,6,140824,,,false,8
,H`?guNw,7,145363,,,false,8
,H`?guNw,8,150673,,,false,8
,H`?guNw,9,146831,,,false,8
,H`AkrT[,0,158845,,,false,8
,H`AkrT[,1,149275,,,false,8
,H`AkrT[,2,146272,,,false,8
,H`AkrT[,3,140544,,,false,8
,H`AkrT[,4,138099,,,false,8
,H`AkrT[,5,148437,,,false,8
,H`AkrT[,6,137470,,,false,8
,H`AkrT[,7,143129,,,false,8
,H`AkrT[,8,141801,,,false,8
,H`AkrT[,9,141592,,,false,8
,H_GouNy,0,161360,,,false,8
,H_GouNy,1,157308,,,false,8
,H_GouNy,2,148857,,,false,8
,H_GouNy,3,147459,,,false,8
,H_GouNy,4,142430,,,false,8
,H_GouNy,5,141941,,,false,8
,H_GouNy,6,141522,,,false,8
,H_GouNy,7,141522,,,false,8
,H_GouNy,8,147320,,,false,8
,H_GouNy,9,142640,,,false,8
,H@`M@~u,0,154235,,,false,8
,H@`M@~u,1,149904,,,false,8
,H@`M@~u,2,147320,,,false,8
,H@`M@~u,3,145643,,,false,8
,H@`M@~u,4,147949,,,false,8
,H@`M@~u,5,138099,,,false,8
,H@`M@~u,6,138448,,,false,8
,H@`M@~u,7,137471,,,false,8
,H@`M@~u,8,137051,,,false,8
,H@`M@~u,9,141173,,,false,8
,HR?MC|m,0,162757,,,false,8
,HR?MC|m,1,165482,,,false,8
,HR?MC|m,2,150114,,,false,8
,HR?MC|m,3,146622,,,false,8
,HR?MC|m,4,143128,,,false,8
,HR?MC|m,5,143478,,,false,8
,HR?MC|m,6,140404,,,false,8
,HR?MC|m,7,154584,,,false,8
,HR?MC|m,8,142570,,,false,8
,HR?MC|m,9,143059,,,false,8
,HR?M@~M,0,150183,,,false,8
,HR?M@~M,1,146482,,,false,8
,HR?M@~M,2,149206,,,false,8
,HR?M@~M,3,148786,,,false,8
,HR?M@~M,4,154515,,,false,8
,HR?M@~M,5,148298,,,false,8
,HR?M@~M,6,143477,,,false,8
,HR?M@~M,7,145155,,,false,8
,HR?M@~M,8,143058,,,false,8
,HR?M@~M,9,143478,,,false,8
,HR`HGvN,0,161221,,,false,8
,HR`HGvN,1,145573,,,false,8
,HR`HGvN,2,142011,,,false,8
,HR`HGvN,3,145504,,,false,8
,HR`HGvN,4,143338,,,false,8
,HR`HGvN,5,143408,,,false,8
,HR`HGvN,6,138937,,,false,8
,HR`HGvN,7,147809,,,false,8
,HR`HGvN,8,138448,,,false,8
,HR`HGvN,9,137750,,,false,8
,HCSp]Nw,0,152558,,,false,8
,HCSp]Nw,1,144317,,,false,8
,HCSp]Nw,2,146202,,,false,8
,HCSp]Nw,3,150394,,,false,8
,HCSp]Nw,4,135934,,,false,8
,HCSp]Nw,5,135584,,,false,8
,HCSp]Nw,6,135515,,,false,8
,HCSp]Nw,7,135375,,,false,8
,HCSp]Nw,8,136073,,,false,8
,HCSp]Nw,9,135026,,,false,8
,H@iRI~w,0,164643,,,false,8
,H@iRI~w,1,145992,,,false,8
,H@iRI~w,2,141732,,,false,8
,H@iRI~w,3,145084,,,false,8
,H@iRI~w,4,140613,,,false,8
,H@iRI~w,5,140195,,,false,8
,H@iRI~w,6,139916,,,false,8
,H@iRI~w,7,147599,,,false,8
,H@iRI~w,8,140614,,,false,8
,H@iRI~w,9,139846,,,false,8
,HPSRK^[,0,152209,,,false,8
,HPSRK^[,1,144456,,,false,8
,HPSRK^[,2,145853,,,false,8
,HPSRK^[,3,144735,,,false,8
,HPSRK^[,4,150114,,,false,8
,HPSRK^[,5,139566,,,false,8
,HPSRK^[,6,139915,,,false,8
,HPSRK^[,7,139217,,,false,8
,HPSRK^[,8,144037,,,false,8
,HPSRK^[,9,143478,,,false,8
,HANLbNw,0,165133,,,false,8
,HANLbNw,1,148368,,,false,8
,HANLbNw,2,145993,,,false,8
,HANLbNw,3,144176,,,false,8
,HANLbNw,4,145853,,,false,8
,HANLbNw,5,138727,,,false,8
,HANLbNw,6,142011,,,false,8
,HANLbNw,7,153187,,,false,8
,HANLbNw,8,148157,,,false,8
,HANLbNw,9,147948,,,false,8
,H?ManrM,0,162757,,,false,8
,H?ManrM,1,154585,,,false,8
,H?ManrM,2,150952,,,false,8
,H?ManrM,3,150323,,,false,8
,H?ManrM,4,140404,,,false,8
,H?ManrM,5,141242,,,false,8
,H?ManrM,6,140894,,,false,8
,H?ManrM,7,143268,,,false,8
,H?ManrM,8,144805,,,false,8
,H?ManrM,9,146342,,,false,8
,H@hZSno,0,168904,,,false,8
,H@hZSno,1,153117,,,false,8
,H@hZSno,2,149974,,,false,8
,H@hZSno,3,144316,,,false,8
,H@hZSno,4,145713,,,false,8
,H@hZSno,5,144386,,,false,8
,H@hZSno,6,150673,,,false,8
,H@hZSno,7,140683,,,false,8
,H@hZSno,8,146482,,,false,8
,H@hZSno,9,146551,,,false,8
,H{`Ypgj,0,165202,,,false,8
,H{`Ypgj,1,155492,,,false,8
,H{`Ypgj,2,156261,,,false,8
,H{`Ypgj,3,145364,,,false,8
,H{`Ypgj,4,144246,,,false,8
,H{`Ypgj,5,144316,,,false,8
,H{`Ypgj,6,143757,,,false,8
,H{`Ypgj,7,144736,,,false,8
,H{`Ypgj,8,151231,,,false,8
,H{`Ypgj,9,167298,,,false,8
,HQ?g}Rp,0,158985,,,false,8
,HQ?g}Rp,1,148437,,,false,8
,HQ?g}Rp,2,144526,,,false,8
,HQ?g}Rp,3,143059,,,false,8
,HQ?g}Rp,4,141312,,,false,8
,HQ?g}Rp,5,143967,,,false,8
,HQ?g}Rp,6,127761,,,false,8
,HQ?g}Rp,7,128878,,,false,8
,HQ?g}Rp,8,128879,,,false,8
,HQ?g}Rp,9,128319,,,false,8
,HQ?{QVr,0,145713,,,false,8
,HQ?{QVr,1,137051,,,false,8
,HQ?{QVr,2,160802,,,false,8
,HQ?{QVr,3,151442,,,false,8
,HQ?{QVr,4,150603,,,false,8
,HQ?{QVr,5,150812,,,false,8
,HQ?{QVr,6,155144,,,false,8
,HQ?{QVr,7,155492,,,false,8
,HQ?{QVr,8,148577,,,false,8
,HQ?{QVr,9,146552,,,false,8
,H``@_^{,0,42261,,,false,5
,H``@_^{,1,36672,,,false,5
,H``@_^{,2,35765,,,false,5
,H``@_^{,3,34856,,,false,5
,H``@_^{,4,34787,,,false,5
,H``@_^{,5,34298,,,false,5
,H``@_^{,6,34787,,,false,5
,H``@_^{,7,34577,,,false,5
,H``@_^{,8,34857,,,false,5
,H``@_^{,9,34368,,,false,5
,HR?G]Nw,0,25636,,,false,5
,HR?G]Nw,1,20955,,,false,5
,HR?G]Nw,2,20397,,,false,5
,HR?G]Nw,3,20188,,,false,5
,HR?G]Nw,4,19978,,,false,5
,HR?G]Nw,5,20187,,,false,5
,HR?G]Nw,6,20187,,,false,5
,HR?G]Nw,7,20118,,,false,5
,HR?G]Nw,8,19978,,,false,5
,HR?G]Nw,9,19908,,,false,5
,HPp?g~e,0,153327,,,false,8
,HPp?g~e,1,145574,,,false,8
,HPp?g~e,2,140963,,,false,8
,HPp?g~e,3,139915,,,false,8
,HPp?g~e,4,139286,,,false,8
,HPp?g~e,5,138030,,,false,8
,HPp?g~e,6,136911,,,false,8
,HPp?g~e,7,149974,,,false,8
,HPp?g~e,8,147390,,,false,8
,HPp?g~e,9,139985,,,false,8
,H`Y?g~e,0,151720,,,false,8
,H`Y?g~e,1,143618,,,false,8
,H`Y?g~e,2,140613,,,false,8
,H`Y?g~e,3,140404,,,false,8
,H`Y?g~e,4,166599,,,false,8
,H`Y?g~e,5,142989,,,false,8
,H`Y?g~e,6,148227,,,false,8
,H`Y?g~e,7,141732,,,false,8
,H`Y?g~e,8,140824,,,false,8
,H`Y?g~e,9,136563,,,false,8
,H_?|Qrr,0,162478,,,false,8
,H_?|Qrr,1,146412,,,false,8
,H_?|Qrr,2,155423,,,false,8
,H_?|Qrr,3,141941,,,false,8
,H_?|Qrr,4,160103,,,false,8
,H_?|Qrr,5,142011,,,false,8
,H_?|Qrr,6,185669,,,false,8
,H_?|Qrr,7,156819,,,false,8
,H_?|Qrr,8,160103,,,false,8
,H_?|Qrr,9,140544,,,false,8
,H[CGYNp,0,25217,,,false,5
,H[CGYNp,1,20536,,,false,5
,H[CGYNp,2,19908,,,false,5
,H[CGYNp,3,19559,,,false,5
,H[CGYNp,4,19210,,,false,5
,H[CGYNp,5,19489,,,false,5
,H[CGYNp,6,19839,,,false,5
,H[CGYNp,7,19629,,,false,5
,H[CGYNp,8,19419,,,false,5
,H[CGYNp,9,19699,,,false,5
,H`GO]Nw,0,158287,,,false,8
,H`GO]Nw,1,164643,,,false,8
,H`GO]Nw,2,145573,,,false,8
,H`GO]Nw,3,154445,,,false,8
,H`GO]Nw,4,154514,,,false,8
,H`GO]Nw,5,143198,,,false,8
,H`GO]Nw,6,142570,,,false,8
,H`GO]Nw,7,157727,,,false,8
,H`GO]Nw,8,146202,,,false,8
,H`GO]Nw,9,142221,,,false,8
,H`IQO~e,0,160382,,,false,8
,H`IQO~e,1,145154,,,false,8
,H`IQO~e,2,142290,,,false,8
,H`IQO~e,3,153258,,,false,8
,H`IQO~e,4,157518,,,false,8
,H`IQO~e,5,136772,,,false,8
,H`IQO~e,6,135514,,,false,8
,H`IQO~e,7,137261,,,false,8
,H`IQO~e,8,137331,,,false,8
,H`IQO~e,9,141662,,,false,8
,HqGOW~e,0,178404,,,false,8
,HqGOW~e,1,155004,,,false,8
,HqGOW~e,2,143547,,,false,8
,HqGOW~e,3,141872,,,false,8
,HqGOW~e,4,141033,,,false,8
,HqGOW~e,5,145504,,,false,8
,HqGOW~e,6,145294,,,false,8
,HqGOW~e,7,152419,,,false,8
,HqGOW~e,8,146900,,,false,8
,HqGOW~e,9,141312,,,false,8
,HDYAG~e,0,171139,,,false,8
,HDYAG~e,1,156820,,,false,8
,HDYAG~e,2,161150,,,false,8
,HDYAG~e,3,151860,,,false,8
,HDYAG~e,4,140334,,,false,8
,HDYAG~e,5,139287,,,false,8
,HDYAG~e,6,143896,,,false,8
,HDYAG~e,7,155911,,,false,8
,HDYAG~e,8,147739,,,false,8
,HDYAG~e,9,148298,,,false,8
,Ha?{PVr,0,182177,,,false,8
,Ha?{PVr,1,157937,,,false,8
,Ha?{PVr,2,152629,,,false,8
,Ha?{PVr,3,150394,,,false,8
,Ha?{PVr,4,149834,,,false,8
,Ha?{PVr,5,146202,,,false,8
,Ha?{PVr,6,156471,,,false,8
,Ha?{PVr,7,146761,,,false,8
,Ha?{PVr,8,156959,,,false,8
,Ha?{PVr,9,147809,,,false,8
,Ho@PW~w,0,163037,,,false,8
,Ho@PW~w,1,154864,,,false,8
,Ho@PW~w,2,156400,,,false,8
,Ho@PW~w,3,144246,,,false,8
,Ho@PW~w,4,150533,,,false,8
,Ho@PW~w,5,150394,,,false,8
,Ho@PW~w,6,150324,,,false,8
,Ho@PW~w,7,144106,,,false,8
,Ho@PW~w,8,152140,,,false,8
,Ho@PW~w,9,154654,,,false,8
,Hq?HWzr,0,28989,,,false,6
,Hq?HWzr,1,23819,,,false,6
,Hq?HWzr,2,21864,,,false,6
,Hq?HWzr,3,21515,,,false,6
,Hq?HWzr,4,21515,,,false,6
,Hq?HWzr,5,21584,,,false,6
,Hq?HWzr,6,20955,,,false,6
,Hq?HWzr,7,21305,,,false,6
,Hq?HWzr,8,20886,,,false,6
,Hq?HWzr,9,20956,,,false,6
,H`?L?lJ,0,46662,,,false,6
,H`?L?lJ,1,38209,,,false,6
,H`?L?lJ,2,36324,,,false,6
,H`?L?lJ,3,36184,,,false,6
,H`?L?lJ,4,36183,,,false,6
,H`?L?lJ,5,35974,,,false,6
,H`?L?lJ,6,36323,,,false,6
,H`?L?lJ,7,35765,,,false,6
,H`?L?lJ,8,35765,,,false,6
,H`?L?lJ,9,35764,,,false,6
,HCd@Igi,0,44007,,,false,5
,HCd@Igi,1,37091,,,false,5
,HCd@Igi,2,35276,,,false,5
,HCd@Igi,3,34437,,,false,5
,HCd@Igi,4,33879,,,false,5
,HCd@Igi,5,34787,,,false,5
,HCd@Igi,6,34787,,,false,5
,HCd@Igi,7,34228,,,false,5
,HCd@Igi,8,34158,,,false,5
,HCd@Igi,9,33459,,,false,5
,H?z\z~~,0,186018,,,false,8
,H?z\z~~,1,171698,,,false,8
,H?z\z~~,2,159475,,,false,8
,H?z\z~~,3,169602,,,false,8
,H?z\z~~,4,158846,,,false,8
,H?z\z~~,5,158356,,,false,8
,H?z\z~~,6,160662,,,false,8
,H?z\z~~,7,159125,,,false,8
,H?z\z~~,8,158846,,,false,8
,H?z\z~~,9,180709,,,false,8
,H_K~]~~,0,164573,,,false,8
,H_K~]~~,1,162758,,,false,8
,H_K~]~~,2,158915,,,false,8
,H_K~]~~,3,157448,,,false,8
,H_K~]~~,4,157519,,,false,8
,H_K~]~~,5,164433,,,false,8
,H_K~]~~,6,155423,,,false,8
,H_K~]~~,7,155423,,,false,8
,H_K~]~~,8,165691,,,false,8
,H_K~]~~,9,163246,,,false,8
,HCZ\z~~,0,166809,,,false,8
,HCZ\z~~,1,183085,,,false,8
,HCZ\z~~,2,171000,,,false,8
,HCZ\z~~,3,161569,,,false,8
,HCZ\z~~,4,160941,,,false,8
,HCZ\z~~,5,160383,,,false,8
,HCZ\z~~,6,187276,,,false,8
,HCZ\z~~,7,155353,,,false,8
,HCZ\z~~,8,156750,,,false,8
,HCZ\z~~,9,158846,,,false,8
,H@zTz~~,0,168834,,,false,8
,H@zTz~~,1,162757,,,false,8
,H@zTz~~,2,172747,,,false,8
,H@zTz~~,3,159894,,,false,8
,H@zTz~~,4,159614,,,false,8
,H@zTz~~,5,159753,,,false,8
,H@zTz~~,6,159824,,,false,8
,H@zTz~~,7,160662,,,false,8
,H@zTz~~,8,262018,,,false,8
,H@zTz~~,9,268236,,,false,8
,H@l~]~~,0,280878,,,false,8
,H@l~]~~,1,288213,,,false,8
,H@l~]~~,2,277665,,,false,8
,H@l~]~~,3,274452,,,false,8
,H@l~]~~,4,262856,,,false,8
,H@l~]~~,5,271588,,,false,8
,H@l~]~~,6,265651,,,false,8
,H@l~]~~,7,260830,,,false,8
,H@l~]~~,8,263765,,,false,8
,H@l~]~~,9,271099,,,false,8
,HIiZ|~~,0,263276,,,false,8
,HIiZ|~~,1,256989,,,false,8
,HIiZ|~~,2,271099,,,false,8
,HIiZ|~~,3,265650,,,false,8
,HIiZ|~~,4,261180,,,false,8
,HIiZ|~~,5,260202,,,false,8
,HIiZ|~~,6,272007,,,false,8
,HIiZ|~~,7,253357,,,false,8
,HIiZ|~~,8,253636,,,false,8
,HIiZ|~~,9,252239,,,false,8
,HBqj|~~,0,277246,,,false,8
,HBqj|~~,1,260063,,,false,8
,HBqj|~~,2,261808,,,false,8
,HBqj|~~,3,250493,,,false,8
,HBqj|~~,4,240922,,,false,8
,HBqj|~~,5,237989,,,false,8
,HBqj|~~,6,160242,,,false,8
,HBqj|~~,7,159125,,,false,8
,HBqj|~~,8,168974,,,false,8
,HBqj|~~,9,158077,,,false,8
,HHr\z~~,0,169394,,,false,8
,HHr\z~~,1,163037,,,false,8
,HHr\z~~,2,172816,,,false,8
,HHr\z~~,3,160592,,,false,8
,HHr\z~~,4,168974,,,false,8
,HHr\z~~,5,158915,,,false,8
,HHr\z~~,6,161360,,,false,8
,HHr\z~~,7,161640,,,false,8
,HHr\z~~,8,160871,,,false,8
,HHr\z~~,9,161011,,,false,8
,HDYz}~~,0,175680,,,false,8
,HDYz}~~,1,162827,,,false,8
,HDYz}~~,2,171838,,,false,8
,HDYz}~~,3,169743,,,false,8
,HDYz}~~,4,164224,,,false,8
,HDYz}~~,5,164364,,,false,8
,HDYz}~~,6,173515,,,false,8
,HDYz}~~,7,161779,,,false,8
,HDYz}~~,8,161570,,,false,8
,HDYz}~~,9,160592,,,false,8
,Higx}~~,0,188883,,,false,8
,Higx}~~,1,173026,,,false,8
,Higx}~~,2,165482,,,false,8
,Higx}~~,3,164713,,,false,8
,Higx}~~,4,164294,,,false,8
,Higx}~~,5,165272,,,false,8
,Higx}~~,6,164155,,,false,8
,Higx}~~,7,166949,,,false,8
,Higx}~~,8,159125,,,false,8
,Higx}~~,9,160941,,,false,8
,HFXm|~~,0,171558,,,false,8
,HFXm|~~,1,162059,,,false,8
,HFXm|~~,2,160312,,,false,8
,HFXm|~~,3,171559,,,false,8
,HFXm|~~,4,162059,,,false,8
,HFXm|~~,5,161290,,,false,8
,HFXm|~~,6,161640,,,false,8
,HFXm|~~,7,161849,,,false,8
,HFXm|~~,8,161291,,,false,8
,HFXm|~~,9,170790,,,false,8
,HiK|[~~,0,165411,,,false,8
,HiK|[~~,1,160103,,,false,8
,HiK|[~~,2,158217,,,false,8
,HiK|[~~,3,169324,,,false,8
,HiK|[~~,4,156820,,,false,8
,HiK|[~~,5,164364,,,false,8
,HiK|[~~,6,156331,,,false,8
,HiK|[~~,7,155562,,,false,8
,HiK|[~~,8,154654,,,false,8
,HiK|[~~,9,157169,,,false,8
,HsXXz~~,0,165621,,,false,8
,HsXXz~~,1,169812,,,false,8
,HsXXz~~,2,158706,,,false,8
,HsXXz~~,3,157448,,,false,8
,HsXXz~~,4,156610,,,false,8
,HsXXz~~,5,155422,,,false,8
,HsXXz~~,6,157519,,,false,8
,HsXXz~~,7,168555,,,false,8
,HsXXz~~,8,158357,,,false,8
,HsXXz~~,9,158287,,,false,8
,HiiXz~~,0,166110,,,false,8
,HiiXz~~,1,162128,,,false,8
,HiiXz~~,2,160313,,,false,8
,HiiXz~~,3,167367,,,false,8
,HiiXz~~,4,161500,,,false,8
,HiiXz~~,5,161640,,,false,8
,HiiXz~~,6,161709,,,false,8
,HiiXz~~,7,161779,,,false,8
,HiiXz~~,8,161780,,,false,8
,HiiXz~~,9,170092,,,false,8
,HsSz~^~,0,166180,,,false,8
,HsSz~^~,1,160592,,,false,8
,HsSz~^~,2,158845,,,false,8
,HsSz~^~,3,157867,,,false,8
,HsSz~^~,4,167647,,,false,8
,HsSz~^~,5,159125,,,false,8
,HsSz~^~,6,159404,,,false,8
,HsSz~^~,7,160802,,,false,8
,HsSz~^~,8,158636,,,false,8
,HsSz~^~,9,157937,,,false,8
,HDxuz~~,0,177566,,,false,8
,HDxuz~~,1,164224,,,false,8
,HDxuz~~,2,165621,,,false,8
,HDxuz~~,3,165063,,,false,8
,HDxuz~~,4,164364,,,false,8
,HDxuz~~,5,163666,,,false,8
,HDxuz~~,6,172327,,,false,8
,HDxuz~~,7,161849,,,false,8
,HDxuz~~,8,162268,,,false,8
,HDxuz~~,9,162688,,,false,8
,HFZm|~~,0,175470,,,false,8
,HFZm|~~,1,169393,,,false,8
,HFZm|~~,2,177077,,,false,8
,HFZm|~~,3,166110,,,false,8
,HFZm|~~,4,165132,,,false,8
,HFZm|~~,5,166110,,,false,8
,HFZm|~~,6,164923,,,false,8
,HFZm|~~,7,164923,,,false,8
,HFZm|~~,8,178194,,,false,8
,HFZm|~~,9,169952,,,false,8
,HBu~Z~~,0,178963,,,false,8
,HBu~Z~~,1,174702,,,false,8
,HBu~Z~~,2,188253,,,false,8
,HBu~Z~~,3,185110,,,false,8
,HBu~Z~~,4,171978,,,false,8
,HBu~Z~~,5,169533,,,false,8
,HBu~Z~~,6,165621,,,false,8
,HBu~Z~~,7,162967,,,false,8
,HBu~Z~~,8,162548,,,false,8
,HBu~Z~~,9,173794,,,false,8
,HEl~~z~,0,190139,,,false,8
,HEl~~z~,1,182596,,,false,8
,HEl~~z~,2,176029,,,false,8
,HEl~~z~,3,174982,,,false,8
,HEl~~z~,4,178893,,,false,8
,HEl~~z~,5,173584,,,false,8
,HEl~~z~,6,168066,,,false,8
,HEl~~z~,7,167787,,,false,8
,HEl~~z~,8,167996,,,false,8
,HEl~~z~,9,177426,,,false,8
,H~?GW^~,0,37721,,,false,4
,H~?GW^~,1,23750,,,false,4
,H~?GW^~,2,20955,,,false,4
,H~?GW^~,3,21026,,,false,4
,H~?GW^~,4,21096,,,false,4
,H~?GW^~,5,21375,,,false,4
,H~?GW^~,6,21236,,,false,4
,H~?GW^~,7,21375,,,false,4
,H~?GW^~,8,21026,,,false,4
,H~?GW^~,9,19978,,,false,4
,HwC^?~~,0,34438,,,false,5
,HwC^?~~,1,29478,,,false,5
,HwC^?~~,2,29059,,,false,5
,HwC^?~~,3,28640,,,false,5
,HwC^?~~,4,29338,,,false,5
,HwC^?~~,5,28849,,,false,5
,HwC^?~~,6,29059,,,false,5
,HwC^?~~,7,28569,,,false,5
,HwC^?~~,8,28640,,,false,5
,HwC^?~~,9,28570,,,false,5
,HwCW~N~,0,35834,,,false,5
,HwCW~N~,1,32272,,,false,5
,HwCW~N~,2,31364,,,false,5
,HwCW~N~,3,31015,,,false,5
,HwCW~N~,4,31015,,,false,5
,HwCW~N~,5,31014,,,false,5
,HwCW~N~,6,31504,,,false,5
,HwCW~N~,7,31015,,,false,5
,HwCW~N~,8,31503,,,false,5
,HwCW~N~,9,31224,,,false,5
,HwCW~^~,0,36184,,,false,5
,HwCW~^~,1,31922,,,false,5
,HwCW~^~,2,31434,,,false,5
,HwCW~^~,3,31434,,,false,5
,HwCW~^~,4,30945,,,false,5
,HwCW~^~,5,30386,,,false,5
,HwCW~^~,6,31155,,,false,5
,HwCW~^~,7,31014,,,false,5
,HwCW~^~,8,30945,,,false,5
,HwCW~^~,9,31014,,,false,5
,H`rHpn~,0,173794,,,false,8
,H`rHpn~,1,156471,,,false,8
,H`rHpn~,2,153816,,,false,8
,H`rHpn~,3,162618,,,false,8
,H`rHpn~,4,159265,,,false,8
,H`rHpn~,5,158496,,,false,8
,H`rHpn~,6,158775,,,false,8
,H`rHpn~,7,158636,,,false,8
,H`rHpn~,8,157868,,,false,8
,H`rHpn~,9,162687,,,false,8
,HKeZb^~,0,167157,,,false,8
,HKeZb^~,1,169882,,,false,8
,HKeZb^~,2,162268,,,false,8
,HKeZb^~,3,162268,,,false,8
,HKeZb^~,4,161779,,,false,8
,HKeZb^~,5,166809,,,false,8
,HKeZb^~,6,157169,,,false,8
,HKeZb^~,7,156680,,,false,8
,HKeZb^~,8,156191,,,false,8
,HKeZb^~,9,156471,,,false,8
,HwC[zz~,0,163525,,,false,8
,HwC[zz~,1,166320,,,false,8
,HwC[zz~,2,156820,,,false,8
,HwC[zz~,3,160731,,,false,8
,HwC[zz~,4,159964,,,false,8
,HwC[zz~,5,159894,,,false,8
,HwC[zz~,6,158845,,,false,8
,HwC[zz~,7,165202,,,false,8
,HwC[zz~,8,161291,,,false,8
,HwC[zz~,9,160103,,,false,8
,H`ouX~~,0,167507,,,false,8
,H`ouX~~,1,171558,,,false,8
,H`ouX~~,2,159195,,,false,8
,H`ouX~~,3,168904,,,false,8
,H`ouX~~,4,158217,,,false,8
,H`ouX~~,5,157867,,,false,8
,H`ouX~~,6,153257,,,false,8
,H`ouX~~,7,153117,,,false,8
,H`ouX~~,8,153258,,,false,8
,H`ouX~~,9,163525,,,false,8
,H`K~E~~,0,169323,,,false,8
,H`K~E~~,1,162548,,,false,8
,H`K~E~~,2,159823,,,false,8
,H`K~E~~,3,158007,,,false,8
,H`K~E~~,4,162758,,,false,8
,H`K~E~~,5,169742,,,false,8
,H`K~E~~,6,156470,,,false,8
,H`K~E~~,7,156750,,,false,8
,H`K~E~~,8,155562,,,false,8
,H`K~E~~,9,159894,,,false,8
,HeGh}~~,0,166739,,,false,8
,HeGh}~~,1,169673,,,false,8
,HeGh}~~,2,158915,,,false,8
,HeGh}~~,3,159824,,,false,8
,HeGh}~~,4,161499,,,false,8
,HeGh}~~,5,161361,,,false,8
,HeGh}~~,6,158705,,,false,8
,HeGh}~~,7,168555,,,false,8
,HeGh}~~,8,157938,,,false,8
,HeGh}~~,9,158356,,,false,8
,HTPLzz~,0,162548,,,false,8
,HTPLzz~,1,157169,,,false,8
,HTPLzz~,2,155213,,,false,8
,HTPLzz~,3,164643,,,false,8
,HTPLzz~,4,160732,,,false,8
,HTPLzz~,5,159963,,,false,8
,HTPLzz~,6,160173,,,false,8
,HTPLzz~,7,160313,,,false,8
,HTPLzz~,8,159824,,,false,8
,HTPLzz~,9,169044,,,false,8
,H`NDzz~,0,164434,,,false,8
,H`NDzz~,1,159055,,,false,8
,H`NDzz~,2,157379,,,false,8
,H`NDzz~,3,161151,,,false,8
,H`NDzz~,4,160801,,,false,8
,H`NDzz~,5,168485,,,false,8
,H`NDzz~,6,157169,,,false,8
,H`NDzz~,7,156680,,,false,8
,H`NDzz~,8,152140,,,false,8
,H`NDzz~,9,156820,,,false,8
,HwCZ~z~,0,161499,,,false,8
,HwCZ~z~,1,171069,,,false,8
,HwCZ~z~,2,163247,,,false,8
,HwCZ~z~,3,162478,,,false,8
,HwCZ~z~,4,162408,,,false,8
,HwCZ~z~,5,161640,,,false,8
,HwCZ~z~,6,174841,,,false,8
,HwCZ~z~,7,160452,,,false,8
,HwCZ~z~,8,159824,,,false,8
,HwCZ~z~,9,159824,,,false,8
,HTPLz~~,0,164015,,,false,8
,HTPLz~~,1,159195,,,false,8
,HTPLz~~,2,169602,,,false,8
,HTPLz~~,3,159055,,,false,8
,HTPLz~~,4,156541,,,false,8
,HTPLz~~,5,157867,,,false,8
,HTPLz~~,6,162687,,,false,8
,HTPLz~~,7,162268,,,false,8
,HTPLz~~,8,171488,,,false,8
,HTPLz~~,9,159894,,,false,8
,HwC^~z~,0,164923,,,false,8
,HwC^~z~,1,160592,,,false,8
,HwC^~z~,2,159823,,,false,8
,HwC^~z~,3,159335,,,false,8
,HwC^~z~,4,181966,,,false,8
,HwC^~z~,5,161779,,,false,8
,HwC^~z~,6,166739,,,false,8
,HwC^~z~,7,166110,,,false,8
,HwC^~z~,8,166110,,,false,8
,HwC^~z~,9,165831,,,false,8
,HcKz]~~,0,178894,,,false,8
,HcKz]~~,1,162757,,,false,8
,HcKz]~~,2,159195,,,false,8
,HcKz]~~,3,158077,,,false,8
,HcKz]~~,4,157518,,,false,8
,HcKz]~~,5,159754,,,false,8
,HcKz]~~,6,170161,,,false,8
,HcKz]~~,7,159824,,,false,8
,HcKz]~~,8,155632,,,false,8
,HcKz]~~,9,155702,,,false,8
,HHe^Z~~,0,170581,,,false,8
,HHe^Z~~,1,165272,,,false,8
,HHe^Z~~,2,172536,,,false,8
,HHe^Z~~,3,161081,,,false,8
,HHe^Z~~,4,159963,,,false,8
,HHe^Z~~,5,160382,,,false,8
,HHe^Z~~,6,159823,,,false,8
,HHe^Z~~,7,164155,,,false,8
,HHe^Z~~,8,175330,,,false,8
,HHe^Z~~,9,167089,,,false,8
,HTlai^~,0,174144,,,false,8
,HTlai^~,1,166040,,,false,8
,HTlai^~,2,162757,,,false,8
,HTlai^~,3,166948,,,false,8
,HTlai^~,4,154585,,,false,8
,HTlai^~,5,153118,,,false,8
,HTlai^~,6,153327,,,false,8
,HTlai^~,7,152628,,,false,8
,HTlai^~,8,152280,,,false,8
,HTlai^~,9,152838,,,false,8
,HRhTY~~,0,164084,,,false,8
,HRhTY~~,1,160592,,,false,8
,HRhTY~~,2,158706,,,false,8
,HRhTY~~,3,157588,,,false,8
,HRhTY~~,4,161709,,,false,8
,HRhTY~~,5,166599,,,false,8
,HRhTY~~,6,155143,,,false,8
,HRhTY~~,7,152419,,,false,8
,HRhTY~~,8,152070,,,false,8
,HRhTY~~,9,151651,,,false,8
,HwDX~r~,0,160592,,,false,8
,HwDX~r~,1,165342,,,false,8
,HwDX~r~,2,160732,,,false,8
,HwDX~r~,3,162617,,,false,8
,HwDX~r~,4,161989,,,false,8
,HwDX~r~,5,161290,,,false,8
,HwDX~r~,6,161291,,,false,8
,HwDX~r~,7,169324,,,false,8
,HwDX~r~,8,155283,,,false,8
,HwDX~r~,9,151651,,,false,8
,H`NUX~~,0,161989,,,false,8
,H`NUX~~,1,226673,,,false,8
,H`NUX~~,2,264742,,,false,8
,H`NUX~~,3,263904,,,false,8
,H`NUX~~,4,257897,,,false,8
,H`NUX~~,5,261529,,,false,8
,H`NUX~~,6,273335,,,false,8
,H`NUX~~,7,260622,,,false,8
,H`NUX~~,8,254124,,,false,8
,H`NUX~~,9,253426,,,false,8
,HwDX~v~,0,277735,,,false,8
,HwDX~v~,1,259154,,,false,8
,HwDX~v~,2,260831,,,false,8
,HwDX~v~,3,266209,,,false,8
,HwDX~v~,4,225694,,,false,8
,HwDX~v~,5,212004,,,false,8
,HwDX~v~,6,201036,,,false,8
,HwDX~v~,7,197824,,,false,8
,HwDX~v~,8,196775,,,false,8
,HwDX~v~,9,158566,,,false,8
,HTPi|~~,0,168904,,,false,8
,HTPi|~~,1,164155,,,false,8
,HTPi|~~,2,160592,,,false,8
,HTPi|~~,3,167019,,,false,8
,HTPi|~~,4,164503,,,false,8
,HTPi|~~,5,170860,,,false,8
,HTPi|~~,6,174702,,,false,8
,HTPi|~~,7,171140,,,false,8
,HTPi|~~,8,168764,,,false,8
,HTPi|~~,9,177007,,,false,8
,H}CXZ^~,0,162548,,,false,8
,H}CXZ^~,1,151371,,,false,8
,H}CXZ^~,2,149625,,,false,8
,H}CXZ^~,3,148228,,,false,8
,H}CXZ^~,4,147599,,,false,8
,H}CXZ^~,5,157448,,,false,8
,H}CXZ^~,6,152210,,,false,8
,H}CXZ^~,7,153886,,,false,8
,H}CXZ^~,8,153397,,,false,8
,H}CXZ^~,9,158007,,,false,8
,H`^@|n~,0,164574,,,false,8
,H`^@|n~,1,171070,,,false,8
,H`^@|n~,2,152838,,,false,8
,H`^@|n~,3,153118,,,false,8
,H`^@|n~,4,154095,,,false,8
,H`^@|n~,5,149485,,,false,8
,H`^@|n~,6,148647,,,false,8
,H`^@|n~,7,149206,,,false,8
,H`^@|n~,8,157798,,,false,8
,H`^@|n~,9,151301,,,false,8
,HtPHx~~,0,161430,,,false,8
,HtPHx~~,1,155423,,,false,8
,HtPHx~~,2,153328,,,false,8
,HtPHx~~,3,157797,,,false,8
,HtPHx~~,4,162688,,,false,8
,HtPHx~~,5,154235,,,false,8
,HtPHx~~,6,154026,,,false,8
,HtPHx~~,7,153746,,,false,8
,HtPHx~~,8,153537,,,false,8
,HtPHx~~,9,153327,,,false,8
,H`NH~f~,0,172955,,,false,8
,H`NH~f~,1,157449,,,false,8
,H`NH~f~,2,155423,,,false,8
,H`NH~f~,3,155073,,,false,8
,H`NH~f~,4,158916,,,false,8
,H`NH~f~,5,158426,,,false,8
,H`NH~f~,6,160871,,,false,8
,H`NH~f~,7,156750,,,false,8
,H`NH~f~,8,156191,,,false,8
,H`NH~f~,9,156471,,,false,8
,H`o~fz~,0,167927,,,false,8
,H`o~fz~,1,161779,,,false,8
,H`o~fz~,2,168904,,,false,8
,H`o~fz~,3,159125,,,false,8
,H`o~fz~,4,158636,,,false,8
,H`o~fz~,5,158217,,,false,8
,H`o~fz~,6,157588,,,false,8
,H`o~fz~,7,162059,,,false,8
,H`o~fz~,8,164783,,,false,8
,H`o~fz~,9,156680,,,false,8
,H{CZZ~~,0,166600,,,false,8
,H{CZZ~~,1,158916,,,false,8
,H{CZZ~~,2,156051,,,false,8
,H{CZZ~~,3,158426,,,false,8
,H{CZZ~~,4,161779,,,false,8
,H{CZZ~~,5,163945,,,false,8
,H{CZZ~~,6,164014,,,false,8
,H{CZZ~~,7,164643,,,false,8
,H{CZZ~~,8,164015,,,false,8
,H{CZZ~~,9,163805,,,false,8
,HwD\r~~,0,178544,,,false,8
,HwD\r~~,1,162128,,,false,8
,HwD\r~~,2,160173,,,false,8
,HwD\r~~,3,158566,,,false,8
,HwD\r~~,4,158356,,,false,8
,HwD\r~~,5,158427,,,false,8
,HwD\r~~,6,159893,,,false,8
,HwD\r~~,7,160242,,,false,8
,HwD\r~~,8,160103,,,false,8
,HwD\r~~,9,155772,,,false,8
,H`K~Mr~,0,166599,,,false,8
,H`K~Mr~,1,166041,,,false,8
,H`K~Mr~,2,156750,,,false,8
,H`K~Mr~,3,151161,,,false,8
,H`K~Mr~,4,150533,,,false,8
,H`K~Mr~,5,150184,,,false,8
,H`K~Mr~,6,150463,,,false,8
,H`K~Mr~,7,150184,,,false,8
,H`K~Mr~,8,161849,,,false,8
,H`K~Mr~,9,153746,,,false,8
,H`K~Mv~,0,165901,,,false,8
,H`K~Mv~,1,162547,,,false,8
,H`K~Mv~,2,156471,,,false,8
,H`K~Mv~,3,156471,,,false,8
,H`K~Mv~,4,162757,,,false,8
,H`K~Mv~,5,160033,,,false,8
,H`K~Mv~,6,155423,,,false,8
,H`K~Mv~,7,155982,,,false,8
,H`K~Mv~,8,155492,,,false,8
,H`K~Mv~,9,155632,,,false,8
,H`rHx~~,0,171279,,,false,8
,H`rHx~~,1,156471,,,false,8
,H`rHx~~,2,154654,,,false,8
,H`rHx~~,3,153537,,,false,8
,H`rHx~~,4,153607,,,false,8
,H`rHx~~,5,153327,,,false,8
,H`rHx~~,6,160591,,,false,8
,H`rHx~~,7,151860,,,false,8
,H`rHx~~,8,156611,,,false,8
,H`rHx~~,9,152139,,,false,8
,H`K~M~~,0,165272,,,false,8
,H`K~M~~,1,160102,,,false,8
,H`K~M~~,2,166669,,,false,8
,H`K~M~~,3,159894,,,false,8
,H`K~M~~,4,159404,,,false,8
,H`K~M~~,5,158426,,,false,8
,H`K~M~~,6,153956,,,false,8
,H`K~M~~,7,153676,,,false,8
,H`K~M~~,8,160312,,,false,8
,H`K~M~~,9,159264,,,false,8
,HKeZZ~~,0,165202,,,false,8
,HKeZZ~~,1,165133,,,false,8
,HKeZZ~~,2,163246,,,false,8
,HKeZZ~~,3,158147,,,false,8
,HKeZZ~~,4,165551,,,false,8
,HKeZZ~~,5,157378,,,false,8
,HKeZZ~~,6,161360,,,false,8
,HKeZZ~~,7,160871,,,false,8
,HKeZZ~~,8,160731,,,false,8
,HKeZZ~~,9,160592,,,false,8
,H`NNjz~,0,170022,,,false,8
,H`NNjz~,1,156889,,,false,8
,H`NNjz~,2,154794,,,false,8
,H`NNjz~,3,154095,,,false,8
,H`NNjz~,4,158496,,,false,8
,H`NNjz~,5,157309,,,false,8
,H`NNjz~,6,161081,,,false,8
,H`NNjz~,7,154654,,,false,8
,H`NNjz~,8,155004,,,false,8
,H`NNjz~,9,159544,,,false,8
,HtPLzz~,0,167438,,,false,8
,HtPLzz~,1,163665,,,false,8
,HtPLzz~,2,170511,,,false,8
,HtPLzz~,3,161779,,,false,8
,HtPLzz~,4,157379,,,false,8
,HtPLzz~,5,157449,,,false,8
,HtPLzz~,6,156470,,,false,8
,HtPLzz~,7,160801,,,false,8
,HtPLzz~,8,164783,,,false,8
,HtPLzz~,9,158426,,,false,8
,HwC}~z~,0,172397,,,false,8
,HwC}~z~,1,162269,,,false,8
,HwC}~z~,2,160591,,,false,8
,HwC}~z~,3,160103,,,false,8
,HwC}~z~,4,168276,,,false,8
,HwC}~z~,5,163596,,,false,8
,HwC}~z~,6,163177,,,false,8
,HwC}~z~,7,162758,,,false,8
,HwC}~z~,8,158845,,,false,8
,HwC}~z~,9,160942,,,false,8
,H`Nez~~,0,175820,,,false,8
,H`Nez~~,1,165621,,,false,8
,H`Nez~~,2,164993,,,false,8
,H`Nez~~,3,163177,,,false,8
,H`Nez~~,4,167018,,,false,8
,H`Nez~~,5,169742,,,false,8
,H`Nez~~,6,162967,,,false,8
,H`Nez~~,7,158357,,,false,8
,H`Nez~~,8,158916,,,false,8
,H`Nez~~,9,158915,,,false,8
,HtPLz~~,0,166320,,,false,8
,HtPLz~~,1,170301,,,false,8
,HtPLz~~,2,161710,,,false,8
,HtPLz~~,3,160522,,,false,8
,HtPLz~~,4,160313,,,false,8
,HtPLz~~,5,164504,,,false,8
,HtPLz~~,6,164224,,,false,8
,HtPLz~~,7,167088,,,false,8
,HtPLz~~,8,159824,,,false,8
,HtPLz~~,9,162059,,,false,8
,HQh\zz~,0,165691,,,false,8
,HQh\zz~,1,156400,,,false,8
,HQh\zz~,2,154235,,,false,8
,HQh\zz~,3,160243,,,false,8
,HQh\zz~,4,156121,,,false,8
,HQh\zz~,5,158287,,,false,8
,HQh\zz~,6,158776,,,false,8
,HQh\zz~,7,160313,,,false,8
,HQh\zz~,8,159125,,,false,8
,HQh\zz~,9,168136,,,false,8
,H`Mzu^~,0,170441,,,false,8
,H`Mzu^~,1,161989,,,false,8
,H`Mzu^~,2,154584,,,false,8
,H`Mzu^~,3,153676,,,false,8
,H`Mzu^~,4,153607,,,false,8
,H`Mzu^~,5,163176,,,false,8
,H`Mzu^~,6,157588,,,false,8
,H`Mzu^~,7,156890,,,false,8
,H`Mzu^~,8,152140,,,false,8
,H`Mzu^~,9,152209,,,false,8
,HwFXzv~,0,167228,,,false,8
,HwFXzv~,1,221504,,,false,8
,HwFXzv~,2,215217,,,false,8
,HwFXzv~,3,200128,,,false,8
,HwFXzv~,4,197125,,,false,8
,HwFXzv~,5,196217,,,false,8
,HwFXzv~,6,207184,,,false,8
,HwFXzv~,7,160941,,,false,8
,HwFXzv~,8,158775,,,false,8
,HwFXzv~,9,164434,,,false,8
,H`px~v~,0,174143,,,false,8
,H`px~v~,1,169952,,,false,8
,H`px~v~,2,161220,,,false,8
,H`px~v~,3,160802,,,false,8
,H`px~v~,4,163875,,,false,8
,H`px~v~,5,164434,,,false,8
,H`px~v~,6,164363,,,false,8
,H`px~v~,7,171069,,,false,8
,H`px~v~,8,163666,,,false,8
,H`px~v~,9,161570,,,false,8
,HQh\z~~,0,170302,,,false,8
,HQh\z~~,1,166809,,,false,8
,HQh\z~~,2,163455,,,false,8
,HQh\z~~,3,188114,,,false,8
,HQh\z~~,4,167996,,,false,8
,HQh\z~~,5,167996,,,false,8
,HQh\z~~,6,167577,,,false,8
,HQh\z~~,7,164364,,,false,8
,HQh\z~~,8,181059,,,false,8
,HQh\z~~,9,171489,,,false,8
,H`o~~z~,0,171000,,,false,8
,H`o~~z~,1,159335,,,false,8
,H`o~~z~,2,169253,,,false,8
,H`o~~z~,3,166809,,,false,8
,H`o~~z~,4,173934,,,false,8
,H`o~~z~,5,156889,,,false,8
,H`o~~z~,6,159893,,,false,8
,H`o~~z~,7,158776,,,false,8
,H`o~~z~,8,160453,,,false,8
,H`o~~z~,9,162967,,,false,8
,H`K~]z~,0,185878,,,false,8
,H`K~]z~,1,158636,,,false,8
,H`K~]z~,2,160802,,,false,8
,H`K~]z~,3,160313,,,false,8
,H`K~]z~,4,163176,,,false,8
,H`K~]z~,5,154934,,,false,8
,H`K~]z~,6,164992,,,false,8
,H`K~]z~,7,156471,,,false,8
,H`K~]z~,8,156331,,,false,8
,H`K~]z~,9,156261,,,false,8
,H`K~]~~,0,166599,,,false,8
,H`K~]~~,1,164155,,,false,8
,H`K~]~~,2,171000,,,false,8
,H`K~]~~,3,160313,,,false,8
,H`K~]~~,4,164224,,,false,8
,H`K~]~~,5,162198,,,false,8
,H`K~]~~,6,161430,,,false,8
,H`K~]~~,7,162128,,,false,8
,H`K~]~~,8,178754,,,false,8
,H`K~]~~,9,170302,,,false,8
,HpNay~~,0,170511,,,false,8
,HpNay~~,1,164084,,,false,8
,HpNay~~,2,160941,,,false,8
,HpNay~~,3,169324,,,false,8
,HpNay~~,4,155214,,,false,8
,HpNay~~,5,154305,,,false,8
,HpNay~~,6,153746,,,false,8
,HpNay~~,7,158426,,,false,8
,HpNay~~,8,157938,,,false,8
,HpNay~~,9,157937,,,false,8
,H{dax~~,0,168694,,,false,8
,H{dax~~,1,161150,,,false,8
,H{dax~~,2,154654,,,false,8
,H{dax~~,3,153747,,,false,8
,H{dax~~,4,153536,,,false,8
,H{dax~~,5,153327,,,false,8
,H{dax~~,6,166250,,,false,8
,H{dax~~,7,159544,,,false,8
,H{dax~~,8,155004,,,false,8
,H{dax~~,9,154934,,,false,8
,HjbH|~~,0,170511,,,false,8
,HjbH|~~,1,173165,,,false,8
,HjbH|~~,2,162199,,,false,8
,HjbH|~~,3,161081,,,false,8
,HjbH|~~,4,160033,,,false,8
,HjbH|~~,5,159614,,,false,8
,HjbH|~~,6,158985,,,false,8
,HjbH|~~,7,173445,,,false,8
,HjbH|~~,8,166739,,,false,8
,HjbH|~~,9,165831,,,false,8
,H`qzr~~,0,174423,,,false,8
,H`qzr~~,1,169533,,,false,8
,H`qzr~~,2,167018,,,false,8
,H`qzr~~,3,171629,,,false,8
,H`qzr~~,4,165342,,,false,8
,H`qzr~~,5,162477,,,false,8
,H`qzr~~,6,164224,,,false,8
,H`qzr~~,7,157029,,,false,8
,H`qzr~~,8,157518,,,false,8
,H`qzr~~,9,165412,,,false,8
,H`zPz~~,0,167019,,,false,8
,H`zPz~~,1,185459,,,false,8
,H`zPz~~,2,261460,,,false,8
,H`zPz~~,3,281927,,,false,8
,H`zPz~~,4,266349,,,false,8
,H`zPz~~,5,285069,,,false,8
,H`zPz~~,6,279691,,,false,8
,H`zPz~~,7,280599,,,false,8
,H`zPz~~,8,256710,,,false,8
,H`zPz~~,9,258316,,,false,8
,H`qzvn~,0,273544,,,false,8
,H`qzvn~,1,265581,,,false,8
,H`qzvn~,2,262996,,,false,8
,H`qzvn~,3,259852,,,false,8
,H`qzvn~,4,268025,,,false,8
,H`qzvn~,5,261529,,,false,8
,H`qzvn~,6,266699,,,false,8
,H`qzvn~,7,262227,,,false,8
,H`qzvn~,8,269423,,,false,8
,H`qzvn~,9,259154,,,false,8
,HKd~vz~,0,269702,,,false,8
,HKd~vz~,1,273474,,,false,8
,HKd~vz~,2,261389,,,false,8
,HKd~vz~,3,257687,,,false,8
,HKd~vz~,4,256500,,,false,8
,HKd~vz~,5,265651,,,false,8
,HKd~vz~,6,259155,,,false,8
,HKd~vz~,7,250422,,,false,8
,HKd~vz~,8,250772,,,false,8
,HKd~vz~,9,220525,,,false,8
,HKd~r~~,0,176798,,,false,8
,HKd~r~~,1,173305,,,false,8
,HKd~r~~,2,160312,,,false,8
,HKd~r~~,3,159823,,,false,8
,HKd~r~~,4,181059,,,false,8
,HKd~r~~,5,167577,,,false,8
,HKd~r~~,6,160731,,,false,8
,HKd~r~~,7,160941,,,false,8
,HKd~r~~,8,158915,,,false,8
,HKd~r~~,9,158776,,,false,8
,HKfzrv~,0,180361,,,false,8
,HKfzrv~,1,161430,,,false,8
,HKfzrv~,2,162967,,,false,8
,HKfzrv~,3,164155,,,false,8
,HKfzrv~,4,167578,,,false,8
,HKfzrv~,5,158356,,,false,8
,HKfzrv~,6,174563,,,false,8
,HKfzrv~,7,163805,,,false,8
,HKfzrv~,8,164922,,,false,8
,HKfzrv~,9,160802,,,false,8
,Hfphx~~,0,170930,,,false,8
,Hfphx~~,1,168765,,,false,8
,Hfphx~~,2,187345,,,false,8
,Hfphx~~,3,161291,,,false,8
,Hfphx~~,4,158845,,,false,8
,Hfphx~~,5,159824,,,false,8
,Hfphx~~,6,158636,,,false,8
,Hfphx~~,7,158636,,,false,8
,Hfphx~~,8,174353,,,false,8
,Hfphx~~,9,163246,,,false,8
,HbK~]~~,0,173515,,,false,8
,HbK~]~~,1,178893,,,false,8
,HbK~]~~,2,164364,,,false,8
,HbK~]~~,3,167717,,,false,8
,HbK~]~~,4,165830,,,false,8
,HbK~]~~,5,165621,,,false,8
,HbK~]~~,6,165272,,,false,8
,HbK~]~~,7,165132,,,false,8
,HbK~]~~,8,163456,,,false,8
,HbK~]~~,9,168695,,,false,8
,H`}rm^~,0,169184,,,false,8
,H`}rm^~,1,163944,,,false,8
,H`}rm^~,2,164433,,,false,8
,H`}rm^~,3,163177,,,false,8
,H`}rm^~,4,163456,,,false,8
,H`}rm^~,5,168066,,,false,8
,H`}rm^~,6,158636,,,false,8
,H`}rm^~,7,155981,,,false,8
,H`}rm^~,8,155563,,,false,8
,H`}rm^~,9,155282,,,false,8
,HKd~v^~,0,165202,,,false,8
,HKd~v^~,1,167437,,,false,8
,HKd~v^~,2,158706,,,false,8
,HKd~v^~,3,158846,,,false,8
,HKd~v^~,4,158985,,,false,8
,HKd~v^~,5,158356,,,false,8
,HKd~v^~,6,158845,,,false,8
,HKd~v^~,7,174633,,,false,8
,HKd~v^~,8,160731,,,false,8
,HKd~v^~,9,159125,,,false,8
,H`Nmz~~,0,167088,,,false,8
,H`Nmz~~,1,162268,,,false,8
,H`Nmz~~,2,170301,,,false,8
,H`Nmz~~,3,158916,,,false,8
,H`Nmz~~,4,159264,,,false,8
,H`Nmz~~,5,163456,,,false,8
,H`Nmz~~,6,166389,,,false,8
,H`Nmz~~,7,164713,,,false,8
,H`Nmz~~,8,174352,,,false,8
,H`Nmz~~,9,164015,,,false,8
,H`N~u~~,0,174423,,,false,8
,H`N~u~~,1,167297,,,false,8
,H`N~u~~,2,165831,,,false,8
,H`N~u~~,3,163246,,,false,8
,H`N~u~~,4,169533,,,false,8
,H`N~u~~,5,164504,,,false,8
,H`N~u~~,6,166110,,,false,8
,H`N~u~~,7,163944,,,false,8
,H`N~u~~,8,167717,,,false,8
,H`N~u~~,9,168066,,,false,8
,HxFHy~~,0,179033,,,false,8
,HxFHy~~,1,163525,,,false,8
,HxFHy~~,2,165202,,,false,8
,HxFHy~~,3,163456,,,false,8
,HxFHy~~,4,160731,,,false,8
,HxFHy~~,5,160313,,,false,8
,HxFHy~~,6,168904,,,false,8
,HxFHy~~,7,159334,,,false,8
,HxFHy~~,8,156401,,,false,8
,HxFHy~~,9,156470,,,false,8
,HRiiy~~,0,168066,,,false,8
,HRiiy~~,1,171210,,,false,8
,HRiiy~~,2,160173,,,false,8
,HRiiy~~,3,159614,,,false,8
,HRiiy~~,4,158357,,,false,8
,HRiiy~~,5,157937,,,false,8
,HRiiy~~,6,156820,,,false,8
,HRiiy~~,7,157169,,,false,8
,HRiiy~~,8,177217,,,false,8
,HRiiy~~,9,160313,,,false,8
,Hhox}~~,0,176658,,,false,8
,Hhox}~~,1,166948,,,false,8
,Hhox}~~,2,165901,,,false,8
,Hhox}~~,3,176029,,,false,8
,Hhox}~~,4,166599,,,false,8
,Hhox}~~,5,173165,,,false,8
,Hhox}~~,6,159894,,,false,8
,Hhox}~~,7,169393,,,false,8
,Hhox}~~,8,164014,,,false,8
,Hhox}~~,9,171139,,,false,8
,HRhY|~~,0,167019,,,false,8
,HRhY|~~,1,160312,,,false,8
,HRhY|~~,2,158566,,,false,8
,HRhY|~~,3,156890,,,false,8
,HRhY|~~,4,155912,,,false,8
,HRhY|~~,5,176030,,,false,8
,HRhY|~~,6,157029,,,false,8
,HRhY|~~,7,159404,,,false,8
,HRhY|~~,8,159754,,,false,8
,HRhY|~~,9,159474,,,false,8
,H`tp~^~,0,169673,,,false,8
,H`tp~^~,1,171908,,,false,8
,H`tp~^~,2,165062,,,false,8
,H`tp~^~,3,162198,,,false,8
,H`tp~^~,4,161780,,,false,8
,H`tp~^~,5,171838,,,false,8
,H`tp~^~,6,174911,,,false,8
,H`tp~^~,7,160802,,,false,8
,H`tp~^~,8,161779,,,false,8
,H`tp~^~,9,157309,,,false,8
,HdKz]^~,0,176239,,,false,8
,HdKz]^~,1,156960,,,false,8
,HdKz]^~,2,168904,,,false,8
,HdKz]^~,3,158636,,,false,8
,HdKz]^~,4,160941,,,false,8
,HdKz]^~,5,165063,,,false,8
,HdKz]^~,6,153258,,,false,8
,HdKz]^~,7,156680,,,false,8
,HdKz]^~,8,162058,,,false,8
,HdKz]^~,9,151650,,,false,8
,H`Mzu~~,0,172746,,,false,8
,H`Mzu~~,1,167577,,,false,8
,H`Mzu~~,2,161221,,,false,8
,H`Mzu~~,3,160941,,,false,8
,H`Mzu~~,4,169742,,,false,8
,H`Mzu~~,5,161570,,,false,8
,H`Mzu~~,6,158356,,,false,8
,H`Mzu~~,7,161221,,,false,8
,H`Mzu~~,8,161360,,,false,8
,H`Mzu~~,9,160662,,,false,8
,H~`HW~~,0,171978,,,false,8
,H~`HW~~,1,154724,,,false,8
,H~`HW~~,2,152629,,,false,8
,H~`HW~~,3,156470,,,false,8
,H~`HW~~,4,156331,,,false,8
,H~`HW~~,5,155702,,,false,8
,H~`HW~~,6,172397,,,false,8
,H~`HW~~,7,155911,,,false,8
,H~`HW~~,8,154026,,,false,8
,H~`HW~~,9,153467,,,false,8
,HrhTY~~,0,160242,,,false,8
,HrhTY~~,1,153747,,,false,8
,HrhTY~~,2,162408,,,false,8
,HrhTY~~,3,151651,,,false,8
,HrhTY~~,4,151931,,,false,8
,HrhTY~~,5,152559,,,false,8
,HrhTY~~,6,151650,,,false,8
,HrhTY~~,7,157169,,,false,8
,HrhTY~~,8,165831,,,false,8
,HrhTY~~,9,157029,,,false,8
,HtPix~~,0,162198,,,false,8
,HtPix~~,1,153467,,,false,8
,HtPix~~,2,151232,,,false,8
,HtPix~~,3,149695,,,false,8
,HtPix~~,4,153188,,,false,8
,HtPix~~,5,153397,,,false,8
,HtPix~~,6,153886,,,false,8
,HtPix~~,7,157658,,,false,8
,HtPix~~,8,157448,,,false,8
,HtPix~~,9,157449,,,false,8
,HhNUX~~,0,173236,,,false,8
,HhNUX~~,1,160662,,,false,8
,HhNUX~~,2,159474,,,false,8
,HhNUX~~,3,158706,,,false,8
,HhNUX~~,4,158357,,,false,8
,HhNUX~~,5,158426,,,false,8
,HhNUX~~,6,158426,,,false,8
,HhNUX~~,7,165481,,,false,8
,HhNUX~~,8,158497,,,false,8
,HhNUX~~,9,152629,,,false,8
,H{DX~^~,0,172467,,,false,8
,H{DX~^~,1,166040,,,false,8
,H{DX~^~,2,170790,,,false,8
,H{DX~^~,3,163316,,,false,8
,H{DX~^~,4,163247,,,false,8
,H{DX~^~,5,163665,,,false,8
,H{DX~^~,6,163386,,,false,8
,H{DX~^~,7,162966,,,false,8
,H{DX~^~,8,167228,,,false,8
,H{DX~^~,9,158427,,,false,8
,HJqkz~~,0,167787,,,false,8
,HJqkz~~,1,161500,,,false,8
,HJqkz~~,2,159264,,,false,8
,HJqkz~~,3,158286,,,false,8
,HJqkz~~,4,171908,,,false,8
,HJqkz~~,5,162687,,,false,8
,HJqkz~~,6,165831,,,false,8
,HJqkz~~,7,166040,,,false,8
,HJqkz~~,8,161081,,,false,8
,HJqkz~~,9,161290,,,false,8
,H`uvZz~,0,178334,,,false,8
,H`uvZz~,1,163735,,,false,8
,H`uvZz~,2,156960,,,false,8
,H`uvZz~,3,159824,,,false,8
,H`uvZz~,4,159334,,,false,8
,H`uvZz~,5,159614,,,false,8
,H`uvZz~,6,162268,,,false,8
,H`uvZz~,7,163666,,,false,8
,H`uvZz~,8,163735,,,false,8
,H`uvZz~,9,156959,,,false,8
,HKuzrn~,0,165062,,,false,8
,HKuzrn~,1,160103,,,false,8
,HKuzrn~,2,174632,,,false,8
,HKuzrn~,3,157938,,,false,8
,HKuzrn~,4,160802,,,false,8
,HKuzrn~,5,175051,,,false,8
,HKuzrn~,6,163246,,,false,8
,HKuzrn~,7,171489,,,false,8
,HKuzrn~,8,180570,,,false,8
,HKuzrn~,9,164923,,,false,8
,Hwuqx~~,0,170930,,,false,8
,Hwuqx~~,1,165133,,,false,8
,Hwuqx~~,2,162617,,,false,8
,Hwuqx~~,3,167298,,,false,8
,Hwuqx~~,4,157798,,,false,8
,Hwuqx~~,5,171139,,,false,8
,Hwuqx~~,6,160802,,,false,8
,Hwuqx~~,7,158775,,,false,8
,Hwuqx~~,8,161919,,,false,8
,Hwuqx~~,9,172537,,,false,8
,HqltY~~,0,168275,,,false,8
,HqltY~~,1,165202,,,false,8
,HqltY~~,2,165691,,,false,8
,HqltY~~,3,158427,,,false,8
,HqltY~~,4,161779,,,false,8
,HqltY~~,5,170092,,,false,8
,HqltY~~,6,167018,,,false,8
,HqltY~~,7,160871,,,false,8
,HqltY~~,8,159894,,,false,8
,HqltY~~,9,163595,,,false,8
,HKnZvn~,0,170511,,,false,8
,HKnZvn~,1,172467,,,false,8
,HKnZvn~,2,174213,,,false,8
,HKnZvn~,3,159893,,,false,8
,HKnZvn~,4,162827,,,false,8
,HKnZvn~,5,162548,,,false,8
,HKnZvn~,6,162757,,,false,8
,HKnZvn~,7,179173,,,false,8
,HKnZvn~,8,162687,,,false,8
,HKnZvn~,9,163665,,,false,8
,HQlu~^~,0,172746,,,false,8
,HQlu~^~,1,167856,,,false,8
,HQlu~^~,2,169882,,,false,8
,HQlu~^~,3,165341,,,false,8
,HQlu~^~,4,160243,,,false,8
,HQlu~^~,5,157937,,,false,8
,HQlu~^~,6,158426,,,false,8
,HQlu~^~,7,162687,,,false,8
,HQlu~^~,8,166599,,,false,8
,HQlu~^~,9,158217,,,false,8
,HKttz~~,0,171699,,,false,8
,HKttz~~,1,167996,,,false,8
,HKttz~~,2,158286,,,false,8
,HKttz~~,3,157589,,,false,8
,HKttz~~,4,166460,,,false,8
,HKttz~~,5,167577,,,false,8
,HKttz~~,6,161011,,,false,8
,HKttz~~,7,160102,,,false,8
,HKttz~~,8,159055,,,false,8
,HKttz~~,9,165132,,,false,8
,Hqh\z~~,0,179591,,,false,8
,Hqh\z~~,1,165412,,,false,8
,Hqh\z~~,2,161081,,,false,8
,Hqh\z~~,3,159893,,,false,8
,Hqh\z~~,4,158915,,,false,8
,Hqh\z~~,5,158916,,,false,8
,Hqh\z~~,6,166319,,,false,8
,Hqh\z~~,7,156610,,,false,8
,Hqh\z~~,8,165342,,,false,8
,Hqh\z~~,9,168415,,,false,8
,HTlrY~~,0,173584,,,false,8
,HTlrY~~,1,175261,,,false,8
,HTlrY~~,2,232750,,,false,8
,HTlrY~~,3,266559,,,false,8
,HTlrY~~,4,270051,,,false,8
,HTlrY~~,5,275570,,,false,8
,HTlrY~~,6,268654,,,false,8
,HTlrY~~,7,272706,,,false,8
,HTlrY~~,8,262437,,,false,8
,HTlrY~~,9,275919,,,false,8
,HTXZ~z~,0,274871,,,false,8
,HTXZ~z~,1,259364,,,false,8
,HTXZ~z~,2,265441,,,false,8
,HTXZ~z~,3,256220,,,false,8
,HTXZ~z~,4,260971,,,false,8
,HTXZ~z~,5,256988,,,false,8
,HTXZ~z~,6,299459,,,false,8
,HTXZ~z~,7,215776,,,false,8
,HTXZ~z~,8,206136,,,false,8
,HTXZ~z~,9,201106,,,false,8
,HTX\z~~,0,225206,,,false,8
,HTX\z~~,1,208930,,,false,8
,HTX\z~~,2,177427,,,false,8
,HTX\z~~,3,163736,,,false,8
,HTX\z~~,4,162967,,,false,8
,HTX\z~~,5,162269,,,false,8
,HTX\z~~,6,172676,,,false,8
,HTX\z~~,7,162548,,,false,8
,HTX\z~~,8,163455,,,false,8
,HTX\z~~,9,162758,,,false,8
,HTX^~z~,0,176728,,,false,8
,HTX^~z~,1,178264,,,false,8
,HTX^~z~,2,169952,,,false,8
,HTX^~z~,3,168066,,,false,8
,HTX^~z~,4,162617,,,false,8
,HTX^~z~,5,163176,,,false,8
,HTX^~z~,6,162687,,,false,8
,HTX^~z~,7,169602,,,false,8
,HTX^~z~,8,162269,,,false,8
,HTX^~z~,9,162059,,,false,8
,HqK|Y~~,0,161989,,,false,8
,HqK|Y~~,1,155702,,,false,8
,HqK|Y~~,2,153117,,,false,8
,HqK|Y~~,3,158775,,,false,8
,HqK|Y~~,4,151511,,,false,8
,HqK|Y~~,5,151651,,,false,8
,HqK|Y~~,6,149206,,,false,8
,HqK|Y~~,7,150114,,,false,8
,HqK|Y~~,8,150254,,,false,8
,HqK|Y~~,9,163875,,,false,8
,HqKy~^~,0,162268,,,false,8
,HqKy~^~,1,164573,,,false,8
,HqKy~^~,2,165622,,,false,8
,HqKy~^~,3,164573,,,false,8
,HqKy~^~,4,164154,,,false,8
,HqKy~^~,5,168346,,,false,8
,HqKy~^~,6,164084,,,false,8
,HqKy~^~,7,163247,,,false,8
,HqKy~^~,8,161710,,,false,8
,HqKy~^~,9,157518,,,false,8
,H}hPW~~,0,159334,,,false,8
,H}hPW~~,1,160732,,,false,8
,H}hPW~~,2,150113,,,false,8
,H}hPW~~,3,148997,,,false,8
,H}hPW~~,4,151441,,,false,8
,H}hPW~~,5,151860,,,false,8
,H}hPW~~,6,152139,,,false,8
,H}hPW~~,7,159894,,,false,8
,H}hPW~~,8,152139,,,false,8
,H}hPW~~,9,152140,,,false,8
,H}GZ[~~,0,164713,,,false,8
,H}GZ[~~,1,159195,,,false,8
,H}GZ[~~,2,157169,,,false,8
,H}GZ[~~,3,169463,,,false,8
,H}GZ[~~,4,160312,,,false,8
,H}GZ[~~,5,160592,,,false,8
,H}GZ[~~,6,157099,,,false,8
,H}GZ[~~,7,156890,,,false,8
,H}GZ[~~,8,156540,,,false,8
,H}GZ[~~,9,164853,,,false,8
,HrotY~~,0,159264,,,false,8
,HrotY~~,1,154445,,,false,8
,HrotY~~,2,153118,,,false,8
,HrotY~~,3,150952,,,false,8
,HrotY~~,4,155772,,,false,8
,HrotY~~,5,155842,,,false,8
,HrotY~~,6,159893,,,false,8
,HrotY~~,7,151231,,,false,8
,HrotY~~,8,151580,,,false,8
,HrotY~~,9,155283,,,false,8
,HqNax~~,0,161361,,,false,8
,HqNax~~,1,156051,,,false,8
,HqNax~~,2,162897,,,false,8
,HqNax~~,3,154026,,,false,8
,HqNax~~,4,154864,,,false,8
,HqNax~~,5,154584,,,false,8
,HqNax~~,6,154584,,,false,8
,HqNax~~,7,155772,,,false,8
,HqNax~~,8,164294,,,false,8
,HqNax~~,9,155702,,,false,8
,HtOy~^~,0,169114,,,false,8
,HtOy~^~,1,160242,,,false,8
,HtOy~^~,2,158427,,,false,8
,HtOy~^~,3,157448,,,false,8
,HtOy~^~,4,166180,,,false,8
,HtOy~^~,5,156471,,,false,8
,HtOy~^~,6,155982,,,false,8
,HtOy~^~,7,156401,,,false,8
,HtOy~^~,8,155562,,,false,8
,HtOy~^~,9,157030,,,false,8
,Hqgyz~~,0,173585,,,false,8
,Hqgyz~~,1,160661,,,false,8
,Hqgyz~~,2,160452,,,false,8
,Hqgyz~~,3,159614,,,false,8
,Hqgyz~~,4,164154,,,false,8
,Hqgyz~~,5,164574,,,false,8
,Hqgyz~~,6,168974,,,false,8
,Hqgyz~~,7,163665,,,false,8
,Hqgyz~~,8,163246,,,false,8
,Hqgyz~~,9,162967,,,false,8
,HRqi~n~,0,165970,,,false,8
,HRqi~n~,1,160313,,,false,8
,HRqi~n~,2,167228,,,false,8
,HRqi~n~,3,162897,,,false,8
,HRqi~n~,4,161360,,,false,8
,HRqi~n~,5,160732,,,false,8
,HRqi~n~,6,160522,,,false,8
,HRqi~n~,7,160802,,,false,8
,HRqi~n~,8,170092,,,false,8
,HRqi~n~,9,160871,,,false,8
,HhqXz~~,0,171768,,,false,8
,HhqXz~~,1,164574,,,false,8
,HhqXz~~,2,162967,,,false,8
,HhqXz~~,3,173235,,,false,8
,HhqXz~~,4,166460,,,false,8
,HhqXz~~,5,165691,,,false,8
,HhqXz~~,6,166110,,,false,8
,HhqXz~~,7,166459,,,false,8
,HhqXz~~,8,166320,,,false,8
,HhqXz~~,9,169323,,,false,8
,HqzPx~~,0,173654,,,false,8
,HqzPx~~,1,166949,,,false,8
,HqzPx~~,2,161850,,,false,8
,HqzPx~~,3,162128,,,false,8
,HqzPx~~,4,161570,,,false,8
,HqzPx~~,5,163945,,,false,8
,HqzPx~~,6,161989,,,false,8
,HqzPx~~,7,161430,,,false,8
,HqzPx~~,8,161570,,,false,8
,HqzPx~~,9,161430,,,false,8
,HuSxz^~,0,171140,,,false,8
,HuSxz^~,1,171069,,,false,8
,HuSxz^~,2,162828,,,false,8
,HuSxz^~,3,163247,,,false,8
,HuSxz^~,4,163176,,,false,8
,HuSxz^~,5,162198,,,false,8
,HuSxz^~,6,170162,,,false,8
,HuSxz^~,7,161779,,,false,8
,HuSxz^~,8,161779,,,false,8
,HuSxz^~,9,163246,,,false,8
,HkurX~~,0,168765,,,false,8
,HkurX~~,1,164713,,,false,8
,HkurX~~,2,171489,,,false,8
,HkurX~~,3,162128,,,false,8
,HkurX~~,4,162688,,,false,8
,HkurX~~,5,161570,,,false,8
,HkurX~~,6,161500,,,false,8
,HkurX~~,7,160941,,,false,8
,HkurX~~,8,166041,,,false,8
,HkurX~~,9,156680,,,false,8
,HYU\~z~,0,173305,,,false,8
,HYU\~z~,1,168206,,,false,8
,HYU\~z~,2,166599,,,false,8
,HYU\~z~,3,165132,,,false,8
,HYU\~z~,4,168695,,,false,8
,HYU\~z~,5,159334,,,false,8
,HYU\~z~,6,159824,,,false,8
,HYU\~z~,7,160313,,,false,8
,HYU\~z~,8,160382,,,false,8
,HYU\~z~,9,160033,,,false,8
,HqK~]~~,0,173934,,,false,8
,HqK~]~~,1,161500,,,false,8
,HqK~]~~,2,159614,,,false,8
,HqK~]~~,3,156680,,,false,8
,HqK~]~~,4,155492,,,false,8
,HqK~]~~,5,154515,,,false,8
,HqK~]~~,6,162757,,,false,8
,HqK~]~~,7,157658,,,false,8
,HqK~]~~,8,157867,,,false,8
,HqK~]~~,9,157588,,,false,8
,Hktpx~~,0,171768,,,false,8
,Hktpx~~,1,165971,,,false,8
,Hktpx~~,2,167996,,,false,8
,Hktpx~~,3,160312,,,false,8
,Hktpx~~,4,158706,,,false,8
,Hktpx~~,5,164224,,,false,8
,Hktpx~~,6,163736,,,false,8
,Hktpx~~,7,164085,,,false,8
,Hktpx~~,8,171768,,,false,8
,Hktpx~~,9,159335,,,false,8
,Hdthzn~,0,166879,,,false,8
,Hdthzn~,1,160382,,,false,8
,Hdthzn~,2,157448,,,false,8
,Hdthzn~,3,158007,,,false,8
,Hdthzn~,4,165132,,,false,8
,Hdthzn~,5,156890,,,false,8
,Hdthzn~,6,156819,,,false,8
,Hdthzn~,7,160802,,,false,8
,Hdthzn~,8,162268,,,false,8
,Hdthzn~,9,161360,,,false,8
,H`mzrn~,0,256220,,,false,8
,H`mzrn~,1,214518,,,false,8
,H`mzrn~,2,204041,,,false,8
,H`mzrn~,3,202364,,,false,8
,H`mzrn~,4,211864,,,false,8
,H`mzrn~,5,201805,,,false,8
,H`mzrn~,6,169882,,,false,8
,H`mzrn~,7,150673,,,false,8
,H`mzrn~,8,150742,,,false,8
,H`mzrn~,9,151092,,,false,8
,HpLy~v~,0,165552,,,false,8
,HpLy~v~,1,158496,,,false,8
,HpLy~v~,2,162967,,,false,8
,HpLy~v~,3,159753,,,false,8
,HpLy~v~,4,158217,,,false,8
,HpLy~v~,5,167228,,,false,8
,HpLy~v~,6,160382,,,false,8
,HpLy~v~,7,167787,,,false,8
,HpLy~v~,8,162408,,,false,8
,HpLy~v~,9,161080,,,false,8
,H`zTzz~,0,164224,,,false,8
,H`zTzz~,1,173166,,,false,8
,H`zTzz~,2,157588,,,false,8
,H`zTzz~,3,161710,,,false,8
,H`zTzz~,4,162758,,,false,8
,H`zTzz~,5,160033,,,false,8
,H`zTzz~,6,158357,,,false,8
,H`zTzz~,7,171349,,,false,8
,H`zTzz~,8,158636,,,false,8
,H`zTzz~,9,157169,,,false,8
,HKur~z~,0,163666,,,false,8
,HKur~z~,1,158426,,,false,8
,HKur~z~,2,156680,,,false,8
,HKur~z~,3,165551,,,false,8
,HKur~z~,4,155004,,,false,8
,HKur~z~,5,159404,,,false,8
,HKur~z~,6,163246,,,false,8
,HKur~z~,7,157449,,,false,8
,HKur~z~,8,156680,,,false,8
,HKur~z~,9,164155,,,false,8
,HqL\~^~,0,163456,,,false,8
,HqL\~^~,1,158846,,,false,8
,HqL\~^~,2,159334,,,false,8
,HqL\~^~,3,158916,,,false,8
,HqL\~^~,4,158286,,,false,8
,HqL\~^~,5,171140,,,false,8
,HqL\~^~,6,162199,,,false,8
,HqL\~^~,7,161919,,,false,8
,HqL\~^~,8,155493,,,false,8
,HqL\~^~,9,154235,,,false,8
,HdW}z~~,0,165970,,,false,8
,HdW}z~~,1,168765,,,false,8
,HdW}z~~,2,159404,,,false,8
,HdW}z~~,3,158426,,,false,8
,HdW}z~~,4,163247,,,false,8
,HdW}z~~,5,164713,,,false,8
,HdW}z~~,6,162617,,,false,8
,HdW}z~~,7,167368,,,false,8
,HdW}z~~,8,158566,,,false,8
,HdW}z~~,9,159195,,,false,8
,H`lv]~~,0,173166,,,false,8
,H`lv]~~,1,166599,,,false,8
,H`lv]~~,2,164643,,,false,8
,H`lv]~~,3,168136,,,false,8
,H`lv]~~,4,165412,,,false,8
,H`lv]~~,5,162547,,,false,8
,H`lv]~~,6,159475,,,false,8
,H`lv]~~,7,158286,,,false,8
,H`lv]~~,8,154725,,,false,8
,H`lv]~~,9,164433,,,false,8
,H`lv~z~,0,172746,,,false,8
,H`lv~z~,1,167437,,,false,8
,H`lv~z~,2,162757,,,false,8
,H`lv~z~,3,162198,,,false,8
,H`lv~z~,4,161290,,,false,8
,H`lv~z~,5,161989,,,false,8
,H`lv~z~,6,161640,,,false,8
,H`lv~z~,7,161779,,,false,8
,H`lv~z~,8,162547,,,false,8
,H`lv~z~,9,161989,,,false,8
,H\TZ\~~,0,178334,,,false,8
,H\TZ\~~,1,162967,,,false,8
,H\TZ\~~,2,160801,,,false,8
,H\TZ\~~,3,157448,,,false,8
,H\TZ\~~,4,155982,,,false,8
,H\TZ\~~,5,155073,,,false,8
,H\TZ\~~,6,165132,,,false,8
,H\TZ\~~,7,155003,,,false,8
,H\TZ\~~,8,154934,,,false,8
,H\TZ\~~,9,155003,,,false,8
,H}Ky~^~,0,167647,,,false,8
,H}Ky~^~,1,162688,,,false,8
,H}Ky~^~,2,170650,,,false,8
,H}Ky~^~,3,160592,,,false,8
,H}Ky~^~,4,160732,,,false,8
,H}Ky~^~,5,162617,,,false,8
,H}Ky~^~,6,163246,,,false,8
,H}Ky~^~,7,163247,,,false,8
,H}Ky~^~,8,176448,,,false,8
,H}Ky~^~,9,162268,,,false,8
,HR]~Mv~,0,168694,,,false,8
,HR]~Mv~,1,161081,,,false,8
,HR]~Mv~,2,159055,,,false,8
,HR]~Mv~,3,159894,,,false,8
,HR]~Mv~,4,167018,,,false,8
,HR]~Mv~,5,160312,,,false,8
,HR]~Mv~,6,158846,,,false,8
,HR]~Mv~,7,163036,,,false,8
,HR]~Mv~,8,163177,,,false,8
,HR]~Mv~,9,163246,,,false,8
,HJnL~n~,0,202154,,,false,8
,HJnL~n~,1,277316,,,false,8
,HJnL~n~,2,273055,,,false,8
,HJnL~n~,3,272357,,,false,8
,HJnL~n~,4,272146,,,false,8
,HJnL~n~,5,277526,,,false,8
,HJnL~n~,6,281577,,,false,8
,HJnL~n~,7,286816,,,false,8
,HJnL~n~,8,272426,,,false,8
,HJnL~n~,9,260272,,,false,8
,HhN~u~~,0,282416,,,false,8
,HhN~u~~,1,265301,,,false,8
,HhN~u~~,2,270610,,,false,8
,HhN~u~~,3,268934,,,false,8
,HhN~u~~,4,277316,,,false,8
,HhN~u~~,5,272636,,,false,8
,HhN~u~~,6,272706,,,false,8
,HhN~u~~,7,272147,,,false,8
,HhN~u~~,8,281438,,,false,8
,HhN~u~~,9,269981,,,false,8
,HjK~]~~,0,269842,,,false,8
,HjK~]~~,1,281507,,,false,8
,HjK~]~~,2,262857,,,false,8
,HjK~]~~,3,267816,,,false,8
,HjK~]~~,4,256430,,,false,8
,HjK~]~~,5,255801,,,false,8
,HjK~]~~,6,246650,,,false,8
,HjK~]~~,7,181967,,,false,8
,HjK~]~~,8,167089,,,false,8
,HjK~]~~,9,175750,,,false,8
,HRVlz~~,0,178544,,,false,8
,HRVlz~~,1,173864,,,false,8
,HRVlz~~,2,167297,,,false,8
,HRVlz~~,3,164155,,,false,8
,HRVlz~~,4,163874,,,false,8
,HRVlz~~,5,171699,,,false,8
,HRVlz~~,6,163805,,,false,8
,HRVlz~~,7,163037,,,false,8
,HRVlz~~,8,168555,,,false,8
,HRVlz~~,9,168905,,,false,8
,H[Uzu~~,0,174493,,,false,8
,H[Uzu~~,1,177217,,,false,8
,H[Uzu~~,2,166460,,,false,8
,H[Uzu~~,3,164643,,,false,8
,H[Uzu~~,4,156051,,,false,8
,H[Uzu~~,5,157449,,,false,8
,H[Uzu~~,6,157868,,,false,8
,H[Uzu~~,7,164015,,,false,8
,H[Uzu~~,8,156331,,,false,8
,H[Uzu~~,9,160941,,,false,8
,HLrZt~~,0,167018,,,false,8
,HLrZt~~,1,163945,,,false,8
,HLrZt~~,2,170441,,,false,8
,HLrZt~~,3,161011,,,false,8
,HLrZt~~,4,157448,,,false,8
,HLrZt~~,5,157449,,,false,8
,HLrZt~~,6,160243,,,false,8
,HLrZt~~,7,160732,,,false,8
,HLrZt~~,8,160801,,,false,8
,HLrZt~~,9,172467,,,false,8
,H\diz~~,0,170860,,,false,8
,H\diz~~,1,166459,,,false,8
,H\diz~~,2,163666,,,false,8
,H\diz~~,3,162687,,,false,8
,H\diz~~,4,174632,,,false,8
,H\diz~~,5,157309,,,false,8
,H\diz~~,6,156889,,,false,8
,H\diz~~,7,159824,,,false,8
,H\diz~~,8,159335,,,false,8
,H\diz~~,9,159404,,,false,8
,HKl~e~~,0,177985,,,false,8
,HKl~e~~,1,167018,,,false,8
,HKl~e~~,2,167228,,,false,8
,HKl~e~~,3,165691,,,false,8
,HKl~e~~,4,163596,,,false,8
,HKl~e~~,5,163735,,,false,8
,HKl~e~~,6,165621,,,false,8
,HKl~e~~,7,159754,,,false,8
,HKl~e~~,8,159264,,,false,8
,HKl~e~~,9,158706,,,false,8
,HRlu~Z~,0,172746,,,false,8
,HRlu~Z~,1,159894,,,false,8
,HRlu~Z~,2,180290,,,false,8
,HRlu~Z~,3,162757,,,false,8
,HRlu~Z~,4,161989,,,false,8
,HRlu~Z~,5,165412,,,false,8
,HRlu~Z~,6,159124,,,false,8
,HRlu~Z~,7,163177,,,false,8
,HRlu~Z~,8,168206,,,false,8
,HRlu~Z~,9,158147,,,false,8
,HKnr~v~,0,178265,,,false,8
,HKnr~v~,1,173933,,,false,8
,HKnr~v~,2,166739,,,false,8
,HKnr~v~,3,174143,,,false,8
,HKnr~v~,4,165901,,,false,8
,HKnr~v~,5,165272,,,false,8
,HKnr~v~,6,165901,,,false,8
,HKnr~v~,7,161290,,,false,8
,HKnr~v~,8,160312,,,false,8
,HKnr~v~,9,169393,,,false,8
,HRlu~^~,0,167228,,,false,8
,HRlu~^~,1,162897,,,false,8
,HRlu~^~,2,161500,,,false,8
,HRlu~^~,3,161640,,,false,8
,HRlu~^~,4,160801,,,false,8
,HRlu~^~,5,169394,,,false,8
,HRlu~^~,6,161361,,,false,8
,HRlu~^~,7,164573,,,false,8
,HRlu~^~,8,167717,,,false,8
,HRlu~^~,9,168555,,,false,8
,HQl~~z~,0,176937,,,false,8
,HQl~~z~,1,186158,,,false,8
,HQl~~z~,2,173794,,,false,8
,HQl~~z~,3,170721,,,false,8
,HQl~~z~,4,164853,,,false,8
,HQl~~z~,5,165202,,,false,8
,HQl~~z~,6,173096,,,false,8
,HQl~~z~,7,165202,,,false,8
,HQl~~z~,8,164154,,,false,8
,HQl~~z~,9,163735,,,false,8
,H{dXz^~,0,168695,,,false,8
,H{dXz^~,1,161220,,,false,8
,H{dXz^~,2,165691,,,false,8
,H{dXz^~,3,158147,,,false,8
,H{dXz^~,4,157239,,,false,8
,H{dXz^~,5,159474,,,false,8
,H{dXz^~,6,161081,,,false,8
,H{dXz^~,7,160592,,,false,8
,H{dXz^~,8,170511,,,false,8
,H{dXz^~,9,165411,,,false,8
,HrrHx~~,0,169882,,,false,8
,HrrHx~~,1,167088,,,false,8
,HrrHx~~,2,165552,,,false,8
,HrrHx~~,3,165341,,,false,8
,HrrHx~~,4,168975,,,false,8
,HrrHx~~,5,158915,,,false,8
,HrrHx~~,6,159404,,,false,8
,HrrHx~~,7,158147,,,false,8
,HrrHx~~,8,157379,,,false,8
,HrrHx~~,9,157868,,,false,8
,HYU}t~~,0,178684,,,false,8
,HYU}t~~,1,161570,,,false,8
,HYU}t~~,2,166459,,,false,8
,HYU}t~~,3,163945,,,false,8
,HYU}t~~,4,163316,,,false,8
,HYU}t~~,5,161989,,,false,8
,HYU}t~~,6,163037,,,false,8
,HYU}t~~,7,157937,,,false,8
,HYU}t~~,8,162688,,,false,8
,HYU}t~~,9,166111,,,false,8
,HKu~b~~,0,175541,,,false,8
,HKu~b~~,1,175051,,,false,8
,HKu~b~~,2,164015,,,false,8
,HKu~b~~,3,162408,,,false,8
,HKu~b~~,4,161360,,,false,8
,HKu~b~~,5,156471,,,false,8
,HKu~b~~,6,156960,,,false,8
,HKu~b~~,7,170790,,,false,8
,HKu~b~~,8,161640,,,false,8
,HKu~b~~,9,161290,,,false,8
,H`l~vj~,0,166320,,,false,8
,H`l~vj~,1,165411,,,false,8
,H`l~vj~,2,163666,,,false,8
,H`l~vj~,3,166249,,,false,8
,H`l~vj~,4,157728,,,false,8
,H`l~vj~,5,158007,,,false,8
,H`l~vj~,6,159335,,,false,8
,H`l~vj~,7,159894,,,false,8
,H`l~vj~,8,165691,,,false,8
,H`l~vj~,9,169743,,,false,8
,H`l~vn~,0,169324,,,false,8
,H`l~vn~,1,166110,,,false,8
,H`l~vn~,2,162547,,,false,8
,H`l~vn~,3,158985,,,false,8
,H`l~vn~,4,159195,,,false,8
,H`l~vn~,5,167298,,,false,8
,H`l~vn~,6,164015,,,false,8
,H`l~vn~,7,159265,,,false,8
,H`l~vn~,8,160871,,,false,8
,H`l~vn~,9,161779,,,false,8
,HbNl}~~,0,171419,,,false,8
,HbNl}~~,1,175051,,,false,8
,HbNl}~~,2,164434,,,false,8
,HbNl}~~,3,167856,,,false,8
,HbNl}~~,4,169463,,,false,8
,HbNl}~~,5,170511,,,false,8
,HbNl}~~,6,179453,,,false,8
,HbNl}~~,7,165062,,,false,8
,HbNl}~~,8,167717,,,false,8
,HbNl}~~,9,166110,,,false,8
,H`z\z~~,0,171279,,,false,8
,H`z\z~~,1,165132,,,false,8
,H`z\z~~,2,171908,,,false,8
,H`z\z~~,3,163177,,,false,8
,H`z\z~~,4,168694,,,false,8
,H`z\z~~,5,166669,,,false,8
,H`z\z~~,6,166040,,,false,8
,H`z\z~~,7,165551,,,false,8
,H`z\z~~,8,170930,,,false,8
,H`z\z~~,9,161780,,,false,8
,H~rHx~~,0,168206,,,false,8
,H~rHx~~,1,165971,,,false,8
,H~rHx~~,2,168905,,,false,8
,H~rHx~~,3,167996,,,false,8
,H~rHx~~,4,167437,,,false,8
,H~rHx~~,5,169393,,,false,8
,H~rHx~~,6,167787,,,false,8
,H~rHx~~,7,165411,,,false,8
,H~rHx~~,8,160871,,,false,8
,H~rHx~~,9,168345,,,false,8
,H^rLz~~,0,173165,,,false,8
,H^rLz~~,1,168485,,,false,8
,H^rLz~~,2,163456,,,false,8
,H^rLz~~,3,161290,,,false,8
,H^rLz~~,4,162268,,,false,8
,H^rLz~~,5,169673,,,false,8
,H^rLz~~,6,163945,,,false,8
,H^rLz~~,7,160801,,,false,8
,H^rLz~~,8,162478,,,false,8
,H^rLz~~,9,167786,,,false,8
,H`~~vn~,0,171908,,,false,8
,H`~~vn~,1,175331,,,false,8
,H`~~vn~,2,165342,,,false,8
,H`~~vn~,3,169393,,,false,8
,H`~~vn~,4,168764,,,false,8
,H`~~vn~,5,169254,,,false,8
,H`~~vn~,6,178544,,,false,8
,H`~~vn~,7,165481,,,false,8
,H`~~vn~,8,164225,,,false,8
,H`~~vn~,9,164154,,,false,8
,Hrqix~~,0,173794,,,false,8
,Hrqix~~,1,166180,,,false,8
,Hrqix~~,2,166460,,,false,8
,Hrqix~~,3,156470,,,false,8
,Hrqix~~,4,155493,,,false,8
,Hrqix~~,5,156540,,,false,8
,Hrqix~~,6,163176,,,false,8
,Hrqix~~,7,160592,,,false,8
,Hrqix~~,8,168206,,,false,8
,Hrqix~~,9,159963,,,false,8
,HYd}t~~,0,169952,,,false,8
,HYd}t~~,1,169463,,,false,8
,HYd}t~~,2,161151,,,false,8
,HYd}t~~,3,158636,,,false,8
,HYd}t~~,4,168066,,,false,8
,HYd}t~~,5,159404,,,false,8
,HYd}t~~,6,158497,,,false,8
,HYd}t~~,7,158706,,,false,8
,HYd}t~~,8,164224,,,false,8
,HYd}t~~,9,163456,,,false,8
,HtXXz~~,0,176518,,,false,8
,HtXXz~~,1,161919,,,false,8
,HtXXz~~,2,158986,,,false,8
,HtXXz~~,3,158845,,,false,8
,HtXXz~~,4,157448,,,false,8
,HtXXz~~,5,156471,,,false,8
,HtXXz~~,6,165341,,,false,8
,HtXXz~~,7,157100,,,false,8
,HtXXz~~,8,163525,,,false,8
,HtXXz~~,9,158147,,,false,8
,HMutZ~~,0,170371,,,false,8
,HMutZ~~,1,163736,,,false,8
,HMutZ~~,2,170999,,,false,8
,HMutZ~~,3,161291,,,false,8
,HMutZ~~,4,164503,,,false,8
,HMutZ~~,5,164713,,,false,8
,HMutZ~~,6,163316,,,false,8
,HMutZ~~,7,162618,,,false,8
,HMutZ~~,8,166320,,,false,8
,HMutZ~~,9,157379,,,false,8
,HvSzZ^~,0,166390,,,false,8
,HvSzZ^~,1,163176,,,false,8
,HvSzZ^~,2,161151,,,false,8
,HvSzZ^~,3,160033,,,false,8
,HvSzZ^~,4,159614,,,false,8
,HvSzZ^~,5,158915,,,false,8
,HvSzZ^~,6,158426,,,false,8
,HvSzZ^~,7,160033,,,false,8
,HvSzZ^~,8,159754,,,false,8
,HvSzZ^~,9,159893,,,false,8
,HvSz^^~,0,170162,,,false,8
,HvSz^^~,1,165971,,,false,8
,HvSz^^~,2,164224,,,false,8
,HvSz^^~,3,160173,,,false,8
,HvSz^^~,4,159055,,,false,8
,HvSz^^~,5,166599,,,false,8
,HvSz^^~,6,159753,,,false,8
,HvSz^^~,7,161709,,,false,8
,HvSz^^~,8,158985,,,false,8
,HvSz^^~,9,163526,,,false,8
,HqL~r~~,0,169533,,,false,8
,HqL~r~~,1,178823,,,false,8
,HqL~r~~,2,162757,,,false,8
,HqL~r~~,3,166320,,,false,8
,HqL~r~~,4,167018,,,false,8
,HqL~r~~,5,170371,,,false,8
,HqL~r~~,6,165622,,,false,8
,HqL~r~~,7,174702,,,false,8
,HqL~r~~,8,170161,,,false,8
,HqL~r~~,9,170232,,,false,8
,HRl~Mv~,0,173305,,,false,8
,HRl~Mv~,1,166319,,,false,8
,HRl~Mv~,2,172886,,,false,8
,HRl~Mv~,3,164154,,,false,8
,HRl~Mv~,4,163666,,,false,8
,HRl~Mv~,5,163944,,,false,8
,HRl~Mv~,6,162828,,,false,8
,HRl~Mv~,7,162128,,,false,8
,HRl~Mv~,8,170511,,,false,8
,HRl~Mv~,9,158636,,,false,8
,HLnJ~n~,0,167368,,,false,8
,HLnJ~n~,1,165411,,,false,8
,HLnJ~n~,2,166879,,,false,8
,HLnJ~n~,3,166739,,,false,8
,HLnJ~n~,4,175121,,,false,8
,HLnJ~n~,5,170092,,,false,8
,HLnJ~n~,6,169743,,,false,8
,HLnJ~n~,7,194960,,,false,8
,HLnJ~n~,8,263345,,,false,8
,HLnJ~n~,9,281018,,,false,8
,HdYz~r~,0,271588,,,false,8
,HdYz~r~,1,276198,,,false,8
,HdYz~r~,2,290030,,,false,8
,HdYz~r~,3,268025,,,false,8
,HdYz~r~,4,263904,,,false,8
,HdYz~r~,5,257897,,,false,8
,HdYz~r~,6,266279,,,false,8
,HdYz~r~,7,258526,,,false,8
,HdYz~r~,8,257408,,,false,8
,HdYz~r~,9,258386,,,false,8
,Hbiz~v~,0,253356,,,false,8
,Hbiz~v~,1,214449,,,false,8
,Hbiz~v~,2,206625,,,false,8
,Hbiz~v~,3,206764,,,false,8
,Hbiz~v~,4,273893,,,false,8
,Hbiz~v~,5,215636,,,false,8
,Hbiz~v~,6,213401,,,false,8
,Hbiz~v~,7,209838,,,false,8
,Hbiz~v~,8,222551,,,false,8
,Hbiz~v~,9,211374,,,false,8
,HdYz}~~,0,219408,,,false,8
,HdYz}~~,1,168904,,,false,8
,HdYz}~~,2,162059,,,false,8
,HdYz}~~,3,172187,,,false,8
,HdYz}~~,4,161919,,,false,8
,HdYz}~~,5,161361,,,false,8
,HdYz}~~,6,166529,,,false,8
,HdYz}~~,7,167507,,,false,8
,HdYz}~~,8,161570,,,false,8
,HdYz}~~,9,171838,,,false,8
,HqN~r~~,0,171768,,,false,8
,HqN~r~~,1,167438,,,false,8
,HqN~r~~,2,164224,,,false,8
,HqN~r~~,3,166459,,,false,8
,HqN~r~~,4,157798,,,false,8
,HqN~r~~,5,168275,,,false,8
,HqN~r~~,6,157937,,,false,8
,HqN~r~~,7,157937,,,false,8
,HqN~r~~,8,159404,,,false,8
,HqN~r~~,9,160871,,,false,8
,HtlrY~~,0,169673,,,false,8
,HtlrY~~,1,170231,,,false,8
,HtlrY~~,2,165551,,,false,8
,HtlrY~~,3,164853,,,false,8
,HtlrY~~,4,158985,,,false,8
,HtlrY~~,5,159893,,,false,8
,HtlrY~~,6,170161,,,false,8
,HtlrY~~,7,159614,,,false,8
,HtlrY~~,8,159125,,,false,8
,HtlrY~~,9,164364,,,false,8
,H{Sz~z~,0,168905,,,false,8
,H{Sz~z~,1,167926,,,false,8
,H{Sz~z~,2,175051,,,false,8
,H{Sz~z~,3,165412,,,false,8
,H{Sz~z~,4,163945,,,false,8
,H{Sz~z~,5,159124,,,false,8
,H{Sz~z~,6,158986,,,false,8
,H{Sz~z~,7,159264,,,false,8
,H{Sz~z~,8,167088,,,false,8
,H{Sz~z~,9,163037,,,false,8
,HRvdz~~,0,165621,,,false,8
,HRvdz~~,1,167437,,,false,8
,HRvdz~~,2,167997,,,false,8
,HRvdz~~,3,165691,,,false,8
,HRvdz~~,4,169742,,,false,8
,HRvdz~~,5,165831,,,false,8
,HRvdz~~,6,159893,,,false,8
,HRvdz~~,7,162687,,,false,8
,HRvdz~~,8,165133,,,false,8
,HRvdz~~,9,166459,,,false,8
,HtX\z~~,0,178544,,,false,8
,HtX\z~~,1,165901,,,false,8
,HtX\z~~,2,167507,,,false,8
,HtX\z~~,3,165132,,,false,8
,HtX\z~~,4,159544,,,false,8
,HtX\z~~,5,164923,,,false,8
,HtX\z~~,6,159334,,,false,8
,HtX\z~~,7,162268,,,false,8
,HtX\z~~,8,158147,,,false,8
,HtX\z~~,9,160871,,,false,8
,H{S~~z~,0,171070,,,false,8
,H{S~~z~,1,176728,,,false,8
,H{S~~z~,2,168974,,,false,8
,H{S~~z~,3,167856,,,false,8
,H{S~~z~,4,163456,,,false,8
,H{S~~z~,5,162757,,,false,8
,H{S~~z~,6,163456,,,false,8
,H{S~~z~,7,169533,,,false,8
,H{S~~z~,8,162268,,,false,8
,H{S~~z~,9,162617,,,false,8
,H}hXz~~,0,170022,,,false,8
,H}hXz~~,1,162687,,,false,8
,H}hXz~~,2,163735,,,false,8
,H}hXz~~,3,166949,,,false,8
,H}hXz~~,4,164643,,,false,8
,H}hXz~~,5,164084,,,false,8
,H}hXz~~,6,164853,,,false,8
,H}hXz~~,7,163456,,,false,8
,H}hXz~~,8,163316,,,false,8
,H}hXz~~,9,165691,,,false,8
,H}nax~~,0,168136,,,false,8
,H}nax~~,1,163875,,,false,8
,H}nax~~,2,165761,,,false,8
,H}nax~~,3,163246,,,false,8
,H}nax~~,4,162687,,,false,8
,H}nax~~,5,208930,,,false,8
,H}nax~~,6,162827,,,false,8
,H}nax~~,7,161570,,,false,8
,H}nax~~,8,159614,,,false,8
,H}nax~~,9,157308,,,false,8
,Hrvdz~~,0,183364,,,false,8
,Hrvdz~~,1,160382,,,false,8
,Hrvdz~~,2,158776,,,false,8
,Hrvdz~~,3,162338,,,false,8
,Hrvdz~~,4,165411,,,false,8
,Hrvdz~~,5,160802,,,false,8
,Hrvdz~~,6,170301,,,false,8
,Hrvdz~~,7,160801,,,false,8
,Hrvdz~~,8,160802,,,false,8
,Hrvdz~~,9,160802,,,false,8
,Hp^uz~~,0,170580,,,false,8
,Hp^uz~~,1,165901,,,false,8
,Hp^uz~~,2,172886,,,false,8
,Hp^uz~~,3,163316,,,false,8
,Hp^uz~~,4,162618,,,false,8
,Hp^uz~~,5,162268,,,false,8
,Hp^uz~~,6,159823,,,false,8
,Hp^uz~~,7,161081,,,false,8
,Hp^uz~~,8,170301,,,false,8
,Hp^uz~~,9,160802,,,false,8
,HRl}~^~,0,170650,,,false,8
,HRl}~^~,1,164643,,,false,8
,HRl}~^~,2,162478,,,false,8
,HRl}~^~,3,161151,,,false,8
,HRl}~^~,4,164713,,,false,8
,HRl}~^~,5,163944,,,false,8
,HRl}~^~,6,166111,,,false,8
,HRl}~^~,7,166111,,,false,8
,HRl}~^~,8,169183,,,false,8
,HRl}~^~,9,176938,,,false,8
,Hq~tz~~,0,174632,,,false,8
,Hq~tz~~,1,168974,,,false,8
,Hq~tz~~,2,170231,,,false,8
,Hq~tz~~,3,167437,,,false,8
,Hq~tz~~,4,165132,,,false,8
,Hq~tz~~,5,167647,,,false,8
,Hq~tz~~,6,161780,,,false,8
,Hq~tz~~,7,160312,,,false,8
,Hq~tz~~,8,160312,,,false,8
,Hq~tz~~,9,162897,,,false,8
,HjNm|~~,0,169184,,,false,8
,HjNm|~~,1,172606,,,false,8
,HjNm|~~,2,161500,,,false,8
,HjNm|~~,3,160522,,,false,8
,HjNm|~~,4,166529,,,false,8
,HjNm|~~,5,169673,,,false,8
,HjNm|~~,6,169114,,,false,8
,HjNm|~~,7,169673,,,false,8
,HjNm|~~,8,169114,,,false,8
,HjNm|~~,9,164294,,,false,8
,HJz\z~~,0,177567,,,false,8
,HJz\z~~,1,168905,,,false,8
,HJz\z~~,2,170371,,,false,8
,HJz\z~~,3,161500,,,false,8
,HJz\z~~,4,161988,,,false,8
,HJz\z~~,5,160521,,,false,8
,HJz\z~~,6,161780,,,false,8
,HJz\z~~,7,163107,,,false,8
,HJz\z~~,8,171279,,,false,8
,HJz\z~~,9,166809,,,false,8
,HMn~r~~,0,170441,,,false,8
,HMn~r~~,1,166040,,,false,8
,HMn~r~~,2,165552,,,false,8
,HMn~r~~,3,168905,,,false,8
,HMn~r~~,4,178474,,,false,8
,HMn~r~~,5,163455,,,false,8
,HMn~r~~,6,163456,,,false,8
,HMn~r~~,7,163735,,,false,8
,HMn~r~~,8,163735,,,false,8
,HMn~r~~,9,163666,,,false,8
,Hru~Z~~,0,172328,,,false,8
,Hru~Z~~,1,167368,,,false,8
,Hru~Z~~,2,165831,,,false,8
,Hru~Z~~,3,164294,,,false,8
,Hru~Z~~,4,163735,,,false,8
,Hru~Z~~,5,170301,,,false,8
,Hru~Z~~,6,163666,,,false,8
,Hru~Z~~,7,163036,,,false,8
,Hru~Z~~,8,163666,,,false,8
,Hru~Z~~,9,169882,,,false,8
,HR~~vn~,0,173166,,,false,8
,HR~~vn~,1,176867,,,false,8
,HR~~vn~,2,171489,,,false,8
,HR~~vn~,3,171000,,,false,8
,HR~~vn~,4,170860,,,false,8
,HR~~vn~,5,170301,,,false,8
,HR~~vn~,6,171419,,,false,8
,HR~~vn~,7,261949,,,false,8
,HR~~vn~,8,217102,,,false,8
,HR~~vn~,9,202154,,,false,8
,H???XjA,0,20816,,,false,2
,H???XjA,1,16206,,,false,2
,H???XjA,2,14040,,,false,2
,H???XjA,3,14949,,,false,2
,H???XjA,4,14669,,,false,2
,H???XjA,5,14319,,,false,2
,H???XjA,6,13831,,,false,2
,H???XjA,7,14250,,,false,2
,H???XjA,8,14390,,,false,2
,H???XjA,9,13761,,,false,2
,H?qahro,0,160383,,,false,8
,H?qahro,1,138937,,,false,8
,H?qahro,2,135445,,,false,8
,H?qahro,3,133419,,,false,8
,H?qahro,4,139286,,,false,8
,H?qahro,5,138588,,,false,8
,H?qahro,6,138030,,,false,8
,H?qahro,7,146901,,,false,8
,H?qahro,8,141662,,,false,8
,H?qahro,9,142779,,,false,8
,H??@GrD,0,11526,,,false,3
,H??@GrD,1,9500,,,false,3
,H??@GrD,2,9150,,,false,3
,H??@GrD,3,8522,,,false,3
,H??@GrD,4,8592,,,false,3
,H??@GrD,5,8662,,,false,3
,H??@GrD,6,8452,,,false,3
,H??@GrD,7,8103,,,false,3
,H??@GrD,8,8592,,,false,3
,H??@GrD,9,8522,,,false,3
,H???]Os,0,11595,,,false,3
,H???]Os,1,9989,,,false,3
,H???]Os,2,9919,,,false,3
,H???]Os,3,9640,,,false,3
,H???]Os,4,9500,,,false,3
,H???]Os,5,10059,,,false,3
,H???]Os,6,9569,,,false,3
,H???]Os,7,9500,,,false,3
,H???]Os,8,9639,,,false,3
,H???]Os,9,9500,,,false,3
,H``?@cM,0,45335,,,false,4
,H``?@cM,1,39467,,,false,4
,H``?@cM,2,37092,,,false,4
,H``?@cM,3,37371,,,false,4
,H``?@cM,4,36743,,,false,4
,H``?@cM,5,36673,,,false,4
,H``?@cM,6,45265,,,false,4
,H``?@cM,7,35834,,,false,4
,H``?@cM,8,36114,,,false,4
,H``?@cM,9,35905,,,false,4
,H?D_Sfa,0,39047,,,false,5
,H?D_Sfa,1,33390,,,false,5
,H?D_Sfa,2,31014,,,false,5
,H?D_Sfa,3,30526,,,false,5
,H?D_Sfa,4,30525,,,false,5
,H?D_Sfa,5,30316,,,false,5
,H?D_Sfa,6,29967,,,false,5
,H?D_Sfa,7,30525,,,false,5
,H?D_Sfa,8,30456,,,false,5
,H?D_Sfa,9,30526,,,false,5
,HCD@z^~,0,173863,,,false,8
,HCD@z^~,1,157379,,,false,8
,HCD@z^~,2,162268,,,false,8
,HCD@z^~,3,150184,,,false,8
,HCD@z^~,4,150324,,,false,8
,HCD@z^~,5,153327,,,false,8
,HCD@z^~,6,153607,,,false,8
,HCD@z^~,7,158217,,,false,8
,HCD@z^~,8,152280,,,false,8
,HCD@z^~,9,151720,,,false,8
,H`?Ha]{,0,47151,,,false,5
,H`?Ha]{,1,39397,,,false,5
,H`?Ha]{,2,40934,,,false,5
,H`?Ha]{,3,39746,,,false,5
,H`?Ha]{,4,37092,,,false,5
,H`?Ha]{,5,36742,,,false,5
,H`?Ha]{,6,36533,,,false,5
,H`?Ha]{,7,36533,,,false,5
,H`?Ha]{,8,36743,,,false,5
,H`?Ha]{,9,36812,,,false,5
,H`?N~z{,0,161500,,,false,8
,H`?N~z{,1,157378,,,false,8
,H`?N~z{,2,165063,,,false,8
,H`?N~z{,3,154864,,,false,8
,H`?N~z{,4,150183,,,false,8
,H`?N~z{,5,149695,,,false,8
,H`?N~z{,6,148228,,,false,8
,H`?N~z{,7,148228,,,false,8
,H`?N~z{,8,157309,,,false,8
,H`?N~z{,9,153327,,,false,8
,HgGqsy],0,162338,,,false,8
,HgGqsy],1,150812,,,false,8
,HgGqsy],2,148088,,,false,8
,HgGqsy],3,149974,,,false,8
,HgGqsy],4,151231,,,false,8
,HgGqsy],5,140405,,,false,8
,HgGqsy],6,139216,,,false,8
,HgGqsy],7,139846,,,false,8
,HgGqsy],8,144595,,,false,8
,HgGqsy],9,144945,,,false,8
,HqOpS|},0,163456,,,false,8
,HqOpS|},1,160732,,,false,8
,HqOpS|},2,148437,,,false,8
,HqOpS|},3,148438,,,false,8
,HqOpS|},4,146132,,,false,8
,HqOpS|},5,149764,,,false,8
,HqOpS|},6,148298,,,false,8
,HqOpS|},7,153467,,,false,8
,HqOpS|},8,144176,,,false,8
,HqOpS|},9,144526,,,false,8
,HR?M[xk,0,157030,,,false,8
,HR?M[xk,1,150253,,,false,8
,HR?M[xk,2,146552,,,false,8
,HR?M[xk,3,140614,,,false,8
,HR?M[xk,4,149206,,,false,8
,HR?M[xk,5,139287,,,false,8
,HR?M[xk,6,143617,,,false,8
,HR?M[xk,7,143478,,,false,8
,HR?M[xk,8,138588,,,false,8
,HR?M[xk,9,139008,,,false,8
,HWLKm_^,0,163666,,,false,8
,HWLKm_^,1,145713,,,false,8
,HWLKm_^,2,143547,,,false,8
,HWLKm_^,3,141452,,,false,8
,HWLKm_^,4,139846,,,false,8
,HWLKm_^,5,139287,,,false,8
,HWLKm_^,6,140334,,,false,8
,HWLKm_^,7,147949,,,false,8
,HWLKm_^,8,139566,,,false,8
,HWLKm_^,9,143617,,,false,8
,H?LE`YT,0,52948,,,false,6
,H?LE`YT,1,44357,,,false,6
,H?LE`YT,2,41912,,,false,6
,H?LE`YT,3,41493,,,false,6
,H?LE`YT,4,41423,,,false,6
,H?LE`YT,5,41353,,,false,6
,H?LE`YT,6,40864,,,false,6
,H?LE`YT,7,41003,,,false,6
,H?LE`YT,8,40655,,,false,6
,H?LE`YT,9,40514,,,false,6
,H@CI?M`,0,34717,,,false,5
,H@CI?M`,1,27452,,,false,5
,H@CI?M`,2,25427,,,false,5
,H@CI?M`,3,33390,,,false,5
,H@CI?M`,4,24867,,,false,5
,H@CI?M`,5,25217,,,false,5
,H@CI?M`,6,24379,,,false,5
,H@CI?M`,7,24448,,,false,5
,H@CI?M`,8,24798,,,false,5
,H@CI?M`,9,24239,,,false,5
,H`?H_ZB,0,15298,,,false,3
,H`?H_ZB,1,12294,,,false,3
,H`?H_ZB,2,11595,,,false,3
,H`?H_ZB,3,11875,,,false,3
,H`?H_ZB,4,11106,,,false,3
,H`?H_ZB,5,11386,,,false,3
,H`?H_ZB,6,11107,,,false,3
,H`?H_ZB,7,11386,,,false,3
,H`?H_ZB,8,11456,,,false,3
,H`?H_ZB,9,10827,,,false,3
,H??E@KZ,0,13761,,,false,2
,H??E@KZ,1,11526,,,false,2
,H??E@KZ,2,11386,,,false,2
,H??E@KZ,3,11107,,,false,2
,H??E@KZ,4,11246,,,false,2
,H??E@KZ,5,11037,,,false,2
,H??E@KZ,6,11246,,,false,2
,H??E@KZ,7,10548,,,false,2
,H??E@KZ,8,10548,,,false,2
,H??E@KZ,9,10897,,,false,2
,H@`?OKr,0,20117,,,false,2
,H@`?OKr,1,15787,,,false,2
,H@`?OKr,2,16066,,,false,2
,H@`?OKr,3,15368,,,false,2
,H@`?OKr,4,15158,,,false,2
,H@`?OKr,5,15647,,,false,2
,H@`?OKr,6,14948,,,false,2
,H@`?OKr,7,15018,,,false,2
,H@`?OKr,8,15298,,,false,2
,H@`?OKr,9,14530,,,false,2
,H?AA`O[,0,16765,,,false,3
,H?AA`O[,1,13691,,,false,3
,H?AA`O[,2,12993,,,false,3
,H?AA`O[,3,12783,,,false,3
,H?AA`O[,4,12992,,,false,3
,H?AA`O[,5,12364,,,false,3
,H?AA`O[,6,12993,,,false,3
,H?AA`O[,7,12853,,,false,3
,H?AA`O[,8,12993,,,false,3
,H?AA`O[,9,12853,,,false,3
,H{db?{],0,167717,,,false,8
,H{db?{],1,147600,,,false,8
,H{db?{],2,143687,,,false,8
,H{db?{],3,142151,,,false,8
,H{db?{],4,143547,,,false,8
,H{db?{],5,148577,,,false,8
,H{db?{],6,153467,,,false,8
,H{db?{],7,147809,,,false,8
,H{db?{],8,142849,,,false,8
,H{db?{],9,144596,,,false,8
,HoDczp{,0,156471,,,false,8
,HoDczp{,1,144805,,,false,8
,HoDczp{,2,141522,,,false,8
,HoDczp{,3,149345,,,false,8
,HoDczp{,4,141173,,,false,8
,HoDczp{,5,141033,,,false,8
,HoDczp{,6,141033,,,false,8
,HoDczp{,7,140475,,,false,8
,HoDczp{,8,142569,,,false,8
,HoDczp{,9,152210,,,false,8
,Hqopc|m,0,159824,,,false,8
,Hqopc|m,1,150742,,,false,8
,Hqopc|m,2,148298,,,false,8
,Hqopc|m,3,146831,,,false,8
,Hqopc|m,4,145992,,,false,8
,Hqopc|m,5,145853,,,false,8
,Hqopc|m,6,155353,,,false,8
,Hqopc|m,7,145643,,,false,8
,Hqopc|m,8,145853,,,false,8
,Hqopc|m,9,146342,,,false,8
,Hqcxq\f,0,160522,,,false,8
,Hqcxq\f,1,152559,,,false,8
,Hqcxq\f,2,158916,,,false,8
,Hqcxq\f,3,148368,,,false,8
,Hqcxq\f,4,152559,,,false,8
,Hqcxq\f,5,152908,,,false,8
,Hqcxq\f,6,155074,,,false,8
,Hqcxq\f,7,160312,,,false,8
,Hqcxq\f,8,165062,,,false,8
,Hqcxq\f,9,156191,,,false,8
,Hr?GOKF,0,33390,,,false,4
,Hr?GOKF,1,29618,,,false,4
,Hr?GOKF,2,27522,,,false,4
,Hr?GOKF,3,26684,,,false,4
,Hr?GOKF,4,26265,,,false,4
,Hr?GOKF,5,26753,,,false,4
,Hr?GOKF,6,26754,,,false,4
,Hr?GOKF,7,26684,,,false,4
,Hr?GOKF,8,26614,,,false,4
,Hr?GOKF,9,27103,,,false,4
,HQQ?@KY,0,21375,,,false,3
,HQQ?@KY,1,18162,,,false,3
,HQQ?@KY,2,17044,,,false,3
,HQQ?@KY,3,17672,,,false,3
,HQQ?@KY,4,17742,,,false,3
,HQQ?@KY,5,18022,,,false,3
,HQQ?@KY,6,17673,,,false,3
,HQQ?@KY,7,17743,,,false,3
,HQQ?@KY,8,18022,,,false,3
,HQQ?@KY,9,17603,,,false,3
,H?C@IQD,0,12434,,,false,3
,H?C@IQD,1,9989,,,false,3
,H?C@IQD,2,9779,,,false,3
,H?C@IQD,3,9570,,,false,3
,H?C@IQD,4,9360,,,false,3
,H?C@IQD,5,9919,,,false,3
,H?C@IQD,6,9570,,,false,3
,H?C@IQD,7,9430,,,false,3
,H?C@IQD,8,9640,,,false,3
,H?C@IQD,9,9011,,,false,3
,H??HIaW,0,31015,,,false,2
,H??HIaW,1,20118,,,false,2
,H??HIaW,2,17533,,,false,2
,H??HIaW,3,17113,,,false,2
,H??HIaW,4,18371,,,false,2
,H??HIaW,5,17882,,,false,2
,H??HIaW,6,17114,,,false,2
,H??HIaW,7,17114,,,false,2
,H??HIaW,8,17533,,,false,2
,H??HIaW,9,16835,,,false,2
,H????^q,0,15228,,,false,3
,H????^q,1,13830,,,false,3
,H????^q,2,13412,,,false,3
,H????^q,3,12783,,,false,3
,H????^q,4,12434,,,false,3
,H????^q,5,12783,,,false,3
,H????^q,6,12504,,,false,3
,H????^q,7,12783,,,false,3
,H????^q,8,12783,,,false,3
,H????^q,9,12224,,,false,3
,HAA?PKy,0,63357,,,false,6
,HAA?PKy,1,52948,,,false,6
,HAA?PKy,2,50015,,,false,6
,HAA?PKy,3,48059,,,false,6
,HAA?PKy,4,47639,,,false,6
,HAA?PKy,5,46173,,,false,6
,HAA?PKy,6,46871,,,false,6
,HAA?PKy,7,45684,,,false,6
,HAA?PKy,8,46382,,,false,6
,HAA?PKy,9,46313,,,false,6
,H@BQPS^,0,56861,,,false,6
,H@BQPS^,1,47639,,,false,6
,H@BQPS^,2,43798,,,false,6
,H@BQPS^,3,43029,,,false,6
,H@BQPS^,4,43030,,,false,6
,H@BQPS^,5,42819,,,false,6
,H@BQPS^,6,42611,,,false,6
,H@BQPS^,7,42750,,,false,6
,H@BQPS^,8,42820,,,false,6
,H@BQPS^,9,42261,,,false,6
,HPVBG}z,0,162478,,,false,8
,HPVBG}z,1,155981,,,false,8
,HPVBG}z,2,161361,,,false,8
,HPVBG}z,3,150253,,,false,8
,HPVBG}z,4,148507,,,false,8
,HPVBG}z,5,153118,,,false,8
,HPVBG}z,6,148297,,,false,8
,HPVBG}z,7,144316,,,false,8
,HPVBG}z,8,136493,,,false,8
,HPVBG}z,9,145503,,,false,8
,HELZTMN,0,151721,,,false,8
,HELZTMN,1,148088,,,false,8
,HELZTMN,2,145294,,,false,8
,HELZTMN,3,139636,,,false,8
,HELZTMN,4,142430,,,false,8
,HELZTMN,5,143129,,,false,8
,HELZTMN,6,154794,,,false,8
,HELZTMN,7,147040,,,false,8
,HELZTMN,8,142151,,,false,8
,HELZTMN,9,141731,,,false,8
,HDpch\Z,0,152978,,,false,8
,HDpch\Z,1,143338,,,false,8
,HDpch\Z,2,149765,,,false,8
,HDpch\Z,3,145224,,,false,8
,HDpch\Z,4,140055,,,false,8
,HDpch\Z,5,139985,,,false,8
,HDpch\Z,6,142919,,,false,8
,HDpch\Z,7,144386,,,false,8
,HDpch\Z,8,143478,,,false,8
,HDpch\Z,9,147809,,,false,8
,H??@GrB,0,11106,,,false,3
,H??@GrB,1,9430,,,false,3
,H??@GrB,2,8662,,,false,3
,H??@GrB,3,8173,,,false,3
,H??@GrB,4,8452,,,false,3
,H??@GrB,5,8522,,,false,3
,H??@GrB,6,8103,,,false,3
,H??@GrB,7,8452,,,false,3
,H??@GrB,8,8662,,,false,3
,H??@GrB,9,8103,,,false,3
,H?CAHM^,0,43798,,,false,3
,H?CAHM^,1,36742,,,false,3
,H?CAHM^,2,35835,,,false,3
,H?CAHM^,3,34786,,,false,3
,H?CAHM^,4,34019,,,false,3
,H?CAHM^,5,33879,,,false,3
,H?CAHM^,6,33389,,,false,3
,H?CAHM^,7,32971,,,false,3
,H?CAHM^,8,33389,,,false,3
,H?CAHM^,9,32901,,,false,3
,HINT^~~,0,169742,,,false,8
,HINT^~~,1,172537,,,false,8
,HINT^~~,2,161290,,,false,8
,HINT^~~,3,160312,,,false,8
,HINT^~~,4,159125,,,false,8
,HINT^~~,5,162478,,,false,8
,HINT^~~,6,164713,,,false,8
,HINT^~~,7,168415,,,false,8
,HINT^~~,8,160102,,,false,8
,HINT^~~,9,159475,,,false,8
,H@lv]~~,0,173375,,,false,8
,H@lv]~~,1,166250,,,false,8
,H@lv]~~,2,159474,,,false,8
,H@lv]~~,3,167228,,,false,8
,H@lv]~~,4,162967,,,false,8
,H@lv]~~,5,162757,,,false,8
,H@lv]~~,6,161570,,,false,8
,H@lv]~~,7,162827,,,false,8
,H@lv]~~,8,163246,,,false,8
,H@lv]~~,9,233868,,,false,8
,H{~va{~,0,206625,,,false,8
,H{~va{~,1,201805,,,false,8
,H{~va{~,2,176658,,,false,8
,H{~va{~,3,153956,,,false,8
,H{~va{~,4,159194,,,false,8
,H{~va{~,5,156820,,,false,8
,H{~va{~,6,155004,,,false,8
,H{~va{~,7,150044,,,false,8
,H{~va{~,8,154794,,,false,8
,H{~va{~,9,157309,,,false,8
,HINLn~~,0,180569,,,false,8
,HINLn~~,1,163456,,,false,8
,HINLn~~,2,159614,,,false,8
,HINLn~~,3,163735,,,false,8
,HINLn~~,4,161151,,,false,8
,HINLn~~,5,157658,,,false,8
,HINLn~~,6,168905,,,false,8
,HINLn~~,7,164922,,,false,8
,HINLn~~,8,157239,,,false,8
,HINLn~~,9,155632,,,false,8
,HJaJY{~,0,166460,,,false,8
,HJaJY{~,1,156890,,,false,8
,HJaJY{~,2,164224,,,false,8
,HJaJY{~,3,151581,,,false,8
,HJaJY{~,4,149975,,,false,8
,HJaJY{~,5,149695,,,false,8
,HJaJY{~,6,150952,,,false,8
,HJaJY{~,7,154235,,,false,8
,HJaJY{~,8,167857,,,false,8
,HJaJY{~,9,160801,,,false,8
,H@IYvN~,0,163037,,,false,8
,H@IYvN~,1,156470,,,false,8
,H@IYvN~,2,151651,,,false,8
,H@IYvN~,3,152140,,,false,8
,H@IYvN~,4,155562,,,false,8
,H@IYvN~,5,150394,,,false,8
,H@IYvN~,6,146062,,,false,8
,H@IYvN~,7,153537,,,false,8
,H@IYvN~,8,155492,,,false,8
,H@IYvN~,9,155633,,,false,8
,H?B~~rx,0,166530,,,false,8
,H?B~~rx,1,153606,,,false,8
,H?B~~rx,2,153327,,,false,8
,H?B~~rx,3,156052,,,false,8
,H?B~~rx,4,156331,,,false,8
,H?B~~rx,5,155143,,,false,8
,H?B~~rx,6,159823,,,false,8
,H?B~~rx,7,158147,,,false,8
,H?B~~rx,8,151441,,,false,8
,H?B~~rx,9,151161,,,false,8
,H{dahWZ,0,159614,,,false,8
,H{dahWZ,1,143967,,,false,8
,H{dahWZ,2,140893,,,false,8
,H{dahWZ,3,152978,,,false,8
,H{dahWZ,4,144246,,,false,8
,H{dahWZ,5,139496,,,false,8
,H{dahWZ,6,139147,,,false,8
,H{dahWZ,7,141592,,,false,8
,H{dahWZ,8,145992,,,false,8
,H{dahWZ,9,149695,,,false,8
,H@Kp]jJ,0,162757,,,false,8
,H@Kp]jJ,1,152139,,,false,8
,H@Kp]jJ,2,145224,,,false,8
,H@Kp]jJ,3,147459,,,false,8
,H@Kp]jJ,4,152908,,,false,8
,H@Kp]jJ,5,152349,,,false,8
,H@Kp]jJ,6,152978,,,false,8
,H@Kp]jJ,7,148926,,,false,8
,H@Kp]jJ,8,149695,,,false,8
,H@Kp]jJ,9,149415,,,false,8
,H`?HW~r,0,45335,,,false,6
,H`?HW~r,1,37232,,,false,6
,H`?HW~r,2,34298,,,false,6
,H`?HW~r,3,32482,,,false,6
,H`?HW~r,4,32411,,,false,6
,H`?HW~r,5,31923,,,false,6
,H`?HW~r,6,31993,,,false,6
,H`?HW~r,7,31992,,,false,6
,H`?HW~r,8,32412,,,false,6
,H`?HW~r,9,31923,,,false,6
,H@Kp]fL,0,160592,,,false,8
,H@Kp]fL,1,146621,,,false,8
,H@Kp]fL,2,144456,,,false,8
,H@Kp]fL,3,142709,,,false,8
,H@Kp]fL,4,148437,,,false,8
,H@Kp]fL,5,148996,,,false,8
,H@Kp]fL,6,162269,,,false,8
,H@Kp]fL,7,144944,,,false,8
,H@Kp]fL,8,145015,,,false,8
,H@Kp]fL,9,145643,,,false,8
,HoCOZB~,0,33669,,,false,4
,HoCOZB~,1,28640,,,false,4
,HoCOZB~,2,28151,,,false,4
,HoCOZB~,3,27242,,,false,4
,HoCOZB~,4,26754,,,false,4
,HoCOZB~,5,26684,,,false,4
,HoCOZB~,6,27103,,,false,4
,HoCOZB~,7,26614,,,false,4
,HoCOZB~,8,26404,,,false,4
,HoCOZB~,9,26684,,,false,4
,H?BMXwz,0,58257,,,false,6
,H?BMXwz,1,44008,,,false,6
,H?BMXwz,2,42261,,,false,6
,H?BMXwz,3,41911,,,false,6
,H?BMXwz,4,42261,,,false,6
,H?BMXwz,5,42750,,,false,6
,H?BMXwz,6,42121,,,false,6
,H?BMXwz,7,42401,,,false,6
,H?BMXwz,8,42051,,,false,6
,H?BMXwz,9,42052,,,false,6
,H?CWvNf,0,36603,,,false,5
,H?CWvNf,1,31504,,,false,5
,H?CWvNf,2,30526,,,false,5
,H?CWvNf,3,30525,,,false,5
,H?CWvNf,4,30526,,,false,5
,H?CWvNf,5,30735,,,false,5
,H?CWvNf,6,30735,,,false,5
,H?CWvNf,7,30526,,,false,5
,H?CWvNf,8,29128,,,false,5
,H?CWvNf,9,29618,,,false,5
,H@GZQmN,0,175331,,,false,8
,H@GZQmN,1,156889,,,false,8
,H@GZQmN,2,150393,,,false,8
,H@GZQmN,3,152489,,,false,8
,H@GZQmN,4,147250,,,false,8
,H@GZQmN,5,150673,,,false,8
,H@GZQmN,6,152139,,,false,8
,H@GZQmN,7,154794,,,false,8
,H@GZQmN,8,145993,,,false,8
,H@GZQmN,9,150044,,,false,8
,H@GZIuN,0,146342,,,false,8
,H@GZIuN,1,145993,,,false,8
,H@GZIuN,2,149974,,,false,8
,H@GZIuN,3,153676,,,false,8
,H@GZIuN,4,150463,,,false,8
,H@GZIuN,5,154026,,,false,8
,H@GZIuN,6,150183,,,false,8
,H@GZIuN,7,150254,,,false,8
,H@GZIuN,8,144177,,,false,8
,H@GZIuN,9,142640,,,false,8
,H??Kz^{,0,167368,,,false,8
,H??Kz^{,1,156959,,,false,8
,H??Kz^{,2,152279,,,false,8
,H??Kz^{,3,150953,,,false,8
,H??Kz^{,4,149905,,,false,8
,H??Kz^{,5,149066,,,false,8
,H??Kz^{,6,165481,,,false,8
,H??Kz^{,7,155213,,,false,8
,H??Kz^{,8,151441,,,false,8
,H??Kz^{,9,150533,,,false,8
,H??E\lz,0,98492,,,false,6
,H??E\lz,1,91647,,,false,6
,H??E\lz,2,89202,,,false,6
,H??E\lz,3,97026,,,false,6
,H??E\lz,4,87805,,,false,6
,H??E\lz,5,86967,,,false,6
,H??E\lz,6,87595,,,false,6
,H??E\lz,7,88573,,,false,6
,H??E\lz,8,87666,,,false,6
,H??E\lz,9,87806,,,false,6
,H?CWtHb,0,35206,,,false,5
,H?CWtHb,1,28151,,,false,5
,H?CWtHb,2,27242,,,false,5
,H?CWtHb,3,27173,,,false,5
,H?CWtHb,4,26195,,,false,5
,H?CWtHb,5,27033,,,false,5
,H?CWtHb,6,27243,,,false,5
,H?CWtHb,7,26265,,,false,5
,H?CWtHb,8,26753,,,false,5
,H?CWtHb,9,27243,,,false,5
,HoStIv{,0,165551,,,false,8
,HoStIv{,1,148367,,,false,8
,HoStIv{,2,149486,,,false,8
,HoStIv{,3,144386,,,false,8
,HoStIv{,4,142919,,,false,8
,HoStIv{,5,145993,,,false,8
,HoStIv{,6,145923,,,false,8
,HoStIv{,7,146063,,,false,8
,HoStIv{,8,140893,,,false,8
,HoStIv{,9,140544,,,false,8
,HhEJG~w,0,150533,,,false,8
,HhEJG~w,1,144316,,,false,8
,HhEJG~w,2,144665,,,false,8
,HhEJG~w,3,153118,,,false,8
,HhEJG~w,4,143268,,,false,8
,HhEJG~w,5,142011,,,false,8
,HhEJG~w,6,142710,,,false,8
,HhEJG~w,7,142011,,,false,8
,HhEJG~w,8,142011,,,false,8
,HhEJG~w,9,138867,,,false,8
,H?hSzZr,0,170441,,,false,8
,H?hSzZr,1,150673,,,false,8
,H?hSzZr,2,147738,,,false,8
,H?hSzZr,3,145573,,,false,8
,H?hSzZr,4,145015,,,false,8
,H?hSzZr,5,145434,,,false,8
,H?hSzZr,6,153676,,,false,8
,H?hSzZr,7,146063,,,false,8
,H?hSzZr,8,146132,,,false,8
,H?hSzZr,9,146202,,,false,8
,HEhcqkn,0,152629,,,false,8
,HEhcqkn,1,148088,,,false,8
,HEhcqkn,2,154584,,,false,8
,HEhcqkn,3,143548,,,false,8
,HEhcqkn,4,142570,,,false,8
,HEhcqkn,5,141382,,,false,8
,HEhcqkn,6,142011,,,false,8
,HEhcqkn,7,142150,,,false,8
,HEhcqkn,8,141662,,,false,8
,HEhcqkn,9,155003,,,false,8
,H}nna{~,0,169393,,,false,8
,H}nna{~,1,164224,,,false,8
,H}nna{~,2,162688,,,false,8
,H}nna{~,3,161988,,,false,8
,H}nna{~,4,156749,,,false,8
,H}nna{~,5,164503,,,false,8
,H}nna{~,6,156052,,,false,8
,H}nna{~,7,159613,,,false,8
,H}nna{~,8,159614,,,false,8
,H}nna{~,9,155283,,,false,8
,HQYPOnN,0,156959,,,false,8
,HQYPOnN,1,156471,,,false,8
,HQYPOnN,2,143897,,,false,8
,HQYPOnN,3,142081,,,false,8
,HQYPOnN,4,145923,,,false,8
,HQYPOnN,5,145573,,,false,8
,HQYPOnN,6,146203,,,false,8
,HQYPOnN,7,141522,,,false,8
,HQYPOnN,8,150323,,,false,8
,HQYPOnN,9,141941,,,false,8
,H??P?VD,0,15367,,,false,3
,H??P?VD,1,12364,,,false,3
,H??P?VD,2,10967,,,false,3
,H??P?VD,3,11386,,,false,3
,H??P?VD,4,11107,,,false,3
,H??P?VD,5,10897,,,false,3
,H??P?VD,6,10617,,,false,3
,H??P?VD,7,10478,,,false,3
,H??P?VD,8,10618,,,false,3
,H??P?VD,9,10827,,,false,3
,HoDPX`H,0,154235,,,false,8
,HoDPX`H,1,145015,,,false,8
,HoDPX`H,2,140964,,,false,8
,HoDPX`H,3,144805,,,false,8
,HoDPX`H,4,133838,,,false,8
,HoDPX`H,5,135165,,,false,8
,HoDPX`H,6,134607,,,false,8
,HoDPX`H,7,136003,,,false,8
,HoDPX`H,8,133978,,,false,8
,HoDPX`H,9,136842,,,false,8
,H{Sz]}~,0,178613,,,false,8
,H{Sz]}~,1,169742,,,false,8
,H{Sz]}~,2,165551,,,false,8
,H{Sz]}~,3,164364,,,false,8
,H{Sz]}~,4,164364,,,false,8
,H{Sz]}~,5,164853,,,false,8
,H{Sz]}~,6,172676,,,false,8
,H{Sz]}~,7,164224,,,false,8
,H{Sz]}~,8,159474,,,false,8
,H{Sz]}~,9,159265,,,false,8
,HoDPXPP,0,154165,,,false,8
,HoDPXPP,1,142360,,,false,8
,HoDPXPP,2,147878,,,false,8
,HoDPXPP,3,141242,,,false,8
,HoDPXPP,4,141662,,,false,8
,HoDPXPP,5,136003,,,false,8
,HoDPXPP,6,136074,,,false,8
,HoDPXPP,7,138378,,,false,8
,HoDPXPP,8,141802,,,false,8
,HoDPXPP,9,151091,,,false,8
,H~?G[|m,0,28570,,,false,5
,H~?G[|m,1,23261,,,false,5
,H~?G[|m,2,22283,,,false,5
,H~?G[|m,3,22003,,,false,5
,H~?G[|m,4,21934,,,false,5
,H~?G[|m,5,21725,,,false,5
,H~?G[|m,6,21863,,,false,5
,H~?G[|m,7,22004,,,false,5
,H~?G[|m,8,22004,,,false,5
,H~?G[|m,9,21584,,,false,5
,H{dbG{^,0,165132,,,false,8
,H{dbG{^,1,157448,,,false,8
,H{dbG{^,2,152349,,,false,8
,H{dbG{^,3,160522,,,false,8
,H{dbG{^,4,150812,,,false,8
,H{dbG{^,5,149275,,,false,8
,H{dbG{^,6,149695,,,false,8
,H{dbG{^,7,149276,,,false,8
,H{dbG{^,8,149066,,,false,8
,H{dbG{^,9,158217,,,false,8
,Hd^@|ln,0,164433,,,false,8
,Hd^@|ln,1,155004,,,false,8
,Hd^@|ln,2,156191,,,false,8
,Hd^@|ln,3,154654,,,false,8
,Hd^@|ln,4,153607,,,false,8
,Hd^@|ln,5,160941,,,false,8
,Hd^@|ln,6,148018,,,false,8
,Hd^@|ln,7,148367,,,false,8
,Hd^@|ln,8,147390,,,false,8
,Hd^@|ln,9,148297,,,false,8
,H{S}tln,0,166110,,,false,8
,H{S}tln,1,170022,,,false,8
,H{S}tln,2,160243,,,false,8
,H{S}tln,3,159195,,,false,8
,H{S}tln,4,158216,,,false,8
,H{S}tln,5,157100,,,false,8
,H{S}tln,6,156960,,,false,8
,H{S}tln,7,152559,,,false,8
,H{S}tln,8,158426,,,false,8
,H{S}tln,9,150603,,,false,8
,H}lah[^,0,155423,,,false,8
,H}lah[^,1,153397,,,false,8
,H}lah[^,2,151301,,,false,8
,H}lah[^,3,148438,,,false,8
,H}lah[^,4,157868,,,false,8
,H}lah[^,5,147809,,,false,8
,H}lah[^,6,150602,,,false,8
,H}lah[^,7,154165,,,false,8
,H}lah[^,8,155563,,,false,8
,H}lah[^,9,157937,,,false,8
,H`zPpnN,0,203272,,,false,8
,H`zPpnN,1,259364,,,false,8
,H`zPpnN,2,262786,,,false,8
,H`zPpnN,3,260412,,,false,8
,H`zPpnN,4,271169,,,false,8
,H`zPpnN,5,262647,,,false,8
,H`zPpnN,6,259154,,,false,8
,H`zPpnN,7,261459,,,false,8
,H`zPpnN,8,243507,,,false,8
,H`zPpnN,9,245463,,,false,8
,HdYr]o~,0,250074,,,false,8
,HdYr]o~,1,258595,,,false,8
,HdYr]o~,2,243507,,,false,8
,HdYr]o~,3,244974,,,false,8
,HdYr]o~,4,246441,,,false,8
,HdYr]o~,5,253915,,,false,8
,HdYr]o~,6,243577,,,false,8
,HdYr]o~,7,248397,,,false,8
,HdYr]o~,8,246651,,,false,8
,HdYr]o~,9,271728,,,false,8
,HLnBj]^,0,208231,,,false,8
,HLnBj]^,1,200198,,,false,8
,HLnBj]^,2,193003,,,false,8
,HLnBj]^,3,157099,,,false,8
,HLnBj]^,4,169743,,,false,8
,HLnBj]^,5,152209,,,false,8
,HLnBj]^,6,151441,,,false,8
,HLnBj]^,7,150952,,,false,8
,HLnBj]^,8,150603,,,false,8
,HLnBj]^,9,160731,,,false,8
,H[UY|ln,0,243577,,,false,8
,H[UY|ln,1,179033,,,false,8
,H[UY|ln,2,162757,,,false,8
,H[UY|ln,3,161151,,,false,8
,H[UY|ln,4,155912,,,false,8
,H[UY|ln,5,156540,,,false,8
,H[UY|ln,6,146272,,,false,8
,H[UY|ln,7,146412,,,false,8
,H[UY|ln,8,145434,,,false,8
,H[UY|ln,9,150393,,,false,8
,HRiiqnN,0,171069,,,false,8
,HRiiqnN,1,175191,,,false,8
,HRiiqnN,2,159474,,,false,8
,HRiiqnN,3,158217,,,false,8
,HRiiqnN,4,153258,,,false,8
,HRiiqnN,5,152419,,,false,8
,HRiiqnN,6,153187,,,false,8
,HRiiqnN,7,167786,,,false,8
,HRiiqnN,8,146901,,,false,8
,HRiiqnN,9,149555,,,false,8
,Htlai[~,0,161779,,,false,8
,Htlai[~,1,163106,,,false,8
,Htlai[~,2,158496,,,false,8
,Htlai[~,3,160591,,,false,8
,Htlai[~,4,148856,,,false,8
,Htlai[~,5,149066,,,false,8
,Htlai[~,6,152699,,,false,8
,Htlai[~,7,155143,,,false,8
,Htlai[~,8,154654,,,false,8
,Htlai[~,9,157868,,,false,8
,HwDX}yz,0,172956,,,false,8
,HwDX}yz,1,155702,,,false,8
,HwDX}yz,2,162128,,,false,8
,HwDX}yz,3,165621,,,false,8
,HwDX}yz,4,155213,,,false,8
,HwDX}yz,5,152349,,,false,8
,HwDX}yz,6,156261,,,false,8
,HwDX}yz,7,148716,,,false,8
,HwDX}yz,8,147530,,,false,8
,HwDX}yz,9,152139,,,false,8
,H`o}Pnr,0,174842,,,false,8
,H`o}Pnr,1,159335,,,false,8
,H`o}Pnr,2,161780,,,false,8
,H`o}Pnr,3,154305,,,false,8
,H`o}Pnr,4,150812,,,false,8
,H`o}Pnr,5,151720,,,false,8
,H`o}Pnr,6,155632,,,false,8
,H`o}Pnr,7,156819,,,false,8
,H`o}Pnr,8,162477,,,false,8
,H`o}Pnr,9,152768,,,false,8
,H`opc\N,0,52529,,,false,5
,H`opc\N,1,44357,,,false,5
,H`opc\N,2,42820,,,false,5
,H`opc\N,3,41842,,,false,5
,H`opc\N,4,42331,,,false,5
,H`opc\N,5,42401,,,false,5
,H`opc\N,6,42121,,,false,5
,H`opc\N,7,41842,,,false,5
,H`opc\N,8,42052,,,false,5
,H`opc\N,9,41702,,,false,5
,HThQQK~,0,158426,,,false,8
,HThQQK~,1,156611,,,false,8
,HThQQK~,2,148926,,,false,8
,HThQQK~,3,143338,,,false,8
,HThQQK~,4,141592,,,false,8
,HThQQK~,5,141452,,,false,8
,HThQQK~,6,146621,,,false,8
,HThQQK~,7,152629,,,false,8
,HThQQK~,8,158985,,,false,8
,HThQQK~,9,146063,,,false,8
,H_hP_^o,0,158426,,,false,8
,H_hP_^o,1,143548,,,false,8
,H_hP_^o,2,139426,,,false,8
,H_hP_^o,3,137401,,,false,8
,H_hP_^o,4,145154,,,false,8
,H_hP_^o,5,136004,,,false,8
,H_hP_^o,6,135934,,,false,8
,H_hP_^o,7,138519,,,false,8
,H_hP_^o,8,138099,,,false,8
,H_hP_^o,9,137611,,,false,8
,HC`PX`H,0,164644,,,false,8
,HC`PX`H,1,161080,,,false,8
,HC`PX`H,2,145294,,,false,8
,HC`PX`H,3,142430,,,false,8
,HC`PX`H,4,141801,,,false,8
,HC`PX`H,5,144526,,,false,8
,HC`PX`H,6,144945,,,false,8
,HC`PX`H,7,150393,,,false,8
,HC`PX`H,8,140335,,,false,8
,HC`PX`H,9,140264,,,false,8
,HC[QHNb,0,158776,,,false,8
,HC[QHNb,1,148367,,,false,8
,HC[QHNb,2,147390,,,false,8
,HC[QHNb,3,148298,,,false,8
,HC[QHNb,4,152349,,,false,8
,HC[QHNb,5,142011,,,false,8
,HC[QHNb,6,146621,,,false,8
,HC[QHNb,7,145783,,,false,8
,HC[QHNb,8,145643,,,false,8
,HC[QHNb,9,142081,,,false,8
,HiGgomN,0,162547,,,false,8
,HiGgomN,1,148088,,,false,8
,HiGgomN,2,142291,,,false,8
,HiGgomN,3,145923,,,false,8
,HiGgomN,4,144456,,,false,8
,HiGgomN,5,143967,,,false,8
,HiGgomN,6,140195,,,false,8
,HiGgomN,7,150254,,,false,8
,HiGgomN,8,144805,,,false,8
,HiGgomN,9,145433,,,false,8
,HwCx}zY,0,167857,,,false,8
,HwCx}zY,1,159614,,,false,8
,HwCx}zY,2,153327,,,false,8
,HwCx}zY,3,161989,,,false,8
,HwCx}zY,4,152139,,,false,8
,HwCx}zY,5,152629,,,false,8
,HwCx}zY,6,156470,,,false,8
,HwCx}zY,7,157658,,,false,8
,HwCx}zY,8,157448,,,false,8
,HwCx}zY,9,159404,,,false,8
,HxGW}nN,0,162897,,,false,8
,HxGW}nN,1,161430,,,false,8
,HxGW}nN,2,159055,,,false,8
,HxGW}nN,3,152629,,,false,8
,HxGW}nN,4,151650,,,false,8
,HxGW}nN,5,163316,,,false,8
,HxGW}nN,6,155003,,,false,8
,HxGW}nN,7,155074,,,false,8
,HxGW}nN,8,155492,,,false,8
,HxGW}nN,9,150952,,,false,8
,HwDX}yy,0,172048,,,false,8
,HwDX}yy,1,164992,,,false,8
,HwDX}yy,2,168974,,,false,8
,HwDX}yy,3,157099,,,false,8
,HwDX}yy,4,154584,,,false,8
,HwDX}yy,5,153606,,,false,8
,HwDX}yy,6,152280,,,false,8
,HwDX}yy,7,167158,,,false,8
,HwDX}yy,8,156610,,,false,8
,HwDX}yy,9,156820,,,false,8
,H`o~f~~,0,178195,,,false,8
,H`o~f~~,1,164643,,,false,8
,H`o~f~~,2,161570,,,false,8
,H`o~f~~,3,162548,,,false,8
,H`o~f~~,4,155632,,,false,8
,H`o~f~~,5,155562,,,false,8
,H`o~f~~,6,155004,,,false,8
,H`o~f~~,7,155422,,,false,8
,H`o~f~~,8,156191,,,false,8
,H`o~f~~,9,177915,,,false,8
,Hs`yppb,0,162547,,,false,8
,Hs`yppb,1,146691,,,false,8
,Hs`yppb,2,147389,,,false,8
,Hs`yppb,3,145923,,,false,8
,Hs`yppb,4,142290,,,false,8
,Hs`yppb,5,141522,,,false,8
,Hs`yppb,6,150672,,,false,8
,Hs`yppb,7,155423,,,false,8
,Hs`yppb,8,142011,,,false,8
,Hs`yppb,9,146412,,,false,8
,H}l?XKV,0,157448,,,false,8
,H}l?XKV,1,144176,,,false,8
,H}l?XKV,2,150813,,,false,8
,H}l?XKV,3,139985,,,false,8
,H}l?XKV,4,143967,,,false,8
,H}l?XKV,5,143897,,,false,8
,H}l?XKV,6,139356,,,false,8
,H}l?XKV,7,138868,,,false,8
,H}l?XKV,8,139845,,,false,8
,H}l?XKV,9,152699,,,false,8
,H_?{aOb,0,52739,,,false,6
,H_?{aOb,1,45335,,,false,6
,H_?{aOb,2,42959,,,false,6
,H_?{aOb,3,43379,,,false,6
,H_?{aOb,4,42960,,,false,6
,H_?{aOb,5,43169,,,false,6
,H_?{aOb,6,43169,,,false,6
,H_?{aOb,7,43099,,,false,6
,H_?{aOb,8,42890,,,false,6
,H_?{aOb,9,43099,,,false,6
,H`?M@cN,0,19838,,,false,2
,H`?M@cN,1,16206,,,false,2
,H`?M@cN,2,15018,,,false,2
,H`?M@cN,3,15368,,,false,2
,H`?M@cN,4,14809,,,false,2
,H`?M@cN,5,14250,,,false,2
,H`?M@cN,6,14389,,,false,2
,H`?M@cN,7,14739,,,false,2
,H`?M@cN,8,15368,,,false,2
,H`?M@cN,9,15228,,,false,2
,H?So]Mj,0,179941,,,false,8
,H?So]Mj,1,158705,,,false,8
,H?So]Mj,2,154934,,,false,8
,H?So]Mj,3,152838,,,false,8
,H?So]Mj,4,151721,,,false,8
,H?So]Mj,5,151231,,,false,8
,H?So]Mj,6,144316,,,false,8
,H?So]Mj,7,152908,,,false,8
,H?So]Mj,8,146831,,,false,8
,H?So]Mj,9,155492,,,false,8
,H?KLIns,0,167507,,,false,8
,H?KLIns,1,158008,,,false,8
,H?KLIns,2,151650,,,false,8
,H?KLIns,3,152838,,,false,8
,H?KLIns,4,144456,,,false,8
,H?KLIns,5,142919,,,false,8
,H?KLIns,6,145154,,,false,8
,H?KLIns,7,146622,,,false,8
,H?KLIns,8,147389,,,false,8
,H?KLIns,9,155982,,,false,8
,H?qipno,0,162757,,,false,8
,H?qipno,1,152489,,,false,8
,H?qipno,2,149764,,,false,8
,H?qipno,3,153746,,,false,8
,H?qipno,4,151162,,,false,8
,H?qipno,5,158496,,,false,8
,H?qipno,6,141941,,,false,8
,H?qipno,7,143268,,,false,8
,H?qipno,8,141592,,,false,8
,H?qipno,9,142570,,,false,8
,H?qa`_N,0,151930,,,false,8
,H?qa`_N,1,149415,,,false,8
,H?qa`_N,2,150673,,,false,8
,H?qa`_N,3,140404,,,false,8
,H?qa`_N,4,139217,,,false,8
,H?qa`_N,5,143967,,,false,8
,H?qa`_N,6,143687,,,false,8
,H?qa`_N,7,138798,,,false,8
,H?qa`_N,8,138448,,,false,8
,H?qa`_N,9,146831,,,false,8
,HAGOSLe,0,39257,,,false,5
,HAGOSLe,1,32481,,,false,5
,HAGOSLe,2,31014,,,false,5
,HAGOSLe,3,30316,,,false,5
,HAGOSLe,4,30455,,,false,5
,HAGOSLe,5,29967,,,false,5
,HAGOSLe,6,30456,,,false,5
,HAGOSLe,7,30456,,,false,5
,HAGOSLe,8,30455,,,false,5
,HAGOSLe,9,30456,,,false,5
,H?COZIa,0,33390,,,false,5
,H?COZIa,1,27172,,,false,5
,H?COZIa,2,25916,,,false,5
,H?COZIa,3,26195,,,false,5
,H?COZIa,4,25775,,,false,5
,H?COZIa,5,25845,,,false,5
,H?COZIa,6,25776,,,false,5
,H?COZIa,7,25915,,,false,5
,H?COZIa,8,25426,,,false,5
,H?COZIa,9,26055,,,false,5
,H{dX`TF,0,172537,,,false,8
,H{dX`TF,1,155283,,,false,8
,H{dX`TF,2,150533,,,false,8
,H{dX`TF,3,144875,,,false,8
,H{dX`TF,4,143827,,,false,8
,H{dX`TF,5,143268,,,false,8
,H{dX`TF,6,143059,,,false,8
,H{dX`TF,7,151651,,,false,8
,H{dX`TF,8,146062,,,false,8
,H{dX`TF,9,146761,,,false,8
,H?qipn~,0,175401,,,false,8
,H?qipn~,1,161080,,,false,8
,H?qipn~,2,156331,,,false,8
,H?qipn~,3,161989,,,false,8
,H?qipn~,4,152209,,,false,8
,H?qipn~,5,150673,,,false,8
,H?qipn~,6,156121,,,false,8
,H?qipn~,7,155353,,,false,8
,H?qipn~,8,155981,,,false,8
,H?qipn~,9,164713,,,false,8
,H?CGHFO,0,18162,,,false,3
,H?CGHFO,1,15368,,,false,3
,H?CGHFO,2,13831,,,false,3
,H?CGHFO,3,13551,,,false,3
,H?CGHFO,4,13272,,,false,3
,H?CGHFO,5,13482,,,false,3
,H?CGHFO,6,13202,,,false,3
,H?CGHFO,7,12993,,,false,3
,H?CGHFO,8,12713,,,false,3
,H?CGHFO,9,13412,,,false,3
,H?O_cC[,0,27103,,,false,2
,H?O_cC[,1,23750,,,false,2
,H?O_cC[,2,22353,,,false,2
,H?O_cC[,3,21515,,,false,2
,H?O_cC[,4,21515,,,false,2
,H?O_cC[,5,20606,,,false,2
,H?O_cC[,6,20397,,,false,2
,H?O_cC[,7,20397,,,false,2
,H?O_cC[,8,20467,,,false,2
,H?O_cC[,9,19909,,,false,2
,H?o@Gho,0,35835,,,false,6
,H?o@Gho,1,29128,,,false,6
,H?o@Gho,2,26754,,,false,6
,H?o@Gho,3,27173,,,false,6
,H?o@Gho,4,26125,,,false,6
,H?o@Gho,5,25636,,,false,6
,H?o@Gho,6,25566,,,false,6
,H?o@Gho,7,25775,,,false,6
,H?o@Gho,8,25357,,,false,6
,H?o@Gho,9,25846,,,false,6
,H??OPNW,0,51133,,,false,5
,H??OPNW,1,41842,,,false,5
,H??OPNW,2,40445,,,false,5
,H??OPNW,3,40375,,,false,5
,H??OPNW,4,39467,,,false,5
,H??OPNW,5,39257,,,false,5
,H??OPNW,6,39467,,,false,5
,H??OPNW,7,39607,,,false,5
,H??OPNW,8,38978,,,false,5
,H??OPNW,9,39397,,,false,5
,H??M?kw,0,43309,,,false,6
,H??M?kw,1,36813,,,false,6
,H??M?kw,2,35345,,,false,6
,H??M?kw,3,34787,,,false,6
,H??M?kw,4,35066,,,false,6
,H??M?kw,5,34787,,,false,6
,H??M?kw,6,34857,,,false,6
,H??M?kw,7,34367,,,false,6
,H??M?kw,8,34298,,,false,6
,H??M?kw,9,34368,,,false,6
,H`lu^~~,0,167717,,,false,8
,H`lu^~~,1,172397,,,false,8
,H`lu^~~,2,158426,,,false,8
,H`lu^~~,3,152769,,,false,8
,H`lu^~~,4,151930,,,false,8
,H`lu^~~,5,151860,,,false,8
,H`lu^~~,6,156680,,,false,8
,H`lu^~~,7,161710,,,false,8
,H`lu^~~,8,156610,,,false,8
,H`lu^~~,9,158147,,,false,8
,H??WvJa,0,31923,,,false,5
,H??WvJa,1,27731,,,false,5
,H??WvJa,2,26334,,,false,5
,H??WvJa,3,25916,,,false,5
,H??WvJa,4,25776,,,false,5
,H??WvJa,5,26195,,,false,5
,H??WvJa,6,26405,,,false,5
,H??WvJa,7,25916,,,false,5
,H??WvJa,8,26195,,,false,5
,H??WvJa,9,25775,,,false,5
,HwCWqGb,0,31504,,,false,5
,HwCWqGb,1,25705,,,false,5
,HwCWqGb,2,25287,,,false,5
,HwCWqGb,3,25427,,,false,5
,HwCWqGb,4,24937,,,false,5
,HwCWqGb,5,24589,,,false,5
,HwCWqGb,6,24798,,,false,5
,HwCWqGb,7,33949,,,false,5
,HwCWqGb,8,24309,,,false,5
,HwCWqGb,9,25147,,,false,5
,H???F~},0,21445,,,false,5
,H???F~},1,19280,,,false,5
,H???F~},2,18511,,,false,5
,H???F~},3,18861,,,false,5
,H???F~},4,18581,,,false,5
,H???F~},5,18372,,,false,5
,H???F~},6,18999,,,false,5
,H???F~},7,18720,,,false,5
,H???F~},8,19140,,,false,5
,H???F~},9,18930,,,false,5
,HoSsaKj,0,151791,,,false,8
,HoSsaKj,1,142081,,,false,8
,HoSsaKj,2,141802,,,false,8
,HoSsaKj,3,140264,,,false,8
,HoSsaKj,4,141941,,,false,8
,HoSsaKj,5,133558,,,false,8
,HoSsaKj,6,150813,,,false,8
,HoSsaKj,7,135515,,,false,8
,HoSsaKj,8,134537,,,false,8
,HoSsaKj,9,134607,,,false,8
,H?@HeYr,0,20816,,,false,3
,H?@HeYr,1,16694,,,false,3
,H?@HeYr,2,15787,,,false,3
,H?@HeYr,3,16066,,,false,3
,H?@HeYr,4,16346,,,false,3
,H?@HeYr,5,14739,,,false,3
,H?@HeYr,6,15717,,,false,3
,H?@HeYr,7,24029,,,false,3
,H?@HeYr,8,16695,,,false,3
,H?@HeYr,9,15996,,,false,3
,HHqGhdN,0,164433,,,false,8
,HHqGhdN,1,151372,,,false,8
,HHqGhdN,2,151232,,,false,8
,HHqGhdN,3,149555,,,false,8
,HHqGhdN,4,144107,,,false,8
,HHqGhdN,5,149765,,,false,8
,HHqGhdN,6,138169,,,false,8
,HHqGhdN,7,144386,,,false,8
,HHqGhdN,8,144246,,,false,8
,HHqGhdN,9,139287,,,false,8
,HpO]@cN,0,153327,,,false,8
,HpO]@cN,1,145154,,,false,8
,HpO]@cN,2,149136,,,false,8
,HpO]@cN,3,142989,,,false,8
,HpO]@cN,4,136842,,,false,8
,HpO]@cN,5,136493,,,false,8
,HpO]@cN,6,140614,,,false,8
,HpO]@cN,7,142151,,,false,8
,HpO]@cN,8,138588,,,false,8
,HpO]@cN,9,148088,,,false,8
,HoCQPJ~,0,156889,,,false,8
,HoCQPJ~,1,147529,,,false,8
,HoCQPJ~,2,149346,,,false,8
,HoCQPJ~,3,148088,,,false,8
,HoCQPJ~,4,143828,,,false,8
,HoCQPJ~,5,155214,,,false,8
,HoCQPJ~,6,146830,,,false,8
,HoCQPJ~,7,147599,,,false,8
,HoCQPJ~,8,147320,,,false,8
,HoCQPJ~,9,143338,,,false,8
,HCO__SF,0,24169,,,false,2
,HCO__SF,1,19559,,,false,2
,HCO__SF,2,18231,,,false,2
,HCO__SF,3,18092,,,false,2
,HCO__SF,4,17463,,,false,2
,HCO__SF,5,17673,,,false,2
,HCO__SF,6,17813,,,false,2
,HCO__SF,7,17184,,,false,2
,HCO__SF,8,17254,,,false,2
,HCO__SF,9,17533,,,false,2
,Hr?GW^~,0,24309,,,false,4
,Hr?GW^~,1,21026,,,false,4
,Hr?GW^~,2,29129,,,false,4
,Hr?GW^~,3,20676,,,false,4
,Hr?GW^~,4,19769,,,false,4
,Hr?GW^~,5,19908,,,false,4
,Hr?GW^~,6,20117,,,false,4
,Hr?GW^~,7,19978,,,false,4
,Hr?GW^~,8,19908,,,false,4
,Hr?GW^~,9,19629,,,false,4
,HWCW~~~,0,37650,,,false,5
,HWCW~~~,1,31434,,,false,5
,HWCW~~~,2,30526,,,false,5
,HWCW~~~,3,30386,,,false,5
,HWCW~~~,4,30036,,,false,5
,HWCW~~~,5,30456,,,false,5
,HWCW~~~,6,30037,,,false,5
,HWCW~~~,7,30456,,,false,5
,HWCW~~~,8,30107,,,false,5
,HWCW~~~,9,30525,,,false,5
,H@?GjEL,0,44427,,,false,5
,H@?GjEL,1,36673,,,false,5
,H@?GjEL,2,35346,,,false,5
,H@?GjEL,3,35276,,,false,5
,H@?GjEL,4,35276,,,false,5
,H@?GjEL,5,34787,,,false,5
,H@?GjEL,6,34717,,,false,5
,H@?GjEL,7,35136,,,false,5
,H@?GjEL,8,35834,,,false,5
,H@?GjEL,9,35695,,,false,5
,H@?OZEL,0,43937,,,false,6
,H@?OZEL,1,39537,,,false,6
,H@?OZEL,2,38279,,,false,6
,H@?OZEL,3,37651,,,false,6
,H@?OZEL,4,38210,,,false,6
,H@?OZEL,5,37650,,,false,6
,H@?OZEL,6,37651,,,false,6
,H@?OZEL,7,37860,,,false,6
,H@?OZEL,8,36673,,,false,6
,H@?OZEL,9,37581,,,false,6
,H_Bbowx,0,51551,,,false,6
,H_Bbowx,1,44706,,,false,6
,H_Bbowx,2,43029,,,false,6
,H_Bbowx,3,42750,,,false,6
,H_Bbowx,4,42680,,,false,6
,H_Bbowx,5,42960,,,false,6
,H_Bbowx,6,42820,,,false,6
,H_Bbowx,7,42471,,,false,6
,H_Bbowx,8,62937,,,false,6
,H_Bbowx,9,70761,,,false,6
,H{dbGwZ,0,254823,,,false,8
,H{dbGwZ,1,251680,,,false,8
,H{dbGwZ,2,243367,,,false,8
,H{dbGwZ,3,256220,,,false,8
,H{dbGwZ,4,254823,,,false,8
,H{dbGwZ,5,248257,,,false,8
,H{dbGwZ,6,239176,,,false,8
,H{dbGwZ,7,245812,,,false,8
,H{dbGwZ,8,237150,,,false,8
,H{dbGwZ,9,232051,,,false,8
,H{`rOwZ,0,245393,,,false,8
,H{`rOwZ,1,254893,,,false,8
,H{`rOwZ,2,240783,,,false,8
,H{`rOwZ,3,244136,,,false,8
,H{`rOwZ,4,238827,,,false,8
,H{`rOwZ,5,248536,,,false,8
,H{`rOwZ,6,235265,,,false,8
,H{`rOwZ,7,231004,,,false,8
,H{`rOwZ,8,231213,,,false,8
,H{`rOwZ,9,253915,,,false,8
,H}hPOkN,0,248607,,,false,8
,H}hPOkN,1,242040,,,false,8
,H}hPOkN,2,244904,,,false,8
,H}hPOkN,3,243438,,,false,8
,H}hPOkN,4,230514,,,false,8
,H}hPOkN,5,229118,,,false,8
,H}hPOkN,6,215985,,,false,8
,H}hPOkN,7,232051,,,false,8
,H}hPOkN,8,217243,,,false,8
,H}hPOkN,9,150184,,,false,8
,H|pGpKV,0,153746,,,false,8
,H|pGpKV,1,151231,,,false,8
,H|pGpKV,2,150184,,,false,8
,H|pGpKV,3,151232,,,false,8
,H|pGpKV,4,139705,,,false,8
,H|pGpKV,5,139496,,,false,8
,H|pGpKV,6,139496,,,false,8
,H|pGpKV,7,139916,,,false,8
,H|pGpKV,8,139636,,,false,8
,H|pGpKV,9,139566,,,false,8
,H|ogqKV,0,154585,,,false,8
,H|ogqKV,1,143199,,,false,8
,H|ogqKV,2,141452,,,false,8
,H|ogqKV,3,141452,,,false,8
,H|ogqKV,4,145643,,,false,8
,H|ogqKV,5,145364,,,false,8
,H|ogqKV,6,149695,,,false,8
,H|ogqKV,7,141801,,,false,8
,H|ogqKV,8,140684,,,false,8
,H|ogqKV,9,140893,,,false,8
,H}gWqKf,0,145644,,,false,8
,H}gWqKf,1,143338,,,false,8
,H}gWqKf,2,146342,,,false,8
,H}gWqKf,3,155214,,,false,8
,H}gWqKf,4,144875,,,false,8
,H}gWqKf,5,144805,,,false,8
,H}gWqKf,6,144316,,,false,8
,H}gWqKf,7,149416,,,false,8
,H}gWqKf,8,149835,,,false,8
,H}gWqKf,9,148856,,,false,8
,H{`Xqgj,0,156401,,,false,8
,H{`Xqgj,1,148647,,,false,8
,H{`Xqgj,2,143268,,,false,8
,H{`Xqgj,3,141871,,,false,8
,H{`Xqgj,4,141103,,,false,8
,H{`Xqgj,5,144735,,,false,8
,H{`Xqgj,6,155004,,,false,8
,H{`Xqgj,7,145014,,,false,8
,H{`Xqgj,8,143827,,,false,8
,H{`Xqgj,9,149066,,,false,8
,H{`XrOV,0,149904,,,false,8
,H{`XrOV,1,149835,,,false,8
,H{`XrOV,2,155003,,,false,8
,H{`XrOV,3,144246,,,false,8
,H{`XrOV,4,143618,,,false,8
,H{`XrOV,5,144735,,,false,8
,H{`XrOV,6,144456,,,false,8
,H{`XrOV,7,144525,,,false,8
,H{`XrOV,8,148857,,,false,8
,H{`XrOV,9,150952,,,false,8
,H~zUX{~,0,165760,,,false,8
,H~zUX{~,1,166250,,,false,8
,H~zUX{~,2,153746,,,false,8
,H~zUX{~,3,154235,,,false,8
,H~zUX{~,4,154934,,,false,8
,H~zUX{~,5,162757,,,false,8
,H~zUX{~,6,155493,,,false,8
,H~zUX{~,7,154375,,,false,8
,H~zUX{~,8,153746,,,false,8
,H~zUX{~,9,153536,,,false,8
,HqGO?KJ,0,25008,,,false,6
,HqGO?KJ,1,19838,,,false,6
,HqGO?KJ,2,18371,,,false,6
,HqGO?KJ,3,18232,,,false,6
,HqGO?KJ,4,18581,,,false,6
,HqGO?KJ,5,18022,,,false,6
,HqGO?KJ,6,18231,,,false,6
,HqGO?KJ,7,19140,,,false,6
,HqGO?KJ,8,19419,,,false,6
,HqGO?KJ,9,19070,,,false,6
,HWEA?WR,0,28570,,,false,6
,HWEA?WR,1,24169,,,false,6
,HWEA?WR,2,22912,,,false,6
,HWEA?WR,3,22842,,,false,6
,HWEA?WR,4,22842,,,false,6
,HWEA?WR,5,22842,,,false,6
,HWEA?WR,6,22911,,,false,6
,HWEA?WR,7,22423,,,false,6
,HWEA?WR,8,22563,,,false,6
,HWEA?WR,9,22911,,,false,6
,HK`@?WR,0,76629,,,false,5
,HK`@?WR,1,68595,,,false,5
,HK`@?WR,2,66780,,,false,5
,HK`@?WR,3,67128,,,false,5
,HK`@?WR,4,65662,,,false,5
,HK`@?WR,5,66290,,,false,5
,HK`@?WR,6,66290,,,false,5
,HK`@?WR,7,66500,,,false,5
,HK`@?WR,8,66360,,,false,5
,HK`@?WR,9,73555,,,false,5
,HqG??kM,0,21375,,,false,6
,HqG??kM,1,18930,,,false,6
,HqG??kM,2,17673,,,false,6
,HqG??kM,3,17952,,,false,6
,HqG??kM,4,18092,,,false,6
,HqG??kM,5,18162,,,false,6
,HqG??kM,6,18092,,,false,6
,HqG??kM,7,18092,,,false,6
,HqG??kM,8,17743,,,false,6
,HqG??kM,9,17673,,,false,6
,H``??se,0,40165,,,false,6
,H``??se,1,35276,,,false,6
,H``??se,2,33809,,,false,6
,H``??se,3,34298,,,false,6
,H``??se,4,33878,,,false,6
,H``??se,5,34368,,,false,6
,H``??se,6,33878,,,false,6
,H``??se,7,33879,,,false,6
,H``??se,8,33320,,,false,6
,H``??se,9,34018,,,false,6
,HQ`?@KY,0,60073,,,false,5
,HQ`?@KY,1,55324,,,false,5
,HQ`?@KY,2,53507,,,false,5
,HQ`?@KY,3,53368,,,false,5
,HQ`?@KY,4,63426,,,false,5
,HQ`?@KY,5,54275,,,false,5
,HQ`?@KY,6,53857,,,false,5
,HQ`?@KY,7,54206,,,false,5
,HQ`?@KY,8,54345,,,false,5
,HQ`?@KY,9,54276,,,false,5
,Ho?OQoe,0,35834,,,false,6
,Ho?OQoe,1,29548,,,false,6
,Ho?OQoe,2,28640,,,false,6
,Ho?OQoe,3,28361,,,false,6
,Ho?OQoe,4,28569,,,false,6
,Ho?OQoe,5,28081,,,false,6
,Ho?OQoe,6,28570,,,false,6
,Ho?OQoe,7,28570,,,false,6
,Ho?OQoe,8,28570,,,false,6
,Ho?OQoe,9,28081,,,false,6
,H?ChUjQ,0,165621,,,false,8
,H?ChUjQ,1,166529,,,false,8
,H?ChUjQ,2,146481,,,false,8
,H?ChUjQ,3,143478,,,false,8
,H?ChUjQ,4,142290,,,false,8
,H?ChUjQ,5,139985,,,false,8
,H?ChUjQ,6,139426,,,false,8
,H?ChUjQ,7,143269,,,false,8
,H?ChUjQ,8,151651,,,false,8
,H?ChUjQ,9,147390,,,false,8
,H?CKZhn,0,180570,,,false,8
,H?CKZhn,1,167228,,,false,8
,H?CKZhn,2,160662,,,false,8
,H?CKZhn,3,158915,,,false,8
,H?CKZhn,4,159753,,,false,8
,H?CKZhn,5,151510,,,false,8
,H?CKZhn,6,150812,,,false,8
,H?CKZhn,7,146481,,,false,8
,H?CKZhn,8,146202,,,false,8
,H?CKZhn,9,150184,,,false,8
,H?AHQkz,0,42680,,,false,5
,H?AHQkz,1,37720,,,false,5
,H?AHQkz,2,45753,,,false,5
,H?AHQkz,3,35835,,,false,5
,H?AHQkz,4,35695,,,false,5
,H?AHQkz,5,35206,,,false,5
,H?AHQkz,6,35485,,,false,5
,H?AHQkz,7,35276,,,false,5
,H?AHQkz,8,35346,,,false,5
,H?AHQkz,9,35276,,,false,5
,HXUQ|zM,0,161290,,,false,8
,HXUQ|zM,1,154585,,,false,8
,HXUQ|zM,2,151580,,,false,8
,HXUQ|zM,3,148997,,,false,8
,HXUQ|zM,4,161010,,,false,8
,HXUQ|zM,5,153048,,,false,8
,HXUQ|zM,6,147739,,,false,8
,HXUQ|zM,7,148508,,,false,8
,HXUQ|zM,8,148437,,,false,8
,HXUQ|zM,9,148158,,,false,8
,H??F~z{,0,183224,,,false,8
,H??F~z{,1,166879,,,false,8
,H??F~z{,2,163874,,,false,8
,H??F~z{,3,163247,,,false,8
,H??F~z{,4,162966,,,false,8
,H??F~z{,5,162059,,,false,8
,H??F~z{,6,174213,,,false,8
,H??F~z{,7,169323,,,false,8
,H??F~z{,8,168904,,,false,8
,H??F~z{,9,168975,,,false,8
,HqN~~zz,0,180849,,,false,8
,HqN~~zz,1,179661,,,false,8
,HqN~~zz,2,167437,,,false,8
,HqN~~zz,3,165901,,,false,8
,HqN~~zz,4,165272,,,false,8
,HqN~~zz,5,164643,,,false,8
,HqN~~zz,6,166250,,,false,8
,HqN~~zz,7,174562,,,false,8
,HqN~~zz,8,164713,,,false,8
,HqN~~zz,9,164993,,,false,8
,H`deX~{,0,161430,,,false,8
,H`deX~{,1,159893,,,false,8
,H`deX~{,2,156960,,,false,8
,H`deX~{,3,160103,,,false,8
,H`deX~{,4,149555,,,false,8
,H`deX~{,5,150044,,,false,8
,H`deX~{,6,149974,,,false,8
,H`deX~{,7,148857,,,false,8
,H`deX~{,8,149415,,,false,8
,H`deX~{,9,158427,,,false,8
,HoDXvnm,0,165062,,,false,8
,HoDXvnm,1,157937,,,false,8
,HoDXvnm,2,155563,,,false,8
,HoDXvnm,3,154235,,,false,8
,HoDXvnm,4,154096,,,false,8
,HoDXvnm,5,165970,,,false,8
,HoDXvnm,6,148368,,,false,8
,HoDXvnm,7,148367,,,false,8
,HoDXvnm,8,149206,,,false,8
,HoDXvnm,9,153187,,,false,8
,H}hX~~~,0,169812,,,false,8
,H}hX~~~,1,174981,,,false,8
,H}hX~~~,2,171070,,,false,8
,H}hX~~~,3,169882,,,false,8
,H}hX~~~,4,169464,,,false,8
,H}hX~~~,5,169533,,,false,8
,H}hX~~~,6,170162,,,false,8
,H}hX~~~,7,175680,,,false,8
,H}hX~~~,8,171489,,,false,8
,H}hX~~~,9,170860,,,false,8
,H????Nx,0,11735,,,false,3
,H????Nx,1,9570,,,false,3
,H????Nx,2,8452,,,false,3
,H????Nx,3,8452,,,false,3
,H????Nx,4,8732,,,false,3
,H????Nx,5,8592,,,false,3
,H????Nx,6,8522,,,false,3
,H????Nx,7,8173,,,false,3
,H????Nx,8,8103,,,false,3
,H????Nx,9,8662,,,false,3
,H??OONg,0,11526,,,false,3
,H??OONg,1,9500,,,false,3
,H??OONg,2,9221,,,false,3
,H??OONg,3,9360,,,false,3
,H??OONg,4,9011,,,false,3
,H??OONg,5,9081,,,false,3
,H??OONg,6,8942,,,false,3
,H??OONg,7,8732,,,false,3
,H??OONg,8,9360,,,false,3
,H??OONg,9,9430,,,false,3
,H??OPFK,0,17253,,,false,2
,H??OPFK,1,15158,,,false,2
,H??OPFK,2,15228,,,false,2
,H??OPFK,3,14390,,,false,2
,H??OPFK,4,14669,,,false,2
,H??OPFK,5,14459,,,false,2
,H??OPFK,6,14669,,,false,2
,H??OPFK,7,13971,,,false,2
,H??OPFK,8,14809,,,false,2
,H??OPFK,9,14320,,,false,2
,H??@OjK,0,12225,,,false,3
,H??@OjK,1,10548,,,false,3
,H??@OjK,2,10269,,,false,3
,H??@OjK,3,19629,,,false,3
,H??@OjK,4,10408,,,false,3
,H??@OjK,5,10617,,,false,3
,H??@OjK,6,9919,,,false,3
,H??@OjK,7,10059,,,false,3
,H??@OjK,8,9500,,,false,3
,H??@OjK,9,9919,,,false,3
,H??OZAH,0,15367,,,false,3
,H??OZAH,1,13272,,,false,3
,H??OZAH,2,12993,,,false,3
,H??OZAH,3,12783,,,false,3
,H??OZAH,4,12504,,,false,3
,H??OZAH,5,12713,,,false,3
,H??OZAH,6,12573,,,false,3
,H??OZAH,7,12644,,,false,3
,H??OZAH,8,12923,,,false,3
,H??OZAH,9,12363,,,false,3
,H???jQK,0,19629,,,false,3
,H???jQK,1,17044,,,false,3
,H???jQK,2,15717,,,false,3
,H???jQK,3,15786,,,false,3
,H???jQK,4,15647,,,false,3
,H???jQK,5,15298,,,false,3
,H???jQK,6,15717,,,false,3
,H???jQK,7,15647,,,false,3
,H???jQK,8,15437,,,false,3
,H???jQK,9,15997,,,false,3
,H?C?JEK,0,19629,,,false,2
,H?C?JEK,1,17463,,,false,2
,H?C?JEK,2,15786,,,false,2
,H?C?JEK,3,16206,,,false,2
,H?C?JEK,4,15647,,,false,2
,H?C?JEK,5,15857,,,false,2
,H?C?JEK,6,15647,,,false,2
,H?C?JEK,7,15786,,,false,2
,H?C?JEK,8,15856,,,false,2
,H?C?JEK,9,15507,,,false,2
,H??_aYI,0,19000,,,false,3
,H??_aYI,1,16415,,,false,3
,H??_aYI,2,16346,,,false,3
,H??_aYI,3,15647,,,false,3
,H??_aYI,4,16276,,,false,3
,H??_aYI,5,15856,,,false,3
,H??_aYI,6,16136,,,false,3
,H??_aYI,7,16276,,,false,3
,H??_aYI,8,15857,,,false,3
,H??_aYI,9,16136,,,false,3
,H????Ny,0,9569,,,false,3
,H????Ny,1,18092,,,false,3
,H????Ny,2,9011,,,false,3
,H????Ny,3,8661,,,false,3
,H????Ny,4,8383,,,false,3
,H????Ny,5,8033,,,false,3
,H????Ny,6,8592,,,false,3
,H????Ny,7,7963,,,false,3
,H????Ny,8,8662,,,false,3
,H????Ny,9,7614,,,false,3
,H???ONp,0,11875,,,false,3
,H???ONp,1,11106,,,false,3
,H???ONp,2,9920,,,false,3
,H???ONp,3,9570,,,false,3
,H???ONp,4,10408,,,false,3
,H???ONp,5,10059,,,false,3
,H???ONp,6,10548,,,false,3
,H???ONp,7,10827,,,false,3
,H???ONp,8,9709,,,false,3
,H???ONp,9,10338,,,false,3
,H???Gva,0,11247,,,false,3
,H???Gva,1,10547,,,false,3
,H???Gva,2,9500,,,false,3
,H???Gva,3,10059,,,false,3
,H???Gva,4,9570,,,false,3
,H???Gva,5,9430,,,false,3
,H???Gva,6,9570,,,false,3
,H???Gva,7,9919,,,false,3
,H???Gva,8,9150,,,false,3
,H???Gva,9,9430,,,false,3
,H??C?\p,0,19559,,,false,2
,H??C?\p,1,16974,,,false,2
,H??C?\p,2,16764,,,false,2
,H??C?\p,3,15647,,,false,2
,H??C?\p,4,16136,,,false,2
,H??C?\p,5,16136,,,false,2
,H??C?\p,6,16416,,,false,2
,H??C?\p,7,15856,,,false,2
,H??C?\p,8,16625,,,false,2
,H??C?\p,9,15787,,,false,2
,H???_Zb,0,13761,,,false,3
,H???_Zb,1,12433,,,false,3
,H???_Zb,2,11875,,,false,3
,H???_Zb,3,11526,,,false,3
,H???_Zb,4,11386,,,false,3
,H???_Zb,5,11107,,,false,3
,H???_Zb,6,11735,,,false,3
,H???_Zb,7,11875,,,false,3
,H???_Zb,8,11316,,,false,3
,H???_Zb,9,11037,,,false,3
,H???OJr,0,7684,,,false,3
,H???OJr,1,7125,,,false,3
,H???OJr,2,6706,,,false,3
,H???OJr,3,6775,,,false,3
,H???OJr,4,5728,,,false,3
,H???OJr,5,6147,,,false,3
,H???OJr,6,6357,,,false,3
,H???OJr,7,7125,,,false,3
,H???OJr,8,6636,,,false,3
,H???OJr,9,6846,,,false,3
,H?`@?_N,0,29617,,,false,2
,H?`@?_N,1,19978,,,false,2
,H?`@?_N,2,18372,,,false,2
,H?`@?_N,3,18371,,,false,2
,H?`@?_N,4,18930,,,false,2
,H?`@?_N,5,18232,,,false,2
,H?`@?_N,6,18022,,,false,2
,H?`@?_N,7,18162,,,false,2
,H?`@?_N,8,18232,,,false,2
,H?`@?_N,9,18023,,,false,2
,H??ORAF,0,15298,,,false,3
,H??ORAF,1,14809,,,false,3
,H??ORAF,2,13342,,,false,3
,H??ORAF,3,13411,,,false,3
,H??ORAF,4,13691,,,false,3
,H??ORAF,5,13551,,,false,3
,H??ORAF,6,13132,,,false,3
,H??ORAF,7,13412,,,false,3
,H??ORAF,8,13342,,,false,3
,H??ORAF,9,13901,,,false,3
,H??OON`,0,12503,,,false,3
,H??OON`,1,10897,,,false,3
,H??OON`,2,10618,,,false,3
,H??OON`,3,10897,,,false,3
,H??OON`,4,10059,,,false,3
,H??OON`,5,10827,,,false,3
,H??OON`,6,10478,,,false,3
,H??OON`,7,10966,,,false,3
,H??OON`,8,10477,,,false,3
,H??OON`,9,10618,,,false,3
,H???Oje,0,12434,,,false,3
,H???Oje,1,10827,,,false,3
,H???Oje,2,10129,,,false,3
,H???Oje,3,10757,,,false,3
,H???Oje,4,10059,,,false,3
,H???Oje,5,10059,,,false,3
,H???Oje,6,10408,,,false,3
,H???Oje,7,10059,,,false,3
,H???Oje,8,9989,,,false,3
,H???Oje,9,10128,,,false,3
,H???gZ`,0,11526,,,false,3
,H???gZ`,1,10408,,,false,3
,H???gZ`,2,9221,,,false,3
,H???gZ`,3,9360,,,false,3
,H???gZ`,4,9011,,,false,3
,H???gZ`,5,9500,,,false,3
,H???gZ`,6,9500,,,false,3
,H???gZ`,7,9640,,,false,3
,H???gZ`,8,9291,,,false,3
,H???gZ`,9,9431,,,false,3
,H???_^c,0,8033,,,false,3
,H???_^c,1,7194,,,false,3
,H???_^c,2,7055,,,false,3
,H???_^c,3,7125,,,false,3
,H???_^c,4,6706,,,false,3
,H???_^c,5,6636,,,false,3
,H???_^c,6,7125,,,false,3
,H???_^c,7,7195,,,false,3
,H???_^c,8,15158,,,false,3
,H???_^c,9,6356,,,false,3
,H???Gvc,0,8522,,,false,3
,H???Gvc,1,7195,,,false,3
,H???Gvc,2,7195,,,false,3
,H???Gvc,3,6706,,,false,3
,H???Gvc,4,6566,,,false,3
,H???Gvc,5,7195,,,false,3
,H???Gvc,6,7125,,,false,3
,H???Gvc,7,7055,,,false,3
,H???Gvc,8,7125,,,false,3
,H???Gvc,9,7195,,,false,3
,H??G@fE,0,15368,,,false,2
,H??G@fE,1,13831,,,false,2
,H??G@fE,2,13341,,,false,2
,H??G@fE,3,13411,,,false,2
,H??G@fE,4,13342,,,false,2
,H??G@fE,5,12993,,,false,2
,H??G@fE,6,13272,,,false,2
,H??G@fE,7,12993,,,false,2
,H??G@fE,8,13273,,,false,2
,H??G@fE,9,13481,,,false,2
,H?AAGSp,0,11526,,,false,3
,H?AAGSp,1,10408,,,false,3
,H?AAGSp,2,9710,,,false,3
,H?AAGSp,3,9780,,,false,3
,H?AAGSp,4,9989,,,false,3
,H?AAGSp,5,10059,,,false,3
,H?AAGSp,6,9849,,,false,3
,H?AAGSp,7,9709,,,false,3
,H?AAGSp,8,9500,,,false,3
,H?AAGSp,9,9570,,,false,3
,H?C@M?L,0,10129,,,false,3
,H?C@M?L,1,9430,,,false,3
,H?C@M?L,2,8452,,,false,3
,H?C@M?L,3,8661,,,false,3
,H?C@M?L,4,8942,,,false,3
,H?C@M?L,5,8103,,,false,3
,H?C@M?L,6,8592,,,false,3
,H?C@M?L,7,8103,,,false,3
,H?C@M?L,8,8243,,,false,3
,H?C@M?L,9,7963,,,false,3
,H??_aQM,0,20747,,,false,2
,H??_aQM,1,18511,,,false,2
,H??_aQM,2,17743,,,false,2
,H??_aQM,3,17463,,,false,2
,H??_aQM,4,17183,,,false,2
,H??_aQM,5,17743,,,false,2
,H??_aQM,6,17533,,,false,2
,H??_aQM,7,17184,,,false,2
,H??_aQM,8,17743,,,false,2
,H??_aQM,9,17534,,,false,2
,H?GQCCL,0,14390,,,false,3
,H?GQCCL,1,11805,,,false,3
,H?GQCCL,2,11805,,,false,3
,H?GQCCL,3,11945,,,false,3
,H?GQCCL,4,11736,,,false,3
,H?GQCCL,5,12085,,,false,3
,H?GQCCL,6,21445,,,false,3
,H?GQCCL,7,11875,,,false,3
,H?GQCCL,8,11945,,,false,3
,H?GQCCL,9,12364,,,false,3
,H??_eOM,0,14809,,,false,3
,H??_eOM,1,12783,,,false,3
,H??_eOM,2,11945,,,false,3
,H??_eOM,3,11875,,,false,3
,H??_eOM,4,12434,,,false,3
,H??_eOM,5,12434,,,false,3
,H??_eOM,6,12295,,,false,3
,H??_eOM,7,11945,,,false,3
,H??_eOM,8,12224,,,false,3
,H??_eOM,9,12084,,,false,3
,H`?G?F~,0,18092,,,false,2
,H`?G?F~,1,15368,,,false,2
,H`?G?F~,2,14739,,,false,2
,H`?G?F~,3,14809,,,false,2
,H`?G?F~,4,15297,,,false,2
,H`?G?F~,5,13691,,,false,2
,H`?G?F~,6,14879,,,false,2
,H`?G?F~,7,15018,,,false,2
,H`?G?F~,8,14879,,,false,2
,H`?G?F~,9,15158,,,false,2
,H??E\hw,0,101077,,,false,6
,H??E\hw,1,89132,,,false,6
,H??E\hw,2,86618,,,false,6
,H??E\hw,3,85430,,,false,6
,H??E\hw,4,85849,,,false,6
,H??E\hw,5,95419,,,false,6
,H??E\hw,6,86198,,,false,6
,H??E\hw,7,85779,,,false,6
,H??E\hw,8,86129,,,false,6
,H??E\hw,9,86408,,,false,6
,HQG[IVr,0,163945,,,false,8
,HQG[IVr,1,154514,,,false,8
,HQG[IVr,2,151372,,,false,8
,HQG[IVr,3,156749,,,false,8
,HQG[IVr,4,146133,,,false,8
,HQG[IVr,5,148926,,,false,8
,HQG[IVr,6,148926,,,false,8
,HQG[IVr,7,148856,,,false,8
,HQG[IVr,8,144037,,,false,8
,HQG[IVr,9,144036,,,false,8
,HCDlAVr,0,173654,,,false,8
,HCDlAVr,1,156401,,,false,8
,HCDlAVr,2,152628,,,false,8
,HCDlAVr,3,150184,,,false,8
,HCDlAVr,4,149834,,,false,8
,HCDlAVr,5,161919,,,false,8
,HCDlAVr,6,164503,,,false,8
,HCDlAVr,7,153327,,,false,8
,HCDlAVr,8,152349,,,false,8
,HCDlAVr,9,152140,,,false,8
,H`GIkze,0,162967,,,false,8
,H`GIkze,1,155772,,,false,8
,H`GIkze,2,154864,,,false,8
,H`GIkze,3,140754,,,false,8
,H`GIkze,4,144176,,,false,8
,H`GIkze,5,143548,,,false,8
,H`GIkze,6,143128,,,false,8
,H`GIkze,7,145015,,,false,8
,H`GIkze,8,149625,,,false,8
,H`GIkze,9,144246,,,false,8
,HBIEB]],0,166948,,,false,8
,HBIEB]],1,157309,,,false,8
,HBIEB]],2,153327,,,false,8
,HBIEB]],3,150673,,,false,8
,HBIEB]],4,163595,,,false,8
,HBIEB]],5,150393,,,false,8
,HBIEB]],6,149834,,,false,8
,HBIEB]],7,149974,,,false,8
,HBIEB]],8,150463,,,false,8
,HBIEB]],9,144875,,,false,8
,HQD_[Vp,0,158706,,,false,8
,HQD_[Vp,1,159614,,,false,8
,HQD_[Vp,2,145224,,,false,8
,HQD_[Vp,3,148019,,,false,8
,HQD_[Vp,4,147809,,,false,8
,HQD_[Vp,5,146901,,,false,8
,HQD_[Vp,6,143268,,,false,8
,HQD_[Vp,7,152139,,,false,8
,HQD_[Vp,8,138658,,,false,8
,HQD_[Vp,9,135864,,,false,8
,Hs`rY{~,0,161290,,,false,8
,Hs`rY{~,1,152070,,,false,8
,Hs`rY{~,2,148786,,,false,8
,Hs`rY{~,3,148368,,,false,8
,Hs`rY{~,4,159265,,,false,8
,Hs`rY{~,5,150393,,,false,8
,Hs`rY{~,6,149834,,,false,8
,Hs`rY{~,7,154655,,,false,8
,Hs`rY{~,8,154863,,,false,8
,Hs`rY{~,9,153955,,,false,8
,HXNUS|^,0,168695,,,false,8
,HXNUS|^,1,158426,,,false,8
,HXNUS|^,2,154235,,,false,8
,HXNUS|^,3,149415,,,false,8
,HXNUS|^,4,148228,,,false,8
,HXNUS|^,5,148018,,,false,8
,HXNUS|^,6,156890,,,false,8
,HXNUS|^,7,147739,,,false,8
,HXNUS|^,8,148158,,,false,8
,HXNUS|^,9,148647,,,false,8
,HxU_w~N,0,158915,,,false,8
,HxU_w~N,1,152489,,,false,8
,HxU_w~N,2,159963,,,false,8
,HxU_w~N,3,149136,,,false,8
,HxU_w~N,4,147459,,,false,8
,HxU_w~N,5,151930,,,false,8
,HxU_w~N,6,151790,,,false,8
,HxU_w~N,7,153257,,,false,8
,HxU_w~N,8,148787,,,false,8
,HxU_w~N,9,159823,,,false,8
,HoFvQ{~,0,162548,,,false,8
,HoFvQ{~,1,155702,,,false,8
,HoFvQ{~,2,153327,,,false,8
,HoFvQ{~,3,153536,,,false,8
,HoFvQ{~,4,151162,,,false,8
,HoFvQ{~,5,160801,,,false,8
,HoFvQ{~,6,157728,,,false,8
,HoFvQ{~,7,148717,,,false,8
,HoFvQ{~,8,149415,,,false,8
,HoFvQ{~,9,149276,,,false,8
,HqGTY~~,0,158915,,,false,8
,HqGTY~~,1,161919,,,false,8
,HqGTY~~,2,148438,,,false,8
,HqGTY~~,3,153466,,,false,8
,HqGTY~~,4,153188,,,false,8
,HqGTY~~,5,152070,,,false,8
,HqGTY~~,6,147949,,,false,8
,HqGTY~~,7,157937,,,false,8
,HqGTY~~,8,149905,,,false,8
,HqGTY~~,9,149345,,,false,8
,HRAZU^~,0,164294,,,false,8
,HRAZU^~,1,157169,,,false,8
,HRAZU^~,2,158286,,,false,8
,HRAZU^~,3,165691,,,false,8
,HRAZU^~,4,152279,,,false,8
,HRAZU^~,5,155562,,,false,8
,HRAZU^~,6,150743,,,false,8
,HRAZU^~,7,151232,,,false,8
,HRAZU^~,8,150952,,,false,8
,HRAZU^~,9,150114,,,false,8
,HWNVS|^,0,170301,,,false,8
,HWNVS|^,1,167577,,,false,8
,HWNVS|^,2,249305,,,false,8
,HWNVS|^,3,251540,,,false,8
,HWNVS|^,4,266908,,,false,8
,HWNVS|^,5,267257,,,false,8
,HWNVS|^,6,264044,,,false,8
,HWNVS|^,7,261878,,,false,8
,HWNVS|^,8,276269,,,false,8
,HWNVS|^,9,208441,,,false,8
,HoDPV~~,0,202713,,,false,8
,HoDPV~~,1,191956,,,false,8
,HoDPV~~,2,214169,,,false,8
,HoDPV~~,3,158426,,,false,8
,HoDPV~~,4,156610,,,false,8
,HoDPV~~,5,156960,,,false,8
,HoDPV~~,6,152629,,,false,8
,HoDPV~~,7,152279,,,false,8
,HoDPV~~,8,169882,,,false,8
,HoDPV~~,9,153746,,,false,8
,HsOax~~,0,167717,,,false,8
,HsOax~~,1,165901,,,false,8
,HsOax~~,2,163386,,,false,8
,HsOax~~,3,157308,,,false,8
,HsOax~~,4,176658,,,false,8
,HsOax~~,5,155423,,,false,8
,HsOax~~,6,155982,,,false,8
,HsOax~~,7,156400,,,false,8
,HsOax~~,8,154724,,,false,8
,HsOax~~,9,159823,,,false,8
,HqJTY{~,0,246581,,,false,8
,HqJTY{~,1,199639,,,false,8
,HqJTY{~,2,189441,,,false,8
,HqJTY{~,3,185110,,,false,8
,HqJTY{~,4,183853,,,false,8
,HqJTY{~,5,153676,,,false,8
,HqJTY{~,6,147949,,,false,8
,HqJTY{~,7,151022,,,false,8
,HqJTY{~,8,151720,,,false,8
,HqJTY{~,9,151162,,,false,8
,HyGW}mn,0,164992,,,false,8
,HyGW}mn,1,167507,,,false,8
,HyGW}mn,2,155912,,,false,8
,HyGW}mn,3,154724,,,false,8
,HyGW}mn,4,149905,,,false,8
,HyGW}mn,5,149764,,,false,8
,HyGW}mn,6,153397,,,false,8
,HyGW}mn,7,156959,,,false,8
,HyGW}mn,8,152140,,,false,8
,HyGW}mn,9,151650,,,false,8
,H{O_w~~,0,164783,,,false,8
,H{O_w~~,1,157868,,,false,8
,H{O_w~~,2,155492,,,false,8
,H{O_w~~,3,162548,,,false,8
,H{O_w~~,4,156680,,,false,8
,H{O_w~~,5,152419,,,false,8
,H{O_w~~,6,152139,,,false,8
,H{O_w~~,7,153537,,,false,8
,H{O_w~~,8,153118,,,false,8
,H{O_w~~,9,166389,,,false,8
,HqddY{~,0,158916,,,false,8
,HqddY{~,1,152140,,,false,8
,HqddY{~,2,149695,,,false,8
,HqddY{~,3,148577,,,false,8
,HqddY{~,4,150952,,,false,8
,HqddY{~,5,159754,,,false,8
,HqddY{~,6,147250,,,false,8
,HqddY{~,7,146412,,,false,8
,HqddY{~,8,146481,,,false,8
,HqddY{~,9,146830,,,false,8
,Hk`rX}^,0,156471,,,false,8
,Hk`rX}^,1,150184,,,false,8
,Hk`rX}^,2,160383,,,false,8
,Hk`rX}^,3,154724,,,false,8
,Hk`rX}^,4,155981,,,false,8
,Hk`rX}^,5,155423,,,false,8
,Hk`rX}^,6,155004,,,false,8
,Hk`rX}^,7,156192,,,false,8
,Hk`rX}^,8,159614,,,false,8
,Hk`rX}^,9,152838,,,false,8
,H`GO\|},0,160382,,,false,8
,H`GO\|},1,154026,,,false,8
,H`GO\|},2,143757,,,false,8
,H`GO\|},3,142710,,,false,8
,H`GO\|},4,151091,,,false,8
,H`GO\|},5,141662,,,false,8
,H`GO\|},6,141522,,,false,8
,H`GO\|},7,141522,,,false,8
,H`GO\|},8,145644,,,false,8
,H`GO\|},9,141522,,,false,8
,H@?tY~N,0,173305,,,false,8
,H@?tY~N,1,175540,,,false,8
,H@?tY~N,2,157728,,,false,8
,H@?tY~N,3,155982,,,false,8
,H@?tY~N,4,154584,,,false,8
,H@?tY~N,5,153537,,,false,8
,H@?tY~N,6,153607,,,false,8
,H@?tY~N,7,166180,,,false,8
,H@?tY~N,8,152069,,,false,8
,H@?tY~N,9,151441,,,false,8
,H?o_`KV,0,31504,,,false,5
,H?o_`KV,1,24867,,,false,5
,H?o_`KV,2,23820,,,false,5
,H?o_`KV,3,23541,,,false,5
,H?o_`KV,4,22562,,,false,5
,H?o_`KV,5,24100,,,false,5
,H?o_`KV,6,22562,,,false,5
,H?o_`KV,7,22982,,,false,5
,H?o_`KV,8,23400,,,false,5
,H?o_`KV,9,22842,,,false,5
,HWCOOK^,0,21864,,,false,5
,HWCOOK^,1,19069,,,false,5
,HWCOOK^,2,19209,,,false,5
,HWCOOK^,3,18232,,,false,5
,HWCOOK^,4,18860,,,false,5
,HWCOOK^,5,18581,,,false,5
,HWCOOK^,6,18022,,,false,5
,HWCOOK^,7,18581,,,false,5
,HWCOOK^,8,18232,,,false,5
,HWCOOK^,9,27172,,,false,5
,HWC?G{^,0,20956,,,false,5
,HWC?G{^,1,19419,,,false,5
,HWC?G{^,2,19070,,,false,5
,HWC?G{^,3,18790,,,false,5
,HWC?G{^,4,18790,,,false,5
,HWC?G{^,5,18511,,,false,5
,HWC?G{^,6,19069,,,false,5
,HWC?G{^,7,18441,,,false,5
,HWC?G{^,8,18651,,,false,5
,HWC?G{^,9,18232,,,false,5
,HEG?G[n,0,21864,,,false,5
,HEG?G[n,1,19978,,,false,5
,HEG?G[n,2,20118,,,false,5
,HEG?G[n,3,19629,,,false,5
,HEG?G[n,4,19908,,,false,5
,HEG?G[n,5,19489,,,false,5
,HEG?G[n,6,19489,,,false,5
,HEG?G[n,7,19489,,,false,5
,HEG?G[n,8,19489,,,false,5
,HEG?G[n,9,19629,,,false,5
,H??M@_|,0,10408,,,false,3
,H??M@_|,1,8592,,,false,3
,H??M@_|,2,9011,,,false,3
,H??M@_|,3,8173,,,false,3
,H??M@_|,4,8243,,,false,3
,H??M@_|,5,8452,,,false,3
,H??M@_|,6,8173,,,false,3
,H??M@_|,7,8172,,,false,3
,H??M@_|,8,8383,,,false,3
,H??M@_|,9,8242,,,false,3
,HWCOg[N,0,21795,,,false,5
,HWCOg[N,1,18720,,,false,5
,HWCOg[N,2,18511,,,false,5
,HWCOg[N,3,18651,,,false,5
,HWCOg[N,4,18721,,,false,5
,HWCOg[N,5,18581,,,false,5
,HWCOg[N,6,18511,,,false,5
,HWCOg[N,7,18231,,,false,5
,HWCOg[N,8,17673,,,false,5
,HWCOg[N,9,18371,,,false,5
,H@h^~z|,0,177705,,,false,8
,H@h^~z|,1,160382,,,false,8
,H@h^~z|,2,156470,,,false,8
,H@h^~z|,3,154934,,,false,8
,H@h^~z|,4,159614,,,false,8
,H@h^~z|,5,158776,,,false,8
,H@h^~z|,6,168904,,,false,8
,H@h^~z|,7,163456,,,false,8
,H@h^~z|,8,162408,,,false,8
,H@h^~z|,9,161639,,,false,8
,HIG^~z|,0,172886,,,false,8
,HIG^~z|,1,165831,,,false,8
,HIG^~z|,2,166040,,,false,8
,HIG^~z|,3,149834,,,false,8
,HIG^~z|,4,149905,,,false,8
,HIG^~z|,5,149555,,,false,8
,HIG^~z|,6,149345,,,false,8
,HIG^~z|,7,149485,,,false,8
,HIG^~z|,8,159684,,,false,8
,HIG^~z|,9,160312,,,false,8
,H@G^~z|,0,172886,,,false,8
,H@G^~z|,1,164992,,,false,8
,H@G^~z|,2,163106,,,false,8
,H@G^~z|,3,162269,,,false,8
,H@G^~z|,4,167089,,,false,8
,H@G^~z|,5,154165,,,false,8
,H@G^~z|,6,153886,,,false,8
,H@G^~z|,7,153467,,,false,8
,H@G^~z|,8,153816,,,false,8
,H@G^~z|,9,153536,,,false,8
,H@Jy~vz,0,174213,,,false,8
,H@Jy~vz,1,159055,,,false,8
,H@Jy~vz,2,158287,,,false,8
,H@Jy~vz,3,159055,,,false,8
,H@Jy~vz,4,158217,,,false,8
,H@Jy~vz,5,158845,,,false,8
,H@Jy~vz,6,164224,,,false,8
,H@Jy~vz,7,154585,,,false,8
,H@Jy~vz,8,156051,,,false,8
,H@Jy~vz,9,155004,,,false,8
,HZWx}~^,0,169463,,,false,8
,HZWx}~^,1,161988,,,false,8
,HZWx}~^,2,168416,,,false,8
,HZWx}~^,3,158845,,,false,8
,HZWx}~^,4,162757,,,false,8
,HZWx}~^,5,162897,,,false,8
,HZWx}~^,6,163107,,,false,8
,HZWx}~^,7,162478,,,false,8
,HZWx}~^,8,164643,,,false,8
,HZWx}~^,9,155073,,,false,8
,H?df~z|,0,170441,,,false,8
,H?df~z|,1,162059,,,false,8
,H?df~z|,2,155213,,,false,8
,H?df~z|,3,154026,,,false,8
,H?df~z|,4,161988,,,false,8
,H?df~z|,5,160383,,,false,8
,H?df~z|,6,160172,,,false,8
,H?df~z|,7,160173,,,false,8
,H?df~z|,8,159334,,,false,8
,H?df~z|,9,159824,,,false,8
,H??GVnu,0,34089,,,false,5
,H??GVnu,1,21864,,,false,5
,H??GVnu,2,20397,,,false,5
,H??GVnu,3,20118,,,false,5
,H??GVnu,4,20606,,,false,5
,H??GVnu,5,20536,,,false,5
,H??GVnu,6,20397,,,false,5
,H??GVnu,7,20537,,,false,5
,H??GVnu,8,20677,,,false,5
,H??GVnu,9,20606,,,false,5
,H??WvNe,0,33669,,,false,5
,H??WvNe,1,29058,,,false,5
,H??WvNe,2,28570,,,false,5
,H??WvNe,3,28081,,,false,5
,H??WvNe,4,28011,,,false,5
,H??WvNe,5,28081,,,false,5
,H??WvNe,6,27592,,,false,5
,H??WvNe,7,28290,,,false,5
,H??WvNe,8,27312,,,false,5
,H??WvNe,9,27592,,,false,5
,H@GWuNE,0,51621,,,false,5
,H@GWuNE,1,45335,,,false,5
,H@GWuNE,2,44287,,,false,5
,H@GWuNE,3,44077,,,false,5
,H@GWuNE,4,43449,,,false,5
,H@GWuNE,5,43798,,,false,5
,H@GWuNE,6,43937,,,false,5
,H@GWuNE,7,52110,,,false,5
,H@GWuNE,8,43728,,,false,5
,H@GWuNE,9,43379,,,false,5
,H?PD`y{,0,59165,,,false,5
,H?PD`y{,1,50993,,,false,5
,H?PD`y{,2,49805,,,false,5
,H?PD`y{,3,49596,,,false,5
,H?PD`y{,4,49666,,,false,5
,H?PD`y{,5,49176,,,false,5
,H?PD`y{,6,49456,,,false,5
,H?PD`y{,7,49107,,,false,5
,H?PD`y{,8,49316,,,false,5
,H?PD`y{,9,49455,,,false,5
,HC`A@{},0,54904,,,false,5
,HC`A@{},1,48758,,,false,5
,HC`A@{},2,47709,,,false,5
,HC`A@{},3,47291,,,false,5
,HC`A@{},4,47150,,,false,5
,HC`A@{},5,55813,,,false,5
,HC`A@{},6,47360,,,false,5
,HC`A@{},7,47430,,,false,5
,HC`A@{},8,47360,,,false,5
,HC`A@{},9,47151,,,false,5
,HAGWuMe,0,152279,,,false,8
,HAGWuMe,1,144177,,,false,8
,HAGWuMe,2,143547,,,false,8
,HAGWuMe,3,143059,,,false,8
,HAGWuMe,4,151371,,,false,8
,HAGWuMe,5,143618,,,false,8
,HAGWuMe,6,139567,,,false,8
,HAGWuMe,7,139705,,,false,8
,HAGWuMe,8,137680,,,false,8
,HAGWuMe,9,137540,,,false,8
,H??CZz{,0,90110,,,false,5
,H??CZz{,1,81518,,,false,5
,H??CZz{,2,88993,,,false,5
,H??CZz{,3,80051,,,false,5
,H??CZz{,4,81379,,,false,5
,H??CZz{,5,80680,,,false,5
,H??CZz{,6,80959,,,false,5
,H??CZz{,7,80611,,,false,5
,H??CZz{,8,80819,,,false,5
,H??CZz{,9,80960,,,false,5
,H??CzZ{,0,177636,,,false,8
,H??CzZ{,1,169184,,,false,8
,H??CzZ{,2,168695,,,false,8
,H??CzZ{,3,154794,,,false,8
,H??CzZ{,4,151650,,,false,8
,H??CzZ{,5,154585,,,false,8
,H??CzZ{,6,154794,,,false,8
,H??CzZ{,7,155214,,,false,8
,H??CzZ{,8,261111,,,false,8
,H??CzZ{,9,206764,,,false,8
,H?GXMfY,0,207603,,,false,8
,H?GXMfY,1,189441,,,false,8
,H?GXMfY,2,190210,,,false,8
,H?GXMfY,3,142919,,,false,8
,H?GXMfY,4,140055,,,false,8
,H?GXMfY,5,142220,,,false,8
,H?GXMfY,6,143688,,,false,8
,H?GXMfY,7,143058,,,false,8
,H?GXMfY,8,138379,,,false,8
,H?GXMfY,9,149694,,,false,8
,H?d_\dq,0,161919,,,false,8
,H?d_\dq,1,153467,,,false,8
,H?d_\dq,2,150743,,,false,8
,H?d_\dq,3,148577,,,false,8
,H?d_\dq,4,159264,,,false,8
,H?d_\dq,5,157099,,,false,8
,H?d_\dq,6,140823,,,false,8
,H?d_\dq,7,139147,,,false,8
,H?d_\dq,8,137680,,,false,8
,H?d_\dq,9,136422,,,false,8
,H?Ma_^p,0,157518,,,false,8
,H?Ma_^p,1,159125,,,false,8
,H?Ma_^p,2,148298,,,false,8
,H?Ma_^p,3,148228,,,false,8
,H?Ma_^p,4,149695,,,false,8
,H?Ma_^p,5,143897,,,false,8
,H?Ma_^p,6,141801,,,false,8
,H?Ma_^p,7,142640,,,false,8
,H?Ma_^p,8,150812,,,false,8
,H?Ma_^p,9,140894,,,false,8
,H?GcyzS,0,159335,,,false,8
,H?GcyzS,1,153606,,,false,8
,H?GcyzS,2,148996,,,false,8
,H?GcyzS,3,143897,,,false,8
,H?GcyzS,4,151721,,,false,8
,H?GcyzS,5,142151,,,false,8
,H?GcyzS,6,145084,,,false,8
,H?GcyzS,7,144735,,,false,8
,H?GcyzS,8,140544,,,false,8
,H?GcyzS,9,139706,,,false,8
,H@@HKvY,0,158426,,,false,8
,H@@HKvY,1,160801,,,false,8
,H@@HKvY,2,151721,,,false,8
,H@@HKvY,3,144805,,,false,8
,H@@HKvY,4,143408,,,false,8
,H@@HKvY,5,142360,,,false,8
,H@@HKvY,6,143617,,,false,8
,H@@HKvY,7,154794,,,false,8
,H@@HKvY,8,142220,,,false,8
,H@@HKvY,9,142640,,,false,8
,H?`E@{},0,162688,,,false,8
,H?`E@{},1,151650,,,false,8
,H?`E@{},2,151651,,,false,8
,H?`E@{},3,150742,,,false,8
,H?`E@{},4,144176,,,false,8
,H?`E@{},5,142430,,,false,8
,H?`E@{},6,145713,,,false,8
,H?`E@{},7,145643,,,false,8
,H?`E@{},8,142081,,,false,8
,H?`E@{},9,142081,,,false,8
,H?GWuNe,0,163665,,,false,8
,H?GWuNe,1,145923,,,false,8
,H?GWuNe,2,143339,,,false,8
,H?GWuNe,3,144595,,,false,8
,H?GWuNe,4,146412,,,false,8
,H?GWuNe,5,145992,,,false,8
,H?GWuNe,6,140613,,,false,8
,H?GWuNe,7,151162,,,false,8
,H?GWuNe,8,147459,,,false,8
,H?GWuNe,9,148647,,,false,8
,H??E\x{,0,176379,,,false,8
,H??E\x{,1,162269,,,false,8
,H??E\x{,2,157728,,,false,8
,H??E\x{,3,165062,,,false,8
,H??E\x{,4,154724,,,false,8
,H??E\x{,5,153677,,,false,8
,H??E\x{,6,148647,,,false,8
,H??E\x{,7,147809,,,false,8
,H??E\x{,8,147878,,,false,8
,H??E\x{,9,155842,,,false,8
,HBX@CmM,0,158706,,,false,8
,HBX@CmM,1,144805,,,false,8
,HBX@CmM,2,140684,,,false,8
,HBX@CmM,3,144106,,,false,8
,HBX@CmM,4,143059,,,false,8
,HBX@CmM,5,138029,,,false,8
,HBX@CmM,6,147600,,,false,8
,HBX@CmM,7,141033,,,false,8
,HBX@CmM,8,145154,,,false,8
,HBX@CmM,9,143827,,,false,8
,H??sQS~,0,36323,,,false,3
,H??sQS~,1,30526,,,false,3
,H??sQS~,2,28081,,,false,3
,H??sQS~,3,27173,,,false,3
,H??sQS~,4,26125,,,false,3
,H??sQS~,5,26684,,,false,3
,H??sQS~,6,26544,,,false,3
,H??sQS~,7,26544,,,false,3
,H??sQS~,8,26754,,,false,3
,H??sQS~,9,26334,,,false,3
,HBDj]}~,0,186857,,,false,8
,HBDj]}~,1,162547,,,false,8
,HBDj]}~,2,157099,,,false,8
,HBDj]}~,3,155492,,,false,8
,HBDj]}~,4,154724,,,false,8
,HBDj]}~,5,153816,,,false,8
,HBDj]}~,6,163596,,,false,8
,HBDj]}~,7,155772,,,false,8
,HBDj]}~,8,155353,,,false,8
,HBDj]}~,9,155283,,,false,8
,H??sQSv,0,33390,,,false,3
,H??sQSv,1,28989,,,false,3
,H??sQSv,2,27452,,,false,3
,H??sQSv,3,26335,,,false,3
,H??sQSv,4,26265,,,false,3
,H??sQSv,5,25776,,,false,3
,H??sQSv,6,25287,,,false,3
,H??sQSv,7,26335,,,false,3
,H??sQSv,8,25426,,,false,3
,H??sQSv,9,26265,,,false,3
,HBdj]}~,0,174702,,,false,8
,HBdj]}~,1,160592,,,false,8
,HBdj]}~,2,159334,,,false,8
,HBdj]}~,3,160313,,,false,8
,HBdj]}~,4,155493,,,false,8
,HBdj]}~,5,159334,,,false,8
,HBdj]}~,6,164573,,,false,8
,HBdj]}~,7,153258,,,false,8
,HBdj]}~,8,152489,,,false,8
,HBdj]}~,9,156960,,,false,8
,H@?M@z},0,49595,,,false,5
,H@?M@z},1,42052,,,false,5
,H@?M@z},2,38978,,,false,5
,H@?M@z},3,38559,,,false,5
,H@?M@z},4,38419,,,false,5
,H@?M@z},5,38210,,,false,5
,H@?M@z},6,38070,,,false,5
,H@?M@z},7,38628,,,false,5
,H@?M@z},8,48059,,,false,5
,H@?M@z},9,38559,,,false,5
,HhKpY|^,0,183573,,,false,8
,HhKpY|^,1,179872,,,false,8
,HhKpY|^,2,173654,,,false,8
,HhKpY|^,3,180779,,,false,8
,HhKpY|^,4,184272,,,false,8
,HhKpY|^,5,175191,,,false,8
,HhKpY|^,6,179731,,,false,8
,HhKpY|^,7,283882,,,false,8
,HhKpY|^,8,298482,,,false,8
,HhKpY|^,9,307771,,,false,8
,H??ZXzR,0,276478,,,false,8
,H??ZXzR,1,269213,,,false,8
,H??ZXzR,2,266628,,,false,8
,H??ZXzR,3,242948,,,false,8
,H??ZXzR,4,248885,,,false,8
,H??ZXzR,5,242879,,,false,8
,H??ZXzR,6,252937,,,false,8
,H??ZXzR,7,250143,,,false,8
,H??ZXzR,8,244624,,,false,8
,H??ZXzR,9,243857,,,false,8
,H?CmJs},0,98214,,,false,6
,H?CmJs},1,81798,,,false,6
,H?CmJs},2,80960,,,false,6
,H?CmJs},3,79213,,,false,6
,H?CmJs},4,78864,,,false,6
,H?CmJs},5,78654,,,false,6
,H?CmJs},6,78864,,,false,6
,H?CmJs},7,77956,,,false,6
,H?CmJs},8,78375,,,false,6
,H?CmJs},9,78235,,,false,6
,H_GZCcN,0,87246,,,false,6
,H_GZCcN,1,88643,,,false,6
,H_GZCcN,2,76349,,,false,6
,H_GZCcN,3,74533,,,false,6
,H_GZCcN,4,74044,,,false,6
,H_GZCcN,5,73415,,,false,6
,H_GZCcN,6,73555,,,false,6
,H_GZCcN,7,73904,,,false,6
,H_GZCcN,8,73486,,,false,6
,H_GZCcN,9,73905,,,false,6
,HC`PhPH,0,258595,,,false,8
,HC`PhPH,1,257688,,,false,8
,HC`PhPH,2,247559,,,false,8
,HC`PhPH,3,239036,,,false,8
,HC`PhPH,4,238198,,,false,8
,HC`PhPH,5,238059,,,false,8
,HC`PhPH,6,223320,,,false,8
,HC`PhPH,7,221852,,,false,8
,HC`PhPH,8,180081,,,false,8
,HC`PhPH,9,159893,,,false,8
,H`EBH[^,0,52669,,,false,6
,H`EBH[^,1,45475,,,false,6
,H`EBH[^,2,43308,,,false,6
,H`EBH[^,3,42122,,,false,6
,H`EBH[^,4,42261,,,false,6
,H`EBH[^,5,42191,,,false,6
,H`EBH[^,6,42959,,,false,6
,H`EBH[^,7,41842,,,false,6
,H`EBH[^,8,41562,,,false,6
,H`EBH[^,9,41003,,,false,6
,HKCYPMN,0,75092,,,false,6
,HKCYPMN,1,68246,,,false,6
,HKCYPMN,2,65313,,,false,6
,HKCYPMN,3,64404,,,false,6
,HKCYPMN,4,64824,,,false,6
,HKCYPMN,5,64404,,,false,6
,HKCYPMN,6,73066,,,false,6
,HKCYPMN,7,64195,,,false,6
,HKCYPMN,8,65313,,,false,6
,HKCYPMN,9,63007,,,false,6
,H`KpYmN,0,174702,,,false,8
,H`KpYmN,1,157169,,,false,8
,H`KpYmN,2,153816,,,false,8
,H`KpYmN,3,153327,,,false,8
,H`KpYmN,4,161779,,,false,8
,H`KpYmN,5,151091,,,false,8
,H`KpYmN,6,150673,,,false,8
,H`KpYmN,7,149555,,,false,8
,H`KpYmN,8,150533,,,false,8
,H`KpYmN,9,149835,,,false,8
,H??yuij,0,172955,,,false,8
,H??yuij,1,156122,,,false,8
,H??yuij,2,159753,,,false,8
,H??yuij,3,157029,,,false,8
,H??yuij,4,151161,,,false,8
,H??yuij,5,150952,,,false,8
,H??yuij,6,164923,,,false,8
,H??yuij,7,152140,,,false,8
,H??yuij,8,148507,,,false,8
,H??yuij,9,148437,,,false,8
,H?@[|hj,0,163456,,,false,8
,H?@[|hj,1,157030,,,false,8
,H?@[|hj,2,160732,,,false,8
,H?@[|hj,3,152070,,,false,8
,H?@[|hj,4,147180,,,false,8
,H?@[|hj,5,151860,,,false,8
,H?@[|hj,6,152698,,,false,8
,H?@[|hj,7,149695,,,false,8
,H?@[|hj,8,148018,,,false,8
,H?@[|hj,9,156051,,,false,8
,H?Cjc~M,0,171140,,,false,8
,H?Cjc~M,1,163246,,,false,8
,H?Cjc~M,2,161570,,,false,8
,H?Cjc~M,3,159614,,,false,8
,H?Cjc~M,4,226183,,,false,8
,H?Cjc~M,5,243227,,,false,8
,H?Cjc~M,6,261390,,,false,8
,H?Cjc~M,7,265860,,,false,8
,H?Cjc~M,8,270540,,,false,8
,H?Cjc~M,9,261809,,,false,8
,H?JIp}u,0,223739,,,false,8
,H?JIp}u,1,161290,,,false,8
,H?JIp}u,2,172467,,,false,8
,H?JIp}u,3,157658,,,false,8
,H?JIp}u,4,150603,,,false,8
,H?JIp}u,5,159823,,,false,8
,H?JIp}u,6,154514,,,false,8
,H?JIp}u,7,151930,,,false,8
,H?JIp}u,8,152489,,,false,8
,H?JIp}u,9,166599,,,false,8
,HGBTXxZ,0,159893,,,false,8
,HGBTXxZ,1,159614,,,false,8
,HGBTXxZ,2,158915,,,false,8
,HGBTXxZ,3,154585,,,false,8
,HGBTXxZ,4,148297,,,false,8
,HGBTXxZ,5,158217,,,false,8
,HGBTXxZ,6,148158,,,false,8
,HGBTXxZ,7,148647,,,false,8
,HGBTXxZ,8,152140,,,false,8
,HGBTXxZ,9,152838,,,false,8
,H_KqlRF,0,167019,,,false,8
,H_KqlRF,1,163595,,,false,8
,H_KqlRF,2,153188,,,false,8
,H_KqlRF,3,151231,,,false,8
,H_KqlRF,4,145574,,,false,8
,H_KqlRF,5,145224,,,false,8
,H_KqlRF,6,145294,,,false,8
,H_KqlRF,7,156051,,,false,8
,H_KqlRF,8,146063,,,false,8
,H_KqlRF,9,145014,,,false,8
,H@`@pnK,0,44007,,,false,5
,H@`@pnK,1,37581,,,false,5
,H@`@pnK,2,35765,,,false,5
,H@`@pnK,3,36044,,,false,5
,H@`@pnK,4,34856,,,false,5
,H@`@pnK,5,35765,,,false,5
,H@`@pnK,6,36253,,,false,5
,H@`@pnK,7,36253,,,false,5
,H@`@pnK,8,35416,,,false,5
,H@`@pnK,9,35765,,,false,5
,HqG?g^{,0,161011,,,false,8
,HqG?g^{,1,161360,,,false,8
,HqG?g^{,2,151301,,,false,8
,HqG?g^{,3,146412,,,false,8
,HqG?g^{,4,146761,,,false,8
,HqG?g^{,5,145574,,,false,8
,HqG?g^{,6,145504,,,false,8
,HqG?g^{,7,158357,,,false,8
,HqG?g^{,8,149694,,,false,8
,HqG?g^{,9,150533,,,false,8
,HqGOW^p,0,158846,,,false,8
,HqGOW^p,1,153047,,,false,8
,HqGOW^p,2,150812,,,false,8
,HqGOW^p,3,154724,,,false,8
,HqGOW^p,4,145294,,,false,8
,HqGOW^p,5,143269,,,false,8
,HqGOW^p,6,147041,,,false,8
,HqGOW^p,7,145923,,,false,8
,HqGOW^p,8,146621,,,false,8
,HqGOW^p,9,142291,,,false,8
,HoKQG^o,0,164574,,,false,8
,HoKQG^o,1,146621,,,false,8
,HoKQG^o,2,143478,,,false,8
,HoKQG^o,3,142360,,,false,8
,HoKQG^o,4,140614,,,false,8
,HoKQG^o,5,141173,,,false,8
,HoKQG^o,6,140125,,,false,8
,HoKQG^o,7,153537,,,false,8
,HoKQG^o,8,142011,,,false,8
,HoKQG^o,9,140963,,,false,8
,H_hPOno,0,159404,,,false,8
,H_hPOno,1,156052,,,false,8
,H_hPOno,2,151441,,,false,8
,H_hPOno,3,163735,,,false,8
,H_hPOno,4,156959,,,false,8
,H_hPOno,5,144036,,,false,8
,H_hPOno,6,142151,,,false,8
,H_hPOno,7,141941,,,false,8
,H_hPOno,8,141452,,,false,8
,H_hPOno,9,155004,,,false,8
,H?qi`fo,0,156540,,,false,8
,H?qi`fo,1,155003,,,false,8
,H?qi`fo,2,147669,,,false,8
,H?qi`fo,3,145085,,,false,8
,H?qi`fo,4,144944,,,false,8
,H?qi`fo,5,148228,,,false,8
,H?qi`fo,6,158845,,,false,8
,H?qi`fo,7,152349,,,false,8
,H?qi`fo,8,147739,,,false,8
,H?qi`fo,9,147110,,,false,8
