name,graph_g6,iteration,runtime,allocated_bytes,peak_bytes,timeout,treewidth
,G@Kxx{,0,48617,,,false,7
,G@Kxx{,1,22981,,,false,7
,G@Kxx{,2,20257,,,false,7
,G@Kxx{,3,19978,,,false,7
,G@Kxx{,4,20118,,,false,7
,G@Kxx{,5,19978,,,false,7
,G@Kxx{,6,22493,,,false,7
,G@Kxx{,7,20117,,,false,7
,G@Kxx{,8,19419,,,false,7
,G@Kxx{,9,19768,,,false,7
,G@Kx~{,0,44985,,,false,7
,G@Kx~{,1,37581,,,false,7
,G@Kx~{,2,35275,,,false,7
,G@Kx~{,3,34647,,,false,7
,G@Kx~{,4,35136,,,false,7
,G@Kx~{,5,35205,,,false,7
,G@Kx~{,6,35206,,,false,7
,G@Kx~{,7,36323,,,false,7
,G@Kx~{,8,34926,,,false,7
,G@Kx~{,9,35206,,,false,7
,G?_gqK,0,74952,,,false,3
,G?_gqK,1,53297,,,false,3
,G?_gqK,2,49037,,,false,3
,G?_gqK,3,43308,,,false,3
,G?_gqK,4,39397,,,false,3
,G?_gqK,5,36672,,,false,3
,G?_gqK,6,36743,,,false,3
,G?_gqK,7,35904,,,false,3
,G?_gqK,8,36742,,,false,3
,G?_gqK,9,36672,,,false,3
,G?????,0,7125,,,false,2
,G?????,1,6147,,,false,2
,G?????,2,8033,,,false,2
,G?????,3,5658,,,false,2
,G?????,4,7684,,,false,2
,G?????,5,5239,,,false,2
,G?????,6,7614,,,false,2
,G?????,7,5379,,,false,2
,G?????,8,7614,,,false,2
,G?????,9,5659,,,false,2
,Gs\v~w,0,33459,,,false,7
,Gs\v~w,1,20886,,,false,7
,Gs\v~w,2,20118,,,false,7
,Gs\v~w,3,19279,,,false,7
,Gs\v~w,4,19698,,,false,7
,Gs\v~w,5,19839,,,false,7
,Gs\v~w,6,19209,,,false,7
,Gs\v~w,7,19489,,,false,7
,Gs\v~w,8,19419,,,false,7
,Gs\v~w,9,19628,,,false,7
,GF~~~{,0,26753,,,false,7
,GF~~~{,1,20677,,,false,7
,GF~~~{,2,20397,,,false,7
,GF~~~{,3,20327,,,false,7
,GF~~~{,4,28361,,,false,7
,GF~~~{,5,20606,,,false,7
,GF~~~{,6,20467,,,false,7
,GF~~~{,7,19908,,,false,7
,GF~~~{,8,20536,,,false,7
,GF~~~{,9,20048,,,false,7
,G~?GW[,0,20118,,,false,3
,G~?GW[,1,18930,,,false,3
,G~?GW[,2,16695,,,false,3
,G~?GW[,3,14180,,,false,3
,G~?GW[,4,13622,,,false,3
,G~?GW[,5,15717,,,false,3
,G~?GW[,6,13761,,,false,3
,G~?GW[,7,13482,,,false,3
,G~?GW[,8,15647,,,false,3
,G~?GW[,9,13411,,,false,3
,GwC^?{,0,8103,,,false,3
,GwC^?{,1,10128,,,false,3
,GwC^?{,2,7055,,,false,3
,GwC^?{,3,7194,,,false,3
,GwC^?{,4,9221,,,false,3
,GwC^?{,5,7055,,,false,3
,GwC^?{,6,9081,,,false,3
,GwC^?{,7,7195,,,false,3
,GwC^?{,8,6497,,,false,3
,GwC^?{,9,8731,,,false,3
,G???GK,0,7684,,,false,2
,G???GK,1,6706,,,false,2
,G???GK,2,8033,,,false,2
,G???GK,3,5797,,,false,2
,G???GK,4,7684,,,false,2
,G???GK,5,5659,,,false,2
,G???GK,6,8173,,,false,2
,G???GK,7,5658,,,false,2
,G???GK,8,10408,,,false,2
,G???GK,9,5797,,,false,2
,G}hPW{,0,25776,,,false,7
,G}hPW{,1,19419,,,false,7
,G}hPW{,2,18092,,,false,7
,G}hPW{,3,18372,,,false,7
,G}hPW{,4,18790,,,false,7
,G}hPW{,5,18441,,,false,7
,G}hPW{,6,17742,,,false,7
,G}hPW{,7,18022,,,false,7
,G}hPW{,8,17673,,,false,7
,G}hPW{,9,18232,,,false,7
,GqN~~{,0,24868,,,false,7
,GqN~~{,1,21305,,,false,7
,GqN~~{,2,29548,,,false,7
,GqN~~{,3,20257,,,false,7
,GqN~~{,4,19978,,,false,7
,GqN~~{,5,20048,,,false,7
,GqN~~{,6,19419,,,false,7
,GqN~~{,7,19978,,,false,7
,GqN~~{,8,19629,,,false,7
,GqN~~{,9,19628,,,false,7
,GJ\zz{,0,35275,,,false,7
,GJ\zz{,1,31993,,,false,7
,GJ\zz{,2,31224,,,false,7
,GJ\zz{,3,30526,,,false,7
,GJ\zz{,4,30525,,,false,7
,GJ\zz{,5,30037,,,false,7
,GJ\zz{,6,30525,,,false,7
,GJ\zz{,7,30037,,,false,7
,GJ\zz{,8,30525,,,false,7
,GJ\zz{,9,30526,,,false,7
,GJ\z~{,0,23400,,,false,7
,GJ\z~{,1,21585,,,false,7
,GJ\z~{,2,32900,,,false,7
,GJ\z~{,3,32901,,,false,7
,GJ\z~{,4,21025,,,false,7
,GJ\z~{,5,20537,,,false,7
,GJ\z~{,6,20676,,,false,7
,GJ\z~{,7,20466,,,false,7
,GJ\z~{,8,20816,,,false,7
,GJ\z~{,9,20397,,,false,7
,G~z\z{,0,22003,,,false,7
,G~z\z{,1,20606,,,false,7
,G~z\z{,2,19419,,,false,7
,G~z\z{,3,24798,,,false,7
,G~z\z{,4,63985,,,false,7
,G~z\z{,5,27941,,,false,7
,G~z\z{,6,25077,,,false,7
,G~z\z{,7,24728,,,false,7
,G~z\z{,8,24239,,,false,7
,G~z\z{,9,24309,,,false,7
,G^~~~{,0,30596,,,false,7
,G^~~~{,1,26334,,,false,7
,G^~~~{,2,25636,,,false,7
,G^~~~{,3,27941,,,false,7
,G^~~~{,4,26614,,,false,7
,G^~~~{,5,25216,,,false,7
,G^~~~{,6,25217,,,false,7
,G^~~~{,7,25636,,,false,7
,G^~~~{,8,24728,,,false,7
,G^~~~{,9,24728,,,false,7
,G~~~~{,0,28989,,,false,7
,G~~~~{,1,27173,,,false,7
,G~~~~{,2,26264,,,false,7
,G~~~~{,3,25357,,,false,7
,G~~~~{,4,23400,,,false,7
,G~~~~{,5,20607,,,false,7
,G~~~~{,6,20397,,,false,7
,G~~~~{,7,20397,,,false,7
,G~~~~{,8,20607,,,false,7
,G~~~~{,9,20676,,,false,7
,GI?HOg,0,39397,,,false,7
,GI?HOg,1,37581,,,false,7
,GI?HOg,2,67827,,,false,7
,GI?HOg,3,31992,,,false,7
,GI?HOg,4,29129,,,false,7
,GI?HOg,5,28430,,,false,7
,GI?HOg,6,27942,,,false,7
,GI?HOg,7,27662,,,false,7
,GI?HOg,8,27732,,,false,7
,GI?HOg,9,27661,,,false,7
,G?DPV?,0,22772,,,false,7
,G?DPV?,1,18580,,,false,7
,G?DPV?,2,17883,,,false,7
,G?DPV?,3,17882,,,false,7
,G?DPV?,4,17533,,,false,7
,G?DPV?,5,17184,,,false,7
,G?DPV?,6,17464,,,false,7
,G?DPV?,7,17323,,,false,7
,G?DPV?,8,17184,,,false,7
,G?DPV?,9,17044,,,false,7
,G?DPTC,0,19629,,,false,3
,G?DPTC,1,16136,,,false,3
,G?DPTC,2,15716,,,false,3
,G?DPTC,3,14949,,,false,3
,G?DPTC,4,15507,,,false,3
,G?DPTC,5,14948,,,false,3
,G?DPTC,6,15019,,,false,3
,G?DPTC,7,15367,,,false,3
,G?DPTC,8,15228,,,false,3
,G?DPTC,9,15228,,,false,3
,G?`HW{,0,70132,,,false,3
,G?`HW{,1,56232,,,false,3
,G?`HW{,2,48198,,,false,3
,G?`HW{,3,56511,,,false,3
,G?`HW{,4,48548,,,false,3
,G?`HW{,5,47360,,,false,3
,G?`HW{,6,48128,,,false,3
,G?`HW{,7,47360,,,false,3
,G?`HW{,8,46732,,,false,3
,G?`HW{,9,47570,,,false,3
,G@GQSG,0,21514,,,false,3
,G@GQSG,1,17743,,,false,3
,G@GQSG,2,19908,,,false,3
,G@GQSG,3,17184,,,false,3
,G@GQSG,4,16695,,,false,3
,G@GQSG,5,16904,,,false,3
,G@GQSG,6,16765,,,false,3
,G@GQSG,7,17044,,,false,3
,G@GQSG,8,17183,,,false,3
,G@GQSG,9,17253,,,false,3
,G??GW[,0,17044,,,false,3
,G??GW[,1,13970,,,false,3
,G??GW[,2,15158,,,false,3
,G??GW[,3,13412,,,false,3
,G??GW[,4,15228,,,false,3
,G??GW[,5,13761,,,false,3
,G??GW[,6,13482,,,false,3
,G??GW[,7,13621,,,false,3
,G??GW[,8,13342,,,false,3
,G??GW[,9,15228,,,false,3
,G??MPg,0,14669,,,false,3
,G??MPg,1,12434,,,false,3
,G??MPg,2,11805,,,false,3
,G??MPg,3,11456,,,false,3
,G??MPg,4,11386,,,false,3
,G??MPg,5,11526,,,false,3
,G??MPg,6,11456,,,false,3
,G??MPg,7,11595,,,false,3
,G??MPg,8,11386,,,false,3
,G??MPg,9,11526,,,false,3
,G????C,0,6566,,,false,2
,G????C,1,5239,,,false,2
,G????C,2,5239,,,false,2
,G????C,3,6008,,,false,2
,G????C,4,9011,,,false,2
,G????C,5,6287,,,false,2
,G????C,6,5728,,,false,2
,G????C,7,5658,,,false,2
,G????C,8,5798,,,false,2
,G????C,9,7614,,,false,2
,G???Ns,0,9989,,,false,3
,G???Ns,1,8662,,,false,3
,G???Ns,2,9011,,,false,3
,G???Ns,3,9011,,,false,3
,G???Ns,4,8731,,,false,3
,G???Ns,5,8383,,,false,3
,G???Ns,6,8522,,,false,3
,G???Ns,7,8592,,,false,3
,G???Ns,8,9430,,,false,3
,G???Ns,9,8731,,,false,3
,G?CWw{,0,20397,,,false,7
,G?CWw{,1,18231,,,false,7
,G?CWw{,2,17533,,,false,7
,G?CWw{,3,17114,,,false,7
,G?CWw{,4,17742,,,false,7
,G?CWw{,5,17602,,,false,7
,G?CWw{,6,17114,,,false,7
,G?CWw{,7,17253,,,false,7
,G?CWw{,8,17602,,,false,7
,G?CWw{,9,17114,,,false,7
,G?CW~{,0,18860,,,false,7
,G?CW~{,1,18371,,,false,7
,G?CW~{,2,18231,,,false,7
,G?CW~{,3,18022,,,false,7
,G?CW~{,4,18092,,,false,7
,G?CW~{,5,17743,,,false,7
,G?CW~{,6,18092,,,false,7
,G?CW~{,7,18022,,,false,7
,G?CW~{,8,17743,,,false,7
,G?CW~{,9,17672,,,false,7
,G??GOK,0,14879,,,false,3
,G??GOK,1,12853,,,false,3
,G??GOK,2,12923,,,false,3
,G??GOK,3,12713,,,false,3
,G??GOK,4,12504,,,false,3
,G??GOK,5,12783,,,false,3
,G??GOK,6,12503,,,false,3
,G??GOK,7,12714,,,false,3
,G??GOK,8,12504,,,false,3
,G??GOK,9,12783,,,false,3
,GoCQPG,0,21933,,,false,7
,GoCQPG,1,17743,,,false,7
,GoCQPG,2,26264,,,false,7
,GoCQPG,3,18511,,,false,7
,GoCQPG,4,17952,,,false,7
,GoCQPG,5,17114,,,false,7
,GoCQPG,6,17323,,,false,7
,GoCQPG,7,17324,,,false,7
,GoCQPG,8,17183,,,false,7
,GoCQPG,9,17044,,,false,7
,G?CHM_,0,16275,,,false,3
,G?CHM_,1,14250,,,false,3
,G?CHM_,2,13482,,,false,3
,G?CHM_,3,13272,,,false,3
,G?CHM_,4,13481,,,false,3
,G?CHM_,5,13831,,,false,3
,G?CHM_,6,13831,,,false,3
,G?CHM_,7,13202,,,false,3
,G?CHM_,8,13272,,,false,3
,G?CHM_,9,13272,,,false,3
,G??gv_,0,37231,,,false,7
,G??gv_,1,36742,,,false,7
,G??gv_,2,29618,,,false,7
,G??gv_,3,30107,,,false,7
,G??gv_,4,29617,,,false,7
,G??gv_,5,29827,,,false,7
,G??gv_,6,29688,,,false,7
,G??gv_,7,29617,,,false,7
,G??gv_,8,30107,,,false,7
,G??gv_,9,29548,,,false,7
,G?@HcK,0,14320,,,false,3
,G?@HcK,1,11945,,,false,3
,G?@HcK,2,11525,,,false,3
,G?@HcK,3,11526,,,false,3
,G?@HcK,4,12224,,,false,3
,G?@HcK,5,11386,,,false,3
,G?@HcK,6,11455,,,false,3
,G?@HcK,7,11386,,,false,3
,G?@HcK,8,11526,,,false,3
,G?@HcK,9,11805,,,false,3
,G???^w,0,15787,,,false,3
,G???^w,1,23401,,,false,3
,G???^w,2,13761,,,false,3
,G???^w,3,13481,,,false,3
,G???^w,4,13272,,,false,3
,G???^w,5,13831,,,false,3
,G???^w,6,13411,,,false,3
,G???^w,7,13272,,,false,3
,G???^w,8,13272,,,false,3
,G???^w,9,13202,,,false,3
,GsP@xw,0,24798,,,false,7
,GsP@xw,1,19908,,,false,7
,GsP@xw,2,19140,,,false,7
,GsP@xw,3,19629,,,false,7
,GsP@xw,4,19139,,,false,7
,GsP@xw,5,19419,,,false,7
,GsP@xw,6,19070,,,false,7
,GsP@xw,7,19768,,,false,7
,GsP@xw,8,19280,,,false,7
,GsP@xw,9,19350,,,false,7
,G?@Ht_,0,19978,,,false,3
,G?@Ht_,1,18511,,,false,3
,G?@Ht_,2,17672,,,false,3
,G?@Ht_,3,17254,,,false,3
,G?@Ht_,4,17533,,,false,3
,G?@Ht_,5,17672,,,false,3
,G?@Ht_,6,17323,,,false,3
,G?@Ht_,7,17533,,,false,3
,G?@Ht_,8,17672,,,false,3
,G?@Ht_,9,17602,,,false,3
,Gs`zro,0,25286,,,false,7
,Gs`zro,1,22074,,,false,7
,Gs`zro,2,21514,,,false,7
,Gs`zro,3,21515,,,false,7
,Gs`zro,4,21305,,,false,7
,Gs`zro,5,20955,,,false,7
,Gs`zro,6,21934,,,false,7
,Gs`zro,7,21584,,,false,7
,Gs`zro,8,21514,,,false,7
,Gs`zro,9,21165,,,false,7
,G?~~~{,0,31014,,,false,7
,G?~~~{,1,32971,,,false,7
,G?~~~{,2,23749,,,false,7
,G?~~~{,3,22912,,,false,7
,G?~~~{,4,22423,,,false,7
,G?~~~{,5,22073,,,false,7
,G?~~~{,6,22563,,,false,7
,G?~~~{,7,22143,,,false,7
,G?~~~{,8,22632,,,false,7
,G?~~~{,9,22492,,,false,7
,G`K?GK,0,8033,,,false,2
,G`K?GK,1,6776,,,false,2
,G`K?GK,2,7055,,,false,2
,G`K?GK,3,6636,,,false,2
,G`K?GK,4,6356,,,false,2
,G`K?GK,5,6147,,,false,2
,G`K?GK,6,6287,,,false,2
,G`K?GK,7,6217,,,false,2
,G`K?GK,8,6636,,,false,2
,G`K?GK,9,6636,,,false,2
,G`?GZc,0,16835,,,false,3
,G`?GZc,1,13621,,,false,3
,G`?GZc,2,13272,,,false,3
,G`?GZc,3,13132,,,false,3
,G`?GZc,4,12923,,,false,3
,G`?GZc,5,13272,,,false,3
,G`?GZc,6,12992,,,false,3
,G`?GZc,7,12853,,,false,3
,G`?GZc,8,12993,,,false,3
,G`?GZc,9,12853,,,false,3
,G??CZc,0,15368,,,false,3
,G??CZc,1,12713,,,false,3
,G??CZc,2,12503,,,false,3
,G??CZc,3,12644,,,false,3
,G??CZc,4,12574,,,false,3
,G??CZc,5,12643,,,false,3
,G??CZc,6,12434,,,false,3
,G??CZc,7,12154,,,false,3
,G??CZc,8,11945,,,false,3
,G??CZc,9,11945,,,false,3
,G`_gqK,0,22912,,,false,7
,G`_gqK,1,19489,,,false,7
,G`_gqK,2,19069,,,false,7
,G`_gqK,3,18232,,,false,7
,G`_gqK,4,18092,,,false,7
,G`_gqK,5,18441,,,false,7
,G`_gqK,6,18721,,,false,7
,G`_gqK,7,18232,,,false,7
,G`_gqK,8,17883,,,false,7
,G`_gqK,9,18231,,,false,7
,GsOiho,0,28710,,,false,7
,GsOiho,1,22562,,,false,7
,GsOiho,2,19489,,,false,7
,GsOiho,3,19000,,,false,7
,GsOiho,4,18720,,,false,7
,GsOiho,5,18650,,,false,7
,GsOiho,6,18790,,,false,7
,GsOiho,7,19000,,,false,7
,GsOiho,8,19000,,,false,7
,GsOiho,9,18930,,,false,7
,G???F{,0,7613,,,false,3
,G???F{,1,7195,,,false,3
,G???F{,2,7195,,,false,3
,G???F{,3,6706,,,false,3
,G???F{,4,6217,,,false,3
,G???F{,5,6636,,,false,3
,G???F{,6,6635,,,false,3
,G???F{,7,6776,,,false,3
,G???F{,8,6566,,,false,3
,G???F{,9,6636,,,false,3
,G??F~{,0,19279,,,false,7
,G??F~{,1,17463,,,false,7
,G??F~{,2,17393,,,false,7
,G??F~{,3,17324,,,false,7
,G??F~{,4,17533,,,false,7
,G??F~{,5,17184,,,false,7
,G??F~{,6,17253,,,false,7
,G??F~{,7,17603,,,false,7
,G??F~{,8,18092,,,false,7
,G??F~{,9,17253,,,false,7
,G?B~~{,0,20816,,,false,7
,G?B~~{,1,19488,,,false,7
,G?B~~{,2,19070,,,false,7
,G?B~~{,3,18860,,,false,7
,G?B~~{,4,19070,,,false,7
,G?B~~{,5,18721,,,false,7
,G?B~~{,6,18510,,,false,7
,G?B~~{,7,18441,,,false,7
,G?B~~{,8,18651,,,false,7
,G?B~~{,9,18720,,,false,7
,G`?G?C,0,8033,,,false,3
,G`?G?C,1,6706,,,false,3
,G`?G?C,2,6286,,,false,3
,G`?G?C,3,6566,,,false,3
,G`?G?C,4,14948,,,false,3
,G`?G?C,5,5728,,,false,3
,G`?G?C,6,6496,,,false,3
,G`?G?C,7,7614,,,false,3
,G`?G?C,8,6706,,,false,3
,G`?G?C,9,6706,,,false,3
,G?O_c[,0,18092,,,false,3
,G?O_c[,1,15787,,,false,3
,G?O_c[,2,14878,,,false,3
,G?O_c[,3,14180,,,false,3
,G?O_c[,4,13971,,,false,3
,G?O_c[,5,13761,,,false,3
,G?O_c[,6,13970,,,false,3
,G?O_c[,7,14319,,,false,3
,G?O_c[,8,14739,,,false,3
,G?O_c[,9,14041,,,false,3
,G?GQSK,0,12922,,,false,3
,G?GQSK,1,10827,,,false,3
,G?GQSK,2,10617,,,false,3
,G?GQSK,3,10897,,,false,3
,G?GQSK,4,10548,,,false,3
,G?GQSK,5,10478,,,false,3
,G?GQSK,6,10478,,,false,3
,G?GQSK,7,11386,,,false,3
,G?GQSK,8,15298,,,false,3
,G?GQSK,9,15647,,,false,3
,G?zTjo,0,26195,,,false,7
,G?zTjo,1,21166,,,false,7
,G?zTjo,2,20257,,,false,7
,G?zTjo,3,20746,,,false,7
,G?zTjo,4,20187,,,false,7
,G?zTjo,5,20606,,,false,7
,G?zTjo,6,20467,,,false,7
,G?zTjo,7,20397,,,false,7
,G?zTjo,8,20047,,,false,7
,G?zTjo,9,20048,,,false,7
,Gs@ipo,0,24169,,,false,7
,Gs@ipo,1,20816,,,false,7
,Gs@ipo,2,19908,,,false,7
,Gs@ipo,3,19978,,,false,7
,Gs@ipo,4,20327,,,false,7
,Gs@ipo,5,20467,,,false,7
,Gs@ipo,6,20048,,,false,7
,Gs@ipo,7,19628,,,false,7
,Gs@ipo,8,19908,,,false,7
,Gs@ipo,9,19978,,,false,7
,G`dnfw,0,27662,,,false,7
,G`dnfw,1,19419,,,false,7
,G`dnfw,2,19069,,,false,7
,G`dnfw,3,19000,,,false,7
,G`dnfw,4,18581,,,false,7
,G`dnfw,5,18720,,,false,7
,G`dnfw,6,18651,,,false,7
,G`dnfw,7,18930,,,false,7
,G`dnfw,8,19069,,,false,7
,G`dnfw,9,18721,,,false,7
,GQo~nw,0,20817,,,false,7
,GQo~nw,1,19140,,,false,7
,GQo~nw,2,19070,,,false,7
,GQo~nw,3,18790,,,false,7
,GQo~nw,4,18721,,,false,7
,GQo~nw,5,18720,,,false,7
,GQo~nw,6,18511,,,false,7
,GQo~nw,7,19000,,,false,7
,GQo~nw,8,19139,,,false,7
,GQo~nw,9,18720,,,false,7
,G?z\z{,0,26195,,,false,7
,G?z\z{,1,22353,,,false,7
,G?z\z{,2,21934,,,false,7
,G?z\z{,3,21375,,,false,7
,G?z\z{,4,21305,,,false,7
,G?z\z{,5,21444,,,false,7
,G?z\z{,6,21585,,,false,7
,G?z\z{,7,21515,,,false,7
,G?z\z{,8,21514,,,false,7
,G?z\z{,9,21864,,,false,7
,GwCOOK,0,19419,,,false,7
,GwCOOK,1,17603,,,false,7
,GwCOOK,2,16904,,,false,7
,GwCOOK,3,16346,,,false,7
,GwCOOK,4,16206,,,false,7
,GwCOOK,5,16555,,,false,7
,GwCOOK,6,16345,,,false,7
,GwCOOK,7,15647,,,false,7
,GwCOOK,8,23750,,,false,7
,GwCOOK,9,17183,,,false,7
,GoCOZ?,0,4750,,,false,3
,GoCOZ?,1,4261,,,false,3
,GoCOZ?,2,4331,,,false,3
,GoCOZ?,3,4331,,,false,3
,GoCOZ?,4,4191,,,false,3
,GoCOZ?,5,4261,,,false,3
,GoCOZ?,6,4331,,,false,3
,GoCOZ?,7,4331,,,false,3
,GoCOZ?,8,4191,,,false,3
,GoCOZ?,9,4750,,,false,3
,G?xPcK,0,25775,,,false,7
,G?xPcK,1,20956,,,false,7
,G?xPcK,2,19908,,,false,7
,G?xPcK,3,19628,,,false,7
,G?xPcK,4,19629,,,false,7
,G?xPcK,5,19558,,,false,7
,G?xPcK,6,19908,,,false,7
,G?xPcK,7,19559,,,false,7
,G?xPcK,8,19279,,,false,7
,G?xPcK,9,19769,,,false,7
,G@?G?C,0,8172,,,false,3
,G@?G?C,1,7125,,,false,3
,G@?G?C,2,6566,,,false,3
,G@?G?C,3,6706,,,false,3
,G@?G?C,4,6706,,,false,3
,G@?G?C,5,6147,,,false,3
,G@?G?C,6,9639,,,false,3
,G@?G?C,7,6566,,,false,3
,G@?G?C,8,6147,,,false,3
,G@?G?C,9,6287,,,false,3
,G@hRSk,0,25356,,,false,7
,G@hRSk,1,20048,,,false,7
,G@hRSk,2,19698,,,false,7
,G@hRSk,3,18791,,,false,7
,G@hRSk,4,18930,,,false,7
,G@hRSk,5,19209,,,false,7
,G@hRSk,6,19000,,,false,7
,G@hRSk,7,18581,,,false,7
,G@hRSk,8,19628,,,false,7
,G@hRSk,9,19140,,,false,7
,GoSv~w,0,23750,,,false,7
,GoSv~w,1,19908,,,false,7
,GoSv~w,2,19629,,,false,7
,GoSv~w,3,19070,,,false,7
,GoSv~w,4,19279,,,false,7
,GoSv~w,5,19628,,,false,7
,GoSv~w,6,19140,,,false,7
,GoSv~w,7,26265,,,false,7
,GoSv~w,8,19488,,,false,7
,GoSv~w,9,19489,,,false,7
,GIiZ~w,0,22562,,,false,7
,GIiZ~w,1,19559,,,false,7
,GIiZ~w,2,18860,,,false,7
,GIiZ~w,3,19139,,,false,7
,GIiZ~w,4,19070,,,false,7
,GIiZ~w,5,18511,,,false,7
,GIiZ~w,6,19140,,,false,7
,GIiZ~w,7,19139,,,false,7
,GIiZ~w,8,18511,,,false,7
,GIiZ~w,9,18511,,,false,7
,G@lv]{,0,24938,,,false,7
,G@lv]{,1,20606,,,false,7
,G@lv]{,2,19978,,,false,7
,G@lv]{,3,19908,,,false,7
,G@lv]{,4,20048,,,false,7
,G@lv]{,5,19908,,,false,7
,G@lv]{,6,19908,,,false,7
,G@lv]{,7,19628,,,false,7
,G@lv]{,8,19629,,,false,7
,G@lv]{,9,20047,,,false,7
,GsOax{,0,25357,,,false,7
,GsOax{,1,21025,,,false,7
,GsOax{,2,19210,,,false,7
,GsOax{,3,19768,,,false,7
,GsOax{,4,19419,,,false,7
,GsOax{,5,20118,,,false,7
,GsOax{,6,19559,,,false,7
,GsOax{,7,19419,,,false,7
,GsOax{,8,19140,,,false,7
,GsOax{,9,19628,,,false,7
,GANLfK,0,22842,,,false,7
,GANLfK,1,19908,,,false,7
,GANLfK,2,19559,,,false,7
,GANLfK,3,19070,,,false,7
,GANLfK,4,27382,,,false,7
,GANLfK,5,19908,,,false,7
,GANLfK,6,19139,,,false,7
,GANLfK,7,19209,,,false,7
,GANLfK,8,19559,,,false,7
,GANLfK,9,19419,,,false,7
,G{O_w{,0,23471,,,false,7
,G{O_w{,1,20537,,,false,7
,G{O_w{,2,19769,,,false,7
,G{O_w{,3,19280,,,false,7
,G{O_w{,4,19139,,,false,7
,G{O_w{,5,19629,,,false,7
,G{O_w{,6,19489,,,false,7
,G{O_w{,7,19419,,,false,7
,G{O_w{,8,19070,,,false,7
,G{O_w{,9,19559,,,false,7
,GANcvK,0,20886,,,false,7
,GANcvK,1,19629,,,false,7
,GANcvK,2,19279,,,false,7
,GANcvK,3,19280,,,false,7
,GANcvK,4,19349,,,false,7
,GANcvK,5,19139,,,false,7
,GANcvK,6,19000,,,false,7
,GANcvK,7,18930,,,false,7
,GANcvK,8,19139,,,false,7
,GANcvK,9,19140,,,false,7
,GCS~VK,0,23820,,,false,7
,GCS~VK,1,20048,,,false,7
,GCS~VK,2,19279,,,false,7
,GCS~VK,3,19350,,,false,7
,GCS~VK,4,18861,,,false,7
,GCS~VK,5,19209,,,false,7
,GCS~VK,6,19559,,,false,7
,GCS~VK,7,18930,,,false,7
,GCS~VK,8,19139,,,false,7
,GCS~VK,9,19699,,,false,7
,G_h\rk,0,22982,,,false,7
,G_h\rk,1,19908,,,false,7
,G_h\rk,2,19769,,,false,7
,G_h\rk,3,19419,,,false,7
,G_h\rk,4,18720,,,false,7
,G_h\rk,5,19978,,,false,7
,G_h\rk,6,19000,,,false,7
,G_h\rk,7,19209,,,false,7
,G_h\rk,8,19559,,,false,7
,G_h\rk,9,18930,,,false,7
,GoDPV{,0,22423,,,false,7
,GoDPV{,1,19768,,,false,7
,GoDPV{,2,19488,,,false,7
,GoDPV{,3,18860,,,false,7
,GoDPV{,4,19070,,,false,7
,GoDPV{,5,18581,,,false,7
,GoDPV{,6,18580,,,false,7
,GoDPV{,7,18651,,,false,7
,GoDPV{,8,18651,,,false,7
,GoDPV{,9,18442,,,false,7
,GqGTY{,0,21515,,,false,7
,GqGTY{,1,19139,,,false,7
,GqGTY{,2,18441,,,false,7
,GqGTY{,3,18232,,,false,7
,GqGTY{,4,18581,,,false,7
,GqGTY{,5,18301,,,false,7
,GqGTY{,6,18301,,,false,7
,GqGTY{,7,17673,,,false,7
,GqGTY{,8,18441,,,false,7
,GqGTY{,9,18162,,,false,7
,G`deX{,0,21934,,,false,7
,G`deX{,1,18930,,,false,7
,G`deX{,2,18650,,,false,7
,G`deX{,3,18302,,,false,7
,G`deX{,4,17812,,,false,7
,G`deX{,5,18092,,,false,7
,G`deX{,6,18651,,,false,7
,G`deX{,7,18441,,,false,7
,G`deX{,8,18162,,,false,7
,G`deX{,9,18162,,,false,7
,Gj?HWw,0,51901,,,false,7
,Gj?HWw,1,35346,,,false,7
,Gj?HWw,2,34088,,,false,7
,Gj?HWw,3,33809,,,false,7
,Gj?HWw,4,34297,,,false,7
,Gj?HWw,5,33879,,,false,7
,Gj?HWw,6,33459,,,false,7
,Gj?HWw,7,33459,,,false,7
,Gj?HWw,8,33879,,,false,7
,Gj?HWw,9,33809,,,false,7
,G?DP^{,0,24309,,,false,7
,G?DP^{,1,19908,,,false,7
,G?DP^{,2,19139,,,false,7
,G?DP^{,3,19140,,,false,7
,G?DP^{,4,19070,,,false,7
,G?DP^{,5,19000,,,false,7
,G?DP^{,6,19140,,,false,7
,G?DP^{,7,19210,,,false,7
,G?DP^{,8,18510,,,false,7
,G?DP^{,9,18930,,,false,7
,G?`@pk,0,37092,,,false,3
,G?`@pk,1,28150,,,false,3
,G?`@pk,2,26754,,,false,3
,G?`@pk,3,26195,,,false,3
,G?`@pk,4,26264,,,false,3
,G?`@pk,5,26335,,,false,3
,G?`@pk,6,26334,,,false,3
,G?`@pk,7,26055,,,false,3
,G?`@pk,8,25985,,,false,3
,G?`@pk,9,26125,,,false,3
,G?XX~{,0,57140,,,false,7
,G?XX~{,1,21864,,,false,7
,G?XX~{,2,20956,,,false,7
,G?XX~{,3,20746,,,false,7
,G?XX~{,4,20257,,,false,7
,G?XX~{,5,20188,,,false,7
,G?XX~{,6,20187,,,false,7
,G?XX~{,7,20607,,,false,7
,G?XX~{,8,20467,,,false,7
,G?XX~{,9,20886,,,false,7
,G?S~^{,0,26683,,,false,7
,G?S~^{,1,22004,,,false,7
,G?S~^{,2,21584,,,false,7
,G?S~^{,3,21375,,,false,7
,G?S~^{,4,21235,,,false,7
,G?S~^{,5,21026,,,false,7
,G?S~^{,6,21095,,,false,7
,G?S~^{,7,20886,,,false,7
,G?S~^{,8,20886,,,false,7
,G?S~^{,9,21095,,,false,7
,G?qz~{,0,25356,,,false,7
,G?qz~{,1,22423,,,false,7
,G?qz~{,2,21375,,,false,7
,G?qz~{,3,21794,,,false,7
,G?qz~{,4,21864,,,false,7
,G?qz~{,5,21444,,,false,7
,G?qz~{,6,21445,,,false,7
,G?qz~{,7,21375,,,false,7
,G?qz~{,8,21514,,,false,7
,G?qz~{,9,21026,,,false,7
,GJ?G^{,0,30525,,,false,3
,GJ?G^{,1,25427,,,false,3
,GJ?G^{,2,25147,,,false,3
,GJ?G^{,3,25566,,,false,3
,GJ?G^{,4,43867,,,false,3
,GJ?G^{,5,26753,,,false,3
,GJ?G^{,6,24797,,,false,3
,GJ?G^{,7,24449,,,false,3
,GJ?G^{,8,24867,,,false,3
,GJ?G^{,9,24798,,,false,3
,GGD_~{,0,23680,,,false,7
,GGD_~{,1,20117,,,false,7
,GGD_~{,2,19558,,,false,7
,GGD_~{,3,19419,,,false,7
,GGD_~{,4,19559,,,false,7
,GGD_~{,5,19209,,,false,7
,GGD_~{,6,19140,,,false,7
,GGD_~{,7,19489,,,false,7
,GGD_~{,8,19139,,,false,7
,GGD_~{,9,19210,,,false,7
,GGC^F{,0,22144,,,false,7
,GGC^F{,1,18650,,,false,7
,GGC^F{,2,18581,,,false,7
,GGC^F{,3,18441,,,false,7
,GGC^F{,4,18161,,,false,7
,GGC^F{,5,18232,,,false,7
,GGC^F{,6,17533,,,false,7
,GGC^F{,7,18092,,,false,7
,GGC^F{,8,18232,,,false,7
,GGC^F{,9,18022,,,false,7
,GGDc~{,0,22423,,,false,7
,GGDc~{,1,19489,,,false,7
,GGDc~{,2,19209,,,false,7
,GGDc~{,3,19070,,,false,7
,GGDc~{,4,19139,,,false,7
,GGDc~{,5,19140,,,false,7
,GGDc~{,6,19000,,,false,7
,GGDc~{,7,19070,,,false,7
,GGDc~{,8,19140,,,false,7
,GGDc~{,9,19489,,,false,7
,GGCZ^{,0,21794,,,false,7
,GGCZ^{,1,27452,,,false,7
,GGCZ^{,2,19140,,,false,7
,GGCZ^{,3,19070,,,false,7
,GGCZ^{,4,18931,,,false,7
,GGCZ^{,5,18651,,,false,7
,GGCZ^{,6,19140,,,false,7
,GGCZ^{,7,18999,,,false,7
,GGCZ^{,8,19000,,,false,7
,GGCZ^{,9,19140,,,false,7
,GGC^^{,0,22143,,,false,7
,GGC^^{,1,19908,,,false,7
,GGC^^{,2,19629,,,false,7
,GGC^^{,3,19489,,,false,7
,GGC^^{,4,19419,,,false,7
,GGC^^{,5,19140,,,false,7
,GGC^^{,6,19629,,,false,7
,GGC^^{,7,19488,,,false,7
,GGC^^{,8,19489,,,false,7
,GGC^^{,9,19140,,,false,7
,GASp^{,0,25776,,,false,7
,GASp^{,1,21165,,,false,7
,GASp^{,2,20537,,,false,7
,GASp^{,3,20117,,,false,7
,GASp^{,4,20467,,,false,7
,GASp^{,5,19908,,,false,7
,GASp^{,6,20536,,,false,7
,GASp^{,7,20607,,,false,7
,GASp^{,8,20187,,,false,7
,GASp^{,9,20327,,,false,7
,GGDXv{,0,22492,,,false,7
,GGDXv{,1,19488,,,false,7
,GGDXv{,2,19210,,,false,7
,GGDXv{,3,19139,,,false,7
,GGDXv{,4,19140,,,false,7
,GGDXv{,5,19070,,,false,7
,GGDXv{,6,18930,,,false,7
,GGDXv{,7,19140,,,false,7
,GGDXv{,8,19209,,,false,7
,GGDXv{,9,18930,,,false,7
,G@O}v{,0,23541,,,false,7
,G@O}v{,1,19838,,,false,7
,G@O}v{,2,19628,,,false,7
,G@O}v{,3,19000,,,false,7
,G@O}v{,4,18930,,,false,7
,G@O}v{,5,19139,,,false,7
,G@O}v{,6,19210,,,false,7
,G@O}v{,7,19489,,,false,7
,G@O}v{,8,19488,,,false,7
,G@O}v{,9,19140,,,false,7
,GHCZ^{,0,23541,,,false,7
,GHCZ^{,1,20676,,,false,7
,GHCZ^{,2,20187,,,false,7
,GHCZ^{,3,19629,,,false,7
,GHCZ^{,4,19489,,,false,7
,GHCZ^{,5,19489,,,false,7
,GHCZ^{,6,19559,,,false,7
,GHCZ^{,7,19699,,,false,7
,GHCZ^{,8,19488,,,false,7
,GHCZ^{,9,19489,,,false,7
,GGD\v{,0,21584,,,false,7
,GGD\v{,1,19768,,,false,7
,GGD\v{,2,19559,,,false,7
,GGD\v{,3,19140,,,false,7
,GGD\v{,4,19489,,,false,7
,GGD\v{,5,19419,,,false,7
,GGD\v{,6,19629,,,false,7
,GGD\v{,7,19628,,,false,7
,GGD\v{,8,19419,,,false,7
,GGD\v{,9,19419,,,false,7
,GAHX~{,0,21655,,,false,7
,GAHX~{,1,19768,,,false,7
,GAHX~{,2,19768,,,false,7
,GAHX~{,3,19140,,,false,7
,GAHX~{,4,18999,,,false,7
,GAHX~{,5,19000,,,false,7
,GAHX~{,6,19140,,,false,7
,GAHX~{,7,19139,,,false,7
,GAHX~{,8,26824,,,false,7
,GAHX~{,9,19000,,,false,7
,GHC^^{,0,23191,,,false,7
,GHC^^{,1,20886,,,false,7
,GHC^^{,2,20537,,,false,7
,GHC^^{,3,20467,,,false,7
,GHC^^{,4,20467,,,false,7
,GHC^^{,5,20607,,,false,7
,GHC^^{,6,19628,,,false,7
,GHC^^{,7,19978,,,false,7
,GHC^^{,8,20397,,,false,7
,GHC^^{,9,20048,,,false,7
,G@P\~{,0,21654,,,false,7
,G@P\~{,1,20187,,,false,7
,G@P\~{,2,20188,,,false,7
,G@P\~{,3,19628,,,false,7
,G@P\~{,4,19489,,,false,7
,G@P\~{,5,19489,,,false,7
,G@P\~{,6,19559,,,false,7
,G@P\~{,7,19698,,,false,7
,G@P\~{,8,19419,,,false,7
,G@P\~{,9,19978,,,false,7
,G@pHn{,0,23052,,,false,7
,G@pHn{,1,19698,,,false,7
,G@pHn{,2,19069,,,false,7
,G@pHn{,3,19210,,,false,7
,G@pHn{,4,19489,,,false,7
,G@pHn{,5,19419,,,false,7
,G@pHn{,6,18650,,,false,7
,G@pHn{,7,19140,,,false,7
,G@pHn{,8,18930,,,false,7
,G@pHn{,9,18930,,,false,7
,G`BHv{,0,21654,,,false,7
,G`BHv{,1,19419,,,false,7
,G`BHv{,2,18791,,,false,7
,G`BHv{,3,18790,,,false,7
,G`BHv{,4,18651,,,false,7
,G`BHv{,5,27242,,,false,7
,G`BHv{,6,18930,,,false,7
,G`BHv{,7,19070,,,false,7
,G`BHv{,8,18650,,,false,7
,G`BHv{,9,18581,,,false,7
,G_C~V{,0,22283,,,false,7
,G_C~V{,1,19978,,,false,7
,G_C~V{,2,19839,,,false,7
,G_C~V{,3,19070,,,false,7
,G_C~V{,4,19140,,,false,7
,G_C~V{,5,18650,,,false,7
,G_C~V{,6,19000,,,false,7
,G_C~V{,7,19070,,,false,7
,G_C~V{,8,19139,,,false,7
,G_C~V{,9,19070,,,false,7
,GKCZ^{,0,21375,,,false,7
,GKCZ^{,1,19069,,,false,7
,GKCZ^{,2,18861,,,false,7
,GKCZ^{,3,18581,,,false,7
,GKCZ^{,4,18721,,,false,7
,GKCZ^{,5,18511,,,false,7
,GKCZ^{,6,18930,,,false,7
,GKCZ^{,7,19140,,,false,7
,GKCZ^{,8,19209,,,false,7
,GKCZ^{,9,19000,,,false,7
,GGEZ^{,0,21515,,,false,7
,GGEZ^{,1,20257,,,false,7
,GGEZ^{,2,19279,,,false,7
,GGEZ^{,3,19559,,,false,7
,GGEZ^{,4,19628,,,false,7
,GGEZ^{,5,19000,,,false,7
,GGEZ^{,6,19419,,,false,7
,GGEZ^{,7,19908,,,false,7
,GGEZ^{,8,19070,,,false,7
,GGEZ^{,9,19210,,,false,7
,G`BH~{,0,20956,,,false,7
,G`BH~{,1,19419,,,false,7
,G`BH~{,2,19000,,,false,7
,G`BH~{,3,28080,,,false,7
,G`BH~{,4,19000,,,false,7
,G`BH~{,5,18930,,,false,7
,G`BH~{,6,18651,,,false,7
,G`BH~{,7,18650,,,false,7
,G`BH~{,8,19000,,,false,7
,G`BH~{,9,18581,,,false,7
,G`C^^{,0,21585,,,false,7
,G`C^^{,1,19279,,,false,7
,G`C^^{,2,19419,,,false,7
,G`C^^{,3,19140,,,false,7
,G`C^^{,4,18580,,,false,7
,G`C^^{,5,19000,,,false,7
,G`C^^{,6,19140,,,false,7
,G`C^^{,7,19069,,,false,7
,G`C^^{,8,18930,,,false,7
,G`C^^{,9,19000,,,false,7
,G@bJ~{,0,22493,,,false,7
,G@bJ~{,1,20257,,,false,7
,G@bJ~{,2,19838,,,false,7
,G@bJ~{,3,19629,,,false,7
,G@bJ~{,4,19908,,,false,7
,G@bJ~{,5,19908,,,false,7
,G@bJ~{,6,19629,,,false,7
,G@bJ~{,7,19698,,,false,7
,G@bJ~{,8,19629,,,false,7
,G@bJ~{,9,19908,,,false,7
,GAJ\v{,0,21654,,,false,7
,GAJ\v{,1,20117,,,false,7
,GAJ\v{,2,19699,,,false,7
,GAJ\v{,3,19698,,,false,7
,GAJ\v{,4,19629,,,false,7
,GAJ\v{,5,19978,,,false,7
,GAJ\v{,6,19488,,,false,7
,GAJ\v{,7,19629,,,false,7
,GAJ\v{,8,19628,,,false,7
,GAJ\v{,9,19489,,,false,7
,GGEzv{,0,22772,,,false,7
,GGEzv{,1,28081,,,false,7
,GGEzv{,2,19489,,,false,7
,GGEzv{,3,19419,,,false,7
,GGEzv{,4,19419,,,false,7
,GGEzv{,5,19628,,,false,7
,GGEzv{,6,19629,,,false,7
,GGEzv{,7,19070,,,false,7
,GGEzv{,8,19419,,,false,7
,GGEzv{,9,19628,,,false,7
,G_Ezv{,0,21933,,,false,7
,G_Ezv{,1,20257,,,false,7
,G_Ezv{,2,19489,,,false,7
,G_Ezv{,3,19629,,,false,7
,G_Ezv{,4,19489,,,false,7
,G_Ezv{,5,19070,,,false,7
,G_Ezv{,6,19628,,,false,7
,G_Ezv{,7,19629,,,false,7
,G_Ezv{,8,19419,,,false,7
,G_Ezv{,9,19000,,,false,7
,G@`~v{,0,22562,,,false,7
,G@`~v{,1,20746,,,false,7
,G@`~v{,2,20258,,,false,7
,G@`~v{,3,20118,,,false,7
,G@`~v{,4,20048,,,false,7
,G@`~v{,5,19419,,,false,7
,G@`~v{,6,19558,,,false,7
,G@`~v{,7,20118,,,false,7
,G@`~v{,8,19698,,,false,7
,G@`~v{,9,19908,,,false,7
,GAJ\~{,0,22003,,,false,7
,GAJ\~{,1,20746,,,false,7
,GAJ\~{,2,20187,,,false,7
,GAJ\~{,3,20467,,,false,7
,GAJ\~{,4,20187,,,false,7
,GAJ\~{,5,20048,,,false,7
,GAJ\~{,6,20397,,,false,7
,GAJ\~{,7,20466,,,false,7
,GAJ\~{,8,20607,,,false,7
,GAJ\~{,9,19698,,,false,7
,GGDzv{,0,23051,,,false,7
,GGDzv{,1,20397,,,false,7
,GGDzv{,2,19699,,,false,7
,GGDzv{,3,20117,,,false,7
,GGDzv{,4,19629,,,false,7
,GGDzv{,5,20048,,,false,7
,GGDzv{,6,19419,,,false,7
,GGDzv{,7,19559,,,false,7
,GGDzv{,8,19628,,,false,7
,GGDzv{,9,20047,,,false,7
,GGD~v{,0,22353,,,false,7
,GGD~v{,1,20467,,,false,7
,GGD~v{,2,20397,,,false,7
,GGD~v{,3,19908,,,false,7
,GGD~v{,4,20118,,,false,7
,GGD~v{,5,20048,,,false,7
,GGD~v{,6,20117,,,false,7
,GGD~v{,7,19908,,,false,7
,GGD~v{,8,20467,,,false,7
,GGD~v{,9,20606,,,false,7
,GGF~v{,0,22143,,,false,7
,GGF~v{,1,20327,,,false,7
,GGF~v{,2,20118,,,false,7
,GGF~v{,3,20467,,,false,7
,GGF~v{,4,19419,,,false,7
,GGF~v{,5,20048,,,false,7
,GGF~v{,6,19628,,,false,7
,GGF~v{,7,20118,,,false,7
,GGF~v{,8,19908,,,false,7
,GGF~v{,9,19558,,,false,7
,GGSs~{,0,25356,,,false,7
,GGSs~{,1,21444,,,false,7
,GGSs~{,2,20467,,,false,7
,GGSs~{,3,19978,,,false,7
,GGSs~{,4,20047,,,false,7
,GGSs~{,5,19559,,,false,7
,GGSs~{,6,29058,,,false,7
,GGSs~{,7,19908,,,false,7
,GGSs~{,8,19419,,,false,7
,GGSs~{,9,20047,,,false,7
,GIGX~{,0,25077,,,false,7
,GIGX~{,1,21654,,,false,7
,GIGX~{,2,20537,,,false,7
,GIGX~{,3,20606,,,false,7
,GIGX~{,4,20118,,,false,7
,GIGX~{,5,20327,,,false,7
,GIGX~{,6,20047,,,false,7
,GIGX~{,7,20607,,,false,7
,GIGX~{,8,20607,,,false,7
,GIGX~{,9,20886,,,false,7
,GIG\~{,0,24099,,,false,7
,GIG\~{,1,21585,,,false,7
,GIG\~{,2,20956,,,false,7
,GIG\~{,3,20885,,,false,7
,GIG\~{,4,20537,,,false,7
,GIG\~{,5,21026,,,false,7
,GIG\~{,6,20676,,,false,7
,GIG\~{,7,20397,,,false,7
,GIG\~{,8,20397,,,false,7
,GIG\~{,9,21025,,,false,7
,GPLQ^{,0,24658,,,false,7
,GPLQ^{,1,20886,,,false,7
,GPLQ^{,2,20536,,,false,7
,GPLQ^{,3,20117,,,false,7
,GPLQ^{,4,20118,,,false,7
,GPLQ^{,5,19908,,,false,7
,GPLQ^{,6,19978,,,false,7
,GPLQ^{,7,20118,,,false,7
,GPLQ^{,8,20187,,,false,7
,GPLQ^{,9,19978,,,false,7
,GJOg~{,0,25287,,,false,7
,GJOg~{,1,22073,,,false,7
,GJOg~{,2,29618,,,false,7
,GJOg~{,3,21095,,,false,7
,GJOg~{,4,21026,,,false,7
,GJOg~{,5,20886,,,false,7
,GJOg~{,6,20886,,,false,7
,GJOg~{,7,20607,,,false,7
,GJOg~{,8,21165,,,false,7
,GJOg~{,9,21166,,,false,7
,GIHX~{,0,23959,,,false,7
,GIHX~{,1,22004,,,false,7
,GIHX~{,2,21584,,,false,7
,GIHX~{,3,20886,,,false,7
,GIHX~{,4,20397,,,false,7
,GIHX~{,5,21026,,,false,7
,GIHX~{,6,20607,,,false,7
,GIHX~{,7,20537,,,false,7
,GIHX~{,8,20747,,,false,7
,GIHX~{,9,20816,,,false,7
,GGS~f{,0,23890,,,false,7
,GGS~f{,1,20886,,,false,7
,GGS~f{,2,20466,,,false,7
,GGS~f{,3,20607,,,false,7
,GGS~f{,4,20187,,,false,7
,GGS~f{,5,20397,,,false,7
,GGS~f{,6,20397,,,false,7
,GGS~f{,7,20048,,,false,7
,GGS~f{,8,19978,,,false,7
,GGS~f{,9,20257,,,false,7
,G@XX~{,0,24449,,,false,7
,G@XX~{,1,21515,,,false,7
,G@XX~{,2,20117,,,false,7
,G@XX~{,3,19908,,,false,7
,G@XX~{,4,19978,,,false,7
,G@XX~{,5,20117,,,false,7
,G@XX~{,6,20118,,,false,7
,G@XX~{,7,19908,,,false,7
,G@XX~{,8,19908,,,false,7
,G@XX~{,9,27243,,,false,7
,GAXt~{,0,24378,,,false,7
,GAXt~{,1,21515,,,false,7
,GAXt~{,2,20885,,,false,7
,GAXt~{,3,20956,,,false,7
,GAXt~{,4,20467,,,false,7
,GAXt~{,5,20676,,,false,7
,GAXt~{,6,20467,,,false,7
,GAXt~{,7,20257,,,false,7
,GAXt~{,8,20397,,,false,7
,GAXt~{,9,20607,,,false,7
,G@X\~{,0,23261,,,false,7
,G@X\~{,1,21026,,,false,7
,G@X\~{,2,21025,,,false,7
,G@X\~{,3,20677,,,false,7
,G@X\~{,4,20886,,,false,7
,G@X\~{,5,20817,,,false,7
,G@X\~{,6,20956,,,false,7
,G@X\~{,7,20956,,,false,7
,G@X\~{,8,20187,,,false,7
,G@X\~{,9,20467,,,false,7
,G@fbv{,0,24309,,,false,7
,G@fbv{,1,21095,,,false,7
,G@fbv{,2,20397,,,false,7
,G@fbv{,3,19978,,,false,7
,G@fbv{,4,20537,,,false,7
,G@fbv{,5,20187,,,false,7
,G@fbv{,6,20257,,,false,7
,G@fbv{,7,20327,,,false,7
,G@fbv{,8,20118,,,false,7
,G@fbv{,9,19978,,,false,7
,GiGX~{,0,23750,,,false,7
,GiGX~{,1,20886,,,false,7
,GiGX~{,2,19559,,,false,7
,GiGX~{,3,27732,,,false,7
,GiGX~{,4,23051,,,false,7
,GiGX~{,5,20258,,,false,7
,GiGX~{,6,19838,,,false,7
,GiGX~{,7,19977,,,false,7
,GiGX~{,8,19699,,,false,7
,GiGX~{,9,19629,,,false,7
,GIIX~{,0,24239,,,false,7
,GIIX~{,1,21445,,,false,7
,GIIX~{,2,20955,,,false,7
,GIIX~{,3,20677,,,false,7
,GIIX~{,4,20466,,,false,7
,GIIX~{,5,20746,,,false,7
,GIIX~{,6,20396,,,false,7
,GIIX~{,7,20607,,,false,7
,GIIX~{,8,20397,,,false,7
,GIIX~{,9,20397,,,false,7
,GII[~{,0,24309,,,false,7
,GII[~{,1,21584,,,false,7
,GII[~{,2,20956,,,false,7
,GII[~{,3,20816,,,false,7
,GII[~{,4,20886,,,false,7
,GII[~{,5,20536,,,false,7
,GII[~{,6,20746,,,false,7
,GII[~{,7,20467,,,false,7
,GII[~{,8,21096,,,false,7
,GII[~{,9,20536,,,false,7
,GiG\~{,0,24239,,,false,7
,GiG\~{,1,21375,,,false,7
,GiG\~{,2,20956,,,false,7
,GiG\~{,3,20257,,,false,7
,GiG\~{,4,20747,,,false,7
,GiG\~{,5,20258,,,false,7
,GiG\~{,6,20187,,,false,7
,GiG\~{,7,20607,,,false,7
,GiG\~{,8,19978,,,false,7
,GiG\~{,9,20397,,,false,7
,GD`j~{,0,33878,,,false,7
,GD`j~{,1,22353,,,false,7
,GD`j~{,2,21026,,,false,7
,GD`j~{,3,21235,,,false,7
,GD`j~{,4,21235,,,false,7
,GD`j~{,5,21375,,,false,7
,GD`j~{,6,21025,,,false,7
,GD`j~{,7,21096,,,false,7
,GD`j~{,8,21026,,,false,7
,GD`j~{,9,20886,,,false,7
,G@jR~{,0,23820,,,false,7
,G@jR~{,1,21584,,,false,7
,G@jR~{,2,20677,,,false,7
,G@jR~{,3,20676,,,false,7
,G@jR~{,4,20257,,,false,7
,G@jR~{,5,20537,,,false,7
,G@jR~{,6,21026,,,false,7
,G@jR~{,7,20886,,,false,7
,G@jR~{,8,20467,,,false,7
,G@jR~{,9,20536,,,false,7
,GXCY^{,0,23889,,,false,7
,GXCY^{,1,20397,,,false,7
,GXCY^{,2,19419,,,false,7
,GXCY^{,3,19489,,,false,7
,GXCY^{,4,19838,,,false,7
,GXCY^{,5,19559,,,false,7
,GXCY^{,6,19628,,,false,7
,GXCY^{,7,19140,,,false,7
,GXCY^{,8,19419,,,false,7
,GXCY^{,9,19559,,,false,7
,GHFH~{,0,23470,,,false,7
,GHFH~{,1,21026,,,false,7
,GHFH~{,2,20257,,,false,7
,GHFH~{,3,20327,,,false,7
,GHFH~{,4,20118,,,false,7
,GHFH~{,5,19489,,,false,7
,GHFH~{,6,19978,,,false,7
,GHFH~{,7,20118,,,false,7
,GHFH~{,8,28569,,,false,7
,GHFH~{,9,19629,,,false,7
,G@S~^{,0,23890,,,false,7
,G@S~^{,1,21794,,,false,7
,G@S~^{,2,20816,,,false,7
,G@S~^{,3,20606,,,false,7
,G@S~^{,4,20467,,,false,7
,G@S~^{,5,20397,,,false,7
,G@S~^{,6,20466,,,false,7
,G@S~^{,7,20607,,,false,7
,G@S~^{,8,20606,,,false,7
,G@S~^{,9,20397,,,false,7
,GCS~F{,0,23331,,,false,7
,GCS~F{,1,20187,,,false,7
,GCS~F{,2,20956,,,false,7
,GCS~F{,3,19908,,,false,7
,GCS~F{,4,20397,,,false,7
,GCS~F{,5,19628,,,false,7
,GCS~F{,6,20117,,,false,7
,GCS~F{,7,19629,,,false,7
,GCS~F{,8,19908,,,false,7
,GCS~F{,9,19978,,,false,7
,GANc~{,0,22562,,,false,7
,GANc~{,1,20676,,,false,7
,GANc~{,2,20258,,,false,7
,GANc~{,3,20537,,,false,7
,GANc~{,4,19559,,,false,7
,GANc~{,5,20397,,,false,7
,GANc~{,6,19559,,,false,7
,GANc~{,7,20118,,,false,7
,GANc~{,8,20117,,,false,7
,GANc~{,9,19908,,,false,7
,GCS~^{,0,23749,,,false,7
,GCS~^{,1,21374,,,false,7
,GCS~^{,2,21025,,,false,7
,GCS~^{,3,20397,,,false,7
,GCS~^{,4,28639,,,false,7
,GCS~^{,5,20397,,,false,7
,GCS~^{,6,20537,,,false,7
,GCS~^{,7,20606,,,false,7
,GCS~^{,8,20467,,,false,7
,GCS~^{,9,20397,,,false,7
,G@U~V{,0,23121,,,false,7
,G@U~V{,1,21445,,,false,7
,G@U~V{,2,20956,,,false,7
,G@U~V{,3,20536,,,false,7
,G@U~V{,4,20537,,,false,7
,G@U~V{,5,20606,,,false,7
,G@U~V{,6,20397,,,false,7
,G@U~V{,7,20886,,,false,7
,G@U~V{,8,20956,,,false,7
,G@U~V{,9,20676,,,false,7
,GAwzn{,0,24449,,,false,7
,GAwzn{,1,20746,,,false,7
,GAwzn{,2,20117,,,false,7
,GAwzn{,3,20048,,,false,7
,GAwzn{,4,20397,,,false,7
,GAwzn{,5,20466,,,false,7
,GAwzn{,6,20118,,,false,7
,GAwzn{,7,20187,,,false,7
,GAwzn{,8,19908,,,false,7
,GAwzn{,9,19838,,,false,7
,GCL~V{,0,23820,,,false,7
,GCL~V{,1,22283,,,false,7
,GCL~V{,2,20817,,,false,7
,GCL~V{,3,20956,,,false,7
,GCL~V{,4,20607,,,false,7
,GCL~V{,5,20537,,,false,7
,GCL~V{,6,20397,,,false,7
,GCL~V{,7,20397,,,false,7
,GCL~V{,8,20466,,,false,7
,GCL~V{,9,20747,,,false,7
,GIJ\v{,0,35066,,,false,7
,GIJ\v{,1,21934,,,false,7
,GIJ\v{,2,21445,,,false,7
,GIJ\v{,3,21375,,,false,7
,GIJ\v{,4,20955,,,false,7
,GIJ\v{,5,21096,,,false,7
,GIJ\v{,6,21095,,,false,7
,GIJ\v{,7,20886,,,false,7
,GIJ\v{,8,21305,,,false,7
,GIJ\v{,9,21025,,,false,7
,GAlnn{,0,23820,,,false,7
,GAlnn{,1,21305,,,false,7
,GAlnn{,2,20047,,,false,7
,GAlnn{,3,20118,,,false,7
,GAlnn{,4,20048,,,false,7
,GAlnn{,5,19978,,,false,7
,GAlnn{,6,20048,,,false,7
,GAlnn{,7,19698,,,false,7
,GAlnn{,8,20118,,,false,7
,GAlnn{,9,19768,,,false,7
,GIJ\~{,0,22982,,,false,7
,GIJ\~{,1,21933,,,false,7
,GIJ\~{,2,20886,,,false,7
,GIJ\~{,3,20956,,,false,7
,GIJ\~{,4,21025,,,false,7
,GIJ\~{,5,20607,,,false,7
,GIJ\~{,6,21026,,,false,7
,GIJ\~{,7,20816,,,false,7
,GIJ\~{,8,20886,,,false,7
,GIJ\~{,9,20956,,,false,7
,GDSz^{,0,23820,,,false,7
,GDSz^{,1,20886,,,false,7
,GDSz^{,2,20467,,,false,7
,GDSz^{,3,20048,,,false,7
,GDSz^{,4,20187,,,false,7
,GDSz^{,5,19978,,,false,7
,GDSz^{,6,28569,,,false,7
,GDSz^{,7,20327,,,false,7
,GDSz^{,8,20467,,,false,7
,GDSz^{,9,19978,,,false,7
,GCUzv{,0,24239,,,false,7
,GCUzv{,1,21585,,,false,7
,GCUzv{,2,20607,,,false,7
,GCUzv{,3,20606,,,false,7
,GCUzv{,4,20886,,,false,7
,GCUzv{,5,20886,,,false,7
,GCUzv{,6,21025,,,false,7
,GCUzv{,7,20258,,,false,7
,GCUzv{,8,20676,,,false,7
,GCUzv{,9,20467,,,false,7
,G@]^n{,0,24798,,,false,7
,G@]^n{,1,21514,,,false,7
,G@]^n{,2,20886,,,false,7
,G@]^n{,3,20467,,,false,7
,G@]^n{,4,20536,,,false,7
,G@]^n{,5,20607,,,false,7
,G@]^n{,6,20467,,,false,7
,G@]^n{,7,20747,,,false,7
,G@]^n{,8,20397,,,false,7
,G@]^n{,9,20606,,,false,7
,G@Z\~{,0,23750,,,false,7
,G@Z\~{,1,21025,,,false,7
,G@Z\~{,2,20607,,,false,7
,G@Z\~{,3,21165,,,false,7
,G@Z\~{,4,20397,,,false,7
,G@Z\~{,5,20327,,,false,7
,G@Z\~{,6,20537,,,false,7
,G@Z\~{,7,20467,,,false,7
,G@Z\~{,8,20677,,,false,7
,G@Z\~{,9,20955,,,false,7
,GALzv{,0,25356,,,false,7
,GALzv{,1,21515,,,false,7
,GALzv{,2,29129,,,false,7
,GALzv{,3,21165,,,false,7
,GALzv{,4,20956,,,false,7
,GALzv{,5,21235,,,false,7
,GALzv{,6,20816,,,false,7
,GALzv{,7,21095,,,false,7
,GALzv{,8,20956,,,false,7
,GALzv{,9,20886,,,false,7
,GAL~v{,0,23400,,,false,7
,GAL~v{,1,21096,,,false,7
,GAL~v{,2,20885,,,false,7
,GAL~v{,3,20886,,,false,7
,GAL~v{,4,20397,,,false,7
,GAL~v{,5,20676,,,false,7
,GAL~v{,6,20327,,,false,7
,GAL~v{,7,20467,,,false,7
,GAL~v{,8,20607,,,false,7
,GAL~v{,9,20606,,,false,7
,GAN~v{,0,23750,,,false,7
,GAN~v{,1,21934,,,false,7
,GAN~v{,2,20956,,,false,7
,GAN~v{,3,21165,,,false,7
,GAN~v{,4,21026,,,false,7
,GAN~v{,5,20746,,,false,7
,GAN~v{,6,20816,,,false,7
,GAN~v{,7,21096,,,false,7
,GAN~v{,8,20466,,,false,7
,GAN~v{,9,21305,,,false,7
,GDYR^{,0,23330,,,false,7
,GDYR^{,1,20118,,,false,7
,GDYR^{,2,19559,,,false,7
,GDYR^{,3,19350,,,false,7
,GDYR^{,4,19070,,,false,7
,GDYR^{,5,19489,,,false,7
,GDYR^{,6,19209,,,false,7
,GDYR^{,7,19140,,,false,7
,GDYR^{,8,19209,,,false,7
,GDYR^{,9,19000,,,false,7
,GhCZ^{,0,22842,,,false,7
,GhCZ^{,1,19419,,,false,7
,GhCZ^{,2,19489,,,false,7
,GhCZ^{,3,18860,,,false,7
,GhCZ^{,4,18790,,,false,7
,GhCZ^{,5,19349,,,false,7
,GhCZ^{,6,18721,,,false,7
,GhCZ^{,7,19000,,,false,7
,GhCZ^{,8,19419,,,false,7
,GhCZ^{,9,19140,,,false,7
,G@^Dn{,0,24379,,,false,7
,G@^Dn{,1,20886,,,false,7
,G@^Dn{,2,20397,,,false,7
,G@^Dn{,3,20537,,,false,7
,G@^Dn{,4,19769,,,false,7
,G@^Dn{,5,20188,,,false,7
,G@^Dn{,6,20047,,,false,7
,G@^Dn{,7,20118,,,false,7
,G@^Dn{,8,20048,,,false,7
,G@^Dn{,9,19977,,,false,7
,GhC^^{,0,21445,,,false,7
,GhC^^{,1,20187,,,false,7
,GhC^^{,2,19978,,,false,7
,GhC^^{,3,19838,,,false,7
,GhC^^{,4,19628,,,false,7
,GhC^^{,5,19489,,,false,7
,GhC^^{,6,19699,,,false,7
,GhC^^{,7,19629,,,false,7
,GhC^^{,8,19140,,,false,7
,GhC^^{,9,19488,,,false,7
,GBaj~{,0,23191,,,false,7
,GBaj~{,1,20466,,,false,7
,GBaj~{,2,20118,,,false,7
,GBaj~{,3,19698,,,false,7
,GBaj~{,4,19768,,,false,7
,GBaj~{,5,19838,,,false,7
,GBaj~{,6,19698,,,false,7
,GBaj~{,7,20118,,,false,7
,GBaj~{,8,19978,,,false,7
,GBaj~{,9,19908,,,false,7
,GCUrV{,0,23889,,,false,7
,GCUrV{,1,20607,,,false,7
,GCUrV{,2,19908,,,false,7
,GCUrV{,3,20327,,,false,7
,GCUrV{,4,20466,,,false,7
,GCUrV{,5,19489,,,false,7
,GCUrV{,6,19908,,,false,7
,GCUrV{,7,19559,,,false,7
,GCUrV{,8,20117,,,false,7
,GCUrV{,9,19629,,,false,7
,G@UvV{,0,23330,,,false,7
,G@UvV{,1,20956,,,false,7
,G@UvV{,2,20676,,,false,7
,G@UvV{,3,20047,,,false,7
,G@UvV{,4,19768,,,false,7
,G@UvV{,5,20118,,,false,7
,G@UvV{,6,20117,,,false,7
,G@UvV{,7,19908,,,false,7
,G@UvV{,8,19978,,,false,7
,G@UvV{,9,20537,,,false,7
,GAMjn{,0,23401,,,false,7
,GAMjn{,1,20816,,,false,7
,GAMjn{,2,20397,,,false,7
,GAMjn{,3,19699,,,false,7
,GAMjn{,4,20397,,,false,7
,GAMjn{,5,19698,,,false,7
,GAMjn{,6,20117,,,false,7
,GAMjn{,7,20118,,,false,7
,GAMjn{,8,20048,,,false,7
,GAMjn{,9,19908,,,false,7
,GANT^{,0,22912,,,false,7
,GANT^{,1,21025,,,false,7
,GANT^{,2,20188,,,false,7
,GANT^{,3,28849,,,false,7
,GANT^{,4,19698,,,false,7
,GANT^{,5,20537,,,false,7
,GANT^{,6,19628,,,false,7
,GANT^{,7,20048,,,false,7
,GANT^{,8,20397,,,false,7
,GANT^{,9,20536,,,false,7
,GHFK~{,0,23540,,,false,7
,GHFK~{,1,20956,,,false,7
,GHFK~{,2,20257,,,false,7
,GHFK~{,3,20397,,,false,7
,GHFK~{,4,20048,,,false,7
,GHFK~{,5,19978,,,false,7
,GHFK~{,6,19978,,,false,7
,GHFK~{,7,20118,,,false,7
,GHFK~{,8,20117,,,false,7
,GHFK~{,9,19978,,,false,7
,GPOy~{,0,22353,,,false,7
,GPOy~{,1,19699,,,false,7
,GPOy~{,2,19209,,,false,7
,GPOy~{,3,19280,,,false,7
,GPOy~{,4,19209,,,false,7
,GPOy~{,5,19210,,,false,7
,GPOy~{,6,19489,,,false,7
,GPOy~{,7,19488,,,false,7
,GPOy~{,8,19210,,,false,7
,GPOy~{,9,19140,,,false,7
,GDPk~{,0,22353,,,false,7
,GDPk~{,1,19629,,,false,7
,GDPk~{,2,19768,,,false,7
,GDPk~{,3,19279,,,false,7
,GDPk~{,4,19349,,,false,7
,GDPk~{,5,19629,,,false,7
,GDPk~{,6,19489,,,false,7
,GDPk~{,7,18930,,,false,7
,GDPk~{,8,19629,,,false,7
,GDPk~{,9,19140,,,false,7
,GCSz^{,0,31923,,,false,7
,GCSz^{,1,21095,,,false,7
,GCSz^{,2,19768,,,false,7
,GCSz^{,3,19908,,,false,7
,GCSz^{,4,19698,,,false,7
,GCSz^{,5,20467,,,false,7
,GCSz^{,6,20397,,,false,7
,GCSz^{,7,19628,,,false,7
,GCSz^{,8,20118,,,false,7
,GCSz^{,9,20047,,,false,7
,G@oy~{,0,22842,,,false,7
,G@oy~{,1,19698,,,false,7
,G@oy~{,2,19419,,,false,7
,G@oy~{,3,19280,,,false,7
,G@oy~{,4,19698,,,false,7
,G@oy~{,5,19629,,,false,7
,G@oy~{,6,19489,,,false,7
,G@oy~{,7,19489,,,false,7
,G@oy~{,8,19140,,,false,7
,G@oy~{,9,19209,,,false,7
,G@hu~{,0,24798,,,false,7
,G@hu~{,1,21864,,,false,7
,G@hu~{,2,21165,,,false,7
,G@hu~{,3,20816,,,false,7
,G@hu~{,4,20886,,,false,7
,G@hu~{,5,20955,,,false,7
,G@hu~{,6,21096,,,false,7
,G@hu~{,7,20536,,,false,7
,G@hu~{,8,20956,,,false,7
,G@hu~{,9,20956,,,false,7
,GB_~^{,0,22143,,,false,7
,GB_~^{,1,20607,,,false,7
,GB_~^{,2,20258,,,false,7
,GB_~^{,3,19908,,,false,7
,GB_~^{,4,20047,,,false,7
,GB_~^{,5,19978,,,false,7
,GB_~^{,6,19838,,,false,7
,GB_~^{,7,19839,,,false,7
,GB_~^{,8,29059,,,false,7
,GB_~^{,9,19978,,,false,7
,GCLm~{,0,24449,,,false,7
,GCLm~{,1,21934,,,false,7
,GCLm~{,2,21235,,,false,7
,GCLm~{,3,20886,,,false,7
,GCLm~{,4,20607,,,false,7
,GCLm~{,5,20537,,,false,7
,GCLm~{,6,20606,,,false,7
,GCLm~{,7,20327,,,false,7
,GCLm~{,8,20956,,,false,7
,GCLm~{,9,20536,,,false,7
,GGeZf{,0,22562,,,false,7
,GGeZf{,1,20257,,,false,7
,GGeZf{,2,19209,,,false,7
,GGeZf{,3,19070,,,false,7
,GGeZf{,4,18930,,,false,7
,GGeZf{,5,19140,,,false,7
,GGeZf{,6,19209,,,false,7
,GGeZf{,7,19140,,,false,7
,GGeZf{,8,19000,,,false,7
,GGeZf{,9,19139,,,false,7
,G_K~f{,0,21933,,,false,7
,G_K~f{,1,19769,,,false,7
,G_K~f{,2,19139,,,false,7
,G_K~f{,3,19629,,,false,7
,G_K~f{,4,19489,,,false,7
,G_K~f{,5,19070,,,false,7
,G_K~f{,6,19140,,,false,7
,G_K~f{,7,19140,,,false,7
,G_K~f{,8,19489,,,false,7
,G_K~f{,9,19070,,,false,7
,G`FH~{,0,22143,,,false,7
,G`FH~{,1,19838,,,false,7
,G`FH~{,2,18790,,,false,7
,G`FH~{,3,19699,,,false,7
,G`FH~{,4,19069,,,false,7
,G`FH~{,5,30037,,,false,7
,G`FH~{,6,19489,,,false,7
,G`FH~{,7,19069,,,false,7
,G`FH~{,8,19209,,,false,7
,G`FH~{,9,19140,,,false,7
,G_ox~{,0,25147,,,false,7
,G_ox~{,1,21375,,,false,7
,G_ox~{,2,21096,,,false,7
,G_ox~{,3,20956,,,false,7
,G_ox~{,4,21306,,,false,7
,G_ox~{,5,21026,,,false,7
,G_ox~{,6,21026,,,false,7
,G_ox~{,7,21165,,,false,7
,G_ox~{,8,20886,,,false,7
,G_ox~{,9,20886,,,false,7
,G_K~n{,0,21864,,,false,7
,G_K~n{,1,20397,,,false,7
,G_K~n{,2,19978,,,false,7
,G_K~n{,3,19698,,,false,7
,G_K~n{,4,19628,,,false,7
,G_K~n{,5,20048,,,false,7
,G_K~n{,6,19908,,,false,7
,G_K~n{,7,19558,,,false,7
,G_K~n{,8,19699,,,false,7
,G_K~n{,9,19978,,,false,7
,G@Nev{,0,23750,,,false,7
,G@Nev{,1,21515,,,false,7
,G@Nev{,2,21445,,,false,7
,G@Nev{,3,20886,,,false,7
,G@Nev{,4,21445,,,false,7
,G@Nev{,5,21025,,,false,7
,G@Nev{,6,21026,,,false,7
,G@Nev{,7,21025,,,false,7
,G@Nev{,8,20816,,,false,7
,G@Nev{,9,21375,,,false,7
,G@NU^{,0,24168,,,false,7
,G@NU^{,1,30036,,,false,7
,G@NU^{,2,21515,,,false,7
,G@NU^{,3,21445,,,false,7
,G@NU^{,4,20816,,,false,7
,G@NU^{,5,21026,,,false,7
,G@NU^{,6,21025,,,false,7
,G@NU^{,7,21165,,,false,7
,G@NU^{,8,21375,,,false,7
,G@NU^{,9,20746,,,false,7
,G@NJn{,0,23400,,,false,7
,G@NJn{,1,21445,,,false,7
,G@NJn{,2,20886,,,false,7
,G@NJn{,3,21025,,,false,7
,G@NJn{,4,20537,,,false,7
,G@NJn{,5,21165,,,false,7
,G@NJn{,6,20397,,,false,7
,G@NJn{,7,20886,,,false,7
,G@NJn{,8,20467,,,false,7
,G@NJn{,9,20956,,,false,7
,G@Ne~{,0,23749,,,false,7
,G@Ne~{,1,22423,,,false,7
,G@Ne~{,2,21515,,,false,7
,G@Ne~{,3,21934,,,false,7
,G@Ne~{,4,21515,,,false,7
,G@Ne~{,5,21305,,,false,7
,G@Ne~{,6,21864,,,false,7
,G@Ne~{,7,21515,,,false,7
,G@Ne~{,8,21654,,,false,7
,G@Ne~{,9,22213,,,false,7
,GCdj~{,0,24379,,,false,7
,GCdj~{,1,22981,,,false,7
,GCdj~{,2,22004,,,false,7
,GCdj~{,3,22003,,,false,7
,GCdj~{,4,21305,,,false,7
,GCdj~{,5,21864,,,false,7
,GCdj~{,6,21863,,,false,7
,GCdj~{,7,31434,,,false,7
,GCdj~{,8,21864,,,false,7
,GCdj~{,9,21515,,,false,7
,G@rvv{,0,22842,,,false,7
,G@rvv{,1,20886,,,false,7
,G@rvv{,2,20466,,,false,7
,G@rvv{,3,20118,,,false,7
,G@rvv{,4,20537,,,false,7
,G@rvv{,5,19838,,,false,7
,G@rvv{,6,20048,,,false,7
,G@rvv{,7,19978,,,false,7
,G@rvv{,8,19768,,,false,7
,G@rvv{,9,19978,,,false,7
,G_Nrv{,0,22982,,,false,7
,G_Nrv{,1,20536,,,false,7
,G_Nrv{,2,19908,,,false,7
,G_Nrv{,3,20467,,,false,7
,G_Nrv{,4,20117,,,false,7
,G_Nrv{,5,19629,,,false,7
,G_Nrv{,6,20257,,,false,7
,G_Nrv{,7,20327,,,false,7
,G_Nrv{,8,19699,,,false,7
,G_Nrv{,9,19978,,,false,7
,GC]r^{,0,23890,,,false,7
,GC]r^{,1,21026,,,false,7
,GC]r^{,2,20606,,,false,7
,GC]r^{,3,20886,,,false,7
,GC]r^{,4,20397,,,false,7
,GC]r^{,5,20397,,,false,7
,GC]r^{,6,20257,,,false,7
,GC]r^{,7,20327,,,false,7
,GC]r^{,8,20466,,,false,7
,GC]r^{,9,20188,,,false,7
,G_Mzv{,0,22492,,,false,7
,G_Mzv{,1,20537,,,false,7
,G_Mzv{,2,20397,,,false,7
,G_Mzv{,3,28570,,,false,7
,G_Mzv{,4,19908,,,false,7
,G_Mzv{,5,20187,,,false,7
,G_Mzv{,6,19908,,,false,7
,G_Mzv{,7,19699,,,false,7
,G_Mzv{,8,20117,,,false,7
,G_Mzv{,9,20118,,,false,7
,G_[~n{,0,23750,,,false,7
,G_[~n{,1,20886,,,false,7
,G_[~n{,2,20536,,,false,7
,G_[~n{,3,20118,,,false,7
,G_[~n{,4,20048,,,false,7
,G_[~n{,5,20258,,,false,7
,G_[~n{,6,20396,,,false,7
,G_[~n{,7,20047,,,false,7
,G_[~n{,8,20467,,,false,7
,G_[~n{,9,19978,,,false,7
,G_Nr~{,0,22004,,,false,7
,G_Nr~{,1,20117,,,false,7
,G_Nr~{,2,20397,,,false,7
,G_Nr~{,3,20467,,,false,7
,G_Nr~{,4,20187,,,false,7
,G_Nr~{,5,19839,,,false,7
,G_Nr~{,6,19769,,,false,7
,G_Nr~{,7,20187,,,false,7
,G_Nr~{,8,20118,,,false,7
,G_Nr~{,9,19489,,,false,7
,GgEzv{,0,23401,,,false,7
,GgEzv{,1,21095,,,false,7
,GgEzv{,2,20187,,,false,7
,GgEzv{,3,20397,,,false,7
,GgEzv{,4,20397,,,false,7
,GgEzv{,5,20676,,,false,7
,GgEzv{,6,19978,,,false,7
,GgEzv{,7,20397,,,false,7
,GgEzv{,8,20047,,,false,7
,GgEzv{,9,20187,,,false,7
,G@pzv{,0,23400,,,false,7
,G@pzv{,1,21166,,,false,7
,G@pzv{,2,20466,,,false,7
,G@pzv{,3,20327,,,false,7
,G@pzv{,4,20537,,,false,7
,G@pzv{,5,20467,,,false,7
,G@pzv{,6,20327,,,false,7
,G@pzv{,7,20466,,,false,7
,G@pzv{,8,20117,,,false,7
,G@pzv{,9,20537,,,false,7
,G@lu^{,0,24728,,,false,7
,G@lu^{,1,21864,,,false,7
,G@lu^{,2,20955,,,false,7
,G@lu^{,3,21166,,,false,7
,G@lu^{,4,20816,,,false,7
,G@lu^{,5,20676,,,false,7
,G@lu^{,6,20607,,,false,7
,G@lu^{,7,21095,,,false,7
,G@lu^{,8,21026,,,false,7
,G@lu^{,9,20397,,,false,7
,G@p~v{,0,22423,,,false,7
,G@p~v{,1,21095,,,false,7
,G@p~v{,2,20048,,,false,7
,G@p~v{,3,19838,,,false,7
,G@p~v{,4,20397,,,false,7
,G@p~v{,5,19559,,,false,7
,G@p~v{,6,20397,,,false,7
,G@p~v{,7,20466,,,false,7
,G@p~v{,8,20118,,,false,7
,G@p~v{,9,20117,,,false,7
,G@r~v{,0,22353,,,false,7
,G@r~v{,1,20397,,,false,7
,G@r~v{,2,20397,,,false,7
,G@r~v{,3,20187,,,false,7
,G@r~v{,4,19838,,,false,7
,G@r~v{,5,19978,,,false,7
,G@r~v{,6,28640,,,false,7
,G@r~v{,7,20606,,,false,7
,G@r~v{,8,20118,,,false,7
,G@r~v{,9,19978,,,false,7
,Gw?W~{,0,23331,,,false,7
,Gw?W~{,1,19629,,,false,7
,Gw?W~{,2,19698,,,false,7
,Gw?W~{,3,18790,,,false,7
,Gw?W~{,4,19000,,,false,7
,Gw?W~{,5,18721,,,false,7
,Gw?W~{,6,19000,,,false,7
,Gw?W~{,7,18650,,,false,7
,Gw?W~{,8,19698,,,false,7
,Gw?W~{,9,19140,,,false,7
,G@ou^{,0,23401,,,false,7
,G@ou^{,1,20537,,,false,7
,G@ou^{,2,20257,,,false,7
,G@ou^{,3,20187,,,false,7
,G@ou^{,4,20257,,,false,7
,G@ou^{,5,20117,,,false,7
,G@ou^{,6,20048,,,false,7
,G@ou^{,7,19977,,,false,7
,G@ou^{,8,19978,,,false,7
,G@ou^{,9,20048,,,false,7
,GEGi~{,0,22842,,,false,7
,GEGi~{,1,19908,,,false,7
,GEGi~{,2,19977,,,false,7
,GEGi~{,3,20047,,,false,7
,GEGi~{,4,19280,,,false,7
,GEGi~{,5,19559,,,false,7
,GEGi~{,6,19629,,,false,7
,GEGi~{,7,19489,,,false,7
,GEGi~{,8,19419,,,false,7
,GEGi~{,9,19559,,,false,7
,GEGm~{,0,22493,,,false,7
,GEGm~{,1,20187,,,false,7
,GEGm~{,2,20397,,,false,7
,GEGm~{,3,19908,,,false,7
,GEGm~{,4,29059,,,false,7
,GEGm~{,5,19628,,,false,7
,GEGm~{,6,19978,,,false,7
,GEGm~{,7,19908,,,false,7
,GEGm~{,8,20117,,,false,7
,GEGm~{,9,19699,,,false,7
,G@Nmv{,0,24728,,,false,7
,G@Nmv{,1,22283,,,false,7
,G@Nmv{,2,21375,,,false,7
,G@Nmv{,3,21375,,,false,7
,G@Nmv{,4,20886,,,false,7
,G@Nmv{,5,21305,,,false,7
,G@Nmv{,6,20956,,,false,7
,G@Nmv{,7,21095,,,false,7
,G@Nmv{,8,21515,,,false,7
,G@Nmv{,9,20956,,,false,7
,G@Nm~{,0,23331,,,false,7
,G@Nm~{,1,22423,,,false,7
,G@Nm~{,2,21864,,,false,7
,G@Nm~{,3,21794,,,false,7
,G@Nm~{,4,22283,,,false,7
,G@Nm~{,5,21445,,,false,7
,G@Nm~{,6,22004,,,false,7
,G@Nm~{,7,21934,,,false,7
,G@Nm~{,8,21515,,,false,7
,G@Nm~{,9,21794,,,false,7
,GpHY~{,0,23401,,,false,7
,GpHY~{,1,20048,,,false,7
,GpHY~{,2,19279,,,false,7
,GpHY~{,3,19559,,,false,7
,GpHY~{,4,19629,,,false,7
,GpHY~{,5,19489,,,false,7
,GpHY~{,6,19419,,,false,7
,GpHY~{,7,19558,,,false,7
,GpHY~{,8,19140,,,false,7
,GpHY~{,9,19559,,,false,7
,G@vfn{,0,23819,,,false,7
,G@vfn{,1,21095,,,false,7
,G@vfn{,2,20467,,,false,7
,G@vfn{,3,20397,,,false,7
,G@vfn{,4,20466,,,false,7
,G@vfn{,5,20607,,,false,7
,G@vfn{,6,20536,,,false,7
,G@vfn{,7,20397,,,false,7
,G@vfn{,8,20397,,,false,7
,G@vfn{,9,20536,,,false,7
,G_lr~{,0,23610,,,false,7
,G_lr~{,1,20676,,,false,7
,G_lr~{,2,20118,,,false,7
,G_lr~{,3,20047,,,false,7
,G_lr~{,4,20607,,,false,7
,G_lr~{,5,20327,,,false,7
,G_lr~{,6,20536,,,false,7
,G_lr~{,7,20048,,,false,7
,G_lr~{,8,20187,,,false,7
,G_lr~{,9,20396,,,false,7
,GFY^^{,0,22842,,,false,7
,GFY^^{,1,21026,,,false,7
,GFY^^{,2,20606,,,false,7
,GFY^^{,3,20466,,,false,7
,GFY^^{,4,20397,,,false,7
,GFY^^{,5,20048,,,false,7
,GFY^^{,6,20537,,,false,7
,GFY^^{,7,20048,,,false,7
,GFY^^{,8,20327,,,false,7
,GFY^^{,9,20466,,,false,7
,GCx~n{,0,23820,,,false,7
,GCx~n{,1,21934,,,false,7
,GCx~n{,2,21863,,,false,7
,GCx~n{,3,20956,,,false,7
,GCx~n{,4,21515,,,false,7
,GCx~n{,5,28569,,,false,7
,GCx~n{,6,21585,,,false,7
,GCx~n{,7,21025,,,false,7
,GCx~n{,8,21375,,,false,7
,GCx~n{,9,20816,,,false,7
,GC|rn{,0,23889,,,false,7
,GC|rn{,1,21445,,,false,7
,GC|rn{,2,20816,,,false,7
,GC|rn{,3,20606,,,false,7
,GC|rn{,4,20607,,,false,7
,GC|rn{,5,20606,,,false,7
,GC|rn{,6,20327,,,false,7
,GC|rn{,7,20397,,,false,7
,GC|rn{,8,20606,,,false,7
,GC|rn{,9,20397,,,false,7
,GC^r~{,0,23820,,,false,7
,GC^r~{,1,21585,,,false,7
,GC^r~{,2,21025,,,false,7
,GC^r~{,3,21096,,,false,7
,GC^r~{,4,20886,,,false,7
,GC^r~{,5,21025,,,false,7
,GC^r~{,6,20956,,,false,7
,GC^r~{,7,21165,,,false,7
,GC^r~{,8,20747,,,false,7
,GC^r~{,9,21235,,,false,7
,GDxZn{,0,22004,,,false,7
,GDxZn{,1,20537,,,false,7
,GDxZn{,2,19908,,,false,7
,GDxZn{,3,20048,,,false,7
,GDxZn{,4,20117,,,false,7
,GDxZn{,5,20117,,,false,7
,GDxZn{,6,19419,,,false,7
,GDxZn{,7,19978,,,false,7
,GDxZn{,8,19559,,,false,7
,GDxZn{,9,19768,,,false,7
,G@^u~{,0,25636,,,false,7
,G@^u~{,1,32411,,,false,7
,G@^u~{,2,22283,,,false,7
,G@^u~{,3,21934,,,false,7
,G@^u~{,4,21514,,,false,7
,G@^u~{,5,21655,,,false,7
,G@^u~{,6,21444,,,false,7
,G@^u~{,7,21724,,,false,7
,G@^u~{,8,21515,,,false,7
,G@^u~{,9,21096,,,false,7
,G_}rn{,0,23820,,,false,7
,G_}rn{,1,20816,,,false,7
,G_}rn{,2,20955,,,false,7
,G_}rn{,3,21026,,,false,7
,G_}rn{,4,20606,,,false,7
,G_}rn{,5,20886,,,false,7
,G_}rn{,6,20886,,,false,7
,G_}rn{,7,20467,,,false,7
,G_}rn{,8,20397,,,false,7
,G_}rn{,9,20816,,,false,7
,GC~r~{,0,23890,,,false,7
,GC~r~{,1,21514,,,false,7
,GC~r~{,2,21026,,,false,7
,GC~r~{,3,20886,,,false,7
,GC~r~{,4,20886,,,false,7
,GC~r~{,5,20607,,,false,7
,GC~r~{,6,20956,,,false,7
,GC~r~{,7,21165,,,false,7
,GC~r~{,8,20956,,,false,7
,GC~r~{,9,20606,,,false,7
,GiIX~{,0,24867,,,false,7
,GiIX~{,1,21375,,,false,7
,GiIX~{,2,20397,,,false,7
,GiIX~{,3,20536,,,false,7
,GiIX~{,4,20676,,,false,7
,GiIX~{,5,20676,,,false,7
,GiIX~{,6,20746,,,false,7
,GiIX~{,7,20188,,,false,7
,GiIX~{,8,29198,,,false,7
,GiIX~{,9,20118,,,false,7
,GDdj^{,0,26264,,,false,7
,GDdj^{,1,21794,,,false,7
,GDdj^{,2,21375,,,false,7
,GDdj^{,3,21375,,,false,7
,GDdj^{,4,21166,,,false,7
,GDdj^{,5,21305,,,false,7
,GDdj^{,6,21444,,,false,7
,GDdj^{,7,21445,,,false,7
,GDdj^{,8,21096,,,false,7
,GDdj^{,9,21026,,,false,7
,GHpX~{,0,23331,,,false,7
,GHpX~{,1,20466,,,false,7
,GHpX~{,2,20188,,,false,7
,GHpX~{,3,20117,,,false,7
,GHpX~{,4,20187,,,false,7
,GHpX~{,5,19907,,,false,7
,GHpX~{,6,19628,,,false,7
,GHpX~{,7,19978,,,false,7
,GHpX~{,8,19419,,,false,7
,GHpX~{,9,20047,,,false,7
,GDLm^{,0,24867,,,false,7
,GDLm^{,1,21375,,,false,7
,GDLm^{,2,20816,,,false,7
,GDLm^{,3,20955,,,false,7
,GDLm^{,4,20467,,,false,7
,GDLm^{,5,20747,,,false,7
,GDLm^{,6,20467,,,false,7
,GDLm^{,7,20607,,,false,7
,GDLm^{,8,20606,,,false,7
,GDLm^{,9,20537,,,false,7
,GJQk~{,0,26125,,,false,7
,GJQk~{,1,22842,,,false,7
,GJQk~{,2,21864,,,false,7
,GJQk~{,3,30246,,,false,7
,GJQk~{,4,22073,,,false,7
,GJQk~{,5,21515,,,false,7
,GJQk~{,6,21375,,,false,7
,GJQk~{,7,21375,,,false,7
,GJQk~{,8,21934,,,false,7
,GJQk~{,9,21515,,,false,7
,GIdl~{,0,22842,,,false,7
,GIdl~{,1,20817,,,false,7
,GIdl~{,2,19489,,,false,7
,GIdl~{,3,20048,,,false,7
,GIdl~{,4,19489,,,false,7
,GIdl~{,5,19977,,,false,7
,GIdl~{,6,19629,,,false,7
,GIdl~{,7,19628,,,false,7
,GIdl~{,8,19977,,,false,7
,GIdl~{,9,20048,,,false,7
,GBiZ~{,0,23051,,,false,7
,GBiZ~{,1,21026,,,false,7
,GBiZ~{,2,20257,,,false,7
,GBiZ~{,3,20397,,,false,7
,GBiZ~{,4,20118,,,false,7
,GBiZ~{,5,20466,,,false,7
,GBiZ~{,6,20397,,,false,7
,GBiZ~{,7,20048,,,false,7
,GBiZ~{,8,20117,,,false,7
,GBiZ~{,9,19978,,,false,7
,GAlv^{,0,23819,,,false,7
,GAlv^{,1,21026,,,false,7
,GAlv^{,2,20956,,,false,7
,GAlv^{,3,20187,,,false,7
,GAlv^{,4,20467,,,false,7
,GAlv^{,5,20606,,,false,7
,GAlv^{,6,20048,,,false,7
,GAlv^{,7,20467,,,false,7
,GAlv^{,8,20397,,,false,7
,GAlv^{,9,21026,,,false,7
,GA\t~{,0,25217,,,false,7
,GA\t~{,1,21794,,,false,7
,GA\t~{,2,21096,,,false,7
,GA\t~{,3,20955,,,false,7
,GA\t~{,4,21305,,,false,7
,GA\t~{,5,21515,,,false,7
,GA\t~{,6,21025,,,false,7
,GA\t~{,7,21096,,,false,7
,GA\t~{,8,21375,,,false,7
,GA\t~{,9,21374,,,false,7
,G@lu~{,0,24518,,,false,7
,G@lu~{,1,21863,,,false,7
,G@lu~{,2,20956,,,false,7
,G@lu~{,3,20956,,,false,7
,G@lu~{,4,20606,,,false,7
,G@lu~{,5,21026,,,false,7
,G@lu~{,6,20956,,,false,7
,G@lu~{,7,20885,,,false,7
,G@lu~{,8,21026,,,false,7
,G@lu~{,9,20676,,,false,7
,GMhX~{,0,20676,,,false,7
,GMhX~{,1,19838,,,false,7
,GMhX~{,2,18721,,,false,7
,GMhX~{,3,19489,,,false,7
,GMhX~{,4,19419,,,false,7
,GMhX~{,5,19140,,,false,7
,GMhX~{,6,18651,,,false,7
,GMhX~{,7,18931,,,false,7
,GMhX~{,8,19070,,,false,7
,GMhX~{,9,18721,,,false,7
,GRW}~{,0,22283,,,false,7
,GRW}~{,1,20187,,,false,7
,GRW}~{,2,20118,,,false,7
,GRW}~{,3,20118,,,false,7
,GRW}~{,4,19488,,,false,7
,GRW}~{,5,19908,,,false,7
,GRW}~{,6,28151,,,false,7
,GRW}~{,7,20047,,,false,7
,GRW}~{,8,20188,,,false,7
,GRW}~{,9,19559,,,false,7
,GBZ\~{,0,23680,,,false,7
,GBZ\~{,1,21584,,,false,7
,GBZ\~{,2,21026,,,false,7
,GBZ\~{,3,21444,,,false,7
,GBZ\~{,4,20886,,,false,7
,GBZ\~{,5,20956,,,false,7
,GBZ\~{,6,21095,,,false,7
,GBZ\~{,7,21096,,,false,7
,GBZ\~{,8,20886,,,false,7
,GBZ\~{,9,21305,,,false,7
,GRWy~{,0,20956,,,false,7
,GRWy~{,1,19489,,,false,7
,GRWy~{,2,19069,,,false,7
,GRWy~{,3,19210,,,false,7
,GRWy~{,4,19628,,,false,7
,GRWy~{,5,18930,,,false,7
,GRWy~{,6,19070,,,false,7
,GRWy~{,7,19139,,,false,7
,GRWy~{,8,19559,,,false,7
,GRWy~{,9,19349,,,false,7
,GJXX~{,0,25216,,,false,7
,GJXX~{,1,22352,,,false,7
,GJXX~{,2,21375,,,false,7
,GJXX~{,3,21864,,,false,7
,GJXX~{,4,21514,,,false,7
,GJXX~{,5,21515,,,false,7
,GJXX~{,6,21584,,,false,7
,GJXX~{,7,21794,,,false,7
,GJXX~{,8,21794,,,false,7
,GJXX~{,9,21864,,,false,7
,GIL~v{,0,24378,,,false,7
,GIL~v{,1,21445,,,false,7
,GIL~v{,2,27662,,,false,7
,GIL~v{,3,21375,,,false,7
,GIL~v{,4,20956,,,false,7
,GIL~v{,5,21445,,,false,7
,GIL~v{,6,21095,,,false,7
,GIL~v{,7,21026,,,false,7
,GIL~v{,8,21235,,,false,7
,GIL~v{,9,21305,,,false,7
,GIN~v{,0,22842,,,false,7
,GIN~v{,1,21445,,,false,7
,GIN~v{,2,20956,,,false,7
,GIN~v{,3,21025,,,false,7
,GIN~v{,4,20537,,,false,7
,GIN~v{,5,21025,,,false,7
,GIN~v{,6,20816,,,false,7
,GIN~v{,7,20886,,,false,7
,GIN~v{,8,20676,,,false,7
,GIN~v{,9,20816,,,false,7
,GINT^{,0,23750,,,false,7
,GINT^{,1,21095,,,false,7
,GINT^{,2,20607,,,false,7
,GINT^{,3,20048,,,false,7
,GINT^{,4,20397,,,false,7
,GINT^{,5,20537,,,false,7
,GINT^{,6,20187,,,false,7
,GINT^{,7,20048,,,false,7
,GINT^{,8,20187,,,false,7
,GINT^{,9,20397,,,false,7
,G`XX~{,0,21933,,,false,7
,G`XX~{,1,19908,,,false,7
,G`XX~{,2,19140,,,false,7
,G`XX~{,3,19629,,,false,7
,G`XX~{,4,19139,,,false,7
,G`XX~{,5,19419,,,false,7
,G`XX~{,6,19070,,,false,7
,G`XX~{,7,19768,,,false,7
,G`XX~{,8,19279,,,false,7
,G`XX~{,9,19349,,,false,7
,GBpl~{,0,24238,,,false,7
,GBpl~{,1,21096,,,false,7
,GBpl~{,2,20118,,,false,7
,GBpl~{,3,20606,,,false,7
,GBpl~{,4,20327,,,false,7
,GBpl~{,5,19978,,,false,7
,GBpl~{,6,20187,,,false,7
,GBpl~{,7,20397,,,false,7
,GBpl~{,8,20187,,,false,7
,GBpl~{,9,20118,,,false,7
,G`X\~{,0,21934,,,false,7
,G`X\~{,1,19908,,,false,7
,G`X\~{,2,19559,,,false,7
,G`X\~{,3,20117,,,false,7
,G`X\~{,4,19629,,,false,7
,G`X\~{,5,19908,,,false,7
,G`X\~{,6,18999,,,false,7
,G`X\~{,7,19350,,,false,7
,G`X\~{,8,19768,,,false,7
,G`X\~{,9,19559,,,false,7
,GqSp^{,0,23890,,,false,7
,GqSp^{,1,20117,,,false,7
,GqSp^{,2,19838,,,false,7
,GqSp^{,3,19489,,,false,7
,GqSp^{,4,19628,,,false,7
,GqSp^{,5,19629,,,false,7
,GqSp^{,6,19419,,,false,7
,GqSp^{,7,19558,,,false,7
,GqSp^{,8,19069,,,false,7
,GqSp^{,9,19769,,,false,7
,GoS~f{,0,23261,,,false,7
,GoS~f{,1,21025,,,false,7
,GoS~f{,2,20118,,,false,7
,GoS~f{,3,19978,,,false,7
,GoS~f{,4,19908,,,false,7
,GoS~f{,5,19978,,,false,7
,GoS~f{,6,27243,,,false,7
,GoS~f{,7,20536,,,false,7
,GoS~f{,8,20188,,,false,7
,GoS~f{,9,20466,,,false,7
,GqHX~{,0,22422,,,false,7
,GqHX~{,1,20537,,,false,7
,GqHX~{,2,20397,,,false,7
,GqHX~{,3,19559,,,false,7
,GqHX~{,4,19629,,,false,7
,GqHX~{,5,19559,,,false,7
,GqHX~{,6,19768,,,false,7
,GqHX~{,7,20257,,,false,7
,GqHX~{,8,19698,,,false,7
,GqHX~{,9,19559,,,false,7
,GhFH~{,0,21864,,,false,7
,GhFH~{,1,20048,,,false,7
,GhFH~{,2,19629,,,false,7
,GhFH~{,3,19488,,,false,7
,GhFH~{,4,19419,,,false,7
,GhFH~{,5,19629,,,false,7
,GhFH~{,6,19768,,,false,7
,GhFH~{,7,19768,,,false,7
,GhFH~{,8,19559,,,false,7
,GhFH~{,9,19140,,,false,7
,GaMjn{,0,21794,,,false,7
,GaMjn{,1,19978,,,false,7
,GaMjn{,2,19628,,,false,7
,GaMjn{,3,19699,,,false,7
,GaMjn{,4,19908,,,false,7
,GaMjn{,5,19419,,,false,7
,GaMjn{,6,19699,,,false,7
,GaMjn{,7,19419,,,false,7
,GaMjn{,8,19279,,,false,7
,GaMjn{,9,19699,,,false,7
,GIMk~{,0,23890,,,false,7
,GIMk~{,1,21025,,,false,7
,GIMk~{,2,20397,,,false,7
,GIMk~{,3,30526,,,false,7
,GIMk~{,4,20327,,,false,7
,GIMk~{,5,20467,,,false,7
,GIMk~{,6,20467,,,false,7
,GIMk~{,7,20257,,,false,7
,GIMk~{,8,20048,,,false,7
,GIMk~{,9,20536,,,false,7
,G`Vd~{,0,22981,,,false,7
,G`Vd~{,1,20397,,,false,7
,G`Vd~{,2,20467,,,false,7
,G`Vd~{,3,20117,,,false,7
,G`Vd~{,4,20187,,,false,7
,G`Vd~{,5,20257,,,false,7
,G`Vd~{,6,19908,,,false,7
,G`Vd~{,7,19629,,,false,7
,G`Vd~{,8,19978,,,false,7
,G`Vd~{,9,19419,,,false,7
,GQlu^{,0,22492,,,false,7
,GQlu^{,1,20606,,,false,7
,GQlu^{,2,19978,,,false,7
,GQlu^{,3,20397,,,false,7
,GQlu^{,4,20117,,,false,7
,GQlu^{,5,19699,,,false,7
,GQlu^{,6,19768,,,false,7
,GQlu^{,7,19628,,,false,7
,GQlu^{,8,20118,,,false,7
,GQlu^{,9,19489,,,false,7
,GdSz^{,0,22423,,,false,7
,GdSz^{,1,20118,,,false,7
,GdSz^{,2,19698,,,false,7
,GdSz^{,3,19419,,,false,7
,GdSz^{,4,19419,,,false,7
,GdSz^{,5,19698,,,false,7
,GdSz^{,6,19419,,,false,7
,GdSz^{,7,19769,,,false,7
,GdSz^{,8,19698,,,false,7
,GdSz^{,9,19629,,,false,7
,GKszn{,0,30037,,,false,7
,GKszn{,1,20467,,,false,7
,GKszn{,2,20397,,,false,7
,GKszn{,3,20048,,,false,7
,GKszn{,4,19768,,,false,7
,GKszn{,5,19280,,,false,7
,GKszn{,6,19769,,,false,7
,GKszn{,7,20117,,,false,7
,GKszn{,8,19559,,,false,7
,GKszn{,9,19419,,,false,7
,GbM^^{,0,22912,,,false,7
,GbM^^{,1,21095,,,false,7
,GbM^^{,2,20467,,,false,7
,GbM^^{,3,19908,,,false,7
,GbM^^{,4,20467,,,false,7
,GbM^^{,5,19977,,,false,7
,GbM^^{,6,19769,,,false,7
,GbM^^{,7,19978,,,false,7
,GbM^^{,8,20188,,,false,7
,GbM^^{,9,20047,,,false,7
,GQqz~{,0,22283,,,false,7
,GQqz~{,1,20956,,,false,7
,GQqz~{,2,20118,,,false,7
,GQqz~{,3,20118,,,false,7
,GQqz~{,4,20397,,,false,7
,GQqz~{,5,20397,,,false,7
,GQqz~{,6,20048,,,false,7
,GQqz~{,7,20467,,,false,7
,GQqz~{,8,19908,,,false,7
,GQqz~{,9,20537,,,false,7
,GDlr^{,0,24937,,,false,7
,GDlr^{,1,21445,,,false,7
,GDlr^{,2,20817,,,false,7
,GDlr^{,3,20886,,,false,7
,GDlr^{,4,20677,,,false,7
,GDlr^{,5,20886,,,false,7
,GDlr^{,6,21095,,,false,7
,GDlr^{,7,20956,,,false,7
,GDlr^{,8,30106,,,false,7
,GDlr^{,9,21026,,,false,7
,GP\^n{,0,23890,,,false,7
,GP\^n{,1,21095,,,false,7
,GP\^n{,2,20886,,,false,7
,GP\^n{,3,20816,,,false,7
,GP\^n{,4,20467,,,false,7
,GP\^n{,5,20537,,,false,7
,GP\^n{,6,20886,,,false,7
,GP\^n{,7,20956,,,false,7
,GP\^n{,8,20118,,,false,7
,GP\^n{,9,20536,,,false,7
,Golq~{,0,23261,,,false,7
,Golq~{,1,20886,,,false,7
,Golq~{,2,20537,,,false,7
,Golq~{,3,20397,,,false,7
,Golq~{,4,20676,,,false,7
,Golq~{,5,20048,,,false,7
,Golq~{,6,20117,,,false,7
,Golq~{,7,19978,,,false,7
,Golq~{,8,19908,,,false,7
,Golq~{,9,20047,,,false,7
,GElr^{,0,23540,,,false,7
,GElr^{,1,20956,,,false,7
,GElr^{,2,20816,,,false,7
,GElr^{,3,20397,,,false,7
,GElr^{,4,20536,,,false,7
,GElr^{,5,20956,,,false,7
,GElr^{,6,20816,,,false,7
,GElr^{,7,20536,,,false,7
,GElr^{,8,20607,,,false,7
,GElr^{,9,20537,,,false,7
,GEhzv{,0,22283,,,false,7
,GEhzv{,1,20816,,,false,7
,GEhzv{,2,21025,,,false,7
,GEhzv{,3,20467,,,false,7
,GEhzv{,4,20886,,,false,7
,GEhzv{,5,20816,,,false,7
,GEhzv{,6,20536,,,false,7
,GEhzv{,7,20536,,,false,7
,GEhzv{,8,20607,,,false,7
,GEhzv{,9,20466,,,false,7
,GDZ^v{,0,23331,,,false,7
,GDZ^v{,1,21165,,,false,7
,GDZ^v{,2,20886,,,false,7
,GDZ^v{,3,20677,,,false,7
,GDZ^v{,4,20537,,,false,7
,GDZ^v{,5,20607,,,false,7
,GDZ^v{,6,20606,,,false,7
,GDZ^v{,7,20886,,,false,7
,GDZ^v{,8,20467,,,false,7
,GDZ^v{,9,20955,,,false,7
,GDZ~v{,0,22422,,,false,7
,GDZ~v{,1,21166,,,false,7
,GDZ~v{,2,20886,,,false,7
,GDZ~v{,3,20536,,,false,7
,GDZ~v{,4,20397,,,false,7
,GDZ~v{,5,20886,,,false,7
,GDZ~v{,6,20956,,,false,7
,GDZ~v{,7,20118,,,false,7
,GDZ~v{,8,20606,,,false,7
,GDZ~v{,9,21864,,,false,7
,GRX\~{,0,22842,,,false,7
,GRX\~{,1,21165,,,false,7
,GRX\~{,2,19908,,,false,7
,GRX\~{,3,20467,,,false,7
,GRX\~{,4,20047,,,false,7
,GRX\~{,5,20118,,,false,7
,GRX\~{,6,20606,,,false,7
,GRX\~{,7,20327,,,false,7
,GRX\~{,8,20048,,,false,7
,GRX\~{,9,20117,,,false,7
,Gq\t~{,0,31014,,,false,7
,Gq\t~{,1,20955,,,false,7
,Gq\t~{,2,20188,,,false,7
,Gq\t~{,3,20466,,,false,7
,Gq\t~{,4,20118,,,false,7
,Gq\t~{,5,20117,,,false,7
,Gq\t~{,6,19839,,,false,7
,Gq\t~{,7,20048,,,false,7
,Gq\t~{,8,19629,,,false,7
,Gq\t~{,9,20117,,,false,7
,GS\~f{,0,23191,,,false,7
,GS\~f{,1,20956,,,false,7
,GS\~f{,2,20536,,,false,7
,GS\~f{,3,20467,,,false,7
,GS\~f{,4,19978,,,false,7
,GS\~f{,5,20118,,,false,7
,GS\~f{,6,20048,,,false,7
,GS\~f{,7,20537,,,false,7
,GS\~f{,8,19978,,,false,7
,GS\~f{,9,20047,,,false,7
,GIm~n{,0,21724,,,false,7
,GIm~n{,1,20676,,,false,7
,GIm~n{,2,20537,,,false,7
,GIm~n{,3,20117,,,false,7
,GIm~n{,4,19978,,,false,7
,GIm~n{,5,19908,,,false,7
,GIm~n{,6,19977,,,false,7
,GIm~n{,7,20118,,,false,7
,GIm~n{,8,20047,,,false,7
,GIm~n{,9,19908,,,false,7
,GI~t~{,0,24029,,,false,7
,GI~t~{,1,21444,,,false,7
,GI~t~{,2,20956,,,false,7
,GI~t~{,3,21375,,,false,7
,GI~t~{,4,20606,,,false,7
,GI~t~{,5,21096,,,false,7
,GI~t~{,6,20536,,,false,7
,GI~t~{,7,28151,,,false,7
,GI~t~{,8,20816,,,false,7
,GI~t~{,9,20816,,,false,7
,GJZ\~{,0,26055,,,false,7
,GJZ\~{,1,23401,,,false,7
,GJZ\~{,2,22911,,,false,7
,GJZ\~{,3,22912,,,false,7
,GJZ\~{,4,22772,,,false,7
,GJZ\~{,5,22772,,,false,7
,GJZ\~{,6,22423,,,false,7
,GJZ\~{,7,22912,,,false,7
,GJZ\~{,8,23051,,,false,7
,GJZ\~{,9,22213,,,false,7
,GdX\~{,0,22493,,,false,7
,GdX\~{,1,20117,,,false,7
,GdX\~{,2,20117,,,false,7
,GdX\~{,3,19978,,,false,7
,GdX\~{,4,19559,,,false,7
,GdX\~{,5,19628,,,false,7
,GdX\~{,6,19210,,,false,7
,GdX\~{,7,19908,,,false,7
,GdX\~{,8,19489,,,false,7
,GdX\~{,9,19559,,,false,7
,GD^vV{,0,23750,,,false,7
,GD^vV{,1,21445,,,false,7
,GD^vV{,2,21025,,,false,7
,GD^vV{,3,20537,,,false,7
,GD^vV{,4,20955,,,false,7
,GD^vV{,5,20397,,,false,7
,GD^vV{,6,20956,,,false,7
,GD^vV{,7,20676,,,false,7
,GD^vV{,8,21096,,,false,7
,GD^vV{,9,20676,,,false,7
,GD^v^{,0,22003,,,false,7
,GD^v^{,1,21096,,,false,7
,GD^v^{,2,29966,,,false,7
,GD^v^{,3,21026,,,false,7
,GD^v^{,4,21444,,,false,7
,GD^v^{,5,21305,,,false,7
,GD^v^{,6,20886,,,false,7
,GD^v^{,7,20676,,,false,7
,GD^v^{,8,21375,,,false,7
,GD^v^{,9,20677,,,false,7
,G}ox~{,0,23960,,,false,7
,G}ox~{,1,22003,,,false,7
,G}ox~{,2,21515,,,false,7
,G}ox~{,3,21375,,,false,7
,G}ox~{,4,21863,,,false,7
,G}ox~{,5,21445,,,false,7
,G}ox~{,6,21654,,,false,7
,G}ox~{,7,21374,,,false,7
,G}ox~{,8,21585,,,false,7
,G}ox~{,9,21444,,,false,7
,G]qz~{,0,21584,,,false,7
,G]qz~{,1,20117,,,false,7
,G]qz~{,2,19908,,,false,7
,G]qz~{,3,19978,,,false,7
,G]qz~{,4,19209,,,false,7
,G]qz~{,5,19629,,,false,7
,G]qz~{,6,19768,,,false,7
,G]qz~{,7,19419,,,false,7
,G]qz~{,8,19559,,,false,7
,G]qz~{,9,19419,,,false,7
,GF~v^{,0,23051,,,false,7
,GF~v^{,1,21514,,,false,7
,GF~v^{,2,21096,,,false,7
,GF~v^{,3,20955,,,false,7
,GF~v^{,4,20886,,,false,7
,GF~v^{,5,21445,,,false,7
,GF~v^{,6,21165,,,false,7
,GF~v^{,7,20816,,,false,7
,GF~v^{,8,21375,,,false,7
,GF~v^{,9,28570,,,false,7
,GTPH~{,0,24798,,,false,7
,GTPH~{,1,20536,,,false,7
,GTPH~{,2,20188,,,false,7
,GTPH~{,3,19978,,,false,7
,GTPH~{,4,19838,,,false,7
,GTPH~{,5,20048,,,false,7
,GTPH~{,6,20048,,,false,7
,GTPH~{,7,19698,,,false,7
,GTPH~{,8,19559,,,false,7
,GTPH~{,9,20117,,,false,7
,G`S~^{,0,23330,,,false,7
,G`S~^{,1,20886,,,false,7
,G`S~^{,2,20467,,,false,7
,G`S~^{,3,20117,,,false,7
,G`S~^{,4,20188,,,false,7
,G`S~^{,5,20187,,,false,7
,G`S~^{,6,19908,,,false,7
,G`S~^{,7,20607,,,false,7
,G`S~^{,8,20467,,,false,7
,G`S~^{,9,19908,,,false,7
,GwDXv{,0,22911,,,false,7
,GwDXv{,1,20677,,,false,7
,GwDXv{,2,19908,,,false,7
,GwDXv{,3,20397,,,false,7
,GwDXv{,4,20118,,,false,7
,GwDXv{,5,20467,,,false,7
,GwDXv{,6,19768,,,false,7
,GwDXv{,7,20048,,,false,7
,GwDXv{,8,20117,,,false,7
,GwDXv{,9,20048,,,false,7
,G`NJn{,0,22283,,,false,7
,G`NJn{,1,20397,,,false,7
,G`NJn{,2,19908,,,false,7
,G`NJn{,3,20117,,,false,7
,G`NJn{,4,19769,,,false,7
,G`NJn{,5,30316,,,false,7
,G`NJn{,6,19489,,,false,7
,G`NJn{,7,19978,,,false,7
,G`NJn{,8,19629,,,false,7
,G`NJn{,9,19628,,,false,7
,GQMi~{,0,22772,,,false,7
,GQMi~{,1,20466,,,false,7
,GQMi~{,2,20607,,,false,7
,GQMi~{,3,20117,,,false,7
,GQMi~{,4,19768,,,false,7
,GQMi~{,5,20328,,,false,7
,GQMi~{,6,19628,,,false,7
,GQMi~{,7,19489,,,false,7
,GQMi~{,8,19908,,,false,7
,GQMi~{,9,19628,,,false,7
,GKdzv{,0,23470,,,false,7
,GKdzv{,1,20886,,,false,7
,GKdzv{,2,20327,,,false,7
,GKdzv{,3,20536,,,false,7
,GKdzv{,4,20047,,,false,7
,GKdzv{,5,20188,,,false,7
,GKdzv{,6,19978,,,false,7
,GKdzv{,7,20607,,,false,7
,GKdzv{,8,20117,,,false,7
,GKdzv{,9,20397,,,false,7
,Gqox~{,0,24867,,,false,7
,Gqox~{,1,22423,,,false,7
,Gqox~{,2,21654,,,false,7
,Gqox~{,3,21725,,,false,7
,Gqox~{,4,21166,,,false,7
,Gqox~{,5,21514,,,false,7
,Gqox~{,6,21515,,,false,7
,Gqox~{,7,21444,,,false,7
,Gqox~{,8,21864,,,false,7
,Gqox~{,9,21794,,,false,7
,GqLzv{,0,22842,,,false,7
,GqLzv{,1,20886,,,false,7
,GqLzv{,2,20117,,,false,7
,GqLzv{,3,19978,,,false,7
,GqLzv{,4,19908,,,false,7
,GqLzv{,5,20047,,,false,7
,GqLzv{,6,20118,,,false,7
,GqLzv{,7,19629,,,false,7
,GqLzv{,8,19839,,,false,7
,GqLzv{,9,19978,,,false,7
,G??ZCS,0,13342,,,false,3
,G??ZCS,1,10059,,,false,3
,G??ZCS,2,9500,,,false,3
,G??ZCS,3,9221,,,false,3
,G??ZCS,4,9360,,,false,3
,G??ZCS,5,9430,,,false,3
,G??ZCS,6,9081,,,false,3
,G??ZCS,7,8941,,,false,3
,G??ZCS,8,9151,,,false,3
,G??ZCS,9,9080,,,false,3
,G?hTrk,0,28151,,,false,7
,G?hTrk,1,22003,,,false,7
,G?hTrk,2,20886,,,false,7
,G?hTrk,3,20537,,,false,7
,G?hTrk,4,20466,,,false,7
,G?hTrk,5,20747,,,false,7
,G?hTrk,6,20676,,,false,7
,G?hTrk,7,20746,,,false,7
,G?hTrk,8,20607,,,false,7
,G?hTrk,9,20536,,,false,7
,G`?KzW,0,23750,,,false,7
,G`?KzW,1,19558,,,false,7
,G`?KzW,2,19210,,,false,7
,G`?KzW,3,19139,,,false,7
,G`?KzW,4,18930,,,false,7
,G`?KzW,5,19559,,,false,7
,G`?KzW,6,18581,,,false,7
,G`?KzW,7,18720,,,false,7
,G`?KzW,8,19140,,,false,7
,G`?KzW,9,18720,,,false,7
,GKS~\{,0,24448,,,false,7
,GKS~\{,1,31504,,,false,7
,GKS~\{,2,20956,,,false,7
,GKS~\{,3,20397,,,false,7
,GKS~\{,4,19978,,,false,7
,GKS~\{,5,20257,,,false,7
,GKS~\{,6,19769,,,false,7
,GKS~\{,7,19489,,,false,7
,GKS~\{,8,20188,,,false,7
,GKS~\{,9,19558,,,false,7
,GGF~vo,0,24169,,,false,7
,GGF~vo,1,21444,,,false,7
,GGF~vo,2,21026,,,false,7
,GGF~vo,3,20676,,,false,7
,GGF~vo,4,21933,,,false,7
,GGF~vo,5,20746,,,false,7
,GGF~vo,6,20397,,,false,7
,GGF~vo,7,20188,,,false,7
,GGF~vo,8,20467,,,false,7
,GGF~vo,9,20396,,,false,7
,G@hZCc,0,26195,,,false,7
,G@hZCc,1,21026,,,false,7
,G@hZCc,2,20048,,,false,7
,G@hZCc,3,19908,,,false,7
,G@hZCc,4,19977,,,false,7
,G@hZCc,5,20467,,,false,7
,G@hZCc,6,19838,,,false,7
,G@hZCc,7,19559,,,false,7
,G@hZCc,8,19629,,,false,7
,G@hZCc,9,20117,,,false,7
,G?@Hdo,0,18511,,,false,3
,G?@Hdo,1,15437,,,false,3
,G?@Hdo,2,15298,,,false,3
,G?@Hdo,3,15647,,,false,3
,G?@Hdo,4,15018,,,false,3
,G?@Hdo,5,14529,,,false,3
,G?@Hdo,6,14808,,,false,3
,G?@Hdo,7,14530,,,false,3
,G?@Hdo,8,14878,,,false,3
,G?@Hdo,9,15158,,,false,3
,G?XPc[,0,35835,,,false,7
,G?XPc[,1,21444,,,false,7
,G?XPc[,2,20397,,,false,7
,G?XPc[,3,20467,,,false,7
,G?XPc[,4,20676,,,false,7
,G?XPc[,5,20607,,,false,7
,G?XPc[,6,21165,,,false,7
,G?XPc[,7,20118,,,false,7
,G?XPc[,8,20117,,,false,7
,G?XPc[,9,19978,,,false,7
,G???^g,0,13341,,,false,3
,G???^g,1,12364,,,false,3
,G???^g,2,11456,,,false,3
,G???^g,3,11945,,,false,3
,G???^g,4,11525,,,false,3
,G???^g,5,11944,,,false,3
,G???^g,6,11526,,,false,3
,G???^g,7,11386,,,false,3
,G???^g,8,11595,,,false,3
,G???^g,9,11666,,,false,3
,GAI?g[,0,19628,,,false,3
,GAI?g[,1,16066,,,false,3
,GAI?g[,2,15298,,,false,3
,GAI?g[,3,15717,,,false,3
,GAI?g[,4,15158,,,false,3
,GAI?g[,5,14879,,,false,3
,GAI?g[,6,15228,,,false,3
,GAI?g[,7,15787,,,false,3
,GAI?g[,8,15297,,,false,3
,GAI?g[,9,15088,,,false,3
,G?@PSo,0,14599,,,false,3
,G?@PSo,1,13272,,,false,3
,G?@PSo,2,13272,,,false,3
,G?@PSo,3,13341,,,false,3
,G?@PSo,4,12922,,,false,3
,G?@PSo,5,12853,,,false,3
,G?@PSo,6,12923,,,false,3
,G?@PSo,7,12783,,,false,3
,G?@PSo,8,12992,,,false,3
,G?@PSo,9,12853,,,false,3
,G?Oc_w,0,22003,,,false,3
,G?Oc_w,1,18302,,,false,3
,G?Oc_w,2,17393,,,false,3
,G?Oc_w,3,17114,,,false,3
,G?Oc_w,4,17184,,,false,3
,G?Oc_w,5,27661,,,false,3
,G?Oc_w,6,17533,,,false,3
,G?Oc_w,7,17254,,,false,3
,G?Oc_w,8,17183,,,false,3
,G?Oc_w,9,17044,,,false,3
,G_D`Gs,0,10548,,,false,3
,G_D`Gs,1,9570,,,false,3
,G_D`Gs,2,8522,,,false,3
,G_D`Gs,3,8732,,,false,3
,G_D`Gs,4,8452,,,false,3
,G_D`Gs,5,8662,,,false,3
,G_D`Gs,6,8662,,,false,3
,G_D`Gs,7,8383,,,false,3
,G_D`Gs,8,8591,,,false,3
,G_D`Gs,9,8662,,,false,3
,G@`AXk,0,27242,,,false,3
,G@`AXk,1,22353,,,false,3
,G@`AXk,2,21794,,,false,3
,G@`AXk,3,21933,,,false,3
,G@`AXk,4,21515,,,false,3
,G@`AXk,5,21165,,,false,3
,G@`AXk,6,21445,,,false,3
,G@`AXk,7,21235,,,false,3
,G@`AXk,8,21305,,,false,3
,G@`AXk,9,21585,,,false,3
,GHdu\{,0,24728,,,false,7
,GHdu\{,1,20397,,,false,7
,GHdu\{,2,19559,,,false,7
,GHdu\{,3,19629,,,false,7
,GHdu\{,4,19559,,,false,7
,GHdu\{,5,19349,,,false,7
,GHdu\{,6,19070,,,false,7
,GHdu\{,7,19489,,,false,7
,GHdu\{,8,19279,,,false,7
,GHdu\{,9,19559,,,false,7
,GAh`ks,0,23890,,,false,7
,GAh`ks,1,20117,,,false,7
,GAh`ks,2,19000,,,false,7
,GAh`ks,3,19000,,,false,7
,GAh`ks,4,19140,,,false,7
,GAh`ks,5,18720,,,false,7
,GAh`ks,6,28360,,,false,7
,GAh`ks,7,18790,,,false,7
,GAh`ks,8,18791,,,false,7
,GAh`ks,9,19140,,,false,7
,GCSXJC,0,41982,,,false,7
,GCSXJC,1,34367,,,false,7
,GCSXJC,2,32901,,,false,7
,GCSXJC,3,32900,,,false,7
,GCSXJC,4,32691,,,false,7
,GCSXJC,5,32970,,,false,7
,GCSXJC,6,32482,,,false,7
,GCSXJC,7,32900,,,false,7
,GCSXJC,8,31853,,,false,7
,GCSXJC,9,32411,,,false,7
,G?qaho,0,24937,,,false,7
,G?qaho,1,20955,,,false,7
,G?qaho,2,20188,,,false,7
,G?qaho,3,20467,,,false,7
,G?qaho,4,20188,,,false,7
,G?qaho,5,19628,,,false,7
,G?qaho,6,19908,,,false,7
,G?qaho,7,19559,,,false,7
,G?qaho,8,20117,,,false,7
,G?qaho,9,20187,,,false,7
,G@?La[,0,17463,,,false,3
,G@?La[,1,14808,,,false,3
,G@?La[,2,14111,,,false,3
,G@?La[,3,13970,,,false,3
,G@?La[,4,13691,,,false,3
,G@?La[,5,13482,,,false,3
,G@?La[,6,13272,,,false,3
,G@?La[,7,13411,,,false,3
,G@?La[,8,13272,,,false,3
,G@?La[,9,13272,,,false,3
,GqKsY[,0,33319,,,false,7
,GqKsY[,1,19629,,,false,7
,GqKsY[,2,18581,,,false,7
,GqKsY[,3,18371,,,false,7
,GqKsY[,4,18720,,,false,7
,GqKsY[,5,18651,,,false,7
,GqKsY[,6,18022,,,false,7
,GqKsY[,7,18650,,,false,7
,GqKsY[,8,18720,,,false,7
,GqKsY[,9,18092,,,false,7
,G???~G,0,10617,,,false,3
,G???~G,1,8452,,,false,3
,G???~G,2,8173,,,false,3
,G???~G,3,8103,,,false,3
,G???~G,4,7963,,,false,3
,G???~G,5,7753,,,false,3
,G???~G,6,8033,,,false,3
,G???~G,7,8103,,,false,3
,G???~G,8,7684,,,false,3
,G???~G,9,8173,,,false,3
,G?GQKo,0,17533,,,false,3
,G?GQKo,1,14809,,,false,3
,G?GQKo,2,14460,,,false,3
,G?GQKo,3,13761,,,false,3
,G?GQKo,4,13970,,,false,3
,G?GQKo,5,13761,,,false,3
,G?GQKo,6,14390,,,false,3
,G?GQKo,7,13831,,,false,3
,G?GQKo,8,13761,,,false,3
,G?GQKo,9,13971,,,false,3
,G@??OK,0,8662,,,false,3
,G@??OK,1,7055,,,false,3
,G@??OK,2,6636,,,false,3
,G@??OK,3,6776,,,false,3
,G@??OK,4,7125,,,false,3
,G@??OK,5,6566,,,false,3
,G@??OK,6,6775,,,false,3
,G@??OK,7,6706,,,false,3
,G@??OK,8,6566,,,false,3
,G@??OK,9,7265,,,false,3
,G??_uK,0,11525,,,false,3
,G??_uK,1,9500,,,false,3
,G??_uK,2,9221,,,false,3
,G??_uK,3,8871,,,false,3
,G??_uK,4,9011,,,false,3
,G??_uK,5,9011,,,false,3
,G??_uK,6,9500,,,false,3
,G??_uK,7,9151,,,false,3
,G??_uK,8,8871,,,false,3
,G??_uK,9,8941,,,false,3
,GwC^~{,0,25706,,,false,7
,GwC^~{,1,21444,,,false,7
,GwC^~{,2,21096,,,false,7
,GwC^~{,3,29967,,,false,7
,GwC^~{,4,21515,,,false,7
,GwC^~{,5,21026,,,false,7
,GwC^~{,6,20816,,,false,7
,GwC^~{,7,20886,,,false,7
,GwC^~{,8,20886,,,false,7
,GwC^~{,9,20886,,,false,7
,G~rHx{,0,24238,,,false,7
,G~rHx{,1,21096,,,false,7
,G~rHx{,2,20606,,,false,7
,G~rHx{,3,20606,,,false,7
,G~rHx{,4,20397,,,false,7
,G~rHx{,5,20467,,,false,7
,G~rHx{,6,20676,,,false,7
,G~rHx{,7,20188,,,false,7
,G~rHx{,8,20257,,,false,7
,G~rHx{,9,20117,,,false,7
,GoSv~{,0,24798,,,false,7
,GoSv~{,1,22003,,,false,7
,GoSv~{,2,20816,,,false,7
,GoSv~{,3,20537,,,false,7
,GoSv~{,4,20536,,,false,7
,GoSv~{,5,20677,,,false,7
,GoSv~{,6,20467,,,false,7
,GoSv~{,7,20257,,,false,7
,GoSv~{,8,20955,,,false,7
,GoSv~{,9,21165,,,false,7
,G?mzz{,0,28639,,,false,7
,G?mzz{,1,22982,,,false,7
,G?mzz{,2,22422,,,false,7
,G?mzz{,3,21794,,,false,7
,G?mzz{,4,22283,,,false,7
,G?mzz{,5,21933,,,false,7
,G?mzz{,6,21933,,,false,7
,G?mzz{,7,22213,,,false,7
,G?mzz{,8,22283,,,false,7
,G?mzz{,9,32411,,,false,7
,G~`HW{,0,25286,,,false,7
,G~`HW{,1,20816,,,false,7
,G~`HW{,2,20467,,,false,7
,G~`HW{,3,20187,,,false,7
,G~`HW{,4,19908,,,false,7
,G~`HW{,5,19769,,,false,7
,G~`HW{,6,20117,,,false,7
,G~`HW{,7,19629,,,false,7
,G~`HW{,8,19978,,,false,7
,G~`HW{,9,19419,,,false,7
,GKdax{,0,24378,,,false,7
,GKdax{,1,20187,,,false,7
,GKdax{,2,19489,,,false,7
,GKdax{,3,19838,,,false,7
,GKdax{,4,19628,,,false,7
,GKdax{,5,19978,,,false,7
,GKdax{,6,19978,,,false,7
,GKdax{,7,19558,,,false,7
,GKdax{,8,19629,,,false,7
,GKdax{,9,19629,,,false,7
,G`?N~w,0,23820,,,false,7
,G`?N~w,1,21934,,,false,7
,G`?N~w,2,20257,,,false,7
,G`?N~w,3,20537,,,false,7
,G`?N~w,4,19768,,,false,7
,G`?N~w,5,20397,,,false,7
,G`?N~w,6,20187,,,false,7
,G`?N~w,7,20397,,,false,7
,G`?N~w,8,19908,,,false,7
,G`?N~w,9,20537,,,false,7
,G`?Lz{,0,23331,,,false,7
,G`?Lz{,1,20187,,,false,7
,G`?Lz{,2,19489,,,false,7
,G`?Lz{,3,19908,,,false,7
,G`?Lz{,4,19559,,,false,7
,G`?Lz{,5,28989,,,false,7
,G`?Lz{,6,19488,,,false,7
,G`?Lz{,7,19419,,,false,7
,G`?Lz{,8,19140,,,false,7
,G`?Lz{,9,19628,,,false,7
,GICX|[,0,25636,,,false,7
,GICX|[,1,21375,,,false,7
,GICX|[,2,19978,,,false,7
,GICX|[,3,20467,,,false,7
,GICX|[,4,20257,,,false,7
,GICX|[,5,20467,,,false,7
,GICX|[,6,20676,,,false,7
,GICX|[,7,20118,,,false,7
,GICX|[,8,19978,,,false,7
,GICX|[,9,19908,,,false,7
,G?qix{,0,26684,,,false,7
,G?qix{,1,22143,,,false,7
,G?qix{,2,21095,,,false,7
,G?qix{,3,21166,,,false,7
,G?qix{,4,21025,,,false,7
,G?qix{,5,21515,,,false,7
,G?qix{,6,20955,,,false,7
,G?qix{,7,20886,,,false,7
,G?qix{,8,21375,,,false,7
,G?qix{,9,21026,,,false,7
,G??x}{,0,40445,,,false,7
,G??x}{,1,36533,,,false,7
,G??x}{,2,35136,,,false,7
,G??x}{,3,34786,,,false,7
,G??x}{,4,34368,,,false,7
,G??x}{,5,34298,,,false,7
,G??x}{,6,34368,,,false,7
,G??x}{,7,44705,,,false,7
,G??x}{,8,34507,,,false,7
,G??x}{,9,34298,,,false,7
,G`?MXw,0,30037,,,false,3
,G`?MXw,1,25147,,,false,3
,G`?MXw,2,24309,,,false,3
,G`?MXw,3,23820,,,false,3
,G`?MXw,4,23889,,,false,3
,G`?MXw,5,23330,,,false,3
,G`?MXw,6,23261,,,false,3
,G`?MXw,7,23750,,,false,3
,G`?MXw,8,23261,,,false,3
,G`?MXw,9,23820,,,false,3
,G@`@W{,0,53018,,,false,7
,G@`@W{,1,44845,,,false,7
,G@`@W{,2,42750,,,false,7
,G@`@W{,3,41841,,,false,7
,G@`@W{,4,42610,,,false,7
,G@`@W{,5,41842,,,false,7
,G@`@W{,6,42051,,,false,7
,G@`@W{,7,41423,,,false,7
,G@`@W{,8,42121,,,false,7
,G@`@W{,9,41562,,,false,7
,G??Dzw,0,19628,,,false,7
,G??Dzw,1,18511,,,false,7
,G??Dzw,2,26754,,,false,7
,G??Dzw,3,18231,,,false,7
,G??Dzw,4,18302,,,false,7
,G??Dzw,5,17812,,,false,7
,G??Dzw,6,18092,,,false,7
,G??Dzw,7,17673,,,false,7
,G??Dzw,8,17533,,,false,7
,G??Dzw,9,18231,,,false,7
,G??Cz[,0,33808,,,false,3
,G??Cz[,1,30526,,,false,3
,G??Cz[,2,29058,,,false,3
,G??Cz[,3,28221,,,false,3
,G??Cz[,4,27941,,,false,3
,G??Cz[,5,28639,,,false,3
,G??Cz[,6,28290,,,false,3
,G??Cz[,7,28151,,,false,3
,G??Cz[,8,28569,,,false,3
,G??Cz[,9,28570,,,false,3
,GEChX[,0,37092,,,false,7
,GEChX[,1,31923,,,false,7
,GEChX[,2,31433,,,false,7
,GEChX[,3,30526,,,false,7
,GEChX[,4,31014,,,false,7
,GEChX[,5,30456,,,false,7
,GEChX[,6,30037,,,false,7
,GEChX[,7,30036,,,false,7
,GEChX[,8,30037,,,false,7
,GEChX[,9,30316,,,false,7
,GIi^bw,0,24308,,,false,7
,GIi^bw,1,20816,,,false,7
,GIi^bw,2,30526,,,false,7
,GIi^bw,3,19908,,,false,7
,GIi^bw,4,20118,,,false,7
,GIi^bw,5,20187,,,false,7
,GIi^bw,6,19978,,,false,7
,GIi^bw,7,20257,,,false,7
,GIi^bw,8,19559,,,false,7
,GIi^bw,9,20048,,,false,7
,GSXTz{,0,24727,,,false,7
,GSXTz{,1,21026,,,false,7
,GSXTz{,2,20537,,,false,7
,GSXTz{,3,20187,,,false,7
,GSXTz{,4,19978,,,false,7
,GSXTz{,5,20397,,,false,7
,GSXTz{,6,20117,,,false,7
,GSXTz{,7,19978,,,false,7
,GSXTz{,8,19768,,,false,7
,GSXTz{,9,19629,,,false,7
,G@G\a[,0,27592,,,false,7
,G@G\a[,1,22493,,,false,7
,G@G\a[,2,21374,,,false,7
,G@G\a[,3,21794,,,false,7
,G@G\a[,4,21445,,,false,7
,G@G\a[,5,21654,,,false,7
,G@G\a[,6,21096,,,false,7
,G@G\a[,7,21165,,,false,7
,G@G\a[,8,21445,,,false,7
,G@G\a[,9,21165,,,false,7
,GtPHOk,0,23819,,,false,7
,GtPHOk,1,19908,,,false,7
,GtPHOk,2,19559,,,false,7
,GtPHOk,3,18720,,,false,7
,GtPHOk,4,18581,,,false,7
,GtPHOk,5,18860,,,false,7
,GtPHOk,6,19139,,,false,7
,GtPHOk,7,18510,,,false,7
,GtPHOk,8,18791,,,false,7
,GtPHOk,9,18790,,,false,7
,Gv?IXW,0,23889,,,false,7
,Gv?IXW,1,19629,,,false,7
,Gv?IXW,2,19698,,,false,7
,Gv?IXW,3,18930,,,false,7
,Gv?IXW,4,19070,,,false,7
,Gv?IXW,5,18790,,,false,7
,Gv?IXW,6,18791,,,false,7
,Gv?IXW,7,18860,,,false,7
,Gv?IXW,8,19139,,,false,7
,Gv?IXW,9,19070,,,false,7
,Gvzax{,0,22911,,,false,7
,Gvzax{,1,20048,,,false,7
,Gvzax{,2,19698,,,false,7
,Gvzax{,3,19488,,,false,7
,Gvzax{,4,19419,,,false,7
,Gvzax{,5,19629,,,false,7
,Gvzax{,6,19419,,,false,7
,Gvzax{,7,19279,,,false,7
,Gvzax{,8,19209,,,false,7
,Gvzax{,9,19629,,,false,7
,G?r@pg,0,26124,,,false,7
,G?r@pg,1,21375,,,false,7
,G?r@pg,2,20956,,,false,7
,G?r@pg,3,21025,,,false,7
,G?r@pg,4,20607,,,false,7
,G?r@pg,5,21305,,,false,7
,G?r@pg,6,20816,,,false,7
,G?r@pg,7,21096,,,false,7
,G?r@pg,8,20537,,,false,7
,G?r@pg,9,20885,,,false,7
,GSP@xw,0,24239,,,false,7
,GSP@xw,1,19977,,,false,7
,GSP@xw,2,19629,,,false,7
,GSP@xw,3,19139,,,false,7
,GSP@xw,4,19419,,,false,7
,GSP@xw,5,19140,,,false,7
,GSP@xw,6,29408,,,false,7
,GSP@xw,7,19140,,,false,7
,GSP@xw,8,19489,,,false,7
,GSP@xw,9,19070,,,false,7
,G?DPS{,0,23889,,,false,7
,G?DPS{,1,20537,,,false,7
,G?DPS{,2,19838,,,false,7
,G?DPS{,3,19558,,,false,7
,G?DPS{,4,19280,,,false,7
,G?DPS{,5,19838,,,false,7
,G?DPS{,6,19838,,,false,7
,G?DPS{,7,19629,,,false,7
,G?DPS{,8,19558,,,false,7
,G?DPS{,9,19419,,,false,7
,GAG]|{,0,25775,,,false,7
,GAG]|{,1,21026,,,false,7
,GAG]|{,2,20676,,,false,7
,GAG]|{,3,19908,,,false,7
,GAG]|{,4,20327,,,false,7
,GAG]|{,5,19978,,,false,7
,GAG]|{,6,19978,,,false,7
,GAG]|{,7,20397,,,false,7
,GAG]|{,8,20047,,,false,7
,GAG]|{,9,20118,,,false,7
,GBOk~W,0,28151,,,false,7
,GBOk~W,1,22842,,,false,7
,GBOk~W,2,21375,,,false,7
,GBOk~W,3,20886,,,false,7
,GBOk~W,4,21166,,,false,7
,GBOk~W,5,20886,,,false,7
,GBOk~W,6,20955,,,false,7
,GBOk~W,7,20537,,,false,7
,GBOk~W,8,21026,,,false,7
,GBOk~W,9,20537,,,false,7
,G`G\zw,0,23330,,,false,7
,G`G\zw,1,19908,,,false,7
,G`G\zw,2,29129,,,false,7
,G`G\zw,3,19908,,,false,7
,G`G\zw,4,19489,,,false,7
,G`G\zw,5,19838,,,false,7
,G`G\zw,6,19559,,,false,7
,G`G\zw,7,19629,,,false,7
,G`G\zw,8,19558,,,false,7
,G`G\zw,9,19489,,,false,7
,G_ltjs,0,25356,,,false,7
,G_ltjs,1,20607,,,false,7
,G_ltjs,2,20187,,,false,7
,G_ltjs,3,20257,,,false,7
,G_ltjs,4,20327,,,false,7
,G_ltjs,5,20117,,,false,7
,G_ltjs,6,19978,,,false,7
,G_ltjs,7,19908,,,false,7
,G_ltjs,8,20536,,,false,7
,G_ltjs,9,20118,,,false,7
,G@lv]w,0,26754,,,false,7
,G@lv]w,1,22353,,,false,7
,G@lv]w,2,21725,,,false,7
,G@lv]w,3,20816,,,false,7
,G@lv]w,4,21025,,,false,7
,G@lv]w,5,21375,,,false,7
,G@lv]w,6,20816,,,false,7
,G@lv]w,7,20955,,,false,7
,G@lv]w,8,21515,,,false,7
,G@lv]w,9,21095,,,false,7
,G@zTz{,0,24658,,,false,7
,G@zTz{,1,22283,,,false,7
,G@zTz{,2,21445,,,false,7
,G@zTz{,3,21445,,,false,7
,G@zTz{,4,20956,,,false,7
,G@zTz{,5,21305,,,false,7
,G@zTz{,6,21026,,,false,7
,G@zTz{,7,21026,,,false,7
,G@zTz{,8,21026,,,false,7
,G@zTz{,9,30526,,,false,7
,G_]~bk,0,24868,,,false,7
,G_]~bk,1,21724,,,false,7
,G_]~bk,2,20746,,,false,7
,G_]~bk,3,20676,,,false,7
,G_]~bk,4,20537,,,false,7
,G_]~bk,5,20467,,,false,7
,G_]~bk,6,20327,,,false,7
,G_]~bk,7,20536,,,false,7
,G_]~bk,8,20537,,,false,7
,G_]~bk,9,20606,,,false,7
,G@nRnS,0,24588,,,false,7
,G@nRnS,1,21305,,,false,7
,G@nRnS,2,21515,,,false,7
,G@nRnS,3,20466,,,false,7
,G@nRnS,4,20886,,,false,7
,G@nRnS,5,20537,,,false,7
,G@nRnS,6,20536,,,false,7
,G@nRnS,7,20677,,,false,7
,G@nRnS,8,20467,,,false,7
,G@nRnS,9,20397,,,false,7
,GIM}v[,0,25636,,,false,7
,GIM}v[,1,22423,,,false,7
,GIM}v[,2,21375,,,false,7
,GIM}v[,3,21375,,,false,7
,GIM}v[,4,21515,,,false,7
,GIM}v[,5,21025,,,false,7
,GIM}v[,6,20607,,,false,7
,GIM}v[,7,20956,,,false,7
,GIM}v[,8,20885,,,false,7
,GIM}v[,9,21026,,,false,7
,G`iZQk,0,23330,,,false,7
,G`iZQk,1,19489,,,false,7
,G`iZQk,2,18930,,,false,7
,G`iZQk,3,19139,,,false,7
,G`iZQk,4,19419,,,false,7
,G`iZQk,5,19140,,,false,7
,G`iZQk,6,19209,,,false,7
,G`iZQk,7,19000,,,false,7
,G`iZQk,8,18930,,,false,7
,G`iZQk,9,19209,,,false,7
,GSXP~w,0,24518,,,false,7
,GSXP~w,1,20886,,,false,7
,GSXP~w,2,20117,,,false,7
,GSXP~w,3,20048,,,false,7
,GSXP~w,4,20118,,,false,7
,GSXP~w,5,20397,,,false,7
,GSXP~w,6,19489,,,false,7
,GSXP~w,7,19629,,,false,7
,GSXP~w,8,19628,,,false,7
,GSXP~w,9,19768,,,false,7
,GQMZ^k,0,23470,,,false,7
,GQMZ^k,1,20537,,,false,7
,GQMZ^k,2,19977,,,false,7
,GQMZ^k,3,19978,,,false,7
,GQMZ^k,4,19559,,,false,7
,GQMZ^k,5,19698,,,false,7
,GQMZ^k,6,19978,,,false,7
,GQMZ^k,7,19908,,,false,7
,GQMZ^k,8,19628,,,false,7
,GQMZ^k,9,19489,,,false,7
,GsXTzw,0,23889,,,false,7
,GsXTzw,1,21096,,,false,7
,GsXTzw,2,20536,,,false,7
,GsXTzw,3,20048,,,false,7
,GsXTzw,4,20397,,,false,7
,GsXTzw,5,20047,,,false,7
,GsXTzw,6,19699,,,false,7
,GsXTzw,7,19978,,,false,7
,GsXTzw,8,19838,,,false,7
,GsXTzw,9,20048,,,false,7
,GINT^o,0,33319,,,false,7
,GINT^o,1,21515,,,false,7
,GINT^o,2,20536,,,false,7
,GINT^o,3,20467,,,false,7
,GINT^o,4,20397,,,false,7
,GINT^o,5,20467,,,false,7
,GINT^o,6,20257,,,false,7
,GINT^o,7,20537,,,false,7
,GINT^o,8,20677,,,false,7
,GINT^o,9,20397,,,false,7
,GBZT[{,0,24309,,,false,7
,GBZT[{,1,20886,,,false,7
,GBZT[{,2,20396,,,false,7
,GBZT[{,3,20536,,,false,7
,GBZT[{,4,20537,,,false,7
,GBZT[{,5,20047,,,false,7
,GBZT[{,6,20327,,,false,7
,GBZT[{,7,19978,,,false,7
,GBZT[{,8,20467,,,false,7
,GBZT[{,9,20327,,,false,7
,GINe|{,0,23890,,,false,7
,GINe|{,1,22004,,,false,7
,GINe|{,2,21025,,,false,7
,GINe|{,3,20537,,,false,7
,GINe|{,4,20886,,,false,7
,GINe|{,5,20955,,,false,7
,GINe|{,6,21096,,,false,7
,GINe|{,7,20956,,,false,7
,GINe|{,8,20676,,,false,7
,GINe|{,9,21026,,,false,7
,GsXPW{,0,24449,,,false,7
,GsXPW{,1,20606,,,false,7
,GsXPW{,2,19629,,,false,7
,GsXPW{,3,19419,,,false,7
,GsXPW{,4,19977,,,false,7
,GsXPW{,5,19280,,,false,7
,GsXPW{,6,19559,,,false,7
,GsXPW{,7,19838,,,false,7
,GsXPW{,8,19559,,,false,7
,GsXPW{,9,19210,,,false,7
,GqYPW{,0,21445,,,false,7
,GqYPW{,1,19908,,,false,7
,GqYPW{,2,19069,,,false,7
,GqYPW{,3,18721,,,false,7
,GqYPW{,4,19000,,,false,7
,GqYPW{,5,19350,,,false,7
,GqYPW{,6,18721,,,false,7
,GqYPW{,7,19419,,,false,7
,GqYPW{,8,19279,,,false,7
,GqYPW{,9,19280,,,false,7
,Gr_YX[,0,22493,,,false,7
,Gr_YX[,1,20327,,,false,7
,Gr_YX[,2,19558,,,false,7
,Gr_YX[,3,19140,,,false,7
,Gr_YX[,4,19629,,,false,7
,Gr_YX[,5,18930,,,false,7
,Gr_YX[,6,19070,,,false,7
,Gr_YX[,7,19489,,,false,7
,Gr_YX[,8,19209,,,false,7
,Gr_YX[,9,19070,,,false,7
,GKoXzg,0,22912,,,false,7
,GKoXzg,1,19559,,,false,7
,GKoXzg,2,19419,,,false,7
,GKoXzg,3,18650,,,false,7
,GKoXzg,4,18791,,,false,7
,GKoXzg,5,19000,,,false,7
,GKoXzg,6,19000,,,false,7
,GKoXzg,7,19070,,,false,7
,GKoXzg,8,18860,,,false,7
,GKoXzg,9,19070,,,false,7
,GDxRK{,0,23470,,,false,7
,GDxRK{,1,20118,,,false,7
,GDxRK{,2,19558,,,false,7
,GDxRK{,3,19419,,,false,7
,GDxRK{,4,29129,,,false,7
,GDxRK{,5,19069,,,false,7
,GDxRK{,6,19280,,,false,7
,GDxRK{,7,19279,,,false,7
,GDxRK{,8,19070,,,false,7
,GDxRK{,9,19209,,,false,7
,GSXZ`{,0,23330,,,false,7
,GSXZ`{,1,19908,,,false,7
,GSXZ`{,2,20048,,,false,7
,GSXZ`{,3,19628,,,false,7
,GSXZ`{,4,19559,,,false,7
,GSXZ`{,5,19838,,,false,7
,GSXZ`{,6,19558,,,false,7
,GSXZ`{,7,19977,,,false,7
,GSXZ`{,8,19769,,,false,7
,GSXZ`{,9,19489,,,false,7
,G]Og|{,0,22422,,,false,7
,G]Og|{,1,20048,,,false,7
,G]Og|{,2,19419,,,false,7
,G]Og|{,3,19139,,,false,7
,G]Og|{,4,19210,,,false,7
,G]Og|{,5,19000,,,false,7
,G]Og|{,6,19349,,,false,7
,G]Og|{,7,18650,,,false,7
,G]Og|{,8,18930,,,false,7
,G]Og|{,9,19000,,,false,7
,G@luvG,0,25287,,,false,7
,G@luvG,1,21026,,,false,7
,G@luvG,2,21026,,,false,7
,G@luvG,3,20885,,,false,7
,G@luvG,4,20956,,,false,7
,G@luvG,5,20676,,,false,7
,G@luvG,6,20397,,,false,7
,G@luvG,7,20677,,,false,7
,G@luvG,8,21025,,,false,7
,G@luvG,9,20537,,,false,7
,GSXX~c,0,22981,,,false,7
,GSXX~c,1,31504,,,false,7
,GSXX~c,2,20117,,,false,7
,GSXX~c,3,19908,,,false,7
,GSXX~c,4,19489,,,false,7
,GSXX~c,5,19768,,,false,7
,GSXX~c,6,19838,,,false,7
,GSXX~c,7,19978,,,false,7
,GSXX~c,8,19768,,,false,7
,GSXX~c,9,19628,,,false,7
,GSLi~k,0,24728,,,false,7
,GSLi~k,1,21445,,,false,7
,GSLi~k,2,21026,,,false,7
,GSLi~k,3,20746,,,false,7
,GSLi~k,4,21026,,,false,7
,GSLi~k,5,20676,,,false,7
,GSLi~k,6,20397,,,false,7
,GSLi~k,7,20537,,,false,7
,GSLi~k,8,20466,,,false,7
,GSLi~k,9,20397,,,false,7
,GdZDzw,0,21933,,,false,7
,GdZDzw,1,19699,,,false,7
,GdZDzw,2,19419,,,false,7
,GdZDzw,3,20396,,,false,7
,GdZDzw,4,19140,,,false,7
,GdZDzw,5,19419,,,false,7
,GdZDzw,6,19279,,,false,7
,GdZDzw,7,19210,,,false,7
,GdZDzw,8,19139,,,false,7
,GdZDzw,9,19000,,,false,7
,Guhax{,0,23400,,,false,7
,Guhax{,1,20607,,,false,7
,Guhax{,2,20187,,,false,7
,Guhax{,3,20397,,,false,7
,Guhax{,4,19908,,,false,7
,Guhax{,5,19559,,,false,7
,Guhax{,6,20467,,,false,7
,Guhax{,7,20397,,,false,7
,Guhax{,8,20047,,,false,7
,Guhax{,9,30037,,,false,7
,GgN\rk,0,23331,,,false,7
,GgN\rk,1,21026,,,false,7
,GgN\rk,2,20117,,,false,7
,GgN\rk,3,20397,,,false,7
,GgN\rk,4,19908,,,false,7
,GgN\rk,5,20048,,,false,7
,GgN\rk,6,20467,,,false,7
,GgN\rk,7,19838,,,false,7
,GgN\rk,8,20048,,,false,7
,GgN\rk,9,20117,,,false,7
,G}hHg{,0,23819,,,false,7
,G}hHg{,1,20886,,,false,7
,G}hHg{,2,19908,,,false,7
,G}hHg{,3,20187,,,false,7
,G}hHg{,4,19908,,,false,7
,G}hHg{,5,20188,,,false,7
,G}hHg{,6,20118,,,false,7
,G}hHg{,7,19629,,,false,7
,G}hHg{,8,20047,,,false,7
,G}hHg{,9,19908,,,false,7
,GrddY{,0,21514,,,false,7
,GrddY{,1,19769,,,false,7
,GrddY{,2,19419,,,false,7
,GrddY{,3,19419,,,false,7
,GrddY{,4,19069,,,false,7
,GrddY{,5,18930,,,false,7
,GrddY{,6,19489,,,false,7
,GrddY{,7,19210,,,false,7
,GrddY{,8,19209,,,false,7
,GrddY{,9,19419,,,false,7
,GqMZj[,0,21864,,,false,7
,GqMZj[,1,20048,,,false,7
,GqMZj[,2,19279,,,false,7
,GqMZj[,3,19769,,,false,7
,GqMZj[,4,19349,,,false,7
,GqMZj[,5,30106,,,false,7
,GqMZj[,6,19629,,,false,7
,GqMZj[,7,20047,,,false,7
,GqMZj[,8,19489,,,false,7
,GqMZj[,9,19559,,,false,7
,GRqZ^k,0,22073,,,false,7
,GRqZ^k,1,19978,,,false,7
,GRqZ^k,2,19838,,,false,7
,GRqZ^k,3,19559,,,false,7
,GRqZ^k,4,19559,,,false,7
,GRqZ^k,5,19489,,,false,7
,GRqZ^k,6,19558,,,false,7
,GRqZ^k,7,19699,,,false,7
,GRqZ^k,8,19629,,,false,7
,GRqZ^k,9,19908,,,false,7
,Gqlsz[,0,22423,,,false,7
,Gqlsz[,1,20187,,,false,7
,Gqlsz[,2,19559,,,false,7
,Gqlsz[,3,19349,,,false,7
,Gqlsz[,4,19489,,,false,7
,Gqlsz[,5,19559,,,false,7
,Gqlsz[,6,19908,,,false,7
,Gqlsz[,7,20048,,,false,7
,Gqlsz[,8,19629,,,false,7
,Gqlsz[,9,20117,,,false,7
,Gsxqx{,0,22842,,,false,7
,Gsxqx{,1,21444,,,false,7
,Gsxqx{,2,20677,,,false,7
,Gsxqx{,3,20886,,,false,7
,Gsxqx{,4,20676,,,false,7
,Gsxqx{,5,21026,,,false,7
,Gsxqx{,6,20606,,,false,7
,Gsxqx{,7,20607,,,false,7
,Gsxqx{,8,20467,,,false,7
,Gsxqx{,9,20886,,,false,7
,GMnax{,0,21933,,,false,7
,GMnax{,1,30037,,,false,7
,GMnax{,2,19978,,,false,7
,GMnax{,3,20397,,,false,7
,GMnax{,4,19419,,,false,7
,GMnax{,5,19628,,,false,7
,GMnax{,6,19699,,,false,7
,GMnax{,7,19628,,,false,7
,GMnax{,8,19419,,,false,7
,GMnax{,9,19559,,,false,7
,GP^uu{,0,24379,,,false,7
,GP^uu{,1,21445,,,false,7
,GP^uu{,2,21166,,,false,7
,GP^uu{,3,21095,,,false,7
,GP^uu{,4,20607,,,false,7
,GP^uu{,5,20955,,,false,7
,GP^uu{,6,20816,,,false,7
,GP^uu{,7,20467,,,false,7
,GP^uu{,8,20606,,,false,7
,GP^uu{,9,20606,,,false,7
,GD^vU{,0,22282,,,false,7
,GD^vU{,1,21305,,,false,7
,GD^vU{,2,20537,,,false,7
,GD^vU{,3,20397,,,false,7
,GD^vU{,4,20327,,,false,7
,GD^vU{,5,20955,,,false,7
,GD^vU{,6,20536,,,false,7
,GD^vU{,7,20607,,,false,7
,GD^vU{,8,20885,,,false,7
,GD^vU{,9,20956,,,false,7
,GEl~~w,0,25356,,,false,7
,GEl~~w,1,22423,,,false,7
,GEl~~w,2,21724,,,false,7
,GEl~~w,3,21864,,,false,7
,GEl~~w,4,21445,,,false,7
,GEl~~w,5,21584,,,false,7
,GEl~~w,6,21515,,,false,7
,GEl~~w,7,21444,,,false,7
,GEl~~w,8,30526,,,false,7
,GEl~~w,9,21305,,,false,7
,GrotY{,0,23191,,,false,7
,GrotY{,1,20187,,,false,7
,GrotY{,2,20118,,,false,7
,GrotY{,3,19489,,,false,7
,GrotY{,4,19978,,,false,7
,GrotY{,5,19559,,,false,7
,GrotY{,6,19698,,,false,7
,GrotY{,7,19489,,,false,7
,GrotY{,8,19908,,,false,7
,GrotY{,9,19628,,,false,7
,G`zTzw,0,23610,,,false,7
,G`zTzw,1,20886,,,false,7
,G`zTzw,2,20117,,,false,7
,G`zTzw,3,20118,,,false,7
,G`zTzw,4,20117,,,false,7
,G`zTzw,5,20397,,,false,7
,G`zTzw,6,20467,,,false,7
,G`zTzw,7,20117,,,false,7
,G`zTzw,8,20676,,,false,7
,G`zTzw,9,20118,,,false,7
,GQ}rm[,0,22143,,,false,7
,GQ}rm[,1,20676,,,false,7
,GQ}rm[,2,20048,,,false,7
,GQ}rm[,3,19978,,,false,7
,GQ}rm[,4,20396,,,false,7
,GQ}rm[,5,20048,,,false,7
,GQ}rm[,6,20117,,,false,7
,GQ}rm[,7,19977,,,false,7
,GQ}rm[,8,19838,,,false,7
,GQ}rm[,9,20467,,,false,7
,GqluX{,0,21514,,,false,7
,GqluX{,1,19978,,,false,7
,GqluX{,2,19908,,,false,7
,GqluX{,3,20118,,,false,7
,GqluX{,4,30525,,,false,7
,GqluX{,5,20118,,,false,7
,GqluX{,6,19628,,,false,7
,GqluX{,7,19419,,,false,7
,GqluX{,8,19489,,,false,7
,GqluX{,9,20048,,,false,7
,Grqix{,0,22283,,,false,7
,Grqix{,1,20467,,,false,7
,Grqix{,2,20607,,,false,7
,Grqix{,3,20536,,,false,7
,Grqix{,4,19908,,,false,7
,Grqix{,5,19978,,,false,7
,Grqix{,6,20047,,,false,7
,Grqix{,7,20188,,,false,7
,Grqix{,8,19978,,,false,7
,Grqix{,9,19769,,,false,7
,GRl~Ms,0,23401,,,false,7
,GRl~Ms,1,20955,,,false,7
,GRl~Ms,2,19908,,,false,7
,GRl~Ms,3,20048,,,false,7
,GRl~Ms,4,20117,,,false,7
,GRl~Ms,5,19699,,,false,7
,GRl~Ms,6,19838,,,false,7
,GRl~Ms,7,20397,,,false,7
,GRl~Ms,8,20188,,,false,7
,GRl~Ms,9,19908,,,false,7
,G]`@W{,0,23820,,,false,7
,G]`@W{,1,19628,,,false,7
,G]`@W{,2,19140,,,false,7
,G]`@W{,3,19489,,,false,7
,G]`@W{,4,19000,,,false,7
,G]`@W{,5,19140,,,false,7
,G]`@W{,6,19209,,,false,7
,G]`@W{,7,18999,,,false,7
,G]`@W{,8,19000,,,false,7
,G]`@W{,9,19070,,,false,7
,G?urf[,0,36673,,,false,7
,G?urf[,1,22423,,,false,7
,G?urf[,2,21585,,,false,7
,G?urf[,3,21863,,,false,7
,G?urf[,4,21864,,,false,7
,G?urf[,5,21934,,,false,7
,G?urf[,6,21654,,,false,7
,G?urf[,7,21794,,,false,7
,G?urf[,8,21654,,,false,7
,G?urf[,9,21934,,,false,7
,G?\utk,0,27731,,,false,7
,G?\utk,1,22982,,,false,7
,G?\utk,2,21514,,,false,7
,G?\utk,3,21794,,,false,7
,G?\utk,4,21864,,,false,7
,G?\utk,5,21374,,,false,7
,G?\utk,6,21655,,,false,7
,G?\utk,7,22283,,,false,7
,G?\utk,8,21934,,,false,7
,G?\utk,9,21445,,,false,7
,G@dTJS,0,26683,,,false,7
,G@dTJS,1,22004,,,false,7
,G@dTJS,2,20606,,,false,7
,G@dTJS,3,19908,,,false,7
,G@dTJS,4,20397,,,false,7
,G@dTJS,5,20187,,,false,7
,G@dTJS,6,19838,,,false,7
,G@dTJS,7,20188,,,false,7
,G@dTJS,8,20117,,,false,7
,G@dTJS,9,20118,,,false,7
,G@MQ^?,0,25846,,,false,7
,G@MQ^?,1,21934,,,false,7
,G@MQ^?,2,21305,,,false,7
,G@MQ^?,3,20886,,,false,7
,G@MQ^?,4,21096,,,false,7
,G@MQ^?,5,20955,,,false,7
,G@MQ^?,6,31364,,,false,7
,G@MQ^?,7,20467,,,false,7
,G@MQ^?,8,20886,,,false,7
,G@MQ^?,9,21095,,,false,7
,GGFLbo,0,23051,,,false,7
,GGFLbo,1,19908,,,false,7
,GGFLbo,2,19908,,,false,7
,GGFLbo,3,19629,,,false,7
,GGFLbo,4,19489,,,false,7
,GGFLbo,5,19209,,,false,7
,GGFLbo,6,19139,,,false,7
,GGFLbo,7,19629,,,false,7
,GGFLbo,8,19489,,,false,7
,GGFLbo,9,19419,,,false,7
,GoDPZo,0,23401,,,false,7
,GoDPZo,1,20187,,,false,7
,GoDPZo,2,19419,,,false,7
,GoDPZo,3,18930,,,false,7
,GoDPZo,4,19698,,,false,7
,GoDPZo,5,19419,,,false,7
,GoDPZo,6,19489,,,false,7
,GoDPZo,7,19209,,,false,7
,GoDPZo,8,19628,,,false,7
,GoDPZo,9,19489,,,false,7
,GoDP^o,0,22911,,,false,7
,GoDP^o,1,20118,,,false,7
,GoDP^o,2,19628,,,false,7
,GoDP^o,3,19419,,,false,7
,GoDP^o,4,19070,,,false,7
,GoDP^o,5,19000,,,false,7
,GoDP^o,6,19209,,,false,7
,GoDP^o,7,19070,,,false,7
,GoDP^o,8,19209,,,false,7
,GoDP^o,9,19070,,,false,7
,GqGR[w,0,22283,,,false,7
,GqGR[w,1,19559,,,false,7
,GqGR[w,2,19139,,,false,7
,GqGR[w,3,28290,,,false,7
,GqGR[w,4,18930,,,false,7
,GqGR[w,5,18790,,,false,7
,GqGR[w,6,19210,,,false,7
,GqGR[w,7,19069,,,false,7
,GqGR[w,8,18930,,,false,7
,GqGR[w,9,19210,,,false,7
,Gr`?x[,0,23052,,,false,7
,Gr`?x[,1,19978,,,false,7
,Gr`?x[,2,19419,,,false,7
,Gr`?x[,3,19629,,,false,7
,Gr`?x[,4,19489,,,false,7
,Gr`?x[,5,19209,,,false,7
,Gr`?x[,6,19140,,,false,7
,Gr`?x[,7,19139,,,false,7
,Gr`?x[,8,19489,,,false,7
,Gr`?x[,9,19419,,,false,7
,GqMAXk,0,20607,,,false,7
,GqMAXk,1,18651,,,false,7
,GqMAXk,2,18442,,,false,7
,GqMAXk,3,18162,,,false,7
,GqMAXk,4,18302,,,false,7
,GqMAXk,5,18301,,,false,7
,GqMAXk,6,18301,,,false,7
,GqMAXk,7,18231,,,false,7
,GqMAXk,8,18511,,,false,7
,GqMAXk,9,18231,,,false,7
,G@h^vg,0,27313,,,false,7
,G@h^vg,1,22562,,,false,7
,G@h^vg,2,21375,,,false,7
,G@h^vg,3,21305,,,false,7
,G@h^vg,4,21444,,,false,7
,G@h^vg,5,21445,,,false,7
,G@h^vg,6,20886,,,false,7
,G@h^vg,7,21305,,,false,7
,G@h^vg,8,21445,,,false,7
,G@h^vg,9,21025,,,false,7
,G@X^dw,0,36323,,,false,7
,G@X^dw,1,21864,,,false,7
,G@X^dw,2,21235,,,false,7
,G@X^dw,3,21305,,,false,7
,G@X^dw,4,20677,,,false,7
,G@X^dw,5,21095,,,false,7
,G@X^dw,6,21096,,,false,7
,G@X^dw,7,21025,,,false,7
,G@X^dw,8,21375,,,false,7
,G@X^dw,9,20956,,,false,7
,GCS~~w,0,26265,,,false,7
,GCS~~w,1,22073,,,false,7
,GCS~~w,2,21794,,,false,7
,GCS~~w,3,21585,,,false,7
,GCS~~w,4,21514,,,false,7
,GCS~~w,5,21096,,,false,7
,GCS~~w,6,21444,,,false,7
,GCS~~w,7,20956,,,false,7
,GCS~~w,8,21305,,,false,7
,GCS~~w,9,21445,,,false,7
,GANvS{,0,25426,,,false,7
,GANvS{,1,22493,,,false,7
,GANvS{,2,21654,,,false,7
,GANvS{,3,21515,,,false,7
,GANvS{,4,21095,,,false,7
,GANvS{,5,21515,,,false,7
,GANvS{,6,21445,,,false,7
,GANvS{,7,21374,,,false,7
,GANvS{,8,21445,,,false,7
,GANvS{,9,21026,,,false,7
,GqMAh[,0,20677,,,false,7
,GqMAh[,1,18790,,,false,7
,GqMAh[,2,18511,,,false,7
,GqMAh[,3,18232,,,false,7
,GqMAh[,4,18022,,,false,7
,GqMAh[,5,18651,,,false,7
,GqMAh[,6,29129,,,false,7
,GqMAh[,7,18231,,,false,7
,GqMAh[,8,18092,,,false,7
,GqMAh[,9,18022,,,false,7
,G_}ahk,0,25427,,,false,7
,G_}ahk,1,20956,,,false,7
,G_}ahk,2,20676,,,false,7
,G_}ahk,3,19978,,,false,7
,G_}ahk,4,20187,,,false,7
,G_}ahk,5,20118,,,false,7
,G_}ahk,6,20397,,,false,7
,G_}ahk,7,19978,,,false,7
,G_}ahk,8,20537,,,false,7
,G_}ahk,9,20187,,,false,7
,G@h^e[,0,25496,,,false,7
,G@h^e[,1,22213,,,false,7
,G@h^e[,2,21096,,,false,7
,G@h^e[,3,21025,,,false,7
,G@h^e[,4,20956,,,false,7
,G@h^e[,5,21305,,,false,7
,G@h^e[,6,21025,,,false,7
,G@h^e[,7,21026,,,false,7
,G@h^e[,8,21165,,,false,7
,G@h^e[,9,21375,,,false,7
,GBYk}{,0,24658,,,false,7
,GBYk}{,1,21514,,,false,7
,GBYk}{,2,20607,,,false,7
,GBYk}{,3,20886,,,false,7
,GBYk}{,4,21306,,,false,7
,GBYk}{,5,21096,,,false,7
,GBYk}{,6,20606,,,false,7
,GBYk}{,7,20606,,,false,7
,GBYk}{,8,20327,,,false,7
,GBYk}{,9,20886,,,false,7
,GPpX~k,0,24518,,,false,7
,GPpX~k,1,31504,,,false,7
,GPpX~k,2,20886,,,false,7
,GPpX~k,3,20537,,,false,7
,GPpX~k,4,20537,,,false,7
,GPpX~k,5,20676,,,false,7
,GPpX~k,6,20467,,,false,7
,GPpX~k,7,20327,,,false,7
,GPpX~k,8,20466,,,false,7
,GPpX~k,9,20467,,,false,7
,GWS}|{,0,24239,,,false,7
,GWS}|{,1,21445,,,false,7
,GWS}|{,2,20606,,,false,7
,GWS}|{,3,20118,,,false,7
,GWS}|{,4,20466,,,false,7
,GWS}|{,5,19908,,,false,7
,GWS}|{,6,21445,,,false,7
,GWS}|{,7,20676,,,false,7
,GWS}|{,8,20327,,,false,7
,GWS}|{,9,20258,,,false,7
,G@zZrk,0,26335,,,false,7
,G@zZrk,1,22492,,,false,7
,G@zZrk,2,21096,,,false,7
,G@zZrk,3,20886,,,false,7
,G@zZrk,4,20956,,,false,7
,G@zZrk,5,20537,,,false,7
,G@zZrk,6,21095,,,false,7
,G@zZrk,7,20467,,,false,7
,G@zZrk,8,20746,,,false,7
,G@zZrk,9,20607,,,false,7
,G@lu~w,0,26195,,,false,7
,G@lu~w,1,22911,,,false,7
,G@lu~w,2,21794,,,false,7
,G@lu~w,3,21445,,,false,7
,G@lu~w,4,21445,,,false,7
,G@lu~w,5,21584,,,false,7
,G@lu~w,6,21026,,,false,7
,G@lu~w,7,29827,,,false,7
,G@lu~w,8,21165,,,false,7
,G@lu~w,9,21444,,,false,7
,GEhXrK,0,23959,,,false,7
,GEhXrK,1,20537,,,false,7
,GEhXrK,2,20118,,,false,7
,GEhXrK,3,19907,,,false,7
,GEhXrK,4,19978,,,false,7
,GEhXrK,5,20188,,,false,7
,GEhXrK,6,19908,,,false,7
,GEhXrK,7,19698,,,false,7
,GEhXrK,8,19698,,,false,7
,GEhXrK,9,19629,,,false,7
,GEhax{,0,23680,,,false,7
,GEhax{,1,21375,,,false,7
,GEhax{,2,21026,,,false,7
,GEhax{,3,20606,,,false,7
,GEhax{,4,20537,,,false,7
,GEhax{,5,20257,,,false,7
,GEhax{,6,20816,,,false,7
,GEhax{,7,20607,,,false,7
,GEhax{,8,20467,,,false,7
,GEhax{,9,20397,,,false,7
,GqGZ[{,0,24378,,,false,7
,GqGZ[{,1,21026,,,false,7
,GqGZ[{,2,20047,,,false,7
,GqGZ[{,3,20327,,,false,7
,GqGZ[{,4,19978,,,false,7
,GqGZ[{,5,20257,,,false,7
,GqGZ[{,6,20327,,,false,7
,GqGZ[{,7,20397,,,false,7
,GqGZ[{,8,20118,,,false,7
,GqGZ[{,9,20117,,,false,7
,GpDHzw,0,22981,,,false,7
,GpDHzw,1,20397,,,false,7
,GpDHzw,2,20397,,,false,7
,GpDHzw,3,20816,,,false,7
,GpDHzw,4,20048,,,false,7
,GpDHzw,5,20048,,,false,7
,GpDHzw,6,19838,,,false,7
,GpDHzw,7,20467,,,false,7
,GpDHzw,8,20117,,,false,7
,GpDHzw,9,20118,,,false,7
,GgMP}w,0,23750,,,false,7
,GgMP}w,1,21026,,,false,7
,GgMP}w,2,20467,,,false,7
,GgMP}w,3,20187,,,false,7
,GgMP}w,4,22423,,,false,7
,GgMP}w,5,20327,,,false,7
,GgMP}w,6,19978,,,false,7
,GgMP}w,7,20606,,,false,7
,GgMP}w,8,20118,,,false,7
,GgMP}w,9,20537,,,false,7
,G`hP~w,0,22842,,,false,7
,G`hP~w,1,20956,,,false,7
,G`hP~w,2,19768,,,false,7
,G`hP~w,3,19768,,,false,7
,G`hP~w,4,19769,,,false,7
,G`hP~w,5,20118,,,false,7
,G`hP~w,6,19559,,,false,7
,G`hP~w,7,19908,,,false,7
,G`hP~w,8,19559,,,false,7
,G`hP~w,9,20118,,,false,7
,GRQH}w,0,23331,,,false,7
,GRQH}w,1,20816,,,false,7
,GRQH}w,2,20466,,,false,7
,GRQH}w,3,20258,,,false,7
,GRQH}w,4,19838,,,false,7
,GRQH}w,5,20467,,,false,7
,GRQH}w,6,19698,,,false,7
,GRQH}w,7,20118,,,false,7
,GRQH}w,8,19558,,,false,7
,GRQH}w,9,19978,,,false,7
,GDZDzw,0,23261,,,false,7
,GDZDzw,1,20816,,,false,7
,GDZDzw,2,20047,,,false,7
,GDZDzw,3,19977,,,false,7
,GDZDzw,4,20677,,,false,7
,GDZDzw,5,20467,,,false,7
,GDZDzw,6,20118,,,false,7
,GDZDzw,7,20536,,,false,7
,GDZDzw,8,20467,,,false,7
,GDZDzw,9,19908,,,false,7
,G`ddzw,0,22912,,,false,7
,G`ddzw,1,20607,,,false,7
,G`ddzw,2,20258,,,false,7
,G`ddzw,3,19908,,,false,7
,G`ddzw,4,20047,,,false,7
,G`ddzw,5,19978,,,false,7
,G`ddzw,6,19419,,,false,7
,G`ddzw,7,20117,,,false,7
,G`ddzw,8,19699,,,false,7
,G`ddzw,9,20118,,,false,7
,GoSr~w,0,24309,,,false,7
,GoSr~w,1,21445,,,false,7
,GoSr~w,2,20956,,,false,7
,GoSr~w,3,20816,,,false,7
,GoSr~w,4,20466,,,false,7
,GoSr~w,5,20677,,,false,7
,GoSr~w,6,20607,,,false,7
,GoSr~w,7,20536,,,false,7
,GoSr~w,8,20397,,,false,7
,GoSr~w,9,20467,,,false,7
,GDZDz{,0,22493,,,false,7
,GDZDz{,1,20746,,,false,7
,GDZDz{,2,20188,,,false,7
,GDZDz{,3,20467,,,false,7
,GDZDz{,4,20187,,,false,7
,GDZDz{,5,20536,,,false,7
,GDZDz{,6,20118,,,false,7
,GDZDz{,7,20047,,,false,7
,GDZDz{,8,20397,,,false,7
,GDZDz{,9,19559,,,false,7
,G`ddz{,0,22074,,,false,7
,G`ddz{,1,20187,,,false,7
,G`ddz{,2,20257,,,false,7
,G`ddz{,3,19629,,,false,7
,G`ddz{,4,19977,,,false,7
,G`ddz{,5,19419,,,false,7
,G`ddz{,6,20118,,,false,7
,G`ddz{,7,19628,,,false,7
,G`ddz{,8,19629,,,false,7
,G`ddz{,9,19838,,,false,7
,GDZcy{,0,22981,,,false,7
,GDZcy{,1,20956,,,false,7
,GDZcy{,2,20676,,,false,7
,GDZcy{,3,19978,,,false,7
,GDZcy{,4,20117,,,false,7
,GDZcy{,5,20118,,,false,7
,GDZcy{,6,19978,,,false,7
,GDZcy{,7,20397,,,false,7
,GDZcy{,8,20048,,,false,7
,GDZcy{,9,20187,,,false,7
,GqopW{,0,25007,,,false,7
,GqopW{,1,21235,,,false,7
,GqopW{,2,20677,,,false,7
,GqopW{,3,20117,,,false,7
,GqopW{,4,20956,,,false,7
,GqopW{,5,20956,,,false,7
,GqopW{,6,20537,,,false,7
,GqopW{,7,20607,,,false,7
,GqopW{,8,20467,,,false,7
,GqopW{,9,20397,,,false,7
,GoTXpk,0,24239,,,false,7
,GoTXpk,1,20606,,,false,7
,GoTXpk,2,20118,,,false,7
,GoTXpk,3,19559,,,false,7
,GoTXpk,4,19908,,,false,7
,GoTXpk,5,20048,,,false,7
,GoTXpk,6,19629,,,false,7
,GoTXpk,7,20187,,,false,7
,GoTXpk,8,19419,,,false,7
,GoTXpk,9,19419,,,false,7
,GEhrS{,0,23750,,,false,7
,GEhrS{,1,21305,,,false,7
,GEhrS{,2,20886,,,false,7
,GEhrS{,3,20607,,,false,7
,GEhrS{,4,21095,,,false,7
,GEhrS{,5,20607,,,false,7
,GEhrS{,6,20886,,,false,7
,GEhrS{,7,20536,,,false,7
,GEhrS{,8,20537,,,false,7
,GEhrS{,9,20676,,,false,7
,GMhP[{,0,21655,,,false,7
,GMhP[{,1,20187,,,false,7
,GMhP[{,2,19629,,,false,7
,GMhP[{,3,19419,,,false,7
,GMhP[{,4,19489,,,false,7
,GMhP[{,5,19140,,,false,7
,GMhP[{,6,19209,,,false,7
,GMhP[{,7,19489,,,false,7
,GMhP[{,8,19489,,,false,7
,GMhP[{,9,19209,,,false,7
,GqSpZ{,0,24519,,,false,7
,GqSpZ{,1,21444,,,false,7
,GqSpZ{,2,21096,,,false,7
,GqSpZ{,3,20606,,,false,7
,GqSpZ{,4,21096,,,false,7
,GqSpZ{,5,20397,,,false,7
,GqSpZ{,6,20466,,,false,7
,GqSpZ{,7,21026,,,false,7
,GqSpZ{,8,20188,,,false,7
,GqSpZ{,9,31084,,,false,7
,G`h\rg,0,23331,,,false,7
,G`h\rg,1,20886,,,false,7
,G`h\rg,2,20467,,,false,7
,G`h\rg,3,20118,,,false,7
,G`h\rg,4,20118,,,false,7
,G`h\rg,5,19908,,,false,7
,G`h\rg,6,19908,,,false,7
,G`h\rg,7,20048,,,false,7
,G`h\rg,8,20188,,,false,7
,G`h\rg,9,20257,,,false,7
,GK^@|k,0,23959,,,false,7
,GK^@|k,1,21026,,,false,7
,GK^@|k,2,20467,,,false,7
,GK^@|k,3,19838,,,false,7
,GK^@|k,4,20047,,,false,7
,GK^@|k,5,20118,,,false,7
,GK^@|k,6,20047,,,false,7
,GK^@|k,7,20397,,,false,7
,GK^@|k,8,19978,,,false,7
,GK^@|k,9,20467,,,false,7
,G`Urt[,0,22772,,,false,7
,G`Urt[,1,20467,,,false,7
,G`Urt[,2,20118,,,false,7
,G`Urt[,3,20047,,,false,7
,G`Urt[,4,19908,,,false,7
,G`Urt[,5,19978,,,false,7
,G`Urt[,6,20117,,,false,7
,G`Urt[,7,20188,,,false,7
,G`Urt[,8,19768,,,false,7
,G`Urt[,9,19908,,,false,7
,GqHX~o,0,23959,,,false,7
,GqHX~o,1,20607,,,false,7
,GqHX~o,2,20467,,,false,7
,GqHX~o,3,20397,,,false,7
,GqHX~o,4,20537,,,false,7
,GqHX~o,5,29547,,,false,7
,GqHX~o,6,20676,,,false,7
,GqHX~o,7,20607,,,false,7
,GqHX~o,8,20747,,,false,7
,GqHX~o,9,20536,,,false,7
,GD^Dj[,0,23330,,,false,7
,GD^Dj[,1,20956,,,false,7
,GD^Dj[,2,20886,,,false,7
,GD^Dj[,3,20467,,,false,7
,GD^Dj[,4,20607,,,false,7
,GD^Dj[,5,20188,,,false,7
,GD^Dj[,6,19908,,,false,7
,GD^Dj[,7,20327,,,false,7
,GD^Dj[,8,20537,,,false,7
,GD^Dj[,9,20886,,,false,7
,GDZUX{,0,22842,,,false,7
,GDZUX{,1,21026,,,false,7
,GDZUX{,2,20118,,,false,7
,GDZUX{,3,19977,,,false,7
,GDZUX{,4,20397,,,false,7
,GDZUX{,5,20048,,,false,7
,GDZUX{,6,20257,,,false,7
,GDZUX{,7,20327,,,false,7
,GDZUX{,8,19768,,,false,7
,GDZUX{,9,20118,,,false,7
,G`X\tk,0,22911,,,false,7
,G`X\tk,1,20397,,,false,7
,G`X\tk,2,20467,,,false,7
,G`X\tk,3,20117,,,false,7
,G`X\tk,4,20188,,,false,7
,G`X\tk,5,19419,,,false,7
,G`X\tk,6,19908,,,false,7
,G`X\tk,7,19977,,,false,7
,G`X\tk,8,19978,,,false,7
,G`X\tk,9,19908,,,false,7
,GBhmk{,0,22353,,,false,7
,GBhmk{,1,30526,,,false,7
,GBhmk{,2,20466,,,false,7
,GBhmk{,3,20118,,,false,7
,GBhmk{,4,20048,,,false,7
,GBhmk{,5,19838,,,false,7
,GBhmk{,6,19978,,,false,7
,GBhmk{,7,20048,,,false,7
,GBhmk{,8,20467,,,false,7
,GBhmk{,9,19978,,,false,7
,GdZDz{,0,22911,,,false,7
,GdZDz{,1,20118,,,false,7
,GdZDz{,2,19908,,,false,7
,GdZDz{,3,19489,,,false,7
,GdZDz{,4,20188,,,false,7
,GdZDz{,5,19629,,,false,7
,GdZDz{,6,19768,,,false,7
,GdZDz{,7,19419,,,false,7
,GdZDz{,8,19628,,,false,7
,GdZDz{,9,19489,,,false,7
,GpFjq{,0,23470,,,false,7
,GpFjq{,1,20537,,,false,7
,GpFjq{,2,20187,,,false,7
,GpFjq{,3,19908,,,false,7
,GpFjq{,4,19838,,,false,7
,GpFjq{,5,20048,,,false,7
,GpFjq{,6,19978,,,false,7
,GpFjq{,7,19768,,,false,7
,GpFjq{,8,20047,,,false,7
,GpFjq{,9,19629,,,false,7
,GQqzvk,0,22841,,,false,7
,GQqzvk,1,20816,,,false,7
,GQqzvk,2,20467,,,false,7
,GQqzvk,3,20117,,,false,7
,GQqzvk,4,20607,,,false,7
,GQqzvk,5,19768,,,false,7
,GQqzvk,6,20397,,,false,7
,GQqzvk,7,20117,,,false,7
,GQqzvk,8,20466,,,false,7
,GQqzvk,9,29548,,,false,7
,GJqix{,0,25217,,,false,7
,GJqix{,1,21794,,,false,7
,GJqix{,2,21374,,,false,7
,GJqix{,3,21096,,,false,7
,GJqix{,4,20606,,,false,7
,GJqix{,5,20677,,,false,7
,GJqix{,6,20537,,,false,7
,GJqix{,7,21585,,,false,7
,GJqix{,8,21025,,,false,7
,GJqix{,9,20956,,,false,7
,GJM]^[,0,25775,,,false,7
,GJM]^[,1,22423,,,false,7
,GJM]^[,2,22143,,,false,7
,GJM]^[,3,21096,,,false,7
,GJM]^[,4,21584,,,false,7
,GJM]^[,5,21235,,,false,7
,GJM]^[,6,21166,,,false,7
,GJM]^[,7,21025,,,false,7
,GJM]^[,8,21445,,,false,7
,GJM]^[,9,21305,,,false,7
,GqJ\z{,0,25287,,,false,7
,GqJ\z{,1,22004,,,false,7
,GqJ\z{,2,21654,,,false,7
,GqJ\z{,3,21165,,,false,7
,GqJ\z{,4,21165,,,false,7
,GqJ\z{,5,21166,,,false,7
,GqJ\z{,6,21095,,,false,7
,GqJ\z{,7,20956,,,false,7
,GqJ\z{,8,20816,,,false,7
,GqJ\z{,9,21026,,,false,7
,GcL~v[,0,24309,,,false,7
,GcL~v[,1,21584,,,false,7
,GcL~v[,2,21305,,,false,7
,GcL~v[,3,31224,,,false,7
,GcL~v[,4,20816,,,false,7
,GcL~v[,5,20886,,,false,7
,GcL~v[,6,20536,,,false,7
,GcL~v[,7,21026,,,false,7
,GcL~v[,8,20466,,,false,7
,GcL~v[,9,20816,,,false,7
,GDZ^vw,0,23959,,,false,7
,GDZ^vw,1,21655,,,false,7
,GDZ^vw,2,21235,,,false,7
,GDZ^vw,3,20886,,,false,7
,GDZ^vw,4,20606,,,false,7
,GDZ^vw,5,21026,,,false,7
,GDZ^vw,6,21025,,,false,7
,GDZ^vw,7,21375,,,false,7
,GDZ^vw,8,20956,,,false,7
,GDZ^vw,9,21025,,,false,7
,GMMZ\[,0,23470,,,false,7
,GMMZ\[,1,20677,,,false,7
,GMMZ\[,2,20747,,,false,7
,GMMZ\[,3,20117,,,false,7
,GMMZ\[,4,20048,,,false,7
,GMMZ\[,5,19978,,,false,7
,GMMZ\[,6,19558,,,false,7
,GMMZ\[,7,19629,,,false,7
,GMMZ\[,8,20187,,,false,7
,GMMZ\[,9,19419,,,false,7
,GJMk}[,0,24728,,,false,7
,GJMk}[,1,21374,,,false,7
,GJMk}[,2,21375,,,false,7
,GJMk}[,3,20816,,,false,7
,GJMk}[,4,21375,,,false,7
,GJMk}[,5,21095,,,false,7
,GJMk}[,6,21026,,,false,7
,GJMk}[,7,21096,,,false,7
,GJMk}[,8,20817,,,false,7
,GJMk}[,9,21375,,,false,7
,GqNax{,0,21654,,,false,7
,GqNax{,1,19977,,,false,7
,GqNax{,2,19698,,,false,7
,GqNax{,3,19559,,,false,7
,GqNax{,4,19488,,,false,7
,GqNax{,5,19559,,,false,7
,GqNax{,6,19210,,,false,7
,GqNax{,7,19628,,,false,7
,GqNax{,8,19000,,,false,7
,GqNax{,9,19489,,,false,7
,GDYz~o,0,24658,,,false,7
,GDYz~o,1,21445,,,false,7
,GDYz~o,2,21375,,,false,7
,GDYz~o,3,21096,,,false,7
,GDYz~o,4,20607,,,false,7
,GDYz~o,5,20536,,,false,7
,GDYz~o,6,20397,,,false,7
,GDYz~o,7,20397,,,false,7
,GDYz~o,8,20606,,,false,7
,GDYz~o,9,20188,,,false,7
,G?L?nC,0,27801,,,false,7
,G?L?nC,1,21864,,,false,7
,G?L?nC,2,20117,,,false,7
,G?L?nC,3,19629,,,false,7
,G?L?nC,4,19489,,,false,7
,G?L?nC,5,19908,,,false,7
,G?L?nC,6,20118,,,false,7
,G?L?nC,7,20187,,,false,7
,G?L?nC,8,19489,,,false,7
,G?L?nC,9,19838,,,false,7
,Gq?@Ww,0,25776,,,false,7
,Gq?@Ww,1,21095,,,false,7
,Gq?@Ww,2,20537,,,false,7
,Gq?@Ww,3,19908,,,false,7
,Gq?@Ww,4,19558,,,false,7
,Gq?@Ww,5,30037,,,false,7
,Gq?@Ww,6,20117,,,false,7
,Gq?@Ww,7,20187,,,false,7
,Gq?@Ww,8,20187,,,false,7
,Gq?@Ww,9,19908,,,false,7
,G@?]VK,0,24238,,,false,7
,G@?]VK,1,20467,,,false,7
,G@?]VK,2,19978,,,false,7
,G@?]VK,3,19628,,,false,7
,G@?]VK,4,19628,,,false,7
,G@?]VK,5,19908,,,false,7
,G@?]VK,6,19419,,,false,7
,G@?]VK,7,20117,,,false,7
,G@?]VK,8,19769,,,false,7
,G@?]VK,9,19768,,,false,7
,G@GSY[,0,27731,,,false,7
,G@GSY[,1,22004,,,false,7
,G@GSY[,2,21026,,,false,7
,G@GSY[,3,20467,,,false,7
,G@GSY[,4,20886,,,false,7
,G@GSY[,5,20536,,,false,7
,G@GSY[,6,20677,,,false,7
,G@GSY[,7,20606,,,false,7
,G@GSY[,8,20746,,,false,7
,G@GSY[,9,20328,,,false,7
,GOBAx{,0,25217,,,false,7
,GOBAx{,1,20536,,,false,7
,GOBAx{,2,20397,,,false,7
,GOBAx{,3,20048,,,false,7
,GOBAx{,4,20047,,,false,7
,GOBAx{,5,19629,,,false,7
,GOBAx{,6,19908,,,false,7
,GOBAx{,7,19908,,,false,7
,GOBAx{,8,19978,,,false,7
,GOBAx{,9,20327,,,false,7
,G@GR[{,0,27103,,,false,7
,G@GR[{,1,31015,,,false,7
,G@GR[{,2,21794,,,false,7
,G@GR[{,3,20955,,,false,7
,G@GR[{,4,21515,,,false,7
,G@GR[{,5,20676,,,false,7
,G@GR[{,6,20677,,,false,7
,G@GR[{,7,21166,,,false,7
,G@GR[{,8,20676,,,false,7
,G@GR[{,9,20607,,,false,7
,G@?Z]{,0,25217,,,false,7
,G@?Z]{,1,21305,,,false,7
,G@?Z]{,2,20048,,,false,7
,G@?Z]{,3,20118,,,false,7
,G@?Z]{,4,20537,,,false,7
,G@?Z]{,5,19908,,,false,7
,G@?Z]{,6,20397,,,false,7
,G@?Z]{,7,20048,,,false,7
,G@?Z]{,8,20467,,,false,7
,G@?Z]{,9,20396,,,false,7
,G@CNM[,0,25287,,,false,7
,G@CNM[,1,21934,,,false,7
,G@CNM[,2,22004,,,false,7
,G@CNM[,3,20885,,,false,7
,G@CNM[,4,20886,,,false,7
,G@CNM[,5,20607,,,false,7
,G@CNM[,6,20886,,,false,7
,G@CNM[,7,20676,,,false,7
,G@CNM[,8,20956,,,false,7
,G@CNM[,9,20606,,,false,7
,G?EJZw,0,24378,,,false,7
,G?EJZw,1,20397,,,false,7
,G?EJZw,2,20537,,,false,7
,G?EJZw,3,20047,,,false,7
,G?EJZw,4,20188,,,false,7
,G?EJZw,5,20187,,,false,7
,G?EJZw,6,20327,,,false,7
,G?EJZw,7,20118,,,false,7
,G?EJZw,8,29547,,,false,7
,G?EJZw,9,20607,,,false,7
,G?G^]w,0,23401,,,false,7
,G?G^]w,1,21305,,,false,7
,G?G^]w,2,20467,,,false,7
,G?G^]w,3,20677,,,false,7
,G?G^]w,4,20397,,,false,7
,G?G^]w,5,20187,,,false,7
,G?G^]w,6,20118,,,false,7
,G?G^]w,7,20047,,,false,7
,G?G^]w,8,20467,,,false,7
,G?G^]w,9,20397,,,false,7
,G?EVZ{,0,24798,,,false,7
,G?EVZ{,1,21095,,,false,7
,G?EVZ{,2,21515,,,false,7
,G?EVZ{,3,20886,,,false,7
,G?EVZ{,4,20886,,,false,7
,G?EVZ{,5,21025,,,false,7
,G?EVZ{,6,20956,,,false,7
,G?EVZ{,7,20886,,,false,7
,G?EVZ{,8,20955,,,false,7
,G?EVZ{,9,21515,,,false,7
,GoCAhW,0,22981,,,false,7
,GoCAhW,1,19419,,,false,7
,GoCAhW,2,19000,,,false,7
,GoCAhW,3,18371,,,false,7
,GoCAhW,4,18790,,,false,7
,GoCAhW,5,18301,,,false,7
,GoCAhW,6,18651,,,false,7
,GoCAhW,7,18511,,,false,7
,GoCAhW,8,18930,,,false,7
,GoCAhW,9,19139,,,false,7
,GoCAh[,0,21584,,,false,7
,GoCAh[,1,19489,,,false,7
,GoCAh[,2,19349,,,false,7
,GoCAh[,3,19139,,,false,7
,GoCAh[,4,28500,,,false,7
,GoCAh[,5,19000,,,false,7
,GoCAh[,6,19419,,,false,7
,GoCAh[,7,19140,,,false,7
,GoCAh[,8,19139,,,false,7
,GoCAh[,9,19070,,,false,7
,GA?X^O,0,24867,,,false,7
,GA?X^O,1,20537,,,false,7
,GA?X^O,2,20187,,,false,7
,GA?X^O,3,19349,,,false,7
,GA?X^O,4,19839,,,false,7
,GA?X^O,5,19628,,,false,7
,GA?X^O,6,19419,,,false,7
,GA?X^O,7,19419,,,false,7
,GA?X^O,8,19628,,,false,7
,GA?X^O,9,19629,,,false,7
,G@HCyw,0,26614,,,false,7
,G@HCyw,1,22283,,,false,7
,G@HCyw,2,21864,,,false,7
,G@HCyw,3,21096,,,false,7
,G@HCyw,4,21445,,,false,7
,G@HCyw,5,21445,,,false,7
,G@HCyw,6,21375,,,false,7
,G@HCyw,7,21096,,,false,7
,G@HCyw,8,20606,,,false,7
,G@HCyw,9,21026,,,false,7
,G@BDY{,0,23819,,,false,7
,G@BDY{,1,20467,,,false,7
,G@BDY{,2,20257,,,false,7
,G@BDY{,3,19838,,,false,7
,G@BDY{,4,20257,,,false,7
,G@BDY{,5,19698,,,false,7
,G@BDY{,6,19629,,,false,7
,G@BDY{,7,19978,,,false,7
,G@BDY{,8,19977,,,false,7
,G@BDY{,9,20048,,,false,7
,G@?kyw,0,34786,,,false,7
,G@?kyw,1,20607,,,false,7
,G@?kyw,2,20467,,,false,7
,G@?kyw,3,20257,,,false,7
,G@?kyw,4,20047,,,false,7
,G@?kyw,5,20607,,,false,7
,G@?kyw,6,20607,,,false,7
,G@?kyw,7,20397,,,false,7
,G@?kyw,8,20467,,,false,7
,G@?kyw,9,20118,,,false,7
,G?Ss^{,0,28640,,,false,7
,G?Ss^{,1,23191,,,false,7
,G?Ss^{,2,22073,,,false,7
,G?Ss^{,3,22004,,,false,7
,G?Ss^{,4,21584,,,false,7
,G?Ss^{,5,21445,,,false,7
,G?Ss^{,6,22003,,,false,7
,G?Ss^{,7,21375,,,false,7
,G?Ss^{,8,21934,,,false,7
,G?Ss^{,9,21514,,,false,7
,GA?}TS,0,23889,,,false,7
,GA?}TS,1,20677,,,false,7
,GA?}TS,2,20047,,,false,7
,GA?}TS,3,20048,,,false,7
,GA?}TS,4,19977,,,false,7
,GA?}TS,5,19908,,,false,7
,GA?}TS,6,19629,,,false,7
,GA?}TS,7,20187,,,false,7
,GA?}TS,8,20118,,,false,7
,GA?}TS,9,19419,,,false,7
,G@Aiu[,0,22981,,,false,7
,G@Aiu[,1,21445,,,false,7
,G@Aiu[,2,20676,,,false,7
,G@Aiu[,3,20467,,,false,7
,G@Aiu[,4,20047,,,false,7
,G@Aiu[,5,20048,,,false,7
,G@Aiu[,6,19978,,,false,7
,G@Aiu[,7,28989,,,false,7
,G@Aiu[,8,19908,,,false,7
,G@Aiu[,9,19978,,,false,7
,G?Eja{,0,23331,,,false,7
,G?Eja{,1,20397,,,false,7
,G?Eja{,2,20397,,,false,7
,G?Eja{,3,20117,,,false,7
,G?Eja{,4,20048,,,false,7
,G?Eja{,5,19629,,,false,7
,G?Eja{,6,19908,,,false,7
,G?Eja{,7,19978,,,false,7
,G?Eja{,8,20118,,,false,7
,G?Eja{,9,20117,,,false,7
,G@@ku{,0,23192,,,false,7
,G@@ku{,1,21096,,,false,7
,G@@ku{,2,20048,,,false,7
,G@@ku{,3,20466,,,false,7
,G@@ku{,4,19978,,,false,7
,G@@ku{,5,20048,,,false,7
,G@@ku{,6,20606,,,false,7
,G@@ku{,7,19908,,,false,7
,G@@ku{,8,20397,,,false,7
,G@@ku{,9,20536,,,false,7
,G?ErU{,0,22213,,,false,7
,G?ErU{,1,20397,,,false,7
,G?ErU{,2,20606,,,false,7
,G?ErU{,3,20048,,,false,7
,G?ErU{,4,20117,,,false,7
,G?ErU{,5,20397,,,false,7
,G?ErU{,6,20467,,,false,7
,G?ErU{,7,20606,,,false,7
,G?ErU{,8,19629,,,false,7
,G?ErU{,9,20397,,,false,7
,G@Aiv{,0,23191,,,false,7
,G@Aiv{,1,21584,,,false,7
,G@Aiv{,2,21026,,,false,7
,G@Aiv{,3,30525,,,false,7
,G@Aiv{,4,20607,,,false,7
,G@Aiv{,5,20816,,,false,7
,G@Aiv{,6,20955,,,false,7
,G@Aiv{,7,20537,,,false,7
,G@Aiv{,8,20676,,,false,7
,G@Aiv{,9,20188,,,false,7
,G?C}^k,0,22981,,,false,7
,G?C}^k,1,21026,,,false,7
,G?C}^k,2,21026,,,false,7
,G?C}^k,3,20397,,,false,7
,G?C}^k,4,21026,,,false,7
,G?C}^k,5,20537,,,false,7
,G?C}^k,6,20676,,,false,7
,G?C}^k,7,21375,,,false,7
,G?C}^k,8,20816,,,false,7
,G?C}^k,9,20816,,,false,7
,G?Hszs,0,23820,,,false,7
,G?Hszs,1,21375,,,false,7
,G?Hszs,2,20467,,,false,7
,G?Hszs,3,20537,,,false,7
,G?Hszs,4,20607,,,false,7
,G?Hszs,5,20396,,,false,7
,G?Hszs,6,20397,,,false,7
,G?Hszs,7,20537,,,false,7
,G?Hszs,8,20257,,,false,7
,G?Hszs,9,20746,,,false,7
,G?FRX{,0,23960,,,false,7
,G?FRX{,1,21095,,,false,7
,G?FRX{,2,20537,,,false,7
,G?FRX{,3,20397,,,false,7
,G?FRX{,4,19978,,,false,7
,G?FRX{,5,20537,,,false,7
,G?FRX{,6,20187,,,false,7
,G?FRX{,7,20467,,,false,7
,G?FRX{,8,20816,,,false,7
,G?FRX{,9,19978,,,false,7
,G?Er]{,0,23051,,,false,7
,G?Er]{,1,21515,,,false,7
,G?Er]{,2,21095,,,false,7
,G?Er]{,3,20956,,,false,7
,G?Er]{,4,20467,,,false,7
,G?Er]{,5,20467,,,false,7
,G?Er]{,6,21235,,,false,7
,G?Er]{,7,20816,,,false,7
,G?Er]{,8,21165,,,false,7
,G?Er]{,9,20607,,,false,7
,G_?|Qs,0,23471,,,false,7
,G_?|Qs,1,20467,,,false,7
,G_?|Qs,2,19978,,,false,7
,G_?|Qs,3,20048,,,false,7
,G_?|Qs,4,20187,,,false,7
,G_?|Qs,5,19978,,,false,7
,G_?|Qs,6,20327,,,false,7
,G_?|Qs,7,19908,,,false,7
,G_?|Qs,8,19489,,,false,7
,G_?|Qs,9,19838,,,false,7
,G_?ytK,0,22004,,,false,7
,G_?ytK,1,20117,,,false,7
,G_?ytK,2,20047,,,false,7
,G_?ytK,3,19489,,,false,7
,G_?ytK,4,19908,,,false,7
,G_?ytK,5,20048,,,false,7
,G_?ytK,6,19769,,,false,7
,G_?ytK,7,19768,,,false,7
,G_?ytK,8,20047,,,false,7
,G_?ytK,9,19629,,,false,7
,G?O|fo,0,24798,,,false,7
,G?O|fo,1,20537,,,false,7
,G?O|fo,2,20397,,,false,7
,G?O|fo,3,19977,,,false,7
,G?O|fo,4,20188,,,false,7
,G?O|fo,5,19628,,,false,7
,G?O|fo,6,20467,,,false,7
,G?O|fo,7,19769,,,false,7
,G?O|fo,8,20048,,,false,7
,G?O|fo,9,20118,,,false,7
,GGAXu[,0,22912,,,false,7
,GGAXu[,1,20886,,,false,7
,GGAXu[,2,19977,,,false,7
,GGAXu[,3,20118,,,false,7
,GGAXu[,4,20117,,,false,7
,GGAXu[,5,19769,,,false,7
,GGAXu[,6,19488,,,false,7
,GGAXu[,7,19628,,,false,7
,GGAXu[,8,19978,,,false,7
,GGAXu[,9,19978,,,false,7
,G_Aix{,0,23820,,,false,7
,G_Aix{,1,21165,,,false,7
,G_Aix{,2,20397,,,false,7
,G_Aix{,3,20397,,,false,7
,G_Aix{,4,20048,,,false,7
,G_Aix{,5,20466,,,false,7
,G_Aix{,6,20258,,,false,7
,G_Aix{,7,20536,,,false,7
,G_Aix{,8,20118,,,false,7
,G_Aix{,9,20047,,,false,7
,G?HXvk,0,24728,,,false,7
,G?HXvk,1,20955,,,false,7
,G?HXvk,2,20607,,,false,7
,G?HXvk,3,20188,,,false,7
,G?HXvk,4,20397,,,false,7
,G?HXvk,5,20257,,,false,7
,G?HXvk,6,20118,,,false,7
,G?HXvk,7,20048,,,false,7
,G?HXvk,8,20397,,,false,7
,G?HXvk,9,20048,,,false,7
,G?K]Nc,0,26753,,,false,7
,G?K]Nc,1,21934,,,false,7
,G?K]Nc,2,21025,,,false,7
,G?K]Nc,3,20747,,,false,7
,G?K]Nc,4,20746,,,false,7
,G?K]Nc,5,20746,,,false,7
,G?K]Nc,6,20606,,,false,7
,G?K]Nc,7,21026,,,false,7
,G?K]Nc,8,20537,,,false,7
,G?K]Nc,9,20886,,,false,7
,GCCZ^K,0,26265,,,false,7
,GCCZ^K,1,21514,,,false,7
,GCCZ^K,2,21166,,,false,7
,GCCZ^K,3,21095,,,false,7
,GCCZ^K,4,21235,,,false,7
,GCCZ^K,5,21096,,,false,7
,GCCZ^K,6,21025,,,false,7
,GCCZ^K,7,21375,,,false,7
,GCCZ^K,8,21375,,,false,7
,GCCZ^K,9,20536,,,false,7
,GC_Zj[,0,24029,,,false,7
,GC_Zj[,1,21445,,,false,7
,GC_Zj[,2,21165,,,false,7
,GC_Zj[,3,20816,,,false,7
,GC_Zj[,4,21026,,,false,7
,GC_Zj[,5,20886,,,false,7
,GC_Zj[,6,20816,,,false,7
,GC_Zj[,7,21026,,,false,7
,GC_Zj[,8,21025,,,false,7
,GC_Zj[,9,20607,,,false,7
,G@G^Uk,0,23749,,,false,7
,G@G^Uk,1,21375,,,false,7
,G@G^Uk,2,21165,,,false,7
,G@G^Uk,3,20955,,,false,7
,G@G^Uk,4,20955,,,false,7
,G@G^Uk,5,20537,,,false,7
,G@G^Uk,6,21025,,,false,7
,G@G^Uk,7,21026,,,false,7
,G@G^Uk,8,30525,,,false,7
,G@G^Uk,9,21025,,,false,7
,GGKQK[,0,26683,,,false,7
,GGKQK[,1,20746,,,false,7
,GGKQK[,2,19908,,,false,7
,GGKQK[,3,19699,,,false,7
,GGKQK[,4,19489,,,false,7
,GGKQK[,5,19977,,,false,7
,GGKQK[,6,19139,,,false,7
,GGKQK[,7,19629,,,false,7
,GGKQK[,8,19488,,,false,7
,GGKQK[,9,19559,,,false,7
,GGDPS{,0,23121,,,false,7
,GGDPS{,1,20327,,,false,7
,GGDPS{,2,19279,,,false,7
,GGDPS{,3,19209,,,false,7
,GGDPS{,4,19140,,,false,7
,GGDPS{,5,19488,,,false,7
,GGDPS{,6,19070,,,false,7
,GGDPS{,7,19629,,,false,7
,GGDPS{,8,19628,,,false,7
,GGDPS{,9,18930,,,false,7
,GAOpS{,0,25775,,,false,7
,GAOpS{,1,21864,,,false,7
,GAOpS{,2,21375,,,false,7
,GAOpS{,3,20397,,,false,7
,GAOpS{,4,21026,,,false,7
,GAOpS{,5,20536,,,false,7
,GAOpS{,6,20607,,,false,7
,GAOpS{,7,20886,,,false,7
,GAOpS{,8,20467,,,false,7
,GAOpS{,9,20537,,,false,7
,GI?gt{,0,25915,,,false,7
,GI?gt{,1,21864,,,false,7
,GI?gt{,2,20956,,,false,7
,GI?gt{,3,20955,,,false,7
,GI?gt{,4,31015,,,false,7
,GI?gt{,5,21095,,,false,7
,GI?gt{,6,21026,,,false,7
,GI?gt{,7,20606,,,false,7
,GI?gt{,8,20816,,,false,7
,GI?gt{,9,20886,,,false,7
,GI?gv{,0,24797,,,false,7
,GI?gv{,1,21794,,,false,7
,GI?gv{,2,21305,,,false,7
,GI?gv{,3,20956,,,false,7
,GI?gv{,4,20537,,,false,7
,GI?gv{,5,21096,,,false,7
,GI?gv{,6,20886,,,false,7
,GI?gv{,7,20886,,,false,7
,GI?gv{,8,20956,,,false,7
,GI?gv{,9,20746,,,false,7
,GAHco{,0,23051,,,false,7
,GAHco{,1,20047,,,false,7
,GAHco{,2,19140,,,false,7
,GAHco{,3,19629,,,false,7
,GAHco{,4,19419,,,false,7
,GAHco{,5,19070,,,false,7
,GAHco{,6,19140,,,false,7
,GAHco{,7,19069,,,false,7
,GAHco{,8,18930,,,false,7
,GAHco{,9,19140,,,false,7
,G@P_|s,0,23610,,,false,7
,G@P_|s,1,19978,,,false,7
,G@P_|s,2,19698,,,false,7
,G@P_|s,3,19629,,,false,7
,G@P_|s,4,19489,,,false,7
,G@P_|s,5,19419,,,false,7
,G@P_|s,6,19140,,,false,7
,G@P_|s,7,19698,,,false,7
,G@P_|s,8,19978,,,false,7
,G@P_|s,9,19419,,,false,7
,GGHSsw,0,36183,,,false,7
,GGHSsw,1,21934,,,false,7
,GGHSsw,2,21095,,,false,7
,GGHSsw,3,21026,,,false,7
,GGHSsw,4,20886,,,false,7
,GGHSsw,5,20956,,,false,7
,GGHSsw,6,20467,,,false,7
,GGHSsw,7,20746,,,false,7
,GGHSsw,8,21026,,,false,7
,GGHSsw,9,20676,,,false,7
,GGO\dw,0,25427,,,false,7
,GGO\dw,1,22003,,,false,7
,GGO\dw,2,21026,,,false,7
,GGO\dw,3,20816,,,false,7
,GGO\dw,4,20955,,,false,7
,GGO\dw,5,21026,,,false,7
,GGO\dw,6,20676,,,false,7
,GGO\dw,7,20956,,,false,7
,GGO\dw,8,20676,,,false,7
,GGO\dw,9,20886,,,false,7
,G@IQ]{,0,26264,,,false,7
,G@IQ]{,1,22911,,,false,7
,G@IQ]{,2,22283,,,false,7
,G@IQ]{,3,21933,,,false,7
,G@IQ]{,4,21933,,,false,7
,G@IQ]{,5,21585,,,false,7
,G@IQ]{,6,21095,,,false,7
,G@IQ]{,7,21654,,,false,7
,G@IQ]{,8,21794,,,false,7
,G@IQ]{,9,21585,,,false,7
,G@DJ\w,0,27661,,,false,7
,G@DJ\w,1,22912,,,false,7
,G@DJ\w,2,22492,,,false,7
,G@DJ\w,3,21794,,,false,7
,G@DJ\w,4,21375,,,false,7
,G@DJ\w,5,30455,,,false,7
,G@DJ\w,6,21864,,,false,7
,G@DJ\w,7,21515,,,false,7
,G@DJ\w,8,21444,,,false,7
,G@DJ\w,9,21305,,,false,7
,G@Ok}w,0,23959,,,false,7
,G@Ok}w,1,20607,,,false,7
,G@Ok}w,2,20187,,,false,7
,G@Ok}w,3,19838,,,false,7
,G@Ok}w,4,20397,,,false,7
,G@Ok}w,5,19698,,,false,7
,G@Ok}w,6,19839,,,false,7
,G@Ok}w,7,20188,,,false,7
,G@Ok}w,8,19698,,,false,7
,G@Ok}w,9,20118,,,false,7
,G@EJZw,0,25706,,,false,7
,G@EJZw,1,22283,,,false,7
,G@EJZw,2,21514,,,false,7
,G@EJZw,3,21515,,,false,7
,G@EJZw,4,21165,,,false,7
,G@EJZw,5,21236,,,false,7
,G@EJZw,6,21235,,,false,7
,G@EJZw,7,21025,,,false,7
,G@EJZw,8,21096,,,false,7
,G@EJZw,9,21514,,,false,7
,G@DdY{,0,26125,,,false,7
,G@DdY{,1,22353,,,false,7
,G@DdY{,2,21864,,,false,7
,G@DdY{,3,21655,,,false,7
,G@DdY{,4,21305,,,false,7
,G@DdY{,5,21584,,,false,7
,G@DdY{,6,21514,,,false,7
,G@DdY{,7,21585,,,false,7
,G@DdY{,8,21515,,,false,7
,G@DdY{,9,21444,,,false,7
,G?XTtg,0,36253,,,false,7
,G?XTtg,1,22004,,,false,7
,G?XTtg,2,21305,,,false,7
,G?XTtg,3,20816,,,false,7
,G?XTtg,4,20607,,,false,7
,G?XTtg,5,20467,,,false,7
,G?XTtg,6,20885,,,false,7
,G?XTtg,7,20467,,,false,7
,G?XTtg,8,20607,,,false,7
,G?XTtg,9,20536,,,false,7
,G?XTtk,0,23680,,,false,7
,G?XTtk,1,21305,,,false,7
,G?XTtk,2,21026,,,false,7
,G?XTtk,3,20956,,,false,7
,G?XTtk,4,21165,,,false,7
,G?XTtk,5,20886,,,false,7
,G?XTtk,6,21095,,,false,7
,G?XTtk,7,20537,,,false,7
,G?XTtk,8,21025,,,false,7
,G?XTtk,9,20816,,,false,7
,G?Sr^w,0,27592,,,false,7
,G?Sr^w,1,22493,,,false,7
,G?Sr^w,2,22423,,,false,7
,G?Sr^w,3,21724,,,false,7
,G?Sr^w,4,21864,,,false,7
,G?Sr^w,5,21514,,,false,7
,G?Sr^w,6,22004,,,false,7
,G?Sr^w,7,21933,,,false,7
,G?Sr^w,8,22004,,,false,7
,G?Sr^w,9,21305,,,false,7
,G?XP~k,0,25566,,,false,7
,G?XP~k,1,22702,,,false,7
,G?XP~k,2,21515,,,false,7
,G?XP~k,3,21933,,,false,7
,G?XP~k,4,21934,,,false,7
,G?XP~k,5,21375,,,false,7
,G?XP~k,6,21863,,,false,7
,G?XP~k,7,21934,,,false,7
,G?XP~k,8,21515,,,false,7
,G?XP~k,9,21584,,,false,7
,G??guK,0,54974,,,false,3
,G??guK,1,46243,,,false,3
,G??guK,2,43309,,,false,3
,G??guK,3,43867,,,false,3
,G??guK,4,42471,,,false,3
,G??guK,5,42750,,,false,3
,G??guK,6,42261,,,false,3
,G??guK,7,42121,,,false,3
,G??guK,8,42960,,,false,3
,G??guK,9,42121,,,false,3
,G@EIzw,0,28361,,,false,7
,G@EIzw,1,22633,,,false,7
,G@EIzw,2,21584,,,false,7
,G@EIzw,3,21515,,,false,7
,G@EIzw,4,21514,,,false,7
,G@EIzw,5,21305,,,false,7
,G@EIzw,6,20956,,,false,7
,G@EIzw,7,21445,,,false,7
,G@EIzw,8,21585,,,false,7
,G@EIzw,9,21026,,,false,7
,G?UP~K,0,27872,,,false,7
,G?UP~K,1,22353,,,false,7
,G?UP~K,2,31504,,,false,7
,G?UP~K,3,21374,,,false,7
,G?UP~K,4,20956,,,false,7
,G?UP~K,5,21025,,,false,7
,G?UP~K,6,21095,,,false,7
,G?UP~K,7,21375,,,false,7
,G?UP~K,8,20886,,,false,7
,G?UP~K,9,21095,,,false,7
,GCDH~[,0,26753,,,false,7
,GCDH~[,1,22353,,,false,7
,GCDH~[,2,22283,,,false,7
,GCDH~[,3,21514,,,false,7
,GCDH~[,4,21515,,,false,7
,GCDH~[,5,21585,,,false,7
,GCDH~[,6,21444,,,false,7
,GCDH~[,7,21305,,,false,7
,GCDH~[,8,21375,,,false,7
,GCDH~[,9,21445,,,false,7
,G?Ss~[,0,26125,,,false,7
,G?Ss~[,1,22283,,,false,7
,G?Ss~[,2,21864,,,false,7
,G?Ss~[,3,21444,,,false,7
,G?Ss~[,4,21515,,,false,7
,G?Ss~[,5,21514,,,false,7
,G?Ss~[,6,21305,,,false,7
,G?Ss~[,7,21305,,,false,7
,G?Ss~[,8,21375,,,false,7
,G?Ss~[,9,22004,,,false,7
,GAG[~{,0,24868,,,false,7
,GAG[~{,1,21864,,,false,7
,GAG[~{,2,20886,,,false,7
,GAG[~{,3,20537,,,false,7
,GAG[~{,4,20606,,,false,7
,GAG[~{,5,20537,,,false,7
,GAG[~{,6,20257,,,false,7
,GAG[~{,7,30735,,,false,7
,GAG[~{,8,20118,,,false,7
,GAG[~{,9,20606,,,false,7
,GAHe|{,0,24867,,,false,7
,GAHe|{,1,21515,,,false,7
,GAHe|{,2,20816,,,false,7
,GAHe|{,3,20467,,,false,7
,GAHe|{,4,21096,,,false,7
,GAHe|{,5,20746,,,false,7
,GAHe|{,6,20677,,,false,7
,GAHe|{,7,20466,,,false,7
,GAHe|{,8,21166,,,false,7
,GAHe|{,9,21025,,,false,7
,G@Om|w,0,23261,,,false,7
,G@Om|w,1,20467,,,false,7
,G@Om|w,2,20537,,,false,7
,G@Om|w,3,19699,,,false,7
,G@Om|w,4,20466,,,false,7
,G@Om|w,5,19838,,,false,7
,G@Om|w,6,19978,,,false,7
,G@Om|w,7,19978,,,false,7
,G@Om|w,8,19838,,,false,7
,G@Om|w,9,19558,,,false,7
,GAG]|w,0,22493,,,false,7
,GAG]|w,1,20955,,,false,7
,GAG]|w,2,20397,,,false,7
,GAG]|w,3,20048,,,false,7
,GAG]|w,4,20676,,,false,7
,GAG]|w,5,19908,,,false,7
,GAG]|w,6,19768,,,false,7
,GAG]|w,7,20118,,,false,7
,GAG]|w,8,20118,,,false,7
,GAG]|w,9,19977,,,false,7
,G?Sv^w,0,27102,,,false,7
,G?Sv^w,1,23191,,,false,7
,G?Sv^w,2,31504,,,false,7
,G?Sv^w,3,22633,,,false,7
,G?Sv^w,4,22214,,,false,7
,G?Sv^w,5,22003,,,false,7
,G?Sv^w,6,21934,,,false,7
,G?Sv^w,7,21864,,,false,7
,G?Sv^w,8,21864,,,false,7
,G?Sv^w,9,22004,,,false,7
,G@G]UK,0,25427,,,false,7
,G@G]UK,1,22073,,,false,7
,G@G]UK,2,21445,,,false,7
,G@G]UK,3,21165,,,false,7
,G@G]UK,4,21026,,,false,7
,G@G]UK,5,21025,,,false,7
,G@G]UK,6,20956,,,false,7
,G@G]UK,7,20886,,,false,7
,G@G]UK,8,21025,,,false,7
,G@G]UK,9,21026,,,false,7
,G?KuMs,0,25776,,,false,7
,G?KuMs,1,21864,,,false,7
,G?KuMs,2,21724,,,false,7
,G?KuMs,3,21305,,,false,7
,G?KuMs,4,21095,,,false,7
,G?KuMs,5,21445,,,false,7
,G?KuMs,6,21305,,,false,7
,G?KuMs,7,21514,,,false,7
,G?KuMs,8,21026,,,false,7
,G?KuMs,9,21096,,,false,7
,G@G[yw,0,26614,,,false,7
,G@G[yw,1,22632,,,false,7
,G@G[yw,2,21305,,,false,7
,G@G[yw,3,21515,,,false,7
,G@G[yw,4,21445,,,false,7
,G@G[yw,5,21375,,,false,7
,G@G[yw,6,21445,,,false,7
,G@G[yw,7,21514,,,false,7
,G@G[yw,8,32901,,,false,7
,G@G[yw,9,21444,,,false,7
,GAKs][,0,26125,,,false,7
,GAKs][,1,21864,,,false,7
,GAKs][,2,20327,,,false,7
,GAKs][,3,20467,,,false,7
,GAKs][,4,20607,,,false,7
,GAKs][,5,20047,,,false,7
,GAKs][,6,20397,,,false,7
,GAKs][,7,20397,,,false,7
,GAKs][,8,20955,,,false,7
,GAKs][,9,20188,,,false,7
,G@IYu{,0,25916,,,false,7
,G@IYu{,1,23261,,,false,7
,G@IYu{,2,22493,,,false,7
,G@IYu{,3,22003,,,false,7
,G@IYu{,4,22004,,,false,7
,G@IYu{,5,21864,,,false,7
,G@IYu{,6,21864,,,false,7
,G@IYu{,7,21864,,,false,7
,G@IYu{,8,22003,,,false,7
,G@IYu{,9,21654,,,false,7
,GAKuZ[,0,25915,,,false,7
,GAKuZ[,1,21375,,,false,7
,GAKuZ[,2,21095,,,false,7
,GAKuZ[,3,20537,,,false,7
,GAKuZ[,4,21026,,,false,7
,GAKuZ[,5,20816,,,false,7
,GAKuZ[,6,20467,,,false,7
,GAKuZ[,7,20537,,,false,7
,GAKuZ[,8,20606,,,false,7
,GAKuZ[,9,20257,,,false,7
,GAKu\[,0,23890,,,false,7
,GAKu\[,1,21026,,,false,7
,GAKu\[,2,31015,,,false,7
,GAKu\[,3,20537,,,false,7
,GAKu\[,4,20606,,,false,7
,GAKu\[,5,20397,,,false,7
,GAKu\[,6,20397,,,false,7
,GAKu\[,7,21025,,,false,7
,GAKu\[,8,20467,,,false,7
,GAKu\[,9,20257,,,false,7
,GCKr]W,0,24448,,,false,7
,GCKr]W,1,21514,,,false,7
,GCKr]W,2,20607,,,false,7
,GCKr]W,3,19908,,,false,7
,GCKr]W,4,20467,,,false,7
,GCKr]W,5,20118,,,false,7
,GCKr]W,6,19768,,,false,7
,GCKr]W,7,20397,,,false,7
,GCKr]W,8,20327,,,false,7
,GCKr]W,9,20118,,,false,7
,GADl\s,0,26754,,,false,7
,GADl\s,1,22841,,,false,7
,GADl\s,2,21794,,,false,7
,GADl\s,3,21445,,,false,7
,GADl\s,4,21514,,,false,7
,GADl\s,5,21654,,,false,7
,GADl\s,6,21445,,,false,7
,GADl\s,7,21236,,,false,7
,GADl\s,8,21305,,,false,7
,GADl\s,9,21584,,,false,7
,G@G}m[,0,25217,,,false,7
,G@G}m[,1,22772,,,false,7
,G@G}m[,2,22004,,,false,7
,G@G}m[,3,22003,,,false,7
,G@G}m[,4,22074,,,false,7
,G@G}m[,5,21515,,,false,7
,G@G}m[,6,21655,,,false,7
,G@G}m[,7,21305,,,false,7
,G@G}m[,8,31014,,,false,7
,G@G}m[,9,22004,,,false,7
,Go@Xz{,0,28081,,,false,7
,Go@Xz{,1,23890,,,false,7
,Go@Xz{,2,23051,,,false,7
,Go@Xz{,3,23401,,,false,7
,Go@Xz{,4,22563,,,false,7
,Go@Xz{,5,22702,,,false,7
,Go@Xz{,6,22492,,,false,7
,Go@Xz{,7,22493,,,false,7
,Go@Xz{,8,22353,,,false,7
,Go@Xz{,9,22841,,,false,7
,G@K]m[,0,25776,,,false,7
,G@K]m[,1,22422,,,false,7
,G@K]m[,2,22074,,,false,7
,G@K]m[,3,21584,,,false,7
,G@K]m[,4,21654,,,false,7
,G@K]m[,5,21445,,,false,7
,G@K]m[,6,21584,,,false,7
,G@K]m[,7,21514,,,false,7
,G@K]m[,8,21585,,,false,7
,G@K]m[,9,21864,,,false,7
,G?S~Bc,0,27173,,,false,7
,G?S~Bc,1,22422,,,false,7
,G?S~Bc,2,21166,,,false,7
,G?S~Bc,3,21235,,,false,7
,G?S~Bc,4,21165,,,false,7
,G?S~Bc,5,20537,,,false,7
,G?S~Bc,6,21095,,,false,7
,G?S~Bc,7,21096,,,false,7
,G?S~Bc,8,20886,,,false,7
,G?S~Bc,9,20956,,,false,7
,GANDG{,0,24798,,,false,7
,GANDG{,1,21095,,,false,7
,GANDG{,2,29897,,,false,7
,GANDG{,3,20048,,,false,7
,GANDG{,4,20327,,,false,7
,GANDG{,5,19977,,,false,7
,GANDG{,6,20118,,,false,7
,GANDG{,7,20117,,,false,7
,GANDG{,8,19908,,,false,7
,GANDG{,9,19489,,,false,7
,GDHG~K,0,25845,,,false,7
,GDHG~K,1,21375,,,false,7
,GDHG~K,2,20676,,,false,7
,GDHG~K,3,20537,,,false,7
,GDHG~K,4,20117,,,false,7
,GDHG~K,5,20537,,,false,7
,GDHG~K,6,20397,,,false,7
,GDHG~K,7,20955,,,false,7
,GDHG~K,8,20048,,,false,7
,GDHG~K,9,20188,,,false,7
,GCDhvK,0,26614,,,false,7
,GCDhvK,1,22632,,,false,7
,GCDhvK,2,21514,,,false,7
,GCDhvK,3,21096,,,false,7
,GCDhvK,4,21445,,,false,7
,GCDhvK,5,20885,,,false,7
,GCDhvK,6,20886,,,false,7
,GCDhvK,7,21445,,,false,7
,GCDhvK,8,21095,,,false,7
,GCDhvK,9,21515,,,false,7
,G?czb[,0,42680,,,false,7
,G?czb[,1,36603,,,false,7
,G?czb[,2,34298,,,false,7
,G?czb[,3,34367,,,false,7
,G?czb[,4,33878,,,false,7
,G?czb[,5,42750,,,false,7
,G?czb[,6,34298,,,false,7
,G?czb[,7,34088,,,false,7
,G?czb[,8,33879,,,false,7
,G?czb[,9,33389,,,false,7
,G?L\f[,0,25845,,,false,7
,G?L\f[,1,22982,,,false,7
,G?L\f[,2,22283,,,false,7
,G?L\f[,3,21724,,,false,7
,G?L\f[,4,21794,,,false,7
,G?L\f[,5,21584,,,false,7
,G?L\f[,6,21864,,,false,7
,G?L\f[,7,21305,,,false,7
,G?L\f[,8,21444,,,false,7
,G?L\f[,9,21515,,,false,7
,G?Yq|s,0,25845,,,false,7
,G?Yq|s,1,22423,,,false,7
,G?Yq|s,2,22283,,,false,7
,G?Yq|s,3,21724,,,false,7
,G?Yq|s,4,21026,,,false,7
,G?Yq|s,5,21514,,,false,7
,G?Yq|s,6,21375,,,false,7
,G?Yq|s,7,21305,,,false,7
,G?Yq|s,8,21584,,,false,7
,G?Yq|s,9,21514,,,false,7
,G?cznK,0,25845,,,false,7
,G?cznK,1,22353,,,false,7
,G?cznK,2,21654,,,false,7
,G?cznK,3,21305,,,false,7
,G?cznK,4,21096,,,false,7
,G?cznK,5,21444,,,false,7
,G?cznK,6,21375,,,false,7
,G?cznK,7,21515,,,false,7
,G?cznK,8,31433,,,false,7
,G?cznK,9,21445,,,false,7
,G?V`~s,0,26265,,,false,7
,G?V`~s,1,22842,,,false,7
,G?V`~s,2,22353,,,false,7
,G?V`~s,3,22352,,,false,7
,G?V`~s,4,21864,,,false,7
,G?V`~s,5,22423,,,false,7
,G?V`~s,6,22003,,,false,7
,G?V`~s,7,22074,,,false,7
,G?V`~s,8,22422,,,false,7
,G?V`~s,9,21864,,,false,7
,G?@Htk,0,22772,,,false,7
,G?@Htk,1,19559,,,false,7
,G?@Htk,2,19419,,,false,7
,G?@Htk,3,19070,,,false,7
,G?@Htk,4,19140,,,false,7
,G?@Htk,5,18651,,,false,7
,G?@Htk,6,18930,,,false,7
,G?@Htk,7,18581,,,false,7
,G?@Htk,8,18790,,,false,7
,G?@Htk,9,19000,,,false,7
,G?hZlk,0,26614,,,false,7
,G?hZlk,1,22492,,,false,7
,G?hZlk,2,22004,,,false,7
,G?hZlk,3,21445,,,false,7
,G?hZlk,4,21794,,,false,7
,G?hZlk,5,21515,,,false,7
,G?hZlk,6,21445,,,false,7
,G?hZlk,7,21654,,,false,7
,G?hZlk,8,21934,,,false,7
,G?hZlk,9,21863,,,false,7
,G?h\rk,0,25566,,,false,7
,G?h\rk,1,22074,,,false,7
,G?h\rk,2,31015,,,false,7
,G?h\rk,3,22003,,,false,7
,G?h\rk,4,21515,,,false,7
,G?h\rk,5,21444,,,false,7
,G?h\rk,6,21794,,,false,7
,G?h\rk,7,21375,,,false,7
,G?h\rk,8,21514,,,false,7
,G?h\rk,9,21934,,,false,7
,G?ozn{,0,26684,,,false,7
,G?ozn{,1,23331,,,false,7
,G?ozn{,2,22423,,,false,7
,G?ozn{,3,22912,,,false,7
,G?ozn{,4,22492,,,false,7
,G?ozn{,5,22493,,,false,7
,G?ozn{,6,22283,,,false,7
,G?ozn{,7,22213,,,false,7
,G?ozn{,8,22702,,,false,7
,G?ozn{,9,22003,,,false,7
,G?LuZs,0,26194,,,false,7
,G?LuZs,1,23261,,,false,7
,G?LuZs,2,22353,,,false,7
,G?LuZs,3,21933,,,false,7
,G?LuZs,4,22004,,,false,7
,G?LuZs,5,21584,,,false,7
,G?LuZs,6,21934,,,false,7
,G?LuZs,7,21724,,,false,7
,G?LuZs,8,22004,,,false,7
,G?LuZs,9,22003,,,false,7
,G?Mi~k,0,26264,,,false,7
,G?Mi~k,1,22842,,,false,7
,G?Mi~k,2,22353,,,false,7
,G?Mi~k,3,21864,,,false,7
,G?Mi~k,4,22283,,,false,7
,G?Mi~k,5,22004,,,false,7
,G?Mi~k,6,21864,,,false,7
,G?Mi~k,7,32271,,,false,7
,G?Mi~k,8,21864,,,false,7
,G?Mi~k,9,21864,,,false,7
,GAEj|w,0,27592,,,false,7
,GAEj|w,1,23680,,,false,7
,GAEj|w,2,22772,,,false,7
,GAEj|w,3,21864,,,false,7
,GAEj|w,4,22423,,,false,7
,GAEj|w,5,21794,,,false,7
,GAEj|w,6,22283,,,false,7
,GAEj|w,7,21864,,,false,7
,GAEj|w,8,22073,,,false,7
,GAEj|w,9,22003,,,false,7
,G?Mz~k,0,31992,,,false,7
,G?Mz~k,1,23960,,,false,7
,G?Mz~k,2,23610,,,false,7
,G?Mz~k,3,22562,,,false,7
,G?Mz~k,4,22493,,,false,7
,G?Mz~k,5,22981,,,false,7
,G?Mz~k,6,22912,,,false,7
,G?Mz~k,7,22492,,,false,7
,G?Mz~k,8,22842,,,false,7
,G?Mz~k,9,22772,,,false,7
,G?Mzv_,0,25706,,,false,7
,G?Mzv_,1,22562,,,false,7
,G?Mzv_,2,22841,,,false,7
,G?Mzv_,3,22353,,,false,7
,G?Mzv_,4,22772,,,false,7
,G?Mzv_,5,21933,,,false,7
,G?Mzv_,6,22004,,,false,7
,G?Mzv_,7,21933,,,false,7
,G?Mzv_,8,22004,,,false,7
,G?Mzv_,9,22283,,,false,7
,G?AYpo,0,20746,,,false,7
,G?AYpo,1,18371,,,false,7
,G?AYpo,2,18162,,,false,7
,G?AYpo,3,18022,,,false,7
,G?AYpo,4,18022,,,false,7
,G?AYpo,5,18232,,,false,7
,G?AYpo,6,18231,,,false,7
,G?AYpo,7,18441,,,false,7
,G?AYpo,8,18651,,,false,7
,G?AYpo,9,17812,,,false,7
,G_GSZ_,0,23610,,,false,7
,G_GSZ_,1,19838,,,false,7
,G_GSZ_,2,18721,,,false,7
,G_GSZ_,3,19000,,,false,7
,G_GSZ_,4,18999,,,false,7
,G_GSZ_,5,19209,,,false,7
,G_GSZ_,6,19629,,,false,7
,G_GSZ_,7,18442,,,false,7
,G_GSZ_,8,19070,,,false,7
,G_GSZ_,9,18721,,,false,7
,G@`?xw,0,53856,,,false,7
,G@`?xw,1,45894,,,false,7
,G@`?xw,2,43798,,,false,7
,G@`?xw,3,43029,,,false,7
,G@`?xw,4,42890,,,false,7
,G@`?xw,5,43099,,,false,7
,G@`?xw,6,42680,,,false,7
,G@`?xw,7,42540,,,false,7
,G@`?xw,8,42400,,,false,7
,G@`?xw,9,42960,,,false,7
,GCO_~[,0,24867,,,false,7
,GCO_~[,1,20747,,,false,7
,GCO_~[,2,19769,,,false,7
,GCO_~[,3,20187,,,false,7
,GCO_~[,4,19629,,,false,7
,GCO_~[,5,19419,,,false,7
,GCO_~[,6,19558,,,false,7
,GCO_~[,7,19629,,,false,7
,GCO_~[,8,19698,,,false,7
,GCO_~[,9,18930,,,false,7
,GCO_~{,0,22004,,,false,7
,GCO_~{,1,20467,,,false,7
,GCO_~{,2,19699,,,false,7
,GCO_~{,3,18091,,,false,7
,GCO_~{,4,19140,,,false,7
,GCO_~{,5,19559,,,false,7
,GCO_~{,6,19419,,,false,7
,GCO_~{,7,19559,,,false,7
,GCO_~{,8,19628,,,false,7
,GCO_~{,9,19488,,,false,7
,GCOaxw,0,39956,,,false,7
,GCOaxw,1,35135,,,false,7
,GCOaxw,2,34298,,,false,7
,GCOaxw,3,33809,,,false,7
,GCOaxw,4,33390,,,false,7
,GCOaxw,5,33878,,,false,7
,GCOaxw,6,34787,,,false,7
,GCOaxw,7,33878,,,false,7
,GCOaxw,8,33390,,,false,7
,GCOaxw,9,33390,,,false,7
,GQ?g}K,0,33390,,,false,7
,GQ?g}K,1,20537,,,false,7
,GQ?g}K,2,20048,,,false,7
,GQ?g}K,3,19698,,,false,7
,GQ?g}K,4,19419,,,false,7
,GQ?g}K,5,19838,,,false,7
,GQ?g}K,6,19559,,,false,7
,GQ?g}K,7,19419,,,false,7
,GQ?g}K,8,19419,,,false,7
,GQ?g}K,9,19139,,,false,7
,G_l@Gk,0,24867,,,false,7
,G_l@Gk,1,20467,,,false,7
,G_l@Gk,2,19070,,,false,7
,G_l@Gk,3,19139,,,false,7
,G_l@Gk,4,19279,,,false,7
,G_l@Gk,5,18860,,,false,7
,G_l@Gk,6,19000,,,false,7
,G_l@Gk,7,19140,,,false,7
,G_l@Gk,8,19000,,,false,7
,G_l@Gk,9,19489,,,false,7
,G`GSY[,0,23400,,,false,7
,G`GSY[,1,20118,,,false,7
,G`GSY[,2,19419,,,false,7
,G`GSY[,3,19070,,,false,7
,G`GSY[,4,19279,,,false,7
,G`GSY[,5,19279,,,false,7
,G`GSY[,6,18860,,,false,7
,G`GSY[,7,19210,,,false,7
,G`GSY[,8,19000,,,false,7
,G`GSY[,9,18931,,,false,7
,G??q\s,0,22493,,,false,7
,G??q\s,1,19209,,,false,7
,G??q\s,2,19000,,,false,7
,G??q\s,3,19070,,,false,7
,G??q\s,4,18790,,,false,7
,G??q\s,5,18581,,,false,7
,G??q\s,6,18790,,,false,7
,G??q\s,7,18650,,,false,7
,G??q\s,8,18511,,,false,7
,G??q\s,9,29059,,,false,7
,G?CTZW,0,24728,,,false,7
,G?CTZW,1,20956,,,false,7
,G?CTZW,2,20047,,,false,7
,G?CTZW,3,19699,,,false,7
,G?CTZW,4,19977,,,false,7
,G?CTZW,5,19838,,,false,7
,G?CTZW,6,19978,,,false,7
,G?CTZW,7,20048,,,false,7
,G?CTZW,8,19419,,,false,7
,G?CTZW,9,20048,,,false,7
,GGCmc[,0,23401,,,false,7
,GGCmc[,1,20047,,,false,7
,GGCmc[,2,18930,,,false,7
,GGCmc[,3,19070,,,false,7
,GGCmc[,4,19768,,,false,7
,GGCmc[,5,18791,,,false,7
,GGCmc[,6,19280,,,false,7
,GGCmc[,7,19139,,,false,7
,GGCmc[,8,19489,,,false,7
,GGCmc[,9,19419,,,false,7
,GCDH^K,0,26754,,,false,7
,GCDH^K,1,21933,,,false,7
,GCDH^K,2,21585,,,false,7
,GCDH^K,3,21864,,,false,7
,GCDH^K,4,22144,,,false,7
,GCDH^K,5,21235,,,false,7
,GCDH^K,6,21095,,,false,7
,GCDH^K,7,20886,,,false,7
,GCDH^K,8,21305,,,false,7
,GCDH^K,9,21025,,,false,7
,GCDH^[,0,25287,,,false,7
,GCDH^[,1,22493,,,false,7
,GCDH^[,2,21654,,,false,7
,GCDH^[,3,21444,,,false,7
,GCDH^[,4,21724,,,false,7
,GCDH^[,5,21445,,,false,7
,GCDH^[,6,20955,,,false,7
,GCDH^[,7,22003,,,false,7
,GCDH^[,8,21514,,,false,7
,GCDH^[,9,21375,,,false,7
,G`GR[{,0,23331,,,false,7
,G`GR[{,1,20117,,,false,7
,G`GR[{,2,19769,,,false,7
,G`GR[{,3,19279,,,false,7
,G`GR[{,4,19349,,,false,7
,G`GR[{,5,19629,,,false,7
,G`GR[{,6,19977,,,false,7
,G`GR[{,7,19419,,,false,7
,G`GR[{,8,19559,,,false,7
,G`GR[{,9,19070,,,false,7
,GG_q|{,0,25147,,,false,7
,GG_q|{,1,21305,,,false,7
,GG_q|{,2,20467,,,false,7
,GG_q|{,3,20956,,,false,7
,GG_q|{,4,20257,,,false,7
,GG_q|{,5,20467,,,false,7
,GG_q|{,6,20536,,,false,7
,GG_q|{,7,20118,,,false,7
,GG_q|{,8,19978,,,false,7
,GG_q|{,9,20397,,,false,7
,Go?Ax{,0,25705,,,false,7
,Go?Ax{,1,21654,,,false,7
,Go?Ax{,2,21724,,,false,7
,Go?Ax{,3,21235,,,false,7
,Go?Ax{,4,21026,,,false,7
,Go?Ax{,5,21095,,,false,7
,Go?Ax{,6,20956,,,false,7
,Go?Ax{,7,20886,,,false,7
,Go?Ax{,8,20955,,,false,7
,Go?Ax{,9,21026,,,false,7
,G??i|s,0,31433,,,false,7
,G??i|s,1,19279,,,false,7
,G??i|s,2,18791,,,false,7
,G??i|s,3,18091,,,false,7
,G??i|s,4,18721,,,false,7
,G??i|s,5,18022,,,false,7
,G??i|s,6,18511,,,false,7
,G??i|s,7,18651,,,false,7
,G??i|s,8,18162,,,false,7
,G??i|s,9,18511,,,false,7
,G@dTZ[,0,27103,,,false,7
,G@dTZ[,1,22073,,,false,7
,G@dTZ[,2,21375,,,false,7
,G@dTZ[,3,20676,,,false,7
,G@dTZ[,4,20956,,,false,7
,G@dTZ[,5,21026,,,false,7
,G@dTZ[,6,20537,,,false,7
,G@dTZ[,7,21026,,,false,7
,G@dTZ[,8,20816,,,false,7
,G@dTZ[,9,20956,,,false,7
,GGgq{{,0,24937,,,false,7
,GGgq{{,1,21375,,,false,7
,GGgq{{,2,21166,,,false,7
,GGgq{{,3,21026,,,false,7
,GGgq{{,4,20537,,,false,7
,GGgq{{,5,21095,,,false,7
,GGgq{{,6,20886,,,false,7
,GGgq{{,7,20956,,,false,7
,GGgq{{,8,20955,,,false,7
,GGgq{{,9,20607,,,false,7
,GAcr\{,0,25916,,,false,7
,GAcr\{,1,22633,,,false,7
,GAcr\{,2,22003,,,false,7
,GAcr\{,3,21096,,,false,7
,GAcr\{,4,21444,,,false,7
,GAcr\{,5,20886,,,false,7
,GAcr\{,6,20886,,,false,7
,GAcr\{,7,31503,,,false,7
,GAcr\{,8,21445,,,false,7
,GAcr\{,9,21165,,,false,7
,G@UJh{,0,26125,,,false,7
,G@UJh{,1,22422,,,false,7
,G@UJh{,2,21305,,,false,7
,G@UJh{,3,20956,,,false,7
,G@UJh{,4,20606,,,false,7
,G@UJh{,5,20537,,,false,7
,G@UJh{,6,20886,,,false,7
,G@UJh{,7,20396,,,false,7
,G@UJh{,8,20956,,,false,7
,G@UJh{,9,20676,,,false,7
,GCOzs{,0,24449,,,false,7
,GCOzs{,1,20955,,,false,7
,GCOzs{,2,20118,,,false,7
,GCOzs{,3,20047,,,false,7
,GCOzs{,4,20466,,,false,7
,GCOzs{,5,20397,,,false,7
,GCOzs{,6,20118,,,false,7
,GCOzs{,7,20187,,,false,7
,GCOzs{,8,20467,,,false,7
,GCOzs{,9,20257,,,false,7
,G@Qi|s,0,23890,,,false,7
,G@Qi|s,1,20467,,,false,7
,G@Qi|s,2,20397,,,false,7
,G@Qi|s,3,20537,,,false,7
,G@Qi|s,4,19628,,,false,7
,G@Qi|s,5,19629,,,false,7
,G@Qi|s,6,20397,,,false,7
,G@Qi|s,7,20397,,,false,7
,G@Qi|s,8,20118,,,false,7
,G@Qi|s,9,19978,,,false,7
,GAJax{,0,23261,,,false,7
,GAJax{,1,20886,,,false,7
,GAJax{,2,20048,,,false,7
,GAJax{,3,20536,,,false,7
,GAJax{,4,20118,,,false,7
,GAJax{,5,19978,,,false,7
,GAJax{,6,19908,,,false,7
,GAJax{,7,19559,,,false,7
,GAJax{,8,19768,,,false,7
,GAJax{,9,19769,,,false,7
,G@P\^k,0,23471,,,false,7
,G@P\^k,1,21095,,,false,7
,G@P\^k,2,20537,,,false,7
,G@P\^k,3,19908,,,false,7
,G@P\^k,4,20536,,,false,7
,G@P\^k,5,20118,,,false,7
,G@P\^k,6,20187,,,false,7
,G@P\^k,7,20397,,,false,7
,G@P\^k,8,20327,,,false,7
,G@P\^k,9,19978,,,false,7
,GAIZ~w,0,24239,,,false,7
,GAIZ~w,1,21305,,,false,7
,GAIZ~w,2,21096,,,false,7
,GAIZ~w,3,21095,,,false,7
,GAIZ~w,4,20676,,,false,7
,GAIZ~w,5,20886,,,false,7
,GAIZ~w,6,20327,,,false,7
,GAIZ~w,7,20537,,,false,7
,GAIZ~w,8,20467,,,false,7
,GAIZ~w,9,20676,,,false,7
,GAMPY[,0,26334,,,false,7
,GAMPY[,1,21515,,,false,7
,GAMPY[,2,20537,,,false,7
,GAMPY[,3,20047,,,false,7
,GAMPY[,4,19978,,,false,7
,GAMPY[,5,20048,,,false,7
,GAMPY[,6,20187,,,false,7
,GAMPY[,7,19768,,,false,7
,GAMPY[,8,19768,,,false,7
,GAMPY[,9,20467,,,false,7
,GAcpZ[,0,41912,,,false,7
,GAcpZ[,1,35764,,,false,7
,GAcpZ[,2,33460,,,false,7
,GAcpZ[,3,32971,,,false,7
,GAcpZ[,4,33110,,,false,7
,GAcpZ[,5,32970,,,false,7
,GAcpZ[,6,32831,,,false,7
,GAcpZ[,7,32900,,,false,7
,GAcpZ[,8,32482,,,false,7
,GAcpZ[,9,32411,,,false,7
,GAHXvK,0,23331,,,false,7
,GAHXvK,1,20466,,,false,7
,GAHXvK,2,19350,,,false,7
,GAHXvK,3,19978,,,false,7
,GAHXvK,4,19629,,,false,7
,GAHXvK,5,19558,,,false,7
,GAHXvK,6,19489,,,false,7
,GAHXvK,7,19559,,,false,7
,GAHXvK,8,19629,,,false,7
,GAHXvK,9,19629,,,false,7
,GAHkzs,0,23680,,,false,7
,GAHkzs,1,20886,,,false,7
,GAHkzs,2,20606,,,false,7
,GAHkzs,3,20467,,,false,7
,GAHkzs,4,20397,,,false,7
,GAHkzs,5,20117,,,false,7
,GAHkzs,6,20118,,,false,7
,GAHkzs,7,20048,,,false,7
,GAHkzs,8,19908,,,false,7
,GAHkzs,9,19978,,,false,7
,GOPXvk,0,34018,,,false,7
,GOPXvk,1,20676,,,false,7
,GOPXvk,2,20118,,,false,7
,GOPXvk,3,19978,,,false,7
,GOPXvk,4,19978,,,false,7
,GOPXvk,5,19559,,,false,7
,GOPXvk,6,19699,,,false,7
,GOPXvk,7,19977,,,false,7
,GOPXvk,8,19908,,,false,7
,GOPXvk,9,19629,,,false,7
,G?BDz{,0,21165,,,false,7
,G?BDz{,1,19489,,,false,7
,G?BDz{,2,19210,,,false,7
,G?BDz{,3,18581,,,false,7
,G?BDz{,4,18930,,,false,7
,G?BDz{,5,18651,,,false,7
,G?BDz{,6,18720,,,false,7
,G?BDz{,7,19000,,,false,7
,G?BDz{,8,18930,,,false,7
,G?BDz{,9,19139,,,false,7
,G@O|}w,0,25077,,,false,7
,G@O|}w,1,21165,,,false,7
,G@O|}w,2,20607,,,false,7
,G@O|}w,3,20536,,,false,7
,G@O|}w,4,20118,,,false,7
,G@O|}w,5,19908,,,false,7
,G@O|}w,6,20047,,,false,7
,G@O|}w,7,20537,,,false,7
,G@O|}w,8,20187,,,false,7
,G@O|}w,9,19978,,,false,7
,GQAzu[,0,23261,,,false,7
,GQAzu[,1,20118,,,false,7
,GQAzu[,2,19978,,,false,7
,GQAzu[,3,19978,,,false,7
,GQAzu[,4,20118,,,false,7
,GQAzu[,5,20047,,,false,7
,GQAzu[,6,20048,,,false,7
,GQAzu[,7,19908,,,false,7
,GQAzu[,8,28639,,,false,7
,GQAzu[,9,19978,,,false,7
,GAJ\r{,0,23890,,,false,7
,GAJ\r{,1,20886,,,false,7
,GAJ\r{,2,20886,,,false,7
,GAJ\r{,3,20537,,,false,7
,GAJ\r{,4,20537,,,false,7
,GAJ\r{,5,20187,,,false,7
,GAJ\r{,6,20467,,,false,7
,GAJ\r{,7,20397,,,false,7
,GAJ\r{,8,20117,,,false,7
,GAJ\r{,9,20258,,,false,7
,G_hP_[,0,25636,,,false,7
,G_hP_[,1,20956,,,false,7
,G_hP_[,2,19698,,,false,7
,G_hP_[,3,19628,,,false,7
,G_hP_[,4,19419,,,false,7
,G_hP_[,5,19978,,,false,7
,G_hP_[,6,19628,,,false,7
,G_hP_[,7,19629,,,false,7
,G_hP_[,8,19908,,,false,7
,G_hP_[,9,19558,,,false,7
,GCUb?{,0,24658,,,false,7
,GCUb?{,1,20816,,,false,7
,GCUb?{,2,20048,,,false,7
,GCUb?{,3,20047,,,false,7
,GCUb?{,4,20118,,,false,7
,GCUb?{,5,19908,,,false,7
,GCUb?{,6,20047,,,false,7
,GCUb?{,7,20048,,,false,7
,GCUb?{,8,20187,,,false,7
,GCUb?{,9,19769,,,false,7
,Gp@Gzo,0,27662,,,false,7
,Gp@Gzo,1,21584,,,false,7
,Gp@Gzo,2,20397,,,false,7
,Gp@Gzo,3,31014,,,false,7
,Gp@Gzo,4,20397,,,false,7
,Gp@Gzo,5,20467,,,false,7
,Gp@Gzo,6,20187,,,false,7
,Gp@Gzo,7,20328,,,false,7
,Gp@Gzo,8,20258,,,false,7
,Gp@Gzo,9,19698,,,false,7
,GoDPZ{,0,24308,,,false,7
,GoDPZ{,1,20886,,,false,7
,GoDPZ{,2,20397,,,false,7
,GoDPZ{,3,20048,,,false,7
,GoDPZ{,4,20187,,,false,7
,GoDPZ{,5,19978,,,false,7
,GoDPZ{,6,20327,,,false,7
,GoDPZ{,7,20537,,,false,7
,GoDPZ{,8,20467,,,false,7
,GoDPZ{,9,20467,,,false,7
,GaIHg{,0,23960,,,false,7
,GaIHg{,1,20537,,,false,7
,GaIHg{,2,19628,,,false,7
,GaIHg{,3,19419,,,false,7
,GaIHg{,4,19070,,,false,7
,GaIHg{,5,19279,,,false,7
,GaIHg{,6,19559,,,false,7
,GaIHg{,7,19768,,,false,7
,GaIHg{,8,19000,,,false,7
,GaIHg{,9,19070,,,false,7
,GGUTX{,0,26195,,,false,7
,GGUTX{,1,21515,,,false,7
,GGUTX{,2,21025,,,false,7
,GGUTX{,3,20188,,,false,7
,GGUTX{,4,20397,,,false,7
,GGUTX{,5,20816,,,false,7
,GGUTX{,6,20956,,,false,7
,GGUTX{,7,20467,,,false,7
,GGUTX{,8,21235,,,false,7
,GGUTX{,9,20956,,,false,7
,G?Baps,0,20816,,,false,7
,G?Baps,1,18091,,,false,7
,G?Baps,2,18232,,,false,7
,G?Baps,3,18022,,,false,7
,G?Baps,4,18022,,,false,7
,G?Baps,5,18302,,,false,7
,G?Baps,6,17882,,,false,7
,G?Baps,7,17952,,,false,7
,G?Baps,8,17743,,,false,7
,G?Baps,9,18022,,,false,7
,G??X~G,0,41213,,,false,7
,G??X~G,1,35765,,,false,7
,G??X~G,2,34368,,,false,7
,G??X~G,3,33878,,,false,7
,G??X~G,4,34158,,,false,7
,G??X~G,5,33878,,,false,7
,G??X~G,6,33319,,,false,7
,G??X~G,7,33809,,,false,7
,G??X~G,8,33809,,,false,7
,G??X~G,9,33390,,,false,7
,G@hSz[,0,26334,,,false,7
,G@hSz[,1,21934,,,false,7
,G@hSz[,2,20886,,,false,7
,G@hSz[,3,20886,,,false,7
,G@hSz[,4,20117,,,false,7
,G@hSz[,5,20606,,,false,7
,G@hSz[,6,20607,,,false,7
,G@hSz[,7,20397,,,false,7
,G@hSz[,8,20048,,,false,7
,G@hSz[,9,20607,,,false,7
,GqGUXw,0,22772,,,false,7
,GqGUXw,1,19699,,,false,7
,GqGUXw,2,19489,,,false,7
,GqGUXw,3,19070,,,false,7
,GqGUXw,4,19139,,,false,7
,GqGUXw,5,19140,,,false,7
,GqGUXw,6,19000,,,false,7
,GqGUXw,7,19069,,,false,7
,GqGUXw,8,19140,,,false,7
,GqGUXw,9,19070,,,false,7
,GGMP}w,0,25566,,,false,7
,GGMP}w,1,21584,,,false,7
,GGMP}w,2,20537,,,false,7
,GGMP}w,3,19978,,,false,7
,GGMP}w,4,19978,,,false,7
,GGMP}w,5,20048,,,false,7
,GGMP}w,6,20187,,,false,7
,GGMP}w,7,19489,,,false,7
,GGMP}w,8,19908,,,false,7
,GGMP}w,9,20047,,,false,7
,G@hP~w,0,25985,,,false,7
,G@hP~w,1,21864,,,false,7
,G@hP~w,2,21444,,,false,7
,G@hP~w,3,21096,,,false,7
,G@hP~w,4,21025,,,false,7
,G@hP~w,5,20536,,,false,7
,G@hP~w,6,21305,,,false,7
,G@hP~w,7,20467,,,false,7
,G@hP~w,8,21096,,,false,7
,G@hP~w,9,21165,,,false,7
,GaClz{,0,26893,,,false,7
,GaClz{,1,22422,,,false,7
,GaClz{,2,21026,,,false,7
,GaClz{,3,21026,,,false,7
,GaClz{,4,21025,,,false,7
,GaClz{,5,20816,,,false,7
,GaClz{,6,20956,,,false,7
,GaClz{,7,21445,,,false,7
,GaClz{,8,21166,,,false,7
,GaClz{,9,21445,,,false,7
,GBIM~w,0,25775,,,false,7
,GBIM~w,1,21864,,,false,7
,GBIM~w,2,21375,,,false,7
,GBIM~w,3,21025,,,false,7
,GBIM~w,4,21096,,,false,7
,GBIM~w,5,21095,,,false,7
,GBIM~w,6,20886,,,false,7
,GBIM~w,7,20816,,,false,7
,GBIM~w,8,20956,,,false,7
,GBIM~w,9,20956,,,false,7
,G?AZRk,0,20467,,,false,7
,G?AZRk,1,18721,,,false,7
,G?AZRk,2,18650,,,false,7
,G?AZRk,3,18441,,,false,7
,G?AZRk,4,18162,,,false,7
,G?AZRk,5,17812,,,false,7
,G?AZRk,6,18022,,,false,7
,G?AZRk,7,18022,,,false,7
,G?AZRk,8,17882,,,false,7
,G?AZRk,9,17883,,,false,7
,G?AZVk,0,19629,,,false,7
,G?AZVk,1,18580,,,false,7
,G?AZVk,2,18441,,,false,7
,G?AZVk,3,18651,,,false,7
,G?AZVk,4,18650,,,false,7
,G?AZVk,5,18511,,,false,7
,G?AZVk,6,18511,,,false,7
,G?AZVk,7,18301,,,false,7
,G?AZVk,8,18581,,,false,7
,G?AZVk,9,18930,,,false,7
,GALel[,0,26265,,,false,7
,GALel[,1,21514,,,false,7
,GALel[,2,20607,,,false,7
,GALel[,3,20397,,,false,7
,GALel[,4,20466,,,false,7
,GALel[,5,20118,,,false,7
,GALel[,6,20537,,,false,7
,GALel[,7,20257,,,false,7
,GALel[,8,20187,,,false,7
,GALel[,9,20257,,,false,7
,G@TtU[,0,23959,,,false,7
,G@TtU[,1,20606,,,false,7
,G@TtU[,2,20397,,,false,7
,G@TtU[,3,20467,,,false,7
,G@TtU[,4,20117,,,false,7
,G@TtU[,5,20188,,,false,7
,G@TtU[,6,20397,,,false,7
,G@TtU[,7,19838,,,false,7
,G@TtU[,8,19978,,,false,7
,G@TtU[,9,19978,,,false,7
,GIEht{,0,25217,,,false,7
,GIEht{,1,22004,,,false,7
,GIEht{,2,21026,,,false,7
,GIEht{,3,20606,,,false,7
,GIEht{,4,20956,,,false,7
,GIEht{,5,20397,,,false,7
,GIEht{,6,21025,,,false,7
,GIEht{,7,20746,,,false,7
,GIEht{,8,20746,,,false,7
,GIEht{,9,20467,,,false,7
,GAYXzk,0,26265,,,false,7
,GAYXzk,1,22003,,,false,7
,GAYXzk,2,21026,,,false,7
,GAYXzk,3,20816,,,false,7
,GAYXzk,4,20955,,,false,7
,GAYXzk,5,21096,,,false,7
,GAYXzk,6,20676,,,false,7
,GAYXzk,7,20677,,,false,7
,GAYXzk,8,20747,,,false,7
,GAYXzk,9,20606,,,false,7
,G@Xs}{,0,25286,,,false,7
,G@Xs}{,1,31015,,,false,7
,G@Xs}{,2,21584,,,false,7
,G@Xs}{,3,20956,,,false,7
,G@Xs}{,4,20816,,,false,7
,G@Xs}{,5,20956,,,false,7
,G@Xs}{,6,20466,,,false,7
,G@Xs}{,7,20816,,,false,7
,G@Xs}{,8,20886,,,false,7
,G@Xs}{,9,20537,,,false,7
,GG]Pm[,0,26265,,,false,7
,GG]Pm[,1,21584,,,false,7
,GG]Pm[,2,20816,,,false,7
,GG]Pm[,3,19978,,,false,7
,GG]Pm[,4,20607,,,false,7
,GG]Pm[,5,20467,,,false,7
,GG]Pm[,6,20187,,,false,7
,GG]Pm[,7,20536,,,false,7
,GG]Pm[,8,20537,,,false,7
,GG]Pm[,9,20467,,,false,7
,G@h[z[,0,25706,,,false,7
,G@h[z[,1,21445,,,false,7
,G@h[z[,2,21025,,,false,7
,G@h[z[,3,20677,,,false,7
,G@h[z[,4,20955,,,false,7
,G@h[z[,5,20746,,,false,7
,G@h[z[,6,20607,,,false,7
,G@h[z[,7,20607,,,false,7
,G@h[z[,8,20885,,,false,7
,G@h[z[,9,20397,,,false,7
,GILe|{,0,25775,,,false,7
,GILe|{,1,22074,,,false,7
,GILe|{,2,21514,,,false,7
,GILe|{,3,20397,,,false,7
,GILe|{,4,21235,,,false,7
,GILe|{,5,21235,,,false,7
,GILe|{,6,20537,,,false,7
,GILe|{,7,30875,,,false,7
,GILe|{,8,21026,,,false,7
,GILe|{,9,20955,,,false,7
,GGS}|{,0,26125,,,false,7
,GGS}|{,1,22283,,,false,7
,GGS}|{,2,21375,,,false,7
,GGS}|{,3,21445,,,false,7
,GGS}|{,4,21375,,,false,7
,GGS}|{,5,20816,,,false,7
,GGS}|{,6,21375,,,false,7
,GGS}|{,7,21096,,,false,7
,GGS}|{,8,21584,,,false,7
,GGS}|{,9,21096,,,false,7
,GALt]s,0,25286,,,false,7
,GALt]s,1,22353,,,false,7
,GALt]s,2,20886,,,false,7
,GALt]s,3,20956,,,false,7
,GALt]s,4,20816,,,false,7
,GALt]s,5,20466,,,false,7
,GALt]s,6,21095,,,false,7
,GALt]s,7,21026,,,false,7
,GALt]s,8,20886,,,false,7
,GALt]s,9,20886,,,false,7
,GGUp}{,0,24937,,,false,7
,GGUp}{,1,22144,,,false,7
,GGUp}{,2,21235,,,false,7
,GGUp}{,3,20955,,,false,7
,GGUp}{,4,20676,,,false,7
,GGUp}{,5,20607,,,false,7
,GGUp}{,6,20536,,,false,7
,GGUp}{,7,20886,,,false,7
,GGUp}{,8,20467,,,false,7
,GGUp}{,9,21025,,,false,7
,GONR}{,0,25845,,,false,7
,GONR}{,1,22702,,,false,7
,GONR}{,2,30316,,,false,7
,GONR}{,3,21375,,,false,7
,GONR}{,4,20886,,,false,7
,GONR}{,5,21025,,,false,7
,GONR}{,6,21026,,,false,7
,GONR}{,7,21025,,,false,7
,GONR}{,8,20816,,,false,7
,GONR}{,9,20886,,,false,7
,G?Bax{,0,20466,,,false,7
,G?Bax{,1,18721,,,false,7
,G?Bax{,2,18231,,,false,7
,G?Bax{,3,18651,,,false,7
,G?Bax{,4,18511,,,false,7
,G?Bax{,5,18650,,,false,7
,G?Bax{,6,18721,,,false,7
,G?Bax{,7,18162,,,false,7
,G?Bax{,8,18441,,,false,7
,G?Bax{,9,18232,,,false,7
,G?AZ^k,0,20258,,,false,7
,G?AZ^k,1,18441,,,false,7
,G?AZ^k,2,18231,,,false,7
,G?AZ^k,3,18022,,,false,7
,G?AZ^k,4,18092,,,false,7
,G?AZ^k,5,18231,,,false,7
,G?AZ^k,6,18092,,,false,7
,G?AZ^k,7,18022,,,false,7
,G?AZ^k,8,18231,,,false,7
,G?AZ^k,9,18231,,,false,7
,GCSzzw,0,43518,,,false,7
,GCSzzw,1,37511,,,false,7
,GCSzzw,2,35275,,,false,7
,GCSzzw,3,34857,,,false,7
,GCSzzw,4,35345,,,false,7
,GCSzzw,5,35206,,,false,7
,GCSzzw,6,44985,,,false,7
,GCSzzw,7,35066,,,false,7
,GCSzzw,8,35136,,,false,7
,GCSzzw,9,34787,,,false,7
,GAkzn[,0,25775,,,false,7
,GAkzn[,1,22004,,,false,7
,GAkzn[,2,20606,,,false,7
,GAkzn[,3,20886,,,false,7
,GAkzn[,4,20327,,,false,7
,GAkzn[,5,20467,,,false,7
,GAkzn[,6,20886,,,false,7
,GAkzn[,7,20327,,,false,7
,GAkzn[,8,20467,,,false,7
,GAkzn[,9,20607,,,false,7
,GEL\Z[,0,25287,,,false,7
,GEL\Z[,1,21375,,,false,7
,GEL\Z[,2,20885,,,false,7
,GEL\Z[,3,20607,,,false,7
,GEL\Z[,4,20467,,,false,7
,GEL\Z[,5,20257,,,false,7
,GEL\Z[,6,20048,,,false,7
,GEL\Z[,7,20117,,,false,7
,GEL\Z[,8,20537,,,false,7
,GEL\Z[,9,19978,,,false,7
,GBd\Z[,0,23401,,,false,7
,GBd\Z[,1,21025,,,false,7
,GBd\Z[,2,20607,,,false,7
,GBd\Z[,3,19908,,,false,7
,GBd\Z[,4,20397,,,false,7
,GBd\Z[,5,20047,,,false,7
,GBd\Z[,6,20467,,,false,7
,GBd\Z[,7,20327,,,false,7
,GBd\Z[,8,20047,,,false,7
,GBd\Z[,9,20118,,,false,7
,GANe|w,0,33319,,,false,7
,GANe|w,1,22143,,,false,7
,GANe|w,2,20537,,,false,7
,GANe|w,3,20676,,,false,7
,GANe|w,4,20886,,,false,7
,GANe|w,5,20537,,,false,7
,GANe|w,6,20467,,,false,7
,GANe|w,7,20397,,,false,7
,GANe|w,8,20118,,,false,7
,GANe|w,9,20537,,,false,7
,GES|^[,0,25706,,,false,7
,GES|^[,1,22283,,,false,7
,GES|^[,2,21305,,,false,7
,GES|^[,3,20956,,,false,7
,GES|^[,4,20956,,,false,7
,GES|^[,5,20886,,,false,7
,GES|^[,6,20956,,,false,7
,GES|^[,7,20606,,,false,7
,GES|^[,8,21026,,,false,7
,GES|^[,9,20536,,,false,7
,GBM^]{,0,25287,,,false,7
,GBM^]{,1,22352,,,false,7
,GBM^]{,2,21444,,,false,7
,GBM^]{,3,21375,,,false,7
,GBM^]{,4,21305,,,false,7
,GBM^]{,5,21445,,,false,7
,GBM^]{,6,21514,,,false,7
,GBM^]{,7,21515,,,false,7
,GBM^]{,8,21444,,,false,7
,GBM^]{,9,21375,,,false,7
,GDXcy{,0,23261,,,false,7
,GDXcy{,1,20188,,,false,7
,GDXcy{,2,19489,,,false,7
,GDXcy{,3,19489,,,false,7
,GDXcy{,4,19698,,,false,7
,GDXcy{,5,19629,,,false,7
,GDXcy{,6,28639,,,false,7
,GDXcy{,7,19489,,,false,7
,GDXcy{,8,19489,,,false,7
,GDXcy{,9,19140,,,false,7
,GCXtuw,0,22423,,,false,7
,GCXtuw,1,20258,,,false,7
,GCXtuw,2,19908,,,false,7
,GCXtuw,3,19628,,,false,7
,GCXtuw,4,19489,,,false,7
,GCXtuw,5,19489,,,false,7
,GCXtuw,6,19629,,,false,7
,GCXtuw,7,19629,,,false,7
,GCXtuw,8,19908,,,false,7
,GCXtuw,9,19559,,,false,7
,GIG\[w,0,26405,,,false,7
,GIG\[w,1,21305,,,false,7
,GIG\[w,2,20187,,,false,7
,GIG\[w,3,20537,,,false,7
,GIG\[w,4,20048,,,false,7
,GIG\[w,5,20118,,,false,7
,GIG\[w,6,20396,,,false,7
,GIG\[w,7,20048,,,false,7
,GIG\[w,8,20118,,,false,7
,GIG\[w,9,20676,,,false,7
,GQGX}W,0,22283,,,false,7
,GQGX}W,1,19419,,,false,7
,GQGX}W,2,19000,,,false,7
,GQGX}W,3,18930,,,false,7
,GQGX}W,4,18721,,,false,7
,GQGX}W,5,18721,,,false,7
,GQGX}W,6,18511,,,false,7
,GQGX}W,7,18581,,,false,7
,GQGX}W,8,18651,,,false,7
,GQGX}W,9,19139,,,false,7
,G`GZ[w,0,21864,,,false,7
,G`GZ[w,1,19419,,,false,7
,G`GZ[w,2,19069,,,false,7
,G`GZ[w,3,18511,,,false,7
,G`GZ[w,4,27662,,,false,7
,G`GZ[w,5,18092,,,false,7
,G`GZ[w,6,18721,,,false,7
,G`GZ[w,7,18581,,,false,7
,G`GZ[w,8,19000,,,false,7
,G`GZ[w,9,18162,,,false,7
,GHFKvK,0,25776,,,false,7
,GHFKvK,1,20746,,,false,7
,GHFKvK,2,20816,,,false,7
,GHFKvK,3,20118,,,false,7
,GHFKvK,4,19977,,,false,7
,GHFKvK,5,20397,,,false,7
,GHFKvK,6,20118,,,false,7
,GHFKvK,7,19629,,,false,7
,GHFKvK,8,20117,,,false,7
,GHFKvK,9,19908,,,false,7
,G_[sj[,0,23889,,,false,7
,G_[sj[,1,20467,,,false,7
,G_[sj[,2,19768,,,false,7
,G_[sj[,3,19489,,,false,7
,G_[sj[,4,19698,,,false,7
,G_[sj[,5,19629,,,false,7
,G_[sj[,6,19489,,,false,7
,G_[sj[,7,19559,,,false,7
,G_[sj[,8,19628,,,false,7
,G_[sj[,9,19140,,,false,7
,G_[sn[,0,22772,,,false,7
,G_[sn[,1,20397,,,false,7
,G_[sn[,2,19978,,,false,7
,G_[sn[,3,19838,,,false,7
,G_[sn[,4,19559,,,false,7
,G_[sn[,5,19628,,,false,7
,G_[sn[,6,19629,,,false,7
,G_[sn[,7,19419,,,false,7
,G_[sn[,8,19977,,,false,7
,G_[sn[,9,20118,,,false,7
,GcCzR{,0,25357,,,false,7
,GcCzR{,1,30805,,,false,7
,GcCzR{,2,20955,,,false,7
,GcCzR{,3,20397,,,false,7
,GcCzR{,4,20607,,,false,7
,GcCzR{,5,20606,,,false,7
,GcCzR{,6,20537,,,false,7
,GcCzR{,7,20397,,,false,7
,GcCzR{,8,20466,,,false,7
,GcCzR{,9,20188,,,false,7
,GKKmi{,0,22563,,,false,7
,GKKmi{,1,19280,,,false,7
,GKKmi{,2,19139,,,false,7
,GKKmi{,3,19000,,,false,7
,GKKmi{,4,18930,,,false,7
,GKKmi{,5,19069,,,false,7
,GKKmi{,6,19140,,,false,7
,GKKmi{,7,19000,,,false,7
,GKKmi{,8,19069,,,false,7
,GKKmi{,9,19140,,,false,7
,GALt^s,0,26405,,,false,7
,GALt^s,1,21654,,,false,7
,GALt^s,2,20606,,,false,7
,GALt^s,3,20607,,,false,7
,GALt^s,4,20537,,,false,7
,GALt^s,5,20397,,,false,7
,GALt^s,6,20537,,,false,7
,GALt^s,7,20537,,,false,7
,GALt^s,8,20676,,,false,7
,GALt^s,9,20397,,,false,7
,GqAix{,0,26055,,,false,7
,GqAix{,1,22003,,,false,7
,GqAix{,2,20886,,,false,7
,GqAix{,3,20886,,,false,7
,GqAix{,4,21025,,,false,7
,GqAix{,5,21025,,,false,7
,GqAix{,6,20677,,,false,7
,GqAix{,7,20397,,,false,7
,GqAix{,8,29548,,,false,7
,GqAix{,9,20816,,,false,7
,GEHkzs,0,22912,,,false,7
,GEHkzs,1,20118,,,false,7
,GEHkzs,2,19978,,,false,7
,GEHkzs,3,19908,,,false,7
,GEHkzs,4,19629,,,false,7
,GEHkzs,5,19628,,,false,7
,GEHkzs,6,19489,,,false,7
,GEHkzs,7,19908,,,false,7
,GEHkzs,8,19558,,,false,7
,GEHkzs,9,19280,,,false,7
,GAjP~s,0,22632,,,false,7
,GAjP~s,1,20676,,,false,7
,GAjP~s,2,19628,,,false,7
,GAjP~s,3,19978,,,false,7
,GAjP~s,4,19908,,,false,7
,GAjP~s,5,19558,,,false,7
,GAjP~s,6,19699,,,false,7
,GAjP~s,7,19419,,,false,7
,GAjP~s,8,19419,,,false,7
,GAjP~s,9,19699,,,false,7
,G@W}]k,0,24518,,,false,7
,G@W}]k,1,21864,,,false,7
,G@W}]k,2,21095,,,false,7
,G@W}]k,3,20537,,,false,7
,G@W}]k,4,20117,,,false,7
,G@W}]k,5,20327,,,false,7
,G@W}]k,6,19978,,,false,7
,G@W}]k,7,20117,,,false,7
,G@W}]k,8,20676,,,false,7
,G@W}]k,9,20676,,,false,7
,GCLZ\[,0,24798,,,false,7
,GCLZ\[,1,21654,,,false,7
,GCLZ\[,2,20607,,,false,7
,GCLZ\[,3,20467,,,false,7
,GCLZ\[,4,20396,,,false,7
,GCLZ\[,5,30037,,,false,7
,GCLZ\[,6,20467,,,false,7
,GCLZ\[,7,20676,,,false,7
,GCLZ\[,8,21026,,,false,7
,GCLZ\[,9,20257,,,false,7
,GAY\Zk,0,23960,,,false,7
,GAY\Zk,1,21026,,,false,7
,GAY\Zk,2,20955,,,false,7
,GAY\Zk,3,20886,,,false,7
,GAY\Zk,4,20537,,,false,7
,GAY\Zk,5,20117,,,false,7
,GAY\Zk,6,20537,,,false,7
,GAY\Zk,7,20397,,,false,7
,GAY\Zk,8,20396,,,false,7
,GAY\Zk,9,20467,,,false,7
,G@qi~k,0,22772,,,false,7
,G@qi~k,1,20537,,,false,7
,G@qi~k,2,20117,,,false,7
,G@qi~k,3,20188,,,false,7
,G@qi~k,4,19419,,,false,7
,G@qi~k,5,19558,,,false,7
,G@qi~k,6,19629,,,false,7
,G@qi~k,7,19698,,,false,7
,G@qi~k,8,19769,,,false,7
,G@qi~k,9,19769,,,false,7
,G_hX~{,0,25776,,,false,7
,G_hX~{,1,21514,,,false,7
,G_hX~{,2,21515,,,false,7
,G_hX~{,3,20886,,,false,7
,G_hX~{,4,20955,,,false,7
,G_hX~{,5,21026,,,false,7
,G_hX~{,6,20676,,,false,7
,G_hX~{,7,21166,,,false,7
,G_hX~{,8,20746,,,false,7
,G_hX~{,9,20606,,,false,7
,GAMnnw,0,34297,,,false,7
,GAMnnw,1,21934,,,false,7
,GAMnnw,2,21096,,,false,7
,GAMnnw,3,20397,,,false,7
,GAMnnw,4,20886,,,false,7
,GAMnnw,5,20467,,,false,7
,GAMnnw,6,20746,,,false,7
,GAMnnw,7,20257,,,false,7
,GAMnnw,8,20956,,,false,7
,GAMnnw,9,20606,,,false,7
,G_Mz~k,0,23890,,,false,7
,G_Mz~k,1,20886,,,false,7
,G_Mz~k,2,20467,,,false,7
,G_Mz~k,3,20048,,,false,7
,G_Mz~k,4,19768,,,false,7
,G_Mz~k,5,20467,,,false,7
,G_Mz~k,6,19838,,,false,7
,G_Mz~k,7,19978,,,false,7
,G_Mz~k,8,20537,,,false,7
,G_Mz~k,9,20396,,,false,7
,G@Nv]{,0,24938,,,false,7
,G@Nv]{,1,22422,,,false,7
,G@Nv]{,2,22074,,,false,7
,G@Nv]{,3,21933,,,false,7
,G@Nv]{,4,21794,,,false,7
,G@Nv]{,5,21864,,,false,7
,G@Nv]{,6,21864,,,false,7
,G@Nv]{,7,21934,,,false,7
,G@Nv]{,8,21863,,,false,7
,G@Nv]{,9,21864,,,false,7
,G_lzrk,0,24797,,,false,7
,G_lzrk,1,21096,,,false,7
,G_lzrk,2,20467,,,false,7
,G_lzrk,3,20397,,,false,7
,G_lzrk,4,20467,,,false,7
,G_lzrk,5,20048,,,false,7
,G_lzrk,6,20327,,,false,7
,G_lzrk,7,30037,,,false,7
,G_lzrk,8,20327,,,false,7
,G_lzrk,9,20048,,,false,7
,G@zRzw,0,23890,,,false,7
,G@zRzw,1,21095,,,false,7
,G@zRzw,2,20956,,,false,7
,G@zRzw,3,20816,,,false,7
,G@zRzw,4,20048,,,false,7
,G@zRzw,5,20466,,,false,7
,G@zRzw,6,20467,,,false,7
,G@zRzw,7,20467,,,false,7
,G@zRzw,8,20606,,,false,7
,G@zRzw,9,20118,,,false,7
,G_lv~w,0,24238,,,false,7
,G_lv~w,1,21375,,,false,7
,G_lv~w,2,21026,,,false,7
,G_lv~w,3,20746,,,false,7
,G_lv~w,4,20746,,,false,7
,G_lv~w,5,20746,,,false,7
,G_lv~w,6,20677,,,false,7
,G_lv~w,7,20537,,,false,7
,G_lv~w,8,20467,,,false,7
,G_lv~w,9,20327,,,false,7
,GDhzu{,0,24797,,,false,7
,GDhzu{,1,21096,,,false,7
,GDhzu{,2,20536,,,false,7
,GDhzu{,3,20746,,,false,7
,GDhzu{,4,20397,,,false,7
,GDhzu{,5,20607,,,false,7
,GDhzu{,6,20956,,,false,7
,GDhzu{,7,20397,,,false,7
,GDhzu{,8,20607,,,false,7
,GDhzu{,9,20118,,,false,7
,GDhzv{,0,23471,,,false,7
,GDhzv{,1,21305,,,false,7
,GDhzv{,2,20816,,,false,7
,GDhzv{,3,20747,,,false,7
,GDhzv{,4,21165,,,false,7
,GDhzv{,5,20537,,,false,7
,GDhzv{,6,20886,,,false,7
,GDhzv{,7,20397,,,false,7
,GDhzv{,8,20467,,,false,7
,GDhzv{,9,20536,,,false,7
,GEnbzw,0,23750,,,false,7
,GEnbzw,1,20817,,,false,7
,GEnbzw,2,20537,,,false,7
,GEnbzw,3,20467,,,false,7
,GEnbzw,4,20467,,,false,7
,GEnbzw,5,20467,,,false,7
,GEnbzw,6,20118,,,false,7
,GEnbzw,7,20047,,,false,7
,GEnbzw,8,20467,,,false,7
,GEnbzw,9,19978,,,false,7
,GtlrY{,0,22632,,,false,7
,GtlrY{,1,20118,,,false,7
,GtlrY{,2,19769,,,false,7
,GtlrY{,3,19908,,,false,7
,GtlrY{,4,19139,,,false,7
,GtlrY{,5,19978,,,false,7
,GtlrY{,6,19419,,,false,7
,GtlrY{,7,19559,,,false,7
,GtlrY{,8,19559,,,false,7
,GtlrY{,9,19489,,,false,7
,G}nax{,0,22353,,,false,7
,G}nax{,1,20258,,,false,7
,G}nax{,2,19908,,,false,7
,G}nax{,3,19768,,,false,7
,G}nax{,4,19698,,,false,7
,G}nax{,5,19628,,,false,7
,G}nax{,6,19419,,,false,7
,G}nax{,7,19489,,,false,7
,G}nax{,8,19628,,,false,7
,G}nax{,9,19699,,,false,7
,G`iayw,0,23052,,,false,7
,G`iayw,1,19279,,,false,7
,G`iayw,2,19279,,,false,7
,G`iayw,3,18651,,,false,7
,G`iayw,4,18511,,,false,7
,G`iayw,5,18441,,,false,7
,G`iayw,6,18651,,,false,7
,G`iayw,7,18650,,,false,7
,G`iayw,8,18441,,,false,7
,G`iayw,9,18511,,,false,7
,G@hYtK,0,24379,,,false,7
,G@hYtK,1,20467,,,false,7
,G@hYtK,2,19769,,,false,7
,G@hYtK,3,19628,,,false,7
,G@hYtK,4,19559,,,false,7
,G@hYtK,5,19419,,,false,7
,G@hYtK,6,19558,,,false,7
,G@hYtK,7,19629,,,false,7
,G@hYtK,8,19559,,,false,7
,G@hYtK,9,19419,,,false,7
,GtP@Ww,0,22562,,,false,7
,GtP@Ww,1,19209,,,false,7
,GtP@Ww,2,18301,,,false,7
,GtP@Ww,3,18092,,,false,7
,GtP@Ww,4,18651,,,false,7
,GtP@Ww,5,18441,,,false,7
,GtP@Ww,6,18161,,,false,7
,GtP@Ww,7,18721,,,false,7
,GtP@Ww,8,18511,,,false,7
,GtP@Ww,9,18580,,,false,7
,GsXX~{,0,24449,,,false,7
,GsXX~{,1,20536,,,false,7
,GsXX~{,2,20257,,,false,7
,GsXX~{,3,19908,,,false,7
,GsXX~{,4,20118,,,false,7
,GsXX~{,5,19978,,,false,7
,GsXX~{,6,19489,,,false,7
,GsXX~{,7,20117,,,false,7
,GsXX~{,8,28570,,,false,7
,GsXX~{,9,20117,,,false,7
,GqhX~{,0,21863,,,false,7
,GqhX~{,1,20257,,,false,7
,GqhX~{,2,19908,,,false,7
,GqhX~{,3,20048,,,false,7
,GqhX~{,4,19908,,,false,7
,GqhX~{,5,19489,,,false,7
,GqhX~{,6,19628,,,false,7
,GqhX~{,7,19629,,,false,7
,GqhX~{,8,19908,,,false,7
,GqhX~{,9,19978,,,false,7
,Gdlr^{,0,22562,,,false,7
,Gdlr^{,1,20467,,,false,7
,Gdlr^{,2,20257,,,false,7
,Gdlr^{,3,19140,,,false,7
,Gdlr^{,4,19558,,,false,7
,Gdlr^{,5,19419,,,false,7
,Gdlr^{,6,19629,,,false,7
,Gdlr^{,7,19628,,,false,7
,Gdlr^{,8,19559,,,false,7
,Gdlr^{,9,19000,,,false,7
,G`o~f{,0,23960,,,false,7
,G`o~f{,1,20676,,,false,7
,G`o~f{,2,20258,,,false,7
,G`o~f{,3,20258,,,false,7
,G`o~f{,4,19628,,,false,7
,G`o~f{,5,20048,,,false,7
,G`o~f{,6,20397,,,false,7
,G`o~f{,7,20047,,,false,7
,G`o~f{,8,19629,,,false,7
,G`o~f{,9,20187,,,false,7
,GA_jlw,0,23820,,,false,7
,GA_jlw,1,19769,,,false,7
,GA_jlw,2,19070,,,false,7
,GA_jlw,3,19000,,,false,7
,GA_jlw,4,18930,,,false,7
,GA_jlw,5,29059,,,false,7
,GA_jlw,6,18720,,,false,7
,GA_jlw,7,19209,,,false,7
,GA_jlw,8,19070,,,false,7
,GA_jlw,9,18999,,,false,7
,G`Mi~_,0,21654,,,false,7
,G`Mi~_,1,19279,,,false,7
,G`Mi~_,2,18860,,,false,7
,G`Mi~_,3,19139,,,false,7
,G`Mi~_,4,19000,,,false,7
,G`Mi~_,5,18930,,,false,7
,G`Mi~_,6,19140,,,false,7
,G`Mi~_,7,19140,,,false,7
,G`Mi~_,8,18930,,,false,7
,G`Mi~_,9,19000,,,false,7
,G@oZN_,0,22563,,,false,7
,G@oZN_,1,19000,,,false,7
,G@oZN_,2,18441,,,false,7
,G@oZN_,3,18581,,,false,7
,G@oZN_,4,19000,,,false,7
,G@oZN_,5,18581,,,false,7
,G@oZN_,6,18720,,,false,7
,G@oZN_,7,18162,,,false,7
,G@oZN_,8,18022,,,false,7
,G@oZN_,9,18161,,,false,7
,GSP@x{,0,22911,,,false,7
,GSP@x{,1,18930,,,false,7
,GSP@x{,2,19070,,,false,7
,GSP@x{,3,18581,,,false,7
,GSP@x{,4,18790,,,false,7
,GSP@x{,5,19140,,,false,7
,GSP@x{,6,19139,,,false,7
,GSP@x{,7,19000,,,false,7
,GSP@x{,8,19000,,,false,7
,GSP@x{,9,18720,,,false,7
,G}hX~{,0,24378,,,false,7
,G}hX~{,1,21026,,,false,7
,G}hX~{,2,20746,,,false,7
,G}hX~{,3,20397,,,false,7
,G}hX~{,4,29618,,,false,7
,G}hX~{,5,20536,,,false,7
,G}hX~{,6,20467,,,false,7
,G}hX~{,7,20327,,,false,7
,G}hX~{,8,20536,,,false,7
,G}hX~{,9,20048,,,false,7
,GqN~v{,0,23261,,,false,7
,GqN~v{,1,20746,,,false,7
,GqN~v{,2,20886,,,false,7
,GqN~v{,3,20537,,,false,7
,GqN~v{,4,19978,,,false,7
,GqN~v{,5,20466,,,false,7
,GqN~v{,6,20118,,,false,7
,GqN~v{,7,20537,,,false,7
,GqN~v{,8,20047,,,false,7
,GqN~v{,9,20397,,,false,7
,G`~~~{,0,25356,,,false,7
,G`~~~{,1,21166,,,false,7
,G`~~~{,2,21235,,,false,7
,G`~~~{,3,20955,,,false,7
,G`~~~{,4,21096,,,false,7
,G`~~~{,5,20537,,,false,7
,G`~~~{,6,21095,,,false,7
,G`~~~{,7,20816,,,false,7
,G`~~~{,8,20537,,,false,7
,G`~~~{,9,21025,,,false,7
,G{S~~w,0,23400,,,false,7
,G{S~~w,1,21166,,,false,7
,G{S~~w,2,20396,,,false,7
,G{S~~w,3,20117,,,false,7
,G{S~~w,4,19978,,,false,7
,G{S~~w,5,20327,,,false,7
,G{S~~w,6,20117,,,false,7
,G{S~~w,7,20118,,,false,7
,G{S~~w,8,20047,,,false,7
,G{S~~w,9,20327,,,false,7
,G_?ztw,0,31853,,,false,7
,G_?ztw,1,19908,,,false,7
,G_?ztw,2,19139,,,false,7
,G_?ztw,3,19559,,,false,7
,G_?ztw,4,19419,,,false,7
,G_?ztw,5,19139,,,false,7
,G_?ztw,6,19140,,,false,7
,G_?ztw,7,19000,,,false,7
,G_?ztw,8,19000,,,false,7
,G_?ztw,9,19140,,,false,7
,G?qipk,0,24938,,,false,7
,G?qipk,1,21166,,,false,7
,G?qipk,2,20187,,,false,7
,G?qipk,3,20607,,,false,7
,G?qipk,4,20467,,,false,7
,G?qipk,5,20397,,,false,7
,G?qipk,6,20048,,,false,7
,G?qipk,7,20117,,,false,7
,G?qipk,8,19978,,,false,7
,G?qipk,9,19908,,,false,7
,G?uvZw,0,26404,,,false,7
,G?uvZw,1,21934,,,false,7
,G?uvZw,2,21445,,,false,7
,G?uvZw,3,21863,,,false,7
,G?uvZw,4,21515,,,false,7
,G?uvZw,5,21026,,,false,7
,G?uvZw,6,21095,,,false,7
,G?uvZw,7,20816,,,false,7
,G?uvZw,8,21375,,,false,7
,G?uvZw,9,21025,,,false,7
,GR~v~{,0,23610,,,false,7
,GR~v~{,1,21165,,,false,7
,GR~v~{,2,20537,,,false,7
,GR~v~{,3,20117,,,false,7
,GR~v~{,4,20118,,,false,7
,GR~v~{,5,20327,,,false,7
,GR~v~{,6,20537,,,false,7
,GR~v~{,7,29688,,,false,7
,GR~v~{,8,20047,,,false,7
,GR~v~{,9,20188,,,false,7
,G?CqS[,0,24029,,,false,7
,G?CqS[,1,19489,,,false,7
,G?CqS[,2,18231,,,false,7
,G?CqS[,3,18162,,,false,7
,G?CqS[,4,17952,,,false,7
,G?CqS[,5,18022,,,false,7
,G?CqS[,6,18232,,,false,7
,G?CqS[,7,18231,,,false,7
,G?CqS[,8,18441,,,false,7
,G?CqS[,9,18162,,,false,7
,G?DH\k,0,23540,,,false,7
,G?DH\k,1,19559,,,false,7
,G?DH\k,2,19209,,,false,7
,G?DH\k,3,18651,,,false,7
,G?DH\k,4,18511,,,false,7
,G?DH\k,5,18580,,,false,7
,G?DH\k,6,18721,,,false,7
,G?DH\k,7,18511,,,false,7
,G?DH\k,8,18441,,,false,7
,G?DH\k,9,18721,,,false,7
,G?GSY[,0,39397,,,false,3
,G?GSY[,1,34298,,,false,3
,G?GSY[,2,32481,,,false,3
,G?GSY[,3,31504,,,false,3
,G?GSY[,4,31014,,,false,3
,G?GSY[,5,31015,,,false,3
,G?GSY[,6,31014,,,false,3
,G?GSY[,7,30805,,,false,3
,G?GSY[,8,30875,,,false,3
,G?GSY[,9,31503,,,false,3
,G?GTa[,0,22912,,,false,7
,G?GTa[,1,19629,,,false,7
,G?GTa[,2,18511,,,false,7
,G?GTa[,3,18441,,,false,7
,G?GTa[,4,18301,,,false,7
,G?GTa[,5,18371,,,false,7
,G?GTa[,6,18371,,,false,7
,G?GTa[,7,18232,,,false,7
,G?GTa[,8,18092,,,false,7
,G?GTa[,9,18092,,,false,7
,G?Gsy{,0,23820,,,false,7
,G?Gsy{,1,20606,,,false,7
,G?Gsy{,2,19419,,,false,7
,G?Gsy{,3,19489,,,false,7
,G?Gsy{,4,19279,,,false,7
,G?Gsy{,5,19280,,,false,7
,G?Gsy{,6,19350,,,false,7
,G?Gsy{,7,19628,,,false,7
,G?Gsy{,8,19000,,,false,7
,G?Gsy{,9,18930,,,false,7
,G?Mq~s,0,26265,,,false,7
,G?Mq~s,1,21514,,,false,7
,G?Mq~s,2,20537,,,false,7
,G?Mq~s,3,19908,,,false,7
,G?Mq~s,4,20886,,,false,7
,G?Mq~s,5,20676,,,false,7
,G?Mq~s,6,20397,,,false,7
,G?Mq~s,7,20467,,,false,7
,G?Mq~s,8,21025,,,false,7
,G?Mq~s,9,20607,,,false,7
,G?O_k[,0,19000,,,false,3
,G?O_k[,1,15717,,,false,3
,G?O_k[,2,14879,,,false,3
,G?O_k[,3,14600,,,false,3
,G?O_k[,4,14948,,,false,3
,G?O_k[,5,14599,,,false,3
,G?O_k[,6,14389,,,false,3
,G?O_k[,7,14599,,,false,3
,G?O_k[,8,14320,,,false,3
,G?O_k[,9,14180,,,false,3
,G?O_ls,0,24798,,,false,7
,G?O_ls,1,20817,,,false,7
,G?O_ls,2,20537,,,false,7
,G?O_ls,3,20537,,,false,7
,G?O_ls,4,20187,,,false,7
,G?O_ls,5,19489,,,false,7
,G?O_ls,6,19908,,,false,7
,G?O_ls,7,20048,,,false,7
,G?O_ls,8,19908,,,false,7
,G?O_ls,9,19908,,,false,7
,G?O_~k,0,24309,,,false,7
,G?O_~k,1,19628,,,false,7
,G?O_~k,2,19978,,,false,7
,G?O_~k,3,19489,,,false,7
,G?O_~k,4,19209,,,false,7
,G?O_~k,5,18721,,,false,7
,G?O_~k,6,18790,,,false,7
,G?O_~k,7,18511,,,false,7
,G?O_~k,8,18581,,,false,7
,G?O_~k,9,18441,,,false,7
,G?Og~{,0,22982,,,false,7
,G?Og~{,1,20047,,,false,7
,G?Og~{,2,19419,,,false,7
,G?Og~{,3,19000,,,false,7
,G?Og~{,4,19139,,,false,7
,G?Og~{,5,19210,,,false,7
,G?Og~{,6,18930,,,false,7
,G?Og~{,7,19489,,,false,7
,G?Og~{,8,19069,,,false,7
,G?Og~{,9,19000,,,false,7
,G?QXrK,0,23470,,,false,7
,G?QXrK,1,19629,,,false,7
,G?QXrK,2,19000,,,false,7
,G?QXrK,3,18511,,,false,7
,G?QXrK,4,18651,,,false,7
,G?QXrK,5,18790,,,false,7
,G?QXrK,6,19000,,,false,7
,G?QXrK,7,19070,,,false,7
,G?QXrK,8,28919,,,false,7
,G?QXrK,9,18721,,,false,7
,G?hZtg,0,25287,,,false,7
,G?hZtg,1,20886,,,false,7
,G?hZtg,2,20536,,,false,7
,G?hZtg,3,20048,,,false,7
,G?hZtg,4,20188,,,false,7
,G?hZtg,5,19908,,,false,7
,G?hZtg,6,20397,,,false,7
,G?hZtg,7,20048,,,false,7
,G?hZtg,8,19908,,,false,7
,G?hZtg,9,19908,,,false,7
,G@?]RW,0,22423,,,false,7
,G@?]RW,1,19140,,,false,7
,G@?]RW,2,18442,,,false,7
,G@?]RW,3,18092,,,false,7
,G@?]RW,4,17813,,,false,7
,G@?]RW,5,18022,,,false,7
,G@?]RW,6,18022,,,false,7
,G@?]RW,7,18092,,,false,7
,G@?]RW,8,17813,,,false,7
,G@?]RW,9,18232,,,false,7
,G@@GtC,0,22422,,,false,3
,G@@GtC,1,18930,,,false,3
,G@@GtC,2,18581,,,false,3
,G@@GtC,3,18161,,,false,3
,G@@GtC,4,18022,,,false,3
,G@@GtC,5,18092,,,false,3
,G@@GtC,6,17812,,,false,3
,G@@GtC,7,17533,,,false,3
,G@@GtC,8,17952,,,false,3
,G@@GtC,9,18162,,,false,3
,G@@GtK,0,22353,,,false,7
,G@@GtK,1,19419,,,false,7
,G@@GtK,2,19139,,,false,7
,G@@GtK,3,18651,,,false,7
,G@@GtK,4,18511,,,false,7
,G@@GtK,5,18581,,,false,7
,G@@GtK,6,27731,,,false,7
,G@@GtK,7,17882,,,false,7
,G@@GtK,8,18302,,,false,7
,G@@GtK,9,18022,,,false,7
,G@AAWw,0,37232,,,false,3
,G@AAWw,1,31992,,,false,3
,G@AAWw,2,30526,,,false,3
,G@AAWw,3,30036,,,false,3
,G@AAWw,4,30037,,,false,3
,G@AAWw,5,29827,,,false,3
,G@AAWw,6,29757,,,false,3
,G@AAWw,7,29547,,,false,3
,G@AAWw,8,29548,,,false,3
,G@AAWw,9,29547,,,false,3
,G@GR[w,0,25775,,,false,7
,G@GR[w,1,21025,,,false,7
,G@GR[w,2,19279,,,false,7
,G@GR[w,3,20187,,,false,7
,G@GR[w,4,19768,,,false,7
,G@GR[w,5,19628,,,false,7
,G@GR[w,6,19489,,,false,7
,G@GR[w,7,19419,,,false,7
,G@GR[w,8,19139,,,false,7
,G@GR[w,9,19698,,,false,7
,G@HSYs,0,24658,,,false,7
,G@HSYs,1,20397,,,false,7
,G@HSYs,2,19629,,,false,7
,G@HSYs,3,19768,,,false,7
,G@HSYs,4,19698,,,false,7
,G@HSYs,5,20048,,,false,7
,G@HSYs,6,19629,,,false,7
,G@HSYs,7,19488,,,false,7
,G@HSYs,8,19419,,,false,7
,G@HSYs,9,19140,,,false,7
,G@hZtk,0,27173,,,false,7
,G@hZtk,1,21444,,,false,7
,G@hZtk,2,19769,,,false,7
,G@hZtk,3,20257,,,false,7
,G@hZtk,4,20257,,,false,7
,G@hZtk,5,20188,,,false,7
,G@hZtk,6,20047,,,false,7
,G@hZtk,7,19908,,,false,7
,G@hZtk,8,19559,,,false,7
,G@hZtk,9,20117,,,false,7
,GAXttw,0,24728,,,false,7
,GAXttw,1,20397,,,false,7
,GAXttw,2,19978,,,false,7
,GAXttw,3,19978,,,false,7
,GAXttw,4,19768,,,false,7
,GAXttw,5,19559,,,false,7
,GAXttw,6,19628,,,false,7
,GAXttw,7,19629,,,false,7
,GAXttw,8,19419,,,false,7
,GAXttw,9,19488,,,false,7
,GB_g~K,0,23051,,,false,7
,GB_g~K,1,19000,,,false,7
,GB_g~K,2,18441,,,false,7
,GB_g~K,3,18092,,,false,7
,GB_g~K,4,18441,,,false,7
,GB_g~K,5,18581,,,false,7
,GB_g~K,6,18231,,,false,7
,GB_g~K,7,18511,,,false,7
,GB_g~K,8,18511,,,false,7
,GB_g~K,9,18162,,,false,7
,G_ClQk,0,21864,,,false,7
,G_ClQk,1,18441,,,false,7
,G_ClQk,2,17323,,,false,7
,G_ClQk,3,17743,,,false,7
,G_ClQk,4,17393,,,false,7
,G_ClQk,5,17673,,,false,7
,G_ClQk,6,17603,,,false,7
,G_ClQk,7,17603,,,false,7
,G_ClQk,8,17324,,,false,7
,G_ClQk,9,26264,,,false,7
,G`_YPK,0,21863,,,false,7
,G`_YPK,1,17952,,,false,7
,G`_YPK,2,17743,,,false,7
,G`_YPK,3,17742,,,false,7
,G`_YPK,4,17393,,,false,7
,G`_YPK,5,17183,,,false,7
,G`_YPK,6,17463,,,false,7
,G`_YPK,7,17673,,,false,7
,G`_YPK,8,17254,,,false,7
,G`_YPK,9,17044,,,false,7
,G`iZY{,0,22423,,,false,7
,G`iZY{,1,18650,,,false,7
,G`iZY{,2,18511,,,false,7
,G`iZY{,3,17952,,,false,7
,G`iZY{,4,18301,,,false,7
,G`iZY{,5,17883,,,false,7
,G`iZY{,6,17883,,,false,7
,G`iZY{,7,18231,,,false,7
,G`iZY{,8,18092,,,false,7
,G`iZY{,9,18581,,,false,7
,G_urPk,0,23820,,,false,7
,G_urPk,1,19628,,,false,7
,G_urPk,2,18930,,,false,7
,G_urPk,3,19070,,,false,7
,G_urPk,4,19279,,,false,7
,G_urPk,5,19350,,,false,7
,G_urPk,6,18930,,,false,7
,G_urPk,7,19209,,,false,7
,G_urPk,8,19000,,,false,7
,G_urPk,9,19000,,,false,7
,G???Zc,0,11805,,,false,3
,G???Zc,1,9570,,,false,3
,G???Zc,2,9500,,,false,3
,G???Zc,3,9639,,,false,3
,G???Zc,4,8941,,,false,3
,G???Zc,5,8522,,,false,3
,G???Zc,6,8592,,,false,3
,G???Zc,7,8522,,,false,3
,G???Zc,8,8732,,,false,3
,G???Zc,9,8942,,,false,3
,GG?O\o,0,19559,,,false,7
,GG?O\o,1,18092,,,false,7
,GG?O\o,2,16975,,,false,7
,GG?O\o,3,16765,,,false,7
,GG?O\o,4,17673,,,false,7
,GG?O\o,5,17044,,,false,7
,GG?O\o,6,17253,,,false,7
,GG?O\o,7,16695,,,false,7
,GG?O\o,8,16485,,,false,7
,GG?O\o,9,17253,,,false,7
,G?H?|_,0,24448,,,false,7
,G?H?|_,1,19768,,,false,7
,G?H?|_,2,19140,,,false,7
,G?H?|_,3,18511,,,false,7
,G?H?|_,4,18511,,,false,7
,G?H?|_,5,18232,,,false,7
,G?H?|_,6,18720,,,false,7
,G?H?|_,7,18022,,,false,7
,G?H?|_,8,18581,,,false,7
,G?H?|_,9,18231,,,false,7
,GR~~vk,0,24099,,,false,7
,GR~~vk,1,20327,,,false,7
,GR~~vk,2,20607,,,false,7
,GR~~vk,3,20047,,,false,7
,GR~~vk,4,20397,,,false,7
,GR~~vk,5,19629,,,false,7
,GR~~vk,6,19628,,,false,7
,GR~~vk,7,19629,,,false,7
,GR~~vk,8,19489,,,false,7
,GR~~vk,9,19558,,,false,7
,G?GXeC,0,35904,,,false,7
,G?GXeC,1,31923,,,false,7
,G?GXeC,2,30525,,,false,7
,G?GXeC,3,30526,,,false,7
,G?GXeC,4,30525,,,false,7
,G?GXeC,5,30037,,,false,7
,G?GXeC,6,30525,,,false,7
,G?GXeC,7,31015,,,false,7
,G?GXeC,8,38838,,,false,7
,G?GXeC,9,30526,,,false,7
,G?GTaW,0,22004,,,false,7
,G?GTaW,1,19419,,,false,7
,G?GTaW,2,18581,,,false,7
,G?GTaW,3,18232,,,false,7
,G?GTaW,4,18022,,,false,7
,G?GTaW,5,18022,,,false,7
,G?GTaW,6,17812,,,false,7
,G?GTaW,7,17882,,,false,7
,G?GTaW,8,18022,,,false,7
,G?GTaW,9,17743,,,false,7
,GN~~~{,0,24727,,,false,7
,GN~~~{,1,21445,,,false,7
,GN~~~{,2,21026,,,false,7
,GN~~~{,3,20606,,,false,7
,GN~~~{,4,20467,,,false,7
,GN~~~{,5,20327,,,false,7
,GN~~~{,6,20885,,,false,7
,GN~~~{,7,20048,,,false,7
,GN~~~{,8,20746,,,false,7
,GN~~~{,9,20467,,,false,7
,G?G^eW,0,22492,,,false,7
,G?G^eW,1,19629,,,false,7
,G?G^eW,2,19139,,,false,7
,G?G^eW,3,18511,,,false,7
,G?G^eW,4,18651,,,false,7
,G?G^eW,5,18720,,,false,7
,G?G^eW,6,18791,,,false,7
,G?G^eW,7,18442,,,false,7
,G?G^eW,8,18650,,,false,7
,G?G^eW,9,18930,,,false,7
,G?G^e[,0,21444,,,false,7
,G?G^e[,1,19210,,,false,7
,G?G^e[,2,19139,,,false,7
,G?G^e[,3,18930,,,false,7
,G?G^e[,4,27662,,,false,7
,G?G^e[,5,19069,,,false,7
,G?G^e[,6,18371,,,false,7
,G?G^e[,7,18860,,,false,7
,G?G^e[,8,18651,,,false,7
,G?G^e[,9,18720,,,false,7
,G?G]^w,0,22772,,,false,7
,G?G]^w,1,19628,,,false,7
,G?G]^w,2,19210,,,false,7
,G?G]^w,3,18581,,,false,7
,G?G]^w,4,18442,,,false,7
,G?G]^w,5,18232,,,false,7
,G?G]^w,6,18232,,,false,7
,G?G]^w,7,18302,,,false,7
,G?G]^w,8,18581,,,false,7
,G?G]^w,9,19070,,,false,7
,G?G]^{,0,21445,,,false,7
,G?G]^{,1,19629,,,false,7
,G?G]^{,2,19209,,,false,7
,G?G]^{,3,18930,,,false,7
,G?G]^{,4,19070,,,false,7
,G?G]^{,5,19139,,,false,7
,G?G]^{,6,19070,,,false,7
,G?G]^{,7,19349,,,false,7
,G?G]^{,8,19070,,,false,7
,G?G]^{,9,18930,,,false,7
,GQ`@Gs,0,22004,,,false,7
,GQ`@Gs,1,17743,,,false,7
,GQ`@Gs,2,17114,,,false,7
,GQ`@Gs,3,17114,,,false,7
,GQ`@Gs,4,17254,,,false,7
,GQ`@Gs,5,16625,,,false,7
,GQ`@Gs,6,17114,,,false,7
,GQ`@Gs,7,16905,,,false,7
,GQ`@Gs,8,16974,,,false,7
,GQ`@Gs,9,17114,,,false,7
,G`?CzW,0,20467,,,false,7
,G`?CzW,1,18022,,,false,7
,G`?CzW,2,17673,,,false,7
,G`?CzW,3,17253,,,false,7
,G`?CzW,4,26265,,,false,7
,G`?CzW,5,17044,,,false,7
,G`?CzW,6,17253,,,false,7
,G`?CzW,7,17254,,,false,7
,G`?CzW,8,16974,,,false,7
,G`?CzW,9,17253,,,false,7
,G??CzW,0,31574,,,false,3
,G??CzW,1,28150,,,false,3
,G??CzW,2,26684,,,false,3
,G??CzW,3,26195,,,false,3
,G??CzW,4,26125,,,false,3
,G??CzW,5,26125,,,false,3
,G??CzW,6,26124,,,false,3
,G??CzW,7,26474,,,false,3
,G??CzW,8,26055,,,false,3
,G??CzW,9,26335,,,false,3
,Grqz~{,0,24379,,,false,7
,Grqz~{,1,20607,,,false,7
,Grqz~{,2,19908,,,false,7
,Grqz~{,3,19489,,,false,7
,Grqz~{,4,19628,,,false,7
,Grqz~{,5,19628,,,false,7
,Grqz~{,6,19349,,,false,7
,Grqz~{,7,19489,,,false,7
,Grqz~{,8,19559,,,false,7
,Grqz~{,9,19419,,,false,7
,GqG?g[,0,20606,,,false,7
,GqG?g[,1,17673,,,false,7
,GqG?g[,2,17044,,,false,7
,GqG?g[,3,17254,,,false,7
,GqG?g[,4,16765,,,false,7
,GqG?g[,5,16974,,,false,7
,GqG?g[,6,16764,,,false,7
,GqG?g[,7,16485,,,false,7
,GqG?g[,8,16485,,,false,7
,GqG?g[,9,16764,,,false,7
,G``?pK,0,29617,,,false,7
,G``?pK,1,17533,,,false,7
,G``?pK,2,17184,,,false,7
,G``?pK,3,17253,,,false,7
,G``?pK,4,17044,,,false,7
,G``?pK,5,17184,,,false,7
,G``?pK,6,17323,,,false,7
,G``?pK,7,16974,,,false,7
,G``?pK,8,16835,,,false,7
,G``?pK,9,17114,,,false,7
,GHDk}{,0,25845,,,false,7
,GHDk}{,1,21026,,,false,7
,GHDk}{,2,20117,,,false,7
,GHDk}{,3,19978,,,false,7
,GHDk}{,4,19978,,,false,7
,GHDk}{,5,19558,,,false,7
,GHDk}{,6,19699,,,false,7
,GHDk}{,7,19908,,,false,7
,GHDk}{,8,19839,,,false,7
,GHDk}{,9,19558,,,false,7
,GDHG}{,0,26614,,,false,7
,GDHG}{,1,20886,,,false,7
,GDHG}{,2,19139,,,false,7
,GDHG}{,3,19140,,,false,7
,GDHG}{,4,19070,,,false,7
,GDHG}{,5,18580,,,false,7
,GDHG}{,6,18721,,,false,7
,GDHG}{,7,18721,,,false,7
,GDHG}{,8,19280,,,false,7
,GDHG}{,9,19000,,,false,7
,GQh\z{,0,22842,,,false,7
,GQh\z{,1,19908,,,false,7
,GQh\z{,2,19140,,,false,7
,GQh\z{,3,19070,,,false,7
,GQh\z{,4,18930,,,false,7
,GQh\z{,5,19000,,,false,7
,GQh\z{,6,18720,,,false,7
,GQh\z{,7,19070,,,false,7
,GQh\z{,8,18371,,,false,7
,GQh\z{,9,18581,,,false,7
,GTlrY{,0,23960,,,false,7
,GTlrY{,1,20537,,,false,7
,GTlrY{,2,19419,,,false,7
,GTlrY{,3,19489,,,false,7
,GTlrY{,4,19629,,,false,7
,GTlrY{,5,19698,,,false,7
,GTlrY{,6,19908,,,false,7
,GTlrY{,7,19489,,,false,7
,GTlrY{,8,19768,,,false,7
,GTlrY{,9,19349,,,false,7
,G@hV~{,0,24379,,,false,7
,G@hV~{,1,21095,,,false,7
,G@hV~{,2,20048,,,false,7
,G@hV~{,3,19908,,,false,7
,G@hV~{,4,20048,,,false,7
,G@hV~{,5,19629,,,false,7
,G@hV~{,6,19768,,,false,7
,G@hV~{,7,19908,,,false,7
,G@hV~{,8,19908,,,false,7
,G@hV~{,9,19559,,,false,7
,G@qz}{,0,23261,,,false,7
,G@qz}{,1,20047,,,false,7
,G@qz}{,2,19699,,,false,7
,G@qz}{,3,19628,,,false,7
,G@qz}{,4,19419,,,false,7
,G@qz}{,5,19489,,,false,7
,G@qz}{,6,19628,,,false,7
,G@qz}{,7,19070,,,false,7
,G@qz}{,8,19279,,,false,7
,G@qz}{,9,19489,,,false,7
,GDlr]{,0,22772,,,false,7
,GDlr]{,1,20466,,,false,7
,GDlr]{,2,19629,,,false,7
,GDlr]{,3,19628,,,false,7
,GDlr]{,4,19489,,,false,7
,GDlr]{,5,19489,,,false,7
,GDlr]{,6,19629,,,false,7
,GDlr]{,7,19698,,,false,7
,GDlr]{,8,28849,,,false,7
,GDlr]{,9,19768,,,false,7
,GKXu|{,0,22003,,,false,7
,GKXu|{,1,20118,,,false,7
,GKXu|{,2,19070,,,false,7
,GKXu|{,3,19420,,,false,7
,GKXu|{,4,19070,,,false,7
,GKXu|{,5,18791,,,false,7
,GKXu|{,6,18999,,,false,7
,GKXu|{,7,19419,,,false,7
,GKXu|{,8,19280,,,false,7
,GKXu|{,9,18860,,,false,7
,G@KuUK,0,23890,,,false,7
,G@KuUK,1,20118,,,false,7
,G@KuUK,2,19628,,,false,7
,G@KuUK,3,19419,,,false,7
,G@KuUK,4,19559,,,false,7
,G@KuUK,5,19209,,,false,7
,G@KuUK,6,19489,,,false,7
,G@KuUK,7,19349,,,false,7
,G@KuUK,8,19209,,,false,7
,G@KuUK,9,19419,,,false,7
,G???^c,0,11106,,,false,3
,G???^c,1,9500,,,false,3
,G???^c,2,8662,,,false,3
,G???^c,3,9430,,,false,3
,G???^c,4,8942,,,false,3
,G???^c,5,8661,,,false,3
,G???^c,6,8592,,,false,3
,G???^c,7,8662,,,false,3
,G???^c,8,8522,,,false,3
,G???^c,9,8592,,,false,3
,G??OVK,0,12923,,,false,3
,G??OVK,1,11805,,,false,3
,G??OVK,2,11107,,,false,3
,G??OVK,3,10827,,,false,3
,G??OVK,4,10409,,,false,3
,G??OVK,5,10547,,,false,3
,G??OVK,6,10269,,,false,3
,G??OVK,7,10617,,,false,3
,G??OVK,8,10897,,,false,3
,G??OVK,9,10478,,,false,3
,G??O^C,0,7125,,,false,3
,G??O^C,1,6636,,,false,3
,G??O^C,2,6706,,,false,3
,G??O^C,3,6706,,,false,3
,G??O^C,4,6706,,,false,3
,G??O^C,5,6147,,,false,3
,G??O^C,6,6217,,,false,3
,G??O^C,7,6566,,,false,3
,G??O^C,8,6357,,,false,3
,G??O^C,9,6566,,,false,3
,G?GU?[,0,14111,,,false,3
,G?GU?[,1,11525,,,false,3
,G?GU?[,2,11316,,,false,3
,G?GU?[,3,11036,,,false,3
,G?GU?[,4,10827,,,false,3
,G?GU?[,5,10967,,,false,3
,G?GU?[,6,10967,,,false,3
,G?GU?[,7,10967,,,false,3
,G?GU?[,8,10966,,,false,3
,G?GU?[,9,10897,,,false,3
,G?CBKW,0,15856,,,false,3
,G?CBKW,1,13691,,,false,3
,G?CBKW,2,12993,,,false,3
,G?CBKW,3,13272,,,false,3
,G?CBKW,4,13481,,,false,3
,G?CBKW,5,13341,,,false,3
,G?CBKW,6,13342,,,false,3
,G?CBKW,7,13202,,,false,3
,G?CBKW,8,13412,,,false,3
,G?CBKW,9,13342,,,false,3
,G?G\z{,0,24868,,,false,7
,G?G\z{,1,20118,,,false,7
,G?G\z{,2,19139,,,false,7
,G?G\z{,3,19000,,,false,7
,G?G\z{,4,19070,,,false,7
,G?G\z{,5,18790,,,false,7
,G?G\z{,6,19000,,,false,7
,G?G\z{,7,19349,,,false,7
,G?G\z{,8,19070,,,false,7
,G?G\z{,9,19000,,,false,7
,G?rHx{,0,24309,,,false,7
,G?rHx{,1,20607,,,false,7
,G?rHx{,2,20117,,,false,7
,G?rHx{,3,20397,,,false,7
,G?rHx{,4,20467,,,false,7
,G?rHx{,5,20047,,,false,7
,G?rHx{,6,20258,,,false,7
,G?rHx{,7,20187,,,false,7
,G?rHx{,8,20257,,,false,7
,G?rHx{,9,20537,,,false,7
,G@dcz[,0,23471,,,false,7
,G@dcz[,1,30036,,,false,7
,G@dcz[,2,18581,,,false,7
,G@dcz[,3,19419,,,false,7
,G@dcz[,4,19628,,,false,7
,G@dcz[,5,19279,,,false,7
,G@dcz[,6,18790,,,false,7
,G@dcz[,7,18930,,,false,7
,G@dcz[,8,19140,,,false,7
,G@dcz[,9,19419,,,false,7
,G_G\zw,0,22004,,,false,7
,G_G\zw,1,19069,,,false,7
,G_G\zw,2,18511,,,false,7
,G_G\zw,3,18581,,,false,7
,G_G\zw,4,18231,,,false,7
,G_G\zw,5,18511,,,false,7
,G_G\zw,6,18441,,,false,7
,G_G\zw,7,17812,,,false,7
,G_G\zw,8,18371,,,false,7
,G_G\zw,9,18580,,,false,7
,G`iiqk,0,20955,,,false,7
,G`iiqk,1,18511,,,false,7
,G`iiqk,2,17673,,,false,7
,G`iiqk,3,17673,,,false,7
,G`iiqk,4,17533,,,false,7
,G`iiqk,5,17603,,,false,7
,G`iiqk,6,17882,,,false,7
,G`iiqk,7,17533,,,false,7
,G`iiqk,8,17533,,,false,7
,G`iiqk,9,17603,,,false,7
,G`qihs,0,20956,,,false,7
,G`qihs,1,18721,,,false,7
,G`qihs,2,18161,,,false,7
,G`qihs,3,17952,,,false,7
,G`qihs,4,17743,,,false,7
,G`qihs,5,17742,,,false,7
,G`qihs,6,17533,,,false,7
,G`qihs,7,17673,,,false,7
,G`qihs,8,17812,,,false,7
,G`qihs,9,17882,,,false,7
,G`r@xw,0,20607,,,false,7
,G`r@xw,1,26265,,,false,7
,G`r@xw,2,18091,,,false,7
,G`r@xw,3,18022,,,false,7
,G`r@xw,4,18232,,,false,7
,G`r@xw,5,17742,,,false,7
,G`r@xw,6,18022,,,false,7
,G`r@xw,7,17673,,,false,7
,G`r@xw,8,17812,,,false,7
,G`r@xw,9,17813,,,false,7
,G@IQV{,0,24308,,,false,7
,G@IQV{,1,20397,,,false,7
,G@IQV{,2,19908,,,false,7
,G@IQV{,3,19628,,,false,7
,G@IQV{,4,19210,,,false,7
,G@IQV{,5,19628,,,false,7
,G@IQV{,6,19489,,,false,7
,G@IQV{,7,19419,,,false,7
,G@IQV{,8,19628,,,false,7
,G@IQV{,9,19279,,,false,7
,GQG\Yw,0,22004,,,false,7
,GQG\Yw,1,18650,,,false,7
,GQG\Yw,2,18022,,,false,7
,GQG\Yw,3,18022,,,false,7
,GQG\Yw,4,18162,,,false,7
,GQG\Yw,5,17673,,,false,7
,GQG\Yw,6,18022,,,false,7
,GQG\Yw,7,17742,,,false,7
,GQG\Yw,8,18301,,,false,7
,GQG\Yw,9,17952,,,false,7
,GGEJd{,0,20956,,,false,7
,GGEJd{,1,18860,,,false,7
,GGEJd{,2,18091,,,false,7
,GGEJd{,3,18232,,,false,7
,GGEJd{,4,18162,,,false,7
,GGEJd{,5,18442,,,false,7
,GGEJd{,6,18232,,,false,7
,GGEJd{,7,18232,,,false,7
,GGEJd{,8,18442,,,false,7
,GGEJd{,9,18092,,,false,7
,GPOY\k,0,21375,,,false,7
,GPOY\k,1,28849,,,false,7
,GPOY\k,2,18441,,,false,7
,GPOY\k,3,18162,,,false,7
,GPOY\k,4,17743,,,false,7
,GPOY\k,5,18022,,,false,7
,GPOY\k,6,17603,,,false,7
,GPOY\k,7,18232,,,false,7
,GPOY\k,8,18022,,,false,7
,GPOY\k,9,18022,,,false,7
,GCQrP{,0,20886,,,false,7
,GCQrP{,1,18790,,,false,7
,GCQrP{,2,18301,,,false,7
,GCQrP{,3,18161,,,false,7
,GCQrP{,4,18022,,,false,7
,GCQrP{,5,17673,,,false,7
,GCQrP{,6,17742,,,false,7
,GCQrP{,7,18022,,,false,7
,GCQrP{,8,18092,,,false,7
,GCQrP{,9,17742,,,false,7
,G?hSz[,0,24239,,,false,7
,G?hSz[,1,20397,,,false,7
,G?hSz[,2,19558,,,false,7
,G?hSz[,3,19489,,,false,7
,G?hSz[,4,19559,,,false,7
,G?hSz[,5,19139,,,false,7
,G?hSz[,6,19559,,,false,7
,G?hSz[,7,19419,,,false,7
,G?hSz[,8,18999,,,false,7
,G?hSz[,9,19210,,,false,7
,G@QP}[,0,20886,,,false,7
,G@QP}[,1,19489,,,false,7
,G@QP}[,2,18581,,,false,7
,G@QP}[,3,18301,,,false,7
,G@QP}[,4,18232,,,false,7
,G@QP}[,5,18231,,,false,7
,G@QP}[,6,18022,,,false,7
,G@QP}[,7,18162,,,false,7
,G@QP}[,8,18231,,,false,7
,G@QP}[,9,17603,,,false,7
,GCO\j[,0,29547,,,false,7
,GCO\j[,1,18860,,,false,7
,GCO\j[,2,18162,,,false,7
,GCO\j[,3,17882,,,false,7
,GCO\j[,4,18092,,,false,7
,GCO\j[,5,18231,,,false,7
,GCO\j[,6,18091,,,false,7
,GCO\j[,7,18022,,,false,7
,GCO\j[,8,18162,,,false,7
,GCO\j[,9,17672,,,false,7
,GCOp]{,0,21445,,,false,7
,GCOp]{,1,18790,,,false,7
,GCOp]{,2,18371,,,false,7
,GCOp]{,3,17952,,,false,7
,GCOp]{,4,18232,,,false,7
,GCOp]{,5,18511,,,false,7
,GCOp]{,6,18092,,,false,7
,GCOp]{,7,18231,,,false,7
,GCOp]{,8,17603,,,false,7
,GCOp]{,9,18092,,,false,7
,G?U`m{,0,23052,,,false,7
,G?U`m{,1,20467,,,false,7
,G?U`m{,2,19349,,,false,7
,G?U`m{,3,19140,,,false,7
,G?U`m{,4,19000,,,false,7
,G?U`m{,5,19000,,,false,7
,G?U`m{,6,18720,,,false,7
,G?U`m{,7,18721,,,false,7
,G?U`m{,8,19000,,,false,7
,G?U`m{,9,18581,,,false,7
,GAhP[{,0,21165,,,false,7
,GAhP[{,1,19000,,,false,7
,GAhP[{,2,18022,,,false,7
,GAhP[{,3,17812,,,false,7
,GAhP[{,4,17464,,,false,7
,GAhP[{,5,18022,,,false,7
,GAhP[{,6,17253,,,false,7
,GAhP[{,7,17533,,,false,7
,GAhP[{,8,17673,,,false,7
,GAhP[{,9,17742,,,false,7
,G}_xq[,0,33878,,,false,7
,G}_xq[,1,20537,,,false,7
,G}_xq[,2,19349,,,false,7
,G}_xq[,3,19559,,,false,7
,G}_xq[,4,19978,,,false,7
,G}_xq[,5,19699,,,false,7
,G}_xq[,6,19558,,,false,7
,G}_xq[,7,19210,,,false,7
,G}_xq[,8,19559,,,false,7
,G}_xq[,9,19419,,,false,7
,G}h_w{,0,20606,,,false,7
,G}h_w{,1,18650,,,false,7
,G}h_w{,2,18441,,,false,7
,G}h_w{,3,18232,,,false,7
,G}h_w{,4,18022,,,false,7
,G}h_w{,5,17882,,,false,7
,G}h_w{,6,18231,,,false,7
,G}h_w{,7,18511,,,false,7
,G}h_w{,8,18441,,,false,7
,G}h_w{,9,18162,,,false,7
,G?Fn~{,0,24798,,,false,7
,G?Fn~{,1,20397,,,false,7
,G?Fn~{,2,20047,,,false,7
,G?Fn~{,3,19699,,,false,7
,G?Fn~{,4,19628,,,false,7
,G?Fn~{,5,19280,,,false,7
,G?Fn~{,6,19629,,,false,7
,G?Fn~{,7,19140,,,false,7
,G?Fn~{,8,19000,,,false,7
,G?Fn~{,9,19140,,,false,7
,G?NV~{,0,23470,,,false,7
,G?NV~{,1,20886,,,false,7
,G?NV~{,2,20886,,,false,7
,G?NV~{,3,20466,,,false,7
,G?NV~{,4,20257,,,false,7
,G?NV~{,5,19768,,,false,7
,G?NV~{,6,20257,,,false,7
,G?NV~{,7,20118,,,false,7
,G?NV~{,8,20047,,,false,7
,G?NV~{,9,19908,,,false,7
,G?dn~{,0,23331,,,false,7
,G?dn~{,1,20956,,,false,7
,G?dn~{,2,20467,,,false,7
,G?dn~{,3,20257,,,false,7
,G?dn~{,4,20257,,,false,7
,G?dn~{,5,20257,,,false,7
,G?dn~{,6,20118,,,false,7
,G?dn~{,7,20117,,,false,7
,G?dn~{,8,20467,,,false,7
,G?dn~{,9,19978,,,false,7
,GAI^~{,0,21165,,,false,7
,GAI^~{,1,19489,,,false,7
,GAI^~{,2,18930,,,false,7
,GAI^~{,3,18232,,,false,7
,GAI^~{,4,18860,,,false,7
,GAI^~{,5,18790,,,false,7
,GAI^~{,6,18721,,,false,7
,GAI^~{,7,19000,,,false,7
,GAI^~{,8,18930,,,false,7
,GAI^~{,9,19140,,,false,7
,G??F~w,0,18022,,,false,7
,G??F~w,1,17044,,,false,7
,G??F~w,2,17254,,,false,7
,G??F~w,3,17114,,,false,7
,G??F~w,4,17114,,,false,7
,G??F~w,5,17394,,,false,7
,G??F~w,6,16904,,,false,7
,G??F~w,7,16765,,,false,7
,G??F~w,8,17114,,,false,7
,G??F~w,9,17044,,,false,7
,G?CV^W,0,21934,,,false,7
,G?CV^W,1,19070,,,false,7
,G?CV^W,2,18581,,,false,7
,G?CV^W,3,18231,,,false,7
,G?CV^W,4,18232,,,false,7
,G?CV^W,5,18441,,,false,7
,G?CV^W,6,18650,,,false,7
,G?CV^W,7,18091,,,false,7
,G?CV^W,8,18302,,,false,7
,G?CV^W,9,29547,,,false,7
,G?AZvo,0,18650,,,false,7
,G?AZvo,1,17254,,,false,7
,G?AZvo,2,17044,,,false,7
,G?AZvo,3,16764,,,false,7
,G?AZvo,4,16765,,,false,7
,G?AZvo,5,16485,,,false,7
,G?AZvo,6,16415,,,false,7
,G?AZvo,7,16486,,,false,7
,G?AZvo,8,17044,,,false,7
,G?AZvo,9,16694,,,false,7
,G?r@xw,0,22842,,,false,7
,G?r@xw,1,20047,,,false,7
,G?r@xw,2,19559,,,false,7
,G?r@xw,3,19419,,,false,7
,G?r@xw,4,19488,,,false,7
,G?r@xw,5,19140,,,false,7
,G?r@xw,6,19629,,,false,7
,G?r@xw,7,19769,,,false,7
,G?r@xw,8,19419,,,false,7
,G?r@xw,9,19069,,,false,7
,GAHc{w,0,20397,,,false,7
,GAHc{w,1,17742,,,false,7
,GAHc{w,2,17673,,,false,7
,GAHc{w,3,17952,,,false,7
,GAHc{w,4,18231,,,false,7
,GAHc{w,5,17742,,,false,7
,GAHc{w,6,17952,,,false,7
,GAHc{w,7,17743,,,false,7
,GAHc{w,8,17742,,,false,7
,GAHc{w,9,17882,,,false,7
,G?B\ro,0,18092,,,false,7
,G?B\ro,1,16975,,,false,7
,G?B\ro,2,16765,,,false,7
,G?B\ro,3,16695,,,false,7
,G?B\ro,4,16625,,,false,7
,G?B\ro,5,16834,,,false,7
,G?B\ro,6,16625,,,false,7
,G?B\ro,7,17044,,,false,7
,G?B\ro,8,16834,,,false,7
,G?B\ro,9,16625,,,false,7
,G@hQtK,0,23051,,,false,7
,G@hQtK,1,18650,,,false,7
,G@hQtK,2,18650,,,false,7
,G@hQtK,3,18511,,,false,7
,G@hQtK,4,18581,,,false,7
,G@hQtK,5,18161,,,false,7
,G@hQtK,6,18581,,,false,7
,G@hQtK,7,18022,,,false,7
,G@hQtK,8,18231,,,false,7
,G@hQtK,9,18302,,,false,7
,G?D@\g,0,23191,,,false,7
,G?D@\g,1,18721,,,false,7
,G?D@\g,2,18091,,,false,7
,G?D@\g,3,18092,,,false,7
,G?D@\g,4,17324,,,false,7
,G?D@\g,5,17603,,,false,7
,G?D@\g,6,17603,,,false,7
,G?D@\g,7,17743,,,false,7
,G?D@\g,8,17114,,,false,7
,G?D@\g,9,17953,,,false,7
,GdW}z{,0,21375,,,false,7
,GdW}z{,1,18790,,,false,7
,GdW}z{,2,18232,,,false,7
,GdW}z{,3,18231,,,false,7
,GdW}z{,4,18022,,,false,7
,GdW}z{,5,18162,,,false,7
,GdW}z{,6,17812,,,false,7
,GdW}z{,7,18022,,,false,7
,GdW}z{,8,18022,,,false,7
,GdW}z{,9,17742,,,false,7
,G?CrUW,0,21794,,,false,7
,G?CrUW,1,18581,,,false,7
,G?CrUW,2,18091,,,false,7
,G?CrUW,3,18022,,,false,7
,G?CrUW,4,18302,,,false,7
,G?CrUW,5,18231,,,false,7
,G?CrUW,6,18022,,,false,7
,G?CrUW,7,17673,,,false,7
,G?CrUW,8,17742,,,false,7
,G?CrUW,9,17533,,,false,7
,GhqXz{,0,22771,,,false,7
,GhqXz{,1,18930,,,false,7
,GhqXz{,2,18581,,,false,7
,GhqXz{,3,18371,,,false,7
,GhqXz{,4,18092,,,false,7
,GhqXz{,5,18232,,,false,7
,GhqXz{,6,18650,,,false,7
,GhqXz{,7,18441,,,false,7
,GhqXz{,8,18162,,,false,7
,GhqXz{,9,18231,,,false,7
,G??O^O,0,12923,,,false,3
,G??O^O,1,10967,,,false,3
,G??O^O,2,10128,,,false,3
,G??O^O,3,9849,,,false,3
,G??O^O,4,9081,,,false,3
,G??O^O,5,9430,,,false,3
,G??O^O,6,9920,,,false,3
,G??O^O,7,9710,,,false,3
,G??O^O,8,9430,,,false,3
,G??O^O,9,9151,,,false,3
,G??PUW,0,12503,,,false,3
,G??PUW,1,9919,,,false,3
,G??PUW,2,10129,,,false,3
,G??PUW,3,9919,,,false,3
,G??PUW,4,10128,,,false,3
,G??PUW,5,9919,,,false,3
,G??PUW,6,10059,,,false,3
,G??PUW,7,10129,,,false,3
,G??PUW,8,9989,,,false,3
,G??PUW,9,10128,,,false,3
,G?ClQk,0,22214,,,false,7
,G?ClQk,1,18231,,,false,7
,G?ClQk,2,18092,,,false,7
,G?ClQk,3,18022,,,false,7
,G?ClQk,4,17742,,,false,7
,G?ClQk,5,17673,,,false,7
,G?ClQk,6,17533,,,false,7
,G?ClQk,7,17742,,,false,7
,G?ClQk,8,17254,,,false,7
,G?ClQk,9,17463,,,false,7
,G?G\Qk,0,20676,,,false,7
,G?G\Qk,1,18022,,,false,7
,G?G\Qk,2,17603,,,false,7
,G?G\Qk,3,17742,,,false,7
,G?G\Qk,4,17533,,,false,7
,G?G\Qk,5,17533,,,false,7
,G?G\Qk,6,17742,,,false,7
,G?G\Qk,7,26824,,,false,7
,G?G\Qk,8,17673,,,false,7
,G?G\Qk,9,17952,,,false,7
,G_Jqps,0,22143,,,false,7
,G_Jqps,1,19000,,,false,7
,G_Jqps,2,18301,,,false,7
,G_Jqps,3,17742,,,false,7
,G_Jqps,4,17603,,,false,7
,G_Jqps,5,17533,,,false,7
,G_Jqps,6,17673,,,false,7
,G_Jqps,7,17743,,,false,7
,G_Jqps,8,17952,,,false,7
,G_Jqps,9,17743,,,false,7
,G}lz~{,0,23820,,,false,7
,G}lz~{,1,20257,,,false,7
,G}lz~{,2,19489,,,false,7
,G}lz~{,3,19629,,,false,7
,G}lz~{,4,19419,,,false,7
,G}lz~{,5,19000,,,false,7
,G}lz~{,6,19140,,,false,7
,G}lz~{,7,19628,,,false,7
,G}lz~{,8,19419,,,false,7
,G}lz~{,9,19559,,,false,7
,G`N~~{,0,23471,,,false,7
,G`N~~{,1,20187,,,false,7
,G`N~~{,2,19419,,,false,7
,G`N~~{,3,19698,,,false,7
,G`N~~{,4,19488,,,false,7
,G`N~~{,5,19489,,,false,7
,G`N~~{,6,19629,,,false,7
,G`N~~{,7,19628,,,false,7
,G`N~~{,8,19419,,,false,7
,G`N~~{,9,19489,,,false,7
,GwCW~{,0,21655,,,false,7
,GwCW~{,1,18161,,,false,7
,GwCW~{,2,18372,,,false,7
,GwCW~{,3,18231,,,false,7
,GwCW~{,4,18511,,,false,7
,GwCW~{,5,17533,,,false,7
,GwCW~{,6,27242,,,false,7
,GwCW~{,7,17324,,,false,7
,GwCW~{,8,17603,,,false,7
,GwCW~{,9,17114,,,false,7
,G@?MFw,0,16346,,,false,3
,G@?MFw,1,13692,,,false,3
,G@?MFw,2,13062,,,false,3
,G@?MFw,3,12643,,,false,3
,G@?MFw,4,12364,,,false,3
,G@?MFw,5,12713,,,false,3
,G@?MFw,6,12434,,,false,3
,G@?MFw,7,12434,,,false,3
,G@?MFw,8,12434,,,false,3
,G@?MFw,9,12853,,,false,3
,G?SsZ[,0,24867,,,false,7
,G?SsZ[,1,20467,,,false,7
,G?SsZ[,2,19070,,,false,7
,G?SsZ[,3,19140,,,false,7
,G?SsZ[,4,18720,,,false,7
,G?SsZ[,5,18790,,,false,7
,G?SsZ[,6,18511,,,false,7
,G?SsZ[,7,18581,,,false,7
,G?SsZ[,8,18441,,,false,7
,G?SsZ[,9,18650,,,false,7
,G@CJK{,0,24937,,,false,7
,G@CJK{,1,19419,,,false,7
,G@CJK{,2,19000,,,false,7
,G@CJK{,3,18721,,,false,7
,G@CJK{,4,18580,,,false,7
,G@CJK{,5,18860,,,false,7
,G@CJK{,6,19070,,,false,7
,G@CJK{,7,18511,,,false,7
,G@CJK{,8,18581,,,false,7
,G@CJK{,9,18720,,,false,7
,G?_OzK,0,30107,,,false,3
,G?_OzK,1,25356,,,false,3
,G?_OzK,2,24239,,,false,3
,G?_OzK,3,23750,,,false,3
,G?_OzK,4,23749,,,false,3
,G?_OzK,5,23750,,,false,3
,G?_OzK,6,22982,,,false,3
,G?_OzK,7,32901,,,false,3
,G?_OzK,8,23471,,,false,3
,G?_OzK,9,22981,,,false,3
,G?D@K{,0,23261,,,false,3
,G?D@K{,1,20397,,,false,3
,G?D@K{,2,19140,,,false,3
,G?D@K{,3,18790,,,false,3
,G?D@K{,4,18302,,,false,3
,G?D@K{,5,18091,,,false,3
,G?D@K{,6,18161,,,false,3
,G?D@K{,7,18441,,,false,3
,G?D@K{,8,18162,,,false,3
,G?D@K{,9,18161,,,false,3
,G??Jc[,0,13761,,,false,3
,G??Jc[,1,11875,,,false,3
,G??Jc[,2,11874,,,false,3
,G??Jc[,3,11455,,,false,3
,G??Jc[,4,11875,,,false,3
,G??Jc[,5,11037,,,false,3
,G??Jc[,6,11525,,,false,3
,G??Jc[,7,11316,,,false,3
,G??Jc[,8,11525,,,false,3
,G??Jc[,9,11736,,,false,3
,G@B?Ws,0,13342,,,false,3
,G@B?Ws,1,10967,,,false,3
,G@B?Ws,2,10897,,,false,3
,G@B?Ws,3,11036,,,false,3
,G@B?Ws,4,10966,,,false,3
,G@B?Ws,5,10688,,,false,3
,G@B?Ws,6,10408,,,false,3
,G@B?Ws,7,10687,,,false,3
,G@B?Ws,8,10339,,,false,3
,G@B?Ws,9,10478,,,false,3
,G\YY}{,0,23820,,,false,7
,G\YY}{,1,19070,,,false,7
,G\YY}{,2,18860,,,false,7
,G\YY}{,3,18091,,,false,7
,G\YY}{,4,18651,,,false,7
,G\YY}{,5,18511,,,false,7
,G\YY}{,6,18511,,,false,7
,G\YY}{,7,18231,,,false,7
,G\YY}{,8,18232,,,false,7
,G\YY}{,9,18441,,,false,7
,G`rHx{,0,37650,,,false,7
,G`rHx{,1,18581,,,false,7
,G`rHx{,2,19489,,,false,7
,G`rHx{,3,19140,,,false,7
,G`rHx{,4,18650,,,false,7
,G`rHx{,5,18511,,,false,7
,G`rHx{,6,18092,,,false,7
,G`rHx{,7,18231,,,false,7
,G`rHx{,8,18162,,,false,7
,G`rHx{,9,18441,,,false,7
,G?B~vo,0,19280,,,false,7
,G?B~vo,1,17812,,,false,7
,G?B~vo,2,17603,,,false,7
,G?B~vo,3,17603,,,false,7
,G?B~vo,4,17533,,,false,7
,G?B~vo,5,17323,,,false,7
,G?B~vo,6,17184,,,false,7
,G?B~vo,7,17044,,,false,7
,G?B~vo,8,17253,,,false,7
,G?B~vo,9,17184,,,false,7
,G?Mi~{,0,24728,,,false,7
,G?Mi~{,1,21165,,,false,7
,G?Mi~{,2,19908,,,false,7
,G?Mi~{,3,19768,,,false,7
,G?Mi~{,4,19629,,,false,7
,G?Mi~{,5,20047,,,false,7
,G?Mi~{,6,19978,,,false,7
,G?Mi~{,7,19908,,,false,7
,G?Mi~{,8,20047,,,false,7
,G?Mi~{,9,20118,,,false,7
,GS`zro,0,24238,,,false,7
,GS`zro,1,20886,,,false,7
,GS`zro,2,19978,,,false,7
,GS`zro,3,19908,,,false,7
,GS`zro,4,20467,,,false,7
,GS`zro,5,19768,,,false,7
,GS`zro,6,20118,,,false,7
,GS`zro,7,19978,,,false,7
,GS`zro,8,19908,,,false,7
,GS`zro,9,20048,,,false,7
,GqOxs{,0,23400,,,false,7
,GqOxs{,1,19769,,,false,7
,GqOxs{,2,18790,,,false,7
,GqOxs{,3,19139,,,false,7
,GqOxs{,4,18721,,,false,7
,GqOxs{,5,19000,,,false,7
,GqOxs{,6,18511,,,false,7
,GqOxs{,7,18720,,,false,7
,GqOxs{,8,18651,,,false,7
,GqOxs{,9,18930,,,false,7
,GGlVK{,0,22074,,,false,7
,GGlVK{,1,18650,,,false,7
,GGlVK{,2,17952,,,false,7
,GGlVK{,3,17603,,,false,7
,GGlVK{,4,17952,,,false,7
,GGlVK{,5,17603,,,false,7
,GGlVK{,6,17743,,,false,7
,GGlVK{,7,18091,,,false,7
,GGlVK{,8,18022,,,false,7
,GGlVK{,9,18232,,,false,7
,G``HW{,0,22283,,,false,7
,G``HW{,1,18022,,,false,7
,G``HW{,2,17882,,,false,7
,G``HW{,3,17464,,,false,7
,G``HW{,4,17464,,,false,7
,G``HW{,5,17253,,,false,7
,G``HW{,6,17044,,,false,7
,G``HW{,7,17673,,,false,7
,G``HW{,8,17323,,,false,7
,G``HW{,9,17044,,,false,7
,G?G\Qg,0,19628,,,false,3
,G?G\Qg,1,16206,,,false,3
,G?G\Qg,2,14739,,,false,3
,G?G\Qg,3,14390,,,false,3
,G?G\Qg,4,14600,,,false,3
,G?G\Qg,5,14738,,,false,3
,G?G\Qg,6,14530,,,false,3
,G?G\Qg,7,14389,,,false,3
,G?G\Qg,8,15158,,,false,3
,G?G\Qg,9,14390,,,false,3
,G?ClQg,0,20048,,,false,7
,G?ClQg,1,27103,,,false,7
,G?ClQg,2,17533,,,false,7
,G?ClQg,3,17254,,,false,7
,G?ClQg,4,17114,,,false,7
,G?ClQg,5,17044,,,false,7
,G?ClQg,6,16904,,,false,7
,G?ClQg,7,16904,,,false,7
,G?ClQg,8,16835,,,false,7
,G?ClQg,9,16695,,,false,7
,G?dcrK,0,17673,,,false,3
,G?dcrK,1,15787,,,false,3
,G?dcrK,2,18931,,,false,3
,G?dcrK,3,14809,,,false,3
,G?dcrK,4,14320,,,false,3
,G?dcrK,5,14669,,,false,3
,G?dcrK,6,14529,,,false,3
,G?dcrK,7,15018,,,false,3
,G?dcrK,8,14460,,,false,3
,G?dcrK,9,14110,,,false,3
,GReZZ[,0,20607,,,false,7
,GReZZ[,1,18091,,,false,7
,GReZZ[,2,17673,,,false,7
,GReZZ[,3,17324,,,false,7
,GReZZ[,4,17603,,,false,7
,GReZZ[,5,17114,,,false,7
,GReZZ[,6,17254,,,false,7
,GReZZ[,7,17044,,,false,7
,GReZZ[,8,17603,,,false,7
,GReZZ[,9,17394,,,false,7
,G?F@~o,0,21724,,,false,7
,G?F@~o,1,18721,,,false,7
,G?F@~o,2,18091,,,false,7
,G?F@~o,3,18022,,,false,7
,G?F@~o,4,18232,,,false,7
,G?F@~o,5,18161,,,false,7
,G?F@~o,6,17533,,,false,7
,G?F@~o,7,17743,,,false,7
,G?F@~o,8,17742,,,false,7
,G?F@~o,9,17533,,,false,7
,GpHYx{,0,21375,,,false,7
,GpHYx{,1,18581,,,false,7
,GpHYx{,2,17533,,,false,7
,GpHYx{,3,17812,,,false,7
,GpHYx{,4,18232,,,false,7
,GpHYx{,5,18162,,,false,7
,GpHYx{,6,17952,,,false,7
,GpHYx{,7,17743,,,false,7
,GpHYx{,8,17254,,,false,7
,GpHYx{,9,17464,,,false,7
,G@G^Mo,0,22143,,,false,7
,G@G^Mo,1,18791,,,false,7
,G@G^Mo,2,18580,,,false,7
,G@G^Mo,3,18651,,,false,7
,G@G^Mo,4,18511,,,false,7
,G@G^Mo,5,18511,,,false,7
,G@G^Mo,6,18232,,,false,7
,G@G^Mo,7,18162,,,false,7
,G@G^Mo,8,18510,,,false,7
,G@G^Mo,9,18581,,,false,7
,GtPHx{,0,20955,,,false,7
,GtPHx{,1,17952,,,false,7
,GtPHx{,2,18162,,,false,7
,GtPHx{,3,17882,,,false,7
,GtPHx{,4,17673,,,false,7
,GtPHx{,5,17253,,,false,7
,GtPHx{,6,17044,,,false,7
,GtPHx{,7,17673,,,false,7
,GtPHx{,8,17254,,,false,7
,GtPHx{,9,17603,,,false,7
,GWCOW{,0,18721,,,false,7
,GWCOW{,1,16694,,,false,7
,GWCOW{,2,16485,,,false,7
,GWCOW{,3,16206,,,false,7
,GWCOW{,4,15507,,,false,7
,GWCOW{,5,15856,,,false,7
,GWCOW{,6,16136,,,false,7
,GWCOW{,7,16206,,,false,7
,GWCOW{,8,16275,,,false,7
,GWCOW{,9,16136,,,false,7
,GGF~vs,0,21933,,,false,7
,GGF~vs,1,19629,,,false,7
,GGF~vs,2,19070,,,false,7
,GGF~vs,3,18861,,,false,7
,GGF~vs,4,18580,,,false,7
,GGF~vs,5,27172,,,false,7
,GGF~vs,6,18511,,,false,7
,GGF~vs,7,18581,,,false,7
,GGF~vs,8,18720,,,false,7
,GGF~vs,9,18162,,,false,7
,G?@zto,0,18650,,,false,7
,G?@zto,1,16835,,,false,7
,G?@zto,2,17044,,,false,7
,G?@zto,3,16275,,,false,7
,G?@zto,4,15787,,,false,7
,G?@zto,5,16066,,,false,7
,G?@zto,6,16206,,,false,7
,G?@zto,7,16136,,,false,7
,G?@zto,8,16345,,,false,7
,G?@zto,9,16206,,,false,7
,GBeZZ[,0,22492,,,false,7
,GBeZZ[,1,19210,,,false,7
,GBeZZ[,2,18581,,,false,7
,GBeZZ[,3,19419,,,false,7
,GBeZZ[,4,19140,,,false,7
,GBeZZ[,5,18721,,,false,7
,GBeZZ[,6,18791,,,false,7
,GBeZZ[,7,18511,,,false,7
,GBeZZ[,8,18650,,,false,7
,GBeZZ[,9,18930,,,false,7
,G?opm[,0,23890,,,false,7
,G?opm[,1,20607,,,false,7
,G?opm[,2,19978,,,false,7
,G?opm[,3,19558,,,false,7
,G?opm[,4,19628,,,false,7
,G?opm[,5,19769,,,false,7
,G?opm[,6,19978,,,false,7
,G?opm[,7,19559,,,false,7
,G?opm[,8,19908,,,false,7
,G?opm[,9,19489,,,false,7
,GdCZZ[,0,22492,,,false,7
,GdCZZ[,1,18721,,,false,7
,GdCZZ[,2,18441,,,false,7
,GdCZZ[,3,18161,,,false,7
,GdCZZ[,4,27243,,,false,7
,GdCZZ[,5,18022,,,false,7
,GdCZZ[,6,17812,,,false,7
,GdCZZ[,7,17813,,,false,7
,GdCZZ[,8,17602,,,false,7
,GdCZZ[,9,18022,,,false,7
,G?op~g,0,22492,,,false,7
,G?op~g,1,19140,,,false,7
,G?op~g,2,19000,,,false,7
,G?op~g,3,18650,,,false,7
,G?op~g,4,18302,,,false,7
,G?op~g,5,18511,,,false,7
,G?op~g,6,19000,,,false,7
,G?op~g,7,18580,,,false,7
,G?op~g,8,19000,,,false,7
,G?op~g,9,19070,,,false,7
,G?PXtK,0,22493,,,false,7
,G?PXtK,1,18930,,,false,7
,G?PXtK,2,18091,,,false,7
,G?PXtK,3,17743,,,false,7
,G?PXtK,4,17114,,,false,7
,G?PXtK,5,17114,,,false,7
,G?PXtK,6,17393,,,false,7
,G?PXtK,7,17323,,,false,7
,G?PXtK,8,17184,,,false,7
,G?PXtK,9,17114,,,false,7
,GACkZc,0,23889,,,false,7
,GACkZc,1,19140,,,false,7
,GACkZc,2,18720,,,false,7
,GACkZc,3,18441,,,false,7
,GACkZc,4,18651,,,false,7
,GACkZc,5,18301,,,false,7
,GACkZc,6,18021,,,false,7
,GACkZc,7,18092,,,false,7
,GACkZc,8,18581,,,false,7
,GACkZc,9,18301,,,false,7
,GGDhsk,0,20606,,,false,7
,GGDhsk,1,17812,,,false,7
,GGDhsk,2,17044,,,false,7
,GGDhsk,3,17184,,,false,7
,GGDhsk,4,17254,,,false,7
,GGDhsk,5,17324,,,false,7
,GGDhsk,6,17533,,,false,7
,GGDhsk,7,17673,,,false,7
,GGDhsk,8,17603,,,false,7
,GGDhsk,9,17393,,,false,7
,G?FDzw,0,20537,,,false,7
,G?FDzw,1,18930,,,false,7
,G?FDzw,2,18232,,,false,7
,G?FDzw,3,17743,,,false,7
,G?FDzw,4,18092,,,false,7
,G?FDzw,5,18511,,,false,7
,G?FDzw,6,17743,,,false,7
,G?FDzw,7,17603,,,false,7
,G?FDzw,8,17952,,,false,7
,G?FDzw,9,17813,,,false,7
,G@De[w,0,22353,,,false,7
,G@De[w,1,19139,,,false,7
,G@De[w,2,18721,,,false,7
,G@De[w,3,18022,,,false,7
,G@De[w,4,18162,,,false,7
,G@De[w,5,18232,,,false,7
,G@De[w,6,18092,,,false,7
,G@De[w,7,17953,,,false,7
,G@De[w,8,17743,,,false,7
,G@De[w,9,18162,,,false,7
,G?qaxw,0,22352,,,false,7
,G?qaxw,1,19628,,,false,7
,G?qaxw,2,19000,,,false,7
,G?qaxw,3,18651,,,false,7
,G?qaxw,4,18650,,,false,7
,G?qaxw,5,18581,,,false,7
,G?qaxw,6,19000,,,false,7
,G?qaxw,7,18650,,,false,7
,G?qaxw,8,18231,,,false,7
,G?qaxw,9,17952,,,false,7
,G?K|Qk,0,22842,,,false,7
,G?K|Qk,1,19069,,,false,7
,G?K|Qk,2,18441,,,false,7
,G?K|Qk,3,18651,,,false,7
,G?K|Qk,4,17742,,,false,7
,G?K|Qk,5,26754,,,false,7
,G?K|Qk,6,17952,,,false,7
,G?K|Qk,7,18022,,,false,7
,G?K|Qk,8,18721,,,false,7
,G?K|Qk,9,18022,,,false,7
,GGD\Hs,0,19978,,,false,7
,GGD\Hs,1,18022,,,false,7
,GGD\Hs,2,17183,,,false,7
,GGD\Hs,3,17254,,,false,7
,GGD\Hs,4,17114,,,false,7
,GGD\Hs,5,17183,,,false,7
,GGD\Hs,6,17254,,,false,7
,GGD\Hs,7,17114,,,false,7
,GGD\Hs,8,17044,,,false,7
,GGD\Hs,9,17253,,,false,7
,G@DitK,0,22283,,,false,7
,G@DitK,1,19558,,,false,7
,G@DitK,2,19070,,,false,7
,G@DitK,3,18581,,,false,7
,G@DitK,4,18231,,,false,7
,G@DitK,5,18720,,,false,7
,G@DitK,6,19000,,,false,7
,G@DitK,7,18581,,,false,7
,G@DitK,8,18231,,,false,7
,G@DitK,9,18162,,,false,7
,G@`izo,0,34856,,,false,7
,G@`izo,1,30246,,,false,7
,G@`izo,2,29338,,,false,7
,G@`izo,3,28639,,,false,7
,G@`izo,4,28570,,,false,7
,G@`izo,5,29547,,,false,7
,G@`izo,6,28570,,,false,7
,G@`izo,7,29058,,,false,7
,G@`izo,8,28640,,,false,7
,G@`izo,9,29338,,,false,7
,G@LT]W,0,30526,,,false,7
,G@LT]W,1,19908,,,false,7
,G@LT]W,2,18651,,,false,7
,G@LT]W,3,18650,,,false,7
,G@LT]W,4,18930,,,false,7
,G@LT]W,5,18511,,,false,7
,G@LT]W,6,19139,,,false,7
,G@LT]W,7,18511,,,false,7
,G@LT]W,8,18930,,,false,7
,G@LT]W,9,18581,,,false,7
,G@?Kyw,0,27592,,,false,7
,G@?Kyw,1,23330,,,false,7
,G@?Kyw,2,22423,,,false,7
,G@?Kyw,3,21934,,,false,7
,G@?Kyw,4,23051,,,false,7
,G@?Kyw,5,22423,,,false,7
,G@?Kyw,6,22772,,,false,7
,G@?Kyw,7,21794,,,false,7
,G@?Kyw,8,22423,,,false,7
,G@?Kyw,9,21864,,,false,7
,G`EbYw,0,20467,,,false,7
,G`EbYw,1,18232,,,false,7
,G`EbYw,2,17184,,,false,7
,G`EbYw,3,17044,,,false,7
,G`EbYw,4,17254,,,false,7
,G`EbYw,5,17253,,,false,7
,G`EbYw,6,17463,,,false,7
,G`EbYw,7,17324,,,false,7
,G`EbYw,8,17183,,,false,7
,G`EbYw,9,17463,,,false,7
,GAMNJg,0,21305,,,false,7
,GAMNJg,1,18441,,,false,7
,GAMNJg,2,18162,,,false,7
,GAMNJg,3,17672,,,false,7
,GAMNJg,4,17952,,,false,7
,GAMNJg,5,17673,,,false,7
,GAMNJg,6,17742,,,false,7
,GAMNJg,7,18022,,,false,7
,GAMNJg,8,17673,,,false,7
,GAMNJg,9,17393,,,false,7
,G@h[rK,0,22702,,,false,7
,G@h[rK,1,18511,,,false,7
,G@h[rK,2,17743,,,false,7
,G@h[rK,3,17672,,,false,7
,G@h[rK,4,18022,,,false,7
,G@h[rK,5,18232,,,false,7
,G@h[rK,6,17742,,,false,7
,G@h[rK,7,17533,,,false,7
,G@h[rK,8,17603,,,false,7
,G@h[rK,9,17812,,,false,7
,G@[sYk,0,22283,,,false,7
,G@[sYk,1,18720,,,false,7
,G@[sYk,2,18022,,,false,7
,G@[sYk,3,17603,,,false,7
,G@[sYk,4,17742,,,false,7
,G@[sYk,5,17603,,,false,7
,G@[sYk,6,17533,,,false,7
,G@[sYk,7,17812,,,false,7
,G@[sYk,8,18161,,,false,7
,G@[sYk,9,17463,,,false,7
,G`G\aW,0,19628,,,false,7
,G`G\aW,1,16904,,,false,7
,G`G\aW,2,16276,,,false,7
,G`G\aW,3,16136,,,false,7
,G`G\aW,4,16694,,,false,7
,G`G\aW,5,16276,,,false,7
,G`G\aW,6,16136,,,false,7
,G`G\aW,7,16276,,,false,7
,G`G\aW,8,16206,,,false,7
,G`G\aW,9,16555,,,false,7
,G@hZSk,0,21165,,,false,7
,G@hZSk,1,18511,,,false,7
,G@hZSk,2,17952,,,false,7
,G@hZSk,3,17673,,,false,7
,G@hZSk,4,17882,,,false,7
,G@hZSk,5,17742,,,false,7
,G@hZSk,6,18231,,,false,7
,G@hZSk,7,17533,,,false,7
,G@hZSk,8,17673,,,false,7
,G@hZSk,9,17742,,,false,7
,G`iRYw,0,18441,,,false,7
,G`iRYw,1,25705,,,false,7
,G`iRYw,2,17324,,,false,7
,G`iRYw,3,16485,,,false,7
,G`iRYw,4,16485,,,false,7
,G`iRYw,5,16765,,,false,7
,G`iRYw,6,16555,,,false,7
,G`iRYw,7,16764,,,false,7
,G`iRYw,8,16695,,,false,7
,G`iRYw,9,16555,,,false,7
,G`U_~K,0,20188,,,false,7
,G`U_~K,1,17533,,,false,7
,G`U_~K,2,17183,,,false,7
,G`U_~K,3,17324,,,false,7
,G`U_~K,4,16904,,,false,7
,G`U_~K,5,17114,,,false,7
,G`U_~K,6,16555,,,false,7
,G`U_~K,7,16695,,,false,7
,G`U_~K,8,16834,,,false,7
,G`U_~K,9,16625,,,false,7
,G`rHpk,0,20117,,,false,7
,G`rHpk,1,17673,,,false,7
,G`rHpk,2,17533,,,false,7
,G`rHpk,3,17253,,,false,7
,G`rHpk,4,17184,,,false,7
,G`rHpk,5,17463,,,false,7
,G`rHpk,6,17323,,,false,7
,G`rHpk,7,17394,,,false,7
,G`rHpk,8,17113,,,false,7
,G`rHpk,9,17743,,,false,7
,G?@P[{,0,19488,,,false,7
,G?@P[{,1,16835,,,false,7
,G?@P[{,2,16206,,,false,7
,G?@P[{,3,16136,,,false,7
,G?@P[{,4,16276,,,false,7
,G?@P[{,5,16066,,,false,7
,G?@P[{,6,16276,,,false,7
,G?@P[{,7,15856,,,false,7
,G?@P[{,8,15996,,,false,7
,G?@P[{,9,16276,,,false,7
,Gq?g~o,0,23261,,,false,7
,Gq?g~o,1,19558,,,false,7
,Gq?g~o,2,19139,,,false,7
,Gq?g~o,3,18651,,,false,7
,Gq?g~o,4,27102,,,false,7
,Gq?g~o,5,18511,,,false,7
,Gq?g~o,6,18651,,,false,7
,Gq?g~o,7,18301,,,false,7
,Gq?g~o,8,18301,,,false,7
,Gq?g~o,9,18511,,,false,7
,GoStIs,0,20327,,,false,7
,GoStIs,1,18581,,,false,7
,GoStIs,2,17253,,,false,7
,GoStIs,3,17044,,,false,7
,GoStIs,4,16625,,,false,7
,GoStIs,5,17253,,,false,7
,GoStIs,6,17114,,,false,7
,GoStIs,7,17114,,,false,7
,GoStIs,8,16834,,,false,7
,GoStIs,9,16905,,,false,7
,GwC^~w,0,21514,,,false,7
,GwC^~w,1,18930,,,false,7
,GwC^~w,2,18581,,,false,7
,GwC^~w,3,18231,,,false,7
,GwC^~w,4,18092,,,false,7
,GwC^~w,5,18022,,,false,7
,GwC^~w,6,18231,,,false,7
,GwC^~w,7,18162,,,false,7
,GwC^~w,8,17952,,,false,7
,GwC^~w,9,18231,,,false,7
