name,graph_g6,iteration,runtime,allocated_bytes,peak_bytes,timeout,treewidth
,G@Kxx{,0,40996,,,false,7
,G@Kxx{,1,33384,,,false,7
,G@Kxx{,2,22279,,,false,7
,G@Kxx{,3,21161,,,false,7
,G@Kxx{,4,20812,,,false,7
,G@Kxx{,5,20393,,,false,7
,G@Kxx{,6,20533,,,false,7
,G@Kxx{,7,22907,,,false,7
,G@Kxx{,8,18019,,,false,7
,G@Kxx{,9,17530,,,false,7
,G@Kx~{,0,39041,,,false,7
,G@Kx~{,1,37156,,,false,7
,G@Kx~{,2,31987,,,false,7
,G@Kx~{,3,31428,,,false,7
,G@Kx~{,4,31009,,,false,7
,G@Kx~{,5,31219,,,false,7
,G@Kx~{,6,30870,,,false,7
,G@Kx~{,7,30940,,,false,7
,G@Kx~{,8,33384,,,false,7
,G@Kx~{,9,31498,,,false,7
,G?_gqK,0,56710,,,false,3
,G?_gqK,1,43162,,,false,3
,G?_gqK,2,38622,,,false,3
,G?_gqK,3,59086,,,false,3
,G?_gqK,4,33314,,,false,3
,G?_gqK,5,32825,,,false,3
,G?_gqK,6,32406,,,false,3
,G?_gqK,7,32267,,,false,3
,G?_gqK,8,32685,,,false,3
,G?_gqK,9,32476,,,false,3
,G?????,0,6705,,,false,2
,G?????,1,7124,,,false,2
,G?????,2,5239,,,false,2
,G?????,3,7193,,,false,2
,G?????,4,5168,,,false,2
,G?????,5,6634,,,false,2
,G?????,6,5308,,,false,2
,G?????,7,5238,,,false,2
,G?????,8,7054,,,false,2
,G?????,9,5238,,,false,2
,Gs\v~w,0,25702,,,false,7
,Gs\v~w,1,18578,,,false,7
,Gs\v~w,2,18438,,,false,7
,Gs\v~w,3,17599,,,false,7
,Gs\v~w,4,17251,,,false,7
,Gs\v~w,5,17600,,,false,7
,Gs\v~w,6,18019,,,false,7
,Gs\v~w,7,17251,,,false,7
,Gs\v~w,8,17111,,,false,7
,Gs\v~w,9,17111,,,false,7
,GF~~~{,0,25841,,,false,7
,GF~~~{,1,18508,,,false,7
,GF~~~{,2,17879,,,false,7
,GF~~~{,3,18228,,,false,7
,GF~~~{,4,18019,,,false,7
,GF~~~{,5,18019,,,false,7
,GF~~~{,6,18228,,,false,7
,GF~~~{,7,18159,,,false,7
,GF~~~{,8,18019,,,false,7
,GF~~~{,9,17670,,,false,7
,G~?GW[,0,17600,,,false,3
,G~?GW[,1,16623,,,false,3
,G~?GW[,2,12781,,,false,3
,G~?GW[,3,14038,,,false,3
,G~?GW[,4,13339,,,false,3
,G~?GW[,5,20464,,,false,3
,G~?GW[,6,12502,,,false,3
,G~?GW[,7,15645,,,false,3
,G~?GW[,8,12431,,,false,3
,G~?GW[,9,11803,,,false,3
,GwC^?{,0,7753,,,false,3
,GwC^?{,1,8451,,,false,3
,GwC^?{,2,6705,,,false,3
,GwC^?{,3,8242,,,false,3
,GwC^?{,4,6565,,,false,3
,GwC^?{,5,5797,,,false,3
,GwC^?{,6,8241,,,false,3
,GwC^?{,7,6146,,,false,3
,GwC^?{,8,8032,,,false,3
,GwC^?{,9,6285,,,false,3
,G???GK,0,6215,,,false,2
,G???GK,1,5657,,,false,2
,G???GK,2,7053,,,false,2
,G???GK,3,7193,,,false,2
,G???GK,4,5308,,,false,2
,G???GK,5,7124,,,false,2
,G???GK,6,5239,,,false,2
,G???GK,7,8660,,,false,2
,G???GK,8,5657,,,false,2
,G???GK,9,5168,,,false,2
,G}hPW{,0,24374,,,false,7
,G}hPW{,1,16831,,,false,7
,G}hPW{,2,16622,,,false,7
,G}hPW{,3,16203,,,false,7
,G}hPW{,4,16342,,,false,7
,G}hPW{,5,16482,,,false,7
,G}hPW{,6,16203,,,false,7
,G}hPW{,7,15994,,,false,7
,G}hPW{,8,15784,,,false,7
,G}hPW{,9,16272,,,false,7
,GqN~~{,0,19486,,,false,7
,GqN~~{,1,17321,,,false,7
,GqN~~{,2,17181,,,false,7
,GqN~~{,3,17041,,,false,7
,GqN~~{,4,17739,,,false,7
,GqN~~{,5,17111,,,false,7
,GqN~~{,6,17111,,,false,7
,GqN~~{,7,17111,,,false,7
,GqN~~{,8,17390,,,false,7
,GqN~~{,9,17390,,,false,7
,GJ\zz{,0,32406,,,false,7
,GJ\zz{,1,28146,,,false,7
,GJ\zz{,2,27238,,,false,7
,GJ\zz{,3,27308,,,false,7
,GJ\zz{,4,27238,,,false,7
,GJ\zz{,5,36876,,,false,7
,GJ\zz{,6,27238,,,false,7
,GJ\zz{,7,27237,,,false,7
,GJ\zz{,8,27238,,,false,7
,GJ\zz{,9,27168,,,false,7
,GJ\z~{,0,22908,,,false,7
,GJ\z~{,1,19415,,,false,7
,GJ\z~{,2,18578,,,false,7
,GJ\z~{,3,18787,,,false,7
,GJ\z~{,4,18368,,,false,7
,GJ\z~{,5,18508,,,false,7
,GJ\z~{,6,18158,,,false,7
,GJ\z~{,7,18437,,,false,7
,GJ\z~{,8,18228,,,false,7
,GJ\z~{,9,18717,,,false,7
,G~z\z{,0,19416,,,false,7
,G~z\z{,1,18159,,,false,7
,G~z\z{,2,17321,,,false,7
,G~z\z{,3,16552,,,false,7
,G~z\z{,4,16762,,,false,7
,G~z\z{,5,17041,,,false,7
,G~z\z{,6,16972,,,false,7
,G~z\z{,7,16762,,,false,7
,G~z\z{,8,17041,,,false,7
,G~z\z{,9,17250,,,false,7
,G^~~~{,0,20952,,,false,7
,G^~~~{,1,18089,,,false,7
,G^~~~{,2,17320,,,false,7
,G^~~~{,3,18088,,,false,7
,G^~~~{,4,18018,,,false,7
,G^~~~{,5,17739,,,false,7
,G^~~~{,6,17949,,,false,7
,G^~~~{,7,18298,,,false,7
,G^~~~{,8,18228,,,false,7
,G^~~~{,9,17530,,,false,7
,G~~~~{,0,19626,,,false,7
,G~~~~{,1,18229,,,false,7
,G~~~~{,2,18508,,,false,7
,G~~~~{,3,17670,,,false,7
,G~~~~{,4,24794,,,false,7
,G~~~~{,5,18299,,,false,7
,G~~~~{,6,17879,,,false,7
,G~~~~{,7,18018,,,false,7
,G~~~~{,8,18089,,,false,7
,G~~~~{,9,18019,,,false,7
,GI?HOg,0,32895,,,false,7
,GI?HOg,1,32895,,,false,7
,GI?HOg,2,25352,,,false,7
,GI?HOg,3,25213,,,false,7
,GI?HOg,4,24863,,,false,7
,GI?HOg,5,24933,,,false,7
,GI?HOg,6,24654,,,false,7
,GI?HOg,7,24584,,,false,7
,GI?HOg,8,24724,,,false,7
,GI?HOg,9,25212,,,false,7
,G?DPV?,0,19625,,,false,7
,G?DPV?,1,16622,,,false,7
,G?DPV?,2,15714,,,false,7
,G?DPV?,3,15295,,,false,7
,G?DPV?,4,15574,,,false,7
,G?DPV?,5,15365,,,false,7
,G?DPV?,6,15505,,,false,7
,G?DPV?,7,15225,,,false,7
,G?DPV?,8,15574,,,false,7
,G?DPV?,9,15784,,,false,7
,G?DPTC,0,17042,,,false,3
,G?DPTC,1,14387,,,false,3
,G?DPTC,2,13270,,,false,3
,G?DPTC,3,13339,,,false,3
,G?DPTC,4,13340,,,false,3
,G?DPTC,5,13270,,,false,3
,G?DPTC,6,12921,,,false,3
,G?DPTC,7,13270,,,false,3
,G?DPTC,8,13480,,,false,3
,G?DPTC,9,13130,,,false,3
,G?`HW{,0,58596,,,false,3
,G?`HW{,1,47142,,,false,3
,G?`HW{,2,50076,,,false,3
,G?`HW{,3,42044,,,false,3
,G?`HW{,4,41695,,,false,3
,G?`HW{,5,41346,,,false,3
,G?`HW{,6,41206,,,false,3
,G?`HW{,7,40996,,,false,3
,G?`HW{,8,40996,,,false,3
,G?`HW{,9,40997,,,false,3
,G@GQSG,0,18857,,,false,3
,G@GQSG,1,17600,,,false,3
,G@GQSG,2,14667,,,false,3
,G@GQSG,3,14876,,,false,3
,G@GQSG,4,14806,,,false,3
,G@GQSG,5,15086,,,false,3
,G@GQSG,6,14876,,,false,3
,G@GQSG,7,14736,,,false,3
,G@GQSG,8,14807,,,false,3
,G@GQSG,9,15225,,,false,3
,G??GW[,0,13968,,,false,3
,G??GW[,1,14178,,,false,3
,G??GW[,2,11594,,,false,3
,G??GW[,3,14107,,,false,3
,G??GW[,4,12432,,,false,3
,G??GW[,5,11663,,,false,3
,G??GW[,6,13479,,,false,3
,G??GW[,7,11804,,,false,3
,G??GW[,8,11524,,,false,3
,G??GW[,9,11873,,,false,3
,G??MPg,0,12362,,,false,3
,G??MPg,1,10477,,,false,3
,G??MPg,2,9499,,,false,3
,G??MPg,3,10616,,,false,3
,G??MPg,4,9987,,,false,3
,G??MPg,5,10127,,,false,3
,G??MPg,6,10337,,,false,3
,G??MPg,7,10057,,,false,3
,G??MPg,8,10057,,,false,3
,G??MPg,9,10406,,,false,3
,G????C,0,5587,,,false,2
,G????C,1,5168,,,false,2
,G????C,2,6775,,,false,2
,G????C,3,5238,,,false,2
,G????C,4,5238,,,false,2
,G????C,5,7264,,,false,2
,G????C,6,5168,,,false,2
,G????C,7,4749,,,false,2
,G????C,8,4330,,,false,2
,G????C,9,6635,,,false,2
,G???Ns,0,9010,,,false,3
,G???Ns,1,8102,,,false,3
,G???Ns,2,8172,,,false,3
,G???Ns,3,8102,,,false,3
,G???Ns,4,8102,,,false,3
,G???Ns,5,8101,,,false,3
,G???Ns,6,7613,,,false,3
,G???Ns,7,7752,,,false,3
,G???Ns,8,7612,,,false,3
,G???Ns,9,7962,,,false,3
,G?CWw{,0,18019,,,false,7
,G?CWw{,1,16203,,,false,7
,G?CWw{,2,15854,,,false,7
,G?CWw{,3,15644,,,false,7
,G?CWw{,4,15784,,,false,7
,G?CWw{,5,15714,,,false,7
,G?CWw{,6,15645,,,false,7
,G?CWw{,7,15365,,,false,7
,G?CWw{,8,15225,,,false,7
,G?CWw{,9,15296,,,false,7
,G?CW~{,0,16133,,,false,7
,G?CW~{,1,15365,,,false,7
,G?CW~{,2,16063,,,false,7
,G?CW~{,3,16063,,,false,7
,G?CW~{,4,15714,,,false,7
,G?CW~{,5,15574,,,false,7
,G?CW~{,6,15784,,,false,7
,G?CW~{,7,15644,,,false,7
,G?CW~{,8,16204,,,false,7
,G?CW~{,9,15854,,,false,7
,G??GOK,0,12920,,,false,3
,G??GOK,1,11384,,,false,3
,G??GOK,2,11105,,,false,3
,G??GOK,3,10826,,,false,3
,G??GOK,4,11593,,,false,3
,G??GOK,5,11733,,,false,3
,G??GOK,6,10965,,,false,3
,G??GOK,7,11314,,,false,3
,G??GOK,8,11384,,,false,3
,G??GOK,9,11524,,,false,3
,GoCQPG,0,19904,,,false,7
,GoCQPG,1,16203,,,false,7
,GoCQPG,2,15854,,,false,7
,GoCQPG,3,15644,,,false,7
,GoCQPG,4,15365,,,false,7
,GoCQPG,5,15225,,,false,7
,GoCQPG,6,15226,,,false,7
,GoCQPG,7,15924,,,false,7
,GoCQPG,8,15016,,,false,7
,GoCQPG,9,15226,,,false,7
,G?CHM_,0,15295,,,false,3
,G?CHM_,1,12991,,,false,3
,G?CHM_,2,12292,,,false,3
,G?CHM_,3,12013,,,false,3
,G?CHM_,4,12292,,,false,3
,G?CHM_,5,12012,,,false,3
,G?CHM_,6,11873,,,false,3
,G?CHM_,7,11943,,,false,3
,G?CHM_,8,12292,,,false,3
,G?CHM_,9,11943,,,false,3
,G??gv_,0,36596,,,false,7
,G??gv_,1,29752,,,false,7
,G??gv_,2,26190,,,false,7
,G??gv_,3,26190,,,false,7
,G??gv_,4,26191,,,false,7
,G??gv_,5,26260,,,false,7
,G??gv_,6,25841,,,false,7
,G??gv_,7,25702,,,false,7
,G??gv_,8,25841,,,false,7
,G??gv_,9,26330,,,false,7
,G?@HcK,0,12711,,,false,3
,G?@HcK,1,10895,,,false,3
,G?@HcK,2,10057,,,false,3
,G?@HcK,3,10406,,,false,3
,G?@HcK,4,10197,,,false,3
,G?@HcK,5,10965,,,false,3
,G?@HcK,6,10406,,,false,3
,G?@HcK,7,10127,,,false,3
,G?@HcK,8,10406,,,false,3
,G?@HcK,9,10057,,,false,3
,G???^w,0,14457,,,false,3
,G???^w,1,12850,,,false,3
,G???^w,2,12571,,,false,3
,G???^w,3,12222,,,false,3
,G???^w,4,11943,,,false,3
,G???^w,5,12153,,,false,3
,G???^w,6,12013,,,false,3
,G???^w,7,12292,,,false,3
,G???^w,8,12082,,,false,3
,G???^w,9,12292,,,false,3
,GsP@xw,0,21022,,,false,7
,GsP@xw,1,17600,,,false,7
,GsP@xw,2,17042,,,false,7
,GsP@xw,3,17251,,,false,7
,GsP@xw,4,17041,,,false,7
,GsP@xw,5,24235,,,false,7
,GsP@xw,6,33803,,,false,7
,GsP@xw,7,23885,,,false,7
,GsP@xw,8,22000,,,false,7
,GsP@xw,9,20393,,,false,7
,G?@Ht_,0,26610,,,false,3
,G?@Ht_,1,21860,,,false,3
,G?@Ht_,2,20463,,,false,3
,G?@Ht_,3,18996,,,false,3
,G?@Ht_,4,18787,,,false,3
,G?@Ht_,5,18648,,,false,3
,G?@Ht_,6,18717,,,false,3
,G?@Ht_,7,18508,,,false,3
,G?@Ht_,8,18508,,,false,3
,G?@Ht_,9,18228,,,false,3
,Gs`zro,0,27238,,,false,7
,Gs`zro,1,23397,,,false,7
,Gs`zro,2,22279,,,false,7
,Gs`zro,3,22210,,,false,7
,Gs`zro,4,22698,,,false,7
,Gs`zro,5,22489,,,false,7
,Gs`zro,6,21860,,,false,7
,Gs`zro,7,21302,,,false,7
,Gs`zro,8,21930,,,false,7
,Gs`zro,9,22000,,,false,7
,G?~~~{,0,30590,,,false,7
,G?~~~{,1,26330,,,false,7
,G?~~~{,2,25073,,,false,7
,G?~~~{,3,24584,,,false,7
,G?~~~{,4,24235,,,false,7
,G?~~~{,5,24235,,,false,7
,G?~~~{,6,24794,,,false,7
,G?~~~{,7,24374,,,false,7
,G?~~~{,8,34292,,,false,7
,G?~~~{,9,24863,,,false,7
,G`K?GK,0,8591,,,false,2
,G`K?GK,1,7543,,,false,2
,G`K?GK,2,7124,,,false,2
,G`K?GK,3,6774,,,false,2
,G`K?GK,4,6705,,,false,2
,G`K?GK,5,7123,,,false,2
,G`K?GK,6,6774,,,false,2
,G`K?GK,7,6635,,,false,2
,G`K?GK,8,6565,,,false,2
,G`K?GK,9,6775,,,false,2
,G`?GZc,0,19136,,,false,3
,G`?GZc,1,14388,,,false,3
,G`?GZc,2,10825,,,false,3
,G`?GZc,3,10965,,,false,3
,G`?GZc,4,10825,,,false,3
,G`?GZc,5,11035,,,false,3
,G`?GZc,6,11453,,,false,3
,G`?GZc,7,10825,,,false,3
,G`?GZc,8,11035,,,false,3
,G`?GZc,9,10825,,,false,3
,G??CZc,0,13200,,,false,3
,G??CZc,1,11105,,,false,3
,G??CZc,2,10406,,,false,3
,G??CZc,3,10686,,,false,3
,G??CZc,4,10406,,,false,3
,G??CZc,5,10616,,,false,3
,G??CZc,6,10406,,,false,3
,G??CZc,7,10476,,,false,3
,G??CZc,8,10476,,,false,3
,G??CZc,9,10476,,,false,3
,G`_gqK,0,20254,,,false,7
,G`_gqK,1,16133,,,false,7
,G`_gqK,2,15784,,,false,7
,G`_gqK,3,15644,,,false,7
,G`_gqK,4,15085,,,false,7
,G`_gqK,5,15295,,,false,7
,G`_gqK,6,15156,,,false,7
,G`_gqK,7,15365,,,false,7
,G`_gqK,8,15226,,,false,7
,G`_gqK,9,15225,,,false,7
,GsOiho,0,26819,,,false,7
,GsOiho,1,17600,,,false,7
,GsOiho,2,16133,,,false,7
,GsOiho,3,16343,,,false,7
,GsOiho,4,15994,,,false,7
,GsOiho,5,16203,,,false,7
,GsOiho,6,16063,,,false,7
,GsOiho,7,15784,,,false,7
,GsOiho,8,16343,,,false,7
,GsOiho,9,16134,,,false,7
,G???F{,0,8660,,,false,3
,G???F{,1,6146,,,false,3
,G???F{,2,6216,,,false,3
,G???F{,3,5727,,,false,3
,G???F{,4,6285,,,false,3
,G???F{,5,6076,,,false,3
,G???F{,6,5727,,,false,3
,G???F{,7,5796,,,false,3
,G???F{,8,5727,,,false,3
,G???F{,9,5727,,,false,3
,G??F~{,0,17949,,,false,7
,G??F~{,1,15505,,,false,7
,G??F~{,2,15295,,,false,7
,G??F~{,3,15644,,,false,7
,G??F~{,4,15365,,,false,7
,G??F~{,5,15155,,,false,7
,G??F~{,6,15296,,,false,7
,G??F~{,7,15295,,,false,7
,G??F~{,8,15226,,,false,7
,G??F~{,9,15365,,,false,7
,G?B~~{,0,18438,,,false,7
,G?B~~{,1,16343,,,false,7
,G?B~~{,2,16482,,,false,7
,G?B~~{,3,16133,,,false,7
,G?B~~{,4,16203,,,false,7
,G?B~~{,5,16133,,,false,7
,G?B~~{,6,16273,,,false,7
,G?B~~{,7,16063,,,false,7
,G?B~~{,8,16273,,,false,7
,G?B~~{,9,16273,,,false,7
,G`?G?C,0,6774,,,false,3
,G`?G?C,1,5658,,,false,3
,G`?G?C,2,5727,,,false,3
,G`?G?C,3,5727,,,false,3
,G`?G?C,4,5727,,,false,3
,G`?G?C,5,5587,,,false,3
,G`?G?C,6,5727,,,false,3
,G`?G?C,7,5378,,,false,3
,G`?G?C,8,5657,,,false,3
,G`?G?C,9,5657,,,false,3
,G?O_c[,0,16482,,,false,3
,G?O_c[,1,12781,,,false,3
,G?O_c[,2,12292,,,false,3
,G?O_c[,3,14318,,,false,3
,G?O_c[,4,12292,,,false,3
,G?O_c[,5,12432,,,false,3
,G?O_c[,6,12292,,,false,3
,G?O_c[,7,12362,,,false,3
,G?O_c[,8,12361,,,false,3
,G?O_c[,9,11943,,,false,3
,G?GQSK,0,11803,,,false,3
,G?GQSK,1,9707,,,false,3
,G?GQSK,2,9428,,,false,3
,G?GQSK,3,9149,,,false,3
,G?GQSK,4,9080,,,false,3
,G?GQSK,5,9359,,,false,3
,G?GQSK,6,9010,,,false,3
,G?GQSK,7,9428,,,false,3
,G?GQSK,8,8940,,,false,3
,G?GQSK,9,9219,,,false,3
,G?zTjo,0,22349,,,false,7
,G?zTjo,1,18438,,,false,7
,G?zTjo,2,17670,,,false,7
,G?zTjo,3,17670,,,false,7
,G?zTjo,4,17530,,,false,7
,G?zTjo,5,17739,,,false,7
,G?zTjo,6,17250,,,false,7
,G?zTjo,7,17460,,,false,7
,G?zTjo,8,17181,,,false,7
,G?zTjo,9,17879,,,false,7
,Gs@ipo,0,21511,,,false,7
,Gs@ipo,1,18158,,,false,7
,Gs@ipo,2,18019,,,false,7
,Gs@ipo,3,17670,,,false,7
,Gs@ipo,4,17181,,,false,7
,Gs@ipo,5,17460,,,false,7
,Gs@ipo,6,17251,,,false,7
,Gs@ipo,7,17320,,,false,7
,Gs@ipo,8,17460,,,false,7
,Gs@ipo,9,17321,,,false,7
,G`dnfw,0,19975,,,false,7
,G`dnfw,1,16832,,,false,7
,G`dnfw,2,16622,,,false,7
,G`dnfw,3,16133,,,false,7
,G`dnfw,4,16832,,,false,7
,G`dnfw,5,16134,,,false,7
,G`dnfw,6,16692,,,false,7
,G`dnfw,7,15854,,,false,7
,G`dnfw,8,16133,,,false,7
,G`dnfw,9,16343,,,false,7
,GQo~nw,0,18368,,,false,7
,GQo~nw,1,16692,,,false,7
,GQo~nw,2,16483,,,false,7
,GQo~nw,3,16273,,,false,7
,GQo~nw,4,15853,,,false,7
,GQo~nw,5,16133,,,false,7
,GQo~nw,6,15853,,,false,7
,GQo~nw,7,16203,,,false,7
,GQo~nw,8,16203,,,false,7
,GQo~nw,9,16343,,,false,7
,G?z\z{,0,22768,,,false,7
,G?z\z{,1,19346,,,false,7
,G?z\z{,2,25142,,,false,7
,G?z\z{,3,18647,,,false,7
,G?z\z{,4,18508,,,false,7
,G?z\z{,5,18647,,,false,7
,G?z\z{,6,18228,,,false,7
,G?z\z{,7,18508,,,false,7
,G?z\z{,8,18577,,,false,7
,G?z\z{,9,18717,,,false,7
,GwCOOK,0,18019,,,false,7
,GwCOOK,1,15435,,,false,7
,GwCOOK,2,14597,,,false,7
,GwCOOK,3,14317,,,false,7
,GwCOOK,4,14666,,,false,7
,GwCOOK,5,14457,,,false,7
,GwCOOK,6,14806,,,false,7
,GwCOOK,7,14736,,,false,7
,GwCOOK,8,13968,,,false,7
,GwCOOK,9,14248,,,false,7
,GoCOZ?,0,4819,,,false,3
,GoCOZ?,1,3841,,,false,3
,GoCOZ?,2,3841,,,false,3
,GoCOZ?,3,3771,,,false,3
,GoCOZ?,4,3771,,,false,3
,GoCOZ?,5,3771,,,false,3
,GoCOZ?,6,3842,,,false,3
,GoCOZ?,7,3352,,,false,3
,GoCOZ?,8,3701,,,false,3
,GoCOZ?,9,3841,,,false,3
,G?xPcK,0,22280,,,false,7
,G?xPcK,1,18857,,,false,7
,G?xPcK,2,17810,,,false,7
,G?xPcK,3,17600,,,false,7
,G?xPcK,4,17531,,,false,7
,G?xPcK,5,17251,,,false,7
,G?xPcK,6,18089,,,false,7
,G?xPcK,7,17530,,,false,7
,G?xPcK,8,17670,,,false,7
,G?xPcK,9,17739,,,false,7
,G@?G?C,0,7263,,,false,3
,G@?G?C,1,5727,,,false,3
,G@?G?C,2,6076,,,false,3
,G@?G?C,3,5797,,,false,3
,G@?G?C,4,5797,,,false,3
,G@?G?C,5,5657,,,false,3
,G@?G?C,6,5727,,,false,3
,G@?G?C,7,5727,,,false,3
,G@?G?C,8,5727,,,false,3
,G@?G?C,9,5587,,,false,3
,G@hRSk,0,21930,,,false,7
,G@hRSk,1,17530,,,false,7
,G@hRSk,2,16272,,,false,7
,G@hRSk,3,16762,,,false,7
,G@hRSk,4,16133,,,false,7
,G@hRSk,5,16273,,,false,7
,G@hRSk,6,16203,,,false,7
,G@hRSk,7,23746,,,false,7
,G@hRSk,8,16203,,,false,7
,G@hRSk,9,16133,,,false,7
,GoSv~w,0,21092,,,false,7
,GoSv~w,1,17739,,,false,7
,GoSv~w,2,16622,,,false,7
,GoSv~w,3,16762,,,false,7
,GoSv~w,4,17111,,,false,7
,GoSv~w,5,16552,,,false,7
,GoSv~w,6,17251,,,false,7
,GoSv~w,7,16692,,,false,7
,GoSv~w,8,16622,,,false,7
,GoSv~w,9,16832,,,false,7
,GIiZ~w,0,19835,,,false,7
,GIiZ~w,1,17181,,,false,7
,GIiZ~w,2,16622,,,false,7
,GIiZ~w,3,16831,,,false,7
,GIiZ~w,4,16762,,,false,7
,GIiZ~w,5,16063,,,false,7
,GIiZ~w,6,16762,,,false,7
,GIiZ~w,7,16692,,,false,7
,GIiZ~w,8,16553,,,false,7
,GIiZ~w,9,16831,,,false,7
,G@lv]{,0,21721,,,false,7
,G@lv]{,1,18578,,,false,7
,G@lv]{,2,17530,,,false,7
,G@lv]{,3,17669,,,false,7
,G@lv]{,4,17739,,,false,7
,G@lv]{,5,17600,,,false,7
,G@lv]{,6,17600,,,false,7
,G@lv]{,7,17740,,,false,7
,G@lv]{,8,17181,,,false,7
,G@lv]{,9,17669,,,false,7
,GsOax{,0,21581,,,false,7
,GsOax{,1,18019,,,false,7
,GsOax{,2,17041,,,false,7
,GsOax{,3,16692,,,false,7
,GsOax{,4,16412,,,false,7
,GsOax{,5,17251,,,false,7
,GsOax{,6,16622,,,false,7
,GsOax{,7,17041,,,false,7
,GsOax{,8,17251,,,false,7
,GsOax{,9,17111,,,false,7
,GANLfK,0,21441,,,false,7
,GANLfK,1,17740,,,false,7
,GANLfK,2,16692,,,false,7
,GANLfK,3,16972,,,false,7
,GANLfK,4,16622,,,false,7
,GANLfK,5,16902,,,false,7
,GANLfK,6,16902,,,false,7
,GANLfK,7,16622,,,false,7
,GANLfK,8,16552,,,false,7
,GANLfK,9,16343,,,false,7
,G{O_w{,0,20882,,,false,7
,G{O_w{,1,17670,,,false,7
,G{O_w{,2,17670,,,false,7
,G{O_w{,3,17321,,,false,7
,G{O_w{,4,17460,,,false,7
,G{O_w{,5,17111,,,false,7
,G{O_w{,6,17042,,,false,7
,G{O_w{,7,17111,,,false,7
,G{O_w{,8,17251,,,false,7
,G{O_w{,9,17041,,,false,7
,GANcvK,0,19136,,,false,7
,GANcvK,1,17180,,,false,7
,GANcvK,2,17111,,,false,7
,GANcvK,3,16832,,,false,7
,GANcvK,4,17111,,,false,7
,GANcvK,5,17530,,,false,7
,GANcvK,6,17181,,,false,7
,GANcvK,7,17391,,,false,7
,GANcvK,8,17251,,,false,7
,GANcvK,9,17181,,,false,7
,GCS~VK,0,20603,,,false,7
,GCS~VK,1,17321,,,false,7
,GCS~VK,2,17111,,,false,7
,GCS~VK,3,16203,,,false,7
,GCS~VK,4,16762,,,false,7
,GCS~VK,5,17041,,,false,7
,GCS~VK,6,16761,,,false,7
,GCS~VK,7,16343,,,false,7
,GCS~VK,8,16971,,,false,7
,GCS~VK,9,17181,,,false,7
,G_h\rk,0,19904,,,false,7
,G_h\rk,1,17251,,,false,7
,G_h\rk,2,25282,,,false,7
,G_h\rk,3,17251,,,false,7
,G_h\rk,4,16623,,,false,7
,G_h\rk,5,16762,,,false,7
,G_h\rk,6,17181,,,false,7
,G_h\rk,7,16553,,,false,7
,G_h\rk,8,17251,,,false,7
,G_h\rk,9,16971,,,false,7
,GoDPV{,0,20114,,,false,7
,GoDPV{,1,16552,,,false,7
,GoDPV{,2,16273,,,false,7
,GoDPV{,3,16342,,,false,7
,GoDPV{,4,16063,,,false,7
,GoDPV{,5,15784,,,false,7
,GoDPV{,6,16273,,,false,7
,GoDPV{,7,15575,,,false,7
,GoDPV{,8,15854,,,false,7
,GoDPV{,9,16064,,,false,7
,GqGTY{,0,18578,,,false,7
,GqGTY{,1,15994,,,false,7
,GqGTY{,2,15365,,,false,7
,GqGTY{,3,15505,,,false,7
,GqGTY{,4,15365,,,false,7
,GqGTY{,5,15854,,,false,7
,GqGTY{,6,15575,,,false,7
,GqGTY{,7,15365,,,false,7
,GqGTY{,8,15715,,,false,7
,GqGTY{,9,15225,,,false,7
,G`deX{,0,18018,,,false,7
,G`deX{,1,16273,,,false,7
,G`deX{,2,15645,,,false,7
,G`deX{,3,15505,,,false,7
,G`deX{,4,15295,,,false,7
,G`deX{,5,15155,,,false,7
,G`deX{,6,15365,,,false,7
,G`deX{,7,15155,,,false,7
,G`deX{,8,15295,,,false,7
,G`deX{,9,15295,,,false,7
,Gj?HWw,0,36806,,,false,7
,Gj?HWw,1,31010,,,false,7
,Gj?HWw,2,29613,,,false,7
,Gj?HWw,3,29333,,,false,7
,Gj?HWw,4,37504,,,false,7
,Gj?HWw,5,29542,,,false,7
,Gj?HWw,6,29542,,,false,7
,Gj?HWw,7,29542,,,false,7
,Gj?HWw,8,29542,,,false,7
,Gj?HWw,9,29612,,,false,7
,G?DP^{,0,21371,,,false,7
,G?DP^{,1,18299,,,false,7
,G?DP^{,2,17321,,,false,7
,G?DP^{,3,17181,,,false,7
,G?DP^{,4,17041,,,false,7
,G?DP^{,5,16762,,,false,7
,G?DP^{,6,17251,,,false,7
,G?DP^{,7,17041,,,false,7
,G?DP^{,8,17250,,,false,7
,G?DP^{,9,16692,,,false,7
,G?`@pk,0,34292,,,false,3
,G?`@pk,1,25072,,,false,3
,G?`@pk,2,23885,,,false,3
,G?`@pk,3,23466,,,false,3
,G?`@pk,4,23397,,,false,3
,G?`@pk,5,23397,,,false,3
,G?`@pk,6,23746,,,false,3
,G?`@pk,7,23327,,,false,3
,G?`@pk,8,23327,,,false,3
,G?`@pk,9,24304,,,false,3
,G?XX~{,0,24025,,,false,7
,G?XX~{,1,18997,,,false,7
,G?XX~{,2,18648,,,false,7
,G?XX~{,3,18019,,,false,7
,G?XX~{,4,18438,,,false,7
,G?XX~{,5,18648,,,false,7
,G?XX~{,6,18229,,,false,7
,G?XX~{,7,18019,,,false,7
,G?XX~{,8,18089,,,false,7
,G?XX~{,9,18229,,,false,7
,G?S~^{,0,30241,,,false,7
,G?S~^{,1,19765,,,false,7
,G?S~^{,2,19137,,,false,7
,G?S~^{,3,18578,,,false,7
,G?S~^{,4,18438,,,false,7
,G?S~^{,5,18648,,,false,7
,G?S~^{,6,18647,,,false,7
,G?S~^{,7,18438,,,false,7
,G?S~^{,8,18508,,,false,7
,G?S~^{,9,18647,,,false,7
,G?qz~{,0,22698,,,false,7
,G?qz~{,1,19905,,,false,7
,G?qz~{,2,18088,,,false,7
,G?qz~{,3,17949,,,false,7
,G?qz~{,4,18228,,,false,7
,G?qz~{,5,17739,,,false,7
,G?qz~{,6,18019,,,false,7
,G?qz~{,7,17670,,,false,7
,G?qz~{,8,17809,,,false,7
,G?qz~{,9,18019,,,false,7
,GJ?G^{,0,26749,,,false,3
,GJ?G^{,1,22838,,,false,3
,GJ?G^{,2,21790,,,false,3
,GJ?G^{,3,21441,,,false,3
,GJ?G^{,4,21511,,,false,3
,GJ?G^{,5,21511,,,false,3
,GJ?G^{,6,21511,,,false,3
,GJ?G^{,7,21371,,,false,3
,GJ?G^{,8,21371,,,false,3
,GJ?G^{,9,21441,,,false,3
,GGD_~{,0,19835,,,false,7
,GGD_~{,1,16901,,,false,7
,GGD_~{,2,16762,,,false,7
,GGD_~{,3,16063,,,false,7
,GGD_~{,4,16761,,,false,7
,GGD_~{,5,16343,,,false,7
,GGD_~{,6,16622,,,false,7
,GGD_~{,7,16343,,,false,7
,GGD_~{,8,16203,,,false,7
,GGD_~{,9,16134,,,false,7
,GGC^F{,0,25352,,,false,7
,GGC^F{,1,16133,,,false,7
,GGC^F{,2,15295,,,false,7
,GGC^F{,3,15574,,,false,7
,GGC^F{,4,15085,,,false,7
,GGC^F{,5,15295,,,false,7
,GGC^F{,6,15156,,,false,7
,GGC^F{,7,15365,,,false,7
,GGC^F{,8,15156,,,false,7
,GGC^F{,9,15295,,,false,7
,GGDc~{,0,18997,,,false,7
,GGDc~{,1,18089,,,false,7
,GGDc~{,2,16902,,,false,7
,GGDc~{,3,17600,,,false,7
,GGDc~{,4,17250,,,false,7
,GGDc~{,5,17041,,,false,7
,GGDc~{,6,16902,,,false,7
,GGDc~{,7,16762,,,false,7
,GGDc~{,8,17041,,,false,7
,GGDc~{,9,17250,,,false,7
,GGCZ^{,0,18997,,,false,7
,GGCZ^{,1,16622,,,false,7
,GGCZ^{,2,16762,,,false,7
,GGCZ^{,3,16622,,,false,7
,GGCZ^{,4,16692,,,false,7
,GGCZ^{,5,16413,,,false,7
,GGCZ^{,6,16902,,,false,7
,GGCZ^{,7,16203,,,false,7
,GGCZ^{,8,15574,,,false,7
,GGCZ^{,9,16273,,,false,7
,GGC^^{,0,18997,,,false,7
,GGC^^{,1,17181,,,false,7
,GGC^^{,2,17251,,,false,7
,GGC^^{,3,16622,,,false,7
,GGC^^{,4,17111,,,false,7
,GGC^^{,5,16273,,,false,7
,GGC^^{,6,16552,,,false,7
,GGC^^{,7,16762,,,false,7
,GGC^^{,8,16552,,,false,7
,GGC^^{,9,16412,,,false,7
,GASp^{,0,22418,,,false,7
,GASp^{,1,18996,,,false,7
,GASp^{,2,18089,,,false,7
,GASp^{,3,17740,,,false,7
,GASp^{,4,25841,,,false,7
,GASp^{,5,18019,,,false,7
,GASp^{,6,18089,,,false,7
,GASp^{,7,17809,,,false,7
,GASp^{,8,17530,,,false,7
,GASp^{,9,18019,,,false,7
,GGDXv{,0,19765,,,false,7
,GGDXv{,1,17181,,,false,7
,GGDXv{,2,16832,,,false,7
,GGDXv{,3,16552,,,false,7
,GGDXv{,4,16692,,,false,7
,GGDXv{,5,16343,,,false,7
,GGDXv{,6,17600,,,false,7
,GGDXv{,7,16273,,,false,7
,GGDXv{,8,15784,,,false,7
,GGDXv{,9,16552,,,false,7
,G@O}v{,0,19276,,,false,7
,G@O}v{,1,16971,,,false,7
,G@O}v{,2,16273,,,false,7
,G@O}v{,3,16553,,,false,7
,G@O}v{,4,16762,,,false,7
,G@O}v{,5,15714,,,false,7
,G@O}v{,6,16553,,,false,7
,G@O}v{,7,16343,,,false,7
,G@O}v{,8,16204,,,false,7
,G@O}v{,9,16133,,,false,7
,GHCZ^{,0,19905,,,false,7
,GHCZ^{,1,17530,,,false,7
,GHCZ^{,2,17180,,,false,7
,GHCZ^{,3,17390,,,false,7
,GHCZ^{,4,16831,,,false,7
,GHCZ^{,5,16692,,,false,7
,GHCZ^{,6,17041,,,false,7
,GHCZ^{,7,16762,,,false,7
,GHCZ^{,8,16622,,,false,7
,GHCZ^{,9,17181,,,false,7
,GGD\v{,0,18717,,,false,7
,GGD\v{,1,17041,,,false,7
,GGD\v{,2,16342,,,false,7
,GGD\v{,3,16482,,,false,7
,GGD\v{,4,15994,,,false,7
,GGD\v{,5,16273,,,false,7
,GGD\v{,6,16133,,,false,7
,GGD\v{,7,16273,,,false,7
,GGD\v{,8,22977,,,false,7
,GGD\v{,9,16133,,,false,7
,GAHX~{,0,18647,,,false,7
,GAHX~{,1,17042,,,false,7
,GAHX~{,2,16273,,,false,7
,GAHX~{,3,16343,,,false,7
,GAHX~{,4,16064,,,false,7
,GAHX~{,5,15854,,,false,7
,GAHX~{,6,16483,,,false,7
,GAHX~{,7,16064,,,false,7
,GAHX~{,8,16203,,,false,7
,GAHX~{,9,16622,,,false,7
,GHC^^{,0,20044,,,false,7
,GHC^^{,1,18438,,,false,7
,GHC^^{,2,17669,,,false,7
,GHC^^{,3,17739,,,false,7
,GHC^^{,4,17530,,,false,7
,GHC^^{,5,17670,,,false,7
,GHC^^{,6,17321,,,false,7
,GHC^^{,7,17390,,,false,7
,GHC^^{,8,18089,,,false,7
,GHC^^{,9,17600,,,false,7
,G@P\~{,0,19136,,,false,7
,G@P\~{,1,17669,,,false,7
,G@P\~{,2,17949,,,false,7
,G@P\~{,3,17251,,,false,7
,G@P\~{,4,17251,,,false,7
,G@P\~{,5,17460,,,false,7
,G@P\~{,6,17250,,,false,7
,G@P\~{,7,16832,,,false,7
,G@P\~{,8,16971,,,false,7
,G@P\~{,9,17180,,,false,7
,G@pHn{,0,20464,,,false,7
,G@pHn{,1,17670,,,false,7
,G@pHn{,2,17111,,,false,7
,G@pHn{,3,16623,,,false,7
,G@pHn{,4,16832,,,false,7
,G@pHn{,5,16622,,,false,7
,G@pHn{,6,16622,,,false,7
,G@pHn{,7,16762,,,false,7
,G@pHn{,8,17041,,,false,7
,G@pHn{,9,16273,,,false,7
,G`BHv{,0,18857,,,false,7
,G`BHv{,1,23816,,,false,7
,G`BHv{,2,16343,,,false,7
,G`BHv{,3,16622,,,false,7
,G`BHv{,4,15644,,,false,7
,G`BHv{,5,16343,,,false,7
,G`BHv{,6,16133,,,false,7
,G`BHv{,7,16272,,,false,7
,G`BHv{,8,16273,,,false,7
,G`BHv{,9,16133,,,false,7
,G_C~V{,0,19206,,,false,7
,G_C~V{,1,17391,,,false,7
,G_C~V{,2,17181,,,false,7
,G_C~V{,3,17111,,,false,7
,G_C~V{,4,17111,,,false,7
,G_C~V{,5,16273,,,false,7
,G_C~V{,6,16063,,,false,7
,G_C~V{,7,16692,,,false,7
,G_C~V{,8,16273,,,false,7
,G_C~V{,9,15155,,,false,7
,GKCZ^{,0,17739,,,false,7
,GKCZ^{,1,16063,,,false,7
,GKCZ^{,2,16273,,,false,7
,GKCZ^{,3,15505,,,false,7
,GKCZ^{,4,16133,,,false,7
,GKCZ^{,5,15715,,,false,7
,GKCZ^{,6,16133,,,false,7
,GKCZ^{,7,15854,,,false,7
,GKCZ^{,8,16133,,,false,7
,GKCZ^{,9,15784,,,false,7
,GGEZ^{,0,18019,,,false,7
,GGEZ^{,1,16762,,,false,7
,GGEZ^{,2,16761,,,false,7
,GGEZ^{,3,15574,,,false,7
,GGEZ^{,4,16342,,,false,7
,GGEZ^{,5,16482,,,false,7
,GGEZ^{,6,16622,,,false,7
,GGEZ^{,7,16832,,,false,7
,GGEZ^{,8,16064,,,false,7
,GGEZ^{,9,16692,,,false,7
,G`BH~{,0,17670,,,false,7
,G`BH~{,1,16623,,,false,7
,G`BH~{,2,16343,,,false,7
,G`BH~{,3,16203,,,false,7
,G`BH~{,4,15644,,,false,7
,G`BH~{,5,16413,,,false,7
,G`BH~{,6,23048,,,false,7
,G`BH~{,7,16064,,,false,7
,G`BH~{,8,15714,,,false,7
,G`BH~{,9,16134,,,false,7
,G`C^^{,0,18508,,,false,7
,G`C^^{,1,17041,,,false,7
,G`C^^{,2,16342,,,false,7
,G`C^^{,3,16203,,,false,7
,G`C^^{,4,16622,,,false,7
,G`C^^{,5,16273,,,false,7
,G`C^^{,6,16063,,,false,7
,G`C^^{,7,16761,,,false,7
,G`C^^{,8,16832,,,false,7
,G`C^^{,9,16901,,,false,7
,G@bJ~{,0,19416,,,false,7
,G@bJ~{,1,17600,,,false,7
,G@bJ~{,2,17251,,,false,7
,G@bJ~{,3,17111,,,false,7
,G@bJ~{,4,17530,,,false,7
,G@bJ~{,5,17251,,,false,7
,G@bJ~{,6,17251,,,false,7
,G@bJ~{,7,17111,,,false,7
,G@bJ~{,8,17320,,,false,7
,G@bJ~{,9,17670,,,false,7
,GAJ\v{,0,19486,,,false,7
,GAJ\v{,1,17460,,,false,7
,GAJ\v{,2,17111,,,false,7
,GAJ\v{,3,16832,,,false,7
,GAJ\v{,4,17111,,,false,7
,GAJ\v{,5,16762,,,false,7
,GAJ\v{,6,16831,,,false,7
,GAJ\v{,7,16622,,,false,7
,GAJ\v{,8,16692,,,false,7
,GAJ\v{,9,16831,,,false,7
,GGEzv{,0,19346,,,false,7
,GGEzv{,1,17600,,,false,7
,GGEzv{,2,17461,,,false,7
,GGEzv{,3,17251,,,false,7
,GGEzv{,4,17251,,,false,7
,GGEzv{,5,17042,,,false,7
,GGEzv{,6,17251,,,false,7
,GGEzv{,7,17251,,,false,7
,GGEzv{,8,17041,,,false,7
,GGEzv{,9,16762,,,false,7
,G_Ezv{,0,19136,,,false,7
,G_Ezv{,1,17879,,,false,7
,G_Ezv{,2,17600,,,false,7
,G_Ezv{,3,17041,,,false,7
,G_Ezv{,4,17181,,,false,7
,G_Ezv{,5,17251,,,false,7
,G_Ezv{,6,17111,,,false,7
,G_Ezv{,7,17111,,,false,7
,G_Ezv{,8,16831,,,false,7
,G_Ezv{,9,17111,,,false,7
,G@`~v{,0,19696,,,false,7
,G@`~v{,1,18089,,,false,7
,G@`~v{,2,17460,,,false,7
,G@`~v{,3,17251,,,false,7
,G@`~v{,4,16971,,,false,7
,G@`~v{,5,17460,,,false,7
,G@`~v{,6,17251,,,false,7
,G@`~v{,7,17041,,,false,7
,G@`~v{,8,17251,,,false,7
,G@`~v{,9,17180,,,false,7
,GAJ\~{,0,19137,,,false,7
,GAJ\~{,1,17739,,,false,7
,GAJ\~{,2,17460,,,false,7
,GAJ\~{,3,17251,,,false,7
,GAJ\~{,4,17320,,,false,7
,GAJ\~{,5,17460,,,false,7
,GAJ\~{,6,17111,,,false,7
,GAJ\~{,7,17041,,,false,7
,GAJ\~{,8,17111,,,false,7
,GAJ\~{,9,16762,,,false,7
,GGDzv{,0,19485,,,false,7
,GGDzv{,1,17739,,,false,7
,GGDzv{,2,17181,,,false,7
,GGDzv{,3,17111,,,false,7
,GGDzv{,4,17251,,,false,7
,GGDzv{,5,17181,,,false,7
,GGDzv{,6,17461,,,false,7
,GGDzv{,7,17181,,,false,7
,GGDzv{,8,15924,,,false,7
,GGDzv{,9,16902,,,false,7
,GGD~v{,0,18996,,,false,7
,GGD~v{,1,17600,,,false,7
,GGD~v{,2,25352,,,false,7
,GGD~v{,3,17320,,,false,7
,GGD~v{,4,17041,,,false,7
,GGD~v{,5,17111,,,false,7
,GGD~v{,6,17810,,,false,7
,GGD~v{,7,17460,,,false,7
,GGD~v{,8,17600,,,false,7
,GGD~v{,9,17600,,,false,7
,GGF~v{,0,19695,,,false,7
,GGF~v{,1,18229,,,false,7
,GGF~v{,2,17530,,,false,7
,GGF~v{,3,17670,,,false,7
,GGF~v{,4,17739,,,false,7
,GGF~v{,5,17530,,,false,7
,GGF~v{,6,18159,,,false,7
,GGF~v{,7,17810,,,false,7
,GGF~v{,8,17530,,,false,7
,GGF~v{,9,18089,,,false,7
,GGSs~{,0,22070,,,false,7
,GGSs~{,1,18577,,,false,7
,GGSs~{,2,17250,,,false,7
,GGSs~{,3,17530,,,false,7
,GGSs~{,4,17181,,,false,7
,GGSs~{,5,17251,,,false,7
,GGSs~{,6,17042,,,false,7
,GGSs~{,7,17181,,,false,7
,GGSs~{,8,17321,,,false,7
,GGSs~{,9,17041,,,false,7
,GIGX~{,0,21860,,,false,7
,GIGX~{,1,18299,,,false,7
,GIGX~{,2,17740,,,false,7
,GIGX~{,3,17321,,,false,7
,GIGX~{,4,17530,,,false,7
,GIGX~{,5,17669,,,false,7
,GIGX~{,6,17739,,,false,7
,GIGX~{,7,17600,,,false,7
,GIGX~{,8,17600,,,false,7
,GIGX~{,9,17670,,,false,7
,GIG\~{,0,20743,,,false,7
,GIG\~{,1,18578,,,false,7
,GIG\~{,2,17669,,,false,7
,GIG\~{,3,18019,,,false,7
,GIG\~{,4,25771,,,false,7
,GIG\~{,5,18158,,,false,7
,GIG\~{,6,17600,,,false,7
,GIG\~{,7,17530,,,false,7
,GIG\~{,8,18229,,,false,7
,GIG\~{,9,17670,,,false,7
,GPLQ^{,0,21930,,,false,7
,GPLQ^{,1,18298,,,false,7
,GPLQ^{,2,16901,,,false,7
,GPLQ^{,3,16832,,,false,7
,GPLQ^{,4,17530,,,false,7
,GPLQ^{,5,16622,,,false,7
,GPLQ^{,6,17251,,,false,7
,GPLQ^{,7,17600,,,false,7
,GPLQ^{,8,17180,,,false,7
,GPLQ^{,9,16762,,,false,7
,GJOg~{,0,22349,,,false,7
,GJOg~{,1,18647,,,false,7
,GJOg~{,2,17809,,,false,7
,GJOg~{,3,17880,,,false,7
,GJOg~{,4,18089,,,false,7
,GJOg~{,5,17599,,,false,7
,GJOg~{,6,18019,,,false,7
,GJOg~{,7,17670,,,false,7
,GJOg~{,8,17600,,,false,7
,GJOg~{,9,18019,,,false,7
,GIHX~{,0,20672,,,false,7
,GIHX~{,1,18508,,,false,7
,GIHX~{,2,18089,,,false,7
,GIHX~{,3,18299,,,false,7
,GIHX~{,4,17879,,,false,7
,GIHX~{,5,18019,,,false,7
,GIHX~{,6,17670,,,false,7
,GIHX~{,7,18019,,,false,7
,GIHX~{,8,18229,,,false,7
,GIHX~{,9,18159,,,false,7
,GGS~f{,0,20813,,,false,7
,GGS~f{,1,18159,,,false,7
,GGS~f{,2,17740,,,false,7
,GGS~f{,3,17530,,,false,7
,GGS~f{,4,17669,,,false,7
,GGS~f{,5,17600,,,false,7
,GGS~f{,6,29333,,,false,7
,GGS~f{,7,17530,,,false,7
,GGS~f{,8,17740,,,false,7
,GGS~f{,9,17600,,,false,7
,G@XX~{,0,21022,,,false,7
,G@XX~{,1,18228,,,false,7
,G@XX~{,2,17530,,,false,7
,G@XX~{,3,17111,,,false,7
,G@XX~{,4,17809,,,false,7
,G@XX~{,5,17391,,,false,7
,G@XX~{,6,17600,,,false,7
,G@XX~{,7,17180,,,false,7
,G@XX~{,8,17600,,,false,7
,G@XX~{,9,17251,,,false,7
,GAXt~{,0,20324,,,false,7
,GAXt~{,1,18159,,,false,7
,GAXt~{,2,17740,,,false,7
,GAXt~{,3,18019,,,false,7
,GAXt~{,4,17111,,,false,7
,GAXt~{,5,17320,,,false,7
,GAXt~{,6,17531,,,false,7
,GAXt~{,7,17669,,,false,7
,GAXt~{,8,17600,,,false,7
,GAXt~{,9,17880,,,false,7
,G@X\~{,0,19555,,,false,7
,G@X\~{,1,18438,,,false,7
,G@X\~{,2,18089,,,false,7
,G@X\~{,3,17740,,,false,7
,G@X\~{,4,17530,,,false,7
,G@X\~{,5,17600,,,false,7
,G@X\~{,6,17251,,,false,7
,G@X\~{,7,17531,,,false,7
,G@X\~{,8,17600,,,false,7
,G@X\~{,9,17600,,,false,7
,G@fbv{,0,20952,,,false,7
,G@fbv{,1,18158,,,false,7
,G@fbv{,2,17600,,,false,7
,G@fbv{,3,17530,,,false,7
,G@fbv{,4,17251,,,false,7
,G@fbv{,5,17670,,,false,7
,G@fbv{,6,17041,,,false,7
,G@fbv{,7,17320,,,false,7
,G@fbv{,8,24444,,,false,7
,G@fbv{,9,17390,,,false,7
,GiGX~{,0,20533,,,false,7
,GiGX~{,1,17530,,,false,7
,GiGX~{,2,16761,,,false,7
,GiGX~{,3,17740,,,false,7
,GiGX~{,4,17530,,,false,7
,GiGX~{,5,17111,,,false,7
,GiGX~{,6,17181,,,false,7
,GiGX~{,7,17042,,,false,7
,GiGX~{,8,16762,,,false,7
,GiGX~{,9,16832,,,false,7
,GIIX~{,0,21301,,,false,7
,GIIX~{,1,18159,,,false,7
,GIIX~{,2,18019,,,false,7
,GIIX~{,3,17740,,,false,7
,GIIX~{,4,17810,,,false,7
,GIIX~{,5,17530,,,false,7
,GIIX~{,6,17669,,,false,7
,GIIX~{,7,17739,,,false,7
,GIIX~{,8,17530,,,false,7
,GIIX~{,9,17670,,,false,7
,GII[~{,0,21372,,,false,7
,GII[~{,1,20323,,,false,7
,GII[~{,2,19066,,,false,7
,GII[~{,3,17949,,,false,7
,GII[~{,4,17600,,,false,7
,GII[~{,5,17670,,,false,7
,GII[~{,6,18088,,,false,7
,GII[~{,7,18019,,,false,7
,GII[~{,8,18228,,,false,7
,GII[~{,9,17670,,,false,7
,GiG\~{,0,20953,,,false,7
,GiG\~{,1,17809,,,false,7
,GiG\~{,2,17390,,,false,7
,GiG\~{,3,17530,,,false,7
,GiG\~{,4,17181,,,false,7
,GiG\~{,5,17530,,,false,7
,GiG\~{,6,17250,,,false,7
,GiG\~{,7,17181,,,false,7
,GiG\~{,8,17041,,,false,7
,GiG\~{,9,16832,,,false,7
,GD`j~{,0,22349,,,false,7
,GD`j~{,1,18997,,,false,7
,GD`j~{,2,18159,,,false,7
,GD`j~{,3,18019,,,false,7
,GD`j~{,4,18368,,,false,7
,GD`j~{,5,18229,,,false,7
,GD`j~{,6,18019,,,false,7
,GD`j~{,7,18019,,,false,7
,GD`j~{,8,18228,,,false,7
,GD`j~{,9,17670,,,false,7
,G@jR~{,0,20952,,,false,7
,G@jR~{,1,18648,,,false,7
,G@jR~{,2,18508,,,false,7
,G@jR~{,3,18019,,,false,7
,G@jR~{,4,17669,,,false,7
,G@jR~{,5,17390,,,false,7
,G@jR~{,6,17320,,,false,7
,G@jR~{,7,17670,,,false,7
,G@jR~{,8,18018,,,false,7
,G@jR~{,9,17739,,,false,7
,GXCY^{,0,20393,,,false,7
,GXCY^{,1,17600,,,false,7
,GXCY^{,2,17320,,,false,7
,GXCY^{,3,16622,,,false,7
,GXCY^{,4,17111,,,false,7
,GXCY^{,5,17390,,,false,7
,GXCY^{,6,16901,,,false,7
,GXCY^{,7,16203,,,false,7
,GXCY^{,8,16622,,,false,7
,GXCY^{,9,17111,,,false,7
,GHFH~{,0,20533,,,false,7
,GHFH~{,1,18508,,,false,7
,GHFH~{,2,18158,,,false,7
,GHFH~{,3,17669,,,false,7
,GHFH~{,4,17530,,,false,7
,GHFH~{,5,17670,,,false,7
,GHFH~{,6,17321,,,false,7
,GHFH~{,7,17390,,,false,7
,GHFH~{,8,17181,,,false,7
,GHFH~{,9,17041,,,false,7
,G@S~^{,0,21022,,,false,7
,G@S~^{,1,25422,,,false,7
,G@S~^{,2,53987,,,false,7
,G@S~^{,3,26330,,,false,7
,G@S~^{,4,22559,,,false,7
,G@S~^{,5,22628,,,false,7
,G@S~^{,6,21720,,,false,7
,G@S~^{,7,21511,,,false,7
,G@S~^{,8,21092,,,false,7
,G@S~^{,9,22000,,,false,7
,GCS~F{,0,27168,,,false,7
,GCS~F{,1,23886,,,false,7
,GCS~F{,2,22978,,,false,7
,GCS~F{,3,22279,,,false,7
,GCS~F{,4,21161,,,false,7
,GCS~F{,5,21022,,,false,7
,GCS~F{,6,20533,,,false,7
,GCS~F{,7,21022,,,false,7
,GCS~F{,8,20952,,,false,7
,GCS~F{,9,20883,,,false,7
,GANc~{,0,24794,,,false,7
,GANc~{,1,22489,,,false,7
,GANc~{,2,23955,,,false,7
,GANc~{,3,22209,,,false,7
,GANc~{,4,21651,,,false,7
,GANc~{,5,21999,,,false,7
,GANc~{,6,21511,,,false,7
,GANc~{,7,22000,,,false,7
,GANc~{,8,22349,,,false,7
,GANc~{,9,21791,,,false,7
,GCS~^{,0,25771,,,false,7
,GCS~^{,1,22838,,,false,7
,GCS~^{,2,22349,,,false,7
,GCS~^{,3,21441,,,false,7
,GCS~^{,4,34781,,,false,7
,GCS~^{,5,21441,,,false,7
,GCS~^{,6,21441,,,false,7
,GCS~^{,7,21790,,,false,7
,GCS~^{,8,21511,,,false,7
,GCS~^{,9,21511,,,false,7
,G@U~V{,0,26051,,,false,7
,G@U~V{,1,23118,,,false,7
,G@U~V{,2,22349,,,false,7
,G@U~V{,3,21511,,,false,7
,G@U~V{,4,17740,,,false,7
,G@U~V{,5,17111,,,false,7
,G@U~V{,6,17181,,,false,7
,G@U~V{,7,16273,,,false,7
,G@U~V{,8,17041,,,false,7
,G@U~V{,9,17670,,,false,7
,GAwzn{,0,21301,,,false,7
,GAwzn{,1,18018,,,false,7
,GAwzn{,2,16692,,,false,7
,GAwzn{,3,17111,,,false,7
,GAwzn{,4,16761,,,false,7
,GAwzn{,5,16622,,,false,7
,GAwzn{,6,16622,,,false,7
,GAwzn{,7,16761,,,false,7
,GAwzn{,8,16692,,,false,7
,GAwzn{,9,16692,,,false,7
,GCL~V{,0,19974,,,false,7
,GCL~V{,1,18927,,,false,7
,GCL~V{,2,17810,,,false,7
,GCL~V{,3,17460,,,false,7
,GCL~V{,4,17460,,,false,7
,GCL~V{,5,17669,,,false,7
,GCL~V{,6,17041,,,false,7
,GCL~V{,7,17251,,,false,7
,GCL~V{,8,17740,,,false,7
,GCL~V{,9,17042,,,false,7
,GIJ\v{,0,21022,,,false,7
,GIJ\v{,1,18228,,,false,7
,GIJ\v{,2,18019,,,false,7
,GIJ\v{,3,17740,,,false,7
,GIJ\v{,4,28006,,,false,7
,GIJ\v{,5,17530,,,false,7
,GIJ\v{,6,17600,,,false,7
,GIJ\v{,7,17739,,,false,7
,GIJ\v{,8,17600,,,false,7
,GIJ\v{,9,17600,,,false,7
,GAlnn{,0,21022,,,false,7
,GAlnn{,1,18019,,,false,7
,GAlnn{,2,17181,,,false,7
,GAlnn{,3,17320,,,false,7
,GAlnn{,4,17390,,,false,7
,GAlnn{,5,17599,,,false,7
,GAlnn{,6,17949,,,false,7
,GAlnn{,7,18089,,,false,7
,GAlnn{,8,18158,,,false,7
,GAlnn{,9,17599,,,false,7
,GIJ\~{,0,21022,,,false,7
,GIJ\~{,1,19625,,,false,7
,GIJ\~{,2,19486,,,false,7
,GIJ\~{,3,18997,,,false,7
,GIJ\~{,4,19136,,,false,7
,GIJ\~{,5,18857,,,false,7
,GIJ\~{,6,19276,,,false,7
,GIJ\~{,7,18718,,,false,7
,GIJ\~{,8,18997,,,false,7
,GIJ\~{,9,18997,,,false,7
,GDSz^{,0,21022,,,false,7
,GDSz^{,1,18019,,,false,7
,GDSz^{,2,17600,,,false,7
,GDSz^{,3,17251,,,false,7
,GDSz^{,4,17600,,,false,7
,GDSz^{,5,17600,,,false,7
,GDSz^{,6,17390,,,false,7
,GDSz^{,7,17390,,,false,7
,GDSz^{,8,17041,,,false,7
,GDSz^{,9,17111,,,false,7
,GCUzv{,0,21372,,,false,7
,GCUzv{,1,18159,,,false,7
,GCUzv{,2,17740,,,false,7
,GCUzv{,3,18019,,,false,7
,GCUzv{,4,17670,,,false,7
,GCUzv{,5,26819,,,false,7
,GCUzv{,6,18787,,,false,7
,GCUzv{,7,17879,,,false,7
,GCUzv{,8,18089,,,false,7
,GCUzv{,9,18089,,,false,7
,G@]^n{,0,22488,,,false,7
,G@]^n{,1,19625,,,false,7
,G@]^n{,2,18508,,,false,7
,G@]^n{,3,18508,,,false,7
,G@]^n{,4,18647,,,false,7
,G@]^n{,5,18647,,,false,7
,G@]^n{,6,18508,,,false,7
,G@]^n{,7,18647,,,false,7
,G@]^n{,8,18577,,,false,7
,G@]^n{,9,17809,,,false,7
,G@Z\~{,0,20045,,,false,7
,G@Z\~{,1,18019,,,false,7
,G@Z\~{,2,18229,,,false,7
,G@Z\~{,3,17740,,,false,7
,G@Z\~{,4,17530,,,false,7
,G@Z\~{,5,17669,,,false,7
,G@Z\~{,6,17320,,,false,7
,G@Z\~{,7,17460,,,false,7
,G@Z\~{,8,17600,,,false,7
,G@Z\~{,9,17599,,,false,7
,GALzv{,0,21092,,,false,7
,GALzv{,1,17740,,,false,7
,GALzv{,2,17460,,,false,7
,GALzv{,3,17250,,,false,7
,GALzv{,4,17250,,,false,7
,GALzv{,5,17041,,,false,7
,GALzv{,6,17181,,,false,7
,GALzv{,7,17251,,,false,7
,GALzv{,8,17530,,,false,7
,GALzv{,9,16762,,,false,7
,GAL~v{,0,19765,,,false,7
,GAL~v{,1,18368,,,false,7
,GAL~v{,2,18158,,,false,7
,GAL~v{,3,17530,,,false,7
,GAL~v{,4,17740,,,false,7
,GAL~v{,5,17321,,,false,7
,GAL~v{,6,18019,,,false,7
,GAL~v{,7,30031,,,false,7
,GAL~v{,8,17530,,,false,7
,GAL~v{,9,17320,,,false,7
,GAN~v{,0,20253,,,false,7
,GAN~v{,1,18996,,,false,7
,GAN~v{,2,18508,,,false,7
,GAN~v{,3,18089,,,false,7
,GAN~v{,4,18229,,,false,7
,GAN~v{,5,17600,,,false,7
,GAN~v{,6,17530,,,false,7
,GAN~v{,7,17250,,,false,7
,GAN~v{,8,18647,,,false,7
,GAN~v{,9,18438,,,false,7
,GDYR^{,0,20743,,,false,7
,GDYR^{,1,17879,,,false,7
,GDYR^{,2,17111,,,false,7
,GDYR^{,3,17180,,,false,7
,GDYR^{,4,17530,,,false,7
,GDYR^{,5,17251,,,false,7
,GDYR^{,6,17181,,,false,7
,GDYR^{,7,17530,,,false,7
,GDYR^{,8,17250,,,false,7
,GDYR^{,9,17181,,,false,7
,GhCZ^{,0,20045,,,false,7
,GhCZ^{,1,17390,,,false,7
,GhCZ^{,2,16901,,,false,7
,GhCZ^{,3,17042,,,false,7
,GhCZ^{,4,16552,,,false,7
,GhCZ^{,5,16691,,,false,7
,GhCZ^{,6,16273,,,false,7
,GhCZ^{,7,16622,,,false,7
,GhCZ^{,8,16761,,,false,7
,GhCZ^{,9,16762,,,false,7
,G@^Dn{,0,21860,,,false,7
,G@^Dn{,1,18997,,,false,7
,G@^Dn{,2,18299,,,false,7
,G@^Dn{,3,18019,,,false,7
,G@^Dn{,4,18438,,,false,7
,G@^Dn{,5,17669,,,false,7
,G@^Dn{,6,18368,,,false,7
,G@^Dn{,7,18648,,,false,7
,G@^Dn{,8,18718,,,false,7
,G@^Dn{,9,26260,,,false,7
,GhC^^{,0,19555,,,false,7
,GhC^^{,1,17739,,,false,7
,GhC^^{,2,16692,,,false,7
,GhC^^{,3,17041,,,false,7
,GhC^^{,4,16832,,,false,7
,GhC^^{,5,16901,,,false,7
,GhC^^{,6,17111,,,false,7
,GhC^^{,7,16692,,,false,7
,GhC^^{,8,17530,,,false,7
,GhC^^{,9,17250,,,false,7
,GBaj~{,0,20323,,,false,7
,GBaj~{,1,18158,,,false,7
,GBaj~{,2,17739,,,false,7
,GBaj~{,3,17531,,,false,7
,GBaj~{,4,16692,,,false,7
,GBaj~{,5,15854,,,false,7
,GBaj~{,6,15994,,,false,7
,GBaj~{,7,16692,,,false,7
,GBaj~{,8,16482,,,false,7
,GBaj~{,9,16762,,,false,7
,GCUrV{,0,19905,,,false,7
,GCUrV{,1,17181,,,false,7
,GCUrV{,2,16762,,,false,7
,GCUrV{,3,16553,,,false,7
,GCUrV{,4,16762,,,false,7
,GCUrV{,5,16343,,,false,7
,GCUrV{,6,16553,,,false,7
,GCUrV{,7,16273,,,false,7
,GCUrV{,8,16483,,,false,7
,GCUrV{,9,16482,,,false,7
,G@UvV{,0,18927,,,false,7
,G@UvV{,1,17181,,,false,7
,G@UvV{,2,16832,,,false,7
,G@UvV{,3,17111,,,false,7
,G@UvV{,4,17180,,,false,7
,G@UvV{,5,16762,,,false,7
,G@UvV{,6,16622,,,false,7
,G@UvV{,7,17181,,,false,7
,G@UvV{,8,16831,,,false,7
,G@UvV{,9,17041,,,false,7
,GAMjn{,0,20044,,,false,7
,GAMjn{,1,23606,,,false,7
,GAMjn{,2,16622,,,false,7
,GAMjn{,3,16761,,,false,7
,GAMjn{,4,16622,,,false,7
,GAMjn{,5,17181,,,false,7
,GAMjn{,6,15365,,,false,7
,GAMjn{,7,17111,,,false,7
,GAMjn{,8,16692,,,false,7
,GAMjn{,9,16831,,,false,7
,GANT^{,0,18648,,,false,7
,GANT^{,1,17111,,,false,7
,GANT^{,2,16482,,,false,7
,GANT^{,3,16832,,,false,7
,GANT^{,4,18438,,,false,7
,GANT^{,5,17599,,,false,7
,GANT^{,6,17739,,,false,7
,GANT^{,7,18159,,,false,7
,GANT^{,8,18019,,,false,7
,GANT^{,9,18159,,,false,7
,GHFK~{,0,21301,,,false,7
,GHFK~{,1,18577,,,false,7
,GHFK~{,2,18089,,,false,7
,GHFK~{,3,17809,,,false,7
,GHFK~{,4,17809,,,false,7
,GHFK~{,5,18158,,,false,7
,GHFK~{,6,17949,,,false,7
,GHFK~{,7,18159,,,false,7
,GHFK~{,8,17670,,,false,7
,GHFK~{,9,18019,,,false,7
,GPOy~{,0,20045,,,false,7
,GPOy~{,1,17530,,,false,7
,GPOy~{,2,17530,,,false,7
,GPOy~{,3,16901,,,false,7
,GPOy~{,4,16902,,,false,7
,GPOy~{,5,17391,,,false,7
,GPOy~{,6,16692,,,false,7
,GPOy~{,7,16553,,,false,7
,GPOy~{,8,17251,,,false,7
,GPOy~{,9,17181,,,false,7
,GDPk~{,0,19625,,,false,7
,GDPk~{,1,17739,,,false,7
,GDPk~{,2,17111,,,false,7
,GDPk~{,3,17041,,,false,7
,GDPk~{,4,27657,,,false,7
,GDPk~{,5,19555,,,false,7
,GDPk~{,6,16902,,,false,7
,GDPk~{,7,17181,,,false,7
,GDPk~{,8,17251,,,false,7
,GDPk~{,9,17041,,,false,7
,GCSz^{,0,21092,,,false,7
,GCSz^{,1,18648,,,false,7
,GCSz^{,2,17530,,,false,7
,GCSz^{,3,17321,,,false,7
,GCSz^{,4,17251,,,false,7
,GCSz^{,5,17461,,,false,7
,GCSz^{,6,17670,,,false,7
,GCSz^{,7,17461,,,false,7
,GCSz^{,8,18089,,,false,7
,GCSz^{,9,16832,,,false,7
,G@oy~{,0,19137,,,false,7
,G@oy~{,1,16832,,,false,7
,G@oy~{,2,16622,,,false,7
,G@oy~{,3,16203,,,false,7
,G@oy~{,4,16343,,,false,7
,G@oy~{,5,16622,,,false,7
,G@oy~{,6,16692,,,false,7
,G@oy~{,7,16552,,,false,7
,G@oy~{,8,16413,,,false,7
,G@oy~{,9,16273,,,false,7
,G@hu~{,0,20952,,,false,7
,G@hu~{,1,17740,,,false,7
,G@hu~{,2,17600,,,false,7
,G@hu~{,3,17181,,,false,7
,G@hu~{,4,16761,,,false,7
,G@hu~{,5,17111,,,false,7
,G@hu~{,6,17111,,,false,7
,G@hu~{,7,16832,,,false,7
,G@hu~{,8,17531,,,false,7
,G@hu~{,9,17111,,,false,7
,GB_~^{,0,18508,,,false,7
,GB_~^{,1,16691,,,false,7
,GB_~^{,2,16343,,,false,7
,GB_~^{,3,16133,,,false,7
,GB_~^{,4,16692,,,false,7
,GB_~^{,5,16762,,,false,7
,GB_~^{,6,16552,,,false,7
,GB_~^{,7,28076,,,false,7
,GB_~^{,8,17041,,,false,7
,GB_~^{,9,16343,,,false,7
,GCLm~{,0,19765,,,false,7
,GCLm~{,1,17810,,,false,7
,GCLm~{,2,17111,,,false,7
,GCLm~{,3,17530,,,false,7
,GCLm~{,4,16761,,,false,7
,GCLm~{,5,17670,,,false,7
,GCLm~{,6,17111,,,false,7
,GCLm~{,7,17251,,,false,7
,GCLm~{,8,17111,,,false,7
,GCLm~{,9,18019,,,false,7
,GGeZf{,0,19765,,,false,7
,GGeZf{,1,16482,,,false,7
,GGeZf{,2,16831,,,false,7
,GGeZf{,3,17041,,,false,7
,GGeZf{,4,16762,,,false,7
,GGeZf{,5,16762,,,false,7
,GGeZf{,6,16552,,,false,7
,GGeZf{,7,16342,,,false,7
,GGeZf{,8,16203,,,false,7
,GGeZf{,9,16622,,,false,7
,G_K~f{,0,18647,,,false,7
,G_K~f{,1,16972,,,false,7
,G_K~f{,2,17111,,,false,7
,G_K~f{,3,16902,,,false,7
,G_K~f{,4,16762,,,false,7
,G_K~f{,5,16761,,,false,7
,G_K~f{,6,16552,,,false,7
,G_K~f{,7,16762,,,false,7
,G_K~f{,8,16692,,,false,7
,G_K~f{,9,17111,,,false,7
,G`FH~{,0,19137,,,false,7
,G`FH~{,1,17600,,,false,7
,G`FH~{,2,17111,,,false,7
,G`FH~{,3,16692,,,false,7
,G`FH~{,4,15993,,,false,7
,G`FH~{,5,16831,,,false,7
,G`FH~{,6,16552,,,false,7
,G`FH~{,7,17181,,,false,7
,G`FH~{,8,16273,,,false,7
,G`FH~{,9,16622,,,false,7
,G_ox~{,0,21930,,,false,7
,G_ox~{,1,18718,,,false,7
,G_ox~{,2,18508,,,false,7
,G_ox~{,3,18438,,,false,7
,G_ox~{,4,17810,,,false,7
,G_ox~{,5,17879,,,false,7
,G_ox~{,6,18368,,,false,7
,G_ox~{,7,18229,,,false,7
,G_ox~{,8,18089,,,false,7
,G_ox~{,9,18159,,,false,7
,G_K~n{,0,18578,,,false,7
,G_K~n{,1,17041,,,false,7
,G_K~n{,2,16762,,,false,7
,G_K~n{,3,16622,,,false,7
,G_K~n{,4,16133,,,false,7
,G_K~n{,5,16343,,,false,7
,G_K~n{,6,16482,,,false,7
,G_K~n{,7,16692,,,false,7
,G_K~n{,8,16483,,,false,7
,G_K~n{,9,16203,,,false,7
,G@Nev{,0,21441,,,false,7
,G@Nev{,1,19486,,,false,7
,G@Nev{,2,18159,,,false,7
,G@Nev{,3,17740,,,false,7
,G@Nev{,4,17530,,,false,7
,G@Nev{,5,18228,,,false,7
,G@Nev{,6,17809,,,false,7
,G@Nev{,7,17880,,,false,7
,G@Nev{,8,18089,,,false,7
,G@Nev{,9,18019,,,false,7
,G@NU^{,0,19625,,,false,7
,G@NU^{,1,18647,,,false,7
,G@NU^{,2,18019,,,false,7
,G@NU^{,3,18647,,,false,7
,G@NU^{,4,17670,,,false,7
,G@NU^{,5,17530,,,false,7
,G@NU^{,6,18089,,,false,7
,G@NU^{,7,17810,,,false,7
,G@NU^{,8,17390,,,false,7
,G@NU^{,9,17530,,,false,7
,G@NJn{,0,20393,,,false,7
,G@NJn{,1,18089,,,false,7
,G@NJn{,2,18089,,,false,7
,G@NJn{,3,17810,,,false,7
,G@NJn{,4,18089,,,false,7
,G@NJn{,5,17670,,,false,7
,G@NJn{,6,17740,,,false,7
,G@NJn{,7,18088,,,false,7
,G@NJn{,8,17460,,,false,7
,G@NJn{,9,17740,,,false,7
,G@Ne~{,0,19835,,,false,7
,G@Ne~{,1,18717,,,false,7
,G@Ne~{,2,18507,,,false,7
,G@Ne~{,3,18996,,,false,7
,G@Ne~{,4,19625,,,false,7
,G@Ne~{,5,19626,,,false,7
,G@Ne~{,6,19905,,,false,7
,G@Ne~{,7,19486,,,false,7
,G@Ne~{,8,19136,,,false,7
,G@Ne~{,9,19625,,,false,7
,GCdj~{,0,21301,,,false,7
,GCdj~{,1,19625,,,false,7
,GCdj~{,2,19905,,,false,7
,GCdj~{,3,19556,,,false,7
,GCdj~{,4,19625,,,false,7
,GCdj~{,5,19136,,,false,7
,GCdj~{,6,18926,,,false,7
,GCdj~{,7,19555,,,false,7
,GCdj~{,8,19626,,,false,7
,GCdj~{,9,18997,,,false,7
,G@rvv{,0,21442,,,false,7
,G@rvv{,1,18508,,,false,7
,G@rvv{,2,18508,,,false,7
,G@rvv{,3,18648,,,false,7
,G@rvv{,4,18648,,,false,7
,G@rvv{,5,17949,,,false,7
,G@rvv{,6,18159,,,false,7
,G@rvv{,7,18229,,,false,7
,G@rvv{,8,18019,,,false,7
,G@rvv{,9,18508,,,false,7
,G_Nrv{,0,20254,,,false,7
,G_Nrv{,1,17879,,,false,7
,G_Nrv{,2,25283,,,false,7
,G_Nrv{,3,17251,,,false,7
,G_Nrv{,4,17111,,,false,7
,G_Nrv{,5,17530,,,false,7
,G_Nrv{,6,17250,,,false,7
,G_Nrv{,7,17669,,,false,7
,G_Nrv{,8,17530,,,false,7
,G_Nrv{,9,17251,,,false,7
,GC]r^{,0,21371,,,false,7
,GC]r^{,1,18507,,,false,7
,GC]r^{,2,18089,,,false,7
,GC]r^{,3,17809,,,false,7
,GC]r^{,4,18228,,,false,7
,GC]r^{,5,17739,,,false,7
,GC]r^{,6,17530,,,false,7
,GC]r^{,7,17181,,,false,7
,GC]r^{,8,17181,,,false,7
,GC]r^{,9,17530,,,false,7
,G_Mzv{,0,19276,,,false,7
,G_Mzv{,1,17111,,,false,7
,G_Mzv{,2,16691,,,false,7
,G_Mzv{,3,16622,,,false,7
,G_Mzv{,4,16971,,,false,7
,G_Mzv{,5,16762,,,false,7
,G_Mzv{,6,17042,,,false,7
,G_Mzv{,7,16692,,,false,7
,G_Mzv{,8,16832,,,false,7
,G_Mzv{,9,16553,,,false,7
,G_[~n{,0,21022,,,false,7
,G_[~n{,1,18578,,,false,7
,G_[~n{,2,18019,,,false,7
,G_[~n{,3,17739,,,false,7
,G_[~n{,4,17949,,,false,7
,G_[~n{,5,17879,,,false,7
,G_[~n{,6,17739,,,false,7
,G_[~n{,7,18019,,,false,7
,G_[~n{,8,17600,,,false,7
,G_[~n{,9,18159,,,false,7
,G_Nr~{,0,19416,,,false,7
,G_Nr~{,1,18089,,,false,7
,G_Nr~{,2,17740,,,false,7
,G_Nr~{,3,17530,,,false,7
,G_Nr~{,4,28426,,,false,7
,G_Nr~{,5,17949,,,false,7
,G_Nr~{,6,17181,,,false,7
,G_Nr~{,7,17042,,,false,7
,G_Nr~{,8,17739,,,false,7
,G_Nr~{,9,17251,,,false,7
,GgEzv{,0,19626,,,false,7
,GgEzv{,1,17740,,,false,7
,GgEzv{,2,17041,,,false,7
,GgEzv{,3,17111,,,false,7
,GgEzv{,4,17320,,,false,7
,GgEzv{,5,17041,,,false,7
,GgEzv{,6,17670,,,false,7
,GgEzv{,7,17599,,,false,7
,GgEzv{,8,17390,,,false,7
,GgEzv{,9,17251,,,false,7
,G@pzv{,0,22349,,,false,7
,G@pzv{,1,18577,,,false,7
,G@pzv{,2,17739,,,false,7
,G@pzv{,3,18158,,,false,7
,G@pzv{,4,18019,,,false,7
,G@pzv{,5,17740,,,false,7
,G@pzv{,6,17740,,,false,7
,G@pzv{,7,17949,,,false,7
,G@pzv{,8,18089,,,false,7
,G@pzv{,9,17949,,,false,7
,G@lu^{,0,22489,,,false,7
,G@lu^{,1,19137,,,false,7
,G@lu^{,2,18997,,,false,7
,G@lu^{,3,19066,,,false,7
,G@lu^{,4,18717,,,false,7
,G@lu^{,5,18648,,,false,7
,G@lu^{,6,18508,,,false,7
,G@lu^{,7,18647,,,false,7
,G@lu^{,8,18997,,,false,7
,G@lu^{,9,18787,,,false,7
,G@p~v{,0,21023,,,false,7
,G@p~v{,1,19066,,,false,7
,G@p~v{,2,18996,,,false,7
,G@p~v{,3,18577,,,false,7
,G@p~v{,4,19136,,,false,7
,G@p~v{,5,26749,,,false,7
,G@p~v{,6,18508,,,false,7
,G@p~v{,7,18438,,,false,7
,G@p~v{,8,18578,,,false,7
,G@p~v{,9,18787,,,false,7
,G@r~v{,0,20603,,,false,7
,G@r~v{,1,19555,,,false,7
,G@r~v{,2,18927,,,false,7
,G@r~v{,3,19136,,,false,7
,G@r~v{,4,19206,,,false,7
,G@r~v{,5,18996,,,false,7
,G@r~v{,6,18996,,,false,7
,G@r~v{,7,19136,,,false,7
,G@r~v{,8,19137,,,false,7
,G@r~v{,9,17390,,,false,7
,Gw?W~{,0,19975,,,false,7
,Gw?W~{,1,18019,,,false,7
,Gw?W~{,2,17251,,,false,7
,Gw?W~{,3,16133,,,false,7
,Gw?W~{,4,16133,,,false,7
,Gw?W~{,5,15854,,,false,7
,Gw?W~{,6,15645,,,false,7
,Gw?W~{,7,16203,,,false,7
,Gw?W~{,8,16412,,,false,7
,Gw?W~{,9,16063,,,false,7
,G@ou^{,0,19905,,,false,7
,G@ou^{,1,17391,,,false,7
,G@ou^{,2,17321,,,false,7
,G@ou^{,3,17111,,,false,7
,G@ou^{,4,17530,,,false,7
,G@ou^{,5,17320,,,false,7
,G@ou^{,6,17181,,,false,7
,G@ou^{,7,16622,,,false,7
,G@ou^{,8,17320,,,false,7
,G@ou^{,9,17600,,,false,7
,GEGi~{,0,20044,,,false,7
,GEGi~{,1,18089,,,false,7
,GEGi~{,2,17460,,,false,7
,GEGi~{,3,16762,,,false,7
,GEGi~{,4,17041,,,false,7
,GEGi~{,5,17111,,,false,7
,GEGi~{,6,16762,,,false,7
,GEGi~{,7,25353,,,false,7
,GEGi~{,8,17111,,,false,7
,GEGi~{,9,17181,,,false,7
,GEGm~{,0,18997,,,false,7
,GEGm~{,1,18018,,,false,7
,GEGm~{,2,17390,,,false,7
,GEGm~{,3,16901,,,false,7
,GEGm~{,4,17809,,,false,7
,GEGm~{,5,17181,,,false,7
,GEGm~{,6,18019,,,false,7
,GEGm~{,7,17251,,,false,7
,GEGm~{,8,17600,,,false,7
,GEGm~{,9,17530,,,false,7
,G@Nmv{,0,23466,,,false,7
,G@Nmv{,1,20533,,,false,7
,G@Nmv{,2,19486,,,false,7
,G@Nmv{,3,20533,,,false,7
,G@Nmv{,4,19556,,,false,7
,G@Nmv{,5,19765,,,false,7
,G@Nmv{,6,19975,,,false,7
,G@Nmv{,7,19625,,,false,7
,G@Nmv{,8,20045,,,false,7
,G@Nmv{,9,20324,,,false,7
,G@Nm~{,0,21511,,,false,7
,G@Nm~{,1,20184,,,false,7
,G@Nm~{,2,20393,,,false,7
,G@Nm~{,3,20394,,,false,7
,G@Nm~{,4,20463,,,false,7
,G@Nm~{,5,19905,,,false,7
,G@Nm~{,6,19975,,,false,7
,G@Nm~{,7,20184,,,false,7
,G@Nm~{,8,20114,,,false,7
,G@Nm~{,9,20045,,,false,7
,GpHY~{,0,22419,,,false,7
,GpHY~{,1,19137,,,false,7
,GpHY~{,2,18229,,,false,7
,GpHY~{,3,18368,,,false,7
,GpHY~{,4,18508,,,false,7
,GpHY~{,5,18577,,,false,7
,GpHY~{,6,18438,,,false,7
,GpHY~{,7,28076,,,false,7
,GpHY~{,8,17670,,,false,7
,GpHY~{,9,18718,,,false,7
,G@vfn{,0,21930,,,false,7
,G@vfn{,1,19137,,,false,7
,G@vfn{,2,18788,,,false,7
,G@vfn{,3,18927,,,false,7
,G@vfn{,4,18997,,,false,7
,G@vfn{,5,18578,,,false,7
,G@vfn{,6,18927,,,false,7
,G@vfn{,7,19067,,,false,7
,G@vfn{,8,19136,,,false,7
,G@vfn{,9,19066,,,false,7
,G_lr~{,0,20114,,,false,7
,G_lr~{,1,17251,,,false,7
,G_lr~{,2,17042,,,false,7
,G_lr~{,3,17251,,,false,7
,G_lr~{,4,16832,,,false,7
,G_lr~{,5,16413,,,false,7
,G_lr~{,6,17181,,,false,7
,G_lr~{,7,16413,,,false,7
,G_lr~{,8,16762,,,false,7
,G_lr~{,9,17251,,,false,7
,GFY^^{,0,19625,,,false,7
,GFY^^{,1,17250,,,false,7
,GFY^^{,2,17250,,,false,7
,GFY^^{,3,17041,,,false,7
,GFY^^{,4,16832,,,false,7
,GFY^^{,5,17321,,,false,7
,GFY^^{,6,16972,,,false,7
,GFY^^{,7,17181,,,false,7
,GFY^^{,8,16901,,,false,7
,GFY^^{,9,17181,,,false,7
,GCx~n{,0,19556,,,false,7
,GCx~n{,1,17949,,,false,7
,GCx~n{,2,17669,,,false,7
,GCx~n{,3,17739,,,false,7
,GCx~n{,4,17530,,,false,7
,GCx~n{,5,17111,,,false,7
,GCx~n{,6,17391,,,false,7
,GCx~n{,7,17390,,,false,7
,GCx~n{,8,26050,,,false,7
,GCx~n{,9,20603,,,false,7
,GC|rn{,0,20324,,,false,7
,GC|rn{,1,17670,,,false,7
,GC|rn{,2,17251,,,false,7
,GC|rn{,3,17111,,,false,7
,GC|rn{,4,17111,,,false,7
,GC|rn{,5,17250,,,false,7
,GC|rn{,6,17041,,,false,7
,GC|rn{,7,17670,,,false,7
,GC|rn{,8,17320,,,false,7
,GC|rn{,9,17461,,,false,7
,GC^r~{,0,19975,,,false,7
,GC^r~{,1,18508,,,false,7
,GC^r~{,2,18229,,,false,7
,GC^r~{,3,17740,,,false,7
,GC^r~{,4,17949,,,false,7
,GC^r~{,5,18089,,,false,7
,GC^r~{,6,17740,,,false,7
,GC^r~{,7,17530,,,false,7
,GC^r~{,8,18019,,,false,7
,GC^r~{,9,18299,,,false,7
,GDxZn{,0,19346,,,false,7
,GDxZn{,1,17740,,,false,7
,GDxZn{,2,17530,,,false,7
,GDxZn{,3,17670,,,false,7
,GDxZn{,4,17251,,,false,7
,GDxZn{,5,17530,,,false,7
,GDxZn{,6,17111,,,false,7
,GDxZn{,7,16762,,,false,7
,GDxZn{,8,16622,,,false,7
,GDxZn{,9,17599,,,false,7
,G@^u~{,0,22279,,,false,7
,G@^u~{,1,19276,,,false,7
,G@^u~{,2,19206,,,false,7
,G@^u~{,3,18717,,,false,7
,G@^u~{,4,18577,,,false,7
,G@^u~{,5,18158,,,false,7
,G@^u~{,6,18228,,,false,7
,G@^u~{,7,18577,,,false,7
,G@^u~{,8,18578,,,false,7
,G@^u~{,9,19136,,,false,7
,G_}rn{,0,21371,,,false,7
,G_}rn{,1,18298,,,false,7
,G_}rn{,2,17809,,,false,7
,G_}rn{,3,17670,,,false,7
,G_}rn{,4,17949,,,false,7
,G_}rn{,5,18229,,,false,7
,G_}rn{,6,17810,,,false,7
,G_}rn{,7,18019,,,false,7
,G_}rn{,8,17670,,,false,7
,G_}rn{,9,17810,,,false,7
,GC~r~{,0,21302,,,false,7
,GC~r~{,1,19206,,,false,7
,GC~r~{,2,18019,,,false,7
,GC~r~{,3,18019,,,false,7
,GC~r~{,4,17251,,,false,7
,GC~r~{,5,17111,,,false,7
,GC~r~{,6,17530,,,false,7
,GC~r~{,7,17251,,,false,7
,GC~r~{,8,17670,,,false,7
,GC~r~{,9,17530,,,false,7
,GiIX~{,0,21092,,,false,7
,GiIX~{,1,17600,,,false,7
,GiIX~{,2,17251,,,false,7
,GiIX~{,3,17599,,,false,7
,GiIX~{,4,16901,,,false,7
,GiIX~{,5,17250,,,false,7
,GiIX~{,6,17041,,,false,7
,GiIX~{,7,17181,,,false,7
,GiIX~{,8,17251,,,false,7
,GiIX~{,9,17111,,,false,7
,GDdj^{,0,21511,,,false,7
,GDdj^{,1,19207,,,false,7
,GDdj^{,2,18019,,,false,7
,GDdj^{,3,17740,,,false,7
,GDdj^{,4,18018,,,false,7
,GDdj^{,5,17879,,,false,7
,GDdj^{,6,17740,,,false,7
,GDdj^{,7,18019,,,false,7
,GDdj^{,8,18019,,,false,7
,GDdj^{,9,18228,,,false,7
,GHpX~{,0,29682,,,false,7
,GHpX~{,1,17530,,,false,7
,GHpX~{,2,17041,,,false,7
,GHpX~{,3,16832,,,false,7
,GHpX~{,4,16971,,,false,7
,GHpX~{,5,17111,,,false,7
,GHpX~{,6,16692,,,false,7
,GHpX~{,7,16622,,,false,7
,GHpX~{,8,16343,,,false,7
,GHpX~{,9,16622,,,false,7
,GDLm^{,0,20603,,,false,7
,GDLm^{,1,18159,,,false,7
,GDLm^{,2,17460,,,false,7
,GDLm^{,3,18648,,,false,7
,GDLm^{,4,18299,,,false,7
,GDLm^{,5,17879,,,false,7
,GDLm^{,6,18438,,,false,7
,GDLm^{,7,18089,,,false,7
,GDLm^{,8,18019,,,false,7
,GDLm^{,9,18788,,,false,7
,GJQk~{,0,23257,,,false,7
,GJQk~{,1,19905,,,false,7
,GJQk~{,2,19556,,,false,7
,GJQk~{,3,19206,,,false,7
,GJQk~{,4,19485,,,false,7
,GJQk~{,5,18996,,,false,7
,GJQk~{,6,18787,,,false,7
,GJQk~{,7,18857,,,false,7
,GJQk~{,8,19276,,,false,7
,GJQk~{,9,19136,,,false,7
,GIdl~{,0,19415,,,false,7
,GIdl~{,1,17669,,,false,7
,GIdl~{,2,16762,,,false,7
,GIdl~{,3,16622,,,false,7
,GIdl~{,4,16762,,,false,7
,GIdl~{,5,16762,,,false,7
,GIdl~{,6,16552,,,false,7
,GIdl~{,7,16832,,,false,7
,GIdl~{,8,16971,,,false,7
,GIdl~{,9,16972,,,false,7
,GBiZ~{,0,20044,,,false,7
,GBiZ~{,1,18019,,,false,7
,GBiZ~{,2,27727,,,false,7
,GBiZ~{,3,17250,,,false,7
,GBiZ~{,4,17250,,,false,7
,GBiZ~{,5,17111,,,false,7
,GBiZ~{,6,17251,,,false,7
,GBiZ~{,7,17181,,,false,7
,GBiZ~{,8,17460,,,false,7
,GBiZ~{,9,17181,,,false,7
,GAlv^{,0,20533,,,false,7
,GAlv^{,1,18229,,,false,7
,GAlv^{,2,17600,,,false,7
,GAlv^{,3,17460,,,false,7
,GAlv^{,4,17739,,,false,7
,GAlv^{,5,17670,,,false,7
,GAlv^{,6,17530,,,false,7
,GAlv^{,7,17670,,,false,7
,GAlv^{,8,17181,,,false,7
,GAlv^{,9,17042,,,false,7
,GA\t~{,0,21161,,,false,7
,GA\t~{,1,18088,,,false,7
,GA\t~{,2,17739,,,false,7
,GA\t~{,3,17530,,,false,7
,GA\t~{,4,17600,,,false,7
,GA\t~{,5,17321,,,false,7
,GA\t~{,6,17111,,,false,7
,GA\t~{,7,17180,,,false,7
,GA\t~{,8,17740,,,false,7
,GA\t~{,9,17041,,,false,7
,G@lu~{,0,20184,,,false,7
,G@lu~{,1,17879,,,false,7
,G@lu~{,2,17880,,,false,7
,G@lu~{,3,17670,,,false,7
,G@lu~{,4,17530,,,false,7
,G@lu~{,5,17739,,,false,7
,G@lu~{,6,17320,,,false,7
,G@lu~{,7,17530,,,false,7
,G@lu~{,8,17600,,,false,7
,G@lu~{,9,17740,,,false,7
,GMhX~{,0,17461,,,false,7
,GMhX~{,1,16273,,,false,7
,GMhX~{,2,15924,,,false,7
,GMhX~{,3,15644,,,false,7
,GMhX~{,4,15714,,,false,7
,GMhX~{,5,25212,,,false,7
,GMhX~{,6,15854,,,false,7
,GMhX~{,7,15854,,,false,7
,GMhX~{,8,15575,,,false,7
,GMhX~{,9,15295,,,false,7
,GRW}~{,0,17600,,,false,7
,GRW}~{,1,16831,,,false,7
,GRW}~{,2,16203,,,false,7
,GRW}~{,3,16064,,,false,7
,GRW}~{,4,16203,,,false,7
,GRW}~{,5,15993,,,false,7
,GRW}~{,6,15854,,,false,7
,GRW}~{,7,16063,,,false,7
,GRW}~{,8,15784,,,false,7
,GRW}~{,9,16343,,,false,7
,GBZ\~{,0,20604,,,false,7
,GBZ\~{,1,18159,,,false,7
,GBZ\~{,2,18089,,,false,7
,GBZ\~{,3,18019,,,false,7
,GBZ\~{,4,17740,,,false,7
,GBZ\~{,5,17181,,,false,7
,GBZ\~{,6,18368,,,false,7
,GBZ\~{,7,18158,,,false,7
,GBZ\~{,8,18019,,,false,7
,GBZ\~{,9,18089,,,false,7
,GRWy~{,0,18089,,,false,7
,GRWy~{,1,16622,,,false,7
,GRWy~{,2,16273,,,false,7
,GRWy~{,3,16203,,,false,7
,GRWy~{,4,16692,,,false,7
,GRWy~{,5,16342,,,false,7
,GRWy~{,6,16133,,,false,7
,GRWy~{,7,16273,,,false,7
,GRWy~{,8,16552,,,false,7
,GRWy~{,9,16483,,,false,7
,GJXX~{,0,26120,,,false,7
,GJXX~{,1,19416,,,false,7
,GJXX~{,2,18159,,,false,7
,GJXX~{,3,18229,,,false,7
,GJXX~{,4,18508,,,false,7
,GJXX~{,5,18648,,,false,7
,GJXX~{,6,18299,,,false,7
,GJXX~{,7,30311,,,false,7
,GJXX~{,8,18299,,,false,7
,GJXX~{,9,18228,,,false,7
,GIL~v{,0,20463,,,false,7
,GIL~v{,1,18019,,,false,7
,GIL~v{,2,17670,,,false,7
,GIL~v{,3,17670,,,false,7
,GIL~v{,4,18089,,,false,7
,GIL~v{,5,17739,,,false,7
,GIL~v{,6,17251,,,false,7
,GIL~v{,7,17460,,,false,7
,GIL~v{,8,18089,,,false,7
,GIL~v{,9,17390,,,false,7
,GIN~v{,0,19626,,,false,7
,GIN~v{,1,18089,,,false,7
,GIN~v{,2,18019,,,false,7
,GIN~v{,3,17740,,,false,7
,GIN~v{,4,17181,,,false,7
,GIN~v{,5,17530,,,false,7
,GIN~v{,6,17250,,,false,7
,GIN~v{,7,16692,,,false,7
,GIN~v{,8,16971,,,false,7
,GIN~v{,9,17390,,,false,7
,GINT^{,0,20044,,,false,7
,GINT^{,1,18228,,,false,7
,GINT^{,2,17600,,,false,7
,GINT^{,3,17111,,,false,7
,GINT^{,4,17321,,,false,7
,GINT^{,5,17111,,,false,7
,GINT^{,6,17669,,,false,7
,GINT^{,7,17321,,,false,7
,GINT^{,8,17041,,,false,7
,GINT^{,9,17530,,,false,7
,G`XX~{,0,18927,,,false,7
,G`XX~{,1,16902,,,false,7
,G`XX~{,2,16762,,,false,7
,G`XX~{,3,16063,,,false,7
,G`XX~{,4,16343,,,false,7
,G`XX~{,5,16273,,,false,7
,G`XX~{,6,16064,,,false,7
,G`XX~{,7,16273,,,false,7
,G`XX~{,8,16203,,,false,7
,G`XX~{,9,16133,,,false,7
,GBpl~{,0,20184,,,false,7
,GBpl~{,1,17391,,,false,7
,GBpl~{,2,16622,,,false,7
,GBpl~{,3,16692,,,false,7
,GBpl~{,4,16552,,,false,7
,GBpl~{,5,16761,,,false,7
,GBpl~{,6,16622,,,false,7
,GBpl~{,7,17111,,,false,7
,GBpl~{,8,16343,,,false,7
,GBpl~{,9,16622,,,false,7
,G`X\~{,0,17670,,,false,7
,G`X\~{,1,16622,,,false,7
,G`X\~{,2,16133,,,false,7
,G`X\~{,3,16622,,,false,7
,G`X\~{,4,16412,,,false,7
,G`X\~{,5,16343,,,false,7
,G`X\~{,6,16552,,,false,7
,G`X\~{,7,16692,,,false,7
,G`X\~{,8,16762,,,false,7
,G`X\~{,9,16552,,,false,7
,GqSp^{,0,20603,,,false,7
,GqSp^{,1,17600,,,false,7
,GqSp^{,2,17111,,,false,7
,GqSp^{,3,16831,,,false,7
,GqSp^{,4,16971,,,false,7
,GqSp^{,5,16622,,,false,7
,GqSp^{,6,16622,,,false,7
,GqSp^{,7,16692,,,false,7
,GqSp^{,8,16832,,,false,7
,GqSp^{,9,17111,,,false,7
,GoS~f{,0,20044,,,false,7
,GoS~f{,1,17740,,,false,7
,GoS~f{,2,17530,,,false,7
,GoS~f{,3,17250,,,false,7
,GoS~f{,4,17181,,,false,7
,GoS~f{,5,17460,,,false,7
,GoS~f{,6,16832,,,false,7
,GoS~f{,7,16972,,,false,7
,GoS~f{,8,17460,,,false,7
,GoS~f{,9,16762,,,false,7
,GqHX~{,0,19416,,,false,7
,GqHX~{,1,17251,,,false,7
,GqHX~{,2,26260,,,false,7
,GqHX~{,3,17250,,,false,7
,GqHX~{,4,17600,,,false,7
,GqHX~{,5,17251,,,false,7
,GqHX~{,6,17181,,,false,7
,GqHX~{,7,17390,,,false,7
,GqHX~{,8,16622,,,false,7
,GqHX~{,9,16692,,,false,7
,GhFH~{,0,18648,,,false,7
,GhFH~{,1,17670,,,false,7
,GhFH~{,2,17041,,,false,7
,GhFH~{,3,17250,,,false,7
,GhFH~{,4,16762,,,false,7
,GhFH~{,5,17111,,,false,7
,GhFH~{,6,16832,,,false,7
,GhFH~{,7,16623,,,false,7
,GhFH~{,8,17041,,,false,7
,GhFH~{,9,16203,,,false,7
,GaMjn{,0,18229,,,false,7
,GaMjn{,1,17251,,,false,7
,GaMjn{,2,16553,,,false,7
,GaMjn{,3,16343,,,false,7
,GaMjn{,4,16622,,,false,7
,GaMjn{,5,16622,,,false,7
,GaMjn{,6,16343,,,false,7
,GaMjn{,7,16623,,,false,7
,GaMjn{,8,16133,,,false,7
,GaMjn{,9,16412,,,false,7
,GIMk~{,0,19416,,,false,7
,GIMk~{,1,17669,,,false,7
,GIMk~{,2,16134,,,false,7
,GIMk~{,3,16343,,,false,7
,GIMk~{,4,16692,,,false,7
,GIMk~{,5,17041,,,false,7
,GIMk~{,6,17251,,,false,7
,GIMk~{,7,17181,,,false,7
,GIMk~{,8,16203,,,false,7
,GIMk~{,9,17251,,,false,7
,G`Vd~{,0,18508,,,false,7
,G`Vd~{,1,16273,,,false,7
,G`Vd~{,2,16063,,,false,7
,G`Vd~{,3,15994,,,false,7
,G`Vd~{,4,16343,,,false,7
,G`Vd~{,5,16134,,,false,7
,G`Vd~{,6,25701,,,false,7
,G`Vd~{,7,16273,,,false,7
,G`Vd~{,8,16273,,,false,7
,G`Vd~{,9,16203,,,false,7
,GQlu^{,0,18089,,,false,7
,GQlu^{,1,16552,,,false,7
,GQlu^{,2,16343,,,false,7
,GQlu^{,3,16063,,,false,7
,GQlu^{,4,16134,,,false,7
,GQlu^{,5,16133,,,false,7
,GQlu^{,6,16622,,,false,7
,GQlu^{,7,15854,,,false,7
,GQlu^{,8,16134,,,false,7
,GQlu^{,9,16203,,,false,7
,GdSz^{,0,18997,,,false,7
,GdSz^{,1,17670,,,false,7
,GdSz^{,2,17251,,,false,7
,GdSz^{,3,17041,,,false,7
,GdSz^{,4,17111,,,false,7
,GdSz^{,5,17111,,,false,7
,GdSz^{,6,16971,,,false,7
,GdSz^{,7,17250,,,false,7
,GdSz^{,8,17041,,,false,7
,GdSz^{,9,17111,,,false,7
,GKszn{,0,19556,,,false,7
,GKszn{,1,17530,,,false,7
,GKszn{,2,17250,,,false,7
,GKszn{,3,17181,,,false,7
,GKszn{,4,17041,,,false,7
,GKszn{,5,16832,,,false,7
,GKszn{,6,16902,,,false,7
,GKszn{,7,17041,,,false,7
,GKszn{,8,17181,,,false,7
,GKszn{,9,17041,,,false,7
,GbM^^{,0,19136,,,false,7
,GbM^^{,1,17600,,,false,7
,GbM^^{,2,17111,,,false,7
,GbM^^{,3,17251,,,false,7
,GbM^^{,4,17181,,,false,7
,GbM^^{,5,17111,,,false,7
,GbM^^{,6,16831,,,false,7
,GbM^^{,7,17041,,,false,7
,GbM^^{,8,17041,,,false,7
,GbM^^{,9,16692,,,false,7
,GQqz~{,0,19975,,,false,7
,GQqz~{,1,17740,,,false,7
,GQqz~{,2,17670,,,false,7
,GQqz~{,3,17041,,,false,7
,GQqz~{,4,17251,,,false,7
,GQqz~{,5,17250,,,false,7
,GQqz~{,6,17111,,,false,7
,GQqz~{,7,16762,,,false,7
,GQqz~{,8,16692,,,false,7
,GQqz~{,9,16972,,,false,7
,GDlr^{,0,22210,,,false,7
,GDlr^{,1,18997,,,false,7
,GDlr^{,2,18159,,,false,7
,GDlr^{,3,18159,,,false,7
,GDlr^{,4,18019,,,false,7
,GDlr^{,5,17670,,,false,7
,GDlr^{,6,17181,,,false,7
,GDlr^{,7,17041,,,false,7
,GDlr^{,8,17250,,,false,7
,GDlr^{,9,16832,,,false,7
,GP\^n{,0,19974,,,false,7
,GP\^n{,1,17111,,,false,7
,GP\^n{,2,16133,,,false,7
,GP\^n{,3,16342,,,false,7
,GP\^n{,4,16622,,,false,7
,GP\^n{,5,16273,,,false,7
,GP\^n{,6,16762,,,false,7
,GP\^n{,7,16622,,,false,7
,GP\^n{,8,16272,,,false,7
,GP\^n{,9,16273,,,false,7
,Golq~{,0,19625,,,false,7
,Golq~{,1,17111,,,false,7
,Golq~{,2,16482,,,false,7
,Golq~{,3,16273,,,false,7
,Golq~{,4,16622,,,false,7
,Golq~{,5,16273,,,false,7
,Golq~{,6,16273,,,false,7
,Golq~{,7,16064,,,false,7
,Golq~{,8,16273,,,false,7
,Golq~{,9,16622,,,false,7
,GElr^{,0,18578,,,false,7
,GElr^{,1,16901,,,false,7
,GElr^{,2,24305,,,false,7
,GElr^{,3,16971,,,false,7
,GElr^{,4,16692,,,false,7
,GElr^{,5,16902,,,false,7
,GElr^{,6,16762,,,false,7
,GElr^{,7,16692,,,false,7
,GElr^{,8,16622,,,false,7
,GElr^{,9,16762,,,false,7
,GEhzv{,0,18508,,,false,7
,GEhzv{,1,17250,,,false,7
,GEhzv{,2,17181,,,false,7
,GEhzv{,3,16971,,,false,7
,GEhzv{,4,16832,,,false,7
,GEhzv{,5,16902,,,false,7
,GEhzv{,6,16622,,,false,7
,GEhzv{,7,17181,,,false,7
,GEhzv{,8,17530,,,false,7
,GEhzv{,9,17739,,,false,7
,GDZ^v{,0,19905,,,false,7
,GDZ^v{,1,18089,,,false,7
,GDZ^v{,2,17740,,,false,7
,GDZ^v{,3,17531,,,false,7
,GDZ^v{,4,17600,,,false,7
,GDZ^v{,5,17321,,,false,7
,GDZ^v{,6,16901,,,false,7
,GDZ^v{,7,17181,,,false,7
,GDZ^v{,8,17181,,,false,7
,GDZ^v{,9,17600,,,false,7
,GDZ~v{,0,19066,,,false,7
,GDZ~v{,1,18018,,,false,7
,GDZ~v{,2,17670,,,false,7
,GDZ~v{,3,17181,,,false,7
,GDZ~v{,4,17530,,,false,7
,GDZ~v{,5,17181,,,false,7
,GDZ~v{,6,17320,,,false,7
,GDZ~v{,7,18369,,,false,7
,GDZ~v{,8,17669,,,false,7
,GDZ~v{,9,17600,,,false,7
,GRX\~{,0,19555,,,false,7
,GRX\~{,1,16832,,,false,7
,GRX\~{,2,16553,,,false,7
,GRX\~{,3,17181,,,false,7
,GRX\~{,4,16832,,,false,7
,GRX\~{,5,16622,,,false,7
,GRX\~{,6,26749,,,false,7
,GRX\~{,7,16762,,,false,7
,GRX\~{,8,16831,,,false,7
,GRX\~{,9,16482,,,false,7
,Gq\t~{,0,18927,,,false,7
,Gq\t~{,1,17181,,,false,7
,Gq\t~{,2,16831,,,false,7
,Gq\t~{,3,16622,,,false,7
,Gq\t~{,4,16203,,,false,7
,Gq\t~{,5,16272,,,false,7
,Gq\t~{,6,16552,,,false,7
,Gq\t~{,7,16692,,,false,7
,Gq\t~{,8,16343,,,false,7
,Gq\t~{,9,16622,,,false,7
,GS\~f{,0,18508,,,false,7
,GS\~f{,1,17391,,,false,7
,GS\~f{,2,16832,,,false,7
,GS\~f{,3,16622,,,false,7
,GS\~f{,4,16203,,,false,7
,GS\~f{,5,16343,,,false,7
,GS\~f{,6,16133,,,false,7
,GS\~f{,7,16203,,,false,7
,GS\~f{,8,16273,,,false,7
,GS\~f{,9,16622,,,false,7
,GIm~n{,0,17111,,,false,7
,GIm~n{,1,16552,,,false,7
,GIm~n{,2,16692,,,false,7
,GIm~n{,3,16901,,,false,7
,GIm~n{,4,15923,,,false,7
,GIm~n{,5,16203,,,false,7
,GIm~n{,6,16064,,,false,7
,GIm~n{,7,16273,,,false,7
,GIm~n{,8,16622,,,false,7
,GIm~n{,9,16203,,,false,7
,GI~t~{,0,19626,,,false,7
,GI~t~{,1,18019,,,false,7
,GI~t~{,2,16762,,,false,7
,GI~t~{,3,15574,,,false,7
,GI~t~{,4,16483,,,false,7
,GI~t~{,5,16692,,,false,7
,GI~t~{,6,16553,,,false,7
,GI~t~{,7,16762,,,false,7
,GI~t~{,8,16692,,,false,7
,GI~t~{,9,16623,,,false,7
,GJZ\~{,0,21022,,,false,7
,GJZ\~{,1,18229,,,false,7
,GJZ\~{,2,18508,,,false,7
,GJZ\~{,3,18159,,,false,7
,GJZ\~{,4,17810,,,false,7
,GJZ\~{,5,18368,,,false,7
,GJZ\~{,6,18089,,,false,7
,GJZ\~{,7,17600,,,false,7
,GJZ\~{,8,18019,,,false,7
,GJZ\~{,9,18228,,,false,7
,GdX\~{,0,17530,,,false,7
,GdX\~{,1,15854,,,false,7
,GdX\~{,2,15715,,,false,7
,GdX\~{,3,15644,,,false,7
,GdX\~{,4,16832,,,false,7
,GdX\~{,5,16133,,,false,7
,GdX\~{,6,16273,,,false,7
,GdX\~{,7,16133,,,false,7
,GdX\~{,8,16483,,,false,7
,GdX\~{,9,15854,,,false,7
,GD^vV{,0,19555,,,false,7
,GD^vV{,1,17739,,,false,7
,GD^vV{,2,17600,,,false,7
,GD^vV{,3,17111,,,false,7
,GD^vV{,4,17740,,,false,7
,GD^vV{,5,17600,,,false,7
,GD^vV{,6,17041,,,false,7
,GD^vV{,7,17250,,,false,7
,GD^vV{,8,16971,,,false,7
,GD^vV{,9,17599,,,false,7
,GD^v^{,0,18508,,,false,7
,GD^v^{,1,17740,,,false,7
,GD^v^{,2,17321,,,false,7
,GD^v^{,3,17041,,,false,7
,GD^v^{,4,17669,,,false,7
,GD^v^{,5,17250,,,false,7
,GD^v^{,6,17530,,,false,7
,GD^v^{,7,17181,,,false,7
,GD^v^{,8,17321,,,false,7
,GD^v^{,9,16902,,,false,7
,G}ox~{,0,19625,,,false,7
,G}ox~{,1,18019,,,false,7
,G}ox~{,2,27098,,,false,7
,G}ox~{,3,18089,,,false,7
,G}ox~{,4,17809,,,false,7
,G}ox~{,5,18088,,,false,7
,G}ox~{,6,18088,,,false,7
,G}ox~{,7,17739,,,false,7
,G}ox~{,8,17670,,,false,7
,G}ox~{,9,17949,,,false,7
,G]qz~{,0,17460,,,false,7
,G]qz~{,1,16971,,,false,7
,G]qz~{,2,16762,,,false,7
,G]qz~{,3,16063,,,false,7
,G]qz~{,4,16273,,,false,7
,G]qz~{,5,16203,,,false,7
,G]qz~{,6,16063,,,false,7
,G]qz~{,7,16343,,,false,7
,G]qz~{,8,16692,,,false,7
,G]qz~{,9,16133,,,false,7
,GF~v^{,0,19486,,,false,7
,GF~v^{,1,17879,,,false,7
,GF~v^{,2,17111,,,false,7
,GF~v^{,3,17460,,,false,7
,GF~v^{,4,17250,,,false,7
,GF~v^{,5,17320,,,false,7
,GF~v^{,6,17530,,,false,7
,GF~v^{,7,17181,,,false,7
,GF~v^{,8,16762,,,false,7
,GF~v^{,9,17042,,,false,7
,GTPH~{,0,19625,,,false,7
,GTPH~{,1,16622,,,false,7
,GTPH~{,2,16203,,,false,7
,GTPH~{,3,16622,,,false,7
,GTPH~{,4,16413,,,false,7
,GTPH~{,5,16273,,,false,7
,GTPH~{,6,16064,,,false,7
,GTPH~{,7,16273,,,false,7
,GTPH~{,8,16273,,,false,7
,GTPH~{,9,16063,,,false,7
,G`S~^{,0,18718,,,false,7
,G`S~^{,1,16622,,,false,7
,G`S~^{,2,16133,,,false,7
,G`S~^{,3,16413,,,false,7
,G`S~^{,4,15994,,,false,7
,G`S~^{,5,16343,,,false,7
,G`S~^{,6,24654,,,false,7
,G`S~^{,7,16064,,,false,7
,G`S~^{,8,15784,,,false,7
,G`S~^{,9,16203,,,false,7
,GwDXv{,0,19206,,,false,7
,GwDXv{,1,16692,,,false,7
,GwDXv{,2,16133,,,false,7
,GwDXv{,3,16343,,,false,7
,GwDXv{,4,16133,,,false,7
,GwDXv{,5,16134,,,false,7
,GwDXv{,6,16413,,,false,7
,GwDXv{,7,16483,,,false,7
,GwDXv{,8,16203,,,false,7
,GwDXv{,9,15993,,,false,7
,G`NJn{,0,19136,,,false,7
,G`NJn{,1,17600,,,false,7
,G`NJn{,2,17530,,,false,7
,G`NJn{,3,16692,,,false,7
,G`NJn{,4,16762,,,false,7
,G`NJn{,5,16622,,,false,7
,G`NJn{,6,16342,,,false,7
,G`NJn{,7,16203,,,false,7
,G`NJn{,8,16482,,,false,7
,G`NJn{,9,16692,,,false,7
,GQMi~{,0,18228,,,false,7
,GQMi~{,1,16832,,,false,7
,GQMi~{,2,16552,,,false,7
,GQMi~{,3,16761,,,false,7
,GQMi~{,4,16761,,,false,7
,GQMi~{,5,16552,,,false,7
,GQMi~{,6,16762,,,false,7
,GQMi~{,7,16692,,,false,7
,GQMi~{,8,16552,,,false,7
,GQMi~{,9,16762,,,false,7
,GKdzv{,0,19276,,,false,7
,GKdzv{,1,16761,,,false,7
,GKdzv{,2,16622,,,false,7
,GKdzv{,3,16622,,,false,7
,GKdzv{,4,16272,,,false,7
,GKdzv{,5,16622,,,false,7
,GKdzv{,6,16692,,,false,7
,GKdzv{,7,16761,,,false,7
,GKdzv{,8,16622,,,false,7
,GKdzv{,9,16692,,,false,7
,Gqox~{,0,20394,,,false,7
,Gqox~{,1,17879,,,false,7
,Gqox~{,2,17809,,,false,7
,Gqox~{,3,17599,,,false,7
,Gqox~{,4,17041,,,false,7
,Gqox~{,5,17740,,,false,7
,Gqox~{,6,17111,,,false,7
,Gqox~{,7,17041,,,false,7
,Gqox~{,8,17250,,,false,7
,Gqox~{,9,17181,,,false,7
,GqLzv{,0,18718,,,false,7
,GqLzv{,1,16832,,,false,7
,GqLzv{,2,16483,,,false,7
,GqLzv{,3,16622,,,false,7
,GqLzv{,4,16413,,,false,7
,GqLzv{,5,16343,,,false,7
,GqLzv{,6,16692,,,false,7
,GqLzv{,7,15574,,,false,7
,GqLzv{,8,15785,,,false,7
,GqLzv{,9,15644,,,false,7
,G??ZCS,0,11104,,,false,3
,G??ZCS,1,8450,,,false,3
,G??ZCS,2,8101,,,false,3
,G??ZCS,3,7752,,,false,3
,G??ZCS,4,7962,,,false,3
,G??ZCS,5,8171,,,false,3
,G??ZCS,6,7753,,,false,3
,G??ZCS,7,7962,,,false,3
,G??ZCS,8,8031,,,false,3
,G??ZCS,9,7193,,,false,3
,G?hTrk,0,23816,,,false,7
,G?hTrk,1,19137,,,false,7
,G?hTrk,2,17670,,,false,7
,G?hTrk,3,18019,,,false,7
,G?hTrk,4,17670,,,false,7
,G?hTrk,5,17670,,,false,7
,G?hTrk,6,17530,,,false,7
,G?hTrk,7,17670,,,false,7
,G?hTrk,8,17321,,,false,7
,G?hTrk,9,17390,,,false,7
,G`?KzW,0,18648,,,false,7
,G`?KzW,1,15644,,,false,7
,G`?KzW,2,15854,,,false,7
,G`?KzW,3,15714,,,false,7
,G`?KzW,4,15155,,,false,7
,G`?KzW,5,15364,,,false,7
,G`?KzW,6,15574,,,false,7
,G`?KzW,7,24374,,,false,7
,G`?KzW,8,15853,,,false,7
,G`?KzW,9,14667,,,false,7
,GKS~\{,0,19975,,,false,7
,GKS~\{,1,16901,,,false,7
,GKS~\{,2,16342,,,false,7
,GKS~\{,3,16203,,,false,7
,GKS~\{,4,16063,,,false,7
,GKS~\{,5,16343,,,false,7
,GKS~\{,6,16203,,,false,7
,GKS~\{,7,16272,,,false,7
,GKS~\{,8,15784,,,false,7
,GKS~\{,9,15644,,,false,7
,GGF~vo,0,19695,,,false,7
,GGF~vo,1,17531,,,false,7
,GGF~vo,2,17041,,,false,7
,GGF~vo,3,18089,,,false,7
,GGF~vo,4,16902,,,false,7
,GGF~vo,5,17251,,,false,7
,GGF~vo,6,17181,,,false,7
,GGF~vo,7,16553,,,false,7
,GGF~vo,8,16762,,,false,7
,GGF~vo,9,16762,,,false,7
,G@hZCc,0,21930,,,false,7
,G@hZCc,1,17810,,,false,7
,G@hZCc,2,16622,,,false,7
,G@hZCc,3,16831,,,false,7
,G@hZCc,4,16552,,,false,7
,G@hZCc,5,16971,,,false,7
,G@hZCc,6,16273,,,false,7
,G@hZCc,7,16133,,,false,7
,G@hZCc,8,16273,,,false,7
,G@hZCc,9,16203,,,false,7
,G?@Hdo,0,15854,,,false,3
,G?@Hdo,1,12850,,,false,3
,G?@Hdo,2,12920,,,false,3
,G?@Hdo,3,12920,,,false,3
,G?@Hdo,4,12431,,,false,3
,G?@Hdo,5,12432,,,false,3
,G?@Hdo,6,12362,,,false,3
,G?@Hdo,7,12292,,,false,3
,G?@Hdo,8,12432,,,false,3
,G?@Hdo,9,12222,,,false,3
,G?XPc[,0,22489,,,false,7
,G?XPc[,1,18228,,,false,7
,G?XPc[,2,26261,,,false,7
,G?XPc[,3,17041,,,false,7
,G?XPc[,4,17180,,,false,7
,G?XPc[,5,16762,,,false,7
,G?XPc[,6,17041,,,false,7
,G?XPc[,7,17251,,,false,7
,G?XPc[,8,17461,,,false,7
,G?XPc[,9,16971,,,false,7
,G???^g,0,11314,,,false,3
,G???^g,1,10546,,,false,3
,G???^g,2,10406,,,false,3
,G???^g,3,9568,,,false,3
,G???^g,4,10057,,,false,3
,G???^g,5,9918,,,false,3
,G???^g,6,9638,,,false,3
,G???^g,7,9918,,,false,3
,G???^g,8,10127,,,false,3
,G???^g,9,9428,,,false,3
,GAI?g[,0,17041,,,false,3
,GAI?g[,1,14387,,,false,3
,GAI?g[,2,13340,,,false,3
,GAI?g[,3,12921,,,false,3
,GAI?g[,4,13200,,,false,3
,GAI?g[,5,12920,,,false,3
,GAI?g[,6,13689,,,false,3
,GAI?g[,7,13410,,,false,3
,GAI?g[,8,13200,,,false,3
,GAI?g[,9,12851,,,false,3
,G?@PSo,0,12781,,,false,3
,G?@PSo,1,12083,,,false,3
,G?@PSo,2,11454,,,false,3
,G?@PSo,3,12012,,,false,3
,G?@PSo,4,11733,,,false,3
,G?@PSo,5,11943,,,false,3
,G?@PSo,6,12222,,,false,3
,G?@PSo,7,12012,,,false,3
,G?@PSo,8,11315,,,false,3
,G?@PSo,9,11803,,,false,3
,G?Oc_w,0,19625,,,false,3
,G?Oc_w,1,15644,,,false,3
,G?Oc_w,2,14807,,,false,3
,G?Oc_w,3,14736,,,false,3
,G?Oc_w,4,14247,,,false,3
,G?Oc_w,5,14876,,,false,3
,G?Oc_w,6,14667,,,false,3
,G?Oc_w,7,14876,,,false,3
,G?Oc_w,8,14736,,,false,3
,G?Oc_w,9,14318,,,false,3
,G_D`Gs,0,9359,,,false,3
,G_D`Gs,1,7613,,,false,3
,G_D`Gs,2,7543,,,false,3
,G_D`Gs,3,7543,,,false,3
,G_D`Gs,4,7193,,,false,3
,G_D`Gs,5,7682,,,false,3
,G_D`Gs,6,7054,,,false,3
,G_D`Gs,7,7683,,,false,3
,G_D`Gs,8,7124,,,false,3
,G_D`Gs,9,7124,,,false,3
,G@`AXk,0,23886,,,false,3
,G@`AXk,1,19625,,,false,3
,G@`AXk,2,18508,,,false,3
,G@`AXk,3,18438,,,false,3
,G@`AXk,4,18229,,,false,3
,G@`AXk,5,18368,,,false,3
,G@`AXk,6,18438,,,false,3
,G@`AXk,7,18228,,,false,3
,G@`AXk,8,17949,,,false,3
,G@`AXk,9,18578,,,false,3
,GHdu\{,0,21022,,,false,7
,GHdu\{,1,17042,,,false,7
,GHdu\{,2,16692,,,false,7
,GHdu\{,3,16273,,,false,7
,GHdu\{,4,16064,,,false,7
,GHdu\{,5,15854,,,false,7
,GHdu\{,6,15645,,,false,7
,GHdu\{,7,16133,,,false,7
,GHdu\{,8,16133,,,false,7
,GHdu\{,9,15994,,,false,7
,GAh`ks,0,20044,,,false,7
,GAh`ks,1,16552,,,false,7
,GAh`ks,2,15854,,,false,7
,GAh`ks,3,16133,,,false,7
,GAh`ks,4,15225,,,false,7
,GAh`ks,5,16273,,,false,7
,GAh`ks,6,15155,,,false,7
,GAh`ks,7,15365,,,false,7
,GAh`ks,8,15645,,,false,7
,GAh`ks,9,15644,,,false,7
,GCSXJC,0,34711,,,false,7
,GCSXJC,1,28984,,,false,7
,GCSXJC,2,27168,,,false,7
,GCSXJC,3,27238,,,false,7
,GCSXJC,4,26749,,,false,7
,GCSXJC,5,26749,,,false,7
,GCSXJC,6,26749,,,false,7
,GCSXJC,7,34572,,,false,7
,GCSXJC,8,27029,,,false,7
,GCSXJC,9,26679,,,false,7
,G?qaho,0,20463,,,false,7
,G?qaho,1,17250,,,false,7
,G?qaho,2,16692,,,false,7
,G?qaho,3,16692,,,false,7
,G?qaho,4,16831,,,false,7
,G?qaho,5,16133,,,false,7
,G?qaho,6,16133,,,false,7
,G?qaho,7,16692,,,false,7
,G?qaho,8,16483,,,false,7
,G?qaho,9,16343,,,false,7
,G@?La[,0,14807,,,false,3
,G@?La[,1,12432,,,false,3
,G@?La[,2,11873,,,false,3
,G@?La[,3,11942,,,false,3
,G@?La[,4,11314,,,false,3
,G@?La[,5,11384,,,false,3
,G@?La[,6,11384,,,false,3
,G@?La[,7,11454,,,false,3
,G@?La[,8,11035,,,false,3
,G@?La[,9,11454,,,false,3
,GqKsY[,0,19276,,,false,7
,GqKsY[,1,15994,,,false,7
,GqKsY[,2,15295,,,false,7
,GqKsY[,3,15575,,,false,7
,GqKsY[,4,15784,,,false,7
,GqKsY[,5,15854,,,false,7
,GqKsY[,6,15644,,,false,7
,GqKsY[,7,15364,,,false,7
,GqKsY[,8,15225,,,false,7
,GqKsY[,9,15715,,,false,7
,G???~G,0,9009,,,false,3
,G???~G,1,7124,,,false,3
,G???~G,2,7193,,,false,3
,G???~G,3,7054,,,false,3
,G???~G,4,7124,,,false,3
,G???~G,5,6705,,,false,3
,G???~G,6,7054,,,false,3
,G???~G,7,7123,,,false,3
,G???~G,8,7193,,,false,3
,G???~G,9,6495,,,false,3
,G?GQKo,0,15156,,,false,3
,G?GQKo,1,12851,,,false,3
,G?GQKo,2,12362,,,false,3
,G?GQKo,3,11943,,,false,3
,G?GQKo,4,11873,,,false,3
,G?GQKo,5,11942,,,false,3
,G?GQKo,6,11943,,,false,3
,G?GQKo,7,12432,,,false,3
,G?GQKo,8,11873,,,false,3
,G?GQKo,9,20394,,,false,3
,G@??OK,0,7473,,,false,3
,G@??OK,1,6565,,,false,3
,G@??OK,2,6216,,,false,3
,G@??OK,3,6076,,,false,3
,G@??OK,4,5657,,,false,3
,G@??OK,5,5727,,,false,3
,G@??OK,6,5727,,,false,3
,G@??OK,7,5587,,,false,3
,G@??OK,8,5727,,,false,3
,G@??OK,9,5866,,,false,3
,G??_uK,0,10057,,,false,3
,G??_uK,1,8521,,,false,3
,G??_uK,2,8172,,,false,3
,G??_uK,3,8032,,,false,3
,G??_uK,4,8032,,,false,3
,G??_uK,5,8241,,,false,3
,G??_uK,6,7962,,,false,3
,G??_uK,7,8101,,,false,3
,G??_uK,8,7752,,,false,3
,G??_uK,9,7962,,,false,3
,GwC^~{,0,20742,,,false,7
,GwC^~{,1,17461,,,false,7
,GwC^~{,2,17181,,,false,7
,GwC^~{,3,17041,,,false,7
,GwC^~{,4,17250,,,false,7
,GwC^~{,5,16762,,,false,7
,GwC^~{,6,16552,,,false,7
,GwC^~{,7,16761,,,false,7
,GwC^~{,8,16692,,,false,7
,GwC^~{,9,16133,,,false,7
,G~rHx{,0,18717,,,false,7
,G~rHx{,1,17041,,,false,7
,G~rHx{,2,15854,,,false,7
,G~rHx{,3,15994,,,false,7
,G~rHx{,4,16064,,,false,7
,G~rHx{,5,15714,,,false,7
,G~rHx{,6,16064,,,false,7
,G~rHx{,7,15784,,,false,7
,G~rHx{,8,16133,,,false,7
,G~rHx{,9,15714,,,false,7
,GoSv~{,0,19905,,,false,7
,GoSv~{,1,17041,,,false,7
,GoSv~{,2,16761,,,false,7
,GoSv~{,3,17041,,,false,7
,GoSv~{,4,16203,,,false,7
,GoSv~{,5,16133,,,false,7
,GoSv~{,6,16483,,,false,7
,GoSv~{,7,16343,,,false,7
,GoSv~{,8,16552,,,false,7
,GoSv~{,9,16273,,,false,7
,G?mzz{,0,33873,,,false,7
,G?mzz{,1,19067,,,false,7
,G?mzz{,2,18159,,,false,7
,G?mzz{,3,18019,,,false,7
,G?mzz{,4,18019,,,false,7
,G?mzz{,5,18158,,,false,7
,G?mzz{,6,17879,,,false,7
,G?mzz{,7,18229,,,false,7
,G?mzz{,8,18229,,,false,7
,G?mzz{,9,17949,,,false,7
,G~`HW{,0,20114,,,false,7
,G~`HW{,1,16622,,,false,7
,G~`HW{,2,15714,,,false,7
,G~`HW{,3,16273,,,false,7
,G~`HW{,4,15645,,,false,7
,G~`HW{,5,15854,,,false,7
,G~`HW{,6,16064,,,false,7
,G~`HW{,7,16483,,,false,7
,G~`HW{,8,16692,,,false,7
,G~`HW{,9,16064,,,false,7
,GKdax{,0,19555,,,false,7
,GKdax{,1,16552,,,false,7
,GKdax{,2,16762,,,false,7
,GKdax{,3,16273,,,false,7
,GKdax{,4,15714,,,false,7
,GKdax{,5,16343,,,false,7
,GKdax{,6,16133,,,false,7
,GKdax{,7,16203,,,false,7
,GKdax{,8,15924,,,false,7
,GKdax{,9,16413,,,false,7
,G`?N~w,0,19416,,,false,7
,G`?N~w,1,17111,,,false,7
,G`?N~w,2,16273,,,false,7
,G`?N~w,3,16622,,,false,7
,G`?N~w,4,16692,,,false,7
,G`?N~w,5,16273,,,false,7
,G`?N~w,6,16133,,,false,7
,G`?N~w,7,16692,,,false,7
,G`?N~w,8,16343,,,false,7
,G`?N~w,9,16552,,,false,7
,G`?Lz{,0,19067,,,false,7
,G`?Lz{,1,15924,,,false,7
,G`?Lz{,2,16762,,,false,7
,G`?Lz{,3,16203,,,false,7
,G`?Lz{,4,16064,,,false,7
,G`?Lz{,5,16272,,,false,7
,G`?Lz{,6,16273,,,false,7
,G`?Lz{,7,16064,,,false,7
,G`?Lz{,8,16273,,,false,7
,G`?Lz{,9,16203,,,false,7
,GICX|[,0,21441,,,false,7
,GICX|[,1,17600,,,false,7
,GICX|[,2,16902,,,false,7
,GICX|[,3,17321,,,false,7
,GICX|[,4,16553,,,false,7
,GICX|[,5,17111,,,false,7
,GICX|[,6,16762,,,false,7
,GICX|[,7,16623,,,false,7
,GICX|[,8,16692,,,false,7
,GICX|[,9,16762,,,false,7
,G?qix{,0,22349,,,false,7
,G?qix{,1,18228,,,false,7
,G?qix{,2,17949,,,false,7
,G?qix{,3,17461,,,false,7
,G?qix{,4,17251,,,false,7
,G?qix{,5,18019,,,false,7
,G?qix{,6,17670,,,false,7
,G?qix{,7,17739,,,false,7
,G?qix{,8,17530,,,false,7
,G?qix{,9,17181,,,false,7
,G??x}{,0,33384,,,false,7
,G??x}{,1,30031,,,false,7
,G??x}{,2,28215,,,false,7
,G??x}{,3,28006,,,false,7
,G??x}{,4,28145,,,false,7
,G??x}{,5,27657,,,false,7
,G??x}{,6,27168,,,false,7
,G??x}{,7,27237,,,false,7
,G??x}{,8,27727,,,false,7
,G??x}{,9,27727,,,false,7
,G`?MXw,0,24025,,,false,3
,G`?MXw,1,20254,,,false,3
,G`?MXw,2,27168,,,false,3
,G`?MXw,3,18717,,,false,3
,G`?MXw,4,18577,,,false,3
,G`?MXw,5,18927,,,false,3
,G`?MXw,6,18647,,,false,3
,G`?MXw,7,19137,,,false,3
,G`?MXw,8,18927,,,false,3
,G`?MXw,9,18578,,,false,3
,G@`@W{,0,43930,,,false,7
,G@`@W{,1,37156,,,false,7
,G@`@W{,2,35339,,,false,7
,G@`@W{,3,34292,,,false,7
,G@`@W{,4,34292,,,false,7
,G@`@W{,5,34362,,,false,7
,G@`@W{,6,35130,,,false,7
,G@`@W{,7,34641,,,false,7
,G@`@W{,8,34850,,,false,7
,G@`@W{,9,34362,,,false,7
,G??Dzw,0,16552,,,false,7
,G??Dzw,1,14877,,,false,7
,G??Dzw,2,14736,,,false,7
,G??Dzw,3,14736,,,false,7
,G??Dzw,4,14457,,,false,7
,G??Dzw,5,14597,,,false,7
,G??Dzw,6,14527,,,false,7
,G??Dzw,7,14597,,,false,7
,G??Dzw,8,14317,,,false,7
,G??Dzw,9,14596,,,false,7
,G??Cz[,0,28635,,,false,3
,G??Cz[,1,24374,,,false,3
,G??Cz[,2,23396,,,false,3
,G??Cz[,3,23467,,,false,3
,G??Cz[,4,23397,,,false,3
,G??Cz[,5,22768,,,false,3
,G??Cz[,6,32197,,,false,3
,G??Cz[,7,23537,,,false,3
,G??Cz[,8,22908,,,false,3
,G??Cz[,9,23886,,,false,3
,GEChX[,0,31428,,,false,7
,GEChX[,1,27238,,,false,7
,GEChX[,2,26749,,,false,7
,GEChX[,3,25771,,,false,7
,GEChX[,4,25981,,,false,7
,GEChX[,5,25911,,,false,7
,GEChX[,6,25213,,,false,7
,GEChX[,7,25771,,,false,7
,GEChX[,8,26260,,,false,7
,GEChX[,9,25841,,,false,7
,GIi^bw,0,20463,,,false,7
,GIi^bw,1,16482,,,false,7
,GIi^bw,2,16343,,,false,7
,GIi^bw,3,15994,,,false,7
,GIi^bw,4,15715,,,false,7
,GIi^bw,5,15714,,,false,7
,GIi^bw,6,15714,,,false,7
,GIi^bw,7,15854,,,false,7
,GIi^bw,8,15574,,,false,7
,GIi^bw,9,15854,,,false,7
,GSXTz{,0,20393,,,false,7
,GSXTz{,1,17180,,,false,7
,GSXTz{,2,16342,,,false,7
,GSXTz{,3,16622,,,false,7
,GSXTz{,4,16761,,,false,7
,GSXTz{,5,16343,,,false,7
,GSXTz{,6,16482,,,false,7
,GSXTz{,7,16692,,,false,7
,GSXTz{,8,16483,,,false,7
,GSXTz{,9,16273,,,false,7
,G@G\a[,0,22488,,,false,7
,G@G\a[,1,17949,,,false,7
,G@G\a[,2,17670,,,false,7
,G@G\a[,3,17251,,,false,7
,G@G\a[,4,26679,,,false,7
,G@G\a[,5,17041,,,false,7
,G@G\a[,6,17251,,,false,7
,G@G\a[,7,17391,,,false,7
,G@G\a[,8,16901,,,false,7
,G@G\a[,9,17250,,,false,7
,GtPHOk,0,19137,,,false,7
,GtPHOk,1,15854,,,false,7
,GtPHOk,2,15156,,,false,7
,GtPHOk,3,15365,,,false,7
,GtPHOk,4,15225,,,false,7
,GtPHOk,5,14737,,,false,7
,GtPHOk,6,15365,,,false,7
,GtPHOk,7,14667,,,false,7
,GtPHOk,8,14946,,,false,7
,GtPHOk,9,15085,,,false,7
,Gv?IXW,0,19067,,,false,7
,Gv?IXW,1,16133,,,false,7
,Gv?IXW,2,15365,,,false,7
,Gv?IXW,3,15156,,,false,7
,Gv?IXW,4,15295,,,false,7
,Gv?IXW,5,15434,,,false,7
,Gv?IXW,6,15644,,,false,7
,Gv?IXW,7,15365,,,false,7
,Gv?IXW,8,15295,,,false,7
,Gv?IXW,9,15644,,,false,7
,Gvzax{,0,18508,,,false,7
,Gvzax{,1,16134,,,false,7
,Gvzax{,2,15714,,,false,7
,Gvzax{,3,16203,,,false,7
,Gvzax{,4,15854,,,false,7
,Gvzax{,5,15644,,,false,7
,Gvzax{,6,15784,,,false,7
,Gvzax{,7,16203,,,false,7
,Gvzax{,8,15644,,,false,7
,Gvzax{,9,15854,,,false,7
,G?r@pg,0,22279,,,false,7
,G?r@pg,1,18927,,,false,7
,G?r@pg,2,18229,,,false,7
,G?r@pg,3,17391,,,false,7
,G?r@pg,4,17460,,,false,7
,G?r@pg,5,17669,,,false,7
,G?r@pg,6,17530,,,false,7
,G?r@pg,7,17740,,,false,7
,G?r@pg,8,17810,,,false,7
,G?r@pg,9,26260,,,false,7
,GSP@xw,0,19975,,,false,7
,GSP@xw,1,16832,,,false,7
,GSP@xw,2,16063,,,false,7
,GSP@xw,3,16273,,,false,7
,GSP@xw,4,16064,,,false,7
,GSP@xw,5,15993,,,false,7
,GSP@xw,6,15784,,,false,7
,GSP@xw,7,16133,,,false,7
,GSP@xw,8,15365,,,false,7
,GSP@xw,9,15644,,,false,7
,G?DPS{,0,19625,,,false,7
,G?DPS{,1,16692,,,false,7
,G?DPS{,2,16622,,,false,7
,G?DPS{,3,16832,,,false,7
,G?DPS{,4,16133,,,false,7
,G?DPS{,5,16552,,,false,7
,G?DPS{,6,16203,,,false,7
,G?DPS{,7,16483,,,false,7
,G?DPS{,8,16343,,,false,7
,G?DPS{,9,16064,,,false,7
,GAG]|{,0,20533,,,false,7
,GAG]|{,1,17181,,,false,7
,GAG]|{,2,17041,,,false,7
,GAG]|{,3,16343,,,false,7
,GAG]|{,4,16203,,,false,7
,GAG]|{,5,16622,,,false,7
,GAG]|{,6,16343,,,false,7
,GAG]|{,7,16483,,,false,7
,GAG]|{,8,16133,,,false,7
,GAG]|{,9,16552,,,false,7
,GBOk~W,0,22069,,,false,7
,GBOk~W,1,18647,,,false,7
,GBOk~W,2,17530,,,false,7
,GBOk~W,3,17181,,,false,7
,GBOk~W,4,17251,,,false,7
,GBOk~W,5,17530,,,false,7
,GBOk~W,6,17251,,,false,7
,GBOk~W,7,17321,,,false,7
,GBOk~W,8,17460,,,false,7
,GBOk~W,9,17251,,,false,7
,G`G\zw,0,19276,,,false,7
,G`G\zw,1,16342,,,false,7
,G`G\zw,2,24374,,,false,7
,G`G\zw,3,16203,,,false,7
,G`G\zw,4,15715,,,false,7
,G`G\zw,5,15784,,,false,7
,G`G\zw,6,16134,,,false,7
,G`G\zw,7,15854,,,false,7
,G`G\zw,8,16203,,,false,7
,G`G\zw,9,16063,,,false,7
,G_ltjs,0,21162,,,false,7
,G_ltjs,1,16902,,,false,7
,G_ltjs,2,16762,,,false,7
,G_ltjs,3,16553,,,false,7
,G_ltjs,4,16273,,,false,7
,G_ltjs,5,16762,,,false,7
,G_ltjs,6,16553,,,false,7
,G_ltjs,7,16762,,,false,7
,G_ltjs,8,16273,,,false,7
,G_ltjs,9,16622,,,false,7
,G@lv]w,0,21581,,,false,7
,G@lv]w,1,17879,,,false,7
,G@lv]w,2,17111,,,false,7
,G@lv]w,3,17111,,,false,7
,G@lv]w,4,17111,,,false,7
,G@lv]w,5,16832,,,false,7
,G@lv]w,6,17111,,,false,7
,G@lv]w,7,16622,,,false,7
,G@lv]w,8,16831,,,false,7
,G@lv]w,9,17111,,,false,7
,G@zTz{,0,20603,,,false,7
,G@zTz{,1,17670,,,false,7
,G@zTz{,2,17041,,,false,7
,G@zTz{,3,16692,,,false,7
,G@zTz{,4,16483,,,false,7
,G@zTz{,5,16413,,,false,7
,G@zTz{,6,17181,,,false,7
,G@zTz{,7,16064,,,false,7
,G@zTz{,8,16273,,,false,7
,G@zTz{,9,16623,,,false,7
,G_]~bk,0,19555,,,false,7
,G_]~bk,1,17250,,,false,7
,G_]~bk,2,16552,,,false,7
,G_]~bk,3,16692,,,false,7
,G_]~bk,4,16831,,,false,7
,G_]~bk,5,16412,,,false,7
,G_]~bk,6,25072,,,false,7
,G_]~bk,7,16762,,,false,7
,G_]~bk,8,16064,,,false,7
,G_]~bk,9,16273,,,false,7
,G@nRnS,0,19416,,,false,7
,G@nRnS,1,17181,,,false,7
,G@nRnS,2,17251,,,false,7
,G@nRnS,3,16552,,,false,7
,G@nRnS,4,16762,,,false,7
,G@nRnS,5,16762,,,false,7
,G@nRnS,6,16972,,,false,7
,G@nRnS,7,16692,,,false,7
,G@nRnS,8,16902,,,false,7
,G@nRnS,9,15435,,,false,7
,GIM}v[,0,19346,,,false,7
,GIM}v[,1,17251,,,false,7
,GIM}v[,2,17181,,,false,7
,GIM}v[,3,17530,,,false,7
,GIM}v[,4,17181,,,false,7
,GIM}v[,5,17251,,,false,7
,GIM}v[,6,17042,,,false,7
,GIM}v[,7,17670,,,false,7
,GIM}v[,8,17111,,,false,7
,GIM}v[,9,17391,,,false,7
,G`iZQk,0,18997,,,false,7
,G`iZQk,1,16063,,,false,7
,G`iZQk,2,15854,,,false,7
,G`iZQk,3,16622,,,false,7
,G`iZQk,4,15714,,,false,7
,G`iZQk,5,16203,,,false,7
,G`iZQk,6,15784,,,false,7
,G`iZQk,7,16063,,,false,7
,G`iZQk,8,15854,,,false,7
,G`iZQk,9,15994,,,false,7
,GSXP~w,0,20184,,,false,7
,GSXP~w,1,17111,,,false,7
,GSXP~w,2,16134,,,false,7
,GSXP~w,3,16762,,,false,7
,GSXP~w,4,16622,,,false,7
,GSXP~w,5,16692,,,false,7
,GSXP~w,6,16273,,,false,7
,GSXP~w,7,16552,,,false,7
,GSXP~w,8,16762,,,false,7
,GSXP~w,9,16343,,,false,7
,GQMZ^k,0,19834,,,false,7
,GQMZ^k,1,17181,,,false,7
,GQMZ^k,2,17041,,,false,7
,GQMZ^k,3,16692,,,false,7
,GQMZ^k,4,16343,,,false,7
,GQMZ^k,5,16134,,,false,7
,GQMZ^k,6,16692,,,false,7
,GQMZ^k,7,16343,,,false,7
,GQMZ^k,8,16623,,,false,7
,GQMZ^k,9,16762,,,false,7
,GsXTzw,0,19486,,,false,7
,GsXTzw,1,17181,,,false,7
,GsXTzw,2,16623,,,false,7
,GsXTzw,3,16412,,,false,7
,GsXTzw,4,16831,,,false,7
,GsXTzw,5,16622,,,false,7
,GsXTzw,6,16203,,,false,7
,GsXTzw,7,16762,,,false,7
,GsXTzw,8,16552,,,false,7
,GsXTzw,9,15784,,,false,7
,GINT^o,0,18927,,,false,7
,GINT^o,1,16762,,,false,7
,GINT^o,2,16343,,,false,7
,GINT^o,3,16413,,,false,7
,GINT^o,4,16203,,,false,7
,GINT^o,5,15993,,,false,7
,GINT^o,6,15854,,,false,7
,GINT^o,7,16273,,,false,7
,GINT^o,8,16134,,,false,7
,GINT^o,9,16343,,,false,7
,GBZT[{,0,19066,,,false,7
,GBZT[{,1,17250,,,false,7
,GBZT[{,2,16203,,,false,7
,GBZT[{,3,16064,,,false,7
,GBZT[{,4,16413,,,false,7
,GBZT[{,5,16412,,,false,7
,GBZT[{,6,16203,,,false,7
,GBZT[{,7,16063,,,false,7
,GBZT[{,8,16203,,,false,7
,GBZT[{,9,16343,,,false,7
,GINe|{,0,18997,,,false,7
,GINe|{,1,17251,,,false,7
,GINe|{,2,17181,,,false,7
,GINe|{,3,16203,,,false,7
,GINe|{,4,24794,,,false,7
,GINe|{,5,16413,,,false,7
,GINe|{,6,16134,,,false,7
,GINe|{,7,16343,,,false,7
,GINe|{,8,16553,,,false,7
,GINe|{,9,16482,,,false,7
,GsXPW{,0,19485,,,false,7
,GsXPW{,1,16273,,,false,7
,GsXPW{,2,15435,,,false,7
,GsXPW{,3,16133,,,false,7
,GsXPW{,4,15365,,,false,7
,GsXPW{,5,15714,,,false,7
,GsXPW{,6,15645,,,false,7
,GsXPW{,7,15435,,,false,7
,GsXPW{,8,15645,,,false,7
,GsXPW{,9,15784,,,false,7
,GqYPW{,0,17879,,,false,7
,GqYPW{,1,16273,,,false,7
,GqYPW{,2,16063,,,false,7
,GqYPW{,3,16273,,,false,7
,GqYPW{,4,15714,,,false,7
,GqYPW{,5,16134,,,false,7
,GqYPW{,6,15854,,,false,7
,GqYPW{,7,16134,,,false,7
,GqYPW{,8,15784,,,false,7
,GqYPW{,9,15784,,,false,7
,Gr_YX[,0,18578,,,false,7
,Gr_YX[,1,16622,,,false,7
,Gr_YX[,2,15504,,,false,7
,Gr_YX[,3,15854,,,false,7
,Gr_YX[,4,15574,,,false,7
,Gr_YX[,5,15784,,,false,7
,Gr_YX[,6,15714,,,false,7
,Gr_YX[,7,15575,,,false,7
,Gr_YX[,8,15854,,,false,7
,Gr_YX[,9,16133,,,false,7
,GKoXzg,0,18648,,,false,7
,GKoXzg,1,16343,,,false,7
,GKoXzg,2,15994,,,false,7
,GKoXzg,3,15994,,,false,7
,GKoXzg,4,15924,,,false,7
,GKoXzg,5,15854,,,false,7
,GKoXzg,6,15644,,,false,7
,GKoXzg,7,15225,,,false,7
,GKoXzg,8,15854,,,false,7
,GKoXzg,9,15645,,,false,7
,GDxRK{,0,19137,,,false,7
,GDxRK{,1,16762,,,false,7
,GDxRK{,2,15645,,,false,7
,GDxRK{,3,15854,,,false,7
,GDxRK{,4,16204,,,false,7
,GDxRK{,5,16063,,,false,7
,GDxRK{,6,15714,,,false,7
,GDxRK{,7,15994,,,false,7
,GDxRK{,8,15854,,,false,7
,GDxRK{,9,15645,,,false,7
,GSXZ`{,0,19625,,,false,7
,GSXZ`{,1,16622,,,false,7
,GSXZ`{,2,16203,,,false,7
,GSXZ`{,3,16273,,,false,7
,GSXZ`{,4,16063,,,false,7
,GSXZ`{,5,16273,,,false,7
,GSXZ`{,6,16343,,,false,7
,GSXZ`{,7,15994,,,false,7
,GSXZ`{,8,15714,,,false,7
,GSXZ`{,9,15504,,,false,7
,G]Og|{,0,17669,,,false,7
,G]Og|{,1,15644,,,false,7
,G]Og|{,2,15365,,,false,7
,G]Og|{,3,15155,,,false,7
,G]Og|{,4,15225,,,false,7
,G]Og|{,5,15295,,,false,7
,G]Og|{,6,15155,,,false,7
,G]Og|{,7,15365,,,false,7
,G]Og|{,8,15155,,,false,7
,G]Og|{,9,15295,,,false,7
,G@luvG,0,20253,,,false,7
,G@luvG,1,17321,,,false,7
,G@luvG,2,16692,,,false,7
,G@luvG,3,16622,,,false,7
,G@luvG,4,16343,,,false,7
,G@luvG,5,16133,,,false,7
,G@luvG,6,16691,,,false,7
,G@luvG,7,16832,,,false,7
,G@luvG,8,16552,,,false,7
,G@luvG,9,16692,,,false,7
,GSXX~c,0,18578,,,false,7
,GSXX~c,1,16482,,,false,7
,GSXX~c,2,15784,,,false,7
,GSXX~c,3,16133,,,false,7
,GSXX~c,4,22000,,,false,7
,GSXX~c,5,15854,,,false,7
,GSXX~c,6,15645,,,false,7
,GSXX~c,7,15854,,,false,7
,GSXX~c,8,15714,,,false,7
,GSXX~c,9,15714,,,false,7
,GSLi~k,0,19485,,,false,7
,GSLi~k,1,16972,,,false,7
,GSLi~k,2,16831,,,false,7
,GSLi~k,3,16482,,,false,7
,GSLi~k,4,17111,,,false,7
,GSLi~k,5,16692,,,false,7
,GSLi~k,6,16552,,,false,7
,GSLi~k,7,16762,,,false,7
,GSLi~k,8,16134,,,false,7
,GSLi~k,9,16203,,,false,7
,GdZDzw,0,17600,,,false,7
,GdZDzw,1,16133,,,false,7
,GdZDzw,2,15854,,,false,7
,GdZDzw,3,15645,,,false,7
,GdZDzw,4,15854,,,false,7
,GdZDzw,5,15505,,,false,7
,GdZDzw,6,15575,,,false,7
,GdZDzw,7,15714,,,false,7
,GdZDzw,8,16063,,,false,7
,GdZDzw,9,15854,,,false,7
,Guhax{,0,18926,,,false,7
,Guhax{,1,16762,,,false,7
,Guhax{,2,16203,,,false,7
,Guhax{,3,16692,,,false,7
,Guhax{,4,16762,,,false,7
,Guhax{,5,16622,,,false,7
,Guhax{,6,16622,,,false,7
,Guhax{,7,16692,,,false,7
,Guhax{,8,16483,,,false,7
,Guhax{,9,16343,,,false,7
,GgN\rk,0,19416,,,false,7
,GgN\rk,1,17250,,,false,7
,GgN\rk,2,16762,,,false,7
,GgN\rk,3,16552,,,false,7
,GgN\rk,4,16272,,,false,7
,GgN\rk,5,16273,,,false,7
,GgN\rk,6,16552,,,false,7
,GgN\rk,7,16273,,,false,7
,GgN\rk,8,16203,,,false,7
,GgN\rk,9,24584,,,false,7
,G}hHg{,0,18507,,,false,7
,G}hHg{,1,16553,,,false,7
,G}hHg{,2,16343,,,false,7
,G}hHg{,3,16203,,,false,7
,G}hHg{,4,15784,,,false,7
,G}hHg{,5,15784,,,false,7
,G}hHg{,6,16063,,,false,7
,G}hHg{,7,16273,,,false,7
,G}hHg{,8,16342,,,false,7
,G}hHg{,9,15574,,,false,7
,GrddY{,0,17460,,,false,7
,GrddY{,1,16483,,,false,7
,GrddY{,2,15784,,,false,7
,GrddY{,3,15645,,,false,7
,GrddY{,4,15365,,,false,7
,GrddY{,5,15645,,,false,7
,GrddY{,6,15714,,,false,7
,GrddY{,7,15853,,,false,7
,GrddY{,8,15644,,,false,7
,GrddY{,9,15784,,,false,7
,GqMZj[,0,17041,,,false,7
,GqMZj[,1,15854,,,false,7
,GqMZj[,2,15504,,,false,7
,GqMZj[,3,15644,,,false,7
,GqMZj[,4,15295,,,false,7
,GqMZj[,5,15644,,,false,7
,GqMZj[,6,15365,,,false,7
,GqMZj[,7,15156,,,false,7
,GqMZj[,8,15365,,,false,7
,GqMZj[,9,15784,,,false,7
,GRqZ^k,0,17251,,,false,7
,GRqZ^k,1,15715,,,false,7
,GRqZ^k,2,15644,,,false,7
,GRqZ^k,3,15365,,,false,7
,GRqZ^k,4,15085,,,false,7
,GRqZ^k,5,15225,,,false,7
,GRqZ^k,6,15016,,,false,7
,GRqZ^k,7,15434,,,false,7
,GRqZ^k,8,15225,,,false,7
,GRqZ^k,9,15225,,,false,7
,Gqlsz[,0,17181,,,false,7
,Gqlsz[,1,15645,,,false,7
,Gqlsz[,2,15854,,,false,7
,Gqlsz[,3,15714,,,false,7
,Gqlsz[,4,15714,,,false,7
,Gqlsz[,5,24025,,,false,7
,Gqlsz[,6,15574,,,false,7
,Gqlsz[,7,15574,,,false,7
,Gqlsz[,8,15295,,,false,7
,Gqlsz[,9,15225,,,false,7
,Gsxqx{,0,18019,,,false,7
,Gsxqx{,1,16622,,,false,7
,Gsxqx{,2,16343,,,false,7
,Gsxqx{,3,16203,,,false,7
,Gsxqx{,4,16203,,,false,7
,Gsxqx{,5,16272,,,false,7
,Gsxqx{,6,16063,,,false,7
,Gsxqx{,7,16343,,,false,7
,Gsxqx{,8,15784,,,false,7
,Gsxqx{,9,16482,,,false,7
,GMnax{,0,17390,,,false,7
,GMnax{,1,16343,,,false,7
,GMnax{,2,15714,,,false,7
,GMnax{,3,15575,,,false,7
,GMnax{,4,15854,,,false,7
,GMnax{,5,15645,,,false,7
,GMnax{,6,15225,,,false,7
,GMnax{,7,15364,,,false,7
,GMnax{,8,15644,,,false,7
,GMnax{,9,15853,,,false,7
,GP^uu{,0,20743,,,false,7
,GP^uu{,1,17181,,,false,7
,GP^uu{,2,16972,,,false,7
,GP^uu{,3,16692,,,false,7
,GP^uu{,4,16762,,,false,7
,GP^uu{,5,16622,,,false,7
,GP^uu{,6,16273,,,false,7
,GP^uu{,7,16832,,,false,7
,GP^uu{,8,16552,,,false,7
,GP^uu{,9,16762,,,false,7
,GD^vU{,0,18578,,,false,7
,GD^vU{,1,17041,,,false,7
,GD^vU{,2,16622,,,false,7
,GD^vU{,3,16483,,,false,7
,GD^vU{,4,17740,,,false,7
,GD^vU{,5,16762,,,false,7
,GD^vU{,6,17041,,,false,7
,GD^vU{,7,16832,,,false,7
,GD^vU{,8,16622,,,false,7
,GD^vU{,9,17530,,,false,7
,GEl~~w,0,21022,,,false,7
,GEl~~w,1,18299,,,false,7
,GEl~~w,2,17460,,,false,7
,GEl~~w,3,17530,,,false,7
,GEl~~w,4,18648,,,false,7
,GEl~~w,5,17530,,,false,7
,GEl~~w,6,17740,,,false,7
,GEl~~w,7,16762,,,false,7
,GEl~~w,8,17530,,,false,7
,GEl~~w,9,17670,,,false,7
,GrotY{,0,18927,,,false,7
,GrotY{,1,16692,,,false,7
,GrotY{,2,16412,,,false,7
,GrotY{,3,16133,,,false,7
,GrotY{,4,16273,,,false,7
,GrotY{,5,15993,,,false,7
,GrotY{,6,15994,,,false,7
,GrotY{,7,16273,,,false,7
,GrotY{,8,16133,,,false,7
,GrotY{,9,16343,,,false,7
,G`zTzw,0,19416,,,false,7
,G`zTzw,1,16342,,,false,7
,G`zTzw,2,16203,,,false,7
,G`zTzw,3,16552,,,false,7
,G`zTzw,4,16342,,,false,7
,G`zTzw,5,16552,,,false,7
,G`zTzw,6,16133,,,false,7
,G`zTzw,7,16133,,,false,7
,G`zTzw,8,16482,,,false,7
,G`zTzw,9,16342,,,false,7
,GQ}rm[,0,17949,,,false,7
,GQ}rm[,1,16273,,,false,7
,GQ}rm[,2,15784,,,false,7
,GQ}rm[,3,15645,,,false,7
,GQ}rm[,4,15854,,,false,7
,GQ}rm[,5,16134,,,false,7
,GQ}rm[,6,16133,,,false,7
,GQ}rm[,7,15854,,,false,7
,GQ}rm[,8,15993,,,false,7
,GQ}rm[,9,15714,,,false,7
,GqluX{,0,17042,,,false,7
,GqluX{,1,15854,,,false,7
,GqluX{,2,15714,,,false,7
,GqluX{,3,25142,,,false,7
,GqluX{,4,15714,,,false,7
,GqluX{,5,15854,,,false,7
,GqluX{,6,15645,,,false,7
,GqluX{,7,15854,,,false,7
,GqluX{,8,15784,,,false,7
,GqluX{,9,15574,,,false,7
,Grqix{,0,17321,,,false,7
,Grqix{,1,16343,,,false,7
,Grqix{,2,16203,,,false,7
,Grqix{,3,16552,,,false,7
,Grqix{,4,16273,,,false,7
,Grqix{,5,16133,,,false,7
,Grqix{,6,16273,,,false,7
,Grqix{,7,16342,,,false,7
,Grqix{,8,16133,,,false,7
,Grqix{,9,16272,,,false,7
,GRl~Ms,0,18508,,,false,7
,GRl~Ms,1,17251,,,false,7
,GRl~Ms,2,16133,,,false,7
,GRl~Ms,3,15993,,,false,7
,GRl~Ms,4,15854,,,false,7
,GRl~Ms,5,16133,,,false,7
,GRl~Ms,6,15784,,,false,7
,GRl~Ms,7,15714,,,false,7
,GRl~Ms,8,16064,,,false,7
,GRl~Ms,9,15854,,,false,7
,G]`@W{,0,18996,,,false,7
,G]`@W{,1,15853,,,false,7
,G]`@W{,2,15155,,,false,7
,G]`@W{,3,15295,,,false,7
,G]`@W{,4,15086,,,false,7
,G]`@W{,5,15086,,,false,7
,G]`@W{,6,14807,,,false,7
,G]`@W{,7,15155,,,false,7
,G]`@W{,8,14946,,,false,7
,G]`@W{,9,15155,,,false,7
,G?urf[,0,21511,,,false,7
,G?urf[,1,18229,,,false,7
,G?urf[,2,17530,,,false,7
,G?urf[,3,18088,,,false,7
,G?urf[,4,17320,,,false,7
,G?urf[,5,17460,,,false,7
,G?urf[,6,17599,,,false,7
,G?urf[,7,18019,,,false,7
,G?urf[,8,26679,,,false,7
,G?urf[,9,17600,,,false,7
,G?\utk,0,22000,,,false,7
,G?\utk,1,18438,,,false,7
,G?\utk,2,17669,,,false,7
,G?\utk,3,17739,,,false,7
,G?\utk,4,17530,,,false,7
,G?\utk,5,17670,,,false,7
,G?\utk,6,17810,,,false,7
,G?\utk,7,17460,,,false,7
,G?\utk,8,17740,,,false,7
,G?\utk,9,17530,,,false,7
,G@dTJS,0,21022,,,false,7
,G@dTJS,1,17181,,,false,7
,G@dTJS,2,16622,,,false,7
,G@dTJS,3,16761,,,false,7
,G@dTJS,4,17181,,,false,7
,G@dTJS,5,16552,,,false,7
,G@dTJS,6,16761,,,false,7
,G@dTJS,7,16692,,,false,7
,G@dTJS,8,16971,,,false,7
,G@dTJS,9,16622,,,false,7
,G@MQ^?,0,21511,,,false,7
,G@MQ^?,1,18229,,,false,7
,G@MQ^?,2,17530,,,false,7
,G@MQ^?,3,17670,,,false,7
,G@MQ^?,4,17320,,,false,7
,G@MQ^?,5,17111,,,false,7
,G@MQ^?,6,17111,,,false,7
,G@MQ^?,7,17740,,,false,7
,G@MQ^?,8,17530,,,false,7
,G@MQ^?,9,17530,,,false,7
,GGFLbo,0,18438,,,false,7
,GGFLbo,1,16623,,,false,7
,GGFLbo,2,16343,,,false,7
,GGFLbo,3,16133,,,false,7
,GGFLbo,4,15784,,,false,7
,GGFLbo,5,15784,,,false,7
,GGFLbo,6,16133,,,false,7
,GGFLbo,7,15854,,,false,7
,GGFLbo,8,15714,,,false,7
,GGFLbo,9,16133,,,false,7
,GoDPZo,0,28426,,,false,7
,GoDPZo,1,16902,,,false,7
,GoDPZo,2,16343,,,false,7
,GoDPZo,3,16203,,,false,7
,GoDPZo,4,16133,,,false,7
,GoDPZo,5,16343,,,false,7
,GoDPZo,6,15644,,,false,7
,GoDPZo,7,16273,,,false,7
,GoDPZo,8,15714,,,false,7
,GoDPZo,9,16133,,,false,7
,GoDP^o,0,18717,,,false,7
,GoDP^o,1,16483,,,false,7
,GoDP^o,2,15924,,,false,7
,GoDP^o,3,15994,,,false,7
,GoDP^o,4,15924,,,false,7
,GoDP^o,5,16203,,,false,7
,GoDP^o,6,15574,,,false,7
,GoDP^o,7,16272,,,false,7
,GoDP^o,8,15644,,,false,7
,GoDP^o,9,16203,,,false,7
,GqGR[w,0,18438,,,false,7
,GqGR[w,1,16203,,,false,7
,GqGR[w,2,15435,,,false,7
,GqGR[w,3,15155,,,false,7
,GqGR[w,4,15365,,,false,7
,GqGR[w,5,15505,,,false,7
,GqGR[w,6,15295,,,false,7
,GqGR[w,7,15644,,,false,7
,GqGR[w,8,14806,,,false,7
,GqGR[w,9,14876,,,false,7
,Gr`?x[,0,18159,,,false,7
,Gr`?x[,1,15714,,,false,7
,Gr`?x[,2,15155,,,false,7
,Gr`?x[,3,14876,,,false,7
,Gr`?x[,4,15155,,,false,7
,Gr`?x[,5,14876,,,false,7
,Gr`?x[,6,14807,,,false,7
,Gr`?x[,7,14666,,,false,7
,Gr`?x[,8,14806,,,false,7
,Gr`?x[,9,15015,,,false,7
,GqMAXk,0,16133,,,false,7
,GqMAXk,1,14248,,,false,7
,GqMAXk,2,14457,,,false,7
,GqMAXk,3,14178,,,false,7
,GqMAXk,4,14457,,,false,7
,GqMAXk,5,14247,,,false,7
,GqMAXk,6,14318,,,false,7
,GqMAXk,7,14318,,,false,7
,GqMAXk,8,14248,,,false,7
,GqMAXk,9,14457,,,false,7
,G@h^vg,0,21232,,,false,7
,G@h^vg,1,17251,,,false,7
,G@h^vg,2,17041,,,false,7
,G@h^vg,3,16622,,,false,7
,G@h^vg,4,16832,,,false,7
,G@h^vg,5,17531,,,false,7
,G@h^vg,6,16692,,,false,7
,G@h^vg,7,16832,,,false,7
,G@h^vg,8,16134,,,false,7
,G@h^vg,9,16692,,,false,7
,G@X^dw,0,19835,,,false,7
,G@X^dw,1,17181,,,false,7
,G@X^dw,2,16622,,,false,7
,G@X^dw,3,17111,,,false,7
,G@X^dw,4,17251,,,false,7
,G@X^dw,5,17111,,,false,7
,G@X^dw,6,17111,,,false,7
,G@X^dw,7,16832,,,false,7
,G@X^dw,8,17111,,,false,7
,G@X^dw,9,17180,,,false,7
,GCS~~w,0,21441,,,false,7
,GCS~~w,1,18019,,,false,7
,GCS~~w,2,17740,,,false,7
,GCS~~w,3,17530,,,false,7
,GCS~~w,4,17879,,,false,7
,GCS~~w,5,17739,,,false,7
,GCS~~w,6,17530,,,false,7
,GCS~~w,7,17600,,,false,7
,GCS~~w,8,17810,,,false,7
,GCS~~w,9,17600,,,false,7
,GANvS{,0,20463,,,false,7
,GANvS{,1,18229,,,false,7
,GANvS{,2,17530,,,false,7
,GANvS{,3,17111,,,false,7
,GANvS{,4,16692,,,false,7
,GANvS{,5,16902,,,false,7
,GANvS{,6,17321,,,false,7
,GANvS{,7,17111,,,false,7
,GANvS{,8,17041,,,false,7
,GANvS{,9,17321,,,false,7
,GqMAh[,0,26609,,,false,7
,GqMAh[,1,15714,,,false,7
,GqMAh[,2,15365,,,false,7
,GqMAh[,3,15644,,,false,7
,GqMAh[,4,15365,,,false,7
,GqMAh[,5,15086,,,false,7
,GqMAh[,6,14736,,,false,7
,GqMAh[,7,15225,,,false,7
,GqMAh[,8,15295,,,false,7
,GqMAh[,9,15365,,,false,7
,G_}ahk,0,21022,,,false,7
,G_}ahk,1,17739,,,false,7
,G_}ahk,2,17111,,,false,7
,G_}ahk,3,16692,,,false,7
,G_}ahk,4,17251,,,false,7
,G_}ahk,5,16553,,,false,7
,G_}ahk,6,16692,,,false,7
,G_}ahk,7,16622,,,false,7
,G_}ahk,8,16901,,,false,7
,G_}ahk,9,16761,,,false,7
,G@h^e[,0,20463,,,false,7
,G@h^e[,1,17669,,,false,7
,G@h^e[,2,16622,,,false,7
,G@h^e[,3,17041,,,false,7
,G@h^e[,4,16832,,,false,7
,G@h^e[,5,17111,,,false,7
,G@h^e[,6,16552,,,false,7
,G@h^e[,7,17321,,,false,7
,G@h^e[,8,17041,,,false,7
,G@h^e[,9,17530,,,false,7
,GBYk}{,0,20253,,,false,7
,GBYk}{,1,17739,,,false,7
,GBYk}{,2,17809,,,false,7
,GBYk}{,3,17530,,,false,7
,GBYk}{,4,17181,,,false,7
,GBYk}{,5,17251,,,false,7
,GBYk}{,6,17531,,,false,7
,GBYk}{,7,17181,,,false,7
,GBYk}{,8,17321,,,false,7
,GBYk}{,9,17041,,,false,7
,GPpX~k,0,19974,,,false,7
,GPpX~k,1,16971,,,false,7
,GPpX~k,2,16691,,,false,7
,GPpX~k,3,16762,,,false,7
,GPpX~k,4,26190,,,false,7
,GPpX~k,5,16552,,,false,7
,GPpX~k,6,16273,,,false,7
,GPpX~k,7,16273,,,false,7
,GPpX~k,8,16552,,,false,7
,GPpX~k,9,16343,,,false,7
,GWS}|{,0,19415,,,false,7
,GWS}|{,1,17181,,,false,7
,GWS}|{,2,16483,,,false,7
,GWS}|{,3,16273,,,false,7
,GWS}|{,4,16273,,,false,7
,GWS}|{,5,16063,,,false,7
,GWS}|{,6,15784,,,false,7
,GWS}|{,7,16134,,,false,7
,GWS}|{,8,16203,,,false,7
,GWS}|{,9,15854,,,false,7
,G@zZrk,0,20882,,,false,7
,G@zZrk,1,17809,,,false,7
,G@zZrk,2,17391,,,false,7
,G@zZrk,3,17390,,,false,7
,G@zZrk,4,17181,,,false,7
,G@zZrk,5,17041,,,false,7
,G@zZrk,6,16832,,,false,7
,G@zZrk,7,16831,,,false,7
,G@zZrk,8,17041,,,false,7
,G@zZrk,9,16762,,,false,7
,G@lu~w,0,21302,,,false,7
,G@lu~w,1,18019,,,false,7
,G@lu~w,2,17740,,,false,7
,G@lu~w,3,17530,,,false,7
,G@lu~w,4,17530,,,false,7
,G@lu~w,5,17111,,,false,7
,G@lu~w,6,17320,,,false,7
,G@lu~w,7,17739,,,false,7
,G@lu~w,8,17739,,,false,7
,G@lu~w,9,17530,,,false,7
,GEhXrK,0,19626,,,false,7
,GEhXrK,1,16692,,,false,7
,GEhXrK,2,17041,,,false,7
,GEhXrK,3,16342,,,false,7
,GEhXrK,4,16622,,,false,7
,GEhXrK,5,16552,,,false,7
,GEhXrK,6,16692,,,false,7
,GEhXrK,7,15924,,,false,7
,GEhXrK,8,16692,,,false,7
,GEhXrK,9,16343,,,false,7
,GEhax{,0,18647,,,false,7
,GEhax{,1,16762,,,false,7
,GEhax{,2,16622,,,false,7
,GEhax{,3,16203,,,false,7
,GEhax{,4,16762,,,false,7
,GEhax{,5,16133,,,false,7
,GEhax{,6,16831,,,false,7
,GEhax{,7,16063,,,false,7
,GEhax{,8,16482,,,false,7
,GEhax{,9,16203,,,false,7
,GqGZ[{,0,19206,,,false,7
,GqGZ[{,1,16343,,,false,7
,GqGZ[{,2,16552,,,false,7
,GqGZ[{,3,16273,,,false,7
,GqGZ[{,4,16273,,,false,7
,GqGZ[{,5,16204,,,false,7
,GqGZ[{,6,16343,,,false,7
,GqGZ[{,7,16134,,,false,7
,GqGZ[{,8,16203,,,false,7
,GqGZ[{,9,16134,,,false,7
,GpDHzw,0,18717,,,false,7
,GpDHzw,1,16064,,,false,7
,GpDHzw,2,15784,,,false,7
,GpDHzw,3,15854,,,false,7
,GpDHzw,4,15574,,,false,7
,GpDHzw,5,15784,,,false,7
,GpDHzw,6,15714,,,false,7
,GpDHzw,7,15644,,,false,7
,GpDHzw,8,15854,,,false,7
,GpDHzw,9,15644,,,false,7
,GgMP}w,0,18717,,,false,7
,GgMP}w,1,16483,,,false,7
,GgMP}w,2,15784,,,false,7
,GgMP}w,3,16063,,,false,7
,GgMP}w,4,15853,,,false,7
,GgMP}w,5,15854,,,false,7
,GgMP}w,6,15715,,,false,7
,GgMP}w,7,15714,,,false,7
,GgMP}w,8,15854,,,false,7
,GgMP}w,9,16133,,,false,7
,G`hP~w,0,18228,,,false,7
,G`hP~w,1,16133,,,false,7
,G`hP~w,2,24654,,,false,7
,G`hP~w,3,15784,,,false,7
,G`hP~w,4,15993,,,false,7
,G`hP~w,5,15854,,,false,7
,G`hP~w,6,15784,,,false,7
,G`hP~w,7,15644,,,false,7
,G`hP~w,8,15854,,,false,7
,G`hP~w,9,15714,,,false,7
,GRQH}w,0,17321,,,false,7
,GRQH}w,1,16553,,,false,7
,GRQH}w,2,15714,,,false,7
,GRQH}w,3,15853,,,false,7
,GRQH}w,4,15923,,,false,7
,GRQH}w,5,15714,,,false,7
,GRQH}w,6,15994,,,false,7
,GRQH}w,7,15924,,,false,7
,GRQH}w,8,15714,,,false,7
,GRQH}w,9,15644,,,false,7
,GDZDzw,0,18508,,,false,7
,GDZDzw,1,16692,,,false,7
,GDZDzw,2,16413,,,false,7
,GDZDzw,3,16553,,,false,7
,GDZDzw,4,16203,,,false,7
,GDZDzw,5,16831,,,false,7
,GDZDzw,6,16482,,,false,7
,GDZDzw,7,16204,,,false,7
,GDZDzw,8,16483,,,false,7
,GDZDzw,9,16203,,,false,7
,G`ddzw,0,18019,,,false,7
,G`ddzw,1,16761,,,false,7
,G`ddzw,2,16273,,,false,7
,G`ddzw,3,16133,,,false,7
,G`ddzw,4,15854,,,false,7
,G`ddzw,5,15714,,,false,7
,G`ddzw,6,16064,,,false,7
,G`ddzw,7,15854,,,false,7
,G`ddzw,8,16134,,,false,7
,G`ddzw,9,15784,,,false,7
,GoSr~w,0,20184,,,false,7
,GoSr~w,1,17670,,,false,7
,GoSr~w,2,16762,,,false,7
,GoSr~w,3,17111,,,false,7
,GoSr~w,4,16692,,,false,7
,GoSr~w,5,16692,,,false,7
,GoSr~w,6,16622,,,false,7
,GoSr~w,7,25771,,,false,7
,GoSr~w,8,16761,,,false,7
,GoSr~w,9,16692,,,false,7
,GDZDz{,0,19066,,,false,7
,GDZDz{,1,17390,,,false,7
,GDZDz{,2,17181,,,false,7
,GDZDz{,3,17320,,,false,7
,GDZDz{,4,16552,,,false,7
,GDZDz{,5,16762,,,false,7
,GDZDz{,6,17251,,,false,7
,GDZDz{,7,16622,,,false,7
,GDZDz{,8,16692,,,false,7
,GDZDz{,9,16273,,,false,7
,G`ddz{,0,18228,,,false,7
,G`ddz{,1,16971,,,false,7
,G`ddz{,2,16483,,,false,7
,G`ddz{,3,16762,,,false,7
,G`ddz{,4,16553,,,false,7
,G`ddz{,5,16762,,,false,7
,G`ddz{,6,16203,,,false,7
,G`ddz{,7,16133,,,false,7
,G`ddz{,8,16343,,,false,7
,G`ddz{,9,16203,,,false,7
,GDZcy{,0,18229,,,false,7
,GDZcy{,1,16133,,,false,7
,GDZcy{,2,16064,,,false,7
,GDZcy{,3,16413,,,false,7
,GDZcy{,4,15924,,,false,7
,GDZcy{,5,16273,,,false,7
,GDZcy{,6,16552,,,false,7
,GDZcy{,7,16203,,,false,7
,GDZcy{,8,15854,,,false,7
,GDZcy{,9,16133,,,false,7
,GqopW{,0,20114,,,false,7
,GqopW{,1,17111,,,false,7
,GqopW{,2,17111,,,false,7
,GqopW{,3,16831,,,false,7
,GqopW{,4,16552,,,false,7
,GqopW{,5,16762,,,false,7
,GqopW{,6,16553,,,false,7
,GqopW{,7,15994,,,false,7
,GqopW{,8,16343,,,false,7
,GqopW{,9,16552,,,false,7
,GoTXpk,0,19136,,,false,7
,GoTXpk,1,26819,,,false,7
,GoTXpk,2,16204,,,false,7
,GoTXpk,3,16622,,,false,7
,GoTXpk,4,15854,,,false,7
,GoTXpk,5,16134,,,false,7
,GoTXpk,6,16273,,,false,7
,GoTXpk,7,16064,,,false,7
,GoTXpk,8,15505,,,false,7
,GoTXpk,9,16273,,,false,7
,GEhrS{,0,19136,,,false,7
,GEhrS{,1,16831,,,false,7
,GEhrS{,2,16133,,,false,7
,GEhrS{,3,16692,,,false,7
,GEhrS{,4,16761,,,false,7
,GEhrS{,5,17041,,,false,7
,GEhrS{,6,16762,,,false,7
,GEhrS{,7,16761,,,false,7
,GEhrS{,8,16482,,,false,7
,GEhrS{,9,16692,,,false,7
,GMhP[{,0,17250,,,false,7
,GMhP[{,1,15784,,,false,7
,GMhP[{,2,15575,,,false,7
,GMhP[{,3,15435,,,false,7
,GMhP[{,4,15226,,,false,7
,GMhP[{,5,14736,,,false,7
,GMhP[{,6,15225,,,false,7
,GMhP[{,7,15156,,,false,7
,GMhP[{,8,14946,,,false,7
,GMhP[{,9,15156,,,false,7
,GqSpZ{,0,18997,,,false,7
,GqSpZ{,1,16413,,,false,7
,GqSpZ{,2,16413,,,false,7
,GqSpZ{,3,16134,,,false,7
,GqSpZ{,4,16203,,,false,7
,GqSpZ{,5,16342,,,false,7
,GqSpZ{,6,16133,,,false,7
,GqSpZ{,7,15784,,,false,7
,GqSpZ{,8,16273,,,false,7
,GqSpZ{,9,16133,,,false,7
,G`h\rg,0,18298,,,false,7
,G`h\rg,1,16063,,,false,7
,G`h\rg,2,15365,,,false,7
,G`h\rg,3,15575,,,false,7
,G`h\rg,4,15504,,,false,7
,G`h\rg,5,15714,,,false,7
,G`h\rg,6,24724,,,false,7
,G`h\rg,7,15714,,,false,7
,G`h\rg,8,15365,,,false,7
,G`h\rg,9,15645,,,false,7
,GK^@|k,0,18158,,,false,7
,GK^@|k,1,16063,,,false,7
,GK^@|k,2,16203,,,false,7
,GK^@|k,3,15854,,,false,7
,GK^@|k,4,15994,,,false,7
,GK^@|k,5,15784,,,false,7
,GK^@|k,6,15993,,,false,7
,GK^@|k,7,15854,,,false,7
,GK^@|k,8,15644,,,false,7
,GK^@|k,9,15715,,,false,7
,G`Urt[,0,18089,,,false,7
,G`Urt[,1,16203,,,false,7
,G`Urt[,2,15784,,,false,7
,G`Urt[,3,15644,,,false,7
,G`Urt[,4,16273,,,false,7
,G`Urt[,5,15714,,,false,7
,G`Urt[,6,16063,,,false,7
,G`Urt[,7,16203,,,false,7
,G`Urt[,8,16412,,,false,7
,G`Urt[,9,15854,,,false,7
,GqHX~o,0,19416,,,false,7
,GqHX~o,1,16762,,,false,7
,GqHX~o,2,16622,,,false,7
,GqHX~o,3,16622,,,false,7
,GqHX~o,4,16832,,,false,7
,GqHX~o,5,16623,,,false,7
,GqHX~o,6,16552,,,false,7
,GqHX~o,7,16413,,,false,7
,GqHX~o,8,16413,,,false,7
,GqHX~o,9,16203,,,false,7
,GD^Dj[,0,18997,,,false,7
,GD^Dj[,1,17251,,,false,7
,GD^Dj[,2,16622,,,false,7
,GD^Dj[,3,16623,,,false,7
,GD^Dj[,4,16762,,,false,7
,GD^Dj[,5,16622,,,false,7
,GD^Dj[,6,16692,,,false,7
,GD^Dj[,7,16273,,,false,7
,GD^Dj[,8,16064,,,false,7
,GD^Dj[,9,16273,,,false,7
,GDZUX{,0,18298,,,false,7
,GDZUX{,1,16902,,,false,7
,GDZUX{,2,16762,,,false,7
,GDZUX{,3,16692,,,false,7
,GDZUX{,4,16552,,,false,7
,GDZUX{,5,16343,,,false,7
,GDZUX{,6,16692,,,false,7
,GDZUX{,7,16692,,,false,7
,GDZUX{,8,16343,,,false,7
,GDZUX{,9,16622,,,false,7
,G`X\tk,0,18368,,,false,7
,G`X\tk,1,16971,,,false,7
,G`X\tk,2,16134,,,false,7
,G`X\tk,3,16133,,,false,7
,G`X\tk,4,16203,,,false,7
,G`X\tk,5,16343,,,false,7
,G`X\tk,6,16133,,,false,7
,G`X\tk,7,16273,,,false,7
,G`X\tk,8,16273,,,false,7
,G`X\tk,9,16133,,,false,7
,GBhmk{,0,18229,,,false,7
,GBhmk{,1,16622,,,false,7
,GBhmk{,2,15854,,,false,7
,GBhmk{,3,15994,,,false,7
,GBhmk{,4,16133,,,false,7
,GBhmk{,5,15784,,,false,7
,GBhmk{,6,16133,,,false,7
,GBhmk{,7,15854,,,false,7
,GBhmk{,8,16133,,,false,7
,GBhmk{,9,16273,,,false,7
,GdZDz{,0,17600,,,false,7
,GdZDz{,1,16204,,,false,7
,GdZDz{,2,15784,,,false,7
,GdZDz{,3,15644,,,false,7
,GdZDz{,4,15854,,,false,7
,GdZDz{,5,15714,,,false,7
,GdZDz{,6,15644,,,false,7
,GdZDz{,7,15714,,,false,7
,GdZDz{,8,15714,,,false,7
,GdZDz{,9,15365,,,false,7
,GpFjq{,0,18508,,,false,7
,GpFjq{,1,16762,,,false,7
,GpFjq{,2,16203,,,false,7
,GpFjq{,3,16063,,,false,7
,GpFjq{,4,15854,,,false,7
,GpFjq{,5,16133,,,false,7
,GpFjq{,6,26679,,,false,7
,GpFjq{,7,16203,,,false,7
,GpFjq{,8,16203,,,false,7
,GpFjq{,9,16412,,,false,7
,GQqzvk,0,18019,,,false,7
,GQqzvk,1,17111,,,false,7
,GQqzvk,2,16273,,,false,7
,GQqzvk,3,16133,,,false,7
,GQqzvk,4,16203,,,false,7
,GQqzvk,5,15784,,,false,7
,GQqzvk,6,16133,,,false,7
,GQqzvk,7,16342,,,false,7
,GQqzvk,8,16203,,,false,7
,GQqzvk,9,16063,,,false,7
,GJqix{,0,19765,,,false,7
,GJqix{,1,17670,,,false,7
,GJqix{,2,16831,,,false,7
,GJqix{,3,17041,,,false,7
,GJqix{,4,17181,,,false,7
,GJqix{,5,17181,,,false,7
,GJqix{,6,17041,,,false,7
,GJqix{,7,17670,,,false,7
,GJqix{,8,17251,,,false,7
,GJqix{,9,17530,,,false,7
,GJM]^[,0,20952,,,false,7
,GJM]^[,1,18368,,,false,7
,GJM]^[,2,18228,,,false,7
,GJM]^[,3,17739,,,false,7
,GJM]^[,4,17949,,,false,7
,GJM]^[,5,18229,,,false,7
,GJM]^[,6,17740,,,false,7
,GJM]^[,7,18019,,,false,7
,GJM]^[,8,17600,,,false,7
,GJM]^[,9,17739,,,false,7
,GqJ\z{,0,20812,,,false,7
,GqJ\z{,1,18508,,,false,7
,GqJ\z{,2,17670,,,false,7
,GqJ\z{,3,17530,,,false,7
,GqJ\z{,4,17740,,,false,7
,GqJ\z{,5,17669,,,false,7
,GqJ\z{,6,17531,,,false,7
,GqJ\z{,7,17670,,,false,7
,GqJ\z{,8,17251,,,false,7
,GqJ\z{,9,25142,,,false,7
,GcL~v[,0,20114,,,false,7
,GcL~v[,1,18228,,,false,7
,GcL~v[,2,17391,,,false,7
,GcL~v[,3,17600,,,false,7
,GcL~v[,4,17599,,,false,7
,GcL~v[,5,17111,,,false,7
,GcL~v[,6,17740,,,false,7
,GcL~v[,7,17111,,,false,7
,GcL~v[,8,17530,,,false,7
,GcL~v[,9,17739,,,false,7
,GDZ^vw,0,19415,,,false,7
,GDZ^vw,1,17669,,,false,7
,GDZ^vw,2,17809,,,false,7
,GDZ^vw,3,18368,,,false,7
,GDZ^vw,4,17600,,,false,7
,GDZ^vw,5,17111,,,false,7
,GDZ^vw,6,17111,,,false,7
,GDZ^vw,7,17251,,,false,7
,GDZ^vw,8,17111,,,false,7
,GDZ^vw,9,17042,,,false,7
,GMMZ\[,0,19136,,,false,7
,GMMZ\[,1,17042,,,false,7
,GMMZ\[,2,16762,,,false,7
,GMMZ\[,3,16692,,,false,7
,GMMZ\[,4,16553,,,false,7
,GMMZ\[,5,16692,,,false,7
,GMMZ\[,6,16412,,,false,7
,GMMZ\[,7,16412,,,false,7
,GMMZ\[,8,16203,,,false,7
,GMMZ\[,9,16552,,,false,7
,GJMk}[,0,20533,,,false,7
,GJMk}[,1,18438,,,false,7
,GJMk}[,2,17670,,,false,7
,GJMk}[,3,16901,,,false,7
,GJMk}[,4,17531,,,false,7
,GJMk}[,5,17251,,,false,7
,GJMk}[,6,17111,,,false,7
,GJMk}[,7,17391,,,false,7
,GJMk}[,8,17251,,,false,7
,GJMk}[,9,16971,,,false,7
,GqNax{,0,18438,,,false,7
,GqNax{,1,16692,,,false,7
,GqNax{,2,16342,,,false,7
,GqNax{,3,16133,,,false,7
,GqNax{,4,16203,,,false,7
,GqNax{,5,15924,,,false,7
,GqNax{,6,16063,,,false,7
,GqNax{,7,16343,,,false,7
,GqNax{,8,15994,,,false,7
,GqNax{,9,16552,,,false,7
,GDYz~o,0,19904,,,false,7
,GDYz~o,1,17669,,,false,7
,GDYz~o,2,17320,,,false,7
,GDYz~o,3,17041,,,false,7
,GDYz~o,4,17111,,,false,7
,GDYz~o,5,17251,,,false,7
,GDYz~o,6,17042,,,false,7
,GDYz~o,7,17181,,,false,7
,GDYz~o,8,16832,,,false,7
,GDYz~o,9,18368,,,false,7
,G?L?nC,0,25282,,,false,7
,G?L?nC,1,19974,,,false,7
,G?L?nC,2,17949,,,false,7
,G?L?nC,3,18158,,,false,7
,G?L?nC,4,18647,,,false,7
,G?L?nC,5,18019,,,false,7
,G?L?nC,6,18088,,,false,7
,G?L?nC,7,18158,,,false,7
,G?L?nC,8,18507,,,false,7
,G?L?nC,9,18019,,,false,7
,Gq?@Ww,0,22629,,,false,7
,Gq?@Ww,1,18508,,,false,7
,Gq?@Ww,2,17740,,,false,7
,Gq?@Ww,3,18089,,,false,7
,Gq?@Ww,4,18019,,,false,7
,Gq?@Ww,5,17670,,,false,7
,Gq?@Ww,6,18089,,,false,7
,Gq?@Ww,7,18019,,,false,7
,Gq?@Ww,8,17739,,,false,7
,Gq?@Ww,9,18228,,,false,7
,G@?]VK,0,21791,,,false,7
,G@?]VK,1,18717,,,false,7
,G@?]VK,2,26260,,,false,7
,G@?]VK,3,18089,,,false,7
,G@?]VK,4,18088,,,false,7
,G@?]VK,5,17739,,,false,7
,G@?]VK,6,17669,,,false,7
,G@?]VK,7,17530,,,false,7
,G@?]VK,8,17740,,,false,7
,G@?]VK,9,18159,,,false,7
,G@GSY[,0,25213,,,false,7
,G@GSY[,1,20044,,,false,7
,G@GSY[,2,19416,,,false,7
,G@GSY[,3,19067,,,false,7
,G@GSY[,4,19137,,,false,7
,G@GSY[,5,19136,,,false,7
,G@GSY[,6,18926,,,false,7
,G@GSY[,7,19136,,,false,7
,G@GSY[,8,19206,,,false,7
,G@GSY[,9,18578,,,false,7
,GOBAx{,0,21930,,,false,7
,GOBAx{,1,17600,,,false,7
,GOBAx{,2,17390,,,false,7
,GOBAx{,3,17670,,,false,7
,GOBAx{,4,17181,,,false,7
,GOBAx{,5,17041,,,false,7
,GOBAx{,6,17250,,,false,7
,GOBAx{,7,17111,,,false,7
,GOBAx{,8,17111,,,false,7
,GOBAx{,9,16832,,,false,7
,G@GR[{,0,22837,,,false,7
,G@GR[{,1,18577,,,false,7
,G@GR[{,2,18089,,,false,7
,G@GR[{,3,17879,,,false,7
,G@GR[{,4,17809,,,false,7
,G@GR[{,5,17670,,,false,7
,G@GR[{,6,18019,,,false,7
,G@GR[{,7,17670,,,false,7
,G@GR[{,8,17600,,,false,7
,G@GR[{,9,18019,,,false,7
,G@?Z]{,0,22000,,,false,7
,G@?Z]{,1,17740,,,false,7
,G@?Z]{,2,17390,,,false,7
,G@?Z]{,3,26539,,,false,7
,G@?Z]{,4,16762,,,false,7
,G@?Z]{,5,16552,,,false,7
,G@?Z]{,6,16762,,,false,7
,G@?Z]{,7,15853,,,false,7
,G@?Z]{,8,15644,,,false,7
,G@?Z]{,9,17739,,,false,7
,G@CNM[,0,20952,,,false,7
,G@CNM[,1,18019,,,false,7
,G@CNM[,2,17809,,,false,7
,G@CNM[,3,17739,,,false,7
,G@CNM[,4,17460,,,false,7
,G@CNM[,5,17670,,,false,7
,G@CNM[,6,17879,,,false,7
,G@CNM[,7,17670,,,false,7
,G@CNM[,8,17810,,,false,7
,G@CNM[,9,17530,,,false,7
,G?EJZw,0,21581,,,false,7
,G?EJZw,1,18648,,,false,7
,G?EJZw,2,17949,,,false,7
,G?EJZw,3,18159,,,false,7
,G?EJZw,4,17809,,,false,7
,G?EJZw,5,17880,,,false,7
,G?EJZw,6,18089,,,false,7
,G?EJZw,7,17530,,,false,7
,G?EJZw,8,17600,,,false,7
,G?EJZw,9,17740,,,false,7
,G?G^]w,0,20882,,,false,7
,G?G^]w,1,18577,,,false,7
,G?G^]w,2,18159,,,false,7
,G?G^]w,3,18019,,,false,7
,G?G^]w,4,18088,,,false,7
,G?G^]w,5,17809,,,false,7
,G?G^]w,6,17879,,,false,7
,G?G^]w,7,17949,,,false,7
,G?G^]w,8,17669,,,false,7
,G?G^]w,9,18019,,,false,7
,G?EVZ{,0,21581,,,false,7
,G?EVZ{,1,18648,,,false,7
,G?EVZ{,2,18508,,,false,7
,G?EVZ{,3,18159,,,false,7
,G?EVZ{,4,18229,,,false,7
,G?EVZ{,5,25841,,,false,7
,G?EVZ{,6,17879,,,false,7
,G?EVZ{,7,18019,,,false,7
,G?EVZ{,8,18158,,,false,7
,G?EVZ{,9,18019,,,false,7
,GoCAhW,0,20114,,,false,7
,GoCAhW,1,17111,,,false,7
,GoCAhW,2,16692,,,false,7
,GoCAhW,3,16832,,,false,7
,GoCAhW,4,16553,,,false,7
,GoCAhW,5,16622,,,false,7
,GoCAhW,6,16832,,,false,7
,GoCAhW,7,16483,,,false,7
,GoCAhW,8,16273,,,false,7
,GoCAhW,9,16483,,,false,7
,GoCAh[,0,19137,,,false,7
,GoCAh[,1,18089,,,false,7
,GoCAh[,2,17111,,,false,7
,GoCAh[,3,17251,,,false,7
,GoCAh[,4,17111,,,false,7
,GoCAh[,5,17111,,,false,7
,GoCAh[,6,17251,,,false,7
,GoCAh[,7,16133,,,false,7
,GoCAh[,8,15295,,,false,7
,GoCAh[,9,15365,,,false,7
,GA?X^O,0,19974,,,false,7
,GA?X^O,1,16622,,,false,7
,GA?X^O,2,16133,,,false,7
,GA?X^O,3,16273,,,false,7
,GA?X^O,4,15644,,,false,7
,GA?X^O,5,15784,,,false,7
,GA?X^O,6,16203,,,false,7
,GA?X^O,7,15644,,,false,7
,GA?X^O,8,15854,,,false,7
,GA?X^O,9,16133,,,false,7
,G@HCyw,0,21023,,,false,7
,G@HCyw,1,17600,,,false,7
,G@HCyw,2,16902,,,false,7
,G@HCyw,3,16832,,,false,7
,G@HCyw,4,17041,,,false,7
,G@HCyw,5,16622,,,false,7
,G@HCyw,6,16762,,,false,7
,G@HCyw,7,16623,,,false,7
,G@HCyw,8,17181,,,false,7
,G@HCyw,9,24305,,,false,7
,G@BDY{,0,18927,,,false,7
,G@BDY{,1,16832,,,false,7
,G@BDY{,2,15994,,,false,7
,G@BDY{,3,15994,,,false,7
,G@BDY{,4,16273,,,false,7
,G@BDY{,5,15644,,,false,7
,G@BDY{,6,16273,,,false,7
,G@BDY{,7,15644,,,false,7
,G@BDY{,8,15714,,,false,7
,G@BDY{,9,15854,,,false,7
,G@?kyw,0,19137,,,false,7
,G@?kyw,1,17321,,,false,7
,G@?kyw,2,16622,,,false,7
,G@?kyw,3,16203,,,false,7
,G@?kyw,4,16343,,,false,7
,G@?kyw,5,16413,,,false,7
,G@?kyw,6,16203,,,false,7
,G@?kyw,7,17390,,,false,7
,G@?kyw,8,17181,,,false,7
,G@?kyw,9,17250,,,false,7
,G?Ss^{,0,23327,,,false,7
,G?Ss^{,1,19137,,,false,7
,G?Ss^{,2,18717,,,false,7
,G?Ss^{,3,17949,,,false,7
,G?Ss^{,4,18159,,,false,7
,G?Ss^{,5,17809,,,false,7
,G?Ss^{,6,17879,,,false,7
,G?Ss^{,7,18019,,,false,7
,G?Ss^{,8,17670,,,false,7
,G?Ss^{,9,17949,,,false,7
,GA?}TS,0,20114,,,false,7
,GA?}TS,1,17530,,,false,7
,GA?}TS,2,16622,,,false,7
,GA?}TS,3,16762,,,false,7
,GA?}TS,4,16622,,,false,7
,GA?}TS,5,16692,,,false,7
,GA?}TS,6,16413,,,false,7
,GA?}TS,7,16902,,,false,7
,GA?}TS,8,16692,,,false,7
,GA?}TS,9,16482,,,false,7
,G@Aiu[,0,40019,,,false,7
,G@Aiu[,1,18718,,,false,7
,G@Aiu[,2,17530,,,false,7
,G@Aiu[,3,17111,,,false,7
,G@Aiu[,4,16762,,,false,7
,G@Aiu[,5,17041,,,false,7
,G@Aiu[,6,16762,,,false,7
,G@Aiu[,7,16622,,,false,7
,G@Aiu[,8,16902,,,false,7
,G@Aiu[,9,16762,,,false,7
,G?Eja{,0,20463,,,false,7
,G?Eja{,1,17740,,,false,7
,G?Eja{,2,17181,,,false,7
,G?Eja{,3,16552,,,false,7
,G?Eja{,4,17250,,,false,7
,G?Eja{,5,17181,,,false,7
,G?Eja{,6,16552,,,false,7
,G?Eja{,7,16832,,,false,7
,G?Eja{,8,16623,,,false,7
,G?Eja{,9,17041,,,false,7
,G@@ku{,0,19276,,,false,7
,G@@ku{,1,17181,,,false,7
,G@@ku{,2,17251,,,false,7
,G@@ku{,3,16552,,,false,7
,G@@ku{,4,16692,,,false,7
,G@@ku{,5,16343,,,false,7
,G@@ku{,6,16552,,,false,7
,G@@ku{,7,16762,,,false,7
,G@@ku{,8,16692,,,false,7
,G@@ku{,9,16552,,,false,7
,G?ErU{,0,17949,,,false,7
,G?ErU{,1,16972,,,false,7
,G?ErU{,2,16203,,,false,7
,G?ErU{,3,16552,,,false,7
,G?ErU{,4,16343,,,false,7
,G?ErU{,5,16622,,,false,7
,G?ErU{,6,16134,,,false,7
,G?ErU{,7,16343,,,false,7
,G?ErU{,8,16134,,,false,7
,G?ErU{,9,16133,,,false,7
,G@Aiv{,0,18648,,,false,7
,G@Aiv{,1,16902,,,false,7
,G@Aiv{,2,16622,,,false,7
,G@Aiv{,3,16972,,,false,7
,G@Aiv{,4,26190,,,false,7
,G@Aiv{,5,16342,,,false,7
,G@Aiv{,6,16273,,,false,7
,G@Aiv{,7,16063,,,false,7
,G@Aiv{,8,16343,,,false,7
,G@Aiv{,9,16692,,,false,7
,G?C}^k,0,19136,,,false,7
,G?C}^k,1,17739,,,false,7
,G?C}^k,2,16553,,,false,7
,G?C}^k,3,16413,,,false,7
,G?C}^k,4,16483,,,false,7
,G?C}^k,5,16343,,,false,7
,G?C}^k,6,16692,,,false,7
,G?C}^k,7,16552,,,false,7
,G?C}^k,8,16762,,,false,7
,G?C}^k,9,16622,,,false,7
,G?Hszs,0,20114,,,false,7
,G?Hszs,1,17181,,,false,7
,G?Hszs,2,17041,,,false,7
,G?Hszs,3,17251,,,false,7
,G?Hszs,4,17111,,,false,7
,G?Hszs,5,16971,,,false,7
,G?Hszs,6,17181,,,false,7
,G?Hszs,7,16901,,,false,7
,G?Hszs,8,16831,,,false,7
,G?Hszs,9,17180,,,false,7
,G?FRX{,0,19067,,,false,7
,G?FRX{,1,17250,,,false,7
,G?FRX{,2,17041,,,false,7
,G?FRX{,3,16692,,,false,7
,G?FRX{,4,16831,,,false,7
,G?FRX{,5,17111,,,false,7
,G?FRX{,6,16762,,,false,7
,G?FRX{,7,16971,,,false,7
,G?FRX{,8,16971,,,false,7
,G?FRX{,9,16762,,,false,7
,G?Er]{,0,18927,,,false,7
,G?Er]{,1,17740,,,false,7
,G?Er]{,2,17670,,,false,7
,G?Er]{,3,17042,,,false,7
,G?Er]{,4,17670,,,false,7
,G?Er]{,5,17181,,,false,7
,G?Er]{,6,17530,,,false,7
,G?Er]{,7,17320,,,false,7
,G?Er]{,8,26539,,,false,7
,G?Er]{,9,17391,,,false,7
,G_?|Qs,0,19625,,,false,7
,G_?|Qs,1,17111,,,false,7
,G_?|Qs,2,16692,,,false,7
,G_?|Qs,3,16831,,,false,7
,G_?|Qs,4,16552,,,false,7
,G_?|Qs,5,16692,,,false,7
,G_?|Qs,6,16901,,,false,7
,G_?|Qs,7,16552,,,false,7
,G_?|Qs,8,16762,,,false,7
,G_?|Qs,9,16552,,,false,7
,G_?ytK,0,19206,,,false,7
,G_?ytK,1,17530,,,false,7
,G_?ytK,2,17111,,,false,7
,G_?ytK,3,16762,,,false,7
,G_?ytK,4,17111,,,false,7
,G_?ytK,5,17041,,,false,7
,G_?ytK,6,16692,,,false,7
,G_?ytK,7,17250,,,false,7
,G_?ytK,8,16552,,,false,7
,G_?ytK,9,16273,,,false,7
,G?O|fo,0,18857,,,false,7
,G?O|fo,1,16692,,,false,7
,G?O|fo,2,16482,,,false,7
,G?O|fo,3,16273,,,false,7
,G?O|fo,4,16342,,,false,7
,G?O|fo,5,16133,,,false,7
,G?O|fo,6,15854,,,false,7
,G?O|fo,7,16203,,,false,7
,G?O|fo,8,16203,,,false,7
,G?O|fo,9,16343,,,false,7
,GGAXu[,0,18507,,,false,7
,GGAXu[,1,15923,,,false,7
,GGAXu[,2,15993,,,false,7
,GGAXu[,3,15714,,,false,7
,GGAXu[,4,16064,,,false,7
,GGAXu[,5,15784,,,false,7
,GGAXu[,6,15854,,,false,7
,GGAXu[,7,16063,,,false,7
,GGAXu[,8,15784,,,false,7
,GGAXu[,9,15784,,,false,7
,G_Aix{,0,19066,,,false,7
,G_Aix{,1,25701,,,false,7
,G_Aix{,2,16412,,,false,7
,G_Aix{,3,16901,,,false,7
,G_Aix{,4,16692,,,false,7
,G_Aix{,5,16482,,,false,7
,G_Aix{,6,16273,,,false,7
,G_Aix{,7,15784,,,false,7
,G_Aix{,8,16553,,,false,7
,G_Aix{,9,16273,,,false,7
,G?HXvk,0,19416,,,false,7
,G?HXvk,1,17181,,,false,7
,G?HXvk,2,16762,,,false,7
,G?HXvk,3,15644,,,false,7
,G?HXvk,4,16343,,,false,7
,G?HXvk,5,16203,,,false,7
,G?HXvk,6,16971,,,false,7
,G?HXvk,7,16692,,,false,7
,G?HXvk,8,16133,,,false,7
,G?HXvk,9,16343,,,false,7
,G?K]Nc,0,22279,,,false,7
,G?K]Nc,1,19066,,,false,7
,G?K]Nc,2,17670,,,false,7
,G?K]Nc,3,17600,,,false,7
,G?K]Nc,4,17530,,,false,7
,G?K]Nc,5,17740,,,false,7
,G?K]Nc,6,17600,,,false,7
,G?K]Nc,7,17461,,,false,7
,G?K]Nc,8,17670,,,false,7
,G?K]Nc,9,17880,,,false,7
,GCCZ^K,0,22000,,,false,7
,GCCZ^K,1,18578,,,false,7
,GCCZ^K,2,17949,,,false,7
,GCCZ^K,3,17740,,,false,7
,GCCZ^K,4,17669,,,false,7
,GCCZ^K,5,18019,,,false,7
,GCCZ^K,6,17320,,,false,7
,GCCZ^K,7,17740,,,false,7
,GCCZ^K,8,17949,,,false,7
,GCCZ^K,9,17669,,,false,7
,GC_Zj[,0,20324,,,false,7
,GC_Zj[,1,18159,,,false,7
,GC_Zj[,2,17740,,,false,7
,GC_Zj[,3,18019,,,false,7
,GC_Zj[,4,26191,,,false,7
,GC_Zj[,5,17670,,,false,7
,GC_Zj[,6,17740,,,false,7
,GC_Zj[,7,17530,,,false,7
,GC_Zj[,8,17669,,,false,7
,GC_Zj[,9,18089,,,false,7
,G@G^Uk,0,19765,,,false,7
,G@G^Uk,1,18159,,,false,7
,G@G^Uk,2,17530,,,false,7
,G@G^Uk,3,17180,,,false,7
,G@G^Uk,4,17250,,,false,7
,G@G^Uk,5,17530,,,false,7
,G@G^Uk,6,17670,,,false,7
,G@G^Uk,7,17740,,,false,7
,G@G^Uk,8,17530,,,false,7
,G@G^Uk,9,17669,,,false,7
,GGKQK[,0,22140,,,false,7
,GGKQK[,1,17740,,,false,7
,GGKQK[,2,16692,,,false,7
,GGKQK[,3,16553,,,false,7
,GGKQK[,4,16273,,,false,7
,GGKQK[,5,16133,,,false,7
,GGKQK[,6,16553,,,false,7
,GGKQK[,7,16273,,,false,7
,GGKQK[,8,16622,,,false,7
,GGKQK[,9,16133,,,false,7
,GGDPS{,0,19416,,,false,7
,GGDPS{,1,16133,,,false,7
,GGDPS{,2,16203,,,false,7
,GGDPS{,3,15435,,,false,7
,GGDPS{,4,15854,,,false,7
,GGDPS{,5,15644,,,false,7
,GGDPS{,6,15784,,,false,7
,GGDPS{,7,15714,,,false,7
,GGDPS{,8,15645,,,false,7
,GGDPS{,9,15365,,,false,7
,GAOpS{,0,20812,,,false,7
,GAOpS{,1,18088,,,false,7
,GAOpS{,2,17320,,,false,7
,GAOpS{,3,16902,,,false,7
,GAOpS{,4,17111,,,false,7
,GAOpS{,5,16622,,,false,7
,GAOpS{,6,17111,,,false,7
,GAOpS{,7,25771,,,false,7
,GAOpS{,8,17321,,,false,7
,GAOpS{,9,16622,,,false,7
,GI?gt{,0,20603,,,false,7
,GI?gt{,1,18088,,,false,7
,GI?gt{,2,16552,,,false,7
,GI?gt{,3,16762,,,false,7
,GI?gt{,4,16902,,,false,7
,GI?gt{,5,16552,,,false,7
,GI?gt{,6,17180,,,false,7
,GI?gt{,7,17041,,,false,7
,GI?gt{,8,16762,,,false,7
,GI?gt{,9,16692,,,false,7
,GI?gv{,0,19555,,,false,7
,GI?gv{,1,17739,,,false,7
,GI?gv{,2,17530,,,false,7
,GI?gv{,3,17251,,,false,7
,GI?gv{,4,17321,,,false,7
,GI?gv{,5,17391,,,false,7
,GI?gv{,6,17600,,,false,7
,GI?gv{,7,17530,,,false,7
,GI?gv{,8,17181,,,false,7
,GI?gv{,9,17251,,,false,7
,GAHco{,0,19905,,,false,7
,GAHco{,1,16762,,,false,7
,GAHco{,2,16203,,,false,7
,GAHco{,3,16623,,,false,7
,GAHco{,4,16273,,,false,7
,GAHco{,5,16064,,,false,7
,GAHco{,6,16622,,,false,7
,GAHco{,7,16343,,,false,7
,GAHco{,8,15994,,,false,7
,GAHco{,9,16203,,,false,7
,G@P_|s,0,18927,,,false,7
,G@P_|s,1,17251,,,false,7
,G@P_|s,2,16762,,,false,7
,G@P_|s,3,16622,,,false,7
,G@P_|s,4,16762,,,false,7
,G@P_|s,5,16203,,,false,7
,G@P_|s,6,16552,,,false,7
,G@P_|s,7,16343,,,false,7
,G@P_|s,8,16623,,,false,7
,G@P_|s,9,16133,,,false,7
,GGHSsw,0,31777,,,false,7
,GGHSsw,1,18438,,,false,7
,GGHSsw,2,17670,,,false,7
,GGHSsw,3,17740,,,false,7
,GGHSsw,4,17530,,,false,7
,GGHSsw,5,17600,,,false,7
,GGHSsw,6,17250,,,false,7
,GGHSsw,7,17530,,,false,7
,GGHSsw,8,17600,,,false,7
,GGHSsw,9,17321,,,false,7
,GGO\dw,0,21301,,,false,7
,GGO\dw,1,18717,,,false,7
,GGO\dw,2,17530,,,false,7
,GGO\dw,3,17670,,,false,7
,GGO\dw,4,17740,,,false,7
,GGO\dw,5,17600,,,false,7
,GGO\dw,6,17181,,,false,7
,GGO\dw,7,17250,,,false,7
,GGO\dw,8,17530,,,false,7
,GGO\dw,9,17181,,,false,7
,G@IQ]{,0,21651,,,false,7
,G@IQ]{,1,17949,,,false,7
,G@IQ]{,2,17739,,,false,7
,G@IQ]{,3,17460,,,false,7
,G@IQ]{,4,17670,,,false,7
,G@IQ]{,5,17740,,,false,7
,G@IQ]{,6,17600,,,false,7
,G@IQ]{,7,17669,,,false,7
,G@IQ]{,8,17250,,,false,7
,G@IQ]{,9,17530,,,false,7
,G@DJ\w,0,22559,,,false,7
,G@DJ\w,1,18647,,,false,7
,G@DJ\w,2,17950,,,false,7
,G@DJ\w,3,17670,,,false,7
,G@DJ\w,4,17461,,,false,7
,G@DJ\w,5,17600,,,false,7
,G@DJ\w,6,17251,,,false,7
,G@DJ\w,7,17111,,,false,7
,G@DJ\w,8,17181,,,false,7
,G@DJ\w,9,17739,,,false,7
,G@Ok}w,0,19416,,,false,7
,G@Ok}w,1,16762,,,false,7
,G@Ok}w,2,24515,,,false,7
,G@Ok}w,3,15994,,,false,7
,G@Ok}w,4,16133,,,false,7
,G@Ok}w,5,16203,,,false,7
,G@Ok}w,6,16203,,,false,7
,G@Ok}w,7,15854,,,false,7
,G@Ok}w,8,16133,,,false,7
,G@Ok}w,9,15784,,,false,7
,G@EJZw,0,20883,,,false,7
,G@EJZw,1,18019,,,false,7
,G@EJZw,2,17809,,,false,7
,G@EJZw,3,18019,,,false,7
,G@EJZw,4,17530,,,false,7
,G@EJZw,5,17669,,,false,7
,G@EJZw,6,17879,,,false,7
,G@EJZw,7,17250,,,false,7
,G@EJZw,8,17250,,,false,7
,G@EJZw,9,17530,,,false,7
,G@DdY{,0,21441,,,false,7
,G@DdY{,1,18507,,,false,7
,G@DdY{,2,18507,,,false,7
,G@DdY{,3,17739,,,false,7
,G@DdY{,4,18159,,,false,7
,G@DdY{,5,17949,,,false,7
,G@DdY{,6,17600,,,false,7
,G@DdY{,7,17390,,,false,7
,G@DdY{,8,18089,,,false,7
,G@DdY{,9,17740,,,false,7
,G?XTtg,0,21372,,,false,7
,G?XTtg,1,18159,,,false,7
,G?XTtg,2,17670,,,false,7
,G?XTtg,3,17041,,,false,7
,G?XTtg,4,17670,,,false,7
,G?XTtg,5,17251,,,false,7
,G?XTtg,6,17531,,,false,7
,G?XTtg,7,17739,,,false,7
,G?XTtg,8,17530,,,false,7
,G?XTtg,9,17390,,,false,7
,G?XTtk,0,19626,,,false,7
,G?XTtk,1,18508,,,false,7
,G?XTtk,2,18159,,,false,7
,G?XTtk,3,17740,,,false,7
,G?XTtk,4,17530,,,false,7
,G?XTtk,5,26679,,,false,7
,G?XTtk,6,17670,,,false,7
,G?XTtk,7,17810,,,false,7
,G?XTtk,8,17390,,,false,7
,G?XTtk,9,17600,,,false,7
,G?Sr^w,0,22280,,,false,7
,G?Sr^w,1,19136,,,false,7
,G?Sr^w,2,18158,,,false,7
,G?Sr^w,3,17600,,,false,7
,G?Sr^w,4,17600,,,false,7
,G?Sr^w,5,17740,,,false,7
,G?Sr^w,6,17600,,,false,7
,G?Sr^w,7,17530,,,false,7
,G?Sr^w,8,17740,,,false,7
,G?Sr^w,9,17949,,,false,7
,G?XP~k,0,21511,,,false,7
,G?XP~k,1,18438,,,false,7
,G?XP~k,2,17530,,,false,7
,G?XP~k,3,17740,,,false,7
,G?XP~k,4,17670,,,false,7
,G?XP~k,5,17600,,,false,7
,G?XP~k,6,17739,,,false,7
,G?XP~k,7,17670,,,false,7
,G?XP~k,8,17041,,,false,7
,G?XP~k,9,17740,,,false,7
,G??guK,0,45606,,,false,3
,G??guK,1,39041,,,false,3
,G??guK,2,37295,,,false,3
,G??guK,3,36177,,,false,3
,G??guK,4,36666,,,false,3
,G??guK,5,35759,,,false,3
,G??guK,6,35130,,,false,3
,G??guK,7,35618,,,false,3
,G??guK,8,35688,,,false,3
,G??guK,9,44279,,,false,3
,G@EIzw,0,23327,,,false,7
,G@EIzw,1,18718,,,false,7
,G@EIzw,2,17670,,,false,7
,G@EIzw,3,17879,,,false,7
,G@EIzw,4,17600,,,false,7
,G@EIzw,5,17390,,,false,7
,G@EIzw,6,17669,,,false,7
,G@EIzw,7,17251,,,false,7
,G@EIzw,8,17600,,,false,7
,G@EIzw,9,17670,,,false,7
,G?UP~K,0,21930,,,false,7
,G?UP~K,1,18507,,,false,7
,G?UP~K,2,17740,,,false,7
,G?UP~K,3,17251,,,false,7
,G?UP~K,4,17460,,,false,7
,G?UP~K,5,17181,,,false,7
,G?UP~K,6,17879,,,false,7
,G?UP~K,7,17669,,,false,7
,G?UP~K,8,17739,,,false,7
,G?UP~K,9,17600,,,false,7
,GCDH~[,0,22000,,,false,7
,GCDH~[,1,18648,,,false,7
,GCDH~[,2,17530,,,false,7
,GCDH~[,3,17180,,,false,7
,GCDH~[,4,16831,,,false,7
,GCDH~[,5,17390,,,false,7
,GCDH~[,6,18019,,,false,7
,GCDH~[,7,17530,,,false,7
,GCDH~[,8,17670,,,false,7
,GCDH~[,9,17739,,,false,7
,G?Ss~[,0,20812,,,false,7
,G?Ss~[,1,18159,,,false,7
,G?Ss~[,2,17321,,,false,7
,G?Ss~[,3,17600,,,false,7
,G?Ss~[,4,17530,,,false,7
,G?Ss~[,5,17320,,,false,7
,G?Ss~[,6,17041,,,false,7
,G?Ss~[,7,17530,,,false,7
,G?Ss~[,8,17669,,,false,7
,G?Ss~[,9,17390,,,false,7
,GAG[~{,0,20464,,,false,7
,GAG[~{,1,17251,,,false,7
,GAG[~{,2,16622,,,false,7
,GAG[~{,3,16203,,,false,7
,GAG[~{,4,16762,,,false,7
,GAG[~{,5,16552,,,false,7
,GAG[~{,6,16203,,,false,7
,GAG[~{,7,16832,,,false,7
,GAG[~{,8,16901,,,false,7
,GAG[~{,9,16203,,,false,7
,GAHe|{,0,19974,,,false,7
,GAHe|{,1,17250,,,false,7
,GAHe|{,2,16692,,,false,7
,GAHe|{,3,17111,,,false,7
,GAHe|{,4,16832,,,false,7
,GAHe|{,5,16692,,,false,7
,GAHe|{,6,16552,,,false,7
,GAHe|{,7,16762,,,false,7
,GAHe|{,8,16553,,,false,7
,GAHe|{,9,16692,,,false,7
,G@Om|w,0,19277,,,false,7
,G@Om|w,1,16902,,,false,7
,G@Om|w,2,16692,,,false,7
,G@Om|w,3,16064,,,false,7
,G@Om|w,4,16273,,,false,7
,G@Om|w,5,16133,,,false,7
,G@Om|w,6,16203,,,false,7
,G@Om|w,7,16273,,,false,7
,G@Om|w,8,16133,,,false,7
,G@Om|w,9,16343,,,false,7
,GAG]|w,0,18368,,,false,7
,GAG]|w,1,16692,,,false,7
,GAG]|w,2,16483,,,false,7
,GAG]|w,3,16203,,,false,7
,GAG]|w,4,16272,,,false,7
,GAG]|w,5,16552,,,false,7
,GAG]|w,6,16342,,,false,7
,GAG]|w,7,16133,,,false,7
,GAG]|w,8,16622,,,false,7
,GAG]|w,9,16343,,,false,7
,G?Sv^w,0,21790,,,false,7
,G?Sv^w,1,18507,,,false,7
,G?Sv^w,2,18228,,,false,7
,G?Sv^w,3,26958,,,false,7
,G?Sv^w,4,17810,,,false,7
,G?Sv^w,5,18229,,,false,7
,G?Sv^w,6,17321,,,false,7
,G?Sv^w,7,17530,,,false,7
,G?Sv^w,8,17669,,,false,7
,G?Sv^w,9,17739,,,false,7
,G@G]UK,0,21441,,,false,7
,G@G]UK,1,17810,,,false,7
,G@G]UK,2,17111,,,false,7
,G@G]UK,3,17460,,,false,7
,G@G]UK,4,17111,,,false,7
,G@G]UK,5,16901,,,false,7
,G@G]UK,6,17809,,,false,7
,G@G]UK,7,17181,,,false,7
,G@G]UK,8,17530,,,false,7
,G@G]UK,9,17251,,,false,7
,G?KuMs,0,21302,,,false,7
,G?KuMs,1,17670,,,false,7
,G?KuMs,2,17740,,,false,7
,G?KuMs,3,17041,,,false,7
,G?KuMs,4,17111,,,false,7
,G?KuMs,5,17181,,,false,7
,G?KuMs,6,16971,,,false,7
,G?KuMs,7,17251,,,false,7
,G?KuMs,8,16552,,,false,7
,G?KuMs,9,17111,,,false,7
,G@G[yw,0,20533,,,false,7
,G@G[yw,1,18019,,,false,7
,G@G[yw,2,17180,,,false,7
,G@G[yw,3,17181,,,false,7
,G@G[yw,4,16552,,,false,7
,G@G[yw,5,16342,,,false,7
,G@G[yw,6,16901,,,false,7
,G@G[yw,7,17041,,,false,7
,G@G[yw,8,16692,,,false,7
,G@G[yw,9,17041,,,false,7
,GAKs][,0,20533,,,false,7
,GAKs][,1,17111,,,false,7
,GAKs][,2,16622,,,false,7
,GAKs][,3,16343,,,false,7
,GAKs][,4,16063,,,false,7
,GAKs][,5,16692,,,false,7
,GAKs][,6,24444,,,false,7
,GAKs][,7,16272,,,false,7
,GAKs][,8,16482,,,false,7
,GAKs][,9,16272,,,false,7
,G@IYu{,0,20603,,,false,7
,G@IYu{,1,18229,,,false,7
,G@IYu{,2,17600,,,false,7
,G@IYu{,3,17669,,,false,7
,G@IYu{,4,17250,,,false,7
,G@IYu{,5,17041,,,false,7
,G@IYu{,6,17600,,,false,7
,G@IYu{,7,17251,,,false,7
,G@IYu{,8,17042,,,false,7
,G@IYu{,9,17670,,,false,7
,GAKuZ[,0,20742,,,false,7
,GAKuZ[,1,17739,,,false,7
,GAKuZ[,2,16273,,,false,7
,GAKuZ[,3,16552,,,false,7
,GAKuZ[,4,16273,,,false,7
,GAKuZ[,5,17111,,,false,7
,GAKuZ[,6,17111,,,false,7
,GAKuZ[,7,16761,,,false,7
,GAKuZ[,8,17181,,,false,7
,GAKuZ[,9,17111,,,false,7
,GAKu\[,0,19276,,,false,7
,GAKu\[,1,17460,,,false,7
,GAKu\[,2,17251,,,false,7
,GAKu\[,3,17041,,,false,7
,GAKu\[,4,17250,,,false,7
,GAKu\[,5,16762,,,false,7
,GAKu\[,6,17111,,,false,7
,GAKu\[,7,16691,,,false,7
,GAKu\[,8,16762,,,false,7
,GAKu\[,9,16552,,,false,7
,GCKr]W,0,20184,,,false,7
,GCKr]W,1,17460,,,false,7
,GCKr]W,2,16482,,,false,7
,GCKr]W,3,16692,,,false,7
,GCKr]W,4,16622,,,false,7
,GCKr]W,5,16342,,,false,7
,GCKr]W,6,16622,,,false,7
,GCKr]W,7,16622,,,false,7
,GCKr]W,8,16342,,,false,7
,GCKr]W,9,16622,,,false,7
,GADl\s,0,22419,,,false,7
,GADl\s,1,18648,,,false,7
,GADl\s,2,17740,,,false,7
,GADl\s,3,17879,,,false,7
,GADl\s,4,17599,,,false,7
,GADl\s,5,17460,,,false,7
,GADl\s,6,17600,,,false,7
,GADl\s,7,17739,,,false,7
,GADl\s,8,18088,,,false,7
,GADl\s,9,17600,,,false,7
,G@G}m[,0,20533,,,false,7
,G@G}m[,1,18019,,,false,7
,G@G}m[,2,17739,,,false,7
,G@G}m[,3,17320,,,false,7
,G@G}m[,4,17879,,,false,7
,G@G}m[,5,18089,,,false,7
,G@G}m[,6,18019,,,false,7
,G@G}m[,7,17600,,,false,7
,G@G}m[,8,17740,,,false,7
,G@G}m[,9,17600,,,false,7
,Go@Xz{,0,21022,,,false,7
,Go@Xz{,1,17740,,,false,7
,Go@Xz{,2,17949,,,false,7
,Go@Xz{,3,17181,,,false,7
,Go@Xz{,4,17390,,,false,7
,Go@Xz{,5,17390,,,false,7
,Go@Xz{,6,17181,,,false,7
,Go@Xz{,7,17530,,,false,7
,Go@Xz{,8,17600,,,false,7
,Go@Xz{,9,17250,,,false,7
,G@K]m[,0,19486,,,false,7
,G@K]m[,1,17250,,,false,7
,G@K]m[,2,17670,,,false,7
,G@K]m[,3,17111,,,false,7
,G@K]m[,4,16762,,,false,7
,G@K]m[,5,17111,,,false,7
,G@K]m[,6,17041,,,false,7
,G@K]m[,7,16971,,,false,7
,G@K]m[,8,16902,,,false,7
,G@K]m[,9,16832,,,false,7
,G?S~Bc,0,20952,,,false,7
,G?S~Bc,1,26120,,,false,7
,G?S~Bc,2,17181,,,false,7
,G?S~Bc,3,16762,,,false,7
,G?S~Bc,4,16623,,,false,7
,G?S~Bc,5,16692,,,false,7
,G?S~Bc,6,16902,,,false,7
,G?S~Bc,7,16134,,,false,7
,G?S~Bc,8,16343,,,false,7
,G?S~Bc,9,16972,,,false,7
,GANDG{,0,20114,,,false,7
,GANDG{,1,16133,,,false,7
,GANDG{,2,15715,,,false,7
,GANDG{,3,15854,,,false,7
,GANDG{,4,16064,,,false,7
,GANDG{,5,15784,,,false,7
,GANDG{,6,15714,,,false,7
,GANDG{,7,15574,,,false,7
,GANDG{,8,15853,,,false,7
,GANDG{,9,16063,,,false,7
,GDHG~K,0,20952,,,false,7
,GDHG~K,1,17879,,,false,7
,GDHG~K,2,17390,,,false,7
,GDHG~K,3,17180,,,false,7
,GDHG~K,4,16552,,,false,7
,GDHG~K,5,16762,,,false,7
,GDHG~K,6,16692,,,false,7
,GDHG~K,7,17111,,,false,7
,GDHG~K,8,16832,,,false,7
,GDHG~K,9,16622,,,false,7
,GCDhvK,0,21441,,,false,7
,GCDhvK,1,18508,,,false,7
,GCDhvK,2,17390,,,false,7
,GCDhvK,3,17321,,,false,7
,GCDhvK,4,17041,,,false,7
,GCDhvK,5,17600,,,false,7
,GCDhvK,6,17739,,,false,7
,GCDhvK,7,17111,,,false,7
,GCDhvK,8,17600,,,false,7
,GCDhvK,9,16762,,,false,7
,G?czb[,0,34780,,,false,7
,G?czb[,1,29822,,,false,7
,G?czb[,2,28565,,,false,7
,G?czb[,3,35688,,,false,7
,G?czb[,4,27726,,,false,7
,G?czb[,5,27587,,,false,7
,G?czb[,6,28076,,,false,7
,G?czb[,7,27657,,,false,7
,G?czb[,8,27727,,,false,7
,G?czb[,9,28216,,,false,7
,G?L\f[,0,21161,,,false,7
,G?L\f[,1,18228,,,false,7
,G?L\f[,2,18228,,,false,7
,G?L\f[,3,17530,,,false,7
,G?L\f[,4,18159,,,false,7
,G?L\f[,5,17739,,,false,7
,G?L\f[,6,18019,,,false,7
,G?L\f[,7,17530,,,false,7
,G?L\f[,8,17740,,,false,7
,G?L\f[,9,18019,,,false,7
,G?Yq|s,0,21441,,,false,7
,G?Yq|s,1,17949,,,false,7
,G?Yq|s,2,17181,,,false,7
,G?Yq|s,3,17321,,,false,7
,G?Yq|s,4,16552,,,false,7
,G?Yq|s,5,16762,,,false,7
,G?Yq|s,6,16762,,,false,7
,G?Yq|s,7,16623,,,false,7
,G?Yq|s,8,16692,,,false,7
,G?Yq|s,9,16692,,,false,7
,G?cznK,0,20044,,,false,7
,G?cznK,1,17530,,,false,7
,G?cznK,2,16971,,,false,7
,G?cznK,3,16762,,,false,7
,G?cznK,4,16482,,,false,7
,G?cznK,5,16692,,,false,7
,G?cznK,6,16831,,,false,7
,G?cznK,7,16552,,,false,7
,G?cznK,8,16692,,,false,7
,G?cznK,9,17250,,,false,7
,G?V`~s,0,19905,,,false,7
,G?V`~s,1,17740,,,false,7
,G?V`~s,2,16971,,,false,7
,G?V`~s,3,17391,,,false,7
,G?V`~s,4,16832,,,false,7
,G?V`~s,5,16762,,,false,7
,G?V`~s,6,17041,,,false,7
,G?V`~s,7,17250,,,false,7
,G?V`~s,8,17111,,,false,7
,G?V`~s,9,17111,,,false,7
,G?@Htk,0,18647,,,false,7
,G?@Htk,1,16064,,,false,7
,G?@Htk,2,15854,,,false,7
,G?@Htk,3,15155,,,false,7
,G?@Htk,4,15714,,,false,7
,G?@Htk,5,15155,,,false,7
,G?@Htk,6,15504,,,false,7
,G?@Htk,7,15295,,,false,7
,G?@Htk,8,15644,,,false,7
,G?@Htk,9,15365,,,false,7
,G?hZlk,0,20813,,,false,7
,G?hZlk,1,18159,,,false,7
,G?hZlk,2,17740,,,false,7
,G?hZlk,3,17530,,,false,7
,G?hZlk,4,17250,,,false,7
,G?hZlk,5,17321,,,false,7
,G?hZlk,6,17390,,,false,7
,G?hZlk,7,17111,,,false,7
,G?hZlk,8,17530,,,false,7
,G?hZlk,9,17600,,,false,7
,G?h\rk,0,20533,,,false,7
,G?h\rk,1,18508,,,false,7
,G?h\rk,2,18159,,,false,7
,G?h\rk,3,17740,,,false,7
,G?h\rk,4,18019,,,false,7
,G?h\rk,5,17599,,,false,7
,G?h\rk,6,17809,,,false,7
,G?h\rk,7,17390,,,false,7
,G?h\rk,8,17600,,,false,7
,G?h\rk,9,17530,,,false,7
,G?ozn{,0,21441,,,false,7
,G?ozn{,1,18717,,,false,7
,G?ozn{,2,18158,,,false,7
,G?ozn{,3,18019,,,false,7
,G?ozn{,4,17669,,,false,7
,G?ozn{,5,17739,,,false,7
,G?ozn{,6,27168,,,false,7
,G?ozn{,7,17949,,,false,7
,G?ozn{,8,18228,,,false,7
,G?ozn{,9,18018,,,false,7
,G?LuZs,0,21581,,,false,7
,G?LuZs,1,18229,,,false,7
,G?LuZs,2,17530,,,false,7
,G?LuZs,3,18158,,,false,7
,G?LuZs,4,17739,,,false,7
,G?LuZs,5,17530,,,false,7
,G?LuZs,6,18159,,,false,7
,G?LuZs,7,17810,,,false,7
,G?LuZs,8,17530,,,false,7
,G?LuZs,9,17600,,,false,7
,G?Mi~k,0,21232,,,false,7
,G?Mi~k,1,18578,,,false,7
,G?Mi~k,2,17809,,,false,7
,G?Mi~k,3,18019,,,false,7
,G?Mi~k,4,18089,,,false,7
,G?Mi~k,5,18089,,,false,7
,G?Mi~k,6,17739,,,false,7
,G?Mi~k,7,17530,,,false,7
,G?Mi~k,8,17600,,,false,7
,G?Mi~k,9,17879,,,false,7
,GAEj|w,0,21301,,,false,7
,GAEj|w,1,18647,,,false,7
,GAEj|w,2,17531,,,false,7
,GAEj|w,3,17669,,,false,7
,GAEj|w,4,17740,,,false,7
,GAEj|w,5,17600,,,false,7
,GAEj|w,6,17600,,,false,7
,GAEj|w,7,17809,,,false,7
,GAEj|w,8,17600,,,false,7
,GAEj|w,9,17530,,,false,7
,G?Mz~k,0,21930,,,false,7
,G?Mz~k,1,18787,,,false,7
,G?Mz~k,2,18159,,,false,7
,G?Mz~k,3,18229,,,false,7
,G?Mz~k,4,18508,,,false,7
,G?Mz~k,5,18159,,,false,7
,G?Mz~k,6,18229,,,false,7
,G?Mz~k,7,27727,,,false,7
,G?Mz~k,8,18019,,,false,7
,G?Mz~k,9,18019,,,false,7
,G?Mzv_,0,18857,,,false,7
,G?Mzv_,1,18368,,,false,7
,G?Mzv_,2,17669,,,false,7
,G?Mzv_,3,17461,,,false,7
,G?Mzv_,4,17600,,,false,7
,G?Mzv_,5,17810,,,false,7
,G?Mzv_,6,17530,,,false,7
,G?Mzv_,7,17670,,,false,7
,G?Mzv_,8,17739,,,false,7
,G?Mzv_,9,17111,,,false,7
,G?AYpo,0,16832,,,false,7
,G?AYpo,1,15156,,,false,7
,G?AYpo,2,14876,,,false,7
,G?AYpo,3,15085,,,false,7
,G?AYpo,4,15155,,,false,7
,G?AYpo,5,14806,,,false,7
,G?AYpo,6,14737,,,false,7
,G?AYpo,7,14387,,,false,7
,G?AYpo,8,14666,,,false,7
,G?AYpo,9,14876,,,false,7
,G_GSZ_,0,19486,,,false,7
,G_GSZ_,1,15854,,,false,7
,G_GSZ_,2,15714,,,false,7
,G_GSZ_,3,15645,,,false,7
,G_GSZ_,4,15435,,,false,7
,G_GSZ_,5,15505,,,false,7
,G_GSZ_,6,15226,,,false,7
,G_GSZ_,7,15086,,,false,7
,G_GSZ_,8,15365,,,false,7
,G_GSZ_,9,15644,,,false,7
,G@`?xw,0,44488,,,false,7
,G@`?xw,1,38063,,,false,7
,G@`?xw,2,35759,,,false,7
,G@`?xw,3,35619,,,false,7
,G@`?xw,4,35060,,,false,7
,G@`?xw,5,34920,,,false,7
,G@`?xw,6,43790,,,false,7
,G@`?xw,7,35340,,,false,7
,G@`?xw,8,35339,,,false,7
,G@`?xw,9,35200,,,false,7
,GCO_~[,0,19765,,,false,7
,GCO_~[,1,16832,,,false,7
,GCO_~[,2,16762,,,false,7
,GCO_~[,3,16064,,,false,7
,GCO_~[,4,16273,,,false,7
,GCO_~[,5,16203,,,false,7
,GCO_~[,6,16203,,,false,7
,GCO_~[,7,15854,,,false,7
,GCO_~[,8,16133,,,false,7
,GCO_~[,9,15784,,,false,7
,GCO_~{,0,18019,,,false,7
,GCO_~{,1,16692,,,false,7
,GCO_~{,2,16622,,,false,7
,GCO_~{,3,16901,,,false,7
,GCO_~{,4,16831,,,false,7
,GCO_~{,5,16552,,,false,7
,GCO_~{,6,16762,,,false,7
,GCO_~{,7,16762,,,false,7
,GCO_~{,8,16552,,,false,7
,GCO_~{,9,16692,,,false,7
,GCOaxw,0,32406,,,false,7
,GCOaxw,1,28634,,,false,7
,GCOaxw,2,27447,,,false,7
,GCOaxw,3,27517,,,false,7
,GCOaxw,4,27657,,,false,7
,GCOaxw,5,27657,,,false,7
,GCOaxw,6,27168,,,false,7
,GCOaxw,7,27587,,,false,7
,GCOaxw,8,27587,,,false,7
,GCOaxw,9,27098,,,false,7
,GQ?g}K,0,19835,,,false,7
,GQ?g}K,1,24864,,,false,7
,GQ?g}K,2,16203,,,false,7
,GQ?g}K,3,17111,,,false,7
,GQ?g}K,4,16343,,,false,7
,GQ?g}K,5,16203,,,false,7
,GQ?g}K,6,16203,,,false,7
,GQ?g}K,7,15784,,,false,7
,GQ?g}K,8,16134,,,false,7
,GQ?g}K,9,16343,,,false,7
,G_l@Gk,0,20254,,,false,7
,G_l@Gk,1,17251,,,false,7
,G_l@Gk,2,16063,,,false,7
,G_l@Gk,3,16273,,,false,7
,G_l@Gk,4,15854,,,false,7
,G_l@Gk,5,16133,,,false,7
,G_l@Gk,6,15854,,,false,7
,G_l@Gk,7,16203,,,false,7
,G_l@Gk,8,16134,,,false,7
,G_l@Gk,9,15854,,,false,7
,G`GSY[,0,18996,,,false,7
,G`GSY[,1,16342,,,false,7
,G`GSY[,2,16133,,,false,7
,G`GSY[,3,15714,,,false,7
,G`GSY[,4,15714,,,false,7
,G`GSY[,5,15993,,,false,7
,G`GSY[,6,15854,,,false,7
,G`GSY[,7,15644,,,false,7
,G`GSY[,8,15784,,,false,7
,G`GSY[,9,15714,,,false,7
,G??q\s,0,18647,,,false,7
,G??q\s,1,16203,,,false,7
,G??q\s,2,15574,,,false,7
,G??q\s,3,15854,,,false,7
,G??q\s,4,15644,,,false,7
,G??q\s,5,15365,,,false,7
,G??q\s,6,15575,,,false,7
,G??q\s,7,15575,,,false,7
,G??q\s,8,15784,,,false,7
,G??q\s,9,15575,,,false,7
,G?CTZW,0,20045,,,false,7
,G?CTZW,1,17600,,,false,7
,G?CTZW,2,16622,,,false,7
,G?CTZW,3,16831,,,false,7
,G?CTZW,4,16622,,,false,7
,G?CTZW,5,16622,,,false,7
,G?CTZW,6,16831,,,false,7
,G?CTZW,7,25003,,,false,7
,G?CTZW,8,16901,,,false,7
,G?CTZW,9,16762,,,false,7
,GGCmc[,0,19067,,,false,7
,GGCmc[,1,16343,,,false,7
,GGCmc[,2,16134,,,false,7
,GGCmc[,3,15784,,,false,7
,GGCmc[,4,16203,,,false,7
,GGCmc[,5,15644,,,false,7
,GGCmc[,6,16342,,,false,7
,GGCmc[,7,16133,,,false,7
,GGCmc[,8,16134,,,false,7
,GGCmc[,9,15854,,,false,7
,GCDH^K,0,22489,,,false,7
,GCDH^K,1,18159,,,false,7
,GCDH^K,2,17949,,,false,7
,GCDH^K,3,17181,,,false,7
,GCDH^K,4,17251,,,false,7
,GCDH^K,5,17600,,,false,7
,GCDH^K,6,17669,,,false,7
,GCDH^K,7,17250,,,false,7
,GCDH^K,8,17460,,,false,7
,GCDH^K,9,17111,,,false,7
,GCDH^[,0,21162,,,false,7
,GCDH^[,1,18368,,,false,7
,GCDH^[,2,17739,,,false,7
,GCDH^[,3,18019,,,false,7
,GCDH^[,4,18089,,,false,7
,GCDH^[,5,18228,,,false,7
,GCDH^[,6,18089,,,false,7
,GCDH^[,7,18089,,,false,7
,GCDH^[,8,18159,,,false,7
,GCDH^[,9,18159,,,false,7
,G`GR[{,0,19486,,,false,7
,G`GR[{,1,16203,,,false,7
,G`GR[{,2,15505,,,false,7
,G`GR[{,3,15854,,,false,7
,G`GR[{,4,15156,,,false,7
,G`GR[{,5,15784,,,false,7
,G`GR[{,6,15854,,,false,7
,G`GR[{,7,16063,,,false,7
,G`GR[{,8,16273,,,false,7
,G`GR[{,9,16692,,,false,7
,GG_q|{,0,20463,,,false,7
,GG_q|{,1,19137,,,false,7
,GG_q|{,2,17042,,,false,7
,GG_q|{,3,16971,,,false,7
,GG_q|{,4,16342,,,false,7
,GG_q|{,5,16133,,,false,7
,GG_q|{,6,16762,,,false,7
,GG_q|{,7,16273,,,false,7
,GG_q|{,8,16552,,,false,7
,GG_q|{,9,16273,,,false,7
,Go?Ax{,0,20882,,,false,7
,Go?Ax{,1,18088,,,false,7
,Go?Ax{,2,17320,,,false,7
,Go?Ax{,3,17460,,,false,7
,Go?Ax{,4,17670,,,false,7
,Go?Ax{,5,17111,,,false,7
,Go?Ax{,6,17111,,,false,7
,Go?Ax{,7,17321,,,false,7
,Go?Ax{,8,17111,,,false,7
,Go?Ax{,9,17111,,,false,7
,G??i|s,0,17600,,,false,7
,G??i|s,1,15225,,,false,7
,G??i|s,2,14387,,,false,7
,G??i|s,3,18438,,,false,7
,G??i|s,4,14387,,,false,7
,G??i|s,5,13829,,,false,7
,G??i|s,6,14737,,,false,7
,G??i|s,7,14667,,,false,7
,G??i|s,8,15086,,,false,7
,G??i|s,9,14806,,,false,7
,G@dTZ[,0,21581,,,false,7
,G@dTZ[,1,17739,,,false,7
,G@dTZ[,2,17041,,,false,7
,G@dTZ[,3,16692,,,false,7
,G@dTZ[,4,16762,,,false,7
,G@dTZ[,5,17042,,,false,7
,G@dTZ[,6,16762,,,false,7
,G@dTZ[,7,16762,,,false,7
,G@dTZ[,8,16483,,,false,7
,G@dTZ[,9,16692,,,false,7
,GGgq{{,0,19975,,,false,7
,GGgq{{,1,17251,,,false,7
,GGgq{{,2,16622,,,false,7
,GGgq{{,3,16133,,,false,7
,GGgq{{,4,16134,,,false,7
,GGgq{{,5,16343,,,false,7
,GGgq{{,6,16133,,,false,7
,GGgq{{,7,16203,,,false,7
,GGgq{{,8,16343,,,false,7
,GGgq{{,9,16483,,,false,7
,GAcr\{,0,19835,,,false,7
,GAcr\{,1,17599,,,false,7
,GAcr\{,2,17250,,,false,7
,GAcr\{,3,16622,,,false,7
,GAcr\{,4,16692,,,false,7
,GAcr\{,5,16831,,,false,7
,GAcr\{,6,16622,,,false,7
,GAcr\{,7,16692,,,false,7
,GAcr\{,8,16761,,,false,7
,GAcr\{,9,16622,,,false,7
,G@UJh{,0,20882,,,false,7
,G@UJh{,1,17391,,,false,7
,G@UJh{,2,16902,,,false,7
,G@UJh{,3,17600,,,false,7
,G@UJh{,4,17041,,,false,7
,G@UJh{,5,17250,,,false,7
,G@UJh{,6,17600,,,false,7
,G@UJh{,7,17041,,,false,7
,G@UJh{,8,17810,,,false,7
,G@UJh{,9,17180,,,false,7
,GCOzs{,0,20114,,,false,7
,GCOzs{,1,17810,,,false,7
,GCOzs{,2,16902,,,false,7
,GCOzs{,3,17181,,,false,7
,GCOzs{,4,16971,,,false,7
,GCOzs{,5,16692,,,false,7
,GCOzs{,6,16831,,,false,7
,GCOzs{,7,17041,,,false,7
,GCOzs{,8,16692,,,false,7
,GCOzs{,9,16762,,,false,7
,G@Qi|s,0,19485,,,false,7
,G@Qi|s,1,17739,,,false,7
,G@Qi|s,2,17181,,,false,7
,G@Qi|s,3,16482,,,false,7
,G@Qi|s,4,16692,,,false,7
,G@Qi|s,5,16902,,,false,7
,G@Qi|s,6,16762,,,false,7
,G@Qi|s,7,25771,,,false,7
,G@Qi|s,8,17111,,,false,7
,G@Qi|s,9,16552,,,false,7
,GAJax{,0,19626,,,false,7
,GAJax{,1,17530,,,false,7
,GAJax{,2,16831,,,false,7
,GAJax{,3,16762,,,false,7
,GAJax{,4,16482,,,false,7
,GAJax{,5,16692,,,false,7
,GAJax{,6,16971,,,false,7
,GAJax{,7,16762,,,false,7
,GAJax{,8,16762,,,false,7
,GAJax{,9,16553,,,false,7
,G@P\^k,0,19625,,,false,7
,G@P\^k,1,17042,,,false,7
,G@P\^k,2,17181,,,false,7
,G@P\^k,3,17391,,,false,7
,G@P\^k,4,17041,,,false,7
,G@P\^k,5,17250,,,false,7
,G@P\^k,6,17111,,,false,7
,G@P\^k,7,16902,,,false,7
,G@P\^k,8,16832,,,false,7
,G@P\^k,9,17041,,,false,7
,GAIZ~w,0,19625,,,false,7
,GAIZ~w,1,17111,,,false,7
,GAIZ~w,2,17181,,,false,7
,GAIZ~w,3,16762,,,false,7
,GAIZ~w,4,16622,,,false,7
,GAIZ~w,5,16692,,,false,7
,GAIZ~w,6,16832,,,false,7
,GAIZ~w,7,16623,,,false,7
,GAIZ~w,8,16762,,,false,7
,GAIZ~w,9,16553,,,false,7
,GAMPY[,0,21092,,,false,7
,GAMPY[,1,17251,,,false,7
,GAMPY[,2,16622,,,false,7
,GAMPY[,3,16692,,,false,7
,GAMPY[,4,16203,,,false,7
,GAMPY[,5,16622,,,false,7
,GAMPY[,6,16343,,,false,7
,GAMPY[,7,16273,,,false,7
,GAMPY[,8,16064,,,false,7
,GAMPY[,9,16343,,,false,7
,GAcpZ[,0,34362,,,false,7
,GAcpZ[,1,30032,,,false,7
,GAcpZ[,2,27098,,,false,7
,GAcpZ[,3,27098,,,false,7
,GAcpZ[,4,26679,,,false,7
,GAcpZ[,5,26680,,,false,7
,GAcpZ[,6,26120,,,false,7
,GAcpZ[,7,25980,,,false,7
,GAcpZ[,8,26679,,,false,7
,GAcpZ[,9,26330,,,false,7
,GAHXvK,0,18996,,,false,7
,GAHXvK,1,16692,,,false,7
,GAHXvK,2,15854,,,false,7
,GAHXvK,3,16134,,,false,7
,GAHXvK,4,16273,,,false,7
,GAHXvK,5,16762,,,false,7
,GAHXvK,6,16483,,,false,7
,GAHXvK,7,16483,,,false,7
,GAHXvK,8,16902,,,false,7
,GAHXvK,9,16832,,,false,7
,GAHkzs,0,19905,,,false,7
,GAHkzs,1,18159,,,false,7
,GAHkzs,2,16832,,,false,7
,GAHkzs,3,17042,,,false,7
,GAHkzs,4,16692,,,false,7
,GAHkzs,5,17251,,,false,7
,GAHkzs,6,17041,,,false,7
,GAHkzs,7,16762,,,false,7
,GAHkzs,8,16832,,,false,7
,GAHkzs,9,16901,,,false,7
,GOPXvk,0,20045,,,false,7
,GOPXvk,1,17041,,,false,7
,GOPXvk,2,16832,,,false,7
,GOPXvk,3,16342,,,false,7
,GOPXvk,4,16063,,,false,7
,GOPXvk,5,16761,,,false,7
,GOPXvk,6,16762,,,false,7
,GOPXvk,7,16552,,,false,7
,GOPXvk,8,16762,,,false,7
,GOPXvk,9,25771,,,false,7
,G?BDz{,0,18019,,,false,7
,G?BDz{,1,16203,,,false,7
,G?BDz{,2,15574,,,false,7
,G?BDz{,3,15784,,,false,7
,G?BDz{,4,16622,,,false,7
,G?BDz{,5,16203,,,false,7
,G?BDz{,6,15853,,,false,7
,G?BDz{,7,16133,,,false,7
,G?BDz{,8,15785,,,false,7
,G?BDz{,9,15784,,,false,7
,G@O|}w,0,20045,,,false,7
,G@O|}w,1,18089,,,false,7
,G@O|}w,2,16971,,,false,7
,G@O|}w,3,16762,,,false,7
,G@O|}w,4,17041,,,false,7
,G@O|}w,5,17111,,,false,7
,G@O|}w,6,16762,,,false,7
,G@O|}w,7,16622,,,false,7
,G@O|}w,8,16692,,,false,7
,G@O|}w,9,17321,,,false,7
,GQAzu[,0,19975,,,false,7
,GQAzu[,1,16343,,,false,7
,GQAzu[,2,16553,,,false,7
,GQAzu[,3,16203,,,false,7
,GQAzu[,4,16134,,,false,7
,GQAzu[,5,15714,,,false,7
,GQAzu[,6,15853,,,false,7
,GQAzu[,7,16063,,,false,7
,GQAzu[,8,16272,,,false,7
,GQAzu[,9,16203,,,false,7
,GAJ\r{,0,19136,,,false,7
,GAJ\r{,1,17251,,,false,7
,GAJ\r{,2,16553,,,false,7
,GAJ\r{,3,16832,,,false,7
,GAJ\r{,4,16343,,,false,7
,GAJ\r{,5,16483,,,false,7
,GAJ\r{,6,16203,,,false,7
,GAJ\r{,7,16412,,,false,7
,GAJ\r{,8,16761,,,false,7
,GAJ\r{,9,16692,,,false,7
,G_hP_[,0,21442,,,false,7
,G_hP_[,1,17321,,,false,7
,G_hP_[,2,24445,,,false,7
,G_hP_[,3,16133,,,false,7
,G_hP_[,4,16272,,,false,7
,G_hP_[,5,15924,,,false,7
,G_hP_[,6,15994,,,false,7
,G_hP_[,7,15784,,,false,7
,G_hP_[,8,15923,,,false,7
,G_hP_[,9,16412,,,false,7
,GCUb?{,0,19416,,,false,7
,GCUb?{,1,17251,,,false,7
,GCUb?{,2,16273,,,false,7
,GCUb?{,3,15645,,,false,7
,GCUb?{,4,15854,,,false,7
,GCUb?{,5,15225,,,false,7
,GCUb?{,6,16133,,,false,7
,GCUb?{,7,15854,,,false,7
,GCUb?{,8,15993,,,false,7
,GCUb?{,9,16203,,,false,7
,Gp@Gzo,0,21441,,,false,7
,Gp@Gzo,1,16762,,,false,7
,Gp@Gzo,2,17111,,,false,7
,Gp@Gzo,3,17041,,,false,7
,Gp@Gzo,4,16762,,,false,7
,Gp@Gzo,5,16622,,,false,7
,Gp@Gzo,6,16692,,,false,7
,Gp@Gzo,7,16273,,,false,7
,Gp@Gzo,8,17042,,,false,7
,Gp@Gzo,9,16273,,,false,7
,GoDPZ{,0,19765,,,false,7
,GoDPZ{,1,16902,,,false,7
,GoDPZ{,2,16692,,,false,7
,GoDPZ{,3,16622,,,false,7
,GoDPZ{,4,16832,,,false,7
,GoDPZ{,5,17111,,,false,7
,GoDPZ{,6,16692,,,false,7
,GoDPZ{,7,16832,,,false,7
,GoDPZ{,8,16552,,,false,7
,GoDPZ{,9,17111,,,false,7
,GaIHg{,0,20114,,,false,7
,GaIHg{,1,16971,,,false,7
,GaIHg{,2,16203,,,false,7
,GaIHg{,3,16482,,,false,7
,GaIHg{,4,15854,,,false,7
,GaIHg{,5,16692,,,false,7
,GaIHg{,6,16064,,,false,7
,GaIHg{,7,25282,,,false,7
,GaIHg{,8,16343,,,false,7
,GaIHg{,9,16203,,,false,7
,GGUTX{,0,21511,,,false,7
,GGUTX{,1,18159,,,false,7
,GGUTX{,2,17390,,,false,7
,GGUTX{,3,17111,,,false,7
,GGUTX{,4,16971,,,false,7
,GGUTX{,5,17669,,,false,7
,GGUTX{,6,17320,,,false,7
,GGUTX{,7,17041,,,false,7
,GGUTX{,8,17670,,,false,7
,GGUTX{,9,17251,,,false,7
,G?Baps,0,17111,,,false,7
,G?Baps,1,15854,,,false,7
,G?Baps,2,15156,,,false,7
,G?Baps,3,15365,,,false,7
,G?Baps,4,15505,,,false,7
,G?Baps,5,15156,,,false,7
,G?Baps,6,15226,,,false,7
,G?Baps,7,15225,,,false,7
,G?Baps,8,15435,,,false,7
,G?Baps,9,15156,,,false,7
,G??X~G,0,32895,,,false,7
,G??X~G,1,29543,,,false,7
,G??X~G,2,28076,,,false,7
,G??X~G,3,28076,,,false,7
,G??X~G,4,27936,,,false,7
,G??X~G,5,28146,,,false,7
,G??X~G,6,27727,,,false,7
,G??X~G,7,28215,,,false,7
,G??X~G,8,27657,,,false,7
,G??X~G,9,28076,,,false,7
,G@hSz[,0,21511,,,false,7
,G@hSz[,1,17530,,,false,7
,G@hSz[,2,17251,,,false,7
,G@hSz[,3,17041,,,false,7
,G@hSz[,4,16971,,,false,7
,G@hSz[,5,16832,,,false,7
,G@hSz[,6,17250,,,false,7
,G@hSz[,7,17041,,,false,7
,G@hSz[,8,16762,,,false,7
,G@hSz[,9,16692,,,false,7
,GqGUXw,0,19555,,,false,7
,GqGUXw,1,16832,,,false,7
,GqGUXw,2,16063,,,false,7
,GqGUXw,3,16342,,,false,7
,GqGUXw,4,15505,,,false,7
,GqGUXw,5,16133,,,false,7
,GqGUXw,6,16203,,,false,7
,GqGUXw,7,15644,,,false,7
,GqGUXw,8,15854,,,false,7
,GqGUXw,9,15644,,,false,7
,GGMP}w,0,21022,,,false,7
,GGMP}w,1,18088,,,false,7
,GGMP}w,2,16692,,,false,7
,GGMP}w,3,16762,,,false,7
,GGMP}w,4,16203,,,false,7
,GGMP}w,5,17111,,,false,7
,GGMP}w,6,17111,,,false,7
,GGMP}w,7,16902,,,false,7
,GGMP}w,8,17321,,,false,7
,GGMP}w,9,17600,,,false,7
,G@hP~w,0,21581,,,false,7
,G@hP~w,1,18229,,,false,7
,G@hP~w,2,17600,,,false,7
,G@hP~w,3,17600,,,false,7
,G@hP~w,4,17670,,,false,7
,G@hP~w,5,17042,,,false,7
,G@hP~w,6,17670,,,false,7
,G@hP~w,7,17810,,,false,7
,G@hP~w,8,17390,,,false,7
,G@hP~w,9,17320,,,false,7
,GaClz{,0,22349,,,false,7
,GaClz{,1,17949,,,false,7
,GaClz{,2,17250,,,false,7
,GaClz{,3,17669,,,false,7
,GaClz{,4,17041,,,false,7
,GaClz{,5,17740,,,false,7
,GaClz{,6,17740,,,false,7
,GaClz{,7,17460,,,false,7
,GaClz{,8,17320,,,false,7
,GaClz{,9,26539,,,false,7
,GBIM~w,0,21930,,,false,7
,GBIM~w,1,18717,,,false,7
,GBIM~w,2,17599,,,false,7
,GBIM~w,3,17461,,,false,7
,GBIM~w,4,17251,,,false,7
,GBIM~w,5,17670,,,false,7
,GBIM~w,6,17530,,,false,7
,GBIM~w,7,17740,,,false,7
,GBIM~w,8,17250,,,false,7
,GBIM~w,9,17460,,,false,7
,G?AZRk,0,17460,,,false,7
,G?AZRk,1,15784,,,false,7
,G?AZRk,2,15365,,,false,7
,G?AZRk,3,15644,,,false,7
,G?AZRk,4,15365,,,false,7
,G?AZRk,5,15156,,,false,7
,G?AZRk,6,15225,,,false,7
,G?AZRk,7,15296,,,false,7
,G?AZRk,8,14666,,,false,7
,G?AZRk,9,15365,,,false,7
,G?AZVk,0,17041,,,false,7
,G?AZVk,1,15714,,,false,7
,G?AZVk,2,15016,,,false,7
,G?AZVk,3,15365,,,false,7
,G?AZVk,4,15155,,,false,7
,G?AZVk,5,15295,,,false,7
,G?AZVk,6,14737,,,false,7
,G?AZVk,7,15225,,,false,7
,G?AZVk,8,14876,,,false,7
,G?AZVk,9,14667,,,false,7
,GALel[,0,21581,,,false,7
,GALel[,1,17530,,,false,7
,GALel[,2,17181,,,false,7
,GALel[,3,17111,,,false,7
,GALel[,4,16412,,,false,7
,GALel[,5,16831,,,false,7
,GALel[,6,17041,,,false,7
,GALel[,7,16692,,,false,7
,GALel[,8,16831,,,false,7
,GALel[,9,17111,,,false,7
,G@TtU[,0,20114,,,false,7
,G@TtU[,1,17740,,,false,7
,G@TtU[,2,16622,,,false,7
,G@TtU[,3,16901,,,false,7
,G@TtU[,4,16832,,,false,7
,G@TtU[,5,16483,,,false,7
,G@TtU[,6,16971,,,false,7
,G@TtU[,7,16692,,,false,7
,G@TtU[,8,17041,,,false,7
,G@TtU[,9,16761,,,false,7
,GIEht{,0,20882,,,false,7
,GIEht{,1,17670,,,false,7
,GIEht{,2,16831,,,false,7
,GIEht{,3,16622,,,false,7
,GIEht{,4,17111,,,false,7
,GIEht{,5,16831,,,false,7
,GIEht{,6,16902,,,false,7
,GIEht{,7,17181,,,false,7
,GIEht{,8,16552,,,false,7
,GIEht{,9,17181,,,false,7
,GAYXzk,0,21441,,,false,7
,GAYXzk,1,17530,,,false,7
,GAYXzk,2,17250,,,false,7
,GAYXzk,3,17180,,,false,7
,GAYXzk,4,17041,,,false,7
,GAYXzk,5,16762,,,false,7
,GAYXzk,6,16622,,,false,7
,GAYXzk,7,17041,,,false,7
,GAYXzk,8,16692,,,false,7
,GAYXzk,9,16901,,,false,7
,G@Xs}{,0,20603,,,false,7
,G@Xs}{,1,18019,,,false,7
,G@Xs}{,2,17181,,,false,7
,G@Xs}{,3,17251,,,false,7
,G@Xs}{,4,17042,,,false,7
,G@Xs}{,5,17181,,,false,7
,G@Xs}{,6,17321,,,false,7
,G@Xs}{,7,17041,,,false,7
,G@Xs}{,8,17180,,,false,7
,G@Xs}{,9,17111,,,false,7
,GG]Pm[,0,21441,,,false,7
,GG]Pm[,1,17740,,,false,7
,GG]Pm[,2,17111,,,false,7
,GG]Pm[,3,17111,,,false,7
,GG]Pm[,4,17251,,,false,7
,GG]Pm[,5,17111,,,false,7
,GG]Pm[,6,17041,,,false,7
,GG]Pm[,7,17180,,,false,7
,GG]Pm[,8,16901,,,false,7
,GG]Pm[,9,17111,,,false,7
,G@h[z[,0,21372,,,false,7
,G@h[z[,1,17809,,,false,7
,G@h[z[,2,17250,,,false,7
,G@h[z[,3,17251,,,false,7
,G@h[z[,4,17041,,,false,7
,G@h[z[,5,16832,,,false,7
,G@h[z[,6,17180,,,false,7
,G@h[z[,7,17530,,,false,7
,G@h[z[,8,17251,,,false,7
,G@h[z[,9,16762,,,false,7
,GILe|{,0,21022,,,false,7
,GILe|{,1,18019,,,false,7
,GILe|{,2,17460,,,false,7
,GILe|{,3,17251,,,false,7
,GILe|{,4,17042,,,false,7
,GILe|{,5,17600,,,false,7
,GILe|{,6,17111,,,false,7
,GILe|{,7,17251,,,false,7
,GILe|{,8,17180,,,false,7
,GILe|{,9,17181,,,false,7
,GGS}|{,0,21511,,,false,7
,GGS}|{,1,18857,,,false,7
,GGS}|{,2,18089,,,false,7
,GGS}|{,3,17600,,,false,7
,GGS}|{,4,18089,,,false,7
,GGS}|{,5,17739,,,false,7
,GGS}|{,6,18088,,,false,7
,GGS}|{,7,17530,,,false,7
,GGS}|{,8,17740,,,false,7
,GGS}|{,9,17670,,,false,7
,GALt]s,0,20953,,,false,7
,GALt]s,1,17739,,,false,7
,GALt]s,2,17251,,,false,7
,GALt]s,3,17460,,,false,7
,GALt]s,4,17669,,,false,7
,GALt]s,5,17530,,,false,7
,GALt]s,6,17181,,,false,7
,GALt]s,7,17740,,,false,7
,GALt]s,8,17670,,,false,7
,GALt]s,9,17530,,,false,7
,GGUp}{,0,20604,,,false,7
,GGUp}{,1,17530,,,false,7
,GGUp}{,2,17111,,,false,7
,GGUp}{,3,17879,,,false,7
,GGUp}{,4,17390,,,false,7
,GGUp}{,5,17600,,,false,7
,GGUp}{,6,17600,,,false,7
,GGUp}{,7,17041,,,false,7
,GGUp}{,8,17251,,,false,7
,GGUp}{,9,17111,,,false,7
,GONR}{,0,21022,,,false,7
,GONR}{,1,18159,,,false,7
,GONR}{,2,17600,,,false,7
,GONR}{,3,17600,,,false,7
,GONR}{,4,17879,,,false,7
,GONR}{,5,17880,,,false,7
,GONR}{,6,17530,,,false,7
,GONR}{,7,17669,,,false,7
,GONR}{,8,17530,,,false,7
,GONR}{,9,17740,,,false,7
,G?Bax{,0,17041,,,false,7
,G?Bax{,1,15296,,,false,7
,G?Bax{,2,15225,,,false,7
,G?Bax{,3,14737,,,false,7
,G?Bax{,4,15365,,,false,7
,G?Bax{,5,15155,,,false,7
,G?Bax{,6,15365,,,false,7
,G?Bax{,7,15086,,,false,7
,G?Bax{,8,15225,,,false,7
,G?Bax{,9,15225,,,false,7
,G?AZ^k,0,16762,,,false,7
,G?AZ^k,1,15714,,,false,7
,G?AZ^k,2,15295,,,false,7
,G?AZ^k,3,15365,,,false,7
,G?AZ^k,4,15155,,,false,7
,G?AZ^k,5,15853,,,false,7
,G?AZ^k,6,15225,,,false,7
,G?AZ^k,7,15714,,,false,7
,G?AZ^k,8,14946,,,false,7
,G?AZ^k,9,15086,,,false,7
,GCSzzw,0,44768,,,false,7
,GCSzzw,1,30521,,,false,7
,GCSzzw,2,29054,,,false,7
,GCSzzw,3,28565,,,false,7
,GCSzzw,4,29054,,,false,7
,GCSzzw,5,28565,,,false,7
,GCSzzw,6,29124,,,false,7
,GCSzzw,7,28356,,,false,7
,GCSzzw,8,28844,,,false,7
,GCSzzw,9,28564,,,false,7
,GAkzn[,0,20533,,,false,7
,GAkzn[,1,18159,,,false,7
,GAkzn[,2,17041,,,false,7
,GAkzn[,3,17181,,,false,7
,GAkzn[,4,17321,,,false,7
,GAkzn[,5,17041,,,false,7
,GAkzn[,6,16762,,,false,7
,GAkzn[,7,17530,,,false,7
,GAkzn[,8,17390,,,false,7
,GAkzn[,9,17739,,,false,7
,GEL\Z[,0,20882,,,false,7
,GEL\Z[,1,18228,,,false,7
,GEL\Z[,2,17739,,,false,7
,GEL\Z[,3,17041,,,false,7
,GEL\Z[,4,17251,,,false,7
,GEL\Z[,5,17740,,,false,7
,GEL\Z[,6,17111,,,false,7
,GEL\Z[,7,17250,,,false,7
,GEL\Z[,8,16971,,,false,7
,GEL\Z[,9,17391,,,false,7
,GBd\Z[,0,20114,,,false,7
,GBd\Z[,1,17949,,,false,7
,GBd\Z[,2,17251,,,false,7
,GBd\Z[,3,17251,,,false,7
,GBd\Z[,4,17530,,,false,7
,GBd\Z[,5,17181,,,false,7
,GBd\Z[,6,17251,,,false,7
,GBd\Z[,7,17041,,,false,7
,GBd\Z[,8,17670,,,false,7
,GBd\Z[,9,25911,,,false,7
,GANe|w,0,20463,,,false,7
,GANe|w,1,18228,,,false,7
,GANe|w,2,17600,,,false,7
,GANe|w,3,18019,,,false,7
,GANe|w,4,17739,,,false,7
,GANe|w,5,17670,,,false,7
,GANe|w,6,18019,,,false,7
,GANe|w,7,17740,,,false,7
,GANe|w,8,17739,,,false,7
,GANe|w,9,17461,,,false,7
,GES|^[,0,21790,,,false,7
,GES|^[,1,18788,,,false,7
,GES|^[,2,18229,,,false,7
,GES|^[,3,18228,,,false,7
,GES|^[,4,17949,,,false,7
,GES|^[,5,18159,,,false,7
,GES|^[,6,18159,,,false,7
,GES|^[,7,18019,,,false,7
,GES|^[,8,18089,,,false,7
,GES|^[,9,17740,,,false,7
,GBM^]{,0,21721,,,false,7
,GBM^]{,1,18578,,,false,7
,GBM^]{,2,18019,,,false,7
,GBM^]{,3,18089,,,false,7
,GBM^]{,4,17670,,,false,7
,GBM^]{,5,17600,,,false,7
,GBM^]{,6,18019,,,false,7
,GBM^]{,7,17670,,,false,7
,GBM^]{,8,18089,,,false,7
,GBM^]{,9,17600,,,false,7
,GDXcy{,0,18787,,,false,7
,GDXcy{,1,16412,,,false,7
,GDXcy{,2,16203,,,false,7
,GDXcy{,3,16064,,,false,7
,GDXcy{,4,15295,,,false,7
,GDXcy{,5,15854,,,false,7
,GDXcy{,6,16063,,,false,7
,GDXcy{,7,15784,,,false,7
,GDXcy{,8,15714,,,false,7
,GDXcy{,9,16133,,,false,7
,GCXtuw,0,18089,,,false,7
,GCXtuw,1,16622,,,false,7
,GCXtuw,2,16203,,,false,7
,GCXtuw,3,16133,,,false,7
,GCXtuw,4,15993,,,false,7
,GCXtuw,5,15854,,,false,7
,GCXtuw,6,16063,,,false,7
,GCXtuw,7,15854,,,false,7
,GCXtuw,8,15784,,,false,7
,GCXtuw,9,16133,,,false,7
,GIG\[w,0,22070,,,false,7
,GIG\[w,1,18019,,,false,7
,GIG\[w,2,17181,,,false,7
,GIG\[w,3,16902,,,false,7
,GIG\[w,4,16971,,,false,7
,GIG\[w,5,17250,,,false,7
,GIG\[w,6,16622,,,false,7
,GIG\[w,7,16971,,,false,7
,GIG\[w,8,16832,,,false,7
,GIG\[w,9,17041,,,false,7
,GQGX}W,0,18229,,,false,7
,GQGX}W,1,16133,,,false,7
,GQGX}W,2,16203,,,false,7
,GQGX}W,3,16273,,,false,7
,GQGX}W,4,16134,,,false,7
,GQGX}W,5,16343,,,false,7
,GQGX}W,6,16204,,,false,7
,GQGX}W,7,16063,,,false,7
,GQGX}W,8,15715,,,false,7
,GQGX}W,9,15994,,,false,7
,G`GZ[w,0,18578,,,false,7
,G`GZ[w,1,16622,,,false,7
,G`GZ[w,2,15853,,,false,7
,G`GZ[w,3,16133,,,false,7
,G`GZ[w,4,15714,,,false,7
,G`GZ[w,5,15784,,,false,7
,G`GZ[w,6,15644,,,false,7
,G`GZ[w,7,16343,,,false,7
,G`GZ[w,8,16203,,,false,7
,G`GZ[w,9,15575,,,false,7
,GHFKvK,0,20952,,,false,7
,GHFKvK,1,18019,,,false,7
,GHFKvK,2,17739,,,false,7
,GHFKvK,3,17251,,,false,7
,GHFKvK,4,17460,,,false,7
,GHFKvK,5,25772,,,false,7
,GHFKvK,6,17251,,,false,7
,GHFKvK,7,16692,,,false,7
,GHFKvK,8,16972,,,false,7
,GHFKvK,9,16831,,,false,7
,G_[sj[,0,20743,,,false,7
,G_[sj[,1,17321,,,false,7
,G_[sj[,2,17042,,,false,7
,G_[sj[,3,16692,,,false,7
,G_[sj[,4,15365,,,false,7
,G_[sj[,5,17111,,,false,7
,G_[sj[,6,16203,,,false,7
,G_[sj[,7,16692,,,false,7
,G_[sj[,8,16622,,,false,7
,G_[sj[,9,16762,,,false,7
,G_[sn[,0,19416,,,false,7
,G_[sn[,1,17670,,,false,7
,G_[sn[,2,17111,,,false,7
,G_[sn[,3,16901,,,false,7
,G_[sn[,4,17320,,,false,7
,G_[sn[,5,17111,,,false,7
,G_[sn[,6,17181,,,false,7
,G_[sn[,7,16831,,,false,7
,G_[sn[,8,16552,,,false,7
,G_[sn[,9,16692,,,false,7
,GcCzR{,0,20882,,,false,7
,GcCzR{,1,18019,,,false,7
,GcCzR{,2,16831,,,false,7
,GcCzR{,3,16901,,,false,7
,GcCzR{,4,16622,,,false,7
,GcCzR{,5,16692,,,false,7
,GcCzR{,6,16622,,,false,7
,GcCzR{,7,16832,,,false,7
,GcCzR{,8,17111,,,false,7
,GcCzR{,9,16692,,,false,7
,GKKmi{,0,18717,,,false,7
,GKKmi{,1,16552,,,false,7
,GKKmi{,2,15854,,,false,7
,GKKmi{,3,15784,,,false,7
,GKKmi{,4,16552,,,false,7
,GKKmi{,5,15714,,,false,7
,GKKmi{,6,15504,,,false,7
,GKKmi{,7,15365,,,false,7
,GKKmi{,8,15574,,,false,7
,GKKmi{,9,23745,,,false,7
,GALt^s,0,21022,,,false,7
,GALt^s,1,18019,,,false,7
,GALt^s,2,16692,,,false,7
,GALt^s,3,17251,,,false,7
,GALt^s,4,17041,,,false,7
,GALt^s,5,16761,,,false,7
,GALt^s,6,17041,,,false,7
,GALt^s,7,16902,,,false,7
,GALt^s,8,17251,,,false,7
,GALt^s,9,16064,,,false,7
,GqAix{,0,21092,,,false,7
,GqAix{,1,17599,,,false,7
,GqAix{,2,17111,,,false,7
,GqAix{,3,17321,,,false,7
,GqAix{,4,17111,,,false,7
,GqAix{,5,17111,,,false,7
,GqAix{,6,16831,,,false,7
,GqAix{,7,16622,,,false,7
,GqAix{,8,17181,,,false,7
,GqAix{,9,17111,,,false,7
,GEHkzs,0,20184,,,false,7
,GEHkzs,1,17181,,,false,7
,GEHkzs,2,16553,,,false,7
,GEHkzs,3,16762,,,false,7
,GEHkzs,4,16762,,,false,7
,GEHkzs,5,16622,,,false,7
,GEHkzs,6,16762,,,false,7
,GEHkzs,7,17181,,,false,7
,GEHkzs,8,17041,,,false,7
,GEHkzs,9,16762,,,false,7
,GAjP~s,0,19764,,,false,7
,GAjP~s,1,18158,,,false,7
,GAjP~s,2,17181,,,false,7
,GAjP~s,3,17041,,,false,7
,GAjP~s,4,16762,,,false,7
,GAjP~s,5,17111,,,false,7
,GAjP~s,6,17041,,,false,7
,GAjP~s,7,16832,,,false,7
,GAjP~s,8,16692,,,false,7
,GAjP~s,9,17530,,,false,7
,G@W}]k,0,22349,,,false,7
,G@W}]k,1,26958,,,false,7
,G@W}]k,2,18438,,,false,7
,G@W}]k,3,17809,,,false,7
,G@W}]k,4,17739,,,false,7
,G@W}]k,5,18019,,,false,7
,G@W}]k,6,18089,,,false,7
,G@W}]k,7,17670,,,false,7
,G@W}]k,8,17530,,,false,7
,G@W}]k,9,18089,,,false,7
,GCLZ\[,0,24584,,,false,7
,GCLZ\[,1,18787,,,false,7
,GCLZ\[,2,17810,,,false,7
,GCLZ\[,3,18019,,,false,7
,GCLZ\[,4,17530,,,false,7
,GCLZ\[,5,18228,,,false,7
,GCLZ\[,6,17600,,,false,7
,GCLZ\[,7,17041,,,false,7
,GCLZ\[,8,17740,,,false,7
,GCLZ\[,9,17740,,,false,7
,GAY\Zk,0,20534,,,false,7
,GAY\Zk,1,18368,,,false,7
,GAY\Zk,2,18368,,,false,7
,GAY\Zk,3,17810,,,false,7
,GAY\Zk,4,17600,,,false,7
,GAY\Zk,5,16553,,,false,7
,GAY\Zk,6,16273,,,false,7
,GAY\Zk,7,16622,,,false,7
,GAY\Zk,8,16622,,,false,7
,GAY\Zk,9,16832,,,false,7
,G@qi~k,0,18507,,,false,7
,G@qi~k,1,16342,,,false,7
,G@qi~k,2,16133,,,false,7
,G@qi~k,3,16203,,,false,7
,G@qi~k,4,16133,,,false,7
,G@qi~k,5,15994,,,false,7
,G@qi~k,6,15854,,,false,7
,G@qi~k,7,16133,,,false,7
,G@qi~k,8,16273,,,false,7
,G@qi~k,9,16273,,,false,7
,G_hX~{,0,21371,,,false,7
,G_hX~{,1,18018,,,false,7
,G_hX~{,2,17320,,,false,7
,G_hX~{,3,17111,,,false,7
,G_hX~{,4,26051,,,false,7
,G_hX~{,5,17530,,,false,7
,G_hX~{,6,17111,,,false,7
,G_hX~{,7,17600,,,false,7
,G_hX~{,8,17251,,,false,7
,G_hX~{,9,17111,,,false,7
,GAMnnw,0,20533,,,false,7
,GAMnnw,1,17740,,,false,7
,GAMnnw,2,17041,,,false,7
,GAMnnw,3,17251,,,false,7
,GAMnnw,4,16832,,,false,7
,GAMnnw,5,17390,,,false,7
,GAMnnw,6,17111,,,false,7
,GAMnnw,7,17041,,,false,7
,GAMnnw,8,17181,,,false,7
,GAMnnw,9,17321,,,false,7
,G_Mz~k,0,19556,,,false,7
,G_Mz~k,1,17251,,,false,7
,G_Mz~k,2,16622,,,false,7
,G_Mz~k,3,16692,,,false,7
,G_Mz~k,4,16343,,,false,7
,G_Mz~k,5,17042,,,false,7
,G_Mz~k,6,17181,,,false,7
,G_Mz~k,7,17321,,,false,7
,G_Mz~k,8,16902,,,false,7
,G_Mz~k,9,17600,,,false,7
,G@Nv]{,0,21860,,,false,7
,G@Nv]{,1,19625,,,false,7
,G@Nv]{,2,19136,,,false,7
,G@Nv]{,3,19066,,,false,7
,G@Nv]{,4,19066,,,false,7
,G@Nv]{,5,19136,,,false,7
,G@Nv]{,6,18717,,,false,7
,G@Nv]{,7,18997,,,false,7
,G@Nv]{,8,19137,,,false,7
,G@Nv]{,9,19067,,,false,7
,G_lzrk,0,21441,,,false,7
,G_lzrk,1,18158,,,false,7
,G_lzrk,2,17670,,,false,7
,G_lzrk,3,17530,,,false,7
,G_lzrk,4,17251,,,false,7
,G_lzrk,5,17740,,,false,7
,G_lzrk,6,25701,,,false,7
,G_lzrk,7,17530,,,false,7
,G_lzrk,8,17321,,,false,7
,G_lzrk,9,17460,,,false,7
,G@zRzw,0,21022,,,false,7
,G@zRzw,1,18019,,,false,7
,G@zRzw,2,18019,,,false,7
,G@zRzw,3,17740,,,false,7
,G@zRzw,4,17670,,,false,7
,G@zRzw,5,18019,,,false,7
,G@zRzw,6,17670,,,false,7
,G@zRzw,7,17739,,,false,7
,G@zRzw,8,17600,,,false,7
,G@zRzw,9,17739,,,false,7
,G_lv~w,0,20673,,,false,7
,G_lv~w,1,18717,,,false,7
,G_lv~w,2,17670,,,false,7
,G_lv~w,3,17530,,,false,7
,G_lv~w,4,17251,,,false,7
,G_lv~w,5,17670,,,false,7
,G_lv~w,6,17530,,,false,7
,G_lv~w,7,17670,,,false,7
,G_lv~w,8,17251,,,false,7
,G_lv~w,9,17530,,,false,7
,GDhzu{,0,21162,,,false,7
,GDhzu{,1,17880,,,false,7
,GDhzu{,2,17949,,,false,7
,GDhzu{,3,17739,,,false,7
,GDhzu{,4,17530,,,false,7
,GDhzu{,5,17321,,,false,7
,GDhzu{,6,17670,,,false,7
,GDhzu{,7,17530,,,false,7
,GDhzu{,8,17180,,,false,7
,GDhzu{,9,17250,,,false,7
,GDhzv{,0,20394,,,false,7
,GDhzv{,1,17739,,,false,7
,GDhzv{,2,17460,,,false,7
,GDhzv{,3,17880,,,false,7
,GDhzv{,4,18229,,,false,7
,GDhzv{,5,17530,,,false,7
,GDhzv{,6,18089,,,false,7
,GDhzv{,7,17740,,,false,7
,GDhzv{,8,26330,,,false,7
,GDhzv{,9,18089,,,false,7
,GEnbzw,0,19625,,,false,7
,GEnbzw,1,17740,,,false,7
,GEnbzw,2,17460,,,false,7
,GEnbzw,3,16692,,,false,7
,GEnbzw,4,17390,,,false,7
,GEnbzw,5,16692,,,false,7
,GEnbzw,6,16831,,,false,7
,GEnbzw,7,17041,,,false,7
,GEnbzw,8,17251,,,false,7
,GEnbzw,9,16762,,,false,7
,GtlrY{,0,19555,,,false,7
,GtlrY{,1,17250,,,false,7
,GtlrY{,2,17041,,,false,7
,GtlrY{,3,16692,,,false,7
,GtlrY{,4,16831,,,false,7
,GtlrY{,5,16971,,,false,7
,GtlrY{,6,16762,,,false,7
,GtlrY{,7,16972,,,false,7
,GtlrY{,8,16622,,,false,7
,GtlrY{,9,16762,,,false,7
,G}nax{,0,19555,,,false,7
,G}nax{,1,16832,,,false,7
,G}nax{,2,16692,,,false,7
,G}nax{,3,17041,,,false,7
,G}nax{,4,16762,,,false,7
,G}nax{,5,16622,,,false,7
,G}nax{,6,16553,,,false,7
,G}nax{,7,16692,,,false,7
,G}nax{,8,16901,,,false,7
,G}nax{,9,16832,,,false,7
,G`iayw,0,19416,,,false,7
,G`iayw,1,16342,,,false,7
,G`iayw,2,16203,,,false,7
,G`iayw,3,16133,,,false,7
,G`iayw,4,16273,,,false,7
,G`iayw,5,15644,,,false,7
,G`iayw,6,15714,,,false,7
,G`iayw,7,15924,,,false,7
,G`iayw,8,15924,,,false,7
,G`iayw,9,16203,,,false,7
,G@hYtK,0,31010,,,false,7
,G@hYtK,1,17949,,,false,7
,G@hYtK,2,17181,,,false,7
,G@hYtK,3,17181,,,false,7
,G@hYtK,4,17531,,,false,7
,G@hYtK,5,17181,,,false,7
,G@hYtK,6,17740,,,false,7
,G@hYtK,7,17460,,,false,7
,G@hYtK,8,17250,,,false,7
,G@hYtK,9,17600,,,false,7
,GtP@Ww,0,19695,,,false,7
,GtP@Ww,1,16692,,,false,7
,GtP@Ww,2,16133,,,false,7
,GtP@Ww,3,16342,,,false,7
,GtP@Ww,4,16203,,,false,7
,GtP@Ww,5,15714,,,false,7
,GtP@Ww,6,16273,,,false,7
,GtP@Ww,7,15644,,,false,7
,GtP@Ww,8,15854,,,false,7
,GtP@Ww,9,15714,,,false,7
,GsXX~{,0,20882,,,false,7
,GsXX~{,1,17949,,,false,7
,GsXX~{,2,17600,,,false,7
,GsXX~{,3,17321,,,false,7
,GsXX~{,4,17111,,,false,7
,GsXX~{,5,17181,,,false,7
,GsXX~{,6,17251,,,false,7
,GsXX~{,7,17041,,,false,7
,GsXX~{,8,17111,,,false,7
,GsXX~{,9,17250,,,false,7
,GqhX~{,0,18997,,,false,7
,GqhX~{,1,17391,,,false,7
,GqhX~{,2,16902,,,false,7
,GqhX~{,3,17111,,,false,7
,GqhX~{,4,16692,,,false,7
,GqhX~{,5,16133,,,false,7
,GqhX~{,6,16762,,,false,7
,GqhX~{,7,16692,,,false,7
,GqhX~{,8,16692,,,false,7
,GqhX~{,9,16832,,,false,7
,Gdlr^{,0,18996,,,false,7
,Gdlr^{,1,16762,,,false,7
,Gdlr^{,2,16762,,,false,7
,Gdlr^{,3,16483,,,false,7
,Gdlr^{,4,25562,,,false,7
,Gdlr^{,5,16692,,,false,7
,Gdlr^{,6,16133,,,false,7
,Gdlr^{,7,16343,,,false,7
,Gdlr^{,8,16692,,,false,7
,Gdlr^{,9,16203,,,false,7
,G`o~f{,0,19067,,,false,7
,G`o~f{,1,17530,,,false,7
,G`o~f{,2,16762,,,false,7
,G`o~f{,3,17111,,,false,7
,G`o~f{,4,16552,,,false,7
,G`o~f{,5,17180,,,false,7
,G`o~f{,6,16901,,,false,7
,G`o~f{,7,16831,,,false,7
,G`o~f{,8,16692,,,false,7
,G`o~f{,9,16622,,,false,7
,GA_jlw,0,20533,,,false,7
,GA_jlw,1,16622,,,false,7
,GA_jlw,2,16272,,,false,7
,GA_jlw,3,15784,,,false,7
,GA_jlw,4,16483,,,false,7
,GA_jlw,5,16413,,,false,7
,GA_jlw,6,16203,,,false,7
,GA_jlw,7,16133,,,false,7
,GA_jlw,8,16203,,,false,7
,GA_jlw,9,16203,,,false,7
,G`Mi~_,0,18508,,,false,7
,G`Mi~_,1,17111,,,false,7
,G`Mi~_,2,15854,,,false,7
,G`Mi~_,3,16203,,,false,7
,G`Mi~_,4,16203,,,false,7
,G`Mi~_,5,16273,,,false,7
,G`Mi~_,6,16134,,,false,7
,G`Mi~_,7,15854,,,false,7
,G`Mi~_,8,16204,,,false,7
,G`Mi~_,9,16063,,,false,7
,G@oZN_,0,19905,,,false,7
,G@oZN_,1,16622,,,false,7
,G@oZN_,2,15853,,,false,7
,G@oZN_,3,14666,,,false,7
,G@oZN_,4,15714,,,false,7
,G@oZN_,5,15784,,,false,7
,G@oZN_,6,16134,,,false,7
,G@oZN_,7,15365,,,false,7
,G@oZN_,8,15644,,,false,7
,G@oZN_,9,23886,,,false,7
,GSP@x{,0,19486,,,false,7
,GSP@x{,1,16413,,,false,7
,GSP@x{,2,15854,,,false,7
,GSP@x{,3,16622,,,false,7
,GSP@x{,4,16203,,,false,7
,GSP@x{,5,16342,,,false,7
,GSP@x{,6,16133,,,false,7
,GSP@x{,7,16692,,,false,7
,GSP@x{,8,16273,,,false,7
,GSP@x{,9,16133,,,false,7
,G}hX~{,0,20044,,,false,7
,G}hX~{,1,17390,,,false,7
,G}hX~{,2,17111,,,false,7
,G}hX~{,3,17041,,,false,7
,G}hX~{,4,18088,,,false,7
,G}hX~{,5,17320,,,false,7
,G}hX~{,6,17111,,,false,7
,G}hX~{,7,17111,,,false,7
,G}hX~{,8,16832,,,false,7
,G}hX~{,9,17041,,,false,7
,GqN~v{,0,19136,,,false,7
,GqN~v{,1,18088,,,false,7
,GqN~v{,2,17041,,,false,7
,GqN~v{,3,17180,,,false,7
,GqN~v{,4,17390,,,false,7
,GqN~v{,5,16342,,,false,7
,GqN~v{,6,16692,,,false,7
,GqN~v{,7,17041,,,false,7
,GqN~v{,8,16762,,,false,7
,GqN~v{,9,16622,,,false,7
,G`~~~{,0,22489,,,false,7
,G`~~~{,1,19137,,,false,7
,G`~~~{,2,18578,,,false,7
,G`~~~{,3,18438,,,false,7
,G`~~~{,4,18229,,,false,7
,G`~~~{,5,17949,,,false,7
,G`~~~{,6,17880,,,false,7
,G`~~~{,7,17740,,,false,7
,G`~~~{,8,18089,,,false,7
,G`~~~{,9,18019,,,false,7
,G{S~~w,0,20534,,,false,7
,G{S~~w,1,26260,,,false,7
,G{S~~w,2,17599,,,false,7
,G{S~~w,3,18019,,,false,7
,G{S~~w,4,17390,,,false,7
,G{S~~w,5,17390,,,false,7
,G{S~~w,6,17599,,,false,7
,G{S~~w,7,17181,,,false,7
,G{S~~w,8,17530,,,false,7
,G{S~~w,9,17250,,,false,7
,G_?ztw,0,19904,,,false,7
,G_?ztw,1,17180,,,false,7
,G_?ztw,2,17250,,,false,7
,G_?ztw,3,16552,,,false,7
,G_?ztw,4,17181,,,false,7
,G_?ztw,5,16831,,,false,7
,G_?ztw,6,16482,,,false,7
,G_?ztw,7,16692,,,false,7
,G_?ztw,8,16971,,,false,7
,G_?ztw,9,16762,,,false,7
,G?qipk,0,21860,,,false,7
,G?qipk,1,18508,,,false,7
,G?qipk,2,17739,,,false,7
,G?qipk,3,17669,,,false,7
,G?qipk,4,17600,,,false,7
,G?qipk,5,16832,,,false,7
,G?qipk,6,17111,,,false,7
,G?qipk,7,17041,,,false,7
,G?qipk,8,17181,,,false,7
,G?qipk,9,16901,,,false,7
,G?uvZw,0,22489,,,false,7
,G?uvZw,1,18996,,,false,7
,G?uvZw,2,18508,,,false,7
,G?uvZw,3,18158,,,false,7
,G?uvZw,4,18158,,,false,7
,G?uvZw,5,18507,,,false,7
,G?uvZw,6,18158,,,false,7
,G?uvZw,7,18228,,,false,7
,G?uvZw,8,18438,,,false,7
,G?uvZw,9,18228,,,false,7
,GR~v~{,0,21232,,,false,7
,GR~v~{,1,18089,,,false,7
,GR~v~{,2,17251,,,false,7
,GR~v~{,3,26260,,,false,7
,GR~v~{,4,17111,,,false,7
,GR~v~{,5,17181,,,false,7
,GR~v~{,6,17250,,,false,7
,GR~v~{,7,17111,,,false,7
,GR~v~{,8,17600,,,false,7
,GR~v~{,9,17321,,,false,7
,G?CqS[,0,20812,,,false,7
,G?CqS[,1,17251,,,false,7
,G?CqS[,2,16552,,,false,7
,G?CqS[,3,16273,,,false,7
,G?CqS[,4,16203,,,false,7
,G?CqS[,5,16133,,,false,7
,G?CqS[,6,16203,,,false,7
,G?CqS[,7,16273,,,false,7
,G?CqS[,8,16134,,,false,7
,G?CqS[,9,16343,,,false,7
,G?DH\k,0,20743,,,false,7
,G?DH\k,1,17111,,,false,7
,G?DH\k,2,17041,,,false,7
,G?DH\k,3,16622,,,false,7
,G?DH\k,4,16762,,,false,7
,G?DH\k,5,16133,,,false,7
,G?DH\k,6,16762,,,false,7
,G?DH\k,7,17251,,,false,7
,G?DH\k,8,17041,,,false,7
,G?DH\k,9,16692,,,false,7
,G?GSY[,0,37156,,,false,3
,G?GSY[,1,31708,,,false,3
,G?GSY[,2,29193,,,false,3
,G?GSY[,3,28216,,,false,3
,G?GSY[,4,28705,,,false,3
,G?GSY[,5,28635,,,false,3
,G?GSY[,6,27587,,,false,3
,G?GSY[,7,28076,,,false,3
,G?GSY[,8,27727,,,false,3
,G?GSY[,9,28216,,,false,3
,G?GTa[,0,28495,,,false,7
,G?GTa[,1,16622,,,false,7
,G?GTa[,2,15784,,,false,7
,G?GTa[,3,16762,,,false,7
,G?GTa[,4,16552,,,false,7
,G?GTa[,5,15784,,,false,7
,G?GTa[,6,15784,,,false,7
,G?GTa[,7,16064,,,false,7
,G?GTa[,8,16343,,,false,7
,G?GTa[,9,16622,,,false,7
,G?Gsy{,0,20952,,,false,7
,G?Gsy{,1,17949,,,false,7
,G?Gsy{,2,17181,,,false,7
,G?Gsy{,3,16831,,,false,7
,G?Gsy{,4,16622,,,false,7
,G?Gsy{,5,16692,,,false,7
,G?Gsy{,6,16762,,,false,7
,G?Gsy{,7,17042,,,false,7
,G?Gsy{,8,16692,,,false,7
,G?Gsy{,9,16762,,,false,7
,G?Mq~s,0,23746,,,false,7
,G?Mq~s,1,19555,,,false,7
,G?Mq~s,2,18368,,,false,7
,G?Mq~s,3,18578,,,false,7
,G?Mq~s,4,18229,,,false,7
,G?Mq~s,5,18089,,,false,7
,G?Mq~s,6,18508,,,false,7
,G?Mq~s,7,18228,,,false,7
,G?Mq~s,8,18158,,,false,7
,G?Mq~s,9,18927,,,false,7
,G?O_k[,0,17320,,,false,3
,G?O_k[,1,13619,,,false,3
,G?O_k[,2,13339,,,false,3
,G?O_k[,3,13130,,,false,3
,G?O_k[,4,12921,,,false,3
,G?O_k[,5,12711,,,false,3
,G?O_k[,6,12991,,,false,3
,G?O_k[,7,12711,,,false,3
,G?O_k[,8,12991,,,false,3
,G?O_k[,9,12781,,,false,3
,G?O_ls,0,22000,,,false,7
,G?O_ls,1,19207,,,false,7
,G?O_ls,2,18927,,,false,7
,G?O_ls,3,18578,,,false,7
,G?O_ls,4,18788,,,false,7
,G?O_ls,5,18089,,,false,7
,G?O_ls,6,17879,,,false,7
,G?O_ls,7,17809,,,false,7
,G?O_ls,8,18228,,,false,7
,G?O_ls,9,18438,,,false,7
,G?O_~k,0,21022,,,false,7
,G?O_~k,1,17670,,,false,7
,G?O_~k,2,17041,,,false,7
,G?O_~k,3,16761,,,false,7
,G?O_~k,4,16622,,,false,7
,G?O_~k,5,16622,,,false,7
,G?O_~k,6,15225,,,false,7
,G?O_~k,7,16483,,,false,7
,G?O_~k,8,16343,,,false,7
,G?O_~k,9,16623,,,false,7
,G?Og~{,0,20044,,,false,7
,G?Og~{,1,16622,,,false,7
,G?Og~{,2,17041,,,false,7
,G?Og~{,3,16832,,,false,7
,G?Og~{,4,16692,,,false,7
,G?Og~{,5,17041,,,false,7
,G?Og~{,6,17251,,,false,7
,G?Og~{,7,17879,,,false,7
,G?Og~{,8,17879,,,false,7
,G?Og~{,9,18159,,,false,7
,G?QXrK,0,21441,,,false,7
,G?QXrK,1,18228,,,false,7
,G?QXrK,2,17600,,,false,7
,G?QXrK,3,17530,,,false,7
,G?QXrK,4,17321,,,false,7
,G?QXrK,5,16762,,,false,7
,G?QXrK,6,16972,,,false,7
,G?QXrK,7,17320,,,false,7
,G?QXrK,8,17390,,,false,7
,G?QXrK,9,17390,,,false,7
,G?hZtg,0,31987,,,false,7
,G?hZtg,1,20812,,,false,7
,G?hZtg,2,18648,,,false,7
,G?hZtg,3,18718,,,false,7
,G?hZtg,4,18508,,,false,7
,G?hZtg,5,28076,,,false,7
,G?hZtg,6,18927,,,false,7
,G?hZtg,7,18718,,,false,7
,G?hZtg,8,18927,,,false,7
,G?hZtg,9,18787,,,false,7
,G@?]RW,0,21022,,,false,7
,G@?]RW,1,17111,,,false,7
,G@?]RW,2,17181,,,false,7
,G@?]RW,3,17251,,,false,7
,G@?]RW,4,17042,,,false,7
,G@?]RW,5,17181,,,false,7
,G@?]RW,6,17321,,,false,7
,G@?]RW,7,17111,,,false,7
,G@?]RW,8,17250,,,false,7
,G@?]RW,9,17530,,,false,7
,G@@GtC,0,22489,,,false,3
,G@@GtC,1,18717,,,false,3
,G@@GtC,2,17600,,,false,3
,G@@GtC,3,17181,,,false,3
,G@@GtC,4,16762,,,false,3
,G@@GtC,5,17599,,,false,3
,G@@GtC,6,17111,,,false,3
,G@@GtC,7,16762,,,false,3
,G@@GtC,8,17041,,,false,3
,G@@GtC,9,17181,,,false,3
,G@@GtK,0,20254,,,false,7
,G@@GtK,1,17321,,,false,7
,G@@GtK,2,16691,,,false,7
,G@@GtK,3,16063,,,false,7
,G@@GtK,4,16273,,,false,7
,G@@GtK,5,16133,,,false,7
,G@@GtK,6,15714,,,false,7
,G@@GtK,7,16342,,,false,7
,G@@GtK,8,16063,,,false,7
,G@@GtK,9,16273,,,false,7
,G@AAWw,0,34501,,,false,3
,G@AAWw,1,29123,,,false,3
,G@AAWw,2,28145,,,false,3
,G@AAWw,3,28565,,,false,3
,G@AAWw,4,27657,,,false,3
,G@AAWw,5,36737,,,false,3
,G@AAWw,6,27657,,,false,3
,G@AAWw,7,27168,,,false,3
,G@AAWw,8,27168,,,false,3
,G@AAWw,9,27937,,,false,3
,G@GR[w,0,22768,,,false,7
,G@GR[w,1,19416,,,false,7
,G@GR[w,2,17251,,,false,7
,G@GR[w,3,17740,,,false,7
,G@GR[w,4,17530,,,false,7
,G@GR[w,5,17670,,,false,7
,G@GR[w,6,18717,,,false,7
,G@GR[w,7,18018,,,false,7
,G@GR[w,8,17670,,,false,7
,G@GR[w,9,17600,,,false,7
,G@HSYs,0,23467,,,false,7
,G@HSYs,1,19136,,,false,7
,G@HSYs,2,18089,,,false,7
,G@HSYs,3,18508,,,false,7
,G@HSYs,4,18648,,,false,7
,G@HSYs,5,18717,,,false,7
,G@HSYs,6,18438,,,false,7
,G@HSYs,7,19067,,,false,7
,G@HSYs,8,18787,,,false,7
,G@HSYs,9,18787,,,false,7
,G@hZtk,0,25910,,,false,7
,G@hZtk,1,19625,,,false,7
,G@hZtk,2,18927,,,false,7
,G@hZtk,3,18717,,,false,7
,G@hZtk,4,18717,,,false,7
,G@hZtk,5,18508,,,false,7
,G@hZtk,6,18508,,,false,7
,G@hZtk,7,18717,,,false,7
,G@hZtk,8,18647,,,false,7
,G@hZtk,9,18368,,,false,7
,GAXttw,0,23955,,,false,7
,GAXttw,1,19556,,,false,7
,GAXttw,2,18927,,,false,7
,GAXttw,3,28146,,,false,7
,GAXttw,4,19136,,,false,7
,GAXttw,5,18718,,,false,7
,GAXttw,6,18997,,,false,7
,GAXttw,7,18019,,,false,7
,GAXttw,8,18229,,,false,7
,GAXttw,9,18648,,,false,7
,GB_g~K,0,21372,,,false,7
,GB_g~K,1,17670,,,false,7
,GB_g~K,2,17041,,,false,7
,GB_g~K,3,16343,,,false,7
,GB_g~K,4,16622,,,false,7
,GB_g~K,5,17530,,,false,7
,GB_g~K,6,16831,,,false,7
,GB_g~K,7,16692,,,false,7
,GB_g~K,8,16552,,,false,7
,GB_g~K,9,16762,,,false,7
,G_ClQk,0,21232,,,false,7
,G_ClQk,1,17599,,,false,7
,G_ClQk,2,17460,,,false,7
,G_ClQk,3,17670,,,false,7
,G_ClQk,4,16831,,,false,7
,G_ClQk,5,16622,,,false,7
,G_ClQk,6,17181,,,false,7
,G_ClQk,7,16762,,,false,7
,G_ClQk,8,16133,,,false,7
,G_ClQk,9,15784,,,false,7
,G`_YPK,0,18507,,,false,7
,G`_YPK,1,15295,,,false,7
,G`_YPK,2,14597,,,false,7
,G`_YPK,3,15156,,,false,7
,G`_YPK,4,15226,,,false,7
,G`_YPK,5,15225,,,false,7
,G`_YPK,6,14946,,,false,7
,G`_YPK,7,15156,,,false,7
,G`_YPK,8,15365,,,false,7
,G`_YPK,9,15226,,,false,7
,G`iZY{,0,20045,,,false,7
,G`iZY{,1,16273,,,false,7
,G`iZY{,2,15645,,,false,7
,G`iZY{,3,15854,,,false,7
,G`iZY{,4,15505,,,false,7
,G`iZY{,5,15645,,,false,7
,G`iZY{,6,15714,,,false,7
,G`iZY{,7,25212,,,false,7
,G`iZY{,8,15784,,,false,7
,G`iZY{,9,15365,,,false,7
,G_urPk,0,20603,,,false,7
,G_urPk,1,17250,,,false,7
,G_urPk,2,16552,,,false,7
,G_urPk,3,16692,,,false,7
,G_urPk,4,16901,,,false,7
,G_urPk,5,16483,,,false,7
,G_urPk,6,16343,,,false,7
,G_urPk,7,16483,,,false,7
,G_urPk,8,16902,,,false,7
,G_urPk,9,16343,,,false,7
,G???Zc,0,10546,,,false,3
,G???Zc,1,8520,,,false,3
,G???Zc,2,7682,,,false,3
,G???Zc,3,7612,,,false,3
,G???Zc,4,7612,,,false,3
,G???Zc,5,7752,,,false,3
,G???Zc,6,7123,,,false,3
,G???Zc,7,7613,,,false,3
,G???Zc,8,7752,,,false,3
,G???Zc,9,7961,,,false,3
,GG?O\o,0,18019,,,false,7
,GG?O\o,1,15365,,,false,7
,GG?O\o,2,15155,,,false,7
,GG?O\o,3,15086,,,false,7
,GG?O\o,4,15784,,,false,7
,GG?O\o,5,15155,,,false,7
,GG?O\o,6,14876,,,false,7
,GG?O\o,7,15156,,,false,7
,GG?O\o,8,15295,,,false,7
,GG?O\o,9,15645,,,false,7
,G?H?|_,0,21511,,,false,7
,G?H?|_,1,17320,,,false,7
,G?H?|_,2,16552,,,false,7
,G?H?|_,3,16273,,,false,7
,G?H?|_,4,16063,,,false,7
,G?H?|_,5,16483,,,false,7
,G?H?|_,6,16203,,,false,7
,G?H?|_,7,16552,,,false,7
,G?H?|_,8,16273,,,false,7
,G?H?|_,9,16203,,,false,7
,GR~~vk,0,21441,,,false,7
,GR~~vk,1,17810,,,false,7
,GR~~vk,2,22069,,,false,7
,GR~~vk,3,17530,,,false,7
,GR~~vk,4,17670,,,false,7
,GR~~vk,5,17111,,,false,7
,GR~~vk,6,16622,,,false,7
,GR~~vk,7,17181,,,false,7
,GR~~vk,8,17251,,,false,7
,GR~~vk,9,17111,,,false,7
,G?GXeC,0,32406,,,false,7
,G?GXeC,1,27657,,,false,7
,G?GXeC,2,27238,,,false,7
,G?GXeC,3,26679,,,false,7
,G?GXeC,4,26191,,,false,7
,G?GXeC,5,26540,,,false,7
,G?GXeC,6,26679,,,false,7
,G?GXeC,7,26260,,,false,7
,G?GXeC,8,26679,,,false,7
,G?GXeC,9,26749,,,false,7
,G?GTaW,0,18997,,,false,7
,G?GTaW,1,16343,,,false,7
,G?GTaW,2,15644,,,false,7
,G?GTaW,3,15714,,,false,7
,G?GTaW,4,15225,,,false,7
,G?GTaW,5,16902,,,false,7
,G?GTaW,6,15365,,,false,7
,G?GTaW,7,15644,,,false,7
,G?GTaW,8,15296,,,false,7
,G?GTaW,9,15155,,,false,7
,GN~~~{,0,20114,,,false,7
,GN~~~{,1,17740,,,false,7
,GN~~~{,2,17041,,,false,7
,GN~~~{,3,17181,,,false,7
,GN~~~{,4,17320,,,false,7
,GN~~~{,5,17390,,,false,7
,GN~~~{,6,17180,,,false,7
,GN~~~{,7,16971,,,false,7
,GN~~~{,8,17181,,,false,7
,GN~~~{,9,17250,,,false,7
,G?G^eW,0,19905,,,false,7
,G?G^eW,1,17041,,,false,7
,G?G^eW,2,16273,,,false,7
,G?G^eW,3,25422,,,false,7
,G?G^eW,4,15644,,,false,7
,G?G^eW,5,16203,,,false,7
,G?G^eW,6,16133,,,false,7
,G?G^eW,7,16482,,,false,7
,G?G^eW,8,15854,,,false,7
,G?G^eW,9,16063,,,false,7
,G?G^e[,0,18229,,,false,7
,G?G^e[,1,16622,,,false,7
,G?G^e[,2,16203,,,false,7
,G?G^e[,3,15784,,,false,7
,G?G^e[,4,16064,,,false,7
,G?G^e[,5,16273,,,false,7
,G?G^e[,6,16204,,,false,7
,G?G^e[,7,16063,,,false,7
,G?G^e[,8,15924,,,false,7
,G?G^e[,9,15993,,,false,7
,G?G]^w,0,19486,,,false,7
,G?G]^w,1,17041,,,false,7
,G?G]^w,2,16273,,,false,7
,G?G]^w,3,16133,,,false,7
,G?G]^w,4,15714,,,false,7
,G?G]^w,5,16342,,,false,7
,G?G]^w,6,16133,,,false,7
,G?G]^w,7,16203,,,false,7
,G?G]^w,8,16343,,,false,7
,G?G]^w,9,16063,,,false,7
,G?G]^{,0,18927,,,false,7
,G?G]^{,1,17390,,,false,7
,G?G]^{,2,16762,,,false,7
,G?G]^{,3,16622,,,false,7
,G?G]^{,4,16692,,,false,7
,G?G]^{,5,16831,,,false,7
,G?G]^{,6,16552,,,false,7
,G?G]^{,7,17251,,,false,7
,G?G]^{,8,16761,,,false,7
,G?G]^{,9,17041,,,false,7
,GQ`@Gs,0,19626,,,false,7
,GQ`@Gs,1,15994,,,false,7
,GQ`@Gs,2,15015,,,false,7
,GQ`@Gs,3,15365,,,false,7
,GQ`@Gs,4,15156,,,false,7
,GQ`@Gs,5,14876,,,false,7
,GQ`@Gs,6,15155,,,false,7
,GQ`@Gs,7,15225,,,false,7
,GQ`@Gs,8,24305,,,false,7
,GQ`@Gs,9,14806,,,false,7
,G`?CzW,0,18228,,,false,7
,G`?CzW,1,15854,,,false,7
,G`?CzW,2,15085,,,false,7
,G`?CzW,3,15295,,,false,7
,G`?CzW,4,15085,,,false,7
,G`?CzW,5,15365,,,false,7
,G`?CzW,6,15086,,,false,7
,G`?CzW,7,15365,,,false,7
,G`?CzW,8,15296,,,false,7
,G`?CzW,9,15155,,,false,7
,G??CzW,0,28634,,,false,3
,G??CzW,1,25422,,,false,3
,G??CzW,2,23886,,,false,3
,G??CzW,3,23746,,,false,3
,G??CzW,4,23607,,,false,3
,G??CzW,5,23676,,,false,3
,G??CzW,6,23815,,,false,3
,G??CzW,7,23396,,,false,3
,G??CzW,8,23396,,,false,3
,G??CzW,9,23257,,,false,3
,Grqz~{,0,21022,,,false,7
,Grqz~{,1,18228,,,false,7
,Grqz~{,2,17111,,,false,7
,Grqz~{,3,17250,,,false,7
,Grqz~{,4,17111,,,false,7
,Grqz~{,5,17391,,,false,7
,Grqz~{,6,17321,,,false,7
,Grqz~{,7,17041,,,false,7
,Grqz~{,8,17669,,,false,7
,Grqz~{,9,17251,,,false,7
,GqG?g[,0,18508,,,false,7
,GqG?g[,1,15784,,,false,7
,GqG?g[,2,14806,,,false,7
,GqG?g[,3,15645,,,false,7
,GqG?g[,4,15365,,,false,7
,GqG?g[,5,15505,,,false,7
,GqG?g[,6,15715,,,false,7
,GqG?g[,7,15016,,,false,7
,GqG?g[,8,14946,,,false,7
,GqG?g[,9,15295,,,false,7
,G``?pK,0,18089,,,false,7
,G``?pK,1,16343,,,false,7
,G``?pK,2,15156,,,false,7
,G``?pK,3,15714,,,false,7
,G``?pK,4,14807,,,false,7
,G``?pK,5,15574,,,false,7
,G``?pK,6,15435,,,false,7
,G``?pK,7,15575,,,false,7
,G``?pK,8,15295,,,false,7
,G``?pK,9,15575,,,false,7
,GHDk}{,0,22489,,,false,7
,GHDk}{,1,18648,,,false,7
,GHDk}{,2,17461,,,false,7
,GHDk}{,3,17251,,,false,7
,GHDk}{,4,17181,,,false,7
,GHDk}{,5,17041,,,false,7
,GHDk}{,6,17250,,,false,7
,GHDk}{,7,17250,,,false,7
,GHDk}{,8,17041,,,false,7
,GHDk}{,9,16832,,,false,7
,GDHG}{,0,22139,,,false,7
,GDHG}{,1,17739,,,false,7
,GDHG}{,2,17111,,,false,7
,GDHG}{,3,17530,,,false,7
,GDHG}{,4,16762,,,false,7
,GDHG}{,5,16761,,,false,7
,GDHG}{,6,17111,,,false,7
,GDHG}{,7,16762,,,false,7
,GDHG}{,8,17111,,,false,7
,GDHG}{,9,17041,,,false,7
,GQh\z{,0,21231,,,false,7
,GQh\z{,1,17460,,,false,7
,GQh\z{,2,17251,,,false,7
,GQh\z{,3,16553,,,false,7
,GQh\z{,4,17181,,,false,7
,GQh\z{,5,16832,,,false,7
,GQh\z{,6,16552,,,false,7
,GQh\z{,7,17111,,,false,7
,GQh\z{,8,16762,,,false,7
,GQh\z{,9,17041,,,false,7
,GTlrY{,0,21441,,,false,7
,GTlrY{,1,18578,,,false,7
,GTlrY{,2,26959,,,false,7
,GTlrY{,3,18089,,,false,7
,GTlrY{,4,18159,,,false,7
,GTlrY{,5,17600,,,false,7
,GTlrY{,6,17530,,,false,7
,GTlrY{,7,17739,,,false,7
,GTlrY{,8,18159,,,false,7
,GTlrY{,9,17530,,,false,7
,G@hV~{,0,22559,,,false,7
,G@hV~{,1,18857,,,false,7
,G@hV~{,2,18438,,,false,7
,G@hV~{,3,18159,,,false,7
,G@hV~{,4,18438,,,false,7
,G@hV~{,5,18089,,,false,7
,G@hV~{,6,18229,,,false,7
,G@hV~{,7,18019,,,false,7
,G@hV~{,8,18578,,,false,7
,G@hV~{,9,18229,,,false,7
,G@qz}{,0,20883,,,false,7
,G@qz}{,1,17670,,,false,7
,G@qz}{,2,17391,,,false,7
,G@qz}{,3,17390,,,false,7
,G@qz}{,4,17600,,,false,7
,G@qz}{,5,17041,,,false,7
,G@qz}{,6,17181,,,false,7
,G@qz}{,7,16832,,,false,7
,G@qz}{,8,17111,,,false,7
,G@qz}{,9,17181,,,false,7
,GDlr]{,0,20533,,,false,7
,GDlr]{,1,18089,,,false,7
,GDlr]{,2,17250,,,false,7
,GDlr]{,3,17181,,,false,7
,GDlr]{,4,16971,,,false,7
,GDlr]{,5,17181,,,false,7
,GDlr]{,6,16901,,,false,7
,GDlr]{,7,17250,,,false,7
,GDlr]{,8,17250,,,false,7
,GDlr]{,9,17041,,,false,7
,GKXu|{,0,19136,,,false,7
,GKXu|{,1,16762,,,false,7
,GKXu|{,2,16622,,,false,7
,GKXu|{,3,16273,,,false,7
,GKXu|{,4,24863,,,false,7
,GKXu|{,5,16482,,,false,7
,GKXu|{,6,16203,,,false,7
,GKXu|{,7,16134,,,false,7
,GKXu|{,8,16692,,,false,7
,GKXu|{,9,16832,,,false,7
,G@KuUK,0,21860,,,false,7
,G@KuUK,1,17740,,,false,7
,G@KuUK,2,17181,,,false,7
,G@KuUK,3,17531,,,false,7
,G@KuUK,4,17251,,,false,7
,G@KuUK,5,17181,,,false,7
,G@KuUK,6,16971,,,false,7
,G@KuUK,7,17181,,,false,7
,G@KuUK,8,16902,,,false,7
,G@KuUK,9,16832,,,false,7
,G???^c,0,10407,,,false,3
,G???^c,1,8520,,,false,3
,G???^c,2,7682,,,false,3
,G???^c,3,7612,,,false,3
,G???^c,4,8171,,,false,3
,G???^c,5,7613,,,false,3
,G???^c,6,7612,,,false,3
,G???^c,7,7682,,,false,3
,G???^c,8,7962,,,false,3
,G???^c,9,7613,,,false,3
,G??OVK,0,11873,,,false,3
,G??OVK,1,10057,,,false,3
,G??OVK,2,10476,,,false,3
,G??OVK,3,10197,,,false,3
,G??OVK,4,10267,,,false,3
,G??OVK,5,9987,,,false,3
,G??OVK,6,10406,,,false,3
,G??OVK,7,10406,,,false,3
,G??OVK,8,10127,,,false,3
,G??OVK,9,9917,,,false,3
,G??O^C,0,6565,,,false,3
,G??O^C,1,6704,,,false,3
,G??O^C,2,6215,,,false,3
,G??O^C,3,6216,,,false,3
,G??O^C,4,5657,,,false,3
,G??O^C,5,6285,,,false,3
,G??O^C,6,6146,,,false,3
,G??O^C,7,5727,,,false,3
,G??O^C,8,5796,,,false,3
,G??O^C,9,6146,,,false,3
,G?GU?[,0,13200,,,false,3
,G?GU?[,1,10616,,,false,3
,G?GU?[,2,9848,,,false,3
,G?GU?[,3,9917,,,false,3
,G?GU?[,4,9498,,,false,3
,G?GU?[,5,9917,,,false,3
,G?GU?[,6,10127,,,false,3
,G?GU?[,7,9499,,,false,3
,G?GU?[,8,10057,,,false,3
,G?GU?[,9,9568,,,false,3
,G?CBKW,0,14248,,,false,3
,G?CBKW,1,12502,,,false,3
,G?CBKW,2,11873,,,false,3
,G?CBKW,3,21022,,,false,3
,G?CBKW,4,11943,,,false,3
,G?CBKW,5,11943,,,false,3
,G?CBKW,6,11943,,,false,3
,G?CBKW,7,12432,,,false,3
,G?CBKW,8,11803,,,false,3
,G?CBKW,9,12432,,,false,3
,G?G\z{,0,21860,,,false,7
,G?G\z{,1,18159,,,false,7
,G?G\z{,2,18159,,,false,7
,G?G\z{,3,17530,,,false,7
,G?G\z{,4,17251,,,false,7
,G?G\z{,5,17669,,,false,7
,G?G\z{,6,17041,,,false,7
,G?G\z{,7,17251,,,false,7
,G?G\z{,8,17251,,,false,7
,G?G\z{,9,16902,,,false,7
,G?rHx{,0,23257,,,false,7
,G?rHx{,1,18997,,,false,7
,G?rHx{,2,18648,,,false,7
,G?rHx{,3,18718,,,false,7
,G?rHx{,4,18508,,,false,7
,G?rHx{,5,18578,,,false,7
,G?rHx{,6,18229,,,false,7
,G?rHx{,7,18089,,,false,7
,G?rHx{,8,18019,,,false,7
,G?rHx{,9,18648,,,false,7
,G@dcz[,0,21232,,,false,7
,G@dcz[,1,18089,,,false,7
,G@dcz[,2,17111,,,false,7
,G@dcz[,3,17111,,,false,7
,G@dcz[,4,16762,,,false,7
,G@dcz[,5,16622,,,false,7
,G@dcz[,6,17181,,,false,7
,G@dcz[,7,16832,,,false,7
,G@dcz[,8,17042,,,false,7
,G@dcz[,9,16692,,,false,7
,G_G\zw,0,19626,,,false,7
,G_G\zw,1,16482,,,false,7
,G_G\zw,2,15714,,,false,7
,G_G\zw,3,15994,,,false,7
,G_G\zw,4,15924,,,false,7
,G_G\zw,5,16203,,,false,7
,G_G\zw,6,16063,,,false,7
,G_G\zw,7,24374,,,false,7
,G_G\zw,8,16342,,,false,7
,G_G\zw,9,16133,,,false,7
,G`iiqk,0,18648,,,false,7
,G`iiqk,1,16064,,,false,7
,G`iiqk,2,15784,,,false,7
,G`iiqk,3,16064,,,false,7
,G`iiqk,4,15505,,,false,7
,G`iiqk,5,15714,,,false,7
,G`iiqk,6,15575,,,false,7
,G`iiqk,7,15365,,,false,7
,G`iiqk,8,15714,,,false,7
,G`iiqk,9,15784,,,false,7
,G`qihs,0,18019,,,false,7
,G`qihs,1,16203,,,false,7
,G`qihs,2,16273,,,false,7
,G`qihs,3,15574,,,false,7
,G`qihs,4,15853,,,false,7
,G`qihs,5,15644,,,false,7
,G`qihs,6,16134,,,false,7
,G`qihs,7,15714,,,false,7
,G`qihs,8,15714,,,false,7
,G`qihs,9,16343,,,false,7
,G`r@xw,0,18578,,,false,7
,G`r@xw,1,16832,,,false,7
,G`r@xw,2,16622,,,false,7
,G`r@xw,3,16203,,,false,7
,G`r@xw,4,16343,,,false,7
,G`r@xw,5,16133,,,false,7
,G`r@xw,6,16273,,,false,7
,G`r@xw,7,16343,,,false,7
,G`r@xw,8,16483,,,false,7
,G`r@xw,9,16203,,,false,7
,G@IQV{,0,21930,,,false,7
,G@IQV{,1,18718,,,false,7
,G@IQV{,2,17600,,,false,7
,G@IQV{,3,17949,,,false,7
,G@IQV{,4,17250,,,false,7
,G@IQV{,5,17669,,,false,7
,G@IQV{,6,17041,,,false,7
,G@IQV{,7,18019,,,false,7
,G@IQV{,8,17810,,,false,7
,G@IQV{,9,17390,,,false,7
,GQG\Yw,0,19695,,,false,7
,GQG\Yw,1,17251,,,false,7
,GQG\Yw,2,16623,,,false,7
,GQG\Yw,3,16203,,,false,7
,GQG\Yw,4,15854,,,false,7
,GQG\Yw,5,15714,,,false,7
,GQG\Yw,6,16203,,,false,7
,GQG\Yw,7,15784,,,false,7
,GQG\Yw,8,15644,,,false,7
,GQG\Yw,9,15853,,,false,7
,GGEJd{,0,18857,,,false,7
,GGEJd{,1,16273,,,false,7
,GGEJd{,2,16133,,,false,7
,GGEJd{,3,16273,,,false,7
,GGEJd{,4,16762,,,false,7
,GGEJd{,5,16552,,,false,7
,GGEJd{,6,16273,,,false,7
,GGEJd{,7,16692,,,false,7
,GGEJd{,8,16203,,,false,7
,GGEJd{,9,16832,,,false,7
,GPOY\k,0,19905,,,false,7
,GPOY\k,1,16902,,,false,7
,GPOY\k,2,16413,,,false,7
,GPOY\k,3,16343,,,false,7
,GPOY\k,4,16203,,,false,7
,GPOY\k,5,16063,,,false,7
,GPOY\k,6,16273,,,false,7
,GPOY\k,7,16134,,,false,7
,GPOY\k,8,16273,,,false,7
,GPOY\k,9,16273,,,false,7
,GCQrP{,0,18648,,,false,7
,GCQrP{,1,16343,,,false,7
,GCQrP{,2,15645,,,false,7
,GCQrP{,3,15365,,,false,7
,GCQrP{,4,15505,,,false,7
,GCQrP{,5,15994,,,false,7
,GCQrP{,6,15714,,,false,7
,GCQrP{,7,16063,,,false,7
,GCQrP{,8,15784,,,false,7
,GCQrP{,9,16133,,,false,7
,G?hSz[,0,21510,,,false,7
,G?hSz[,1,18228,,,false,7
,G?hSz[,2,17111,,,false,7
,G?hSz[,3,17111,,,false,7
,G?hSz[,4,17320,,,false,7
,G?hSz[,5,25492,,,false,7
,G?hSz[,6,17390,,,false,7
,G?hSz[,7,17320,,,false,7
,G?hSz[,8,17530,,,false,7
,G?hSz[,9,17181,,,false,7
,G@QP}[,0,18578,,,false,7
,G@QP}[,1,16622,,,false,7
,G@QP}[,2,16272,,,false,7
,G@QP}[,3,16063,,,false,7
,G@QP}[,4,16273,,,false,7
,G@QP}[,5,16343,,,false,7
,G@QP}[,6,15994,,,false,7
,G@QP}[,7,16203,,,false,7
,G@QP}[,8,16482,,,false,7
,G@QP}[,9,15923,,,false,7
,GCO\j[,0,17949,,,false,7
,GCO\j[,1,16762,,,false,7
,GCO\j[,2,16203,,,false,7
,GCO\j[,3,16063,,,false,7
,GCO\j[,4,16273,,,false,7
,GCO\j[,5,16133,,,false,7
,GCO\j[,6,15714,,,false,7
,GCO\j[,7,15924,,,false,7
,GCO\j[,8,15993,,,false,7
,GCO\j[,9,15923,,,false,7
,GCOp]{,0,19556,,,false,7
,GCOp]{,1,17251,,,false,7
,GCOp]{,2,16553,,,false,7
,GCOp]{,3,16273,,,false,7
,GCOp]{,4,16273,,,false,7
,GCOp]{,5,16552,,,false,7
,GCOp]{,6,16692,,,false,7
,GCOp]{,7,16272,,,false,7
,GCOp]{,8,16552,,,false,7
,GCOp]{,9,16273,,,false,7
,G?U`m{,0,21161,,,false,7
,G?U`m{,1,17460,,,false,7
,G?U`m{,2,17251,,,false,7
,G?U`m{,3,17041,,,false,7
,G?U`m{,4,17739,,,false,7
,G?U`m{,5,17251,,,false,7
,G?U`m{,6,17041,,,false,7
,G?U`m{,7,17250,,,false,7
,G?U`m{,8,16761,,,false,7
,G?U`m{,9,17041,,,false,7
,GAhP[{,0,20603,,,false,7
,GAhP[{,1,17041,,,false,7
,GAhP[{,2,16482,,,false,7
,GAhP[{,3,16342,,,false,7
,GAhP[{,4,16133,,,false,7
,GAhP[{,5,16273,,,false,7
,GAhP[{,6,16203,,,false,7
,GAhP[{,7,16134,,,false,7
,GAhP[{,8,15854,,,false,7
,GAhP[{,9,16203,,,false,7
,G}_xq[,0,22419,,,false,7
,G}_xq[,1,18299,,,false,7
,G}_xq[,2,17390,,,false,7
,G}_xq[,3,17600,,,false,7
,G}_xq[,4,17460,,,false,7
,G}_xq[,5,17669,,,false,7
,G}_xq[,6,17739,,,false,7
,G}_xq[,7,17530,,,false,7
,G}_xq[,8,17111,,,false,7
,G}_xq[,9,17740,,,false,7
,G}h_w{,0,18577,,,false,7
,G}h_w{,1,17250,,,false,7
,G}h_w{,2,16622,,,false,7
,G}h_w{,3,16133,,,false,7
,G}h_w{,4,16692,,,false,7
,G}h_w{,5,16483,,,false,7
,G}h_w{,6,16343,,,false,7
,G}h_w{,7,16064,,,false,7
,G}h_w{,8,16203,,,false,7
,G}h_w{,9,16342,,,false,7
,G?Fn~{,0,20603,,,false,7
,G?Fn~{,1,19206,,,false,7
,G?Fn~{,2,17670,,,false,7
,G?Fn~{,3,17530,,,false,7
,G?Fn~{,4,18228,,,false,7
,G?Fn~{,5,17669,,,false,7
,G?Fn~{,6,17949,,,false,7
,G?Fn~{,7,18159,,,false,7
,G?Fn~{,8,17949,,,false,7
,G?Fn~{,9,17600,,,false,7
,G?NV~{,0,21092,,,false,7
,G?NV~{,1,18996,,,false,7
,G?NV~{,2,26609,,,false,7
,G?NV~{,3,18508,,,false,7
,G?NV~{,4,18229,,,false,7
,G?NV~{,5,18578,,,false,7
,G?NV~{,6,17879,,,false,7
,G?NV~{,7,18089,,,false,7
,G?NV~{,8,18368,,,false,7
,G?NV~{,9,18089,,,false,7
,G?dn~{,0,21441,,,false,7
,G?dn~{,1,19415,,,false,7
,G?dn~{,2,18647,,,false,7
,G?dn~{,3,18717,,,false,7
,G?dn~{,4,18508,,,false,7
,G?dn~{,5,18089,,,false,7
,G?dn~{,6,18229,,,false,7
,G?dn~{,7,18368,,,false,7
,G?dn~{,8,18857,,,false,7
,G?dn~{,9,18648,,,false,7
,GAI^~{,0,19486,,,false,7
,GAI^~{,1,17740,,,false,7
,GAI^~{,2,17600,,,false,7
,GAI^~{,3,17530,,,false,7
,GAI^~{,4,17250,,,false,7
,GAI^~{,5,17181,,,false,7
,GAI^~{,6,17460,,,false,7
,GAI^~{,7,17810,,,false,7
,GAI^~{,8,17391,,,false,7
,GAI^~{,9,17390,,,false,7
,G??F~w,0,16552,,,false,7
,G??F~w,1,15365,,,false,7
,G??F~w,2,14806,,,false,7
,G??F~w,3,15155,,,false,7
,G??F~w,4,15365,,,false,7
,G??F~w,5,15156,,,false,7
,G??F~w,6,15295,,,false,7
,G??F~w,7,15295,,,false,7
,G??F~w,8,15156,,,false,7
,G??F~w,9,14876,,,false,7
,G?CV^W,0,19834,,,false,7
,G?CV^W,1,17111,,,false,7
,G?CV^W,2,16483,,,false,7
,G?CV^W,3,16762,,,false,7
,G?CV^W,4,16343,,,false,7
,G?CV^W,5,22838,,,false,7
,G?CV^W,6,16622,,,false,7
,G?CV^W,7,16343,,,false,7
,G?CV^W,8,16134,,,false,7
,G?CV^W,9,16692,,,false,7
,G?AZvo,0,17111,,,false,7
,G?AZvo,1,15295,,,false,7
,G?AZvo,2,15086,,,false,7
,G?AZvo,3,15086,,,false,7
,G?AZvo,4,15225,,,false,7
,G?AZvo,5,15155,,,false,7
,G?AZvo,6,15434,,,false,7
,G?AZvo,7,15155,,,false,7
,G?AZvo,8,15295,,,false,7
,G?AZvo,9,14807,,,false,7
,G?r@xw,0,21022,,,false,7
,G?r@xw,1,18228,,,false,7
,G?r@xw,2,18019,,,false,7
,G?r@xw,3,18089,,,false,7
,G?r@xw,4,18019,,,false,7
,G?r@xw,5,17391,,,false,7
,G?r@xw,6,17809,,,false,7
,G?r@xw,7,17600,,,false,7
,G?r@xw,8,18019,,,false,7
,G?r@xw,9,17739,,,false,7
,GAHc{w,0,18438,,,false,7
,GAHc{w,1,16762,,,false,7
,GAHc{w,2,16273,,,false,7
,GAHc{w,3,16064,,,false,7
,GAHc{w,4,16343,,,false,7
,GAHc{w,5,16064,,,false,7
,GAHc{w,6,16133,,,false,7
,GAHc{w,7,16203,,,false,7
,GAHc{w,8,16203,,,false,7
,GAHc{w,9,16343,,,false,7
,G?B\ro,0,16134,,,false,7
,G?B\ro,1,14946,,,false,7
,G?B\ro,2,15156,,,false,7
,G?B\ro,3,14736,,,false,7
,G?B\ro,4,14806,,,false,7
,G?B\ro,5,15086,,,false,7
,G?B\ro,6,15435,,,false,7
,G?B\ro,7,15156,,,false,7
,G?B\ro,8,15365,,,false,7
,G?B\ro,9,15085,,,false,7
,G@hQtK,0,29124,,,false,7
,G@hQtK,1,17321,,,false,7
,G@hQtK,2,16622,,,false,7
,G@hQtK,3,16692,,,false,7
,G@hQtK,4,16762,,,false,7
,G@hQtK,5,16622,,,false,7
,G@hQtK,6,16692,,,false,7
,G@hQtK,7,16343,,,false,7
,G@hQtK,8,16622,,,false,7
,G@hQtK,9,16343,,,false,7
,G?D@\g,0,21650,,,false,7
,G?D@\g,1,17739,,,false,7
,G?D@\g,2,16622,,,false,7
,G?D@\g,3,16552,,,false,7
,G?D@\g,4,16343,,,false,7
,G?D@\g,5,16133,,,false,7
,G?D@\g,6,16692,,,false,7
,G?D@\g,7,16273,,,false,7
,G?D@\g,8,16622,,,false,7
,G?D@\g,9,16761,,,false,7
,GdW}z{,0,19277,,,false,7
,GdW}z{,1,16203,,,false,7
,GdW}z{,2,15644,,,false,7
,GdW}z{,3,15714,,,false,7
,GdW}z{,4,15854,,,false,7
,GdW}z{,5,15644,,,false,7
,GdW}z{,6,15854,,,false,7
,GdW}z{,7,15644,,,false,7
,GdW}z{,8,15715,,,false,7
,GdW}z{,9,15854,,,false,7
,G?CrUW,0,19485,,,false,7
,G?CrUW,1,17320,,,false,7
,G?CrUW,2,16482,,,false,7
,G?CrUW,3,15714,,,false,7
,G?CrUW,4,16204,,,false,7
,G?CrUW,5,16203,,,false,7
,G?CrUW,6,15854,,,false,7
,G?CrUW,7,16063,,,false,7
,G?CrUW,8,16273,,,false,7
,G?CrUW,9,15714,,,false,7
,GhqXz{,0,20464,,,false,7
,GhqXz{,1,17251,,,false,7
,GhqXz{,2,16692,,,false,7
,GhqXz{,3,16553,,,false,7
,GhqXz{,4,25771,,,false,7
,GhqXz{,5,16692,,,false,7
,GhqXz{,6,16902,,,false,7
,GhqXz{,7,16832,,,false,7
,GhqXz{,8,16623,,,false,7
,GhqXz{,9,16203,,,false,7
,G??O^O,0,12362,,,false,3
,G??O^O,1,9708,,,false,3
,G??O^O,2,9009,,,false,3
,G??O^O,3,9498,,,false,3
,G??O^O,4,8590,,,false,3
,G??O^O,5,9080,,,false,3
,G??O^O,6,9219,,,false,3
,G??O^O,7,8939,,,false,3
,G??O^O,8,8590,,,false,3
,G??O^O,9,9150,,,false,3
,G??PUW,0,11454,,,false,3
,G??PUW,1,9429,,,false,3
,G??PUW,2,9149,,,false,3
,G??PUW,3,9498,,,false,3
,G??PUW,4,9010,,,false,3
,G??PUW,5,9149,,,false,3
,G??PUW,6,9498,,,false,3
,G??PUW,7,9219,,,false,3
,G??PUW,8,8940,,,false,3
,G??PUW,9,8940,,,false,3
,G?ClQk,0,21022,,,false,7
,G?ClQk,1,16622,,,false,7
,G?ClQk,2,16063,,,false,7
,G?ClQk,3,16343,,,false,7
,G?ClQk,4,15924,,,false,7
,G?ClQk,5,16692,,,false,7
,G?ClQk,6,16552,,,false,7
,G?ClQk,7,16692,,,false,7
,G?ClQk,8,16832,,,false,7
,G?ClQk,9,16622,,,false,7
,G?G\Qk,0,19695,,,false,7
,G?G\Qk,1,17600,,,false,7
,G?G\Qk,2,16692,,,false,7
,G?G\Qk,3,16832,,,false,7
,G?G\Qk,4,16552,,,false,7
,G?G\Qk,5,17181,,,false,7
,G?G\Qk,6,16622,,,false,7
,G?G\Qk,7,16901,,,false,7
,G?G\Qk,8,16831,,,false,7
,G?G\Qk,9,16552,,,false,7
,G_Jqps,0,20603,,,false,7
,G_Jqps,1,17809,,,false,7
,G_Jqps,2,17041,,,false,7
,G_Jqps,3,17041,,,false,7
,G_Jqps,4,25283,,,false,7
,G_Jqps,5,16832,,,false,7
,G_Jqps,6,17111,,,false,7
,G_Jqps,7,16553,,,false,7
,G_Jqps,8,16692,,,false,7
,G_Jqps,9,16901,,,false,7
,G}lz~{,0,21022,,,false,7
,G}lz~{,1,18577,,,false,7
,G}lz~{,2,18089,,,false,7
,G}lz~{,3,18228,,,false,7
,G}lz~{,4,17669,,,false,7
,G}lz~{,5,18018,,,false,7
,G}lz~{,6,17740,,,false,7
,G}lz~{,7,18159,,,false,7
,G}lz~{,8,17879,,,false,7
,G}lz~{,9,18019,,,false,7
,G`N~~{,0,20882,,,false,7
,G`N~~{,1,18647,,,false,7
,G`N~~{,2,17740,,,false,7
,G`N~~{,3,17949,,,false,7
,G`N~~{,4,17669,,,false,7
,G`N~~{,5,17739,,,false,7
,G`N~~{,6,17530,,,false,7
,G`N~~{,7,17530,,,false,7
,G`N~~{,8,18298,,,false,7
,G`N~~{,9,17390,,,false,7
,GwCW~{,0,19066,,,false,7
,GwCW~{,1,16622,,,false,7
,GwCW~{,2,15854,,,false,7
,GwCW~{,3,15714,,,false,7
,GwCW~{,4,15644,,,false,7
,GwCW~{,5,15365,,,false,7
,GwCW~{,6,16134,,,false,7
,GwCW~{,7,15295,,,false,7
,GwCW~{,8,15365,,,false,7
,GwCW~{,9,15085,,,false,7
,G@?MFw,0,14666,,,false,3
,G@?MFw,1,11803,,,false,3
,G@?MFw,2,11315,,,false,3
,G@?MFw,3,11035,,,false,3
,G@?MFw,4,11314,,,false,3
,G@?MFw,5,12013,,,false,3
,G@?MFw,6,11384,,,false,3
,G@?MFw,7,11594,,,false,3
,G@?MFw,8,10895,,,false,3
,G@?MFw,9,11104,,,false,3
,G?SsZ[,0,22769,,,false,7
,G?SsZ[,1,17530,,,false,7
,G?SsZ[,2,17251,,,false,7
,G?SsZ[,3,16622,,,false,7
,G?SsZ[,4,17041,,,false,7
,G?SsZ[,5,17181,,,false,7
,G?SsZ[,6,16902,,,false,7
,G?SsZ[,7,17251,,,false,7
,G?SsZ[,8,16622,,,false,7
,G?SsZ[,9,17042,,,false,7
,G@CJK{,0,21511,,,false,7
,G@CJK{,1,19486,,,false,7
,G@CJK{,2,16692,,,false,7
,G@CJK{,3,17320,,,false,7
,G@CJK{,4,16622,,,false,7
,G@CJK{,5,17251,,,false,7
,G@CJK{,6,16552,,,false,7
,G@CJK{,7,17460,,,false,7
,G@CJK{,8,16832,,,false,7
,G@CJK{,9,17041,,,false,7
,G?_OzK,0,27168,,,false,3
,G?_OzK,1,22419,,,false,3
,G?_OzK,2,22489,,,false,3
,G?_OzK,3,22768,,,false,3
,G?_OzK,4,22279,,,false,3
,G?_OzK,5,22419,,,false,3
,G?_OzK,6,22349,,,false,3
,G?_OzK,7,22279,,,false,3
,G?_OzK,8,21790,,,false,3
,G?_OzK,9,22838,,,false,3
,G?D@K{,0,21999,,,false,3
,G?D@K{,1,19136,,,false,3
,G?D@K{,2,18019,,,false,3
,G?D@K{,3,17600,,,false,3
,G?D@K{,4,17321,,,false,3
,G?D@K{,5,17390,,,false,3
,G?D@K{,6,17111,,,false,3
,G?D@K{,7,17111,,,false,3
,G?D@K{,8,17111,,,false,3
,G?D@K{,9,17251,,,false,3
,G??Jc[,0,12781,,,false,3
,G??Jc[,1,11523,,,false,3
,G??Jc[,2,11803,,,false,3
,G??Jc[,3,11105,,,false,3
,G??Jc[,4,11873,,,false,3
,G??Jc[,5,10546,,,false,3
,G??Jc[,6,11314,,,false,3
,G??Jc[,7,10546,,,false,3
,G??Jc[,8,10895,,,false,3
,G??Jc[,9,11454,,,false,3
,G@B?Ws,0,12851,,,false,3
,G@B?Ws,1,10755,,,false,3
,G@B?Ws,2,10406,,,false,3
,G@B?Ws,3,10058,,,false,3
,G@B?Ws,4,10406,,,false,3
,G@B?Ws,5,9708,,,false,3
,G@B?Ws,6,9987,,,false,3
,G@B?Ws,7,10057,,,false,3
,G@B?Ws,8,9917,,,false,3
,G@B?Ws,9,9987,,,false,3
,G\YY}{,0,21930,,,false,7
,G\YY}{,1,18228,,,false,7
,G\YY}{,2,17530,,,false,7
,G\YY}{,3,17250,,,false,7
,G\YY}{,4,17530,,,false,7
,G\YY}{,5,17391,,,false,7
,G\YY}{,6,17251,,,false,7
,G\YY}{,7,17041,,,false,7
,G\YY}{,8,16692,,,false,7
,G\YY}{,9,16762,,,false,7
,G`rHx{,0,20464,,,false,7
,G`rHx{,1,16832,,,false,7
,G`rHx{,2,16692,,,false,7
,G`rHx{,3,16134,,,false,7
,G`rHx{,4,15854,,,false,7
,G`rHx{,5,16063,,,false,7
,G`rHx{,6,16133,,,false,7
,G`rHx{,7,15644,,,false,7
,G`rHx{,8,16203,,,false,7
,G`rHx{,9,16342,,,false,7
,G?B~vo,0,16622,,,false,7
,G?B~vo,1,15854,,,false,7
,G?B~vo,2,15225,,,false,7
,G?B~vo,3,15714,,,false,7
,G?B~vo,4,15365,,,false,7
,G?B~vo,5,15574,,,false,7
,G?B~vo,6,15434,,,false,7
,G?B~vo,7,15085,,,false,7
,G?B~vo,8,15225,,,false,7
,G?B~vo,9,15644,,,false,7
,G?Mi~{,0,22419,,,false,7
,G?Mi~{,1,19136,,,false,7
,G?Mi~{,2,18089,,,false,7
,G?Mi~{,3,18019,,,false,7
,G?Mi~{,4,17739,,,false,7
,G?Mi~{,5,17739,,,false,7
,G?Mi~{,6,18019,,,false,7
,G?Mi~{,7,17670,,,false,7
,G?Mi~{,8,17740,,,false,7
,G?Mi~{,9,17390,,,false,7
,GS`zro,0,22279,,,false,7
,GS`zro,1,18507,,,false,7
,GS`zro,2,17739,,,false,7
,GS`zro,3,17670,,,false,7
,GS`zro,4,18438,,,false,7
,GS`zro,5,19555,,,false,7
,GS`zro,6,17739,,,false,7
,GS`zro,7,18019,,,false,7
,GS`zro,8,17530,,,false,7
,GS`zro,9,17810,,,false,7
,GqOxs{,0,21301,,,false,7
,GqOxs{,1,18228,,,false,7
,GqOxs{,2,17041,,,false,7
,GqOxs{,3,17181,,,false,7
,GqOxs{,4,17251,,,false,7
,GqOxs{,5,17530,,,false,7
,GqOxs{,6,17111,,,false,7
,GqOxs{,7,17251,,,false,7
,GqOxs{,8,17111,,,false,7
,GqOxs{,9,17111,,,false,7
,GGlVK{,0,20253,,,false,7
,GGlVK{,1,18857,,,false,7
,GGlVK{,2,17740,,,false,7
,GGlVK{,3,16552,,,false,7
,GGlVK{,4,16272,,,false,7
,GGlVK{,5,16343,,,false,7
,GGlVK{,6,16552,,,false,7
,GGlVK{,7,16762,,,false,7
,GGlVK{,8,16692,,,false,7
,GGlVK{,9,16622,,,false,7
,G``HW{,0,21162,,,false,7
,G``HW{,1,16622,,,false,7
,G``HW{,2,16413,,,false,7
,G``HW{,3,16343,,,false,7
,G``HW{,4,16133,,,false,7
,G``HW{,5,16203,,,false,7
,G``HW{,6,16272,,,false,7
,G``HW{,7,16063,,,false,7
,G``HW{,8,16272,,,false,7
,G``HW{,9,16273,,,false,7
,G?G\Qg,0,18229,,,false,3
,G?G\Qg,1,14876,,,false,3
,G?G\Qg,2,13689,,,false,3
,G?G\Qg,3,13549,,,false,3
,G?G\Qg,4,13619,,,false,3
,G?G\Qg,5,13339,,,false,3
,G?G\Qg,6,13619,,,false,3
,G?G\Qg,7,13410,,,false,3
,G?G\Qg,8,13270,,,false,3
,G?G\Qg,9,13479,,,false,3
,G?ClQg,0,18577,,,false,7
,G?ClQg,1,15854,,,false,7
,G?ClQg,2,16133,,,false,7
,G?ClQg,3,15714,,,false,7
,G?ClQg,4,16342,,,false,7
,G?ClQg,5,15575,,,false,7
,G?ClQg,6,15854,,,false,7
,G?ClQg,7,15504,,,false,7
,G?ClQg,8,15714,,,false,7
,G?ClQg,9,15645,,,false,7
,G?dcrK,0,17321,,,false,3
,G?dcrK,1,14178,,,false,3
,G?dcrK,2,13829,,,false,3
,G?dcrK,3,13689,,,false,3
,G?dcrK,4,13759,,,false,3
,G?dcrK,5,13339,,,false,3
,G?dcrK,6,14177,,,false,3
,G?dcrK,7,13409,,,false,3
,G?dcrK,8,13200,,,false,3
,G?dcrK,9,13480,,,false,3
,GReZZ[,0,18857,,,false,7
,GReZZ[,1,16343,,,false,7
,GReZZ[,2,15575,,,false,7
,GReZZ[,3,15854,,,false,7
,GReZZ[,4,15784,,,false,7
,GReZZ[,5,16063,,,false,7
,GReZZ[,6,15365,,,false,7
,GReZZ[,7,15714,,,false,7
,GReZZ[,8,15714,,,false,7
,GReZZ[,9,15365,,,false,7
,G?F@~o,0,19346,,,false,7
,G?F@~o,1,16692,,,false,7
,G?F@~o,2,15994,,,false,7
,G?F@~o,3,16203,,,false,7
,G?F@~o,4,16273,,,false,7
,G?F@~o,5,16063,,,false,7
,G?F@~o,6,16273,,,false,7
,G?F@~o,7,16203,,,false,7
,G?F@~o,8,15714,,,false,7
,G?F@~o,9,16273,,,false,7
,GpHYx{,0,19975,,,false,7
,GpHYx{,1,16762,,,false,7
,GpHYx{,2,16063,,,false,7
,GpHYx{,3,15714,,,false,7
,GpHYx{,4,16203,,,false,7
,GpHYx{,5,16412,,,false,7
,GpHYx{,6,16343,,,false,7
,GpHYx{,7,15574,,,false,7
,GpHYx{,8,16343,,,false,7
,GpHYx{,9,15784,,,false,7
,G@G^Mo,0,19625,,,false,7
,G@G^Mo,1,17250,,,false,7
,G@G^Mo,2,16552,,,false,7
,G@G^Mo,3,16273,,,false,7
,G@G^Mo,4,16273,,,false,7
,G@G^Mo,5,16482,,,false,7
,G@G^Mo,6,16692,,,false,7
,G@G^Mo,7,16901,,,false,7
,G@G^Mo,8,16831,,,false,7
,G@G^Mo,9,16692,,,false,7
,GtPHx{,0,19067,,,false,7
,GtPHx{,1,17181,,,false,7
,GtPHx{,2,16553,,,false,7
,GtPHx{,3,16273,,,false,7
,GtPHx{,4,16273,,,false,7
,GtPHx{,5,16064,,,false,7
,GtPHx{,6,16273,,,false,7
,GtPHx{,7,15575,,,false,7
,GtPHx{,8,15714,,,false,7
,GtPHx{,9,16203,,,false,7
,GWCOW{,0,17739,,,false,7
,GWCOW{,1,15854,,,false,7
,GWCOW{,2,15156,,,false,7
,GWCOW{,3,15644,,,false,7
,GWCOW{,4,15854,,,false,7
,GWCOW{,5,15645,,,false,7
,GWCOW{,6,15295,,,false,7
,GWCOW{,7,14806,,,false,7
,GWCOW{,8,15575,,,false,7
,GWCOW{,9,15505,,,false,7
,GGF~vs,0,21022,,,false,7
,GGF~vs,1,17670,,,false,7
,GGF~vs,2,17530,,,false,7
,GGF~vs,3,17251,,,false,7
,GGF~vs,4,17251,,,false,7
,GGF~vs,5,17530,,,false,7
,GGF~vs,6,17181,,,false,7
,GGF~vs,7,16832,,,false,7
,GGF~vs,8,17041,,,false,7
,GGF~vs,9,17180,,,false,7
,G?@zto,0,17879,,,false,7
,G?@zto,1,15226,,,false,7
,G?@zto,2,15156,,,false,7
,G?@zto,3,14876,,,false,7
,G?@zto,4,14806,,,false,7
,G?@zto,5,15086,,,false,7
,G?@zto,6,14876,,,false,7
,G?@zto,7,14666,,,false,7
,G?@zto,8,14807,,,false,7
,G?@zto,9,14736,,,false,7
,GBeZZ[,0,20603,,,false,7
,GBeZZ[,1,17740,,,false,7
,GBeZZ[,2,16972,,,false,7
,GBeZZ[,3,17181,,,false,7
,GBeZZ[,4,16482,,,false,7
,GBeZZ[,5,16762,,,false,7
,GBeZZ[,6,16342,,,false,7
,GBeZZ[,7,17041,,,false,7
,GBeZZ[,8,16273,,,false,7
,GBeZZ[,9,16761,,,false,7
,G?opm[,0,22419,,,false,7
,G?opm[,1,19137,,,false,7
,G?opm[,2,18718,,,false,7
,G?opm[,3,18368,,,false,7
,G?opm[,4,18577,,,false,7
,G?opm[,5,18089,,,false,7
,G?opm[,6,18508,,,false,7
,G?opm[,7,26749,,,false,7
,G?opm[,8,18578,,,false,7
,G?opm[,9,18717,,,false,7
,GdCZZ[,0,19975,,,false,7
,GdCZZ[,1,17251,,,false,7
,GdCZZ[,2,16761,,,false,7
,GdCZZ[,3,16482,,,false,7
,GdCZZ[,4,16203,,,false,7
,GdCZZ[,5,15994,,,false,7
,GdCZZ[,6,15854,,,false,7
,GdCZZ[,7,16203,,,false,7
,GdCZZ[,8,16133,,,false,7
,GdCZZ[,9,16343,,,false,7
,G?op~g,0,21371,,,false,7
,G?op~g,1,18159,,,false,7
,G?op~g,2,17181,,,false,7
,G?op~g,3,17530,,,false,7
,G?op~g,4,17320,,,false,7
,G?op~g,5,17251,,,false,7
,G?op~g,6,16971,,,false,7
,G?op~g,7,17600,,,false,7
,G?op~g,8,17460,,,false,7
,G?op~g,9,17250,,,false,7
,G?PXtK,0,21860,,,false,7
,G?PXtK,1,17600,,,false,7
,G?PXtK,2,16762,,,false,7
,G?PXtK,3,16622,,,false,7
,G?PXtK,4,16552,,,false,7
,G?PXtK,5,16761,,,false,7
,G?PXtK,6,16552,,,false,7
,G?PXtK,7,17181,,,false,7
,G?PXtK,8,16622,,,false,7
,G?PXtK,9,16902,,,false,7
,GACkZc,0,21511,,,false,7
,GACkZc,1,18088,,,false,7
,GACkZc,2,17600,,,false,7
,GACkZc,3,17321,,,false,7
,GACkZc,4,17111,,,false,7
,GACkZc,5,17041,,,false,7
,GACkZc,6,17250,,,false,7
,GACkZc,7,17041,,,false,7
,GACkZc,8,17111,,,false,7
,GACkZc,9,17180,,,false,7
,GGDhsk,0,19067,,,false,7
,GGDhsk,1,16273,,,false,7
,GGDhsk,2,16133,,,false,7
,GGDhsk,3,15645,,,false,7
,GGDhsk,4,15854,,,false,7
,GGDhsk,5,16064,,,false,7
,GGDhsk,6,15784,,,false,7
,GGDhsk,7,15854,,,false,7
,GGDhsk,8,16063,,,false,7
,GGDhsk,9,15923,,,false,7
,G?FDzw,0,19346,,,false,7
,G?FDzw,1,17739,,,false,7
,G?FDzw,2,17041,,,false,7
,G?FDzw,3,16273,,,false,7
,G?FDzw,4,16343,,,false,7
,G?FDzw,5,17530,,,false,7
,G?FDzw,6,16692,,,false,7
,G?FDzw,7,16692,,,false,7
,G?FDzw,8,16622,,,false,7
,G?FDzw,9,16832,,,false,7
,G@De[w,0,21302,,,false,7
,G@De[w,1,18159,,,false,7
,G@De[w,2,17111,,,false,7
,G@De[w,3,16971,,,false,7
,G@De[w,4,17250,,,false,7
,G@De[w,5,16622,,,false,7
,G@De[w,6,17181,,,false,7
,G@De[w,7,16762,,,false,7
,G@De[w,8,17041,,,false,7
,G@De[w,9,17111,,,false,7
,G?qaxw,0,20953,,,false,7
,G?qaxw,1,17949,,,false,7
,G?qaxw,2,17251,,,false,7
,G?qaxw,3,16902,,,false,7
,G?qaxw,4,17460,,,false,7
,G?qaxw,5,17181,,,false,7
,G?qaxw,6,17041,,,false,7
,G?qaxw,7,17251,,,false,7
,G?qaxw,8,17181,,,false,7
,G?qaxw,9,17042,,,false,7
,G?K|Qk,0,21441,,,false,7
,G?K|Qk,1,17670,,,false,7
,G?K|Qk,2,26121,,,false,7
,G?K|Qk,3,16063,,,false,7
,G?K|Qk,4,17181,,,false,7
,G?K|Qk,5,17391,,,false,7
,G?K|Qk,6,17321,,,false,7
,G?K|Qk,7,17181,,,false,7
,G?K|Qk,8,17041,,,false,7
,G?K|Qk,9,17251,,,false,7
,GGD\Hs,0,18508,,,false,7
,GGD\Hs,1,16273,,,false,7
,GGD\Hs,2,15715,,,false,7
,GGD\Hs,3,16063,,,false,7
,GGD\Hs,4,15854,,,false,7
,GGD\Hs,5,15574,,,false,7
,GGD\Hs,6,15784,,,false,7
,GGD\Hs,7,16133,,,false,7
,GGD\Hs,8,15785,,,false,7
,GGD\Hs,9,15854,,,false,7
,G@DitK,0,21511,,,false,7
,G@DitK,1,18229,,,false,7
,G@DitK,2,17600,,,false,7
,G@DitK,3,17181,,,false,7
,G@DitK,4,17250,,,false,7
,G@DitK,5,17600,,,false,7
,G@DitK,6,17530,,,false,7
,G@DitK,7,17320,,,false,7
,G@DitK,8,17391,,,false,7
,G@DitK,9,17530,,,false,7
,G@`izo,0,31917,,,false,7
,G@`izo,1,27238,,,false,7
,G@`izo,2,26260,,,false,7
,G@`izo,3,26191,,,false,7
,G@`izo,4,25701,,,false,7
,G@`izo,5,26120,,,false,7
,G@`izo,6,26470,,,false,7
,G@`izo,7,26051,,,false,7
,G@`izo,8,26261,,,false,7
,G@`izo,9,25841,,,false,7
,G@LT]W,0,21092,,,false,7
,G@LT]W,1,26191,,,false,7
,G@LT]W,2,16133,,,false,7
,G@LT]W,3,16762,,,false,7
,G@LT]W,4,17250,,,false,7
,G@LT]W,5,17390,,,false,7
,G@LT]W,6,17180,,,false,7
,G@LT]W,7,16901,,,false,7
,G@LT]W,8,16761,,,false,7
,G@LT]W,9,16762,,,false,7
,G@?Kyw,0,25702,,,false,7
,G@?Kyw,1,22000,,,false,7
,G@?Kyw,2,21092,,,false,7
,G@?Kyw,3,21511,,,false,7
,G@?Kyw,4,20883,,,false,7
,G@?Kyw,5,20463,,,false,7
,G@?Kyw,6,20463,,,false,7
,G@?Kyw,7,20393,,,false,7
,G@?Kyw,8,20463,,,false,7
,G@?Kyw,9,20184,,,false,7
,G`EbYw,0,18508,,,false,7
,G`EbYw,1,15714,,,false,7
,G`EbYw,2,15296,,,false,7
,G`EbYw,3,15155,,,false,7
,G`EbYw,4,15365,,,false,7
,G`EbYw,5,15714,,,false,7
,G`EbYw,6,15714,,,false,7
,G`EbYw,7,15924,,,false,7
,G`EbYw,8,15505,,,false,7
,G`EbYw,9,15714,,,false,7
,GAMNJg,0,19555,,,false,7
,GAMNJg,1,17251,,,false,7
,GAMNJg,2,16623,,,false,7
,GAMNJg,3,16203,,,false,7
,GAMNJg,4,16343,,,false,7
,GAMNJg,5,16622,,,false,7
,GAMNJg,6,16203,,,false,7
,GAMNJg,7,16342,,,false,7
,GAMNJg,8,16622,,,false,7
,GAMNJg,9,16762,,,false,7
,G@h[rK,0,20254,,,false,7
,G@h[rK,1,17251,,,false,7
,G@h[rK,2,17251,,,false,7
,G@h[rK,3,16553,,,false,7
,G@h[rK,4,25771,,,false,7
,G@h[rK,5,16761,,,false,7
,G@h[rK,6,16692,,,false,7
,G@h[rK,7,17041,,,false,7
,G@h[rK,8,16831,,,false,7
,G@h[rK,9,16622,,,false,7
,G@[sYk,0,20952,,,false,7
,G@[sYk,1,17461,,,false,7
,G@[sYk,2,17251,,,false,7
,G@[sYk,3,16343,,,false,7
,G@[sYk,4,17042,,,false,7
,G@[sYk,5,16273,,,false,7
,G@[sYk,6,16622,,,false,7
,G@[sYk,7,16553,,,false,7
,G@[sYk,8,16343,,,false,7
,G@[sYk,9,16692,,,false,7
,G`G\aW,0,19136,,,false,7
,G`G\aW,1,15993,,,false,7
,G`G\aW,2,15575,,,false,7
,G`G\aW,3,15715,,,false,7
,G`G\aW,4,15714,,,false,7
,G`G\aW,5,15434,,,false,7
,G`G\aW,6,15155,,,false,7
,G`G\aW,7,15295,,,false,7
,G`G\aW,8,15714,,,false,7
,G`G\aW,9,15644,,,false,7
,G@hZSk,0,19626,,,false,7
,G@hZSk,1,17111,,,false,7
,G@hZSk,2,16762,,,false,7
,G@hZSk,3,16761,,,false,7
,G@hZSk,4,16971,,,false,7
,G@hZSk,5,16623,,,false,7
,G@hZSk,6,16412,,,false,7
,G@hZSk,7,16762,,,false,7
,G@hZSk,8,16692,,,false,7
,G@hZSk,9,16622,,,false,7
,G`iRYw,0,18228,,,false,7
,G`iRYw,1,16133,,,false,7
,G`iRYw,2,15715,,,false,7
,G`iRYw,3,15854,,,false,7
,G`iRYw,4,15575,,,false,7
,G`iRYw,5,15365,,,false,7
,G`iRYw,6,15505,,,false,7
,G`iRYw,7,15645,,,false,7
,G`iRYw,8,15645,,,false,7
,G`iRYw,9,23816,,,false,7
,G`U_~K,0,18159,,,false,7
,G`U_~K,1,16133,,,false,7
,G`U_~K,2,15784,,,false,7
,G`U_~K,3,15714,,,false,7
,G`U_~K,4,15715,,,false,7
,G`U_~K,5,15365,,,false,7
,G`U_~K,6,15575,,,false,7
,G`U_~K,7,15784,,,false,7
,G`U_~K,8,15574,,,false,7
,G`U_~K,9,15993,,,false,7
,G`rHpk,0,18927,,,false,7
,G`rHpk,1,16762,,,false,7
,G`rHpk,2,16343,,,false,7
,G`rHpk,3,16064,,,false,7
,G`rHpk,4,16273,,,false,7
,G`rHpk,5,15785,,,false,7
,G`rHpk,6,16203,,,false,7
,G`rHpk,7,16343,,,false,7
,G`rHpk,8,15574,,,false,7
,G`rHpk,9,15854,,,false,7
,G?@P[{,0,18368,,,false,7
,G?@P[{,1,15854,,,false,7
,G?@P[{,2,15575,,,false,7
,G?@P[{,3,15784,,,false,7
,G?@P[{,4,15365,,,false,7
,G?@P[{,5,15644,,,false,7
,G?@P[{,6,15365,,,false,7
,G?@P[{,7,15645,,,false,7
,G?@P[{,8,15295,,,false,7
,G?@P[{,9,15785,,,false,7
,Gq?g~o,0,22419,,,false,7
,Gq?g~o,1,17320,,,false,7
,Gq?g~o,2,16902,,,false,7
,Gq?g~o,3,17111,,,false,7
,Gq?g~o,4,16692,,,false,7
,Gq?g~o,5,17041,,,false,7
,Gq?g~o,6,16761,,,false,7
,Gq?g~o,7,16622,,,false,7
,Gq?g~o,8,16622,,,false,7
,Gq?g~o,9,17320,,,false,7
,GoStIs,0,18927,,,false,7
,GoStIs,1,16273,,,false,7
,GoStIs,2,15854,,,false,7
,GoStIs,3,25003,,,false,7
,GoStIs,4,15644,,,false,7
,GoStIs,5,15714,,,false,7
,GoStIs,6,15645,,,false,7
,GoStIs,7,15854,,,false,7
,GoStIs,8,15645,,,false,7
,GoStIs,9,15784,,,false,7
,GwC^~w,0,19905,,,false,7
,GwC^~w,1,17181,,,false,7
,GwC^~w,2,17251,,,false,7
,GwC^~w,3,16552,,,false,7
,GwC^~w,4,16692,,,false,7
,GwC^~w,5,17111,,,false,7
,GwC^~w,6,16901,,,false,7
,GwC^~w,7,16831,,,false,7
,GwC^~w,8,17041,,,false,7
,GwC^~w,9,16692,,,false,7
