name,graph_g6,iteration,runtime,allocated_bytes,peak_bytes,timeout,treewidth
,I??????~w,0,19210,,,false,3
,I??????~w,1,9430,,,false,3
,I??????~w,2,8172,,,false,3
,I??????~w,3,8103,,,false,3
,I??????~w,4,5239,,,false,3
,I??????~w,5,5658,,,false,3
,I??????~w,6,7684,,,false,3
,I??????~w,7,6636,,,false,3
,I??????~w,8,5658,,,false,3
,I??????~w,9,8103,,,false,3
,I????????,0,5309,,,false,3
,I????????,1,4261,,,false,3
,I????????,2,7125,,,false,3
,I????????,3,5239,,,false,3
,I????????,4,8662,,,false,3
,I????????,5,4680,,,false,3
,I????????,6,6287,,,false,3
,I????????,7,4890,,,false,3
,I????????,8,6147,,,false,3
,I????????,9,4680,,,false,3
,I??F~~~~w,0,255242,,,false,9
,I??F~~~~w,1,229886,,,false,9
,I??F~~~~w,2,225206,,,false,9
,I??F~~~~w,3,177706,,,false,9
,I??F~~~~w,4,186019,,,false,9
,I??F~~~~w,5,178824,,,false,9
,I??F~~~~w,6,176449,,,false,9
,I??F~~~~w,7,176588,,,false,9
,I??F~~~~w,8,186088,,,false,9
,I??F~~~~w,9,204319,,,false,9
,I`?G?C??G,0,11596,,,false,3
,I`?G?C??G,1,8382,,,false,3
,I`?G?C??G,2,7963,,,false,3
,I`?G?C??G,3,16974,,,false,3
,I`?G?C??G,4,9989,,,false,3
,I`?G?C??G,5,9570,,,false,3
,I`?G?C??G,6,9849,,,false,3
,I`?G?C??G,7,9710,,,false,3
,I`?G?C??G,8,7614,,,false,3
,I`?G?C??G,9,9500,,,false,3
,I?@@?_G`w,0,21026,,,false,3
,I?@@?_G`w,1,17743,,,false,3
,I?@@?_G`w,2,14739,,,false,3
,I?@@?_G`w,3,14389,,,false,3
,I?@@?_G`w,4,12433,,,false,3
,I?@@?_G`w,5,12853,,,false,3
,I?@@?_G`w,6,12713,,,false,3
,I?@@?_G`w,7,12434,,,false,3
,I?@@?_G`w,8,12225,,,false,3
,I?@@?_G`w,9,12992,,,false,3
,I??OS?dOo,0,15577,,,false,3
,I??OS?dOo,1,13412,,,false,3
,I??OS?dOo,2,12853,,,false,3
,I??OS?dOo,3,12433,,,false,3
,I??OS?dOo,4,12364,,,false,3
,I??OS?dOo,5,12434,,,false,3
,I??OS?dOo,6,12853,,,false,3
,I??OS?dOo,7,12015,,,false,3
,I??OS?dOo,8,12364,,,false,3
,I??OS?dOo,9,12014,,,false,3
,I??OPHAe?,0,24029,,,false,3
,I??OPHAe?,1,19489,,,false,3
,I??OPHAe?,2,18231,,,false,3
,I??OPHAe?,3,18022,,,false,3
,I??OPHAe?,4,18022,,,false,3
,I??OPHAe?,5,18162,,,false,3
,I??OPHAe?,6,18301,,,false,3
,I??OPHAe?,7,18023,,,false,3
,I??OPHAe?,8,17673,,,false,3
,I??OPHAe?,9,18302,,,false,3
,I????AF]G,0,15577,,,false,3
,I????AF]G,1,14320,,,false,3
,I????AF]G,2,11944,,,false,3
,I????AF]G,3,14319,,,false,3
,I????AF]G,4,12364,,,false,3
,I????AF]G,5,11945,,,false,3
,I????AF]G,6,12853,,,false,3
,I????AF]G,7,12993,,,false,3
,I????AF]G,8,13272,,,false,3
,I????AF]G,9,11525,,,false,3
,I?AAHGICW,0,30037,,,false,5
,I?AAHGICW,1,22842,,,false,5
,I?AAHGICW,2,20747,,,false,5
,I?AAHGICW,3,19908,,,false,5
,I?AAHGICW,4,20048,,,false,5
,I?AAHGICW,5,19978,,,false,5
,I?AAHGICW,6,20466,,,false,5
,I?AAHGICW,7,20048,,,false,5
,I?AAHGICW,8,20607,,,false,5
,I?AAHGICW,9,20397,,,false,5
,I@Kxx{~Nw,0,30456,,,false,7
,I@Kxx{~Nw,1,24239,,,false,7
,I@Kxx{~Nw,2,22772,,,false,7
,I@Kxx{~Nw,3,22982,,,false,7
,I@Kxx{~Nw,4,22842,,,false,7
,I@Kxx{~Nw,5,22772,,,false,7
,I@Kxx{~Nw,6,22911,,,false,7
,I@Kxx{~Nw,7,22422,,,false,7
,I@Kxx{~Nw,8,22493,,,false,7
,I@Kxx{~Nw,9,22562,,,false,7
,I@Kxx{~~w,0,206136,,,false,9
,I@Kxx{~~w,1,210327,,,false,9
,I@Kxx{~~w,2,198452,,,false,9
,I@Kxx{~~w,3,196776,,,false,9
,I@Kxx{~~w,4,207393,,,false,9
,I@Kxx{~~w,5,200408,,,false,9
,I@Kxx{~~w,6,203202,,,false,9
,I@Kxx{~~w,7,189162,,,false,9
,I@Kxx{~~w,8,194401,,,false,9
,I@Kxx{~~w,9,192864,,,false,9
,Is\v~~}~W,0,197055,,,false,9
,Is\v~~}~W,1,202643,,,false,9
,Is\v~~}~W,2,189441,,,false,9
,Is\v~~}~W,3,192305,,,false,9
,Is\v~~}~W,4,195728,,,false,9
,Is\v~~}~W,5,179521,,,false,9
,Is\v~~}~W,6,199849,,,false,9
,Is\v~~}~W,7,171978,,,false,9
,Is\v~~}~W,8,178544,,,false,9
,Is\v~~}~W,9,169673,,,false,9
,IF~~~~~~w,0,197195,,,false,9
,IF~~~~~~w,1,217592,,,false,9
,IF~~~~~~w,2,196776,,,false,9
,IF~~~~~~w,3,187066,,,false,9
,IF~~~~~~w,4,195238,,,false,9
,IF~~~~~~w,5,184761,,,false,9
,IF~~~~~~w,6,186438,,,false,9
,IF~~~~~~w,7,173445,,,false,9
,IF~~~~~~w,8,179871,,,false,9
,IF~~~~~~w,9,167508,,,false,9
,I~{?GKF@w,0,22982,,,false,5
,I~{?GKF@w,1,20467,,,false,5
,I~{?GKF@w,2,19489,,,false,5
,I~{?GKF@w,3,20048,,,false,5
,I~{?GKF@w,4,19209,,,false,5
,I~{?GKF@w,5,18301,,,false,5
,I~{?GKF@w,6,18580,,,false,5
,I~{?GKF@w,7,18650,,,false,5
,I~{?GKF@w,8,18441,,,false,5
,I~{?GKF@w,9,18651,,,false,5
,I~?GW^oBw,0,24448,,,false,5
,I~?GW^oBw,1,21445,,,false,5
,I~?GW^oBw,2,20886,,,false,5
,I~?GW^oBw,3,20956,,,false,5
,I~?GW^oBw,4,20676,,,false,5
,I~?GW^oBw,5,31295,,,false,5
,I~?GW^oBw,6,20816,,,false,5
,I~?GW^oBw,7,20886,,,false,5
,I~?GW^oBw,8,20606,,,false,5
,I~?GW^oBw,9,20607,,,false,5
,Iv~vVL^Nw,0,182875,,,false,9
,Iv~vVL^Nw,1,175960,,,false,9
,Iv~vVL^Nw,2,172886,,,false,9
,Iv~vVL^Nw,3,178404,,,false,9
,Iv~vVL^Nw,4,190210,,,false,9
,Iv~vVL^Nw,5,179103,,,false,9
,Iv~vVL^Nw,6,178824,,,false,9
,Iv~vVL^Nw,7,178753,,,false,9
,Iv~vVL^Nw,8,179033,,,false,9
,Iv~vVL^Nw,9,176588,,,false,9
,IJ\zz|~^w,0,196147,,,false,9
,IJ\zz|~^w,1,189650,,,false,9
,IJ\zz|~^w,2,187415,,,false,9
,IJ\zz|~^w,3,186507,,,false,9
,IJ\zz|~^w,4,184202,,,false,9
,IJ\zz|~^w,5,193563,,,false,9
,IJ\zz|~^w,6,184761,,,false,9
,IJ\zz|~^w,7,184342,,,false,9
,IJ\zz|~^w,8,188952,,,false,9
,IJ\zz|~^w,9,190349,,,false,9
,IJ\zz|~~w,0,196287,,,false,9
,IJ\zz|~~w,1,182176,,,false,9
,IJ\zz|~~w,2,180639,,,false,9
,IJ\zz|~~w,3,183714,,,false,9
,IJ\zz|~~w,4,181058,,,false,9
,IJ\zz|~~w,5,227580,,,false,9
,IJ\zz|~~w,6,179522,,,false,9
,IJ\zz|~~w,7,175890,,,false,9
,IJ\zz|~~w,8,175820,,,false,9
,IJ\zz|~~w,9,174772,,,false,9
,I~~v]}~^w,0,204320,,,false,9
,I~~v]}~^w,1,173095,,,false,9
,I~~v]}~^w,2,171209,,,false,9
,I~~v]}~^w,3,170511,,,false,9
,I~~v]}~^w,4,173095,,,false,9
,I~~v]}~^w,5,176238,,,false,9
,I~~v]}~^w,6,179033,,,false,9
,I~~v]}~^w,7,175960,,,false,9
,I~~v]}~^w,8,175610,,,false,9
,I~~v]}~^w,9,174492,,,false,9
,I^~~~~~~w,0,193982,,,false,9
,I^~~~~~~w,1,203830,,,false,9
,I^~~~~~~w,2,189511,,,false,9
,I^~~~~~~w,3,186228,,,false,9
,I^~~~~~~w,4,186507,,,false,9
,I^~~~~~~w,5,190210,,,false,9
,I^~~~~~~w,6,206694,,,false,9
,I^~~~~~~w,7,190000,,,false,9
,I^~~~~~~w,8,190629,,,false,9
,I^~~~~~~w,9,189790,,,false,9
,I~~~~~~~w,0,191607,,,false,9
,I~~~~~~~w,1,197125,,,false,9
,I~~~~~~~w,2,189022,,,false,9
,I~~~~~~~w,3,189301,,,false,9
,I~~~~~~~w,4,189441,,,false,9
,I~~~~~~~w,5,181757,,,false,9
,I~~~~~~~w,6,190699,,,false,9
,I~~~~~~~w,7,180500,,,false,9
,I~~~~~~~w,8,180010,,,false,9
,I~~~~~~~w,9,180360,,,false,9
,I?????@?W,0,6775,,,false,3
,I?????@?W,1,5728,,,false,3
,I?????@?W,2,5658,,,false,3
,I?????@?W,3,5239,,,false,3
,I?????@?W,4,5309,,,false,3
,I?????@?W,5,5239,,,false,3
,I?????@?W,6,5658,,,false,3
,I?????@?W,7,5728,,,false,3
,I?????@?W,8,5728,,,false,3
,I?????@?W,9,5658,,,false,3
,I???GKF@w,0,23960,,,false,5
,I???GKF@w,1,20886,,,false,5
,I???GKF@w,2,19838,,,false,5
,I???GKF@w,3,19628,,,false,5
,I???GKF@w,4,19978,,,false,5
,I???GKF@w,5,19489,,,false,5
,I???GKF@w,6,19629,,,false,5
,I???GKF@w,7,19629,,,false,5
,I???GKF@w,8,22492,,,false,5
,I???GKF@w,9,22492,,,false,5
,I????B~~w,0,23261,,,false,5
,I????B~~w,1,20467,,,false,5
,I????B~~w,2,19768,,,false,5
,I????B~~w,3,19838,,,false,5
,I????B~~w,4,19280,,,false,5
,I????B~~w,5,19209,,,false,5
,I????B~~w,6,19559,,,false,5
,I????B~~w,7,19419,,,false,5
,I????B~~w,8,19140,,,false,5
,I????B~~w,9,19140,,,false,5
,IsaBzx{^?,0,167018,,,false,9
,IsaBzx{^?,1,165411,,,false,9
,IsaBzx{^?,2,163805,,,false,9
,IsaBzx{^?,3,171070,,,false,9
,IsaBzx{^?,4,164853,,,false,9
,IsaBzx{^?,5,164155,,,false,9
,IsaBzx{^?,6,164154,,,false,9
,IsaBzx{^?,7,164433,,,false,9
,IsaBzx{^?,8,161849,,,false,9
,IsaBzx{^?,9,175960,,,false,9
,I?B~~~~~w,0,194122,,,false,9
,I?B~~~~~w,1,176518,,,false,9
,I?B~~~~~w,2,175121,,,false,9
,I?B~~~~~w,3,175401,,,false,9
,I?B~~~~~w,4,180011,,,false,9
,I?B~~~~~w,5,181967,,,false,9
,I?B~~~~~w,6,180220,,,false,9
,I?B~~~~~w,7,180639,,,false,9
,I?B~~~~~w,8,176728,,,false,9
,I?B~~~~~w,9,175121,,,false,9
,I`?GW?@?W,0,10129,,,false,2
,I`?GW?@?W,1,9011,,,false,2
,I`?GW?@?W,2,8033,,,false,2
,I`?GW?@?W,3,8242,,,false,2
,I`?GW?@?W,4,10966,,,false,2
,I`?GW?@?W,5,8592,,,false,2
,I`?GW?@?W,6,8592,,,false,2
,I`?GW?@?W,7,8173,,,false,2
,I`?GW?@?W,8,8033,,,false,2
,I`?GW?@?W,9,8103,,,false,2
,I@`??CBNG,0,23540,,,false,3
,I@`??CBNG,1,19489,,,false,3
,I@`??CBNG,2,20397,,,false,3
,I@`??CBNG,3,19140,,,false,3
,I@`??CBNG,4,21515,,,false,3
,I@`??CBNG,5,18161,,,false,3
,I@`??CBNG,6,16136,,,false,3
,I@`??CBNG,7,16346,,,false,3
,I@`??CBNG,8,16346,,,false,3
,I@`??CBNG,9,16206,,,false,3
,II?GOGQGO,0,38000,,,false,7
,II?GOGQGO,1,31783,,,false,7
,II?GOGQGO,2,30037,,,false,7
,II?GOGQGO,3,30037,,,false,7
,II?GOGQGO,4,30036,,,false,7
,II?GOGQGO,5,29617,,,false,7
,II?GOGQGO,6,30526,,,false,7
,II?GOGQGO,7,30037,,,false,7
,II?GOGQGO,8,30246,,,false,7
,II?GOGQGO,9,30107,,,false,7
,I?COPHAw?,0,33949,,,false,5
,I?COPHAw?,1,27662,,,false,5
,I?COPHAw?,2,26195,,,false,5
,I?COPHAw?,3,25426,,,false,5
,I?COPHAw?,4,25916,,,false,5
,I?COPHAw?,5,25566,,,false,5
,I?COPHAw?,6,25007,,,false,5
,I?COPHAw?,7,24728,,,false,5
,I?COPHAw?,8,37231,,,false,5
,I?COPHAw?,9,25776,,,false,5
,I?CGI_agG,0,23750,,,false,3
,I?CGI_agG,1,24239,,,false,3
,I?CGI_agG,2,20606,,,false,3
,I?CGI_agG,3,22074,,,false,3
,I?CGI_agG,4,19768,,,false,3
,I?CGI_agG,5,19559,,,false,3
,I?CGI_agG,6,17743,,,false,3
,I?CGI_agG,7,18092,,,false,3
,I?CGI_agG,8,17673,,,false,3
,I?CGI_agG,9,18232,,,false,3
,I???G[ws?,0,8941,,,false,3
,I???G[ws?,1,7614,,,false,3
,I???G[ws?,2,7334,,,false,3
,I???G[ws?,3,7475,,,false,3
,I???G[ws?,4,7194,,,false,3
,I???G[ws?,5,7265,,,false,3
,I???G[ws?,6,7544,,,false,3
,I???G[ws?,7,7754,,,false,3
,I???G[ws?,8,7265,,,false,3
,I???G[ws?,9,7474,,,false,3
,I???????G,0,6077,,,false,3
,I???????G,1,5169,,,false,3
,I???????G,2,5309,,,false,3
,I???????G,3,5309,,,false,3
,I???????G,4,5239,,,false,3
,I???????G,5,5239,,,false,3
,I???????G,6,5309,,,false,3
,I???????G,7,4750,,,false,3
,I???????G,8,4750,,,false,3
,I???????G,9,4750,,,false,3
,I?AAHKVBw,0,52530,,,false,7
,I?AAHKVBw,1,43448,,,false,7
,I?AAHKVBw,2,41353,,,false,7
,I?AAHKVBw,3,41283,,,false,7
,I?AAHKVBw,4,42541,,,false,7
,I?AAHKVBw,5,42331,,,false,7
,I?AAHKVBw,6,41912,,,false,7
,I?AAHKVBw,7,41493,,,false,7
,I?AAHKVBw,8,50643,,,false,7
,I?AAHKVBw,9,44915,,,false,7
,I@GOOH@__,0,30037,,,false,3
,I@GOOH@__,1,25356,,,false,3
,I@GOOH@__,2,24378,,,false,3
,I@GOOH@__,3,24239,,,false,3
,I@GOOH@__,4,24169,,,false,3
,I@GOOH@__,5,24169,,,false,3
,I@GOOH@__,6,23890,,,false,3
,I@GOOH@__,7,23400,,,false,3
,I@GOOH@__,8,23820,,,false,3
,I@GOOH@__,9,23401,,,false,3
,I?????@~g,0,7753,,,false,3
,I?????@~g,1,6567,,,false,3
,I?????@~g,2,6216,,,false,3
,I?????@~g,3,6287,,,false,3
,I?????@~g,4,6077,,,false,3
,I?????@~g,5,6217,,,false,3
,I?????@~g,6,6357,,,false,3
,I?????@~g,7,6147,,,false,3
,I?????@~g,8,6147,,,false,3
,I?????@~g,9,6287,,,false,3
,I?????@~w,0,7195,,,false,3
,I?????@~w,1,6566,,,false,3
,I?????@~w,2,6077,,,false,3
,I?????@~w,3,6217,,,false,3
,I?????@~w,4,6287,,,false,3
,I?????@~w,5,6217,,,false,3
,I?????@~w,6,6636,,,false,3
,I?????@~w,7,5797,,,false,3
,I?????@~w,8,6636,,,false,3
,I?????@~w,9,6078,,,false,3
,I?CGGC`s?,0,22004,,,false,3
,I?CGGC`s?,1,22562,,,false,3
,I?CGGC`s?,2,19420,,,false,3
,I?CGGC`s?,3,19908,,,false,3
,I?CGGC`s?,4,19210,,,false,3
,I?CGGC`s?,5,19978,,,false,3
,I?CGGC`s?,6,19698,,,false,3
,I?CGGC`s?,7,20118,,,false,3
,I?CGGC`s?,8,20118,,,false,3
,I?CGGC`s?,9,19978,,,false,3
,I??GHCWsG,0,19069,,,false,3
,I??GHCWsG,1,16765,,,false,3
,I??GHCWsG,2,15158,,,false,3
,I??GHCWsG,3,14948,,,false,3
,I??GHCWsG,4,14809,,,false,3
,I??GHCWsG,5,24170,,,false,3
,I??GHCWsG,6,14808,,,false,3
,I??GHCWsG,7,15018,,,false,3
,I??GHCWsG,8,14948,,,false,3
,I??GHCWsG,9,14739,,,false,3
,I????CA?W,0,6287,,,false,3
,I????CA?W,1,5728,,,false,3
,I????CA?W,2,5728,,,false,3
,I????CA?W,3,5728,,,false,3
,I????CA?W,4,5309,,,false,3
,I????CA?W,5,5728,,,false,3
,I????CA?W,6,5239,,,false,3
,I????CA?W,7,5239,,,false,3
,I????CA?W,8,5798,,,false,3
,I????CA?W,9,5588,,,false,3
,I??GIOqk?,0,21864,,,false,3
,I??GIOqk?,1,18511,,,false,3
,I??GIOqk?,2,18371,,,false,3
,I??GIOqk?,3,17883,,,false,3
,I??GIOqk?,4,18161,,,false,3
,I??GIOqk?,5,18232,,,false,3
,I??GIOqk?,6,18092,,,false,3
,I??GIOqk?,7,17673,,,false,3
,I??GIOqk?,8,18231,,,false,3
,I??GIOqk?,9,18092,,,false,3
,I????CB?w,0,6287,,,false,3
,I????CB?w,1,5658,,,false,3
,I????CB?w,2,6077,,,false,3
,I????CB?w,3,5239,,,false,3
,I????CB?w,4,5797,,,false,3
,I????CB?w,5,6077,,,false,3
,I????CB?w,6,4820,,,false,3
,I????CB?w,7,5378,,,false,3
,I????CB?w,8,5728,,,false,3
,I????CB?w,9,5588,,,false,3
,I????CB~w,0,7475,,,false,3
,I????CB~w,1,7055,,,false,3
,I????CB~w,2,6775,,,false,3
,I????CB~w,3,6706,,,false,3
,I????CB~w,4,6567,,,false,3
,I????CB~w,5,6776,,,false,3
,I????CB~w,6,6147,,,false,3
,I????CB~w,7,6566,,,false,3
,I????CB~w,8,6846,,,false,3
,I????CB~w,9,6566,,,false,3
,I??E@GW?w,0,10828,,,false,3
,I??E@GW?w,1,8034,,,false,3
,I??E@GW?w,2,8732,,,false,3
,I??E@GW?w,3,8103,,,false,3
,I??E@GW?w,4,8662,,,false,3
,I??E@GW?w,5,8522,,,false,3
,I??E@GW?w,6,8103,,,false,3
,I??E@GW?w,7,8173,,,false,3
,I??E@GW?w,8,8452,,,false,3
,I??E@GW?w,9,8033,,,false,3
,I???F~~~w,0,199849,,,false,9
,I???F~~~w,1,175610,,,false,9
,I???F~~~w,2,173026,,,false,9
,I???F~~~w,3,172606,,,false,9
,I???F~~~w,4,176797,,,false,9
,I???F~~~w,5,182177,,,false,9
,I???F~~~w,6,191537,,,false,9
,I???F~~~w,7,177636,,,false,9
,I???F~~~w,8,176378,,,false,9
,I???F~~~w,9,176798,,,false,9
,I??GW[NBw,0,34368,,,false,5
,I??GW[NBw,1,31992,,,false,5
,I??GW[NBw,2,30526,,,false,5
,I??GW[NBw,3,29129,,,false,5
,I??GW[NBw,4,28639,,,false,5
,I??GW[NBw,5,28710,,,false,5
,I??GW[NBw,6,28500,,,false,5
,I??GW[NBw,7,28989,,,false,5
,I??GW[NBw,8,38559,,,false,5
,I??GW[NBw,9,28640,,,false,5
,I??GW[N~w,0,33879,,,false,5
,I??GW[N~w,1,30526,,,false,5
,I??GW[N~w,2,29897,,,false,5
,I??GW[N~w,3,29827,,,false,5
,I??GW[N~w,4,29548,,,false,5
,I??GW[N~w,5,29547,,,false,5
,I??GW[N~w,6,29548,,,false,5
,I??GW[N~w,7,29548,,,false,5
,I??GW[N~w,8,29477,,,false,5
,I??GW[N~w,9,30037,,,false,5
,I?CWw{^Fw,0,23750,,,false,6
,I?CWw{^Fw,1,22004,,,false,6
,I?CWw{^Fw,2,22004,,,false,6
,I?CWw{^Fw,3,21864,,,false,6
,I?CWw{^Fw,4,21375,,,false,6
,I?CWw{^Fw,5,21585,,,false,6
,I?CWw{^Fw,6,21584,,,false,6
,I?CWw{^Fw,7,21585,,,false,6
,I?CWw{^Fw,8,20816,,,false,6
,I?CWw{^Fw,9,20816,,,false,6
,I?CWw{^~w,0,24658,,,false,6
,I?CWw{^~w,1,23121,,,false,6
,I?CWw{^~w,2,22353,,,false,6
,I?CWw{^~w,3,22492,,,false,6
,I?CWw{^~w,4,22493,,,false,6
,I?CWw{^~w,5,22493,,,false,6
,I?CWw{^~w,6,22353,,,false,6
,I?CWw{^~w,7,22283,,,false,6
,I?CWw{^~w,8,22353,,,false,6
,I?CWw{^~w,9,21585,,,false,6
,I????FaFO,0,7963,,,false,3
,I????FaFO,1,6706,,,false,3
,I????FaFO,2,5798,,,false,3
,I????FaFO,3,5728,,,false,3
,I????FaFO,4,6636,,,false,3
,I????FaFO,5,5798,,,false,3
,I????FaFO,6,6636,,,false,3
,I????FaFO,7,6077,,,false,3
,I????FaFO,8,6287,,,false,3
,I????FaFO,9,6147,,,false,3
,I?????B~o,0,7614,,,false,3
,I?????B~o,1,6217,,,false,3
,I?????B~o,2,6706,,,false,3
,I?????B~o,3,6706,,,false,3
,I?????B~o,4,5658,,,false,3
,I?????B~o,5,6217,,,false,3
,I?????B~o,6,5867,,,false,3
,I?????B~o,7,6078,,,false,3
,I?????B~o,8,6217,,,false,3
,I?????B~o,9,6287,,,false,3
,IoCOOGaOO,0,32203,,,false,6
,IoCOOGaOO,1,27242,,,false,6
,IoCOOGaOO,2,25776,,,false,6
,IoCOOGaOO,3,25846,,,false,6
,IoCOOGaOO,4,25775,,,false,6
,IoCOOGaOO,5,25845,,,false,6
,IoCOOGaOO,6,25427,,,false,6
,IoCOOGaOO,7,25845,,,false,6
,IoCOOGaOO,8,25776,,,false,6
,IoCOOGaOO,9,25985,,,false,6
,I?~~vrv|o,0,175121,,,false,9
,I?~~vrv|o,1,167577,,,false,9
,I?~~vrv|o,2,174842,,,false,9
,I?~~vrv|o,3,163525,,,false,9
,I?~~vrv|o,4,162827,,,false,9
,I?~~vrv|o,5,162547,,,false,9
,I?~~vrv|o,6,163176,,,false,9
,I?~~vrv|o,7,170302,,,false,9
,I?~~vrv|o,8,182875,,,false,9
,I?~~vrv|o,9,174213,,,false,9
,I?~~~~~~w,0,191327,,,false,9
,I?~~~~~~w,1,185739,,,false,9
,I?~~~~~~w,2,186228,,,false,9
,I?~~~~~~w,3,193981,,,false,9
,I?~~~~~~w,4,182177,,,false,9
,I?~~~~~~w,5,182246,,,false,9
,I?~~~~~~w,6,182107,,,false,9
,I?~~~~~~w,7,183433,,,false,9
,I?~~~~~~w,8,198033,,,false,9
,I?~~~~~~w,9,186577,,,false,9
,IwCW?CB?w,0,7125,,,false,3
,IwCW?CB?w,1,6706,,,false,3
,IwCW?CB?w,2,6637,,,false,3
,IwCW?CB?w,3,6705,,,false,3
,IwCW?CB?w,4,6776,,,false,3
,IwCW?CB?w,5,6217,,,false,3
,IwCW?CB?w,6,6636,,,false,3
,IwCW?CB?w,7,6357,,,false,3
,IwCW?CB?w,8,6147,,,false,3
,IwCW?CB?w,9,6217,,,false,3
,I`?G]?oBw,0,17253,,,false,3
,I`?G]?oBw,1,13691,,,false,3
,I`?G]?oBw,2,13482,,,false,3
,I`?G]?oBw,3,13132,,,false,3
,I`?G]?oBw,4,12853,,,false,3
,I`?G]?oBw,5,13622,,,false,3
,I`?G]?oBw,6,12993,,,false,3
,I`?G]?oBw,7,13202,,,false,3
,I`?G]?oBw,8,12993,,,false,3
,I`?G]?oBw,9,12713,,,false,3
,IsP@OkWHG,0,173514,,,false,9
,IsP@OkWHG,1,156540,,,false,9
,IsP@OkWHG,2,155632,,,false,9
,IsP@OkWHG,3,146481,,,false,9
,IsP@OkWHG,4,142570,,,false,9
,IsP@OkWHG,5,143967,,,false,9
,IsP@OkWHG,6,141941,,,false,9
,IsP@OkWHG,7,142849,,,false,9
,IsP@OkWHG,8,162617,,,false,9
,IsP@OkWHG,9,148019,,,false,9
,I?hPcterW,0,178963,,,false,9
,I?hPcterW,1,167368,,,false,9
,I?hPcterW,2,162338,,,false,9
,I?hPcterW,3,159684,,,false,9
,I?hPcterW,4,170441,,,false,9
,I?hPcterW,5,159823,,,false,9
,I?hPcterW,6,158287,,,false,9
,I?hPcterW,7,158007,,,false,9
,I?hPcterW,8,157518,,,false,9
,I?hPcterW,9,158287,,,false,9
,I?C]dPcww,0,195518,,,false,9
,I?C]dPcww,1,167577,,,false,9
,I?C]dPcww,2,162268,,,false,9
,I?C]dPcww,3,165482,,,false,9
,I?C]dPcww,4,165132,,,false,9
,I?C]dPcww,5,162199,,,false,9
,I?C]dPcww,6,173864,,,false,9
,I?C]dPcww,7,162198,,,false,9
,I?C]dPcww,8,162269,,,false,9
,I?C]dPcww,9,162269,,,false,9
,I_O_hWZLw,0,37651,,,false,7
,I_O_hWZLw,1,31085,,,false,7
,I_O_hWZLw,2,29199,,,false,7
,I_O_hWZLw,3,28430,,,false,7
,I_O_hWZLw,4,28640,,,false,7
,I_O_hWZLw,5,28639,,,false,7
,I_O_hWZLw,6,28151,,,false,7
,I_O_hWZLw,7,27592,,,false,7
,I_O_hWZLw,8,28640,,,false,7
,I_O_hWZLw,9,28220,,,false,7
,I??EdPKL?,0,197195,,,false,9
,I??EdPKL?,1,177635,,,false,9
,I??EdPKL?,2,168695,,,false,9
,I??EdPKL?,3,168066,,,false,9
,I??EdPKL?,4,165132,,,false,9
,I??EdPKL?,5,171070,,,false,9
,I??EdPKL?,6,161080,,,false,9
,I??EdPKL?,7,165691,,,false,9
,I??EdPKL?,8,166320,,,false,9
,I??EdPKL?,9,166599,,,false,9
,IoCOW@@GO,0,25217,,,false,6
,IoCOW@@GO,1,20187,,,false,6
,IoCOW@@GO,2,19000,,,false,6
,IoCOW@@GO,3,18930,,,false,6
,IoCOW@@GO,4,19070,,,false,6
,IoCOW@@GO,5,19419,,,false,6
,IoCOW@@GO,6,19070,,,false,6
,IoCOW@@GO,7,18721,,,false,6
,IoCOW@@GO,8,18581,,,false,6
,IoCOW@@GO,9,18511,,,false,6
,IwCO?CI@O,0,22772,,,false,6
,IwCO?CI@O,1,20467,,,false,6
,IwCO?CI@O,2,19279,,,false,6
,IwCO?CI@O,3,19000,,,false,6
,IwCO?CI@O,4,19349,,,false,6
,IwCO?CI@O,5,18651,,,false,6
,IwCO?CI@O,6,19070,,,false,6
,IwCO?CI@O,7,18511,,,false,6
,IwCO?CI@O,8,18650,,,false,6
,IwCO?CI@O,9,18651,,,false,6
,IoCOOL?GG,0,19559,,,false,5
,IoCOOL?GG,1,18231,,,false,5
,IoCOOL?GG,2,17602,,,false,5
,IoCOOL?GG,3,16975,,,false,5
,IoCOOL?GG,4,17394,,,false,5
,IoCOOL?GG,5,17393,,,false,5
,IoCOOL?GG,6,17044,,,false,5
,IoCOOL?GG,7,16695,,,false,5
,IoCOOL?GG,8,17044,,,false,5
,IoCOOL?GG,9,17324,,,false,5
,IwCO?CBB?,0,6567,,,false,3
,IwCO?CBB?,1,6078,,,false,3
,IwCO?CBB?,2,5867,,,false,3
,IwCO?CBB?,3,5658,,,false,3
,IwCO?CBB?,4,5728,,,false,3
,IwCO?CBB?,5,5728,,,false,3
,IwCO?CBB?,6,5798,,,false,3
,IwCO?CBB?,7,6077,,,false,3
,IwCO?CBB?,8,6147,,,false,3
,IwCO?CBB?,9,5868,,,false,3
,IA?HcPfnW,0,103661,,,false,5
,IA?HcPfnW,1,92555,,,false,5
,IA?HcPfnW,2,86548,,,false,5
,IA?HcPfnW,3,96117,,,false,5
,IA?HcPfnW,4,85291,,,false,5
,IA?HcPfnW,5,83404,,,false,5
,IA?HcPfnW,6,83544,,,false,5
,IA?HcPfnW,7,83893,,,false,5
,IA?HcPfnW,8,82776,,,false,5
,IA?HcPfnW,9,83753,,,false,5
,IsOExw{XW,0,175121,,,false,9
,IsOExw{XW,1,168485,,,false,9
,IsOExw{XW,2,175051,,,false,9
,IsOExw{XW,3,162967,,,false,9
,IsOExw{XW,4,166110,,,false,9
,IsOExw{XW,5,166040,,,false,9
,IsOExw{XW,6,161151,,,false,9
,IsOExw{XW,7,168765,,,false,9
,IsOExw{XW,8,175051,,,false,9
,IsOExw{XW,9,167577,,,false,9
,IoCQPJ~~o,0,191397,,,false,9
,IoCQPJ~~o,1,180710,,,false,9
,IoCQPJ~~o,2,172817,,,false,9
,IoCQPJ~~o,3,179802,,,false,9
,IoCQPJ~~o,4,168834,,,false,9
,IoCQPJ~~o,5,162967,,,false,9
,IoCQPJ~~o,6,167996,,,false,9
,IoCQPJ~~o,7,168415,,,false,9
,IoCQPJ~~o,8,166530,,,false,9
,IoCQPJ~~o,9,177845,,,false,9
,IIGSSL~~o,0,192025,,,false,9
,IIGSSL~~o,1,177217,,,false,9
,IIGSSL~~o,2,178265,,,false,9
,IIGSSL~~o,3,174911,,,false,9
,IIGSSL~~o,4,177077,,,false,9
,IIGSSL~~o,5,165132,,,false,9
,IIGSSL~~o,6,169812,,,false,9
,IIGSSL~~o,7,164434,,,false,9
,IIGSSL~~o,8,164853,,,false,9
,IIGSSL~~o,9,170511,,,false,9
,I@GUUM~^o,0,196077,,,false,9
,I@GUUM~^o,1,172257,,,false,9
,I@GUUM~^o,2,169882,,,false,9
,I@GUUM~^o,3,172048,,,false,9
,I@GUUM~^o,4,175680,,,false,9
,I@GUUM~^o,5,184132,,,false,9
,I@GUUM~^o,6,174841,,,false,9
,I@GUUM~^o,7,169882,,,false,9
,I@GUUM~^o,8,171699,,,false,9
,I@GUUM~^o,9,174283,,,false,9
,I?EQzU|xw,0,189511,,,false,9
,I?EQzU|xw,1,182875,,,false,9
,I?EQzU|xw,2,174004,,,false,9
,I?EQzU|xw,3,173375,,,false,9
,I?EQzU|xw,4,167786,,,false,9
,I?EQzU|xw,5,168975,,,false,9
,I?EQzU|xw,6,177426,,,false,9
,I?EQzU|xw,7,166599,,,false,9
,I?EQzU|xw,8,243717,,,false,9
,I?EQzU|xw,9,170302,,,false,9
,I?BLYwz|w,0,179242,,,false,9
,I?BLYwz|w,1,179731,,,false,9
,I?BLYwz|w,2,169533,,,false,9
,I?BLYwz|w,3,167857,,,false,9
,I?BLYwz|w,4,171349,,,false,9
,I?BLYwz|w,5,165551,,,false,9
,I?BLYwz|w,6,164923,,,false,9
,I?BLYwz|w,7,164154,,,false,9
,I?BLYwz|w,8,156401,,,false,9
,I?BLYwz|w,9,161291,,,false,9
,I?BT^?|Uo,0,174703,,,false,9
,I?BT^?|Uo,1,164014,,,false,9
,I?BT^?|Uo,2,161011,,,false,9
,I?BT^?|Uo,3,167298,,,false,9
,I?BT^?|Uo,4,157727,,,false,9
,I?BT^?|Uo,5,156611,,,false,9
,I?BT^?|Uo,6,158286,,,false,9
,I?BT^?|Uo,7,158008,,,false,9
,I?BT^?|Uo,8,158636,,,false,9
,I?BT^?|Uo,9,167438,,,false,9
,I`?DIu[ZG,0,170441,,,false,9
,I`?DIu[ZG,1,163735,,,false,9
,I`?DIu[ZG,2,155422,,,false,9
,I`?DIu[ZG,3,154236,,,false,9
,I`?DIu[ZG,4,153676,,,false,9
,I`?DIu[ZG,5,163805,,,false,9
,I`?DIu[ZG,6,154235,,,false,9
,I`?DIu[ZG,7,153537,,,false,9
,I`?DIu[ZG,8,153327,,,false,9
,I`?DIu[ZG,9,153397,,,false,9
,I?`H]es]?,0,175400,,,false,9
,I?`H]es]?,1,173096,,,false,9
,I?`H]es]?,2,163805,,,false,9
,I?`H]es]?,3,156401,,,false,9
,I?`H]es]?,4,155632,,,false,9
,I?`H]es]?,5,154095,,,false,9
,I?`H]es]?,6,155213,,,false,9
,I?`H]es]?,7,163874,,,false,9
,I?`H]es]?,8,155562,,,false,9
,I?`H]es]?,9,154654,,,false,9
,IR?HWzKoo,0,176099,,,false,9
,IR?HWzKoo,1,171978,,,false,9
,IR?HWzKoo,2,164155,,,false,9
,IR?HWzKoo,3,164014,,,false,9
,IR?HWzKoo,4,154096,,,false,9
,IR?HWzKoo,5,158356,,,false,9
,IR?HWzKoo,6,153676,,,false,9
,IR?HWzKoo,7,153677,,,false,9
,IR?HWzKoo,8,152628,,,false,9
,IR?HWzKoo,9,159335,,,false,9
,I`?NE_lF_,0,57489,,,false,7
,I`?NE_lF_,1,49805,,,false,7
,I`?NE_lF_,2,47290,,,false,7
,I`?NE_lF_,3,47151,,,false,7
,I`?NE_lF_,4,46871,,,false,7
,I`?NE_lF_,5,46522,,,false,7
,I`?NE_lF_,6,47151,,,false,7
,I`?NE_lF_,7,47081,,,false,7
,I`?NE_lF_,8,46173,,,false,7
,I`?NE_lF_,9,46801,,,false,7
,IW@[pqTQw,0,167088,,,false,9
,IW@[pqTQw,1,159894,,,false,9
,IW@[pqTQw,2,164433,,,false,9
,IW@[pqTQw,3,154026,,,false,9
,IW@[pqTQw,4,154095,,,false,9
,IW@[pqTQw,5,165133,,,false,9
,IW@[pqTQw,6,150952,,,false,9
,IW@[pqTQw,7,154026,,,false,9
,IW@[pqTQw,8,162268,,,false,9
,IW@[pqTQw,9,153467,,,false,9
,I`i\QleUW,0,177007,,,false,9
,I`i\QleUW,1,167927,,,false,9
,I`i\QleUW,2,159404,,,false,9
,I`i\QleUW,3,157379,,,false,9
,I`i\QleUW,4,168486,,,false,9
,I`i\QleUW,5,156960,,,false,9
,I`i\QleUW,6,158217,,,false,9
,I`i\QleUW,7,157588,,,false,9
,I`i\QleUW,8,156890,,,false,9
,I`i\QleUW,9,156610,,,false,9
,ICQjlt{}?,0,186019,,,false,9
,ICQjlt{}?,1,169603,,,false,9
,ICQjlt{}?,2,161640,,,false,9
,ICQjlt{}?,3,159893,,,false,9
,ICQjlt{}?,4,158846,,,false,9
,ICQjlt{}?,5,167647,,,false,9
,ICQjlt{}?,6,158077,,,false,9
,ICQjlt{}?,7,163036,,,false,9
,ICQjlt{}?,8,163875,,,false,9
,ICQjlt{}?,9,160382,,,false,9
,I}iAxxLLg,0,168764,,,false,9
,I}iAxxLLg,1,166949,,,false,9
,I}iAxxLLg,2,154514,,,false,9
,I}iAxxLLg,3,152419,,,false,9
,I}iAxxLLg,4,151581,,,false,9
,I}iAxxLLg,5,151232,,,false,9
,I}iAxxLLg,6,155492,,,false,9
,I}iAxxLLg,7,159823,,,false,9
,I}iAxxLLg,8,159963,,,false,9
,I}iAxxLLg,9,159404,,,false,9
,Ihe@WxVwo,0,168834,,,false,9
,Ihe@WxVwo,1,161500,,,false,9
,Ihe@WxVwo,2,158356,,,false,9
,Ihe@WxVwo,3,165900,,,false,9
,Ihe@WxVwo,4,160452,,,false,9
,Ihe@WxVwo,5,159893,,,false,9
,Ihe@WxVwo,6,160731,,,false,9
,Ihe@WxVwo,7,160592,,,false,9
,Ihe@WxVwo,8,156470,,,false,9
,Ihe@WxVwo,9,165971,,,false,9
,IRCm]YiTW,0,172677,,,false,9
,IRCm]YiTW,1,169742,,,false,9
,IRCm]YiTW,2,164853,,,false,9
,IRCm]YiTW,3,158846,,,false,9
,IRCm]YiTW,4,158706,,,false,9
,IRCm]YiTW,5,170022,,,false,9
,IRCm]YiTW,6,155982,,,false,9
,IRCm]YiTW,7,155981,,,false,9
,IRCm]YiTW,8,156959,,,false,9
,IRCm]YiTW,9,156471,,,false,9
,I@qixrTwo,0,177357,,,false,9
,I@qixrTwo,1,179102,,,false,9
,I@qixrTwo,2,166111,,,false,9
,I@qixrTwo,3,164992,,,false,9
,I@qixrTwo,4,166180,,,false,9
,I@qixrTwo,5,163596,,,false,9
,I@qixrTwo,6,164503,,,false,9
,I@qixrTwo,7,168555,,,false,9
,I@qixrTwo,8,159335,,,false,9
,I@qixrTwo,9,159963,,,false,9
,IqHHcpNLo,0,172327,,,false,9
,IqHHcpNLo,1,165481,,,false,9
,IqHHcpNLo,2,163036,,,false,9
,IqHHcpNLo,3,171349,,,false,9
,IqHHcpNLo,4,161710,,,false,9
,IqHHcpNLo,5,163665,,,false,9
,IqHHcpNLo,6,163176,,,false,9
,IqHHcpNLo,7,163246,,,false,9
,IqHHcpNLo,8,171000,,,false,9
,IqHHcpNLo,9,166529,,,false,9
,IqIAXl\N_,0,177566,,,false,9
,IqIAXl\N_,1,169883,,,false,9
,IqIAXl\N_,2,167158,,,false,9
,IqIAXl\N_,3,165481,,,false,9
,IqIAXl\N_,4,172467,,,false,9
,IqIAXl\N_,5,163246,,,false,9
,IqIAXl\N_,6,162548,,,false,9
,IqIAXl\N_,7,167019,,,false,9
,IqIAXl\N_,8,167088,,,false,9
,IqIAXl\N_,9,166459,,,false,9
,ICqhqlx\_,0,190139,,,false,9
,ICqhqlx\_,1,173166,,,false,9
,ICqhqlx\_,2,168066,,,false,9
,ICqhqlx\_,3,167856,,,false,9
,ICqhqlx\_,4,168415,,,false,9
,ICqhqlx\_,5,168905,,,false,9
,ICqhqlx\_,6,151650,,,false,9
,ICqhqlx\_,7,151092,,,false,9
,ICqhqlx\_,8,150463,,,false,9
,ICqhqlx\_,9,149835,,,false,9
,IAJLn@ZNO,0,159684,,,false,9
,IAJLn@ZNO,1,166669,,,false,9
,IAJLn@ZNO,2,172467,,,false,9
,IAJLn@ZNO,3,170441,,,false,9
,IAJLn@ZNO,4,169742,,,false,9
,IAJLn@ZNO,5,169393,,,false,9
,IAJLn@ZNO,6,170581,,,false,9
,IAJLn@ZNO,7,171070,,,false,9
,IAJLn@ZNO,8,157170,,,false,9
,IAJLn@ZNO,9,157868,,,false,9
,IsLGjERZG,0,165132,,,false,9
,IsLGjERZG,1,158426,,,false,9
,IsLGjERZG,2,156051,,,false,9
,IsLGjERZG,3,164154,,,false,9
,IsLGjERZG,4,155003,,,false,9
,IsLGjERZG,5,154514,,,false,9
,IsLGjERZG,6,153816,,,false,9
,IsLGjERZG,7,154515,,,false,9
,IsLGjERZG,8,153327,,,false,9
,IsLGjERZG,9,165202,,,false,9
,IRrJC_fEw,0,177845,,,false,9
,IRrJC_fEw,1,168136,,,false,9
,IRrJC_fEw,2,163246,,,false,9
,IRrJC_fEw,3,162618,,,false,9
,IRrJC_fEw,4,161779,,,false,9
,IRrJC_fEw,5,168136,,,false,9
,IRrJC_fEw,6,158217,,,false,9
,IRrJC_fEw,7,158216,,,false,9
,IRrJC_fEw,8,156819,,,false,9
,IRrJC_fEw,9,158426,,,false,9
,ItP@yglaw,0,172746,,,false,9
,ItP@yglaw,1,177287,,,false,9
,ItP@yglaw,2,162897,,,false,9
,ItP@yglaw,3,161988,,,false,9
,ItP@yglaw,4,160313,,,false,9
,ItP@yglaw,5,159404,,,false,9
,ItP@yglaw,6,159055,,,false,9
,ItP@yglaw,7,166879,,,false,9
,ItP@yglaw,8,159404,,,false,9
,ItP@yglaw,9,158915,,,false,9
,I``Cz]{^?,0,177008,,,false,9
,I``Cz]{^?,1,167926,,,false,9
,I``Cz]{^?,2,166390,,,false,9
,I``Cz]{^?,3,176169,,,false,9
,I``Cz]{^?,4,166600,,,false,9
,I``Cz]{^?,5,166460,,,false,9
,I``Cz]{^?,6,170302,,,false,9
,I``Cz]{^?,7,169813,,,false,9
,I``Cz]{^?,8,177286,,,false,9
,I``Cz]{^?,9,161989,,,false,9
,IGEBGz`eg,0,172676,,,false,9
,IGEBGz`eg,1,160592,,,false,9
,IGEBGz`eg,2,156889,,,false,9
,IGEBGz`eg,3,154655,,,false,9
,IGEBGz`eg,4,161779,,,false,9
,IGEBGz`eg,5,150324,,,false,9
,IGEBGz`eg,6,150953,,,false,9
,IGEBGz`eg,7,157378,,,false,9
,IGEBGz`eg,8,154026,,,false,9
,IGEBGz`eg,9,153118,,,false,9
,I`?NE_nFo,0,57349,,,false,7
,I`?NE_nFo,1,51901,,,false,7
,I`?NE_nFo,2,60073,,,false,7
,I`?NE_nFo,3,49945,,,false,7
,I`?NE_nFo,4,49107,,,false,7
,I`?NE_nFo,5,49316,,,false,7
,I`?NE_nFo,6,49176,,,false,7
,I`?NE_nFo,7,49246,,,false,7
,I`?NE_nFo,8,49525,,,false,7
,I`?NE_nFo,9,49316,,,false,7
,I?[_k^atG,0,183154,,,false,9
,I?[_k^atG,1,167647,,,false,9
,I?[_k^atG,2,161779,,,false,9
,I?[_k^atG,3,170442,,,false,9
,I?[_k^atG,4,159405,,,false,9
,I?[_k^atG,5,159125,,,false,9
,I?[_k^atG,6,158776,,,false,9
,I?[_k^atG,7,157797,,,false,9
,I?[_k^atG,8,158286,,,false,9
,I?[_k^atG,9,164643,,,false,9
,I@GZSncuG,0,184761,,,false,9
,I@GZSncuG,1,172606,,,false,9
,I@GZSncuG,2,165760,,,false,9
,I@GZSncuG,3,163036,,,false,9
,I@GZSncuG,4,173794,,,false,9
,I@GZSncuG,5,164574,,,false,9
,I@GZSncuG,6,163665,,,false,9
,I@GZSncuG,7,165202,,,false,9
,I@GZSncuG,8,164573,,,false,9
,I@GZSncuG,9,163945,,,false,9
,I@GZSncu?,0,176518,,,false,9
,I@GZSncu?,1,165551,,,false,9
,I@GZSncu?,2,162827,,,false,9
,I@GZSncu?,3,166948,,,false,9
,I@GZSncu?,4,166180,,,false,9
,I@GZSncu?,5,166250,,,false,9
,I@GZSncu?,6,167926,,,false,9
,I@GZSncu?,7,161779,,,false,9
,I@GZSncu?,8,156750,,,false,9
,I@GZSncu?,9,157239,,,false,9
,IWDApy[`w,0,180290,,,false,9
,IWDApy[`w,1,170232,,,false,9
,IWDApy[`w,2,173584,,,false,9
,IWDApy[`w,3,162268,,,false,9
,IWDApy[`w,4,163456,,,false,9
,IWDApy[`w,5,161989,,,false,9
,IWDApy[`w,6,160033,,,false,9
,IWDApy[`w,7,161640,,,false,9
,IWDApy[`w,8,170231,,,false,9
,IWDApy[`w,9,158915,,,false,9
,IoD@Is{f_,0,173934,,,false,9
,IoD@Is{f_,1,165202,,,false,9
,IoD@Is{f_,2,163665,,,false,9
,IoD@Is{f_,3,167367,,,false,9
,IoD@Is{f_,4,163525,,,false,9
,IoD@Is{f_,5,162199,,,false,9
,IoD@Is{f_,6,157309,,,false,9
,IoD@Is{f_,7,161849,,,false,9
,IoD@Is{f_,8,161360,,,false,9
,IoD@Is{f_,9,166040,,,false,9
,IRGOW^Kow,0,179243,,,false,9
,IRGOW^Kow,1,169463,,,false,9
,IRGOW^Kow,2,164643,,,false,9
,IRGOW^Kow,3,162688,,,false,9
,IRGOW^Kow,4,161779,,,false,9
,IRGOW^Kow,5,164503,,,false,9
,IRGOW^Kow,6,160103,,,false,9
,IRGOW^Kow,7,159404,,,false,9
,IRGOW^Kow,8,155144,,,false,9
,IRGOW^Kow,9,155073,,,false,9
,I?EZZjQiW,0,179661,,,false,9
,I?EZZjQiW,1,179103,,,false,9
,I?EZZjQiW,2,170092,,,false,9
,I?EZZjQiW,3,169463,,,false,9
,I?EZZjQiW,4,167926,,,false,9
,I?EZZjQiW,5,168486,,,false,9
,I?EZZjQiW,6,175750,,,false,9
,I?EZZjQiW,7,162408,,,false,9
,I?EZZjQiW,8,162478,,,false,9
,I?EZZjQiW,9,158846,,,false,9
,I?LtdXZr_,0,177426,,,false,9
,I?LtdXZr_,1,168974,,,false,9
,I?LtdXZr_,2,178195,,,false,9
,I?LtdXZr_,3,164364,,,false,9
,I?LtdXZr_,4,163945,,,false,9
,I?LtdXZr_,5,161221,,,false,9
,I?LtdXZr_,6,163316,,,false,9
,I?LtdXZr_,7,162268,,,false,9
,I?LtdXZr_,8,172188,,,false,9
,I?LtdXZr_,9,171349,,,false,9
,I?^@lhRig,0,179801,,,false,9
,I?^@lhRig,1,176518,,,false,9
,I?^@lhRig,2,166949,,,false,9
,I?^@lhRig,3,168904,,,false,9
,I?^@lhRig,4,177985,,,false,9
,I?^@lhRig,5,163316,,,false,9
,I?^@lhRig,6,167857,,,false,9
,I?^@lhRig,7,163106,,,false,9
,I?^@lhRig,8,167577,,,false,9
,I?^@lhRig,9,171488,,,false,9
,IgNSQcnLo,0,180989,,,false,9
,IgNSQcnLo,1,176798,,,false,9
,IgNSQcnLo,2,173025,,,false,9
,IgNSQcnLo,3,166460,,,false,9
,IgNSQcnLo,4,169812,,,false,9
,IgNSQcnLo,5,172397,,,false,9
,IgNSQcnLo,6,162548,,,false,9
,IgNSQcnLo,7,166669,,,false,9
,IgNSQcnLo,8,162478,,,false,9
,IgNSQcnLo,9,166390,,,false,9
,I`hPWxbcw,0,189441,,,false,9
,I`hPWxbcw,1,177496,,,false,9
,I`hPWxbcw,2,167717,,,false,9
,I`hPWxbcw,3,165761,,,false,9
,I`hPWxbcw,4,164364,,,false,9
,I`hPWxbcw,5,168974,,,false,9
,I`hPWxbcw,6,176239,,,false,9
,I`hPWxbcw,7,159334,,,false,9
,I`hPWxbcw,8,164085,,,false,9
,I`hPWxbcw,9,163246,,,false,9
,Iw?yspTIw,0,176867,,,false,9
,Iw?yspTIw,1,172048,,,false,9
,Iw?yspTIw,2,177706,,,false,9
,Iw?yspTIw,3,163246,,,false,9
,Iw?yspTIw,4,166320,,,false,9
,Iw?yspTIw,5,161919,,,false,9
,Iw?yspTIw,6,160592,,,false,9
,Iw?yspTIw,7,233309,,,false,9
,Iw?yspTIw,8,162128,,,false,9
,Iw?yspTIw,9,160383,,,false,9
,Ija?X_J@w,0,28081,,,false,6
,Ija?X_J@w,1,23331,,,false,6
,Ija?X_J@w,2,21864,,,false,6
,Ija?X_J@w,3,21584,,,false,6
,Ija?X_J@w,4,21305,,,false,6
,Ija?X_J@w,5,21655,,,false,6
,Ija?X_J@w,6,21514,,,false,6
,Ija?X_J@w,7,21585,,,false,6
,Ija?X_J@w,8,21445,,,false,6
,Ija?X_J@w,9,21375,,,false,6
,I{?BWoTBW,0,30037,,,false,6
,I{?BWoTBW,1,24239,,,false,6
,I{?BWoTBW,2,23331,,,false,6
,I{?BWoTBW,3,23121,,,false,6
,I{?BWoTBW,4,22841,,,false,6
,I{?BWoTBW,5,23820,,,false,6
,I{?BWoTBW,6,23261,,,false,6
,I{?BWoTBW,7,23331,,,false,6
,I{?BWoTBW,8,23470,,,false,6
,I{?BWoTBW,9,23401,,,false,6
,IRaIACbFG,0,79912,,,false,6
,IRaIACbFG,1,61750,,,false,6
,IRaIACbFG,2,58607,,,false,6
,IRaIACbFG,3,58187,,,false,6
,IRaIACbFG,4,58118,,,false,6
,IRaIACbFG,5,57978,,,false,6
,IRaIACbFG,6,57768,,,false,6
,IRaIACbFG,7,58188,,,false,6
,IRaIACbFG,8,57838,,,false,6
,IRaIACbFG,9,58886,,,false,6
,IqS`K?X@w,0,36184,,,false,6
,IqS`K?X@w,1,31922,,,false,6
,IqS`K?X@w,2,30945,,,false,6
,IqS`K?X@w,3,30875,,,false,6
,IqS`K?X@w,4,30456,,,false,6
,IqS`K?X@w,5,30875,,,false,6
,IqS`K?X@w,6,30456,,,false,6
,IqS`K?X@w,7,30526,,,false,6
,IqS`K?X@w,8,30525,,,false,6
,IqS`K?X@w,9,30456,,,false,6
,It?GY@FMO,0,27173,,,false,6
,It?GY@FMO,1,23261,,,false,6
,It?GY@FMO,2,22702,,,false,6
,It?GY@FMO,3,22283,,,false,6
,It?GY@FMO,4,22423,,,false,6
,It?GY@FMO,5,21864,,,false,6
,It?GY@FMO,6,22283,,,false,6
,It?GY@FMO,7,22423,,,false,6
,It?GY@FMO,8,22423,,,false,6
,It?GY@FMO,9,22004,,,false,6
,I`B@_WJ}?,0,60772,,,false,6
,I`B@_WJ}?,1,51692,,,false,6
,I`B@_WJ}?,2,49666,,,false,6
,I`B@_WJ}?,3,49176,,,false,6
,I`B@_WJ}?,4,48758,,,false,6
,I`B@_WJ}?,5,48198,,,false,6
,I`B@_WJ}?,6,48757,,,false,6
,I`B@_WJ}?,7,48128,,,false,6
,I`B@_WJ}?,8,48618,,,false,6
,I`B@_WJ}?,9,48757,,,false,6
,ItPG?CfEo,0,186227,,,false,9
,ItPG?CfEo,1,168485,,,false,9
,ItPG?CfEo,2,159754,,,false,9
,ItPG?CfEo,3,161849,,,false,9
,ItPG?CfEo,4,156121,,,false,9
,ItPG?CfEo,5,155911,,,false,9
,ItPG?CfEo,6,166390,,,false,9
,ItPG?CfEo,7,156680,,,false,9
,ItPG?CfEo,8,155703,,,false,9
,ItPG?CfEo,9,155982,,,false,9
,IFAIPWjp_,0,177216,,,false,9
,IFAIPWjp_,1,164992,,,false,9
,IFAIPWjp_,2,167857,,,false,9
,IFAIPWjp_,3,156959,,,false,9
,IFAIPWjp_,4,156540,,,false,9
,IFAIPWjp_,5,155563,,,false,9
,IFAIPWjp_,6,155562,,,false,9
,IFAIPWjp_,7,155073,,,false,9
,IFAIPWjp_,8,163596,,,false,9
,IFAIPWjp_,9,157309,,,false,9
,Iq??XyiTg,0,169394,,,false,9
,Iq??XyiTg,1,163525,,,false,9
,Iq??XyiTg,2,159125,,,false,9
,Iq??XyiTg,3,156890,,,false,9
,Iq??XyiTg,4,160313,,,false,9
,Iq??XyiTg,5,157239,,,false,9
,Iq??XyiTg,6,157169,,,false,9
,Iq??XyiTg,7,156330,,,false,9
,Iq??XyiTg,8,156122,,,false,9
,Iq??XyiTg,9,155492,,,false,9
,I@?uQQL{O,0,186787,,,false,9
,I@?uQQL{O,1,170511,,,false,9
,I@?uQQL{O,2,164363,,,false,9
,I@?uQQL{O,3,161919,,,false,9
,I@?uQQL{O,4,160872,,,false,9
,I@?uQQL{O,5,159824,,,false,9
,I@?uQQL{O,6,168415,,,false,9
,I@?uQQL{O,7,158706,,,false,9
,I@?uQQL{O,8,157937,,,false,9
,I@?uQQL{O,9,158916,,,false,9
,IGAZOqPwW,0,86339,,,false,6
,IGAZOqPwW,1,79842,,,false,6
,IGAZOqPwW,2,77607,,,false,6
,IGAZOqPwW,3,76908,,,false,6
,IGAZOqPwW,4,103103,,,false,6
,IGAZOqPwW,5,76768,,,false,6
,IGAZOqPwW,6,75720,,,false,6
,IGAZOqPwW,7,75721,,,false,6
,IGAZOqPwW,8,76279,,,false,6
,IGAZOqPwW,9,76209,,,false,6
,IJaD_XDAw,0,98842,,,false,6
,IJaD_XDAw,1,88154,,,false,6
,IJaD_XDAw,2,84801,,,false,6
,IJaD_XDAw,3,84173,,,false,6
,IJaD_XDAw,4,83474,,,false,6
,IJaD_XDAw,5,92555,,,false,6
,IJaD_XDAw,6,84313,,,false,6
,IJaD_XDAw,7,84452,,,false,6
,IJaD_XDAw,8,84522,,,false,6
,IJaD_XDAw,9,84242,,,false,6
,IF?G]YiX_,0,184482,,,false,9
,IF?G]YiX_,1,172117,,,false,9
,IF?G]YiX_,2,167508,,,false,9
,IF?G]YiX_,3,173584,,,false,9
,IF?G]YiX_,4,163386,,,false,9
,IF?G]YiX_,5,161640,,,false,9
,IF?G]YiX_,6,161709,,,false,9
,IF?G]YiX_,7,161779,,,false,9
,IF?G]YiX_,8,161780,,,false,9
,IF?G]YiX_,9,170092,,,false,9
,ItPG?CrBo,0,26614,,,false,6
,ItPG?CrBo,1,21934,,,false,6
,ItPG?CrBo,2,20886,,,false,6
,ItPG?CrBo,3,20886,,,false,6
,ItPG?CrBo,4,20606,,,false,6
,ItPG?CrBo,5,20537,,,false,6
,ItPG?CrBo,6,20537,,,false,6
,ItPG?CrBo,7,20816,,,false,6
,ItPG?CrBo,8,20956,,,false,6
,ItPG?CrBo,9,20746,,,false,6
,Is?JY_pBW,0,181478,,,false,9
,Is?JY_pBW,1,169044,,,false,9
,Is?JY_pBW,2,163525,,,false,9
,Is?JY_pBW,3,172886,,,false,9
,Is?JY_pBW,4,162198,,,false,9
,Is?JY_pBW,5,160732,,,false,9
,Is?JY_pBW,6,160732,,,false,9
,Is?JY_pBW,7,160382,,,false,9
,Is?JY_pBW,8,160731,,,false,9
,Is?JY_pBW,9,168485,,,false,9
,I?X_sespo,0,183573,,,false,9
,I?X_sespo,1,170302,,,false,9
,I?X_sespo,2,164433,,,false,9
,I?X_sespo,3,161780,,,false,9
,I?X_sespo,4,173794,,,false,9
,I?X_sespo,5,161849,,,false,9
,I?X_sespo,6,157029,,,false,9
,I?X_sespo,7,164574,,,false,9
,I?X_sespo,8,167786,,,false,9
,I?X_sespo,9,163945,,,false,9
,Ii??Xyidg,0,188323,,,false,9
,Ii??Xyidg,1,166110,,,false,9
,Ii??Xyidg,2,161779,,,false,9
,Ii??Xyidg,3,159334,,,false,9
,Ii??Xyidg,4,157728,,,false,9
,Ii??Xyidg,5,157938,,,false,9
,Ii??Xyidg,6,163666,,,false,9
,Ii??Xyidg,7,160452,,,false,9
,Ii??Xyidg,8,155423,,,false,9
,Ii??Xyidg,9,155632,,,false,9
,Iq`@OgfEw,0,176308,,,false,9
,Iq`@OgfEw,1,167018,,,false,9
,Iq`@OgfEw,2,167507,,,false,9
,Iq`@OgfEw,3,155143,,,false,9
,Iq`@OgfEw,4,153118,,,false,9
,Iq`@OgfEw,5,156680,,,false,9
,Iq`@OgfEw,6,155912,,,false,9
,Iq`@OgfEw,7,155981,,,false,9
,Iq`@OgfEw,8,161779,,,false,9
,Iq`@OgfEw,9,154584,,,false,9
,Is?IXXQKW,0,30037,,,false,7
,Is?IXXQKW,1,25077,,,false,7
,Is?IXXQKW,2,23401,,,false,7
,Is?IXXQKW,3,22912,,,false,7
,Is?IXXQKW,4,23401,,,false,7
,Is?IXXQKW,5,23261,,,false,7
,Is?IXXQKW,6,23261,,,false,7
,Is?IXXQKW,7,23400,,,false,7
,Is?IXXQKW,8,23401,,,false,7
,Is?IXXQKW,9,23471,,,false,7
,IqMA`OF@w,0,170441,,,false,9
,IqMA`OF@w,1,162058,,,false,9
,IqMA`OF@w,2,167088,,,false,9
,IqMA`OF@w,3,155492,,,false,9
,IqMA`OF@w,4,159823,,,false,9
,IqMA`OF@w,5,158357,,,false,9
,IqMA`OF@w,6,158496,,,false,9
,IqMA`OF@w,7,153607,,,false,9
,IqMA`OF@w,8,163805,,,false,9
,IqMA`OF@w,9,155702,,,false,9
,Ija?pGJ@w,0,168695,,,false,9
,Ija?pGJ@w,1,160941,,,false,9
,Ija?pGJ@w,2,156051,,,false,9
,Ija?pGJ@w,3,155074,,,false,9
,Ija?pGJ@w,4,161989,,,false,9
,Ija?pGJ@w,5,150044,,,false,9
,Ija?pGJ@w,6,148508,,,false,9
,Ija?pGJ@w,7,149485,,,false,9
,Ija?pGJ@w,8,153606,,,false,9
,Ija?pGJ@w,9,152768,,,false,9
,I?emBXQKg,0,185250,,,false,9
,I?emBXQKg,1,165621,,,false,9
,I?emBXQKg,2,161220,,,false,9
,I?emBXQKg,3,159055,,,false,9
,I?emBXQKg,4,157308,,,false,9
,I?emBXQKg,5,156191,,,false,9
,I?emBXQKg,6,165062,,,false,9
,I?emBXQKg,7,161989,,,false,9
,I?emBXQKg,8,156960,,,false,9
,I?emBXQKg,9,162198,,,false,9
,I__HGlo}G,0,180220,,,false,9
,I__HGlo}G,1,169533,,,false,9
,I__HGlo}G,2,171559,,,false,9
,I__HGlo}G,3,156750,,,false,9
,I__HGlo}G,4,155633,,,false,9
,I__HGlo}G,5,154584,,,false,9
,I__HGlo}G,6,154655,,,false,9
,I__HGlo}G,7,157797,,,false,9
,I__HGlo}G,8,162408,,,false,9
,I__HGlo}G,9,160033,,,false,9
,IoCOQKf}?,0,168555,,,false,9
,IoCOQKf}?,1,158915,,,false,9
,IoCOQKf}?,2,155702,,,false,9
,IoCOQKf}?,3,153607,,,false,9
,IoCOQKf}?,4,163106,,,false,9
,IoCOQKf}?,5,153677,,,false,9
,IoCOQKf}?,6,158217,,,false,9
,IoCOQKf}?,7,158915,,,false,9
,IoCOQKf}?,8,158776,,,false,9
,IoCOQKf}?,9,158427,,,false,9
,IWAQWoXwW,0,183853,,,false,9
,IWAQWoXwW,1,158217,,,false,9
,IWAQWoXwW,2,157867,,,false,9
,IWAQWoXwW,3,156610,,,false,9
,IWAQWoXwW,4,155423,,,false,9
,IWAQWoXwW,5,155144,,,false,9
,IWAQWoXwW,6,160172,,,false,9
,IWAQWoXwW,7,157169,,,false,9
,IWAQWoXwW,8,156331,,,false,9
,IWAQWoXwW,9,156471,,,false,9
,IsP@OgfEw,0,175749,,,false,9
,IsP@OgfEw,1,164644,,,false,9
,IsP@OgfEw,2,169742,,,false,9
,IsP@OgfEw,3,158356,,,false,9
,IsP@OgfEw,4,157658,,,false,9
,IsP@OgfEw,5,157868,,,false,9
,IsP@OgfEw,6,156541,,,false,9
,IsP@OgfEw,7,157029,,,false,9
,IsP@OgfEw,8,161290,,,false,9
,IsP@OgfEw,9,157099,,,false,9
,IQ`F`GXBW,0,180710,,,false,9
,IQ`F`GXBW,1,164852,,,false,9
,IQ`F`GXBW,2,159894,,,false,9
,IQ`F`GXBW,3,162547,,,false,9
,IQ`F`GXBW,4,168555,,,false,9
,IQ`F`GXBW,5,157938,,,false,9
,IQ`F`GXBW,6,153047,,,false,9
,IQ`F`GXBW,7,157169,,,false,9
,IQ`F`GXBW,8,156959,,,false,9
,IQ`F`GXBW,9,156471,,,false,9
,IsOPAWVIw,0,184202,,,false,9
,IsOPAWVIw,1,164852,,,false,9
,IsOPAWVIw,2,160592,,,false,9
,IsOPAWVIw,3,158636,,,false,9
,IsOPAWVIw,4,156959,,,false,9
,IsOPAWVIw,5,156541,,,false,9
,IsOPAWVIw,6,165132,,,false,9
,IsOPAWVIw,7,161709,,,false,9
,IsOPAWVIw,8,161291,,,false,9
,IsOPAWVIw,9,159893,,,false,9
,IIGOSMF}?,0,172816,,,false,9
,IIGOSMF}?,1,171769,,,false,9
,IIGOSMF}?,2,157797,,,false,9
,IIGOSMF}?,3,154305,,,false,9
,IIGOSMF}?,4,153258,,,false,9
,IIGOSMF}?,5,152139,,,false,9
,IIGOSMF}?,6,151232,,,false,9
,IIGOSMF}?,7,166739,,,false,9
,IIGOSMF}?,8,172955,,,false,9
,IIGOSMF}?,9,163247,,,false,9
,IqGODTUBw,0,177147,,,false,9
,IqGODTUBw,1,166879,,,false,9
,IqGODTUBw,2,163036,,,false,9
,IqGODTUBw,3,177008,,,false,9
,IqGODTUBw,4,157448,,,false,9
,IqGODTUBw,5,155632,,,false,9
,IqGODTUBw,6,154934,,,false,9
,IqGODTUBw,7,159544,,,false,9
,IqGODTUBw,8,159614,,,false,9
,IqGODTUBw,9,166948,,,false,9
,I``@xaHPW,0,45264,,,false,7
,I``@xaHPW,1,40166,,,false,7
,I``@xaHPW,2,39047,,,false,7
,I``@xaHPW,3,38629,,,false,7
,I``@xaHPW,4,38280,,,false,7
,I``@xaHPW,5,38140,,,false,7
,I``@xaHPW,6,38280,,,false,7
,I``@xaHPW,7,38628,,,false,7
,I``@xaHPW,8,38699,,,false,7
,I``@xaHPW,9,38628,,,false,7
,I@`MEWyL_,0,181408,,,false,9
,I@`MEWyL_,1,169184,,,false,9
,I@`MEWyL_,2,177985,,,false,9
,I@`MEWyL_,3,159404,,,false,9
,I@`MEWyL_,4,161570,,,false,9
,I@`MEWyL_,5,160941,,,false,9
,I@`MEWyL_,6,160312,,,false,9
,I@`MEWyL_,7,159824,,,false,9
,I@`MEWyL_,8,168624,,,false,9
,I@`MEWyL_,9,162269,,,false,9
,IukAHLUJO,0,174563,,,false,9
,IukAHLUJO,1,166040,,,false,9
,IukAHLUJO,2,160941,,,false,9
,IukAHLUJO,3,161081,,,false,9
,IukAHLUJO,4,170720,,,false,9
,IukAHLUJO,5,163386,,,false,9
,IukAHLUJO,6,164504,,,false,9
,IukAHLUJO,7,163735,,,false,9
,IukAHLUJO,8,163945,,,false,9
,IukAHLUJO,9,163526,,,false,9
,I~~DI[vFw,0,195448,,,false,9
,I~~DI[vFw,1,179033,,,false,9
,I~~DI[vFw,2,176518,,,false,9
,I~~DI[vFw,3,179731,,,false,9
,I~~DI[vFw,4,174772,,,false,9
,I~~DI[vFw,5,184132,,,false,9
,I~~DI[vFw,6,177426,,,false,9
,I~~DI[vFw,7,178264,,,false,9
,I~~DI[vFw,8,177357,,,false,9
,I~~DI[vFw,9,177356,,,false,9
,I~qkzXZLw,0,187974,,,false,9
,I~qkzXZLw,1,177846,,,false,9
,I~qkzXZLw,2,177077,,,false,9
,I~qkzXZLw,3,175051,,,false,9
,I~qkzXZLw,4,175261,,,false,9
,I~qkzXZLw,5,174842,,,false,9
,I~qkzXZLw,6,184272,,,false,9
,I~qkzXZLw,7,172047,,,false,9
,I~qkzXZLw,8,176309,,,false,9
,I~qkzXZLw,9,175261,,,false,9
,I???h?HpG,0,18301,,,false,3
,I???h?HpG,1,13621,,,false,3
,I???h?HpG,2,12434,,,false,3
,I???h?HpG,3,12644,,,false,3
,I???h?HpG,4,12433,,,false,3
,I???h?HpG,5,12294,,,false,3
,I???h?HpG,6,12015,,,false,3
,I???h?HpG,7,13272,,,false,3
,I???h?HpG,8,12085,,,false,3
,I???h?HpG,9,12783,,,false,3
,I????SE{G,0,14879,,,false,3
,I????SE{G,1,12224,,,false,3
,I????SE{G,2,11945,,,false,3
,I????SE{G,3,11246,,,false,3
,I????SE{G,4,11107,,,false,3
,I????SE{G,5,11387,,,false,3
,I????SE{G,6,11386,,,false,3
,I????SE{G,7,18441,,,false,3
,I????SE{G,8,11386,,,false,3
,I????SE{G,9,11037,,,false,3
,I???BGY`_,0,18581,,,false,3
,I???BGY`_,1,16695,,,false,3
,I???BGY`_,2,15368,,,false,3
,I???BGY`_,3,15577,,,false,3
,I???BGY`_,4,14878,,,false,3
,I???BGY`_,5,15297,,,false,3
,I???BGY`_,6,15647,,,false,3
,I???BGY`_,7,14949,,,false,3
,I???BGY`_,8,15088,,,false,3
,I???BGY`_,9,15367,,,false,3
,It?IQGiDO,0,182665,,,false,9
,It?IQGiDO,1,170790,,,false,9
,It?IQGiDO,2,164713,,,false,9
,It?IQGiDO,3,160732,,,false,9
,It?IQGiDO,4,166110,,,false,9
,It?IQGiDO,5,155492,,,false,9
,It?IQGiDO,6,155842,,,false,9
,It?IQGiDO,7,155073,,,false,9
,It?IQGiDO,8,155982,,,false,9
,It?IQGiDO,9,149764,,,false,9
,IG_UXzs}O,0,200478,,,false,9
,IG_UXzs}O,1,180150,,,false,9
,IG_UXzs}O,2,173934,,,false,9
,IG_UXzs}O,3,173235,,,false,9
,IG_UXzs}O,4,172187,,,false,9
,IG_UXzs}O,5,186297,,,false,9
,IG_UXzs}O,6,166949,,,false,9
,IG_UXzs}O,7,164644,,,false,9
,IG_UXzs}O,8,165272,,,false,9
,IG_UXzs}O,9,165132,,,false,9
,I_A_tt}^_,0,189022,,,false,9
,I_A_tt}^_,1,188324,,,false,9
,I_A_tt}^_,2,172397,,,false,9
,I_A_tt}^_,3,175330,,,false,9
,I_A_tt}^_,4,174214,,,false,9
,I_A_tt}^_,5,170302,,,false,9
,I_A_tt}^_,6,182386,,,false,9
,I_A_tt}^_,7,178544,,,false,9
,I_A_tt}^_,8,173095,,,false,9
,I_A_tt}^_,9,177427,,,false,9
,I?O__E@BG,0,34297,,,false,3
,I?O__E@BG,1,28081,,,false,3
,I?O__E@BG,2,25846,,,false,3
,I?O__E@BG,3,25356,,,false,3
,I?O__E@BG,4,24868,,,false,3
,I?O__E@BG,5,24588,,,false,3
,I?O__E@BG,6,25427,,,false,3
,I?O__E@BG,7,24728,,,false,3
,I?O__E@BG,8,24309,,,false,3
,I?O__E@BG,9,23960,,,false,3
,IJPHPKYDW,0,219548,,,false,9
,IJPHPKYDW,1,197055,,,false,9
,IJPHPKYDW,2,185948,,,false,9
,IJPHPKYDW,3,183644,,,false,9
,IJPHPKYDW,4,186647,,,false,9
,IJPHPKYDW,5,190488,,,false,9
,IJPHPKYDW,6,181757,,,false,9
,IJPHPKYDW,7,184342,,,false,9
,IJPHPKYDW,8,183922,,,false,9
,IJPHPKYDW,9,183574,,,false,9
,I?@?RaQJG,0,102963,,,false,5
,I?@?RaQJG,1,80540,,,false,5
,I?@?RaQJG,2,75721,,,false,5
,I?@?RaQJG,3,74603,,,false,5
,I?@?RaQJG,4,74114,,,false,5
,I?@?RaQJG,5,74253,,,false,5
,I?@?RaQJG,6,73136,,,false,5
,I?@?RaQJG,7,73486,,,false,5
,I?@?RaQJG,8,72507,,,false,5
,I?@?RaQJG,9,72856,,,false,5
,IQQ@HKYEW,0,87665,,,false,6
,IQQ@HKYEW,1,95978,,,false,6
,IQQ@HKYEW,2,76419,,,false,6
,IQQ@HKYEW,3,67199,,,false,6
,IQQ@HKYEW,4,67757,,,false,6
,IQQ@HKYEW,5,68037,,,false,6
,IQQ@HKYEW,6,67547,,,false,6
,IQQ@HKYEW,7,67688,,,false,6
,IQQ@HKYEW,8,68176,,,false,6
,IQQ@HKYEW,9,67338,,,false,6
,Ir?GWWJ@w,0,39537,,,false,5
,Ir?GWWJ@w,1,35276,,,false,5
,Ir?GWWJ@w,2,33390,,,false,5
,Ir?GWWJ@w,3,33879,,,false,5
,Ir?GWWJ@w,4,32971,,,false,5
,Ir?GWWJ@w,5,33110,,,false,5
,Ir?GWWJ@w,6,32971,,,false,5
,Ir?GWWJ@w,7,33319,,,false,5
,Ir?GWWJ@w,8,32901,,,false,5
,Ir?GWWJ@w,9,33390,,,false,5
,I`?M@_K?w,0,18232,,,false,3
,I`?M@_K?w,1,23052,,,false,3
,I`?M@_K?w,2,14529,,,false,3
,I`?M@_K?w,3,14809,,,false,3
,I`?M@_K?w,4,14040,,,false,3
,I`?M@_K?w,5,13482,,,false,3
,I`?M@_K?w,6,13691,,,false,3
,I`?M@_K?w,7,13342,,,false,3
,I`?M@_K?w,8,13761,,,false,3
,I`?M@_K?w,9,12364,,,false,3
,Iv?GOKFY?,0,24868,,,false,5
,Iv?GOKFY?,1,20816,,,false,5
,Iv?GOKFY?,2,20397,,,false,5
,Iv?GOKFY?,3,20117,,,false,5
,Iv?GOKFY?,4,19978,,,false,5
,Iv?GOKFY?,5,19699,,,false,5
,Iv?GOKFY?,6,20117,,,false,5
,Iv?GOKFY?,7,19629,,,false,5
,Iv?GOKFY?,8,19489,,,false,5
,Iv?GOKFY?,9,19419,,,false,5
,I???pHG`G,0,12014,,,false,3
,I???pHG`G,1,9360,,,false,3
,I???pHG`G,2,8592,,,false,3
,I???pHG`G,3,9221,,,false,3
,I???pHG`G,4,8452,,,false,3
,I???pHG`G,5,8662,,,false,3
,I???pHG`G,6,9011,,,false,3
,I???pHG`G,7,8452,,,false,3
,I???pHG`G,8,8173,,,false,3
,I???pHG`G,9,8452,,,false,3
,I?C@?N?BG,0,18022,,,false,3
,I?C@?N?BG,1,14808,,,false,3
,I?C@?N?BG,2,13831,,,false,3
,I?C@?N?BG,3,14250,,,false,3
,I?C@?N?BG,4,14390,,,false,3
,I?C@?N?BG,5,14180,,,false,3
,I?C@?N?BG,6,13901,,,false,3
,I?C@?N?BG,7,13831,,,false,3
,I?C@?N?BG,8,13900,,,false,3
,I?C@?N?BG,9,13831,,,false,3
,IugOXhJX_,0,174004,,,false,9
,IugOXhJX_,1,177985,,,false,9
,IugOXhJX_,2,167996,,,false,9
,IugOXhJX_,3,166599,,,false,9
,IugOXhJX_,4,161779,,,false,9
,IugOXhJX_,5,168066,,,false,9
,IugOXhJX_,6,172467,,,false,9
,IugOXhJX_,7,164225,,,false,9
,IugOXhJX_,8,159823,,,false,9
,IugOXhJX_,9,155073,,,false,9
,I?_aCwuU_,0,184551,,,false,9
,I?_aCwuU_,1,169952,,,false,9
,I?_aCwuU_,2,170930,,,false,9
,I?_aCwuU_,3,180500,,,false,9
,I?_aCwuU_,4,178404,,,false,9
,I?_aCwuU_,5,173585,,,false,9
,I?_aCwuU_,6,169952,,,false,9
,I?_aCwuU_,7,162547,,,false,9
,I?_aCwuU_,8,169184,,,false,9
,I?_aCwuU_,9,161779,,,false,9
,I?cqcGbQW,0,176448,,,false,9
,I?cqcGbQW,1,167577,,,false,9
,I?cqcGbQW,2,160313,,,false,9
,I?cqcGbQW,3,168904,,,false,9
,I?cqcGbQW,4,155423,,,false,9
,I?cqcGbQW,5,156819,,,false,9
,I?cqcGbQW,6,155003,,,false,9
,I?cqcGbQW,7,152838,,,false,9
,I?cqcGbQW,8,151720,,,false,9
,I?cqcGbQW,9,151721,,,false,9
,I@Q@QK^kw,0,196916,,,false,9
,I@Q@QK^kw,1,180989,,,false,9
,I@Q@QK^kw,2,171000,,,false,9
,I@Q@QK^kw,3,171280,,,false,9
,I@Q@QK^kw,4,169673,,,false,9
,I@Q@QK^kw,5,172886,,,false,9
,I@Q@QK^kw,6,166319,,,false,9
,I@Q@QK^kw,7,165342,,,false,9
,I@Q@QK^kw,8,165691,,,false,9
,I@Q@QK^kw,9,165202,,,false,9
,ICHCPLRFw,0,175191,,,false,9
,ICHCPLRFw,1,176099,,,false,9
,ICHCPLRFw,2,156750,,,false,9
,ICHCPLRFw,3,154096,,,false,9
,ICHCPLRFw,4,157029,,,false,9
,ICHCPLRFw,5,156051,,,false,9
,ICHCPLRFw,6,153187,,,false,9
,ICHCPLRFw,7,175051,,,false,9
,ICHCPLRFw,8,157798,,,false,9
,ICHCPLRFw,9,156400,,,false,9
,IOD?g\bew,0,186647,,,false,9
,IOD?g\bew,1,173794,,,false,9
,IOD?g\bew,2,175889,,,false,9
,IOD?g\bew,3,164224,,,false,9
,IOD?g\bew,4,161919,,,false,9
,IOD?g\bew,5,158427,,,false,9
,IOD?g\bew,6,157029,,,false,9
,IOD?g\bew,7,156331,,,false,9
,IOD?g\bew,8,163805,,,false,9
,IOD?g\bew,9,156121,,,false,9
,I@`CJcnFw,0,182805,,,false,9
,I@`CJcnFw,1,171070,,,false,9
,I@`CJcnFw,2,165691,,,false,9
,I@`CJcnFw,3,163106,,,false,9
,I@`CJcnFw,4,170790,,,false,9
,I@`CJcnFw,5,158427,,,false,9
,I@`CJcnFw,6,157938,,,false,9
,I@`CJcnFw,7,156750,,,false,9
,I@`CJcnFw,8,156191,,,false,9
,I@`CJcnFw,9,156260,,,false,9
,I??GjQoRg,0,199011,,,false,9
,I??GjQoRg,1,184202,,,false,9
,I??GjQoRg,2,178265,,,false,9
,I??GjQoRg,3,171698,,,false,9
,I??GjQoRg,4,169812,,,false,9
,I??GjQoRg,5,176169,,,false,9
,I??GjQoRg,6,167577,,,false,9
,I??GjQoRg,7,167088,,,false,9
,I??GjQoRg,8,164992,,,false,9
,I??GjQoRg,9,164923,,,false,9
,IoCOPHA~w,0,183783,,,false,9
,IoCOPHA~w,1,177286,,,false,9
,IoCOPHA~w,2,166320,,,false,9
,IoCOPHA~w,3,162897,,,false,9
,IoCOPHA~w,4,161150,,,false,9
,IoCOPHA~w,5,160592,,,false,9
,IoCOPHA~w,6,160801,,,false,9
,IoCOPHA~w,7,167297,,,false,9
,IoCOPHA~w,8,159544,,,false,9
,IoCOPHA~w,9,156611,,,false,9
,I????Wqoo,0,20467,,,false,3
,I????Wqoo,1,15647,,,false,3
,I????Wqoo,2,14949,,,false,3
,I????Wqoo,3,15717,,,false,3
,I????Wqoo,4,14809,,,false,3
,I????Wqoo,5,14389,,,false,3
,I????Wqoo,6,14669,,,false,3
,I????Wqoo,7,13971,,,false,3
,I????Wqoo,8,14110,,,false,3
,I????Wqoo,9,14460,,,false,3
,I???OGoow,0,18372,,,false,3
,I???OGoow,1,16345,,,false,3
,I???OGoow,2,15647,,,false,3
,I???OGoow,3,15717,,,false,3
,I???OGoow,4,15368,,,false,3
,I???OGoow,5,15577,,,false,3
,I???OGoow,6,15647,,,false,3
,I???OGoow,7,15367,,,false,3
,I???OGoow,8,15647,,,false,3
,I???OGoow,9,15717,,,false,3
,I{~~fd^Nw,0,207044,,,false,9
,I{~~fd^Nw,1,185111,,,false,9
,I{~~fd^Nw,2,180918,,,false,9
,I{~~fd^Nw,3,180780,,,false,9
,I{~~fd^Nw,4,180639,,,false,9
,I{~~fd^Nw,5,188463,,,false,9
,I{~~fd^Nw,6,187834,,,false,9
,I{~~fd^Nw,7,188603,,,false,9
,I{~~fd^Nw,8,184342,,,false,9
,I{~~fd^Nw,9,183504,,,false,9
,ICS}||~~w,0,212143,,,false,9
,ICS}||~~w,1,198731,,,false,9
,ICS}||~~w,2,181618,,,false,9
,ICS}||~~w,3,181897,,,false,9
,ICS}||~~w,4,184551,,,false,9
,ICS}||~~w,5,194051,,,false,9
,ICS}||~~w,6,181827,,,false,9
,ICS}||~~w,7,183015,,,false,9
,ICS}||~~w,8,188324,,,false,9
,ICS}||~~w,9,184341,,,false,9
,I?v\||~^w,0,196357,,,false,9
,I?v\||~^w,1,197964,,,false,9
,I?v\||~^w,2,192235,,,false,9
,I?v\||~^w,3,186996,,,false,9
,I?v\||~^w,4,190349,,,false,9
,I?v\||~^w,5,184411,,,false,9
,I?v\||~^w,6,194680,,,false,9
,I?v\||~^w,7,186088,,,false,9
,I?v\||~^w,8,186018,,,false,9
,I?v\||~^w,9,190629,,,false,9
,I`?N~~~~w,0,195239,,,false,9
,I`?N~~~~w,1,194889,,,false,9
,I`?N~~~~w,2,185669,,,false,9
,I`?N~~~~w,3,183434,,,false,9
,I`?N~~~~w,4,182386,,,false,9
,I`?N~~~~w,5,186996,,,false,9
,I`?N~~~~w,6,190559,,,false,9
,I`?N~~~~w,7,181129,,,false,9
,I`?N~~~~w,8,181269,,,false,9
,I`?N~~~~w,9,181897,,,false,9
,I~ze}w~Nw,0,186647,,,false,9
,I~ze}w~Nw,1,190349,,,false,9
,I~ze}w~Nw,2,184971,,,false,9
,I~ze}w~Nw,3,184621,,,false,9
,I~ze}w~Nw,4,187695,,,false,9
,I~ze}w~Nw,5,188184,,,false,9
,I~ze}w~Nw,6,192724,,,false,9
,I~ze}w~Nw,7,183643,,,false,9
,I~ze}w~Nw,8,179802,,,false,9
,I~ze}w~Nw,9,179801,,,false,9
,I~~DJK^Fw,0,182316,,,false,9
,I~~DJK^Fw,1,174632,,,false,9
,I~~DJK^Fw,2,184551,,,false,9
,I~~DJK^Fw,3,177776,,,false,9
,I~~DJK^Fw,4,177008,,,false,9
,I~~DJK^Fw,5,172467,,,false,9
,I~~DJK^Fw,6,172327,,,false,9
,I~~DJK^Fw,7,179941,,,false,9
,I~~DJK^Fw,8,170721,,,false,9
,I~~DJK^Fw,9,169742,,,false,9
,Itlai[~Nw,0,177147,,,false,9
,Itlai[~Nw,1,172537,,,false,9
,Itlai[~Nw,2,171558,,,false,9
,Itlai[~Nw,3,184271,,,false,9
,Itlai[~Nw,4,179103,,,false,9
,Itlai[~Nw,5,178824,,,false,9
,Itlai[~Nw,6,174562,,,false,9
,Itlai[~Nw,7,177636,,,false,9
,Itlai[~Nw,8,186089,,,false,9
,Itlai[~Nw,9,173794,,,false,9
,IQGm_|~~w,0,191048,,,false,9
,IQGm_|~~w,1,186507,,,false,9
,IQGm_|~~w,2,181198,,,false,9
,IQGm_|~~w,3,184272,,,false,9
,IQGm_|~~w,4,173724,,,false,9
,IQGm_|~~w,5,172537,,,false,9
,IQGm_|~~w,6,173095,,,false,9
,IQGm_|~~w,7,173165,,,false,9
,IQGm_|~~w,8,171907,,,false,9
,IQGm_|~~w,9,181338,,,false,9
,IwCO]}~^w,0,189441,,,false,9
,IwCO]}~^w,1,185390,,,false,9
,IwCO]}~^w,2,182665,,,false,9
,IwCO]}~^w,3,180500,,,false,9
,IwCO]}~^w,4,184761,,,false,9
,IwCO]}~^w,5,172467,,,false,9
,IwCO]}~^w,6,170581,,,false,9
,IwCO]}~^w,7,170580,,,false,9
,IwCO]}~^w,8,171839,,,false,9
,IwCO]}~^w,9,170720,,,false,9
,I~zf?{^Fw,0,178055,,,false,9
,I~zf?{^Fw,1,176030,,,false,9
,I~zf?{^Fw,2,174492,,,false,9
,I~zf?{^Fw,3,170721,,,false,9
,I~zf?{^Fw,4,170860,,,false,9
,I~zf?{^Fw,5,177985,,,false,9
,I~zf?{^Fw,6,169393,,,false,9
,I~zf?{^Fw,7,167088,,,false,9
,I~zf?{^Fw,8,166949,,,false,9
,I~zf?{^Fw,9,166809,,,false,9
,I?rMX{~Nw,0,194191,,,false,9
,I?rMX{~Nw,1,176588,,,false,9
,I?rMX{~Nw,2,177705,,,false,9
,I?rMX{~Nw,3,177357,,,false,9
,I?rMX{~Nw,4,175191,,,false,9
,I?rMX{~Nw,5,176239,,,false,9
,I?rMX{~Nw,6,185041,,,false,9
,I?rMX{~Nw,7,171419,,,false,9
,I?rMX{~Nw,8,170720,,,false,9
,I?rMX{~Nw,9,169463,,,false,9
,I~fLQ{}Xw,0,184900,,,false,9
,I~fLQ{}Xw,1,179732,,,false,9
,I~fLQ{}Xw,2,174283,,,false,9
,I~fLQ{}Xw,3,174143,,,false,9
,I~fLQ{}Xw,4,173235,,,false,9
,I~fLQ{}Xw,5,173725,,,false,9
,I~fLQ{}Xw,6,166809,,,false,9
,I~fLQ{}Xw,7,178404,,,false,9
,I~fLQ{}Xw,8,175960,,,false,9
,I~fLQ{}Xw,9,171907,,,false,9
,I?qkz\^Nw,0,182596,,,false,9
,I?qkz\^Nw,1,174633,,,false,9
,I?qkz\^Nw,2,180290,,,false,9
,I?qkz\^Nw,3,172187,,,false,9
,I?qkz\^Nw,4,178964,,,false,9
,I?qkz\^Nw,5,176169,,,false,9
,I?qkz\^Nw,6,175541,,,false,9
,I?qkz\^Nw,7,172327,,,false,9
,I?qkz\^Nw,8,179103,,,false,9
,I?qkz\^Nw,9,171838,,,false,9
,IvzfA{}Fw,0,172466,,,false,9
,IvzfA{}Fw,1,169184,,,false,9
,IvzfA{}Fw,2,167018,,,false,9
,IvzfA{}Fw,3,166879,,,false,9
,IvzfA{}Fw,4,165761,,,false,9
,IvzfA{}Fw,5,169394,,,false,9
,IvzfA{}Fw,6,169394,,,false,9
,IvzfA{}Fw,7,172257,,,false,9
,IvzfA{}Fw,8,173724,,,false,9
,IvzfA{}Fw,9,185529,,,false,9
,I?C^~~{~G,0,198452,,,false,9
,I?C^~~{~G,1,188602,,,false,9
,I?C^~~{~G,2,181408,,,false,9
,I?C^~~{~G,3,180570,,,false,9
,I?C^~~{~G,4,189162,,,false,9
,I?C^~~{~G,5,180430,,,false,9
,I?C^~~{~G,6,178404,,,false,9
,I?C^~~{~G,7,177985,,,false,9
,I?C^~~{~G,8,182944,,,false,9
,I?C^~~{~G,9,182247,,,false,9
,I?@Yx{~zw,0,188673,,,false,9
,I?@Yx{~zw,1,179731,,,false,9
,I?@Yx{~zw,2,176169,,,false,9
,I?@Yx{~zw,3,174632,,,false,9
,I?@Yx{~zw,4,173096,,,false,9
,I?@Yx{~zw,5,180989,,,false,9
,I?@Yx{~zw,6,172536,,,false,9
,I?@Yx{~zw,7,176449,,,false,9
,I?@Yx{~zw,8,175330,,,false,9
,I?@Yx{~zw,9,175052,,,false,9
,Is`zro~Nw,0,193772,,,false,9
,Is`zro~Nw,1,174214,,,false,9
,Is`zro~Nw,2,173794,,,false,9
,Is`zro~Nw,3,173096,,,false,9
,Is`zro~Nw,4,172467,,,false,9
,Is`zro~Nw,5,172816,,,false,9
,Is`zro~Nw,6,181967,,,false,9
,Is`zro~Nw,7,171139,,,false,9
,Is`zro~Nw,8,168346,,,false,9
,Is`zro~Nw,9,168974,,,false,9
,I??D||~^w,0,205786,,,false,9
,I??D||~^w,1,200199,,,false,9
,I??D||~^w,2,195169,,,false,9
,I??D||~^w,3,191676,,,false,9
,I??D||~^w,4,193982,,,false,9
,I??D||~^w,5,193493,,,false,9
,I??D||~^w,6,200338,,,false,9
,I??D||~^w,7,195169,,,false,9
,I??D||~^w,8,196356,,,false,9
,I??D||~^w,9,191327,,,false,9
,I??F~~}~W,0,207952,,,false,9
,I??F~~}~W,1,215706,,,false,9
,I??F~~}~W,2,200827,,,false,9
,I??F~~}~W,3,193492,,,false,9
,I??F~~}~W,4,193283,,,false,9
,I??F~~}~W,5,197125,,,false,9
,I??F~~}~W,6,206765,,,false,9
,I??F~~}~W,7,195727,,,false,9
,I??F~~}~W,8,200338,,,false,9
,I??F~~}~W,9,196426,,,false,9
,I~?GW]^Zo,0,29617,,,false,5
,I~?GW]^Zo,1,25008,,,false,5
,I~?GW]^Zo,2,24029,,,false,5
,I~?GW]^Zo,3,23261,,,false,5
,I~?GW]^Zo,4,23470,,,false,5
,I~?GW]^Zo,5,23471,,,false,5
,I~?GW]^Zo,6,23820,,,false,5
,I~?GW]^Zo,7,32411,,,false,5
,I~?GW]^Zo,8,23959,,,false,5
,I~?GW]^Zo,9,23471,,,false,5
,I~}AHKVBw,0,190140,,,false,9
,I~}AHKVBw,1,183644,,,false,9
,I~}AHKVBw,2,176867,,,false,9
,I~}AHKVBw,3,177007,,,false,9
,I~}AHKVBw,4,180291,,,false,9
,I~}AHKVBw,5,171769,,,false,9
,I~}AHKVBw,6,170371,,,false,9
,I~}AHKVBw,7,169323,,,false,9
,I~}AHKVBw,8,173026,,,false,9
,I~}AHKVBw,9,173095,,,false,9
,ITlAIK~No,0,73066,,,false,5
,ITlAIK~No,1,59165,,,false,5
,ITlAIK~No,2,57279,,,false,5
,ITlAIK~No,3,56231,,,false,5
,ITlAIK~No,4,55603,,,false,5
,ITlAIK~No,5,55394,,,false,5
,ITlAIK~No,6,55323,,,false,5
,ITlAIK~No,7,55184,,,false,5
,ITlAIK~No,8,54974,,,false,5
,ITlAIK~No,9,55463,,,false,5
,I?qi`e^Zw,0,186368,,,false,9
,I?qi`e^Zw,1,170650,,,false,9
,I?qi`e^Zw,2,174772,,,false,9
,I?qi`e^Zw,3,169882,,,false,9
,I?qi`e^Zw,4,219269,,,false,9
,I?qi`e^Zw,5,175400,,,false,9
,I?qi`e^Zw,6,175471,,,false,9
,I?qi`e^Zw,7,181059,,,false,9
,I?qi`e^Zw,8,170511,,,false,9
,I?qi`e^Zw,9,162339,,,false,9
,I`?M\\]NW,0,185180,,,false,9
,I`?M\\]NW,1,174493,,,false,9
,I`?M\\]NW,2,165342,,,false,9
,I`?M\\]NW,3,176449,,,false,9
,I`?M\\]NW,4,167997,,,false,9
,I`?M\\]NW,5,167507,,,false,9
,I`?M\\]NW,6,166599,,,false,9
,I`?M\\]NW,7,169323,,,false,9
,I`?M\\]NW,8,176937,,,false,9
,I`?M\\]NW,9,166180,,,false,9
,IITX`Sffw,0,187066,,,false,9
,IITX`Sffw,1,177356,,,false,9
,IITX`Sffw,2,172816,,,false,9
,IITX`Sffw,3,171140,,,false,9
,IITX`Sffw,4,178683,,,false,9
,IITX`Sffw,5,170861,,,false,9
,IITX`Sffw,6,170581,,,false,9
,IITX`Sffw,7,170581,,,false,9
,IITX`Sffw,8,169882,,,false,9
,IITX`Sffw,9,178963,,,false,9
,I@KpW~Tqw,0,191327,,,false,9
,I@KpW~Tqw,1,189441,,,false,9
,I@KpW~Tqw,2,179243,,,false,9
,I@KpW~Tqw,3,176867,,,false,9
,I@KpW~Tqw,4,176798,,,false,9
,I@KpW~Tqw,5,198731,,,false,9
,I@KpW~Tqw,6,171210,,,false,9
,I@KpW~Tqw,7,169533,,,false,9
,I@KpW~Tqw,8,170371,,,false,9
,I@KpW~Tqw,9,169044,,,false,9
,IoCWzdkfw,0,184691,,,false,9
,IoCWzdkfw,1,167647,,,false,9
,IoCWzdkfw,2,166529,,,false,9
,IoCWzdkfw,3,165691,,,false,9
,IoCWzdkfw,4,163665,,,false,9
,IoCWzdkfw,5,163735,,,false,9
,IoCWzdkfw,6,172327,,,false,9
,IoCWzdkfw,7,167787,,,false,9
,IoCWzdkfw,8,165900,,,false,9
,IoCWzdkfw,9,164433,,,false,9
,I?eRRI^Zw,0,181827,,,false,9
,I?eRRI^Zw,1,180709,,,false,9
,I?eRRI^Zw,2,166669,,,false,9
,I?eRRI^Zw,3,162967,,,false,9
,I?eRRI^Zw,4,161919,,,false,9
,I?eRRI^Zw,5,160732,,,false,9
,I?eRRI^Zw,6,160382,,,false,9
,I?eRRI^Zw,7,169114,,,false,9
,I?eRRI^Zw,8,160103,,,false,9
,I?eRRI^Zw,9,164014,,,false,9
,I`?M]W~No,0,72019,,,false,7
,I`?M]W~No,1,56232,,,false,7
,I`?M]W~No,2,53996,,,false,7
,I`?M]W~No,3,53438,,,false,7
,I`?M]W~No,4,53088,,,false,7
,I`?M]W~No,5,52809,,,false,7
,I`?M]W~No,6,52808,,,false,7
,I`?M]W~No,7,53228,,,false,7
,I`?M]W~No,8,52530,,,false,7
,I`?M]W~No,9,62518,,,false,7
,I@KpW~RrW,0,189930,,,false,9
,I@KpW~RrW,1,180500,,,false,9
,I@KpW~RrW,2,179243,,,false,9
,I@KpW~RrW,3,174353,,,false,9
,I@KpW~RrW,4,177426,,,false,9
,I@KpW~RrW,5,186367,,,false,9
,I@KpW~RrW,6,177147,,,false,9
,I@KpW~RrW,7,172118,,,false,9
,I@KpW~RrW,8,171069,,,false,9
,I@KpW~RrW,9,171908,,,false,9
,I?qahq^Zw,0,188952,,,false,9
,I?qahq^Zw,1,168555,,,false,9
,I?qahq^Zw,2,161220,,,false,9
,I?qahq^Zw,3,160172,,,false,9
,I?qahq^Zw,4,158217,,,false,9
,I?qahq^Zw,5,163246,,,false,9
,I?qahq^Zw,6,166110,,,false,9
,I?qahq^Zw,7,162129,,,false,9
,I?qahq^Zw,8,165132,,,false,9
,I?qahq^Zw,9,164853,,,false,9
,I`?L[|mVW,0,177077,,,false,9
,I`?L[|mVW,1,166529,,,false,9
,I`?L[|mVW,2,179033,,,false,9
,I`?L[|mVW,3,163525,,,false,9
,I`?L[|mVW,4,165202,,,false,9
,I`?L[|mVW,5,163456,,,false,9
,I`?L[|mVW,6,160662,,,false,9
,I`?L[|mVW,7,160452,,,false,9
,I`?L[|mVW,8,168904,,,false,9
,I`?L[|mVW,9,159334,,,false,9
,IS`rQo~No,0,169952,,,false,9
,IS`rQo~No,1,161640,,,false,9
,IS`rQo~No,2,158776,,,false,9
,IS`rQo~No,3,172886,,,false,9
,IS`rQo~No,4,158635,,,false,9
,IS`rQo~No,5,157728,,,false,9
,IS`rQo~No,6,158566,,,false,9
,IS`rQo~No,7,157797,,,false,9
,IS`rQo~No,8,157309,,,false,9
,IS`rQo~No,9,158007,,,false,9
,I`?L[|lVg,0,166948,,,false,9
,I`?L[|lVg,1,164643,,,false,9
,I`?L[|lVg,2,167507,,,false,9
,I`?L[|lVg,3,166948,,,false,9
,I`?L[|lVg,4,165901,,,false,9
,I`?L[|lVg,5,175051,,,false,9
,I`?L[|lVg,6,163246,,,false,9
,I`?L[|lVg,7,159404,,,false,9
,I`?L[|lVg,8,157658,,,false,9
,I`?L[|lVg,9,158706,,,false,9
,IoSs[\r[w,0,171069,,,false,9
,IoSs[\r[w,1,171139,,,false,9
,IoSs[\r[w,2,164364,,,false,9
,IoSs[\r[w,3,160871,,,false,9
,IoSs[\r[w,4,159754,,,false,9
,IoSs[\r[w,5,159474,,,false,9
,IoSs[\r[w,6,160592,,,false,9
,IoSs[\r[w,7,165621,,,false,9
,IoSs[\r[w,8,159404,,,false,9
,IoSs[\r[w,9,163316,,,false,9
,I`?G?F~~w,0,27662,,,false,5
,I`?G?F~~w,1,23401,,,false,5
,I`?G?F~~w,2,22353,,,false,5
,I`?G?F~~w,3,22284,,,false,5
,I`?G?F~~w,4,22423,,,false,5
,I`?G?F~~w,5,22493,,,false,5
,I`?G?F~~w,6,22143,,,false,5
,I`?G?F~~w,7,22144,,,false,5
,I`?G?F~~w,8,22632,,,false,5
,I`?G?F~~w,9,22493,,,false,5
,I???w}vZw,0,201596,,,false,9
,I???w}vZw,1,198103,,,false,9
,I???w}vZw,2,179242,,,false,9
,I???w}vZw,3,174213,,,false,9
,I???w}vZw,4,172607,,,false,9
,I???w}vZw,5,172188,,,false,9
,I???w}vZw,6,183573,,,false,9
,I???w}vZw,7,173095,,,false,9
,I???w}vZw,8,173166,,,false,9
,I???w}vZw,9,173724,,,false,9
,I??GW]~^o,0,25357,,,false,5
,I??GW]~^o,1,21375,,,false,5
,I??GW]~^o,2,20467,,,false,5
,I??GW]~^o,3,20536,,,false,5
,I??GW]~^o,4,19699,,,false,5
,I??GW]~^o,5,20257,,,false,5
,I??GW]~^o,6,20816,,,false,5
,I??GW]~^o,7,20117,,,false,5
,I??GW]~^o,8,20397,,,false,5
,I??GW]~^o,9,20327,,,false,5
,IIP@xw{fw,0,189231,,,false,9
,IIP@xw{fw,1,168066,,,false,9
,IIP@xw{fw,2,163665,,,false,9
,IIP@xw{fw,3,161430,,,false,9
,IIP@xw{fw,4,161639,,,false,9
,IIP@xw{fw,5,161291,,,false,9
,IIP@xw{fw,6,170372,,,false,9
,IIP@xw{fw,7,161989,,,false,9
,IIP@xw{fw,8,166459,,,false,9
,IIP@xw{fw,9,164643,,,false,9
,I`?HpnKrG,0,52669,,,false,5
,I`?HpnKrG,1,44008,,,false,5
,I`?HpnKrG,2,42400,,,false,5
,I`?HpnKrG,3,42122,,,false,5
,I`?HpnKrG,4,41842,,,false,5
,I`?HpnKrG,5,42121,,,false,5
,I`?HpnKrG,6,42051,,,false,5
,I`?HpnKrG,7,50993,,,false,5
,I`?HpnKrG,8,41842,,,false,5
,I`?HpnKrG,9,41493,,,false,5
,IwCWONbFo,0,29408,,,false,6
,IwCWONbFo,1,24309,,,false,6
,IwCWONbFo,2,22493,,,false,6
,IwCWONbFo,3,21934,,,false,6
,IwCWONbFo,4,22353,,,false,6
,IwCWONbFo,5,22283,,,false,6
,IwCWONbFo,6,21933,,,false,6
,IwCWONbFo,7,21515,,,false,6
,IwCWONbFo,8,21655,,,false,6
,IwCWONbFo,9,21444,,,false,6
,I`qa`_NBw,0,170161,,,false,9
,I`qa`_NBw,1,161361,,,false,9
,I`qa`_NBw,2,156470,,,false,9
,I`qa`_NBw,3,163666,,,false,9
,I`qa`_NBw,4,159125,,,false,9
,I`qa`_NBw,5,160732,,,false,9
,I`qa`_NBw,6,156401,,,false,9
,I`qa`_NBw,7,155772,,,false,9
,I`qa`_NBw,8,155702,,,false,9
,I`qa`_NBw,9,165621,,,false,9
,I_GTddMRW,0,162269,,,false,9
,I_GTddMRW,1,152908,,,false,9
,I_GTddMRW,2,149205,,,false,9
,I_GTddMRW,3,152699,,,false,9
,I_GTddMRW,4,151371,,,false,9
,I_GTddMRW,5,155912,,,false,9
,I_GTddMRW,6,151441,,,false,9
,I_GTddMRW,7,152559,,,false,9
,I_GTddMRW,8,153606,,,false,9
,I_GTddMRW,9,153327,,,false,9
,I_CfClMMW,0,169463,,,false,9
,I_CfClMMW,1,173166,,,false,9
,I_CfClMMW,2,155912,,,false,9
,I_CfClMMW,3,157448,,,false,9
,I_CfClMMW,4,152838,,,false,9
,I_CfClMMW,5,152210,,,false,9
,I_CfClMMW,6,151790,,,false,9
,I_CfClMMW,7,153188,,,false,9
,I_CfClMMW,8,152419,,,false,9
,I_CfClMMW,9,153886,,,false,9
,IC`PhPHFw,0,178334,,,false,9
,IC`PhPHFw,1,165831,,,false,9
,IC`PhPHFw,2,159963,,,false,9
,IC`PhPHFw,3,167577,,,false,9
,IC`PhPHFw,4,156960,,,false,9
,IC`PhPHFw,5,155422,,,false,9
,IC`PhPHFw,6,155283,,,false,9
,IC`PhPHFw,7,155073,,,false,9
,IC`PhPHFw,8,154515,,,false,9
,IC`PhPHFw,9,158426,,,false,9
,ICdAHgiFw,0,177217,,,false,9
,ICdAHgiFw,1,166669,,,false,9
,ICdAHgiFw,2,161709,,,false,9
,ICdAHgiFw,3,159614,,,false,9
,ICdAHgiFw,4,158566,,,false,9
,ICdAHgiFw,5,169743,,,false,9
,ICdAHgiFw,6,159823,,,false,9
,ICdAHgiFw,7,160382,,,false,9
,ICdAHgiFw,8,159335,,,false,9
,ICdAHgiFw,9,159684,,,false,9
,I_COXofxg,0,201875,,,false,9
,I_COXofxg,1,197335,,,false,9
,I_COXofxg,2,183363,,,false,9
,I_COXofxg,3,183713,,,false,9
,I_COXofxg,4,181199,,,false,9
,I_COXofxg,5,180360,,,false,9
,I_COXofxg,6,190000,,,false,9
,I_COXofxg,7,174702,,,false,9
,I_COXofxg,8,178684,,,false,9
,I_COXofxg,9,179103,,,false,9
,I_COXgjv_,0,204390,,,false,9
,I_COXgjv_,1,199080,,,false,9
,I_COXgjv_,2,188673,,,false,9
,I_COXgjv_,3,181478,,,false,9
,I_COXgjv_,4,176099,,,false,9
,I_COXgjv_,5,172467,,,false,9
,I_COXgjv_,6,171629,,,false,9
,I_COXgjv_,7,179522,,,false,9
,I_COXgjv_,8,172187,,,false,9
,I_COXgjv_,9,172327,,,false,9
,I??BIu{nG,0,189022,,,false,9
,I??BIu{nG,1,181967,,,false,9
,I??BIu{nG,2,180081,,,false,9
,I??BIu{nG,3,174423,,,false,9
,I??BIu{nG,4,177915,,,false,9
,I??BIu{nG,5,173305,,,false,9
,I??BIu{nG,6,173305,,,false,9
,I??BIu{nG,7,172886,,,false,9
,I??BIu{nG,8,180640,,,false,9
,I??BIu{nG,9,171629,,,false,9
,I_?@Gs~~?,0,196636,,,false,9
,I_?@Gs~~?,1,184062,,,false,9
,I_?@Gs~~?,2,180640,,,false,9
,I_?@Gs~~?,3,188323,,,false,9
,I_?@Gs~~?,4,178544,,,false,9
,I_?@Gs~~?,5,182805,,,false,9
,I_?@Gs~~?,6,181338,,,false,9
,I_?@Gs~~?,7,181617,,,false,9
,I_?@Gs~~?,8,191537,,,false,9
,I_?@Gs~~?,9,176797,,,false,9
,I_COXclv_,0,193493,,,false,9
,I_COXclv_,1,183294,,,false,9
,I_COXclv_,2,178544,,,false,9
,I_COXclv_,3,184132,,,false,9
,I_COXclv_,4,174772,,,false,9
,I_COXclv_,5,178614,,,false,9
,I_COXclv_,6,180150,,,false,9
,I_COXclv_,7,175750,,,false,9
,I_COXclv_,8,178963,,,false,9
,I_COXclv_,9,190209,,,false,9
,I??GW^x|_,0,25287,,,false,5
,I??GW^x|_,1,22493,,,false,5
,I??GW^x|_,2,21864,,,false,5
,I??GW^x|_,3,22422,,,false,5
,I??GW^x|_,4,22423,,,false,5
,I??GW^x|_,5,21655,,,false,5
,I??GW^x|_,6,22003,,,false,5
,I??GW^x|_,7,21655,,,false,5
,I??GW^x|_,8,21724,,,false,5
,I??GW^x|_,9,21585,,,false,5
,I??E\X]NO,0,194261,,,false,9
,I??E\X]NO,1,178893,,,false,9
,I??E\X]NO,2,183155,,,false,9
,I??E\X]NO,3,171978,,,false,9
,I??E\X]NO,4,170791,,,false,9
,I??E\X]NO,5,171699,,,false,9
,I??E\X]NO,6,170441,,,false,9
,I??E\X]NO,7,172536,,,false,9
,I??E\X]NO,8,178125,,,false,9
,I??E\X]NO,9,170092,,,false,9
,I``H?cNBw,0,47779,,,false,7
,I``H?cNBw,1,39956,,,false,7
,I``H?cNBw,2,38628,,,false,7
,I``H?cNBw,3,37791,,,false,7
,I``H?cNBw,4,37371,,,false,7
,I``H?cNBw,5,37511,,,false,7
,I``H?cNBw,6,37651,,,false,7
,I``H?cNBw,7,37720,,,false,7
,I``H?cNBw,8,37162,,,false,7
,I``H?cNBw,9,37162,,,false,7
,I?CWo]dWw,0,192864,,,false,9
,I?CWo]dWw,1,190419,,,false,9
,I?CWo]dWw,2,175471,,,false,9
,I?CWo]dWw,3,170650,,,false,9
,I?CWo]dWw,4,168555,,,false,9
,I?CWo]dWw,5,168415,,,false,9
,I?CWo]dWw,6,175401,,,false,9
,I?CWo]dWw,7,167018,,,false,9
,I?CWo]dWw,8,167228,,,false,9
,I?CWo]dWw,9,178335,,,false,9
,I`iRA_NBw,0,179383,,,false,9
,I`iRA_NBw,1,168415,,,false,9
,I`iRA_NBw,2,172187,,,false,9
,I`iRA_NBw,3,166529,,,false,9
,I`iRA_NBw,4,164923,,,false,9
,I`iRA_NBw,5,162757,,,false,9
,I`iRA_NBw,6,164225,,,false,9
,I`iRA_NBw,7,164154,,,false,9
,I`iRA_NBw,8,170930,,,false,9
,I`iRA_NBw,9,162198,,,false,9
,I`?LSleUW,0,174842,,,false,9
,I`?LSleUW,1,163246,,,false,9
,I`?LSleUW,2,165062,,,false,9
,I`?LSleUW,3,163736,,,false,9
,I`?LSleUW,4,166459,,,false,9
,I`?LSleUW,5,158426,,,false,9
,I`?LSleUW,6,160312,,,false,9
,I`?LSleUW,7,159614,,,false,9
,I`?LSleUW,8,155214,,,false,9
,I`?LSleUW,9,159264,,,false,9
,IC`PX`HFw,0,186647,,,false,9
,IC`PX`HFw,1,169393,,,false,9
,IC`PX`HFw,2,170441,,,false,9
,IC`PX`HFw,3,162897,,,false,9
,IC`PX`HFw,4,166110,,,false,9
,IC`PX`HFw,5,170022,,,false,9
,IC`PX`HFw,6,159963,,,false,9
,IC`PX`HFw,7,162757,,,false,9
,IC`PX`HFw,8,155912,,,false,9
,IC`PX`HFw,9,161011,,,false,9
,Is_BjX[N?,0,182875,,,false,9
,Is_BjX[N?,1,178404,,,false,9
,Is_BjX[N?,2,171698,,,false,9
,Is_BjX[N?,3,172816,,,false,9
,Is_BjX[N?,4,168205,,,false,9
,Is_BjX[N?,5,172118,,,false,9
,Is_BjX[N?,6,170791,,,false,9
,Is_BjX[N?,7,167018,,,false,9
,Is_BjX[N?,8,170790,,,false,9
,Is_BjX[N?,9,170441,,,false,9
,I??E\X\N_,0,195448,,,false,9
,I??E\X\N_,1,178334,,,false,9
,I??E\X\N_,2,182735,,,false,9
,I??E\X\N_,3,171419,,,false,9
,I??E\X\N_,4,173444,,,false,9
,I??E\X\N_,5,219059,,,false,9
,I??E\X\N_,6,174912,,,false,9
,I??E\X\N_,7,184831,,,false,9
,I??E\X\N_,8,173445,,,false,9
,I??E\X\N_,9,178474,,,false,9
,I_GTd`NRo,0,180500,,,false,9
,I_GTd`NRo,1,170650,,,false,9
,I_GTd`NRo,2,167787,,,false,9
,I_GTd`NRo,3,173724,,,false,9
,I_GTd`NRo,4,165551,,,false,9
,I_GTd`NRo,5,155982,,,false,9
,I_GTd`NRo,6,161221,,,false,9
,I_GTd`NRo,7,157448,,,false,9
,I_GTd`NRo,8,155353,,,false,9
,I_GTd`NRo,9,162687,,,false,9
,I?XPc]M[W,0,176238,,,false,9
,I?XPc]M[W,1,160383,,,false,9
,I?XPc]M[W,2,157169,,,false,9
,I?XPc]M[W,3,156191,,,false,9
,I?XPc]M[W,4,154724,,,false,9
,I?XPc]M[W,5,155492,,,false,9
,I?XPc]M[W,6,155633,,,false,9
,I?XPc]M[W,7,153956,,,false,9
,I?XPc]M[W,8,153886,,,false,9
,I?XPc]M[W,9,154096,,,false,9
,I???E}}^_,0,196426,,,false,9
,I???E}}^_,1,177426,,,false,9
,I???E}}^_,2,172397,,,false,9
,I???E}}^_,3,172747,,,false,9
,I???E}}^_,4,171838,,,false,9
,I???E}}^_,5,171279,,,false,9
,I???E}}^_,6,179662,,,false,9
,I???E}}^_,7,170371,,,false,9
,I???E}}^_,8,169812,,,false,9
,I???E}}^_,9,169812,,,false,9
,I???CtVJw,0,47780,,,false,6
,I???CtVJw,1,40584,,,false,6
,I???CtVJw,2,38699,,,false,6
,I???CtVJw,3,39047,,,false,6
,I???CtVJw,4,38280,,,false,6
,I???CtVJw,5,38628,,,false,6
,I???CtVJw,6,38210,,,false,6
,I???CtVJw,7,37581,,,false,6
,I???CtVJw,8,45823,,,false,6
,I???CtVJw,9,37162,,,false,6
,I????B~~o,0,22633,,,false,5
,I????B~~o,1,21375,,,false,5
,I????B~~o,2,20188,,,false,5
,I????B~~o,3,20537,,,false,5
,I????B~~o,4,19978,,,false,5
,I????B~~o,5,20398,,,false,5
,I????B~~o,6,20048,,,false,5
,I????B~~o,7,20188,,,false,5
,I????B~~o,8,19978,,,false,5
,I????B~~o,9,20327,,,false,5
,IsPH@CYDO,0,171419,,,false,9
,IsPH@CYDO,1,159894,,,false,9
,IsPH@CYDO,2,155003,,,false,9
,IsPH@CYDO,3,165551,,,false,9
,IsPH@CYDO,4,150603,,,false,9
,IsPH@CYDO,5,152140,,,false,9
,IsPH@CYDO,6,159334,,,false,9
,IsPH@CYDO,7,158845,,,false,9
,IsPH@CYDO,8,159963,,,false,9
,IsPH@CYDO,9,169393,,,false,9
,Is?AXW[[?,0,168555,,,false,9
,Is?AXW[[?,1,158636,,,false,9
,Is?AXW[[?,2,152628,,,false,9
,Is?AXW[[?,3,150673,,,false,9
,Is?AXW[[?,4,148507,,,false,9
,Is?AXW[[?,5,161081,,,false,9
,Is?AXW[[?,6,152908,,,false,9
,Is?AXW[[?,7,152558,,,false,9
,Is?AXW[[?,8,152628,,,false,9
,Is?AXW[[?,9,152349,,,false,9
,I??EdPMLO,0,193772,,,false,9
,I??EdPMLO,1,179452,,,false,9
,I??EdPMLO,2,163665,,,false,9
,I??EdPMLO,3,162547,,,false,9
,I??EdPMLO,4,162618,,,false,9
,I??EdPMLO,5,161779,,,false,9
,I??EdPMLO,6,163805,,,false,9
,I??EdPMLO,7,172536,,,false,9
,I??EdPMLO,8,163735,,,false,9
,I??EdPMLO,9,164085,,,false,9
,I??@pjKr?,0,46662,,,false,5
,I??@pjKr?,1,41632,,,false,5
,I??@pjKr?,2,39956,,,false,5
,I??@pjKr?,3,39536,,,false,5
,I??@pjKr?,4,39677,,,false,5
,I??@pjKr?,5,39187,,,false,5
,I??@pjKr?,6,39537,,,false,5
,I??@pjKr?,7,39187,,,false,5
,I??@pjKr?,8,39537,,,false,5
,I??@pjKr?,9,39048,,,false,5
,I??FF?]FO,0,31783,,,false,6
,I??FF?]FO,1,28430,,,false,6
,I??FF?]FO,2,27662,,,false,6
,I??FF?]FO,3,37302,,,false,6
,I??FF?]FO,4,28081,,,false,6
,I??FF?]FO,5,27662,,,false,6
,I??FF?]FO,6,27103,,,false,6
,I??FF?]FO,7,27103,,,false,6
,I??FF?]FO,8,27382,,,false,6
,I??FF?]FO,9,27382,,,false,6
,IGD@G_H`w,0,42610,,,false,5
,IGD@G_H`w,1,35765,,,false,5
,IGD@G_H`w,2,32901,,,false,5
,IGD@G_H`w,3,32342,,,false,5
,IGD@G_H`w,4,30456,,,false,5
,IGD@G_H`w,5,30386,,,false,5
,IGD@G_H`w,6,30456,,,false,5
,IGD@G_H`w,7,31014,,,false,5
,IGD@G_H`w,8,31015,,,false,5
,IGD@G_H`w,9,30456,,,false,5
,I??G[``@w,0,26195,,,false,3
,I??G[``@w,1,20956,,,false,3
,I??G[``@w,2,19768,,,false,3
,I??G[``@w,3,18791,,,false,3
,I??G[``@w,4,19768,,,false,3
,I??G[``@w,5,19210,,,false,3
,I??G[``@w,6,19489,,,false,3
,I??G[``@w,7,19909,,,false,3
,I??G[``@w,8,19140,,,false,3
,I??G[``@w,9,19140,,,false,3
,I_?__QF]G,0,33809,,,false,5
,I_?__QF]G,1,27313,,,false,5
,I_?__QF]G,2,26474,,,false,5
,I_?__QF]G,3,35136,,,false,5
,I_?__QF]G,4,25776,,,false,5
,I_?__QF]G,5,25356,,,false,5
,I_?__QF]G,6,25776,,,false,5
,I_?__QF]G,7,25706,,,false,5
,I_?__QF]G,8,25636,,,false,5
,I_?__QF]G,9,25706,,,false,5
,I?`@?_NBo,0,96536,,,false,7
,I?`@?_NBo,1,85849,,,false,7
,I?`@?_NBo,2,84033,,,false,7
,I?`@?_NBo,3,81379,,,false,7
,I?`@?_NBo,4,82985,,,false,7
,I?`@?_NBo,5,81169,,,false,7
,I?`@?_NBo,6,80121,,,false,7
,I?`@?_NBo,7,79633,,,false,7
,I?`@?_NBo,8,88294,,,false,7
,I?`@?_NBo,9,79702,,,false,7
,I??CPKUQW,0,53437,,,false,6
,I??CPKUQW,1,44915,,,false,6
,I??CPKUQW,2,42750,,,false,6
,I??CPKUQW,3,42122,,,false,6
,I??CPKUQW,4,42541,,,false,6
,I??CPKUQW,5,41842,,,false,6
,I??CPKUQW,6,42540,,,false,6
,I??CPKUQW,7,42261,,,false,6
,I??CPKUQW,8,42121,,,false,6
,I??CPKUQW,9,42261,,,false,6
,IskAJLUN?,0,177426,,,false,9
,IskAJLUN?,1,169393,,,false,9
,IskAJLUN?,2,175191,,,false,9
,IskAJLUN?,3,162758,,,false,9
,IskAJLUN?,4,159823,,,false,9
,IskAJLUN?,5,158147,,,false,9
,IskAJLUN?,6,162058,,,false,9
,IskAJLUN?,7,162688,,,false,9
,IskAJLUN?,8,171139,,,false,9
,IskAJLUN?,9,162897,,,false,9
,I{cBIkkFG,0,173165,,,false,9
,I{cBIkkFG,1,164993,,,false,9
,I{cBIkkFG,2,160871,,,false,9
,I{cBIkkFG,3,168904,,,false,9
,I{cBIkkFG,4,158776,,,false,9
,I{cBIkkFG,5,157169,,,false,9
,I{cBIkkFG,6,163316,,,false,9
,I{cBIkkFG,7,164923,,,false,9
,I{cBIkkFG,8,164922,,,false,9
,I{cBIkkFG,9,173235,,,false,9
,IIISYgj}?,0,180640,,,false,9
,IIISYgj}?,1,172885,,,false,9
,IIISYgj}?,2,167997,,,false,9
,IIISYgj}?,3,165482,,,false,9
,IIISYgj}?,4,163875,,,false,9
,IIISYgj}?,5,177566,,,false,9
,IIISYgj}?,6,162058,,,false,9
,IIISYgj}?,7,160942,,,false,9
,IIISYgj}?,8,158496,,,false,9
,IIISYgj}?,9,157937,,,false,9
,IHQKjOV}?,0,168765,,,false,9
,IHQKjOV}?,1,164225,,,false,9
,IHQKjOV}?,2,162128,,,false,9
,IHQKjOV}?,3,160313,,,false,9
,IHQKjOV}?,4,159335,,,false,9
,IHQKjOV}?,5,158845,,,false,9
,IHQKjOV}?,6,158217,,,false,9
,IHQKjOV}?,7,158775,,,false,9
,IHQKjOV}?,8,162828,,,false,9
,IHQKjOV}?,9,163247,,,false,9
,I}mBIkmFW,0,175261,,,false,9
,I}mBIkmFW,1,167368,,,false,9
,I}mBIkmFW,2,177287,,,false,9
,I}mBIkmFW,3,162478,,,false,9
,I}mBIkmFW,4,160941,,,false,9
,I}mBIkmFW,5,160802,,,false,9
,I}mBIkmFW,6,159335,,,false,9
,I}mBIkmFW,7,158915,,,false,9
,I}mBIkmFW,8,172467,,,false,9
,I}mBIkmFW,9,158845,,,false,9
,I@hisny|W,0,178544,,,false,9
,I@hisny|W,1,168485,,,false,9
,I@hisny|W,2,164155,,,false,9
,I@hisny|W,3,163666,,,false,9
,I@hisny|W,4,171977,,,false,9
,I@hisny|W,5,163107,,,false,9
,I@hisny|W,6,163176,,,false,9
,I@hisny|W,7,163805,,,false,9
,I@hisny|W,8,164504,,,false,9
,I@hisny|W,9,163735,,,false,9
,I??OQ?``g,0,30036,,,false,3
,I??OQ?``g,1,17603,,,false,3
,I??OQ?``g,2,17813,,,false,3
,I??OQ?``g,3,16555,,,false,3
,I??OQ?``g,4,16275,,,false,3
,I??OQ?``g,5,16415,,,false,3
,I??OQ?``g,6,15996,,,false,3
,I??OQ?``g,7,15787,,,false,3
,I??OQ?``g,8,16136,,,false,3
,I??OQ?``g,9,15857,,,false,3
,Is?HGtcU?,0,175749,,,false,9
,Is?HGtcU?,1,164923,,,false,9
,Is?HGtcU?,2,161849,,,false,9
,Is?HGtcU?,3,159265,,,false,9
,Is?HGtcU?,4,162338,,,false,9
,Is?HGtcU?,5,152908,,,false,9
,Is?HGtcU?,6,150672,,,false,9
,Is?HGtcU?,7,148997,,,false,9
,Is?HGtcU?,8,147529,,,false,9
,Is?HGtcU?,9,147460,,,false,9
,Is?@WxcU?,0,168066,,,false,9
,Is?@WxcU?,1,154585,,,false,9
,Is?@WxcU?,2,152419,,,false,9
,Is?@WxcU?,3,150952,,,false,9
,Is?@WxcU?,4,150533,,,false,9
,Is?@WxcU?,5,150463,,,false,9
,Is?@WxcU?,6,149835,,,false,9
,Is?@WxcU?,7,158496,,,false,9
,Is?@WxcU?,8,154095,,,false,9
,Is?@WxcU?,9,155423,,,false,9
,I@QLQlSiG,0,167996,,,false,9
,I@QLQlSiG,1,157379,,,false,9
,I@QLQlSiG,2,153746,,,false,9
,I@QLQlSiG,3,166948,,,false,9
,I@QLQlSiG,4,156471,,,false,9
,I@QLQlSiG,5,153885,,,false,9
,I@QLQlSiG,6,152070,,,false,9
,I@QLQlSiG,7,154305,,,false,9
,I@QLQlSiG,8,146621,,,false,9
,I@QLQlSiG,9,154585,,,false,9
,I~rH`cNBw,0,183224,,,false,9
,I~rH`cNBw,1,174352,,,false,9
,I~rH`cNBw,2,166530,,,false,9
,I~rH`cNBw,3,167018,,,false,9
,I~rH`cNBw,4,166040,,,false,9
,I~rH`cNBw,5,177566,,,false,9
,I~rH`cNBw,6,165202,,,false,9
,I~rH`cNBw,7,168275,,,false,9
,I~rH`cNBw,8,173934,,,false,9
,I~rH`cNBw,9,173864,,,false,9
,Is`b?{]]?,0,186507,,,false,9
,Is`b?{]]?,1,172816,,,false,9
,Is`b?{]]?,2,164503,,,false,9
,Is`b?{]]?,3,154375,,,false,9
,Is`b?{]]?,4,152209,,,false,9
,Is`b?{]]?,5,152838,,,false,9
,Is`b?{]]?,6,161779,,,false,9
,Is`b?{]]?,7,151721,,,false,9
,Is`b?{]]?,8,152350,,,false,9
,Is`b?{]]?,9,159683,,,false,9
,Is?WaSiX?,0,172118,,,false,9
,Is?WaSiX?,1,161290,,,false,9
,Is?WaSiX?,2,164154,,,false,9
,Is?WaSiX?,3,154235,,,false,9
,Is?WaSiX?,4,152699,,,false,9
,Is?WaSiX?,5,149206,,,false,9
,Is?WaSiX?,6,149206,,,false,9
,Is?WaSiX?,7,153048,,,false,9
,Is?WaSiX?,8,162268,,,false,9
,Is?WaSiX?,9,153257,,,false,9
,Is?WpDHX?,0,164993,,,false,9
,Is?WpDHX?,1,162758,,,false,9
,Is?WpDHX?,2,160033,,,false,9
,Is?WpDHX?,3,158916,,,false,9
,Is?WpDHX?,4,167018,,,false,9
,Is?WpDHX?,5,157798,,,false,9
,Is?WpDHX?,6,156191,,,false,9
,Is?WpDHX?,7,154235,,,false,9
,Is?WpDHX?,8,152140,,,false,9
,Is?WpDHX?,9,147389,,,false,9
,Iv{?GLFHo,0,37651,,,false,6
,Iv{?GLFHo,1,32901,,,false,6
,Iv{?GLFHo,2,31503,,,false,6
,Iv{?GLFHo,3,39956,,,false,6
,Iv{?GLFHo,4,31294,,,false,6
,Iv{?GLFHo,5,31504,,,false,6
,Iv{?GLFHo,6,31503,,,false,6
,Iv{?GLFHo,7,31015,,,false,6
,Iv{?GLFHo,8,31504,,,false,6
,Iv{?GLFHo,9,31434,,,false,6
,I}z\bcnFw,0,181967,,,false,9
,I}z\bcnFw,1,175052,,,false,9
,I}z\bcnFw,2,171908,,,false,9
,I}z\bcnFw,3,170441,,,false,9
,I}z\bcnFw,4,178124,,,false,9
,I}z\bcnFw,5,170162,,,false,9
,I}z\bcnFw,6,172048,,,false,9
,I}z\bcnFw,7,177147,,,false,9
,I}z\bcnFw,8,176309,,,false,9
,I}z\bcnFw,9,186437,,,false,9
,I}nnnp^Nw,0,194261,,,false,9
,I}nnnp^Nw,1,184691,,,false,9
,I}nnnp^Nw,2,179173,,,false,9
,I}nnnp^Nw,3,178125,,,false,9
,I}nnnp^Nw,4,186787,,,false,9
,I}nnnp^Nw,5,181408,,,false,9
,I}nnnp^Nw,6,181268,,,false,9
,I}nnnp^Nw,7,178684,,,false,9
,I}nnnp^Nw,8,179452,,,false,9
,I}nnnp^Nw,9,179242,,,false,9
,I?deLStUg,0,187904,,,false,9
,I?deLStUg,1,168485,,,false,9
,I?deLStUg,2,165342,,,false,9
,I?deLStUg,3,164294,,,false,9
,I?deLStUg,4,162757,,,false,9
,I?deLStUg,5,170441,,,false,9
,I?deLStUg,6,161499,,,false,9
,I?deLStUg,7,160452,,,false,9
,I?deLStUg,8,159683,,,false,9
,I?deLStUg,9,158007,,,false,9
,ISP@OmeUW,0,163665,,,false,9
,ISP@OmeUW,1,164713,,,false,9
,ISP@OmeUW,2,149974,,,false,9
,ISP@OmeUW,3,148297,,,false,9
,ISP@OmeUW,4,149555,,,false,9
,ISP@OmeUW,5,152838,,,false,9
,ISP@OmeUW,6,151720,,,false,9
,ISP@OmeUW,7,155213,,,false,9
,ISP@OmeUW,8,158357,,,false,9
,ISP@OmeUW,9,154445,,,false,9
,Is@?xOXX?,0,175960,,,false,9
,Is@?xOXX?,1,167367,,,false,9
,Is@?xOXX?,2,161989,,,false,9
,Is@?xOXX?,3,167996,,,false,9
,Is@?xOXX?,4,158356,,,false,9
,Is@?xOXX?,5,157798,,,false,9
,Is@?xOXX?,6,156470,,,false,9
,Is@?xOXX?,7,153607,,,false,9
,Is@?xOXX?,8,153187,,,false,9
,Is@?xOXX?,9,149345,,,false,9
,It?IQKWHG,0,182037,,,false,9
,It?IQKWHG,1,164364,,,false,9
,It?IQKWHG,2,159823,,,false,9
,It?IQKWHG,3,158427,,,false,9
,It?IQKWHG,4,157588,,,false,9
,It?IQKWHG,5,156890,,,false,9
,It?IQKWHG,6,156890,,,false,9
,It?IQKWHG,7,155702,,,false,9
,It?IQKWHG,8,158846,,,false,9
,It?IQKWHG,9,154026,,,false,9
,IkGHWn\{o,0,184761,,,false,9
,IkGHWn\{o,1,183084,,,false,9
,IkGHWn\{o,2,171908,,,false,9
,IkGHWn\{o,3,170092,,,false,9
,IkGHWn\{o,4,165970,,,false,9
,IkGHWn\{o,5,165691,,,false,9
,IkGHWn\{o,6,165202,,,false,9
,IkGHWn\{o,7,169743,,,false,9
,IkGHWn\{o,8,165202,,,false,9
,IkGHWn\{o,9,164574,,,false,9
,Ir?MHqnVo,0,176867,,,false,9
,Ir?MHqnVo,1,169463,,,false,9
,Ir?MHqnVo,2,164643,,,false,9
,Ir?MHqnVo,3,172188,,,false,9
,Ir?MHqnVo,4,166949,,,false,9
,Ir?MHqnVo,5,162548,,,false,9
,Ir?MHqnVo,6,165551,,,false,9
,Ir?MHqnVo,7,166948,,,false,9
,Ir?MHqnVo,8,161151,,,false,9
,Ir?MHqnVo,9,173375,,,false,9
,Io?Y`QF]?,0,168067,,,false,9
,Io?Y`QF]?,1,167717,,,false,9
,Io?Y`QF]?,2,165063,,,false,9
,Io?Y`QF]?,3,158915,,,false,9
,Io?Y`QF]?,4,172187,,,false,9
,Io?Y`QF]?,5,158567,,,false,9
,Io?Y`QF]?,6,161779,,,false,9
,Io?Y`QF]?,7,153606,,,false,9
,Io?Y`QF]?,8,153467,,,false,9
,Io?Y`QF]?,9,155423,,,false,9
,I`?N~bLNW,0,191606,,,false,9
,I`?N~bLNW,1,172397,,,false,9
,I`?N~bLNW,2,169882,,,false,9
,I`?N~bLNW,3,166879,,,false,9
,I`?N~bLNW,4,170720,,,false,9
,I`?N~bLNW,5,167019,,,false,9
,I`?N~bLNW,6,178893,,,false,9
,I`?N~bLNW,7,170860,,,false,9
,I`?N~bLNW,8,167088,,,false,9
,I`?N~bLNW,9,173026,,,false,9
,IwDX}yy~w,0,194470,,,false,9
,IwDX}yy~w,1,191816,,,false,9
,IwDX}yy~w,2,183713,,,false,9
,IwDX}yy~w,3,182246,,,false,9
,IwDX}yy~w,4,173375,,,false,9
,IwDX}yy~w,5,176728,,,false,9
,IwDX}yy~w,6,176867,,,false,9
,IwDX}yy~w,7,180570,,,false,9
,IwDX}yy~w,8,176029,,,false,9
,IwDX}yy~w,9,175890,,,false,9
,I{dbG{^~w,0,187904,,,false,9
,I{dbG{^~w,1,218919,,,false,9
,I{dbG{^~w,2,188044,,,false,9
,I{dbG{^~w,3,176728,,,false,9
,I{dbG{^~w,4,177147,,,false,9
,I{dbG{^~w,5,178614,,,false,9
,I{dbG{^~w,6,178753,,,false,9
,I{dbG{^~w,7,186647,,,false,9
,I{dbG{^~w,8,178335,,,false,9
,I{dbG{^~w,9,177636,,,false,9
,I~?G[|m~w,0,187695,,,false,9
,I~?G[|m~w,1,180710,,,false,9
,I~?G[|m~w,2,187276,,,false,9
,I~?G[|m~w,3,181687,,,false,9
,I~?G[|m~w,4,180221,,,false,9
,I~?G[|m~w,5,177705,,,false,9
,I~?G[|m~w,6,177566,,,false,9
,I~?G[|m~w,7,181618,,,false,9
,I~?G[|m~w,8,188183,,,false,9
,I~?G[|m~w,9,178055,,,false,9
,I}lah[^~w,0,186228,,,false,9
,I}lah[^~w,1,179871,,,false,9
,I}lah[^~w,2,182666,,,false,9
,I}lah[^~w,3,188672,,,false,9
,I}lah[^~w,4,179312,,,false,9
,I}lah[^~w,5,175400,,,false,9
,I}lah[^~w,6,176518,,,false,9
,I}lah[^~w,7,175680,,,false,9
,I}lah[^~w,8,182247,,,false,9
,I}lah[^~w,9,176797,,,false,9
,IwC^?~{~w,0,185180,,,false,9
,IwC^?~{~w,1,183155,,,false,9
,IwC^?~{~w,2,180569,,,false,9
,IwC^?~{~w,3,179872,,,false,9
,IwC^?~{~w,4,183853,,,false,9
,IwC^?~{~w,5,179732,,,false,9
,IwC^?~{~w,6,179452,,,false,9
,IwC^?~{~w,7,175121,,,false,9
,IwC^?~{~w,8,172467,,,false,9
,IwC^?~{~w,9,189511,,,false,9
,I`o~f~~~w,0,185948,,,false,9
,I`o~f~~~w,1,184900,,,false,9
,I`o~f~~~w,2,185040,,,false,9
,I`o~f~~~w,3,185180,,,false,9
,I`o~f~~~w,4,187974,,,false,9
,I`o~f~~~w,5,184062,,,false,9
,I`o~f~~~w,6,180011,,,false,9
,I`o~f~~~w,7,178055,,,false,9
,I`o~f~~~w,8,177287,,,false,9
,I`o~f~~~w,9,177147,,,false,9
,I?GTbHWb?,0,175959,,,false,9
,I?GTbHWb?,1,161500,,,false,9
,I?GTbHWb?,2,155493,,,false,9
,I?GTbHWb?,3,152839,,,false,9
,I?GTbHWb?,4,151650,,,false,9
,I?GTbHWb?,5,173305,,,false,9
,I?GTbHWb?,6,150393,,,false,9
,I?GTbHWb?,7,149346,,,false,9
,I?GTbHWb?,8,149974,,,false,9
,I?GTbHWb?,9,152000,,,false,9
,IQiiqk~~w,0,189720,,,false,9
,IQiiqk~~w,1,190000,,,false,9
,IQiiqk~~w,2,177217,,,false,9
,IQiiqk~~w,3,174493,,,false,9
,IQiiqk~~w,4,175261,,,false,9
,IQiiqk~~w,5,175680,,,false,9
,IQiiqk~~w,6,174842,,,false,9
,IQiiqk~~w,7,183434,,,false,9
,IQiiqk~~w,8,175260,,,false,9
,IQiiqk~~w,9,174352,,,false,9
,It{?ILFL_,0,59654,,,false,5
,It{?ILFL_,1,52530,,,false,5
,It{?ILFL_,2,51202,,,false,5
,It{?ILFL_,3,50294,,,false,5
,It{?ILFL_,4,50434,,,false,5
,It{?ILFL_,5,50085,,,false,5
,It{?ILFL_,6,49945,,,false,5
,It{?ILFL_,7,50085,,,false,5
,It{?ILFL_,8,58537,,,false,5
,It{?ILFL_,9,50014,,,false,5
,I_?BSgcEG,0,61541,,,false,7
,I_?BSgcEG,1,52320,,,false,7
,I_?BSgcEG,2,49456,,,false,7
,I_?BSgcEG,3,48408,,,false,7
,I_?BSgcEG,4,48687,,,false,7
,I_?BSgcEG,5,48269,,,false,7
,I_?BSgcEG,6,48268,,,false,7
,I_?BSgcEG,7,48408,,,false,7
,I_?BSgcEG,8,48757,,,false,7
,I_?BSgcEG,9,48059,,,false,7
,I}hX~~~~w,0,194261,,,false,9
,I}hX~~~~w,1,192584,,,false,9
,I}hX~~~~w,2,185739,,,false,9
,I}hX~~~~w,3,180290,,,false,9
,I}hX~~~~w,4,183992,,,false,9
,I}hX~~~~w,5,183713,,,false,9
,I}hX~~~~w,6,191886,,,false,9
,I}hX~~~~w,7,183364,,,false,9
,I}hX~~~~w,8,189022,,,false,9
,I}hX~~~~w,9,183224,,,false,9
,I?AKagjX_,0,190210,,,false,9
,I?AKagjX_,1,174632,,,false,9
,I?AKagjX_,2,177357,,,false,9
,I?AKagjX_,3,167088,,,false,9
,I?AKagjX_,4,165132,,,false,9
,I?AKagjX_,5,156959,,,false,9
,I?AKagjX_,6,156331,,,false,9
,I?AKagjX_,7,154864,,,false,9
,I?AKagjX_,8,154515,,,false,9
,I?AKagjX_,9,154724,,,false,9
,IrrH`enVo,0,189511,,,false,9
,IrrH`enVo,1,182735,,,false,9
,IrrH`enVo,2,180011,,,false,9
,IrrH`enVo,3,182386,,,false,9
,IrrH`enVo,4,172746,,,false,9
,IrrH`enVo,5,176448,,,false,9
,IrrH`enVo,6,172257,,,false,9
,IrrH`enVo,7,172048,,,false,9
,IrrH`enVo,8,171559,,,false,9
,IrrH`enVo,9,179522,,,false,9
,I??G`TEdW,0,47640,,,false,7
,I??G`TEdW,1,39606,,,false,7
,I??G`TEdW,2,36813,,,false,7
,I??G`TEdW,3,35556,,,false,7
,I??G`TEdW,4,35206,,,false,7
,I??G`TEdW,5,35695,,,false,7
,I??G`TEdW,6,35345,,,false,7
,I??G`TEdW,7,35345,,,false,7
,I??G`TEdW,8,34786,,,false,7
,I??G`TEdW,9,34787,,,false,7
,I??GaGaeG,0,30107,,,false,3
,I??GaGaeG,1,26195,,,false,3
,I??GaGaeG,2,24308,,,false,3
,I??GaGaeG,3,23889,,,false,3
,I??GaGaeG,4,22772,,,false,3
,I??GaGaeG,5,22353,,,false,3
,I??GaGaeG,6,22353,,,false,3
,I??GaGaeG,7,22632,,,false,3
,I??GaGaeG,8,22004,,,false,3
,I??GaGaeG,9,22073,,,false,3
,I??Gagjxg,0,203831,,,false,9
,I??Gagjxg,1,183224,,,false,9
,I??Gagjxg,2,172257,,,false,9
,I??Gagjxg,3,171559,,,false,9
,I??Gagjxg,4,167717,,,false,9
,I??Gagjxg,5,174492,,,false,9
,I??Gagjxg,6,165063,,,false,9
,I??Gagjxg,7,163735,,,false,9
,I??Gagjxg,8,164643,,,false,9
,I??Gagjxg,9,167088,,,false,9
,I??GhtFig,0,200129,,,false,9
,I??GhtFig,1,199710,,,false,9
,I??GhtFig,2,183782,,,false,9
,I??GhtFig,3,185040,,,false,9
,I??GhtFig,4,177706,,,false,9
,I??GhtFig,5,174492,,,false,9
,I??GhtFig,6,183014,,,false,9
,I??GhtFig,7,167996,,,false,9
,I??GhtFig,8,166459,,,false,9
,I??GhtFig,9,173026,,,false,9
,I??GiK|yg,0,192235,,,false,9
,I??GiK|yg,1,182316,,,false,9
,I??GiK|yg,2,185948,,,false,9
,I??GiK|yg,3,179382,,,false,9
,I??GiK|yg,4,179452,,,false,9
,I??GiK|yg,5,177845,,,false,9
,I??GiK|yg,6,174353,,,false,9
,I??GiK|yg,7,178963,,,false,9
,I??GiK|yg,8,175680,,,false,9
,I??GiK|yg,9,175401,,,false,9
,I??GiyiHw,0,74323,,,false,7
,I??GiyiHw,1,65802,,,false,7
,I??GiyiHw,2,61401,,,false,7
,I??GiyiHw,3,60353,,,false,7
,I??GiyiHw,4,59654,,,false,7
,I??GiyiHw,5,60632,,,false,7
,I??GiyiHw,6,59095,,,false,7
,I??GiyiHw,7,67897,,,false,7
,I??GiyiHw,8,59096,,,false,7
,I??GiyiHw,9,60143,,,false,7
,I??Gqk|jw,0,197823,,,false,9
,I??Gqk|jw,1,194750,,,false,9
,I??Gqk|jw,2,187695,,,false,9
,I??Gqk|jw,3,189231,,,false,9
,I??Gqk|jw,4,194680,,,false,9
,I??Gqk|jw,5,180640,,,false,9
,I??Gqk|jw,6,177356,,,false,9
,I??Gqk|jw,7,183643,,,false,9
,I??Gqk|jw,8,177636,,,false,9
,I??Gqk|jw,9,190978,,,false,9
,I??GsTVLo,0,209838,,,false,9
,I??GsTVLo,1,189580,,,false,9
,I??GsTVLo,2,187415,,,false,9
,I??GsTVLo,3,177985,,,false,9
,I??GsTVLo,4,185529,,,false,9
,I??GsTVLo,5,174842,,,false,9
,I??GsTVLo,6,173863,,,false,9
,I??GsTVLo,7,168486,,,false,9
,I??GsTVLo,8,171279,,,false,9
,I??GsTVLo,9,166040,,,false,9
,I??Gs_fVG,0,83055,,,false,6
,I??Gs_fVG,1,62868,,,false,6
,I??Gs_fVG,2,60773,,,false,6
,I??Gs_fVG,3,57838,,,false,6
,I??Gs_fVG,4,58187,,,false,6
,I??Gs_fVG,5,56860,,,false,6
,I??Gs_fVG,6,58327,,,false,6
,I??Gs_fVG,7,57070,,,false,6
,I??Gs_fVG,8,59584,,,false,6
,I??Gs_fVG,9,57629,,,false,6
,I??HGlZno,0,193771,,,false,9
,I??HGlZno,1,192235,,,false,9
,I??HGlZno,2,177217,,,false,9
,I??HGlZno,3,174912,,,false,9
,I??HGlZno,4,173445,,,false,9
,I??HGlZno,5,170860,,,false,9
,I??HGlZno,6,169533,,,false,9
,I??HGlZno,7,176588,,,false,9
,I??HGlZno,8,168206,,,false,9
,I??HGlZno,9,168275,,,false,9
,I??HGlZnw,0,182386,,,false,9
,I??HGlZnw,1,181827,,,false,9
,I??HGlZnw,2,182665,,,false,9
,I??HGlZnw,3,176728,,,false,9
,I??HGlZnw,4,175540,,,false,9
,I??HGlZnw,5,176100,,,false,9
,I??HGlZnw,6,172187,,,false,9
,I??HGlZnw,7,176448,,,false,9
,I??HGlZnw,8,181269,,,false,9
,I??HGlZnw,9,175750,,,false,9
,I??HGlZzO,0,190839,,,false,9
,I??HGlZzO,1,180570,,,false,9
,I??HGlZzO,2,176169,,,false,9
,I??HGlZzO,3,186158,,,false,9
,I??HGlZzO,4,171768,,,false,9
,I??HGlZzO,5,169953,,,false,9
,I??HGlZzO,6,168415,,,false,9
,I??HGlZzO,7,166390,,,false,9
,I??HGlZzO,8,166041,,,false,9
,I??HGlZzO,9,173165,,,false,9
,I??HOhB`w,0,50224,,,false,7
,I??HOhB`w,1,41842,,,false,7
,I??HOhB`w,2,40375,,,false,7
,I??HOhB`w,3,38629,,,false,7
,I??HOhB`w,4,38629,,,false,7
,I??HOhB`w,5,38768,,,false,7
,I??HOhB`w,6,38629,,,false,7
,I??HOhB`w,7,39048,,,false,7
,I??HOhB`w,8,39327,,,false,7
,I??HOhB`w,9,39606,,,false,7
,I??IHKVew,0,93533,,,false,7
,I??IHKVew,1,81309,,,false,7
,I??IHKVew,2,77327,,,false,7
,I??IHKVew,3,78165,,,false,7
,I??IHKVew,4,82845,,,false,7
,I??IHKVew,5,75161,,,false,7
,I??IHKVew,6,77257,,,false,7
,I??IHKVew,7,74603,,,false,7
,I??IHKVew,8,74883,,,false,7
,I??IHKVew,9,76838,,,false,7
,I??I_ofxW,0,193213,,,false,9
,I??I_ofxW,1,181966,,,false,9
,I??I_ofxW,2,185110,,,false,9
,I??I_ofxW,3,177077,,,false,9
,I??I_ofxW,4,175051,,,false,9
,I??I_ofxW,5,174492,,,false,9
,I??I_ofxW,6,170022,,,false,9
,I??I_ofxW,7,168206,,,false,9
,I??I_ofxW,8,177077,,,false,9
,I??I_ofxW,9,171768,,,false,9
,I??KHORPW,0,46802,,,false,7
,I??KHORPW,1,39118,,,false,7
,I??KHORPW,2,37302,,,false,7
,I??KHORPW,3,36672,,,false,7
,I??KHORPW,4,36324,,,false,7
,I??KHORPW,5,35764,,,false,7
,I??KHORPW,6,35695,,,false,7
,I??KHORPW,7,35276,,,false,7
,I??KHORPW,8,35136,,,false,7
,I??KHORPW,9,35555,,,false,7
,I??KJOVMg,0,62449,,,false,7
,I??KJOVMg,1,52809,,,false,7
,I??KJOVMg,2,50574,,,false,7
,I??KJOVMg,3,50015,,,false,7
,I??KJOVMg,4,57698,,,false,7
,I??KJOVMg,5,48548,,,false,7
,I??KJOVMg,6,48757,,,false,7
,I??KJOVMg,7,49107,,,false,7
,I??KJOVMg,8,48269,,,false,7
,I??KJOVMg,9,48687,,,false,7
,I??KOkiPW,0,108132,,,false,7
,I??KOkiPW,1,93743,,,false,7
,I??KOkiPW,2,89202,,,false,7
,I??KOkiPW,3,87386,,,false,7
,I??KOkiPW,4,86408,,,false,7
,I??KOkiPW,5,85290,,,false,7
,I??KOkiPW,6,84802,,,false,7
,I??KOkiPW,7,93393,,,false,7
,I??KOkiPW,8,85919,,,false,7
,I??KOkiPW,9,85081,,,false,7
,I??KOtVLw,0,203831,,,false,9
,I??KOtVLw,1,185250,,,false,9
,I??KOtVLw,2,183364,,,false,9
,I??KOtVLw,3,183224,,,false,9
,I??KOtVLw,4,177147,,,false,9
,I??KOtVLw,5,171419,,,false,9
,I??KOtVLw,6,176239,,,false,9
,I??KOtVLw,7,171419,,,false,9
,I??KOtVLw,8,180989,,,false,9
,I??KOtVLw,9,188673,,,false,9
,I??KQKSIG,0,52809,,,false,6
,I??KQKSIG,1,44496,,,false,6
,I??KQKSIG,2,41911,,,false,6
,I??KQKSIG,3,41144,,,false,6
,I??KQKSIG,4,40654,,,false,6
,I??KQKSIG,5,40934,,,false,6
,I??KQKSIG,6,40654,,,false,6
,I??KQKSIG,7,41004,,,false,6
,I??KQKSIG,8,41073,,,false,6
,I??KQKSIG,9,40515,,,false,6
,I??OPHA}W,0,66081,,,false,5
,I??OPHA}W,1,57279,,,false,5
,I??OPHA}W,2,53927,,,false,5
,I??OPHA}W,3,52180,,,false,5
,I??OPHA}W,4,52808,,,false,5
,I??OPHA}W,5,59654,,,false,5
,I??OPHA}W,6,51970,,,false,5
,I??OPHA}W,7,51901,,,false,5
,I??OPHA}W,8,50853,,,false,5
,I??OPHA}W,9,52040,,,false,5
,I??OPHB`w,0,35276,,,false,7
,I??OPHB`w,1,29967,,,false,7
,I??OPHB`w,2,28640,,,false,7
,I??OPHB`w,3,28640,,,false,7
,I??OPHB`w,4,28709,,,false,7
,I??OPHB`w,5,28431,,,false,7
,I??OPHB`w,6,28709,,,false,7
,I??OPHB`w,7,28570,,,false,7
,I??OPHB`w,8,28570,,,false,7
,I??OPHB`w,9,28081,,,false,7
,I??OPPE`o,0,42820,,,false,5
,I??OPPE`o,1,36044,,,false,5
,I??OPPE`o,2,34088,,,false,5
,I??OPPE`o,3,34298,,,false,5
,I??OPPE`o,4,33809,,,false,5
,I??OPPE`o,5,33879,,,false,5
,I??OPPE`o,6,33879,,,false,5
,I??OPPE`o,7,33878,,,false,5
,I??OPPE`o,8,33669,,,false,5
,I??OPPE`o,9,41353,,,false,5
,I??OQ?``w,0,28151,,,false,3
,I??OQ?``w,1,24867,,,false,3
,I??OQ?``w,2,23331,,,false,3
,I??OQ?``w,3,23191,,,false,3
,I??OQ?``w,4,22353,,,false,3
,I??OQ?``w,5,21025,,,false,3
,I??OQ?``w,6,21654,,,false,3
,I??OQ?``w,7,21235,,,false,3
,I??OQ?``w,8,21864,,,false,3
,I??OQ?``w,9,21585,,,false,3
,I??OQKeeW,0,192374,,,false,9
,I??OQKeeW,1,175611,,,false,9
,I??OQKeeW,2,170301,,,false,9
,I??OQKeeW,3,178544,,,false,9
,I??OQKeeW,4,172117,,,false,9
,I??OQKeeW,5,169743,,,false,9
,I??OQKeeW,6,165551,,,false,9
,I??OQKeeW,7,165621,,,false,9
,I??OQKeeW,8,167927,,,false,9
,I??OQKeeW,9,178474,,,false,9
,I??OQKfeW,0,188952,,,false,9
,I??OQKfeW,1,181966,,,false,9
,I??OQKfeW,2,170511,,,false,9
,I??OQKfeW,3,172886,,,false,9
,I??OQKfeW,4,180500,,,false,9
,I??OQKfeW,5,165621,,,false,9
,I??OQKfeW,6,170860,,,false,9
,I??OQKfeW,7,169184,,,false,9
,I??OQKfeW,8,162757,,,false,9
,I??OQKfeW,9,166599,,,false,9
,I??OQKfmw,0,208650,,,false,9
,I??OQKfmw,1,186647,,,false,9
,I??OQKfmw,2,182665,,,false,9
,I??OQKfmw,3,185110,,,false,9
,I??OQKfmw,4,188114,,,false,9
,I??OQKfmw,5,186647,,,false,9
,I??OQKfmw,6,177077,,,false,9
,I??OQKfmw,7,175889,,,false,9
,I??OQKfmw,8,178754,,,false,9
,I??OQKfmw,9,171279,,,false,9
,I??OQKxxg,0,190209,,,false,9
,I??OQKxxg,1,172467,,,false,9
,I??OQKxxg,2,170720,,,false,9
,I??OQKxxg,3,165132,,,false,9
,I??OQKxxg,4,172327,,,false,9
,I??OQKxxg,5,171838,,,false,9
,I??OQKxxg,6,180011,,,false,9
,I??OQKxxg,7,174353,,,false,9
,I??OQKxxg,8,169393,,,false,9
,I??OQKxxg,9,173724,,,false,9
,I??OS?dOw,0,21934,,,false,3
,I??OS?dOw,1,18092,,,false,3
,I??OS?dOw,2,17323,,,false,3
,I??OS?dOw,3,17114,,,false,3
,I??OS?dOw,4,16695,,,false,3
,I??OS?dOw,5,17254,,,false,3
,I??OS?dOw,6,17044,,,false,3
,I??OS?dOw,7,16206,,,false,3
,I??OS?dOw,8,16415,,,false,3
,I??OS?dOw,9,16555,,,false,3
,I??OS@XHw,0,37861,,,false,5
,I??OS@XHw,1,31504,,,false,5
,I??OS@XHw,2,30037,,,false,5
,I??OS@XHw,3,37231,,,false,5
,I??OS@XHw,4,29129,,,false,5
,I??OS@XHw,5,29129,,,false,5
,I??OS@XHw,6,29198,,,false,5
,I??OS@XHw,7,28989,,,false,5
,I??OS@XHw,8,28989,,,false,5
,I??OS@XHw,9,29059,,,false,5
,I??OSLFHw,0,34298,,,false,7
,I??OSLFHw,1,29547,,,false,7
,I??OSLFHw,2,28220,,,false,7
,I??OSLFHw,3,28221,,,false,7
,I??OSLFHw,4,28011,,,false,7
,I??OSLFHw,5,28151,,,false,7
,I??OSLFHw,6,28081,,,false,7
,I??OSLFHw,7,28011,,,false,7
,I??OSLFHw,8,28151,,,false,7
,I??OSLFHw,9,28221,,,false,7
,I??OS_bRG,0,41353,,,false,5
,I??OS_bRG,1,34298,,,false,5
,I??OS_bRG,2,33390,,,false,5
,I??OS_bRG,3,32411,,,false,5
,I??OS_bRG,4,33390,,,false,5
,I??OS_bRG,5,32412,,,false,5
,I??OS_bRG,6,32900,,,false,5
,I??OS_bRG,7,32412,,,false,5
,I??OS_bRG,8,32412,,,false,5
,I??OS_bRG,9,32202,,,false,5
,I??OXLZjW,0,200198,,,false,9
,I??OXLZjW,1,189232,,,false,9
,I??OXLZjW,2,188044,,,false,9
,I??OXLZjW,3,173375,,,false,9
,I??OXLZjW,4,171838,,,false,9
,I??OXLZjW,5,180919,,,false,9
,I??OXLZjW,6,179382,,,false,9
,I??OXLZjW,7,169323,,,false,9
,I??OXLZjW,8,174143,,,false,9
,I??OXLZjW,9,212982,,,false,9
,I??OXLZzO,0,203342,,,false,9
,I??OXLZzO,1,186228,,,false,9
,I??OXLZzO,2,184272,,,false,9
,I??OXLZzO,3,179033,,,false,9
,I??OXLZzO,4,175401,,,false,9
,I??OXLZzO,5,178334,,,false,9
,I??OXLZzO,6,173095,,,false,9
,I??OXLZzO,7,166530,,,false,9
,I??OXLZzO,8,170930,,,false,9
,I??OXLZzO,9,167507,,,false,9
,I??OY?`ew,0,51621,,,false,5
,I??OY?`ew,1,43239,,,false,5
,I??OY?`ew,2,40934,,,false,5
,I??OY?`ew,3,40095,,,false,5
,I??OY?`ew,4,48618,,,false,5
,I??OY?`ew,5,39117,,,false,5
,I??OY?`ew,6,39117,,,false,5
,I??OY?`ew,7,38769,,,false,5
,I??OY?`ew,8,37931,,,false,5
,I??OY?`ew,9,38489,,,false,5
,I??OY?`}W,0,49666,,,false,5
,I??OY?`}W,1,37650,,,false,5
,I??OY?`}W,2,36672,,,false,5
,I??OY?`}W,3,35625,,,false,5
,I??OY?`}W,4,35625,,,false,5
,I??OY?`}W,5,35765,,,false,5
,I??OY?`}W,6,35275,,,false,5
,I??OY?`}W,7,35276,,,false,5
,I??OY?`}W,8,35835,,,false,5
,I??OY?`}W,9,34856,,,false,5
,I??OYKhcg,0,185250,,,false,9
,I??OYKhcg,1,184412,,,false,9
,I??OYKhcg,2,167786,,,false,9
,I??OYKhcg,3,174353,,,false,9
,I??OYKhcg,4,171908,,,false,9
,I??OYKhcg,5,175051,,,false,9
,I??OYKhcg,6,202574,,,false,9
,I??OYKhcg,7,188673,,,false,9
,I??OYKhcg,8,165552,,,false,9
,I??OYKhcg,9,162548,,,false,9
,I??OYKzjw,0,198871,,,false,9
,I??OYKzjw,1,188952,,,false,9
,I??OYKzjw,2,196915,,,false,9
,I??OYKzjw,3,183364,,,false,9
,I??OYKzjw,4,175750,,,false,9
,I??OYKzjw,5,178055,,,false,9
,I??OYKzjw,6,171698,,,false,9
,I??OYKzjw,7,184132,,,false,9
,I??OYKzjw,8,169743,,,false,9
,I??OYKzjw,9,169394,,,false,9
,I??OYOflo,0,66221,,,false,7
,I??OYOflo,1,57209,,,false,7
,I??OYOflo,2,54975,,,false,7
,I??OYOflo,3,52599,,,false,7
,I??OYOflo,4,52320,,,false,7
,I??OYOflo,5,51970,,,false,7
,I??OYOflo,6,52599,,,false,7
,I??OYOflo,7,53297,,,false,7
,I??OYOflo,8,51691,,,false,7
,I??OYOflo,9,61122,,,false,7
,I??O[K|Uo,0,181688,,,false,9
,I??O[K|Uo,1,175121,,,false,9
,I??O[K|Uo,2,167437,,,false,9
,I??O[K|Uo,3,167997,,,false,9
,I??O[K|Uo,4,165691,,,false,9
,I??O[K|Uo,5,169742,,,false,9
,I??O[K|Uo,6,160103,,,false,9
,I??O[K|Uo,7,164224,,,false,9
,I??O[K|Uo,8,164643,,,false,9
,I??O[K|Uo,9,165133,,,false,9
,I??O[K|Uw,0,187416,,,false,9
,I??O[K|Uw,1,228488,,,false,9
,I??O[K|Uw,2,276618,,,false,9
,I??O[K|Uw,3,265371,,,false,9
,I??O[K|Uw,4,171349,,,false,9
,I??O[K|Uw,5,181408,,,false,9
,I??O[K|Uw,6,166739,,,false,9
,I??O[K|Uw,7,165830,,,false,9
,I??O[K|Uw,8,166110,,,false,9
,I??O[K|Uw,9,167717,,,false,9
,I??Op\efW,0,209279,,,false,9
,I??Op\efW,1,182875,,,false,9
,I??Op\efW,2,178125,,,false,9
,I??Op\efW,3,174143,,,false,9
,I??Op\efW,4,170861,,,false,9
,I??Op\efW,5,169044,,,false,9
,I??Op\efW,6,179452,,,false,9
,I??Op\efW,7,175540,,,false,9
,I??Op\efW,8,167298,,,false,9
,I??Op\efW,9,166390,,,false,9
,I??Oq[mfW,0,192235,,,false,9
,I??Oq[mfW,1,191397,,,false,9
,I??Oq[mfW,2,177496,,,false,9
,I??Oq[mfW,3,174422,,,false,9
,I??Oq[mfW,4,172188,,,false,9
,I??Oq[mfW,5,170302,,,false,9
,I??Oq[mfW,6,168555,,,false,9
,I??Oq[mfW,7,169393,,,false,9
,I??Oq[mfW,8,167088,,,false,9
,I??Oq[mfW,9,166809,,,false,9
,I??Oqwm~g,0,196286,,,false,9
,I??Oqwm~g,1,189930,,,false,9
,I??Oqwm~g,2,194750,,,false,9
,I??Oqwm~g,3,185040,,,false,9
,I??Oqwm~g,4,179941,,,false,9
,I??Oqwm~g,5,175890,,,false,9
,I??Oqwm~g,6,170091,,,false,9
,I??Oqwm~g,7,180919,,,false,9
,I??Oqwm~g,8,168904,,,false,9
,I??Oqwm~g,9,169044,,,false,9
,I??Os\NJw,0,194959,,,false,9
,I??Os\NJw,1,184901,,,false,9
,I??Os\NJw,2,178893,,,false,9
,I??Os\NJw,3,184551,,,false,9
,I??Os\NJw,4,179941,,,false,9
,I??Os\NJw,5,177566,,,false,9
,I??Os\NJw,6,178335,,,false,9
,I??Os\NJw,7,177147,,,false,9
,I??Os\NJw,8,181897,,,false,9
,I??Os\NJw,9,176728,,,false,9
,I??P?XAeW,0,37721,,,false,5
,I??P?XAeW,1,31504,,,false,5
,I??P?XAeW,2,30526,,,false,5
,I??P?XAeW,3,28639,,,false,5
,I??P?XAeW,4,28709,,,false,5
,I??P?XAeW,5,28151,,,false,5
,I??P?XAeW,6,28360,,,false,5
,I??P?XAeW,7,28011,,,false,5
,I??P?XAeW,8,28151,,,false,5
,I??P?XAeW,9,28151,,,false,5
,I??P?XIco,0,32901,,,false,5
,I??P?XIco,1,27242,,,false,5
,I??P?XIco,2,26264,,,false,5
,I??P?XIco,3,25217,,,false,5
,I??P?XIco,4,25496,,,false,5
,I??P?XIco,5,25706,,,false,5
,I??P?XIco,6,25357,,,false,5
,I??P?XIco,7,25356,,,false,5
,I??P?XIco,8,25287,,,false,5
,I??P?XIco,9,24798,,,false,5
,I??P?\Xf_,0,95698,,,false,6
,I??P?\Xf_,1,77048,,,false,6
,I??P?\Xf_,2,72647,,,false,6
,I??P?\Xf_,3,70900,,,false,6
,I??P?\Xf_,4,70692,,,false,6
,I??P?\Xf_,5,70272,,,false,6
,I??P?\Xf_,6,69574,,,false,6
,I??P?\Xf_,7,69783,,,false,6
,I??P?\Xf_,8,69154,,,false,6
,I??P?\Xf_,9,70203,,,false,6
,I??POpFxo,0,196357,,,false,9
,I??POpFxo,1,187625,,,false,9
,I??POpFxo,2,173095,,,false,9
,I??POpFxo,3,169952,,,false,9
,I??POpFxo,4,169883,,,false,9
,I??POpFxo,5,169882,,,false,9
,I??POpFxo,6,181547,,,false,9
,I??POpFxo,7,172746,,,false,9
,I??POpFxo,8,172327,,,false,9
,I??POpFxo,9,172117,,,false,9
,I??PYyz~O,0,191886,,,false,9
,I??PYyz~O,1,189231,,,false,9
,I??PYyz~O,2,173724,,,false,9
,I??PYyz~O,3,170791,,,false,9
,I??PYyz~O,4,169323,,,false,9
,I??PYyz~O,5,177356,,,false,9
,I??PYyz~O,6,172816,,,false,9
,I??PYyz~O,7,180570,,,false,9
,I??PYyz~O,8,175330,,,false,9
,I??PYyz~O,9,176239,,,false,9
,I??P\t^~g,0,193213,,,false,9
,I??P\t^~g,1,187625,,,false,9
,I??P\t^~g,2,191257,,,false,9
,I??P\t^~g,3,180639,,,false,9
,I??P\t^~g,4,178335,,,false,9
,I??P\t^~g,5,177496,,,false,9
,I??P\t^~g,6,173515,,,false,9
,I??P\t^~g,7,172187,,,false,9
,I??P\t^~g,8,180430,,,false,9
,I??P\t^~g,9,175051,,,false,9
,I??Psxm~?,0,188882,,,false,9
,I??Psxm~?,1,180360,,,false,9
,I??Psxm~?,2,177985,,,false,9
,I??Psxm~?,3,178474,,,false,9
,I??Psxm~?,4,168695,,,false,9
,I??Psxm~?,5,171628,,,false,9
,I??Psxm~?,6,170720,,,false,9
,I??Psxm~?,7,170302,,,false,9
,I??Psxm~?,8,168905,,,false,9
,I??Psxm~?,9,178474,,,false,9
,I??Q?slfg,0,65383,,,false,6
,I??Q?slfg,1,55742,,,false,6
,I??Q?slfg,2,52390,,,false,6
,I??Q?slfg,3,50923,,,false,6
,I??Q?slfg,4,51132,,,false,6
,I??Q?slfg,5,50504,,,false,6
,I??Q?slfg,6,50224,,,false,6
,I??Q?slfg,7,50154,,,false,6
,I??Q?slfg,8,50644,,,false,6
,I??Q?slfg,9,49944,,,false,6
,I??QXYRzG,0,185739,,,false,9
,I??QXYRzG,1,182805,,,false,9
,I??QXYRzG,2,169603,,,false,9
,I??QXYRzG,3,167507,,,false,9
,I??QXYRzG,4,164643,,,false,9
,I??QXYRzG,5,162967,,,false,9
,I??QXYRzG,6,172048,,,false,9
,I??QXYRzG,7,163665,,,false,9
,I??QXYRzG,8,162478,,,false,9
,I??QXYRzG,9,162547,,,false,9
,I??Rswn~G,0,191327,,,false,9
,I??Rswn~G,1,187625,,,false,9
,I??Rswn~G,2,185948,,,false,9
,I??Rswn~G,3,174283,,,false,9
,I??Rswn~G,4,172397,,,false,9
,I??Rswn~G,5,171349,,,false,9
,I??Rswn~G,6,169882,,,false,9
,I??Rswn~G,7,169044,,,false,9
,I??Rswn~G,8,182596,,,false,9
,I??Rswn~G,9,169813,,,false,9
,I??T@GNUW,0,89761,,,false,7
,I??T@GNUW,1,78444,,,false,7
,I??T@GNUW,2,73625,,,false,7
,I??T@GNUW,3,70482,,,false,7
,I??T@GNUW,4,68386,,,false,7
,I??T@GNUW,5,67268,,,false,7
,I??T@GNUW,6,66849,,,false,7
,I??T@GNUW,7,66780,,,false,7
,I??T@GNUW,8,74952,,,false,7
,I??T@GNUW,9,66779,,,false,7
,I??WQ?b`w,0,36743,,,false,5
,I??WQ?b`w,1,30036,,,false,5
,I??WQ?b`w,2,28779,,,false,5
,I??WQ?b`w,3,27802,,,false,5
,I??WQ?b`w,4,28081,,,false,5
,I??WQ?b`w,5,28151,,,false,5
,I??WQ?b`w,6,27592,,,false,5
,I??WQ?b`w,7,27592,,,false,5
,I??WQ?b`w,8,28081,,,false,5
,I??WQ?b`w,9,27662,,,false,5
,I??XPqdSw,0,182106,,,false,9
,I??XPqdSw,1,172816,,,false,9
,I??XPqdSw,2,175890,,,false,9
,I??XPqdSw,3,169044,,,false,9
,I??XPqdSw,4,161709,,,false,9
,I??XPqdSw,5,160242,,,false,9
,I??XPqdSw,6,160731,,,false,9
,I??XPqdSw,7,160801,,,false,9
,I??XPqdSw,8,168975,,,false,9
,I??XPqdSw,9,160802,,,false,9
,I??YcOfJo,0,60004,,,false,7
,I??YcOfJo,1,52669,,,false,7
,I??YcOfJo,2,49945,,,false,7
,I??YcOfJo,3,50573,,,false,7
,I??YcOfJo,4,49037,,,false,7
,I??YcOfJo,5,48757,,,false,7
,I??YcOfJo,6,49247,,,false,7
,I??YcOfJo,7,48408,,,false,7
,I??YcOfJo,8,48268,,,false,7
,I??YcOfJo,9,47081,,,false,7
,I??[QOfLo,0,52040,,,false,7
,I??[QOfLo,1,48548,,,false,7
,I??[QOfLo,2,47430,,,false,7
,I??[QOfLo,3,56720,,,false,7
,I??[QOfLo,4,46732,,,false,7
,I??[QOfLo,5,47011,,,false,7
,I??[QOfLo,6,47151,,,false,7
,I??[QOfLo,7,46941,,,false,7
,I??[QOfLo,8,47780,,,false,7
,I??[QOfLo,9,46731,,,false,7
,I??_Pe^Vo,0,184691,,,false,9
,I??_Pe^Vo,1,175401,,,false,9
,I??_Pe^Vo,2,171629,,,false,9
,I??_Pe^Vo,3,210048,,,false,9
,I??_Pe^Vo,4,168066,,,false,9
,I??_Pe^Vo,5,167577,,,false,9
,I??_Pe^Vo,6,166529,,,false,9
,I??_Pe^Vo,7,171629,,,false,9
,I??_Pe^Vo,8,166459,,,false,9
,I??_Pe^Vo,9,174633,,,false,9
,I??_Pe^Vw,0,178544,,,false,9
,I??_Pe^Vw,1,174842,,,false,9
,I??_Pe^Vw,2,176239,,,false,9
,I??_Pe^Vw,3,174562,,,false,9
,I??_Pe^Vw,4,177217,,,false,9
,I??_Pe^Vw,5,168276,,,false,9
,I??_Pe^Vw,6,167507,,,false,9
,I??_Pe^Vw,7,167787,,,false,9
,I??_Pe^Vw,8,167227,,,false,9
,I??_Pe^Vw,9,167786,,,false,9
,I??_QCRfW,0,60562,,,false,6
,I??_QCRfW,1,43519,,,false,6
,I??_QCRfW,2,40025,,,false,6
,I??_QCRfW,3,38768,,,false,6
,I??_QCRfW,4,38210,,,false,6
,I??_QCRfW,5,38140,,,false,6
,I??_QCRfW,6,38629,,,false,6
,I??_QCRfW,7,38209,,,false,6
,I??_QCRfW,8,38699,,,false,6
,I??_QCRfW,9,38279,,,false,6
,I??_Xu^Vo,0,198661,,,false,9
,I??_Xu^Vo,1,187206,,,false,9
,I??_Xu^Vo,2,189721,,,false,9
,I??_Xu^Vo,3,178753,,,false,9
,I??_Xu^Vo,4,180291,,,false,9
,I??_Xu^Vo,5,179731,,,false,9
,I??_Xu^Vo,6,176029,,,false,9
,I??_Xu^Vo,7,172327,,,false,9
,I??_Xu^Vo,8,180989,,,false,9
,I??_Xu^Vo,9,171419,,,false,9
,I??_Xu^Vw,0,190558,,,false,9
,I??_Xu^Vw,1,181129,,,false,9
,I??_Xu^Vw,2,180220,,,false,9
,I??_Xu^Vw,3,188254,,,false,9
,I??_Xu^Vw,4,182176,,,false,9
,I??_Xu^Vw,5,177217,,,false,9
,I??_Xu^Vw,6,176169,,,false,9
,I??_Xu^Vw,7,176378,,,false,9
,I??_Xu^Vw,8,176308,,,false,9
,I??_Xu^Vw,9,190699,,,false,9
,I??_YOVkw,0,67269,,,false,7
,I??_YOVkw,1,59235,,,false,7
,I??_YOVkw,2,55394,,,false,7
,I??_YOVkw,3,54206,,,false,7
,I??_YOVkw,4,53368,,,false,7
,I??_YOVkw,5,53437,,,false,7
,I??_YOVkw,6,53368,,,false,7
,I??_YOVkw,7,53298,,,false,7
,I??_YOVkw,8,52808,,,false,7
,I??_YOVkw,9,53438,,,false,7
,I??_Yczno,0,199500,,,false,9
,I??_Yczno,1,184482,,,false,9
,I??_Yczno,2,174702,,,false,9
,I??_Yczno,3,171698,,,false,9
,I??_Yczno,4,169952,,,false,9
,I??_Yczno,5,166879,,,false,9
,I??_Yczno,6,175820,,,false,9
,I??_Yczno,7,165411,,,false,9
,I??_Yczno,8,165412,,,false,9
,I??_Yczno,9,164713,,,false,9
,I??_[pFMg,0,191327,,,false,9
,I??_[pFMg,1,190838,,,false,9
,I??_[pFMg,2,175470,,,false,9
,I??_[pFMg,3,172188,,,false,9
,I??_[pFMg,4,170022,,,false,9
,I??_[pFMg,5,175540,,,false,9
,I??_[pFMg,6,171698,,,false,9
,I??_[pFMg,7,179033,,,false,9
,I??_[pFMg,8,169184,,,false,9
,I??_[pFMg,9,169742,,,false,9
,I??__PB`o,0,48478,,,false,3
,I??__PB`o,1,43029,,,false,3
,I??__PB`o,2,40165,,,false,3
,I??__PB`o,3,38977,,,false,3
,I??__PB`o,4,37791,,,false,3
,I??__PB`o,5,36672,,,false,3
,I??__PB`o,6,36673,,,false,3
,I??__PB`o,7,36743,,,false,3
,I??__PB`o,8,36603,,,false,3
,I??__PB`o,9,36533,,,false,3
,I??__QFPo,0,27173,,,false,5
,I??__QFPo,1,23261,,,false,5
,I??__QFPo,2,30526,,,false,5
,I??__QFPo,3,22772,,,false,5
,I??__QFPo,4,22842,,,false,5
,I??__QFPo,5,22423,,,false,5
,I??__QFPo,6,23261,,,false,5
,I??__QFPo,7,22283,,,false,5
,I??__QFPo,8,22283,,,false,5
,I??__QFPo,9,22353,,,false,5
,I??__QFPw,0,25286,,,false,5
,I??__QFPw,1,23960,,,false,5
,I??__QFPw,2,22562,,,false,5
,I??__QFPw,3,22841,,,false,5
,I??__QFPw,4,22772,,,false,5
,I??__QFPw,5,22772,,,false,5
,I??__QFPw,6,22493,,,false,5
,I??__QFPw,7,22982,,,false,5
,I??__QFPw,8,22911,,,false,5
,I??__QFPw,9,22772,,,false,5
,I??__QwPw,0,31015,,,false,5
,I??__QwPw,1,25775,,,false,5
,I??__QwPw,2,25706,,,false,5
,I??__QwPw,3,25217,,,false,5
,I??__QwPw,4,25636,,,false,5
,I??__QwPw,5,25776,,,false,5
,I??__QwPw,6,24798,,,false,5
,I??__QwPw,7,25845,,,false,5
,I??__QwPw,8,25776,,,false,5
,I??__QwPw,9,25147,,,false,5
,I??__TE`W,0,27173,,,false,5
,I??__TE`W,1,24727,,,false,5
,I??__TE`W,2,23749,,,false,5
,I??__TE`W,3,23400,,,false,5
,I??__TE`W,4,23401,,,false,5
,I??__TE`W,5,32412,,,false,5
,I??__TE`W,6,23470,,,false,5
,I??__TE`W,7,22842,,,false,5
,I??__TE`W,8,23261,,,false,5
,I??__TE`W,9,23261,,,false,5
,I??__TFmW,0,33180,,,false,5
,I??__TFmW,1,27662,,,false,5
,I??__TFmW,2,27242,,,false,5
,I??__TFmW,3,26684,,,false,5
,I??__TFmW,4,26684,,,false,5
,I??__TFmW,5,26334,,,false,5
,I??__TFmW,6,26334,,,false,5
,I??__TFmW,7,26265,,,false,5
,I??__TFmW,8,26265,,,false,5
,I??__TFmW,9,26474,,,false,5
,I??__\YfO,0,85360,,,false,6
,I??__\YfO,1,74603,,,false,6
,I??__\YfO,2,70272,,,false,6
,I??__\YfO,3,68596,,,false,6
,I??__\YfO,4,68247,,,false,6
,I??__\YfO,5,67827,,,false,6
,I??__\YfO,6,75371,,,false,6
,I??__\YfO,7,67688,,,false,6
,I??__\YfO,8,67828,,,false,6
,I??__\YfO,9,67966,,,false,6
,I??__\YfW,0,76210,,,false,6
,I??__\YfW,1,72088,,,false,6
,I??__\YfW,2,70062,,,false,6
,I??__\YfW,3,69993,,,false,6
,I??__\YfW,4,69154,,,false,6
,I??__\YfW,5,68805,,,false,6
,I??__\YfW,6,67897,,,false,6
,I??__\YfW,7,68595,,,false,6
,I??__\YfW,8,68736,,,false,6
,I??__\YfW,9,68317,,,false,6
,I??_`pnfo,0,189161,,,false,9
,I??_`pnfo,1,178405,,,false,9
,I??_`pnfo,2,169673,,,false,9
,I??_`pnfo,3,171629,,,false,9
,I??_`pnfo,4,174702,,,false,9
,I??_`pnfo,5,182316,,,false,9
,I??_`pnfo,6,173026,,,false,9
,I??_`pnfo,7,172746,,,false,9
,I??_`pnfo,8,172467,,,false,9
,I??_`pnfo,9,175470,,,false,9
,I??_`pnfw,0,198452,,,false,9
,I??_`pnfw,1,184272,,,false,9
,I??_`pnfw,2,180919,,,false,9
,I??_`pnfw,3,178334,,,false,9
,I??_`pnfw,4,175820,,,false,9
,I??_`pnfw,5,172816,,,false,9
,I??_`pnfw,6,181338,,,false,9
,I??_`pnfw,7,173864,,,false,9
,I??_`pnfw,8,185948,,,false,9
,I??_`pnfw,9,203621,,,false,9
,I??_aOMbo,0,58606,,,false,6
,I??_aOMbo,1,48618,,,false,6
,I??_aOMbo,2,46661,,,false,6
,I??_aOMbo,3,46172,,,false,6
,I??_aOMbo,4,56511,,,false,6
,I??_aOMbo,5,45754,,,false,6
,I??_aOMbo,6,46242,,,false,6
,I??_aOMbo,7,45544,,,false,6
,I??_aOMbo,8,45754,,,false,6
,I??_aOMbo,9,45963,,,false,6
,I??_g]~^o,0,198941,,,false,9
,I??_g]~^o,1,186997,,,false,9
,I??_g]~^o,2,173515,,,false,9
,I??_g]~^o,3,176099,,,false,9
,I??_g]~^o,4,170721,,,false,9
,I??_g]~^o,5,165621,,,false,9
,I??_g]~^o,6,165621,,,false,9
,I??_g]~^o,7,168205,,,false,9
,I??_g]~^o,8,177287,,,false,9
,I??_g]~^o,9,185669,,,false,9
,I??_g]~^w,0,186857,,,false,9
,I??_g]~^w,1,181967,,,false,9
,I??_g]~^w,2,184551,,,false,9
,I??_g]~^w,3,182595,,,false,9
,I??_g]~^w,4,185460,,,false,9
,I??_g]~^w,5,176308,,,false,9
,I??_g]~^w,6,180500,,,false,9
,I??_g]~^w,7,175819,,,false,9
,I??_g]~^w,8,174912,,,false,9
,I??_g]~^w,9,183573,,,false,9
,I??aGWRmw,0,203272,,,false,9
,I??aGWRmw,1,189301,,,false,9
,I??aGWRmw,2,188044,,,false,9
,I??aGWRmw,3,189511,,,false,9
,I??aGWRmw,4,190629,,,false,9
,I??aGWRmw,5,175680,,,false,9
,I??aGWRmw,6,173165,,,false,9
,I??aGWRmw,7,176588,,,false,9
,I??aGWRmw,8,180430,,,false,9
,I??aGWRmw,9,178405,,,false,9
,I??aWwrmW,0,205088,,,false,9
,I??aWwrmW,1,185250,,,false,9
,I??aWwrmW,2,180221,,,false,9
,I??aWwrmW,3,176937,,,false,9
,I??aWwrmW,4,170371,,,false,9
,I??aWwrmW,5,173515,,,false,9
,I??aWwrmW,6,162967,,,false,9
,I??aWwrmW,7,162757,,,false,9
,I??aWwrmW,8,167298,,,false,9
,I??aWwrmW,9,162827,,,false,9
,I??aWwrmw,0,178055,,,false,9
,I??aWwrmw,1,179242,,,false,9
,I??aWwrmw,2,173445,,,false,9
,I??aWwrmw,3,166599,,,false,9
,I??aWwrmw,4,166599,,,false,9
,I??aWwrmw,5,161779,,,false,9
,I??aWwrmw,6,160941,,,false,9
,I??aWwrmw,7,159334,,,false,9
,I??aWwrmw,8,161081,,,false,9
,I??aWwrmw,9,160103,,,false,9
,I??a_[znO,0,196147,,,false,9
,I??a_[znO,1,187555,,,false,9
,I??a_[znO,2,187904,,,false,9
,I??a_[znO,3,179103,,,false,9
,I??a_[znO,4,177985,,,false,9
,I??a_[znO,5,171279,,,false,9
,I??a_[znO,6,167996,,,false,9
,I??a_[znO,7,164015,,,false,9
,I??a_[znO,8,172886,,,false,9
,I??a_[znO,9,164015,,,false,9
,I??a`O\fo,0,42820,,,false,6
,I??a`O\fo,1,37301,,,false,6
,I??a`O\fo,2,35346,,,false,6
,I??a`O\fo,3,35276,,,false,6
,I??a`O\fo,4,34297,,,false,6
,I??a`O\fo,5,34717,,,false,6
,I??a`O\fo,6,34158,,,false,6
,I??a`O\fo,7,34368,,,false,6
,I??a`O\fo,8,34298,,,false,6
,I??a`O\fo,9,34297,,,false,6
,I??c?cJPW,0,53996,,,false,3
,I??c?cJPW,1,51412,,,false,3
,I??c?cJPW,2,42121,,,false,3
,I??c?cJPW,3,41912,,,false,3
,I??c?cJPW,4,63007,,,false,3
,I??c?cJPW,5,41633,,,false,3
,I??c?cJPW,6,41073,,,false,3
,I??c?cJPW,7,41004,,,false,3
,I??c?cJPW,8,40095,,,false,3
,I??c?cJPW,9,40515,,,false,3
,I??gS`BDg,0,48338,,,false,6
,I??gS`BDg,1,38489,,,false,6
,I??gS`BDg,2,36184,,,false,6
,I??gS`BDg,3,35834,,,false,6
,I??gS`BDg,4,35835,,,false,6
,I??gS`BDg,5,35206,,,false,6
,I??gS`BDg,6,34786,,,false,6
,I??gS`BDg,7,35276,,,false,6
,I??gS`BDg,8,35136,,,false,6
,I??gS`BDg,9,36044,,,false,6
,I??gaCJcW,0,47150,,,false,6
,I??gaCJcW,1,40166,,,false,6
,I??gaCJcW,2,37092,,,false,6
,I??gaCJcW,3,36184,,,false,6
,I??gaCJcW,4,35905,,,false,6
,I??gaCJcW,5,37301,,,false,6
,I??gaCJcW,6,45265,,,false,6
,I??gaCJcW,7,36183,,,false,6
,I??gaCJcW,8,35835,,,false,6
,I??gaCJcW,9,35764,,,false,6
,I??ggxJgw,0,197753,,,false,9
,I??ggxJgw,1,194121,,,false,9
,I??ggxJgw,2,181966,,,false,9
,I??ggxJgw,3,171140,,,false,9
,I??ggxJgw,4,178893,,,false,9
,I??ggxJgw,5,166948,,,false,9
,I??ggxJgw,6,166040,,,false,9
,I??ggxJgw,7,165831,,,false,9
,I??ggxJgw,8,169463,,,false,9
,I??ggxJgw,9,169324,,,false,9
,I??gkTJLW,0,188114,,,false,9
,I??gkTJLW,1,180011,,,false,9
,I??gkTJLW,2,171070,,,false,9
,I??gkTJLW,3,167996,,,false,9
,I??gkTJLW,4,165063,,,false,9
,I??gkTJLW,5,173933,,,false,9
,I??gkTJLW,6,163386,,,false,9
,I??gkTJLW,7,161849,,,false,9
,I??gkTJLW,8,161989,,,false,9
,I??gkTJLW,9,161151,,,false,9
,I??g||~~_,0,204320,,,false,9
,I??g||~~_,1,192305,,,false,9
,I??g||~~_,2,178265,,,false,9
,I??g||~~_,3,175122,,,false,9
,I??g||~~_,4,177845,,,false,9
,I??g||~~_,5,172048,,,false,9
,I??g||~~_,6,181827,,,false,9
,I??g||~~_,7,172327,,,false,9
,I??g||~~_,8,171559,,,false,9
,I??g||~~_,9,171000,,,false,9
,I??wt\yTw,0,195518,,,false,9
,I??wt\yTw,1,191816,,,false,9
,I??wt\yTw,2,178265,,,false,9
,I??wt\yTw,3,176519,,,false,9
,I??wt\yTw,4,183783,,,false,9
,I??wt\yTw,5,173515,,,false,9
,I??wt\yTw,6,167158,,,false,9
,I??wt\yTw,7,175680,,,false,9
,I??wt\yTw,8,166529,,,false,9
,I??wt\yTw,9,165621,,,false,9
,I??yRQVmg,0,185250,,,false,9
,I??yRQVmg,1,173445,,,false,9
,I??yRQVmg,2,179312,,,false,9
,I??yRQVmg,3,165621,,,false,9
,I??yRQVmg,4,163526,,,false,9
,I??yRQVmg,5,162408,,,false,9
,I??yRQVmg,6,160452,,,false,9
,I??yRQVmg,7,163595,,,false,9
,I??yRQVmg,8,171629,,,false,9
,I??yRQVmg,9,162338,,,false,9
,I??yTD\mg,0,181967,,,false,9
,I??yTD\mg,1,173863,,,false,9
,I??yTD\mg,2,169464,,,false,9
,I??yTD\mg,3,172467,,,false,9
,I??yTD\mg,4,171210,,,false,9
,I??yTD\mg,5,165552,,,false,9
,I??yTD\mg,6,165271,,,false,9
,I??yTD\mg,7,164853,,,false,9
,I??yTD\mg,8,160801,,,false,9
,I??yTD\mg,9,160802,,,false,9
,I??|AtMmW,0,175470,,,false,9
,I??|AtMmW,1,167926,,,false,9
,I??|AtMmW,2,163526,,,false,9
,I??|AtMmW,3,162338,,,false,9
,I??|AtMmW,4,166669,,,false,9
,I??|AtMmW,5,169743,,,false,9
,I??|AtMmW,6,167297,,,false,9
,I??|AtMmW,7,162268,,,false,9
,I??|AtMmW,8,160732,,,false,9
,I??|AtMmW,9,161360,,,false,9
,I?@?PKUeW,0,95419,,,false,6
,I?@?PKUeW,1,83195,,,false,6
,I?@?PKUeW,2,86757,,,false,6
,I?@?PKUeW,3,77187,,,false,6
,I?@?PKUeW,4,76210,,,false,6
,I?@?PKUeW,5,75371,,,false,6
,I?@?PKUeW,6,74324,,,false,6
,I?@?PKUeW,7,74254,,,false,6
,I?@?PKUeW,8,73695,,,false,6
,I?@?PKUeW,9,74114,,,false,6
,I?@?XGReW,0,60283,,,false,7
,I?@?XGReW,1,55464,,,false,7
,I?@?XGReW,2,53019,,,false,7
,I?@?XGReW,3,51621,,,false,7
,I?@?XGReW,4,51622,,,false,7
,I?@?XGReW,5,51481,,,false,7
,I?@?XGReW,6,51621,,,false,7
,I?@?XGReW,7,58677,,,false,7
,I?@?XGReW,8,51132,,,false,7
,I?@?XGReW,9,50923,,,false,7
,I?@?_Ob`w,0,49665,,,false,3
,I?@?_Ob`w,1,43309,,,false,3
,I?@?_Ob`w,2,40654,,,false,3
,I?@?_Ob`w,3,39886,,,false,3
,I?@?_Ob`w,4,38769,,,false,3
,I?@?_Ob`w,5,38489,,,false,3
,I?@?_Ob`w,6,39956,,,false,3
,I?@?_Ob`w,7,38978,,,false,3
,I?@?_Ob`w,8,38279,,,false,3
,I?@?_Ob`w,9,39467,,,false,3
,I?@?_ObfG,0,48478,,,false,6
,I?@?_ObfG,1,42261,,,false,6
,I?@?_ObfG,2,39048,,,false,6
,I?@?_ObfG,3,38698,,,false,6
,I?@?_ObfG,4,39537,,,false,6
,I?@?_ObfG,5,38559,,,false,6
,I?@?_ObfG,6,38908,,,false,6
,I?@?_ObfG,7,47500,,,false,6
,I?@?_ObfG,8,38558,,,false,6
,I?@?_ObfG,9,38280,,,false,6
,I?@?_SffW,0,33879,,,false,5
,I?@?_SffW,1,28151,,,false,5
,I?@?_SffW,2,27172,,,false,5
,I?@?_SffW,3,26964,,,false,5
,I?@?_SffW,4,26753,,,false,5
,I?@?_SffW,5,26684,,,false,5
,I?@?_SffW,6,27103,,,false,5
,I?@?_SffW,7,26614,,,false,5
,I?@?_SffW,8,26684,,,false,5
,I?@?_SffW,9,26684,,,false,5
,I?@?_Wb}w,0,53367,,,false,5
,I?@?_Wb}w,1,45614,,,false,5
,I?@?_Wb}w,2,43449,,,false,5
,I?@?_Wb}w,3,42401,,,false,5
,I?@?_Wb}w,4,42121,,,false,5
,I?@?_Wb}w,5,41772,,,false,5
,I?@?_Wb}w,6,41702,,,false,5
,I?@?_Wb}w,7,41073,,,false,5
,I?@?_Wb}w,8,41911,,,false,5
,I?@?_Wb}w,9,41563,,,false,5
,I?@?gWb`w,0,30526,,,false,7
,I?@?gWb`w,1,34507,,,false,7
,I?@?gWb`w,2,25217,,,false,7
,I?@?gWb`w,3,24728,,,false,7
,I?@?gWb`w,4,25147,,,false,7
,I?@?gWb`w,5,25217,,,false,7
,I?@?gWb`w,6,24727,,,false,7
,I?@?gWb`w,7,24868,,,false,7
,I?@?gWb`w,8,24798,,,false,7
,I?@?gWb`w,9,24937,,,false,7
,I?@?gWb~w,0,190699,,,false,9
,I?@?gWb~w,1,184830,,,false,9
,I?@?gWb~w,2,173654,,,false,9
,I?@?gWb~w,3,181198,,,false,9
,I?@?gWb~w,4,169463,,,false,9
,I?@?gWb~w,5,169184,,,false,9
,I?@?gWb~w,6,168834,,,false,9
,I?@?gWb~w,7,168415,,,false,9
,I?@?gWb~w,8,176519,,,false,9
,I?@?gWb~w,9,180221,,,false,9
,I?@@?_Hfg,0,32691,,,false,6
,I?@@?_Hfg,1,28151,,,false,6
,I?@@?_Hfg,2,26264,,,false,6
,I?@@?_Hfg,3,25845,,,false,6
,I?@@?_Hfg,4,26195,,,false,6
,I?@@?_Hfg,5,26334,,,false,6
,I?@@?_Hfg,6,25845,,,false,6
,I?@@?_Hfg,7,25776,,,false,6
,I?@@?_Hfg,8,25286,,,false,6
,I?@@?_Hfg,9,25427,,,false,6
,I?@@?_JbO,0,48268,,,false,3
,I?@@?_JbO,1,40445,,,false,3
,I?@@?_JbO,2,39257,,,false,3
,I?@@?_JbO,3,37651,,,false,3
,I?@@?_JbO,4,38070,,,false,3
,I?@@?_JbO,5,37441,,,false,3
,I?@@?_JbO,6,37720,,,false,3
,I?@@?_JbO,7,37651,,,false,3
,I?@@?_JbO,8,36184,,,false,3
,I?@@?_JbO,9,36323,,,false,3
,I?@@?_JnW,0,50154,,,false,6
,I?@@?_JnW,1,42471,,,false,6
,I?@@?_JnW,2,47709,,,false,6
,I?@@?_JnW,3,38629,,,false,6
,I?@@?_JnW,4,39117,,,false,6
,I?@@?_JnW,5,38489,,,false,6
,I?@@?_JnW,6,38769,,,false,6
,I?@@?_JnW,7,38279,,,false,6
,I?@@?_JnW,8,38629,,,false,6
,I?@@?_JnW,9,38558,,,false,6
,I?@@?cJ`w,0,58118,,,false,3
,I?@@?cJ`w,1,50992,,,false,3
,I?@@?cJ`w,2,48059,,,false,3
,I?@@?cJ`w,3,47709,,,false,3
,I?@@?cJ`w,4,47291,,,false,3
,I?@@?cJ`w,5,47011,,,false,3
,I?@@?cJ`w,6,47291,,,false,3
,I?@@?cJ`w,7,46731,,,false,3
,I?@@?cJ`w,8,47640,,,false,3
,I?@@?cJ`w,9,46871,,,false,3
,I?@@?cLeg,0,50783,,,false,5
,I?@@?cLeg,1,50434,,,false,5
,I?@@?cLeg,2,40444,,,false,5
,I?@@?cLeg,3,39747,,,false,5
,I?@@?cLeg,4,38559,,,false,5
,I?@@?cLeg,5,39117,,,false,5
,I?@@?cLeg,6,39467,,,false,5
,I?@@?cLeg,7,38489,,,false,5
,I?@@?cLeg,8,39537,,,false,5
,I?@@?cLeg,9,38768,,,false,5
,I?@@?gJeg,0,37651,,,false,5
,I?@@?gJeg,1,34297,,,false,5
,I?@@?gJeg,2,33390,,,false,5
,I?@@?gJeg,3,33320,,,false,5
,I?@@?gJeg,4,32901,,,false,5
,I?@@?gJeg,5,33459,,,false,5
,I?@@?gJeg,6,32412,,,false,5
,I?@@?gJeg,7,32900,,,false,5
,I?@@?gJeg,8,32900,,,false,5
,I?@@?gJeg,9,33809,,,false,5
,I?@@?kNfg,0,96816,,,false,7
,I?@@?kNfg,1,84033,,,false,7
,I?@@?kNfg,2,89411,,,false,7
,I?@@?kNfg,3,79563,,,false,7
,I?@@?kNfg,4,80121,,,false,7
,I?@@?kNfg,5,78375,,,false,7
,I?@@?kNfg,6,78235,,,false,7
,I?@@?kNfg,7,78794,,,false,7
,I?@@?kNfg,8,78934,,,false,7
,I?@@?kNfg,9,80261,,,false,7
,I?@@?kNnw,0,201805,,,false,9
,I?@@?kNnw,1,202084,,,false,9
,I?@@?kNnw,2,181967,,,false,9
,I?@@?kNnw,3,183294,,,false,9
,I?@@?kNnw,4,177287,,,false,9
,I?@@?kNnw,5,174493,,,false,9
,I?@@?kNnw,6,194680,,,false,9
,I?@@?kNnw,7,189999,,,false,9
,I?@@?kNnw,8,176727,,,false,9
,I?@@?kNnw,9,175261,,,false,9
,I?@@G_H_w,0,21584,,,false,3
,I?@@G_H_w,1,17533,,,false,3
,I?@@G_H_w,2,16276,,,false,3
,I?@@G_H_w,3,16136,,,false,3
,I?@@G_H_w,4,16206,,,false,3
,I?@@G_H_w,5,15368,,,false,3
,I?@@G_H_w,6,15647,,,false,3
,I?@@G_H_w,7,16764,,,false,3
,I?@@G_H_w,8,16206,,,false,3
,I?@@G_H_w,9,16136,,,false,3
,I?@@G_H`w,0,25357,,,false,3
,I?@@G_H`w,1,23051,,,false,3
,I?@@G_H`w,2,22423,,,false,3
,I?@@G_H`w,3,22143,,,false,3
,I?@@G_H`w,4,22214,,,false,3
,I?@@G_H`w,5,30037,,,false,3
,I?@@G_H`w,6,22004,,,false,3
,I?@@G_H`w,7,21934,,,false,3
,I?@@G_H`w,8,21514,,,false,3
,I?@@G_H`w,9,22283,,,false,3
,I?@@GkNnw,0,198103,,,false,9
,I?@@GkNnw,1,180290,,,false,9
,I?@@GkNnw,2,175610,,,false,9
,I?@@GkNnw,3,173375,,,false,9
,I?@@GkNnw,4,181338,,,false,9
,I?@@GkNnw,5,175191,,,false,9
,I?@@GkNnw,6,169952,,,false,9
,I?@@GkNnw,7,174702,,,false,9
,I?@@GkNnw,8,174004,,,false,9
,I?@@GkNnw,9,165831,,,false,9
,I?@GPCRbW,0,61540,,,false,6
,I?@GPCRbW,1,43379,,,false,6
,I?@GPCRbW,2,40515,,,false,6
,I?@GPCRbW,3,39607,,,false,6
,I?@GPCRbW,4,39607,,,false,6
,I?@GPCRbW,5,39187,,,false,6
,I?@GPCRbW,6,39537,,,false,6
,I?@GPCRbW,7,39187,,,false,6
,I?@GPCRbW,8,39607,,,false,6
,I?@GPCRbW,9,39117,,,false,6
,I?@G_Sfko,0,68107,,,false,6
,I?@G_Sfko,1,59514,,,false,6
,I?@G_Sfko,2,56231,,,false,6
,I?@G_Sfko,3,53368,,,false,6
,I?@G_Sfko,4,53787,,,false,6
,I?@G_Sfko,5,54276,,,false,6
,I?@G_Sfko,6,54345,,,false,6
,I?@G_Sfko,7,54835,,,false,6
,I?@G_Sfko,8,63845,,,false,6
,I?@G_Sfko,9,53577,,,false,6
,I?@G_Sfmw,0,195169,,,false,9
,I?@G_Sfmw,1,182735,,,false,9
,I?@G_Sfmw,2,176937,,,false,9
,I?@G_Sfmw,3,175122,,,false,9
,I?@G_Sfmw,4,181059,,,false,9
,I?@G_Sfmw,5,171419,,,false,9
,I?@G_Sfmw,6,170930,,,false,9
,I?@G_Sfmw,7,169883,,,false,9
,I?@G_Sfmw,8,169393,,,false,9
,I?@G_Sfmw,9,166599,,,false,9
,I?@G_Sfnw,0,192514,,,false,9
,I?@G_Sfnw,1,178824,,,false,9
,I?@G_Sfnw,2,175470,,,false,9
,I?@G_Sfnw,3,173864,,,false,9
,I?@G_Sfnw,4,176937,,,false,9
,I?@G_Sfnw,5,182246,,,false,9
,I?@G_Sfnw,6,172746,,,false,9
,I?@G_Sfnw,7,172187,,,false,9
,I?@G_Sfnw,8,171629,,,false,9
,I?@G_Sfnw,9,178614,,,false,9
,I?@G`CJdW,0,48059,,,false,6
,I?@G`CJdW,1,41283,,,false,6
,I?@G`CJdW,2,39118,,,false,6
,I?@G`CJdW,3,36812,,,false,6
,I?@G`CJdW,4,37581,,,false,6
,I?@G`CJdW,5,46871,,,false,6
,I?@G`CJdW,6,37651,,,false,6
,I?@G`CJdW,7,37162,,,false,6
,I?@G`CJdW,8,37232,,,false,6
,I?@G`CJdW,9,37301,,,false,6
,I?@X?UBMW,0,84312,,,false,5
,I?@X?UBMW,1,75092,,,false,5
,I?@X?UBMW,2,70552,,,false,5
,I?@X?UBMW,3,68665,,,false,5
,I?@X?UBMW,4,68107,,,false,5
,I?@X?UBMW,5,67548,,,false,5
,I?@X?UBMW,6,68107,,,false,5
,I?@X?UBMW,7,66709,,,false,5
,I?@X?UBMW,8,66430,,,false,5
,I?@X?UBMW,9,66361,,,false,5
,I?@YTs}hw,0,202643,,,false,9
,I?@YTs}hw,1,181269,,,false,9
,I?@YTs}hw,2,171698,,,false,9
,I?@YTs}hw,3,168904,,,false,9
,I?@YTs}hw,4,166529,,,false,9
,I?@YTs}hw,5,177916,,,false,9
,I?@YTs}hw,6,163456,,,false,9
,I?@YTs}hw,7,163456,,,false,9
,I?@YTs}hw,8,162827,,,false,9
,I?@YTs}hw,9,162687,,,false,9
,I?A?_TFHw,0,30037,,,false,5
,I?A?_TFHw,1,25705,,,false,5
,I?A?_TFHw,2,24798,,,false,5
,I?A?_TFHw,3,24798,,,false,5
,I?A?_TFHw,4,24798,,,false,5
,I?A?_TFHw,5,24448,,,false,5
,I?A?_TFHw,6,24588,,,false,5
,I?A?_TFHw,7,32761,,,false,5
,I?A?_TFHw,8,24798,,,false,5
,I?A?_TFHw,9,24728,,,false,5
,I?A?_pNJo,0,34437,,,false,5
,I?A?_pNJo,1,28570,,,false,5
,I?A?_pNJo,2,27103,,,false,5
,I?A?_pNJo,3,27592,,,false,5
,I?A?_pNJo,4,26894,,,false,5
,I?A?_pNJo,5,26614,,,false,5
,I?A?_pNJo,6,27103,,,false,5
,I?A?_pNJo,7,26684,,,false,5
,I?A?_pNJo,8,27242,,,false,5
,I?A?_pNJo,9,26265,,,false,5
,I?A?_pNJw,0,31504,,,false,5
,I?A?_pNJw,1,28569,,,false,5
,I?A?_pNJw,2,27522,,,false,5
,I?A?_pNJw,3,26753,,,false,5
,I?A?_pNJw,4,27173,,,false,5
,I?A?_pNJw,5,27173,,,false,5
,I?A?_pNJw,6,27172,,,false,5
,I?A?_pNJw,7,27242,,,false,5
,I?A?_pNJw,8,26754,,,false,5
,I?A?_pNJw,9,26823,,,false,5
,I?A?gXBGw,0,29338,,,false,7
,I?A?gXBGw,1,24239,,,false,7
,I?A?gXBGw,2,23750,,,false,7
,I?A?gXBGw,3,23890,,,false,7
,I?A?gXBGw,4,23890,,,false,7
,I?A?gXBGw,5,24309,,,false,7
,I?A?gXBGw,6,23470,,,false,7
,I?A?gXBGw,7,34298,,,false,7
,I?A?gXBGw,8,24239,,,false,7
,I?A?gXBGw,9,23680,,,false,7
,I?A@G\ZNW,0,201316,,,false,9
,I?A@G\ZNW,1,191117,,,false,9
,I?A@G\ZNW,2,179102,,,false,9
,I?A@G\ZNW,3,179802,,,false,9
,I?A@G\ZNW,4,186507,,,false,9
,I?A@G\ZNW,5,178474,,,false,9
,I?A@G\ZNW,6,175330,,,false,9
,I?A@G\ZNW,7,176589,,,false,9
,I?A@G\ZNW,8,174563,,,false,9
,I?A@G\ZNW,9,179522,,,false,9
,I?AAown^W,0,208022,,,false,9
,I?AAown^W,1,190349,,,false,9
,I?AAown^W,2,185320,,,false,9
,I?AAown^W,3,177845,,,false,9
,I?AAown^W,4,178754,,,false,9
,I?AAown^W,5,184551,,,false,9
,I?AAown^W,6,171350,,,false,9
,I?AAown^W,7,169673,,,false,9
,I?AAown^W,8,169743,,,false,9
,I?AAown^W,9,169532,,,false,9
,I?C?HdLjw,0,206555,,,false,9
,I?C?HdLjw,1,183015,,,false,9
,I?C?HdLjw,2,181757,,,false,9
,I?C?HdLjw,3,174842,,,false,9
,I?C?HdLjw,4,172607,,,false,9
,I?C?HdLjw,5,175750,,,false,9
,I?C?HdLjw,6,183085,,,false,9
,I?C?HdLjw,7,173794,,,false,9
,I?C?HdLjw,8,172537,,,false,9
,I?C?HdLjw,9,173934,,,false,9
,I?C?IWrjg,0,194191,,,false,9
,I?C?IWrjg,1,193772,,,false,9
,I?C?IWrjg,2,184552,,,false,9
,I?C?IWrjg,3,181966,,,false,9
,I?C?IWrjg,4,173375,,,false,9
,I?C?IWrjg,5,176099,,,false,9
,I?C?IWrjg,6,188602,,,false,9
,I?C?IWrjg,7,171349,,,false,9
,I?C?IWrjg,8,175401,,,false,9
,I?C?IWrjg,9,175331,,,false,9
,I?C?Igjx_,0,199151,,,false,9
,I?C?Igjx_,1,190000,,,false,9
,I?C?Igjx_,2,176518,,,false,9
,I?C?Igjx_,3,219408,,,false,9
,I?C?Igjx_,4,178823,,,false,9
,I?C?Igjx_,5,175960,,,false,9
,I?C?Igjx_,6,175680,,,false,9
,I?C?Igjx_,7,185180,,,false,9
,I?C?Igjx_,8,179801,,,false,9
,I?C?Igjx_,9,180221,,,false,9
,I?C?XHRxO,0,42331,,,false,6
,I?C?XHRxO,1,35346,,,false,6
,I?C?XHRxO,2,32970,,,false,6
,I?C?XHRxO,3,31992,,,false,6
,I?C?XHRxO,4,31015,,,false,6
,I?C?XHRxO,5,31434,,,false,6
,I?C?XHRxO,6,31923,,,false,6
,I?C?XHRxO,7,31992,,,false,6
,I?C?XHRxO,8,30037,,,false,6
,I?C?XHRxO,9,29548,,,false,6
,I?C?Y?dcw,0,38629,,,false,5
,I?C?Y?dcw,1,41981,,,false,5
,I?C?Y?dcw,2,29128,,,false,5
,I?C?Y?dcw,3,28919,,,false,5
,I?C?Y?dcw,4,28569,,,false,5
,I?C?Y?dcw,5,28570,,,false,5
,I?C?Y?dcw,6,28640,,,false,5
,I?C?Y?dcw,7,28709,,,false,5
,I?C?Y?dcw,8,28220,,,false,5
,I?C?Y?dcw,9,28710,,,false,5
,I?C?iGjbw,0,198871,,,false,9
,I?C?iGjbw,1,182386,,,false,9
,I?C?iGjbw,2,180639,,,false,9
,I?C?iGjbw,3,189441,,,false,9
,I?C?iGjbw,4,177916,,,false,9
,I?C?iGjbw,5,177635,,,false,9
,I?C?iGjbw,6,177985,,,false,9
,I?C?iGjbw,7,180360,,,false,9
,I?C?iGjbw,8,168624,,,false,9
,I?C?iGjbw,9,179313,,,false,9
,I?C?i[mbw,0,193492,,,false,9
,I?C?i[mbw,1,183574,,,false,9
,I?C?i[mbw,2,179453,,,false,9
,I?C?i[mbw,3,178963,,,false,9
,I?C?i[mbw,4,185948,,,false,9
,I?C?i[mbw,5,179801,,,false,9
,I?C?i[mbw,6,173934,,,false,9
,I?C?i[mbw,7,173515,,,false,9
,I?C?i[mbw,8,173095,,,false,9
,I?C?i[mbw,9,183573,,,false,9
,I?C?i[nlw,0,210816,,,false,9
,I?C?i[nlw,1,193283,,,false,9
,I?C?i[nlw,2,187625,,,false,9
,I?C?i[nlw,3,185180,,,false,9
,I?C?i[nlw,4,187974,,,false,9
,I?C?i[nlw,5,186438,,,false,9
,I?C?i[nlw,6,181897,,,false,9
,I?C?i[nlw,7,176728,,,false,9
,I?C?i[nlw,8,175680,,,false,9
,I?C?i[nlw,9,177147,,,false,9
,I?C?i[nzg,0,195937,,,false,9
,I?C?i[nzg,1,192096,,,false,9
,I?C?i[nzg,2,186786,,,false,9
,I?C?i[nzg,3,179941,,,false,9
,I?C?i[nzg,4,180430,,,false,9
,I?C?i[nzg,5,188464,,,false,9
,I?C?i[nzg,6,177775,,,false,9
,I?C?i[nzg,7,177496,,,false,9
,I?C?i[nzg,8,175611,,,false,9
,I?C?i[nzg,9,179382,,,false,9
,I?C?jGmbo,0,199569,,,false,9
,I?C?jGmbo,1,179033,,,false,9
,I?C?jGmbo,2,186996,,,false,9
,I?C?jGmbo,3,177566,,,false,9
,I?C?jGmbo,4,170860,,,false,9
,I?C?jGmbo,5,178335,,,false,9
,I?C?jGmbo,6,170162,,,false,9
,I?C?jGmbo,7,168694,,,false,9
,I?C?jGmbo,8,167927,,,false,9
,I?C?jGmbo,9,172257,,,false,9
,I?C@?\Tjg,0,91437,,,false,6
,I?C@?\Tjg,1,79842,,,false,6
,I?C@?\Tjg,2,83474,,,false,6
,I?C@?\Tjg,3,75651,,,false,6
,I?C@?\Tjg,4,72298,,,false,6
,I?C@?\Tjg,5,71879,,,false,6
,I?C@?\Tjg,6,72647,,,false,6
,I?C@?\Tjg,7,70900,,,false,6
,I?C@?\Tjg,8,71460,,,false,6
,I?C@?\Tjg,9,73136,,,false,6
,I?C@AKMkG,0,66499,,,false,5
,I?C@AKMkG,1,57978,,,false,5
,I?C@AKMkG,2,54765,,,false,5
,I?C@AKMkG,3,53367,,,false,5
,I?C@AKMkG,4,52041,,,false,5
,I?C@AKMkG,5,50783,,,false,5
,I?C@AKMkG,6,50853,,,false,5
,I?C@AKMkG,7,60562,,,false,5
,I?C@AKMkG,8,51482,,,false,5
,I?C@AKMkG,9,51481,,,false,5
,I?C@AKMkW,0,186019,,,false,9
,I?C@AKMkW,1,182386,,,false,9
,I?C@AKMkW,2,172816,,,false,9
,I?C@AKMkW,3,175471,,,false,9
,I?C@AKMkW,4,189372,,,false,9
,I?C@AKMkW,5,176100,,,false,9
,I?C@AKMkW,6,172397,,,false,9
,I?C@AKMkW,7,171978,,,false,9
,I?C@AKMkW,8,171489,,,false,9
,I?C@AKMkW,9,172536,,,false,9
,I?C@AKMnW,0,196217,,,false,9
,I?C@AKMnW,1,182666,,,false,9
,I?C@AKMnW,2,182036,,,false,9
,I?C@AKMnW,3,179452,,,false,9
,I?C@AKMnW,4,170790,,,false,9
,I?C@AKMnW,5,177077,,,false,9
,I?C@AKMnW,6,176867,,,false,9
,I?C@AKMnW,7,172048,,,false,9
,I?C@AKMnW,8,165901,,,false,9
,I?C@AKMnW,9,165970,,,false,9
,I?C@GXRzw,0,207184,,,false,9
,I?C@GXRzw,1,186647,,,false,9
,I?C@GXRzw,2,180989,,,false,9
,I?C@GXRzw,3,178404,,,false,9
,I?C@GXRzw,4,175750,,,false,9
,I?C@GXRzw,5,175750,,,false,9
,I?C@GXRzw,6,182805,,,false,9
,I?C@GXRzw,7,180360,,,false,9
,I?C@GXRzw,8,174702,,,false,9
,I?C@GXRzw,9,173026,,,false,9
,I?C@i^knO,0,195519,,,false,9
,I?C@i^knO,1,189511,,,false,9
,I?C@i^knO,2,175191,,,false,9
,I?C@i^knO,3,171768,,,false,9
,I?C@i^knO,4,174702,,,false,9
,I?C@i^knO,5,172886,,,false,9
,I?C@i^knO,6,178125,,,false,9
,I?C@i^knO,7,165481,,,false,9
,I?C@i^knO,8,165202,,,false,9
,I?C@i^knO,9,165272,,,false,9
,I?C@{XtzG,0,185529,,,false,9
,I?C@{XtzG,1,178544,,,false,9
,I?C@{XtzG,2,184691,,,false,9
,I?C@{XtzG,3,173794,,,false,9
,I?C@{XtzG,4,175471,,,false,9
,I?C@{XtzG,5,173305,,,false,9
,I?C@{XtzG,6,173235,,,false,9
,I?C@{XtzG,7,182875,,,false,9
,I?C@{XtzG,8,168974,,,false,9
,I?C@{XtzG,9,168694,,,false,9
,I?CA?KbbG,0,68176,,,false,6
,I?CA?KbbG,1,56790,,,false,6
,I?CA?KbbG,2,53019,,,false,6
,I?CA?KbbG,3,50853,,,false,6
,I?CA?KbbG,4,49805,,,false,6
,I?CA?KbbG,5,49246,,,false,6
,I?CA?KbbG,6,49107,,,false,6
,I?CA?KbbG,7,48967,,,false,6
,I?CA?KbbG,8,48827,,,false,6
,I?CA?KbbG,9,47430,,,false,6
,I?CAHCLnG,0,67338,,,false,7
,I?CAHCLnG,1,58747,,,false,7
,I?CAHCLnG,2,54555,,,false,7
,I?CAHCLnG,3,52250,,,false,7
,I?CAHCLnG,4,52529,,,false,7
,I?CAHCLnG,5,52110,,,false,7
,I?CAHCLnG,6,51412,,,false,7
,I?CAHCLnG,7,53018,,,false,7
,I?CAHCLnG,8,52530,,,false,7
,I?CAHCLnG,9,51551,,,false,7
,I?CAO[vxO,0,192305,,,false,9
,I?CAO[vxO,1,193492,,,false,9
,I?CAO[vxO,2,180291,,,false,9
,I?CAO[vxO,3,180360,,,false,9
,I?CAO[vxO,4,176728,,,false,9
,I?CAO[vxO,5,173025,,,false,9
,I?CAO[vxO,6,171698,,,false,9
,I?CAO[vxO,7,179802,,,false,9
,I?CAO[vxO,8,168205,,,false,9
,I?CAO[vxO,9,173934,,,false,9
,I?CAXWVlw,0,199011,,,false,9
,I?CAXWVlw,1,181338,,,false,9
,I?CAXWVlw,2,189441,,,false,9
,I?CAXWVlw,3,174353,,,false,9
,I?CAXWVlw,4,174353,,,false,9
,I?CAXWVlw,5,167297,,,false,9
,I?CAXWVlw,6,171419,,,false,9
,I?CAXWVlw,7,169813,,,false,9
,I?CAXWVlw,8,180849,,,false,9
,I?CAXWVlw,9,164433,,,false,9
,I?CAXWVzG,0,184761,,,false,9
,I?CAXWVzG,1,173934,,,false,9
,I?CAXWVzG,2,168695,,,false,9
,I?CAXWVzG,3,181827,,,false,9
,I?CAXWVzG,4,170580,,,false,9
,I?CAXWVzG,5,165482,,,false,9
,I?CAXWVzG,6,165551,,,false,9
,I?CAXWVzG,7,165342,,,false,9
,I?CAXWVzG,8,164224,,,false,9
,I?CAXWVzG,9,169533,,,false,9
,I?CCZk}zW,0,200618,,,false,9
,I?CCZk}zW,1,185110,,,false,9
,I?CCZk}zW,2,178963,,,false,9
,I?CCZk}zW,3,175959,,,false,9
,I?CCZk}zW,4,182246,,,false,9
,I?CCZk}zW,5,171419,,,false,9
,I?CCZk}zW,6,175750,,,false,9
,I?CCZk}zW,7,174283,,,false,9
,I?CCZk}zW,8,169394,,,false,9
,I?CCZk}zW,9,171349,,,false,9
,I?CGJCueo,0,205297,,,false,9
,I?CGJCueo,1,189302,,,false,9
,I?CGJCueo,2,187415,,,false,9
,I?CGJCueo,3,174772,,,false,9
,I?CGJCueo,4,173515,,,false,9
,I?CGJCueo,5,182944,,,false,9
,I?CGJCueo,6,165062,,,false,9
,I?CGJCueo,7,167577,,,false,9
,I?CGJCueo,8,171908,,,false,9
,I?CGJCueo,9,166040,,,false,9
,I?CIZYv^g,0,192794,,,false,9
,I?CIZYv^g,1,192305,,,false,9
,I?CIZYv^g,2,182107,,,false,9
,I?CIZYv^g,3,174073,,,false,9
,I?CIZYv^g,4,173515,,,false,9
,I?CIZYv^g,5,171768,,,false,9
,I?CIZYv^g,6,181827,,,false,9
,I?CIZYv^g,7,170092,,,false,9
,I?CIZYv^g,8,169183,,,false,9
,I?CIZYv^g,9,169184,,,false,9
,I?CKQgf\g,0,192375,,,false,9
,I?CKQgf\g,1,195937,,,false,9
,I?CKQgf\g,2,176588,,,false,9
,I?CKQgf\g,3,173165,,,false,9
,I?CKQgf\g,4,176029,,,false,9
,I?CKQgf\g,5,175959,,,false,9
,I?CKQgf\g,6,172676,,,false,9
,I?CKQgf\g,7,177077,,,false,9
,I?CKQgf\g,8,165691,,,false,9
,I?CKQgf\g,9,165621,,,false,9
,I?COJCmew,0,190209,,,false,9
,I?COJCmew,1,180290,,,false,9
,I?COJCmew,2,183783,,,false,9
,I?COJCmew,3,175610,,,false,9
,I?COJCmew,4,173445,,,false,9
,I?COJCmew,5,167996,,,false,9
,I?COJCmew,6,167297,,,false,9
,I?COJCmew,7,167857,,,false,9
,I?COJCmew,8,179941,,,false,9
,I?COJCmew,9,172327,,,false,9
,I?COPlMbw,0,201106,,,false,9
,I?COPlMbw,1,195379,,,false,9
,I?COPlMbw,2,184132,,,false,9
,I?COPlMbw,3,181408,,,false,9
,I?COPlMbw,4,174842,,,false,9
,I?COPlMbw,5,169533,,,false,9
,I?COPlMbw,6,172746,,,false,9
,I?COPlMbw,7,167577,,,false,9
,I?COPlMbw,8,174283,,,false,9
,I?COPlMbw,9,192305,,,false,9
,I?COPlMz_,0,190908,,,false,9
,I?COPlMz_,1,187485,,,false,9
,I?COPlMz_,2,182735,,,false,9
,I?COPlMz_,3,175889,,,false,9
,I?COPlMz_,4,184063,,,false,9
,I?COPlMz_,5,177915,,,false,9
,I?COPlMz_,6,177077,,,false,9
,I?COPlMz_,7,171978,,,false,9
,I?COPlMz_,8,171419,,,false,9
,I?COPlMz_,9,179383,,,false,9
,I?COPlN~w,0,198941,,,false,9
,I?COPlN~w,1,189791,,,false,9
,I?COPlN~w,2,188114,,,false,9
,I?COPlN~w,3,181478,,,false,9
,I?COPlN~w,4,190139,,,false,9
,I?COPlN~w,5,183713,,,false,9
,I?COPlN~w,6,179033,,,false,9
,I?COPlN~w,7,178963,,,false,9
,I?COPlN~w,8,177776,,,false,9
,I?COPlN~w,9,180081,,,false,9
,I?COQ[ubg,0,219269,,,false,9
,I?COQ[ubg,1,195168,,,false,9
,I?COQ[ubg,2,185389,,,false,9
,I?COQ[ubg,3,187346,,,false,9
,I?COQ[ubg,4,178404,,,false,9
,I?COQ[ubg,5,187206,,,false,9
,I?COQ[ubg,6,178265,,,false,9
,I?COQ[ubg,7,171419,,,false,9
,I?COQ[ubg,8,176937,,,false,9
,I?COQ[ubg,9,171349,,,false,9
,I?COQ[vzg,0,206695,,,false,9
,I?COQ[vzg,1,187345,,,false,9
,I?COQ[vzg,2,186228,,,false,9
,I?COQ[vzg,3,183644,,,false,9
,I?COQ[vzg,4,176727,,,false,9
,I?COQ[vzg,5,187416,,,false,9
,I?COQ[vzg,6,182945,,,false,9
,I?COQ[vzg,7,182176,,,false,9
,I?COQ[vzg,8,177497,,,false,9
,I?COQ[vzg,9,176519,,,false,9
,I?COQknzg,0,199221,,,false,9
,I?COQknzg,1,188323,,,false,9
,I?COQknzg,2,180151,,,false,9
,I?COQknzg,3,179382,,,false,9
,I?COQknzg,4,177496,,,false,9
,I?COQknzg,5,176658,,,false,9
,I?COQknzg,6,182735,,,false,9
,I?COQknzg,7,174982,,,false,9
,I?COQknzg,8,172187,,,false,9
,I?COQknzg,9,177426,,,false,9
,I?COS?vRo,0,37651,,,false,5
,I?COS?vRo,1,32411,,,false,5
,I?COS?vRo,2,30526,,,false,5
,I?COS?vRo,3,29618,,,false,5
,I?COS?vRo,4,30247,,,false,5
,I?COS?vRo,5,29827,,,false,5
,I?COS?vRo,6,30036,,,false,5
,I?COS?vRo,7,31014,,,false,5
,I?COS?vRo,8,39118,,,false,5
,I?COS?vRo,9,30037,,,false,5
,I?COS?vRw,0,36253,,,false,5
,I?COS?vRw,1,32202,,,false,5
,I?COS?vRw,2,30945,,,false,5
,I?COS?vRw,3,31923,,,false,5
,I?COS?vRw,4,31014,,,false,5
,I?COS?vRw,5,30526,,,false,5
,I?COS?vRw,6,31504,,,false,5
,I?COS?vRw,7,31503,,,false,5
,I?COS?vRw,8,30107,,,false,5
,I?COS?vRw,9,31015,,,false,5
,I?COSlNJw,0,199709,,,false,9
,I?COSlNJw,1,193004,,,false,9
,I?COSlNJw,2,189372,,,false,9
,I?COSlNJw,3,181198,,,false,9
,I?COSlNJw,4,184551,,,false,9
,I?COSlNJw,5,173096,,,false,9
,I?COSlNJw,6,181477,,,false,9
,I?COSlNJw,7,178683,,,false,9
,I?COSlNJw,8,189162,,,false,9
,I?COSlNJw,9,185110,,,false,9
,I?COVKuRg,0,204599,,,false,9
,I?COVKuRg,1,191117,,,false,9
,I?COVKuRg,2,185459,,,false,9
,I?COVKuRg,3,183154,,,false,9
,I?COVKuRg,4,172327,,,false,9
,I?COVKuRg,5,181757,,,false,9
,I?COVKuRg,6,169742,,,false,9
,I?COVKuRg,7,169533,,,false,9
,I?COVKuRg,8,187485,,,false,9
,I?COVKuRg,9,178894,,,false,9
,I?CQH\mmo,0,202434,,,false,9
,I?CQH\mmo,1,182456,,,false,9
,I?CQH\mmo,2,180709,,,false,9
,I?CQH\mmo,3,185599,,,false,9
,I?CQH\mmo,4,165691,,,false,9
,I?CQH\mmo,5,164154,,,false,9
,I?CQH\mmo,6,173305,,,false,9
,I?CQH\mmo,7,168205,,,false,9
,I?CQH\mmo,8,162967,,,false,9
,I?CQH\mmo,9,185250,,,false,9
,I?CS@LNZo,0,207464,,,false,9
,I?CS@LNZo,1,195169,,,false,9
,I?CS@LNZo,2,184621,,,false,9
,I?CS@LNZo,3,181478,,,false,9
,I?CS@LNZo,4,186158,,,false,9
,I?CS@LNZo,5,175960,,,false,9
,I?CS@LNZo,6,171209,,,false,9
,I?CS@LNZo,7,200408,,,false,9
,I?CS@LNZo,8,177776,,,false,9
,I?CS@LNZo,9,185529,,,false,9
,I?C_AcNj_,0,86967,,,false,7
,I?C_AcNj_,1,76908,,,false,7
,I?C_AcNj_,2,73765,,,false,7
,I?C_AcNj_,3,70411,,,false,7
,I?C_AcNj_,4,69644,,,false,7
,I?C_AcNj_,5,70481,,,false,7
,I?C_AcNj_,6,68735,,,false,7
,I?C_AcNj_,7,68316,,,false,7
,I?C_AcNj_,8,69085,,,false,7
,I?C_AcNj_,9,68176,,,false,7
,I?C_GTPw_,0,36673,,,false,5
,I?C_GTPw_,1,30106,,,false,5
,I?C_GTPw_,2,28081,,,false,5
,I?C_GTPw_,3,27243,,,false,5
,I?C_GTPw_,4,33879,,,false,5
,I?C_GTPw_,5,25706,,,false,5
,I?C_GTPw_,6,25217,,,false,5
,I?C_GTPw_,7,25147,,,false,5
,I?C_GTPw_,8,25147,,,false,5
,I?C_GTPw_,9,24868,,,false,5
,I?C_GdHbw,0,43797,,,false,6
,I?C_GdHbw,1,35765,,,false,6
,I?C_GdHbw,2,33948,,,false,6
,I?C_GdHbw,3,32482,,,false,6
,I?C_GdHbw,4,32691,,,false,6
,I?C_GdHbw,5,32342,,,false,6
,I?C_GdHbw,6,32901,,,false,6
,I?C_GdHbw,7,32482,,,false,6
,I?C_GdHbw,8,31992,,,false,6
,I?C_GdHbw,9,32412,,,false,6
,I?C_GdJbO,0,79842,,,false,6
,I?C_GdJbO,1,72368,,,false,6
,I?C_GdJbO,2,69224,,,false,6
,I?C_GdJbO,3,68665,,,false,6
,I?C_GdJbO,4,69015,,,false,6
,I?C_GdJbO,5,77327,,,false,6
,I?C_GdJbO,6,68177,,,false,6
,I?C_GdJbO,7,67897,,,false,6
,I?C_GdJbO,8,68176,,,false,6
,I?C_GdJbO,9,68247,,,false,6
,I?C_i\mmo,0,190349,,,false,9
,I?C_i\mmo,1,181338,,,false,9
,I?C_i\mmo,2,168486,,,false,9
,I?C_i\mmo,3,176239,,,false,9
,I?C_i\mmo,4,163177,,,false,9
,I?C_i\mmo,5,160801,,,false,9
,I?C_i\mmo,6,169323,,,false,9
,I?C_i\mmo,7,171838,,,false,9
,I?C_i\mmo,8,159893,,,false,9
,I?C_i\mmo,9,172886,,,false,9
,I?C_i\m|o,0,190908,,,false,9
,I?C_i\m|o,1,187415,,,false,9
,I?C_i\m|o,2,176798,,,false,9
,I?C_i\m|o,3,174562,,,false,9
,I?C_i\m|o,4,186368,,,false,9
,I?C_i\m|o,5,170860,,,false,9
,I?C_i\m|o,6,167996,,,false,9
,I?C_i\m|o,7,166389,,,false,9
,I?C_i\m|o,8,169603,,,false,9
,I?C_i\m|o,9,165132,,,false,9
,I?C_kHJYo,0,202503,,,false,9
,I?C_kHJYo,1,187485,,,false,9
,I?C_kHJYo,2,179801,,,false,9
,I?C_kHJYo,3,177146,,,false,9
,I?C_kHJYo,4,170581,,,false,9
,I?C_kHJYo,5,179592,,,false,9
,I?C_kHJYo,6,169184,,,false,9
,I?C_kHJYo,7,168346,,,false,9
,I?C_kHJYo,8,170790,,,false,9
,I?C_kHJYo,9,171419,,,false,9
,I?CaIgjfw,0,186996,,,false,9
,I?CaIgjfw,1,182176,,,false,9
,I?CaIgjfw,2,166390,,,false,9
,I?CaIgjfw,3,163805,,,false,9
,I?CaIgjfw,4,161570,,,false,9
,I?CaIgjfw,5,159823,,,false,9
,I?CaIgjfw,6,168695,,,false,9
,I?CaIgjfw,7,161011,,,false,9
,I?CaIgjfw,8,158287,,,false,9
,I?CaIgjfw,9,158217,,,false,9
,I?CcH`JRo,0,188533,,,false,9
,I?CcH`JRo,1,177078,,,false,9
,I?CcH`JRo,2,183155,,,false,9
,I?CcH`JRo,3,170371,,,false,9
,I?CcH`JRo,4,169114,,,false,9
,I?CcH`JRo,5,167297,,,false,9
,I?CcH`JRo,6,166669,,,false,9
,I?CcH`JRo,7,166040,,,false,9
,I?CcH`JRo,8,168276,,,false,9
,I?CcH`JRo,9,157658,,,false,9
,I?CgaKj{w,0,185250,,,false,9
,I?CgaKj{w,1,174772,,,false,9
,I?CgaKj{w,2,169254,,,false,9
,I?CgaKj{w,3,178055,,,false,9
,I?CgaKj{w,4,167018,,,false,9
,I?CgaKj{w,5,166110,,,false,9
,I?CgaKj{w,6,163945,,,false,9
,I?CgaKj{w,7,163037,,,false,9
,I?CgaKj{w,8,162967,,,false,9
,I?CgaKj{w,9,175052,,,false,9
,I?D??cjh_,0,52041,,,false,6
,I?D??cjh_,1,43239,,,false,6
,I?D??cjh_,2,39886,,,false,6
,I?D??cjh_,3,39397,,,false,6
,I?D??cjh_,4,38978,,,false,6
,I?D??cjh_,5,39188,,,false,6
,I?D??cjh_,6,39117,,,false,6
,I?D??cjh_,7,38070,,,false,6
,I?D??cjh_,8,38210,,,false,6
,I?D??cjh_,9,38419,,,false,6
,I?DB@aLbo,0,182595,,,false,9
,I?DB@aLbo,1,167996,,,false,9
,I?DB@aLbo,2,177007,,,false,9
,I?DB@aLbo,3,164713,,,false,9
,I?DB@aLbo,4,162687,,,false,9
,I?DB@aLbo,5,162059,,,false,9
,I?DB@aLbo,6,162198,,,false,9
,I?DB@aLbo,7,161780,,,false,9
,I?DB@aLbo,8,166739,,,false,9
,I?DB@aLbo,9,155353,,,false,9
,I?DOX]r]w,0,191327,,,false,9
,I?DOX]r]w,1,187275,,,false,9
,I?DOX]r]w,2,176868,,,false,9
,I?DOX]r]w,3,185669,,,false,9
,I?DOX]r]w,4,175261,,,false,9
,I?DOX]r]w,5,174423,,,false,9
,I?DOX]r]w,6,172816,,,false,9
,I?DOX]r]w,7,176938,,,false,9
,I?DOX]r]w,8,176309,,,false,9
,I?DOX]r]w,9,179102,,,false,9
,I?DPXxZfw,0,184831,,,false,9
,I?DPXxZfw,1,175051,,,false,9
,I?DPXxZfw,2,175191,,,false,9
,I?DPXxZfw,3,172955,,,false,9
,I?DPXxZfw,4,175261,,,false,9
,I?DPXxZfw,5,168346,,,false,9
,I?DPXxZfw,6,167927,,,false,9
,I?DPXxZfw,7,167018,,,false,9
,I?DPXxZfw,8,167088,,,false,9
,I?DPXxZfw,9,167228,,,false,9
,I?DPXxZ~_,0,189441,,,false,9
,I?DPXxZ~_,1,172466,,,false,9
,I?DPXxZ~_,2,170162,,,false,9
,I?DPXxZ~_,3,166040,,,false,9
,I?DPXxZ~_,4,169743,,,false,9
,I?DPXxZ~_,5,177705,,,false,9
,I?DPXxZ~_,6,169463,,,false,9
,I?DPXxZ~_,7,168695,,,false,9
,I?DPXxZ~_,8,168066,,,false,9
,I?DPXxZ~_,9,168066,,,false,9
,I?D__Kjao,0,96886,,,false,6
,I?D__Kjao,1,83683,,,false,6
,I?D__Kjao,2,87805,,,false,6
,I?D__Kjao,3,76000,,,false,6
,I?D__Kjao,4,76628,,,false,6
,I?D__Kjao,5,74743,,,false,6
,I?D__Kjao,6,73835,,,false,6
,I?D__Kjao,7,73416,,,false,6
,I?D__Kjao,8,74953,,,false,6
,I?D__Kjao,9,73834,,,false,6
,I?E@`xm^_,0,184761,,,false,9
,I?E@`xm^_,1,173724,,,false,9
,I?E@`xm^_,2,176239,,,false,9
,I?E@`xm^_,3,164643,,,false,9
,I?E@`xm^_,4,162757,,,false,9
,I?E@`xm^_,5,161291,,,false,9
,I?E@`xm^_,6,159963,,,false,9
,I?E@`xm^_,7,164084,,,false,9
,I?E@`xm^_,8,178684,,,false,9
,I?E@`xm^_,9,167367,,,false,9
,I?EA?kmJo,0,55882,,,false,7
,I?EA?kmJo,1,48757,,,false,7
,I?EA?kmJo,2,46591,,,false,7
,I?EA?kmJo,3,47081,,,false,7
,I?EA?kmJo,4,46033,,,false,7
,I?EA?kmJo,5,46313,,,false,7
,I?EA?kmJo,6,46242,,,false,7
,I?EA?kmJo,7,45684,,,false,7
,I?EA?kmJo,8,46662,,,false,7
,I?EA?kmJo,9,45545,,,false,7
,I?EGGlJIw,0,207743,,,false,9
,I?EGGlJIw,1,186507,,,false,9
,I?EGGlJIw,2,179801,,,false,9
,I?EGGlJIw,3,172397,,,false,9
,I?EGGlJIw,4,175400,,,false,9
,I?EGGlJIw,5,182805,,,false,9
,I?EGGlJIw,6,173096,,,false,9
,I?EGGlJIw,7,171628,,,false,9
,I?EGGlJIw,8,171419,,,false,9
,I?EGGlJIw,9,170302,,,false,9
,I?EqYonkw,0,179243,,,false,9
,I?EqYonkw,1,181548,,,false,9
,I?EqYonkw,2,167717,,,false,9
,I?EqYonkw,3,164923,,,false,9
,I?EqYonkw,4,161919,,,false,9
,I?EqYonkw,5,161779,,,false,9
,I?EqYonkw,6,163106,,,false,9
,I?EqYonkw,7,167018,,,false,9
,I?EqYonkw,8,154445,,,false,9
,I?EqYonkw,9,154514,,,false,9
,I?G?WdDlw,0,81658,,,false,6
,I?G?WdDlw,1,70621,,,false,6
,I?G?WdDlw,2,66291,,,false,6
,I?G?WdDlw,3,65732,,,false,6
,I?G?WdDlw,4,64614,,,false,6
,I?G?WdDlw,5,63007,,,false,6
,I?G?WdDlw,6,62938,,,false,6
,I?G?WdDlw,7,72297,,,false,6
,I?G?WdDlw,8,64335,,,false,6
,I?G?WdDlw,9,64754,,,false,6
,I?G?_\Uho,0,78724,,,false,6
,I?G?_\Uho,1,70482,,,false,6
,I?G?_\Uho,2,66709,,,false,6
,I?G?_\Uho,3,65732,,,false,6
,I?G?_\Uho,4,65242,,,false,6
,I?G?_\Uho,5,65033,,,false,6
,I?G?_\Uho,6,64405,,,false,6
,I?G?_\Uho,7,64894,,,false,6
,I?G?_\Uho,8,64684,,,false,6
,I?G?_\Uho,9,63775,,,false,6
,I?G@Ig]eo,0,208022,,,false,9
,I?G@Ig]eo,1,187415,,,false,9
,I?G@Ig]eo,2,181059,,,false,9
,I?G@Ig]eo,3,177636,,,false,9
,I?G@Ig]eo,4,176727,,,false,9
,I?G@Ig]eo,5,180500,,,false,9
,I?G@Ig]eo,6,167088,,,false,9
,I?G@Ig]eo,7,166530,,,false,9
,I?G@Ig]eo,8,166250,,,false,9
,I?G@Ig]eo,9,164574,,,false,9
,I?GAGcLlW,0,66779,,,false,7
,I?GAGcLlW,1,58676,,,false,7
,I?GAGcLlW,2,54974,,,false,7
,I?GAGcLlW,3,63008,,,false,7
,I?GAGcLlW,4,53926,,,false,7
,I?GAGcLlW,5,53019,,,false,7
,I?GAGcLlW,6,53367,,,false,7
,I?GAGcLlW,7,52249,,,false,7
,I?GAGcLlW,8,52390,,,false,7
,I?GAGcLlW,9,52948,,,false,7
,I?GG_LPxw,0,46732,,,false,6
,I?GG_LPxw,1,40375,,,false,6
,I?GG_LPxw,2,37721,,,false,6
,I?GG_LPxw,3,37092,,,false,6
,I?GG_LPxw,4,37301,,,false,6
,I?GG_LPxw,5,36673,,,false,6
,I?GG_LPxw,6,37092,,,false,6
,I?GG_LPxw,7,37161,,,false,6
,I?GG_LPxw,8,37022,,,false,6
,I?GG_LPxw,9,37162,,,false,6
,I?GG_NPXg,0,45265,,,false,6
,I?GG_NPXg,1,38768,,,false,6
,I?GG_NPXg,2,37651,,,false,6
,I?GG_NPXg,3,46801,,,false,6
,I?GG_NPXg,4,37302,,,false,6
,I?GG_NPXg,5,36673,,,false,6
,I?GG_NPXg,6,36673,,,false,6
,I?GG_NPXg,7,36813,,,false,6
,I?GG_NPXg,8,36324,,,false,6
,I?GG_NPXg,9,36463,,,false,6
,I?GGa_Fzg,0,73835,,,false,6
,I?GGa_Fzg,1,65382,,,false,6
,I?GGa_Fzg,2,62937,,,false,6
,I?GGa_Fzg,3,61261,,,false,6
,I?GGa_Fzg,4,60982,,,false,6
,I?GGa_Fzg,5,60493,,,false,6
,I?GGa_Fzg,6,59584,,,false,6
,I?GGa_Fzg,7,60073,,,false,6
,I?GGa_Fzg,8,60074,,,false,6
,I?GGa_Fzg,9,60562,,,false,6
,I?GGznuno,0,207254,,,false,9
,I?GGznuno,1,182316,,,false,9
,I?GGznuno,2,177286,,,false,9
,I?GGznuno,3,174562,,,false,9
,I?GGznuno,4,173654,,,false,9
,I?GGznuno,5,184900,,,false,9
,I?GGznuno,6,173794,,,false,9
,I?GGznuno,7,176658,,,false,9
,I?GGznuno,8,172956,,,false,9
,I?GGznuno,9,172327,,,false,9
,I?GO?\I`g,0,73555,,,false,7
,I?GO?\I`g,1,72158,,,false,7
,I?GO?\I`g,2,61121,,,false,7
,I?GO?\I`g,3,58188,,,false,7
,I?GO?\I`g,4,59165,,,false,7
,I?GO?\I`g,5,57629,,,false,7
,I?GO?\I`g,6,57629,,,false,7
,I?GO?\I`g,7,57628,,,false,7
,I?GO?\I`g,8,59236,,,false,7
,I?GO?\I`g,9,58676,,,false,7
,I?GOY?rbW,0,193073,,,false,9
,I?GOY?rbW,1,179452,,,false,9
,I?GOY?rbW,2,177705,,,false,9
,I?GOY?rbW,3,163177,,,false,9
,I?GOY?rbW,4,157448,,,false,9
,I?GOY?rbW,5,156610,,,false,9
,I?GOY?rbW,6,156331,,,false,9
,I?GOY?rbW,7,154445,,,false,9
,I?GOY?rbW,8,166110,,,false,9
,I?GOY?rbW,9,159823,,,false,9
,I?GPb]]~_,0,189092,,,false,9
,I?GPb]]~_,1,181897,,,false,9
,I?GPb]]~_,2,177287,,,false,9
,I?GPb]]~_,3,177845,,,false,9
,I?GPb]]~_,4,165202,,,false,9
,I?GPb]]~_,5,164364,,,false,9
,I?GPb]]~_,6,163107,,,false,9
,I?GPb]]~_,7,162757,,,false,9
,I?GPb]]~_,8,162757,,,false,9
,I?GPb]]~_,9,173375,,,false,9
,I?GW^dylg,0,190978,,,false,9
,I?GW^dylg,1,175750,,,false,9
,I?GW^dylg,2,172117,,,false,9
,I?GW^dylg,3,170022,,,false,9
,I?GW^dylg,4,169184,,,false,9
,I?GW^dylg,5,172746,,,false,9
,I?GW^dylg,6,164574,,,false,9
,I?GW^dylg,7,164643,,,false,9
,I?GW^dylg,8,164573,,,false,9
,I?GW^dylg,9,163735,,,false,9
,I?GWaCeaW,0,62937,,,false,6
,I?GWaCeaW,1,54276,,,false,6
,I?GWaCeaW,2,58886,,,false,6
,I?GWaCeaW,3,50154,,,false,6
,I?GWaCeaW,4,49666,,,false,6
,I?GWaCeaW,5,49036,,,false,6
,I?GWaCeaW,6,49596,,,false,6
,I?GWaCeaW,7,48827,,,false,6
,I?GWaCeaW,8,48967,,,false,6
,I?GWaCeaW,9,48757,,,false,6
,I?GX?uFPw,0,190908,,,false,9
,I?GX?uFPw,1,180360,,,false,9
,I?GX?uFPw,2,173095,,,false,9
,I?GX?uFPw,3,179871,,,false,9
,I?GX?uFPw,4,169882,,,false,9
,I?GX?uFPw,5,167507,,,false,9
,I?GX?uFPw,6,167507,,,false,9
,I?GX?uFPw,7,166111,,,false,9
,I?GX?uFPw,8,173654,,,false,9
,I?GX?uFPw,9,169603,,,false,9
,I?G_k`JRo,0,98772,,,false,7
,I?G_k`JRo,1,89272,,,false,7
,I?G_k`JRo,2,84941,,,false,7
,I?G_k`JRo,3,82636,,,false,7
,I?G_k`JRo,4,82008,,,false,7
,I?G_k`JRo,5,82007,,,false,7
,I?G_k`JRo,6,81169,,,false,7
,I?G_k`JRo,7,81029,,,false,7
,I?G_k`JRo,8,90180,,,false,7
,I?G_k`JRo,9,80750,,,false,7
,I?G_qK\v_,0,193981,,,false,9
,I?G_qK\v_,1,178964,,,false,9
,I?G_qK\v_,2,173655,,,false,9
,I?G_qK\v_,3,170790,,,false,9
,I?G_qK\v_,4,181687,,,false,9
,I?G_qK\v_,5,174493,,,false,9
,I?G_qK\v_,6,168345,,,false,9
,I?G_qK\v_,7,167507,,,false,9
,I?G_qK\v_,8,171279,,,false,9
,I?G_qK\v_,9,170861,,,false,9
,I?Gpqx]vo,0,199919,,,false,9
,I?Gpqx]vo,1,179313,,,false,9
,I?Gpqx]vo,2,173933,,,false,9
,I?Gpqx]vo,3,177286,,,false,9
,I?Gpqx]vo,4,175052,,,false,9
,I?Gpqx]vo,5,177635,,,false,9
,I?Gpqx]vo,6,170861,,,false,9
,I?Gpqx]vo,7,165760,,,false,9
,I?Gpqx]vo,8,165342,,,false,9
,I?Gpqx]vo,9,165272,,,false,9
,I?H?OiBDg,0,59026,,,false,7
,I?H?OiBDg,1,49874,,,false,7
,I?H?OiBDg,2,45684,,,false,7
,I?H?OiBDg,3,44776,,,false,7
,I?H?OiBDg,4,53088,,,false,7
,I?H?OiBDg,5,43658,,,false,7
,I?H?OiBDg,6,44217,,,false,7
,I?H?OiBDg,7,43798,,,false,7
,I?H?OiBDg,8,44985,,,false,7
,I?H?OiBDg,9,43798,,,false,7
,I?HBg~x~O,0,192235,,,false,9
,I?HBg~x~O,1,180919,,,false,9
,I?HBg~x~O,2,172047,,,false,9
,I?HBg~x~O,3,182246,,,false,9
,I?HBg~x~O,4,167577,,,false,9
,I?HBg~x~O,5,167438,,,false,9
,I?HBg~x~O,6,167368,,,false,9
,I?HBg~x~O,7,166180,,,false,9
,I?HBg~x~O,8,165831,,,false,9
,I?HBg~x~O,9,174842,,,false,9
,I?HOGSrew,0,85220,,,false,7
,I?HOGSrew,1,74184,,,false,7
,I?HOGSrew,2,69573,,,false,7
,I?HOGSrew,3,67687,,,false,7
,I?HOGSrew,4,66640,,,false,7
,I?HOGSrew,5,65871,,,false,7
,I?HOGSrew,6,66360,,,false,7
,I?HOGSrew,7,65871,,,false,7
,I?HOGSrew,8,66011,,,false,7
,I?HOGSrew,9,65801,,,false,7
,I?HOGSrfw,0,208511,,,false,9
,I?HOGSrfw,1,199081,,,false,9
,I?HOGSrfw,2,188882,,,false,9
,I?HOGSrfw,3,190698,,,false,9
,I?HOGSrfw,4,189511,,,false,9
,I?HOGSrfw,5,193073,,,false,9
,I?HOGSrfw,6,179592,,,false,9
,I?HOGSrfw,7,182805,,,false,9
,I?HOGSrfw,8,181548,,,false,9
,I?HOGSrfw,9,186577,,,false,9
,I?I@ph\Vo,0,216963,,,false,9
,I?I@ph\Vo,1,197544,,,false,9
,I?I@ph\Vo,2,188533,,,false,9
,I?I@ph\Vo,3,184621,,,false,9
,I?I@ph\Vo,4,182386,,,false,9
,I?I@ph\Vo,5,197963,,,false,9
,I?I@ph\Vo,6,186647,,,false,9
,I?I@ph\Vo,7,185599,,,false,9
,I?I@ph\Vo,8,182875,,,false,9
,I?I@ph\Vo,9,180500,,,false,9
,I?IZryv}W,0,246581,,,false,9
,I?IZryv}W,1,184691,,,false,9
,I?IZryv}W,2,178893,,,false,9
,I?IZryv}W,3,176728,,,false,9
,I?IZryv}W,4,175750,,,false,9
,I?IZryv}W,5,175959,,,false,9
,I?IZryv}W,6,184761,,,false,9
,I?IZryv}W,7,170860,,,false,9
,I?IZryv}W,8,167018,,,false,9
,I?IZryv}W,9,166949,,,false,9
,I?KKAKV\g,0,199221,,,false,9
,I?KKAKV\g,1,192305,,,false,9
,I?KKAKV\g,2,180709,,,false,9
,I?KKAKV\g,3,175331,,,false,9
,I?KKAKV\g,4,170790,,,false,9
,I?KKAKV\g,5,172816,,,false,9
,I?KKAKV\g,6,175400,,,false,9
,I?KKAKV\g,7,167996,,,false,9
,I?KKAKV\g,8,168206,,,false,9
,I?KKAKV\g,9,168066,,,false,9
,I?KQCKM[W,0,192724,,,false,9
,I?KQCKM[W,1,183434,,,false,9
,I?KQCKM[W,2,177007,,,false,9
,I?KQCKM[W,3,164224,,,false,9
,I?KQCKM[W,4,163036,,,false,9
,I?KQCKM[W,5,165412,,,false,9
,I?KQCKM[W,6,167508,,,false,9
,I?KQCKM[W,7,158846,,,false,9
,I?KQCKM[W,8,170231,,,false,9
,I?KQCKM[W,9,161291,,,false,9
,I?LF?kN[W,0,180081,,,false,9
,I?LF?kN[W,1,174772,,,false,9
,I?LF?kN[W,2,167926,,,false,9
,I?LF?kN[W,3,175051,,,false,9
,I?LF?kN[W,4,163106,,,false,9
,I?LF?kN[W,5,160801,,,false,9
,I?LF?kN[W,6,158915,,,false,9
,I?LF?kN[W,7,158427,,,false,9
,I?LF?kN[W,8,159893,,,false,9
,I?LF?kN[W,9,167717,,,false,9
,I?OH?_F`o,0,73345,,,false,7
,I?OH?_F`o,1,63426,,,false,7
,I?OH?_F`o,2,60004,,,false,7
,I?OH?_F`o,3,59095,,,false,7
,I?OH?_F`o,4,58187,,,false,7
,I?OH?_F`o,5,57768,,,false,7
,I?OH?_F`o,6,57349,,,false,7
,I?OH?_F`o,7,57699,,,false,7
,I?OH?_F`o,8,56650,,,false,7
,I?OH?_F`o,9,57628,,,false,7
,I?OKbMuNo,0,185040,,,false,9
,I?OKbMuNo,1,184062,,,false,9
,I?OKbMuNo,2,176798,,,false,9
,I?OKbMuNo,3,170790,,,false,9
,I?OKbMuNo,4,168415,,,false,9
,I?OKbMuNo,5,166111,,,false,9
,I?OKbMuNo,6,164713,,,false,9
,I?OKbMuNo,7,170650,,,false,9
,I?OKbMuNo,8,157449,,,false,9
,I?OKbMuNo,9,156820,,,false,9
,I?OPYK|fw,0,201665,,,false,9
,I?OPYK|fw,1,190838,,,false,9
,I?OPYK|fw,2,201386,,,false,9
,I?OPYK|fw,3,176308,,,false,9
,I?OPYK|fw,4,183155,,,false,9
,I?OPYK|fw,5,176658,,,false,9
,I?OPYK|fw,6,170790,,,false,9
,I?OPYK|fw,7,178334,,,false,9
,I?OPYK|fw,8,181408,,,false,9
,I?OPYK|fw,9,175890,,,false,9
,I?OS?oeHo,0,63427,,,false,7
,I?OS?oeHo,1,53297,,,false,7
,I?OS?oeHo,2,50434,,,false,7
,I?OS?oeHo,3,47919,,,false,7
,I?OS?oeHo,4,48478,,,false,7
,I?OS?oeHo,5,48268,,,false,7
,I?OS?oeHo,6,47780,,,false,7
,I?OS?oeHo,7,47989,,,false,7
,I?OS?oeHo,8,47011,,,false,7
,I?OS?oeHo,9,47989,,,false,7
,I?OXpxVng,0,194191,,,false,9
,I?OXpxVng,1,170860,,,false,9
,I?OXpxVng,2,165901,,,false,9
,I?OXpxVng,3,163665,,,false,9
,I?OXpxVng,4,162268,,,false,9
,I?OXpxVng,5,170301,,,false,9
,I?OXpxVng,6,160872,,,false,9
,I?OXpxVng,7,160731,,,false,9
,I?OXpxVng,8,160592,,,false,9
,I?OXpxVng,9,159823,,,false,9
,I?O_gxbfg,0,186647,,,false,9
,I?O_gxbfg,1,180360,,,false,9
,I?O_gxbfg,2,172816,,,false,9
,I?O_gxbfg,3,168276,,,false,9
,I?O_gxbfg,4,165970,,,false,9
,I?O_gxbfg,5,164294,,,false,9
,I?O_gxbfg,6,164993,,,false,9
,I?O_gxbfg,7,169533,,,false,9
,I?O_gxbfg,8,162408,,,false,9
,I?O_gxbfg,9,162059,,,false,9
,I?O_yK|kw,0,192166,,,false,9
,I?O_yK|kw,1,182386,,,false,9
,I?O_yK|kw,2,186018,,,false,9
,I?O_yK|kw,3,168904,,,false,9
,I?O_yK|kw,4,164155,,,false,9
,I?O_yK|kw,5,162758,,,false,9
,I?O_yK|kw,6,166319,,,false,9
,I?O_yK|kw,7,165552,,,false,9
,I?O_yK|kw,8,170371,,,false,9
,I?O_yK|kw,9,173165,,,false,9
,I?Oa_}{n_,0,188463,,,false,9
,I?Oa_}{n_,1,178544,,,false,9
,I?Oa_}{n_,2,174004,,,false,9
,I?Oa_}{n_,3,180779,,,false,9
,I?Oa_}{n_,4,168276,,,false,9
,I?Oa_}{n_,5,165830,,,false,9
,I?Oa_}{n_,6,164644,,,false,9
,I?Oa_}{n_,7,163246,,,false,9
,I?Oa_}{n_,8,162967,,,false,9
,I?Oa_}{n_,9,171279,,,false,9
,I?Oaju}no,0,193702,,,false,9
,I?Oaju}no,1,183573,,,false,9
,I?Oaju}no,2,174842,,,false,9
,I?Oaju}no,3,172467,,,false,9
,I?Oaju}no,4,172327,,,false,9
,I?Oaju}no,5,179312,,,false,9
,I?Oaju}no,6,171768,,,false,9
,I?Oaju}no,7,171209,,,false,9
,I?Oaju}no,8,170860,,,false,9
,I?Oaju}no,9,171000,,,false,9
,I?Ogz~}~o,0,198731,,,false,9
,I?Ogz~}~o,1,184761,,,false,9
,I?Ogz~}~o,2,175191,,,false,9
,I?Ogz~}~o,3,175051,,,false,9
,I?Ogz~}~o,4,174004,,,false,9
,I?Ogz~}~o,5,171209,,,false,9
,I?Ogz~}~o,6,172676,,,false,9
,I?Ogz~}~o,7,170232,,,false,9
,I?Ogz~}~o,8,168485,,,false,9
,I?Ogz~}~o,9,170511,,,false,9
,I?OwpufTw,0,193213,,,false,9
,I?OwpufTw,1,189301,,,false,9
,I?OwpufTw,2,175960,,,false,9
,I?OwpufTw,3,174423,,,false,9
,I?OwpufTw,4,171629,,,false,9
,I?OwpufTw,5,171349,,,false,9
,I?OwpufTw,6,180151,,,false,9
,I?OwpufTw,7,170651,,,false,9
,I?OwpufTw,8,168066,,,false,9
,I?OwpufTw,9,168555,,,false,9
,I?Pb`}]}W,0,184621,,,false,9
,I?Pb`}]}W,1,176937,,,false,9
,I?Pb`}]}W,2,181199,,,false,9
,I?Pb`}]}W,3,167926,,,false,9
,I?Pb`}]}W,4,166599,,,false,9
,I?Pb`}]}W,5,165132,,,false,9
,I?Pb`}]}W,6,166599,,,false,9
,I?Pb`}]}W,7,165621,,,false,9
,I?Pb`}]}W,8,173934,,,false,9
,I?Pb`}]}W,9,165621,,,false,9
,I?SDHlsbW,0,187415,,,false,9
,I?SDHlsbW,1,171768,,,false,9
,I?SDHlsbW,2,166739,,,false,9
,I?SDHlsbW,3,171069,,,false,9
,I?SDHlsbW,4,160592,,,false,9
,I?SDHlsbW,5,158287,,,false,9
,I?SDHlsbW,6,160941,,,false,9
,I?SDHlsbW,7,164154,,,false,9
,I?SDHlsbW,8,159824,,,false,9
,I?SDHlsbW,9,167857,,,false,9
,I?SGh\vnw,0,208162,,,false,9
,I?SGh\vnw,1,195937,,,false,9
,I?SGh\vnw,2,191607,,,false,9
,I?SGh\vnw,3,187555,,,false,9
,I?SGh\vnw,4,212702,,,false,9
,I?SGh\vnw,5,183853,,,false,9
,I?SGh\vnw,6,179731,,,false,9
,I?SGh\vnw,7,173794,,,false,9
,I?SGh\vnw,8,173655,,,false,9
,I?SGh\vnw,9,182665,,,false,9
,I?SOX]u\o,0,193981,,,false,9
,I?SOX]u\o,1,185250,,,false,9
,I?SOX]u\o,2,179871,,,false,9
,I?SOX]u\o,3,176588,,,false,9
,I?SOX]u\o,4,175122,,,false,9
,I?SOX]u\o,5,183713,,,false,9
,I?SOX]u\o,6,179662,,,false,9
,I?SOX]u\o,7,173584,,,false,9
,I?SOX]u\o,8,167996,,,false,9
,I?SOX]u\o,9,167438,,,false,9
,I?SjSnt\o,0,189092,,,false,9
,I?SjSnt\o,1,184272,,,false,9
,I?SjSnt\o,2,177286,,,false,9
,I?SjSnt\o,3,170162,,,false,9
,I?SjSnt\o,4,168555,,,false,9
,I?SjSnt\o,5,167997,,,false,9
,I?SjSnt\o,6,167018,,,false,9
,I?SjSnt\o,7,160801,,,false,9
,I?SjSnt\o,8,161151,,,false,9
,I?SjSnt\o,9,164504,,,false,9
,I?StACLkW,0,179103,,,false,9
,I?StACLkW,1,178405,,,false,9
,I?StACLkW,2,163666,,,false,9
,I?StACLkW,3,163665,,,false,9
,I?StACLkW,4,163386,,,false,9
,I?StACLkW,5,156959,,,false,9
,I?StACLkW,6,157938,,,false,9
,I?StACLkW,7,165133,,,false,9
,I?StACLkW,8,163595,,,false,9
,I?StACLkW,9,161360,,,false,9
,I?WIG}v\o,0,199150,,,false,9
,I?WIG}v\o,1,191257,,,false,9
,I?WIG}v\o,2,191816,,,false,9
,I?WIG}v\o,3,184622,,,false,9
,I?WIG}v\o,4,177496,,,false,9
,I?WIG}v\o,5,175750,,,false,9
,I?WIG}v\o,6,177147,,,false,9
,I?WIG}v\o,7,180220,,,false,9
,I?WIG}v\o,8,185250,,,false,9
,I?WIG}v\o,9,174213,,,false,9
,I?_?GctQw,0,37301,,,false,6
,I?_?GctQw,1,29618,,,false,6
,I?_?GctQw,2,27242,,,false,6
,I?_?GctQw,3,27522,,,false,6
,I?_?GctQw,4,26474,,,false,6
,I?_?GctQw,5,26195,,,false,6
,I?_?GctQw,6,26683,,,false,6
,I?_?GctQw,7,26684,,,false,6
,I?_?GctQw,8,26195,,,false,6
,I?_?GctQw,9,27243,,,false,6
,I?_?iwn^g,0,215077,,,false,9
,I?_?iwn^g,1,210047,,,false,9
,I?_?iwn^g,2,192305,,,false,9
,I?_?iwn^g,3,193143,,,false,9
,I?_?iwn^g,4,191816,,,false,9
,I?_?iwn^g,5,186857,,,false,9
,I?_?iwn^g,6,193772,,,false,9
,I?_?iwn^g,7,185948,,,false,9
,I?_?iwn^g,8,180430,,,false,9
,I?_?iwn^g,9,179522,,,false,9
,I?_@GhBNG,0,89621,,,false,6
,I?_@GhBNG,1,81448,,,false,6
,I?_@GhBNG,2,76769,,,false,6
,I?_@GhBNG,3,74254,,,false,6
,I?_@GhBNG,4,73625,,,false,6
,I?_@GhBNG,5,72158,,,false,6
,I?_@GhBNG,6,71949,,,false,6
,I?_@GhBNG,7,71600,,,false,6
,I?_@GhBNG,8,72577,,,false,6
,I?_@GhBNG,9,72926,,,false,6
,I?_@G|]\o,0,213820,,,false,9
,I?_@G|]\o,1,202154,,,false,9
,I?_@G|]\o,2,207323,,,false,9
,I?_@G|]\o,3,196147,,,false,9
,I?_@G|]\o,4,194261,,,false,9
,I?_@G|]\o,5,189580,,,false,9
,I?_@G|]\o,6,188393,,,false,9
,I?_@G|]\o,7,195867,,,false,9
,I?_@G|]\o,8,181408,,,false,9
,I?_@G|]\o,9,179173,,,false,9
,I?_GHCRPW,0,64963,,,false,7
,I?_GHCRPW,1,55324,,,false,7
,I?_GHCRPW,2,51900,,,false,7
,I?_GHCRPW,3,50294,,,false,7
,I?_GHCRPW,4,50014,,,false,7
,I?_GHCRPW,5,49945,,,false,7
,I?_GHCRPW,6,49176,,,false,7
,I?_GHCRPW,7,49247,,,false,7
,I?_GHCRPW,8,57909,,,false,7
,I?_GHCRPW,9,49107,,,false,7
,I?_OHtM^_,0,204111,,,false,9
,I?_OHtM^_,1,192305,,,false,9
,I?_OHtM^_,2,195099,,,false,9
,I?_OHtM^_,3,182247,,,false,9
,I?_OHtM^_,4,189651,,,false,9
,I?_OHtM^_,5,191886,,,false,9
,I?_OHtM^_,6,181478,,,false,9
,I?_OHtM^_,7,180779,,,false,9
,I?_OHtM^_,8,184412,,,false,9
,I?_OHtM^_,9,190070,,,false,9
,I?_QXYRZG,0,174004,,,false,9
,I?_QXYRZG,1,160452,,,false,9
,I?_QXYRZG,2,155912,,,false,9
,I?_QXYRZG,3,155213,,,false,9
,I?_QXYRZG,4,153676,,,false,9
,I?_QXYRZG,5,162688,,,false,9
,I?_QXYRZG,6,154444,,,false,9
,I?_QXYRZG,7,155423,,,false,9
,I?_QXYRZG,8,154724,,,false,9
,I?_QXYRZG,9,154026,,,false,9
,I?`@?[]Fo,0,90529,,,false,7
,I?`@?[]Fo,1,80541,,,false,7
,I?`@?[]Fo,2,75651,,,false,7
,I?`@?[]Fo,3,83824,,,false,7
,I?`@?[]Fo,4,74323,,,false,7
,I?`@?[]Fo,5,73974,,,false,7
,I?`@?[]Fo,6,74254,,,false,7
,I?`@?[]Fo,7,74253,,,false,7
,I?`@?[]Fo,8,74044,,,false,7
,I?`@?[]Fo,9,72996,,,false,7
,I?cOoXFHw,0,226603,,,false,9
,I?cOoXFHw,1,209489,,,false,9
,I?cOoXFHw,2,209908,,,false,9
,I?cOoXFHw,3,201107,,,false,9
,I?cOoXFHw,4,194820,,,false,9
,I?cOoXFHw,5,193073,,,false,9
,I?cOoXFHw,6,198802,,,false,9
,I?cOoXFHw,7,196077,,,false,9
,I?cOoXFHw,8,195937,,,false,9
,I?cOoXFHw,9,194960,,,false,9
,I?cPHXRRg,0,197125,,,false,9
,I?cPHXRRg,1,200757,,,false,9
,I?cPHXRRg,2,182805,,,false,9
,I?cPHXRRg,3,180639,,,false,9
,I?cPHXRRg,4,182666,,,false,9
,I?cPHXRRg,5,181688,,,false,9
,I?cPHXRRg,6,176100,,,false,9
,I?cPHXRRg,7,190209,,,false,9
,I?cPHXRRg,8,177706,,,false,9
,I?cPHXRRg,9,182036,,,false,9
,I?cPIStRg,0,203272,,,false,9
,I?cPIStRg,1,191117,,,false,9
,I?cPIStRg,2,196217,,,false,9
,I?cPIStRg,3,183783,,,false,9
,I?cPIStRg,4,181688,,,false,9
,I?cPIStRg,5,176449,,,false,9
,I?cPIStRg,6,181757,,,false,9
,I?cPIStRg,7,183573,,,false,9
,I?cPIStRg,8,176029,,,false,9
,I?cPIStRg,9,175750,,,false,9
,I?cWaKeAw,0,73974,,,false,7
,I?cWaKeAw,1,63357,,,false,7
,I?cWaKeAw,2,60004,,,false,7
,I?cWaKeAw,3,57769,,,false,7
,I?cWaKeAw,4,58327,,,false,7
,I?cWaKeAw,5,56302,,,false,7
,I?cWaKeAw,6,57140,,,false,7
,I?cWaKeAw,7,67268,,,false,7
,I?cWaKeAw,8,57280,,,false,7
,I?cWaKeAw,9,57699,,,false,7
,I?oPGpBHW,0,74952,,,false,7
,I?oPGpBHW,1,64823,,,false,7
,I?oPGpBHW,2,59445,,,false,7
,I?oPGpBHW,3,59585,,,false,7
,I?oPGpBHW,4,57209,,,false,7
,I?oPGpBHW,5,58328,,,false,7
,I?oPGpBHW,6,56790,,,false,7
,I?oPGpBHW,7,57489,,,false,7
,I?oPGpBHW,8,56650,,,false,7
,I?oPGpBHW,9,57629,,,false,7
,I@??LXZr_,0,215705,,,false,9
,I@??LXZr_,1,191327,,,false,9
,I@??LXZr_,2,180640,,,false,9
,I@??LXZr_,3,176379,,,false,9
,I@??LXZr_,4,174423,,,false,9
,I@??LXZr_,5,177357,,,false,9
,I@??LXZr_,6,187904,,,false,9
,I@??LXZr_,7,173725,,,false,9
,I@??LXZr_,8,173794,,,false,9
,I@??LXZr_,9,178475,,,false,9
,I@??OXFf_,0,48408,,,false,6
,I@??OXFf_,1,40584,,,false,6
,I@??OXFf_,2,38210,,,false,6
,I@??OXFf_,3,36672,,,false,6
,I@??OXFf_,4,36254,,,false,6
,I@??OXFf_,5,36812,,,false,6
,I@??OXFf_,6,45405,,,false,6
,I@??OXFf_,7,36184,,,false,6
,I@??OXFf_,8,50504,,,false,6
,I@??OXFf_,9,63007,,,false,6
,I@??OXFfg,0,52110,,,false,6
,I@??OXFfg,1,42471,,,false,6
,I@??OXFfg,2,39047,,,false,6
,I@??OXFfg,3,37651,,,false,6
,I@??OXFfg,4,36743,,,false,6
,I@??OXFfg,5,36812,,,false,6
,I@??OXFfg,6,37371,,,false,6
,I@??OXFfg,7,36672,,,false,6
,I@??OXFfg,8,37302,,,false,6
,I@??OXFfg,9,36812,,,false,6
,I@??OlMhw,0,80471,,,false,6
,I@??OlMhw,1,69085,,,false,6
,I@??OlMhw,2,64404,,,false,6
,I@??OlMhw,3,64405,,,false,6
,I@??OlMhw,4,73764,,,false,6
,I@??OlMhw,5,62239,,,false,6
,I@??OlMhw,6,62519,,,false,6
,I@??OlMhw,7,61051,,,false,6
,I@??OlMhw,8,61820,,,false,6
,I@??OlMhw,9,62239,,,false,6
,I@??i[mfG,0,201945,,,false,9
,I@??i[mfG,1,189790,,,false,9
,I@??i[mfG,2,181059,,,false,9
,I@??i[mfG,3,186996,,,false,9
,I@??i[mfG,4,173584,,,false,9
,I@??i[mfG,5,171419,,,false,9
,I@??i[mfG,6,170860,,,false,9
,I@??i[mfG,7,169463,,,false,9
,I@??i[mfG,8,178613,,,false,9
,I@??i[mfG,9,168555,,,false,9
,I@??i[mfW,0,188882,,,false,9
,I@??i[mfW,1,183085,,,false,9
,I@??i[mfW,2,200548,,,false,9
,I@??i[mfW,3,197265,,,false,9
,I@??i[mfW,4,190908,,,false,9
,I@??i[mfW,5,187345,,,false,9
,I@??i[mfW,6,190000,,,false,9
,I@??i[mfW,7,182875,,,false,9
,I@??i[mfW,8,194959,,,false,9
,I@??i[mfW,9,186438,,,false,9
,I@?G?TFdo,0,48618,,,false,6
,I@?G?TFdo,1,40794,,,false,6
,I@?G?TFdo,2,38140,,,false,6
,I@?G?TFdo,3,36812,,,false,6
,I@?G?TFdo,4,37162,,,false,6
,I@?G?TFdo,5,36673,,,false,6
,I@?G?TFdo,6,36114,,,false,6
,I@?G?TFdo,7,36045,,,false,6
,I@?G?TFdo,8,36673,,,false,6
,I@?G?TFdo,9,36254,,,false,6
,I@?G?TFdw,0,43867,,,false,6
,I@?G?TFdw,1,39118,,,false,6
,I@?G?TFdw,2,37301,,,false,6
,I@?G?TFdw,3,37162,,,false,6
,I@?G?TFdw,4,37301,,,false,6
,I@?G?TFdw,5,36673,,,false,6
,I@?G?TFdw,6,36184,,,false,6
,I@?G?TFdw,7,44985,,,false,6
,I@?G?TFdw,8,36673,,,false,6
,I@?G?TFdw,9,36184,,,false,6
,I@?GhTFfW,0,199710,,,false,9
,I@?GhTFfW,1,184831,,,false,9
,I@?GhTFfW,2,183783,,,false,9
,I@?GhTFfW,3,175191,,,false,9
,I@?GhTFfW,4,182596,,,false,9
,I@?GhTFfW,5,184761,,,false,9
,I@?GhTFfW,6,179732,,,false,9
,I@?GhTFfW,7,179801,,,false,9
,I@?GhTFfW,8,179173,,,false,9
,I@?GhTFfW,9,182735,,,false,9
,I@?IIgjfg,0,190139,,,false,9
,I@?IIgjfg,1,182665,,,false,9
,I@?IIgjfg,2,176588,,,false,9
,I@?IIgjfg,3,182875,,,false,9
,I@?IIgjfg,4,174842,,,false,9
,I@?IIgjfg,5,179522,,,false,9
,I@?IIgjfg,6,169253,,,false,9
,I@?IIgjfg,7,163596,,,false,9
,I@?IIgjfg,8,162198,,,false,9
,I@?IIgjfg,9,170790,,,false,9
,I@?IOmFYW,0,207254,,,false,9
,I@?IOmFYW,1,181757,,,false,9
,I@?IOmFYW,2,190209,,,false,9
,I@?IOmFYW,3,175052,,,false,9
,I@?IOmFYW,4,172397,,,false,9
,I@?IOmFYW,5,171279,,,false,9
,I@?IOmFYW,6,174702,,,false,9
,I@?IOmFYW,7,170720,,,false,9
,I@?IOmFYW,8,165412,,,false,9
,I@?IOmFYW,9,166110,,,false,9
,I@?IpM\vO,0,189651,,,false,9
,I@?IpM\vO,1,186507,,,false,9
,I@?IpM\vO,2,178474,,,false,9
,I@?IpM\vO,3,176728,,,false,9
,I@?IpM\vO,4,170860,,,false,9
,I@?IpM\vO,5,168834,,,false,9
,I@?IpM\vO,6,168486,,,false,9
,I@?IpM\vO,7,176378,,,false,9
,I@?IpM\vO,8,167507,,,false,9
,I@?IpM\vO,9,165272,,,false,9
,I@?OH]IQg,0,56162,,,false,5
,I@?OH]IQg,1,48059,,,false,5
,I@?OH]IQg,2,45474,,,false,5
,I@?OH]IQg,3,45125,,,false,5
,I@?OH]IQg,4,44636,,,false,5
,I@?OH]IQg,5,44286,,,false,5
,I@?OH]IQg,6,44008,,,false,5
,I@?OH]IQg,7,44706,,,false,5
,I@?OH]IQg,8,44007,,,false,5
,I@?OH]IQg,9,51901,,,false,5
,I@?OOXBbg,0,58747,,,false,6
,I@?OOXBbg,1,49735,,,false,6
,I@?OOXBbg,2,47221,,,false,6
,I@?OOXBbg,3,45964,,,false,6
,I@?OOXBbg,4,45683,,,false,6
,I@?OOXBbg,5,45754,,,false,6
,I@?OOXBbg,6,45823,,,false,6
,I@?OOXBbg,7,45195,,,false,6
,I@?OOXBbg,8,45474,,,false,6
,I@?OOXBbg,9,45544,,,false,6
,I@?SQOFJG,0,58188,,,false,7
,I@?SQOFJG,1,50154,,,false,7
,I@?SQOFJG,2,48408,,,false,7
,I@?SQOFJG,3,47150,,,false,7
,I@?SQOFJG,4,47919,,,false,7
,I@?SQOFJG,5,47221,,,false,7
,I@?SQOFJG,6,47220,,,false,7
,I@?SQOFJG,7,56162,,,false,7
,I@?SQOFJG,8,47919,,,false,7
,I@?SQOFJG,9,47710,,,false,7
,I@?YtKnVW,0,185669,,,false,9
,I@?YtKnVW,1,177077,,,false,9
,I@?YtKnVW,2,169184,,,false,9
,I@?YtKnVW,3,170650,,,false,9
,I@?YtKnVW,4,177217,,,false,9
,I@?YtKnVW,5,164713,,,false,9
,I@?YtKnVW,6,164713,,,false,9
,I@?YtKnVW,7,163596,,,false,9
,I@?YtKnVW,8,163455,,,false,9
,I@?YtKnVW,9,163177,,,false,9
,I@@?pMKUW,0,198172,,,false,9
,I@@?pMKUW,1,182455,,,false,9
,I@@?pMKUW,2,169883,,,false,9
,I@@?pMKUW,3,166948,,,false,9
,I@@?pMKUW,4,166320,,,false,9
,I@@?pMKUW,5,162897,,,false,9
,I@@?pMKUW,6,169882,,,false,9
,I@@?pMKUW,7,162268,,,false,9
,I@@?pMKUW,8,161919,,,false,9
,I@@?pMKUW,9,167786,,,false,9
,I@@GHOZco,0,79143,,,false,7
,I@@GHOZco,1,68736,,,false,7
,I@@GHOZco,2,63845,,,false,7
,I@@GHOZco,3,63846,,,false,7
,I@@GHOZco,4,71669,,,false,7
,I@@GHOZco,5,62938,,,false,7
,I@@GHOZco,6,60981,,,false,7
,I@@GHOZco,7,62449,,,false,7
,I@@GHOZco,8,59655,,,false,7
,I@@GHOZco,9,61540,,,false,7
,I@@IHUZfo,0,196636,,,false,9
,I@@IHUZfo,1,186577,,,false,9
,I@@IHUZfo,2,176239,,,false,9
,I@@IHUZfo,3,183294,,,false,9
,I@@IHUZfo,4,170161,,,false,9
,I@@IHUZfo,5,167228,,,false,9
,I@@IHUZfo,6,174213,,,false,9
,I@@IHUZfo,7,170581,,,false,9
,I@@IHUZfo,8,178474,,,false,9
,I@@IHUZfo,9,169323,,,false,9
,I@@XXpZhw,0,191327,,,false,9
,I@@XXpZhw,1,180849,,,false,9
,I@@XXpZhw,2,180500,,,false,9
,I@@XXpZhw,3,172956,,,false,9
,I@@XXpZhw,4,181338,,,false,9
,I@@XXpZhw,5,175680,,,false,9
,I@@XXpZhw,6,175960,,,false,9
,I@@XXpZhw,7,176308,,,false,9
,I@@XXpZhw,8,175471,,,false,9
,I@@XXpZhw,9,183852,,,false,9
,I@@g{pjdw,0,183154,,,false,9
,I@@g{pjdw,1,174004,,,false,9
,I@@g{pjdw,2,170999,,,false,9
,I@@g{pjdw,3,169324,,,false,9
,I@@g{pjdw,4,177916,,,false,9
,I@@g{pjdw,5,168136,,,false,9
,I@@g{pjdw,6,163665,,,false,9
,I@@g{pjdw,7,161779,,,false,9
,I@@g{pjdw,8,161290,,,false,9
,I@@g{pjdw,9,161780,,,false,9
,I@C?ICLwg,0,63497,,,false,6
,I@C?ICLwg,1,61610,,,false,6
,I@C?ICLwg,2,50923,,,false,6
,I@C?ICLwg,3,50014,,,false,6
,I@C?ICLwg,4,50154,,,false,6
,I@C?ICLwg,5,49526,,,false,6
,I@C?ICLwg,6,49595,,,false,6
,I@C?ICLwg,7,49805,,,false,6
,I@C?ICLwg,8,50015,,,false,6
,I@C?ICLwg,9,49735,,,false,6
,I@COYUtZg,0,188044,,,false,9
,I@COYUtZg,1,176448,,,false,9
,I@COYUtZg,2,178405,,,false,9
,I@COYUtZg,3,169114,,,false,9
,I@COYUtZg,4,165621,,,false,9
,I@COYUtZg,5,166949,,,false,9
,I@COYUtZg,6,165621,,,false,9
,I@COYUtZg,7,164154,,,false,9
,I@COYUtZg,8,171209,,,false,9
,I@COYUtZg,9,163455,,,false,9
,I@CdQm]ZW,0,179452,,,false,9
,I@CdQm]ZW,1,170861,,,false,9
,I@CdQm]ZW,2,166599,,,false,9
,I@CdQm]ZW,3,163945,,,false,9
,I@CdQm]ZW,4,167577,,,false,9
,I@CdQm]ZW,5,162967,,,false,9
,I@CdQm]ZW,6,165062,,,false,9
,I@CdQm]ZW,7,165622,,,false,9
,I@CdQm]ZW,8,164853,,,false,9
,I@CdQm]ZW,9,165342,,,false,9
,I@DGtLjlg,0,191817,,,false,9
,I@DGtLjlg,1,172955,,,false,9
,I@DGtLjlg,2,165063,,,false,9
,I@DGtLjlg,3,163246,,,false,9
,I@DGtLjlg,4,162478,,,false,9
,I@DGtLjlg,5,170092,,,false,9
,I@DGtLjlg,6,160313,,,false,9
,I@DGtLjlg,7,166878,,,false,9
,I@DGtLjlg,8,168276,,,false,9
,I@DGtLjlg,9,168066,,,false,9
,I@GTQl]jW,0,186437,,,false,9
,I@GTQl]jW,1,183084,,,false,9
,I@GTQl]jW,2,174771,,,false,9
,I@GTQl]jW,3,166318,,,false,9
,I@GTQl]jW,4,164572,,,false,9
,I@GTQl]jW,5,164712,,,false,9
,I@GTQl]jW,6,163735,,,false,9
,I@GTQl]jW,7,172256,,,false,9
,I@GTQl]jW,8,164084,,,false,9
,I@GTQl]jW,9,166319,,,false,9
,I@GY}xn~g,0,183153,,,false,9
,I@GY}xn~g,1,174981,,,false,9
,I@GY}xn~g,2,181896,,,false,9
,I@GY}xn~g,3,167925,,,false,9
,I@GY}xn~g,4,165131,,,false,9
,I@GY}xn~g,5,168694,,,false,9
,I@GY}xn~g,6,164713,,,false,9
,I@GY}xn~g,7,164153,,,false,9
,I@GY}xn~g,8,170301,,,false,9
,I@GY}xn~g,9,164153,,,false,9
,I@HH?]VUw,0,186087,,,false,9
,I@HH?]VUw,1,179800,,,false,9
,I@HH?]VUw,2,168764,,,false,9
,I@HH?]VUw,3,166179,,,false,9
,I@HH?]VUw,4,164154,,,false,9
,I@HH?]VUw,5,164084,,,false,9
,I@HH?]VUw,6,163245,,,false,9
,I@HH?]VUw,7,162477,,,false,9
,I@HH?]VUw,8,163455,,,false,9
,I@HH?]VUw,9,174771,,,false,9
,I@ODG|[hW,0,177426,,,false,9
,I@ODG|[hW,1,167576,,,false,9
,I@ODG|[hW,2,162268,,,false,9
,I@ODG|[hW,3,158775,,,false,9
,I@ODG|[hW,4,156399,,,false,9
,I@ODG|[hW,5,164713,,,false,9
,I@ODG|[hW,6,155841,,,false,9
,I@ODG|[hW,7,152837,,,false,9
,I@ODG|[hW,8,149484,,,false,9
,I@ODG|[hW,9,149345,,,false,9
,I@OH?lEeW,0,171418,,,false,9
,I@OH?lEeW,1,173164,,,false,9
,I@OH?lEeW,2,155981,,,false,9
,I@OH?lEeW,3,162268,,,false,9
,I@OH?lEeW,4,161289,,,false,9
,I@OH?lEeW,5,164573,,,false,9
,I@OH?lEeW,6,160102,,,false,9
,I@OH?lEeW,7,221432,,,false,9
,I@OH?lEeW,8,220175,,,false,9
,I@OH?lEeW,9,201455,,,false,9
,I@O[P\VXw,0,218708,,,false,9
,I@O[P\VXw,1,216333,,,false,9
,I@O[P\VXw,2,193282,,,false,9
,I@O[P\VXw,3,158146,,,false,9
,I@O[P\VXw,4,150462,,,false,9
,I@O[P\VXw,5,149904,,,false,9
,I@O[P\VXw,6,157936,,,false,9
,I@O[P\VXw,7,160591,,,false,9
,I@O[P\VXw,8,150951,,,false,9
,I@O[P\VXw,9,161499,,,false,9
,I@O_{zMzo,0,178054,,,false,9
,I@O_{zMzo,1,167018,,,false,9
,I@O_{zMzo,2,163175,,,false,9
,I@O_{zMzo,3,166249,,,false,9
,I@O_{zMzo,4,159334,,,false,9
,I@O_{zMzo,5,155771,,,false,9
,I@O_{zMzo,6,149904,,,false,9
,I@O_{zMzo,7,149834,,,false,9
,I@O_{zMzo,8,149764,,,false,9
,I@O_{zMzo,9,158426,,,false,9
,I@OhozFTw,0,174072,,,false,9
,I@OhozFTw,1,183363,,,false,9
,I@OhozFTw,2,172256,,,false,9
,I@OhozFTw,3,177915,,,false,9
,I@OhozFTw,4,168554,,,false,9
,I@OhozFTw,5,177356,,,false,9
,I@OhozFTw,6,169532,,,false,9
,I@OhozFTw,7,162686,,,false,9
,I@OhozFTw,8,154863,,,false,9
,I@OhozFTw,9,159193,,,false,9
,I@Ohun[Xw,0,167856,,,false,9
,I@Ohun[Xw,1,168624,,,false,9
,I@Ohun[Xw,2,161289,,,false,9
,I@Ohun[Xw,3,162756,,,false,9
,I@Ohun[Xw,4,160312,,,false,9
,I@Ohun[Xw,5,160382,,,false,9
,I@Ohun[Xw,6,160382,,,false,9
,I@Ohun[Xw,7,168065,,,false,9
,I@Ohun[Xw,8,158635,,,false,9
,I@Ohun[Xw,9,153396,,,false,9
,I@P@gyNjo,0,176448,,,false,9
,I@P@gyNjo,1,166109,,,false,9
,I@P@gyNjo,2,168066,,,false,9
,I@P@gyNjo,3,158356,,,false,9
,I@P@gyNjo,4,157238,,,false,9
,I@P@gyNjo,5,155073,,,false,9
,I@P@gyNjo,6,154234,,,false,9
,I@P@gyNjo,7,153257,,,false,9
,I@P@gyNjo,8,152627,,,false,9
,I@P@gyNjo,9,161290,,,false,9
,I@QWqcnXw,0,173863,,,false,9
,I@QWqcnXw,1,165970,,,false,9
,I@QWqcnXw,2,161778,,,false,9
,I@QWqcnXw,3,158565,,,false,9
,I@QWqcnXw,4,166249,,,false,9
,I@QWqcnXw,5,156121,,,false,9
,I@QWqcnXw,6,159264,,,false,9
,I@QWqcnXw,7,152558,,,false,9
,I@QWqcnXw,8,149136,,,false,9
,I@QWqcnXw,9,149135,,,false,9
,I@Sg\CVTw,0,177566,,,false,9
,I@Sg\CVTw,1,160381,,,false,9
,I@Sg\CVTw,2,158356,,,false,9
,I@Sg\CVTw,3,159613,,,false,9
,I@Sg\CVTw,4,157936,,,false,9
,I@Sg\CVTw,5,156470,,,false,9
,I@Sg\CVTw,6,253356,,,false,9
,I@Sg\CVTw,7,237568,,,false,9
,I@Sg\CVTw,8,174492,,,false,9
,I@Sg\CVTw,9,148786,,,false,9
,I@_OXLZVo,0,193282,,,false,9
,I@_OXLZVo,1,189510,,,false,9
,I@_OXLZVo,2,172536,,,false,9
,I@_OXLZVo,3,174911,,,false,9
,I@_OXLZVo,4,168624,,,false,9
,I@_OXLZVo,5,166598,,,false,9
,I@_OXLZVo,6,175958,,,false,9
,I@_OXLZVo,7,179940,,,false,9
,I@_OXLZVo,8,169113,,,false,9
,I@_OXLZVo,9,173863,,,false,9
,I@g?gxfVg,0,194888,,,false,9
,I@g?gxfVg,1,189091,,,false,9
,I@g?gxfVg,2,186926,,,false,9
,I@g?gxfVg,3,180079,,,false,9
,I@g?gxfVg,4,168415,,,false,9
,I@g?gxfVg,5,171418,,,false,9
,I@g?gxfVg,6,165760,,,false,9
,I@g?gxfVg,7,168415,,,false,9
,I@g?gxfVg,8,174562,,,false,9
,I@g?gxfVg,9,172396,,,false,9
,I@h?GkYWw,0,204388,,,false,9
,I@h?GkYWw,1,188323,,,false,9
,I@h?GkYWw,2,185598,,,false,9
,I@h?GkYWw,3,189021,,,false,9
,I@h?GkYWw,4,178404,,,false,9
,I@h?GkYWw,5,164922,,,false,9
,I@h?GkYWw,6,160171,,,false,9
,I@h?GkYWw,7,163524,,,false,9
,I@h?GkYWw,8,166599,,,false,9
,I@h?GkYWw,9,162756,,,false,9
,I@o\`\VxW,0,176517,,,false,9
,I@o\`\VxW,1,168205,,,false,9
,I@o\`\VxW,2,162966,,,false,9
,I@o\`\VxW,3,160591,,,false,9
,I@o\`\VxW,4,174491,,,false,9
,I@o\`\VxW,5,158845,,,false,9
,I@o\`\VxW,6,157447,,,false,9
,I@o\`\VxW,7,155981,,,false,9
,I@o\`\VxW,8,155491,,,false,9
,I@o\`\VxW,9,155073,,,false,9
,IA??GWjko,0,30526,,,false,6
,IA??GWjko,1,23330,,,false,6
,IA??GWjko,2,21585,,,false,6
,IA??GWjko,3,31503,,,false,6
,IA??GWjko,4,21445,,,false,6
,IA??GWjko,5,21165,,,false,6
,IA??GWjko,6,21445,,,false,6
,IA??GWjko,7,21305,,,false,6
,IA??GWjko,8,20886,,,false,6
,IA??GWjko,9,20955,,,false,6
,IA?G?Kjlw,0,27103,,,false,6
,IA?G?Kjlw,1,23261,,,false,6
,IA?G?Kjlw,2,21933,,,false,6
,IA?G?Kjlw,3,21934,,,false,6
,IA?G?Kjlw,4,22073,,,false,6
,IA?G?Kjlw,5,22003,,,false,6
,IA?G?Kjlw,6,21375,,,false,6
,IA?G?Kjlw,7,21375,,,false,6
,IA?G?Kjlw,8,20956,,,false,6
,IA?G?Kjlw,9,21305,,,false,6
,IA?HHhJmg,0,182106,,,false,9
,IA?HHhJmg,1,165760,,,false,9
,IA?HHhJmg,2,159543,,,false,9
,IA?HHhJmg,3,170160,,,false,9
,IA?HHhJmg,4,157588,,,false,9
,IA?HHhJmg,5,165969,,,false,9
,IA?HHhJmg,6,159403,,,false,9
,IA?HHhJmg,7,175959,,,false,9
,IA?HHhJmg,8,183153,,,false,9
,IA?HHhJmg,9,167856,,,false,9
,IA?_xU\vO,0,185249,,,false,9
,IA?_xU\vO,1,168065,,,false,9
,IA?_xU\vO,2,163734,,,false,9
,IA?_xU\vO,3,160801,,,false,9
,IA?_xU\vO,4,165341,,,false,9
,IA?_xU\vO,5,158286,,,false,9
,IA?_xU\vO,6,157937,,,false,9
,IA?_xU\vO,7,156749,,,false,9
,IA?_xU\vO,8,156679,,,false,9
,IA?_xU\vO,9,157378,,,false,9
,IAAKPln]o,0,185948,,,false,9
,IAAKPln]o,1,169392,,,false,9
,IAAKPln]o,2,176448,,,false,9
,IAAKPln]o,3,172605,,,false,9
,IAAKPln]o,4,172885,,,false,9
,IAAKPln]o,5,170440,,,false,9
,IAAKPln]o,6,179242,,,false,9
,IAAKPln]o,7,174002,,,false,9
,IAAKPln]o,8,162757,,,false,9
,IAAKPln]o,9,161499,,,false,9
,IAC_[GbQW,0,79632,,,false,6
,IAC_[GbQW,1,69643,,,false,6
,IAC_[GbQW,2,65661,,,false,6
,IAC_[GbQW,3,75161,,,false,6
,IAC_[GbQW,4,62867,,,false,6
,IAC_[GbQW,5,62379,,,false,6
,IAC_[GbQW,6,62868,,,false,6
,IAC_[GbQW,7,62448,,,false,6
,IAC_[GbQW,8,65801,,,false,6
,IAC_[GbQW,9,66430,,,false,6
,IAC_g\jnw,0,198521,,,false,9
,IAC_g\jnw,1,188043,,,false,9
,IAC_g\jnw,2,194260,,,false,9
,IAC_g\jnw,3,179870,,,false,9
,IAC_g\jnw,4,177146,,,false,9
,IAC_g\jnw,5,164713,,,false,9
,IAC_g\jnw,6,167297,,,false,9
,IAC_g\jnw,7,166598,,,false,9
,IAC_g\jnw,8,171488,,,false,9
,IAC_g\jnw,9,164433,,,false,9
,IACppXNzw,0,189719,,,false,9
,IACppXNzw,1,180010,,,false,9
,IACppXNzw,2,175749,,,false,9
,IACppXNzw,3,183363,,,false,9
,IACppXNzw,4,170859,,,false,9
,IACppXNzw,5,170161,,,false,9
,IACppXNzw,6,169392,,,false,9
,IACppXNzw,7,167507,,,false,9
,IACppXNzw,8,159683,,,false,9
,IACppXNzw,9,164223,,,false,9
,IAG@I]]fo,0,176168,,,false,9
,IAG@I]]fo,1,171068,,,false,9
,IAG@I]]fo,2,167926,,,false,9
,IAG@I]]fo,3,163245,,,false,9
,IAG@I]]fo,4,161709,,,false,9
,IAG@I]]fo,5,168973,,,false,9
,IAG@I]]fo,6,159334,,,false,9
,IAG@I]]fo,7,157448,,,false,9
,IAG@I]]fo,8,155771,,,false,9
,IAG@I]]fo,9,154793,,,false,9
,IAGGaKefw,0,174212,,,false,9
,IAGGaKefw,1,181477,,,false,9
,IAGGaKefw,2,159403,,,false,9
,IAGGaKefw,3,157448,,,false,9
,IAGGaKefw,4,155841,,,false,9
,IAGGaKefw,5,158426,,,false,9
,IAGGaKefw,6,157098,,,false,9
,IAGGaKefw,7,165620,,,false,9
,IAGGaKefw,8,152138,,,false,9
,IAGGaKefw,9,155213,,,false,9
,IAKPY^vzo,0,191606,,,false,9
,IAKPY^vzo,1,174561,,,false,9
,IAKPY^vzo,2,182036,,,false,9
,IAKPY^vzo,3,167995,,,false,9
,IAKPY^vzo,4,165829,,,false,9
,IAKPY^vzo,5,162058,,,false,9
,IAKPY^vzo,6,161569,,,false,9
,IAKPY^vzo,7,161080,,,false,9
,IAKPY^vzo,8,168065,,,false,9
,IAKPY^vzo,9,160801,,,false,9
,IAl`g|N{w,0,172187,,,false,9
,IAl`g|N{w,1,166528,,,false,9
,IAl`g|N{w,2,162477,,,false,9
,IAl`g|N{w,3,159823,,,false,9
,IAl`g|N{w,4,164643,,,false,9
,IAl`g|N{w,5,158146,,,false,9
,IAl`g|N{w,6,158286,,,false,9
,IAl`g|N{w,7,158006,,,false,9
,IAl`g|N{w,8,156889,,,false,9
,IAl`g|N{w,9,157867,,,false,9
,IC?`O|]Vo,0,210046,,,false,9
,IC?`O|]Vo,1,186995,,,false,9
,IC?`O|]Vo,2,179731,,,false,9
,IC?`O|]Vo,3,176168,,,false,9
,IC?`O|]Vo,4,174422,,,false,9
,IC?`O|]Vo,5,184131,,,false,9
,IC?`O|]Vo,6,172605,,,false,9
,IC?`O|]Vo,7,174631,,,false,9
,IC?`O|]Vo,8,175819,,,false,9
,IC?`O|]Vo,9,176308,,,false,9
,IC?`Px]Vo,0,201036,,,false,9
,IC?`Px]Vo,1,186716,,,false,9
,IC?`Px]Vo,2,182734,,,false,9
,IC?`Px]Vo,3,173165,,,false,9
,IC?`Px]Vo,4,170929,,,false,9
,IC?`Px]Vo,5,169183,,,false,9
,IC?`Px]Vo,6,173514,,,false,9
,IC?`Px]Vo,7,179451,,,false,9
,IC?`Px]Vo,8,181477,,,false,9
,IC?`Px]Vo,9,180080,,,false,9
,IC@@oK\YW,0,205227,,,false,9
,IC@@oK\YW,1,204947,,,false,9
,IC@@oK\YW,2,185808,,,false,9
,IC@@oK\YW,3,181198,,,false,9
,IC@@oK\YW,4,176448,,,false,9
,IC@@oK\YW,5,175260,,,false,9
,IC@@oK\YW,6,187414,,,false,9
,IC@@oK\YW,7,172606,,,false,9
,IC@@oK\YW,8,172815,,,false,9
,IC@@oK\YW,9,171698,,,false,9
,IC@xo|zjw,0,180988,,,false,9
,IC@xo|zjw,1,171348,,,false,9
,IC@xo|zjw,2,175888,,,false,9
,IC@xo|zjw,3,160731,,,false,9
,IC@xo|zjw,4,163735,,,false,9
,IC@xo|zjw,5,163245,,,false,9
,IC@xo|zjw,6,160870,,,false,9
,IC@xo|zjw,7,158565,,,false,9
,IC@xo|zjw,8,167576,,,false,9
,IC@xo|zjw,9,158705,,,false,9
,ICCAHGJzG,0,177425,,,false,9
,ICCAHGJzG,1,165621,,,false,9
,ICCAHGJzG,2,159334,,,false,9
,ICCAHGJzG,3,156400,,,false,9
,ICCAHGJzG,4,163245,,,false,9
,ICCAHGJzG,5,149554,,,false,9
,ICCAHGJzG,6,154584,,,false,9
,ICCAHGJzG,7,154094,,,false,9
,ICCAHGJzG,8,153536,,,false,9
,ICCAHGJzG,9,147319,,,false,9
,ICCGQCvXo,0,209208,,,false,9
,ICCGQCvXo,1,195377,,,false,9
,ICCGQCvXo,2,186855,,,false,9
,ICCGQCvXo,3,183992,,,false,9
,ICCGQCvXo,4,182175,,,false,9
,ICCGQCvXo,5,188392,,,false,9
,ICCGQCvXo,6,180219,,,false,9
,ICCGQCvXo,7,178194,,,false,9
,ICCGQCvXo,8,178124,,,false,9
,ICCGQCvXo,9,175819,,,false,9
,ICGOIUcQg,0,83544,,,false,6
,ICGOIUcQg,1,82007,,,false,6
,ICGOIUcQg,2,69923,,,false,6
,ICGOIUcQg,3,69084,,,false,6
,ICGOIUcQg,4,68176,,,false,6
,ICGOIUcQg,5,68246,,,false,6
,ICGOIUcQg,6,69852,,,false,6
,ICGOIUcQg,7,69643,,,false,6
,ICGOIUcQg,8,69573,,,false,6
,ICGOIUcQg,9,69294,,,false,6
,ICN@G\rqw,0,180499,,,false,9
,ICN@G\rqw,1,178054,,,false,9
,ICN@G\rqw,2,163734,,,false,9
,ICN@G\rqw,3,157377,,,false,9
,ICN@G\rqw,4,159683,,,false,9
,ICN@G\rqw,5,158356,,,false,9
,ICN@G\rqw,6,155002,,,false,9
,ICN@G\rqw,7,161290,,,false,9
,ICN@G\rqw,8,152557,,,false,9
,ICN@G\rqw,9,153117,,,false,9
,IC\P[^vzo,0,181197,,,false,9
,IC\P[^vzo,1,176098,,,false,9
,IC\P[^vzo,2,169323,,,false,9
,IC\P[^vzo,3,179940,,,false,9
,IC\P[^vzo,4,170091,,,false,9
,IC\P[^vzo,5,166040,,,false,9
,IC\P[^vzo,6,166250,,,false,9
,IC\P[^vzo,7,169253,,,false,9
,IC\P[^vzo,8,155073,,,false,9
,IC\P[^vzo,9,159194,,,false,9
,ID?GGpFIw,0,88293,,,false,7
,ID?GGpFIw,1,75860,,,false,7
,ID?GGpFIw,2,72228,,,false,7
,ID?GGpFIw,3,73275,,,false,7
,ID?GGpFIw,4,70761,,,false,7
,ID?GGpFIw,5,70131,,,false,7
,ID?GGpFIw,6,69503,,,false,7
,ID?GGpFIw,7,68665,,,false,7
,ID?GGpFIw,8,68805,,,false,7
,ID?GGpFIw,9,68595,,,false,7
,ID@@xW\Qw,0,208160,,,false,9
,ID@@xW\Qw,1,183712,,,false,9
,ID@@xW\Qw,2,181477,,,false,9
,ID@@xW\Qw,3,177007,,,false,9
,ID@@xW\Qw,4,171838,,,false,9
,ID@@xW\Qw,5,173235,,,false,9
,ID@@xW\Qw,6,164921,,,false,9
,ID@@xW\Qw,7,165621,,,false,9
,ID@@xW\Qw,8,170510,,,false,9
,ID@@xW\Qw,9,170580,,,false,9
,IDG@I\]Fo,0,197892,,,false,9
,IDG@I\]Fo,1,198661,,,false,9
,IDG@I\]Fo,2,180709,,,false,9
,IDG@I\]Fo,3,180709,,,false,9
,IDG@I\]Fo,4,178613,,,false,9
,IDG@I\]Fo,5,172955,,,false,9
,IDG@I\]Fo,6,176797,,,false,9
,IDG@I\]Fo,7,168554,,,false,9
,IDG@I\]Fo,8,170371,,,false,9
,IDG@I\]Fo,9,175329,,,false,9
,IG??_SFnw,0,28640,,,false,6
,IG??_SFnw,1,23471,,,false,6
,IG??_SFnw,2,21514,,,false,6
,IG??_SFnw,3,21026,,,false,6
,IG??_SFnw,4,21375,,,false,6
,IG??_SFnw,5,21375,,,false,6
,IG??_SFnw,6,20956,,,false,6
,IG??_SFnw,7,21165,,,false,6
,IG??_SFnw,8,21445,,,false,6
,IG??_SFnw,9,20746,,,false,6
,IG?G_gJhg,0,24937,,,false,6
,IG?G_gJhg,1,20537,,,false,6
,IG?G_gJhg,2,19489,,,false,6
,IG?G_gJhg,3,19908,,,false,6
,IG?G_gJhg,4,28640,,,false,6
,IG?G_gJhg,5,20047,,,false,6
,IG?G_gJhg,6,19210,,,false,6
,IG?G_gJhg,7,19908,,,false,6
,IG?G_gJhg,8,19838,,,false,6
,IG?G_gJhg,9,19558,,,false,6
,IG?Gigjf_,0,178264,,,false,9
,IG?Gigjf_,1,170929,,,false,9
,IG?Gigjf_,2,164223,,,false,9
,IG?Gigjf_,3,161569,,,false,9
,IG?Gigjf_,4,159124,,,false,9
,IG?Gigjf_,5,150672,,,false,9
,IG?Gigjf_,6,149973,,,false,9
,IG?Gigjf_,7,154724,,,false,9
,IG?Gigjf_,8,155911,,,false,9
,IG?Gigjf_,9,160521,,,false,9
,IG?Gigj}W,0,188322,,,false,9
,IG?Gigj}W,1,170161,,,false,9
,IG?Gigj}W,2,163734,,,false,9
,IG?Gigj}W,3,159822,,,false,9
,IG?Gigj}W,4,152558,,,false,9
,IG?Gigj}W,5,151091,,,false,9
,IG?Gigj}W,6,150603,,,false,9
,IG?Gigj}W,7,149974,,,false,9
,IG?Gigj}W,8,149415,,,false,9
,IG?Gigj}W,9,157937,,,false,9
,IG?QX}}no,0,191465,,,false,9
,IG?QX}}no,1,180499,,,false,9
,IG?QX}}no,2,184132,,,false,9
,IG?QX}}no,3,173863,,,false,9
,IG?QX}}no,4,172397,,,false,9
,IG?QX}}no,5,170580,,,false,9
,IG?QX}}no,6,170091,,,false,9
,IG?QX}}no,7,161500,,,false,9
,IG?QX}}no,8,162058,,,false,9
,IG?QX}}no,9,158216,,,false,9
,IG?XPYVUw,0,182804,,,false,9
,IG?XPYVUw,1,176308,,,false,9
,IG?XPYVUw,2,170510,,,false,9
,IG?XPYVUw,3,182385,,,false,9
,IG?XPYVUw,4,164922,,,false,9
,IG?XPYVUw,5,158705,,,false,9
,IG?XPYVUw,6,162757,,,false,9
,IG?XPYVUw,7,161359,,,false,9
,IG?XPYVUw,8,159823,,,false,9
,IG?XPYVUw,9,163664,,,false,9
,IG?oYMZMo,0,174910,,,false,9
,IG?oYMZMo,1,170231,,,false,9
,IG?oYMZMo,2,163175,,,false,9
,IG?oYMZMo,3,160591,,,false,9
,IG?oYMZMo,4,159474,,,false,9
,IG?oYMZMo,5,170929,,,false,9
,IG?oYMZMo,6,157936,,,false,9
,IG?oYMZMo,7,152069,,,false,9
,IG?oYMZMo,8,157029,,,false,9
,IG?oYMZMo,9,160800,,,false,9
,IG@@gyJfG,0,82705,,,false,7
,IG@@gyJfG,1,74253,,,false,7
,IG@@gyJfG,2,70482,,,false,7
,IG@@gyJfG,3,77397,,,false,7
,IG@@gyJfG,4,68316,,,false,7
,IG@@gyJfG,5,67687,,,false,7
,IG@@gyJfG,6,67687,,,false,7
,IG@@gyJfG,7,67827,,,false,7
,IG@@gyJfG,8,68525,,,false,7
,IG@@gyJfG,9,70551,,,false,7
,IGC@?gNbo,0,45334,,,false,7
,IGC@?gNbo,1,37301,,,false,7
,IGC@?gNbo,2,34577,,,false,7
,IGC@?gNbo,3,34228,,,false,7
,IGC@?gNbo,4,33879,,,false,7
,IGC@?gNbo,5,33878,,,false,7
,IGC@?gNbo,6,33879,,,false,7
,IGC@?gNbo,7,33949,,,false,7
,IGC@?gNbo,8,33878,,,false,7
,IGC@?gNbo,9,34088,,,false,7
,IGCOQmmjo,0,183223,,,false,9
,IGCOQmmjo,1,169742,,,false,9
,IGCOQmmjo,2,164363,,,false,9
,IGCOQmmjo,3,160801,,,false,9
,IGCOQmmjo,4,160312,,,false,9
,IGCOQmmjo,5,158635,,,false,9
,IGCOQmmjo,6,166179,,,false,9
,IGCOQmmjo,7,158006,,,false,9
,IGCOQmmjo,8,156889,,,false,9
,IGCOQmmjo,9,156400,,,false,9
,IGCP?\EeW,0,76837,,,false,6
,IGCP?\EeW,1,68805,,,false,6
,IGCP?\EeW,2,64823,,,false,6
,IGCP?\EeW,3,66290,,,false,6
,IGCP?\EeW,4,65242,,,false,6
,IGCP?\EeW,5,72298,,,false,6
,IGCP?\EeW,6,63985,,,false,6
,IGCP?\EeW,7,63007,,,false,6
,IGCP?\EeW,8,64613,,,false,6
,IGCP?\EeW,9,65382,,,false,6
,IGCaKORBW,0,82496,,,false,5
,IGCaKORBW,1,73415,,,false,5
,IGCaKORBW,2,70062,,,false,5
,IGCaKORBW,3,69713,,,false,5
,IGCaKORBW,4,68246,,,false,5
,IGCaKORBW,5,68805,,,false,5
,IGCaKORBW,6,67617,,,false,5
,IGCaKORBW,7,67268,,,false,5
,IGCaKORBW,8,75860,,,false,5
,IGCaKORBW,9,67408,,,false,5
,IGCcYWVKw,0,166878,,,false,9
,IGCcYWVKw,1,156190,,,false,9
,IGCcYWVKw,2,155911,,,false,9
,IGCcYWVKw,3,158356,,,false,9
,IGCcYWVKw,4,151370,,,false,9
,IGCcYWVKw,5,154933,,,false,9
,IGCcYWVKw,6,150044,,,false,9
,IGCcYWVKw,7,149973,,,false,9
,IGCcYWVKw,8,148297,,,false,9
,IGCcYWVKw,9,148017,,,false,9
,IGCgQmYHw,0,171138,,,false,9
,IGCgQmYHw,1,168135,,,false,9
,IGCgQmYHw,2,152837,,,false,9
,IGCgQmYHw,3,150812,,,false,9
,IGCgQmYHw,4,154094,,,false,9
,IGCgQmYHw,5,153257,,,false,9
,IGCgQmYHw,6,152139,,,false,9
,IGCgQmYHw,7,160311,,,false,9
,IGCgQmYHw,8,151091,,,false,9
,IGCgQmYHw,9,151650,,,false,9
,IGCiYkvmw,0,177635,,,false,9
,IGCiYkvmw,1,173094,,,false,9
,IGCiYkvmw,2,160591,,,false,9
,IGCiYkvmw,3,168973,,,false,9
,IGCiYkvmw,4,154584,,,false,9
,IGCiYkvmw,5,158006,,,false,9
,IGCiYkvmw,6,165621,,,false,9
,IGCiYkvmw,7,169462,,,false,9
,IGCiYkvmw,8,164363,,,false,9
,IGCiYkvmw,9,173374,,,false,9
,IGDKQkmKw,0,178403,,,false,9
,IGDKQkmKw,1,167577,,,false,9
,IGDKQkmKw,2,167576,,,false,9
,IGDKQkmKw,3,160661,,,false,9
,IGDKQkmKw,4,149694,,,false,9
,IGDKQkmKw,5,154584,,,false,9
,IGDKQkmKw,6,146411,,,false,9
,IGDKQkmKw,7,146062,,,false,9
,IGDKQkmKw,8,156888,,,false,9
,IGDKQkmKw,9,151790,,,false,9
,IGDPQ[umW,0,170510,,,false,9
,IGDPQ[umW,1,167926,,,false,9
,IGDPQ[umW,2,160311,,,false,9
,IGDPQ[umW,3,157448,,,false,9
,IGDPQ[umW,4,156050,,,false,9
,IGDPQ[umW,5,156051,,,false,9
,IGDPQ[umW,6,152558,,,false,9
,IGDPQ[umW,7,151930,,,false,9
,IGDPQ[umW,8,147738,,,false,9
,IGDPQ[umW,9,151860,,,false,9
,IGDQXkn~w,0,181477,,,false,9
,IGDQXkn~w,1,173932,,,false,9
,IGDQXkn~w,2,169672,,,false,9
,IGDQXkn~w,3,172396,,,false,9
,IGDQXkn~w,4,166599,,,false,9
,IGDQXkn~w,5,161848,,,false,9
,IGDQXkn~w,6,166039,,,false,9
,IGDQXkn~w,7,165970,,,false,9
,IGDQXkn~w,8,161778,,,false,9
,IGDQXkn~w,9,169183,,,false,9
,IGEY`TNLw,0,174072,,,false,9
,IGEY`TNLw,1,171348,,,false,9
,IGEY`TNLw,2,165132,,,false,9
,IGEY`TNLw,3,165969,,,false,9
,IGEY`TNLw,4,160801,,,false,9
,IGEY`TNLw,5,162965,,,false,9
,IGEY`TNLw,6,155422,,,false,9
,IGEY`TNLw,7,164154,,,false,9
,IGEY`TNLw,8,158705,,,false,9
,IGEY`TNLw,9,163035,,,false,9
,IG_GGsqPW,0,110856,,,false,7
,IG_GGsqPW,1,106246,,,false,7
,IG_GGsqPW,2,91996,,,false,7
,IG_GGsqPW,3,88015,,,false,7
,IG_GGsqPW,4,87735,,,false,7
,IG_GGsqPW,5,87735,,,false,7
,IG_GGsqPW,6,86128,,,false,7
,IG_GGsqPW,7,87805,,,false,7
,IG_GGsqPW,8,87106,,,false,7
,IG_GGsqPW,9,85569,,,false,7
,IHCHhXVqw,0,187135,,,false,9
,IHCHhXVqw,1,168484,,,false,9
,IHCHhXVqw,2,163455,,,false,9
,IHCHhXVqw,3,161010,,,false,9
,IHCHhXVqw,4,160591,,,false,9
,IHCHhXVqw,5,158915,,,false,9
,IHCHhXVqw,6,175051,,,false,9
,IHCHhXVqw,7,160311,,,false,9
,IHCHhXVqw,8,158216,,,false,9
,IHCHhXVqw,9,158915,,,false,9
,IHEGiKjqw,0,166808,,,false,9
,IHEGiKjqw,1,162756,,,false,9
,IHEGiKjqw,2,162058,,,false,9
,IHEGiKjqw,3,154723,,,false,9
,IHEGiKjqw,4,153466,,,false,9
,IHEGiKjqw,5,151720,,,false,9
,IHEGiKjqw,6,149834,,,false,9
,IHEGiKjqw,7,149834,,,false,9
,IHEGiKjqw,8,157448,,,false,9
,IHEGiKjqw,9,150671,,,false,9
,IHIRYw^uw,0,172326,,,false,9
,IHIRYw^uw,1,167227,,,false,9
,IHIRYw^uw,2,163665,,,false,9
,IHIRYw^uw,3,161289,,,false,9
,IHIRYw^uw,4,169392,,,false,9
,IHIRYw^uw,5,159054,,,false,9
,IHIRYw^uw,6,154933,,,false,9
,IHIRYw^uw,7,158705,,,false,9
,IHIRYw^uw,8,158355,,,false,9
,IHIRYw^uw,9,156540,,,false,9
,IKGOOLH`g,0,82566,,,false,6
,IKGOOLH`g,1,81099,,,false,6
,IKGOOLH`g,2,70202,,,false,6
,IKGOOLH`g,3,68596,,,false,6
,IKGOOLH`g,4,68385,,,false,6
,IKGOOLH`g,5,68176,,,false,6
,IKGOOLH`g,6,67827,,,false,6
,IKGOOLH`g,7,68665,,,false,6
,IKGOOLH`g,8,68526,,,false,6
,IKGOOLH`g,9,68666,,,false,6
,IKGQWyfUw,0,170929,,,false,9
,IKGQWyfUw,1,170580,,,false,9
,IKGQWyfUw,2,157587,,,false,9
,IKGQWyfUw,3,155632,,,false,9
,IKGQWyfUw,4,154514,,,false,9
,IKGQWyfUw,5,153535,,,false,9
,IKGQWyfUw,6,153606,,,false,9
,IKGQWyfUw,7,151930,,,false,9
,IKGQWyfUw,8,154863,,,false,9
,IKGQWyfUw,9,149694,,,false,9
,IKGxctNrg,0,169881,,,false,9
,IKGxctNrg,1,165411,,,false,9
,IKGxctNrg,2,161708,,,false,9
,IKGxctNrg,3,159892,,,false,9
,IKGxctNrg,4,167995,,,false,9
,IKGxctNrg,5,154165,,,false,9
,IKGxctNrg,6,157098,,,false,9
,IKGxctNrg,7,149764,,,false,9
,IKGxctNrg,8,149554,,,false,9
,IKGxctNrg,9,149205,,,false,9
,IOH?IeYFo,0,184830,,,false,9
,IOH?IeYFo,1,165131,,,false,9
,IOH?IeYFo,2,159264,,,false,9
,IOH?IeYFo,3,161918,,,false,9
,IOH?IeYFo,4,155282,,,false,9
,IOH?IeYFo,5,155003,,,false,9
,IOH?IeYFo,6,158356,,,false,9
,IOH?IeYFo,7,153745,,,false,9
,IOH?IeYFo,8,152768,,,false,9
,IOH?IeYFo,9,157448,,,false,9
,IOOWQKzLo,0,195866,,,false,9
,IOOWQKzLo,1,207462,,,false,9
,IOOWQKzLo,2,185249,,,false,9
,IOOWQKzLo,3,180499,,,false,9
,IOOWQKzLo,4,199429,,,false,9
,IOOWQKzLo,5,173164,,,false,9
,IOOWQKzLo,6,171907,,,false,9
,IOOWQKzLo,7,186157,,,false,9
,IOOWQKzLo,8,209488,,,false,9
,IOOWQKzLo,9,192304,,,false,9
,IOOoo\F[w,0,202362,,,false,9
,IOOoo\F[w,1,200268,,,false,9
,IOOoo\F[w,2,185388,,,false,9
,IOOoo\F[w,3,182385,,,false,9
,IOOoo\F[w,4,177984,,,false,9
,IOOoo\F[w,5,170371,,,false,9
,IOOoo\F[w,6,168694,,,false,9
,IOOoo\F[w,7,258385,,,false,9
,IOOoo\F[w,8,240433,,,false,9
,IOOoo\F[w,9,235263,,,false,9
,IOQ@I_ZFo,0,97444,,,false,7
,IOQ@I_ZFo,1,83473,,,false,7
,IOQ@I_ZFo,2,81657,,,false,7
,IOQ@I_ZFo,3,126224,,,false,7
,IOQ@I_ZFo,4,70482,,,false,7
,IOQ@I_ZFo,5,66290,,,false,7
,IOQ@I_ZFo,6,62657,,,false,7
,IOQ@I_ZFo,7,62449,,,false,7
,IOQ@I_ZFo,8,62518,,,false,7
,IOQ@I_ZFo,9,61540,,,false,7
,IP?Oq[{Rg,0,234565,,,false,9
,IP?Oq[{Rg,1,272355,,,false,9
,IP?Oq[{Rg,2,229256,,,false,9
,IP?Oq[{Rg,3,197403,,,false,9
,IP?Oq[{Rg,4,170789,,,false,9
,IP?Oq[{Rg,5,169183,,,false,9
,IP?Oq[{Rg,6,175819,,,false,9
,IP?Oq[{Rg,7,166389,,,false,9
,IP?Oq[{Rg,8,165899,,,false,9
,IP?Oq[{Rg,9,181338,,,false,9
,IQCpQ[Vbg,0,174771,,,false,9
,IQCpQ[Vbg,1,168485,,,false,9
,IQCpQ[Vbg,2,162128,,,false,9
,IQCpQ[Vbg,3,155771,,,false,9
,IQCpQ[Vbg,4,155003,,,false,9
,IQCpQ[Vbg,5,148925,,,false,9
,IQCpQ[Vbg,6,145853,,,false,9
,IQCpQ[Vbg,7,140473,,,false,9
,IQCpQ[Vbg,8,169043,,,false,9
,IQCpQ[Vbg,9,156470,,,false,9
,IQGYKOjDw,0,170021,,,false,9
,IQGYKOjDw,1,159474,,,false,9
,IQGYKOjDw,2,155911,,,false,9
,IQGYKOjDw,3,153815,,,false,9
,IQGYKOjDw,4,167436,,,false,9
,IQGYKOjDw,5,166599,,,false,9
,IQGYKOjDw,6,153047,,,false,9
,IQGYKOjDw,7,151719,,,false,9
,IQGYKOjDw,8,146411,,,false,9
,IQGYKOjDw,9,146271,,,false,9
,IQXto}\rw,0,179801,,,false,9
,IQXto}\rw,1,164154,,,false,9
,IQXto}\rw,2,160591,,,false,9
,IQXto}\rw,3,166808,,,false,9
,IQXto}\rw,4,168065,,,false,9
,IQXto}\rw,5,158565,,,false,9
,IQXto}\rw,6,166249,,,false,9
,IQXto}\rw,7,158425,,,false,9
,IQXto}\rw,8,157867,,,false,9
,IQXto}\rw,9,158216,,,false,9
,I_Cj?mJ[W,0,169462,,,false,9
,I_Cj?mJ[W,1,158425,,,false,9
,I_Cj?mJ[W,2,155003,,,false,9
,I_Cj?mJ[W,3,148786,,,false,9
,I_Cj?mJ[W,4,147878,,,false,9
,I_Cj?mJ[W,5,146411,,,false,9
,I_Cj?mJ[W,6,144875,,,false,9
,I_Cj?mJ[W,7,144525,,,false,9
,I_Cj?mJ[W,8,144665,,,false,9
,I_Cj?mJ[W,9,153745,,,false,9
,I_Cj?mJ\W,0,168903,,,false,9
,I_Cj?mJ\W,1,154584,,,false,9
,I_Cj?mJ\W,2,151091,,,false,9
,I_Cj?mJ\W,3,151859,,,false,9
,I_Cj?mJ\W,4,150393,,,false,9
,I_Cj?mJ\W,5,157937,,,false,9
,I_Cj?mJ\W,6,148786,,,false,9
,I_Cj?mJ\W,7,149973,,,false,9
,I_Cj?mJ\W,8,147040,,,false,9
,I_Cj?mJ\W,9,146201,,,false,9
,I_GZ?uF\W,0,160311,,,false,9
,I_GZ?uF\W,1,158845,,,false,9
,I_GZ?uF\W,2,153535,,,false,9
,I_GZ?uF\W,3,149974,,,false,9
,I_GZ?uF\W,4,148856,,,false,9
,I_GZ?uF\W,5,148716,,,false,9
,I_GZ?uF\W,6,154513,,,false,9
,I_GZ?uF\W,7,163176,,,false,9
,I_GZ?uF\W,8,153885,,,false,9
,I_GZ?uF\W,9,154444,,,false,9
,I_Hpc\^]o,0,175959,,,false,9
,I_Hpc\^]o,1,166808,,,false,9
,I_Hpc\^]o,2,156469,,,false,9
,I_Hpc\^]o,3,163176,,,false,9
,I_Hpc\^]o,4,152208,,,false,9
,I_Hpc\^]o,5,147319,,,false,9
,I_Hpc\^]o,6,150393,,,false,9
,I_Hpc\^]o,7,150741,,,false,9
,I_Hpc\^]o,8,156750,,,false,9
,I_Hpc\^]o,9,164642,,,false,9
,I_L?Xc\`w,0,174911,,,false,9
,I_L?Xc\`w,1,162197,,,false,9
,I_L?Xc\`w,2,155492,,,false,9
,I_L?Xc\`w,3,149135,,,false,9
,I_L?Xc\`w,4,147599,,,false,9
,I_L?Xc\`w,5,145922,,,false,9
,I_L?Xc\`w,6,157028,,,false,9
,I_L?Xc\`w,7,141312,,,false,9
,I_L?Xc\`w,8,145573,,,false,9
,I_L?Xc\`w,9,145363,,,false,9
,I_O_`_Nbo,0,178892,,,false,9
,I_O_`_Nbo,1,167157,,,false,9
,I_O_`_Nbo,2,169602,,,false,9
,I_O_`_Nbo,3,158635,,,false,9
,I_O_`_Nbo,4,157447,,,false,9
,I_O_`_Nbo,5,152069,,,false,9
,I_O_`_Nbo,6,146411,,,false,9
,I_O_`_Nbo,7,150322,,,false,9
,I_O_`_Nbo,8,154513,,,false,9
,I_O_`_Nbo,9,150462,,,false,9
,I_P`c[]MW,0,167925,,,false,9
,I_P`c[]MW,1,160871,,,false,9
,I_P`c[]MW,2,165131,,,false,9
,I_P`c[]MW,3,147389,,,false,9
,I_P`c[]MW,4,163036,,,false,9
,I_P`c[]MW,5,148436,,,false,9
,I_P`c[]MW,6,148157,,,false,9
,I_P`c[]MW,7,149484,,,false,9
,I_P`c[]MW,8,150183,,,false,9
,I_P`c[]MW,9,150183,,,false,9
,I`?OYClew,0,185947,,,false,9
,I`?OYClew,1,164084,,,false,9
,I`?OYClew,2,158425,,,false,9
,I`?OYClew,3,153955,,,false,9
,I`?OYClew,4,150951,,,false,9
,I`?OYClew,5,149904,,,false,9
,I`?OYClew,6,156889,,,false,9
,I`?OYClew,7,149345,,,false,9
,I`?OYClew,8,148366,,,false,9
,I`?OYClew,9,148227,,,false,9
,I`o|KtVYw,0,170859,,,false,9
,I`o|KtVYw,1,164083,,,false,9
,I`o|KtVYw,2,168414,,,false,9
,I`o|KtVYw,3,158286,,,false,9
,I`o|KtVYw,4,156959,,,false,9
,I`o|KtVYw,5,156469,,,false,9
,I`o|KtVYw,6,156260,,,false,9
,I`o|KtVYw,7,156190,,,false,9
,I`o|KtVYw,8,163665,,,false,9
,I`o|KtVYw,9,165970,,,false,9
,IqMu[|vZw,0,175749,,,false,9
,IqMu[|vZw,1,169113,,,false,9
,IqMu[|vZw,2,164502,,,false,9
,IqMu[|vZw,3,168974,,,false,9
,IqMu[|vZw,4,177635,,,false,9
,IqMu[|vZw,5,162966,,,false,9
,IqMu[|vZw,6,163455,,,false,9
,IqMu[|vZw,7,168973,,,false,9
,IqMu[|vZw,8,170720,,,false,9
,IqMu[|vZw,9,169392,,,false,9
,I???CtUJ_,0,57279,,,false,6
,I???CtUJ_,1,40654,,,false,6
,I???CtUJ_,2,37162,,,false,6
,I???CtUJ_,3,36812,,,false,6
,I???CtUJ_,4,41492,,,false,6
,I???CtUJ_,5,43868,,,false,6
,I???CtUJ_,6,36812,,,false,6
,I???CtUJ_,7,38069,,,false,6
,I???CtUJ_,8,36183,,,false,6
,I???CtUJ_,9,36743,,,false,6
,I?C?GWqoo,0,79772,,,false,5
,I?C?GWqoo,1,76209,,,false,5
,I?C?GWqoo,2,61750,,,false,5
,I?C?GWqoo,3,59095,,,false,5
,I?C?GWqoo,4,59584,,,false,5
,I?C?GWqoo,5,59444,,,false,5
,I?C?GWqoo,6,58467,,,false,5
,I?C?GWqoo,7,58187,,,false,5
,I?C?GWqoo,8,67757,,,false,5
,I?C?GWqoo,9,58466,,,false,5
,I???gWww?,0,27242,,,false,6
,I???gWww?,1,22493,,,false,6
,I???gWww?,2,20536,,,false,6
,I???gWww?,3,20467,,,false,6
,I???gWww?,4,20537,,,false,6
,I???gWww?,5,20536,,,false,6
,I???gWww?,6,20188,,,false,6
,I???gWww?,7,19908,,,false,6
,I???gWww?,8,19908,,,false,6
,I???gWww?,9,20327,,,false,6
,I}q@xw{Pw,0,168344,,,false,9
,I}q@xw{Pw,1,159823,,,false,9
,I}q@xw{Pw,2,163943,,,false,9
,I}q@xw{Pw,3,160591,,,false,9
,I}q@xw{Pw,4,156120,,,false,9
,I}q@xw{Pw,5,167786,,,false,9
,I}q@xw{Pw,6,159613,,,false,9
,I}q@xw{Pw,7,160382,,,false,9
,I}q@xw{Pw,8,161289,,,false,9
,I}q@xw{Pw,9,165551,,,false,9
,I?COeYiX_,0,191396,,,false,9
,I?COeYiX_,1,182176,,,false,9
,I?COeYiX_,2,177635,,,false,9
,I?COeYiX_,3,172326,,,false,9
,I?COeYiX_,4,169602,,,false,9
,I?COeYiX_,5,159473,,,false,9
,I?COeYiX_,6,163665,,,false,9
,I?COeYiX_,7,164014,,,false,9
,I?COeYiX_,8,163525,,,false,9
,I?COeYiX_,9,163245,,,false,9
,I`__a?H@g,0,49246,,,false,5
,I`__a?H@g,1,43308,,,false,5
,I`__a?H@g,2,50014,,,false,5
,I`__a?H@g,3,40514,,,false,5
,I`__a?H@g,4,39956,,,false,5
,I`__a?H@g,5,39536,,,false,5
,I`__a?H@g,6,39537,,,false,5
,I`__a?H@g,7,39676,,,false,5
,I`__a?H@g,8,38978,,,false,5
,I`__a?H@g,9,39467,,,false,5
,I?qkqsuXW,0,188393,,,false,9
,I?qkqsuXW,1,170231,,,false,9
,I?qkqsuXW,2,164293,,,false,9
,I?qkqsuXW,3,163036,,,false,9
,I?qkqsuXW,4,158496,,,false,9
,I?qkqsuXW,5,157308,,,false,9
,I?qkqsuXW,6,158635,,,false,9
,I?qkqsuXW,7,157169,,,false,9
,I?qkqsuXW,8,156470,,,false,9
,I?qkqsuXW,9,165131,,,false,9
,I??E@KZ~?,0,183642,,,false,9
,I??E@KZ~?,1,170301,,,false,9
,I??E@KZ~?,2,165690,,,false,9
,I??E@KZ~?,3,162966,,,false,9
,I??E@KZ~?,4,161779,,,false,9
,I??E@KZ~?,5,165551,,,false,9
,I??E@KZ~?,6,161778,,,false,9
,I??E@KZ~?,7,161220,,,false,9
,I??E@KZ~?,8,176587,,,false,9
,I??E@KZ~?,9,162966,,,false,9
,I??E@KZ~w,0,192793,,,false,9
,I??E@KZ~w,1,183712,,,false,9
,I??E@KZ~w,2,173863,,,false,9
,I??E@KZ~w,3,167716,,,false,9
,I??E@KZ~w,4,171977,,,false,9
,I??E@KZ~w,5,171069,,,false,9
,I??E@KZ~w,6,195866,,,false,9
,I??E@KZ~w,7,170021,,,false,9
,I??E@KZ~w,8,169811,,,false,9
,I??E@KZ~w,9,168345,,,false,9
,I_?__QF]?,0,32482,,,false,5
,I_?__QF]?,1,25705,,,false,5
,I_?__QF]?,2,24728,,,false,5
,I_?__QF]?,3,23890,,,false,5
,I_?__QF]?,4,23819,,,false,5
,I_?__QF]?,5,23890,,,false,5
,I_?__QF]?,6,24518,,,false,5
,I_?__QF]?,7,23890,,,false,5
,I_?__QF]?,8,24029,,,false,5
,I_?__QF]?,9,23261,,,false,5
,IcG@IGHCg,0,51132,,,false,7
,IcG@IGHCg,1,34298,,,false,7
,IcG@IGHCg,2,33319,,,false,7
,IcG@IGHCg,3,32412,,,false,7
,IcG@IGHCg,4,32761,,,false,7
,IcG@IGHCg,5,32691,,,false,7
,IcG@IGHCg,6,32482,,,false,7
,IcG@IGHCg,7,32411,,,false,7
,IcG@IGHCg,8,32412,,,false,7
,IcG@IGHCg,9,32411,,,false,7
,IukH@LFT_,0,166109,,,false,9
,IukH@LFT_,1,157588,,,false,9
,IukH@LFT_,2,153047,,,false,9
,IukH@LFT_,3,162546,,,false,9
,IukH@LFT_,4,151161,,,false,9
,IukH@LFT_,5,149974,,,false,9
,IukH@LFT_,6,150113,,,false,9
,IukH@LFT_,7,154584,,,false,9
,IukH@LFT_,8,153745,,,false,9
,IukH@LFT_,9,160172,,,false,9
,I}iAzg\Jg,0,170789,,,false,9
,I}iAzg\Jg,1,163316,,,false,9
,I}iAzg\Jg,2,160660,,,false,9
,I}iAzg\Jg,3,156679,,,false,9
,I}iAzg\Jg,4,152767,,,false,9
,I}iAzg\Jg,5,152209,,,false,9
,I}iAzg\Jg,6,152139,,,false,9
,I}iAzg\Jg,7,153536,,,false,9
,I}iAzg\Jg,8,152348,,,false,9
,I}iAzg\Jg,9,155631,,,false,9
,I??E@GW~?,0,12783,,,false,3
,I??E@GW~?,1,10129,,,false,3
,I??E@GW~?,2,9500,,,false,3
,I??E@GW~?,3,9080,,,false,3
,I??E@GW~?,4,8941,,,false,3
,I??E@GW~?,5,9011,,,false,3
,I??E@GW~?,6,8732,,,false,3
,I??E@GW~?,7,8941,,,false,3
,I??E@GW~?,8,9011,,,false,3
,I??E@GW~?,9,9081,,,false,3
,I?hOGQRWo,0,81518,,,false,5
,I?hOGQRWo,1,69293,,,false,5
,I?hOGQRWo,2,74323,,,false,5
,I?hOGQRWo,3,64335,,,false,5
,I?hOGQRWo,4,63426,,,false,5
,I?hOGQRWo,5,63426,,,false,5
,I?hOGQRWo,6,62937,,,false,5
,I?hOGQRWo,7,63216,,,false,5
,I?hOGQRWo,8,63636,,,false,5
,I?hOGQRWo,9,63007,,,false,5
,I~?GW]pRg,0,27592,,,false,6
,I~?GW]pRg,1,22283,,,false,6
,I~?GW]pRg,2,21445,,,false,6
,I~?GW]pRg,3,21445,,,false,6
,I~?GW]pRg,4,21235,,,false,6
,I~?GW]pRg,5,20956,,,false,6
,I~?GW]pRg,6,21584,,,false,6
,I~?GW]pRg,7,21026,,,false,6
,I~?GW]pRg,8,20607,,,false,6
,I~?GW]pRg,9,20397,,,false,6
,I_hPOkrrw,0,180848,,,false,9
,I_hPOkrrw,1,163036,,,false,9
,I_hPOkrrw,2,156889,,,false,9
,I_hPOkrrw,3,154723,,,false,9
,I_hPOkrrw,4,157797,,,false,9
,I_hPOkrrw,5,157588,,,false,9
,I_hPOkrrw,6,156121,,,false,9
,I_hPOkrrw,7,163664,,,false,9
,I_hPOkrrw,8,162477,,,false,9
,I_hPOkrrw,9,155073,,,false,9
,ICd@IgiFw,0,183293,,,false,9
,ICd@IgiFw,1,168973,,,false,9
,ICd@IgiFw,2,170859,,,false,9
,ICd@IgiFw,3,159823,,,false,9
,ICd@IgiFw,4,159124,,,false,9
,ICd@IgiFw,5,156959,,,false,9
,ICd@IgiFw,6,154025,,,false,9
,ICd@IgiFw,7,153536,,,false,9
,ICd@IgiFw,8,161778,,,false,9
,ICd@IgiFw,9,152558,,,false,9
,ITiZbTURW,0,164433,,,false,9
,ITiZbTURW,1,161779,,,false,9
,ITiZbTURW,2,157517,,,false,9
,ITiZbTURW,3,163106,,,false,9
,ITiZbTURW,4,170370,,,false,9
,ITiZbTURW,5,161779,,,false,9
,ITiZbTURW,6,162198,,,false,9
,ITiZbTURW,7,161569,,,false,9
,ITiZbTURW,8,156190,,,false,9
,ITiZbTURW,9,154584,,,false,9
,It?IQOeDO,0,173583,,,false,9
,It?IQOeDO,1,153746,,,false,9
,It?IQOeDO,2,144175,,,false,9
,It?IQOeDO,3,146202,,,false,9
,It?IQOeDO,4,145922,,,false,9
,It?IQOeDO,5,153256,,,false,9
,It?IQOeDO,6,155422,,,false,9
,It?IQOeDO,7,163804,,,false,9
,It?IQOeDO,8,154514,,,false,9
,It?IQOeDO,9,155072,,,false,9
,It?GYDKKO,0,26684,,,false,6
,It?GYDKKO,1,22492,,,false,6
,It?GYDKKO,2,21934,,,false,6
,It?GYDKKO,3,20886,,,false,6
,It?GYDKKO,4,19977,,,false,6
,It?GYDKKO,5,20048,,,false,6
,It?GYDKKO,6,20117,,,false,6
,It?GYDKKO,7,19908,,,false,6
,It?GYDKKO,8,19978,,,false,6
,It?GYDKKO,9,19698,,,false,6
,Is@@WoXX?,0,31224,,,false,5
,Is@@WoXX?,1,26474,,,false,5
,Is@@WoXX?,2,25636,,,false,5
,Is@@WoXX?,3,25146,,,false,5
,Is@@WoXX?,4,33460,,,false,5
,Is@@WoXX?,5,25216,,,false,5
,Is@@WoXX?,6,24658,,,false,5
,Is@@WoXX?,7,32481,,,false,5
,Is@@WoXX?,8,25007,,,false,5
,Is@@WoXX?,9,24588,,,false,5
,It?IQScDG,0,24378,,,false,6
,It?IQScDG,1,21515,,,false,6
,It?IQScDG,2,20467,,,false,6
,It?IQScDG,3,20466,,,false,6
,It?IQScDG,4,20047,,,false,6
,It?IQScDG,5,20188,,,false,6
,It?IQScDG,6,19908,,,false,6
,It?IQScDG,7,20327,,,false,6
,It?IQScDG,8,20397,,,false,6
,It?IQScDG,9,19978,,,false,6
,Is?GYWq[?,0,25217,,,false,5
,Is?GYWq[?,1,21514,,,false,5
,Is?GYWq[?,2,21096,,,false,5
,Is?GYWq[?,3,21025,,,false,5
,Is?GYWq[?,4,20886,,,false,5
,Is?GYWq[?,5,20886,,,false,5
,Is?GYWq[?,6,21025,,,false,5
,Is?GYWq[?,7,21235,,,false,5
,Is?GYWq[?,8,20676,,,false,5
,Is?GYWq[?,9,20956,,,false,5
,Is?HOlK[?,0,169742,,,false,9
,Is?HOlK[?,1,168415,,,false,9
,Is?HOlK[?,2,165550,,,false,9
,Is?HOlK[?,3,154514,,,false,9
,Is?HOlK[?,4,144735,,,false,9
,Is?HOlK[?,5,152278,,,false,9
,Is?HOlK[?,6,143268,,,false,9
,Is?HOlK[?,7,143128,,,false,9
,Is?HOlK[?,8,147878,,,false,9
,Is?HOlK[?,9,143128,,,false,9
,Is?OyOhX?,0,163036,,,false,9
,Is?OyOhX?,1,162547,,,false,9
,Is?OyOhX?,2,149974,,,false,9
,Is?OyOhX?,3,163735,,,false,9
,Is?OyOhX?,4,164572,,,false,9
,Is?OyOhX?,5,149624,,,false,9
,Is?OyOhX?,6,148996,,,false,9
,Is?OyOhX?,7,149764,,,false,9
,Is?OyOhX?,8,156400,,,false,9
,Is?OyOhX?,9,156679,,,false,9
,It?IIOiDO,0,180499,,,false,9
,It?IIOiDO,1,163105,,,false,9
,It?IIOiDO,2,159404,,,false,9
,It?IIOiDO,3,167576,,,false,9
,It?IIOiDO,4,153047,,,false,9
,It?IIOiDO,5,146621,,,false,9
,It?IIOiDO,6,159822,,,false,9
,It?IIOiDO,7,157029,,,false,9
,It?IIOiDO,8,150672,,,false,9
,It?IIOiDO,9,150253,,,false,9
,It?GW\_SG,0,22981,,,false,5
,It?GW\_SG,1,20466,,,false,5
,It?GW\_SG,2,19210,,,false,5
,It?GW\_SG,3,18231,,,false,5
,It?GW\_SG,4,17743,,,false,5
,It?GW\_SG,5,17952,,,false,5
,It?GW\_SG,6,17672,,,false,5
,It?GW\_SG,7,18162,,,false,5
,It?GW\_SG,8,18022,,,false,5
,It?GW\_SG,9,18092,,,false,5
,Is?GW\o[?,0,19629,,,false,5
,Is?GW\o[?,1,18442,,,false,5
,Is?GW\o[?,2,17743,,,false,5
,Is?GW\o[?,3,18022,,,false,5
,Is?GW\o[?,4,18092,,,false,5
,Is?GW\o[?,5,18231,,,false,5
,Is?GW\o[?,6,17533,,,false,5
,Is?GW\o[?,7,18022,,,false,5
,Is?GW\o[?,8,18231,,,false,5
,Is?GW\o[?,9,17672,,,false,5
,I?GQSHzlw,0,93254,,,false,5
,I?GQSHzlw,1,81727,,,false,5
,I?GQSHzlw,2,78305,,,false,5
,I?GQSHzlw,3,77117,,,false,5
,I?GQSHzlw,4,77117,,,false,5
,I?GQSHzlw,5,76279,,,false,5
,I?GQSHzlw,6,77257,,,false,5
,I?GQSHzlw,7,90808,,,false,5
,I?GQSHzlw,8,77187,,,false,5
,I?GQSHzlw,9,76838,,,false,5
,I?D@K`nfw,0,84662,,,false,5
,I?D@K`nfw,1,85779,,,false,5
,I?D@K`nfw,2,74533,,,false,5
,I?D@K`nfw,3,73974,,,false,5
,I?D@K`nfw,4,74044,,,false,5
,I?D@K`nfw,5,73345,,,false,5
,I?D@K`nfw,6,73555,,,false,5
,I?D@K`nfw,7,73904,,,false,5
,I?D@K`nfw,8,72996,,,false,5
,I?D@K`nfw,9,73135,,,false,5
,ISPDthnVo,0,169602,,,false,9
,ISPDthnVo,1,164433,,,false,9
,ISPDthnVo,2,156330,,,false,9
,ISPDthnVo,3,151021,,,false,9
,ISPDthnVo,4,154723,,,false,9
,ISPDthnVo,5,154514,,,false,9
,ISPDthnVo,6,157657,,,false,9
,ISPDthnVo,7,167366,,,false,9
,ISPDthnVo,8,158007,,,false,9
,ISPDthnVo,9,170859,,,false,9
,I?_Y@E^Zw,0,83543,,,false,5
,I?_Y@E^Zw,1,74463,,,false,5
,I?_Y@E^Zw,2,81169,,,false,5
,I?_Y@E^Zw,3,77746,,,false,5
,I?_Y@E^Zw,4,68036,,,false,5
,I?_Y@E^Zw,5,67967,,,false,5
,I?_Y@E^Zw,6,67688,,,false,5
,I?_Y@E^Zw,7,79771,,,false,5
,I?_Y@E^Zw,8,67478,,,false,5
,I?_Y@E^Zw,9,67688,,,false,5
,I??HOj?{?,0,37651,,,false,5
,I??HOj?{?,1,32411,,,false,5
,I??HOj?{?,2,30596,,,false,5
,I??HOj?{?,3,29896,,,false,5
,I??HOj?{?,4,29338,,,false,5
,I??HOj?{?,5,29547,,,false,5
,I??HOj?{?,6,28989,,,false,5
,I??HOj?{?,7,29058,,,false,5
,I??HOj?{?,8,29059,,,false,5
,I??HOj?{?,9,29547,,,false,5
,IQQ???fEo,0,22353,,,false,3
,IQQ???fEo,1,19069,,,false,3
,IQQ???fEo,2,17883,,,false,3
,IQQ???fEo,3,18092,,,false,3
,IQQ???fEo,4,17743,,,false,3
,IQQ???fEo,5,17603,,,false,3
,IQQ???fEo,6,17672,,,false,3
,IQQ???fEo,7,17743,,,false,3
,IQQ???fEo,8,17603,,,false,3
,IQQ???fEo,9,17533,,,false,3
,I@`CA?XH_,0,172326,,,false,9
,I@`CA?XH_,1,169672,,,false,9
,I@`CA?XH_,2,156400,,,false,9
,I@`CA?XH_,3,154234,,,false,9
,I@`CA?XH_,4,152209,,,false,9
,I@`CA?XH_,5,139286,,,false,9
,I@`CA?XH_,6,139076,,,false,9
,I@`CA?XH_,7,143756,,,false,9
,I@`CA?XH_,8,139147,,,false,9
,I@`CA?XH_,9,139217,,,false,9
,IqGOO?B@W,0,22074,,,false,7
,IqGOO?B@W,1,19069,,,false,7
,IqGOO?B@W,2,18441,,,false,7
,IqGOO?B@W,3,18092,,,false,7
,IqGOO?B@W,4,18441,,,false,7
,IqGOO?B@W,5,18092,,,false,7
,IqGOO?B@W,6,18232,,,false,7
,IqGOO?B@W,7,18091,,,false,7
,IqGOO?B@W,8,18022,,,false,7
,IqGOO?B@W,9,18232,,,false,7
,IqGO?CDAg,0,20327,,,false,7
,IqGO?CDAg,1,19000,,,false,7
,IqGO?CDAg,2,17882,,,false,7
,IqGO?CDAg,3,17882,,,false,7
,IqGO?CDAg,4,18441,,,false,7
,IqGO?CDAg,5,18231,,,false,7
,IqGO?CDAg,6,18022,,,false,7
,IqGO?CDAg,7,17673,,,false,7
,IqGO?CDAg,8,17742,,,false,7
,IqGO?CDAg,9,19000,,,false,7
,IoCQ@?EAW,0,29128,,,false,7
,IoCQ@?EAW,1,25706,,,false,7
,IoCQ@?EAW,2,25217,,,false,7
,IoCQ@?EAW,3,24658,,,false,7
,IoCQ@?EAW,4,32900,,,false,7
,IoCQ@?EAW,5,24868,,,false,7
,IoCQ@?EAW,6,24308,,,false,7
,IoCQ@?EAW,7,24449,,,false,7
,IoCQ@?EAW,8,24309,,,false,7
,IoCQ@?EAW,9,24239,,,false,7
,IK_PA?H@g,0,74323,,,false,7
,IK_PA?H@g,1,68735,,,false,7
,IK_PA?H@g,2,66220,,,false,7
,IK_PA?H@g,3,65731,,,false,7
,IK_PA?H@g,4,65871,,,false,7
,IK_PA?H@g,5,65382,,,false,7
,IK_PA?H@g,6,61470,,,false,7
,IK_PA?H@g,7,61051,,,false,7
,IK_PA?H@g,8,60562,,,false,7
,IK_PA?H@g,9,60562,,,false,7
,IqGO??FAo,0,20047,,,false,7
,IqGO??FAo,1,18232,,,false,7
,IqGO??FAo,2,17603,,,false,7
,IqGO??FAo,3,17602,,,false,7
,IqGO??FAo,4,25357,,,false,7
,IqGO??FAo,5,17114,,,false,7
,IqGO??FAo,6,17393,,,false,7
,IqGO??FAo,7,17743,,,false,7
,IqGO??FAo,8,17113,,,false,7
,IqGO??FAo,9,17114,,,false,7
,IWEA??LCo,0,25286,,,false,7
,IWEA??LCo,1,21515,,,false,7
,IWEA??LCo,2,20886,,,false,7
,IWEA??LCo,3,20886,,,false,7
,IWEA??LCo,4,21026,,,false,7
,IWEA??LCo,5,20746,,,false,7
,IWEA??LCo,6,20677,,,false,7
,IWEA??LCo,7,20955,,,false,7
,IWEA??LCo,8,21096,,,false,7
,IWEA??LCo,9,21514,,,false,7
,IK`@??LCo,0,75231,,,false,5
,IK`@??LCo,1,68595,,,false,5
,IK`@??LCo,2,66500,,,false,5
,IK`@??LCo,3,66360,,,false,5
,IK`@??LCo,4,65801,,,false,5
,IK`@??LCo,5,65591,,,false,5
,IK`@??LCo,6,66709,,,false,5
,IK`@??LCo,7,67687,,,false,5
,IK`@??LCo,8,75021,,,false,5
,IK`@??LCo,9,66919,,,false,5
,I_GSA?MKO,0,51411,,,false,7
,I_GSA?MKO,1,45683,,,false,7
,I_GSA?MKO,2,43938,,,false,7
,I_GSA?MKO,3,43798,,,false,7
,I_GSA?MKO,4,43309,,,false,7
,I_GSA?MKO,5,43449,,,false,7
,I_GSA?MKO,6,43797,,,false,7
,I_GSA?MKO,7,43448,,,false,7
,I_GSA?MKO,8,43868,,,false,7
,I_GSA?MKO,9,44216,,,false,7
,Iq?HWzz|o,0,178753,,,false,9
,Iq?HWzz|o,1,181826,,,false,9
,Iq?HWzz|o,2,166040,,,false,9
,Iq?HWzz|o,3,159334,,,false,9
,Iq?HWzz|o,4,163036,,,false,9
,Iq?HWzz|o,5,163315,,,false,9
,Iq?HWzz|o,6,164992,,,false,9
,Iq?HWzz|o,7,174282,,,false,9
,Iq?HWzz|o,8,164223,,,false,9
,Iq?HWzz|o,9,164573,,,false,9
,I`_giVBN?,0,49735,,,false,5
,I`_giVBN?,1,42749,,,false,5
,I`_giVBN?,2,40655,,,false,5
,I`_giVBN?,3,40025,,,false,5
,I`_giVBN?,4,39048,,,false,5
,I`_giVBN?,5,38768,,,false,5
,I`_giVBN?,6,39047,,,false,5
,I`_giVBN?,7,38838,,,false,5
,I`_giVBN?,8,38768,,,false,5
,I`_giVBN?,9,38558,,,false,5
,I???F~}~_,0,199918,,,false,9
,I???F~}~_,1,172605,,,false,9
,I???F~}~_,2,170022,,,false,9
,I???F~}~_,3,170091,,,false,9
,I???F~}~_,4,172606,,,false,9
,I???F~}~_,5,172326,,,false,9
,I???F~}~_,6,179800,,,false,9
,I???F~}~_,7,172466,,,false,9
,I???F~}~_,8,172047,,,false,9
,I???F~}~_,9,181616,,,false,9
,I??F~z{~?,0,183293,,,false,9
,I??F~z{~?,1,196355,,,false,9
,I??F~z{~?,2,175819,,,false,9
,I??F~z{~?,3,175959,,,false,9
,I??F~z{~?,4,175609,,,false,9
,I??F~z{~?,5,174492,,,false,9
,I??F~z{~?,6,174981,,,false,9
,I??F~z{~?,7,174631,,,false,9
,I??F~z{~?,8,175190,,,false,9
,I??F~z{~?,9,174562,,,false,9
,I|v^BKzFw,0,176867,,,false,9
,I|v^BKzFw,1,168205,,,false,9
,I|v^BKzFw,2,170510,,,false,9
,I|v^BKzFw,3,164642,,,false,9
,I|v^BKzFw,4,164503,,,false,9
,I|v^BKzFw,5,164223,,,false,9
,I|v^BKzFw,6,163944,,,false,9
,I|v^BKzFw,7,162197,,,false,9
,I|v^BKzFw,8,166599,,,false,9
,I|v^BKzFw,9,162966,,,false,9
,I`?KQKSIG,0,46801,,,false,6
,I`?KQKSIG,1,38628,,,false,6
,I`?KQKSIG,2,36672,,,false,6
,I`?KQKSIG,3,36323,,,false,6
,I`?KQKSIG,4,36673,,,false,6
,I`?KQKSIG,5,36323,,,false,6
,I`?KQKSIG,6,36673,,,false,6
,I`?KQKSIG,7,37721,,,false,6
,I`?KQKSIG,8,37650,,,false,6
,I`?KQKSIG,9,37651,,,false,6
,I_Kpc\M{?,0,168694,,,false,9
,I_Kpc\M{?,1,164503,,,false,9
,I_Kpc\M{?,2,159124,,,false,9
,I_Kpc\M{?,3,152139,,,false,9
,I_Kpc\M{?,4,162267,,,false,9
,I_Kpc\M{?,5,150253,,,false,9
,I_Kpc\M{?,6,150462,,,false,9
,I_Kpc\M{?,7,158914,,,false,9
,I_Kpc\M{?,8,147808,,,false,9
,I_Kpc\M{?,9,145503,,,false,9
,I@_XIpbBw,0,193213,,,false,9
,I@_XIpbBw,1,182385,,,false,9
,I@_XIpbBw,2,187694,,,false,9
,I@_XIpbBw,3,176448,,,false,9
,I@_XIpbBw,4,170441,,,false,9
,I@_XIpbBw,5,183712,,,false,9
,I@_XIpbBw,6,169741,,,false,9
,I@_XIpbBw,7,170929,,,false,9
,I@_XIpbBw,8,179032,,,false,9
,I@_XIpbBw,9,170371,,,false,9
,ICOH@`E`o,0,67338,,,false,6
,ICOH@`E`o,1,58606,,,false,6
,ICOH@`E`o,2,55463,,,false,6
,ICOH@`E`o,3,54275,,,false,6
,ICOH@`E`o,4,52948,,,false,6
,ICOH@`E`o,5,52948,,,false,6
,ICOH@`E`o,6,53018,,,false,6
,ICOH@`E`o,7,50503,,,false,6
,ICOH@`E`o,8,60842,,,false,6
,ICOH@`E`o,9,50364,,,false,6
,I`r@pi^Zo,0,177495,,,false,9
,I`r@pi^Zo,1,160102,,,false,9
,I`r@pi^Zo,2,157517,,,false,9
,I`r@pi^Zo,3,152139,,,false,9
,I`r@pi^Zo,4,155981,,,false,9
,I`r@pi^Zo,5,155701,,,false,9
,I`r@pi^Zo,6,164363,,,false,9
,I`r@pi^Zo,7,172536,,,false,9
,I`r@pi^Zo,8,170789,,,false,9
,I`r@pi^Zo,9,169392,,,false,9
,I`IQUK~~_,0,171907,,,false,9
,I`IQUK~~_,1,157727,,,false,9
,I`IQUK~~_,2,164293,,,false,9
,I`IQUK~~_,3,153536,,,false,9
,I`IQUK~~_,4,153606,,,false,9
,I`IQUK~~_,5,154164,,,false,9
,I`IQUK~~_,6,161430,,,false,9
,I`IQUK~~_,7,157378,,,false,9
,I`IQUK~~_,8,171767,,,false,9
,I`IQUK~~_,9,163175,,,false,9
,IQhPW~euW,0,175889,,,false,9
,IQhPW~euW,1,168973,,,false,9
,IQhPW~euW,2,160521,,,false,9
,IQhPW~euW,3,154863,,,false,9
,IQhPW~euW,4,163664,,,false,9
,IQhPW~euW,5,154584,,,false,9
,IQhPW~euW,6,150253,,,false,9
,IQhPW~euW,7,153955,,,false,9
,IQhPW~euW,8,153396,,,false,9
,IQhPW~euW,9,159334,,,false,9
,IEhcqkn~?,0,178474,,,false,9
,IEhcqkn~?,1,164083,,,false,9
,IEhcqkn~?,2,162547,,,false,9
,IEhcqkn~?,3,159823,,,false,9
,IEhcqkn~?,4,157517,,,false,9
,IEhcqkn~?,5,152279,,,false,9
,IEhcqkn~?,6,162127,,,false,9
,IEhcqkn~?,7,152837,,,false,9
,IEhcqkn~?,8,148437,,,false,9
,IEhcqkn~?,9,147598,,,false,9
,I_hPpnlv_,0,168555,,,false,9
,I_hPpnlv_,1,166807,,,false,9
,I_hPpnlv_,2,170930,,,false,9
,I_hPpnlv_,3,160801,,,false,9
,I_hPpnlv_,4,160800,,,false,9
,I_hPpnlv_,5,160102,,,false,9
,I_hPpnlv_,6,157518,,,false,9
,I_hPpnlv_,7,151231,,,false,9
,I_hPpnlv_,8,159892,,,false,9
,I_hPpnlv_,9,151231,,,false,9
,I`BHva^Zo,0,164363,,,false,9
,I`BHva^Zo,1,159683,,,false,9
,I`BHva^Zo,2,156889,,,false,9
,I`BHva^Zo,3,158076,,,false,9
,I`BHva^Zo,4,168484,,,false,9
,I`BHva^Zo,5,159823,,,false,9
,I`BHva^Zo,6,159962,,,false,9
,I`BHva^Zo,7,159613,,,false,9
,I`BHva^Zo,8,157867,,,false,9
,I`BHva^Zo,9,154234,,,false,9
,IQ??GVILW,0,24378,,,false,5
,IQ??GVILW,1,19978,,,false,5
,IQ??GVILW,2,19419,,,false,5
,IQ??GVILW,3,18651,,,false,5
,IQ??GVILW,4,28639,,,false,5
,IQ??GVILW,5,18791,,,false,5
,IQ??GVILW,6,18791,,,false,5
,IQ??GVILW,7,19000,,,false,5
,IQ??GVILW,8,18581,,,false,5
,IQ??GVILW,9,18930,,,false,5
,I??GhUiTW,0,179661,,,false,9
,I??GhUiTW,1,171628,,,false,9
,I??GhUiTW,2,169253,,,false,9
,I??GhUiTW,3,164503,,,false,9
,I??GhUiTW,4,170929,,,false,9
,I??GhUiTW,5,161779,,,false,9
,I??GhUiTW,6,178753,,,false,9
,I??GhUiTW,7,155492,,,false,9
,I??GhUiTW,8,158775,,,false,9
,I??GhUiTW,9,155003,,,false,9
,I~zLa[vFw,0,173584,,,false,9
,I~zLa[vFw,1,162756,,,false,9
,I~zLa[vFw,2,159823,,,false,9
,I~zLa[vFw,3,159404,,,false,9
,I~zLa[vFw,4,165830,,,false,9
,I~zLa[vFw,5,167367,,,false,9
,I~zLa[vFw,6,172676,,,false,9
,I~zLa[vFw,7,167436,,,false,9
,I~zLa[vFw,8,167087,,,false,9
,I~zLa[vFw,9,166948,,,false,9
,IK?CQKSIG,0,173374,,,false,9
,IK?CQKSIG,1,157867,,,false,9
,IK?CQKSIG,2,156959,,,false,9
,IK?CQKSIG,3,149205,,,false,9
,IK?CQKSIG,4,147668,,,false,9
,IK?CQKSIG,5,157587,,,false,9
,IK?CQKSIG,6,161080,,,false,9
,IK?CQKSIG,7,156330,,,false,9
,IK?CQKSIG,8,156819,,,false,9
,IK?CQKSIG,9,151440,,,false,9
,IS`AA?~No,0,61121,,,false,5
,IS`AA?~No,1,54136,,,false,5
,IS`AA?~No,2,52878,,,false,5
,IS`AA?~No,3,51970,,,false,5
,IS`AA?~No,4,52529,,,false,5
,IS`AA?~No,5,52390,,,false,5
,IS`AA?~No,6,51202,,,false,5
,IS`AA?~No,7,51132,,,false,5
,IS`AA?~No,8,51621,,,false,5
,IS`AA?~No,9,51551,,,false,5
,Io?WrAF]G,0,37999,,,false,5
,Io?WrAF]G,1,31574,,,false,5
,Io?WrAF]G,2,30525,,,false,5
,Io?WrAF]G,3,30037,,,false,5
,Io?WrAF]G,4,38139,,,false,5
,Io?WrAF]G,5,29967,,,false,5
,Io?WrAF]G,6,30037,,,false,5
,Io?WrAF]G,7,29897,,,false,5
,Io?WrAF]G,8,29827,,,false,5
,Io?WrAF]G,9,30107,,,false,5
,Is@ipr~~o,0,177844,,,false,9
,Is@ipr~~o,1,170510,,,false,9
,Is@ipr~~o,2,167576,,,false,9
,Is@ipr~~o,3,165970,,,false,9
,Is@ipr~~o,4,168764,,,false,9
,Is@ipr~~o,5,164642,,,false,9
,Is@ipr~~o,6,164014,,,false,9
,Is@ipr~~o,7,164293,,,false,9
,Is@ipr~~o,8,165620,,,false,9
,Is@ipr~~o,9,165551,,,false,9
,IoDPV~~~w,0,189161,,,false,9
,IoDPV~~~w,1,170300,,,false,9
,IoDPV~~~w,2,172955,,,false,9
,IoDPV~~~w,3,171418,,,false,9
,IoDPV~~~w,4,169392,,,false,9
,IoDPV~~~w,5,176867,,,false,9
,IoDPV~~~w,6,168484,,,false,9
,IoDPV~~~w,7,167926,,,false,9
,IoDPV~~~w,8,169113,,,false,9
,IoDPV~~~w,9,171627,,,false,9
,IwCx}zY~w,0,178822,,,false,9
,IwCx}zY~w,1,179731,,,false,9
,IwCx}zY~w,2,164992,,,false,9
,IwCx}zY~w,3,176098,,,false,9
,IwCx}zY~w,4,167017,,,false,9
,IwCx}zY~w,5,165621,,,false,9
,IwCx}zY~w,6,163665,,,false,9
,IwCx}zY~w,7,173444,,,false,9
,IwCx}zY~w,8,164642,,,false,9
,IwCx}zY~w,9,165132,,,false,9
,IyGW}mn~w,0,174143,,,false,9
,IyGW}mn~w,1,177426,,,false,9
,IyGW}mn~w,2,173863,,,false,9
,IyGW}mn~w,3,172885,,,false,9
,IyGW}mn~w,4,162197,,,false,9
,IyGW}mn~w,5,162757,,,false,9
,IyGW}mn~w,6,169392,,,false,9
,IyGW}mn~w,7,169392,,,false,9
,IyGW}mn~w,8,181198,,,false,9
,IyGW}mn~w,9,169671,,,false,9
,IXNUS|^~w,0,183572,,,false,9
,IXNUS|^~w,1,176448,,,false,9
,IXNUS|^~w,2,164154,,,false,9
,IXNUS|^~w,3,193981,,,false,9
,IXNUS|^~w,4,161080,,,false,9
,IXNUS|^~w,5,156749,,,false,9
,IXNUS|^~w,6,160661,,,false,9
,IXNUS|^~w,7,160940,,,false,9
,IXNUS|^~w,8,170371,,,false,9
,IXNUS|^~w,9,179311,,,false,9
,IqddY{~~w,0,183363,,,false,9
,IqddY{~~w,1,176377,,,false,9
,IqddY{~~w,2,174352,,,false,9
,IqddY{~~w,3,164782,,,false,9
,IqddY{~~w,4,165690,,,false,9
,IqddY{~~w,5,169602,,,false,9
,IqddY{~~w,6,161430,,,false,9
,IqddY{~~w,7,163455,,,false,9
,IqddY{~~w,8,161709,,,false,9
,IqddY{~~w,9,165620,,,false,9
,I{O_w~~~w,0,196635,,,false,9
,I{O_w~~~w,1,194260,,,false,9
,I{O_w~~~w,2,177914,,,false,9
,I{O_w~~~w,3,176029,,,false,9
,I{O_w~~~w,4,171278,,,false,9
,I{O_w~~~w,5,164573,,,false,9
,I{O_w~~~w,6,174143,,,false,9
,I{O_w~~~w,7,162756,,,false,9
,I{O_w~~~w,8,164643,,,false,9
,I{O_w~~~w,9,164852,,,false,9
,IoFvQ{~~w,0,177845,,,false,9
,IoFvQ{~~w,1,183573,,,false,9
,IoFvQ{~~w,2,170999,,,false,9
,IoFvQ{~~w,3,169392,,,false,9
,IoFvQ{~~w,4,169812,,,false,9
,IoFvQ{~~w,5,167715,,,false,9
,IoFvQ{~~w,6,163176,,,false,9
,IoFvQ{~~w,7,176587,,,false,9
,IoFvQ{~~w,8,163316,,,false,9
,IoFvQ{~~w,9,174282,,,false,9
,IWNVS|^~w,0,174911,,,false,9
,IWNVS|^~w,1,168764,,,false,9
,IWNVS|^~w,2,168065,,,false,9
,IWNVS|^~w,3,174981,,,false,9
,IWNVS|^~w,4,166110,,,false,9
,IWNVS|^~w,5,165620,,,false,9
,IWNVS|^~w,6,165970,,,false,9
,IWNVS|^~w,7,165411,,,false,9
,IWNVS|^~w,8,173165,,,false,9
,IWNVS|^~w,9,165131,,,false,9
,IxGW}nN~w,0,173723,,,false,9
,IxGW}nN~w,1,171278,,,false,9
,IxGW}nN~w,2,168065,,,false,9
,IxGW}nN~w,3,168624,,,false,9
,IxGW}nN~w,4,170300,,,false,9
,IxGW}nN~w,5,166039,,,false,9
,IxGW}nN~w,6,166109,,,false,9
,IxGW}nN~w,7,169043,,,false,9
,IxGW}nN~w,8,165481,,,false,9
,IxGW}nN~w,9,164922,,,false,9
,I{N?w|n~w,0,182804,,,false,9
,I{N?w|n~w,1,164014,,,false,9
,I{N?w|n~w,2,167087,,,false,9
,I{N?w|n~w,3,165621,,,false,9
,I{N?w|n~w,4,166808,,,false,9
,I{N?w|n~w,5,167716,,,false,9
,I{N?w|n~w,6,174631,,,false,9
,I{N?w|n~w,7,166878,,,false,9
,I{N?w|n~w,8,167087,,,false,9
,I{N?w|n~w,9,167087,,,false,9
,IqJTY{~~w,0,176866,,,false,9
,IqJTY{~~w,1,180010,,,false,9
,IqJTY{~~w,2,168973,,,false,9
,IqJTY{~~w,3,167786,,,false,9
,IqJTY{~~w,4,167506,,,false,9
,IqJTY{~~w,5,163246,,,false,9
,IqJTY{~~w,6,178264,,,false,9
,IqJTY{~~w,7,171977,,,false,9
,IqJTY{~~w,8,167507,,,false,9
,IqJTY{~~w,9,166598,,,false,9
,IANLfN~~w,0,178892,,,false,9
,IANLfN~~w,1,171837,,,false,9
,IANLfN~~w,2,178753,,,false,9
,IANLfN~~w,3,169741,,,false,9
,IANLfN~~w,4,168904,,,false,9
,IANLfN~~w,5,168414,,,false,9
,IANLfN~~w,6,173095,,,false,9
,IANLfN~~w,7,173863,,,false,9
,IANLfN~~w,8,175469,,,false,9
,IANLfN~~w,9,170231,,,false,9
,IsOax~~~w,0,178753,,,false,9
,IsOax~~~w,1,173094,,,false,9
,IsOax~~~w,2,171488,,,false,9
,IsOax~~~w,3,171418,,,false,9
,IsOax~~~w,4,179102,,,false,9
,IsOax~~~w,5,165621,,,false,9
,IsOax~~~w,6,170370,,,false,9
,IsOax~~~w,7,169742,,,false,9
,IsOax~~~w,8,170021,,,false,9
,IsOax~~~w,9,177635,,,false,9
,Ik`rX}^~w,0,177147,,,false,9
,Ik`rX}^~w,1,172326,,,false,9
,Ik`rX}^~w,2,172675,,,false,9
,Ik`rX}^~w,3,170999,,,false,9
,Ik`rX}^~w,4,171139,,,false,9
,Ik`rX}^~w,5,179451,,,false,9
,Ik`rX}^~w,6,167297,,,false,9
,Ik`rX}^~w,7,170370,,,false,9
,Ik`rX}^~w,8,170790,,,false,9
,Ik`rX}^~w,9,170021,,,false,9
,Is`rY{~~w,0,187205,,,false,9
,Is`rY{~~w,1,173793,,,false,9
,Is`rY{~~w,2,174981,,,false,9
,Is`rY{~~w,3,171558,,,false,9
,Is`rY{~~w,4,171977,,,false,9
,Is`rY{~~w,5,172676,,,false,9
,Is`rY{~~w,6,181966,,,false,9
,Is`rY{~~w,7,166877,,,false,9
,Is`rY{~~w,8,172606,,,false,9
,Is`rY{~~w,9,172466,,,false,9
,IqGTY~~~w,0,177984,,,false,9
,IqGTY~~~w,1,182385,,,false,9
,IqGTY~~~w,2,171209,,,false,9
,IqGTY~~~w,3,176587,,,false,9
,IqGTY~~~w,4,171488,,,false,9
,IqGTY~~~w,5,169951,,,false,9
,IqGTY~~~w,6,170161,,,false,9
,IqGTY~~~w,7,174283,,,false,9
,IqGTY~~~w,8,170300,,,false,9
,IqGTY~~~w,9,170440,,,false,9
,I@?GE?qBg,0,18790,,,false,3
,I@?GE?qBg,1,20188,,,false,3
,I@?GE?qBg,2,12853,,,false,3
,I@?GE?qBg,3,12364,,,false,3
,I@?GE?qBg,4,12434,,,false,3
,I@?GE?qBg,5,11875,,,false,3
,I@?GE?qBg,6,12922,,,false,3
,I@?GE?qBg,7,12364,,,false,3
,I@?GE?qBg,8,12434,,,false,3
,I@?GE?qBg,9,11805,,,false,3
,IDhzv~}~g,0,194329,,,false,9
,IDhzv~}~g,1,188951,,,false,9
,IDhzv~}~g,2,179452,,,false,9
,IDhzv~}~g,3,178054,,,false,9
,IDhzv~}~g,4,177146,,,false,9
,IDhzv~}~g,5,177146,,,false,9
,IDhzv~}~g,6,177286,,,false,9
,IDhzv~}~g,7,185528,,,false,9
,IDhzv~}~g,8,181197,,,false,9
,IDhzv~}~g,9,177426,,,false,9
,I???[``Bw,0,24938,,,false,3
,I???[``Bw,1,20746,,,false,3
,I???[``Bw,2,18511,,,false,3
,I???[``Bw,3,19209,,,false,3
,I???[``Bw,4,18581,,,false,3
,I???[``Bw,5,18930,,,false,3
,I???[``Bw,6,19139,,,false,3
,I???[``Bw,7,18651,,,false,3
,I???[``Bw,8,18511,,,false,3
,I???[``Bw,9,18511,,,false,3
,IBXm}}~nw,0,201804,,,false,9
,IBXm}}~nw,1,184620,,,false,9
,IBXm}}~nw,2,181966,,,false,9
,IBXm}}~nw,3,179870,,,false,9
,IBXm}}~nw,4,180569,,,false,9
,IBXm}}~nw,5,185039,,,false,9
,IBXm}}~nw,6,187973,,,false,9
,IBXm}}~nw,7,174072,,,false,9
,IBXm}}~nw,8,179032,,,false,9
,IBXm}}~nw,9,178544,,,false,9
,IugGhXbT_,0,174072,,,false,9
,IugGhXbT_,1,169043,,,false,9
,IugGhXbT_,2,168973,,,false,9
,IugGhXbT_,3,157377,,,false,9
,IugGhXbT_,4,156610,,,false,9
,IugGhXbT_,5,156330,,,false,9
,IugGhXbT_,6,155352,,,false,9
,IugGhXbT_,7,159893,,,false,9
,IugGhXbT_,8,155562,,,false,9
,IugGhXbT_,9,155561,,,false,9
,IwC]dTNLw,0,178124,,,false,9
,IwC]dTNLw,1,170649,,,false,9
,IwC]dTNLw,2,167367,,,false,9
,IwC]dTNLw,3,170929,,,false,9
,IwC]dTNLw,4,164922,,,false,9
,IwC]dTNLw,5,163664,,,false,9
,IwC]dTNLw,6,163874,,,false,9
,IwC]dTNLw,7,163455,,,false,9
,IwC]dTNLw,8,163944,,,false,9
,IwC]dTNLw,9,172256,,,false,9
,I?i]PlUYW,0,183922,,,false,9
,I?i]PlUYW,1,173653,,,false,9
,I?i]PlUYW,2,169882,,,false,9
,I?i]PlUYW,3,167925,,,false,9
,I?i]PlUYW,4,174841,,,false,9
,I?i]PlUYW,5,171558,,,false,9
,I?i]PlUYW,6,165481,,,false,9
,I?i]PlUYW,7,165201,,,false,9
,I?i]PlUYW,8,164782,,,false,9
,I?i]PlUYW,9,164922,,,false,9
,I_GOGPbcw,0,192164,,,false,9
,I_GOGPbcw,1,164573,,,false,9
,I_GOGPbcw,2,162756,,,false,9
,I_GOGPbcw,3,160311,,,false,9
,I_GOGPbcw,4,158146,,,false,9
,I_GOGPbcw,5,157238,,,false,9
,I_GOGPbcw,6,165411,,,false,9
,I_GOGPbcw,7,155910,,,false,9
,I_GOGPbcw,8,155213,,,false,9
,I_GOGPbcw,9,155631,,,false,9
,I`@?X?X`w,0,56720,,,false,6
,I`@?X?X`w,1,48617,,,false,6
,I`@?X?X`w,2,45684,,,false,6
,I`@?X?X`w,3,45194,,,false,6
,I`@?X?X`w,4,44706,,,false,6
,I`@?X?X`w,5,44845,,,false,6
,I`@?X?X`w,6,44287,,,false,6
,I`@?X?X`w,7,53507,,,false,6
,I`@?X?X`w,8,44286,,,false,6
,I`@?X?X`w,9,44706,,,false,6
,I_D@?ekBw,0,176797,,,false,9
,I_D@?ekBw,1,171488,,,false,9
,I_D@?ekBw,2,165131,,,false,9
,I_D@?ekBw,3,164014,,,false,9
,I_D@?ekBw,4,170999,,,false,9
,I_D@?ekBw,5,161918,,,false,9
,I_D@?ekBw,6,158775,,,false,9
,I_D@?ekBw,7,158146,,,false,9
,I_D@?ekBw,8,157797,,,false,9
,I_D@?ekBw,9,157168,,,false,9
,IBAH?SFqW,0,108341,,,false,6
,IBAH?SFqW,1,99260,,,false,6
,IBAH?SFqW,2,86268,,,false,6
,IBAH?SFqW,3,84661,,,false,6
,IBAH?SFqW,4,84033,,,false,6
,IBAH?SFqW,5,82565,,,false,6
,IBAH?SFqW,6,83404,,,false,6
,IBAH?SFqW,7,83544,,,false,6
,IBAH?SFqW,8,83125,,,false,6
,IBAH?SFqW,9,82076,,,false,6
,I`?KQScDG,0,62937,,,false,6
,I`?KQScDG,1,43378,,,false,6
,I`?KQScDG,2,40165,,,false,6
,I`?KQScDG,3,47709,,,false,6
,I`?KQScDG,4,39188,,,false,6
,I`?KQScDG,5,39047,,,false,6
,I`?KQScDG,6,39048,,,false,6
,I`?KQScDG,7,38698,,,false,6
,I`?KQScDG,8,39047,,,false,6
,I`?KQScDG,9,38978,,,false,6
,I`?DYySYG,0,176587,,,false,9
,I`?DYySYG,1,163175,,,false,9
,I`?DYySYG,2,158147,,,false,9
,I`?DYySYG,3,156819,,,false,9
,I`?DYySYG,4,164642,,,false,9
,I`?DYySYG,5,155422,,,false,9
,I`?DYySYG,6,155702,,,false,9
,I`?DYySYG,7,155072,,,false,9
,I`?DYySYG,8,156470,,,false,9
,I`?DYySYG,9,155561,,,false,9
,IqGO?KJ~_,0,184341,,,false,9
,IqGO?KJ~_,1,164992,,,false,9
,IqGO?KJ~_,2,160522,,,false,9
,IqGO?KJ~_,3,158147,,,false,9
,IqGO?KJ~_,4,157169,,,false,9
,IqGO?KJ~_,5,156959,,,false,9
,IqGO?KJ~_,6,156889,,,false,9
,IqGO?KJ~_,7,152418,,,false,9
,IqGO?KJ~_,8,156819,,,false,9
,IqGO?KJ~_,9,156959,,,false,9
,IqGOOKF}G,0,165062,,,false,9
,IqGOOKF}G,1,167506,,,false,9
,IqGOOKF}G,2,157378,,,false,9
,IqGOOKF}G,3,156050,,,false,9
,IqGOOKF}G,4,155492,,,false,9
,IqGOOKF}G,5,154863,,,false,9
,IqGOOKF}G,6,154654,,,false,9
,IqGOOKF}G,7,155073,,,false,9
,IqGOOKF}G,8,164223,,,false,9
,IqGOOKF}G,9,150463,,,false,9
,IoDH?ebVG,0,169462,,,false,9
,IoDH?ebVG,1,160521,,,false,9
,IoDH?ebVG,2,156539,,,false,9
,IoDH?ebVG,3,154165,,,false,9
,IoDH?ebVG,4,161359,,,false,9
,IoDH?ebVG,5,152697,,,false,9
,IoDH?ebVG,6,152209,,,false,9
,IoDH?ebVG,7,152697,,,false,9
,IoDH?ebVG,8,152838,,,false,9
,IoDH?ebVG,9,154025,,,false,9
,Ik?WPCF}?,0,183572,,,false,9
,Ik?WPCF}?,1,161430,,,false,9
,Ik?WPCF}?,2,159822,,,false,9
,Ik?WPCF}?,3,158356,,,false,9
,Ik?WPCF}?,4,157658,,,false,9
,Ik?WPCF}?,5,157658,,,false,9
,Ik?WPCF}?,6,159613,,,false,9
,Ik?WPCF}?,7,166598,,,false,9
,Ik?WPCF}?,8,155422,,,false,9
,Ik?WPCF}?,9,155212,,,false,9
,IoDPS@TIo,0,179730,,,false,9
,IoDPS@TIo,1,170580,,,false,9
,IoDPS@TIo,2,176797,,,false,9
,IoDPS@TIo,3,160311,,,false,9
,IoDPS@TIo,4,163106,,,false,9
,IoDPS@TIo,5,170929,,,false,9
,IoDPS@TIo,6,155771,,,false,9
,IoDPS@TIo,7,173374,,,false,9
,IoDPS@TIo,8,158914,,,false,9
,IoDPS@TIo,9,158985,,,false,9
,I`HSU?JLG,0,172815,,,false,9
,I`HSU?JLG,1,165550,,,false,9
,I`HSU?JLG,2,161569,,,false,9
,I`HSU?JLG,3,169392,,,false,9
,I`HSU?JLG,4,158845,,,false,9
,I`HSU?JLG,5,163385,,,false,9
,I`HSU?JLG,6,156819,,,false,9
,I`HSU?JLG,7,156679,,,false,9
,I`HSU?JLG,8,155422,,,false,9
,I`HSU?JLG,9,163944,,,false,9
,I`IQU?FMG,0,167925,,,false,9
,I`IQU?FMG,1,162267,,,false,9
,I`IQU?FMG,2,161290,,,false,9
,I`IQU?FMG,3,158495,,,false,9
,I`IQU?FMG,4,174003,,,false,9
,I`IQU?FMG,5,172605,,,false,9
,I`IQU?FMG,6,157588,,,false,9
,I`IQU?FMG,7,157378,,,false,9
,I`IQU?FMG,8,156539,,,false,9
,I`IQU?FMG,9,156819,,,false,9
,Io@POgJ}?,0,177984,,,false,9
,Io@POgJ}?,1,176238,,,false,9
,Io@POgJ}?,2,171628,,,false,9
,Io@POgJ}?,3,161429,,,false,9
,Io@POgJ}?,4,159404,,,false,9
,Io@POgJ}?,5,159194,,,false,9
,Io@POgJ}?,6,157169,,,false,9
,Io@POgJ}?,7,166319,,,false,9
,Io@POgJ}?,8,153536,,,false,9
,Io@POgJ}?,9,157378,,,false,9
,I_?pShI}?,0,177635,,,false,9
,I_?pShI}?,1,170231,,,false,9
,I_?pShI}?,2,165131,,,false,9
,I_?pShI}?,3,171977,,,false,9
,I_?pShI}?,4,161220,,,false,9
,I_?pShI}?,5,161778,,,false,9
,I_?pShI}?,6,159543,,,false,9
,I_?pShI}?,7,158146,,,false,9
,I_?pShI}?,8,157518,,,false,9
,I_?pShI}?,9,165830,,,false,9
