name,graph_g6,iteration,runtime,allocated_bytes,peak_bytes,timeout,treewidth
,H??????,0,14597,,,false,2
,H??????,1,6285,,,false,2
,H??????,2,4819,,,false,2
,H??????,3,6635,,,false,2
,H??????,4,5238,,,false,2
,H??????,5,6286,,,false,2
,H??????,6,4330,,,false,2
,H??????,7,6215,,,false,2
,H??????,8,4260,,,false,2
,H??????,9,4819,,,false,2
,HqGOOKF,0,31498,,,false,6
,HqGOOKF,1,30520,,,false,6
,HqGOOKF,2,17600,,,false,6
,HqGOOKF,3,17670,,,false,6
,HqGOOKF,4,16762,,,false,6
,HqGOOKF,5,16622,,,false,6
,HqGOOKF,6,17181,,,false,6
,HqGOOKF,7,16343,,,false,6
,HqGOOKF,8,16623,,,false,6
,HqGOOKF,9,16762,,,false,6
,HI?GPGQ,0,42253,,,false,6
,HI?GPGQ,1,35339,,,false,6
,HI?GPGQ,2,26610,,,false,6
,HI?GPGQ,3,26190,,,false,6
,HI?GPGQ,4,26190,,,false,6
,HI?GPGQ,5,26260,,,false,6
,HI?GPGQ,6,26679,,,false,6
,HI?GPGQ,7,26050,,,false,6
,HI?GPGQ,8,25841,,,false,6
,HI?GPGQ,9,26260,,,false,6
,H?CQPJ_,0,85694,,,false,5
,H?CQPJ_,1,29053,,,false,5
,H?CQPJ_,2,24584,,,false,5
,H?CQPJ_,3,24654,,,false,5
,H?CQPJ_,4,24375,,,false,5
,H?CQPJ_,5,23397,,,false,5
,H?CQPJ_,6,24794,,,false,5
,H?CQPJ_,7,24375,,,false,5
,H?CQPJ_,8,24235,,,false,5
,H?CQPJ_,9,24235,,,false,5
,H??[Aci,0,29123,,,false,6
,H??[Aci,1,24723,,,false,6
,H??[Aci,2,24234,,,false,6
,H??[Aci,3,24375,,,false,6
,H??[Aci,4,24305,,,false,6
,H??[Aci,5,23746,,,false,6
,H??[Aci,6,24165,,,false,6
,H??[Aci,7,23816,,,false,6
,H??[Aci,8,23816,,,false,6
,H??[Aci,9,24375,,,false,6
,H???F~~,0,20254,,,false,5
,H???F~~,1,18368,,,false,5
,H???F~~,2,17740,,,false,5
,H???F~~,3,17530,,,false,5
,H???F~~,4,17739,,,false,5
,H???F~~,5,17739,,,false,5
,H???F~~,6,17530,,,false,5
,H???F~~,7,17111,,,false,5
,H???F~~,8,17251,,,false,5
,H???F~~,9,17042,,,false,5
,H????CB,0,6146,,,false,2
,H????CB,1,5308,,,false,2
,H????CB,2,5168,,,false,2
,H????CB,3,4679,,,false,2
,H????CB,4,9499,,,false,2
,H????CB,5,4749,,,false,2
,H????CB,6,5098,,,false,2
,H????CB,7,7123,,,false,2
,H????CB,8,4889,,,false,2
,H????CB,9,4819,,,false,2
,H?~~~~~,0,447680,,,false,8
,H?~~~~~,1,433572,,,false,8
,H?~~~~~,2,448029,,,false,8
,H?~~~~~,3,425331,,,false,8
,H?~~~~~,4,471007,,,false,8
,H?~~~~~,5,476664,,,false,8
,H?~~~~~,6,459553,,,false,8
,H?~~~~~,7,427007,,,false,8
,H?~~~~~,8,460182,,,false,8
,H?~~~~~,9,491470,,,false,8
,HwCW?CB,0,7753,,,false,2
,HwCW?CB,1,6565,,,false,2
,HwCW?CB,2,6146,,,false,2
,HwCW?CB,3,6285,,,false,2
,HwCW?CB,4,6146,,,false,2
,HwCW?CB,5,5587,,,false,2
,HwCW?CB,6,6146,,,false,2
,HwCW?CB,7,5797,,,false,2
,HwCW?CB,8,6076,,,false,2
,HwCW?CB,9,6146,,,false,2
,H`B@_WJ,0,14388,,,false,3
,H`B@_WJ,1,11803,,,false,3
,H`B@_WJ,2,13480,,,false,3
,H`B@_WJ,3,12851,,,false,3
,H`B@_WJ,4,12991,,,false,3
,H`B@_WJ,5,12851,,,false,3
,H`B@_WJ,6,11105,,,false,3
,H`B@_WJ,7,12780,,,false,3
,H`B@_WJ,8,13479,,,false,3
,H`B@_WJ,9,10896,,,false,3
,H???ONs,0,13759,,,false,3
,H???ONs,1,10826,,,false,3
,H???ONs,2,9918,,,false,3
,H???ONs,3,10127,,,false,3
,H???ONs,4,10476,,,false,3
,H???ONs,5,10057,,,false,3
,H???ONs,6,9988,,,false,3
,H???ONs,7,10197,,,false,3
,H???ONs,8,10407,,,false,3
,H???ONs,9,10057,,,false,3
,H?????@,0,5867,,,false,2
,H?????@,1,5587,,,false,2
,H?????@,2,4749,,,false,2
,H?????@,3,4749,,,false,2
,H?????@,4,6285,,,false,2
,H?????@,5,4679,,,false,2
,H?????@,6,4819,,,false,2
,H?????@,7,5308,,,false,2
,H?????@,8,6216,,,false,2
,H?????@,9,4679,,,false,2
,H??F~~~,0,490143,,,false,8
,H??F~~~,1,506626,,,false,8
,H??F~~~,2,506835,,,false,8
,H??F~~~,3,543362,,,false,8
,H??F~~~,4,469330,,,false,8
,H??F~~~,5,493775,,,false,8
,H??F~~~,6,485184,,,false,8
,H??F~~~,7,490073,,,false,8
,H??F~~~,8,475686,,,false,8
,H??F~~~,9,511863,,,false,8
,HGC?G?@,0,7124,,,false,3
,HGC?G?@,1,5797,,,false,3
,HGC?G?@,2,6146,,,false,3
,HGC?G?@,3,5657,,,false,3
,HGC?G?@,4,5797,,,false,3
,HGC?G?@,5,8521,,,false,3
,HGC?G?@,6,5587,,,false,3
,HGC?G?@,7,7193,,,false,3
,HGC?G?@,8,5727,,,false,3
,HGC?G?@,9,5797,,,false,3
,H??__RF,0,22070,,,false,2
,H??__RF,1,18996,,,false,2
,H??__RF,2,13759,,,false,2
,H??__RF,3,14247,,,false,2
,H??__RF,4,13619,,,false,2
,H??__RF,5,13828,,,false,2
,H??__RF,6,13828,,,false,2
,H??__RF,7,13968,,,false,2
,H??__RF,8,13689,,,false,2
,H??__RF,9,13480,,,false,2
,H{_yqgj,0,495591,,,false,8
,H{_yqgj,1,432035,,,false,8
,H{_yqgj,2,431267,,,false,8
,H{_yqgj,3,448937,,,false,8
,H{_yqgj,4,436226,,,false,8
,H{_yqgj,5,430149,,,false,8
,H{_yqgj,6,410314,,,false,8
,H{_yqgj,7,447959,,,false,8
,H{_yqgj,8,454384,,,false,8
,H{_yqgj,9,450194,,,false,8
,H?aFbx{,0,451870,,,false,8
,H?aFbx{,1,464302,,,false,8
,H?aFbx{,2,494892,,,false,8
,H?aFbx{,3,496219,,,false,8
,H?aFbx{,4,430499,,,false,8
,H?aFbx{,5,435108,,,false,8
,H?aFbx{,6,498454,,,false,8
,H?aFbx{,7,490142,,,false,8
,H?aFbx{,8,437902,,,false,8
,H?aFbx{,9,427425,,,false,8
,H???GKF,0,7613,,,false,3
,H???GKF,1,5727,,,false,3
,H???GKF,2,8102,,,false,3
,H???GKF,3,5657,,,false,3
,H???GKF,4,7263,,,false,3
,H???GKF,5,5587,,,false,3
,H???GKF,6,5657,,,false,3
,H???GKF,7,7264,,,false,3
,H???GKF,8,6076,,,false,3
,H???GKF,9,8590,,,false,3
,H@Kxx{~,0,40717,,,false,6
,H@Kxx{~,1,24724,,,false,6
,H@Kxx{~,2,24235,,,false,6
,H@Kxx{~,3,24305,,,false,6
,H@Kxx{~,4,23397,,,false,6
,H@Kxx{~,5,23885,,,false,6
,H@Kxx{~,6,23955,,,false,6
,H@Kxx{~,7,23885,,,false,6
,H@Kxx{~,8,23746,,,false,6
,H@Kxx{~,9,23606,,,false,6
,H@Kxx~~,0,475477,,,false,6
,H@Kxx~~,1,451870,,,false,6
,H@Kxx~~,2,413388,,,false,6
,H@Kxx~~,3,431476,,,false,6
,H@Kxx~~,4,452638,,,false,6
,H@Kxx~~,5,445166,,,false,6
,H@Kxx~~,6,413248,,,false,6
,H@Kxx~~,7,411153,,,false,6
,H@Kxx~~,8,485184,,,false,6
,H@Kxx~~,9,444607,,,false,6
,H????F|,0,8591,,,false,3
,H????F|,1,7054,,,false,3
,H????F|,2,6705,,,false,3
,H????F|,3,6635,,,false,3
,H????F|,4,6635,,,false,3
,H????F|,5,6704,,,false,3
,H????F|,6,6774,,,false,3
,H????F|,7,6635,,,false,3
,H????F|,8,6216,,,false,3
,H????F|,9,6286,,,false,3
,H}q|r|},0,444607,,,false,8
,H}q|r|},1,432943,,,false,8
,H}q|r|},2,453686,,,false,8
,H}q|r|},3,444677,,,false,8
,H}q|r|},4,450403,,,false,8
,H}q|r|},5,430150,,,false,8
,H}q|r|},6,442441,,,false,8
,H}q|r|},7,445654,,,false,8
,H}q|r|},8,447401,,,false,8
,H}q|r|},9,436994,,,false,8
,H???GN~,0,10755,,,false,3
,H???GN~,1,9428,,,false,3
,H???GN~,2,9010,,,false,3
,H???GN~,3,8940,,,false,3
,H???GN~,4,8591,,,false,3
,H???GN~,5,8590,,,false,3
,H???GN~,6,8520,,,false,3
,H???GN~,7,8171,,,false,3
,H???GN~,8,8101,,,false,3
,H???GN~,9,8102,,,false,3
,HF~~vnn,0,464581,,,false,8
,HF~~vnn,1,473940,,,false,8
,HF~~vnn,2,473869,,,false,8
,HF~~vnn,3,470587,,,false,8
,HF~~vnn,4,469959,,,false,8
,HF~~vnn,5,474778,,,false,8
,HF~~vnn,6,463185,,,false,8
,HF~~vnn,7,476105,,,false,8
,HF~~vnn,8,469330,,,false,8
,HF~~vnn,9,478969,,,false,8
,HF~~~~~,0,487140,,,false,8
,HF~~~~~,1,477153,,,false,8
,HF~~~~~,2,469889,,,false,8
,HF~~~~~,3,469819,,,false,8
,HF~~~~~,4,459273,,,false,8
,HF~~~~~,5,472892,,,false,8
,HF~~~~~,6,471355,,,false,8
,HF~~~~~,7,478340,,,false,8
,HF~~~~~,8,460461,,,false,8
,HF~~~~~,9,486092,,,false,8
,H~?GW[N,0,35968,,,false,4
,H~?GW[N,1,31917,,,false,4
,H~?GW[N,2,31009,,,false,4
,H~?GW[N,3,30032,,,false,4
,H~?GW[N,4,29543,,,false,4
,H~?GW[N,5,29473,,,false,4
,H~?GW[N,6,29054,,,false,4
,H~?GW[N,7,29613,,,false,4
,H~?GW[N,8,29333,,,false,4
,H~?GW[N,9,29264,,,false,4
,HwCW~?^,0,26191,,,false,5
,HwCW~?^,1,27657,,,false,5
,HwCW~?^,2,22419,,,false,5
,HwCW~?^,3,22419,,,false,5
,HwCW~?^,4,21999,,,false,5
,HwCW~?^,5,22489,,,false,5
,HwCW~?^,6,22628,,,false,5
,HwCW~?^,7,21720,,,false,5
,HwCW~?^,8,21581,,,false,5
,HwCW~?^,9,21511,,,false,5
,HwC^?~{,0,49448,,,false,5
,HwC^?~{,1,43092,,,false,5
,HwC^?~{,2,48400,,,false,5
,HwC^?~{,3,40368,,,false,5
,HwC^?~{,4,40018,,,false,5
,HwC^?~{,5,40088,,,false,5
,HwC^?~{,6,40577,,,false,5
,HwC^?~{,7,40507,,,false,5
,HwC^?~{,8,40438,,,false,5
,HwC^?~{,9,39949,,,false,5
,HqN~~~~,0,464860,,,false,8
,HqN~~~~,1,486860,,,false,8
,HqN~~~~,2,475896,,,false,8
,HqN~~~~,3,491819,,,false,8
,HqN~~~~,4,485813,,,false,8
,HqN~~~~,5,492307,,,false,8
,HqN~~~~,6,473730,,,false,8
,HqN~~~~,7,491051,,,false,8
,HqN~~~~,8,485953,,,false,8
,HqN~~~~,9,492238,,,false,8
,HJ\zz|~,0,283205,,,false,7
,HJ\zz|~,1,279643,,,false,7
,HJ\zz|~,2,286557,,,false,7
,HJ\zz|~,3,267072,,,false,7
,HJ\zz|~,4,267281,,,false,7
,HJ\zz|~,5,266653,,,false,7
,HJ\zz|~,6,269725,,,false,7
,HJ\zz|~,7,256176,,,false,7
,HJ\zz|~,8,260018,,,false,7
,HJ\zz|~,9,273986,,,false,7
,HJ\zz~~,0,509070,,,false,8
,HJ\zz~~,1,522200,,,false,8
,HJ\zz~~,2,526600,,,false,8
,HJ\zz~~,3,559635,,,false,8
,HJ\zz~~,4,509489,,,false,8
,HJ\zz~~,5,536727,,,false,8
,HJ\zz~~,6,530162,,,false,8
,HJ\zz~~,7,519545,,,false,8
,HJ\zz~~,8,503343,,,false,8
,HJ\zz~~,9,527298,,,false,8
,H~z\z|~,0,472403,,,false,8
,H~z\z|~,1,460531,,,false,8
,H~z\z|~,2,441883,,,false,8
,H~z\z|~,3,477502,,,false,8
,H~z\z|~,4,476594,,,false,8
,H~z\z|~,5,465978,,,false,8
,H~z\z|~,6,443769,,,false,8
,H~z\z|~,7,473730,,,false,8
,H~z\z|~,8,469330,,,false,8
,H~z\z|~,9,473800,,,false,8
,H~z\z~~,0,473381,,,false,8
,H~z\z~~,1,492796,,,false,8
,H~z\z~~,2,510466,,,false,8
,H~z\z~~,3,509559,,,false,8
,H~z\z~~,4,468492,,,false,8
,H~z\z~~,5,492238,,,false,8
,H~z\z~~,6,506695,,,false,8
,H~z\z~~,7,503901,,,false,8
,H~z\z~~,8,458086,,,false,8
,H~z\z~~,9,490842,,,false,8
,H^~~~~~,0,545038,,,false,8
,H^~~~~~,1,525412,,,false,8
,H^~~~~~,2,461369,,,false,8
,H^~~~~~,3,492378,,,false,8
,H^~~~~~,4,507673,,,false,8
,H^~~~~~,5,497686,,,false,8
,H^~~~~~,6,442791,,,false,8
,H^~~~~~,7,482042,,,false,8
,H^~~~~~,8,507603,,,false,8
,H^~~~~~,9,503273,,,false,8
,H~~~~~~,0,479527,,,false,8
,H~~~~~~,1,500968,,,false,8
,H~~~~~~,2,513818,,,false,8
,H~~~~~~,3,508092,,,false,8
,H~~~~~~,4,477013,,,false,8
,H~~~~~~,5,497616,,,false,8
,H~~~~~~,6,505298,,,false,8
,H~~~~~~,7,500689,,,false,8
,H~~~~~~,8,474988,,,false,8
,H~~~~~~,9,492517,,,false,8
,H?B~vrw,0,475546,,,false,8
,H?B~vrw,1,470727,,,false,8
,H?B~vrw,2,456689,,,false,8
,H?B~vrw,3,502644,,,false,8
,H?B~vrw,4,463882,,,false,8
,H?B~vrw,5,504670,,,false,8
,H?B~vrw,6,456270,,,false,8
,H?B~vrw,7,469051,,,false,8
,H?B~vrw,8,460321,,,false,8
,H?B~vrw,9,471705,,,false,8
,H?B~~~~,0,509000,,,false,8
,H?B~~~~,1,513330,,,false,8
,H?B~~~~,2,489723,,,false,8
,H?B~~~~,3,504879,,,false,8
,H?B~~~~,4,496358,,,false,8
,H?B~~~~,5,498523,,,false,8
,H?B~~~~,6,487419,,,false,8
,H?B~~~~,7,496708,,,false,8
,H?B~~~~,8,489445,,,false,8
,H?B~~~~,9,501457,,,false,8
,H`?G?CB,0,11384,,,false,2
,H`?G?CB,1,9149,,,false,2
,H`?G?CB,2,8101,,,false,2
,H`?G?CB,3,8241,,,false,2
,H`?G?CB,4,8032,,,false,2
,H`?G?CB,5,8102,,,false,2
,H`?G?CB,6,7752,,,false,2
,H`?G?CB,7,8451,,,false,2
,H`?G?CB,8,8102,,,false,2
,H`?G?CB,9,7753,,,false,2
,H@GOQIA,0,29822,,,false,2
,H@GOQIA,1,25701,,,false,2
,H@GOQIA,2,23816,,,false,2
,H@GOQIA,3,22978,,,false,2
,H@GOQIA,4,23397,,,false,2
,H@GOQIA,5,22978,,,false,2
,H@GOQIA,6,22908,,,false,2
,H@GOQIA,7,22769,,,false,2
,H@GOQIA,8,22698,,,false,2
,H@GOQIA,9,22768,,,false,2
,H?DCP_d,0,26190,,,false,3
,H?DCP_d,1,24793,,,false,3
,H?DCP_d,2,24234,,,false,3
,H?DCP_d,3,21860,,,false,3
,H?DCP_d,4,20533,,,false,3
,H?DCP_d,5,20184,,,false,3
,H?DCP_d,6,20114,,,false,3
,H?DCP_d,7,21860,,,false,3
,H?DCP_d,8,20393,,,false,3
,H?DCP_d,9,20044,,,false,3
,H???GGB,0,7124,,,false,3
,H???GGB,1,5657,,,false,3
,H???GGB,2,5238,,,false,3
,H???GGB,3,5797,,,false,3
,H???GGB,4,5727,,,false,3
,H???GGB,5,7612,,,false,3
,H???GGB,6,5866,,,false,3
,H???GGB,7,5238,,,false,3
,H???GGB,8,6705,,,false,3
,H???GGB,9,5727,,,false,3
,H@G?GgI,0,26680,,,false,6
,H@G?GgI,1,20393,,,false,6
,H@G?GgI,2,20463,,,false,6
,H@G?GgI,3,19485,,,false,6
,H@G?GgI,4,19765,,,false,6
,H@G?GgI,5,19485,,,false,6
,H@G?GgI,6,20044,,,false,6
,H@G?GgI,7,19556,,,false,6
,H@G?GgI,8,19835,,,false,6
,H@G?GgI,9,20044,,,false,6
,H??IPio,0,24374,,,false,3
,H??IPio,1,20603,,,false,3
,H??IPio,2,19765,,,false,3
,H??IPio,3,19485,,,false,3
,H??IPio,4,19136,,,false,3
,H??IPio,5,18926,,,false,3
,H??IPio,6,18577,,,false,3
,H??IPio,7,19206,,,false,3
,H??IPio,8,19067,,,false,3
,H??IPio,9,18997,,,false,3
,HoCOPHA,0,31359,,,false,5
,HoCOPHA,1,27587,,,false,5
,HoCOPHA,2,26050,,,false,5
,HoCOPHA,3,25841,,,false,5
,HoCOPHA,4,25771,,,false,5
,HoCOPHA,5,25772,,,false,5
,HoCOPHA,6,25771,,,false,5
,HoCOPHA,7,25771,,,false,5
,HoCOPHA,8,25632,,,false,5
,HoCOPHA,9,25701,,,false,5
,H?G?iIW,0,24305,,,false,2
,H?G?iIW,1,21860,,,false,2
,H?G?iIW,2,20812,,,false,2
,H?G?iIW,3,28076,,,false,2
,H?G?iIW,4,19416,,,false,2
,H?G?iIW,5,18647,,,false,2
,H?G?iIW,6,18647,,,false,2
,H?G?iIW,7,18927,,,false,2
,H?G?iIW,8,18997,,,false,2
,H?G?iIW,9,18647,,,false,2
,H?A?ISq,0,18857,,,false,3
,H?A?ISq,1,15714,,,false,3
,H?A?ISq,2,14597,,,false,3
,H?A?ISq,3,14876,,,false,3
,H?A?ISq,4,14806,,,false,3
,H?A?ISq,5,14248,,,false,3
,H?A?ISq,6,14387,,,false,3
,H?A?ISq,7,14177,,,false,3
,H?A?ISq,8,14876,,,false,3
,H?A?ISq,9,14737,,,false,3
,H@GSY^o,0,487070,,,false,8
,H@GSY^o,1,484766,,,false,8
,H@GSY^o,2,468422,,,false,8
,H@GSY^o,3,471007,,,false,8
,H@GSY^o,4,449635,,,false,8
,H@GSY^o,5,467584,,,false,8
,H@GSY^o,6,461299,,,false,8
,H@GSY^o,7,489864,,,false,8
,H@GSY^o,8,470518,,,false,8
,H@GSY^o,9,477362,,,false,8
,H?C[Y[n,0,50495,,,false,7
,H?C[Y[n,1,42533,,,false,7
,H?C[Y[n,2,39949,,,false,7
,H?C[Y[n,3,39041,,,false,7
,H?C[Y[n,4,39670,,,false,7
,H?C[Y[n,5,39949,,,false,7
,H?C[Y[n,6,39739,,,false,7
,H?C[Y[n,7,39180,,,false,7
,H?C[Y[n,8,39600,,,false,7
,H?C[Y[n,9,40089,,,false,7
,H????N},0,12013,,,false,3
,H????N},1,9498,,,false,3
,H????N},2,8661,,,false,3
,H????N},3,8520,,,false,3
,H????N},4,8520,,,false,3
,H????N},5,8660,,,false,3
,H????N},6,8381,,,false,3
,H????N},7,8520,,,false,3
,H????N},8,8660,,,false,3
,H????N},9,8381,,,false,3
,H??GW[N,0,31988,,,false,4
,H??GW[N,1,28216,,,false,4
,H??GW[N,2,27168,,,false,4
,H??GW[N,3,27098,,,false,4
,H??GW[N,4,27168,,,false,4
,H??GW[N,5,35968,,,false,4
,H??GW[N,6,27238,,,false,4
,H??GW[N,7,27657,,,false,4
,H??GW[N,8,27238,,,false,4
,H??GW[N,9,26749,,,false,4
,H??GW^~,0,31428,,,false,4
,H??GW^~,1,28635,,,false,4
,H??GW^~,2,28146,,,false,4
,H??GW^~,3,28007,,,false,4
,H??GW^~,4,27657,,,false,4
,H??GW^~,5,27657,,,false,4
,H??GW^~,6,27588,,,false,4
,H??GW^~,7,28216,,,false,4
,H??GW^~,8,28216,,,false,4
,H??GW^~,9,27726,,,false,4
,H????^p,0,10755,,,false,3
,H????^p,1,8939,,,false,3
,H????^p,2,8590,,,false,3
,H????^p,3,7961,,,false,3
,H????^p,4,8171,,,false,3
,H????^p,5,8171,,,false,3
,H????^p,6,8451,,,false,3
,H????^p,7,8241,,,false,3
,H????^p,8,8591,,,false,3
,H????^p,9,8032,,,false,3
,H?CWw{^,0,22908,,,false,5
,H?CWw{^,1,21022,,,false,5
,H?CWw{^,2,20533,,,false,5
,H?CWw{^,3,20813,,,false,5
,H?CWw{^,4,19975,,,false,5
,H?CWw{^,5,20044,,,false,5
,H?CWw{^,6,19765,,,false,5
,H?CWw{^,7,19975,,,false,5
,H?CWw{^,8,20044,,,false,5
,H?CWw{^,9,20114,,,false,5
,H?CWw~~,0,23745,,,false,5
,H?CWw~~,1,22000,,,false,5
,H?CWw~~,2,21022,,,false,5
,H?CWw~~,3,31079,,,false,5
,H?CWw~~,4,20953,,,false,5
,H?CWw~~,5,21232,,,false,5
,H?CWw~~,6,20952,,,false,5
,H?CWw~~,7,20603,,,false,5
,H?CWw~~,8,21092,,,false,5
,H?CWw~~,9,20533,,,false,5
,H???C\q,0,19555,,,false,2
,H???C\q,1,17320,,,false,2
,H???C\q,2,16622,,,false,2
,H???C\q,3,16203,,,false,2
,H???C\q,4,15923,,,false,2
,H???C\q,5,15993,,,false,2
,H???C\q,6,16203,,,false,2
,H???C\q,7,15994,,,false,2
,H???C\q,8,15854,,,false,2
,H???C\q,9,16203,,,false,2
,H????B~,0,7263,,,false,3
,H????B~,1,6634,,,false,3
,H????B~,2,6146,,,false,3
,H????B~,3,6356,,,false,3
,H????B~,4,6146,,,false,3
,H????B~,5,6216,,,false,3
,H????B~,6,5797,,,false,3
,H????B~,7,5727,,,false,3
,H????B~,8,6146,,,false,3
,H????B~,9,5657,,,false,3
,HEutZhj,0,462416,,,false,8
,HEutZhj,1,446562,,,false,8
,HEutZhj,2,438181,,,false,8
,HEutZhj,3,454944,,,false,8
,HEutZhj,4,440835,,,false,8
,HEutZhj,5,451800,,,false,8
,HEutZhj,6,437902,,,false,8
,HEutZhj,7,455711,,,false,8
,HEutZhj,8,445654,,,false,8
,HEutZhj,9,462696,,,false,8
,HCHCp\V,0,70190,,,false,6
,HCHCp\V,1,60133,,,false,6
,HCHCp\V,2,57758,,,false,6
,HCHCp\V,3,56921,,,false,6
,HCHCp\V,4,56711,,,false,6
,HCHCp\V,5,56781,,,false,6
,HCHCp\V,6,56711,,,false,6
,HCHCp\V,7,56990,,,false,6
,HCHCp\V,8,56781,,,false,6
,HCHCp\V,9,56292,,,false,6
,HqH}dS^,0,507463,,,false,8
,HqH}dS^,1,486092,,,false,8
,HqH}dS^,2,493286,,,false,8
,HqH}dS^,3,468562,,,false,8
,HqH}dS^,4,483228,,,false,8
,HqH}dS^,5,482181,,,false,8
,HqH}dS^,6,488117,,,false,8
,HqH}dS^,7,426518,,,false,8
,HqH}dS^,8,444188,,,false,8
,HqH}dS^,9,468771,,,false,8
,HoCOOL_,0,22488,,,false,4
,HoCOOL_,1,19555,,,false,4
,HoCOOL_,2,18927,,,false,4
,HoCOOL_,3,18717,,,false,4
,HoCOOL_,4,18647,,,false,4
,HoCOOL_,5,18577,,,false,4
,HoCOOL_,6,18158,,,false,4
,HoCOOL_,7,17739,,,false,4
,HoCOOL_,8,18577,,,false,4
,HoCOOL_,9,17950,,,false,4
,HwCO?SE,0,23816,,,false,5
,HwCO?SE,1,20324,,,false,5
,HwCO?SE,2,19556,,,false,5
,HwCO?SE,3,18927,,,false,5
,HwCO?SE,4,28076,,,false,5
,HwCO?SE,5,19067,,,false,5
,HwCO?SE,6,18718,,,false,5
,HwCO?SE,7,18508,,,false,5
,HwCO?SE,8,18927,,,false,5
,HwCO?SE,9,19136,,,false,5
,H{dQXgj,0,439090,,,false,8
,H{dQXgj,1,433571,,,false,8
,H{dQXgj,2,458016,,,false,8
,H{dQXgj,3,453476,,,false,8
,H{dQXgj,4,437063,,,false,8
,H{dQXgj,5,412759,,,false,8
,H{dQXgj,6,444467,,,false,8
,H{dQXgj,7,460042,,,false,8
,H{dQXgj,8,457039,,,false,8
,H{dQXgj,9,407801,,,false,8
,HoDPV~},0,469470,,,false,8
,HoDPV~},1,508162,,,false,8
,HoDPV~},2,519895,,,false,8
,HoDPV~},3,440416,,,false,8
,HoDPV~},4,448727,,,false,8
,HoDPV~},5,480645,,,false,8
,HoDPV~},6,493355,,,false,8
,HoDPV~},7,458785,,,false,8
,HoDPV~},8,448937,,,false,8
,HoDPV~},9,470239,,,false,8
,HIISZ~},0,498943,,,false,8
,HIISZ~},1,495451,,,false,8
,HIISZ~},2,475896,,,false,8
,HIISZ~},3,487768,,,false,8
,HIISZ~},4,487070,,,false,8
,HIISZ~},5,478479,,,false,8
,HIISZ~},6,463883,,,false,8
,HIISZ~},7,482042,,,false,8
,HIISZ~},8,482111,,,false,8
,HIISZ~},9,493914,,,false,8
,H?MzvNV,0,521083,,,false,8
,H?MzvNV,1,510467,,,false,8
,H?MzvNV,2,498174,,,false,8
,H?MzvNV,3,514238,,,false,8
,H?MzvNV,4,508511,,,false,8
,H?MzvNV,5,503692,,,false,8
,H?MzvNV,6,487070,,,false,8
,H?MzvNV,7,510467,,,false,8
,H?MzvNV,8,511864,,,false,8
,H?MzvNV,9,487209,,,false,8
,H?S}tnn,0,513120,,,false,8
,H?S}tnn,1,515704,,,false,8
,H?S}tnn,2,521780,,,false,8
,H?S}tnn,3,493635,,,false,8
,H?S}tnn,4,504740,,,false,8
,H?S}tnn,5,507603,,,false,8
,H?S}tnn,6,522549,,,false,8
,H?S}tnn,7,490422,,,false,8
,H?S}tnn,8,504321,,,false,8
,H?S}tnn,9,516193,,,false,8
,H?`jm}~,0,529533,,,false,8
,H?`jm}~,1,484975,,,false,8
,H?`jm}~,2,499641,,,false,8
,H?`jm}~,3,502785,,,false,8
,H?`jm}~,4,505577,,,false,8
,H?`jm}~,5,481901,,,false,8
,H?`jm}~,6,500339,,,false,8
,H?`jm}~,7,505228,,,false,8
,H?`jm}~,8,507743,,,false,8
,H?`jm}~,9,472753,,,false,8
,H?h[bFr,0,504740,,,false,8
,H?h[bFr,1,502994,,,false,8
,H?h[bFr,2,499642,,,false,8
,H?h[bFr,3,455432,,,false,8
,H?h[bFr,4,474708,,,false,8
,H?h[bFr,5,486441,,,false,8
,H?h[bFr,6,496010,,,false,8
,H?h[bFr,7,457038,,,false,8
,H?h[bFr,8,466746,,,false,8
,H?h[bFr,9,490143,,,false,8
,H@IQ]re,0,508092,,,false,8
,H@IQ]re,1,445514,,,false,8
,H@IQ]re,2,453616,,,false,8
,H@IQ]re,3,487349,,,false,8
,H@IQ]re,4,493215,,,false,8
,H@IQ]re,5,445095,,,false,8
,H@IQ]re,6,440975,,,false,8
,H@IQ]re,7,473171,,,false,8
,H@IQ]re,8,496569,,,false,8
,H@IQ]re,9,455432,,,false,8
,H`?guNw,0,359261,,,false,6
,H`?guNw,1,363451,,,false,6
,H`?guNw,2,380702,,,false,6
,H`?guNw,3,386918,,,false,6
,H`?guNw,4,357794,,,false,6
,H`?guNw,5,333840,,,false,6
,H`?guNw,6,336144,,,false,6
,H`?guNw,7,357934,,,false,6
,H`?guNw,8,370087,,,false,6
,H`?guNw,9,382867,,,false,6
,H`AkrT[,0,441744,,,false,8
,H`AkrT[,1,438530,,,false,8
,H`AkrT[,2,462346,,,false,8
,H`AkrT[,3,472264,,,false,8
,H`AkrT[,4,435388,,,false,8
,H`AkrT[,5,426099,,,false,8
,H`AkrT[,6,450893,,,false,8
,H`AkrT[,7,462975,,,false,8
,H`AkrT[,8,462975,,,false,8
,H`AkrT[,9,430918,,,false,8
,H_GouNy,0,396137,,,false,6
,H_GouNy,1,410245,,,false,6
,H_GouNy,2,414715,,,false,6
,H_GouNy,3,388944,,,false,6
,H_GouNy,4,374068,,,false,6
,H_GouNy,5,387407,,,false,6
,H_GouNy,6,379236,,,false,6
,H_GouNy,7,376093,,,false,6
,H_GouNy,8,384544,,,false,6
,H_GouNy,9,370855,,,false,6
,H@`M@~u,0,86323,,,false,6
,H@`M@~u,1,78850,,,false,6
,H@`M@~u,2,85765,,,false,6
,H@`M@~u,3,76685,,,false,6
,H@`M@~u,4,76406,,,false,6
,H@`M@~u,5,74450,,,false,6
,H@`M@~u,6,69631,,,false,6
,H@`M@~u,7,69701,,,false,6
,H@`M@~u,8,69491,,,false,6
,H@`M@~u,9,70050,,,false,6
,HR?MC|m,0,27238,,,false,6
,HR?MC|m,1,23466,,,false,6
,HR?MC|m,2,22349,,,false,6
,HR?MC|m,3,22209,,,false,6
,HR?MC|m,4,21790,,,false,6
,HR?MC|m,5,22000,,,false,6
,HR?MC|m,6,21860,,,false,6
,HR?MC|m,7,21790,,,false,6
,HR?MC|m,8,22000,,,false,6
,HR?MC|m,9,21930,,,false,6
,HR?M@~M,0,23396,,,false,6
,HR?M@~M,1,22768,,,false,6
,HR?M@~M,2,22209,,,false,6
,HR?M@~M,3,21790,,,false,6
,HR?M@~M,4,22000,,,false,6
,HR?M@~M,5,31009,,,false,6
,HR?M@~M,6,22000,,,false,6
,HR?M@~M,7,21790,,,false,6
,HR?M@~M,8,21930,,,false,6
,HR?M@~M,9,21930,,,false,6
,HR`HGvN,0,496568,,,false,8
,HR`HGvN,1,495661,,,false,8
,HR`HGvN,2,460530,,,false,8
,HR`HGvN,3,464092,,,false,8
,HR`HGvN,4,456619,,,false,8
,HR`HGvN,5,463953,,,false,8
,HR`HGvN,6,453267,,,false,8
,HR`HGvN,7,453966,,,false,8
,HR`HGvN,8,462346,,,false,8
,HR`HGvN,9,448518,,,false,8
,HCSp]Nw,0,473381,,,false,8
,HCSp]Nw,1,463184,,,false,8
,HCSp]Nw,2,466746,,,false,8
,HCSp]Nw,3,470796,,,false,8
,HCSp]Nw,4,482879,,,false,8
,HCSp]Nw,5,452848,,,false,8
,HCSp]Nw,6,465000,,,false,8
,HCSp]Nw,7,465140,,,false,8
,HCSp]Nw,8,476664,,,false,8
,HCSp]Nw,9,459971,,,false,8
,H@iRI~w,0,483019,,,false,8
,H@iRI~w,1,463254,,,false,8
,H@iRI~w,2,467375,,,false,8
,H@iRI~w,3,458574,,,false,8
,H@iRI~w,4,464581,,,false,8
,H@iRI~w,5,451521,,,false,8
,H@iRI~w,6,447121,,,false,8
,H@iRI~w,7,455292,,,false,8
,H@iRI~w,8,451800,,,false,8
,H@iRI~w,9,469191,,,false,8
,HPSRK^[,0,467165,,,false,8
,HPSRK^[,1,465978,,,false,8
,HPSRK^[,2,449286,,,false,8
,HPSRK^[,3,456619,,,false,8
,HPSRK^[,4,441953,,,false,8
,HPSRK^[,5,449565,,,false,8
,HPSRK^[,6,446283,,,false,8
,HPSRK^[,7,449495,,,false,8
,HPSRK^[,8,446632,,,false,8
,HPSRK^[,9,451870,,,false,8
,HANLbNw,0,454943,,,false,8
,HANLbNw,1,434480,,,false,8
,HANLbNw,2,441324,,,false,8
,HANLbNw,3,428822,,,false,8
,HANLbNw,4,439019,,,false,8
,HANLbNw,5,431337,,,false,8
,HANLbNw,6,442651,,,false,8
,HANLbNw,7,427845,,,false,8
,HANLbNw,8,418626,,,false,8
,HANLbNw,9,431896,,,false,8
,H?ManrM,0,485953,,,false,8
,H?ManrM,1,494334,,,false,8
,H?ManrM,2,465140,,,false,8
,H?ManrM,3,472752,,,false,8
,H?ManrM,4,462067,,,false,8
,H?ManrM,5,474359,,,false,8
,H?ManrM,6,462835,,,false,8
,H?ManrM,7,475476,,,false,8
,H?ManrM,8,465629,,,false,8
,H?ManrM,9,479527,,,false,8
,H@hZSno,0,445864,,,false,8
,H@hZSno,1,443978,,,false,8
,H@hZSno,2,433153,,,false,8
,H@hZSno,3,433083,,,false,8
,H@hZSno,4,442093,,,false,8
,H@hZSno,5,433362,,,false,8
,H@hZSno,6,451102,,,false,8
,H@hZSno,7,439787,,,false,8
,H@hZSno,8,448937,,,false,8
,H@hZSno,9,432943,,,false,8
,H{`Ypgj,0,455501,,,false,8
,H{`Ypgj,1,438879,,,false,8
,H{`Ypgj,2,442791,,,false,8
,H{`Ypgj,3,430359,,,false,8
,H{`Ypgj,4,429940,,,false,8
,H{`Ypgj,5,434061,,,false,8
,H{`Ypgj,6,421280,,,false,8
,H{`Ypgj,7,441883,,,false,8
,H{`Ypgj,8,416252,,,false,8
,H{`Ypgj,9,422886,,,false,8
,HQ?g}Rp,0,482041,,,false,8
,HQ?g}Rp,1,479038,,,false,8
,HQ?g}Rp,2,461858,,,false,8
,HQ?g}Rp,3,463534,,,false,8
,HQ?g}Rp,4,461438,,,false,8
,HQ?g}Rp,5,465070,,,false,8
,HQ?g}Rp,6,470447,,,false,8
,HQ?g}Rp,7,450403,,,false,8
,HQ?g}Rp,8,463254,,,false,8
,HQ?g}Rp,9,450962,,,false,8
,HQ?{QVr,0,486162,,,false,8
,HQ?{QVr,1,464790,,,false,8
,HQ?{QVr,2,473800,,,false,8
,HQ?{QVr,3,464441,,,false,8
,HQ?{QVr,4,476035,,,false,8
,HQ?{QVr,5,460949,,,false,8
,HQ?{QVr,6,475406,,,false,8
,HQ?{QVr,7,467025,,,false,8
,HQ?{QVr,8,480225,,,false,8
,HQ?{QVr,9,465769,,,false,8
,H``@_^{,0,81853,,,false,5
,H``@_^{,1,74730,,,false,5
,H``@_^{,2,72146,,,false,5
,H``@_^{,3,72564,,,false,5
,H``@_^{,4,80178,,,false,5
,H``@_^{,5,71447,,,false,5
,H``@_^{,6,70888,,,false,5
,H``@_^{,7,71448,,,false,5
,H``@_^{,8,70958,,,false,5
,H``@_^{,9,70958,,,false,5
,HR?G]Nw,0,26469,,,false,5
,HR?G]Nw,1,22000,,,false,5
,HR?G]Nw,2,21441,,,false,5
,HR?G]Nw,3,20883,,,false,5
,HR?G]Nw,4,20952,,,false,5
,HR?G]Nw,5,21022,,,false,5
,HR?G]Nw,6,20603,,,false,5
,HR?G]Nw,7,20882,,,false,5
,HR?G]Nw,8,20953,,,false,5
,HR?G]Nw,9,20952,,,false,5
,HPp?g~e,0,486511,,,false,8
,HPp?g~e,1,461927,,,false,8
,HPp?g~e,2,463604,,,false,8
,HPp?g~e,3,467095,,,false,8
,HPp?g~e,4,481902,,,false,8
,HPp?g~e,5,464022,,,false,8
,HPp?g~e,6,468632,,,false,8
,HPp?g~e,7,475686,,,false,8
,HPp?g~e,8,494264,,,false,8
,HPp?g~e,9,476663,,,false,8
,H`Y?g~e,0,481832,,,false,8
,H`Y?g~e,1,450473,,,false,8
,H`Y?g~e,2,436226,,,false,8
,H`Y?g~e,3,449007,,,false,8
,H`Y?g~e,4,449146,,,false,8
,H`Y?g~e,5,458714,,,false,8
,H`Y?g~e,6,435806,,,false,8
,H`Y?g~e,7,444607,,,false,8
,H`Y?g~e,8,439788,,,false,8
,H`Y?g~e,9,453197,,,false,8
,H_?|Qrr,0,475267,,,false,8
,H_?|Qrr,1,469819,,,false,8
,H_?|Qrr,2,453895,,,false,8
,H_?|Qrr,3,463184,,,false,8
,H_?|Qrr,4,455083,,,false,8
,H_?|Qrr,5,463604,,,false,8
,H_?|Qrr,6,472822,,,false,8
,H_?|Qrr,7,466607,,,false,8
,H_?|Qrr,8,471844,,,false,8
,H_?|Qrr,9,452220,,,false,8
,H[CGYNp,0,27308,,,false,5
,H[CGYNp,1,22558,,,false,5
,H[CGYNp,2,20882,,,false,5
,H[CGYNp,3,20813,,,false,5
,H[CGYNp,4,30241,,,false,5
,H[CGYNp,5,21511,,,false,5
,H[CGYNp,6,20533,,,false,5
,H[CGYNp,7,20883,,,false,5
,H[CGYNp,8,20394,,,false,5
,H[CGYNp,9,21022,,,false,5
,H`GO]Nw,0,374556,,,false,6
,H`GO]Nw,1,363941,,,false,6
,H`GO]Nw,2,367922,,,false,6
,H`GO]Nw,3,348017,,,false,6
,H`GO]Nw,4,349623,,,false,6
,H`GO]Nw,5,358144,,,false,6
,H`GO]Nw,6,347947,,,false,6
,H`GO]Nw,7,354512,,,false,6
,H`GO]Nw,8,345572,,,false,6
,H`GO]Nw,9,345643,,,false,6
,H`IQO~e,0,465699,,,false,8
,H`IQO~e,1,446842,,,false,8
,H`IQO~e,2,453616,,,false,8
,H`IQO~e,3,440276,,,false,8
,H`IQO~e,4,447470,,,false,8
,H`IQO~e,5,436785,,,false,8
,H`IQO~e,6,438810,,,false,8
,H`IQO~e,7,447470,,,false,8
,H`IQO~e,8,437832,,,false,8
,H`IQO~e,9,450613,,,false,8
,HqGOW~e,0,463883,,,false,8
,HqGOW~e,1,466747,,,false,8
,HqGOW~e,2,449286,,,false,8
,HqGOW~e,3,452428,,,false,8
,HqGOW~e,4,446073,,,false,8
,HqGOW~e,5,458435,,,false,8
,HqGOW~e,6,444746,,,false,8
,HqGOW~e,7,454315,,,false,8
,HqGOW~e,8,441185,,,false,8
,HqGOW~e,9,439019,,,false,8
,HDYAG~e,0,477432,,,false,8
,HDYAG~e,1,457388,,,false,8
,HDYAG~e,2,465070,,,false,8
,HDYAG~e,3,449426,,,false,8
,HDYAG~e,4,458226,,,false,8
,HDYAG~e,5,442931,,,false,8
,HDYAG~e,6,455223,,,false,8
,HDYAG~e,7,443978,,,false,8
,HDYAG~e,8,457318,,,false,8
,HDYAG~e,9,446004,,,false,8
,Ha?{PVr,0,491330,,,false,8
,Ha?{PVr,1,473241,,,false,8
,Ha?{PVr,2,477921,,,false,8
,Ha?{PVr,3,465839,,,false,8
,Ha?{PVr,4,463324,,,false,8
,Ha?{PVr,5,468562,,,false,8
,Ha?{PVr,6,466187,,,false,8
,Ha?{PVr,7,481832,,,false,8
,Ha?{PVr,8,474358,,,false,8
,Ha?{PVr,9,482251,,,false,8
,Ho@PW~w,0,482460,,,false,8
,Ho@PW~w,1,481134,,,false,8
,Ho@PW~w,2,468353,,,false,8
,Ho@PW~w,3,478968,,,false,8
,Ho@PW~w,4,459553,,,false,8
,Ho@PW~w,5,469331,,,false,8
,Ho@PW~w,6,446143,,,false,8
,Ho@PW~w,7,459343,,,false,8
,Ho@PW~w,8,451032,,,false,8
,Ho@PW~w,9,462765,,,false,8
,Hq?HWzr,0,26959,,,false,6
,Hq?HWzr,1,22908,,,false,6
,Hq?HWzr,2,22070,,,false,6
,Hq?HWzr,3,22488,,,false,6
,Hq?HWzr,4,21930,,,false,6
,Hq?HWzr,5,21860,,,false,6
,Hq?HWzr,6,21930,,,false,6
,Hq?HWzr,7,21930,,,false,6
,Hq?HWzr,8,22069,,,false,6
,Hq?HWzr,9,21511,,,false,6
,H`?L?lJ,0,29822,,,false,6
,H`?L?lJ,1,22419,,,false,6
,H`?L?lJ,2,21511,,,false,6
,H`?L?lJ,3,21581,,,false,6
,H`?L?lJ,4,20953,,,false,6
,H`?L?lJ,5,21301,,,false,6
,H`?L?lJ,6,21441,,,false,6
,H`?L?lJ,7,21022,,,false,6
,H`?L?lJ,8,21092,,,false,6
,H`?L?lJ,9,20673,,,false,6
,HCd@Igi,0,58666,,,false,5
,HCd@Igi,1,50635,,,false,5
,HCd@Igi,2,48120,,,false,5
,HCd@Igi,3,48121,,,false,5
,HCd@Igi,4,55593,,,false,5
,HCd@Igi,5,47491,,,false,5
,HCd@Igi,6,47631,,,false,5
,HCd@Igi,7,47352,,,false,5
,HCd@Igi,8,47492,,,false,5
,HCd@Igi,9,47492,,,false,5
,H?z\z~~,0,483159,,,false,8
,H?z\z~~,1,485812,,,false,8
,H?z\z~~,2,469120,,,false,8
,H?z\z~~,3,479457,,,false,8
,H?z\z~~,4,467165,,,false,8
,H?z\z~~,5,477083,,,false,8
,H?z\z~~,6,462207,,,false,8
,H?z\z~~,7,480505,,,false,8
,H?z\z~~,8,467585,,,false,8
,H?z\z~~,9,480435,,,false,8
,H_K~]~~,0,479457,,,false,8
,H_K~]~~,1,476175,,,false,8
,H_K~]~~,2,462626,,,false,8
,H_K~]~~,3,470378,,,false,8
,H_K~]~~,4,464651,,,false,8
,H_K~]~~,5,472683,,,false,8
,H_K~]~~,6,478480,,,false,8
,H_K~]~~,7,465489,,,false,8
,H_K~]~~,8,476244,,,false,8
,H_K~]~~,9,471426,,,false,8
,HCZ\z~~,0,504810,,,false,8
,HCZ\z~~,1,480924,,,false,8
,HCZ\z~~,2,486651,,,false,8
,HCZ\z~~,3,472823,,,false,8
,HCZ\z~~,4,475825,,,false,8
,HCZ\z~~,5,462975,,,false,8
,HCZ\z~~,6,478200,,,false,8
,HCZ\z~~,7,490422,,,false,8
,HCZ\z~~,8,506904,,,false,8
,HCZ\z~~,9,491051,,,false,8
,H@zTz~~,0,499362,,,false,8
,H@zTz~~,1,476175,,,false,8
,H@zTz~~,2,478270,,,false,8
,H@zTz~~,3,476804,,,false,8
,H@zTz~~,4,484486,,,false,8
,H@zTz~~,5,453756,,,false,8
,H@zTz~~,6,456899,,,false,8
,H@zTz~~,7,455851,,,false,8
,H@zTz~~,8,465838,,,false,8
,H@zTz~~,9,449984,,,false,8
,H@l~]~~,0,486581,,,false,8
,H@l~]~~,1,477083,,,false,8
,H@l~]~~,2,498593,,,false,8
,H@l~]~~,3,480155,,,false,8
,H@l~]~~,4,484485,,,false,8
,H@l~]~~,5,478060,,,false,8
,H@l~]~~,6,487139,,,false,8
,H@l~]~~,7,482321,,,false,8
,H@l~]~~,8,490841,,,false,8
,H@l~]~~,9,481832,,,false,8
,HIiZ|~~,0,481832,,,false,8
,HIiZ|~~,1,465559,,,false,8
,HIiZ|~~,2,469191,,,false,8
,HIiZ|~~,3,459483,,,false,8
,HIiZ|~~,4,445096,,,false,8
,HIiZ|~~,5,457737,,,false,8
,HIiZ|~~,6,444327,,,false,8
,HIiZ|~~,7,452289,,,false,8
,HIiZ|~~,8,444607,,,false,8
,HIiZ|~~,9,460181,,,false,8
,HBqj|~~,0,463324,,,false,8
,HBqj|~~,1,471914,,,false,8
,HBqj|~~,2,457109,,,false,8
,HBqj|~~,3,469679,,,false,8
,HBqj|~~,4,456689,,,false,8
,HBqj|~~,5,460949,,,false,8
,HBqj|~~,6,460321,,,false,8
,HBqj|~~,7,463184,,,false,8
,HBqj|~~,8,453617,,,false,8
,HBqj|~~,9,463114,,,false,8
,HHr\z~~,0,488117,,,false,8
,HHr\z~~,1,470378,,,false,8
,HHr\z~~,2,474778,,,false,8
,HHr\z~~,3,467165,,,false,8
,HHr\z~~,4,476454,,,false,8
,HHr\z~~,5,462416,,,false,8
,HHr\z~~,6,471425,,,false,8
,HHr\z~~,7,464163,,,false,8
,HHr\z~~,8,476594,,,false,8
,HHr\z~~,9,456409,,,false,8
,HDYz}~~,0,478060,,,false,8
,HDYz}~~,1,459133,,,false,8
,HDYz}~~,2,466676,,,false,8
,HDYz}~~,3,453477,,,false,8
,HDYz}~~,4,466188,,,false,8
,HDYz}~~,5,456200,,,false,8
,HDYz}~~,6,465489,,,false,8
,HDYz}~~,7,457318,,,false,8
,HDYz}~~,8,461718,,,false,8
,HDYz}~~,9,469819,,,false,8
,Higx}~~,0,451172,,,false,8
,Higx}~~,1,449915,,,false,8
,Higx}~~,2,452638,,,false,8
,Higx}~~,3,470098,,,false,8
,Higx}~~,4,452289,,,false,8
,Higx}~~,5,467654,,,false,8
,Higx}~~,6,457248,,,false,8
,Higx}~~,7,467445,,,false,8
,Higx}~~,8,457108,,,false,8
,Higx}~~,9,462346,,,false,8
,HFXm|~~,0,468562,,,false,8
,HFXm|~~,1,479457,,,false,8
,HFXm|~~,2,465140,,,false,8
,HFXm|~~,3,458505,,,false,8
,HFXm|~~,4,450404,,,false,8
,HFXm|~~,5,453756,,,false,8
,HFXm|~~,6,463743,,,false,8
,HFXm|~~,7,451241,,,false,8
,HFXm|~~,8,463744,,,false,8
,HFXm|~~,9,454664,,,false,8
,HiK|[~~,0,470448,,,false,8
,HiK|[~~,1,447401,,,false,8
,HiK|[~~,2,457178,,,false,8
,HiK|[~~,3,446144,,,false,8
,HiK|[~~,4,457038,,,false,8
,HiK|[~~,5,443140,,,false,8
,HiK|[~~,6,451381,,,false,8
,HiK|[~~,7,441813,,,false,8
,HiK|[~~,8,442651,,,false,8
,HiK|[~~,9,452290,,,false,8
,HsXXz~~,0,472892,,,false,8
,HsXXz~~,1,468702,,,false,8
,HsXXz~~,2,449635,,,false,8
,HsXXz~~,3,456828,,,false,8
,HsXXz~~,4,455711,,,false,8
,HsXXz~~,5,472892,,,false,8
,HsXXz~~,6,456130,,,false,8
,HsXXz~~,7,465140,,,false,8
,HsXXz~~,8,451312,,,false,8
,HsXXz~~,9,466188,,,false,8
,HiiXz~~,0,464581,,,false,8
,HiiXz~~,1,453058,,,false,8
,HiiXz~~,2,443001,,,false,8
,HiiXz~~,3,446073,,,false,8
,HiiXz~~,4,456060,,,false,8
,HiiXz~~,5,451800,,,false,8
,HiiXz~~,6,459762,,,false,8
,HiiXz~~,7,444187,,,false,8
,HiiXz~~,8,455152,,,false,8
,HiiXz~~,9,445515,,,false,8
,HsSz~^~,0,472403,,,false,8
,HsSz~^~,1,466117,,,false,8
,HsSz~^~,2,473800,,,false,8
,HsSz~^~,3,467235,,,false,8
,HsSz~^~,4,481552,,,false,8
,HsSz~^~,5,466746,,,false,8
,HsSz~^~,6,472892,,,false,8
,HsSz~^~,7,466676,,,false,8
,HsSz~^~,8,484206,,,false,8
,HsSz~^~,9,474778,,,false,8
,HDxuz~~,0,475057,,,false,8
,HDxuz~~,1,459693,,,false,8
,HDxuz~~,2,458575,,,false,8
,HDxuz~~,3,465629,,,false,8
,HDxuz~~,4,461299,,,false,8
,HDxuz~~,5,469331,,,false,8
,HDxuz~~,6,464301,,,false,8
,HDxuz~~,7,474987,,,false,8
,HDxuz~~,8,463254,,,false,8
,HDxuz~~,9,475127,,,false,8
,HFZm|~~,0,479177,,,false,8
,HFZm|~~,1,480644,,,false,8
,HFZm|~~,2,472682,,,false,8
,HFZm|~~,3,485115,,,false,8
,HFZm|~~,4,473241,,,false,8
,HFZm|~~,5,482320,,,false,8
,HFZm|~~,6,468422,,,false,8
,HFZm|~~,7,480993,,,false,8
,HFZm|~~,8,468003,,,false,8
,HFZm|~~,9,479457,,,false,8
,HBu~Z~~,0,482321,,,false,8
,HBu~Z~~,1,490562,,,false,8
,HBu~Z~~,2,474708,,,false,8
,HBu~Z~~,3,482111,,,false,8
,HBu~Z~~,4,473381,,,false,8
,HBu~Z~~,5,483787,,,false,8
,HBu~Z~~,6,475127,,,false,8
,HBu~Z~~,7,473171,,,false,8
,HBu~Z~~,8,464232,,,false,8
,HBu~Z~~,9,465139,,,false,8
,HEl~~z~,0,473381,,,false,8
,HEl~~z~,1,479527,,,false,8
,HEl~~z~,2,483787,,,false,8
,HEl~~z~,3,468562,,,false,8
,HEl~~z~,4,480435,,,false,8
,HEl~~z~,5,479457,,,false,8
,HEl~~z~,6,493845,,,false,8
,HEl~~z~,7,472333,,,false,8
,HEl~~z~,8,477082,,,false,8
,HEl~~z~,9,484276,,,false,8
,H~?GW^~,0,27238,,,false,4
,H~?GW^~,1,22769,,,false,4
,H~?GW^~,2,21790,,,false,4
,H~?GW^~,3,22209,,,false,4
,H~?GW^~,4,21721,,,false,4
,H~?GW^~,5,21511,,,false,4
,H~?GW^~,6,21930,,,false,4
,H~?GW^~,7,21790,,,false,4
,H~?GW^~,8,21861,,,false,4
,H~?GW^~,9,22000,,,false,4
,HwC^?~~,0,50705,,,false,5
,HwC^?~~,1,44140,,,false,5
,HwC^?~~,2,43581,,,false,5
,HwC^?~~,3,42952,,,false,5
,HwC^?~~,4,43441,,,false,5
,HwC^?~~,5,42882,,,false,5
,HwC^?~~,6,43441,,,false,5
,HwC^?~~,7,42672,,,false,5
,HwC^?~~,8,41765,,,false,5
,HwC^?~~,9,41136,,,false,5
,HwCW~N~,0,55663,,,false,5
,HwCW~N~,1,50495,,,false,5
,HwCW~N~,2,48888,,,false,5
,HwCW~N~,3,48959,,,false,5
,HwCW~N~,4,48749,,,false,5
,HwCW~N~,5,55872,,,false,5
,HwCW~N~,6,49377,,,false,5
,HwCW~N~,7,48470,,,false,5
,HwCW~N~,8,48749,,,false,5
,HwCW~N~,9,49028,,,false,5
,HwCW~^~,0,55802,,,false,5
,HwCW~^~,1,51892,,,false,5
,HwCW~^~,2,50285,,,false,5
,HwCW~^~,3,50076,,,false,5
,HwCW~^~,4,50145,,,false,5
,HwCW~^~,5,50565,,,false,5
,HwCW~^~,6,50565,,,false,5
,HwCW~^~,7,51124,,,false,5
,HwCW~^~,8,50565,,,false,5
,HwCW~^~,9,50495,,,false,5
,H`rHpn~,0,482320,,,false,8
,H`rHpn~,1,462346,,,false,8
,H`rHpn~,2,470867,,,false,8
,H`rHpn~,3,458226,,,false,8
,H`rHpn~,4,463045,,,false,8
,H`rHpn~,5,456898,,,false,8
,H`rHpn~,6,463813,,,false,8
,H`rHpn~,7,455432,,,false,8
,H`rHpn~,8,456200,,,false,8
,H`rHpn~,9,448727,,,false,8
,HKeZb^~,0,500060,,,false,8
,HKeZb^~,1,483019,,,false,8
,HKeZb^~,2,486651,,,false,8
,HKeZb^~,3,476803,,,false,8
,HKeZb^~,4,472124,,,false,8
,HKeZb^~,5,473800,,,false,8
,HKeZb^~,6,485604,,,false,8
,HKeZb^~,7,647005,,,false,8
,HKeZb^~,8,483019,,,false,8
,HKeZb^~,9,464931,,,false,8
,HwC[zz~,0,506765,,,false,8
,HwC[zz~,1,493705,,,false,8
,HwC[zz~,2,479946,,,false,8
,HwC[zz~,3,465280,,,false,8
,HwC[zz~,4,478061,,,false,8
,HwC[zz~,5,467305,,,false,8
,HwC[zz~,6,471216,,,false,8
,HwC[zz~,7,462276,,,false,8
,HwC[zz~,8,465698,,,false,8
,HwC[zz~,9,473311,,,false,8
,H`ouX~~,0,473521,,,false,8
,H`ouX~~,1,469331,,,false,8
,H`ouX~~,2,454035,,,false,8
,H`ouX~~,3,468283,,,false,8
,H`ouX~~,4,456131,,,false,8
,H`ouX~~,5,466816,,,false,8
,H`ouX~~,6,460112,,,false,8
,H`ouX~~,7,483229,,,false,8
,H`ouX~~,8,475197,,,false,8
,H`ouX~~,9,478270,,,false,8
,H`K~E~~,0,478549,,,false,8
,H`K~E~~,1,481623,,,false,8
,H`K~E~~,2,461857,,,false,8
,H`K~E~~,3,476664,,,false,8
,H`K~E~~,4,461089,,,false,8
,H`K~E~~,5,476105,,,false,8
,H`K~E~~,6,461509,,,false,8
,H`K~E~~,7,457318,,,false,8
,H`K~E~~,8,447470,,,false,8
,H`K~E~~,9,451312,,,false,8
,HeGh}~~,0,463184,,,false,8
,HeGh}~~,1,450613,,,false,8
,HeGh}~~,2,457038,,,false,8
,HeGh}~~,3,452499,,,false,8
,HeGh}~~,4,460810,,,false,8
,HeGh}~~,5,450753,,,false,8
,HeGh}~~,6,462277,,,false,8
,HeGh}~~,7,458435,,,false,8
,HeGh}~~,8,463254,,,false,8
,HeGh}~~,9,451171,,,false,8
,HTPLzz~,0,495939,,,false,8
,HTPLzz~,1,474569,,,false,8
,HTPLzz~,2,486022,,,false,8
,HTPLzz~,3,473381,,,false,8
,HTPLzz~,4,477851,,,false,8
,HTPLzz~,5,464511,,,false,8
,HTPLzz~,6,476385,,,false,8
,HTPLzz~,7,467584,,,false,8
,HTPLzz~,8,447540,,,false,8
,HTPLzz~,9,451870,,,false,8
,H`NDzz~,0,473171,,,false,8
,H`NDzz~,1,478270,,,false,8
,H`NDzz~,2,455083,,,false,8
,H`NDzz~,3,461857,,,false,8
,H`NDzz~,4,448517,,,false,8
,H`NDzz~,5,462765,,,false,8
,H`NDzz~,6,447470,,,false,8
,H`NDzz~,7,446562,,,false,8
,H`NDzz~,8,439787,,,false,8
,H`NDzz~,9,450473,,,false,8
,HwCZ~z~,0,463882,,,false,8
,HwCZ~z~,1,461717,,,false,8
,HwCZ~z~,2,451870,,,false,8
,HwCZ~z~,3,459553,,,false,8
,HwCZ~z~,4,469051,,,false,8
,HwCZ~z~,5,460460,,,false,8
,HwCZ~z~,6,463674,,,false,8
,HwCZ~z~,7,462276,,,false,8
,HwCZ~z~,8,474848,,,false,8
,HwCZ~z~,9,457807,,,false,8
,HTPLz~~,0,482810,,,false,8
,HTPLz~~,1,470308,,,false,8
,HTPLz~~,2,487698,,,false,8
,HTPLz~~,3,472194,,,false,8
,HTPLz~~,4,487419,,,false,8
,HTPLz~~,5,473520,,,false,8
,HTPLz~~,6,482809,,,false,8
,HTPLz~~,7,469820,,,false,8
,HTPLz~~,8,479527,,,false,8
,HTPLz~~,9,464931,,,false,8
,HwC^~z~,0,468492,,,false,8
,HwC^~z~,1,449425,,,false,8
,HwC^~z~,2,457736,,,false,8
,HwC^~z~,3,449146,,,false,8
,HwC^~z~,4,446772,,,false,8
,HwC^~z~,5,456549,,,false,8
,HwC^~z~,6,447051,,,false,8
,HwC^~z~,7,462486,,,false,8
,HwC^~z~,8,450962,,,false,8
,HwC^~z~,9,455572,,,false,8
,HcKz]~~,0,470308,,,false,8
,HcKz]~~,1,472683,,,false,8
,HcKz]~~,2,460880,,,false,8
,HcKz]~~,3,478549,,,false,8
,HcKz]~~,4,472822,,,false,8
,HcKz]~~,5,486162,,,false,8
,HcKz]~~,6,467026,,,false,8
,HcKz]~~,7,472613,,,false,8
,HcKz]~~,8,462346,,,false,8
,HcKz]~~,9,475756,,,false,8
,HHe^Z~~,0,472823,,,false,8
,HHe^Z~~,1,466956,,,false,8
,HHe^Z~~,2,452080,,,false,8
,HHe^Z~~,3,451032,,,false,8
,HHe^Z~~,4,456130,,,false,8
,HHe^Z~~,5,445235,,,false,8
,HHe^Z~~,6,459413,,,false,8
,HHe^Z~~,7,449426,,,false,8
,HHe^Z~~,8,462207,,,false,8
,HHe^Z~~,9,448727,,,false,8
,HTlai^~,0,483787,,,false,8
,HTlai^~,1,466956,,,false,8
,HTlai^~,2,479597,,,false,8
,HTlai^~,3,459273,,,false,8
,HTlai^~,4,469959,,,false,8
,HTlai^~,5,458435,,,false,8
,HTlai^~,6,470658,,,false,8
,HTlai^~,7,458645,,,false,8
,HTlai^~,8,481483,,,false,8
,HTlai^~,9,474708,,,false,8
,HRhTY~~,0,483718,,,false,8
,HRhTY~~,1,462905,,,false,8
,HRhTY~~,2,460601,,,false,8
,HRhTY~~,3,470727,,,false,8
,HRhTY~~,4,458086,,,false,8
,HRhTY~~,5,461369,,,false,8
,HRhTY~~,6,452499,,,false,8
,HRhTY~~,7,476454,,,false,8
,HRhTY~~,8,457527,,,false,8
,HRhTY~~,9,458924,,,false,8
,HwDX~r~,0,462206,,,false,8
,HwDX~r~,1,470728,,,false,8
,HwDX~r~,2,453407,,,false,8
,HwDX~r~,3,459413,,,false,8
,HwDX~r~,4,445585,,,false,8
,HwDX~r~,5,453756,,,false,8
,HwDX~r~,6,448727,,,false,8
,HwDX~r~,7,455153,,,false,8
,HwDX~r~,8,453756,,,false,8
,HwDX~r~,9,453057,,,false,8
,H`NUX~~,0,473521,,,false,8
,H`NUX~~,1,456550,,,false,8
,H`NUX~~,2,459273,,,false,8
,H`NUX~~,3,446772,,,false,8
,H`NUX~~,4,454315,,,false,8
,H`NUX~~,5,448518,,,false,8
,H`NUX~~,6,470378,,,false,8
,H`NUX~~,7,453966,,,false,8
,H`NUX~~,8,461019,,,false,8
,H`NUX~~,9,452778,,,false,8
,HwDX~v~,0,493286,,,false,8
,HwDX~v~,1,477083,,,false,8
,HwDX~v~,2,480435,,,false,8
,HwDX~v~,3,470937,,,false,8
,HwDX~v~,4,493286,,,false,8
,HwDX~v~,5,489444,,,false,8
,HwDX~v~,6,493426,,,false,8
,HwDX~v~,7,489026,,,false,8
,HwDX~v~,8,498035,,,false,8
,HwDX~v~,9,485743,,,false,8
,HTPi|~~,0,509978,,,false,8
,HTPi|~~,1,498454,,,false,8
,HTPi|~~,2,477083,,,false,8
,HTPi|~~,3,457108,,,false,8
,HTPi|~~,4,459832,,,false,8
,HTPi|~~,5,471286,,,false,8
,HTPi|~~,6,466188,,,false,8
,HTPi|~~,7,475686,,,false,8
,HTPi|~~,8,461299,,,false,8
,HTPi|~~,9,475267,,,false,8
,H}CXZ^~,0,456060,,,false,8
,H}CXZ^~,1,463254,,,false,8
,H}CXZ^~,2,447261,,,false,8
,H}CXZ^~,3,458715,,,false,8
,H}CXZ^~,4,439439,,,false,8
,H}CXZ^~,5,446842,,,false,8
,H}CXZ^~,6,441185,,,false,8
,H}CXZ^~,7,449425,,,false,8
,H}CXZ^~,8,441254,,,false,8
,H}CXZ^~,9,444328,,,false,8
,H`^@|n~,0,485254,,,false,8
,H`^@|n~,1,470238,,,false,8
,H`^@|n~,2,477293,,,false,8
,H`^@|n~,3,466397,,,false,8
,H`^@|n~,4,482810,,,false,8
,H`^@|n~,5,461997,,,false,8
,H`^@|n~,6,463464,,,false,8
,H`^@|n~,7,455642,,,false,8
,H`^@|n~,8,475127,,,false,8
,H`^@|n~,9,473451,,,false,8
,HtPHx~~,0,469609,,,false,8
,HtPHx~~,1,451940,,,false,8
,HtPHx~~,2,464791,,,false,8
,HtPHx~~,3,454175,,,false,8
,HtPHx~~,4,449146,,,false,8
,HtPHx~~,5,438112,,,false,8
,HtPHx~~,6,436435,,,false,8
,HtPHx~~,7,450404,,,false,8
,HtPHx~~,8,440486,,,false,8
,HtPHx~~,9,450823,,,false,8
,H`NH~f~,0,469820,,,false,8
,H`NH~f~,1,469889,,,false,8
,H`NH~f~,2,458296,,,false,8
,H`NH~f~,3,467375,,,false,8
,H`NH~f~,4,453197,,,false,8
,H`NH~f~,5,465628,,,false,8
,H`NH~f~,6,445305,,,false,8
,H`NH~f~,7,465489,,,false,8
,H`NH~f~,8,457457,,,false,8
,H`NH~f~,9,470028,,,false,8
,H`o~fz~,0,490492,,,false,8
,H`o~fz~,1,492797,,,false,8
,H`o~fz~,2,478550,,,false,8
,H`o~fz~,3,483019,,,false,8
,H`o~fz~,4,478200,,,false,8
,H`o~fz~,5,476175,,,false,8
,H`o~fz~,6,465280,,,false,8
,H`o~fz~,7,471426,,,false,8
,H`o~fz~,8,490353,,,false,8
,H`o~fz~,9,478759,,,false,8
,H{CZZ~~,0,482251,,,false,8
,H{CZZ~~,1,465559,,,false,8
,H{CZZ~~,2,467654,,,false,8
,H{CZZ~~,3,460390,,,false,8
,H{CZZ~~,4,465210,,,false,8
,H{CZZ~~,5,452219,,,false,8
,H{CZZ~~,6,469331,,,false,8
,H{CZZ~~,7,455921,,,false,8
,H{CZZ~~,8,467445,,,false,8
,H{CZZ~~,9,455571,,,false,8
,HwD\r~~,0,481832,,,false,8
,HwD\r~~,1,465768,,,false,8
,HwD\r~~,2,470867,,,false,8
,HwD\r~~,3,458854,,,false,8
,HwD\r~~,4,480575,,,false,8
,HwD\r~~,5,474638,,,false,8
,HwD\r~~,6,479039,,,false,8
,HwD\r~~,7,468562,,,false,8
,HwD\r~~,8,480993,,,false,8
,HwD\r~~,9,481902,,,false,8
,H`K~Mr~,0,492797,,,false,8
,H`K~Mr~,1,467654,,,false,8
,H`K~Mr~,2,462836,,,false,8
,H`K~Mr~,3,479946,,,false,8
,H`K~Mr~,4,465210,,,false,8
,H`K~Mr~,5,467724,,,false,8
,H`K~Mr~,6,457737,,,false,8
,H`K~Mr~,7,460041,,,false,8
,H`K~Mr~,8,446213,,,false,8
,H`K~Mr~,9,468143,,,false,8
,H`K~Mv~,0,456130,,,false,8
,H`K~Mv~,1,462766,,,false,8
,H`K~Mv~,2,447959,,,false,8
,H`K~Mv~,3,454873,,,false,8
,H`K~Mv~,4,444956,,,false,8
,H`K~Mv~,5,456270,,,false,8
,H`K~Mv~,6,447121,,,false,8
,H`K~Mv~,7,447540,,,false,8
,H`K~Mv~,8,451311,,,false,8
,H`K~Mv~,9,444118,,,false,8
,H`rHx~~,0,470587,,,false,8
,H`rHx~~,1,453825,,,false,8
,H`rHx~~,2,480644,,,false,8
,H`rHx~~,3,466956,,,false,8
,H`rHx~~,4,465070,,,false,8
,H`rHx~~,5,455711,,,false,8
,H`rHx~~,6,471286,,,false,8
,H`rHx~~,7,455781,,,false,8
,H`rHx~~,8,478130,,,false,8
,H`rHx~~,9,472334,,,false,8
,H`K~M~~,0,504740,,,false,8
,H`K~M~~,1,488536,,,false,8
,H`K~M~~,2,496569,,,false,8
,H`K~M~~,3,483019,,,false,8
,H`K~M~~,4,492727,,,false,8
,H`K~M~~,5,485184,,,false,8
,H`K~M~~,6,475058,,,false,8
,H`K~M~~,7,444606,,,false,8
,H`K~M~~,8,461788,,,false,8
,H`K~M~~,9,468143,,,false,8
,HKeZZ~~,0,487070,,,false,8
,HKeZZ~~,1,468912,,,false,8
,HKeZZ~~,2,465838,,,false,8
,HKeZZ~~,3,470029,,,false,8
,HKeZZ~~,4,458714,,,false,8
,HKeZZ~~,5,471914,,,false,8
,HKeZZ~~,6,463254,,,false,8
,HKeZZ~~,7,471007,,,false,8
,HKeZZ~~,8,458435,,,false,8
,HKeZZ~~,9,480924,,,false,8
,H`NNjz~,0,480435,,,false,8
,H`NNjz~,1,488955,,,false,8
,H`NNjz~,2,472683,,,false,8
,H`NNjz~,3,486651,,,false,8
,H`NNjz~,4,469051,,,false,8
,H`NNjz~,5,475686,,,false,8
,H`NNjz~,6,466746,,,false,8
,H`NNjz~,7,478480,,,false,8
,H`NNjz~,8,468422,,,false,8
,H`NNjz~,9,472892,,,false,8
,HtPLzz~,0,463114,,,false,8
,HtPLzz~,1,463324,,,false,8
,HtPLzz~,2,453965,,,false,8
,HtPLzz~,3,460670,,,false,8
,HtPLzz~,4,446562,,,false,8
,HtPLzz~,5,450892,,,false,8
,HtPLzz~,6,463464,,,false,8
,HtPLzz~,7,454035,,,false,8
,HtPLzz~,8,463743,,,false,8
,HtPLzz~,9,455153,,,false,8
,HwC}~z~,0,479038,,,false,8
,HwC}~z~,1,456620,,,false,8
,HwC}~z~,2,469889,,,false,8
,HwC}~z~,3,452219,,,false,8
,HwC}~z~,4,458924,,,false,8
,HwC}~z~,5,454035,,,false,8
,HwC}~z~,6,473172,,,false,8
,HwC}~z~,7,469330,,,false,8
,HwC}~z~,8,472054,,,false,8
,HwC}~z~,9,457527,,,false,8
,H`Nez~~,0,481203,,,false,8
,H`Nez~~,1,470587,,,false,8
,H`Nez~~,2,467655,,,false,8
,H`Nez~~,3,456550,,,false,8
,H`Nez~~,4,456200,,,false,8
,H`Nez~~,5,469470,,,false,8
,H`Nez~~,6,462067,,,false,8
,H`Nez~~,7,458784,,,false,8
,H`Nez~~,8,449844,,,false,8
,H`Nez~~,9,459692,,,false,8
,HtPLz~~,0,457806,,,false,8
,HtPLz~~,1,459064,,,false,8
,HtPLz~~,2,447540,,,false,8
,HtPLz~~,3,458435,,,false,8
,HtPLz~~,4,446842,,,false,8
,HtPLz~~,5,459693,,,false,8
,HtPLz~~,6,450752,,,false,8
,HtPLz~~,7,451730,,,false,8
,HtPLz~~,8,456619,,,false,8
,HtPLz~~,9,446144,,,false,8
,HQh\zz~,0,480924,,,false,8
,HQh\zz~,1,463743,,,false,8
,HQh\zz~,2,485324,,,false,8
,HQh\zz~,3,471566,,,false,8
,HQh\zz~,4,476873,,,false,8
,HQh\zz~,5,458086,,,false,8
,HQh\zz~,6,477013,,,false,8
,HQh\zz~,7,465070,,,false,8
,HQh\zz~,8,474778,,,false,8
,HQh\zz~,9,458715,,,false,8
,H`Mzu^~,0,479458,,,false,8
,H`Mzu^~,1,467864,,,false,8
,H`Mzu^~,2,468003,,,false,8
,H`Mzu^~,3,454244,,,false,8
,H`Mzu^~,4,461647,,,false,8
,H`Mzu^~,5,452289,,,false,8
,H`Mzu^~,6,451311,,,false,8
,H`Mzu^~,7,462765,,,false,8
,H`Mzu^~,8,448378,,,false,8
,H`Mzu^~,9,460879,,,false,8
,HwFXzv~,0,475267,,,false,8
,HwFXzv~,1,470029,,,false,8
,HwFXzv~,2,456061,,,false,8
,HwFXzv~,3,474638,,,false,8
,HwFXzv~,4,460251,,,false,8
,HwFXzv~,5,485673,,,false,8
,HwFXzv~,6,472753,,,false,8
,HwFXzv~,7,478898,,,false,8
,HwFXzv~,8,462975,,,false,8
,HwFXzv~,9,488816,,,false,8
,H`px~v~,0,492588,,,false,8
,H`px~v~,1,483717,,,false,8
,H`px~v~,2,453825,,,false,8
,H`px~v~,3,467724,,,false,8
,H`px~v~,4,464930,,,false,8
,H`px~v~,5,464790,,,false,8
,H`px~v~,6,441184,,,false,8
,H`px~v~,7,446562,,,false,8
,H`px~v~,8,458994,,,false,8
,H`px~v~,9,450333,,,false,8
,HQh\z~~,0,472263,,,false,8
,HQh\z~~,1,456550,,,false,8
,HQh\z~~,2,484905,,,false,8
,HQh\z~~,3,468353,,,false,8
,HQh\z~~,4,488258,,,false,8
,HQh\z~~,5,479457,,,false,8
,HQh\z~~,6,483787,,,false,8
,HQh\z~~,7,464791,,,false,8
,HQh\z~~,8,475197,,,false,8
,HQh\z~~,9,470588,,,false,8
,H`o~~z~,0,473939,,,false,8
,H`o~~z~,1,443210,,,false,8
,H`o~~z~,2,455572,,,false,8
,H`o~~z~,3,456549,,,false,8
,H`o~~z~,4,465908,,,false,8
,H`o~~z~,5,450333,,,false,8
,H`o~~z~,6,452778,,,false,8
,H`o~~z~,7,473311,,,false,8
,H`o~~z~,8,464023,,,false,8
,H`o~~z~,9,466956,,,false,8
,H`K~]z~,0,479038,,,false,8
,H`K~]z~,1,478968,,,false,8
,H`K~]z~,2,469959,,,false,8
,H`K~]z~,3,477082,,,false,8
,H`K~]z~,4,461788,,,false,8
,H`K~]z~,5,471426,,,false,8
,H`K~]z~,6,463813,,,false,8
,H`K~]z~,7,473242,,,false,8
,H`K~]z~,8,451032,,,false,8
,H`K~]z~,9,470168,,,false,8
,H`K~]~~,0,461299,,,false,8
,H`K~]~~,1,471635,,,false,8
,H`K~]~~,2,456969,,,false,8
,H`K~]~~,3,463184,,,false,8
,H`K~]~~,4,449774,,,false,8
,H`K~]~~,5,447470,,,false,8
,H`K~]~~,6,458016,,,false,8
,H`K~]~~,7,458226,,,false,8
,H`K~]~~,8,455642,,,false,8
,H`K~]~~,9,443559,,,false,8
,HpNay~~,0,491050,,,false,8
,HpNay~~,1,468352,,,false,8
,HpNay~~,2,471915,,,false,8
,HpNay~~,3,453966,,,false,8
,HpNay~~,4,478619,,,false,8
,HpNay~~,5,468353,,,false,8
,HpNay~~,6,477083,,,false,8
,HpNay~~,7,459762,,,false,8
,HpNay~~,8,473590,,,false,8
,HpNay~~,9,466676,,,false,8
,H{dax~~,0,492797,,,false,8
,H{dax~~,1,473102,,,false,8
,H{dax~~,2,475267,,,false,8
,H{dax~~,3,459832,,,false,8
,H{dax~~,4,467444,,,false,8
,H{dax~~,5,458086,,,false,8
,H{dax~~,6,452778,,,false,8
,H{dax~~,7,457039,,,false,8
,H{dax~~,8,455781,,,false,8
,H{dax~~,9,467445,,,false,8
,HjbH|~~,0,468143,,,false,8
,HjbH|~~,1,467444,,,false,8
,HjbH|~~,2,451870,,,false,8
,HjbH|~~,3,462556,,,false,8
,HjbH|~~,4,449426,,,false,8
,HjbH|~~,5,472822,,,false,8
,HjbH|~~,6,462696,,,false,8
,HjbH|~~,7,474988,,,false,8
,HjbH|~~,8,464861,,,false,8
,HjbH|~~,9,477571,,,false,8
,H`qzr~~,0,484765,,,false,8
,H`qzr~~,1,481623,,,false,8
,H`qzr~~,2,468911,,,false,8
,H`qzr~~,3,476803,,,false,8
,H`qzr~~,4,462276,,,false,8
,H`qzr~~,5,475686,,,false,8
,H`qzr~~,6,461927,,,false,8
,H`qzr~~,7,459413,,,false,8
,H`qzr~~,8,457108,,,false,8
,H`qzr~~,9,453267,,,false,8
,H`zPz~~,0,470587,,,false,8
,H`zPz~~,1,455152,,,false,8
,H`zPz~~,2,466187,,,false,8
,H`zPz~~,3,449635,,,false,8
,H`zPz~~,4,461438,,,false,8
,H`zPz~~,5,458016,,,false,8
,H`zPz~~,6,465769,,,false,8
,H`zPz~~,7,452638,,,false,8
,H`zPz~~,8,463324,,,false,8
,H`zPz~~,9,453407,,,false,8
,H`qzvn~,0,477153,,,false,8
,H`qzvn~,1,461439,,,false,8
,H`qzvn~,2,464441,,,false,8
,H`qzvn~,3,466956,,,false,8
,H`qzvn~,4,463394,,,false,8
,H`qzvn~,5,474219,,,false,8
,H`qzvn~,6,463883,,,false,8
,H`qzvn~,7,473032,,,false,8
,H`qzvn~,8,462207,,,false,8
,H`qzvn~,9,485813,,,false,8
,HKd~vz~,0,493286,,,false,8
,HKd~vz~,1,481832,,,false,8
,HKd~vz~,2,459063,,,false,8
,HKd~vz~,3,473730,,,false,8
,HKd~vz~,4,461718,,,false,8
,HKd~vz~,5,478968,,,false,8
,HKd~vz~,6,465139,,,false,8
,HKd~vz~,7,475197,,,false,8
,HKd~vz~,8,459483,,,false,8
,HKd~vz~,9,473660,,,false,8
,HKd~r~~,0,469401,,,false,8
,HKd~r~~,1,485254,,,false,8
,HKd~r~~,2,462696,,,false,8
,HKd~r~~,3,474149,,,false,8
,HKd~r~~,4,471775,,,false,8
,HKd~r~~,5,474080,,,false,8
,HKd~r~~,6,495939,,,false,8
,HKd~r~~,7,505298,,,false,8
,HKd~r~~,8,496498,,,false,8
,HKd~r~~,9,506765,,,false,8
,HKfzrv~,0,500339,,,false,8
,HKfzrv~,1,499012,,,false,8
,HKfzrv~,2,486720,,,false,8
,HKfzrv~,3,492727,,,false,8
,HKfzrv~,4,458994,,,false,8
,HKfzrv~,5,469470,,,false,8
,HKfzrv~,6,478969,,,false,8
,HKfzrv~,7,486581,,,false,8
,HKfzrv~,8,461648,,,false,8
,HKfzrv~,9,457317,,,false,8
,Hfphx~~,0,478689,,,false,8
,Hfphx~~,1,468422,,,false,8
,Hfphx~~,2,461927,,,false,8
,Hfphx~~,3,451312,,,false,8
,Hfphx~~,4,467026,,,false,8
,Hfphx~~,5,456200,,,false,8
,Hfphx~~,6,469889,,,false,8
,Hfphx~~,7,454803,,,false,8
,Hfphx~~,8,465768,,,false,8
,Hfphx~~,9,456200,,,false,8
,HbK~]~~,0,494403,,,false,8
,HbK~]~~,1,462835,,,false,8
,HbK~]~~,2,483159,,,false,8
,HbK~]~~,3,463883,,,false,8
,HbK~]~~,4,467165,,,false,8
,HbK~]~~,5,474778,,,false,8
,HbK~]~~,6,485883,,,false,8
,HbK~]~~,7,465279,,,false,8
,HbK~]~~,8,475826,,,false,8
,HbK~]~~,9,478061,,,false,8
,H`}rm^~,0,484416,,,false,8
,H`}rm^~,1,460600,,,false,8
,H`}rm^~,2,470308,,,false,8
,H`}rm^~,3,463254,,,false,8
,H`}rm^~,4,461298,,,false,8
,H`}rm^~,5,467166,,,false,8
,H`}rm^~,6,452987,,,false,8
,H`}rm^~,7,468352,,,false,8
,H`}rm^~,8,452289,,,false,8
,H`}rm^~,9,468562,,,false,8
,HKd~v^~,0,473870,,,false,8
,HKd~v^~,1,472892,,,false,8
,HKd~v^~,2,460810,,,false,8
,HKd~v^~,3,465210,,,false,8
,HKd~v^~,4,455851,,,false,8
,HKd~v^~,5,475476,,,false,8
,HKd~v^~,6,458994,,,false,8
,HKd~v^~,7,466676,,,false,8
,HKd~v^~,8,459204,,,false,8
,HKd~v^~,9,467305,,,false,8
,H`Nmz~~,0,471076,,,false,8
,H`Nmz~~,1,474358,,,false,8
,H`Nmz~~,2,469749,,,false,8
,H`Nmz~~,3,468422,,,false,8
,H`Nmz~~,4,473800,,,false,8
,H`Nmz~~,5,466676,,,false,8
,H`Nmz~~,6,477082,,,false,8
,H`Nmz~~,7,472334,,,false,8
,H`Nmz~~,8,478061,,,false,8
,H`Nmz~~,9,468073,,,false,8
,H`N~u~~,0,499990,,,false,8
,H`N~u~~,1,482810,,,false,8
,H`N~u~~,2,483089,,,false,8
,H`N~u~~,3,468632,,,false,8
,H`N~u~~,4,472892,,,false,8
,H`N~u~~,5,466676,,,false,8
,H`N~u~~,6,478131,,,false,8
,H`N~u~~,7,471076,,,false,8
,H`N~u~~,8,475965,,,false,8
,H`N~u~~,9,463812,,,false,8
,HxFHy~~,0,480435,,,false,8
,HxFHy~~,1,464581,,,false,8
,HxFHy~~,2,473381,,,false,8
,HxFHy~~,3,453267,,,false,8
,HxFHy~~,4,462207,,,false,8
,HxFHy~~,5,464302,,,false,8
,HxFHy~~,6,473800,,,false,8
,HxFHy~~,7,459622,,,false,8
,HxFHy~~,8,460042,,,false,8
,HxFHy~~,9,478270,,,false,8
,HRiiy~~,0,493355,,,false,8
,HRiiy~~,1,485883,,,false,8
,HRiiy~~,2,472403,,,false,8
,HRiiy~~,3,487978,,,false,8
,HRiiy~~,4,480156,,,false,8
,HRiiy~~,5,477292,,,false,8
,HRiiy~~,6,465000,,,false,8
,HRiiy~~,7,476105,,,false,8
,HRiiy~~,8,471844,,,false,8
,HRiiy~~,9,474150,,,false,8
,Hhox}~~,0,461369,,,false,8
,Hhox}~~,1,463114,,,false,8
,Hhox}~~,2,453267,,,false,8
,Hhox}~~,3,465978,,,false,8
,Hhox}~~,4,459203,,,false,8
,Hhox}~~,5,465629,,,false,8
,Hhox}~~,6,445654,,,false,8
,Hhox}~~,7,459203,,,false,8
,Hhox}~~,8,445375,,,false,8
,Hhox}~~,9,442162,,,false,8
,HRhY|~~,0,483298,,,false,8
,HRhY|~~,1,480645,,,false,8
,HRhY|~~,2,481832,,,false,8
,HRhY|~~,3,474499,,,false,8
,HRhY|~~,4,483019,,,false,8
,HRhY|~~,5,472962,,,false,8
,HRhY|~~,6,485254,,,false,8
,HRhY|~~,7,472194,,,false,8
,HRhY|~~,8,492378,,,false,8
,HRhY|~~,9,484765,,,false,8
,H`tp~^~,0,502854,,,false,8
,H`tp~^~,1,480924,,,false,8
,H`tp~^~,2,492657,,,false,8
,H`tp~^~,3,474778,,,false,8
,H`tp~^~,4,482949,,,false,8
,H`tp~^~,5,480854,,,false,8
,H`tp~^~,6,481412,,,false,8
,H`tp~^~,7,441533,,,false,8
,H`tp~^~,8,460530,,,false,8
,H`tp~^~,9,460880,,,false,8
,HdKz]^~,0,491330,,,false,8
,HdKz]^~,1,466746,,,false,8
,HdKz]^~,2,475686,,,false,8
,HdKz]^~,3,463743,,,false,8
,HdKz]^~,4,468841,,,false,8
,HdKz]^~,5,453197,,,false,8
,HdKz]^~,6,462765,,,false,8
,HdKz]^~,7,452220,,,false,8
,HdKz]^~,8,455851,,,false,8
,HdKz]^~,9,470867,,,false,8
,H`Mzu~~,0,474359,,,false,8
,H`Mzu~~,1,480854,,,false,8
,H`Mzu~~,2,467445,,,false,8
,H`Mzu~~,3,477781,,,false,8
,H`Mzu~~,4,470517,,,false,8
,H`Mzu~~,5,468422,,,false,8
,H`Mzu~~,6,466956,,,false,8
,H`Mzu~~,7,476664,,,false,8
,H`Mzu~~,8,469680,,,false,8
,H`Mzu~~,9,473172,,,false,8
,H~`HW~~,0,459343,,,false,8
,H~`HW~~,1,465209,,,false,8
,H~`HW~~,2,446702,,,false,8
,H~`HW~~,3,460391,,,false,8
,H~`HW~~,4,447051,,,false,8
,H~`HW~~,5,455641,,,false,8
,H~`HW~~,6,444467,,,false,8
,H~`HW~~,7,443629,,,false,8
,H~`HW~~,8,448937,,,false,8
,H~`HW~~,9,445166,,,false,8
,HrhTY~~,0,470099,,,false,8
,HrhTY~~,1,458086,,,false,8
,HrhTY~~,2,466746,,,false,8
,HrhTY~~,3,461228,,,false,8
,HrhTY~~,4,470727,,,false,8
,HrhTY~~,5,464931,,,false,8
,HrhTY~~,6,477851,,,false,8
,HrhTY~~,7,459763,,,false,8
,HrhTY~~,8,469330,,,false,8
,HrhTY~~,9,461368,,,false,8
,HtPix~~,0,486651,,,false,8
,HtPix~~,1,467026,,,false,8
,HtPix~~,2,476175,,,false,8
,HtPix~~,3,462137,,,false,8
,HtPix~~,4,471775,,,false,8
,HtPix~~,5,451591,,,false,8
,HtPix~~,6,446842,,,false,8
,HtPix~~,7,455642,,,false,8
,HtPix~~,8,447749,,,false,8
,HtPix~~,9,457457,,,false,8
,HhNUX~~,0,467724,,,false,8
,HhNUX~~,1,470796,,,false,8
,HhNUX~~,2,452987,,,false,8
,HhNUX~~,3,464650,,,false,8
,HhNUX~~,4,450543,,,false,8
,HhNUX~~,5,458855,,,false,8
,HhNUX~~,6,449426,,,false,8
,HhNUX~~,7,458854,,,false,8
,HhNUX~~,8,453896,,,false,8
,HhNUX~~,9,455013,,,false,8
,H{DX~^~,0,470936,,,false,8
,H{DX~^~,1,466397,,,false,8
,H{DX~^~,2,468352,,,false,8
,H{DX~^~,3,462766,,,false,8
,H{DX~^~,4,472124,,,false,8
,H{DX~^~,5,456130,,,false,8
,H{DX~^~,6,464162,,,false,8
,H{DX~^~,7,464861,,,false,8
,H{DX~^~,8,476943,,,false,8
,H{DX~^~,9,448098,,,false,8
,HJqkz~~,0,471425,,,false,8
,HJqkz~~,1,447121,,,false,8
,HJqkz~~,2,456759,,,false,8
,HJqkz~~,3,448448,,,false,8
,HJqkz~~,4,456479,,,false,8
,HJqkz~~,5,448028,,,false,8
,HJqkz~~,6,443978,,,false,8
,HJqkz~~,7,454455,,,false,8
,HJqkz~~,8,447051,,,false,8
,HJqkz~~,9,459343,,,false,8
,H`uvZz~,0,460181,,,false,8
,H`uvZz~,1,464931,,,false,8
,H`uvZz~,2,449356,,,false,8
,H`uvZz~,3,461229,,,false,8
,H`uvZz~,4,454524,,,false,8
,H`uvZz~,5,462486,,,false,8
,H`uvZz~,6,457108,,,false,8
,H`uvZz~,7,465210,,,false,8
,H`uvZz~,8,459413,,,false,8
,H`uvZz~,9,461858,,,false,8
,HKuzrn~,0,464791,,,false,8
,HKuzrn~,1,460461,,,false,8
,HKuzrn~,2,458505,,,false,8
,HKuzrn~,3,458505,,,false,8
,HKuzrn~,4,464232,,,false,8
,HKuzrn~,5,447610,,,false,8
,HKuzrn~,6,459972,,,false,8
,HKuzrn~,7,447121,,,false,8
,HKuzrn~,8,457318,,,false,8
,HKuzrn~,9,449426,,,false,8
,Hwuqx~~,0,475128,,,false,8
,Hwuqx~~,1,445584,,,false,8
,Hwuqx~~,2,449915,,,false,8
,Hwuqx~~,3,462696,,,false,8
,Hwuqx~~,4,479946,,,false,8
,Hwuqx~~,5,467864,,,false,8
,Hwuqx~~,6,475895,,,false,8
,Hwuqx~~,7,468771,,,false,8
,Hwuqx~~,8,466258,,,false,8
,Hwuqx~~,9,477362,,,false,8
,HqltY~~,0,473800,,,false,8
,HqltY~~,1,463184,,,false,8
,HqltY~~,2,436295,,,false,8
,HqltY~~,3,456828,,,false,8
,HqltY~~,4,450333,,,false,8
,HqltY~~,5,458993,,,false,8
,HqltY~~,6,460670,,,false,8
,HqltY~~,7,474010,,,false,8
,HqltY~~,8,455990,,,false,8
,HqltY~~,9,461927,,,false,8
,HKnZvn~,0,470309,,,false,8
,HKnZvn~,1,478549,,,false,8
,HKnZvn~,2,461298,,,false,8
,HKnZvn~,3,465769,,,false,8
,HKnZvn~,4,459832,,,false,8
,HKnZvn~,5,459553,,,false,8
,HKnZvn~,6,454873,,,false,8
,HKnZvn~,7,449636,,,false,8
,HKnZvn~,8,450403,,,false,8
,HKnZvn~,9,441603,,,false,8
,HQlu~^~,0,468213,,,false,8
,HQlu~^~,1,457108,,,false,8
,HQlu~^~,2,466258,,,false,8
,HQlu~^~,3,454664,,,false,8
,HQlu~^~,4,468632,,,false,8
,HQlu~^~,5,449286,,,false,8
,HQlu~^~,6,456968,,,false,8
,HQlu~^~,7,449984,,,false,8
,HQlu~^~,8,454175,,,false,8
,HQlu~^~,9,450124,,,false,8
,HKttz~~,0,462695,,,false,8
,HKttz~~,1,469051,,,false,8
,HKttz~~,2,471425,,,false,8
,HKttz~~,3,477711,,,false,8
,HKttz~~,4,460181,,,false,8
,HKttz~~,5,467864,,,false,8
,HKttz~~,6,465699,,,false,8
,HKttz~~,7,476175,,,false,8
,HKttz~~,8,457877,,,false,8
,HKttz~~,9,465349,,,false,8
,Hqh\z~~,0,464302,,,false,8
,Hqh\z~~,1,518568,,,false,8
,Hqh\z~~,2,452289,,,false,8
,Hqh\z~~,3,465070,,,false,8
,Hqh\z~~,4,444536,,,false,8
,Hqh\z~~,5,450823,,,false,8
,Hqh\z~~,6,449915,,,false,8
,Hqh\z~~,7,461927,,,false,8
,Hqh\z~~,8,458016,,,false,8
,Hqh\z~~,9,444606,,,false,8
,HTlrY~~,0,469958,,,false,8
,HTlrY~~,1,455082,,,false,8
,HTlrY~~,2,454943,,,false,8
,HTlrY~~,3,443978,,,false,8
,HTlrY~~,4,455641,,,false,8
,HTlrY~~,5,444188,,,false,8
,HTlrY~~,6,450822,,,false,8
,HTlrY~~,7,444188,,,false,8
,HTlrY~~,8,495102,,,false,8
,HTlrY~~,9,464861,,,false,8
,HTXZ~z~,0,481343,,,false,8
,HTXZ~z~,1,462346,,,false,8
,HTXZ~z~,2,466257,,,false,8
,HTXZ~z~,3,608314,,,false,8
,HTXZ~z~,4,493006,,,false,8
,HTXZ~z~,5,463254,,,false,8
,HTXZ~z~,6,477991,,,false,8
,HTXZ~z~,7,579260,,,false,8
,HTXZ~z~,8,477152,,,false,8
,HTXZ~z~,9,455641,,,false,8
,HTX\z~~,0,476175,,,false,8
,HTX\z~~,1,469540,,,false,8
,HTX\z~~,2,484695,,,false,8
,HTX\z~~,3,464791,,,false,8
,HTX\z~~,4,472543,,,false,8
,HTX\z~~,5,454175,,,false,8
,HTX\z~~,6,457807,,,false,8
,HTX\z~~,7,453127,,,false,8
,HTX\z~~,8,453267,,,false,8
,HTX\z~~,9,456340,,,false,8
,HTX^~z~,0,465140,,,false,8
,HTX^~z~,1,469750,,,false,8
,HTX^~z~,2,455851,,,false,8
,HTX^~z~,3,470099,,,false,8
,HTX^~z~,4,458435,,,false,8
,HTX^~z~,5,472263,,,false,8
,HTX^~z~,6,452289,,,false,8
,HTX^~z~,7,466048,,,false,8
,HTX^~z~,8,455222,,,false,8
,HTX^~z~,9,465698,,,false,8
,HqK|Y~~,0,466187,,,false,8
,HqK|Y~~,1,472473,,,false,8
,HqK|Y~~,2,458924,,,false,8
,HqK|Y~~,3,459832,,,false,8
,HqK|Y~~,4,461788,,,false,8
,HqK|Y~~,5,466048,,,false,8
,HqK|Y~~,6,462486,,,false,8
,HqK|Y~~,7,457248,,,false,8
,HqK|Y~~,8,461298,,,false,8
,HqK|Y~~,9,457458,,,false,8
,HqKy~^~,0,474708,,,false,8
,HqKy~^~,1,455362,,,false,8
,HqKy~^~,2,462416,,,false,8
,HqKy~^~,3,443768,,,false,8
,HqKy~^~,4,459832,,,false,8
,HqKy~^~,5,445096,,,false,8
,HqKy~^~,6,453267,,,false,8
,HqKy~^~,7,454664,,,false,8
,HqKy~^~,8,468282,,,false,8
,HqKy~^~,9,462346,,,false,8
,H}hPW~~,0,499152,,,false,8
,H}hPW~~,1,471355,,,false,8
,H}hPW~~,2,468562,,,false,8
,H}hPW~~,3,460879,,,false,8
,H}hPW~~,4,467165,,,false,8
,H}hPW~~,5,468981,,,false,8
,H}hPW~~,6,429312,,,false,8
,H}hPW~~,7,440835,,,false,8
,H}hPW~~,8,440206,,,false,8
,H}hPW~~,9,459203,,,false,8
,H}GZ[~~,0,472193,,,false,8
,H}GZ[~~,1,477013,,,false,8
,H}GZ[~~,2,459902,,,false,8
,H}GZ[~~,3,471914,,,false,8
,H}GZ[~~,4,452639,,,false,8
,H}GZ[~~,5,458924,,,false,8
,H}GZ[~~,6,452708,,,false,8
,H}GZ[~~,7,463393,,,false,8
,H}GZ[~~,8,457318,,,false,8
,H}GZ[~~,9,462207,,,false,8
,HrotY~~,0,483088,,,false,8
,HrotY~~,1,468562,,,false,8
,HrotY~~,2,470169,,,false,8
,HrotY~~,3,454873,,,false,8
,HrotY~~,4,468492,,,false,8
,HrotY~~,5,456340,,,false,8
,HrotY~~,6,468911,,,false,8
,HrotY~~,7,451801,,,false,8
,HrotY~~,8,462695,,,false,8
,HrotY~~,9,454733,,,false,8
,HqNax~~,0,479946,,,false,8
,HqNax~~,1,457109,,,false,8
,HqNax~~,2,463743,,,false,8
,HqNax~~,3,452220,,,false,8
,HqNax~~,4,460950,,,false,8
,HqNax~~,5,451870,,,false,8
,HqNax~~,6,454315,,,false,8
,HqNax~~,7,461718,,,false,8
,HqNax~~,8,451521,,,false,8
,HqNax~~,9,462416,,,false,8
,HtOy~^~,0,448587,,,false,8
,HtOy~^~,1,460251,,,false,8
,HtOy~^~,2,449426,,,false,8
,HtOy~^~,3,457038,,,false,8
,HtOy~^~,4,453965,,,false,8
,HtOy~^~,5,464791,,,false,8
,HtOy~^~,6,457667,,,false,8
,HtOy~^~,7,465629,,,false,8
,HtOy~^~,8,457597,,,false,8
,HtOy~^~,9,471216,,,false,8
,Hqgyz~~,0,468981,,,false,8
,Hqgyz~~,1,451801,,,false,8
,Hqgyz~~,2,461229,,,false,8
,Hqgyz~~,3,457737,,,false,8
,Hqgyz~~,4,465489,,,false,8
,Hqgyz~~,5,441813,,,false,8
,Hqgyz~~,6,453686,,,false,8
,Hqgyz~~,7,445445,,,false,8
,Hqgyz~~,8,454804,,,false,8
,Hqgyz~~,9,444676,,,false,8
,HRqi~n~,0,464162,,,false,8
,HRqi~n~,1,443978,,,false,8
,HRqi~n~,2,455711,,,false,8
,HRqi~n~,3,447470,,,false,8
,HRqi~n~,4,445095,,,false,8
,HRqi~n~,5,456340,,,false,8
,HRqi~n~,6,446702,,,false,8
,HRqi~n~,7,458924,,,false,8
,HRqi~n~,8,449845,,,false,8
,HRqi~n~,9,464162,,,false,8
,HhqXz~~,0,464372,,,false,8
,HhqXz~~,1,471774,,,false,8
,HhqXz~~,2,454664,,,false,8
,HhqXz~~,3,468911,,,false,8
,HhqXz~~,4,458854,,,false,8
,HhqXz~~,5,470028,,,false,8
,HhqXz~~,6,457527,,,false,8
,HhqXz~~,7,479387,,,false,8
,HhqXz~~,8,453267,,,false,8
,HhqXz~~,9,463184,,,false,8
,HqzPx~~,0,460740,,,false,8
,HqzPx~~,1,441813,,,false,8
,HqzPx~~,2,451800,,,false,8
,HqzPx~~,3,440766,,,false,8
,HqzPx~~,4,446074,,,false,8
,HqzPx~~,5,432244,,,false,8
,HqzPx~~,6,449286,,,false,8
,HqzPx~~,7,439298,,,false,8
,HqzPx~~,8,439927,,,false,8
,HqzPx~~,9,435946,,,false,8
,HuSxz^~,0,462486,,,false,8
,HuSxz^~,1,442651,,,false,8
,HuSxz^~,2,443699,,,false,8
,HuSxz^~,3,451311,,,false,8
,HuSxz^~,4,452219,,,false,8
,HuSxz^~,5,463394,,,false,8
,HuSxz^~,6,451800,,,false,8
,HuSxz^~,7,462067,,,false,8
,HuSxz^~,8,458575,,,false,8
,HuSxz^~,9,466118,,,false,8
,HkurX~~,0,458714,,,false,8
,HkurX~~,1,461509,,,false,8
,HkurX~~,2,451102,,,false,8
,HkurX~~,3,459064,,,false,8
,HkurX~~,4,449845,,,false,8
,HkurX~~,5,442442,,,false,8
,HkurX~~,6,453127,,,false,8
,HkurX~~,7,440067,,,false,8
,HkurX~~,8,449915,,,false,8
,HkurX~~,9,440346,,,false,8
,HYU\~z~,0,471496,,,false,8
,HYU\~z~,1,446492,,,false,8
,HYU\~z~,2,460391,,,false,8
,HYU\~z~,3,452847,,,false,8
,HYU\~z~,4,471705,,,false,8
,HYU\~z~,5,464023,,,false,8
,HYU\~z~,6,476664,,,false,8
,HYU\~z~,7,469959,,,false,8
,HYU\~z~,8,469680,,,false,8
,HYU\~z~,9,464721,,,false,8
,HqK~]~~,0,485394,,,false,8
,HqK~]~~,1,472404,,,false,8
,HqK~]~~,2,434829,,,false,8
,HqK~]~~,3,443908,,,false,8
,HqK~]~~,4,447330,,,false,8
,HqK~]~~,5,460321,,,false,8
,HqK~]~~,6,439019,,,false,8
,HqK~]~~,7,454733,,,false,8
,HqK~]~~,8,447051,,,false,8
,HqK~]~~,9,455851,,,false,8
,Hktpx~~,0,463882,,,false,8
,Hktpx~~,1,467654,,,false,8
,Hktpx~~,2,453197,,,false,8
,Hktpx~~,3,460390,,,false,8
,Hktpx~~,4,451660,,,false,8
,Hktpx~~,5,450474,,,false,8
,Hktpx~~,6,456619,,,false,8
,Hktpx~~,7,447959,,,false,8
,Hktpx~~,8,461019,,,false,8
,Hktpx~~,9,441604,,,false,8
,Hdthzn~,0,470308,,,false,8
,Hdthzn~,1,451870,,,false,8
,Hdthzn~,2,463813,,,false,8
,Hdthzn~,3,445235,,,false,8
,Hdthzn~,4,452638,,,false,8
,Hdthzn~,5,442861,,,false,8
,Hdthzn~,6,454245,,,false,8
,Hdthzn~,7,443908,,,false,8
,Hdthzn~,8,443070,,,false,8
,Hdthzn~,9,446702,,,false,8
,H`mzrn~,0,452778,,,false,8
,H`mzrn~,1,465908,,,false,8
,H`mzrn~,2,448727,,,false,8
,H`mzrn~,3,459972,,,false,8
,H`mzrn~,4,446074,,,false,8
,H`mzrn~,5,458226,,,false,8
,H`mzrn~,6,444746,,,false,8
,H`mzrn~,7,448937,,,false,8
,H`mzrn~,8,441674,,,false,8
,H`mzrn~,9,454943,,,false,8
,HpLy~v~,0,468213,,,false,8
,HpLy~v~,1,458505,,,false,8
,HpLy~v~,2,467584,,,false,8
,HpLy~v~,3,459064,,,false,8
,HpLy~v~,4,473242,,,false,8
,HpLy~v~,5,449356,,,false,8
,HpLy~v~,6,450892,,,false,8
,HpLy~v~,7,441883,,,false,8
,HpLy~v~,8,460880,,,false,8
,HpLy~v~,9,441883,,,false,8
,H`zTzz~,0,472194,,,false,8
,H`zTzz~,1,446982,,,false,8
,H`zTzz~,2,452289,,,false,8
,H`zTzz~,3,442371,,,false,8
,H`zTzz~,4,446143,,,false,8
,H`zTzz~,5,447051,,,false,8
,H`zTzz~,6,439159,,,false,8
,H`zTzz~,7,455921,,,false,8
,H`zTzz~,8,440277,,,false,8
,H`zTzz~,9,453965,,,false,8
,HKur~z~,0,451032,,,false,8
,HKur~z~,1,460460,,,false,8
,HKur~z~,2,443629,,,false,8
,HKur~z~,3,449775,,,false,8
,HKur~z~,4,440695,,,false,8
,HKur~z~,5,454174,,,false,8
,HKur~z~,6,467933,,,false,8
,HKur~z~,7,455082,,,false,8
,HKur~z~,8,464092,,,false,8
,HKur~z~,9,451870,,,false,8
,HqL\~^~,0,472333,,,false,8
,HqL\~^~,1,454454,,,false,8
,HqL\~^~,2,470518,,,false,8
,HqL\~^~,3,455362,,,false,8
,HqL\~^~,4,463674,,,false,8
,HqL\~^~,5,449844,,,false,8
,HqL\~^~,6,456828,,,false,8
,HqL\~^~,7,446562,,,false,8
,HqL\~^~,8,451381,,,false,8
,HqL\~^~,9,443420,,,false,8
,HdW}z~~,0,456200,,,false,8
,HdW}z~~,1,455153,,,false,8
,HdW}z~~,2,445585,,,false,8
,HdW}z~~,3,471774,,,false,8
,HdW}z~~,4,439298,,,false,8
,HdW}z~~,5,447470,,,false,8
,HdW}z~~,6,445584,,,false,8
,HdW}z~~,7,464163,,,false,8
,HdW}z~~,8,457318,,,false,8
,HdW}z~~,9,469610,,,false,8
,H`lv]~~,0,474569,,,false,8
,H`lv]~~,1,467514,,,false,8
,H`lv]~~,2,462136,,,false,8
,H`lv]~~,3,472683,,,false,8
,H`lv]~~,4,460530,,,false,8
,H`lv]~~,5,463743,,,false,8
,H`lv]~~,6,468422,,,false,8
,H`lv]~~,7,454454,,,false,8
,H`lv]~~,8,461508,,,false,8
,H`lv]~~,9,448936,,,false,8
,H`lv~z~,0,468981,,,false,8
,H`lv~z~,1,459972,,,false,8
,H`lv~z~,2,467305,,,false,8
,H`lv~z~,3,455362,,,false,8
,H`lv~z~,4,469120,,,false,8
,H`lv~z~,5,453895,,,false,8
,H`lv~z~,6,457736,,,false,8
,H`lv~z~,7,450613,,,false,8
,H`lv~z~,8,453267,,,false,8
,H`lv~z~,9,452848,,,false,8
,H\TZ\~~,0,483787,,,false,8
,H\TZ\~~,1,468562,,,false,8
,H\TZ\~~,2,482112,,,false,8
,H\TZ\~~,3,477571,,,false,8
,H\TZ\~~,4,475756,,,false,8
,H\TZ\~~,5,480854,,,false,8
,H\TZ\~~,6,474359,,,false,8
,H\TZ\~~,7,482600,,,false,8
,H\TZ\~~,8,452080,,,false,8
,H\TZ\~~,9,451870,,,false,8
,H}Ky~^~,0,471425,,,false,8
,H}Ky~^~,1,480505,,,false,8
,H}Ky~^~,2,467724,,,false,8
,H}Ky~^~,3,473590,,,false,8
,H}Ky~^~,4,460321,,,false,8
,H}Ky~^~,5,470867,,,false,8
,H}Ky~^~,6,456130,,,false,8
,H}Ky~^~,7,470797,,,false,8
,H}Ky~^~,8,456480,,,false,8
,H}Ky~^~,9,463394,,,false,8
,HR]~Mv~,0,457457,,,false,8
,HR]~Mv~,1,462765,,,false,8
,HR]~Mv~,2,450822,,,false,8
,HR]~Mv~,3,442860,,,false,8
,HR]~Mv~,4,450682,,,false,8
,HR]~Mv~,5,445934,,,false,8
,HR]~Mv~,6,462975,,,false,8
,HR]~Mv~,7,446073,,,false,8
,HR]~Mv~,8,452778,,,false,8
,HR]~Mv~,9,445025,,,false,8
,HJnL~n~,0,486372,,,false,8
,HJnL~n~,1,467515,,,false,8
,HJnL~n~,2,476524,,,false,8
,HJnL~n~,3,462695,,,false,8
,HJnL~n~,4,474289,,,false,8
,HJnL~n~,5,466467,,,false,8
,HJnL~n~,6,478061,,,false,8
,HJnL~n~,7,467584,,,false,8
,HJnL~n~,8,471426,,,false,8
,HJnL~n~,9,462556,,,false,8
,HhN~u~~,0,487839,,,false,8
,HhN~u~~,1,467794,,,false,8
,HhN~u~~,2,455921,,,false,8
,HhN~u~~,3,466956,,,false,8
,HhN~u~~,4,458086,,,false,8
,HhN~u~~,5,467724,,,false,8
,HhN~u~~,6,459063,,,false,8
,HhN~u~~,7,472403,,,false,8
,HhN~u~~,8,459064,,,false,8
,HhN~u~~,9,469889,,,false,8
,HjK~]~~,0,463394,,,false,8
,HjK~]~~,1,467515,,,false,8
,HjK~]~~,2,449426,,,false,8
,HjK~]~~,3,466188,,,false,8
,HjK~]~~,4,453267,,,false,8
,HjK~]~~,5,479388,,,false,8
,HjK~]~~,6,466118,,,false,8
,HjK~]~~,7,474289,,,false,8
,HjK~]~~,8,466747,,,false,8
,HjK~]~~,9,477641,,,false,8
,HRVlz~~,0,485673,,,false,8
,HRVlz~~,1,474499,,,false,8
,HRVlz~~,2,465838,,,false,8
,HRVlz~~,3,474289,,,false,8
,HRVlz~~,4,483368,,,false,8
,HRVlz~~,5,461508,,,false,8
,HRVlz~~,6,460670,,,false,8
,HRVlz~~,7,460320,,,false,8
,HRVlz~~,8,474289,,,false,8
,HRVlz~~,9,458295,,,false,8
,H[Uzu~~,0,473730,,,false,8
,H[Uzu~~,1,451381,,,false,8
,H[Uzu~~,2,451312,,,false,8
,H[Uzu~~,3,446143,,,false,8
,H[Uzu~~,4,460810,,,false,8
,H[Uzu~~,5,449356,,,false,8
,H[Uzu~~,6,449914,,,false,8
,H[Uzu~~,7,442371,,,false,8
,H[Uzu~~,8,448727,,,false,8
,H[Uzu~~,9,461997,,,false,8
,HLrZt~~,0,470447,,,false,8
,HLrZt~~,1,474638,,,false,8
,HLrZt~~,2,461089,,,false,8
,HLrZt~~,3,466327,,,false,8
,HLrZt~~,4,454524,,,false,8
,HLrZt~~,5,471704,,,false,8
,HLrZt~~,6,456759,,,false,8
,HLrZt~~,7,460391,,,false,8
,HLrZt~~,8,446004,,,false,8
,HLrZt~~,9,461019,,,false,8
,H\diz~~,0,461368,,,false,8
,H\diz~~,1,458714,,,false,8
,H\diz~~,2,445445,,,false,8
,H\diz~~,3,458435,,,false,8
,H\diz~~,4,446562,,,false,8
,H\diz~~,5,448029,,,false,8
,H\diz~~,6,459064,,,false,8
,H\diz~~,7,447540,,,false,8
,H\diz~~,8,461927,,,false,8
,H\diz~~,9,443209,,,false,8
,HKl~e~~,0,468981,,,false,8
,HKl~e~~,1,451521,,,false,8
,HKl~e~~,2,467864,,,false,8
,HKl~e~~,3,458086,,,false,8
,HKl~e~~,4,482879,,,false,8
,HKl~e~~,5,469819,,,false,8
,HKl~e~~,6,468702,,,false,8
,HKl~e~~,7,459692,,,false,8
,HKl~e~~,8,473241,,,false,8
,HKl~e~~,9,462975,,,false,8
,HRlu~Z~,0,476244,,,false,8
,HRlu~Z~,1,458714,,,false,8
,HRlu~Z~,2,453826,,,false,8
,HRlu~Z~,3,462276,,,false,8
,HRlu~Z~,4,458296,,,false,8
,HRlu~Z~,5,477851,,,false,8
,HRlu~Z~,6,471495,,,false,8
,HRlu~Z~,7,489445,,,false,8
,HRlu~Z~,8,474568,,,false,8
,HRlu~Z~,9,474638,,,false,8
,HKnr~v~,0,492448,,,false,8
,HKnr~v~,1,498524,,,false,8
,HKnr~v~,2,476035,,,false,8
,HKnr~v~,3,462137,,,false,8
,HKnr~v~,4,454245,,,false,8
,HKnr~v~,5,471775,,,false,8
,HKnr~v~,6,466467,,,false,8
,HKnr~v~,7,481832,,,false,8
,HKnr~v~,8,467864,,,false,8
,HKnr~v~,9,472682,,,false,8
,HRlu~^~,0,469051,,,false,8
,HRlu~^~,1,470448,,,false,8
,HRlu~^~,2,459204,,,false,8
,HRlu~^~,3,481413,,,false,8
,HRlu~^~,4,471286,,,false,8
,HRlu~^~,5,484416,,,false,8
,HRlu~^~,6,474359,,,false,8
,HRlu~^~,7,474009,,,false,8
,HRlu~^~,8,479667,,,false,8
,HRlu~^~,9,466746,,,false,8
,HQl~~z~,0,479946,,,false,8
,HQl~~z~,1,471006,,,false,8
,HQl~~z~,2,479038,,,false,8
,HQl~~z~,3,466118,,,false,8
,HQl~~z~,4,474149,,,false,8
,HQl~~z~,5,460320,,,false,8
,HQl~~z~,6,470517,,,false,8
,HQl~~z~,7,457667,,,false,8
,HQl~~z~,8,467235,,,false,8
,HQl~~z~,9,454175,,,false,8
,H{dXz^~,0,474149,,,false,8
,H{dXz^~,1,448239,,,false,8
,H{dXz^~,2,469819,,,false,8
,H{dXz^~,3,447470,,,false,8
,H{dXz^~,4,457946,,,false,8
,H{dXz^~,5,442232,,,false,8
,H{dXz^~,6,449007,,,false,8
,H{dXz^~,7,450752,,,false,8
,H{dXz^~,8,443978,,,false,8
,H{dXz^~,9,466188,,,false,8
,HrrHx~~,0,463324,,,false,8
,HrrHx~~,1,468702,,,false,8
,HrrHx~~,2,457737,,,false,8
,HrrHx~~,3,461857,,,false,8
,HrrHx~~,4,445375,,,false,8
,HrrHx~~,5,465419,,,false,8
,HrrHx~~,6,457247,,,false,8
,HrrHx~~,7,457806,,,false,8
,HrrHx~~,8,449914,,,false,8
,HrrHx~~,9,458785,,,false,8
,HYU}t~~,0,472962,,,false,8
,HYU}t~~,1,463393,,,false,8
,HYU}t~~,2,469610,,,false,8
,HYU}t~~,3,455362,,,false,8
,HYU}t~~,4,466328,,,false,8
,HYU}t~~,5,456550,,,false,8
,HYU}t~~,6,461019,,,false,8
,HYU}t~~,7,454175,,,false,8
,HYU}t~~,8,464162,,,false,8
,HYU}t~~,9,450822,,,false,8
,HKu~b~~,0,479667,,,false,8
,HKu~b~~,1,458924,,,false,8
,HKu~b~~,2,459134,,,false,8
,HKu~b~~,3,445305,,,false,8
,HKu~b~~,4,455712,,,false,8
,HKu~b~~,5,446562,,,false,8
,HKu~b~~,6,446563,,,false,8
,HKu~b~~,7,456130,,,false,8
,HKu~b~~,8,441813,,,false,8
,HKu~b~~,9,455851,,,false,8
,H`l~vj~,0,462346,,,false,8
,H`l~vj~,1,467933,,,false,8
,H`l~vj~,2,457597,,,false,8
,H`l~vj~,3,490492,,,false,8
,H`l~vj~,4,468911,,,false,8
,H`l~vj~,5,473242,,,false,8
,H`l~vj~,6,459972,,,false,8
,H`l~vj~,7,473661,,,false,8
,H`l~vj~,8,459622,,,false,8
,H`l~vj~,9,471425,,,false,8
,H`l~vn~,0,475685,,,false,8
,H`l~vn~,1,479946,,,false,8
,H`l~vn~,2,469470,,,false,8
,H`l~vn~,3,479877,,,false,8
,H`l~vn~,4,470029,,,false,8
,H`l~vn~,5,469540,,,false,8
,H`l~vn~,6,455153,,,false,8
,H`l~vn~,7,463534,,,false,8
,H`l~vn~,8,474010,,,false,8
,H`l~vn~,9,460950,,,false,8
,HbNl}~~,0,477083,,,false,8
,HbNl}~~,1,462835,,,false,8
,HbNl}~~,2,469470,,,false,8
,HbNl}~~,3,458226,,,false,8
,HbNl}~~,4,468632,,,false,8
,HbNl}~~,5,456620,,,false,8
,HbNl}~~,6,466047,,,false,8
,HbNl}~~,7,456409,,,false,8
,HbNl}~~,8,472613,,,false,8
,HbNl}~~,9,462277,,,false,8
,H`z\z~~,0,476384,,,false,8
,H`z\z~~,1,459133,,,false,8
,H`z\z~~,2,474149,,,false,8
,H`z\z~~,3,467445,,,false,8
,H`z\z~~,4,468422,,,false,8
,H`z\z~~,5,457597,,,false,8
,H`z\z~~,6,469959,,,false,8
,H`z\z~~,7,478061,,,false,8
,H`z\z~~,8,478829,,,false,8
,H`z\z~~,9,490283,,,false,8
,H~rHx~~,0,496498,,,false,8
,H~rHx~~,1,496987,,,false,8
,H~rHx~~,2,498524,,,false,8
,H~rHx~~,3,477572,,,false,8
,H~rHx~~,4,485184,,,false,8
,H~rHx~~,5,491819,,,false,8
,H~rHx~~,6,472334,,,false,8
,H~rHx~~,7,460391,,,false,8
,H~rHx~~,8,457877,,,false,8
,H~rHx~~,9,464721,,,false,8
,H^rLz~~,0,463673,,,false,8
,H^rLz~~,1,464511,,,false,8
,H^rLz~~,2,447959,,,false,8
,H^rLz~~,3,471844,,,false,8
,H^rLz~~,4,458225,,,false,8
,H^rLz~~,5,466955,,,false,8
,H^rLz~~,6,455641,,,false,8
,H^rLz~~,7,472893,,,false,8
,H^rLz~~,8,454664,,,false,8
,H^rLz~~,9,464302,,,false,8
,H`~~vn~,0,472683,,,false,8
,H`~~vn~,1,486372,,,false,8
,H`~~vn~,2,477572,,,false,8
,H`~~vn~,3,488467,,,false,8
,H`~~vn~,4,471285,,,false,8
,H`~~vn~,5,483787,,,false,8
,H`~~vn~,6,476175,,,false,8
,H`~~vn~,7,478549,,,false,8
,H`~~vn~,8,484625,,,false,8
,H`~~vn~,9,478968,,,false,8
,Hrqix~~,0,467515,,,false,8
,Hrqix~~,1,456061,,,false,8
,Hrqix~~,2,461089,,,false,8
,Hrqix~~,3,447400,,,false,8
,Hrqix~~,4,455223,,,false,8
,Hrqix~~,5,445654,,,false,8
,Hrqix~~,6,449076,,,false,8
,Hrqix~~,7,434619,,,false,8
,Hrqix~~,8,447121,,,false,8
,Hrqix~~,9,437273,,,false,8
,HYd}t~~,0,470518,,,false,8
,HYd}t~~,1,451102,,,false,8
,HYd}t~~,2,444118,,,false,8
,HYd}t~~,3,475756,,,false,8
,HYd}t~~,4,450682,,,false,8
,HYd}t~~,5,458714,,,false,8
,HYd}t~~,6,451520,,,false,8
,HYd}t~~,7,471425,,,false,8
,HYd}t~~,8,457247,,,false,8
,HYd}t~~,9,473381,,,false,8
,HtXXz~~,0,467235,,,false,8
,HtXXz~~,1,468841,,,false,8
,HtXXz~~,2,452708,,,false,8
,HtXXz~~,3,466886,,,false,8
,HtXXz~~,4,453406,,,false,8
,HtXXz~~,5,464023,,,false,8
,HtXXz~~,6,457038,,,false,8
,HtXXz~~,7,451591,,,false,8
,HtXXz~~,8,455711,,,false,8
,HtXXz~~,9,440905,,,false,8
,HMutZ~~,0,460391,,,false,8
,HMutZ~~,1,448448,,,false,8
,HMutZ~~,2,457388,,,false,8
,HMutZ~~,3,449356,,,false,8
,HMutZ~~,4,461019,,,false,8
,HMutZ~~,5,442441,,,false,8
,HMutZ~~,6,458924,,,false,8
,HMutZ~~,7,449425,,,false,8
,HMutZ~~,8,453476,,,false,8
,HMutZ~~,9,439787,,,false,8
,HvSzZ^~,0,461997,,,false,8
,HvSzZ^~,1,461019,,,false,8
,HvSzZ^~,2,464791,,,false,8
,HvSzZ^~,3,475686,,,false,8
,HvSzZ^~,4,462556,,,false,8
,HvSzZ^~,5,463254,,,false,8
,HvSzZ^~,6,453197,,,false,8
,HvSzZ^~,7,478060,,,false,8
,HvSzZ^~,8,465279,,,false,8
,HvSzZ^~,9,463463,,,false,8
,HvSz^^~,0,471286,,,false,8
,HvSz^^~,1,478061,,,false,8
,HvSz^^~,2,465908,,,false,8
,HvSz^^~,3,478549,,,false,8
,HvSz^^~,4,454524,,,false,8
,HvSz^^~,5,467724,,,false,8
,HvSz^^~,6,459832,,,false,8
,HvSz^^~,7,467654,,,false,8
,HvSz^^~,8,455571,,,false,8
,HvSz^^~,9,465489,,,false,8
,HqL~r~~,0,475896,,,false,8
,HqL~r~~,1,468981,,,false,8
,HqL~r~~,2,469330,,,false,8
,HqL~r~~,3,459902,,,false,8
,HqL~r~~,4,471984,,,false,8
,HqL~r~~,5,464721,,,false,8
,HqL~r~~,6,478759,,,false,8
,HqL~r~~,7,466187,,,false,8
,HqL~r~~,8,487070,,,false,8
,HqL~r~~,9,475755,,,false,8
,HRl~Mv~,0,487489,,,false,8
,HRl~Mv~,1,466536,,,false,8
,HRl~Mv~,2,477641,,,false,8
,HRl~Mv~,3,461997,,,false,8
,HRl~Mv~,4,476384,,,false,8
,HRl~Mv~,5,459064,,,false,8
,HRl~Mv~,6,466187,,,false,8
,HRl~Mv~,7,445026,,,false,8
,HRl~Mv~,8,451312,,,false,8
,HRl~Mv~,9,446073,,,false,8
,HLnJ~n~,0,474428,,,false,8
,HLnJ~n~,1,459622,,,false,8
,HLnJ~n~,2,463812,,,false,8
,HLnJ~n~,3,480435,,,false,8
,HLnJ~n~,4,480435,,,false,8
,HLnJ~n~,5,499013,,,false,8
,HLnJ~n~,6,486372,,,false,8
,HLnJ~n~,7,483438,,,false,8
,HLnJ~n~,8,476664,,,false,8
,HLnJ~n~,9,501876,,,false,8
,HdYz~r~,0,486581,,,false,8
,HdYz~r~,1,453476,,,false,8
,HdYz~r~,2,438740,,,false,8
,HdYz~r~,3,478689,,,false,8
,HdYz~r~,4,464861,,,false,8
,HdYz~r~,5,467584,,,false,8
,HdYz~r~,6,451800,,,false,8
,HdYz~r~,7,473521,,,false,8
,HdYz~r~,8,466327,,,false,8
,HdYz~r~,9,476663,,,false,8
,Hbiz~v~,0,477083,,,false,8
,Hbiz~v~,1,479946,,,false,8
,Hbiz~v~,2,470588,,,false,8
,Hbiz~v~,3,477362,,,false,8
,Hbiz~v~,4,463952,,,false,8
,Hbiz~v~,5,469819,,,false,8
,Hbiz~v~,6,454664,,,false,8
,Hbiz~v~,7,464511,,,false,8
,Hbiz~v~,8,459133,,,false,8
,Hbiz~v~,9,470308,,,false,8
,HdYz}~~,0,465210,,,false,8
,HdYz}~~,1,451382,,,false,8
,HdYz}~~,2,475337,,,false,8
,HdYz}~~,3,470378,,,false,8
,HdYz}~~,4,472962,,,false,8
,HdYz}~~,5,461928,,,false,8
,HdYz}~~,6,471216,,,false,8
,HdYz}~~,7,454733,,,false,8
,HdYz}~~,8,470308,,,false,8
,HdYz}~~,9,453825,,,false,8
,HqN~r~~,0,474428,,,false,8
,HqN~r~~,1,464231,,,false,8
,HqN~r~~,2,475336,,,false,8
,HqN~r~~,3,462626,,,false,8
,HqN~r~~,4,471356,,,false,8
,HqN~r~~,5,458855,,,false,8
,HqN~r~~,6,467025,,,false,8
,HqN~r~~,7,456828,,,false,8
,HqN~r~~,8,455711,,,false,8
,HqN~r~~,9,465489,,,false,8
,HtlrY~~,0,456060,,,false,8
,HtlrY~~,1,466606,,,false,8
,HtlrY~~,2,455083,,,false,8
,HtlrY~~,3,470238,,,false,8
,HtlrY~~,4,454733,,,false,8
,HtlrY~~,5,468073,,,false,8
,HtlrY~~,6,451731,,,false,8
,HtlrY~~,7,463464,,,false,8
,HtlrY~~,8,454105,,,false,8
,HtlrY~~,9,460041,,,false,8
,H{Sz~z~,0,473939,,,false,8
,H{Sz~z~,1,476384,,,false,8
,H{Sz~z~,2,461997,,,false,8
,H{Sz~z~,3,473939,,,false,8
,H{Sz~z~,4,471355,,,false,8
,H{Sz~z~,5,466187,,,false,8
,H{Sz~z~,6,462486,,,false,8
,H{Sz~z~,7,450193,,,false,8
,H{Sz~z~,8,463603,,,false,8
,H{Sz~z~,9,460111,,,false,8
,HRvdz~~,0,475267,,,false,8
,HRvdz~~,1,461648,,,false,8
,HRvdz~~,2,471496,,,false,8
,HRvdz~~,3,458365,,,false,8
,HRvdz~~,4,465280,,,false,8
,HRvdz~~,5,452220,,,false,8
,HRvdz~~,6,467025,,,false,8
,HRvdz~~,7,453756,,,false,8
,HRvdz~~,8,471915,,,false,8
,HRvdz~~,9,464860,,,false,8
,HtX\z~~,0,490632,,,false,8
,HtX\z~~,1,471635,,,false,8
,HtX\z~~,2,480085,,,false,8
,HtX\z~~,3,472752,,,false,8
,HtX\z~~,4,479947,,,false,8
,HtX\z~~,5,466955,,,false,8
,HtX\z~~,6,466327,,,false,8
,HtX\z~~,7,478200,,,false,8
,HtX\z~~,8,466187,,,false,8
,HtX\z~~,9,460390,,,false,8
,H{S~~z~,0,465698,,,false,8
,H{S~~z~,1,463813,,,false,8
,H{S~~z~,2,455013,,,false,8
,H{S~~z~,3,478480,,,false,8
,H{S~~z~,4,466397,,,false,8
,H{S~~z~,5,479457,,,false,8
,H{S~~z~,6,452988,,,false,8
,H{S~~z~,7,466187,,,false,8
,H{S~~z~,8,451800,,,false,8
,H{S~~z~,9,464511,,,false,8
,H}hXz~~,0,461438,,,false,8
,H}hXz~~,1,463883,,,false,8
,H}hXz~~,2,460670,,,false,8
,H}hXz~~,3,463813,,,false,8
,H}hXz~~,4,455571,,,false,8
,H}hXz~~,5,457248,,,false,8
,H}hXz~~,6,482530,,,false,8
,H}hXz~~,7,472962,,,false,8
,H}hXz~~,8,474778,,,false,8
,H}hXz~~,9,463534,,,false,8
,H}nax~~,0,479458,,,false,8
,H}nax~~,1,465698,,,false,8
,H}nax~~,2,468492,,,false,8
,H}nax~~,3,450822,,,false,8
,H}nax~~,4,464302,,,false,8
,H}nax~~,5,450404,,,false,8
,H}nax~~,6,476943,,,false,8
,H}nax~~,7,471705,,,false,8
,H}nax~~,8,489584,,,false,8
,H}nax~~,9,478060,,,false,8
,Hrvdz~~,0,507882,,,false,8
,Hrvdz~~,1,525203,,,false,8
,Hrvdz~~,2,515704,,,false,8
,Hrvdz~~,3,481902,,,false,8
,Hrvdz~~,4,473800,,,false,8
,Hrvdz~~,5,452708,,,false,8
,Hrvdz~~,6,464511,,,false,8
,Hrvdz~~,7,467096,,,false,8
,Hrvdz~~,8,474708,,,false,8
,Hrvdz~~,9,459693,,,false,8
,Hp^uz~~,0,473521,,,false,8
,Hp^uz~~,1,462067,,,false,8
,Hp^uz~~,2,470518,,,false,8
,Hp^uz~~,3,469540,,,false,8
,Hp^uz~~,4,466048,,,false,8
,Hp^uz~~,5,484486,,,false,8
,Hp^uz~~,6,479247,,,false,8
,Hp^uz~~,7,477990,,,false,8
,Hp^uz~~,8,473242,,,false,8
,Hp^uz~~,9,483298,,,false,8
,HRl}~^~,0,481832,,,false,8
,HRl}~^~,1,490981,,,false,8
,HRl}~^~,2,485813,,,false,8
,HRl}~^~,3,479178,,,false,8
,HRl}~^~,4,466955,,,false,8
,HRl}~^~,5,472263,,,false,8
,HRl}~^~,6,462974,,,false,8
,HRl}~^~,7,479736,,,false,8
,HRl}~^~,8,463743,,,false,8
,HRl}~^~,9,476664,,,false,8
,Hq~tz~~,0,475686,,,false,8
,Hq~tz~~,1,484904,,,false,8
,Hq~tz~~,2,472822,,,false,8
,Hq~tz~~,3,482112,,,false,8
,Hq~tz~~,4,465140,,,false,8
,Hq~tz~~,5,474359,,,false,8
,Hq~tz~~,6,464301,,,false,8
,Hq~tz~~,7,482809,,,false,8
,Hq~tz~~,8,479527,,,false,8
,Hq~tz~~,9,488327,,,false,8
,HjNm|~~,0,486372,,,false,8
,HjNm|~~,1,484835,,,false,8
,HjNm|~~,2,465838,,,false,8
,HjNm|~~,3,480015,,,false,8
,HjNm|~~,4,466676,,,false,8
,HjNm|~~,5,479038,,,false,8
,HjNm|~~,6,465559,,,false,8
,HjNm|~~,7,468493,,,false,8
,HjNm|~~,8,463603,,,false,8
,HjNm|~~,9,452778,,,false,8
,HJz\z~~,0,495032,,,false,8
,HJz\z~~,1,477153,,,false,8
,HJz\z~~,2,472753,,,false,8
,HJz\z~~,3,456340,,,false,8
,HJz\z~~,4,485743,,,false,8
,HJz\z~~,5,475127,,,false,8
,HJz\z~~,6,478968,,,false,8
,HJz\z~~,7,462556,,,false,8
,HJz\z~~,8,470098,,,false,8
,HJz\z~~,9,458504,,,false,8
,HMn~r~~,0,486791,,,false,8
,HMn~r~~,1,475895,,,false,8
,HMn~r~~,2,483787,,,false,8
,HMn~r~~,3,469958,,,false,8
,HMn~r~~,4,485603,,,false,8
,HMn~r~~,5,469889,,,false,8
,HMn~r~~,6,489025,,,false,8
,HMn~r~~,7,480435,,,false,8
,HMn~r~~,8,495590,,,false,8
,HMn~r~~,9,477991,,,false,8
,Hru~Z~~,0,497616,,,false,8
,Hru~Z~~,1,478270,,,false,8
,Hru~Z~~,2,483858,,,false,8
,Hru~Z~~,3,472194,,,false,8
,Hru~Z~~,4,484276,,,false,8
,Hru~Z~~,5,470448,,,false,8
,Hru~Z~~,6,477781,,,false,8
,Hru~Z~~,7,468842,,,false,8
,Hru~Z~~,8,472683,,,false,8
,Hru~Z~~,9,461718,,,false,8
,HR~~vn~,0,476245,,,false,8
,HR~~vn~,1,484206,,,false,8
,HR~~vn~,2,474289,,,false,8
,HR~~vn~,3,482111,,,false,8
,HR~~vn~,4,471286,,,false,8
,HR~~vn~,5,475616,,,false,8
,HR~~vn~,6,468352,,,false,8
,HR~~vn~,7,476104,,,false,8
,HR~~vn~,8,465908,,,false,8
,HR~~vn~,9,483019,,,false,8
,H???XjA,0,21301,,,false,2
,H???XjA,1,16692,,,false,2
,H???XjA,2,16552,,,false,2
,H???XjA,3,15784,,,false,2
,H???XjA,4,15714,,,false,2
,H???XjA,5,15645,,,false,2
,H???XjA,6,14946,,,false,2
,H???XjA,7,15155,,,false,2
,H???XjA,8,14807,,,false,2
,H???XjA,9,14736,,,false,2
,H?qahro,0,469959,,,false,8
,H?qahro,1,439438,,,false,8
,H?qahro,2,434060,,,false,8
,H?qahro,3,452219,,,false,8
,H?qahro,4,441394,,,false,8
,H?qahro,5,448028,,,false,8
,H?qahro,6,431756,,,false,8
,H?qahro,7,440486,,,false,8
,H?qahro,8,436994,,,false,8
,H?qahro,9,444048,,,false,8
,H??@GrD,0,12152,,,false,3
,H??@GrD,1,9498,,,false,3
,H??@GrD,2,8940,,,false,3
,H??@GrD,3,8451,,,false,3
,H??@GrD,4,8660,,,false,3
,H??@GrD,5,8521,,,false,3
,H??@GrD,6,9010,,,false,3
,H??@GrD,7,8730,,,false,3
,H??@GrD,8,8520,,,false,3
,H??@GrD,9,8660,,,false,3
,H???]Os,0,11942,,,false,3
,H???]Os,1,9987,,,false,3
,H???]Os,2,10197,,,false,3
,H???]Os,3,9987,,,false,3
,H???]Os,4,10058,,,false,3
,H???]Os,5,10336,,,false,3
,H???]Os,6,10057,,,false,3
,H???]Os,7,10057,,,false,3
,H???]Os,8,9428,,,false,3
,H???]Os,9,10057,,,false,3
,H``?@cM,0,37784,,,false,5
,H``?@cM,1,31429,,,false,5
,H``?@cM,2,29543,,,false,5
,H``?@cM,3,29124,,,false,5
,H``?@cM,4,29194,,,false,5
,H``?@cM,5,29124,,,false,5
,H``?@cM,6,28914,,,false,5
,H``?@cM,7,29124,,,false,5
,H``?@cM,8,29473,,,false,5
,H``?@cM,9,28984,,,false,5
,H?D_Sfa,0,50006,,,false,5
,H?D_Sfa,1,41555,,,false,5
,H?D_Sfa,2,39460,,,false,5
,H?D_Sfa,3,39320,,,false,5
,H?D_Sfa,4,50564,,,false,5
,H?D_Sfa,5,39670,,,false,5
,H?D_Sfa,6,37644,,,false,5
,H?D_Sfa,7,37155,,,false,5
,H?D_Sfa,8,37016,,,false,5
,H?D_Sfa,9,37505,,,false,5
,HCD@z^~,0,503762,,,false,8
,HCD@z^~,1,504320,,,false,8
,HCD@z^~,2,490702,,,false,8
,HCD@z^~,3,504600,,,false,8
,HCD@z^~,4,492308,,,false,8
,HCD@z^~,5,522898,,,false,8
,HCD@z^~,6,512841,,,false,8
,HCD@z^~,7,531977,,,false,8
,HCD@z^~,8,518568,,,false,8
,HCD@z^~,9,525273,,,false,8
,H`?Ha]{,0,31219,,,false,6
,H`?Ha]{,1,24793,,,false,6
,H`?Ha]{,2,23327,,,false,6
,H`?Ha]{,3,23327,,,false,6
,H`?Ha]{,4,23187,,,false,6
,H`?Ha]{,5,23327,,,false,6
,H`?Ha]{,6,22908,,,false,6
,H`?Ha]{,7,22908,,,false,6
,H`?Ha]{,8,22558,,,false,6
,H`?Ha]{,9,22628,,,false,6
,H`?N~z{,0,532466,,,false,8
,H`?N~z{,1,473451,,,false,8
,H`?N~z{,2,476942,,,false,8
,H`?N~z{,3,443280,,,false,8
,H`?N~z{,4,457946,,,false,8
,H`?N~z{,5,461787,,,false,8
,H`?N~z{,6,469400,,,false,8
,H`?N~z{,7,466327,,,false,8
,H`?N~z{,8,473800,,,false,8
,H`?N~z{,9,453476,,,false,8
,HgGqsy],0,469959,,,false,8
,HgGqsy],1,453476,,,false,8
,HgGqsy],2,451871,,,false,8
,HgGqsy],3,461787,,,false,8
,HgGqsy],4,453198,,,false,8
,HgGqsy],5,457876,,,false,8
,HgGqsy],6,436715,,,false,8
,HgGqsy],7,446632,,,false,8
,HgGqsy],8,438880,,,false,8
,HgGqsy],9,446143,,,false,8
,HqOpS|},0,448448,,,false,8
,HqOpS|},1,460391,,,false,8
,HqOpS|},2,434969,,,false,8
,HqOpS|},3,430080,,,false,8
,HqOpS|},4,436575,,,false,8
,HqOpS|},5,429242,,,false,8
,HqOpS|},6,444118,,,false,8
,HqOpS|},7,428404,,,false,8
,HqOpS|},8,436505,,,false,8
,HqOpS|},9,425051,,,false,8
,HR?M[xk,0,463812,,,false,8
,HR?M[xk,1,456619,,,false,8
,HR?M[xk,2,464231,,,false,8
,HR?M[xk,3,445165,,,false,8
,HR?M[xk,4,442581,,,false,8
,HR?M[xk,5,465140,,,false,8
,HR?M[xk,6,452150,,,false,8
,HR?M[xk,7,454314,,,false,8
,HR?M[xk,8,441744,,,false,8
,HR?M[xk,9,449146,,,false,8
,HWLKm_^,0,459832,,,false,8
,HWLKm_^,1,464302,,,false,8
,HWLKm_^,2,426937,,,false,8
,HWLKm_^,3,433013,,,false,8
,HWLKm_^,4,441185,,,false,8
,HWLKm_^,5,446562,,,false,8
,HWLKm_^,6,444397,,,false,8
,HWLKm_^,7,432105,,,false,8
,HWLKm_^,8,440835,,,false,8
,HWLKm_^,9,434340,,,false,8
,H?LE`YT,0,73403,,,false,6
,H?LE`YT,1,61948,,,false,6
,H?LE`YT,2,58317,,,false,6
,H?LE`YT,3,65790,,,false,6
,H?LE`YT,4,55872,,,false,6
,H?LE`YT,5,54895,,,false,6
,H?LE`YT,6,55244,,,false,6
,H?LE`YT,7,55104,,,false,6
,H?LE`YT,8,54686,,,false,6
,H?LE`YT,9,53847,,,false,6
,H@CI?M`,0,30520,,,false,6
,H@CI?M`,1,23886,,,false,6
,H@CI?M`,2,21930,,,false,6
,H@CI?M`,3,21721,,,false,6
,H@CI?M`,4,21441,,,false,6
,H@CI?M`,5,21092,,,false,6
,H@CI?M`,6,21581,,,false,6
,H@CI?M`,7,21511,,,false,6
,H@CI?M`,8,21371,,,false,6
,H@CI?M`,9,21441,,,false,6
,H`?H_ZB,0,15435,,,false,3
,H`?H_ZB,1,12153,,,false,3
,H`?H_ZB,2,11943,,,false,3
,H`?H_ZB,3,11733,,,false,3
,H`?H_ZB,4,11384,,,false,3
,H`?H_ZB,5,11594,,,false,3
,H`?H_ZB,6,12851,,,false,3
,H`?H_ZB,7,11454,,,false,3
,H`?H_ZB,8,11804,,,false,3
,H`?H_ZB,9,11035,,,false,3
,H??E@KZ,0,14248,,,false,2
,H??E@KZ,1,11524,,,false,2
,H??E@KZ,2,10477,,,false,2
,H??E@KZ,3,9638,,,false,2
,H??E@KZ,4,10826,,,false,2
,H??E@KZ,5,10546,,,false,2
,H??E@KZ,6,10825,,,false,2
,H??E@KZ,7,19485,,,false,2
,H??E@KZ,8,11244,,,false,2
,H??E@KZ,9,10476,,,false,2
,H@`?OKr,0,20044,,,false,2
,H@`?OKr,1,17320,,,false,2
,H@`?OKr,2,16133,,,false,2
,H@`?OKr,3,16203,,,false,2
,H@`?OKr,4,16273,,,false,2
,H@`?OKr,5,16133,,,false,2
,H@`?OKr,6,16343,,,false,2
,H@`?OKr,7,15784,,,false,2
,H@`?OKr,8,16553,,,false,2
,H@`?OKr,9,16413,,,false,2
,H?AA`O[,0,16692,,,false,3
,H?AA`O[,1,14387,,,false,3
,H?AA`O[,2,13689,,,false,3
,H?AA`O[,3,12990,,,false,3
,H?AA`O[,4,13270,,,false,3
,H?AA`O[,5,12990,,,false,3
,H?AA`O[,6,12781,,,false,3
,H?AA`O[,7,12990,,,false,3
,H?AA`O[,8,12851,,,false,3
,H?AA`O[,9,12571,,,false,3
,H{db?{],0,446073,,,false,8
,H{db?{],1,440765,,,false,8
,H{db?{],2,426378,,,false,8
,H{db?{],3,438460,,,false,8
,H{db?{],4,435178,,,false,8
,H{db?{],5,449705,,,false,8
,H{db?{],6,433152,,,false,8
,H{db?{],7,436575,,,false,8
,H{db?{],8,437343,,,false,8
,H{db?{],9,436645,,,false,8
,HoDczp{,0,469051,,,false,8
,HoDczp{,1,443490,,,false,8
,HoDczp{,2,444467,,,false,8
,HoDczp{,3,441674,,,false,8
,HoDczp{,4,450334,,,false,8
,HoDczp{,5,427495,,,false,8
,HoDczp{,6,440277,,,false,8
,HoDczp{,7,425540,,,false,8
,HoDczp{,8,428474,,,false,8
,HoDczp{,9,430498,,,false,8
,Hqopc|m,0,447470,,,false,8
,Hqopc|m,1,459064,,,false,8
,Hqopc|m,2,440277,,,false,8
,Hqopc|m,3,453058,,,false,8
,Hqopc|m,4,434759,,,false,8
,Hqopc|m,5,453267,,,false,8
,Hqopc|m,6,432874,,,false,8
,Hqopc|m,7,447051,,,false,8
,Hqopc|m,8,434340,,,false,8
,Hqopc|m,9,427984,,,false,8
,Hqcxq\f,0,458854,,,false,8
,Hqcxq\f,1,437623,,,false,8
,Hqcxq\f,2,453756,,,false,8
,Hqcxq\f,3,437622,,,false,8
,Hqcxq\f,4,456480,,,false,8
,Hqcxq\f,5,443559,,,false,8
,Hqcxq\f,6,458365,,,false,8
,Hqcxq\f,7,447121,,,false,8
,Hqcxq\f,8,455641,,,false,8
,Hqcxq\f,9,437971,,,false,8
,Hr?GOKF,0,32896,,,false,4
,Hr?GOKF,1,28564,,,false,4
,Hr?GOKF,2,27098,,,false,4
,Hr?GOKF,3,27099,,,false,4
,Hr?GOKF,4,26609,,,false,4
,Hr?GOKF,5,26679,,,false,4
,Hr?GOKF,6,26120,,,false,4
,Hr?GOKF,7,26469,,,false,4
,Hr?GOKF,8,26749,,,false,4
,Hr?GOKF,9,26749,,,false,4
,HQQ?@KY,0,22559,,,false,3
,HQQ?@KY,1,18508,,,false,3
,HQQ?@KY,2,17670,,,false,3
,HQQ?@KY,3,17251,,,false,3
,HQQ?@KY,4,18019,,,false,3
,HQQ?@KY,5,26539,,,false,3
,HQQ?@KY,6,18088,,,false,3
,HQQ?@KY,7,17670,,,false,3
,HQQ?@KY,8,17530,,,false,3
,HQQ?@KY,9,17250,,,false,3
,H?C@IQD,0,12781,,,false,3
,H?C@IQD,1,9638,,,false,3
,H?C@IQD,2,9499,,,false,3
,H?C@IQD,3,10057,,,false,3
,H?C@IQD,4,9498,,,false,3
,H?C@IQD,5,9010,,,false,3
,H?C@IQD,6,9638,,,false,3
,H?C@IQD,7,9358,,,false,3
,H?C@IQD,8,9569,,,false,3
,H?C@IQD,9,9009,,,false,3
,H??HIaW,0,21650,,,false,2
,H??HIaW,1,18577,,,false,2
,H??HIaW,2,16832,,,false,2
,H??HIaW,3,16552,,,false,2
,H??HIaW,4,16273,,,false,2
,H??HIaW,5,16273,,,false,2
,H??HIaW,6,16134,,,false,2
,H??HIaW,7,16343,,,false,2
,H??HIaW,8,16203,,,false,2
,H??HIaW,9,16552,,,false,2
,H????^q,0,14876,,,false,3
,H????^q,1,12781,,,false,3
,H????^q,2,12292,,,false,3
,H????^q,3,11872,,,false,3
,H????^q,4,12292,,,false,3
,H????^q,5,12013,,,false,3
,H????^q,6,11804,,,false,3
,H????^q,7,12013,,,false,3
,H????^q,8,11803,,,false,3
,H????^q,9,12083,,,false,3
,HAA?PKy,0,49448,,,false,6
,HAA?PKy,1,41625,,,false,6
,HAA?PKy,2,39669,,,false,6
,HAA?PKy,3,38552,,,false,6
,HAA?PKy,4,38273,,,false,6
,HAA?PKy,5,38552,,,false,6
,HAA?PKy,6,46793,,,false,6
,HAA?PKy,7,38622,,,false,6
,HAA?PKy,8,38343,,,false,6
,HAA?PKy,9,38133,,,false,6
,H@BQPS^,0,90164,,,false,7
,H@BQPS^,1,81364,,,false,7
,H@BQPS^,2,79548,,,false,7
,H@BQPS^,3,75777,,,false,7
,H@BQPS^,4,74870,,,false,7
,H@BQPS^,5,74520,,,false,7
,H@BQPS^,6,75289,,,false,7
,H@BQPS^,7,76476,,,false,7
,H@BQPS^,8,74939,,,false,7
,H@BQPS^,9,75009,,,false,7
,HPVBG}z,0,452778,,,false,8
,HPVBG}z,1,442651,,,false,8
,HPVBG}z,2,454804,,,false,8
,HPVBG}z,3,441184,,,false,8
,HPVBG}z,4,449006,,,false,8
,HPVBG}z,5,434899,,,false,8
,HPVBG}z,6,456131,,,false,8
,HPVBG}z,7,433712,,,false,8
,HPVBG}z,8,441673,,,false,8
,HPVBG}z,9,434061,,,false,8
,HELZTMN,0,456689,,,false,8
,HELZTMN,1,451800,,,false,8
,HELZTMN,2,441255,,,false,8
,HELZTMN,3,465280,,,false,8
,HELZTMN,4,481832,,,false,8
,HELZTMN,5,489864,,,false,8
,HELZTMN,6,467375,,,false,8
,HELZTMN,7,476454,,,false,8
,HELZTMN,8,470029,,,false,8
,HELZTMN,9,533095,,,false,8
,HDpch\Z,0,478130,,,false,8
,HDpch\Z,1,469330,,,false,8
,HDpch\Z,2,431756,,,false,8
,HDpch\Z,3,443139,,,false,8
,HDpch\Z,4,460181,,,false,8
,HDpch\Z,5,462416,,,false,8
,HDpch\Z,6,433642,,,false,8
,HDpch\Z,7,440207,,,false,8
,HDpch\Z,8,445794,,,false,8
,HDpch\Z,9,432664,,,false,8
,H??@GrB,0,12082,,,false,3
,H??@GrB,1,9499,,,false,3
,H??@GrB,2,9080,,,false,3
,H??@GrB,3,9009,,,false,3
,H??@GrB,4,19625,,,false,3
,H??@GrB,5,8451,,,false,3
,H??@GrB,6,8521,,,false,3
,H??@GrB,7,8730,,,false,3
,H??@GrB,8,8451,,,false,3
,H??@GrB,9,8101,,,false,3
,H?CAHM^,0,45676,,,false,3
,H?CAHM^,1,38902,,,false,3
,H?CAHM^,2,36736,,,false,3
,H?CAHM^,3,34920,,,false,3
,H?CAHM^,4,35200,,,false,3
,H?CAHM^,5,35269,,,false,3
,H?CAHM^,6,34780,,,false,3
,H?CAHM^,7,34571,,,false,3
,H?CAHM^,8,34851,,,false,3
,H?CAHM^,9,35200,,,false,3
,HINT^~~,0,479527,,,false,8
,HINT^~~,1,456060,,,false,8
,HINT^~~,2,450682,,,false,8
,HINT^~~,3,457178,,,false,8
,HINT^~~,4,445235,,,false,8
,HINT^~~,5,459971,,,false,8
,HINT^~~,6,454105,,,false,8
,HINT^~~,7,471844,,,false,8
,HINT^~~,8,444747,,,false,8
,HINT^~~,9,459972,,,false,8
,H@lv]~~,0,477013,,,false,8
,H@lv]~~,1,468562,,,false,8
,H@lv]~~,2,455711,,,false,8
,H@lv]~~,3,458924,,,false,8
,H@lv]~~,4,459063,,,false,8
,H@lv]~~,5,470797,,,false,8
,H@lv]~~,6,455153,,,false,8
,H@lv]~~,7,451870,,,false,8
,H@lv]~~,8,469819,,,false,8
,H@lv]~~,9,464861,,,false,8
,H{~va{~,0,475965,,,false,8
,H{~va{~,1,444537,,,false,8
,H{~va{~,2,460879,,,false,8
,H{~va{~,3,452499,,,false,8
,H{~va{~,4,461788,,,false,8
,H{~va{~,5,449495,,,false,8
,H{~va{~,6,458365,,,false,8
,H{~va{~,7,441393,,,false,8
,H{~va{~,8,449775,,,false,8
,H{~va{~,9,440695,,,false,8
,HINLn~~,0,464790,,,false,8
,HINLn~~,1,450473,,,false,8
,HINLn~~,2,445933,,,false,8
,HINLn~~,3,452080,,,false,8
,HINLn~~,4,446492,,,false,8
,HINLn~~,5,460111,,,false,8
,HINLn~~,6,446004,,,false,8
,HINLn~~,7,458365,,,false,8
,HINLn~~,8,446632,,,false,8
,HINLn~~,9,458575,,,false,8
,HJaJY{~,0,277617,,,false,7
,HJaJY{~,1,270144,,,false,7
,HJaJY{~,2,273287,,,false,7
,HJaJY{~,3,269306,,,false,7
,HJaJY{~,4,266792,,,false,7
,HJaJY{~,5,262322,,,false,7
,HJaJY{~,6,269516,,,false,7
,HJaJY{~,7,265465,,,false,7
,HJaJY{~,8,261903,,,false,7
,HJaJY{~,9,257154,,,false,7
,H@IYvN~,0,506625,,,false,8
,H@IYvN~,1,486720,,,false,8
,H@IYvN~,2,489444,,,false,8
,H@IYvN~,3,471006,,,false,8
,H@IYvN~,4,479317,,,false,8
,H@IYvN~,5,467235,,,false,8
,H@IYvN~,6,481483,,,false,8
,H@IYvN~,7,462416,,,false,8
,H@IYvN~,8,478550,,,false,8
,H@IYvN~,9,468213,,,false,8
,H?B~~rx,0,498105,,,false,8
,H?B~~rx,1,478968,,,false,8
,H?B~~rx,2,485185,,,false,8
,H?B~~rx,3,472892,,,false,8
,H?B~~rx,4,479946,,,false,8
,H?B~~rx,5,468562,,,false,8
,H?B~~rx,6,483439,,,false,8
,H?B~~rx,7,477222,,,false,8
,H?B~~rx,8,494333,,,false,8
,H?B~~rx,9,485115,,,false,8
,H{dahWZ,0,473800,,,false,8
,H{dahWZ,1,437623,,,false,8
,H{dahWZ,2,446143,,,false,8
,H{dahWZ,3,438460,,,false,8
,H{dahWZ,4,442371,,,false,8
,H{dahWZ,5,451102,,,false,8
,H{dahWZ,6,433921,,,false,8
,H{dahWZ,7,446563,,,false,8
,H{dahWZ,8,427356,,,false,8
,H{dahWZ,9,446074,,,false,8
,H@Kp]jJ,0,402562,,,false,6
,H@Kp]jJ,1,386988,,,false,6
,H@Kp]jJ,2,383356,,,false,6
,H@Kp]jJ,3,380143,,,false,6
,H@Kp]jJ,4,390340,,,false,6
,H@Kp]jJ,5,378746,,,false,6
,H@Kp]jJ,6,386429,,,false,6
,H@Kp]jJ,7,456968,,,false,6
,H@Kp]jJ,8,368550,,,false,6
,H@Kp]jJ,9,389153,,,false,6
,H`?HW~r,0,68095,,,false,6
,H`?HW~r,1,59644,,,false,6
,H`?HW~r,2,57688,,,false,6
,H`?HW~r,3,42533,,,false,6
,H`?HW~r,4,36038,,,false,6
,H`?HW~r,5,35130,,,false,6
,H`?HW~r,6,34780,,,false,6
,H`?HW~r,7,35269,,,false,6
,H`?HW~r,8,34850,,,false,6
,H`?HW~r,9,35269,,,false,6
,H@Kp]fL,0,399210,,,false,6
,H@Kp]fL,1,375604,,,false,6
,H@Kp]fL,2,369458,,,false,6
,H@Kp]fL,3,381122,,,false,6
,H@Kp]fL,4,386080,,,false,6
,H@Kp]fL,5,396416,,,false,6
,H@Kp]fL,6,381680,,,false,6
,H@Kp]fL,7,371972,,,false,6
,H@Kp]fL,8,390829,,,false,6
,H@Kp]fL,9,387267,,,false,6
,HoCOZB~,0,25283,,,false,5
,HoCOZB~,1,21162,,,false,5
,HoCOZB~,2,20254,,,false,5
,HoCOZB~,3,20254,,,false,5
,HoCOZB~,4,20114,,,false,5
,HoCOZB~,5,20533,,,false,5
,HoCOZB~,6,19904,,,false,5
,HoCOZB~,7,19555,,,false,5
,HoCOZB~,8,20114,,,false,5
,HoCOZB~,9,19695,,,false,5
,H?BMXwz,0,105460,,,false,6
,H?BMXwz,1,86813,,,false,6
,H?BMXwz,2,84368,,,false,6
,H?BMXwz,3,81574,,,false,6
,H?BMXwz,4,78292,,,false,6
,H?BMXwz,5,77593,,,false,6
,H?BMXwz,6,77942,,,false,6
,H?BMXwz,7,79060,,,false,6
,H?BMXwz,8,78221,,,false,6
,H?BMXwz,9,78082,,,false,6
,H?CWvNf,0,42044,,,false,6
,H?CWvNf,1,36248,,,false,6
,H?CWvNf,2,34781,,,false,6
,H?CWvNf,3,34781,,,false,6
,H?CWvNf,4,43930,,,false,6
,H?CWvNf,5,34990,,,false,6
,H?CWvNf,6,34781,,,false,6
,H?CWvNf,7,34850,,,false,6
,H?CWvNf,8,34432,,,false,6
,H?CWvNf,9,35270,,,false,6
,H@GZQmN,0,150717,,,false,7
,H@GZQmN,1,142894,,,false,7
,H@GZQmN,2,130603,,,false,7
,H@GZQmN,3,126412,,,false,7
,H@GZQmN,4,129276,,,false,7
,H@GZQmN,5,136329,,,false,7
,H@GZQmN,6,126063,,,false,7
,H@GZQmN,7,121243,,,false,7
,H@GZQmN,8,123758,,,false,7
,H@GZQmN,9,126273,,,false,7
,H@GZIuN,0,127669,,,false,7
,H@GZIuN,1,123968,,,false,7
,H@GZIuN,2,131790,,,false,7
,H@GZIuN,3,127739,,,false,7
,H@GZIuN,4,121803,,,false,7
,H@GZIuN,5,124875,,,false,7
,H@GZIuN,6,119986,,,false,7
,H@GZIuN,7,127250,,,false,7
,H@GZIuN,8,117612,,,false,7
,H@GZIuN,9,120126,,,false,7
,H??Kz^{,0,286487,,,false,6
,H??Kz^{,1,206100,,,false,6
,H??Kz^{,2,202678,,,false,6
,H??Kz^{,3,197020,,,false,6
,H??Kz^{,4,204354,,,false,6
,H??Kz^{,5,195834,,,false,6
,H??Kz^{,6,187173,,,false,6
,H??Kz^{,7,185567,,,false,6
,H??Kz^{,8,185637,,,false,6
,H??Kz^{,9,194158,,,false,6
,H??E\lz,0,31219,,,false,7
,H??E\lz,1,26680,,,false,7
,H??E\lz,2,25282,,,false,7
,H??E\lz,3,25282,,,false,7
,H??E\lz,4,24863,,,false,7
,H??E\lz,5,25702,,,false,7
,H??E\lz,6,25841,,,false,7
,H??E\lz,7,25841,,,false,7
,H??E\lz,8,25143,,,false,7
,H??E\lz,9,25562,,,false,7
,H?CWtHb,0,44837,,,false,5
,H?CWtHb,1,37574,,,false,5
,H?CWtHb,2,34362,,,false,5
,H?CWtHb,3,34362,,,false,5
,H?CWtHb,4,33594,,,false,5
,H?CWtHb,5,34781,,,false,5
,H?CWtHb,6,33803,,,false,5
,H?CWtHb,7,34780,,,false,5
,H?CWtHb,8,33873,,,false,5
,H?CWtHb,9,34361,,,false,5
,HoStIv{,0,494613,,,false,8
,HoStIv{,1,461927,,,false,8
,HoStIv{,2,466956,,,false,8
,HoStIv{,3,451032,,,false,8
,HoStIv{,4,458645,,,false,8
,HoStIv{,5,446074,,,false,8
,HoStIv{,6,459972,,,false,8
,HoStIv{,7,446423,,,false,8
,HoStIv{,8,448099,,,false,8
,HoStIv{,9,447540,,,false,8
,HhEJG~w,0,456270,,,false,8
,HhEJG~w,1,459623,,,false,8
,HhEJG~w,2,434340,,,false,8
,HhEJG~w,3,455851,,,false,8
,HhEJG~w,4,432384,,,false,8
,HhEJG~w,5,448378,,,false,8
,HhEJG~w,6,439159,,,false,8
,HhEJG~w,7,435108,,,false,8
,HhEJG~w,8,427006,,,false,8
,HhEJG~w,9,428333,,,false,8
,H?hSzZr,0,485184,,,false,8
,H?hSzZr,1,475267,,,false,8
,H?hSzZr,2,477153,,,false,8
,H?hSzZr,3,471705,,,false,8
,H?hSzZr,4,479038,,,false,8
,H?hSzZr,5,468003,,,false,8
,H?hSzZr,6,473800,,,false,8
,H?hSzZr,7,469540,,,false,8
,H?hSzZr,8,482740,,,false,8
,H?hSzZr,9,464581,,,false,8
,HEhcqkn,0,480435,,,false,8
,HEhcqkn,1,460880,,,false,8
,HEhcqkn,2,461787,,,false,8
,HEhcqkn,3,453686,,,false,8
,HEhcqkn,4,453197,,,false,8
,HEhcqkn,5,444258,,,false,8
,HEhcqkn,6,451591,,,false,8
,HEhcqkn,7,448727,,,false,8
,HEhcqkn,8,471984,,,false,8
,HEhcqkn,9,462765,,,false,8
,H}nna{~,0,470448,,,false,8
,H}nna{~,1,467934,,,false,8
,H}nna{~,2,448448,,,false,8
,H}nna{~,3,458575,,,false,8
,H}nna{~,4,457039,,,false,8
,H}nna{~,5,465768,,,false,8
,H}nna{~,6,455851,,,false,8
,H}nna{~,7,465000,,,false,8
,H}nna{~,8,461718,,,false,8
,H}nna{~,9,471425,,,false,8
,HQYPOnN,0,483717,,,false,8
,HQYPOnN,1,476663,,,false,8
,HQYPOnN,2,462346,,,false,8
,HQYPOnN,3,471984,,,false,8
,HQYPOnN,4,454664,,,false,8
,HQYPOnN,5,464371,,,false,8
,HQYPOnN,6,450892,,,false,8
,HQYPOnN,7,445306,,,false,8
,HQYPOnN,8,456410,,,false,8
,HQYPOnN,9,443769,,,false,8
,H??P?VD,0,15644,,,false,3
,H??P?VD,1,12571,,,false,3
,H??P?VD,2,11873,,,false,3
,H??P?VD,3,11594,,,false,3
,H??P?VD,4,20883,,,false,3
,H??P?VD,5,11035,,,false,3
,H??P?VD,6,10965,,,false,3
,H??P?VD,7,11523,,,false,3
,H??P?VD,8,11384,,,false,3
,H??P?VD,9,11105,,,false,3
,HoDPX`H,0,426448,,,false,7
,HoDPX`H,1,408499,,,false,7
,HoDPX`H,2,412060,,,false,7
,HoDPX`H,3,407591,,,false,7
,HoDPX`H,4,418695,,,false,7
,HoDPX`H,5,400467,,,false,7
,HoDPX`H,6,409128,,,false,7
,HoDPX`H,7,400886,,,false,7
,HoDPX`H,8,397814,,,false,7
,HoDPX`H,9,416880,,,false,7
,H{Sz]}~,0,476594,,,false,8
,H{Sz]}~,1,482810,,,false,8
,H{Sz]}~,2,462765,,,false,8
,H{Sz]}~,3,479527,,,false,8
,H{Sz]}~,4,467445,,,false,8
,H{Sz]}~,5,476245,,,false,8
,H{Sz]}~,6,460949,,,false,8
,H{Sz]}~,7,471216,,,false,8
,H{Sz]}~,8,462695,,,false,8
,H{Sz]}~,9,474917,,,false,8
,HoDPXPP,0,428683,,,false,7
,HoDPXPP,1,412271,,,false,7
,HoDPXPP,2,411223,,,false,7
,HoDPXPP,3,399908,,,false,7
,HoDPXPP,4,406753,,,false,7
,HoDPXPP,5,401166,,,false,7
,HoDPXPP,6,399420,,,false,7
,HoDPXPP,7,411991,,,false,7
,HoDPXPP,8,404169,,,false,7
,HoDPXPP,9,413597,,,false,7
,H~?G[|m,0,26679,,,false,5
,H~?G[|m,1,22628,,,false,5
,H~?G[|m,2,21232,,,false,5
,H~?G[|m,3,21581,,,false,5
,H~?G[|m,4,21999,,,false,5
,H~?G[|m,5,20952,,,false,5
,H~?G[|m,6,21791,,,false,5
,H~?G[|m,7,21511,,,false,5
,H~?G[|m,8,21442,,,false,5
,H~?G[|m,9,21092,,,false,5
,H{dbG{^,0,490353,,,false,8
,H{dbG{^,1,470029,,,false,8
,H{dbG{^,2,458365,,,false,8
,H{dbG{^,3,468073,,,false,8
,H{dbG{^,4,463254,,,false,8
,H{dbG{^,5,475686,,,false,8
,H{dbG{^,6,466118,,,false,8
,H{dbG{^,7,473241,,,false,8
,H{dbG{^,8,471705,,,false,8
,H{dbG{^,9,484835,,,false,8
,Hd^@|ln,0,475127,,,false,8
,Hd^@|ln,1,481832,,,false,8
,Hd^@|ln,2,466258,,,false,8
,Hd^@|ln,3,477152,,,false,8
,Hd^@|ln,4,472822,,,false,8
,Hd^@|ln,5,487558,,,false,8
,Hd^@|ln,6,483647,,,false,8
,Hd^@|ln,7,492657,,,false,8
,Hd^@|ln,8,471775,,,false,8
,Hd^@|ln,9,527718,,,false,8
,H{S}tln,0,496149,,,false,8
,H{S}tln,1,497127,,,false,8
,H{S}tln,2,454314,,,false,8
,H{S}tln,3,457597,,,false,8
,H{S}tln,4,456619,,,false,8
,H{S}tln,5,479737,,,false,8
,H{S}tln,6,455642,,,false,8
,H{S}tln,7,456130,,,false,8
,H{S}tln,8,448727,,,false,8
,H{S}tln,9,454803,,,false,8
,H}lah[^,0,451381,,,false,8
,H}lah[^,1,442861,,,false,8
,H}lah[^,2,451800,,,false,8
,H}lah[^,3,436715,,,false,8
,H}lah[^,4,447540,,,false,8
,H}lah[^,5,436784,,,false,8
,H}lah[^,6,444467,,,false,8
,H}lah[^,7,447051,,,false,8
,H}lah[^,8,460740,,,false,8
,H}lah[^,9,445864,,,false,8
,H`zPpnN,0,489654,,,false,8
,H`zPpnN,1,487839,,,false,8
,H`zPpnN,2,494124,,,false,8
,H`zPpnN,3,484276,,,false,8
,H`zPpnN,4,464581,,,false,8
,H`zPpnN,5,459483,,,false,8
,H`zPpnN,6,464162,,,false,8
,H`zPpnN,7,475686,,,false,8
,H`zPpnN,8,453197,,,false,8
,H`zPpnN,9,463603,,,false,8
,HdYr]o~,0,475127,,,false,8
,HdYr]o~,1,463463,,,false,8
,HdYr]o~,2,453406,,,false,8
,HdYr]o~,3,468842,,,false,8
,HdYr]o~,4,463813,,,false,8
,HdYr]o~,5,466327,,,false,8
,HdYr]o~,6,446841,,,false,8
,HdYr]o~,7,457108,,,false,8
,HdYr]o~,8,459413,,,false,8
,HdYr]o~,9,461648,,,false,8
,HLnBj]^,0,481552,,,false,8
,HLnBj]^,1,481552,,,false,8
,HLnBj]^,2,469609,,,false,8
,HLnBj]^,3,469539,,,false,8
,HLnBj]^,4,470867,,,false,8
,HLnBj]^,5,461997,,,false,8
,HLnBj]^,6,495731,,,false,8
,HLnBj]^,7,463393,,,false,8
,HLnBj]^,8,477571,,,false,8
,HLnBj]^,9,456899,,,false,8
,H[UY|ln,0,474639,,,false,8
,H[UY|ln,1,450892,,,false,8
,H[UY|ln,2,466188,,,false,8
,H[UY|ln,3,461717,,,false,8
,H[UY|ln,4,473311,,,false,8
,H[UY|ln,5,452778,,,false,8
,H[UY|ln,6,458924,,,false,8
,H[UY|ln,7,453756,,,false,8
,H[UY|ln,8,463324,,,false,8
,H[UY|ln,9,455152,,,false,8
,HRiiqnN,0,486232,,,false,8
,HRiiqnN,1,470727,,,false,8
,HRiiqnN,2,477013,,,false,8
,HRiiqnN,3,465489,,,false,8
,HRiiqnN,4,474219,,,false,8
,HRiiqnN,5,468562,,,false,8
,HRiiqnN,6,481622,,,false,8
,HRiiqnN,7,466187,,,false,8
,HRiiqnN,8,472334,,,false,8
,HRiiqnN,9,475197,,,false,8
,Htlai[~,0,476664,,,false,8
,Htlai[~,1,476943,,,false,8
,Htlai[~,2,464162,,,false,8
,Htlai[~,3,464581,,,false,8
,Htlai[~,4,460181,,,false,8
,Htlai[~,5,471915,,,false,8
,Htlai[~,6,460111,,,false,8
,Htlai[~,7,454315,,,false,8
,Htlai[~,8,447610,,,false,8
,Htlai[~,9,460041,,,false,8
,HwDX}yz,0,482111,,,false,8
,HwDX}yz,1,487559,,,false,8
,HwDX}yz,2,474988,,,false,8
,HwDX}yz,3,484067,,,false,8
,HwDX}yz,4,473172,,,false,8
,HwDX}yz,5,477990,,,false,8
,HwDX}yz,6,462277,,,false,8
,HwDX}yz,7,479248,,,false,8
,HwDX}yz,8,466258,,,false,8
,HwDX}yz,9,474009,,,false,8
,H`o}Pnr,0,487139,,,false,8
,H`o}Pnr,1,487698,,,false,8
,H`o}Pnr,2,474708,,,false,8
,H`o}Pnr,3,474219,,,false,8
,H`o}Pnr,4,484486,,,false,8
,H`o}Pnr,5,476245,,,false,8
,H`o}Pnr,6,485464,,,false,8
,H`o}Pnr,7,466955,,,false,8
,H`o}Pnr,8,475616,,,false,8
,H`o}Pnr,9,469400,,,false,8
,H`opc\N,0,95822,,,false,6
,H`opc\N,1,81155,,,false,6
,H`opc\N,2,77872,,,false,6
,H`opc\N,3,76755,,,false,6
,H`opc\N,4,76755,,,false,6
,H`opc\N,5,76406,,,false,6
,H`opc\N,6,76267,,,false,6
,H`opc\N,7,76196,,,false,6
,H`opc\N,8,74730,,,false,6
,H`opc\N,9,76126,,,false,6
,HThQQK~,0,488258,,,false,8
,HThQQK~,1,457317,,,false,8
,HThQQK~,2,470587,,,false,8
,HThQQK~,3,459134,,,false,8
,HThQQK~,4,457597,,,false,8
,HThQQK~,5,450473,,,false,8
,HThQQK~,6,469470,,,false,8
,HThQQK~,7,478549,,,false,8
,HThQQK~,8,484765,,,false,8
,HThQQK~,9,478479,,,false,8
,H_hP_^o,0,474219,,,false,8
,H_hP_^o,1,499152,,,false,8
,H_hP_^o,2,450613,,,false,8
,H_hP_^o,3,451451,,,false,8
,H_hP_^o,4,417997,,,false,8
,H_hP_^o,5,421978,,,false,8
,H_hP_^o,6,423864,,,false,8
,H_hP_^o,7,439019,,,false,8
,H_hP_^o,8,428753,,,false,8
,H_hP_^o,9,426239,,,false,8
,HC`PX`H,0,64183,,,false,7
,HC`PX`H,1,54546,,,false,7
,HC`PX`H,2,51123,,,false,7
,HC`PX`H,3,50215,,,false,7
,HC`PX`H,4,50006,,,false,7
,HC`PX`H,5,49657,,,false,7
,HC`PX`H,6,49657,,,false,7
,HC`PX`H,7,50495,,,false,7
,HC`PX`H,8,49517,,,false,7
,HC`PX`H,9,50146,,,false,7
,HC[QHNb,0,491051,,,false,8
,HC[QHNb,1,469470,,,false,8
,HC[QHNb,2,471845,,,false,8
,HC[QHNb,3,462835,,,false,8
,HC[QHNb,4,463882,,,false,8
,HC[QHNb,5,454454,,,false,8
,HC[QHNb,6,453826,,,false,8
,HC[QHNb,7,459553,,,false,8
,HC[QHNb,8,454454,,,false,8
,HC[QHNb,9,461298,,,false,8
,HiGgomN,0,476524,,,false,8
,HiGgomN,1,485463,,,false,8
,HiGgomN,2,459343,,,false,8
,HiGgomN,3,473241,,,false,8
,HiGgomN,4,477781,,,false,8
,HiGgomN,5,475406,,,false,8
,HiGgomN,6,472683,,,false,8
,HiGgomN,7,477083,,,false,8
,HiGgomN,8,458924,,,false,8
,HiGgomN,9,484276,,,false,8
,HwCx}zY,0,474917,,,false,8
,HwCx}zY,1,469540,,,false,8
,HwCx}zY,2,452219,,,false,8
,HwCx}zY,3,467445,,,false,8
,HwCx}zY,4,446423,,,false,8
,HwCx}zY,5,456759,,,false,8
,HwCx}zY,6,447540,,,false,8
,HwCx}zY,7,449425,,,false,8
,HwCx}zY,8,453546,,,false,8
,HwCx}zY,9,444886,,,false,8
,HxGW}nN,0,479946,,,false,8
,HxGW}nN,1,456340,,,false,8
,HxGW}nN,2,463324,,,false,8
,HxGW}nN,3,443559,,,false,8
,HxGW}nN,4,458435,,,false,8
,HxGW}nN,5,451311,,,false,8
,HxGW}nN,6,462276,,,false,8
,HxGW}nN,7,453686,,,false,8
,HxGW}nN,8,467025,,,false,8
,HxGW}nN,9,458924,,,false,8
,HwDX}yy,0,489025,,,false,8
,HwDX}yy,1,476174,,,false,8
,HwDX}yy,2,468841,,,false,8
,HwDX}yy,3,458714,,,false,8
,HwDX}yy,4,461718,,,false,8
,HwDX}yy,5,473661,,,false,8
,HwDX}yy,6,453476,,,false,8
,HwDX}yy,7,459762,,,false,8
,HwDX}yy,8,450403,,,false,8
,HwDX}yy,9,467165,,,false,8
,H`o~f~~,0,476175,,,false,8
,H`o~f~~,1,480226,,,false,8
,H`o~f~~,2,466537,,,false,8
,H`o~f~~,3,476664,,,false,8
,H`o~f~~,4,465280,,,false,8
,H`o~f~~,5,479038,,,false,8
,H`o~f~~,6,461857,,,false,8
,H`o~f~~,7,480366,,,false,8
,H`o~f~~,8,468911,,,false,8
,H`o~f~~,9,475686,,,false,8
,Hs`yppb,0,426448,,,false,8
,Hs`yppb,1,415344,,,false,8
,Hs`yppb,2,420931,,,false,8
,Hs`yppb,3,416531,,,false,8
,Hs`yppb,4,428264,,,false,8
,Hs`yppb,5,419673,,,false,8
,Hs`yppb,6,426448,,,false,8
,Hs`yppb,7,418347,,,false,8
,Hs`yppb,8,418486,,,false,8
,Hs`yppb,9,424353,,,false,8
,H}l?XKV,0,453546,,,false,8
,H}l?XKV,1,455712,,,false,8
,H}l?XKV,2,433572,,,false,8
,H}l?XKV,3,448518,,,false,8
,H}l?XKV,4,432594,,,false,8
,H}l?XKV,5,438880,,,false,8
,H}l?XKV,6,425121,,,false,8
,H}l?XKV,7,425540,,,false,8
,H}l?XKV,8,435248,,,false,8
,H}l?XKV,9,427006,,,false,8
,H_?{aOb,0,27936,,,false,7
,H_?{aOb,1,23606,,,false,7
,H_?{aOb,2,22070,,,false,7
,H_?{aOb,3,31498,,,false,7
,H_?{aOb,4,22488,,,false,7
,H_?{aOb,5,21511,,,false,7
,H_?{aOb,6,22349,,,false,7
,H_?{aOb,7,22280,,,false,7
,H_?{aOb,8,21930,,,false,7
,H_?{aOb,9,22000,,,false,7
,H`?M@cN,0,19695,,,false,2
,H`?M@cN,1,18089,,,false,2
,H`?M@cN,2,15854,,,false,2
,H`?M@cN,3,16063,,,false,2
,H`?M@cN,4,15365,,,false,2
,H`?M@cN,5,15295,,,false,2
,H`?M@cN,6,15645,,,false,2
,H`?M@cN,7,15854,,,false,2
,H`?M@cN,8,15156,,,false,2
,H`?M@cN,9,15295,,,false,2
,H?So]Mj,0,53358,,,false,7
,H?So]Mj,1,44349,,,false,7
,H?So]Mj,2,41905,,,false,7
,H?So]Mj,3,41067,,,false,7
,H?So]Mj,4,40508,,,false,7
,H?So]Mj,5,40159,,,false,7
,H?So]Mj,6,40857,,,false,7
,H?So]Mj,7,40857,,,false,7
,H?So]Mj,8,41137,,,false,7
,H?So]Mj,9,41416,,,false,7
,H?KLIns,0,528695,,,false,8
,H?KLIns,1,508442,,,false,8
,H?KLIns,2,508650,,,false,8
,H?KLIns,3,497476,,,false,8
,H?KLIns,4,510467,,,false,8
,H?KLIns,5,507533,,,false,8
,H?KLIns,6,519895,,,false,8
,H?KLIns,7,520594,,,false,8
,H?KLIns,8,507114,,,false,8
,H?KLIns,9,517171,,,false,8
,H?qipno,0,477083,,,false,8
,H?qipno,1,477153,,,false,8
,H?qipno,2,461438,,,false,8
,H?qipno,3,459972,,,false,8
,H?qipno,4,443629,,,false,8
,H?qipno,5,443559,,,false,8
,H?qipno,6,452219,,,false,8
,H?qipno,7,453756,,,false,8
,H?qipno,8,471635,,,false,8
,H?qipno,9,467654,,,false,8
,H?qa`_N,0,40438,,,false,7
,H?qa`_N,1,34432,,,false,7
,H?qa`_N,2,32476,,,false,7
,H?qa`_N,3,32476,,,false,7
,H?qa`_N,4,41066,,,false,7
,H?qa`_N,5,32406,,,false,7
,H?qa`_N,6,31009,,,false,7
,H?qa`_N,7,32476,,,false,7
,H?qa`_N,8,30521,,,false,7
,H?qa`_N,9,32476,,,false,7
,HAGOSLe,0,72844,,,false,5
,HAGOSLe,1,63345,,,false,5
,HAGOSLe,2,60064,,,false,5
,HAGOSLe,3,60133,,,false,5
,HAGOSLe,4,58527,,,false,5
,HAGOSLe,5,58596,,,false,5
,HAGOSLe,6,57269,,,false,5
,HAGOSLe,7,57689,,,false,5
,HAGOSLe,8,56921,,,false,5
,HAGOSLe,9,57898,,,false,5
,H?COZIa,0,43092,,,false,5
,H?COZIa,1,37575,,,false,5
,H?COZIa,2,43371,,,false,5
,H?COZIa,3,35129,,,false,5
,H?COZIa,4,33733,,,false,5
,H?COZIa,5,34292,,,false,5
,H?COZIa,6,33872,,,false,5
,H?COZIa,7,34292,,,false,5
,H?COZIa,8,33873,,,false,5
,H?COZIa,9,54895,,,false,5
,H{dX`TF,0,485464,,,false,8
,H{dX`TF,1,476384,,,false,8
,H{dX`TF,2,444676,,,false,8
,H{dX`TF,3,448029,,,false,8
,H{dX`TF,4,423654,,,false,8
,H{dX`TF,5,454105,,,false,8
,H{dX`TF,6,436644,,,false,8
,H{dX`TF,7,436784,,,false,8
,H{dX`TF,8,427565,,,false,8
,H{dX`TF,9,425261,,,false,8
,H?qipn~,0,494193,,,false,8
,H?qipn~,1,492168,,,false,8
,H?qipn~,2,502225,,,false,8
,H?qipn~,3,483089,,,false,8
,H?qipn~,4,488048,,,false,8
,H?qipn~,5,482810,,,false,8
,H?qipn~,6,499432,,,false,8
,H?qipn~,7,483787,,,false,8
,H?qipn~,8,495102,,,false,8
,H?qipn~,9,481413,,,false,8
,H?CGHFO,0,19137,,,false,3
,H?CGHFO,1,14876,,,false,3
,H?CGHFO,2,13758,,,false,3
,H?CGHFO,3,13549,,,false,3
,H?CGHFO,4,13759,,,false,3
,H?CGHFO,5,14597,,,false,3
,H?CGHFO,6,13061,,,false,3
,H?CGHFO,7,13130,,,false,3
,H?CGHFO,8,13969,,,false,3
,H?CGHFO,9,13619,,,false,3
,H?O_cC[,0,27308,,,false,2
,H?O_cC[,1,23886,,,false,2
,H?O_cC[,2,23397,,,false,2
,H?O_cC[,3,20953,,,false,2
,H?O_cC[,4,20882,,,false,2
,H?O_cC[,5,20533,,,false,2
,H?O_cC[,6,20673,,,false,2
,H?O_cC[,7,20463,,,false,2
,H?O_cC[,8,20743,,,false,2
,H?O_cC[,9,19974,,,false,2
,H?o@Gho,0,36247,,,false,5
,H?o@Gho,1,40018,,,false,5
,H?o@Gho,2,28146,,,false,5
,H?o@Gho,3,27587,,,false,5
,H?o@Gho,4,27587,,,false,5
,H?o@Gho,5,27587,,,false,5
,H?o@Gho,6,27937,,,false,5
,H?o@Gho,7,27657,,,false,5
,H?o@Gho,8,27168,,,false,5
,H?o@Gho,9,27657,,,false,5
,H??OPNW,0,45327,,,false,6
,H??OPNW,1,38552,,,false,6
,H??OPNW,2,37783,,,false,6
,H??OPNW,3,37155,,,false,6
,H??OPNW,4,36876,,,false,6
,H??OPNW,5,47562,,,false,6
,H??OPNW,6,35828,,,false,6
,H??OPNW,7,35758,,,false,6
,H??OPNW,8,35200,,,false,6
,H??OPNW,9,35968,,,false,6
,H??M?kw,0,40019,,,false,6
,H??M?kw,1,34920,,,false,6
,H??M?kw,2,32965,,,false,6
,H??M?kw,3,32895,,,false,6
,H??M?kw,4,33314,,,false,6
,H??M?kw,5,33104,,,false,6
,H??M?kw,6,32406,,,false,6
,H??M?kw,7,32825,,,false,6
,H??M?kw,8,44419,,,false,6
,H??M?kw,9,31987,,,false,6
,H`lu^~~,0,475965,,,false,8
,H`lu^~~,1,461298,,,false,8
,H`lu^~~,2,464092,,,false,8
,H`lu^~~,3,452638,,,false,8
,H`lu^~~,4,451800,,,false,8
,H`lu^~~,5,463952,,,false,8
,H`lu^~~,6,450404,,,false,8
,H`lu^~~,7,464721,,,false,8
,H`lu^~~,8,448867,,,false,8
,H`lu^~~,9,456759,,,false,8
,H??WvJa,0,23397,,,false,7
,H??WvJa,1,20045,,,false,7
,H??WvJa,2,18997,,,false,7
,H??WvJa,3,19136,,,false,7
,H??WvJa,4,17809,,,false,7
,H??WvJa,5,19276,,,false,7
,H??WvJa,6,18927,,,false,7
,H??WvJa,7,19626,,,false,7
,H??WvJa,8,19975,,,false,7
,H??WvJa,9,19486,,,false,7
,HwCWqGb,0,40019,,,false,5
,HwCWqGb,1,32895,,,false,5
,HwCWqGb,2,31988,,,false,5
,HwCWqGb,3,31708,,,false,5
,HwCWqGb,4,31359,,,false,5
,HwCWqGb,5,31498,,,false,5
,HwCWqGb,6,31009,,,false,5
,HwCWqGb,7,31429,,,false,5
,HwCWqGb,8,31428,,,false,5
,HwCWqGb,9,31079,,,false,5
,H???F~},0,20952,,,false,5
,H???F~},1,19276,,,false,5
,H???F~},2,27587,,,false,5
,H???F~},3,18578,,,false,5
,H???F~},4,18648,,,false,5
,H???F~},5,18578,,,false,5
,H???F~},6,18927,,,false,5
,H???F~},7,19067,,,false,5
,H???F~},8,18717,,,false,5
,H???F~},9,18926,,,false,5
,HoSsaKj,0,449984,,,false,8
,HoSsaKj,1,453337,,,false,8
,HoSsaKj,2,443349,,,false,8
,HoSsaKj,3,437692,,,false,8
,HoSsaKj,4,439089,,,false,8
,HoSsaKj,5,435109,,,false,8
,HoSsaKj,6,451311,,,false,8
,HoSsaKj,7,431407,,,false,8
,HoSsaKj,8,446492,,,false,8
,HoSsaKj,9,431616,,,false,8
,H?@HeYr,0,20952,,,false,3
,H?@HeYr,1,17111,,,false,3
,H?@HeYr,2,16622,,,false,3
,H?@HeYr,3,16343,,,false,3
,H?@HeYr,4,16203,,,false,3
,H?@HeYr,5,16203,,,false,3
,H?@HeYr,6,15784,,,false,3
,H?@HeYr,7,16063,,,false,3
,H?@HeYr,8,15785,,,false,3
,H?@HeYr,9,16273,,,false,3
,HHqGhdN,0,273776,,,false,7
,HHqGhdN,1,253871,,,false,7
,HHqGhdN,2,245839,,,false,7
,HHqGhdN,3,241440,,,false,7
,HHqGhdN,4,251008,,,false,7
,HHqGhdN,5,241300,,,false,7
,HHqGhdN,6,237459,,,false,7
,HHqGhdN,7,239973,,,false,7
,HHqGhdN,8,248494,,,false,7
,HHqGhdN,9,240881,,,false,7
,HpO]@cN,0,456549,,,false,8
,HpO]@cN,1,455432,,,false,8
,HpO]@cN,2,442511,,,false,8
,HpO]@cN,3,455642,,,false,8
,HpO]@cN,4,441674,,,false,8
,HpO]@cN,5,446493,,,false,8
,HpO]@cN,6,437064,,,false,8
,HpO]@cN,7,443978,,,false,8
,HpO]@cN,8,435108,,,false,8
,HpO]@cN,9,443070,,,false,8
,HoCQPJ~,0,479946,,,false,8
,HoCQPJ~,1,462835,,,false,8
,HoCQPJ~,2,460321,,,false,8
,HoCQPJ~,3,459273,,,false,8
,HoCQPJ~,4,465838,,,false,8
,HoCQPJ~,5,454663,,,false,8
,HoCQPJ~,6,468143,,,false,8
,HoCQPJ~,7,455362,,,false,8
,HoCQPJ~,8,461508,,,false,8
,HoCQPJ~,9,445166,,,false,8
,HCO__SF,0,24864,,,false,2
,HCO__SF,1,19625,,,false,2
,HCO__SF,2,18927,,,false,2
,HCO__SF,3,18647,,,false,2
,HCO__SF,4,18507,,,false,2
,HCO__SF,5,18298,,,false,2
,HCO__SF,6,18229,,,false,2
,HCO__SF,7,18159,,,false,2
,HCO__SF,8,18438,,,false,2
,HCO__SF,9,18228,,,false,2
,Hr?GW^~,0,34850,,,false,4
,Hr?GW^~,1,22488,,,false,4
,Hr?GW^~,2,20673,,,false,4
,Hr?GW^~,3,20883,,,false,4
,Hr?GW^~,4,20742,,,false,4
,Hr?GW^~,5,19206,,,false,4
,Hr?GW^~,6,20464,,,false,4
,Hr?GW^~,7,20394,,,false,4
,Hr?GW^~,8,20533,,,false,4
,Hr?GW^~,9,21022,,,false,4
,HWCW~~~,0,60133,,,false,5
,HWCW~~~,1,52241,,,false,5
,HWCW~~~,2,51263,,,false,5
,HWCW~~~,3,50635,,,false,5
,HWCW~~~,4,50146,,,false,5
,HWCW~~~,5,49936,,,false,5
,HWCW~~~,6,49936,,,false,5
,HWCW~~~,7,49028,,,false,5
,HWCW~~~,8,48539,,,false,5
,HWCW~~~,9,49168,,,false,5
,H@?GjEL,0,27657,,,false,6
,H@?GjEL,1,22139,,,false,6
,H@?GjEL,2,20324,,,false,6
,H@?GjEL,3,20604,,,false,6
,H@?GjEL,4,20463,,,false,6
,H@?GjEL,5,19904,,,false,6
,H@?GjEL,6,28145,,,false,6
,H@?GjEL,7,20114,,,false,6
,H@?GjEL,8,19626,,,false,6
,H@?GjEL,9,19625,,,false,6
,H@?OZEL,0,85974,,,false,6
,H@?OZEL,1,77802,,,false,6
,H@?OZEL,2,73333,,,false,6
,H@?OZEL,3,72774,,,false,6
,H@?OZEL,4,71378,,,false,6
,H@?OZEL,5,71936,,,false,6
,H@?OZEL,6,71587,,,false,6
,H@?OZEL,7,72564,,,false,6
,H@?OZEL,8,72355,,,false,6
,H@?OZEL,9,73123,,,false,6
,H_Bbowx,0,122990,,,false,6
,H_Bbowx,1,108253,,,false,6
,H_Bbowx,2,98405,,,false,6
,H_Bbowx,3,95821,,,false,6
,H_Bbowx,4,94913,,,false,6
,H_Bbowx,5,94983,,,false,6
,H_Bbowx,6,94913,,,false,6
,H_Bbowx,7,95193,,,false,6
,H_Bbowx,8,94704,,,false,6
,H_Bbowx,9,94914,,,false,6
,H{dbGwZ,0,479876,,,false,8
,H{dbGwZ,1,456060,,,false,8
,H{dbGwZ,2,461438,,,false,8
,H{dbGwZ,3,452499,,,false,8
,H{dbGwZ,4,464442,,,false,8
,H{dbGwZ,5,448029,,,false,8
,H{dbGwZ,6,452778,,,false,8
,H{dbGwZ,7,438810,,,false,8
,H{dbGwZ,8,461368,,,false,8
,H{dbGwZ,9,458225,,,false,8
,H{`rOwZ,0,470028,,,false,8
,H{`rOwZ,1,449984,,,false,8
,H{`rOwZ,2,455152,,,false,8
,H{`rOwZ,3,444676,,,false,8
,H{`rOwZ,4,436506,,,false,8
,H{`rOwZ,5,447470,,,false,8
,H{`rOwZ,6,439020,,,false,8
,H{`rOwZ,7,451870,,,false,8
,H{`rOwZ,8,438670,,,false,8
,H{`rOwZ,9,445444,,,false,8
,H}hPOkN,0,454733,,,false,8
,H}hPOkN,1,452987,,,false,8
,H}hPOkN,2,436785,,,false,8
,H}hPOkN,3,445514,,,false,8
,H}hPOkN,4,440277,,,false,8
,H}hPOkN,5,434130,,,false,8
,H}hPOkN,6,447330,,,false,8
,H}hPOkN,7,436505,,,false,8
,H}hPOkN,8,451800,,,false,8
,H}hPOkN,9,439368,,,false,8
,H|pGpKV,0,447540,,,false,8
,H|pGpKV,1,434060,,,false,8
,H|pGpKV,2,473451,,,false,8
,H|pGpKV,3,460600,,,false,8
,H|pGpKV,4,461089,,,false,8
,H|pGpKV,5,458435,,,false,8
,H|pGpKV,6,457178,,,false,8
,H|pGpKV,7,461508,,,false,8
,H|pGpKV,8,498175,,,false,8
,H|pGpKV,9,467654,,,false,8
,H|ogqKV,0,451451,,,false,8
,H|ogqKV,1,437063,,,false,8
,H|ogqKV,2,435527,,,false,8
,H|ogqKV,3,456550,,,false,8
,H|ogqKV,4,450124,,,false,8
,H|ogqKV,5,444048,,,false,8
,H|ogqKV,6,435248,,,false,8
,H|ogqKV,7,442163,,,false,8
,H|ogqKV,8,431686,,,false,8
,H|ogqKV,9,430429,,,false,8
,H}gWqKf,0,444048,,,false,8
,H}gWqKf,1,433642,,,false,8
,H}gWqKf,2,445934,,,false,8
,H}gWqKf,3,430010,,,false,8
,H}gWqKf,4,440905,,,false,8
,H}gWqKf,5,424353,,,false,8
,H}gWqKf,6,436296,,,false,8
,H}gWqKf,7,424283,,,false,8
,H}gWqKf,8,429171,,,false,8
,H}gWqKf,9,436086,,,false,8
,H{`Xqgj,0,472892,,,false,8
,H{`Xqgj,1,458924,,,false,8
,H{`Xqgj,2,449216,,,false,8
,H{`Xqgj,3,466677,,,false,8
,H{`Xqgj,4,456200,,,false,8
,H{`Xqgj,5,465698,,,false,8
,H{`Xqgj,6,450613,,,false,8
,H{`Xqgj,7,459693,,,false,8
,H{`Xqgj,8,455641,,,false,8
,H{`Xqgj,9,469050,,,false,8
,H{`XrOV,0,450822,,,false,8
,H{`XrOV,1,434479,,,false,8
,H{`XrOV,2,440695,,,false,8
,H{`XrOV,3,429521,,,false,8
,H{`XrOV,4,445165,,,false,8
,H{`XrOV,5,433293,,,false,8
,H{`XrOV,6,437064,,,false,8
,H{`XrOV,7,425121,,,false,8
,H{`XrOV,8,434550,,,false,8
,H{`XrOV,9,422327,,,false,8
,H~zUX{~,0,448238,,,false,8
,H~zUX{~,1,452708,,,false,8
,H~zUX{~,2,445655,,,false,8
,H~zUX{~,3,456550,,,false,8
,H~zUX{~,4,441673,,,false,8
,H~zUX{~,5,450334,,,false,8
,H~zUX{~,6,436435,,,false,8
,H~zUX{~,7,469331,,,false,8
,H~zUX{~,8,446492,,,false,8
,H~zUX{~,9,455921,,,false,8
,HqGO?KJ,0,25841,,,false,6
,HqGO?KJ,1,21441,,,false,6
,HqGO?KJ,2,19764,,,false,6
,HqGO?KJ,3,19904,,,false,6
,HqGO?KJ,4,19974,,,false,6
,HqGO?KJ,5,19415,,,false,6
,HqGO?KJ,6,20044,,,false,6
,HqGO?KJ,7,19626,,,false,6
,HqGO?KJ,8,19556,,,false,6
,HqGO?KJ,9,19416,,,false,6
,HWEA?WR,0,39600,,,false,6
,HWEA?WR,1,33175,,,false,6
,HWEA?WR,2,32686,,,false,6
,HWEA?WR,3,31009,,,false,6
,HWEA?WR,4,30939,,,false,6
,HWEA?WR,5,32407,,,false,6
,HWEA?WR,6,32406,,,false,6
,HWEA?WR,7,31498,,,false,6
,HWEA?WR,8,32406,,,false,6
,HWEA?WR,9,31288,,,false,6
,HK`@?WR,0,121663,,,false,6
,HK`@?WR,1,119986,,,false,6
,HK`@?WR,2,111605,,,false,6
,HK`@?WR,3,110977,,,false,6
,HK`@?WR,4,105599,,,false,6
,HK`@?WR,5,103923,,,false,6
,HK`@?WR,6,113841,,,false,6
,HK`@?WR,7,114399,,,false,6
,HK`@?WR,8,110558,,,false,6
,HK`@?WR,9,111117,,,false,6
,HqG??kM,0,23815,,,false,6
,HqG??kM,1,31498,,,false,6
,HqG??kM,2,20883,,,false,6
,HqG??kM,3,19975,,,false,6
,HqG??kM,4,20394,,,false,6
,HqG??kM,5,20393,,,false,6
,HqG??kM,6,20114,,,false,6
,HqG??kM,7,20045,,,false,6
,HqG??kM,8,20044,,,false,6
,HqG??kM,9,20393,,,false,6
,H``??se,0,83390,,,false,6
,H``??se,1,73752,,,false,6
,H``??se,2,71656,,,false,6
,H``??se,3,70469,,,false,6
,H``??se,4,69771,,,false,6
,H``??se,5,69631,,,false,6
,H``??se,6,70190,,,false,6
,H``??se,7,67187,,,false,6
,H``??se,8,67397,,,false,6
,H``??se,9,67676,,,false,6
,HQ`?@KY,0,122989,,,false,6
,HQ`?@KY,1,107345,,,false,6
,HQ`?@KY,2,109511,,,false,6
,HQ`?@KY,3,108533,,,false,6
,HQ`?@KY,4,109161,,,false,6
,HQ`?@KY,5,108812,,,false,6
,HQ`?@KY,6,102526,,,false,6
,HQ`?@KY,7,108672,,,false,6
,HQ`?@KY,8,111327,,,false,6
,HQ`?@KY,9,108113,,,false,6
,Ho?OQoe,0,31498,,,false,6
,Ho?OQoe,1,25701,,,false,6
,Ho?OQoe,2,24374,,,false,6
,Ho?OQoe,3,24374,,,false,6
,Ho?OQoe,4,24723,,,false,6
,Ho?OQoe,5,24235,,,false,6
,Ho?OQoe,6,24374,,,false,6
,Ho?OQoe,7,24304,,,false,6
,Ho?OQoe,8,23746,,,false,6
,Ho?OQoe,9,23886,,,false,6
,H?ChUjQ,0,63416,,,false,7
,H?ChUjQ,1,54266,,,false,7
,H?ChUjQ,2,51333,,,false,7
,H?ChUjQ,3,51054,,,false,7
,H?ChUjQ,4,52450,,,false,7
,H?ChUjQ,5,53777,,,false,7
,H?ChUjQ,6,51472,,,false,7
,H?ChUjQ,7,50215,,,false,7
,H?ChUjQ,8,50145,,,false,7
,H?ChUjQ,9,50425,,,false,7
,H?CKZhn,0,44488,,,false,7
,H?CKZhn,1,37085,,,false,7
,H?CKZhn,2,36177,,,false,7
,H?CKZhn,3,35479,,,false,7
,H?CKZhn,4,35339,,,false,7
,H?CKZhn,5,35200,,,false,7
,H?CKZhn,6,35270,,,false,7
,H?CKZhn,7,34851,,,false,7
,H?CKZhn,8,34850,,,false,7
,H?CKZhn,9,35060,,,false,7
,H?AHQkz,0,95402,,,false,5
,H?AHQkz,1,84298,,,false,5
,H?AHQkz,2,79130,,,false,5
,H?AHQkz,3,79060,,,false,5
,H?AHQkz,4,78152,,,false,5
,H?AHQkz,5,82901,,,false,5
,H?AHQkz,6,76685,,,false,5
,H?AHQkz,7,75987,,,false,5
,H?AHQkz,8,74730,,,false,5
,H?AHQkz,9,77593,,,false,5
,HXUQ|zM,0,462277,,,false,8
,HXUQ|zM,1,466118,,,false,8
,HXUQ|zM,2,450334,,,false,8
,HXUQ|zM,3,453686,,,false,8
,HXUQ|zM,4,438461,,,false,8
,HXUQ|zM,5,447470,,,false,8
,HXUQ|zM,6,437343,,,false,8
,HXUQ|zM,7,450613,,,false,8
,HXUQ|zM,8,442162,,,false,8
,HXUQ|zM,9,453685,,,false,8
,H??F~z{,0,521012,,,false,8
,H??F~z{,1,497616,,,false,8
,H??F~z{,2,499990,,,false,8
,H??F~z{,3,493774,,,false,8
,H??F~z{,4,497406,,,false,8
,H??F~z{,5,501248,,,false,8
,H??F~z{,6,485534,,,false,8
,H??F~z{,7,480086,,,false,8
,H??F~z{,8,481832,,,false,8
,H??F~z{,9,484206,,,false,8
,HqN~~zz,0,473381,,,false,8
,HqN~~zz,1,470029,,,false,8
,HqN~~zz,2,475686,,,false,8
,HqN~~zz,3,458924,,,false,8
,HqN~~zz,4,466117,,,false,8
,HqN~~zz,5,458715,,,false,8
,HqN~~zz,6,470727,,,false,8
,HqN~~zz,7,465279,,,false,8
,HqN~~zz,8,476663,,,false,8
,HqN~~zz,9,458924,,,false,8
,H`deX~{,0,476175,,,false,8
,H`deX~{,1,451730,,,false,8
,H`deX~{,2,467165,,,false,8
,H`deX~{,3,454035,,,false,8
,H`deX~{,4,466885,,,false,8
,H`deX~{,5,458435,,,false,8
,H`deX~{,6,462067,,,false,8
,H`deX~{,7,448936,,,false,8
,H`deX~{,8,446911,,,false,8
,H`deX~{,9,455711,,,false,8
,HoDXvnm,0,491959,,,false,8
,HoDXvnm,1,494612,,,false,8
,HoDXvnm,2,476245,,,false,8
,HoDXvnm,3,480854,,,false,8
,HoDXvnm,4,471705,,,false,8
,HoDXvnm,5,490003,,,false,8
,HoDXvnm,6,483718,,,false,8
,HoDXvnm,7,497685,,,false,8
,HoDXvnm,8,488606,,,false,8
,HoDXvnm,9,491330,,,false,8
,H}hX~~~,0,550485,,,false,8
,H}hX~~~,1,507533,,,false,8
,H}hX~~~,2,478968,,,false,8
,H}hX~~~,3,465280,,,false,8
,H}hX~~~,4,470587,,,false,8
,H}hX~~~,5,493285,,,false,8
,H}hX~~~,6,479946,,,false,8
,H}hX~~~,7,473591,,,false,8
,H}hX~~~,8,461927,,,false,8
,H}hX~~~,9,481901,,,false,8
,H????Nx,0,12292,,,false,3
,H????Nx,1,9638,,,false,3
,H????Nx,2,9009,,,false,3
,H????Nx,3,8591,,,false,3
,H????Nx,4,9010,,,false,3
,H????Nx,5,8590,,,false,3
,H????Nx,6,8660,,,false,3
,H????Nx,7,8940,,,false,3
,H????Nx,8,8521,,,false,3
,H????Nx,9,8172,,,false,3
,H??OONg,0,11733,,,false,3
,H??OONg,1,9708,,,false,3
,H??OONg,2,9079,,,false,3
,H??OONg,3,9498,,,false,3
,H??OONg,4,9149,,,false,3
,H??OONg,5,9359,,,false,3
,H??OONg,6,9010,,,false,3
,H??OONg,7,9568,,,false,3
,H??OONg,8,9428,,,false,3
,H??OONg,9,9149,,,false,3
,H??OPFK,0,18089,,,false,2
,H??OPFK,1,15365,,,false,2
,H??OPFK,2,15225,,,false,2
,H??OPFK,3,14806,,,false,2
,H??OPFK,4,14807,,,false,2
,H??OPFK,5,14667,,,false,2
,H??OPFK,6,14457,,,false,2
,H??OPFK,7,15016,,,false,2
,H??OPFK,8,14737,,,false,2
,H??OPFK,9,14038,,,false,2
,H??@OjK,0,12012,,,false,3
,H??@OjK,1,10406,,,false,3
,H??@OjK,2,9988,,,false,3
,H??@OjK,3,10057,,,false,3
,H??@OjK,4,10407,,,false,3
,H??@OjK,5,10127,,,false,3
,H??@OjK,6,9987,,,false,3
,H??@OjK,7,20533,,,false,3
,H??@OjK,8,10476,,,false,3
,H??@OjK,9,10616,,,false,3
,H??OZAH,0,15504,,,false,3
,H??OZAH,1,13339,,,false,3
,H??OZAH,2,13130,,,false,3
,H??OZAH,3,12921,,,false,3
,H??OZAH,4,13200,,,false,3
,H??OZAH,5,12502,,,false,3
,H??OZAH,6,12781,,,false,3
,H??OZAH,7,13061,,,false,3
,H??OZAH,8,13270,,,false,3
,H??OZAH,9,13061,,,false,3
,H???jQK,0,20394,,,false,3
,H???jQK,1,18089,,,false,3
,H???jQK,2,17321,,,false,3
,H???jQK,3,16902,,,false,3
,H???jQK,4,16692,,,false,3
,H???jQK,5,17111,,,false,3
,H???jQK,6,17181,,,false,3
,H???jQK,7,16762,,,false,3
,H???jQK,8,17041,,,false,3
,H???jQK,9,16692,,,false,3
,H?C?JEK,0,20603,,,false,2
,H?C?JEK,1,18019,,,false,2
,H?C?JEK,2,17670,,,false,2
,H?C?JEK,3,16831,,,false,2
,H?C?JEK,4,17041,,,false,2
,H?C?JEK,5,16273,,,false,2
,H?C?JEK,6,16553,,,false,2
,H?C?JEK,7,16482,,,false,2
,H?C?JEK,8,16343,,,false,2
,H?C?JEK,9,16552,,,false,2
,H??_aYI,0,20603,,,false,3
,H??_aYI,1,18158,,,false,3
,H??_aYI,2,17041,,,false,3
,H??_aYI,3,16343,,,false,3
,H??_aYI,4,17181,,,false,3
,H??_aYI,5,16972,,,false,3
,H??_aYI,6,15854,,,false,3
,H??_aYI,7,17391,,,false,3
,H??_aYI,8,17041,,,false,3
,H??_aYI,9,16203,,,false,3
,H????Ny,0,10058,,,false,3
,H????Ny,1,9010,,,false,3
,H????Ny,2,17321,,,false,3
,H????Ny,3,8521,,,false,3
,H????Ny,4,8241,,,false,3
,H????Ny,5,8450,,,false,3
,H????Ny,6,8101,,,false,3
,H????Ny,7,8661,,,false,3
,H????Ny,8,8591,,,false,3
,H????Ny,9,8591,,,false,3
,H???ONp,0,12572,,,false,3
,H???ONp,1,10826,,,false,3
,H???ONp,2,10965,,,false,3
,H???ONp,3,10756,,,false,3
,H???ONp,4,10477,,,false,3
,H???ONp,5,11105,,,false,3
,H???ONp,6,10476,,,false,3
,H???ONp,7,10546,,,false,3
,H???ONp,8,10406,,,false,3
,H???ONp,9,10196,,,false,3
,H???Gva,0,11314,,,false,3
,H???Gva,1,10406,,,false,3
,H???Gva,2,9638,,,false,3
,H???Gva,3,9987,,,false,3
,H???Gva,4,10197,,,false,3
,H???Gva,5,9917,,,false,3
,H???Gva,6,9568,,,false,3
,H???Gva,7,9987,,,false,3
,H???Gva,8,9917,,,false,3
,H???Gva,9,10057,,,false,3
,H??C?\p,0,20952,,,false,2
,H??C?\p,1,17739,,,false,2
,H??C?\p,2,17111,,,false,2
,H??C?\p,3,16552,,,false,2
,H??C?\p,4,17251,,,false,2
,H??C?\p,5,17111,,,false,2
,H??C?\p,6,17111,,,false,2
,H??C?\p,7,16832,,,false,2
,H??C?\p,8,17111,,,false,2
,H??C?\p,9,17111,,,false,2
,H???_Zb,0,14108,,,false,3
,H???_Zb,1,12431,,,false,3
,H???_Zb,2,12222,,,false,3
,H???_Zb,3,12083,,,false,3
,H???_Zb,4,12292,,,false,3
,H???_Zb,5,12501,,,false,3
,H???_Zb,6,12292,,,false,3
,H???_Zb,7,12012,,,false,3
,H???_Zb,8,12502,,,false,3
,H???_Zb,9,12362,,,false,3
,H???OJr,0,8521,,,false,3
,H???OJr,1,7613,,,false,3
,H???OJr,2,7194,,,false,3
,H???OJr,3,7124,,,false,3
,H???OJr,4,7193,,,false,3
,H???OJr,5,7194,,,false,3
,H???OJr,6,7054,,,false,3
,H???OJr,7,7124,,,false,3
,H???OJr,8,7194,,,false,3
,H???OJr,9,7473,,,false,3
,H?`@?_N,0,21511,,,false,2
,H?`@?_N,1,19625,,,false,2
,H?`@?_N,2,19905,,,false,2
,H?`@?_N,3,19556,,,false,2
,H?`@?_N,4,18718,,,false,2
,H?`@?_N,5,18648,,,false,2
,H?`@?_N,6,18997,,,false,2
,H?`@?_N,7,18648,,,false,2
,H?`@?_N,8,19486,,,false,2
,H?`@?_N,9,19276,,,false,2
,H??ORAF,0,15225,,,false,3
,H??ORAF,1,14248,,,false,3
,H??ORAF,2,13479,,,false,3
,H??ORAF,3,13759,,,false,3
,H??ORAF,4,14457,,,false,3
,H??ORAF,5,14178,,,false,3
,H??ORAF,6,13409,,,false,3
,H??ORAF,7,13340,,,false,3
,H??ORAF,8,13410,,,false,3
,H??ORAF,9,13829,,,false,3
,H??OON`,0,12851,,,false,3
,H??OON`,1,11245,,,false,3
,H??OON`,2,10965,,,false,3
,H??OON`,3,11104,,,false,3
,H??OON`,4,10895,,,false,3
,H??OON`,5,10616,,,false,3
,H??OON`,6,10895,,,false,3
,H??OON`,7,10686,,,false,3
,H??OON`,8,10896,,,false,3
,H??OON`,9,11105,,,false,3
,H???Oje,0,12501,,,false,3
,H???Oje,1,10895,,,false,3
,H???Oje,2,10616,,,false,3
,H???Oje,3,10826,,,false,3
,H???Oje,4,10616,,,false,3
,H???Oje,5,10337,,,false,3
,H???Oje,6,10616,,,false,3
,H???Oje,7,10476,,,false,3
,H???Oje,8,10825,,,false,3
,H???Oje,9,10965,,,false,3
,H???gZ`,0,11524,,,false,3
,H???gZ`,1,10406,,,false,3
,H???gZ`,2,9708,,,false,3
,H???gZ`,3,9987,,,false,3
,H???gZ`,4,10057,,,false,3
,H???gZ`,5,9428,,,false,3
,H???gZ`,6,9917,,,false,3
,H???gZ`,7,10057,,,false,3
,H???gZ`,8,9987,,,false,3
,H???gZ`,9,9638,,,false,3
,H???_^c,0,8590,,,false,3
,H???_^c,1,7543,,,false,3
,H???_^c,2,7194,,,false,3
,H???_^c,3,7543,,,false,3
,H???_^c,4,16482,,,false,3
,H???_^c,5,7124,,,false,3
,H???_^c,6,7403,,,false,3
,H???_^c,7,7543,,,false,3
,H???_^c,8,7753,,,false,3
,H???_^c,9,7124,,,false,3
,H???Gvc,0,7612,,,false,3
,H???Gvc,1,7612,,,false,3
,H???Gvc,2,7613,,,false,3
,H???Gvc,3,7613,,,false,3
,H???Gvc,4,7193,,,false,3
,H???Gvc,5,7613,,,false,3
,H???Gvc,6,7612,,,false,3
,H???Gvc,7,7682,,,false,3
,H???Gvc,8,7124,,,false,3
,H???Gvc,9,7682,,,false,3
,H??G@fE,0,16273,,,false,2
,H??G@fE,1,14597,,,false,2
,H??G@fE,2,14807,,,false,2
,H??G@fE,3,14527,,,false,2
,H??G@fE,4,14317,,,false,2
,H??G@fE,5,14666,,,false,2
,H??G@fE,6,14457,,,false,2
,H??G@fE,7,14178,,,false,2
,H??G@fE,8,14387,,,false,2
,H??G@fE,9,14736,,,false,2
,H?AAGSp,0,12571,,,false,3
,H?AAGSp,1,10965,,,false,3
,H?AAGSp,2,11035,,,false,3
,H?AAGSp,3,10337,,,false,3
,H?AAGSp,4,10546,,,false,3
,H?AAGSp,5,10476,,,false,3
,H?AAGSp,6,10825,,,false,3
,H?AAGSp,7,10546,,,false,3
,H?AAGSp,8,10826,,,false,3
,H?AAGSp,9,10546,,,false,3
,H?C@M?L,0,10615,,,false,3
,H?C@M?L,1,9498,,,false,3
,H?C@M?L,2,9568,,,false,3
,H?C@M?L,3,9010,,,false,3
,H?C@M?L,4,9358,,,false,3
,H?C@M?L,5,9219,,,false,3
,H?C@M?L,6,9499,,,false,3
,H?C@M?L,7,9149,,,false,3
,H?C@M?L,8,8520,,,false,3
,H?C@M?L,9,9009,,,false,3
,H??_aQM,0,21650,,,false,2
,H??_aQM,1,19485,,,false,2
,H??_aQM,2,19346,,,false,2
,H??_aQM,3,18578,,,false,2
,H??_aQM,4,18927,,,false,2
,H??_aQM,5,18578,,,false,2
,H??_aQM,6,18718,,,false,2
,H??_aQM,7,18578,,,false,2
,H??_aQM,8,18508,,,false,2
,H??_aQM,9,18089,,,false,2
,H?GQCCL,0,23956,,,false,3
,H?GQCCL,1,13200,,,false,3
,H?GQCCL,2,12501,,,false,3
,H?GQCCL,3,12153,,,false,3
,H?GQCCL,4,12851,,,false,3
,H?GQCCL,5,12641,,,false,3
,H?GQCCL,6,12012,,,false,3
,H?GQCCL,7,12850,,,false,3
,H?GQCCL,8,12502,,,false,3
,H?GQCCL,9,11873,,,false,3
,H??_eOM,0,15156,,,false,3
,H??_eOM,1,13410,,,false,3
,H??_eOM,2,13270,,,false,3
,H??_eOM,3,11454,,,false,3
,H??_eOM,4,12851,,,false,3
,H??_eOM,5,13340,,,false,3
,H??_eOM,6,12921,,,false,3
,H??_eOM,7,12432,,,false,3
,H??_eOM,8,12292,,,false,3
,H??_eOM,9,12850,,,false,3
,H`?G?F~,0,18997,,,false,2
,H`?G?F~,1,16762,,,false,2
,H`?G?F~,2,16133,,,false,2
,H`?G?F~,3,15714,,,false,2
,H`?G?F~,4,15365,,,false,2
,H`?G?F~,5,15155,,,false,2
,H`?G?F~,6,15365,,,false,2
,H`?G?F~,7,15784,,,false,2
,H`?G?F~,8,15574,,,false,2
,H`?G?F~,9,15924,,,false,2
,H??E\hw,0,29822,,,false,7
,H??E\hw,1,25282,,,false,7
,H??E\hw,2,24374,,,false,7
,H??E\hw,3,24374,,,false,7
,H??E\hw,4,29543,,,false,7
,H??E\hw,5,31079,,,false,7
,H??E\hw,6,24305,,,false,7
,H??E\hw,7,24025,,,false,7
,H??E\hw,8,23955,,,false,7
,H??E\hw,9,23606,,,false,7
,HQG[IVr,0,473590,,,false,8
,HQG[IVr,1,451870,,,false,8
,HQG[IVr,2,457597,,,false,8
,HQG[IVr,3,450334,,,false,8
,HQG[IVr,4,458994,,,false,8
,HQG[IVr,5,442790,,,false,8
,HQG[IVr,6,450124,,,false,8
,HQG[IVr,7,441045,,,false,8
,HQG[IVr,8,454454,,,false,8
,HQG[IVr,9,440766,,,false,8
,HCDlAVr,0,467584,,,false,8
,HCDlAVr,1,469889,,,false,8
,HCDlAVr,2,463394,,,false,8
,HCDlAVr,3,481622,,,false,8
,HCDlAVr,4,470728,,,false,8
,HCDlAVr,5,482390,,,false,8
,HCDlAVr,6,467933,,,false,8
,HCDlAVr,7,489235,,,false,8
,HCDlAVr,8,469401,,,false,8
,HCDlAVr,9,488397,,,false,8
,H`GIkze,0,465699,,,false,8
,H`GIkze,1,463534,,,false,8
,H`GIkze,2,444118,,,false,8
,H`GIkze,3,453057,,,false,8
,H`GIkze,4,440975,,,false,8
,H`GIkze,5,448448,,,false,8
,H`GIkze,6,449705,,,false,8
,H`GIkze,7,443838,,,false,8
,H`GIkze,8,448447,,,false,8
,H`GIkze,9,440835,,,false,8
,HBIEB]],0,481832,,,false,8
,HBIEB]],1,467864,,,false,8
,HBIEB]],2,466537,,,false,8
,HBIEB]],3,457108,,,false,8
,HBIEB]],4,470727,,,false,8
,HBIEB]],5,456828,,,false,8
,HBIEB]],6,470168,,,false,8
,HBIEB]],7,459483,,,false,8
,HBIEB]],8,475546,,,false,8
,HBIEB]],9,464651,,,false,8
,HQD_[Vp,0,481901,,,false,8
,HQD_[Vp,1,457597,,,false,8
,HQD_[Vp,2,459553,,,false,8
,HQD_[Vp,3,453756,,,false,8
,HQD_[Vp,4,449845,,,false,8
,HQD_[Vp,5,446004,,,false,8
,HQD_[Vp,6,447051,,,false,8
,HQD_[Vp,7,461299,,,false,8
,HQD_[Vp,8,453197,,,false,8
,HQD_[Vp,9,447959,,,false,8
,Hs`rY{~,0,450334,,,false,8
,Hs`rY{~,1,456270,,,false,8
,Hs`rY{~,2,438111,,,false,8
,Hs`rY{~,3,443279,,,false,8
,Hs`rY{~,4,435178,,,false,8
,Hs`rY{~,5,444258,,,false,8
,Hs`rY{~,6,433013,,,false,8
,Hs`rY{~,7,435947,,,false,8
,Hs`rY{~,8,445165,,,false,8
,Hs`rY{~,9,435527,,,false,8
,HXNUS|^,0,452848,,,false,8
,HXNUS|^,1,436575,,,false,8
,HXNUS|^,2,451800,,,false,8
,HXNUS|^,3,434060,,,false,8
,HXNUS|^,4,452289,,,false,8
,HXNUS|^,5,447959,,,false,8
,HXNUS|^,6,446004,,,false,8
,HXNUS|^,7,452010,,,false,8
,HXNUS|^,8,445235,,,false,8
,HXNUS|^,9,458645,,,false,8
,HxU_w~N,0,477083,,,false,8
,HxU_w~N,1,465978,,,false,8
,HxU_w~N,2,455223,,,false,8
,HxU_w~N,3,469330,,,false,8
,HxU_w~N,4,453267,,,false,8
,HxU_w~N,5,458715,,,false,8
,HxU_w~N,6,444328,,,false,8
,HxU_w~N,7,455711,,,false,8
,HxU_w~N,8,444187,,,false,8
,HxU_w~N,9,452079,,,false,8
,HoFvQ{~,0,448098,,,false,8
,HoFvQ{~,1,443768,,,false,8
,HoFvQ{~,2,448936,,,false,8
,HoFvQ{~,3,436994,,,false,8
,HoFvQ{~,4,452289,,,false,8
,HoFvQ{~,5,434759,,,false,8
,HoFvQ{~,6,445025,,,false,8
,HoFvQ{~,7,433571,,,false,8
,HoFvQ{~,8,453546,,,false,8
,HoFvQ{~,9,454734,,,false,8
,HqGTY~~,0,491470,,,false,8
,HqGTY~~,1,473940,,,false,8
,HqGTY~~,2,478969,,,false,8
,HqGTY~~,3,466956,,,false,8
,HqGTY~~,4,531279,,,false,8
,HqGTY~~,5,473381,,,false,8
,HqGTY~~,6,472892,,,false,8
,HqGTY~~,7,435527,,,false,8
,HqGTY~~,8,436156,,,false,8
,HqGTY~~,9,471914,,,false,8
,HRAZU^~,0,481343,,,false,8
,HRAZU^~,1,476804,,,false,8
,HRAZU^~,2,466746,,,false,8
,HRAZU^~,3,461229,,,false,8
,HRAZU^~,4,450334,,,false,8
,HRAZU^~,5,473660,,,false,8
,HRAZU^~,6,454734,,,false,8
,HRAZU^~,7,460390,,,false,8
,HRAZU^~,8,446493,,,false,8
,HRAZU^~,9,455641,,,false,8
,HWNVS|^,0,451381,,,false,8
,HWNVS|^,1,452359,,,false,8
,HWNVS|^,2,437832,,,false,8
,HWNVS|^,3,437204,,,false,8
,HWNVS|^,4,451661,,,false,8
,HWNVS|^,5,450892,,,false,8
,HWNVS|^,6,446073,,,false,8
,HWNVS|^,7,439368,,,false,8
,HWNVS|^,8,450333,,,false,8
,HWNVS|^,9,439438,,,false,8
,HoDPV~~,0,487558,,,false,8
,HoDPV~~,1,461927,,,false,8
,HoDPV~~,2,462137,,,false,8
,HoDPV~~,3,450333,,,false,8
,HoDPV~~,4,467445,,,false,8
,HoDPV~~,5,466048,,,false,8
,HoDPV~~,6,464721,,,false,8
,HoDPV~~,7,464441,,,false,8
,HoDPV~~,8,459413,,,false,8
,HoDPV~~,9,473311,,,false,8
,HsOax~~,0,474778,,,false,8
,HsOax~~,1,468771,,,false,8
,HsOax~~,2,454804,,,false,8
,HsOax~~,3,460041,,,false,8
,HsOax~~,4,449007,,,false,8
,HsOax~~,5,462137,,,false,8
,HsOax~~,6,449635,,,false,8
,HsOax~~,7,458784,,,false,8
,HsOax~~,8,446562,,,false,8
,HsOax~~,9,449845,,,false,8
,HqJTY{~,0,455921,,,false,8
,HqJTY{~,1,457667,,,false,8
,HqJTY{~,2,445654,,,false,8
,HqJTY{~,3,438112,,,false,8
,HqJTY{~,4,445584,,,false,8
,HqJTY{~,5,435737,,,false,8
,HqJTY{~,6,448448,,,false,8
,HqJTY{~,7,441255,,,false,8
,HqJTY{~,8,458016,,,false,8
,HqJTY{~,9,441254,,,false,8
,HyGW}mn,0,495800,,,false,8
,HyGW}mn,1,472264,,,false,8
,HyGW}mn,2,474429,,,false,8
,HyGW}mn,3,456340,,,false,8
,HyGW}mn,4,470448,,,false,8
,HyGW}mn,5,471216,,,false,8
,HyGW}mn,6,479527,,,false,8
,HyGW}mn,7,453756,,,false,8
,HyGW}mn,8,457597,,,false,8
,HyGW}mn,9,466188,,,false,8
,H{O_w~~,0,477153,,,false,8
,H{O_w~~,1,473241,,,false,8
,H{O_w~~,2,453616,,,false,8
,H{O_w~~,3,470238,,,false,8
,H{O_w~~,4,458016,,,false,8
,H{O_w~~,5,470378,,,false,8
,H{O_w~~,6,457108,,,false,8
,H{O_w~~,7,465419,,,false,8
,H{O_w~~,8,455572,,,false,8
,H{O_w~~,9,474010,,,false,8
,HqddY{~,0,450962,,,false,8
,HqddY{~,1,447820,,,false,8
,HqddY{~,2,429102,,,false,8
,HqddY{~,3,433641,,,false,8
,HqddY{~,4,458924,,,false,8
,HqddY{~,5,450613,,,false,8
,HqddY{~,6,451520,,,false,8
,HqddY{~,7,440975,,,false,8
,HqddY{~,8,478479,,,false,8
,HqddY{~,9,451521,,,false,8
,Hk`rX}^,0,473241,,,false,8
,Hk`rX}^,1,449425,,,false,8
,Hk`rX}^,2,457597,,,false,8
,Hk`rX}^,3,448727,,,false,8
,Hk`rX}^,4,451800,,,false,8
,Hk`rX}^,5,441184,,,false,8
,Hk`rX}^,6,441534,,,false,8
,Hk`rX}^,7,448238,,,false,8
,Hk`rX}^,8,440765,,,false,8
,Hk`rX}^,9,451661,,,false,8
,H`GO\|},0,357655,,,false,6
,H`GO\|},1,352417,,,false,6
,H`GO\|},2,342359,,,false,6
,H`GO\|},3,339706,,,false,6
,H`GO\|},4,346899,,,false,6
,H`GO\|},5,337331,,,false,6
,H`GO\|},6,330068,,,false,6
,H`GO\|},7,347738,,,false,6
,H`GO\|},8,335725,,,false,6
,H`GO\|},9,335655,,,false,6
,H@?tY~N,0,525902,,,false,8
,H@?tY~N,1,499921,,,false,8
,H@?tY~N,2,516123,,,false,8
,H@?tY~N,3,505158,,,false,8
,H@?tY~N,4,518010,,,false,8
,H@?tY~N,5,507603,,,false,8
,H@?tY~N,6,537146,,,false,8
,H@?tY~N,7,533304,,,false,8
,H@?tY~N,8,532886,,,false,8
,H@?tY~N,9,548670,,,false,8
,H?o_`KV,0,37156,,,false,5
,H?o_`KV,1,30102,,,false,5
,H?o_`KV,2,28914,,,false,5
,H?o_`KV,3,28076,,,false,5
,H?o_`KV,4,28635,,,false,5
,H?o_`KV,5,28216,,,false,5
,H?o_`KV,6,28145,,,false,5
,H?o_`KV,7,27727,,,false,5
,H?o_`KV,8,27657,,,false,5
,H?o_`KV,9,28146,,,false,5
,HWCOOK^,0,24514,,,false,5
,HWCOOK^,1,21930,,,false,5
,HWCOOK^,2,20603,,,false,5
,HWCOOK^,3,21022,,,false,5
,HWCOOK^,4,20463,,,false,5
,HWCOOK^,5,20394,,,false,5
,HWCOOK^,6,20045,,,false,5
,HWCOOK^,7,20184,,,false,5
,HWCOOK^,8,19555,,,false,5
,HWCOOK^,9,19835,,,false,5
,HWC?G{^,0,40578,,,false,5
,HWC?G{^,1,35270,,,false,5
,HWC?G{^,2,27657,,,false,5
,HWC?G{^,3,21022,,,false,5
,HWC?G{^,4,21022,,,false,5
,HWC?G{^,5,30521,,,false,5
,HWC?G{^,6,21371,,,false,5
,HWC?G{^,7,21231,,,false,5
,HWC?G{^,8,20393,,,false,5
,HWC?G{^,9,20533,,,false,5
,HEG?G[n,0,24723,,,false,5
,HEG?G[n,1,23257,,,false,5
,HEG?G[n,2,22419,,,false,5
,HEG?G[n,3,21930,,,false,5
,HEG?G[n,4,21999,,,false,5
,HEG?G[n,5,21441,,,false,5
,HEG?G[n,6,22210,,,false,5
,HEG?G[n,7,21790,,,false,5
,HEG?G[n,8,21511,,,false,5
,HEG?G[n,9,21860,,,false,5
,H??M@_|,0,11873,,,false,3
,H??M@_|,1,9917,,,false,3
,H??M@_|,2,9568,,,false,3
,H??M@_|,3,9498,,,false,3
,H??M@_|,4,9149,,,false,3
,H??M@_|,5,9429,,,false,3
,H??M@_|,6,10476,,,false,3
,H??M@_|,7,9498,,,false,3
,H??M@_|,8,9080,,,false,3
,H??M@_|,9,9149,,,false,3
,HWCOg[N,0,23606,,,false,5
,HWCOg[N,1,21511,,,false,5
,HWCOg[N,2,20603,,,false,5
,HWCOg[N,3,20533,,,false,5
,HWCOg[N,4,20393,,,false,5
,HWCOg[N,5,20464,,,false,5
,HWCOg[N,6,20533,,,false,5
,HWCOg[N,7,20114,,,false,5
,HWCOg[N,8,20394,,,false,5
,HWCOg[N,9,20323,,,false,5
,H@h^~z|,0,494682,,,false,8
,H@h^~z|,1,458366,,,false,8
,H@h^~z|,2,486790,,,false,8
,H@h^~z|,3,478969,,,false,8
,H@h^~z|,4,479737,,,false,8
,H@h^~z|,5,450124,,,false,8
,H@h^~z|,6,469191,,,false,8
,H@h^~z|,7,463394,,,false,8
,H@h^~z|,8,469330,,,false,8
,H@h^~z|,9,452429,,,false,8
,HIG^~z|,0,475407,,,false,8
,HIG^~z|,1,462905,,,false,8
,HIG^~z|,2,460460,,,false,8
,HIG^~z|,3,450892,,,false,8
,HIG^~z|,4,457248,,,false,8
,HIG^~z|,5,467724,,,false,8
,HIG^~z|,6,455712,,,false,8
,HIG^~z|,7,465210,,,false,8
,HIG^~z|,8,455223,,,false,8
,HIG^~z|,9,482600,,,false,8
,H@G^~z|,0,499432,,,false,8
,H@G^~z|,1,504391,,,false,8
,H@G^~z|,2,493356,,,false,8
,H@G^~z|,3,503203,,,false,8
,H@G^~z|,4,493635,,,false,8
,H@G^~z|,5,504320,,,false,8
,H@G^~z|,6,481063,,,false,8
,H@G^~z|,7,503831,,,false,8
,H@G^~z|,8,493914,,,false,8
,H@G^~z|,9,486651,,,false,8
,H@Jy~vz,0,474079,,,false,8
,H@Jy~vz,1,488676,,,false,8
,H@Jy~vz,2,470029,,,false,8
,H@Jy~vz,3,482879,,,false,8
,H@Jy~vz,4,470796,,,false,8
,H@Jy~vz,5,479946,,,false,8
,H@Jy~vz,6,478200,,,false,8
,H@Jy~vz,7,491260,,,false,8
,H@Jy~vz,8,466048,,,false,8
,H@Jy~vz,9,482600,,,false,8
,HZWx}~^,0,474149,,,false,8
,HZWx}~^,1,485952,,,false,8
,HZWx}~^,2,470308,,,false,8
,HZWx}~^,3,487070,,,false,8
,HZWx}~^,4,472892,,,false,8
,HZWx}~^,5,481971,,,false,8
,HZWx}~^,6,472822,,,false,8
,HZWx}~^,7,488537,,,false,8
,HZWx}~^,8,472683,,,false,8
,HZWx}~^,9,490003,,,false,8
,H?df~z|,0,496289,,,false,8
,H?df~z|,1,499502,,,false,8
,H?df~z|,2,481622,,,false,8
,H?df~z|,3,487000,,,false,8
,H?df~z|,4,463254,,,false,8
,H?df~z|,5,478060,,,false,8
,H?df~z|,6,469121,,,false,8
,H?df~z|,7,479737,,,false,8
,H?df~z|,8,469051,,,false,8
,H?df~z|,9,476594,,,false,8
,H??GVnu,0,27098,,,false,5
,H??GVnu,1,21372,,,false,5
,H??GVnu,2,20882,,,false,5
,H??GVnu,3,20952,,,false,5
,H??GVnu,4,20813,,,false,5
,H??GVnu,5,20394,,,false,5
,H??GVnu,6,20603,,,false,5
,H??GVnu,7,20533,,,false,5
,H??GVnu,8,20952,,,false,5
,H??GVnu,9,20323,,,false,5
,H??WvNe,0,23816,,,false,7
,H??WvNe,1,21162,,,false,7
,H??WvNe,2,21232,,,false,7
,H??WvNe,3,21232,,,false,7
,H??WvNe,4,21162,,,false,7
,H??WvNe,5,21092,,,false,7
,H??WvNe,6,21441,,,false,7
,H??WvNe,7,20323,,,false,7
,H??WvNe,8,21092,,,false,7
,H??WvNe,9,21022,,,false,7
,H@GWuNE,0,115377,,,false,5
,H@GWuNE,1,99733,,,false,5
,H@GWuNE,2,94006,,,false,5
,H@GWuNE,3,103504,,,false,5
,H@GWuNE,4,93447,,,false,5
,H@GWuNE,5,92749,,,false,5
,H@GWuNE,6,95402,,,false,5
,H@GWuNE,7,95332,,,false,5
,H@GWuNE,8,91910,,,false,5
,H@GWuNE,9,92959,,,false,5
,H?PD`y{,0,145618,,,false,5
,H?PD`y{,1,134374,,,false,5
,H?PD`y{,2,133605,,,false,5
,H?PD`y{,3,122082,,,false,5
,H?PD`y{,4,126482,,,false,5
,H?PD`y{,5,125434,,,false,5
,H?PD`y{,6,125295,,,false,5
,H?PD`y{,7,124945,,,false,5
,H?PD`y{,8,126412,,,false,5
,H?PD`y{,9,122012,,,false,5
,HC`A@{},0,122780,,,false,5
,HC`A@{},1,116914,,,false,5
,HC`A@{},2,114469,,,false,5
,HC`A@{},3,112583,,,false,5
,HC`A@{},4,107136,,,false,5
,HC`A@{},5,109231,,,false,5
,HC`A@{},6,108253,,,false,5
,HC`A@{},7,111186,,,false,5
,HC`A@{},8,118310,,,false,5
,HC`A@{},9,115657,,,false,5
,HAGWuMe,0,160006,,,false,7
,HAGWuMe,1,148970,,,false,7
,HAGWuMe,2,141357,,,false,7
,HAGWuMe,3,139612,,,false,7
,HAGWuMe,4,139472,,,false,7
,HAGWuMe,5,142545,,,false,7
,HAGWuMe,6,134164,,,false,7
,HAGWuMe,7,138703,,,false,7
,HAGWuMe,8,133745,,,false,7
,HAGWuMe,9,137237,,,false,7
,H??CZz{,0,91422,,,false,6
,H??CZz{,1,81505,,,false,6
,H??CZz{,2,78990,,,false,6
,H??CZz{,3,88908,,,false,6
,H??CZz{,4,78641,,,false,6
,H??CZz{,5,78082,,,false,6
,H??CZz{,6,77454,,,false,6
,H??CZz{,7,78152,,,false,6
,H??CZz{,8,78362,,,false,6
,H??CZz{,9,77733,,,false,6
,H??CzZ{,0,198488,,,false,6
,H??CzZ{,1,188920,,,false,6
,H??CzZ{,2,200443,,,false,6
,H??CzZ{,3,191853,,,false,6
,H??CzZ{,4,190526,,,false,6
,H??CzZ{,5,189758,,,false,6
,H??CzZ{,6,190875,,,false,6
,H??CzZ{,7,205332,,,false,6
,H??CzZ{,8,191922,,,false,6
,H??CzZ{,9,191992,,,false,6
,H?GXMfY,0,72565,,,false,7
,H?GXMfY,1,63416,,,false,7
,H?GXMfY,2,61041,,,false,7
,H?GXMfY,3,59574,,,false,7
,H?GXMfY,4,59434,,,false,7
,H?GXMfY,5,58177,,,false,7
,H?GXMfY,6,67746,,,false,7
,H?GXMfY,7,58597,,,false,7
,H?GXMfY,8,58177,,,false,7
,H?GXMfY,9,56780,,,false,7
,H?d_\dq,0,283833,,,false,7
,H?d_\dq,1,277268,,,false,7
,H?d_\dq,2,286208,,,false,7
,H?d_\dq,3,268538,,,false,7
,H?d_\dq,4,261903,,,false,7
,H?d_\dq,5,263719,,,false,7
,H?d_\dq,6,274405,,,false,7
,H?d_\dq,7,261903,,,false,7
,H?d_\dq,8,260087,,,false,7
,H?d_\dq,9,266023,,,false,7
,H?Ma_^p,0,510746,,,false,8
,H?Ma_^p,1,498733,,,false,8
,H?Ma_^p,2,483717,,,false,8
,H?Ma_^p,3,485673,,,false,8
,H?Ma_^p,4,485673,,,false,8
,H?Ma_^p,5,481902,,,false,8
,H?Ma_^p,6,482321,,,false,8
,H?Ma_^p,7,496079,,,false,8
,H?Ma_^p,8,488117,,,false,8
,H?Ma_^p,9,498034,,,false,8
,H?GcyzS,0,78990,,,false,7
,H?GcyzS,1,69562,,,false,7
,H?GcyzS,2,62997,,,false,7
,H?GcyzS,3,61879,,,false,7
,H?GcyzS,4,61530,,,false,7
,H?GcyzS,5,62019,,,false,7
,H?GcyzS,6,61530,,,false,7
,H?GcyzS,7,62717,,,false,7
,H?GcyzS,8,63206,,,false,7
,H?GcyzS,9,60482,,,false,7
,H@@HKvY,0,87650,,,false,7
,H@@HKvY,1,78989,,,false,7
,H@@HKvY,2,83949,,,false,7
,H@@HKvY,3,74729,,,false,7
,H@@HKvY,4,74520,,,false,7
,H@@HKvY,5,74381,,,false,7
,H@@HKvY,6,73473,,,false,7
,H@@HKvY,7,73612,,,false,7
,H@@HKvY,8,73822,,,false,7
,H@@HKvY,9,73472,,,false,7
,H?`E@{},0,87371,,,false,6
,H?`E@{},1,78780,,,false,6
,H?`E@{},2,76685,,,false,6
,H?`E@{},3,75289,,,false,6
,H?`E@{},4,74590,,,false,6
,H?`E@{},5,83040,,,false,6
,H?`E@{},6,74799,,,false,6
,H?`E@{},7,74729,,,false,6
,H?`E@{},8,74799,,,false,6
,H?`E@{},9,74520,,,false,6
,H?GWuNe,0,32686,,,false,7
,H?GWuNe,1,28076,,,false,7
,H?GWuNe,2,27587,,,false,7
,H?GWuNe,3,26610,,,false,7
,H?GWuNe,4,26679,,,false,7
,H?GWuNe,5,26680,,,false,7
,H?GWuNe,6,26679,,,false,7
,H?GWuNe,7,27168,,,false,7
,H?GWuNe,8,27098,,,false,7
,H?GWuNe,9,26958,,,false,7
,H??E\x{,0,89605,,,false,6
,H??E\x{,1,81155,,,false,6
,H??E\x{,2,89117,,,false,6
,H??E\x{,3,79200,,,false,6
,H??E\x{,4,78292,,,false,6
,H??E\x{,5,78222,,,false,6
,H??E\x{,6,78292,,,false,6
,H??E\x{,7,78641,,,false,6
,H??E\x{,8,77943,,,false,6
,H??E\x{,9,78501,,,false,6
,HBX@CmM,0,515215,,,false,8
,HBX@CmM,1,523875,,,false,8
,HBX@CmM,2,522409,,,false,8
,HBX@CmM,3,496778,,,false,8
,HBX@CmM,4,513819,,,false,8
,HBX@CmM,5,502994,,,false,8
,HBX@CmM,6,561939,,,false,8
,HBX@CmM,7,493914,,,false,8
,HBX@CmM,8,501946,,,false,8
,HBX@CmM,9,462276,,,false,8
,H??sQS~,0,36876,,,false,3
,H??sQS~,1,31009,,,false,3
,H??sQS~,2,29124,,,false,3
,H??sQS~,3,28704,,,false,3
,H??sQS~,4,27726,,,false,3
,H??sQS~,5,37085,,,false,3
,H??sQS~,6,27098,,,false,3
,H??sQS~,7,28146,,,false,3
,H??sQS~,8,29054,,,false,3
,H??sQS~,9,28565,,,false,3
,HBDj]}~,0,540149,,,false,8
,HBDj]}~,1,535190,,,false,8
,HBDj]}~,2,500968,,,false,8
,HBDj]}~,3,516822,,,false,8
,HBDj]}~,4,508092,,,false,8
,HBDj]}~,5,517800,,,false,8
,HBDj]}~,6,497476,,,false,8
,HBDj]}~,7,507394,,,false,8
,HBDj]}~,8,502435,,,false,8
,HBDj]}~,9,517171,,,false,8
,H??sQSv,0,37295,,,false,3
,H??sQSv,1,31009,,,false,3
,H??sQSv,2,28705,,,false,3
,H??sQSv,3,27727,,,false,3
,H??sQSv,4,27936,,,false,3
,H??sQSv,5,27028,,,false,3
,H??sQSv,6,27168,,,false,3
,H??sQSv,7,27169,,,false,3
,H??sQSv,8,27168,,,false,3
,H??sQSv,9,27657,,,false,3
,HBdj]}~,0,484835,,,false,8
,HBdj]}~,1,471775,,,false,8
,HBdj]}~,2,489933,,,false,8
,HBdj]}~,3,459273,,,false,8
,HBdj]}~,4,477362,,,false,8
,HBdj]}~,5,466607,,,false,8
,HBdj]}~,6,483229,,,false,8
,HBdj]}~,7,473800,,,false,8
,HBdj]}~,8,493704,,,false,8
,HBdj]}~,9,485743,,,false,8
,H@?M@z},0,47143,,,false,6
,H@?M@z},1,41137,,,false,6
,H@?M@z},2,38552,,,false,6
,H@?M@z},3,37225,,,false,6
,H@?M@z},4,36108,,,false,6
,H@?M@z},5,36108,,,false,6
,H@?M@z},6,35759,,,false,6
,H@?M@z},7,36178,,,false,6
,H@?M@z},8,45956,,,false,6
,H@?M@z},9,36597,,,false,6
,HhKpY|^,0,396905,,,false,7
,HhKpY|^,1,385521,,,false,7
,HhKpY|^,2,392645,,,false,7
,HhKpY|^,3,374975,,,false,7
,HhKpY|^,4,377140,,,false,7
,HhKpY|^,5,383496,,,false,7
,HhKpY|^,6,385242,,,false,7
,HhKpY|^,7,395578,,,false,7
,HhKpY|^,8,366944,,,false,7
,HhKpY|^,9,363032,,,false,7
,H??ZXzR,0,75218,,,false,7
,H??ZXzR,1,57968,,,false,7
,H??ZXzR,2,55384,,,false,7
,H??ZXzR,3,54825,,,false,7
,H??ZXzR,4,53847,,,false,7
,H??ZXzR,5,53848,,,false,7
,H??ZXzR,6,53498,,,false,7
,H??ZXzR,7,53498,,,false,7
,H??ZXzR,8,53498,,,false,7
,H??ZXzR,9,53568,,,false,7
,H?CmJs},0,125434,,,false,6
,H?CmJs},1,120056,,,false,6
,H?CmJs},2,115168,,,false,6
,H?CmJs},3,117403,,,false,6
,H?CmJs},4,107764,,,false,6
,H?CmJs},5,111745,,,false,6
,H?CmJs},6,111605,,,false,6
,H?CmJs},7,107415,,,false,6
,H?CmJs},8,111396,,,false,6
,H?CmJs},9,112024,,,false,6
,H_GZCcN,0,34781,,,false,7
,H_GZCcN,1,28565,,,false,7
,H_GZCcN,2,27098,,,false,7
,H_GZCcN,3,26958,,,false,7
,H_GZCcN,4,26749,,,false,7
,H_GZCcN,5,36667,,,false,7
,H_GZCcN,6,27168,,,false,7
,H_GZCcN,7,26749,,,false,7
,H_GZCcN,8,26609,,,false,7
,H_GZCcN,9,26680,,,false,7
,HC`PhPH,0,62647,,,false,7
,HC`PhPH,1,53847,,,false,7
,HC`PhPH,2,51473,,,false,7
,HC`PhPH,3,50495,,,false,7
,HC`PhPH,4,50426,,,false,7
,HC`PhPH,5,50355,,,false,7
,HC`PhPH,6,50564,,,false,7
,HC`PhPH,7,50215,,,false,7
,HC`PhPH,8,51124,,,false,7
,HC`PhPH,9,50565,,,false,7
,H`EBH[^,0,103923,,,false,6
,H`EBH[^,1,94913,,,false,6
,H`EBH[^,2,100710,,,false,6
,H`EBH[^,3,90095,,,false,6
,H`EBH[^,4,90374,,,false,6
,H`EBH[^,5,89885,,,false,6
,H`EBH[^,6,89606,,,false,6
,H`EBH[^,7,89676,,,false,6
,H`EBH[^,8,89187,,,false,6
,H`EBH[^,9,89606,,,false,6
,HKCYPMN,0,179560,,,false,6
,HKCYPMN,1,183122,,,false,6
,HKCYPMN,2,167897,,,false,6
,HKCYPMN,3,161193,,,false,6
,HKCYPMN,4,160355,,,false,6
,HKCYPMN,5,158259,,,false,6
,HKCYPMN,6,159377,,,false,6
,HKCYPMN,7,168665,,,false,6
,HKCYPMN,8,159168,,,false,6
,HKCYPMN,9,159447,,,false,6
,H`KpYmN,0,362474,,,false,6
,H`KpYmN,1,362753,,,false,6
,H`KpYmN,2,352557,,,false,6
,H`KpYmN,3,349134,,,false,6
,H`KpYmN,4,357445,,,false,6
,H`KpYmN,5,344455,,,false,6
,H`KpYmN,6,346270,,,false,6
,H`KpYmN,7,358493,,,false,6
,H`KpYmN,8,350601,,,false,6
,H`KpYmN,9,362404,,,false,6
,H??yuij,0,143173,,,false,7
,H??yuij,1,130742,,,false,7
,H??yuij,2,126412,,,false,7
,H??yuij,3,124177,,,false,7
,H??yuij,4,119218,,,false,7
,H??yuij,5,122640,,,false,7
,H??yuij,6,124945,,,false,7
,H??yuij,7,121174,,,false,7
,H??yuij,8,121593,,,false,7
,H??yuij,9,116564,,,false,7
,H?@[|hj,0,281529,,,false,7
,H?@[|hj,1,270144,,,false,7
,H?@[|hj,2,278036,,,false,7
,H?@[|hj,3,263789,,,false,7
,H?@[|hj,4,261834,,,false,7
,H?@[|hj,5,268677,,,false,7
,H?@[|hj,6,254779,,,false,7
,H?@[|hj,7,254709,,,false,7
,H?@[|hj,8,259039,,,false,7
,H?@[|hj,9,266163,,,false,7
,H?Cjc~M,0,61879,,,false,7
,H?Cjc~M,1,55174,,,false,7
,H?Cjc~M,2,52381,,,false,7
,H?Cjc~M,3,50844,,,false,7
,H?Cjc~M,4,51053,,,false,7
,H?Cjc~M,5,51123,,,false,7
,H?Cjc~M,6,50774,,,false,7
,H?Cjc~M,7,50774,,,false,7
,H?Cjc~M,8,50215,,,false,7
,H?Cjc~M,9,50495,,,false,7
,H?JIp}u,0,127878,,,false,7
,H?JIp}u,1,122501,,,false,7
,H?JIp}u,2,114400,,,false,7
,H?JIp}u,3,118799,,,false,7
,H?JIp}u,4,115377,,,false,7
,H?JIp}u,5,111466,,,false,7
,H?JIp}u,6,114819,,,false,7
,H?JIp}u,7,115167,,,false,7
,H?JIp}u,8,110628,,,false,7
,H?JIp}u,9,114888,,,false,7
,HGBTXxZ,0,266303,,,false,7
,HGBTXxZ,1,248912,,,false,7
,HGBTXxZ,2,249891,,,false,7
,HGBTXxZ,3,253243,,,false,7
,HGBTXxZ,4,242208,,,false,7
,HGBTXxZ,5,238227,,,false,7
,HGBTXxZ,6,241789,,,false,7
,HGBTXxZ,7,240462,,,false,7
,HGBTXxZ,8,239484,,,false,7
,HGBTXxZ,9,237109,,,false,7
,H_KqlRF,0,487070,,,false,8
,H_KqlRF,1,458924,,,false,8
,H_KqlRF,2,459832,,,false,8
,H_KqlRF,3,471495,,,false,8
,H_KqlRF,4,472753,,,false,8
,H_KqlRF,5,472124,,,false,8
,H_KqlRF,6,460042,,,false,8
,H_KqlRF,7,475197,,,false,8
,H_KqlRF,8,466746,,,false,8
,H_KqlRF,9,475686,,,false,8
,H@`@pnK,0,82063,,,false,5
,H@`@pnK,1,73752,,,false,5
,H@`@pnK,2,72145,,,false,5
,H@`@pnK,3,71168,,,false,5
,H@`@pnK,4,71447,,,false,5
,H@`@pnK,5,70888,,,false,5
,H@`@pnK,6,70959,,,false,5
,H@`@pnK,7,71028,,,false,5
,H@`@pnK,8,71028,,,false,5
,H@`@pnK,9,81225,,,false,5
,HqG?g^{,0,480085,,,false,8
,HqG?g^{,1,482600,,,false,8
,HqG?g^{,2,461019,,,false,8
,HqG?g^{,3,467095,,,false,8
,HqG?g^{,4,454733,,,false,8
,HqG?g^{,5,445375,,,false,8
,HqG?g^{,6,460530,,,false,8
,HqG?g^{,7,450823,,,false,8
,HqG?g^{,8,466048,,,false,8
,HqG?g^{,9,452499,,,false,8
,HqGOW^p,0,478969,,,false,8
,HqGOW^p,1,448518,,,false,8
,HqGOW^p,2,451730,,,false,8
,HqGOW^p,3,443000,,,false,8
,HqGOW^p,4,451172,,,false,8
,HqGOW^p,5,441324,,,false,8
,HqGOW^p,6,440765,,,false,8
,HqGOW^p,7,455013,,,false,8
,HqGOW^p,8,454315,,,false,8
,HqGOW^p,9,467584,,,false,8
,HoKQG^o,0,465768,,,false,8
,HoKQG^o,1,467863,,,false,8
,HoKQG^o,2,457806,,,false,8
,HoKQG^o,3,469888,,,false,8
,HoKQG^o,4,462206,,,false,8
,HoKQG^o,5,469540,,,false,8
,HoKQG^o,6,470517,,,false,8
,HoKQG^o,7,480644,,,false,8
,HoKQG^o,8,457458,,,false,8
,HoKQG^o,9,510885,,,false,8
,H_hPOno,0,483787,,,false,8
,H_hPOno,1,481832,,,false,8
,H_hPOno,2,449914,,,false,8
,H_hPOno,3,459692,,,false,8
,H_hPOno,4,446213,,,false,8
,H_hPOno,5,449426,,,false,8
,H_hPOno,6,441254,,,false,8
,H_hPOno,7,441185,,,false,8
,H_hPOno,8,470727,,,false,8
,H_hPOno,9,449705,,,false,8
,H?qi`fo,0,493845,,,false,8
,H?qi`fo,1,450404,,,false,8
,H?qi`fo,2,457597,,,false,8
,H?qi`fo,3,452289,,,false,8
,H?qi`fo,4,459413,,,false,8
,H?qi`fo,5,446283,,,false,8
,H?qi`fo,6,459134,,,false,8
,H?qi`fo,7,451870,,,false,8
,H?qi`fo,8,458924,,,false,8
,H?qi`fo,9,464441,,,false,8
